id,timestamp,acc_x,acc_y,acc_z,gyro_x,gyro_y,gyro_z
1,2026-05-11 16:10:22.171321,0.6647339,0.33648303,2.134088,2.0755675,3.6749654,-1.4498887
2,2026-05-11 16:10:22.181492,0.6647339,0.33648303,2.134088,2.0755675,3.6749654,-1.4498887
3,2026-05-11 16:10:22.184563,0.6647339,0.33648303,2.134088,2.0755675,3.6749654,-1.4498887
4,2026-05-11 16:10:22.187390,0.6647339,0.33648303,2.134088,2.0755675,3.6749654,-1.4498887
5,2026-05-11 16:10:22.190078,0.6647339,0.33648303,2.134088,2.0755675,3.6749654,-1.4498887
6,2026-05-11 16:10:22.192783,0.6647339,0.33648303,2.134088,2.0755675,3.6749654,-1.4498887
7,2026-05-11 16:10:22.195656,0.6647339,0.33648303,2.134088,2.0755675,3.6749654,-1.4498887
8,2026-05-11 16:10:22.198583,0.55838627,0.29056573,2.1203678,2.0755675,3.6749654,-1.4498887
9,2026-05-11 16:10:22.201948,0.55838627,0.29056573,2.1203678,2.0755675,3.6749654,-1.4498887
10,2026-05-11 16:10:22.204827,0.55838627,0.29056573,2.1203678,2.0755675,3.6749654,-1.4498887
11,2026-05-11 16:10:22.207742,0.55838627,0.29056573,2.1203678,2.4987442,3.583641,-1.529912
12,2026-05-11 16:10:22.210482,0.55838627,0.29056573,2.1203678,2.4987442,3.583641,-1.529912
13,2026-05-11 16:10:22.213155,0.55838627,0.29056573,2.1203678,2.4987442,3.583641,-1.529912
14,2026-05-11 16:10:22.215739,0.55838627,0.29056573,2.1203678,2.4987442,3.583641,-1.529912
15,2026-05-11 16:10:22.218923,0.55838627,0.29056573,2.1203678,2.4987442,3.583641,-1.529912
16,2026-05-11 16:10:22.221622,0.55838627,0.29056573,2.1203678,2.4987442,3.583641,-1.529912
17,2026-05-11 16:10:22.224337,0.55838627,0.29056573,2.1203678,2.4987442,3.583641,-1.529912
18,2026-05-11 16:10:22.226919,0.55838627,0.29056573,2.1203678,2.4987442,3.583641,-1.529912
19,2026-05-11 16:10:22.229721,0.55838627,0.29056573,2.1203678,2.4987442,3.583641,-1.529912
20,2026-05-11 16:10:22.232318,0.55838627,0.29056573,2.1203678,2.4987442,3.583641,-1.529912
21,2026-05-11 16:10:22.236527,0.55838627,0.29056573,2.1203678,2.4987442,3.583641,-1.529912
22,2026-05-11 16:10:22.239327,0.55838627,0.29056573,2.1203678,2.4987442,3.583641,-1.529912
23,2026-05-11 16:10:22.241978,0.55838627,0.29056573,2.1203678,2.4987442,3.583641,-1.529912
24,2026-05-11 16:10:22.244835,0.55838627,0.29056573,2.1203678,2.4987442,3.583641,-1.529912
25,2026-05-11 16:10:22.247584,0.55838627,0.29056573,2.1203678,2.4987442,3.583641,-1.529912
26,2026-05-11 16:10:22.250929,0.55838627,0.29056573,2.1203678,2.4987442,3.583641,-1.529912
27,2026-05-11 16:10:22.253717,0.55838627,0.29056573,2.1203678,2.4987442,3.583641,-1.529912
28,2026-05-11 16:10:22.256296,0.55838627,0.29056573,2.1203678,2.4987442,3.583641,-1.529912
29,2026-05-11 16:10:22.259021,0.55838627,0.29056573,2.1203678,2.4987442,3.583641,-1.529912
30,2026-05-11 16:10:22.261582,0.55838627,0.29056573,2.1203678,2.4987442,3.583641,-1.529912
31,2026-05-11 16:10:22.264416,0.55838627,0.29056573,2.1203678,2.4987442,3.583641,-1.529912
32,2026-05-11 16:10:22.267445,0.55838627,0.29056573,2.1203678,2.4987442,3.583641,-1.529912
33,2026-05-11 16:10:22.270146,0.55838627,0.29056573,2.1203678,2.4987442,3.583641,-1.529912
34,2026-05-11 16:10:22.272725,0.55838627,0.29056573,2.1203678,2.4987442,3.583641,-1.529912
35,2026-05-11 16:10:22.275323,0.55838627,0.29056573,2.1203678,2.4987442,3.583641,-1.529912
36,2026-05-11 16:10:22.278125,0.55838627,0.29056573,2.1203678,2.4987442,3.583641,-1.529912
37,2026-05-11 16:10:22.280739,0.55838627,0.29056573,2.1203678,2.4987442,3.583641,-1.529912
38,2026-05-11 16:10:22.284180,0.55838627,0.29056573,2.1203678,2.4987442,3.583641,-1.529912
39,2026-05-11 16:10:22.287127,0.55838627,0.29056573,2.1203678,2.4987442,3.583641,-1.529912
40,2026-05-11 16:10:22.289777,0.55838627,0.29056573,2.1203678,2.4987442,3.583641,-1.529912
41,2026-05-11 16:10:22.292349,0.55838627,0.29056573,2.1203678,2.4987442,3.583641,-1.529912
42,2026-05-11 16:10:22.295303,0.55838627,0.29056573,2.1203678,2.4987442,3.583641,-1.529912
43,2026-05-11 16:10:22.298116,0.55838627,0.29056573,2.1203678,2.4987442,3.583641,-1.529912
44,2026-05-11 16:10:22.301121,0.55838627,0.29056573,2.1203678,2.4987442,3.583641,-1.529912
45,2026-05-11 16:10:22.303771,0.55838627,0.29056573,2.1203678,2.4987442,3.583641,-1.529912
46,2026-05-11 16:10:22.306532,0.55838627,0.29056573,2.1203678,2.4987442,3.583641,-1.529912
47,2026-05-11 16:10:22.309115,0.55838627,0.29056573,2.1203678,2.4987442,3.583641,-1.529912
48,2026-05-11 16:10:22.311685,0.55838627,0.29056573,2.1203678,2.4987442,3.583641,-1.529912
49,2026-05-11 16:10:22.314217,0.55838627,0.29056573,2.1203678,2.4987442,3.583641,-1.529912
50,2026-05-11 16:10:22.317061,0.55838627,0.29056573,2.1203678,2.4987442,3.583641,-1.529912
51,2026-05-11 16:10:22.319936,0.55838627,0.29056573,2.1203678,2.4987442,3.583641,-1.529912
52,2026-05-11 16:10:22.322523,0.55838627,0.29056573,2.1203678,2.4987442,3.583641,-1.529912
53,2026-05-11 16:10:22.325075,0.55838627,0.29056573,2.1203678,2.4987442,3.583641,-1.529912
54,2026-05-11 16:10:22.327802,0.55838627,0.29056573,2.1203678,2.4987442,3.583641,-1.529912
55,2026-05-11 16:10:22.330363,0.55838627,0.29056573,2.1203678,2.4987442,3.583641,-1.529912
56,2026-05-11 16:10:22.333362,0.55838627,0.29056573,2.1203678,2.4987442,3.583641,-1.529912
57,2026-05-11 16:10:22.336228,0.55838627,0.29056573,2.1203678,2.4987442,3.583641,-1.529912
58,2026-05-11 16:10:22.338819,0.55838627,0.29056573,2.1203678,2.4987442,3.583641,-1.529912
59,2026-05-11 16:10:22.341433,0.550215,0.22983049,2.0773163,2.4987442,3.583641,-1.529912
60,2026-05-11 16:10:22.344213,0.550215,0.22983049,2.0773163,2.4987442,3.583641,-1.529912
61,2026-05-11 16:10:22.346807,0.550215,0.22983049,2.0773163,2.4987442,3.583641,-1.529912
62,2026-05-11 16:10:22.349813,0.550215,0.22983049,2.0773163,2.4987442,3.583641,-1.529912
63,2026-05-11 16:10:22.352924,0.550215,0.22983049,2.0773163,2.4987442,3.583641,-1.529912
64,2026-05-11 16:10:22.355564,0.550215,0.22983049,2.0773163,2.4987442,3.583641,-1.529912
65,2026-05-11 16:10:22.358115,0.550215,0.22983049,2.0773163,2.4987442,3.583641,-1.529912
66,2026-05-11 16:10:22.360943,0.550215,0.22983049,2.0773163,2.4987442,3.583641,-1.529912
67,2026-05-11 16:10:22.363556,0.550215,0.22983049,2.0773163,2.4987442,3.583641,-1.529912
68,2026-05-11 16:10:22.366197,0.550215,0.22983049,2.0773163,2.4987442,3.583641,-1.529912
69,2026-05-11 16:10:22.369590,0.550215,0.22983049,2.0773163,2.4987442,3.583641,-1.529912
70,2026-05-11 16:10:22.372282,0.550215,0.22983049,2.0773163,2.4987442,3.583641,-1.529912
71,2026-05-11 16:10:22.374859,0.550215,0.22983049,2.0773163,2.4987442,3.583641,-1.529912
72,2026-05-11 16:10:22.377440,0.550215,0.22983049,2.0773163,2.4987442,3.583641,-1.529912
73,2026-05-11 16:10:22.380202,0.550215,0.22983049,2.0773163,2.4987442,3.583641,-1.529912
74,2026-05-11 16:10:22.383511,0.550215,0.22983049,2.0773163,2.4987442,3.583641,-1.529912
75,2026-05-11 16:10:22.386462,0.550215,0.22983049,2.0773163,2.4987442,3.583641,-1.529912
76,2026-05-11 16:10:22.389222,0.550215,0.22983049,2.0773163,2.4987442,3.583641,-1.529912
77,2026-05-11 16:10:22.391950,0.550215,0.22983049,2.0773163,2.4987442,3.583641,-1.529912
78,2026-05-11 16:10:22.394542,0.550215,0.22983049,2.0773163,2.4987442,3.583641,-1.529912
79,2026-05-11 16:10:22.397245,0.550215,0.22983049,2.0773163,2.4987442,3.583641,-1.529912
80,2026-05-11 16:10:22.400193,0.550215,0.22983049,2.0773163,2.4987442,3.583641,-1.529912
81,2026-05-11 16:10:22.403347,0.550215,0.22983049,2.0773163,2.4987442,3.583641,-1.529912
82,2026-05-11 16:10:22.405940,0.550215,0.22983049,2.0773163,2.4987442,3.583641,-1.529912
83,2026-05-11 16:10:22.408789,0.550215,0.22983049,2.0773163,3.2511775,3.4715471,-1.4764613
84,2026-05-11 16:10:22.411464,0.550215,0.22983049,2.0773163,3.2511775,3.4715471,-1.4764613
85,2026-05-11 16:10:22.414126,0.550215,0.22983049,2.0773163,3.2511775,3.4715471,-1.4764613
86,2026-05-11 16:10:22.417260,0.550215,0.22983049,2.0773163,3.2511775,3.4715471,-1.4764613
87,2026-05-11 16:10:22.420049,0.550215,0.22983049,2.0773163,3.2511775,3.4715471,-1.4764613
88,2026-05-11 16:10:22.422630,0.550215,0.22983049,2.0773163,3.2511775,3.4715471,-1.4764613
89,2026-05-11 16:10:22.425406,0.550215,0.22983049,2.0773163,3.2511775,3.4715471,-1.4764613
90,2026-05-11 16:10:22.428089,0.550215,0.22983049,2.0773163,3.2511775,3.4715471,-1.4764613
91,2026-05-11 16:10:22.430835,0.550215,0.22983049,2.0773163,3.2511775,3.4715471,-1.4764613
92,2026-05-11 16:10:22.433819,0.550215,0.22983049,2.0773163,3.2511775,3.4715471,-1.4764613
93,2026-05-11 16:10:22.436599,0.550215,0.22983049,2.0773163,3.2511775,3.4715471,-1.4764613
94,2026-05-11 16:10:22.439271,0.550215,0.22983049,2.0773163,3.2511775,3.4715471,-1.4764613
95,2026-05-11 16:10:22.441925,0.550215,0.22983049,2.0773163,3.2511775,3.4715471,-1.4764613
96,2026-05-11 16:10:22.444539,0.550215,0.22983049,2.0773163,3.2511775,3.4715471,-1.4764613
97,2026-05-11 16:10:22.447081,0.550215,0.22983049,2.0773163,3.2511775,3.4715471,-1.4764613
98,2026-05-11 16:10:22.450077,0.550215,0.22983049,2.0773163,3.2511775,3.4715471,-1.4764613
99,2026-05-11 16:10:22.452829,0.550215,0.22983049,2.0773163,3.2511775,3.4715471,-1.4764613
100,2026-05-11 16:10:22.455637,0.550215,0.22983049,2.0773163,3.2511775,3.4715471,-1.4764613
101,2026-05-11 16:10:22.458314,0.550215,0.22983049,2.0773163,3.2511775,3.4715471,-1.4764613
102,2026-05-11 16:10:22.460964,0.550215,0.22983049,2.0773163,3.2511775,3.4715471,-1.4764613
103,2026-05-11 16:10:22.463653,0.550215,0.22983049,2.0773163,3.2511775,3.4715471,-1.4764613
104,2026-05-11 16:10:22.466703,0.550215,0.22983049,2.0773163,3.2511775,3.4715471,-1.4764613
105,2026-05-11 16:10:22.469608,0.550215,0.22983049,2.0773163,3.2511775,3.4715471,-1.4764613
106,2026-05-11 16:10:22.472193,0.550215,0.22983049,2.0773163,3.2511775,3.4715471,-1.4764613
107,2026-05-11 16:10:22.474835,0.550215,0.22983049,2.0773163,3.2511775,3.4715471,-1.4764613
108,2026-05-11 16:10:22.477405,0.550215,0.22983049,2.0773163,3.2511775,3.4715471,-1.4764613
109,2026-05-11 16:10:22.480007,0.550215,0.22983049,2.0773163,3.2511775,3.4715471,-1.4764613
110,2026-05-11 16:10:22.482697,0.550215,0.22983049,2.0773163,3.2511775,3.4715471,-1.4764613
111,2026-05-11 16:10:22.485951,0.550215,0.22983049,2.0773163,3.2511775,3.4715471,-1.4764613
112,2026-05-11 16:10:22.488592,0.550215,0.22983049,2.0773163,3.2511775,3.4715471,-1.4764613
113,2026-05-11 16:10:22.491189,0.550215,0.22983049,2.0773163,3.2511775,3.4715471,-1.4764613
114,2026-05-11 16:10:22.493887,0.59180284,0.2374529,2.0526807,3.2511775,3.4715471,-1.4764613
115,2026-05-11 16:10:22.496454,0.59180284,0.2374529,2.0526807,3.2511775,3.4715471,-1.4764613
116,2026-05-11 16:10:22.499797,0.59180284,0.2374529,2.0526807,3.6575556,3.431841,-1.5057828
117,2026-05-11 16:10:22.503925,0.59180284,0.2374529,2.0526807,3.6575556,3.431841,-1.5057828
118,2026-05-11 16:10:22.506797,0.59180284,0.2374529,2.0526807,3.6575556,3.431841,-1.5057828
119,2026-05-11 16:10:22.509758,0.59180284,0.2374529,2.0526807,3.6575556,3.431841,-1.5057828
120,2026-05-11 16:10:22.512555,0.59180284,0.2374529,2.0526807,3.6575556,3.431841,-1.5057828
121,2026-05-11 16:10:22.515634,0.4533801,0.14506944,1.5528345,4.1013494,3.947106,-1.4784466
122,2026-05-11 16:10:22.518978,0.4533801,0.14506944,1.5528345,4.1013494,3.947106,-1.4784466
123,2026-05-11 16:10:22.521955,0.4533801,0.14506944,1.5528345,4.1013494,3.947106,-1.4784466
124,2026-05-11 16:10:22.524597,0.4533801,0.14506944,1.5528345,4.1013494,3.947106,-1.4784466
125,2026-05-11 16:10:22.527186,0.4533801,0.14506944,1.5528345,4.1013494,3.947106,-1.4784466
126,2026-05-11 16:10:22.529842,0.4533801,0.14506944,1.5528345,4.1013494,3.947106,-1.4784466
127,2026-05-11 16:10:22.532412,0.4533801,0.14506944,1.5528345,4.1013494,3.947106,-1.4784466
128,2026-05-11 16:10:22.535734,0.4533801,0.14506944,1.5528345,4.1013494,3.947106,-1.4784466
129,2026-05-11 16:10:22.538481,0.4533801,0.14506944,1.5528345,4.1013494,3.947106,-1.4784466
130,2026-05-11 16:10:22.541280,0.4533801,0.14506944,1.5528345,4.1013494,3.947106,-1.4784466
131,2026-05-11 16:10:22.543910,0.3758756,0.12848312,1.3270897,4.1013494,3.947106,-1.4784466
132,2026-05-11 16:10:22.546665,0.3758756,0.12848312,1.3270897,4.1013494,3.947106,-1.4784466
133,2026-05-11 16:10:22.549597,0.3758756,0.12848312,1.3270897,4.1013494,3.947106,-1.4784466
134,2026-05-11 16:10:22.553021,0.3758756,0.12848312,1.3270897,4.1013494,3.947106,-1.4784466
135,2026-05-11 16:10:22.556087,0.3758756,0.12848312,1.3270897,4.1013494,3.947106,-1.4784466
136,2026-05-11 16:10:22.558898,0.3758756,0.12848312,1.3270897,4.1013494,3.947106,-1.4784466
137,2026-05-11 16:10:22.561619,0.3758756,0.12848312,1.3270897,4.1013494,3.947106,-1.4784466
138,2026-05-11 16:10:22.564346,0.3758756,0.12848312,1.3270897,4.1013494,3.947106,-1.4784466
139,2026-05-11 16:10:22.569424,0.3758756,0.12848312,1.3270897,4.1013494,3.947106,-1.4784466
140,2026-05-11 16:10:22.573111,0.3758756,0.12848312,1.3270897,4.1013494,3.947106,-1.4784466
141,2026-05-11 16:10:22.576975,0.3758756,0.12848312,1.3270897,4.1013494,3.947106,-1.4784466
142,2026-05-11 16:10:22.579768,0.3758756,0.12848312,1.3270897,4.1013494,3.947106,-1.4784466
143,2026-05-11 16:10:22.582493,0.3758756,0.12848312,1.3270897,4.1013494,3.947106,-1.4784466
144,2026-05-11 16:10:22.585851,0.3758756,0.12848312,1.3270897,4.1013494,3.947106,-1.4784466
145,2026-05-11 16:10:22.588716,0.3758756,0.12848312,1.3270897,4.1013494,3.947106,-1.4784466
146,2026-05-11 16:10:22.591403,0.3758756,0.12848312,1.3270897,4.1013494,3.947106,-1.4784466
147,2026-05-11 16:10:22.593988,0.3758756,0.12848312,1.3270897,4.1013494,3.947106,-1.4784466
148,2026-05-11 16:10:22.596688,0.3758756,0.12848312,1.3270897,4.1013494,3.947106,-1.4784466
149,2026-05-11 16:10:22.599689,0.36142352,0.11378712,1.2247665,3.9600866,4.1874814,-1.3901765
150,2026-05-11 16:10:22.602630,0.36142352,0.11378712,1.2247665,3.9600866,4.1874814,-1.3901765
151,2026-05-11 16:10:22.605262,0.36142352,0.11378712,1.2247665,3.9600866,4.1874814,-1.3901765
152,2026-05-11 16:10:22.607807,0.36142352,0.11378712,1.2247665,3.9600866,4.1874814,-1.3901765
153,2026-05-11 16:10:22.610400,0.36142352,0.11378712,1.2247665,3.9600866,4.1874814,-1.3901765
154,2026-05-11 16:10:22.612935,0.36142352,0.11378712,1.2247665,3.9600866,4.1874814,-1.3901765
155,2026-05-11 16:10:22.615511,0.36142352,0.11378712,1.2247665,3.9600866,4.1874814,-1.3901765
156,2026-05-11 16:10:22.618602,0.36142352,0.11378712,1.2247665,3.9600866,4.1874814,-1.3901765
157,2026-05-11 16:10:22.621611,0.36142352,0.11378712,1.2247665,3.9600866,4.1874814,-1.3901765
158,2026-05-11 16:10:22.624202,0.36142352,0.11378712,1.2247665,3.9600866,4.1874814,-1.3901765
159,2026-05-11 16:10:22.626795,0.36142352,0.11378712,1.2247665,3.9600866,4.1874814,-1.3901765
160,2026-05-11 16:10:22.629659,0.36142352,0.11378712,1.2247665,3.9600866,4.1874814,-1.3901765
161,2026-05-11 16:10:22.632271,0.36142352,0.11378712,1.2247665,3.9600866,4.1874814,-1.3901765
162,2026-05-11 16:10:22.635369,0.36142352,0.11378712,1.2247665,3.9600866,4.1874814,-1.3901765
163,2026-05-11 16:10:22.638047,0.36142352,0.11378712,1.2247665,3.9600866,4.1874814,-1.3901765
164,2026-05-11 16:10:22.640601,0.36142352,0.11378712,1.2247665,3.9600866,4.1874814,-1.3901765
165,2026-05-11 16:10:22.643191,0.36142352,0.11378712,1.2247665,3.9600866,4.1874814,-1.3901765
166,2026-05-11 16:10:22.645999,0.36142352,0.11378712,1.2247665,3.9600866,4.1874814,-1.3901765
167,2026-05-11 16:10:22.648770,0.36142352,0.11378712,1.2247665,3.9600866,4.1874814,-1.3901765
168,2026-05-11 16:10:22.651666,0.36142352,0.11378712,1.2247665,3.9600866,4.1874814,-1.3901765
169,2026-05-11 16:10:22.654287,0.36142352,0.11378712,1.2247665,3.9600866,4.1874814,-1.3901765
170,2026-05-11 16:10:22.656962,0.36142352,0.11378712,1.2247665,3.9600866,4.1874814,-1.3901765
171,2026-05-11 16:10:22.659543,0.36142352,0.11378712,1.2247665,3.9600866,4.1874814,-1.3901765
172,2026-05-11 16:10:22.662124,0.36142352,0.11378712,1.2247665,3.9600866,4.1874814,-1.3901765
173,2026-05-11 16:10:22.664653,0.36142352,0.11378712,1.2247665,3.9600866,4.1874814,-1.3901765
174,2026-05-11 16:10:22.667752,0.36142352,0.11378712,1.2247665,3.9600866,4.1874814,-1.3901765
175,2026-05-11 16:10:22.670419,0.36142352,0.11378712,1.2247665,3.9600866,4.1874814,-1.3901765
176,2026-05-11 16:10:22.672989,0.36142352,0.11378712,1.2247665,3.9600866,4.1874814,-1.3901765
177,2026-05-11 16:10:22.675844,0.36142352,0.11378712,1.2247665,3.9600866,4.1874814,-1.3901765
178,2026-05-11 16:10:22.678470,0.36142352,0.11378712,1.2247665,3.9600866,4.1874814,-1.3901765
179,2026-05-11 16:10:22.681092,0.36142352,0.11378712,1.2247665,3.9600866,4.1874814,-1.3901765
180,2026-05-11 16:10:22.684320,0.36142352,0.11378712,1.2247665,3.9600866,4.1874814,-1.3901765
181,2026-05-11 16:10:22.687167,0.36142352,0.11378712,1.2247665,3.9600866,4.1874814,-1.3901765
182,2026-05-11 16:10:22.689776,0.36142352,0.11378712,1.2247665,3.9600866,4.1874814,-1.3901765
183,2026-05-11 16:10:22.692340,0.36142352,0.11378712,1.2247665,3.9600866,4.1874814,-1.3901765
184,2026-05-11 16:10:22.695029,0.36142352,0.11378712,1.2247665,3.9600866,4.1874814,-1.3901765
185,2026-05-11 16:10:22.697557,0.36142352,0.11378712,1.2247665,3.9600866,4.1874814,-1.3901765
186,2026-05-11 16:10:22.700761,0.36142352,0.11378712,1.2247665,3.9600866,4.1874814,-1.3901765
187,2026-05-11 16:10:22.703517,0.36142352,0.11378712,1.2247665,3.9600866,4.1874814,-1.3901765
188,2026-05-11 16:10:22.706278,0.36142352,0.11378712,1.2247665,3.9600866,4.1874814,-1.3901765
189,2026-05-11 16:10:22.708943,0.395145,0.108055085,0.9970094,3.9600866,4.1874814,-1.3901765
190,2026-05-11 16:10:22.711612,0.395145,0.108055085,0.9970094,3.9600866,4.1874814,-1.3901765
191,2026-05-11 16:10:22.714182,0.395145,0.108055085,0.9970094,3.9600866,4.1874814,-1.3901765
192,2026-05-11 16:10:22.717258,0.395145,0.108055085,0.9970094,3.9600866,4.1874814,-1.3901765
193,2026-05-11 16:10:22.719972,0.395145,0.108055085,0.9970094,3.9600866,4.1874814,-1.3901765
194,2026-05-11 16:10:22.722720,0.395145,0.108055085,0.9970094,3.9600866,4.1874814,-1.3901765
195,2026-05-11 16:10:22.725303,0.395145,0.108055085,0.9970094,3.9600866,4.1874814,-1.3901765
196,2026-05-11 16:10:22.728113,0.395145,0.108055085,0.9970094,3.9600866,4.1874814,-1.3901765
197,2026-05-11 16:10:22.730871,0.395145,0.108055085,0.9970094,3.7191002,4.479475,-1.2768611
198,2026-05-11 16:10:22.733838,0.395145,0.108055085,0.9970094,3.7191002,4.479475,-1.2768611
199,2026-05-11 16:10:22.736695,0.395145,0.108055085,0.9970094,3.7191002,4.479475,-1.2768611
200,2026-05-11 16:10:22.739379,0.395145,0.108055085,0.9970094,3.7191002,4.479475,-1.2768611
201,2026-05-11 16:10:22.741990,0.395145,0.108055085,0.9970094,3.7191002,4.479475,-1.2768611
202,2026-05-11 16:10:22.744603,0.395145,0.108055085,0.9970094,3.7191002,4.479475,-1.2768611
203,2026-05-11 16:10:22.747150,0.395145,0.108055085,0.9970094,3.7191002,4.479475,-1.2768611
204,2026-05-11 16:10:22.750159,0.395145,0.108055085,0.9970094,3.7191002,4.479475,-1.2768611
205,2026-05-11 16:10:22.753080,0.395145,0.108055085,0.9970094,3.7191002,4.479475,-1.2768611
206,2026-05-11 16:10:22.755695,0.395145,0.108055085,0.9970094,3.7191002,4.479475,-1.2768611
207,2026-05-11 16:10:22.758312,0.395145,0.108055085,0.9970094,3.7191002,4.479475,-1.2768611
208,2026-05-11 16:10:22.760965,0.395145,0.108055085,0.9970094,3.7191002,4.479475,-1.2768611
209,2026-05-11 16:10:22.763531,0.395145,0.108055085,0.9970094,3.7191002,4.479475,-1.2768611
210,2026-05-11 16:10:22.766414,0.395145,0.108055085,0.9970094,3.7191002,4.479475,-1.2768611
211,2026-05-11 16:10:22.769481,0.395145,0.108055085,0.9970094,3.7191002,4.479475,-1.2768611
212,2026-05-11 16:10:22.772147,0.395145,0.108055085,0.9970094,3.7191002,4.479475,-1.2768611
213,2026-05-11 16:10:22.774775,0.395145,0.108055085,0.9970094,3.7191002,4.479475,-1.2768611
214,2026-05-11 16:10:22.777496,0.395145,0.108055085,0.9970094,3.7191002,4.479475,-1.2768611
215,2026-05-11 16:10:22.780057,0.395145,0.108055085,0.9970094,3.7191002,4.479475,-1.2768611
216,2026-05-11 16:10:22.790985,0.395145,0.108055085,0.9970094,3.7191002,4.479475,-1.2768611
217,2026-05-11 16:10:22.809925,0.395145,0.108055085,0.9970094,3.7191002,4.479475,-1.2768611
218,2026-05-11 16:10:22.814174,0.395145,0.108055085,0.9970094,3.7191002,4.479475,-1.2768611
219,2026-05-11 16:10:22.819924,0.395145,0.108055085,0.9970094,3.7191002,4.479475,-1.2768611
220,2026-05-11 16:10:22.822665,0.395145,0.108055085,0.9970094,3.7191002,4.479475,-1.2768611
221,2026-05-11 16:10:22.825299,0.395145,0.108055085,0.9970094,3.670842,4.4536657,-1.2270756
222,2026-05-11 16:10:22.828158,0.395145,0.108055085,0.9970094,3.670842,4.4536657,-1.2270756
223,2026-05-11 16:10:22.830887,0.36361876,0.06421106,0.9227367,3.670842,4.4536657,-1.2270756
224,2026-05-11 16:10:22.833775,0.36361876,0.06421106,0.9227367,3.670842,4.4536657,-1.2270756
225,2026-05-11 16:10:22.836573,0.3579477,-0.03683142,0.8596843,3.8484511,4.2476516,-1.1476631
226,2026-05-11 16:10:22.839373,0.3579477,-0.03683142,0.8596843,3.8484511,4.2476516,-1.1476631
227,2026-05-11 16:10:22.841987,0.3579477,-0.03683142,0.8596843,3.8484511,4.2476516,-1.1476631
228,2026-05-11 16:10:22.844796,0.3579477,-0.03683142,0.8596843,3.8484511,4.2476516,-1.1476631
229,2026-05-11 16:10:22.847349,0.3579477,-0.03683142,0.8596843,3.8484511,4.2476516,-1.1476631
230,2026-05-11 16:10:22.850490,0.3579477,-0.03683142,0.8596843,3.8484511,4.2476516,-1.1476631
231,2026-05-11 16:10:22.853317,0.3579477,-0.03683142,0.8596843,3.8484511,4.2476516,-1.1476631
232,2026-05-11 16:10:22.855967,0.3579477,-0.03683142,0.8596843,3.8484511,4.2476516,-1.1476631
233,2026-05-11 16:10:22.858564,0.3579477,-0.03683142,0.8596843,3.8484511,4.2476516,-1.1476631
234,2026-05-11 16:10:22.861306,0.3579477,-0.03683142,0.8596843,3.8484511,4.2476516,-1.1476631
235,2026-05-11 16:10:22.863849,0.3579477,-0.03683142,0.8596843,3.8484511,4.2476516,-1.1476631
236,2026-05-11 16:10:22.866832,0.3579477,-0.03683142,0.8596843,3.8484511,4.2476516,-1.1476631
237,2026-05-11 16:10:22.869787,0.3579477,-0.03683142,0.8596843,3.8484511,4.2476516,-1.1476631
238,2026-05-11 16:10:22.872451,0.4265493,-0.097322755,0.7497389,3.8484511,4.2476516,-1.1476631
239,2026-05-11 16:10:22.875033,0.4265493,-0.097322755,0.7497389,3.8484511,4.2476516,-1.1476631
240,2026-05-11 16:10:22.877637,0.4265493,-0.097322755,0.7497389,3.8484511,4.2476516,-1.1476631
241,2026-05-11 16:10:22.880341,0.4265493,-0.097322755,0.7497389,3.8484511,4.2476516,-1.1476631
242,2026-05-11 16:10:22.883345,0.4265493,-0.097322755,0.7497389,3.8484511,4.2476516,-1.1476631
243,2026-05-11 16:10:22.886320,0.4265493,-0.097322755,0.7497389,3.8484511,4.2476516,-1.1476631
244,2026-05-11 16:10:22.888890,0.4265493,-0.097322755,0.7497389,3.8484511,4.2476516,-1.1476631
245,2026-05-11 16:10:22.891748,0.4265493,-0.097322755,0.7497389,3.8484511,4.2476516,-1.1476631
246,2026-05-11 16:10:22.894534,0.4265493,-0.097322755,0.7497389,3.8484511,4.2476516,-1.1476631
247,2026-05-11 16:10:22.897156,0.4265493,-0.097322755,0.7497389,3.8484511,4.2476516,-1.1476631
248,2026-05-11 16:10:22.900386,0.4265493,-0.097322755,0.7497389,3.8484511,4.2476516,-1.1476631
249,2026-05-11 16:10:22.903167,0.4265493,-0.097322755,0.7497389,3.8484511,4.2476516,-1.1476631
250,2026-05-11 16:10:22.905880,0.4265493,-0.097322755,0.7497389,4.179998,3.9692497,-1.1082623
251,2026-05-11 16:10:22.908557,0.4265493,-0.097322755,0.7497389,4.179998,3.9692497,-1.1082623
252,2026-05-11 16:10:22.911130,0.4265493,-0.097322755,0.7497389,4.179998,3.9692497,-1.1082623
253,2026-05-11 16:10:22.913790,0.4265493,-0.097322755,0.7497389,4.179998,3.9692497,-1.1082623
254,2026-05-11 16:10:22.916598,0.4265493,-0.097322755,0.7497389,4.179998,3.9692497,-1.1082623
255,2026-05-11 16:10:22.919540,0.4265493,-0.097322755,0.7497389,4.179998,3.9692497,-1.1082623
256,2026-05-11 16:10:22.922121,0.4265493,-0.097322755,0.7497389,4.179998,3.9692497,-1.1082623
257,2026-05-11 16:10:22.924694,0.4265493,-0.097322755,0.7497389,4.179998,3.9692497,-1.1082623
258,2026-05-11 16:10:22.927377,0.4265493,-0.097322755,0.7497389,4.179998,3.9692497,-1.1082623
259,2026-05-11 16:10:22.929914,0.4265493,-0.097322755,0.7497389,4.179998,3.9692497,-1.1082623
260,2026-05-11 16:10:22.933110,0.4265493,-0.097322755,0.7497389,4.179998,3.9692497,-1.1082623
261,2026-05-11 16:10:22.935934,0.4265493,-0.097322755,0.7497389,4.179998,3.9692497,-1.1082623
262,2026-05-11 16:10:22.938529,0.4265493,-0.097322755,0.7497389,4.179998,3.9692497,-1.1082623
263,2026-05-11 16:10:22.941255,0.4265493,-0.097322755,0.7497389,4.179998,3.9692497,-1.1082623
264,2026-05-11 16:10:22.944006,0.4265493,-0.097322755,0.7497389,4.179998,3.9692497,-1.1082623
265,2026-05-11 16:10:22.946732,0.4265493,-0.097322755,0.7497389,4.179998,3.9692497,-1.1082623
266,2026-05-11 16:10:22.949412,0.4265493,-0.097322755,0.7497389,4.179998,3.9692497,-1.1082623
267,2026-05-11 16:10:22.952606,0.4265493,-0.097322755,0.7497389,4.179998,3.9692497,-1.1082623
268,2026-05-11 16:10:22.955438,0.4265493,-0.097322755,0.7497389,4.179998,3.9692497,-1.1082623
269,2026-05-11 16:10:22.958079,0.4265493,-0.097322755,0.7497389,4.179998,3.9692497,-1.1082623
270,2026-05-11 16:10:22.960671,0.4265493,-0.097322755,0.7497389,4.179998,3.9692497,-1.1082623
271,2026-05-11 16:10:22.963284,0.4265493,-0.097322755,0.7497389,4.179998,3.9692497,-1.1082623
272,2026-05-11 16:10:22.965884,0.4265493,-0.097322755,0.7497389,4.179998,3.9692497,-1.1082623
273,2026-05-11 16:10:22.969196,0.4265493,-0.097322755,0.7497389,4.179998,3.9692497,-1.1082623
274,2026-05-11 16:10:22.971768,0.4265493,-0.097322755,0.7497389,4.179998,3.9692497,-1.1082623
275,2026-05-11 16:10:22.974492,0.4265493,-0.097322755,0.7497389,4.179998,3.9692497,-1.1082623
276,2026-05-11 16:10:22.977057,0.4265493,-0.097322755,0.7497389,4.179998,3.9692497,-1.1082623
277,2026-05-11 16:10:22.979597,0.4265493,-0.097322755,0.7497389,4.179998,3.9692497,-1.1082623
278,2026-05-11 16:10:22.982195,0.4265493,-0.097322755,0.7497389,4.179998,3.9692497,-1.1082623
279,2026-05-11 16:10:22.985374,0.4265493,-0.097322755,0.7497389,4.179998,3.9692497,-1.1082623
280,2026-05-11 16:10:22.988256,0.4265493,-0.097322755,0.7497389,4.179998,3.9692497,-1.1082623
281,2026-05-11 16:10:22.990902,0.4265493,-0.097322755,0.7497389,4.179998,3.9692497,-1.1082623
282,2026-05-11 16:10:22.993499,0.4265493,-0.097322755,0.7497389,4.179998,3.9692497,-1.1082623
283,2026-05-11 16:10:22.996242,0.4265493,-0.097322755,0.7497389,4.179998,3.9692497,-1.1082623
284,2026-05-11 16:10:22.998947,0.44746515,-0.14952092,0.5860708,4.179998,3.9692497,-1.1082623
285,2026-05-11 16:10:23.001984,0.44746515,-0.14952092,0.5860708,4.179998,3.9692497,-1.1082623
286,2026-05-11 16:10:23.004855,0.2581858,-0.2894681,-0.06158896,4.8840203,2.8979447,-1.3107641
287,2026-05-11 16:10:23.007538,0.2581858,-0.2894681,-0.06158896,4.7635274,2.6772697,-1.2944235
288,2026-05-11 16:10:23.010128,0.2581858,-0.2894681,-0.06158896,4.7635274,2.6772697,-1.2944235
289,2026-05-11 16:10:23.012875,0.2581858,-0.2894681,-0.06158896,4.7635274,2.6772697,-1.2944235
290,2026-05-11 16:10:23.015535,0.2581858,-0.2894681,-0.06158896,4.7635274,2.6772697,-1.2944235
291,2026-05-11 16:10:23.018489,0.2581858,-0.2894681,-0.06158896,4.7635274,2.6772697,-1.2944235
292,2026-05-11 16:10:23.021134,0.2581858,-0.2894681,-0.06158896,4.7635274,2.6772697,-1.2944235
293,2026-05-11 16:10:23.023666,0.2581858,-0.2894681,-0.06158896,4.7635274,2.6772697,-1.2944235
294,2026-05-11 16:10:23.026225,0.2581858,-0.2894681,-0.06158896,4.7635274,2.6772697,-1.2944235
295,2026-05-11 16:10:23.028810,0.2581858,-0.2894681,-0.06158896,4.7635274,2.6772697,-1.2944235
296,2026-05-11 16:10:23.031332,0.2581858,-0.2894681,-0.06158896,4.7635274,2.6772697,-1.2944235
297,2026-05-11 16:10:23.034359,0.2581858,-0.2894681,-0.06158896,4.7635274,2.6772697,-1.2944235
298,2026-05-11 16:10:23.037236,0.2581858,-0.2894681,-0.06158896,4.7635274,2.6772697,-1.2944235
299,2026-05-11 16:10:23.039848,0.2581858,-0.2894681,-0.06158896,4.7635274,2.6772697,-1.2944235
300,2026-05-11 16:10:23.042489,0.2581858,-0.2894681,-0.06158896,4.7635274,2.6772697,-1.2944235
301,2026-05-11 16:10:23.045153,0.2947733,-0.2626373,-0.055003207,4.57645,2.484847,-1.3130548
302,2026-05-11 16:10:23.047698,0.2947733,-0.2626373,-0.055003207,4.57645,2.484847,-1.3130548
303,2026-05-11 16:10:23.050976,0.2947733,-0.2626373,-0.055003207,4.57645,2.484847,-1.3130548
304,2026-05-11 16:10:23.053895,0.2947733,-0.2626373,-0.055003207,4.57645,2.484847,-1.3130548
305,2026-05-11 16:10:23.056594,0.2947733,-0.2626373,-0.055003207,4.57645,2.484847,-1.3130548
306,2026-05-11 16:10:23.059157,0.2947733,-0.2626373,-0.055003207,4.57645,2.484847,-1.3130548
307,2026-05-11 16:10:23.061906,0.2947733,-0.2626373,-0.055003207,4.57645,2.484847,-1.3130548
308,2026-05-11 16:10:23.064502,0.2947733,-0.2626373,-0.055003207,4.57645,2.484847,-1.3130548
309,2026-05-11 16:10:23.067529,0.2947733,-0.2626373,-0.055003207,4.57645,2.484847,-1.3130548
310,2026-05-11 16:10:23.070487,0.2947733,-0.2626373,-0.055003207,4.57645,2.484847,-1.3130548
311,2026-05-11 16:10:23.073219,0.2947733,-0.2626373,-0.055003207,4.57645,2.484847,-1.3130548
312,2026-05-11 16:10:23.075819,0.2947733,-0.2626373,-0.055003207,4.57645,2.484847,-1.3130548
313,2026-05-11 16:10:23.078588,0.2947733,-0.2626373,-0.055003207,4.57645,2.484847,-1.3130548
314,2026-05-11 16:10:23.081144,0.2947733,-0.2626373,-0.055003207,4.57645,2.484847,-1.3130548
315,2026-05-11 16:10:23.084429,0.2947733,-0.2626373,-0.055003207,4.57645,2.484847,-1.3130548
316,2026-05-11 16:10:23.087183,0.2947733,-0.2626373,-0.055003207,4.57645,2.484847,-1.3130548
317,2026-05-11 16:10:23.089764,0.2947733,-0.2626373,-0.055003207,4.57645,2.484847,-1.3130548
318,2026-05-11 16:10:23.092520,0.2947733,-0.2626373,-0.055003207,4.57645,2.484847,-1.3130548
319,2026-05-11 16:10:23.095105,0.2947733,-0.2626373,-0.055003207,4.57645,2.484847,-1.3130548
320,2026-05-11 16:10:23.097845,0.2947733,-0.2626373,-0.055003207,4.57645,2.484847,-1.3130548
321,2026-05-11 16:10:23.100914,0.2947733,-0.2626373,-0.055003207,4.57645,2.484847,-1.3130548
322,2026-05-11 16:10:23.103683,0.2947733,-0.2626373,-0.055003207,4.57645,2.484847,-1.3130548
323,2026-05-11 16:10:23.106434,0.2947733,-0.2626373,-0.055003207,4.57645,2.484847,-1.3130548
324,2026-05-11 16:10:23.108961,0.2947733,-0.2626373,-0.055003207,4.57645,2.484847,-1.3130548
325,2026-05-11 16:10:23.111588,0.2947733,-0.2626373,-0.055003207,4.57645,2.484847,-1.3130548
326,2026-05-11 16:10:23.114116,0.2947733,-0.2626373,-0.055003207,4.57645,2.484847,-1.3130548
327,2026-05-11 16:10:23.117170,0.2947733,-0.2626373,-0.055003207,4.57645,2.484847,-1.3130548
328,2026-05-11 16:10:23.119828,0.2947733,-0.2626373,-0.055003207,4.57645,2.484847,-1.3130548
329,2026-05-11 16:10:23.122321,0.2947733,-0.2626373,-0.055003207,4.57645,2.484847,-1.3130548
330,2026-05-11 16:10:23.124993,0.2947733,-0.2626373,-0.055003207,4.57645,2.484847,-1.3130548
331,2026-05-11 16:10:23.127570,0.2947733,-0.2626373,-0.055003207,4.57645,2.484847,-1.3130548
332,2026-05-11 16:10:23.130094,0.2947733,-0.2626373,-0.055003207,4.57645,2.484847,-1.3130548
333,2026-05-11 16:10:23.133150,0.2947733,-0.2626373,-0.055003207,4.547128,2.4094052,-1.3869696
334,2026-05-11 16:10:23.136043,0.2947733,-0.2626373,-0.055003207,4.547128,2.4094052,-1.3869696
335,2026-05-11 16:10:23.138885,0.2947733,-0.2626373,-0.055003207,4.547128,2.4094052,-1.3869696
336,2026-05-11 16:10:23.141506,0.2947733,-0.2626373,-0.055003207,4.547128,2.4094052,-1.3869696
337,2026-05-11 16:10:23.144148,0.2947733,-0.2626373,-0.055003207,4.547128,2.4094052,-1.3869696
338,2026-05-11 16:10:23.147007,0.2947733,-0.2626373,-0.055003207,4.547128,2.4094052,-1.3869696
339,2026-05-11 16:10:23.150239,0.292761,-0.26861322,-0.039941356,4.547128,2.4094052,-1.3869696
340,2026-05-11 16:10:23.153287,0.292761,-0.26861322,-0.039941356,4.547128,2.4094052,-1.3869696
341,2026-05-11 16:10:23.155974,0.292761,-0.26861322,-0.039941356,4.547128,2.4094052,-1.3869696
342,2026-05-11 16:10:23.158597,0.292761,-0.26861322,-0.039941356,4.547128,2.4094052,-1.3869696
343,2026-05-11 16:10:23.161428,0.292761,-0.26861322,-0.039941356,4.547128,2.4094052,-1.3869696
344,2026-05-11 16:10:23.164153,0.292761,-0.26861322,-0.039941356,4.547128,2.4094052,-1.3869696
345,2026-05-11 16:10:23.167537,0.292761,-0.26861322,-0.039941356,4.547128,2.4094052,-1.3869696
346,2026-05-11 16:10:23.170288,0.292761,-0.26861322,-0.039941356,4.547128,2.4094052,-1.3869696
347,2026-05-11 16:10:23.173160,0.292761,-0.26861322,-0.039941356,4.547128,2.4094052,-1.3869696
348,2026-05-11 16:10:23.175795,0.292761,-0.26861322,-0.039941356,4.547128,2.4094052,-1.3869696
349,2026-05-11 16:10:23.178422,0.292761,-0.26861322,-0.039941356,4.547128,2.4094052,-1.3869696
350,2026-05-11 16:10:23.181190,0.292761,-0.26861322,-0.039941356,4.547128,2.4094052,-1.3869696
351,2026-05-11 16:10:23.184612,0.292761,-0.26861322,-0.039941356,4.547128,2.4094052,-1.3869696
352,2026-05-11 16:10:23.187396,0.292761,-0.26861322,-0.039941356,4.547128,2.4094052,-1.3869696
353,2026-05-11 16:10:23.190067,0.292761,-0.26861322,-0.039941356,4.547128,2.4094052,-1.3869696
354,2026-05-11 16:10:23.192716,0.292761,-0.26861322,-0.039941356,4.547128,2.4094052,-1.3869696
355,2026-05-11 16:10:23.195314,0.292761,-0.26861322,-0.039941356,4.547128,2.4094052,-1.3869696
356,2026-05-11 16:10:23.198177,0.292761,-0.26861322,-0.039941356,4.547128,2.4094052,-1.3869696
357,2026-05-11 16:10:23.201486,0.292761,-0.26861322,-0.039941356,4.547128,2.4094052,-1.3869696
358,2026-05-11 16:10:23.204249,0.292761,-0.26861322,-0.039941356,4.547128,2.4094052,-1.3869696
359,2026-05-11 16:10:23.207011,0.292761,-0.26861322,-0.039941356,4.547128,2.4094052,-1.3869696
360,2026-05-11 16:10:23.209771,0.292761,-0.26861322,-0.039941356,4.547128,2.4094052,-1.3869696
361,2026-05-11 16:10:23.212372,0.292761,-0.26861322,-0.039941356,4.547128,2.4094052,-1.3869696
362,2026-05-11 16:10:23.215090,0.292761,-0.26861322,-0.039941356,4.547128,2.4094052,-1.3869696
363,2026-05-11 16:10:23.218296,0.292761,-0.26861322,-0.039941356,4.547128,2.4094052,-1.3869696
364,2026-05-11 16:10:23.221008,0.292761,-0.26861322,-0.039941356,4.547128,2.4094052,-1.3869696
365,2026-05-11 16:10:23.223697,0.292761,-0.26861322,-0.039941356,4.547128,2.4094052,-1.3869696
366,2026-05-11 16:10:23.226347,0.292761,-0.26861322,-0.039941356,4.547128,2.4094052,-1.3869696
367,2026-05-11 16:10:23.228926,0.292761,-0.26861322,-0.039941356,4.547128,2.4094052,-1.3869696
368,2026-05-11 16:10:23.231723,0.292761,-0.26861322,-0.039941356,4.547128,2.4094052,-1.3869696
369,2026-05-11 16:10:23.234949,0.292761,-0.26861322,-0.039941356,4.547128,2.4094052,-1.3869696
370,2026-05-11 16:10:23.237912,0.292761,-0.26861322,-0.039941356,4.547128,2.4094052,-1.3869696
371,2026-05-11 16:10:23.240572,0.292761,-0.26861322,-0.039941356,4.547128,2.4094052,-1.3869696
372,2026-05-11 16:10:23.243170,0.292761,-0.26861322,-0.039941356,4.547128,2.4094052,-1.3869696
373,2026-05-11 16:10:23.245893,0.292761,-0.26861322,-0.039941356,4.547128,2.4094052,-1.3869696
374,2026-05-11 16:10:23.248430,0.292761,-0.26861322,-0.039941356,4.547128,2.4094052,-1.3869696
375,2026-05-11 16:10:23.251589,0.292761,-0.26861322,-0.039941356,4.547128,2.4094052,-1.3869696
376,2026-05-11 16:10:23.254385,0.292761,-0.26861322,-0.039941356,4.547128,2.4094052,-1.3869696
377,2026-05-11 16:10:23.256944,0.292761,-0.26861322,-0.039941356,4.547128,2.4094052,-1.3869696
378,2026-05-11 16:10:23.259559,0.292761,-0.26861322,-0.039941356,4.547128,2.4094052,-1.3869696
379,2026-05-11 16:10:23.262185,0.292761,-0.26861322,-0.039941356,4.547128,2.4094052,-1.3869696
380,2026-05-11 16:10:23.264721,0.292761,-0.26861322,-0.039941356,4.547128,2.4094052,-1.3869696
381,2026-05-11 16:10:23.268047,0.292761,-0.26861322,-0.039941356,4.547128,2.4094052,-1.3869696
382,2026-05-11 16:10:23.270807,0.292761,-0.26861322,-0.039941356,4.547128,2.4094052,-1.3869696
383,2026-05-11 16:10:23.273409,0.292761,-0.26861322,-0.039941356,4.547128,2.4094052,-1.3869696
384,2026-05-11 16:10:23.276201,0.17872995,-0.27660152,-0.08817588,4.547128,2.4094052,-1.3869696
385,2026-05-11 16:10:23.278957,0.17872995,-0.27660152,-0.08817588,4.547128,2.4094052,-1.3869696
386,2026-05-11 16:10:23.281809,0.17872995,-0.27660152,-0.08817588,4.547128,2.4094052,-1.3869696
387,2026-05-11 16:10:23.285185,0.17872995,-0.27660152,-0.08817588,4.547128,2.4094052,-1.3869696
388,2026-05-11 16:10:23.287933,0.17872995,-0.27660152,-0.08817588,4.547128,2.4094052,-1.3869696
389,2026-05-11 16:10:23.290571,0.17872995,-0.27660152,-0.08817588,4.547128,2.4094052,-1.3869696
390,2026-05-11 16:10:23.293247,0.17872995,-0.27660152,-0.08817588,4.547128,2.4094052,-1.3869696
391,2026-05-11 16:10:23.295842,0.17872995,-0.27660152,-0.08817588,4.547128,2.4094052,-1.3869696
392,2026-05-11 16:10:23.298668,0.17872995,-0.27660152,-0.08817588,4.547128,2.4094052,-1.3869696
393,2026-05-11 16:10:23.301970,0.17872995,-0.27660152,-0.08817588,4.547128,2.4094052,-1.3869696
394,2026-05-11 16:10:23.304764,0.17872995,-0.27660152,-0.08817588,4.547128,2.4094052,-1.3869696
395,2026-05-11 16:10:23.307613,0.17872995,-0.27660152,-0.08817588,4.547128,2.4094052,-1.3869696
396,2026-05-11 16:10:23.310359,0.17872995,-0.27660152,-0.08817588,4.547128,2.4094052,-1.3869696
397,2026-05-11 16:10:23.312980,0.17872995,-0.27660152,-0.08817588,4.547128,2.4094052,-1.3869696
398,2026-05-11 16:10:23.315871,0.17872995,-0.27660152,-0.08817588,4.547128,2.4094052,-1.3869696
399,2026-05-11 16:10:23.319151,0.17872995,-0.27660152,-0.08817588,4.5489607,2.2941043,-1.5541939
400,2026-05-11 16:10:23.321998,0.17872995,-0.27660152,-0.08817588,4.5489607,2.2941043,-1.5541939
401,2026-05-11 16:10:23.324672,0.17872995,-0.27660152,-0.08817588,4.5489607,2.2941043,-1.5541939
402,2026-05-11 16:10:23.327710,0.17872995,-0.27660152,-0.08817588,4.5489607,2.2941043,-1.5541939
403,2026-05-11 16:10:23.330382,0.17872995,-0.27660152,-0.08817588,4.5489607,2.2941043,-1.5541939
404,2026-05-11 16:10:23.334187,0.17872995,-0.27660152,-0.08817588,4.5489607,2.2941043,-1.5541939
405,2026-05-11 16:10:23.337335,0.17872995,-0.27660152,-0.08817588,4.5489607,2.2941043,-1.5541939
406,2026-05-11 16:10:23.339971,0.17872995,-0.27660152,-0.08817588,4.5489607,2.2941043,-1.5541939
407,2026-05-11 16:10:23.342939,0.17872995,-0.27660152,-0.08817588,4.5489607,2.2941043,-1.5541939
408,2026-05-11 16:10:23.345791,0.11494574,-0.29666364,-0.14445965,4.5489607,2.2941043,-1.5541939
409,2026-05-11 16:10:23.348410,0.11494574,-0.29666364,-0.14445965,4.5489607,2.2941043,-1.5541939
410,2026-05-11 16:10:23.351393,0.11494574,-0.29666364,-0.14445965,4.533231,2.2759311,-1.5885551
411,2026-05-11 16:10:23.354261,0.11494574,-0.29666364,-0.14445965,4.533231,2.2759311,-1.5885551
412,2026-05-11 16:10:23.356890,0.11494574,-0.29666364,-0.14445965,4.533231,2.2759311,-1.5885551
413,2026-05-11 16:10:23.359765,0.11494574,-0.29666364,-0.14445965,4.533231,2.2759311,-1.5885551
414,2026-05-11 16:10:23.362527,-0.08104131,-0.3234945,-0.44179407,4.533231,2.2759311,-1.5885551
415,2026-05-11 16:10:23.365210,-0.08104131,-0.3234945,-0.44179407,4.533231,2.2759311,-1.5885551
416,2026-05-11 16:10:23.368325,-0.08104131,-0.3234945,-0.44179407,4.533231,2.2759311,-1.5885551
417,2026-05-11 16:10:23.371088,-0.08104131,-0.3234945,-0.44179407,4.533231,2.2759311,-1.5885551
418,2026-05-11 16:10:23.373702,-0.08104131,-0.3234945,-0.44179407,4.533231,2.2759311,-1.5885551
419,2026-05-11 16:10:23.376341,-0.08104131,-0.3234945,-0.44179407,4.533231,2.2759311,-1.5885551
420,2026-05-11 16:10:23.378873,-0.08104131,-0.3234945,-0.44179407,4.533231,2.2759311,-1.5885551
421,2026-05-11 16:10:23.381472,-0.08104131,-0.3234945,-0.44179407,4.533231,2.2759311,-1.5885551
422,2026-05-11 16:10:23.384467,-0.08104131,-0.3234945,-0.44179407,4.533231,2.2759311,-1.5885551
423,2026-05-11 16:10:23.387293,-0.08104131,-0.3234945,-0.44179407,4.3854017,2.1374176,-1.6836973
424,2026-05-11 16:10:23.389898,-0.08104131,-0.3234945,-0.44179407,4.3854017,2.1374176,-1.6836973
425,2026-05-11 16:10:23.392484,-0.08104131,-0.3234945,-0.44179407,4.3854017,2.1374176,-1.6836973
426,2026-05-11 16:10:23.395165,-0.08104131,-0.3234945,-0.44179407,4.3854017,2.1374176,-1.6836973
427,2026-05-11 16:10:23.397712,-0.08104131,-0.3234945,-0.44179407,4.3854017,2.1374176,-1.6836973
428,2026-05-11 16:10:23.400903,-0.08104131,-0.3234945,-0.44179407,4.3854017,2.1374176,-1.6836973
429,2026-05-11 16:10:23.403634,-0.08104131,-0.3234945,-0.44179407,4.3854017,2.1374176,-1.6836973
430,2026-05-11 16:10:23.406508,-0.08104131,-0.3234945,-0.44179407,4.3854017,2.1374176,-1.6836973
431,2026-05-11 16:10:23.409164,-0.08104131,-0.3234945,-0.44179407,4.3854017,2.1374176,-1.6836973
432,2026-05-11 16:10:23.411853,-0.08104131,-0.3234945,-0.44179407,4.3854017,2.1374176,-1.6836973
433,2026-05-11 16:10:23.414425,-0.08104131,-0.3234945,-0.44179407,4.3854017,2.1374176,-1.6836973
434,2026-05-11 16:10:23.417376,-0.08104131,-0.3234945,-0.44179407,4.3854017,2.1374176,-1.6836973
435,2026-05-11 16:10:23.420152,-0.08104131,-0.3234945,-0.44179407,4.3854017,2.1374176,-1.6836973
436,2026-05-11 16:10:23.422723,-0.08104131,-0.3234945,-0.44179407,4.3854017,2.1374176,-1.6836973
437,2026-05-11 16:10:23.425278,-0.08104131,-0.3234945,-0.44179407,4.3854017,2.1374176,-1.6836973
438,2026-05-11 16:10:23.428000,-0.08104131,-0.3234945,-0.44179407,4.3854017,2.1374176,-1.6836973
439,2026-05-11 16:10:23.430595,-0.08104131,-0.3234945,-0.44179407,4.3854017,2.1374176,-1.6836973
440,2026-05-11 16:10:23.433556,-0.08104131,-0.3234945,-0.44179407,4.3854017,2.1374176,-1.6836973
441,2026-05-11 16:10:23.436288,-0.08104131,-0.3234945,-0.44179407,4.3854017,2.1374176,-1.6836973
442,2026-05-11 16:10:23.438934,-0.08104131,-0.3234945,-0.44179407,4.3854017,2.1374176,-1.6836973
443,2026-05-11 16:10:23.441495,-0.08104131,-0.3234945,-0.44179407,4.3854017,2.1374176,-1.6836973
444,2026-05-11 16:10:23.444357,-0.08104131,-0.3234945,-0.44179407,4.3854017,2.1374176,-1.6836973
445,2026-05-11 16:10:23.447124,-0.08104131,-0.3234945,-0.44179407,4.3854017,2.1374176,-1.6836973
446,2026-05-11 16:10:23.450123,-0.08104131,-0.3234945,-0.44179407,4.3854017,2.1374176,-1.6836973
447,2026-05-11 16:10:23.452921,-0.08104131,-0.3234945,-0.44179407,4.3854017,2.1374176,-1.6836973
448,2026-05-11 16:10:23.455491,-0.08104131,-0.3234945,-0.44179407,4.3854017,2.1374176,-1.6836973
449,2026-05-11 16:10:23.458028,-0.08104131,-0.3234945,-0.44179407,4.3854017,2.1374176,-1.6836973
450,2026-05-11 16:10:23.460586,-0.08104131,-0.3234945,-0.44179407,4.3854017,2.1374176,-1.6836973
451,2026-05-11 16:10:23.463149,-0.08104131,-0.3234945,-0.44179407,4.3854017,2.1374176,-1.6836973
452,2026-05-11 16:10:23.465853,-0.08104131,-0.3234945,-0.44179407,4.3854017,2.1374176,-1.6836973
453,2026-05-11 16:10:23.468838,-0.08104131,-0.3234945,-0.44179407,4.3854017,2.1374176,-1.6836973
454,2026-05-11 16:10:23.471400,-0.08104131,-0.3234945,-0.44179407,4.3854017,2.1374176,-1.6836973
455,2026-05-11 16:10:23.474241,-0.08104131,-0.3234945,-0.44179407,4.3854017,2.1374176,-1.6836973
456,2026-05-11 16:10:23.477010,-0.19068186,-0.33154374,-0.7012604,4.3854017,2.1374176,-1.6836973
457,2026-05-11 16:10:23.479598,-0.19068186,-0.33154374,-0.7012604,4.3854017,2.1374176,-1.6836973
458,2026-05-11 16:10:23.482290,-0.19068186,-0.33154374,-0.7012604,4.0016255,1.9495764,-1.6566665
459,2026-05-11 16:10:23.485373,-0.19068186,-0.33154374,-0.7012604,4.0016255,1.9495764,-1.6566665
460,2026-05-11 16:10:23.488088,-0.19068186,-0.33154374,-0.7012604,4.0016255,1.9495764,-1.6566665
461,2026-05-11 16:10:23.490826,-0.19068186,-0.33154374,-0.7012604,4.0016255,1.9495764,-1.6566665
462,2026-05-11 16:10:23.493545,-0.19068186,-0.33154374,-0.7012604,4.0016255,1.9495764,-1.6566665
463,2026-05-11 16:10:23.496220,-0.19068186,-0.33154374,-0.7012604,4.0016255,1.9495764,-1.6566665
464,2026-05-11 16:10:23.498881,-0.19068186,-0.33154374,-0.7012604,4.0016255,1.9495764,-1.6566665
465,2026-05-11 16:10:23.502073,-0.19068186,-0.33154374,-0.7012604,4.0016255,1.9495764,-1.6566665
466,2026-05-11 16:10:23.504742,-0.19068186,-0.33154374,-0.7012604,4.0016255,1.9495764,-1.6566665
467,2026-05-11 16:10:23.507501,-0.19068186,-0.33154374,-0.7012604,4.0016255,1.9495764,-1.6566665
468,2026-05-11 16:10:23.510159,-0.19068186,-0.33154374,-0.7012604,4.0016255,1.9495764,-1.6566665
469,2026-05-11 16:10:23.512723,-0.19068186,-0.33154374,-0.7012604,4.0016255,1.9495764,-1.6566665
470,2026-05-11 16:10:23.515559,-0.19068186,-0.33154374,-0.7012604,4.0016255,1.9495764,-1.6566665
471,2026-05-11 16:10:23.518473,-0.19068186,-0.33154374,-0.7012604,4.0016255,1.9495764,-1.6566665
472,2026-05-11 16:10:23.521350,-0.19068186,-0.33154374,-0.7012604,4.0016255,1.9495764,-1.6566665
473,2026-05-11 16:10:23.523966,-0.19068186,-0.33154374,-0.7012604,4.0016255,1.9495764,-1.6566665
474,2026-05-11 16:10:23.526553,-0.19068186,-0.33154374,-0.7012604,4.0016255,1.9495764,-1.6566665
475,2026-05-11 16:10:23.529220,-0.19068186,-0.33154374,-0.7012604,4.0016255,1.9495764,-1.6566665
476,2026-05-11 16:10:23.531799,-0.19068186,-0.33154374,-0.7012604,4.0016255,1.9495764,-1.6566665
477,2026-05-11 16:10:23.534854,-0.19068186,-0.33154374,-0.7012604,4.0016255,1.9495764,-1.6566665
478,2026-05-11 16:10:23.537565,-0.19068186,-0.33154374,-0.7012604,4.0016255,1.9495764,-1.6566665
479,2026-05-11 16:10:23.540159,-0.19068186,-0.33154374,-0.7012604,4.0016255,1.9495764,-1.6566665
480,2026-05-11 16:10:23.542946,-0.19068186,-0.33154374,-0.7012604,4.0016255,1.9495764,-1.6566665
481,2026-05-11 16:10:23.545540,-0.19068186,-0.33154374,-0.7012604,4.0016255,1.9495764,-1.6566665
482,2026-05-11 16:10:23.548107,-0.19068186,-0.33154374,-0.7012604,4.0016255,1.9495764,-1.6566665
483,2026-05-11 16:10:23.551144,-0.19068186,-0.33154374,-0.7012604,4.0016255,1.9495764,-1.6566665
484,2026-05-11 16:10:23.553861,-0.19068186,-0.33154374,-0.7012604,4.0016255,1.9495764,-1.6566665
485,2026-05-11 16:10:23.556623,-0.19068186,-0.33154374,-0.7012604,4.0016255,1.9495764,-1.6566665
486,2026-05-11 16:10:23.559243,-0.19068186,-0.33154374,-0.7012604,4.0016255,1.9495764,-1.6566665
487,2026-05-11 16:10:23.561799,-0.19068186,-0.33154374,-0.7012604,4.0016255,1.9495764,-1.6566665
488,2026-05-11 16:10:23.564622,-0.19068186,-0.33154374,-0.7012604,4.0016255,1.9495764,-1.6566665
489,2026-05-11 16:10:23.567721,-0.19068186,-0.33154374,-0.7012604,4.0016255,1.9495764,-1.6566665
490,2026-05-11 16:10:23.570445,-0.19068186,-0.33154374,-0.7012604,4.0016255,1.9495764,-1.6566665
491,2026-05-11 16:10:23.573041,-0.19068186,-0.33154374,-0.7012604,4.0016255,1.9495764,-1.6566665
492,2026-05-11 16:10:23.575809,-0.19068186,-0.33154374,-0.7012604,4.0016255,1.9495764,-1.6566665
493,2026-05-11 16:10:23.578422,-0.19068186,-0.33154374,-0.7012604,4.0016255,1.9495764,-1.6566665
494,2026-05-11 16:10:23.581015,-0.19068186,-0.33154374,-0.7012604,4.0016255,1.9495764,-1.6566665
495,2026-05-11 16:10:23.584212,-0.19068186,-0.33154374,-0.7012604,4.0016255,1.9495764,-1.6566665
496,2026-05-11 16:10:23.586980,-0.19068186,-0.33154374,-0.7012604,4.0016255,1.9495764,-1.6566665
497,2026-05-11 16:10:23.589885,-0.19068186,-0.33154374,-0.7012604,4.0016255,1.9495764,-1.6566665
498,2026-05-11 16:10:23.592599,-0.19068186,-0.33154374,-0.7012604,4.0016255,1.9495764,-1.6566665
499,2026-05-11 16:10:23.595408,-0.24409962,-0.3261166,-0.8231578,4.0016255,1.9495764,-1.6566665
500,2026-05-11 16:10:23.598072,-0.24409962,-0.3261166,-0.8231578,4.0016255,1.9495764,-1.6566665
501,2026-05-11 16:10:23.601119,-0.24409962,-0.3261166,-0.8231578,4.0016255,1.9495764,-1.6566665
502,2026-05-11 16:10:23.603854,-0.24409962,-0.3261166,-0.8231578,4.0016255,1.9495764,-1.6566665
503,2026-05-11 16:10:23.606493,-0.24409962,-0.3261166,-0.8231578,4.0016255,1.9495764,-1.6566665
504,2026-05-11 16:10:23.609306,-0.24409962,-0.3261166,-0.8231578,3.8414261,1.8245018,-1.642922
505,2026-05-11 16:10:23.612105,-0.24409962,-0.3261166,-0.8231578,3.8414261,1.8245018,-1.642922
506,2026-05-11 16:10:23.614796,-0.24409962,-0.3261166,-0.8231578,3.8414261,1.8245018,-1.642922
507,2026-05-11 16:10:23.617885,-0.24409962,-0.3261166,-0.8231578,3.8414261,1.8245018,-1.642922
508,2026-05-11 16:10:23.620683,-0.24409962,-0.3261166,-0.8231578,3.8414261,1.8245018,-1.642922
509,2026-05-11 16:10:23.623337,-0.24409962,-0.3261166,-0.8231578,3.8414261,1.8245018,-1.642922
510,2026-05-11 16:10:23.626164,-0.24409962,-0.3261166,-0.8231578,3.8414261,1.8245018,-1.642922
511,2026-05-11 16:10:23.628786,-0.24409962,-0.3261166,-0.8231578,3.8414261,1.8245018,-1.642922
512,2026-05-11 16:10:23.631520,-0.24409962,-0.3261166,-0.8231578,3.8414261,1.8245018,-1.642922
513,2026-05-11 16:10:23.634537,-0.24409962,-0.3261166,-0.8231578,3.8414261,1.8245018,-1.642922
514,2026-05-11 16:10:23.637468,-0.24409962,-0.3261166,-0.8231578,3.8414261,1.8245018,-1.642922
515,2026-05-11 16:10:23.640078,-0.24409962,-0.3261166,-0.8231578,3.8414261,1.8245018,-1.642922
516,2026-05-11 16:10:23.642887,-0.24409962,-0.3261166,-0.8231578,3.8414261,1.8245018,-1.642922
517,2026-05-11 16:10:23.645499,-0.24409962,-0.3261166,-0.8231578,3.8414261,1.8245018,-1.642922
518,2026-05-11 16:10:23.648066,-0.24409962,-0.3261166,-0.8231578,3.8414261,1.8245018,-1.642922
519,2026-05-11 16:10:23.651039,-0.24409962,-0.3261166,-0.8231578,3.8414261,1.8245018,-1.642922
520,2026-05-11 16:10:23.653886,-0.37593657,-0.33483663,-1.0067661,3.8414261,1.8245018,-1.642922
521,2026-05-11 16:10:23.656503,-0.37593657,-0.33483663,-1.0067661,3.8414261,1.8245018,-1.642922
522,2026-05-11 16:10:23.659171,-0.37593657,-0.33483663,-1.0067661,3.8414261,1.8245018,-1.642922
523,2026-05-11 16:10:23.661752,-0.37593657,-0.33483663,-1.0067661,3.8414261,1.8245018,-1.642922
524,2026-05-11 16:10:23.664490,-0.37593657,-0.33483663,-1.0067661,3.8414261,1.8245018,-1.642922
525,2026-05-11 16:10:23.667419,-0.37593657,-0.33483663,-1.0067661,3.8414261,1.8245018,-1.642922
526,2026-05-11 16:10:23.670276,-0.37593657,-0.33483663,-1.0067661,3.3942728,1.3070989,-1.5957327
527,2026-05-11 16:10:23.672994,-0.37593657,-0.33483663,-1.0067661,3.3942728,1.3070989,-1.5957327
528,2026-05-11 16:10:23.675690,-0.37593657,-0.33483663,-1.0067661,3.3942728,1.3070989,-1.5957327
529,2026-05-11 16:10:23.678374,-0.37593657,-0.33483663,-1.0067661,3.3942728,1.3070989,-1.5957327
530,2026-05-11 16:10:23.681001,-0.37593657,-0.33483663,-1.0067661,3.3942728,1.3070989,-1.5957327
531,2026-05-11 16:10:23.684122,-0.37593657,-0.33483663,-1.0067661,3.3942728,1.3070989,-1.5957327
532,2026-05-11 16:10:23.686830,-0.37593657,-0.33483663,-1.0067661,3.3942728,1.3070989,-1.5957327
533,2026-05-11 16:10:23.689430,-0.37593657,-0.33483663,-1.0067661,3.3942728,1.3070989,-1.5957327
534,2026-05-11 16:10:23.692137,-0.37593657,-0.33483663,-1.0067661,3.3942728,1.3070989,-1.5957327
535,2026-05-11 16:10:23.694925,-0.37593657,-0.33483663,-1.0067661,3.3942728,1.3070989,-1.5957327
536,2026-05-11 16:10:23.697697,-0.48167443,-0.35404503,-1.2711108,3.1355712,1.0372492,-1.551445
537,2026-05-11 16:10:23.700658,-0.48167443,-0.35404503,-1.2711108,3.1355712,1.0372492,-1.551445
538,2026-05-11 16:10:23.703324,-0.48167443,-0.35404503,-1.2711108,3.1355712,1.0372492,-1.551445
539,2026-05-11 16:10:23.705857,-0.48167443,-0.35404503,-1.2711108,3.1355712,1.0372492,-1.551445
540,2026-05-11 16:10:23.708597,-0.48167443,-0.35404503,-1.2711108,3.1355712,1.0372492,-1.551445
541,2026-05-11 16:10:23.711206,-0.48167443,-0.35404503,-1.2711108,3.1355712,1.0372492,-1.551445
542,2026-05-11 16:10:23.713775,-0.48167443,-0.35404503,-1.2711108,3.1355712,1.0372492,-1.551445
543,2026-05-11 16:10:23.716606,-0.48167443,-0.35404503,-1.2711108,3.1355712,1.0372492,-1.551445
544,2026-05-11 16:10:23.719528,-0.48167443,-0.35404503,-1.2711108,3.1355712,1.0372492,-1.551445
545,2026-05-11 16:10:23.722152,-0.48167443,-0.35404503,-1.2711108,3.1355712,1.0372492,-1.551445
546,2026-05-11 16:10:23.724908,-0.48167443,-0.35404503,-1.2711108,3.1355712,1.0372492,-1.551445
547,2026-05-11 16:10:23.727492,-0.48167443,-0.35404503,-1.2711108,3.1355712,1.0372492,-1.551445
548,2026-05-11 16:10:23.730305,-0.48167443,-0.35404503,-1.2711108,3.1355712,1.0372492,-1.551445
549,2026-05-11 16:10:23.733493,-0.48167443,-0.35404503,-1.2711108,3.1355712,1.0372492,-1.551445
550,2026-05-11 16:10:23.736356,-0.48167443,-0.35404503,-1.2711108,3.1355712,1.0372492,-1.551445
551,2026-05-11 16:10:23.739029,-0.48167443,-0.35404503,-1.2711108,2.5170703,0.7273878,-1.483639
552,2026-05-11 16:10:23.741773,-0.48167443,-0.35404503,-1.2711108,2.5170703,0.7273878,-1.483639
553,2026-05-11 16:10:23.744447,-0.48167443,-0.35404503,-1.2711108,2.5170703,0.7273878,-1.483639
554,2026-05-11 16:10:23.747027,-0.48167443,-0.35404503,-1.2711108,2.5170703,0.7273878,-1.483639
555,2026-05-11 16:10:23.750238,-0.48167443,-0.35404503,-1.2711108,2.5170703,0.7273878,-1.483639
556,2026-05-11 16:10:23.753131,-0.48167443,-0.35404503,-1.2711108,2.5170703,0.7273878,-1.483639
557,2026-05-11 16:10:23.755855,-0.48167443,-0.35404503,-1.2711108,2.5170703,0.7273878,-1.483639
558,2026-05-11 16:10:23.758693,-0.6130236,-0.39557186,-1.4494748,1.838857,0.6760751,-1.4033102
559,2026-05-11 16:10:23.761399,-0.6130236,-0.39557186,-1.4494748,1.838857,0.6760751,-1.4033102
560,2026-05-11 16:10:23.764024,-0.6130236,-0.39557186,-1.4494748,1.838857,0.6760751,-1.4033102
561,2026-05-11 16:10:23.767100,-0.6130236,-0.39557186,-1.4494748,1.838857,0.6760751,-1.4033102
562,2026-05-11 16:10:23.770033,-0.6130236,-0.39557186,-1.4494748,1.838857,0.6760751,-1.4033102
563,2026-05-11 16:10:23.772689,-0.6130236,-0.39557186,-1.4494748,1.838857,0.6760751,-1.4033102
564,2026-05-11 16:10:23.775328,-0.6130236,-0.39557186,-1.4494748,1.838857,0.6760751,-1.4033102
565,2026-05-11 16:10:23.777919,-0.6130236,-0.39557186,-1.4494748,1.838857,0.6760751,-1.4033102
566,2026-05-11 16:10:23.780654,-0.6130236,-0.39557186,-1.4494748,1.838857,0.6760751,-1.4033102
567,2026-05-11 16:10:23.783654,-0.6130236,-0.39557186,-1.4494748,1.2660183,0.61285055,-1.2672399
568,2026-05-11 16:10:23.786419,-0.6130236,-0.39557186,-1.4494748,1.2660183,0.61285055,-1.2672399
569,2026-05-11 16:10:23.789031,-0.6130236,-0.39557186,-1.4494748,1.2660183,0.61285055,-1.2672399
570,2026-05-11 16:10:23.791633,-0.6130236,-0.39557186,-1.4494748,1.2660183,0.61285055,-1.2672399
571,2026-05-11 16:10:23.794334,-0.6130236,-0.39557186,-1.4494748,1.2660183,0.61285055,-1.2672399
572,2026-05-11 16:10:23.796895,-0.6130236,-0.39557186,-1.4494748,1.2660183,0.61285055,-1.2672399
573,2026-05-11 16:10:23.799966,-0.6130236,-0.39557186,-1.4494748,1.2660183,0.61285055,-1.2672399
574,2026-05-11 16:10:23.802661,-0.6130236,-0.39557186,-1.4494748,1.2660183,0.61285055,-1.2672399
575,2026-05-11 16:10:23.805270,-0.6130236,-0.39557186,-1.4494748,1.2660183,0.61285055,-1.2672399
576,2026-05-11 16:10:23.808126,-0.6130236,-0.39557186,-1.4494748,1.2660183,0.61285055,-1.2672399
577,2026-05-11 16:10:23.810808,-0.7396773,-0.42770788,-1.5333211,1.2660183,0.61285055,-1.2672399
578,2026-05-11 16:10:23.813513,-0.7396773,-0.42770788,-1.5333211,1.2660183,0.61285055,-1.2672399
579,2026-05-11 16:10:23.816600,-0.7396773,-0.42770788,-1.5333211,1.2660183,0.61285055,-1.2672399
580,2026-05-11 16:10:23.819535,-0.7396773,-0.42770788,-1.5333211,1.2660183,0.61285055,-1.2672399
581,2026-05-11 16:10:23.822134,-0.7396773,-0.42770788,-1.5333211,1.2660183,0.61285055,-1.2672399
582,2026-05-11 16:10:23.824937,-0.7396773,-0.42770788,-1.5333211,1.2660183,0.61285055,-1.2672399
583,2026-05-11 16:10:23.827574,-0.7396773,-0.42770788,-1.5333211,1.2660183,0.61285055,-1.2672399
584,2026-05-11 16:10:23.830174,-0.7396773,-0.42770788,-1.5333211,1.2660183,0.61285055,-1.2672399
585,2026-05-11 16:10:23.833337,-0.7396773,-0.42770788,-1.5333211,1.2660183,0.61285055,-1.2672399
586,2026-05-11 16:10:23.836203,-0.7396773,-0.42770788,-1.5333211,1.2660183,0.61285055,-1.2672399
587,2026-05-11 16:10:23.838804,-0.7396773,-0.42770788,-1.5333211,1.2660183,0.61285055,-1.2672399
588,2026-05-11 16:10:23.841575,-0.7396773,-0.42770788,-1.5333211,1.2660183,0.61285055,-1.2672399
589,2026-05-11 16:10:23.844333,-0.7396773,-0.42770788,-1.5333211,0.50671273,0.35995236,-0.9370673
590,2026-05-11 16:10:23.847072,-0.7396773,-0.42770788,-1.5333211,0.50671273,0.35995236,-0.9370673
591,2026-05-11 16:10:23.849975,-0.7396773,-0.42770788,-1.5333211,0.50671273,0.35995236,-0.9370673
592,2026-05-11 16:10:23.852833,-0.7396773,-0.42770788,-1.5333211,0.50671273,0.35995236,-0.9370673
593,2026-05-11 16:10:23.855420,-0.7396773,-0.42770788,-1.5333211,0.50671273,0.35995236,-0.9370673
594,2026-05-11 16:10:23.857955,-0.7396773,-0.42770788,-1.5333211,0.50671273,0.35995236,-0.9370673
595,2026-05-11 16:10:23.860669,-0.7396773,-0.42770788,-1.5333211,0.50671273,0.35995236,-0.9370673
596,2026-05-11 16:10:23.863206,-0.7396773,-0.42770788,-1.5333211,0.50671273,0.35995236,-0.9370673
597,2026-05-11 16:10:23.866240,-0.7396773,-0.42770788,-1.5333211,0.50671273,0.35995236,-0.9370673
598,2026-05-11 16:10:23.868973,-0.7396773,-0.42770788,-1.5333211,0.50671273,0.35995236,-0.9370673
599,2026-05-11 16:10:23.871504,-0.7396773,-0.42770788,-1.5333211,0.50671273,0.35995236,-0.9370673
600,2026-05-11 16:10:23.874046,-0.7396773,-0.42770788,-1.5333211,0.50671273,0.35995236,-0.9370673
601,2026-05-11 16:10:23.876678,-0.7396773,-0.42770788,-1.5333211,0.50671273,0.35995236,-0.9370673
602,2026-05-11 16:10:23.879223,-0.7396773,-0.42770788,-1.5333211,0.50671273,0.35995236,-0.9370673
603,2026-05-11 16:10:23.881751,-0.7396773,-0.42770788,-1.5333211,0.50671273,0.35995236,-0.9370673
604,2026-05-11 16:10:23.884745,-0.7396773,-0.42770788,-1.5333211,0.50671273,0.35995236,-0.9370673
605,2026-05-11 16:10:23.887370,-0.7396773,-0.42770788,-1.5333211,0.50671273,0.35995236,-0.9370673
606,2026-05-11 16:10:23.890043,-0.8966377,-0.47716197,-1.5944222,0.50671273,0.35995236,-0.9370673
607,2026-05-11 16:10:23.892671,-0.8966377,-0.47716197,-1.5944222,0.50671273,0.35995236,-0.9370673
608,2026-05-11 16:10:23.895220,-0.8966377,-0.47716197,-1.5944222,0.50671273,0.35995236,-0.9370673
609,2026-05-11 16:10:23.897746,-0.8966377,-0.47716197,-1.5944222,0.50671273,0.35995236,-0.9370673
610,2026-05-11 16:10:23.900663,-0.8966377,-0.47716197,-1.5944222,0.50671273,0.35995236,-0.9370673
611,2026-05-11 16:10:23.903380,-0.8966377,-0.47716197,-1.5944222,0.50671273,0.35995236,-0.9370673
612,2026-05-11 16:10:23.905977,-0.8966377,-0.47716197,-1.5944222,0.50671273,0.35995236,-0.9370673
613,2026-05-11 16:10:23.908581,-0.8966377,-0.47716197,-1.5944222,0.50671273,0.35995236,-0.9370673
614,2026-05-11 16:10:23.911160,-0.8966377,-0.47716197,-1.5944222,0.50671273,0.35995236,-0.9370673
615,2026-05-11 16:10:23.913732,-0.8966377,-0.47716197,-1.5944222,0.50671273,0.35995236,-0.9370673
616,2026-05-11 16:10:23.916928,-0.8966377,-0.47716197,-1.5944222,0.50671273,0.35995236,-0.9370673
617,2026-05-11 16:10:23.919788,-0.8966377,-0.47716197,-1.5944222,0.50671273,0.35995236,-0.9370673
618,2026-05-11 16:10:23.922616,-0.8966377,-0.47716197,-1.5944222,0.17088956,0.18173242,-0.61010164
619,2026-05-11 16:10:23.925418,-0.8966377,-0.47716197,-1.5944222,0.17088956,0.18173242,-0.61010164
620,2026-05-11 16:10:23.928113,-1.0137177,-0.52399397,-1.6125941,0.17088956,0.18173242,-0.61010164
621,2026-05-11 16:10:23.930766,-1.0738431,-0.5465563,-1.5573469,-0.40103304,-0.18860464,-0.10277808
622,2026-05-11 16:10:23.933885,-1.0738431,-0.5465563,-1.5573469,-0.40103304,-0.18860464,-0.10277808
623,2026-05-11 16:10:23.936655,-0.9974363,-0.50722474,-1.4654514,-0.40103304,-0.18860464,-0.10277808
624,2026-05-11 16:10:23.939424,-0.9974363,-0.50722474,-1.4654514,-0.40103304,-0.18860464,-0.10277808
625,2026-05-11 16:10:23.942042,-0.9974363,-0.50722474,-1.4654514,-0.40103304,-0.18860464,-0.10277808
626,2026-05-11 16:10:23.944806,-0.9974363,-0.50722474,-1.4654514,-0.40103304,-0.18860464,-0.10277808
627,2026-05-11 16:10:23.947383,-0.9974363,-0.50722474,-1.4654514,-0.40103304,-0.18860464,-0.10277808
628,2026-05-11 16:10:23.950384,-0.9974363,-0.50722474,-1.4654514,-0.40103304,-0.18860464,-0.10277808
629,2026-05-11 16:10:23.953215,-0.9974363,-0.50722474,-1.4654514,-0.40103304,-0.18860464,-0.10277808
630,2026-05-11 16:10:23.955792,-0.9974363,-0.50722474,-1.4654514,-0.40103304,-0.18860464,-0.10277808
631,2026-05-11 16:10:23.958364,-0.9974363,-0.50722474,-1.4654514,-0.40103304,-0.18860464,-0.10277808
632,2026-05-11 16:10:23.960924,-0.9974363,-0.50722474,-1.4654514,-0.40103304,-0.18860464,-0.10277808
633,2026-05-11 16:10:23.963468,-0.9974363,-0.50722474,-1.4654514,-0.40103304,-0.18860464,-0.10277808
634,2026-05-11 16:10:23.966513,-0.9974363,-0.50722474,-1.4654514,-0.40103304,-0.18860464,-0.10277808
635,2026-05-11 16:10:23.969589,-0.9974363,-0.50722474,-1.4654514,-0.40103304,-0.18860464,-0.10277808
636,2026-05-11 16:10:23.972217,-0.9974363,-0.50722474,-1.4654514,-0.40103304,-0.18860464,-0.10277808
637,2026-05-11 16:10:23.974785,-0.9974363,-0.50722474,-1.4654514,-0.40103304,-0.18860464,-0.10277808
638,2026-05-11 16:10:23.977534,-0.9974363,-0.50722474,-1.4654514,-0.40103304,-0.18860464,-0.10277808
639,2026-05-11 16:10:23.980122,-0.9974363,-0.50722474,-1.4654514,-0.40103304,-0.18860464,-0.10277808
640,2026-05-11 16:10:23.983115,-0.9974363,-0.50722474,-1.4654514,-0.40103304,-0.18860464,-0.10277808
641,2026-05-11 16:10:23.985937,-0.9974363,-0.50722474,-1.4654514,-0.40103304,-0.18860464,-0.10277808
642,2026-05-11 16:10:23.988574,-0.9974363,-0.50722474,-1.4654514,-0.40103304,-0.18860464,-0.10277808
643,2026-05-11 16:10:23.991286,-0.9974363,-0.50722474,-1.4654514,-0.40103304,-0.18860464,-0.10277808
644,2026-05-11 16:10:23.993830,-0.9974363,-0.50722474,-1.4654514,-0.40103304,-0.18860464,-0.10277808
645,2026-05-11 16:10:23.996598,-0.9974363,-0.50722474,-1.4654514,-0.40103304,-0.18860464,-0.10277808
646,2026-05-11 16:10:23.999457,-0.9974363,-0.50722474,-1.4654514,-0.40103304,-0.18860464,-0.10277808
647,2026-05-11 16:10:24.002479,-0.9974363,-0.50722474,-1.4654514,-0.95249164,-0.9074403,0.74006325
648,2026-05-11 16:10:24.005175,-0.9974363,-0.50722474,-1.4654514,-0.95249164,-0.9074403,0.74006325
649,2026-05-11 16:10:24.007783,-0.9974363,-0.50722474,-1.4654514,-0.95249164,-0.9074403,0.74006325
650,2026-05-11 16:10:24.010461,-0.9974363,-0.50722474,-1.4654514,-0.95249164,-0.9074403,0.74006325
651,2026-05-11 16:10:24.013032,-0.9974363,-0.50722474,-1.4654514,-0.95249164,-0.9074403,0.74006325
652,2026-05-11 16:10:24.015785,-0.9974363,-0.50722474,-1.4654514,-0.95249164,-0.9074403,0.74006325
653,2026-05-11 16:10:24.018884,-0.9974363,-0.50722474,-1.4654514,-0.95249164,-0.9074403,0.74006325
654,2026-05-11 16:10:24.021741,-0.7718743,-0.38910806,-1.3220284,-1.4873042,-1.8216002,1.391551
655,2026-05-11 16:10:24.024460,-0.7718743,-0.38910806,-1.3220284,-1.4873042,-1.8216002,1.391551
656,2026-05-11 16:10:24.027066,-0.7718743,-0.38910806,-1.3220284,-1.4873042,-1.8216002,1.391551
657,2026-05-11 16:10:24.029834,-0.7718743,-0.38910806,-1.3220284,-1.4873042,-1.8216002,1.391551
658,2026-05-11 16:10:24.032502,-0.7718743,-0.38910806,-1.3220284,-1.4873042,-1.8216002,1.391551
659,2026-05-11 16:10:24.035602,-0.7718743,-0.38910806,-1.3220284,-1.4873042,-1.8216002,1.391551
660,2026-05-11 16:10:24.038347,-0.7718743,-0.38910806,-1.3220284,-1.4873042,-1.8216002,1.391551
661,2026-05-11 16:10:24.040965,-0.7718743,-0.38910806,-1.3220284,-1.4873042,-1.8216002,1.391551
662,2026-05-11 16:10:24.043613,-0.7718743,-0.38910806,-1.3220284,-1.4873042,-1.8216002,1.391551
663,2026-05-11 16:10:24.046263,-0.7718743,-0.38910806,-1.3220284,-1.4873042,-1.8216002,1.391551
664,2026-05-11 16:10:24.048855,-0.7718743,-0.38910806,-1.3220284,-1.4873042,-1.8216002,1.391551
665,2026-05-11 16:10:24.051871,-0.7158954,-0.35630128,-1.270623,-1.4873042,-1.8216002,1.391551
666,2026-05-11 16:10:24.078949,-0.6220485,-0.34861788,-1.1353711,-1.4873042,-1.8216002,1.391551
667,2026-05-11 16:10:24.082869,-0.6220485,-0.34861788,-1.1353711,-1.7849482,-2.2676845,1.660179
668,2026-05-11 16:10:24.092316,-0.6220485,-0.34861788,-1.1353711,-1.7849482,-2.2676845,1.660179
669,2026-05-11 16:10:24.095085,-0.6220485,-0.34861788,-1.1353711,-1.7849482,-2.2676845,1.660179
670,2026-05-11 16:10:24.097684,-0.6220485,-0.34861788,-1.1353711,-1.7849482,-2.2676845,1.660179
671,2026-05-11 16:10:24.100651,-0.6220485,-0.34861788,-1.1353711,-1.7849482,-2.2676845,1.660179
672,2026-05-11 16:10:24.103381,-0.5573496,-0.34599578,-1.0367678,-2.084425,-2.6184738,1.9126191
673,2026-05-11 16:10:24.106235,-0.5573496,-0.34599578,-1.0367678,-2.084425,-2.6184738,1.9126191
674,2026-05-11 16:10:24.108875,-0.5573496,-0.34599578,-1.0367678,-2.084425,-2.6184738,1.9126191
675,2026-05-11 16:10:24.111555,-0.5573496,-0.34599578,-1.0367678,-2.084425,-2.6184738,1.9126191
676,2026-05-11 16:10:24.114106,-0.5573496,-0.34599578,-1.0367678,-2.084425,-2.6184738,1.9126191
677,2026-05-11 16:10:24.117350,-0.5573496,-0.34599578,-1.0367678,-2.084425,-2.6184738,1.9126191
678,2026-05-11 16:10:24.120193,-0.4454528,-0.35727695,-0.9116996,-2.084425,-2.6184738,1.9126191
679,2026-05-11 16:10:24.122850,-0.4454528,-0.35727695,-0.9116996,-2.084425,-2.6184738,1.9126191
680,2026-05-11 16:10:24.125598,-0.4454528,-0.35727695,-0.9116996,-2.084425,-2.6184738,1.9126191
681,2026-05-11 16:10:24.128241,-0.4454528,-0.35727695,-0.9116996,-2.084425,-2.6184738,1.9126191
682,2026-05-11 16:10:24.130982,-0.4454528,-0.35727695,-0.9116996,-2.084425,-2.6184738,1.9126191
683,2026-05-11 16:10:24.134092,-0.4454528,-0.35727695,-0.9116996,-2.3261747,-2.7956247,2.109165
684,2026-05-11 16:10:24.136942,-0.4454528,-0.35727695,-0.9116996,-2.3261747,-2.7956247,2.109165
685,2026-05-11 16:10:24.139628,-0.4454528,-0.35727695,-0.9116996,-2.3261747,-2.7956247,2.109165
686,2026-05-11 16:10:24.142341,-0.4454528,-0.35727695,-0.9116996,-2.3261747,-2.7956247,2.109165
687,2026-05-11 16:10:24.145070,-0.4454528,-0.35727695,-0.9116996,-2.3261747,-2.7956247,2.109165
688,2026-05-11 16:10:24.147747,-0.4454528,-0.35727695,-0.9116996,-2.3261747,-2.7956247,2.109165
689,2026-05-11 16:10:24.150880,-0.4454528,-0.35727695,-0.9116996,-2.3261747,-2.7956247,2.109165
690,2026-05-11 16:10:24.153603,-0.4454528,-0.35727695,-0.9116996,-2.3261747,-2.7956247,2.109165
691,2026-05-11 16:10:24.156236,-0.4454528,-0.35727695,-0.9116996,-2.3261747,-2.7956247,2.109165
692,2026-05-11 16:10:24.159107,-0.4454528,-0.35727695,-0.9116996,-2.3261747,-2.7956247,2.109165
693,2026-05-11 16:10:24.161995,-0.4454528,-0.35727695,-0.9116996,-2.3261747,-2.7956247,2.109165
694,2026-05-11 16:10:24.164646,-0.4454528,-0.35727695,-0.9116996,-2.3261747,-2.7956247,2.109165
695,2026-05-11 16:10:24.167930,-0.4454528,-0.35727695,-0.9116996,-2.3261747,-2.7956247,2.109165
696,2026-05-11 16:10:24.170684,-0.4454528,-0.35727695,-0.9116996,-2.3261747,-2.7956247,2.109165
697,2026-05-11 16:10:24.173272,-0.4454528,-0.35727695,-0.9116996,-2.3261747,-2.7956247,2.109165
698,2026-05-11 16:10:24.176078,-0.4454528,-0.35727695,-0.9116996,-2.3261747,-2.7956247,2.109165
699,2026-05-11 16:10:24.178824,-0.4454528,-0.35727695,-0.9116996,-2.3261747,-2.7956247,2.109165
700,2026-05-11 16:10:24.181532,-0.4454528,-0.35727695,-0.9116996,-2.3261747,-2.7956247,2.109165
701,2026-05-11 16:10:24.184572,-0.4454528,-0.35727695,-0.9116996,-2.3261747,-2.7956247,2.109165
702,2026-05-11 16:10:24.187490,-0.4454528,-0.35727695,-0.9116996,-2.3261747,-2.7956247,2.109165
703,2026-05-11 16:10:24.190143,-0.4454528,-0.35727695,-0.9116996,-2.3261747,-2.7956247,2.109165
704,2026-05-11 16:10:24.192785,-0.4454528,-0.35727695,-0.9116996,-2.3261747,-2.7956247,2.109165
705,2026-05-11 16:10:24.195365,-0.4454528,-0.35727695,-0.9116996,-2.3261747,-2.7956247,2.109165
706,2026-05-11 16:10:24.197955,-0.4454528,-0.35727695,-0.9116996,-2.3261747,-2.7956247,2.109165
707,2026-05-11 16:10:24.201152,-0.4454528,-0.35727695,-0.9116996,-2.3261747,-2.7956247,2.109165
708,2026-05-11 16:10:24.203933,-0.4454528,-0.35727695,-0.9116996,-2.3261747,-2.7956247,2.109165
709,2026-05-11 16:10:24.206548,-0.4454528,-0.35727695,-0.9116996,-2.3261747,-2.7956247,2.109165
710,2026-05-11 16:10:24.209304,-0.4454528,-0.35727695,-0.9116996,-2.3261747,-2.7956247,2.109165
711,2026-05-11 16:10:24.211905,-0.4454528,-0.35727695,-0.9116996,-2.3261747,-2.7956247,2.109165
712,2026-05-11 16:10:24.214599,-0.4454528,-0.35727695,-0.9116996,-2.3261747,-2.7956247,2.109165
713,2026-05-11 16:10:24.217518,-0.4454528,-0.35727695,-0.9116996,-2.3261747,-2.7956247,2.109165
714,2026-05-11 16:10:24.220204,-0.4454528,-0.35727695,-0.9116996,-2.3261747,-2.7956247,2.109165
715,2026-05-11 16:10:24.223044,-0.4454528,-0.35727695,-0.9116996,-2.3261747,-2.7956247,2.109165
716,2026-05-11 16:10:24.225885,-0.4454528,-0.35727695,-0.9116996,-2.3261747,-2.7956247,2.109165
717,2026-05-11 16:10:24.228667,-0.4454528,-0.35727695,-0.9116996,-2.3261747,-2.7956247,2.109165
718,2026-05-11 16:10:24.231371,-0.4454528,-0.35727695,-0.9116996,-2.3261747,-2.7956247,2.109165
719,2026-05-11 16:10:24.234522,-0.4454528,-0.35727695,-0.9116996,-2.3261747,-2.7956247,2.109165
720,2026-05-11 16:10:24.237134,-0.4454528,-0.35727695,-0.9116996,-2.3261747,-2.7956247,2.109165
721,2026-05-11 16:10:24.239891,-0.4454528,-0.35727695,-0.9116996,-2.3261747,-2.7956247,2.109165
722,2026-05-11 16:10:24.242505,-0.4454528,-0.35727695,-0.9116996,-2.3261747,-2.7956247,2.109165
723,2026-05-11 16:10:24.245189,-0.4454528,-0.35727695,-0.9116996,-2.3261747,-2.7956247,2.109165
724,2026-05-11 16:10:24.247747,-0.4454528,-0.35727695,-0.9116996,-2.3261747,-2.7956247,2.109165
725,2026-05-11 16:10:24.250871,-0.4454528,-0.35727695,-0.9116996,-2.3261747,-2.7956247,2.109165
726,2026-05-11 16:10:24.253677,-0.3565452,-0.36922884,-0.71760285,-2.68628,-2.9961412,2.217899
727,2026-05-11 16:10:24.256464,-0.3565452,-0.36922884,-0.71760285,-2.68628,-2.9961412,2.217899
728,2026-05-11 16:10:24.259076,-0.3565452,-0.36922884,-0.71760285,-2.68628,-2.9961412,2.217899
729,2026-05-11 16:10:24.261686,-0.3565452,-0.36922884,-0.71760285,-2.68628,-2.9961412,2.217899
730,2026-05-11 16:10:24.264255,-0.3565452,-0.36922884,-0.71760285,-2.68628,-2.9961412,2.217899
731,2026-05-11 16:10:24.267072,-0.3565452,-0.36922884,-0.71760285,-2.68628,-2.9961412,2.217899
732,2026-05-11 16:10:24.270440,-0.3565452,-0.36922884,-0.71760285,-2.68628,-2.9961412,2.217899
733,2026-05-11 16:10:24.273225,-0.3565452,-0.36922884,-0.71760285,-2.68628,-2.9961412,2.217899
734,2026-05-11 16:10:24.275904,-0.3565452,-0.36922884,-0.71760285,-2.7597365,-2.9788845,2.2988386
735,2026-05-11 16:10:24.278698,-0.3565452,-0.36922884,-0.71760285,-2.7597365,-2.9788845,2.2988386
736,2026-05-11 16:10:24.281342,-0.3565452,-0.36922884,-0.71760285,-2.7597365,-2.9788845,2.2988386
737,2026-05-11 16:10:24.284802,-0.4030723,-0.3605698,-0.6500989,-2.7597365,-2.9788845,2.2988386
738,2026-05-11 16:10:24.287701,-0.4030723,-0.3605698,-0.6500989,-2.7597365,-2.9788845,2.2988386
739,2026-05-11 16:10:24.290343,-0.4030723,-0.3605698,-0.6500989,-2.7597365,-2.9788845,2.2988386
740,2026-05-11 16:10:24.292930,-0.4030723,-0.3605698,-0.6500989,-2.7597365,-2.9788845,2.2988386
741,2026-05-11 16:10:24.295655,-0.4030723,-0.3605698,-0.6500989,-2.7597365,-2.9788845,2.2988386
742,2026-05-11 16:10:24.298250,-0.4030723,-0.3605698,-0.6500989,-2.7597365,-2.9788845,2.2988386
743,2026-05-11 16:10:24.301263,-0.4030723,-0.3605698,-0.6500989,-2.7597365,-2.9788845,2.2988386
744,2026-05-11 16:10:24.304171,-0.4030723,-0.3605698,-0.6500989,-2.7597365,-2.9788845,2.2988386
745,2026-05-11 16:10:24.306778,-0.4030723,-0.3605698,-0.6500989,-2.7597365,-2.9788845,2.2988386
746,2026-05-11 16:10:24.309431,-0.4030723,-0.3605698,-0.6500989,-2.7597365,-2.9788845,2.2988386
747,2026-05-11 16:10:24.312169,-0.4030723,-0.3605698,-0.6500989,-3.0729575,-3.0413454,2.7091873
748,2026-05-11 16:10:24.314906,-0.19385278,-0.4078287,-0.58655864,-3.0729575,-3.0413454,2.7091873
749,2026-05-11 16:10:24.317990,-0.19385278,-0.4078287,-0.58655864,-3.0729575,-3.0413454,2.7091873
750,2026-05-11 16:10:24.320649,-0.19385278,-0.4078287,-0.58655864,-3.0729575,-3.0413454,2.7091873
751,2026-05-11 16:10:24.323267,-0.19385278,-0.4078287,-0.58655864,-3.0729575,-3.0413454,2.7091873
752,2026-05-11 16:10:24.325872,-0.19385278,-0.4078287,-0.58655864,-3.0729575,-3.0413454,2.7091873
753,2026-05-11 16:10:24.328682,-0.19385278,-0.4078287,-0.58655864,-3.0729575,-3.0413454,2.7091873
754,2026-05-11 16:10:24.331439,-0.19385278,-0.4078287,-0.58655864,-3.0729575,-3.0413454,2.7091873
755,2026-05-11 16:10:24.334455,-0.19385278,-0.4078287,-0.58655864,-3.0729575,-3.0413454,2.7091873
756,2026-05-11 16:10:24.337198,-0.19385278,-0.4078287,-0.58655864,-3.0729575,-3.0413454,2.7091873
757,2026-05-11 16:10:24.339794,-0.19385278,-0.4078287,-0.58655864,-3.0729575,-3.0413454,2.7091873
758,2026-05-11 16:10:24.342579,-0.19385278,-0.4078287,-0.58655864,-3.0729575,-3.0413454,2.7091873
759,2026-05-11 16:10:24.345264,-0.19385278,-0.4078287,-0.58655864,-3.0729575,-3.0413454,2.7091873
760,2026-05-11 16:10:24.347956,-0.19385278,-0.4078287,-0.58655864,-3.0729575,-3.0413454,2.7091873
761,2026-05-11 16:10:24.351111,-0.19385278,-0.4078287,-0.58655864,-3.0729575,-3.0413454,2.7091873
762,2026-05-11 16:10:24.354070,-0.19385278,-0.4078287,-0.58655864,-3.0729575,-3.0413454,2.7091873
763,2026-05-11 16:10:24.356782,-0.19385278,-0.4078287,-0.58655864,-3.0729575,-3.0413454,2.7091873
764,2026-05-11 16:10:24.359407,-0.19385278,-0.4078287,-0.58655864,-3.200934,-3.2178855,2.9263499
765,2026-05-11 16:10:24.362256,-0.19385278,-0.4078287,-0.58655864,-3.200934,-3.2178855,2.9263499
766,2026-05-11 16:10:24.364946,-0.19385278,-0.4078287,-0.58655864,-3.200934,-3.2178855,2.9263499
767,2026-05-11 16:10:24.368159,-0.1030548,-0.39038864,-0.3958158,-3.200934,-3.2178855,2.9263499
768,2026-05-11 16:10:24.371128,-0.1030548,-0.39038864,-0.3958158,-3.200934,-3.2178855,2.9263499
769,2026-05-11 16:10:24.373754,-0.1030548,-0.39038864,-0.3958158,-3.200934,-3.2178855,2.9263499
770,2026-05-11 16:10:24.376346,-0.1030548,-0.39038864,-0.3958158,-3.200934,-3.2178855,2.9263499
771,2026-05-11 16:10:24.379138,-0.1030548,-0.39038864,-0.3958158,-3.200934,-3.2178855,2.9263499
772,2026-05-11 16:10:24.381787,-0.1030548,-0.39038864,-0.3958158,-3.200934,-3.2178855,2.9263499
773,2026-05-11 16:10:24.384895,-0.1030548,-0.39038864,-0.3958158,-3.200934,-3.2178855,2.9263499
774,2026-05-11 16:10:24.387953,-0.1030548,-0.39038864,-0.3958158,-3.200934,-3.2178855,2.9263499
775,2026-05-11 16:10:24.390679,-0.1030548,-0.39038864,-0.3958158,-3.200934,-3.2178855,2.9263499
776,2026-05-11 16:10:24.393310,-0.1030548,-0.39038864,-0.3958158,-3.200934,-3.2178855,2.9263499
777,2026-05-11 16:10:24.396063,-0.1030548,-0.39038864,-0.3958158,-3.200934,-3.2178855,2.9263499
778,2026-05-11 16:10:24.398840,-0.1030548,-0.39038864,-0.3958158,-3.200934,-3.2178855,2.9263499
779,2026-05-11 16:10:24.401773,-0.1030548,-0.39038864,-0.3958158,-3.200934,-3.2178855,2.9263499
780,2026-05-11 16:10:24.404616,-0.06317442,-0.40057215,-0.34264195,-3.2409456,-3.3457088,3.0741794
781,2026-05-11 16:10:24.407477,-0.06317442,-0.40057215,-0.34264195,-3.2409456,-3.3457088,3.0741794
782,2026-05-11 16:10:24.410322,0.11671413,-0.36483836,-0.2667229,-3.460246,-3.661679,3.4049628
783,2026-05-11 16:10:24.413068,0.11671413,-0.36483836,-0.2667229,-3.460246,-3.661679,3.4049628
784,2026-05-11 16:10:24.415853,0.11671413,-0.36483836,-0.2667229,-3.460246,-3.661679,3.4049628
785,2026-05-11 16:10:24.419081,0.11671413,-0.36483836,-0.2667229,-3.460246,-3.661679,3.4049628
786,2026-05-11 16:10:24.421779,0.11671413,-0.36483836,-0.2667229,-3.460246,-3.661679,3.4049628
787,2026-05-11 16:10:24.424521,0.11671413,-0.36483836,-0.2667229,-3.6129625,-3.7836993,3.5030067
788,2026-05-11 16:10:24.427260,0.11671413,-0.36483836,-0.2667229,-3.6129625,-3.7836993,3.5030067
789,2026-05-11 16:10:24.429917,0.11671413,-0.36483836,-0.2667229,-3.6129625,-3.7836993,3.5030067
790,2026-05-11 16:10:24.432625,0.24781933,-0.35166687,-0.20879267,-3.6129625,-3.7836993,3.5030067
791,2026-05-11 16:10:24.435925,0.24781933,-0.35166687,-0.20879267,-3.6129625,-3.7836993,3.5030067
792,2026-05-11 16:10:24.438593,0.24781933,-0.35166687,-0.20879267,-3.6129625,-3.7836993,3.5030067
793,2026-05-11 16:10:24.441181,0.24781933,-0.35166687,-0.20879267,-3.6129625,-3.7836993,3.5030067
794,2026-05-11 16:10:24.444035,0.24781933,-0.35166687,-0.20879267,-3.6129625,-3.7836993,3.5030067
795,2026-05-11 16:10:24.446961,0.3846566,-0.33599523,-0.082626775,-3.7705657,-3.83883,3.5870006
796,2026-05-11 16:10:24.449983,0.47899136,-0.28434587,0.04835648,-3.7705657,-3.83883,3.5870006
797,2026-05-11 16:10:24.452770,0.47899136,-0.28434587,0.04835648,-3.7705657,-3.83883,3.5870006
798,2026-05-11 16:10:24.455407,0.47899136,-0.28434587,0.04835648,-3.7705657,-3.83883,3.5870006
799,2026-05-11 16:10:24.458073,0.47899136,-0.28434587,0.04835648,-3.8727329,-3.8570032,3.6370916
800,2026-05-11 16:10:24.460750,0.47899136,-0.28434587,0.04835648,-3.8727329,-3.8570032,3.6370916
801,2026-05-11 16:10:24.463300,0.47899136,-0.28434587,0.04835648,-3.8727329,-3.8570032,3.6370916
802,2026-05-11 16:10:24.465873,0.47899136,-0.28434587,0.04835648,-3.8727329,-3.8570032,3.6370916
803,2026-05-11 16:10:24.468987,0.47728392,-0.2133661,0.13958131,-3.8727329,-3.8570032,3.6370916
804,2026-05-11 16:10:24.471566,0.47728392,-0.2133661,0.13958131,-3.8727329,-3.8570032,3.6370916
805,2026-05-11 16:10:24.474089,0.47728392,-0.2133661,0.13958131,-3.8727329,-3.8570032,3.6370916
806,2026-05-11 16:10:24.476617,0.47728392,-0.2133661,0.13958131,-3.8727329,-3.8570032,3.6370916
807,2026-05-11 16:10:24.479110,0.47728392,-0.2133661,0.13958131,-3.8727329,-3.8570032,3.6370916
808,2026-05-11 16:10:24.481606,0.47728392,-0.2133661,0.13958131,-3.8727329,-3.8570032,3.6370916
809,2026-05-11 16:10:24.484449,0.47728392,-0.2133661,0.13958131,-3.8727329,-3.8570032,3.6370916
810,2026-05-11 16:10:24.487087,0.47728392,-0.2133661,0.13958131,-3.8727329,-3.8570032,3.6370916
811,2026-05-11 16:10:24.489600,0.47728392,-0.2133661,0.13958131,-3.8727329,-3.8570032,3.6370916
812,2026-05-11 16:10:24.492234,0.47728392,-0.2133661,0.13958131,-3.8727329,-3.8570032,3.6370916
813,2026-05-11 16:10:24.494787,0.47728392,-0.2133661,0.13958131,-3.8727329,-3.8570032,3.6370916
814,2026-05-11 16:10:24.497465,0.47728392,-0.2133661,0.13958131,-3.8727329,-3.8570032,3.6370916
815,2026-05-11 16:10:24.500407,0.47728392,-0.2133661,0.13958131,-3.8727329,-3.8570032,3.6370916
816,2026-05-11 16:10:24.503096,0.47728392,-0.2133661,0.13958131,-3.8727329,-3.8570032,3.6370916
817,2026-05-11 16:10:24.505685,0.47728392,-0.2133661,0.13958131,-3.8727329,-3.8570032,3.6370916
818,2026-05-11 16:10:24.508203,0.47728392,-0.2133661,0.13958131,-3.8727329,-3.8570032,3.6370916
819,2026-05-11 16:10:24.510780,0.47728392,-0.2133661,0.13958131,-3.8727329,-3.8570032,3.6370916
820,2026-05-11 16:10:24.513377,0.47728392,-0.2133661,0.13958131,-3.8727329,-3.8570032,3.6370916
821,2026-05-11 16:10:24.516567,0.47728392,-0.2133661,0.13958131,-3.8727329,-3.8570032,3.6370916
822,2026-05-11 16:10:24.519479,0.47728392,-0.2133661,0.13958131,-3.8727329,-3.8570032,3.6370916
823,2026-05-11 16:10:24.522145,0.47728392,-0.2133661,0.13958131,-3.8727329,-3.8570032,3.6370916
824,2026-05-11 16:10:24.524815,0.47728392,-0.2133661,0.13958131,-3.8727329,-3.8570032,3.6370916
825,2026-05-11 16:10:24.527449,0.47728392,-0.2133661,0.13958131,-3.8727329,-3.8570032,3.6370916
826,2026-05-11 16:10:24.530032,0.47728392,-0.2133661,0.13958131,-3.8727329,-3.8570032,3.6370916
827,2026-05-11 16:10:24.533005,0.47728392,-0.2133661,0.13958131,-4.1453314,-3.9015963,3.7948477
828,2026-05-11 16:10:24.535947,0.47728392,-0.2133661,0.13958131,-4.1453314,-3.9015963,3.7948477
829,2026-05-11 16:10:24.538636,0.453624,-0.158058,0.23556253,-4.1453314,-3.9015963,3.7948477
830,2026-05-11 16:10:24.541378,0.453624,-0.158058,0.23556253,-4.1453314,-3.9015963,3.7948477
831,2026-05-11 16:10:24.544006,0.453624,-0.158058,0.23556253,-4.1453314,-3.9015963,3.7948477
832,2026-05-11 16:10:24.546724,0.453624,-0.158058,0.23556253,-4.1453314,-3.9015963,3.7948477
833,2026-05-11 16:10:24.549815,0.7499218,-0.034880083,0.5885709,-4.544074,-3.7161987,4.033085
834,2026-05-11 16:10:24.552905,0.7499218,-0.034880083,0.5885709,-4.544074,-3.7161987,4.033085
835,2026-05-11 16:10:24.555566,0.7499218,-0.034880083,0.5885709,-4.544074,-3.7161987,4.033085
836,2026-05-11 16:10:24.558145,0.7499218,-0.034880083,0.5885709,-4.544074,-3.7161987,4.033085
837,2026-05-11 16:10:24.560879,0.7499218,-0.034880083,0.5885709,-4.544074,-3.7161987,4.033085
838,2026-05-11 16:10:24.563438,0.7499218,-0.034880083,0.5885709,-4.544074,-3.7161987,4.033085
839,2026-05-11 16:10:24.566183,0.7499218,-0.034880083,0.5885709,-4.544074,-3.7161987,4.033085
840,2026-05-11 16:10:24.569622,0.7499218,-0.034880083,0.5885709,-4.544074,-3.7161987,4.033085
841,2026-05-11 16:10:24.572279,0.7499218,-0.034880083,0.5885709,-4.544074,-3.7161987,4.033085
842,2026-05-11 16:10:24.574884,0.7499218,-0.034880083,0.5885709,-4.544074,-3.7161987,4.033085
843,2026-05-11 16:10:24.577738,0.7499218,-0.034880083,0.5885709,-4.544074,-3.7161987,4.033085
844,2026-05-11 16:10:24.580387,0.7499218,-0.034880083,0.5885709,-4.544074,-3.7161987,4.033085
845,2026-05-11 16:10:24.583272,0.7499218,-0.034880083,0.5885709,-4.544074,-3.7161987,4.033085
846,2026-05-11 16:10:24.586147,0.7499218,-0.034880083,0.5885709,-4.544074,-3.7161987,4.033085
847,2026-05-11 16:10:24.588913,0.7499218,-0.034880083,0.5885709,-4.544074,-3.7161987,4.033085
848,2026-05-11 16:10:24.591588,0.7499218,-0.034880083,0.5885709,-4.544074,-3.7161987,4.033085
849,2026-05-11 16:10:24.594139,0.7499218,-0.034880083,0.5885709,-4.544074,-3.7161987,4.033085
850,2026-05-11 16:10:24.596986,0.7499218,-0.034880083,0.5885709,-4.974734,-3.420998,4.0662246
851,2026-05-11 16:10:24.600189,0.7499218,-0.034880083,0.5885709,-4.974734,-3.420998,4.0662246
852,2026-05-11 16:10:24.603067,0.7499218,-0.034880083,0.5885709,-4.974734,-3.420998,4.0662246
853,2026-05-11 16:10:24.605774,0.7499218,-0.034880083,0.5885709,-4.974734,-3.420998,4.0662246
854,2026-05-11 16:10:24.608386,0.7499218,-0.034880083,0.5885709,-4.974734,-3.420998,4.0662246
855,2026-05-11 16:10:24.611230,0.7499218,-0.034880083,0.5885709,-4.974734,-3.420998,4.0662246
856,2026-05-11 16:10:24.613977,1.3609331,0.15263085,1.3714825,-5.1100407,-3.324787,3.953978
857,2026-05-11 16:10:24.617117,1.3609331,0.15263085,1.3714825,-4.8762317,-3.385568,3.6364808
858,2026-05-11 16:10:24.620158,1.3609331,0.15263085,1.3714825,-4.8762317,-3.385568,3.6364808
859,2026-05-11 16:10:24.622851,1.3609331,0.15263085,1.3714825,-4.8762317,-3.385568,3.6364808
860,2026-05-11 16:10:24.625447,1.3609331,0.15263085,1.3714825,-4.8762317,-3.385568,3.6364808
861,2026-05-11 16:10:24.628102,1.3609331,0.15263085,1.3714825,-4.8762317,-3.385568,3.6364808
862,2026-05-11 16:10:24.630773,1.3609331,0.15263085,1.3714825,-4.8762317,-3.385568,3.6364808
863,2026-05-11 16:10:24.633824,1.3609331,0.15263085,1.3714825,-4.8762317,-3.385568,3.6364808
864,2026-05-11 16:10:24.636578,1.3609331,0.15263085,1.3714825,-4.8762317,-3.385568,3.6364808
865,2026-05-11 16:10:24.639359,1.3609331,0.15263085,1.3714825,-4.8762317,-3.385568,3.6364808
866,2026-05-11 16:10:24.642021,1.5395411,0.30959123,1.7508948,-4.8762317,-3.385568,3.6364808
867,2026-05-11 16:10:24.644710,1.5395411,0.30959123,1.7508948,-4.8762317,-3.385568,3.6364808
868,2026-05-11 16:10:24.647261,1.5395411,0.30959123,1.7508948,-4.8762317,-3.385568,3.6364808
869,2026-05-11 16:10:24.650193,1.270257,0.4251468,1.9093187,-2.845105,-4.0057487,2.0189097
870,2026-05-11 16:10:24.653112,1.270257,0.4251468,1.9093187,-2.845105,-4.0057487,2.0189097
871,2026-05-11 16:10:24.655749,1.270257,0.4251468,1.9093187,-2.845105,-4.0057487,2.0189097
872,2026-05-11 16:10:24.658556,1.270257,0.4251468,1.9093187,-2.845105,-4.0057487,2.0189097
873,2026-05-11 16:10:24.661183,1.270257,0.4251468,1.9093187,-2.845105,-4.0057487,2.0189097
874,2026-05-11 16:10:24.663949,1.270257,0.4251468,1.9093187,-2.845105,-4.0057487,2.0189097
875,2026-05-11 16:10:24.666977,1.270257,0.4251468,1.9093187,-2.845105,-4.0057487,2.0189097
876,2026-05-11 16:10:24.669766,1.270257,0.4251468,1.9093187,-2.845105,-4.0057487,2.0189097
877,2026-05-11 16:10:24.672469,1.270257,0.4251468,1.9093187,-2.845105,-4.0057487,2.0189097
878,2026-05-11 16:10:24.675078,1.270257,0.4251468,1.9093187,-2.845105,-4.0057487,2.0189097
879,2026-05-11 16:10:24.677776,0.79132664,0.4334399,1.7959584,-2.845105,-4.0057487,2.0189097
880,2026-05-11 16:10:24.680334,0.79132664,0.4334399,1.7959584,-2.845105,-4.0057487,2.0189097
881,2026-05-11 16:10:24.683252,0.79132664,0.4334399,1.7959584,-2.845105,-4.0057487,2.0189097
882,2026-05-11 16:10:24.685951,0.79132664,0.4334399,1.7959584,-2.845105,-4.0057487,2.0189097
883,2026-05-11 16:10:24.688503,0.79132664,0.4334399,1.7959584,-2.845105,-4.0057487,2.0189097
884,2026-05-11 16:10:24.691068,0.79132664,0.4334399,1.7959584,-2.845105,-4.0057487,2.0189097
885,2026-05-11 16:10:24.693863,0.79132664,0.4334399,1.7959584,-2.845105,-4.0057487,2.0189097
886,2026-05-11 16:10:24.696484,0.79132664,0.4334399,1.7959584,-2.845105,-4.0057487,2.0189097
887,2026-05-11 16:10:24.699184,0.79132664,0.4334399,1.7959584,-2.845105,-4.0057487,2.0189097
888,2026-05-11 16:10:24.702427,0.79132664,0.4334399,1.7959584,-2.2101104,-4.2071815,1.7652478
889,2026-05-11 16:10:24.705232,0.79132664,0.4334399,1.7959584,-2.2101104,-4.2071815,1.7652478
890,2026-05-11 16:10:24.707889,0.79132664,0.4334399,1.7959584,-2.2101104,-4.2071815,1.7652478
891,2026-05-11 16:10:24.710581,0.79132664,0.4334399,1.7959584,-2.2101104,-4.2071815,1.7652478
892,2026-05-11 16:10:24.713182,0.79132664,0.4334399,1.7959584,-2.2101104,-4.2071815,1.7652478
893,2026-05-11 16:10:24.715784,0.79132664,0.4334399,1.7959584,-2.2101104,-4.2071815,1.7652478
894,2026-05-11 16:10:24.718982,0.79132664,0.4334399,1.7959584,-2.2101104,-4.2071815,1.7652478
895,2026-05-11 16:10:24.721577,0.79132664,0.4334399,1.7959584,-2.2101104,-4.2071815,1.7652478
896,2026-05-11 16:10:24.724284,0.79132664,0.4334399,1.7959584,-2.2101104,-4.2071815,1.7652478
897,2026-05-11 16:10:24.726826,0.79132664,0.4334399,1.7959584,-2.2101104,-4.2071815,1.7652478
898,2026-05-11 16:10:24.729696,0.79132664,0.4334399,1.7959584,-2.2101104,-4.2071815,1.7652478
899,2026-05-11 16:10:24.732438,0.79132664,0.4334399,1.7959584,-2.2101104,-4.2071815,1.7652478
900,2026-05-11 16:10:24.735615,0.79132664,0.4334399,1.7959584,-2.2101104,-4.2071815,1.7652478
901,2026-05-11 16:10:24.738395,0.79132664,0.4334399,1.7959584,-2.2101104,-4.2071815,1.7652478
902,2026-05-11 16:10:24.741017,0.79132664,0.4334399,1.7959584,-2.2101104,-4.2071815,1.7652478
903,2026-05-11 16:10:24.743811,0.46874684,0.35313037,1.6147894,-1.8710803,-4.020715,1.9275852
904,2026-05-11 16:10:24.746486,0.46874684,0.35313037,1.6147894,-1.8710803,-4.020715,1.9275852
905,2026-05-11 16:10:24.749144,0.46874684,0.35313037,1.6147894,-1.8710803,-4.020715,1.9275852
906,2026-05-11 16:10:24.752480,0.46874684,0.35313037,1.6147894,-1.8710803,-4.020715,1.9275852
907,2026-05-11 16:10:24.755350,0.46874684,0.35313037,1.6147894,-1.8710803,-4.020715,1.9275852
908,2026-05-11 16:10:24.758006,0.46874684,0.35313037,1.6147894,-1.8710803,-4.020715,1.9275852
909,2026-05-11 16:10:24.760614,0.46874684,0.35313037,1.6147894,-1.8710803,-4.020715,1.9275852
910,2026-05-11 16:10:24.763481,0.46874684,0.35313037,1.6147894,-1.8710803,-4.020715,1.9275852
911,2026-05-11 16:10:24.766697,0.46874684,0.35313037,1.6147894,-1.8710803,-4.020715,1.9275852
912,2026-05-11 16:10:24.769781,0.46874684,0.35313037,1.6147894,-1.8710803,-4.020715,1.9275852
913,2026-05-11 16:10:24.772445,0.46874684,0.35313037,1.6147894,-1.8710803,-4.020715,1.9275852
914,2026-05-11 16:10:24.775269,0.46874684,0.35313037,1.6147894,-1.8710803,-4.020715,1.9275852
915,2026-05-11 16:10:24.777970,0.46874684,0.35313037,1.6147894,-1.8710803,-4.020715,1.9275852
916,2026-05-11 16:10:24.780761,0.37124115,0.2959319,1.3952034,-1.8710803,-4.020715,1.9275852
917,2026-05-11 16:10:24.783928,0.37124115,0.2959319,1.3952034,-1.8710803,-4.020715,1.9275852
918,2026-05-11 16:10:24.786686,0.37124115,0.2959319,1.3952034,-1.8710803,-4.020715,1.9275852
919,2026-05-11 16:10:24.789473,0.3831321,0.2757478,1.3060517,-1.9579759,-3.4436002,2.3402247
920,2026-05-11 16:10:24.792269,0.3831321,0.2757478,1.3060517,-1.9579759,-3.4436002,2.3402247
921,2026-05-11 16:10:24.795187,0.3831321,0.2757478,1.3060517,-2.1998785,-2.879619,2.679713
922,2026-05-11 16:10:24.797836,0.3831321,0.2757478,1.3060517,-2.1998785,-2.879619,2.679713
923,2026-05-11 16:10:24.800909,0.3831321,0.2757478,1.3060517,-2.1998785,-2.879619,2.679713
924,2026-05-11 16:10:24.803736,0.3831321,0.2757478,1.3060517,-2.1998785,-2.879619,2.679713
925,2026-05-11 16:10:24.806428,0.3831321,0.2757478,1.3060517,-2.1998785,-2.879619,2.679713
926,2026-05-11 16:10:24.809088,0.3831321,0.2757478,1.3060517,-2.1998785,-2.879619,2.679713
927,2026-05-11 16:10:24.811855,0.3831321,0.2757478,1.3060517,-2.1998785,-2.879619,2.679713
928,2026-05-11 16:10:24.814626,0.3831321,0.2757478,1.3060517,-2.1998785,-2.879619,2.679713
929,2026-05-11 16:10:24.817680,0.3831321,0.2757478,1.3060517,-2.1998785,-2.879619,2.679713
930,2026-05-11 16:10:24.820548,0.5081394,0.21050009,1.2927583,-2.1998785,-2.879619,2.679713
931,2026-05-11 16:10:24.823195,0.5081394,0.21050009,1.2927583,-2.1998785,-2.879619,2.679713
932,2026-05-11 16:10:24.825988,0.5081394,0.21050009,1.2927583,-2.4274259,-2.2395847,3.012482
933,2026-05-11 16:10:24.828593,0.5081394,0.21050009,1.2927583,-2.4274259,-2.2395847,3.012482
934,2026-05-11 16:10:24.831260,0.5081394,0.21050009,1.2927583,-2.4274259,-2.2395847,3.012482
935,2026-05-11 16:10:24.834275,0.5081394,0.21050009,1.2927583,-2.4274259,-2.2395847,3.012482
936,2026-05-11 16:10:24.837147,0.71107805,0.19299906,1.3091007,-2.4274259,-2.2395847,3.012482
937,2026-05-11 16:10:24.839813,0.71107805,0.19299906,1.3091007,-2.4274259,-2.2395847,3.012482
938,2026-05-11 16:10:24.842363,0.71107805,0.19299906,1.3091007,-2.4274259,-2.2395847,3.012482
939,2026-05-11 16:10:24.845087,0.71107805,0.19299906,1.3091007,-2.4233024,-1.9871446,3.134655
940,2026-05-11 16:10:24.847637,0.71107805,0.19299906,1.3091007,-2.4233024,-1.9871446,3.134655
941,2026-05-11 16:10:24.850841,0.71107805,0.19299906,1.3091007,-2.4233024,-1.9871446,3.134655
942,2026-05-11 16:10:24.853667,0.71107805,0.19299906,1.3091007,-2.4233024,-1.9871446,3.134655
943,2026-05-11 16:10:24.856432,0.71107805,0.19299906,1.3091007,-2.4233024,-1.9871446,3.134655
944,2026-05-11 16:10:24.859103,0.71107805,0.19299906,1.3091007,-2.4233024,-1.9871446,3.134655
945,2026-05-11 16:10:24.861888,0.71107805,0.19299906,1.3091007,-2.4233024,-1.9871446,3.134655
946,2026-05-11 16:10:24.864497,0.71107805,0.19299906,1.3091007,-2.4233024,-1.9871446,3.134655
947,2026-05-11 16:10:24.867528,0.71107805,0.19299906,1.3091007,-2.4233024,-1.9871446,3.134655
948,2026-05-11 16:10:24.870268,0.71107805,0.19299906,1.3091007,-2.4233024,-1.9871446,3.134655
949,2026-05-11 16:10:24.872833,0.71107805,0.19299906,1.3091007,-2.4233024,-1.9871446,3.134655
950,2026-05-11 16:10:24.875473,1.3214796,0.33386096,1.311418,-2.4233024,-1.9871446,3.134655
951,2026-05-11 16:10:24.878257,1.3214796,0.33386096,1.311418,-2.4233024,-1.9871446,3.134655
952,2026-05-11 16:10:24.880934,1.3214796,0.33386096,1.311418,-2.4233024,-1.9871446,3.134655
953,2026-05-11 16:10:24.884018,1.3214796,0.33386096,1.311418,-2.1174116,-2.0636556,2.7021625
954,2026-05-11 16:10:24.887028,1.3214796,0.33386096,1.311418,-2.1174116,-2.0636556,2.7021625
955,2026-05-11 16:10:24.889724,1.3214796,0.33386096,1.311418,-2.1174116,-2.0636556,2.7021625
956,2026-05-11 16:10:24.892286,1.3214796,0.33386096,1.311418,-2.1174116,-2.0636556,2.7021625
957,2026-05-11 16:10:24.895102,1.3214796,0.33386096,1.311418,-2.1174116,-2.0636556,2.7021625
958,2026-05-11 16:10:24.897795,1.3214796,0.33386096,1.311418,-2.1174116,-2.0636556,2.7021625
959,2026-05-11 16:10:24.900994,1.3214796,0.33386096,1.311418,-2.1174116,-2.0636556,2.7021625
960,2026-05-11 16:10:24.903980,1.3214796,0.33386096,1.311418,-2.1174116,-2.0636556,2.7021625
961,2026-05-11 16:10:24.906685,1.3214796,0.33386096,1.311418,-2.1174116,-2.0636556,2.7021625
962,2026-05-11 16:10:24.909264,1.3214796,0.33386096,1.311418,-2.1174116,-2.0636556,2.7021625
963,2026-05-11 16:10:24.912074,1.3214796,0.33386096,1.311418,-2.1174116,-2.0636556,2.7021625
964,2026-05-11 16:10:24.914730,1.3214796,0.33386096,1.311418,-2.1174116,-2.0636556,2.7021625
965,2026-05-11 16:10:24.918108,1.3214796,0.33386096,1.311418,-2.1174116,-2.0636556,2.7021625
966,2026-05-11 16:10:24.920852,1.3214796,0.33386096,1.311418,-2.1174116,-2.0636556,2.7021625
967,2026-05-11 16:10:24.923529,1.4810619,0.41782925,1.2811112,-2.1174116,-2.0636556,2.7021625
968,2026-05-11 16:10:24.926166,1.4810619,0.41782925,1.2811112,-2.1174116,-2.0636556,2.7021625
969,2026-05-11 16:10:24.928956,1.4810619,0.41782925,1.2811112,-2.1174116,-2.0636556,2.7021625
970,2026-05-11 16:10:24.931553,1.4810619,0.41782925,1.2811112,-2.1174116,-2.0636556,2.7021625
971,2026-05-11 16:10:24.934667,1.4810619,0.41782925,1.2811112,-2.1174116,-2.0636556,2.7021625
972,2026-05-11 16:10:24.937539,1.4810619,0.41782925,1.2811112,-2.1174116,-2.0636556,2.7021625
973,2026-05-11 16:10:24.940148,1.4810619,0.41782925,1.2811112,-2.1174116,-2.0636556,2.7021625
974,2026-05-11 16:10:24.942751,1.4810619,0.41782925,1.2811112,-2.1174116,-2.0636556,2.7021625
975,2026-05-11 16:10:24.945430,1.4810619,0.41782925,1.2811112,-2.1174116,-2.0636556,2.7021625
976,2026-05-11 16:10:24.947991,1.4810619,0.41782925,1.2811112,-2.1174116,-2.0636556,2.7021625
977,2026-05-11 16:10:24.951154,1.4810619,0.41782925,1.2811112,-2.1174116,-2.0636556,2.7021625
978,2026-05-11 16:10:24.953849,1.4810619,0.41782925,1.2811112,-2.1174116,-2.0636556,2.7021625
979,2026-05-11 16:10:24.956475,1.4810619,0.41782925,1.2811112,-1.75975,-2.401464,1.9127718
980,2026-05-11 16:10:24.959264,1.3963009,0.41636577,1.2199492,-1.534188,-2.6348145,1.4165965
981,2026-05-11 16:10:24.961987,1.0509149,0.32831186,0.9724348,-1.4705054,-3.0448577,0.83367836
982,2026-05-11 16:10:24.964602,1.0509149,0.32831186,0.9724348,-1.4705054,-3.0448577,0.83367836
983,2026-05-11 16:10:24.967431,1.0509149,0.32831186,0.9724348,-1.4705054,-3.0448577,0.83367836
984,2026-05-11 16:10:24.970896,1.0509149,0.32831186,0.9724348,-1.4705054,-3.0448577,0.83367836
985,2026-05-11 16:10:24.973743,1.0509149,0.32831186,0.9724348,-1.4705054,-3.0448577,0.83367836
986,2026-05-11 16:10:24.976410,1.0509149,0.32831186,0.9724348,-1.4705054,-3.0448577,0.83367836
987,2026-05-11 16:10:24.978955,1.0509149,0.32831186,0.9724348,-1.4705054,-3.0448577,0.83367836
988,2026-05-11 16:10:24.981692,1.0509149,0.32831186,0.9724348,-1.4705054,-3.0448577,0.83367836
989,2026-05-11 16:10:24.984414,1.0509149,0.32831186,0.9724348,-1.4705054,-3.0448577,0.83367836
990,2026-05-11 16:10:24.987849,1.0509149,0.32831186,0.9724348,-1.4705054,-3.0448577,0.83367836
991,2026-05-11 16:10:24.990740,1.0509149,0.32831186,0.9724348,-1.4705054,-3.0448577,0.83367836
992,2026-05-11 16:10:24.993337,1.0509149,0.32831186,0.9724348,-1.4705054,-3.0448577,0.83367836
993,2026-05-11 16:10:24.995910,1.0509149,0.32831186,0.9724348,-1.4705054,-3.0448577,0.83367836
994,2026-05-11 16:10:24.998662,1.0509149,0.32831186,0.9724348,-1.4705054,-3.0448577,0.83367836
995,2026-05-11 16:10:25.001608,1.0509149,0.32831186,0.9724348,-1.4705054,-3.0448577,0.83367836
996,2026-05-11 16:10:25.004384,1.0509149,0.32831186,0.9724348,-1.4705054,-3.0448577,0.83367836
997,2026-05-11 16:10:25.007035,1.0509149,0.32831186,0.9724348,-1.4705054,-3.0448577,0.83367836
998,2026-05-11 16:10:25.009720,0.86614805,0.28483367,0.9000525,-1.8608483,-3.1450398,0.84559023
999,2026-05-11 16:10:25.012591,0.86614805,0.28483367,0.9000525,-1.8608483,-3.1450398,0.84559023
1000,2026-05-11 16:10:25.015377,0.86614805,0.28483367,0.9000525,-1.8608483,-3.1450398,0.84559023
1001,2026-05-11 16:10:25.018534,0.86614805,0.28483367,0.9000525,-1.8608483,-3.1450398,0.84559023
1002,2026-05-11 16:10:25.021238,0.86614805,0.28483367,0.9000525,-1.8608483,-3.1450398,0.84559023
1003,2026-05-11 16:10:25.024109,0.86614805,0.28483367,0.9000525,-1.8608483,-3.1450398,0.84559023
1004,2026-05-11 16:10:25.026788,0.86614805,0.28483367,0.9000525,-1.8608483,-3.1450398,0.84559023
1005,2026-05-11 16:10:25.029478,0.86614805,0.28483367,0.9000525,-1.8608483,-3.1450398,0.84559023
1006,2026-05-11 16:10:25.032022,0.86614805,0.28483367,0.9000525,-1.8608483,-3.1450398,0.84559023
1007,2026-05-11 16:10:25.035191,0.8243164,0.22300081,0.8719411,-2.441323,-3.0492866,1.0419834
1008,2026-05-11 16:10:25.037825,0.8243164,0.22300081,0.8719411,-2.441323,-3.0492866,1.0419834
1009,2026-05-11 16:10:25.040351,0.8243164,0.22300081,0.8719411,-2.441323,-3.0492866,1.0419834
1010,2026-05-11 16:10:25.042991,0.8243164,0.22300081,0.8719411,-2.441323,-3.0492866,1.0419834
1011,2026-05-11 16:10:25.045549,0.8243164,0.22300081,0.8719411,-2.441323,-3.0492866,1.0419834
1012,2026-05-11 16:10:25.048357,0.8243164,0.22300081,0.8719411,-2.441323,-3.0492866,1.0419834
1013,2026-05-11 16:10:25.051398,0.8243164,0.22300081,0.8719411,-2.441323,-3.0492866,1.0419834
1014,2026-05-11 16:10:25.054206,0.8243164,0.22300081,0.8719411,-2.441323,-3.0492866,1.0419834
1015,2026-05-11 16:10:25.056888,0.8243164,0.22300081,0.8719411,-2.441323,-3.0492866,1.0419834
1016,2026-05-11 16:10:25.059499,0.8243164,0.22300081,0.8719411,-2.441323,-3.0492866,1.0419834
1017,2026-05-11 16:10:25.062437,0.8243164,0.22300081,0.8719411,-2.441323,-3.0492866,1.0419834
1018,2026-05-11 16:10:25.065096,0.8243164,0.22300081,0.8719411,-2.441323,-3.0492866,1.0419834
1019,2026-05-11 16:10:25.068566,0.8243164,0.22300081,0.8719411,-3.042109,-2.7892108,1.2351695
1020,2026-05-11 16:10:25.071733,0.8243164,0.22300081,0.8719411,-3.042109,-2.7892108,1.2351695
1021,2026-05-11 16:10:25.074468,0.8243164,0.22300081,0.8719411,-3.042109,-2.7892108,1.2351695
1022,2026-05-11 16:10:25.077109,0.8243164,0.22300081,0.8719411,-3.042109,-2.7892108,1.2351695
1023,2026-05-11 16:10:25.079713,0.8243164,0.22300081,0.8719411,-3.042109,-2.7892108,1.2351695
1024,2026-05-11 16:10:25.082390,0.8243164,0.22300081,0.8719411,-3.042109,-2.7892108,1.2351695
1025,2026-05-11 16:10:25.085692,0.8243164,0.22300081,0.8719411,-3.042109,-2.7892108,1.2351695
1026,2026-05-11 16:10:25.088761,0.8243164,0.22300081,0.8719411,-3.042109,-2.7892108,1.2351695
1027,2026-05-11 16:10:25.091462,0.85791594,0.16507061,0.90505284,-3.042109,-2.7892108,1.2351695
1028,2026-05-11 16:10:25.094322,0.85791594,0.16507061,0.90505284,-3.042109,-2.7892108,1.2351695
1029,2026-05-11 16:10:25.097035,0.85791594,0.16507061,0.90505284,-3.042109,-2.7892108,1.2351695
1030,2026-05-11 16:10:25.100132,0.85791594,0.16507061,0.90505284,-3.042109,-2.7892108,1.2351695
1031,2026-05-11 16:10:25.103031,0.85791594,0.16507061,0.90505284,-3.042109,-2.7892108,1.2351695
1032,2026-05-11 16:10:25.105750,0.85791594,0.16507061,0.90505284,-3.042109,-2.7892108,1.2351695
1033,2026-05-11 16:10:25.108361,0.85791594,0.16507061,0.90505284,-3.042109,-2.7892108,1.2351695
1034,2026-05-11 16:10:25.111194,0.85791594,0.16507061,0.90505284,-3.042109,-2.7892108,1.2351695
1035,2026-05-11 16:10:25.113861,0.8993817,0.071589544,1.1440302,-3.7519343,-2.1725423,1.5222762
1036,2026-05-11 16:10:25.116954,0.8993817,0.071589544,1.1440302,-3.7519343,-2.1725423,1.5222762
1037,2026-05-11 16:10:25.119858,0.8993817,0.071589544,1.1440302,-3.9396226,-1.8466456,1.755474
1038,2026-05-11 16:10:25.122720,1.3391025,0.09232246,1.3420295,-4.0472875,-1.7188221,1.6995798
1039,2026-05-11 16:10:25.125397,1.3391025,0.09232246,1.3420295,-4.0472875,-1.7188221,1.6995798
1040,2026-05-11 16:10:25.128194,1.3391025,0.09232246,1.3420295,-4.0472875,-1.7188221,1.6995798
1041,2026-05-11 16:10:25.130845,1.3391025,0.09232246,1.3420295,-4.0472875,-1.7188221,1.6995798
1042,2026-05-11 16:10:25.133886,1.3391025,0.09232246,1.3420295,-4.0472875,-1.7188221,1.6995798
1043,2026-05-11 16:10:25.136685,1.3391025,0.09232246,1.3420295,-4.0472875,-1.7188221,1.6995798
1044,2026-05-11 16:10:25.139479,1.3391025,0.09232246,1.3420295,-4.0472875,-1.7188221,1.6995798
1045,2026-05-11 16:10:25.142097,1.3391025,0.09232246,1.3420295,-4.0472875,-1.7188221,1.6995798
1046,2026-05-11 16:10:25.144794,1.3391025,0.09232246,1.3420295,-4.0472875,-1.7188221,1.6995798
1047,2026-05-11 16:10:25.147386,1.3391025,0.09232246,1.3420295,-4.0472875,-1.7188221,1.6995798
1048,2026-05-11 16:10:25.150270,1.3391025,0.09232246,1.3420295,-4.0472875,-1.7188221,1.6995798
1049,2026-05-11 16:10:25.153117,1.3391025,0.09232246,1.3420295,-4.0472875,-1.7188221,1.6995798
1050,2026-05-11 16:10:25.155720,1.3391025,0.09232246,1.3420295,-4.0472875,-1.7188221,1.6995798
1051,2026-05-11 16:10:25.158326,1.3391025,0.09232246,1.3420295,-4.0472875,-1.7188221,1.6995798
1052,2026-05-11 16:10:25.161200,1.3391025,0.09232246,1.3420295,-4.0472875,-1.7188221,1.6995798
1053,2026-05-11 16:10:25.163910,1.3391025,0.09232246,1.3420295,-4.0472875,-1.7188221,1.6995798
1054,2026-05-11 16:10:25.167010,1.3391025,0.09232246,1.3420295,-4.1250205,-1.7400496,1.2379184
1055,2026-05-11 16:10:25.169928,1.5682622,0.12519024,1.4082528,-4.1250205,-1.7400496,1.2379184
1056,2026-05-11 16:10:25.172567,1.5682622,0.12519024,1.4082528,-4.1250205,-1.7400496,1.2379184
1057,2026-05-11 16:10:25.175288,1.5682622,0.12519024,1.4082528,-4.1250205,-1.7400496,1.2379184
1058,2026-05-11 16:10:25.178037,1.5682622,0.12519024,1.4082528,-4.1250205,-1.7400496,1.2379184
1059,2026-05-11 16:10:25.180622,1.5682622,0.12519024,1.4082528,-4.1250205,-1.7400496,1.2379184
1060,2026-05-11 16:10:25.183674,1.5682622,0.12519024,1.4082528,-4.1250205,-1.7400496,1.2379184
1061,2026-05-11 16:10:25.186535,1.5682622,0.12519024,1.4082528,-4.1250205,-1.7400496,1.2379184
1062,2026-05-11 16:10:25.189156,1.5682622,0.12519024,1.4082528,-4.1250205,-1.7400496,1.2379184
1063,2026-05-11 16:10:25.192095,1.7011358,0.14537434,1.566067,-4.1250205,-1.7400496,1.2379184
1064,2026-05-11 16:10:25.194954,1.7011358,0.14537434,1.566067,-4.138765,-1.7308867,0.6737844
1065,2026-05-11 16:10:25.197647,1.6036912,0.13519081,1.7078435,-4.138765,-1.7308867,0.6737844
1066,2026-05-11 16:10:25.200754,1.6036912,0.13519081,1.7078435,-4.138765,-1.7308867,0.6737844
1067,2026-05-11 16:10:25.203495,1.6036912,0.13519081,1.7078435,-4.138765,-1.7308867,0.6737844
1068,2026-05-11 16:10:25.206073,1.6036912,0.13519081,1.7078435,-4.138765,-1.7308867,0.6737844
1069,2026-05-11 16:10:25.208733,1.6036912,0.13519081,1.7078435,-4.138765,-1.7308867,0.6737844
1070,2026-05-11 16:10:25.211281,1.6036912,0.13519081,1.7078435,-4.138765,-1.7308867,0.6737844
1071,2026-05-11 16:10:25.214110,1.6036912,0.13519081,1.7078435,-4.138765,-1.7308867,0.6737844
1072,2026-05-11 16:10:25.217407,1.6036912,0.13519081,1.7078435,-3.9915462,-1.7029396,0.10354166
1073,2026-05-11 16:10:25.220359,1.6036912,0.13519081,1.7078435,-3.9915462,-1.7029396,0.10354166
1074,2026-05-11 16:10:25.223084,1.6036912,0.13519081,1.7078435,-3.9915462,-1.7029396,0.10354166
1075,2026-05-11 16:10:25.225676,1.6036912,0.13519081,1.7078435,-3.9915462,-1.7029396,0.10354166
1076,2026-05-11 16:10:25.228274,1.6036912,0.13519081,1.7078435,-3.9915462,-1.7029396,0.10354166
1077,2026-05-11 16:10:25.245170,1.2956244,0.08098034,1.7785183,-3.5023959,-1.7333301,-0.45112398
1078,2026-05-11 16:10:25.258464,1.2956244,0.08098034,1.7785183,-3.5023959,-1.7333301,-0.45112398
1079,2026-05-11 16:10:25.262826,1.1057962,0.043417167,1.8058981,-3.5023959,-1.7333301,-0.45112398
1080,2026-05-11 16:10:25.269256,1.1057962,0.043417167,1.8058981,-3.5023959,-1.7333301,-0.45112398
1081,2026-05-11 16:10:25.272089,1.1057962,0.043417167,1.8058981,-3.5023959,-1.7333301,-0.45112398
1082,2026-05-11 16:10:25.274711,1.1057962,0.043417167,1.8058981,-3.5023959,-1.7333301,-0.45112398
1083,2026-05-11 16:10:25.277551,1.1057962,0.043417167,1.8058981,-3.5023959,-1.7333301,-0.45112398
1084,2026-05-11 16:10:25.280155,1.1057962,0.043417167,1.8058981,-3.5023959,-1.7333301,-0.45112398
1085,2026-05-11 16:10:25.283177,1.1057962,0.043417167,1.8058981,-3.5023959,-1.7333301,-0.45112398
1086,2026-05-11 16:10:25.285868,1.1057962,0.043417167,1.8058981,-3.5023959,-1.7333301,-0.45112398
1087,2026-05-11 16:10:25.288620,1.1057962,0.043417167,1.8058981,-3.1916182,-1.8231273,-0.5222898
1088,2026-05-11 16:10:25.291399,1.1057962,0.043417167,1.8058981,-3.1916182,-1.8231273,-0.5222898
1089,2026-05-11 16:10:25.294186,1.1057962,0.043417167,1.8058981,-3.1916182,-1.8231273,-0.5222898
1090,2026-05-11 16:10:25.297091,1.1057962,0.043417167,1.8058981,-3.1916182,-1.8231273,-0.5222898
1091,2026-05-11 16:10:25.300287,1.1057962,0.043417167,1.8058981,-3.1916182,-1.8231273,-0.5222898
1092,2026-05-11 16:10:25.303206,1.1057962,0.043417167,1.8058981,-3.1916182,-1.8231273,-0.5222898
1093,2026-05-11 16:10:25.305893,0.810901,0.012561709,1.8815733,-2.5028677,-2.044566,-0.3817908
1094,2026-05-11 16:10:25.308807,0.810901,0.012561709,1.8815733,-2.0470095,-2.0303633,-0.22006421
1095,2026-05-11 16:10:25.311486,0.810901,0.012561709,1.8815733,-2.0470095,-2.0303633,-0.22006421
1096,2026-05-11 16:10:25.314154,0.810901,0.012561709,1.8815733,-2.0470095,-2.0303633,-0.22006421
1097,2026-05-11 16:10:25.317407,0.7894363,-0.0009756667,1.6507062,-2.0470095,-2.0303633,-0.22006421
1098,2026-05-11 16:10:25.320227,0.7894363,-0.0009756667,1.6507062,-2.0470095,-2.0303633,-0.22006421
1099,2026-05-11 16:10:25.322964,0.7894363,-0.0009756667,1.6507062,-2.0470095,-2.0303633,-0.22006421
1100,2026-05-11 16:10:25.325754,0.7894363,-0.0009756667,1.6507062,-1.9903517,-1.7789923,-0.12492194
1101,2026-05-11 16:10:25.328360,0.7894363,-0.0009756667,1.6507062,-1.9903517,-1.7789923,-0.12492194
1102,2026-05-11 16:10:25.331205,0.7894363,-0.0009756667,1.6507062,-1.9903517,-1.7789923,-0.12492194
1103,2026-05-11 16:10:25.334319,0.7894363,-0.0009756667,1.6507062,-1.9903517,-1.7789923,-0.12492194
1104,2026-05-11 16:10:25.337042,0.7894363,-0.0009756667,1.6507062,-1.9903517,-1.7789923,-0.12492194
1105,2026-05-11 16:10:25.339743,0.7894363,-0.0009756667,1.6507062,-1.9903517,-1.7789923,-0.12492194
1106,2026-05-11 16:10:25.342550,0.7894363,-0.0009756667,1.6507062,-1.9903517,-1.7789923,-0.12492194
1107,2026-05-11 16:10:25.345212,0.7894363,-0.0009756667,1.6507062,-1.9903517,-1.7789923,-0.12492194
1108,2026-05-11 16:10:25.347890,0.7894363,-0.0009756667,1.6507062,-1.9903517,-1.7789923,-0.12492194
1109,2026-05-11 16:10:25.350936,0.7894363,-0.0009756667,1.6507062,-1.9903517,-1.7789923,-0.12492194
1110,2026-05-11 16:10:25.353669,0.7894363,-0.0009756667,1.6507062,-1.9903517,-1.7789923,-0.12492194
1111,2026-05-11 16:10:25.356493,0.78791183,-0.023842854,1.6954038,-1.9903517,-1.7789923,-0.12492194
1112,2026-05-11 16:10:25.359101,0.78791183,-0.023842854,1.6954038,-1.9903517,-1.7789923,-0.12492194
1113,2026-05-11 16:10:25.362025,0.78791183,-0.023842854,1.6954038,-1.9903517,-1.7789923,-0.12492194
1114,2026-05-11 16:10:25.364668,0.78791183,-0.023842854,1.6954038,-2.3710735,-1.077719,0.008552114
1115,2026-05-11 16:10:25.367642,0.78791183,-0.023842854,1.6954038,-2.3710735,-1.077719,0.008552114
1116,2026-05-11 16:10:25.370348,0.78791183,-0.023842854,1.6954038,-2.3710735,-1.077719,0.008552114
1117,2026-05-11 16:10:25.372934,0.78791183,-0.023842854,1.6954038,-2.3710735,-1.077719,0.008552114
1118,2026-05-11 16:10:25.375672,0.78791183,-0.023842854,1.6954038,-2.3710735,-1.077719,0.008552114
1119,2026-05-11 16:10:25.378367,0.8178526,0.05573496,2.0263376,-2.4811819,-0.5006041,-0.11133019
1120,2026-05-11 16:10:25.380953,0.8178526,0.05573496,2.0263376,-2.4811819,-0.5006041,-0.11133019
1121,2026-05-11 16:10:25.384076,0.8178526,0.05573496,2.0263376,-2.4811819,-0.5006041,-0.11133019
1122,2026-05-11 16:10:25.386776,0.8178526,0.05573496,2.0263376,-2.4811819,-0.5006041,-0.11133019
1123,2026-05-11 16:10:25.389404,0.8178526,0.05573496,2.0263376,-2.4811819,-0.5006041,-0.11133019
1124,2026-05-11 16:10:25.392085,0.8178526,0.05573496,2.0263376,-2.4811819,-0.5006041,-0.11133019
1125,2026-05-11 16:10:25.394702,0.8178526,0.05573496,2.0263376,-2.4811819,-0.5006041,-0.11133019
1126,2026-05-11 16:10:25.397538,0.8178526,0.05573496,2.0263376,-2.4811819,-0.5006041,-0.11133019
1127,2026-05-11 16:10:25.400560,0.778643,0.071040735,2.32416,-2.1041253,-0.28771752,-0.19792034
1128,2026-05-11 16:10:25.403302,0.778643,0.071040735,2.32416,-2.1041253,-0.28771752,-0.19792034
1129,2026-05-11 16:10:25.406074,0.778643,0.071040735,2.32416,-2.1041253,-0.28771752,-0.19792034
1130,2026-05-11 16:10:25.408853,0.778643,0.071040735,2.32416,-2.1041253,-0.28771752,-0.19792034
1131,2026-05-11 16:10:25.411598,0.67314905,0.07896802,2.3583083,-1.6210836,-0.119729586,-0.2510656
1132,2026-05-11 16:10:25.414276,0.67314905,0.07896802,2.3583083,-0.37048978,0.3119994,-0.22250767
1133,2026-05-11 16:10:25.417270,0.6214387,0.078480184,2.3478808,-0.37048978,0.3119994,-0.22250767
1134,2026-05-11 16:10:25.420001,0.6214387,0.078480184,2.3478808,-0.37048978,0.3119994,-0.22250767
1135,2026-05-11 16:10:25.422803,0.6214387,0.078480184,2.3478808,-0.37048978,0.3119994,-0.22250767
1136,2026-05-11 16:10:25.425541,0.6214387,0.078480184,2.3478808,-0.37048978,0.3119994,-0.22250767
1137,2026-05-11 16:10:25.428210,0.6214387,0.078480184,2.3478808,-0.37048978,0.3119994,-0.22250767
1138,2026-05-11 16:10:25.430859,0.6214387,0.078480184,2.3478808,-0.37048978,0.3119994,-0.22250767
1139,2026-05-11 16:10:25.433831,0.6214387,0.078480184,2.3478808,-0.37048978,0.3119994,-0.22250767
1140,2026-05-11 16:10:25.436696,0.6214387,0.078480184,2.3478808,-0.37048978,0.3119994,-0.22250767
1141,2026-05-11 16:10:25.439572,0.6214387,0.078480184,2.3478808,0.20173825,0.7609854,-0.14966199
1142,2026-05-11 16:10:25.442214,0.6214387,0.078480184,2.3478808,0.20173825,0.7609854,-0.14966199
1143,2026-05-11 16:10:25.445039,0.6214387,0.078480184,2.3478808,0.20173825,0.7609854,-0.14966199
1144,2026-05-11 16:10:25.447729,0.6214387,0.078480184,2.3478808,0.20173825,0.7609854,-0.14966199
1145,2026-05-11 16:10:25.450803,0.6214387,0.078480184,2.3478808,0.20173825,0.7609854,-0.14966199
1146,2026-05-11 16:10:25.453580,0.6214387,0.078480184,2.3478808,0.20173825,0.7609854,-0.14966199
1147,2026-05-11 16:10:25.456333,0.5665574,0.06085721,2.2371428,0.20173825,0.7609854,-0.14966199
1148,2026-05-11 16:10:25.458917,0.5665574,0.06085721,2.2371428,0.20173825,0.7609854,-0.14966199
1149,2026-05-11 16:10:25.461859,0.5182619,0.070065066,2.023228,0.20173825,0.7609854,-0.14966199
1150,2026-05-11 16:10:25.464558,0.5182619,0.070065066,2.023228,0.20173825,0.7609854,-0.14966199
1151,2026-05-11 16:10:25.467588,0.5182619,0.070065066,2.023228,0.73426,1.4344643,-0.05131268
1152,2026-05-11 16:10:25.470403,0.5182619,0.070065066,2.023228,0.73426,1.4344643,-0.05131268
1153,2026-05-11 16:10:25.473107,0.5182619,0.070065066,2.023228,0.73426,1.4344643,-0.05131268
1154,2026-05-11 16:10:25.475699,0.5182619,0.070065066,2.023228,0.73426,1.4344643,-0.05131268
1155,2026-05-11 16:10:25.478415,0.5182619,0.070065066,2.023228,0.73426,1.4344643,-0.05131268
1156,2026-05-11 16:10:25.481015,0.5182619,0.070065066,2.023228,0.73426,1.4344643,-0.05131268
1157,2026-05-11 16:10:25.484125,0.5182619,0.070065066,2.023228,0.73426,1.4344643,-0.05131268
1158,2026-05-11 16:10:25.486862,0.5182619,0.070065066,2.023228,0.73426,1.4344643,-0.05131268
1159,2026-05-11 16:10:25.489641,0.5182619,0.070065066,2.023228,0.73426,1.4344643,-0.05131268
1160,2026-05-11 16:10:25.492285,0.5182619,0.070065066,2.023228,0.73426,1.4344643,-0.05131268
1161,2026-05-11 16:10:25.494894,0.5182619,0.070065066,2.023228,0.73426,1.4344643,-0.05131268
1162,2026-05-11 16:10:25.497668,0.5182619,0.070065066,2.023228,0.73426,1.4344643,-0.05131268
1163,2026-05-11 16:10:25.500742,0.5182619,0.070065066,2.023228,0.73426,1.4344643,-0.05131268
1164,2026-05-11 16:10:25.503465,0.5182619,0.070065066,2.023228,0.73426,1.4344643,-0.05131268
1165,2026-05-11 16:10:25.506082,0.5182619,0.070065066,2.023228,0.73426,1.4344643,-0.05131268
1166,2026-05-11 16:10:25.508802,0.509298,0.08463909,1.8713286,0.87369,1.623527,-0.026572637
1167,2026-05-11 16:10:25.511528,0.509298,0.08463909,1.8713286,0.87369,1.623527,-0.026572637
1168,2026-05-11 16:10:25.514115,0.509298,0.08463909,1.8713286,0.87369,1.623527,-0.026572637
1169,2026-05-11 16:10:25.517267,0.509298,0.08463909,1.8713286,0.87369,1.623527,-0.026572637
1170,2026-05-11 16:10:25.519991,0.509298,0.08463909,1.8713286,0.87369,1.623527,-0.026572637
1171,2026-05-11 16:10:25.522742,0.509298,0.08463909,1.8713286,0.87369,1.623527,-0.026572637
1172,2026-05-11 16:10:25.525451,0.509298,0.08463909,1.8713286,0.87369,1.623527,-0.026572637
1173,2026-05-11 16:10:25.528046,0.509298,0.08463909,1.8713286,0.87369,1.623527,-0.026572637
1174,2026-05-11 16:10:25.530788,0.509298,0.08463909,1.8713286,0.87369,1.623527,-0.026572637
1175,2026-05-11 16:10:25.533694,0.509298,0.08463909,1.8713286,0.87369,1.623527,-0.026572637
1176,2026-05-11 16:10:25.536399,0.509298,0.08463909,1.8713286,0.87369,1.623527,-0.026572637
1177,2026-05-11 16:10:25.539137,0.51204205,0.08232188,1.7491266,0.87369,1.623527,-0.026572637
1178,2026-05-11 16:10:25.541750,0.51204205,0.08232188,1.7491266,0.87369,1.623527,-0.026572637
1179,2026-05-11 16:10:25.544504,0.51204205,0.08232188,1.7491266,0.87369,1.623527,-0.026572637
1180,2026-05-11 16:10:25.547191,0.52686,0.084212236,1.6532671,1.012051,1.8051068,-0.014049901
1181,2026-05-11 16:10:25.550536,0.52686,0.084212236,1.6532671,1.0676397,1.8403842,-0.022449298
1182,2026-05-11 16:10:25.553384,0.52686,0.084212236,1.6532671,1.0676397,1.8403842,-0.022449298
1183,2026-05-11 16:10:25.556024,0.52686,0.084212236,1.6532671,1.0676397,1.8403842,-0.022449298
1184,2026-05-11 16:10:25.558776,0.52686,0.084212236,1.6532671,1.0676397,1.8403842,-0.022449298
1185,2026-05-11 16:10:25.561615,0.57338715,0.095615335,1.5809458,1.1158981,1.7993035,-0.079107046
1186,2026-05-11 16:10:25.564317,0.57338715,0.095615335,1.5809458,1.1158981,1.7993035,-0.079107046
1187,2026-05-11 16:10:25.567638,0.57338715,0.095615335,1.5809458,1.1158981,1.7993035,-0.079107046
1188,2026-05-11 16:10:25.570389,0.57338715,0.095615335,1.5809458,1.1158981,1.7993035,-0.079107046
1189,2026-05-11 16:10:25.573003,0.57338715,0.095615335,1.5809458,1.1158981,1.7993035,-0.079107046
1190,2026-05-11 16:10:25.575618,0.57338715,0.095615335,1.5809458,1.1158981,1.7993035,-0.079107046
1191,2026-05-11 16:10:25.578201,0.57338715,0.095615335,1.5809458,1.1158981,1.7993035,-0.079107046
1192,2026-05-11 16:10:25.580768,0.57338715,0.095615335,1.5809458,1.1158981,1.7993035,-0.079107046
1193,2026-05-11 16:10:25.583874,0.57338715,0.095615335,1.5809458,1.1158981,1.7993035,-0.079107046
1194,2026-05-11 16:10:25.586645,0.57338715,0.095615335,1.5809458,1.1158981,1.7993035,-0.079107046
1195,2026-05-11 16:10:25.589350,0.57338715,0.095615335,1.5809458,1.1494957,1.7570012,-0.17608191
1196,2026-05-11 16:10:25.592151,0.57338715,0.095615335,1.5809458,1.1494957,1.7570012,-0.17608191
1197,2026-05-11 16:10:25.594759,0.57338715,0.095615335,1.5809458,1.1494957,1.7570012,-0.17608191
1198,2026-05-11 16:10:25.597280,0.57338715,0.095615335,1.5809458,1.1494957,1.7570012,-0.17608191
1199,2026-05-11 16:10:25.600220,0.57338715,0.095615335,1.5809458,1.1494957,1.7570012,-0.17608191
1200,2026-05-11 16:10:25.603035,0.57338715,0.095615335,1.5809458,1.1494957,1.7570012,-0.17608191
1201,2026-05-11 16:10:25.605762,0.6446108,0.104945146,1.5875926,1.1494957,1.7570012,-0.17608191
1202,2026-05-11 16:10:25.608345,0.6446108,0.104945146,1.5875926,1.1494957,1.7570012,-0.17608191
1203,2026-05-11 16:10:25.610978,0.6446108,0.104945146,1.5875926,1.1494957,1.7570012,-0.17608191
1204,2026-05-11 16:10:25.613621,0.7216275,0.11250656,1.6210092,1.2089024,1.7537941,-0.35934147
1205,2026-05-11 16:10:25.616716,0.7332745,0.1009815,1.6570479,1.3096951,1.8214475,-0.5861252
1206,2026-05-11 16:10:25.619587,0.7332745,0.1009815,1.6570479,1.3096951,1.8214475,-0.5861252
1207,2026-05-11 16:10:25.622218,0.7332745,0.1009815,1.6570479,1.3096951,1.8214475,-0.5861252
1208,2026-05-11 16:10:25.624769,0.7332745,0.1009815,1.6570479,1.3096951,1.8214475,-0.5861252
1209,2026-05-11 16:10:25.627491,0.7332745,0.1009815,1.6570479,1.3096951,1.8214475,-0.5861252
1210,2026-05-11 16:10:25.630030,0.7332745,0.1009815,1.6570479,1.3096951,1.8214475,-0.5861252
1211,2026-05-11 16:10:25.632636,0.7332745,0.1009815,1.6570479,1.3096951,1.8214475,-0.5861252
1212,2026-05-11 16:10:25.635884,0.7332745,0.1009815,1.6570479,1.3096951,1.8214475,-0.5861252
1213,2026-05-11 16:10:25.638550,0.72351784,0.07543123,1.6725366,1.3096951,1.8214475,-0.5861252
1214,2026-05-11 16:10:25.641460,0.72351784,0.07543123,1.6725366,1.3800973,1.8994855,-0.6977608
1215,2026-05-11 16:10:25.644178,0.72351784,0.07543123,1.6725366,1.3800973,1.8994855,-0.6977608
1216,2026-05-11 16:10:25.646849,0.72351784,0.07543123,1.6725366,1.3800973,1.8994855,-0.6977608
1217,2026-05-11 16:10:25.649803,0.72351784,0.07543123,1.6725366,1.3800973,1.8994855,-0.6977608
1218,2026-05-11 16:10:25.652730,0.72351784,0.07543123,1.6725366,1.3800973,1.8994855,-0.6977608
1219,2026-05-11 16:10:25.655441,0.6021693,-0.040429186,1.6167407,1.5209018,2.1288655,-0.8142834
1220,2026-05-11 16:10:25.658046,0.6021693,-0.040429186,1.6167407,1.5209018,2.1288655,-0.8142834
1221,2026-05-11 16:10:25.660863,0.6021693,-0.040429186,1.6167407,1.5209018,2.1288655,-0.8142834
1222,2026-05-11 16:10:25.663497,0.6021693,-0.040429186,1.6167407,1.5641204,2.3741279,-0.75579304
1223,2026-05-11 16:10:25.666561,0.64564747,-0.050612707,1.6100329,1.5641204,2.3741279,-0.75579304
1224,2026-05-11 16:10:25.669661,0.64564747,-0.050612707,1.6100329,1.5641204,2.3741279,-0.75579304
1225,2026-05-11 16:10:25.672427,0.64564747,-0.050612707,1.6100329,1.5641204,2.3741279,-0.75579304
1226,2026-05-11 16:10:25.675207,0.64564747,-0.050612707,1.6100329,1.5641204,2.3741279,-0.75579304
1227,2026-05-11 16:10:25.677804,0.64564747,-0.050612707,1.6100329,1.5641204,2.3741279,-0.75579304
1228,2026-05-11 16:10:25.680437,0.64564747,-0.050612707,1.6100329,1.5641204,2.3741279,-0.75579304
1229,2026-05-11 16:10:25.683308,0.64564747,-0.050612707,1.6100329,1.5641204,2.3741279,-0.75579304
1230,2026-05-11 16:10:25.686350,0.64564747,-0.050612707,1.6100329,1.5641204,2.3741279,-0.75579304
1231,2026-05-11 16:10:25.689014,0.64564747,-0.050612707,1.6100329,1.5685493,2.5439484,-0.6479753
1232,2026-05-11 16:10:25.691593,0.64564747,-0.050612707,1.6100329,1.5685493,2.5439484,-0.6479753
1233,2026-05-11 16:10:25.694372,0.64564747,-0.050612707,1.6100329,1.5685493,2.5439484,-0.6479753
1234,2026-05-11 16:10:25.696934,0.64564747,-0.050612707,1.6100329,1.5685493,2.5439484,-0.6479753
1235,2026-05-11 16:10:25.700005,0.64564747,-0.050612707,1.6100329,1.5685493,2.5439484,-0.6479753
1236,2026-05-11 16:10:25.702774,0.64564747,-0.050612707,1.6100329,1.5685493,2.5439484,-0.6479753
1237,2026-05-11 16:10:25.705379,0.64564747,-0.050612707,1.6100329,1.5685493,2.5439484,-0.6479753
1238,2026-05-11 16:10:25.707963,0.64564747,-0.050612707,1.6100329,1.5685493,2.5439484,-0.6479753
1239,2026-05-11 16:10:25.710522,0.64564747,-0.050612707,1.6100329,1.5685493,2.5439484,-0.6479753
1240,2026-05-11 16:10:25.713270,0.64564747,-0.050612707,1.6100329,1.5685493,2.5439484,-0.6479753
1241,2026-05-11 16:10:25.716024,0.64564747,-0.050612707,1.6100329,1.5685493,2.5439484,-0.6479753
1242,2026-05-11 16:10:25.719006,0.64564747,-0.050612707,1.6100329,1.6308575,2.6752844,-0.61621034
1243,2026-05-11 16:10:25.721612,0.64564747,-0.050612707,1.6100329,1.6308575,2.6752844,-0.61621034
1244,2026-05-11 16:10:25.724433,0.64564747,-0.050612707,1.6100329,1.6308575,2.6752844,-0.61621034
1245,2026-05-11 16:10:25.727095,0.64564747,-0.050612707,1.6100329,1.6308575,2.6752844,-0.61621034
1246,2026-05-11 16:10:25.729888,0.64564747,-0.050612707,1.6100329,1.6308575,2.6752844,-0.61621034
1247,2026-05-11 16:10:25.732490,0.64564747,-0.050612707,1.6100329,1.6308575,2.6752844,-0.61621034
1248,2026-05-11 16:10:25.735708,0.8373049,-0.031770147,1.654182,1.6308575,2.6752844,-0.61621034
1249,2026-05-11 16:10:25.738515,0.8373049,-0.031770147,1.654182,1.6308575,2.6752844,-0.61621034
1250,2026-05-11 16:10:25.741110,0.8373049,-0.031770147,1.654182,1.6308575,2.6752844,-0.61621034
1251,2026-05-11 16:10:25.743792,0.8373049,-0.031770147,1.654182,1.6308575,2.6752844,-0.61621034
1252,2026-05-11 16:10:25.746539,0.8373049,-0.031770147,1.654182,1.6308575,2.6752844,-0.61621034
1253,2026-05-11 16:10:25.749304,0.8373049,-0.031770147,1.654182,1.6308575,2.6752844,-0.61621034
1254,2026-05-11 16:10:25.752513,0.8373049,-0.031770147,1.654182,1.6308575,2.6752844,-0.61621034
1255,2026-05-11 16:10:25.755130,0.8373049,-0.031770147,1.654182,1.6308575,2.6752844,-0.61621034
1256,2026-05-11 16:10:25.758001,0.8373049,-0.031770147,1.654182,1.7275269,2.719572,-0.71853024
1257,2026-05-11 16:10:25.760850,0.8373049,-0.031770147,1.654182,1.7275269,2.719572,-0.71853024
1258,2026-05-11 16:10:25.763554,0.92749316,-0.020732917,1.69205,1.9462167,2.888171,-0.95432425
1259,2026-05-11 16:10:25.766441,0.92749316,-0.020732917,1.69205,1.9462167,2.888171,-0.95432425
1260,2026-05-11 16:10:25.769551,0.92749316,-0.020732917,1.69205,1.9462167,2.888171,-0.95432425
1261,2026-05-11 16:10:25.772299,0.92749316,-0.020732917,1.69205,1.9462167,2.888171,-0.95432425
1262,2026-05-11 16:10:25.775071,0.8213284,-0.089517415,1.6155211,1.9462167,2.888171,-0.95432425
1263,2026-05-11 16:10:25.777854,0.7063217,-0.12799528,1.5326505,2.0450242,3.1479414,-1.0166324
1264,2026-05-11 16:10:25.780498,0.7063217,-0.12799528,1.5326505,2.0442605,3.3971744,-0.93722
1265,2026-05-11 16:10:25.783428,0.7063217,-0.12799528,1.5326505,2.0442605,3.3971744,-0.93722
1266,2026-05-11 16:10:25.786528,0.7063217,-0.12799528,1.5326505,2.0442605,3.3971744,-0.93722
1267,2026-05-11 16:10:25.789289,0.6991262,-0.13781293,1.4814888,2.0442605,3.3971744,-0.93722
1268,2026-05-11 16:10:25.791942,0.6991262,-0.13781293,1.4814888,2.0442605,3.3971744,-0.93722
1269,2026-05-11 16:10:25.794540,0.6991262,-0.13781293,1.4814888,2.0442605,3.3971744,-0.93722
1270,2026-05-11 16:10:25.797272,0.6991262,-0.13781293,1.4814888,2.0442605,3.3971744,-0.93722
1271,2026-05-11 16:10:25.800518,0.6991262,-0.13781293,1.4814888,2.0442605,3.3971744,-0.93722
1272,2026-05-11 16:10:25.803365,0.6991262,-0.13781293,1.4814888,2.0442605,3.3971744,-0.93722
1273,2026-05-11 16:10:25.806097,0.6991262,-0.13781293,1.4814888,1.9897408,3.7126863,-0.7643451
1274,2026-05-11 16:10:25.808709,0.6991262,-0.13781293,1.4814888,1.9897408,3.7126863,-0.7643451
1275,2026-05-11 16:10:25.811273,0.6991262,-0.13781293,1.4814888,1.9897408,3.7126863,-0.7643451
1276,2026-05-11 16:10:25.814125,0.6991262,-0.13781293,1.4814888,1.9897408,3.7126863,-0.7643451
1277,2026-05-11 16:10:25.817239,0.6991262,-0.13781293,1.4814888,1.9897408,3.7126863,-0.7643451
1278,2026-05-11 16:10:25.820069,0.6991262,-0.13781293,1.4814888,1.9897408,3.7126863,-0.7643451
1279,2026-05-11 16:10:25.822799,0.76266646,-0.110006414,1.4424013,1.9637791,4.0071235,-0.623388
1280,2026-05-11 16:10:25.825424,0.76266646,-0.110006414,1.4424013,1.9637791,4.0071235,-0.623388
1281,2026-05-11 16:10:25.827990,0.76266646,-0.110006414,1.4424013,1.9637791,4.0071235,-0.623388
1282,2026-05-11 16:10:25.830814,0.76266646,-0.110006414,1.4424013,1.9637791,4.0071235,-0.623388
1283,2026-05-11 16:10:25.833957,0.79150957,-0.09957898,1.4264857,1.9637791,4.0071235,-0.623388
1284,2026-05-11 16:10:25.836823,0.79150957,-0.09957898,1.4264857,1.9819523,4.023311,-0.61712664
1285,2026-05-11 16:10:25.839475,0.79150957,-0.09957898,1.4264857,1.9819523,4.023311,-0.61712664
1286,2026-05-11 16:10:25.842054,0.79150957,-0.09957898,1.4264857,1.9819523,4.023311,-0.61712664
1287,2026-05-11 16:10:25.844901,0.79150957,-0.09957898,1.4264857,1.9819523,4.023311,-0.61712664
1288,2026-05-11 16:10:25.847504,0.79150957,-0.09957898,1.4264857,1.9819523,4.023311,-0.61712664
1289,2026-05-11 16:10:25.850417,0.79150957,-0.09957898,1.4264857,1.9819523,4.023311,-0.61712664
1290,2026-05-11 16:10:25.853333,0.79150957,-0.09957898,1.4264857,1.9819523,4.023311,-0.61712664
1291,2026-05-11 16:10:25.855954,0.79150957,-0.09957898,1.4264857,1.9819523,4.023311,-0.61712664
1292,2026-05-11 16:10:25.858612,0.79150957,-0.09957898,1.4264857,1.9819523,4.023311,-0.61712664
1293,2026-05-11 16:10:25.861387,0.79150957,-0.09957898,1.4264857,1.9819523,4.023311,-0.61712664
1294,2026-05-11 16:10:25.863981,0.79150957,-0.09957898,1.4264857,1.9819523,4.023311,-0.61712664
1295,2026-05-11 16:10:25.866999,0.79150957,-0.09957898,1.4264857,1.9819523,4.023311,-0.61712664
1296,2026-05-11 16:10:25.869786,0.79150957,-0.09957898,1.4264857,1.9819523,4.023311,-0.61712664
1297,2026-05-11 16:10:25.872411,0.79150957,-0.09957898,1.4264857,1.9819523,4.023311,-0.61712664
1298,2026-05-11 16:10:25.875183,0.79150957,-0.09957898,1.4264857,1.9819523,4.023311,-0.61712664
1299,2026-05-11 16:10:25.877790,0.79150957,-0.09957898,1.4264857,1.9819523,4.023311,-0.61712664
1300,2026-05-11 16:10:25.880608,0.79150957,-0.09957898,1.4264857,1.9819523,4.023311,-0.61712664
1301,2026-05-11 16:10:25.883908,0.8876737,-0.06500379,1.3943497,1.9819523,4.023311,-0.61712664
1302,2026-05-11 16:10:25.886737,0.8876737,-0.06500379,1.3943497,1.9819523,4.023311,-0.61712664
1303,2026-05-11 16:10:25.889543,0.8876737,-0.06500379,1.3943497,2.046704,3.9495492,-0.6753115
1304,2026-05-11 16:10:25.892326,0.8876737,-0.06500379,1.3943497,2.046704,3.9495492,-0.6753115
1305,2026-05-11 16:10:25.895009,0.8876737,-0.06500379,1.3943497,2.1287127,3.9185479,-0.8407033
1306,2026-05-11 16:10:25.897664,0.8876737,-0.06500379,1.3943497,2.1287127,3.9185479,-0.8407033
1307,2026-05-11 16:10:25.900982,0.8876737,-0.06500379,1.3943497,2.1287127,3.9185479,-0.8407033
1308,2026-05-11 16:10:25.903801,0.89060074,-0.06097917,1.3802025,2.1287127,3.9185479,-0.8407033
1309,2026-05-11 16:10:25.906455,0.89060074,-0.06097917,1.3802025,2.1287127,3.9185479,-0.8407033
1310,2026-05-11 16:10:25.909220,0.89060074,-0.06097917,1.3802025,2.1287127,3.9185479,-0.8407033
1311,2026-05-11 16:10:25.911900,0.89060074,-0.06097917,1.3802025,2.1287127,3.9185479,-0.8407033
1312,2026-05-11 16:10:25.914707,0.63650054,-0.08726119,1.3426393,2.3289237,3.9205332,-0.9118691
1313,2026-05-11 16:10:25.917716,0.63650054,-0.08726119,1.3426393,2.3289237,3.9205332,-0.9118691
1314,2026-05-11 16:10:25.920605,0.63650054,-0.08726119,1.3426393,2.3289237,3.9205332,-0.9118691
1315,2026-05-11 16:10:25.923338,0.63650054,-0.08726119,1.3426393,2.3289237,3.9205332,-0.9118691
1316,2026-05-11 16:10:25.925933,0.63650054,-0.08726119,1.3426393,2.3289237,3.9205332,-0.9118691
1317,2026-05-11 16:10:25.928739,0.63650054,-0.08726119,1.3426393,2.3289237,3.9205332,-0.9118691
1318,2026-05-11 16:10:25.931521,0.5979617,-0.07604102,1.3371512,2.4831672,3.857614,-0.79076505
1319,2026-05-11 16:10:25.934836,0.63357353,-0.061345045,1.340749,2.574797,3.8026361,-0.73532903
1320,2026-05-11 16:10:25.937720,0.63357353,-0.061345045,1.340749,2.574797,3.8026361,-0.73532903
1321,2026-05-11 16:10:25.940381,0.63357353,-0.061345045,1.340749,2.7747025,3.7001636,-0.72692966
1322,2026-05-11 16:10:25.942942,0.63357353,-0.061345045,1.340749,2.7747025,3.7001636,-0.72692966
1323,2026-05-11 16:10:25.945534,0.63357353,-0.061345045,1.340749,2.7747025,3.7001636,-0.72692966
1324,2026-05-11 16:10:25.948096,0.63357353,-0.061345045,1.340749,2.7747025,3.7001636,-0.72692966
1325,2026-05-11 16:10:25.951122,0.63357353,-0.061345045,1.340749,2.7747025,3.7001636,-0.72692966
1326,2026-05-11 16:10:25.953907,0.63357353,-0.061345045,1.340749,2.7747025,3.7001636,-0.72692966
1327,2026-05-11 16:10:25.956540,0.63357353,-0.061345045,1.340749,2.7747025,3.7001636,-0.72692966
1328,2026-05-11 16:10:25.959391,0.63357353,-0.061345045,1.340749,2.7747025,3.7001636,-0.72692966
1329,2026-05-11 16:10:25.962123,0.63357353,-0.061345045,1.340749,2.7747025,3.7001636,-0.72692966
1330,2026-05-11 16:10:25.964766,0.63357353,-0.061345045,1.340749,2.7747025,3.7001636,-0.72692966
1331,2026-05-11 16:10:25.967746,0.63357353,-0.061345045,1.340749,2.7747025,3.7001636,-0.72692966
1332,2026-05-11 16:10:25.970582,0.63357353,-0.061345045,1.340749,2.7747025,3.7001636,-0.72692966
1333,2026-05-11 16:10:25.973279,0.7633372,-0.05646671,1.3539205,2.9095511,3.7372735,-0.7635816
1334,2026-05-11 16:10:25.975952,0.7633372,-0.05646671,1.3539205,2.9095511,3.7372735,-0.7635816
1335,2026-05-11 16:10:25.978595,0.7633372,-0.05646671,1.3539205,2.9095511,3.7372735,-0.7635816
1336,2026-05-11 16:10:25.981297,0.7633372,-0.05646671,1.3539205,2.9095511,3.7372735,-0.7635816
1337,2026-05-11 16:10:25.984169,0.7633372,-0.05646671,1.3539205,2.9095511,3.7372735,-0.7635816
1338,2026-05-11 16:10:25.986979,0.7633372,-0.05646671,1.3539205,2.9095511,3.7372735,-0.7635816
1339,2026-05-11 16:10:25.989542,0.7633372,-0.05646671,1.3539205,2.9095511,3.7372735,-0.7635816
1340,2026-05-11 16:10:25.992098,0.7633372,-0.05646671,1.3539205,2.9095511,3.7372735,-0.7635816
1341,2026-05-11 16:10:25.994863,0.883954,0.03652652,1.293795,2.9492574,3.8515053,-1.1337659
1342,2026-05-11 16:10:25.997436,0.883954,0.03652652,1.293795,2.9492574,3.8515053,-1.1337659
1343,2026-05-11 16:10:26.000494,0.883954,0.03652652,1.293795,2.9492574,3.8515053,-1.1337659
1344,2026-05-11 16:10:26.003241,0.883954,0.03652652,1.293795,2.9492574,3.8515053,-1.1337659
1345,2026-05-11 16:10:26.005804,0.883954,0.03652652,1.293795,2.9492574,3.8515053,-1.1337659
1346,2026-05-11 16:10:26.008389,0.883954,0.03652652,1.293795,2.9492574,3.8515053,-1.1337659
1347,2026-05-11 16:10:26.011255,0.883954,0.03652652,1.293795,2.9492574,3.8515053,-1.1337659
1348,2026-05-11 16:10:26.013863,0.883954,0.03652652,1.293795,2.9492574,3.8515053,-1.1337659
1349,2026-05-11 16:10:26.016795,0.883954,0.03652652,1.293795,2.9492574,3.8515053,-1.1337659
1350,2026-05-11 16:10:26.019710,0.883954,0.03652652,1.293795,2.9492574,3.8515053,-1.1337659
1351,2026-05-11 16:10:26.022367,0.883954,0.03652652,1.293795,2.9492574,3.8515053,-1.1337659
1352,2026-05-11 16:10:26.024941,0.883954,0.03652652,1.293795,2.9492574,3.8515053,-1.1337659
1353,2026-05-11 16:10:26.027667,0.883954,0.03652652,1.293795,2.9492574,3.8515053,-1.1337659
1354,2026-05-11 16:10:26.030338,0.77089864,0.02859923,1.2363527,2.926808,3.9193115,-1.2551754
1355,2026-05-11 16:10:26.033300,0.77089864,0.02859923,1.2363527,2.926808,3.9193115,-1.2551754
1356,2026-05-11 16:10:26.036235,0.77089864,0.02859923,1.2363527,2.926808,3.9193115,-1.2551754
1357,2026-05-11 16:10:26.038920,0.77089864,0.02859923,1.2363527,2.926808,3.9193115,-1.2551754
1358,2026-05-11 16:10:26.041665,0.77089864,0.02859923,1.2363527,2.926808,3.9193115,-1.2551754
1359,2026-05-11 16:10:26.044376,0.77089864,0.02859923,1.2363527,2.926808,3.9193115,-1.2551754
1360,2026-05-11 16:10:26.047008,0.77089864,0.02859923,1.2363527,2.926808,3.9193115,-1.2551754
1361,2026-05-11 16:10:26.050215,0.77089864,0.02859923,1.2363527,2.666274,3.876398,-1.2269229
1362,2026-05-11 16:10:26.053047,0.77089864,0.02859923,1.2363527,2.666274,3.876398,-1.2269229
1363,2026-05-11 16:10:26.055618,0.77089864,0.02859923,1.2363527,2.666274,3.876398,-1.2269229
1364,2026-05-11 16:10:26.058353,0.77089864,0.02859923,1.2363527,2.666274,3.876398,-1.2269229
1365,2026-05-11 16:10:26.061025,0.47929627,0.042380523,1.1388469,2.666274,3.876398,-1.2269229
1366,2026-05-11 16:10:26.063714,0.47929627,0.042380523,1.1388469,2.666274,3.876398,-1.2269229
1367,2026-05-11 16:10:26.066669,0.47929627,0.042380523,1.1388469,2.666274,3.876398,-1.2269229
1368,2026-05-11 16:10:26.069625,0.47929627,0.042380523,1.1388469,2.666274,3.876398,-1.2269229
1369,2026-05-11 16:10:26.072268,0.47929627,0.042380523,1.1388469,2.666274,3.876398,-1.2269229
1370,2026-05-11 16:10:26.074896,0.4867967,0.0892735,1.2485484,2.3947444,3.8475347,-1.0435106
1371,2026-05-11 16:10:26.077591,0.4867967,0.0892735,1.2485484,2.3947444,3.8475347,-1.0435106
1372,2026-05-11 16:10:26.080153,0.4867967,0.0892735,1.2485484,2.3947444,3.8475347,-1.0435106
1373,2026-05-11 16:10:26.082835,0.4867967,0.0892735,1.2485484,2.3947444,3.8475347,-1.0435106
1374,2026-05-11 16:10:26.086027,0.4867967,0.0892735,1.2485484,2.3780985,3.7636936,-0.990518
1375,2026-05-11 16:10:26.088753,0.5230183,0.12683667,1.422583,2.3780985,3.7636936,-0.990518
1376,2026-05-11 16:10:26.091630,0.5230183,0.12683667,1.422583,2.3780985,3.7636936,-0.990518
1377,2026-05-11 16:10:26.094452,0.5230183,0.12683667,1.422583,2.6806295,3.8571558,-0.9816604
1378,2026-05-11 16:10:26.097314,0.5499101,0.06250364,1.6221678,2.6806295,3.8571558,-0.9816604
1379,2026-05-11 16:10:26.100598,0.5499101,0.06250364,1.6221678,2.6806295,3.8571558,-0.9816604
1380,2026-05-11 16:10:26.103348,0.5499101,0.06250364,1.6221678,2.6806295,3.8571558,-0.9816604
1381,2026-05-11 16:10:26.106276,0.57710683,-0.00804925,1.700465,2.6806295,3.8571558,-0.9816604
1382,2026-05-11 16:10:26.109060,0.57710683,-0.00804925,1.700465,2.6806295,3.8571558,-0.9816604
1383,2026-05-11 16:10:26.111927,0.57710683,-0.00804925,1.700465,2.6806295,3.8571558,-0.9816604
1384,2026-05-11 16:10:26.114629,0.57710683,-0.00804925,1.700465,2.6806295,3.8571558,-0.9816604
1385,2026-05-11 16:10:26.117719,0.57710683,-0.00804925,1.700465,2.6806295,3.8571558,-0.9816604
1386,2026-05-11 16:10:26.120556,0.57710683,-0.00804925,1.700465,2.6806295,3.8571558,-0.9816604
1387,2026-05-11 16:10:26.123311,0.57710683,-0.00804925,1.700465,2.6806295,3.8571558,-0.9816604
1388,2026-05-11 16:10:26.126072,0.57710683,-0.00804925,1.700465,2.6806295,3.8571558,-0.9816604
1389,2026-05-11 16:10:26.128705,0.57710683,-0.00804925,1.700465,3.0534098,4.114177,-0.9983065
1390,2026-05-11 16:10:26.131431,0.57710683,-0.00804925,1.700465,3.0534098,4.114177,-0.9983065
1391,2026-05-11 16:10:26.134488,0.57710683,-0.00804925,1.700465,3.0534098,4.114177,-0.9983065
1392,2026-05-11 16:10:26.137255,0.57710683,-0.00804925,1.700465,3.0534098,4.114177,-0.9983065
1393,2026-05-11 16:10:26.139943,0.57710683,-0.00804925,1.700465,3.0534098,4.114177,-0.9983065
1394,2026-05-11 16:10:26.142528,0.57710683,-0.00804925,1.700465,3.0534098,4.114177,-0.9983065
1395,2026-05-11 16:10:26.145350,0.57710683,-0.00804925,1.700465,3.0534098,4.114177,-0.9983065
1396,2026-05-11 16:10:26.148014,0.57710683,-0.00804925,1.700465,3.0534098,4.114177,-0.9983065
1397,2026-05-11 16:10:26.150963,0.57710683,-0.00804925,1.700465,3.0534098,4.114177,-0.9983065
1398,2026-05-11 16:10:26.153615,0.57710683,-0.00804925,1.700465,3.0534098,4.114177,-0.9983065
1399,2026-05-11 16:10:26.156175,0.57710683,-0.00804925,1.700465,3.0534098,4.114177,-0.9983065
1400,2026-05-11 16:10:26.158706,0.57710683,-0.00804925,1.700465,3.0534098,4.114177,-0.9983065
1401,2026-05-11 16:10:26.161321,0.57710683,-0.00804925,1.700465,3.0534098,4.114177,-0.9983065
1402,2026-05-11 16:10:26.163902,0.57710683,-0.00804925,1.700465,3.0534098,4.114177,-0.9983065
1403,2026-05-11 16:10:26.167060,0.57710683,-0.00804925,1.700465,3.0534098,4.114177,-0.9983065
1404,2026-05-11 16:10:26.169850,0.57710683,-0.00804925,1.700465,3.0534098,4.114177,-0.9983065
1405,2026-05-11 16:10:26.172440,0.57710683,-0.00804925,1.700465,3.0534098,4.114177,-0.9983065
1406,2026-05-11 16:10:26.175420,0.57710683,-0.00804925,1.700465,3.0534098,4.114177,-0.9983065
1407,2026-05-11 16:10:26.178239,0.7526659,-0.15793604,1.2859286,5.1245484,5.0610185,-1.1983649
1408,2026-05-11 16:10:26.181029,0.7526659,-0.15793604,1.2859286,5.1245484,5.0610185,-1.1983649
1409,2026-05-11 16:10:26.184302,0.7526659,-0.15793604,1.2859286,6.017786,4.774981,-1.4132367
1410,2026-05-11 16:10:26.187101,0.7526659,-0.15793604,1.2859286,6.017786,4.774981,-1.4132367
1411,2026-05-11 16:10:26.189871,0.7526659,-0.15793604,1.2859286,6.017786,4.774981,-1.4132367
1412,2026-05-11 16:10:26.192587,0.72760344,-0.27391842,1.0318894,6.017786,4.774981,-1.4132367
1413,2026-05-11 16:10:26.195201,0.72760344,-0.27391842,1.0318894,6.017786,4.774981,-1.4132367
1414,2026-05-11 16:10:26.197993,0.2617226,-0.43923298,0.35136196,7.0316696,4.1803036,-1.626276
1415,2026-05-11 16:10:26.201091,0.2617226,-0.43923298,0.35136196,7.0316696,4.1803036,-1.626276
1416,2026-05-11 16:10:26.203961,0.2617226,-0.43923298,0.35136196,7.669108,3.5440874,-1.69622
1417,2026-05-11 16:10:26.206566,0.2617226,-0.43923298,0.35136196,7.669108,3.5440874,-1.69622
1418,2026-05-11 16:10:26.209227,0.2617226,-0.43923298,0.35136196,7.669108,3.5440874,-1.69622
1419,2026-05-11 16:10:26.211862,0.017562,-0.43386677,-0.22263494,8.016079,2.530662,-1.5335772
1420,2026-05-11 16:10:26.214452,0.017562,-0.43386677,-0.22263494,8.016079,2.530662,-1.5335772
1421,2026-05-11 16:10:26.217422,0.017562,-0.43386677,-0.22263494,8.016079,2.530662,-1.5335772
1422,2026-05-11 16:10:26.220250,0.017562,-0.43386677,-0.22263494,8.016079,2.530662,-1.5335772
1423,2026-05-11 16:10:26.222990,0.017562,-0.43386677,-0.22263494,8.016079,2.530662,-1.5335772
1424,2026-05-11 16:10:26.225577,0.017562,-0.43386677,-0.22263494,8.016079,2.530662,-1.5335772
1425,2026-05-11 16:10:26.228387,0.017562,-0.43386677,-0.22263494,8.016079,2.530662,-1.5335772
1426,2026-05-11 16:10:26.230993,0.017562,-0.43386677,-0.22263494,8.016079,2.530662,-1.5335772
1427,2026-05-11 16:10:26.234084,0.017562,-0.43386677,-0.22263494,8.016079,2.530662,-1.5335772
1428,2026-05-11 16:10:26.236790,0.017562,-0.43386677,-0.22263494,8.016079,2.530662,-1.5335772
1429,2026-05-11 16:10:26.239389,0.017562,-0.43386677,-0.22263494,8.016079,2.530662,-1.5335772
1430,2026-05-11 16:10:26.242223,0.017562,-0.43386677,-0.22263494,8.016079,2.530662,-1.5335772
1431,2026-05-11 16:10:26.244957,0.017562,-0.43386677,-0.22263494,8.016079,2.530662,-1.5335772
1432,2026-05-11 16:10:26.247671,0.017562,-0.43386677,-0.22263494,8.016079,2.530662,-1.5335772
1433,2026-05-11 16:10:26.250822,0.017562,-0.43386677,-0.22263494,8.016079,2.530662,-1.5335772
1434,2026-05-11 16:10:26.253601,0.017562,-0.43386677,-0.22263494,8.016079,2.530662,-1.5335772
1435,2026-05-11 16:10:26.256323,0.017562,-0.43386677,-0.22263494,8.016079,2.530662,-1.5335772
1436,2026-05-11 16:10:26.258942,0.009634708,-0.35526463,-0.59198576,7.648949,2.1856759,-1.3846788
1437,2026-05-11 16:10:26.261724,0.16689998,-0.18464492,-0.9126752,6.6394944,2.133447,-1.3355042
1438,2026-05-11 16:10:26.264344,0.16689998,-0.18464492,-0.9126752,6.6394944,2.133447,-1.3355042
1439,2026-05-11 16:10:26.267464,0.16689998,-0.18464492,-0.9126752,6.6394944,2.133447,-1.3355042
1440,2026-05-11 16:10:26.270192,0.16689998,-0.18464492,-0.9126752,6.6394944,2.133447,-1.3355042
1441,2026-05-11 16:10:26.272806,0.16689998,-0.18464492,-0.9126752,6.6394944,2.133447,-1.3355042
1442,2026-05-11 16:10:26.275550,0.32068944,-0.059698608,-1.2058021,6.6394944,2.133447,-1.3355042
1443,2026-05-11 16:10:26.278180,0.32068944,-0.059698608,-1.2058021,6.6394944,2.133447,-1.3355042
1444,2026-05-11 16:10:26.280883,0.32068944,-0.059698608,-1.2058021,6.6394944,2.133447,-1.3355042
1445,2026-05-11 16:10:26.284043,0.32068944,-0.059698608,-1.2058021,6.6394944,2.133447,-1.3355042
1446,2026-05-11 16:10:26.286879,0.32068944,-0.059698608,-1.2058021,6.6394944,2.133447,-1.3355042
1447,2026-05-11 16:10:26.289636,0.32068944,-0.059698608,-1.2058021,5.2465687,2.4254405,-1.561677
1448,2026-05-11 16:10:26.292235,0.32068944,-0.059698608,-1.2058021,5.2465687,2.4254405,-1.561677
1449,2026-05-11 16:10:26.294946,0.32068944,-0.059698608,-1.2058021,5.2465687,2.4254405,-1.561677
1450,2026-05-11 16:10:26.297751,0.32068944,-0.059698608,-1.2058021,5.2465687,2.4254405,-1.561677
1451,2026-05-11 16:10:26.300700,0.32068944,-0.059698608,-1.2058021,5.2465687,2.4254405,-1.561677
1452,2026-05-11 16:10:26.303320,0.32068944,-0.059698608,-1.2058021,5.2465687,2.4254405,-1.561677
1453,2026-05-11 16:10:26.330075,0.07012604,-0.27458918,-1.4605731,1.6493362,3.133128,-2.5706737
1454,2026-05-11 16:10:26.333983,0.07012604,-0.27458918,-1.4605731,1.6493362,3.133128,-2.5706737
1455,2026-05-11 16:10:26.343388,-1.1841545,-1.0109127,-1.8623646,2.4766004,-1.4567609,0.1339322
1456,2026-05-11 16:10:26.346381,-1.1841545,-1.0109127,-1.8623646,2.4766004,-1.4567609,0.1339322
1457,2026-05-11 16:10:26.349094,-1.1841545,-1.0109127,-1.8623646,2.4766004,-1.4567609,0.1339322
1458,2026-05-11 16:10:26.352474,-1.1841545,-1.0109127,-1.8623646,2.4766004,-1.4567609,0.1339322
1459,2026-05-11 16:10:26.355276,-1.0012779,-0.778704,-1.8580962,1.6271923,-2.0598376,0.9126327
1460,2026-05-11 16:10:26.358046,-0.8757219,-0.62509745,-1.7602856,1.6271923,-2.0598376,0.9126327
1461,2026-05-11 16:10:26.360643,-0.8757219,-0.62509745,-1.7602856,1.6271923,-2.0598376,0.9126327
1462,2026-05-11 16:10:26.363561,-0.8757219,-0.62509745,-1.7602856,1.6271923,-2.0598376,0.9126327
1463,2026-05-11 16:10:26.366981,-0.8757219,-0.62509745,-1.7602856,1.2211196,-2.1520782,1.0969613
1464,2026-05-11 16:10:26.370017,-0.8757219,-0.62509745,-1.7602856,-0.11362094,-2.2146919,1.4434745
1465,2026-05-11 16:10:26.372873,-0.67833227,-0.35483778,-1.4812449,-0.11362094,-2.2146919,1.4434745
1466,2026-05-11 16:10:26.375671,-0.67833227,-0.35483778,-1.4812449,-0.11362094,-2.2146919,1.4434745
1467,2026-05-11 16:10:26.378282,-0.67833227,-0.35483778,-1.4812449,-0.11362094,-2.2146919,1.4434745
1468,2026-05-11 16:10:26.381100,-0.67833227,-0.35483778,-1.4812449,-0.11362094,-2.2146919,1.4434745
1469,2026-05-11 16:10:26.384323,-0.67833227,-0.35483778,-1.4812449,-0.11362094,-2.2146919,1.4434745
1470,2026-05-11 16:10:26.387122,-0.67833227,-0.35483778,-1.4812449,-0.11362094,-2.2146919,1.4434745
1471,2026-05-11 16:10:26.389865,-0.67833227,-0.35483778,-1.4812449,-0.11362094,-2.2146919,1.4434745
1472,2026-05-11 16:10:26.392663,-0.67833227,-0.35483778,-1.4812449,-0.11362094,-2.2146919,1.4434745
1473,2026-05-11 16:10:26.395425,-0.6097917,-0.181474,-1.1996433,-0.11362094,-2.2146919,1.4434745
1474,2026-05-11 16:10:26.398109,-0.6097917,-0.181474,-1.1996433,-0.11362094,-2.2146919,1.4434745
1475,2026-05-11 16:10:26.401257,-0.6097917,-0.181474,-1.1996433,-1.1921035,-2.1572707,1.6123788
1476,2026-05-11 16:10:26.404065,-0.6097917,-0.181474,-1.1996433,-1.1921035,-2.1572707,1.6123788
1477,2026-05-11 16:10:26.406739,-0.6097917,-0.181474,-1.1996433,-1.1921035,-2.1572707,1.6123788
1478,2026-05-11 16:10:26.409489,-0.6097917,-0.181474,-1.1996433,-1.1921035,-2.1572707,1.6123788
1479,2026-05-11 16:10:26.412255,-0.6097917,-0.181474,-1.1996433,-1.1921035,-2.1572707,1.6123788
1480,2026-05-11 16:10:26.414904,-0.6097917,-0.181474,-1.1996433,-1.1921035,-2.1572707,1.6123788
1481,2026-05-11 16:10:26.417848,-0.6097917,-0.181474,-1.1996433,-1.1921035,-2.1572707,1.6123788
1482,2026-05-11 16:10:26.420636,-0.6097917,-0.181474,-1.1996433,-1.1921035,-2.1572707,1.6123788
1483,2026-05-11 16:10:26.423310,-0.6097917,-0.181474,-1.1996433,-1.1921035,-2.1572707,1.6123788
1484,2026-05-11 16:10:26.425895,-0.6097917,-0.181474,-1.1996433,-1.1921035,-2.1572707,1.6123788
1485,2026-05-11 16:10:26.428720,-0.6097917,-0.181474,-1.1996433,-1.1921035,-2.1572707,1.6123788
1486,2026-05-11 16:10:26.431331,-0.6097917,-0.181474,-1.1996433,-1.1921035,-2.1572707,1.6123788
1487,2026-05-11 16:10:26.434299,-0.6097917,-0.181474,-1.1996433,-1.1921035,-2.1572707,1.6123788
1488,2026-05-11 16:10:26.437144,-0.6097917,-0.181474,-1.1996433,-1.1921035,-2.1572707,1.6123788
1489,2026-05-11 16:10:26.439731,-0.6097917,-0.181474,-1.1996433,-1.1921035,-2.1572707,1.6123788
1490,2026-05-11 16:10:26.442327,-0.6097917,-0.181474,-1.1996433,-1.1921035,-2.1572707,1.6123788
1491,2026-05-11 16:10:26.445023,-0.6097917,-0.181474,-1.1996433,-1.1921035,-2.1572707,1.6123788
1492,2026-05-11 16:10:26.447901,-0.5805827,-0.07750452,-0.96749544,-1.1921035,-2.1572707,1.6123788
1493,2026-05-11 16:10:26.451119,-0.5805827,-0.07750452,-0.96749544,-1.1921035,-2.1572707,1.6123788
1494,2026-05-11 16:10:26.453945,-0.5805827,-0.07750452,-0.96749544,-1.1921035,-2.1572707,1.6123788
1495,2026-05-11 16:10:26.456681,-0.5805827,-0.07750452,-0.96749544,-1.1921035,-2.1572707,1.6123788
1496,2026-05-11 16:10:26.459492,-0.5652159,-0.039270584,-0.8709045,-2.2547035,-2.097864,1.7287487
1497,2026-05-11 16:10:26.462206,-0.5652159,-0.039270584,-0.8709045,-2.2547035,-2.097864,1.7287487
1498,2026-05-11 16:10:26.464887,-0.5652159,-0.039270584,-0.8709045,-2.2547035,-2.097864,1.7287487
1499,2026-05-11 16:10:26.467857,-0.5652159,-0.039270584,-0.8709045,-2.2547035,-2.097864,1.7287487
1500,2026-05-11 16:10:26.470656,-0.5652159,-0.039270584,-0.8709045,-2.2547035,-2.097864,1.7287487
1501,2026-05-11 16:10:26.473342,-0.5652159,-0.039270584,-0.8709045,-2.2547035,-2.097864,1.7287487
1502,2026-05-11 16:10:26.475937,-0.5652159,-0.039270584,-0.8709045,-2.2547035,-2.097864,1.7287487
1503,2026-05-11 16:10:26.478564,-0.5652159,-0.039270584,-0.8709045,-2.2547035,-2.097864,1.7287487
1504,2026-05-11 16:10:26.481144,-0.5652159,-0.039270584,-0.8709045,-2.2547035,-2.097864,1.7287487
1505,2026-05-11 16:10:26.484322,-0.5652159,-0.039270584,-0.8709045,-2.2547035,-2.097864,1.7287487
1506,2026-05-11 16:10:26.487037,-0.5652159,-0.039270584,-0.8709045,-2.2547035,-2.097864,1.7287487
1507,2026-05-11 16:10:26.489655,-0.5652159,-0.039270584,-0.8709045,-2.2547035,-2.097864,1.7287487
1508,2026-05-11 16:10:26.492422,-0.5652159,-0.039270584,-0.8709045,-2.2547035,-2.097864,1.7287487
1509,2026-05-11 16:10:26.495028,-0.5652159,-0.039270584,-0.8709045,-2.2547035,-2.097864,1.7287487
1510,2026-05-11 16:10:26.497742,-0.5652159,-0.039270584,-0.8709045,-2.2547035,-2.097864,1.7287487
1511,2026-05-11 16:10:26.501360,-0.602962,0.038416874,-0.392279,-4.069126,-1.6546812,1.7101172
1512,2026-05-11 16:10:26.504571,-0.602962,0.038416874,-0.392279,-4.069126,-1.6546812,1.7101172
1513,2026-05-11 16:10:26.507692,-0.602962,0.038416874,-0.392279,-4.069126,-1.6546812,1.7101172
1514,2026-05-11 16:10:26.511018,-0.602962,0.038416874,-0.392279,-4.069126,-1.6546812,1.7101172
1515,2026-05-11 16:10:26.514043,-0.6433912,0.016708292,-0.21086596,-4.069126,-1.6546812,1.7101172
1516,2026-05-11 16:10:26.517558,-0.6433912,0.016708292,-0.21086596,-4.069126,-1.6546812,1.7101172
1517,2026-05-11 16:10:26.520595,-0.6433912,0.016708292,-0.21086596,-4.1787763,-1.9278907,1.7467692
1518,2026-05-11 16:10:26.523628,-0.6433912,0.016708292,-0.21086596,-4.1787763,-1.9278907,1.7467692
1519,2026-05-11 16:10:26.526441,-0.6433912,0.016708292,-0.21086596,-4.1787763,-1.9278907,1.7467692
1520,2026-05-11 16:10:26.529310,-0.6433912,0.016708292,-0.21086596,-4.1787763,-1.9278907,1.7467692
1521,2026-05-11 16:10:26.532408,-0.6342443,0.013598354,-0.13683724,-4.101502,-2.260354,1.8483255
1522,2026-05-11 16:10:26.536050,-0.57881427,0.011098208,-0.0714066,-4.101502,-2.260354,1.8483255
1523,2026-05-11 16:10:26.538868,-0.57881427,0.011098208,-0.0714066,-4.101502,-2.260354,1.8483255
1524,2026-05-11 16:10:26.541818,-0.57881427,0.011098208,-0.0714066,-3.9869647,-2.6789496,1.969735
1525,2026-05-11 16:10:26.544547,-0.57881427,0.011098208,-0.0714066,-3.9869647,-2.6789496,1.969735
1526,2026-05-11 16:10:26.547147,-0.57881427,0.011098208,-0.0714066,-3.9869647,-2.6789496,1.969735
1527,2026-05-11 16:10:26.550329,-0.57881427,0.011098208,-0.0714066,-3.9869647,-2.6789496,1.969735
1528,2026-05-11 16:10:26.553254,-0.57881427,0.011098208,-0.0714066,-3.9869647,-2.6789496,1.969735
1529,2026-05-11 16:10:26.556054,-0.2961758,0.023537958,0.10354263,-3.7847683,-3.3264668,2.2133174
1530,2026-05-11 16:10:26.558737,-0.2961758,0.023537958,0.10354263,-3.7847683,-3.3264668,2.2133174
1531,2026-05-11 16:10:26.561499,-0.2961758,0.023537958,0.10354263,-3.6653442,-3.6112826,2.3787093
1532,2026-05-11 16:10:26.564153,-0.2961758,0.023537958,0.10354263,-3.6653442,-3.6112826,2.3787093
1533,2026-05-11 16:10:26.567418,-0.017988855,0.026891813,0.30428603,-3.6172385,-3.6835175,2.5001187
1534,2026-05-11 16:10:26.570192,-0.017988855,0.026891813,0.30428603,-3.6172385,-3.6835175,2.5001187
1535,2026-05-11 16:10:26.572789,-0.017988855,0.026891813,0.30428603,-3.6172385,-3.6835175,2.5001187
1536,2026-05-11 16:10:26.575567,-0.017988855,0.026891813,0.30428603,-3.6705365,-3.296076,2.6871963
1537,2026-05-11 16:10:26.578189,-0.017988855,0.026891813,0.30428603,-3.6705365,-3.296076,2.6871963
1538,2026-05-11 16:10:26.581005,0.041587792,0.04914921,0.28026026,-3.7394116,-3.0677652,2.766456
1539,2026-05-11 16:10:26.583975,0.041587792,0.04914921,0.28026026,-3.7394116,-3.0677652,2.766456
1540,2026-05-11 16:10:26.586714,0.041587792,0.04914921,0.28026026,-3.7394116,-3.0677652,2.766456
1541,2026-05-11 16:10:26.589553,0.041587792,0.04914921,0.28026026,-3.7394116,-3.0677652,2.766456
1542,2026-05-11 16:10:26.592234,0.041587792,0.04914921,0.28026026,-3.7394116,-3.0677652,2.766456
1543,2026-05-11 16:10:26.595257,0.041587792,0.04914921,0.28026026,-3.7394116,-3.0677652,2.766456
1544,2026-05-11 16:10:26.597983,0.18507177,0.13604453,0.25428313,-3.7394116,-3.0677652,2.766456
1545,2026-05-11 16:10:26.601228,0.18507177,0.13604453,0.25428313,-3.7394116,-3.0677652,2.766456
1546,2026-05-11 16:10:26.604148,0.18507177,0.13604453,0.25428313,-3.7394116,-3.0677652,2.766456
1547,2026-05-11 16:10:26.606824,0.18507177,0.13604453,0.25428313,-3.7394116,-3.0677652,2.766456
1548,2026-05-11 16:10:26.609514,0.18507177,0.13604453,0.25428313,-3.7394116,-3.0677652,2.766456
1549,2026-05-11 16:10:26.612151,0.18507177,0.13604453,0.25428313,-4.0139956,-2.8774807,2.8605292
1550,2026-05-11 16:10:26.614863,0.18507177,0.13604453,0.25428313,-4.0139956,-2.8774807,2.8605292
1551,2026-05-11 16:10:26.617775,0.18507177,0.13604453,0.25428313,-4.0139956,-2.8774807,2.8605292
1552,2026-05-11 16:10:26.620482,0.18507177,0.13604453,0.25428313,-4.0139956,-2.8774807,2.8605292
1553,2026-05-11 16:10:26.623326,0.18507177,0.13604453,0.25428313,-4.0139956,-2.8774807,2.8605292
1554,2026-05-11 16:10:26.625940,0.18507177,0.13604453,0.25428313,-4.0139956,-2.8774807,2.8605292
1555,2026-05-11 16:10:26.628610,0.29959065,0.16409494,0.29666364,-4.2951465,-2.8177686,2.8324294
1556,2026-05-11 16:10:26.631304,0.45789257,0.1484233,0.42868355,-4.2951465,-2.8177686,2.8324294
1557,2026-05-11 16:10:26.634462,0.45789257,0.1484233,0.42868355,-4.6685376,-2.673757,2.6123652
1558,2026-05-11 16:10:26.637434,0.45789257,0.1484233,0.42868355,-4.6685376,-2.673757,2.6123652
1559,2026-05-11 16:10:26.640097,0.45789257,0.1484233,0.42868355,-4.6685376,-2.673757,2.6123652
1560,2026-05-11 16:10:26.642688,0.45789257,0.1484233,0.42868355,-4.6685376,-2.673757,2.6123652
1561,2026-05-11 16:10:26.645406,0.45789257,0.1484233,0.42868355,-4.6685376,-2.673757,2.6123652
1562,2026-05-11 16:10:26.647963,0.45789257,0.1484233,0.42868355,-4.6685376,-2.673757,2.6123652
1563,2026-05-11 16:10:26.651133,0.45789257,0.1484233,0.42868355,-4.6685376,-2.673757,2.6123652
1564,2026-05-11 16:10:26.653848,0.45789257,0.1484233,0.42868355,-4.6685376,-2.673757,2.6123652
1565,2026-05-11 16:10:26.656462,0.45789257,0.1484233,0.42868355,-4.6685376,-2.673757,2.6123652
1566,2026-05-11 16:10:26.659306,0.45789257,0.1484233,0.42868355,-4.6685376,-2.673757,2.6123652
1567,2026-05-11 16:10:26.661900,0.45789257,0.1484233,0.42868355,-4.6685376,-2.673757,2.6123652
1568,2026-05-11 16:10:26.664676,0.45789257,0.1484233,0.42868355,-4.6685376,-2.673757,2.6123652
1569,2026-05-11 16:10:26.667679,0.45789257,0.1484233,0.42868355,-4.6685376,-2.673757,2.6123652
1570,2026-05-11 16:10:26.670384,0.45789257,0.1484233,0.42868355,-4.6685376,-2.673757,2.6123652
1571,2026-05-11 16:10:26.673069,0.49661437,0.14665489,0.5753994,-4.6685376,-2.673757,2.6123652
1572,2026-05-11 16:10:26.675883,0.49661437,0.14665489,0.5753994,-4.6685376,-2.673757,2.6123652
1573,2026-05-11 16:10:26.678613,0.49661437,0.14665489,0.5753994,-4.6685376,-2.673757,2.6123652
1574,2026-05-11 16:10:26.681250,0.49661437,0.14665489,0.5753994,-4.6685376,-2.673757,2.6123652
1575,2026-05-11 16:10:26.684350,0.49661437,0.14665489,0.5753994,-4.881424,-2.5480716,2.4564419
1576,2026-05-11 16:10:26.687194,0.49661437,0.14665489,0.5753994,-4.881424,-2.5480716,2.4564419
1577,2026-05-11 16:10:26.689914,0.49661437,0.14665489,0.5753994,-4.881424,-2.5480716,2.4564419
1578,2026-05-11 16:10:26.692508,0.49661437,0.14665489,0.5753994,-4.881424,-2.5480716,2.4564419
1579,2026-05-11 16:10:26.695477,0.47069818,0.09311519,0.8180965,-4.881424,-2.5480716,2.4564419
1580,2026-05-11 16:10:26.698258,0.47069818,0.09311519,0.8180965,-4.9501467,-2.3716843,2.2421808
1581,2026-05-11 16:10:26.701304,0.47069818,0.09311519,0.8180965,-4.9501467,-2.3716843,2.2421808
1582,2026-05-11 16:10:26.704349,0.47069818,0.09311519,0.8180965,-4.9501467,-2.3716843,2.2421808
1583,2026-05-11 16:10:26.707126,0.47069818,0.09311519,0.8180965,-4.9501467,-2.3716843,2.2421808
1584,2026-05-11 16:10:26.709696,0.47069818,0.09311519,0.8180965,-4.9501467,-2.3716843,2.2421808
1585,2026-05-11 16:10:26.712380,0.47069818,0.09311519,0.8180965,-4.9501467,-2.3716843,2.2421808
1586,2026-05-11 16:10:26.714889,0.47069818,0.09311519,0.8180965,-4.9501467,-2.3716843,2.2421808
1587,2026-05-11 16:10:26.717944,0.47069818,0.09311519,0.8180965,-4.9501467,-2.3716843,2.2421808
1588,2026-05-11 16:10:26.720688,0.47069818,0.09311519,0.8180965,-4.640285,-2.300824,2.0822868
1589,2026-05-11 16:10:26.723254,0.47069818,0.09311519,0.8180965,-4.640285,-2.300824,2.0822868
1590,2026-05-11 16:10:26.726045,0.47069818,0.09311519,0.8180965,-4.640285,-2.300824,2.0822868
1591,2026-05-11 16:10:26.729004,0.47069818,0.09311519,0.8180965,-4.640285,-2.300824,2.0822868
1592,2026-05-11 16:10:26.731667,0.5342995,0.11549455,1.1640923,-3.9558105,-2.4642303,1.9020816
1593,2026-05-11 16:10:26.734784,0.5342995,0.11549455,1.1640923,-3.9558105,-2.4642303,1.9020816
1594,2026-05-11 16:10:26.737505,0.5342995,0.11549455,1.1640923,-3.9558105,-2.4642303,1.9020816
1595,2026-05-11 16:10:26.740078,0.5342995,0.11549455,1.1640923,-3.9558105,-2.4642303,1.9020816
1596,2026-05-11 16:10:26.742768,0.5342995,0.11549455,1.1640923,-3.9558105,-2.4642303,1.9020816
1597,2026-05-11 16:10:26.745352,0.5342995,0.11549455,1.1640923,-3.9558105,-2.4642303,1.9020816
1598,2026-05-11 16:10:26.747966,0.5342995,0.11549455,1.1640923,-3.9558105,-2.4642303,1.9020816
1599,2026-05-11 16:10:26.751114,0.5342995,0.11549455,1.1640923,-3.9558105,-2.4642303,1.9020816
1600,2026-05-11 16:10:26.753867,0.5342995,0.11549455,1.1640923,-3.9558105,-2.4642303,1.9020816
1601,2026-05-11 16:10:26.756518,0.5342995,0.11549455,1.1640923,-3.9558105,-2.4642303,1.9020816
1602,2026-05-11 16:10:26.759142,0.5342995,0.11549455,1.1640923,-3.9558105,-2.4642303,1.9020816
1603,2026-05-11 16:10:26.761844,0.5564349,0.15031365,1.0936614,-3.1714597,-2.8072312,1.6907222
1604,2026-05-11 16:10:26.764628,0.5564349,0.15031365,1.0936614,-3.1714597,-2.8072312,1.6907222
1605,2026-05-11 16:10:26.767729,0.5564349,0.15031365,1.0936614,-3.1714597,-2.8072312,1.6907222
1606,2026-05-11 16:10:26.770590,0.5564349,0.15031365,1.0936614,-3.1714597,-2.8072312,1.6907222
1607,2026-05-11 16:10:26.773216,0.5564349,0.15031365,1.0936614,-3.1714597,-2.8072312,1.6907222
1608,2026-05-11 16:10:26.775999,0.5564349,0.15031365,1.0936614,-3.1714597,-2.8072312,1.6907222
1609,2026-05-11 16:10:26.778862,0.5753994,0.17744938,0.904443,-2.7695103,-3.0153835,1.5511396
1610,2026-05-11 16:10:26.781586,0.5753994,0.17744938,0.904443,-2.7695103,-3.0153835,1.5511396
1611,2026-05-11 16:10:26.784659,0.5753994,0.17744938,0.904443,-2.7695103,-3.0153835,1.5511396
1612,2026-05-11 16:10:26.787612,0.5753994,0.17744938,0.904443,-2.7695103,-3.0153835,1.5511396
1613,2026-05-11 16:10:26.790211,0.5753994,0.17744938,0.904443,-2.7695103,-3.0153835,1.5511396
1614,2026-05-11 16:10:26.792834,0.5753994,0.17744938,0.904443,-2.7695103,-3.0153835,1.5511396
1615,2026-05-11 16:10:26.795597,0.5753994,0.17744938,0.904443,-2.7695103,-3.0153835,1.5511396
1616,2026-05-11 16:10:26.798195,0.5753994,0.17744938,0.904443,-2.7695103,-3.0153835,1.5511396
1617,2026-05-11 16:10:26.801271,0.5753994,0.17744938,0.904443,-2.7695103,-3.0153835,1.5511396
1618,2026-05-11 16:10:26.804083,0.5753994,0.17744938,0.904443,-2.7695103,-3.0153835,1.5511396
1619,2026-05-11 16:10:26.806846,0.56924057,0.14933798,0.6141822,-2.8961122,-2.9921706,1.4343116
1620,2026-05-11 16:10:26.809574,0.56924057,0.14933798,0.6141822,-2.8961122,-2.9921706,1.4343116
1621,2026-05-11 16:10:26.812170,0.56924057,0.14933798,0.6141822,-2.8961122,-2.9921706,1.4343116
1622,2026-05-11 16:10:26.814878,0.56924057,0.14933798,0.6141822,-2.8961122,-2.9921706,1.4343116
1623,2026-05-11 16:10:26.817758,0.56924057,0.14933798,0.6141822,-2.8961122,-2.9921706,1.4343116
1624,2026-05-11 16:10:26.820522,0.56924057,0.14933798,0.6141822,-3.63587,-2.7038424,1.4534011
1625,2026-05-11 16:10:26.823208,0.5377143,0.110311314,0.5462514,-3.63587,-2.7038424,1.4534011
1626,2026-05-11 16:10:26.825760,0.5377143,0.110311314,0.5462514,-3.63587,-2.7038424,1.4534011
1627,2026-05-11 16:10:26.828641,0.5377143,0.110311314,0.5462514,-3.63587,-2.7038424,1.4534011
1628,2026-05-11 16:10:26.831473,0.50423676,-0.093481064,1.1482987,-3.9968913,-1.8312213,1.4566082
1629,2026-05-11 16:10:26.834350,0.50423676,-0.093481064,1.1482987,-3.9968913,-1.8312213,1.4566082
1630,2026-05-11 16:10:26.837187,0.50423676,-0.093481064,1.1482987,-3.9968913,-1.8312213,1.4566082
1631,2026-05-11 16:10:26.839774,0.50423676,-0.093481064,1.1482987,-3.9968913,-1.8312213,1.4566082
1632,2026-05-11 16:10:26.842363,0.50423676,-0.093481064,1.1482987,-3.9968913,-1.8312213,1.4566082
1633,2026-05-11 16:10:26.845278,0.46508813,-0.1348859,1.4002646,-3.9968913,-1.8312213,1.4566082
1634,2026-05-11 16:10:26.848005,0.46508813,-0.1348859,1.4002646,-3.9968913,-1.8312213,1.4566082
1635,2026-05-11 16:10:26.850898,0.46508813,-0.1348859,1.4002646,-3.9968913,-1.8312213,1.4566082
1636,2026-05-11 16:10:26.853768,0.46508813,-0.1348859,1.4002646,-3.9968913,-1.8312213,1.4566082
1637,2026-05-11 16:10:26.856452,0.46508813,-0.1348859,1.4002646,-3.9968913,-1.8312213,1.4566082
1638,2026-05-11 16:10:26.859042,0.46508813,-0.1348859,1.4002646,-3.9968913,-1.8312213,1.4566082
1639,2026-05-11 16:10:26.861782,0.46508813,-0.1348859,1.4002646,-3.9968913,-1.8312213,1.4566082
1640,2026-05-11 16:10:26.864411,0.46508813,-0.1348859,1.4002646,-3.9968913,-1.8312213,1.4566082
1641,2026-05-11 16:10:26.867330,0.46508813,-0.1348859,1.4002646,-3.9968913,-1.8312213,1.4566082
1642,2026-05-11 16:10:26.870257,0.46508813,-0.1348859,1.4002646,-3.9968913,-1.8312213,1.4566082
1643,2026-05-11 16:10:26.872868,0.46508813,-0.1348859,1.4002646,-3.9968913,-1.8312213,1.4566082
1644,2026-05-11 16:10:26.875686,0.47850356,-0.13201989,1.5200887,-3.9968913,-1.8312213,1.4566082
1645,2026-05-11 16:10:26.878367,0.47850356,-0.13201989,1.5200887,-3.9968913,-1.8312213,1.4566082
1646,2026-05-11 16:10:26.880955,0.47850356,-0.13201989,1.5200887,-3.9968913,-1.8312213,1.4566082
1647,2026-05-11 16:10:26.884068,0.47850356,-0.13201989,1.5200887,-3.9968913,-1.8312213,1.4566082
1648,2026-05-11 16:10:26.886805,0.47850356,-0.13201989,1.5200887,-3.9968913,-1.8312213,1.4566082
1649,2026-05-11 16:10:26.889554,0.47850356,-0.13201989,1.5200887,-3.9968913,-1.8312213,1.4566082
1650,2026-05-11 16:10:26.892190,0.47850356,-0.13201989,1.5200887,-3.9968913,-1.8312213,1.4566082
1651,2026-05-11 16:10:26.894787,0.47850356,-0.13201989,1.5200887,-3.9968913,-1.8312213,1.4566082
1652,2026-05-11 16:10:26.897375,0.47850356,-0.13201989,1.5200887,-3.9968913,-1.8312213,1.4566082
1653,2026-05-11 16:10:26.900280,0.47850356,-0.13201989,1.5200887,-3.9968913,-1.8312213,1.4566082
1654,2026-05-11 16:10:26.903046,0.47850356,-0.13201989,1.5200887,-3.9968913,-1.8312213,1.4566082
1655,2026-05-11 16:10:26.905614,0.47850356,-0.13201989,1.5200887,-3.9968913,-1.8312213,1.4566082
1656,2026-05-11 16:10:26.908524,0.47850356,-0.13201989,1.5200887,-3.0476067,-2.0769417,1.4558446
1657,2026-05-11 16:10:26.911203,0.47850356,-0.13201989,1.5200887,-3.0476067,-2.0769417,1.4558446
1658,2026-05-11 16:10:26.913901,0.47850356,-0.13201989,1.5200887,-3.0476067,-2.0769417,1.4558446
1659,2026-05-11 16:10:26.917050,0.47850356,-0.13201989,1.5200887,-3.0476067,-2.0769417,1.4558446
1660,2026-05-11 16:10:26.919974,0.47850356,-0.13201989,1.5200887,-3.0476067,-2.0769417,1.4558446
1661,2026-05-11 16:10:26.922674,0.47850356,-0.13201989,1.5200887,-3.0476067,-2.0769417,1.4558446
1662,2026-05-11 16:10:26.925339,0.47850356,-0.13201989,1.5200887,-3.0476067,-2.0769417,1.4558446
1663,2026-05-11 16:10:26.927995,0.47850356,-0.13201989,1.5200887,-3.0476067,-2.0769417,1.4558446
1664,2026-05-11 16:10:26.930745,0.47850356,-0.13201989,1.5200887,-3.0476067,-2.0769417,1.4558446
1665,2026-05-11 16:10:26.933870,0.47850356,-0.13201989,1.5200887,-3.0476067,-2.0769417,1.4558446
1666,2026-05-11 16:10:26.936594,0.47850356,-0.13201989,1.5200887,-3.0476067,-2.0769417,1.4558446
1667,2026-05-11 16:10:26.939253,0.47850356,-0.13201989,1.5200887,-3.0476067,-2.0769417,1.4558446
1668,2026-05-11 16:10:26.941833,0.47850356,-0.13201989,1.5200887,-3.0476067,-2.0769417,1.4558446
1669,2026-05-11 16:10:26.944590,0.47850356,-0.13201989,1.5200887,-3.0476067,-2.0769417,1.4558446
1670,2026-05-11 16:10:26.947166,0.47850356,-0.13201989,1.5200887,-3.0476067,-2.0769417,1.4558446
1671,2026-05-11 16:10:26.950280,0.54923934,-0.10476221,1.5360042,-3.0476067,-2.0769417,1.4558446
1672,2026-05-11 16:10:26.953048,0.54923934,-0.10476221,1.5360042,-3.0476067,-2.0769417,1.4558446
1673,2026-05-11 16:10:26.955773,0.54923934,-0.10476221,1.5360042,-1.7489072,-2.7171285,1.434617
1674,2026-05-11 16:10:26.958462,0.54923934,-0.10476221,1.5360042,-1.7489072,-2.7171285,1.434617
1675,2026-05-11 16:10:26.961086,0.54923934,-0.10476221,1.5360042,-1.7489072,-2.7171285,1.434617
1676,2026-05-11 16:10:26.963853,0.54923934,-0.10476221,1.5360042,-1.7489072,-2.7171285,1.434617
1677,2026-05-11 16:10:26.966752,0.54923934,-0.10476221,1.5360042,-1.7489072,-2.7171285,1.434617
1678,2026-05-11 16:10:26.969837,0.54923934,-0.10476221,1.5360042,-1.7489072,-2.7171285,1.434617
1679,2026-05-11 16:10:26.972565,0.54923934,-0.10476221,1.5360042,-1.7489072,-2.7171285,1.434617
1680,2026-05-11 16:10:26.975184,0.54923934,-0.10476221,1.5360042,-1.7489072,-2.7171285,1.434617
1681,2026-05-11 16:10:26.978195,0.54923934,-0.10476221,1.5360042,-1.7489072,-2.7171285,1.434617
1682,2026-05-11 16:10:26.981088,0.54923934,-0.10476221,1.5360042,-1.7489072,-2.7171285,1.434617
1683,2026-05-11 16:10:26.984382,0.54923934,-0.10476221,1.5360042,-1.7489072,-2.7171285,1.434617
1684,2026-05-11 16:10:26.987109,0.54923934,-0.10476221,1.5360042,-1.7489072,-2.7171285,1.434617
1685,2026-05-11 16:10:26.989840,0.54923934,-0.10476221,1.5360042,-1.7489072,-2.7171285,1.434617
1686,2026-05-11 16:10:26.992690,0.54923934,-0.10476221,1.5360042,-1.7489072,-2.7171285,1.434617
1687,2026-05-11 16:10:26.995381,0.6166213,-0.08226089,1.4915504,-0.87369,-3.195436,1.3840679
1688,2026-05-11 16:10:26.998168,0.6166213,-0.08226089,1.4915504,-0.87369,-3.195436,1.3840679
1689,2026-05-11 16:10:27.001447,0.6166213,-0.08226089,1.4915504,-0.87369,-3.195436,1.3840679
1690,2026-05-11 16:10:27.004368,0.6166213,-0.08226089,1.4915504,-0.87369,-3.195436,1.3840679
1691,2026-05-11 16:10:27.007139,0.6166213,-0.08226089,1.4915504,-0.87369,-3.195436,1.3840679
1692,2026-05-11 16:10:27.009978,0.6746125,-0.095920235,1.1125039,-0.87369,-3.195436,1.3840679
1693,2026-05-11 16:10:27.012770,0.6746125,-0.095920235,1.1125039,-0.87369,-3.195436,1.3840679
1694,2026-05-11 16:10:27.015676,0.6746125,-0.095920235,1.1125039,-0.87369,-3.195436,1.3840679
1695,2026-05-11 16:10:27.018738,0.6746125,-0.095920235,1.1125039,-0.87369,-3.195436,1.3840679
1696,2026-05-11 16:10:27.021445,0.6746125,-0.095920235,1.1125039,-0.87369,-3.195436,1.3840679
1697,2026-05-11 16:10:27.024174,0.6746125,-0.095920235,1.1125039,0.6630942,-4.2943826,1.2308935
1698,2026-05-11 16:10:27.026932,0.6746125,-0.095920235,1.1125039,0.6630942,-4.2943826,1.2308935
1699,2026-05-11 16:10:27.029625,0.6746125,-0.095920235,1.1125039,0.6630942,-4.2943826,1.2308935
1700,2026-05-11 16:10:27.032437,0.6746125,-0.095920235,1.1125039,0.6630942,-4.2943826,1.2308935
1701,2026-05-11 16:10:27.035489,0.6746125,-0.095920235,1.1125039,0.6630942,-4.2943826,1.2308935
1702,2026-05-11 16:10:27.038247,0.55259323,-0.10299382,0.69132084,0.6630942,-4.2943826,1.2308935
1703,2026-05-11 16:10:27.041074,0.55259323,-0.10299382,0.69132084,1.0978775,-5.0643783,1.2394456
1704,2026-05-11 16:10:27.043714,0.55259323,-0.10299382,0.69132084,1.0978775,-5.0643783,1.2394456
1705,2026-05-11 16:10:27.046315,0.55259323,-0.10299382,0.69132084,1.0978775,-5.0643783,1.2394456
1706,2026-05-11 16:10:27.049119,0.55259323,-0.10299382,0.69132084,1.0978775,-5.0643783,1.2394456
1707,2026-05-11 16:10:27.052497,0.55259323,-0.10299382,0.69132084,1.0978775,-5.0643783,1.2394456
1708,2026-05-11 16:10:27.055529,0.55259323,-0.10299382,0.69132084,1.0978775,-5.0643783,1.2394456
1709,2026-05-11 16:10:27.058141,0.55259323,-0.10299382,0.69132084,1.0978775,-5.0643783,1.2394456
1710,2026-05-11 16:10:27.060974,0.55259323,-0.10299382,0.69132084,1.0978775,-5.0643783,1.2394456
1711,2026-05-11 16:10:27.063911,0.54960525,-0.17513217,0.51484716,0.22907446,-5.571091,1.8664987
1712,2026-05-11 16:10:27.066759,0.54960525,-0.17513217,0.51484716,0.22907446,-5.571091,1.8664987
1713,2026-05-11 16:10:27.070055,0.54960525,-0.17513217,0.51484716,-0.18448131,-5.4412823,2.1323779
1714,2026-05-11 16:10:27.072882,0.54960525,-0.17513217,0.51484716,-0.18448131,-5.4412823,2.1323779
1715,2026-05-11 16:10:27.075491,0.54960525,-0.17513217,0.51484716,-0.18448131,-5.4412823,2.1323779
1716,2026-05-11 16:10:27.078315,0.54960525,-0.17513217,0.51484716,-0.18448131,-5.4412823,2.1323779
1717,2026-05-11 16:10:27.081041,0.54960525,-0.17513217,0.51484716,-0.18448131,-5.4412823,2.1323779
1718,2026-05-11 16:10:27.084001,0.54960525,-0.17513217,0.51484716,-0.18448131,-5.4412823,2.1323779
1719,2026-05-11 16:10:27.086828,0.54960525,-0.17513217,0.51484716,-0.18448131,-5.4412823,2.1323779
1720,2026-05-11 16:10:27.089561,0.54960525,-0.17513217,0.51484716,-0.18448131,-5.4412823,2.1323779
1721,2026-05-11 16:10:27.092141,0.54960525,-0.17513217,0.51484716,-0.18448131,-5.4412823,2.1323779
1722,2026-05-11 16:10:27.094837,0.54960525,-0.17513217,0.51484716,-0.18448131,-5.4412823,2.1323779
1723,2026-05-11 16:10:27.097567,0.54960525,-0.17513217,0.51484716,-0.18448131,-5.4412823,2.1323779
1724,2026-05-11 16:10:27.100534,0.54960525,-0.17513217,0.51484716,-0.18448131,-5.4412823,2.1323779
1725,2026-05-11 16:10:27.103349,0.54960525,-0.17513217,0.51484716,-0.18448131,-5.4412823,2.1323779
1726,2026-05-11 16:10:27.105949,0.54960525,-0.17513217,0.51484716,-0.18448131,-5.4412823,2.1323779
1727,2026-05-11 16:10:27.108539,0.54960525,-0.17513217,0.51484716,-0.18448131,-5.4412823,2.1323779
1728,2026-05-11 16:10:27.111367,0.54960525,-0.17513217,0.51484716,-0.18448131,-5.4412823,2.1323779
1729,2026-05-11 16:10:27.113993,0.54960525,-0.17513217,0.51484716,-0.18448131,-5.4412823,2.1323779
1730,2026-05-11 16:10:27.117214,0.5704601,-0.23111105,0.6024132,-0.18448131,-5.4412823,2.1323779
1731,2026-05-11 16:10:27.120097,0.5704601,-0.23111105,0.6024132,-0.18448131,-5.4412823,2.1323779
1732,2026-05-11 16:10:27.122794,0.5704601,-0.23111105,0.6024132,-0.18448131,-5.4412823,2.1323779
1733,2026-05-11 16:10:27.125412,0.5704601,-0.23111105,0.6024132,-0.18448131,-5.4412823,2.1323779
1734,2026-05-11 16:10:27.128220,0.5704601,-0.23111105,0.6024132,-0.18448131,-5.4412823,2.1323779
1735,2026-05-11 16:10:27.130823,0.5704601,-0.23111105,0.6024132,-0.18448131,-5.4412823,2.1323779
1736,2026-05-11 16:10:27.134018,0.6385738,-0.26836932,0.8918203,-0.71685034,-4.9800787,2.8096747
1737,2026-05-11 16:10:27.136874,0.6385738,-0.26836932,0.8918203,-0.71685034,-4.9800787,2.8096747
1738,2026-05-11 16:10:27.139631,0.6385738,-0.26836932,0.8918203,-0.71685034,-4.9800787,2.8096747
1739,2026-05-11 16:10:27.142462,0.7157125,-0.2828214,1.0979909,-0.5207626,-4.8985286,3.1972687
1740,2026-05-11 16:10:27.145162,0.7157125,-0.2828214,1.0979909,-0.5207626,-4.8985286,3.1972687
1741,2026-05-11 16:10:27.147880,0.8613918,-0.29690757,1.2115341,-0.04046982,-5.001765,3.4394767
1742,2026-05-11 16:10:27.151013,0.8613918,-0.29690757,1.2115341,-0.04046982,-5.001765,3.4394767
1743,2026-05-11 16:10:27.153953,0.8613918,-0.29690757,1.2115341,-0.04046982,-5.001765,3.4394767
1744,2026-05-11 16:10:27.156725,0.8613918,-0.29690757,1.2115341,-0.04046982,-5.001765,3.4394767
1745,2026-05-11 16:10:27.159317,0.8613918,-0.29690757,1.2115341,-0.04046982,-5.001765,3.4394767
1746,2026-05-11 16:10:27.162014,0.8613918,-0.29690757,1.2115341,-0.04046982,-5.001765,3.4394767
1747,2026-05-11 16:10:27.164691,0.8613918,-0.29690757,1.2115341,-0.04046982,-5.001765,3.4394767
1748,2026-05-11 16:10:27.167835,1.2386699,-0.2206836,1.1518965,0.79152864,-5.305517,3.542255
1749,2026-05-11 16:10:27.170631,1.2386699,-0.2206836,1.1518965,0.79152864,-5.305517,3.542255
1750,2026-05-11 16:10:27.173401,1.2386699,-0.2206836,1.1518965,0.79152864,-5.305517,3.542255
1751,2026-05-11 16:10:27.176086,1.2386699,-0.2206836,1.1518965,0.79152864,-5.305517,3.542255
1752,2026-05-11 16:10:27.178785,1.2386699,-0.2206836,1.1518965,0.79152864,-5.305517,3.542255
1753,2026-05-11 16:10:27.181350,1.2386699,-0.2206836,1.1518965,0.79152864,-5.305517,3.542255
1754,2026-05-11 16:10:27.184423,1.2386699,-0.2206836,1.1518965,0.79152864,-5.305517,3.542255
1755,2026-05-11 16:10:27.187216,1.2386699,-0.2206836,1.1518965,0.79152864,-5.305517,3.542255
1756,2026-05-11 16:10:27.189842,1.2386699,-0.2206836,1.1518965,0.79152864,-5.305517,3.542255
1757,2026-05-11 16:10:27.192499,1.2386699,-0.2206836,1.1518965,0.79152864,-5.305517,3.542255
1758,2026-05-11 16:10:27.195306,1.2386699,-0.2206836,1.1518965,0.79152864,-5.305517,3.542255
1759,2026-05-11 16:10:27.197928,1.2386699,-0.2206836,1.1518965,0.79152864,-5.305517,3.542255
1760,2026-05-11 16:10:27.201090,1.2386699,-0.2206836,1.1518965,0.79152864,-5.305517,3.542255
1761,2026-05-11 16:10:27.203932,1.2386699,-0.2206836,1.1518965,0.79152864,-5.305517,3.542255
1762,2026-05-11 16:10:27.206584,1.2386699,-0.2206836,1.1518965,0.79152864,-5.305517,3.542255
1763,2026-05-11 16:10:27.209141,1.2386699,-0.2206836,1.1518965,0.79152864,-5.305517,3.542255
1764,2026-05-11 16:10:27.211981,1.2386699,-0.2206836,1.1518965,0.74067414,-5.452125,3.1097622
1765,2026-05-11 16:10:27.214715,1.2386699,-0.2206836,1.1518965,0.74067414,-5.452125,3.1097622
1766,2026-05-11 16:10:27.217770,1.6024106,-0.051039565,0.36898494,0.74067414,-5.452125,3.1097622
1767,2026-05-11 16:10:27.220470,1.6024106,-0.051039565,0.36898494,0.74067414,-5.452125,3.1097622
1768,2026-05-11 16:10:27.223073,1.6024106,-0.051039565,0.36898494,0.74067414,-5.452125,3.1097622
1769,2026-05-11 16:10:27.226016,1.6024106,-0.051039565,0.36898494,0.74067414,-5.452125,3.1097622
1770,2026-05-11 16:10:27.228736,1.6024106,-0.051039565,0.36898494,0.74067414,-5.452125,3.1097622
1771,2026-05-11 16:10:27.231573,1.6493036,0.007866313,0.12537317,0.74067414,-5.452125,3.1097622
1772,2026-05-11 16:10:27.234821,1.6493036,0.007866313,0.12537317,0.74067414,-5.452125,3.1097622
1773,2026-05-11 16:10:27.237700,1.6493036,0.007866313,0.12537317,0.17348573,-5.2636733,2.9639182
1774,2026-05-11 16:10:27.240342,1.6493036,0.007866313,0.12537317,0.17348573,-5.2636733,2.9639182
1775,2026-05-11 16:10:27.242930,1.6493036,0.007866313,0.12537317,0.17348573,-5.2636733,2.9639182
1776,2026-05-11 16:10:27.245759,1.6493036,0.007866313,0.12537317,0.17348573,-5.2636733,2.9639182
1777,2026-05-11 16:10:27.248400,1.6493036,0.007866313,0.12537317,0.17348573,-5.2636733,2.9639182
1778,2026-05-11 16:10:27.251505,1.6493036,0.007866313,0.12537317,0.17348573,-5.2636733,2.9639182
1779,2026-05-11 16:10:27.254519,1.7279058,0.08098034,-0.11317733,-1.6126842,-4.533842,2.7354546
1780,2026-05-11 16:10:27.257285,1.7279058,0.08098034,-0.11317733,-1.6126842,-4.533842,2.7354546
1781,2026-05-11 16:10:27.259929,1.7279058,0.08098034,-0.11317733,-1.6126842,-4.533842,2.7354546
1782,2026-05-11 16:10:27.262602,1.7279058,0.08098034,-0.11317733,-1.6126842,-4.533842,2.7354546
1783,2026-05-11 16:10:27.265125,1.7279058,0.08098034,-0.11317733,-1.6126842,-4.533842,2.7354546
1784,2026-05-11 16:10:27.268220,1.7279058,0.08098034,-0.11317733,-1.6126842,-4.533842,2.7354546
1785,2026-05-11 16:10:27.271025,1.8874272,-0.015427729,0.1413497,-4.874094,-3.015689,2.3919957
1786,2026-05-11 16:10:27.273631,1.8874272,-0.015427729,0.1413497,-4.874094,-3.015689,2.3919957
1787,2026-05-11 16:10:27.276302,1.8490103,-0.12884897,0.5264941,-4.874094,-3.015689,2.3919957
1788,2026-05-11 16:10:27.279003,1.8490103,-0.12884897,0.5264941,-4.874094,-3.015689,2.3919957
1789,2026-05-11 16:10:27.281568,1.8490103,-0.12884897,0.5264941,-4.874094,-3.015689,2.3919957
1790,2026-05-11 16:10:27.284570,1.8490103,-0.12884897,0.5264941,-4.874094,-3.015689,2.3919957
1791,2026-05-11 16:10:27.287215,1.8490103,-0.12884897,0.5264941,-4.874094,-3.015689,2.3919957
1792,2026-05-11 16:10:27.289929,1.8490103,-0.12884897,0.5264941,-4.874094,-3.015689,2.3919957
1793,2026-05-11 16:10:27.292505,1.8490103,-0.12884897,0.5264941,-4.874094,-3.015689,2.3919957
1794,2026-05-11 16:10:27.295100,1.8490103,-0.12884897,0.5264941,-4.874094,-3.015689,2.3919957
1795,2026-05-11 16:10:27.297814,1.8490103,-0.12884897,0.5264941,-7.7779946,-1.1580478,1.9401081
1796,2026-05-11 16:10:27.300905,1.8490103,-0.12884897,0.5264941,-7.7779946,-1.1580478,1.9401081
1797,2026-05-11 16:10:27.303698,1.8490103,-0.12884897,0.5264941,-7.7779946,-1.1580478,1.9401081
1798,2026-05-11 16:10:27.306336,1.8490103,-0.12884897,0.5264941,-7.7779946,-1.1580478,1.9401081
1799,2026-05-11 16:10:27.308881,1.8490103,-0.12884897,0.5264941,-7.7779946,-1.1580478,1.9401081
1800,2026-05-11 16:10:27.311593,1.8490103,-0.12884897,0.5264941,-7.7779946,-1.1580478,1.9401081
1801,2026-05-11 16:10:27.314102,1.8490103,-0.12884897,0.5264941,-7.7779946,-1.1580478,1.9401081
1802,2026-05-11 16:10:27.317245,1.6908302,-0.2923341,1.2454995,-7.7779946,-1.1580478,1.9401081
1803,2026-05-11 16:10:27.319982,1.6908302,-0.2923341,1.2454995,-7.7779946,-1.1580478,1.9401081
1804,2026-05-11 16:10:27.322521,1.6908302,-0.2923341,1.2454995,-7.7779946,-1.1580478,1.9401081
1805,2026-05-11 16:10:27.325281,1.5402118,-0.40526757,2.0464609,-7.7779946,-1.1580478,1.9401081
1806,2026-05-11 16:10:27.327880,1.5402118,-0.40526757,2.0464609,-7.7779946,-1.1580478,1.9401081
1807,2026-05-11 16:10:27.330549,1.5402118,-0.40526757,2.0464609,-7.7779946,-1.1580478,1.9401081
1808,2026-05-11 16:10:27.333561,1.5402118,-0.40526757,2.0464609,-7.7779946,-1.1580478,1.9401081
1809,2026-05-11 16:10:27.336374,1.5402118,-0.40526757,2.0464609,-7.7779946,-1.1580478,1.9401081
1810,2026-05-11 16:10:27.338963,1.5402118,-0.40526757,2.0464609,-7.7779946,-1.1580478,1.9401081
1811,2026-05-11 16:10:27.341596,1.5402118,-0.40526757,2.0464609,-7.7779946,-1.1580478,1.9401081
1812,2026-05-11 16:10:27.344318,1.5402118,-0.40526757,2.0464609,-8.2618,-0.3559817,1.6852245
1813,2026-05-11 16:10:27.346910,1.5402118,-0.40526757,2.0464609,-8.2618,-0.3559817,1.6852245
1814,2026-05-11 16:10:27.350207,1.5402118,-0.40526757,2.0464609,-8.2618,-0.3559817,1.6852245
1815,2026-05-11 16:10:27.353347,1.5402118,-0.40526757,2.0464609,-8.2618,-0.3559817,1.6852245
1816,2026-05-11 16:10:27.356047,1.4970995,-0.42624438,2.5793579,-8.2618,-0.3559817,1.6852245
1817,2026-05-11 16:10:27.358703,1.4970995,-0.42624438,2.5793579,-8.2618,-0.3559817,1.6852245
1818,2026-05-11 16:10:27.361310,1.4970995,-0.42624438,2.5793579,-8.2618,-0.3559817,1.6852245
1819,2026-05-11 16:10:27.364208,1.4970995,-0.42624438,2.5793579,-7.7585993,0.060628377,1.2910637
1820,2026-05-11 16:10:27.367516,1.4970995,-0.42624438,2.5793579,-7.7585993,0.060628377,1.2910637
1821,2026-05-11 16:10:27.370361,1.4970995,-0.42624438,2.5793579,-7.7585993,0.060628377,1.2910637
1822,2026-05-11 16:10:27.373113,1.4970995,-0.42624438,2.5793579,-7.7585993,0.060628377,1.2910637
1823,2026-05-11 16:10:27.375745,1.4970995,-0.42624438,2.5793579,-7.7585993,0.060628377,1.2910637
1824,2026-05-11 16:10:27.378783,1.3799586,-0.41209725,3.2103703,-6.744563,0.22235495,0.959822
1825,2026-05-11 16:10:27.405985,1.2183027,-0.3591063,3.4883745,-1.9497292,-0.25610524,-0.26633725
1826,2026-05-11 16:10:27.409829,1.2183027,-0.3591063,3.4883745,0.0041233404,-0.54153204,-0.5102252
1827,2026-05-11 16:10:27.415666,0.910236,-0.33788556,3.322633,0.0041233404,-0.54153204,-0.5102252
1828,2026-05-11 16:10:27.419658,0.910236,-0.33788556,3.322633,0.0041233404,-0.54153204,-0.5102252
1829,2026-05-11 16:10:27.422480,0.910236,-0.33788556,3.322633,0.0041233404,-0.54153204,-0.5102252
1830,2026-05-11 16:10:27.425135,0.910236,-0.33788556,3.322633,0.0041233404,-0.54153204,-0.5102252
1831,2026-05-11 16:10:27.427750,0.910236,-0.33788556,3.322633,0.0041233404,-0.54153204,-0.5102252
1832,2026-05-11 16:10:27.430601,0.7161393,-0.31855518,3.053166,0.0041233404,-0.54153204,-0.5102252
1833,2026-05-11 16:10:27.433783,0.7161393,-0.31855518,3.053166,0.0041233404,-0.54153204,-0.5102252
1834,2026-05-11 16:10:27.436713,0.7161393,-0.31855518,3.053166,1.5355625,-0.6114761,-0.41508293
1835,2026-05-11 16:10:27.439563,0.7161393,-0.31855518,3.053166,1.5355625,-0.6114761,-0.41508293
1836,2026-05-11 16:10:27.442230,0.7161393,-0.31855518,3.053166,1.5355625,-0.6114761,-0.41508293
1837,2026-05-11 16:10:27.444924,0.7161393,-0.31855518,3.053166,1.5355625,-0.6114761,-0.41508293
1838,2026-05-11 16:10:27.447649,0.7161393,-0.31855518,3.053166,1.5355625,-0.6114761,-0.41508293
1839,2026-05-11 16:10:27.450723,0.7161393,-0.31855518,3.053166,1.5355625,-0.6114761,-0.41508293
1840,2026-05-11 16:10:27.453437,0.7161393,-0.31855518,3.053166,1.5355625,-0.6114761,-0.41508293
1841,2026-05-11 16:10:27.456027,0.7161393,-0.31855518,3.053166,1.5355625,-0.6114761,-0.41508293
1842,2026-05-11 16:10:27.458866,0.7161393,-0.31855518,3.053166,2.287843,-0.36911532,-0.19456059
1843,2026-05-11 16:10:27.461614,0.7161393,-0.31855518,3.053166,2.287843,-0.36911532,-0.19456059
1844,2026-05-11 16:10:27.464232,0.7161393,-0.31855518,3.053166,2.287843,-0.36911532,-0.19456059
1845,2026-05-11 16:10:27.467259,0.7161393,-0.31855518,3.053166,2.287843,-0.36911532,-0.19456059
1846,2026-05-11 16:10:27.469970,0.6072915,-0.25672227,2.6268606,2.287843,-0.36911532,-0.19456059
1847,2026-05-11 16:10:27.472537,0.6072915,-0.25672227,2.6268606,2.287843,-0.36911532,-0.19456059
1848,2026-05-11 16:10:27.475370,0.6072915,-0.25672227,2.6268606,2.287843,-0.36911532,-0.19456059
1849,2026-05-11 16:10:27.477968,0.6072915,-0.25672227,2.6268606,2.287843,-0.36911532,-0.19456059
1850,2026-05-11 16:10:27.480545,0.6072915,-0.25672227,2.6268606,2.287843,-0.36911532,-0.19456059
1851,2026-05-11 16:10:27.483638,0.6072915,-0.25672227,2.6268606,2.287843,-0.36911532,-0.19456059
1852,2026-05-11 16:10:27.486380,0.6072915,-0.25672227,2.6268606,2.287843,-0.36911532,-0.19456059
1853,2026-05-11 16:10:27.489154,0.6072915,-0.25672227,2.6268606,2.287843,-0.36911532,-0.19456059
1854,2026-05-11 16:10:27.491903,0.6072915,-0.25672227,2.6268606,2.287843,-0.36911532,-0.19456059
1855,2026-05-11 16:10:27.494590,0.64961106,-0.18787682,2.2591562,2.6019804,0.114689946,0.047800206
1856,2026-05-11 16:10:27.497217,0.64961106,-0.18787682,2.2591562,2.6019804,0.114689946,0.047800206
1857,2026-05-11 16:10:27.500244,0.64961106,-0.18787682,2.2591562,2.6019804,0.114689946,0.047800206
1858,2026-05-11 16:10:27.503309,0.64961106,-0.18787682,2.2591562,2.4408648,0.91232723,0.23182335
1859,2026-05-11 16:10:27.505981,0.64961106,-0.18787682,2.2591562,2.4408648,0.91232723,0.23182335
1860,2026-05-11 16:10:27.508635,0.64961106,-0.18787682,2.2591562,2.4408648,0.91232723,0.23182335
1861,2026-05-11 16:10:27.511351,0.8099863,-0.059515666,1.861389,2.4408648,0.91232723,0.23182335
1862,2026-05-11 16:10:27.513927,0.8099863,-0.059515666,1.861389,2.4408648,0.91232723,0.23182335
1863,2026-05-11 16:10:27.516801,0.8099863,-0.059515666,1.861389,2.4408648,0.91232723,0.23182335
1864,2026-05-11 16:10:27.519700,0.8099863,-0.059515666,1.861389,2.4408648,0.91232723,0.23182335
1865,2026-05-11 16:10:27.522355,0.8099863,-0.059515666,1.861389,2.4408648,0.91232723,0.23182335
1866,2026-05-11 16:10:27.525164,0.8099863,-0.059515666,1.861389,2.4408648,0.91232723,0.23182335
1867,2026-05-11 16:10:27.528028,1.085734,0.15476513,1.5880195,1.8212948,1.8851302,0.2060143
1868,2026-05-11 16:10:27.530722,1.085734,0.15476513,1.5880195,1.4283557,2.3597724,0.06505715
1869,2026-05-11 16:10:27.533830,1.085734,0.15476513,1.5880195,1.4283557,2.3597724,0.06505715
1870,2026-05-11 16:10:27.536769,1.0831729,0.21312219,1.6144235,1.0910053,2.7149906,-0.24098633
1871,2026-05-11 16:10:27.539455,1.0831729,0.21312219,1.6144235,1.0910053,2.7149906,-0.24098633
1872,2026-05-11 16:10:27.542236,1.0499393,0.22251299,1.6522915,1.0341948,2.791196,-0.40378192
1873,2026-05-11 16:10:27.545065,0.9823744,0.17025384,1.7521753,1.0341948,2.791196,-0.40378192
1874,2026-05-11 16:10:27.547711,0.9823744,0.17025384,1.7521753,1.0341948,2.791196,-0.40378192
1875,2026-05-11 16:10:27.550809,0.9823744,0.17025384,1.7521753,1.2822062,2.9393308,-0.72524977
1876,2026-05-11 16:10:27.553542,0.9823744,0.17025384,1.7521753,1.2822062,2.9393308,-0.72524977
1877,2026-05-11 16:10:27.556130,0.96517825,0.122324206,1.8138252,1.2822062,2.9393308,-0.72524977
1878,2026-05-11 16:10:27.558938,0.96517825,0.122324206,1.8138252,1.2822062,2.9393308,-0.72524977
1879,2026-05-11 16:10:27.561565,0.96517825,0.122324206,1.8138252,1.2822062,2.9393308,-0.72524977
1880,2026-05-11 16:10:27.564140,0.96517825,0.122324206,1.8138252,1.2822062,2.9393308,-0.72524977
1881,2026-05-11 16:10:27.567225,0.96517825,0.122324206,1.8138252,1.2822062,2.9393308,-0.72524977
1882,2026-05-11 16:10:27.569960,0.96517825,0.122324206,1.8138252,1.2822062,2.9393308,-0.72524977
1883,2026-05-11 16:10:27.572685,0.96517825,0.122324206,1.8138252,1.2822062,2.9393308,-0.72524977
1884,2026-05-11 16:10:27.575445,0.96517825,0.122324206,1.8138252,1.2822062,2.9393308,-0.72524977
1885,2026-05-11 16:10:27.578072,0.96517825,0.122324206,1.8138252,1.2822062,2.9393308,-0.72524977
1886,2026-05-11 16:10:27.580691,0.96517825,0.122324206,1.8138252,1.2822062,2.9393308,-0.72524977
1887,2026-05-11 16:10:27.583515,0.96517825,0.122324206,1.8138252,1.2822062,2.9393308,-0.72524977
1888,2026-05-11 16:10:27.586380,0.96517825,0.122324206,1.8138252,1.2822062,2.9393308,-0.72524977
1889,2026-05-11 16:10:27.589090,0.96517825,0.122324206,1.8138252,1.2822062,2.9393308,-0.72524977
1890,2026-05-11 16:10:27.591730,0.96517825,0.122324206,1.8138252,1.2822062,2.9393308,-0.72524977
1891,2026-05-11 16:10:27.594431,0.96517825,0.122324206,1.8138252,1.2822062,2.9393308,-0.72524977
1892,2026-05-11 16:10:27.597105,0.96517825,0.122324206,1.8138252,1.2822062,2.9393308,-0.72524977
1893,2026-05-11 16:10:27.600338,0.96517825,0.122324206,1.8138252,1.2822062,2.9393308,-0.72524977
1894,2026-05-11 16:10:27.603240,0.96517825,0.122324206,1.8138252,1.662317,3.1878002,-0.8335256
1895,2026-05-11 16:10:27.605938,0.94029874,0.0027440626,1.8499249,1.662317,3.1878002,-0.8335256
1896,2026-05-11 16:10:27.608765,0.94029874,0.0027440626,1.8499249,1.662317,3.1878002,-0.8335256
1897,2026-05-11 16:10:27.611467,0.94029874,0.0027440626,1.8499249,1.662317,3.1878002,-0.8335256
1898,2026-05-11 16:10:27.614208,0.94029874,0.0027440626,1.8499249,1.662317,3.1878002,-0.8335256
1899,2026-05-11 16:10:27.617507,0.9871918,-0.050307814,1.8319361,1.8994855,3.3646457,-0.8762862
1900,2026-05-11 16:10:27.620314,0.9871918,-0.050307814,1.8319361,1.8994855,3.3646457,-0.8762862
1901,2026-05-11 16:10:27.623026,0.9871918,-0.050307814,1.8319361,1.8994855,3.3646457,-0.8762862
1902,2026-05-11 16:10:27.625654,0.9871918,-0.050307814,1.8319361,1.8994855,3.3646457,-0.8762862
1903,2026-05-11 16:10:27.628248,0.9871918,-0.050307814,1.8319361,1.8994855,3.3646457,-0.8762862
1904,2026-05-11 16:10:27.630965,1.0580496,-0.14610608,1.7974219,2.4054346,3.6647334,-1.041678
1905,2026-05-11 16:10:27.634236,1.0580496,-0.14610608,1.7974219,2.4054346,3.6647334,-1.041678
1906,2026-05-11 16:10:27.637196,1.0580496,-0.14610608,1.7974219,2.4054346,3.6647334,-1.041678
1907,2026-05-11 16:10:27.640004,1.0580496,-0.14610608,1.7974219,2.4054346,3.6647334,-1.041678
1908,2026-05-11 16:10:27.642668,1.0580496,-0.14610608,1.7974219,2.4054346,3.6647334,-1.041678
1909,2026-05-11 16:10:27.645276,1.0580496,-0.14610608,1.7974219,2.4054346,3.6647334,-1.041678
1910,2026-05-11 16:10:27.648175,1.0580496,-0.14610608,1.7974219,2.4054346,3.6647334,-1.041678
1911,2026-05-11 16:10:27.651269,1.0580496,-0.14610608,1.7974219,2.4054346,3.6647334,-1.041678
1912,2026-05-11 16:10:27.654087,1.1195166,-0.17952266,1.8224233,2.8851166,3.80004,-1.2269229
1913,2026-05-11 16:10:27.656802,1.1195166,-0.17952266,1.8224233,2.8851166,3.80004,-1.2269229
1914,2026-05-11 16:10:27.659536,1.1195166,-0.17952266,1.8224233,2.8851166,3.80004,-1.2269229
1915,2026-05-11 16:10:27.662148,1.1195166,-0.17952266,1.8224233,2.8851166,3.80004,-1.2269229
1916,2026-05-11 16:10:27.664851,1.1195166,-0.17952266,1.8224233,2.8851166,3.80004,-1.2269229
1917,2026-05-11 16:10:27.667984,1.1195166,-0.17952266,1.8224233,2.8851166,3.80004,-1.2269229
1918,2026-05-11 16:10:27.670769,1.2003139,-0.1820838,1.8996232,2.8851166,3.80004,-1.2269229
1919,2026-05-11 16:10:27.673473,1.2003139,-0.1820838,1.8996232,2.8851166,3.80004,-1.2269229
1920,2026-05-11 16:10:27.676076,1.2003139,-0.1820838,1.8996232,2.8851166,3.80004,-1.2269229
1921,2026-05-11 16:10:27.678910,1.2003139,-0.1820838,1.8996232,2.8851166,3.80004,-1.2269229
1922,2026-05-11 16:10:27.681556,1.2003139,-0.1820838,1.8996232,2.8851166,3.80004,-1.2269229
1923,2026-05-11 16:10:27.684591,1.2003139,-0.1820838,1.8996232,2.8851166,3.80004,-1.2269229
1924,2026-05-11 16:10:27.687446,1.2003139,-0.1820838,1.8996232,2.8851166,3.80004,-1.2269229
1925,2026-05-11 16:10:27.690073,1.2003139,-0.1820838,1.8996232,2.8851166,3.80004,-1.2269229
1926,2026-05-11 16:10:27.692686,1.2003139,-0.1820838,1.8996232,2.8851166,3.80004,-1.2269229
1927,2026-05-11 16:10:27.695346,1.2003139,-0.1820838,1.8996232,2.8851166,3.80004,-1.2269229
1928,2026-05-11 16:10:27.697907,1.2003139,-0.1820838,1.8996232,2.8851166,3.80004,-1.2269229
1929,2026-05-11 16:10:27.701068,1.2003139,-0.1820838,1.8996232,2.8851166,3.80004,-1.2269229
1930,2026-05-11 16:10:27.703803,1.2003139,-0.1820838,1.8996232,2.8851166,3.80004,-1.2269229
1931,2026-05-11 16:10:27.706471,1.2003139,-0.1820838,1.8996232,2.8851166,3.80004,-1.2269229
1932,2026-05-11 16:10:27.709127,1.2003139,-0.1820838,1.8996232,2.8851166,3.80004,-1.2269229
1933,2026-05-11 16:10:27.711986,1.2003139,-0.1820838,1.8996232,3.4028249,3.7891972,-1.4943291
1934,2026-05-11 16:10:27.714635,1.2003139,-0.1820838,1.8996232,3.4028249,3.7891972,-1.4943291
1935,2026-05-11 16:10:27.717620,1.2003139,-0.1820838,1.8996232,3.4028249,3.7891972,-1.4943291
1936,2026-05-11 16:10:27.720402,1.2003139,-0.1820838,1.8996232,3.4028249,3.7891972,-1.4943291
1937,2026-05-11 16:10:27.722987,1.2003139,-0.1820838,1.8996232,3.4028249,3.7891972,-1.4943291
1938,2026-05-11 16:10:27.725671,1.2003139,-0.1820838,1.8996232,3.4028249,3.7891972,-1.4943291
1939,2026-05-11 16:10:27.728237,1.2003139,-0.1820838,1.8996232,3.4028249,3.7891972,-1.4943291
1940,2026-05-11 16:10:27.731038,1.2003139,-0.1820838,1.8996232,3.4028249,3.7891972,-1.4943291
1941,2026-05-11 16:10:27.734387,1.3919104,-0.18903543,1.9938358,4.131282,3.5866952,-1.9582813
1942,2026-05-11 16:10:27.737149,1.3919104,-0.18903543,1.9938358,4.131282,3.5866952,-1.9582813
1943,2026-05-11 16:10:27.739855,1.3919104,-0.18903543,1.9938358,4.131282,3.5866952,-1.9582813
1944,2026-05-11 16:10:27.742600,1.3919104,-0.18903543,1.9938358,4.131282,3.5866952,-1.9582813
1945,2026-05-11 16:10:27.745309,1.5381385,-0.21586627,2.060608,4.131282,3.5866952,-1.9582813
1946,2026-05-11 16:10:27.748031,1.5381385,-0.21586627,2.060608,4.131282,3.5866952,-1.9582813
1947,2026-05-11 16:10:27.751186,1.5381385,-0.21586627,2.060608,4.131282,3.5866952,-1.9582813
1948,2026-05-11 16:10:27.753914,1.5381385,-0.21586627,2.060608,4.131282,3.5866952,-1.9582813
1949,2026-05-11 16:10:27.756526,1.5381385,-0.21586627,2.060608,4.131282,3.5866952,-1.9582813
1950,2026-05-11 16:10:27.759297,1.5381385,-0.21586627,2.060608,4.131282,3.5866952,-1.9582813
1951,2026-05-11 16:10:27.762127,1.4244733,-0.29574898,2.0740235,5.0292535,3.2720997,-2.4712553
1952,2026-05-11 16:10:27.764743,1.4244733,-0.29574898,2.0740235,5.0292535,3.2720997,-2.4712553
1953,2026-05-11 16:10:27.767771,1.4244733,-0.29574898,2.0740235,5.0292535,3.2720997,-2.4712553
1954,2026-05-11 16:10:27.770570,1.4244733,-0.29574898,2.0740235,5.0292535,3.2720997,-2.4712553
1955,2026-05-11 16:10:27.773181,1.4244733,-0.29574898,2.0740235,5.0292535,3.2720997,-2.4712553
1956,2026-05-11 16:10:27.775974,1.4244733,-0.29574898,2.0740235,5.0292535,3.2720997,-2.4712553
1957,2026-05-11 16:10:27.778587,1.4244733,-0.29574898,2.0740235,5.0292535,3.2720997,-2.4712553
1958,2026-05-11 16:10:27.781172,1.4244733,-0.29574898,2.0740235,5.0292535,3.2720997,-2.4712553
1959,2026-05-11 16:10:27.784269,1.4244733,-0.29574898,2.0740235,5.0292535,3.2720997,-2.4712553
1960,2026-05-11 16:10:27.787121,1.4244733,-0.29574898,2.0740235,5.0292535,3.2720997,-2.4712553
1961,2026-05-11 16:10:27.789931,1.4244733,-0.29574898,2.0740235,5.0292535,3.2720997,-2.4712553
1962,2026-05-11 16:10:27.792664,1.4244733,-0.29574898,2.0740235,5.0292535,3.2720997,-2.4712553
1963,2026-05-11 16:10:27.795320,1.4244733,-0.29574898,2.0740235,5.0292535,3.2720997,-2.4712553
1964,2026-05-11 16:10:27.798068,1.4244733,-0.29574898,2.0740235,5.0292535,3.2720997,-2.4712553
1965,2026-05-11 16:10:27.801120,1.4244733,-0.29574898,2.0740235,5.0292535,3.2720997,-2.4712553
1966,2026-05-11 16:10:27.803931,1.4244733,-0.29574898,2.0740235,5.0292535,3.2720997,-2.4712553
1967,2026-05-11 16:10:27.806668,1.2870263,-0.35191077,2.0037146,5.548031,3.1435125,-2.6665795
1968,2026-05-11 16:10:27.809493,1.2870263,-0.35191077,2.0037146,5.548031,3.1435125,-2.6665795
1969,2026-05-11 16:10:27.812097,1.2870263,-0.35191077,2.0037146,5.548031,3.1435125,-2.6665795
1970,2026-05-11 16:10:27.814798,1.2870263,-0.35191077,2.0037146,5.548031,3.1435125,-2.6665795
1971,2026-05-11 16:10:27.817816,1.2870263,-0.35191077,2.0037146,5.548031,3.1435125,-2.6665795
1972,2026-05-11 16:10:27.820581,1.2870263,-0.35191077,2.0037146,5.548031,3.1435125,-2.6665795
1973,2026-05-11 16:10:27.823192,1.2870263,-0.35191077,2.0037146,5.548031,3.1435125,-2.6665795
1974,2026-05-11 16:10:27.826053,1.1028082,-0.40173078,1.7063191,5.548031,3.1435125,-2.6665795
1975,2026-05-11 16:10:27.828667,1.1028082,-0.40173078,1.7063191,5.548031,3.1435125,-2.6665795
1976,2026-05-11 16:10:27.831286,1.1028082,-0.40173078,1.7063191,6.3018384,3.26706,-2.765845
1977,2026-05-11 16:10:27.834422,1.1028082,-0.40173078,1.7063191,6.3018384,3.26706,-2.765845
1978,2026-05-11 16:10:27.837215,1.1028082,-0.40173078,1.7063191,6.3018384,3.26706,-2.765845
1979,2026-05-11 16:10:27.839939,1.115431,-0.3902667,1.5238694,6.3809457,3.552334,-2.7229319
1980,2026-05-11 16:10:27.842505,1.115431,-0.3902667,1.5238694,6.3809457,3.552334,-2.7229319
1981,2026-05-11 16:10:27.845190,1.115431,-0.3902667,1.5238694,6.3809457,3.552334,-2.7229319
1982,2026-05-11 16:10:27.848095,1.0470732,-0.29465136,1.0968933,6.0715423,3.8948767,-2.6762006
1983,2026-05-11 16:10:27.851218,1.0470732,-0.29465136,1.0968933,6.0715423,3.8948767,-2.6762006
1984,2026-05-11 16:10:27.853886,1.0470732,-0.29465136,1.0968933,6.0715423,3.8948767,-2.6762006
1985,2026-05-11 16:10:27.856626,0.9212123,-0.19976775,0.8483422,6.0715423,3.8948767,-2.6762006
1986,2026-05-11 16:10:27.859219,0.9212123,-0.19976775,0.8483422,6.0715423,3.8948767,-2.6762006
1987,2026-05-11 16:10:27.862029,0.9212123,-0.19976775,0.8483422,6.0715423,3.8948767,-2.6762006
1988,2026-05-11 16:10:27.864752,0.9212123,-0.19976775,0.8483422,6.0715423,3.8948767,-2.6762006
1989,2026-05-11 16:10:27.867882,0.9212123,-0.19976775,0.8483422,6.0715423,3.8948767,-2.6762006
1990,2026-05-11 16:10:27.870614,0.9212123,-0.19976775,0.8483422,6.0715423,3.8948767,-2.6762006
1991,2026-05-11 16:10:27.873478,0.9212123,-0.19976775,0.8483422,6.0715423,3.8948767,-2.6762006
1992,2026-05-11 16:10:27.876294,0.9212123,-0.19976775,0.8483422,6.0715423,3.8948767,-2.6762006
1993,2026-05-11 16:10:27.878997,0.9212123,-0.19976775,0.8483422,5.57384,4.129602,-2.5689938
1994,2026-05-11 16:10:27.881769,0.9212123,-0.19976775,0.8483422,5.57384,4.129602,-2.5689938
1995,2026-05-11 16:10:27.884837,0.9212123,-0.19976775,0.8483422,5.57384,4.129602,-2.5689938
1996,2026-05-11 16:10:27.887698,0.9212123,-0.19976775,0.8483422,5.57384,4.129602,-2.5689938
1997,2026-05-11 16:10:27.890382,0.9212123,-0.19976775,0.8483422,5.57384,4.129602,-2.5689938
1998,2026-05-11 16:10:27.893111,0.7671179,-0.01396423,0.54003155,4.945107,4.308738,-2.3985624
1999,2026-05-11 16:10:27.895725,0.7671179,-0.01396423,0.54003155,4.945107,4.308738,-2.3985624
2000,2026-05-11 16:10:27.898377,0.7671179,-0.01396423,0.54003155,4.945107,4.308738,-2.3985624
2001,2026-05-11 16:10:27.901429,0.7671179,-0.01396423,0.54003155,4.945107,4.308738,-2.3985624
2002,2026-05-11 16:10:27.904315,0.68363744,0.07262619,0.73370135,3.2221615,3.6586246,-1.9434677
2003,2026-05-11 16:10:27.906904,0.7010165,0.066894144,0.82821906,3.2221615,3.6586246,-1.9434677
2004,2026-05-11 16:10:27.909489,0.7010165,0.066894144,0.82821906,3.2221615,3.6586246,-1.9434677
2005,2026-05-11 16:10:27.912191,0.7010165,0.066894144,0.82821906,3.2221615,3.6586246,-1.9434677
2006,2026-05-11 16:10:27.915128,0.7010165,0.066894144,0.82821906,3.328452,3.2678237,-1.9292651
2007,2026-05-11 16:10:27.918524,0.7010165,0.066894144,0.82821906,3.328452,3.2678237,-1.9292651
2008,2026-05-11 16:10:27.921198,0.7010165,0.066894144,0.82821906,3.328452,3.2678237,-1.9292651
2009,2026-05-11 16:10:27.923838,0.7010165,0.066894144,0.82821906,3.328452,3.2678237,-1.9292651
2010,2026-05-11 16:10:27.926458,0.7010165,0.066894144,0.82821906,3.328452,3.2678237,-1.9292651
2011,2026-05-11 16:10:27.929301,0.76047117,0.076406896,0.86450166,3.328452,3.2678237,-1.9292651
2012,2026-05-11 16:10:27.932040,0.76047117,0.076406896,0.86450166,3.328452,3.2678237,-1.9292651
2013,2026-05-11 16:10:27.935409,0.76047117,0.076406896,0.86450166,3.328452,3.2678237,-1.9292651
2014,2026-05-11 16:10:27.938306,0.8382196,0.11098208,0.78163093,3.328452,3.2678237,-1.9292651
2015,2026-05-11 16:10:27.940988,0.8382196,0.11098208,0.78163093,3.328452,3.2678237,-1.9292651
2016,2026-05-11 16:10:27.943786,0.8382196,0.11098208,0.78163093,3.328452,3.2678237,-1.9292651
2017,2026-05-11 16:10:27.946410,0.8382196,0.11098208,0.78163093,3.328452,3.2678237,-1.9292651
2018,2026-05-11 16:10:27.949020,0.8382196,0.11098208,0.78163093,3.328452,3.2678237,-1.9292651
2019,2026-05-11 16:10:27.952409,0.8382196,0.11098208,0.78163093,3.328452,3.2678237,-1.9292651
2020,2026-05-11 16:10:27.955374,0.8223651,0.16177773,0.6711977,3.3664784,3.2443054,-2.0735822
2021,2026-05-11 16:10:27.958117,0.8223651,0.16177773,0.6711977,3.3664784,3.2443054,-2.0735822
2022,2026-05-11 16:10:27.960816,0.8223651,0.16177773,0.6711977,3.3664784,3.2443054,-2.0735822
2023,2026-05-11 16:10:27.963433,0.8223651,0.16177773,0.6711977,3.3664784,3.2443054,-2.0735822
2024,2026-05-11 16:10:27.966598,0.8223651,0.16177773,0.6711977,3.1758883,3.2931745,-2.1911736
2025,2026-05-11 16:10:27.969702,0.5526542,0.20232888,0.58405846,2.3365595,3.7862954,-2.3385448
2026,2026-05-11 16:10:27.972562,0.51563984,0.20531686,0.570765,2.0494528,3.9781072,-2.3017402
2027,2026-05-11 16:10:27.975225,0.51563984,0.20531686,0.570765,2.0494528,3.9781072,-2.3017402
2028,2026-05-11 16:10:27.977977,0.51563984,0.20531686,0.570765,2.0494528,3.9781072,-2.3017402
2029,2026-05-11 16:10:27.980576,0.51563984,0.20531686,0.570765,2.0494528,3.9781072,-2.3017402
2030,2026-05-11 16:10:27.983458,0.51563984,0.20531686,0.570765,1.6771306,4.087452,-2.3451116
2031,2026-05-11 16:10:27.986505,0.51563984,0.20531686,0.570765,1.6771306,4.087452,-2.3451116
2032,2026-05-11 16:10:27.989141,0.51563984,0.20531686,0.570765,1.6771306,4.087452,-2.3451116
2033,2026-05-11 16:10:27.992073,0.7216275,0.2626373,0.9607268,1.752267,4.0399575,-2.4544566
2034,2026-05-11 16:10:27.994805,0.7216275,0.2626373,0.9607268,1.752267,4.0399575,-2.4544566
2035,2026-05-11 16:10:27.997384,0.7216275,0.2626373,0.9607268,1.752267,4.0399575,-2.4544566
2036,2026-05-11 16:10:28.000340,0.7216275,0.2626373,0.9607268,2.2466097,3.8383718,-2.7090347
2037,2026-05-11 16:10:28.003299,0.7216275,0.2626373,0.9607268,2.2466097,3.8383718,-2.7090347
2038,2026-05-11 16:10:28.005993,0.7271766,0.15049659,1.0987227,2.990491,3.6722164,-3.1213686
2039,2026-05-11 16:10:28.008632,0.7271766,0.15049659,1.0987227,2.990491,3.6722164,-3.1213686
2040,2026-05-11 16:10:28.011495,0.7271766,0.15049659,1.0987227,2.990491,3.6722164,-3.1213686
2041,2026-05-11 16:10:28.014106,0.7271766,0.15049659,1.0987227,2.990491,3.6722164,-3.1213686
2042,2026-05-11 16:10:28.017337,0.8746242,0.14732568,1.3008686,2.990491,3.6722164,-3.1213686
2043,2026-05-11 16:10:28.020137,0.8746242,0.14732568,1.3008686,2.990491,3.6722164,-3.1213686
2044,2026-05-11 16:10:28.022891,0.8746242,0.14732568,1.3008686,2.990491,3.6722164,-3.1213686
2045,2026-05-11 16:10:28.025653,0.8746242,0.14732568,1.3008686,2.990491,3.6722164,-3.1213686
2046,2026-05-11 16:10:28.028425,0.7935829,0.024330689,1.3347731,4.4741297,3.6713002,-3.5445457
2047,2026-05-11 16:10:28.031243,0.5695454,-0.25477096,1.2192174,4.4741297,3.6713002,-3.5445457
2048,2026-05-11 16:10:28.034369,0.5695454,-0.25477096,1.2192174,4.4741297,3.6713002,-3.5445457
2049,2026-05-11 16:10:28.037184,0.5695454,-0.25477096,1.2192174,4.4741297,3.6713002,-3.5445457
2050,2026-05-11 16:10:28.039842,0.5695454,-0.25477096,1.2192174,4.4741297,3.6713002,-3.5445457
2051,2026-05-11 16:10:28.042569,0.45173368,-0.37270468,1.1205531,5.0607133,3.6677876,-3.5654678
2052,2026-05-11 16:10:28.045160,0.45173368,-0.37270468,1.1205531,5.0607133,3.6677876,-3.5654678
2053,2026-05-11 16:10:28.047903,0.45173368,-0.37270468,1.1205531,5.0607133,3.6677876,-3.5654678
2054,2026-05-11 16:10:28.050912,0.45173368,-0.37270468,1.1205531,5.0607133,3.6677876,-3.5654678
2055,2026-05-11 16:10:28.053746,0.45173368,-0.37270468,1.1205531,5.0607133,3.6677876,-3.5654678
2056,2026-05-11 16:10:28.056430,0.45173368,-0.37270468,1.1205531,5.0607133,3.6677876,-3.5654678
2057,2026-05-11 16:10:28.059012,0.45173368,-0.37270468,1.1205531,5.0607133,3.6677876,-3.5654678
2058,2026-05-11 16:10:28.061751,0.45173368,-0.37270468,1.1205531,5.0607133,3.6677876,-3.5654678
2059,2026-05-11 16:10:28.064355,0.45173368,-0.37270468,1.1205531,5.0607133,3.6677876,-3.5654678
2060,2026-05-11 16:10:28.067326,0.45173368,-0.37270468,1.1205531,5.0607133,3.6677876,-3.5654678
2061,2026-05-11 16:10:28.070315,0.096895896,-0.60838914,0.77675265,6.524499,2.9718595,-3.436117
2062,2026-05-11 16:10:28.072986,0.096895896,-0.60838914,0.77675265,6.524499,2.9718595,-3.436117
2063,2026-05-11 16:10:28.075689,0.096895896,-0.60838914,0.77675265,6.524499,2.9718595,-3.436117
2064,2026-05-11 16:10:28.078390,-0.105067104,-0.8374879,0.3731925,7.280597,2.3081543,-3.2146783
2065,2026-05-11 16:10:28.080979,-0.105067104,-0.8374879,0.3731925,7.280597,2.3081543,-3.2146783
2066,2026-05-11 16:10:28.084047,-0.105067104,-0.8374879,0.3731925,7.280597,2.3081543,-3.2146783
2067,2026-05-11 16:10:28.086796,-0.105067104,-0.8374879,0.3731925,7.919257,1.5080736,-2.9869783
2068,2026-05-11 16:10:28.089555,-0.105067104,-0.8374879,0.3731925,7.919257,1.5080736,-2.9869783
2069,2026-05-11 16:10:28.092200,-0.105067104,-0.8374879,0.3731925,7.919257,1.5080736,-2.9869783
2070,2026-05-11 16:10:28.095015,-0.08537084,-0.924932,0.10622571,7.919257,1.5080736,-2.9869783
2071,2026-05-11 16:10:28.097653,-0.06390616,-1.0844536,-0.50996876,7.919257,1.5080736,-2.9869783
2072,2026-05-11 16:10:28.100685,-0.06390616,-1.0844536,-0.50996876,7.919257,1.5080736,-2.9869783
2073,2026-05-11 16:10:28.103511,-0.06390616,-1.0844536,-0.50996876,7.919257,1.5080736,-2.9869783
2074,2026-05-11 16:10:28.106095,-0.06390616,-1.0844536,-0.50996876,7.919257,1.5080736,-2.9869783
2075,2026-05-11 16:10:28.108708,-0.06390616,-1.0844536,-0.50996876,7.919257,1.5080736,-2.9869783
2076,2026-05-11 16:10:28.111280,-0.06390616,-1.0844536,-0.50996876,7.919257,1.5080736,-2.9869783
2077,2026-05-11 16:10:28.113843,-0.06390616,-1.0844536,-0.50996876,7.919257,1.5080736,-2.9869783
2078,2026-05-11 16:10:28.117085,-0.06390616,-1.0844536,-0.50996876,7.919257,1.5080736,-2.9869783
2079,2026-05-11 16:10:28.119840,-0.06390616,-1.0844536,-0.50996876,8.592278,0.47998735,-3.0692923
2080,2026-05-11 16:10:28.122443,-0.06390616,-1.0844536,-0.50996876,8.592278,0.47998735,-3.0692923
2081,2026-05-11 16:10:28.125143,-0.06390616,-1.0844536,-0.50996876,8.592278,0.47998735,-3.0692923
2082,2026-05-11 16:10:28.127749,-0.06390616,-1.0844536,-0.50996876,8.592278,0.47998735,-3.0692923
2083,2026-05-11 16:10:28.130354,-0.06390616,-1.0844536,-0.50996876,8.592278,0.47998735,-3.0692923
2084,2026-05-11 16:10:28.133274,-0.06390616,-1.0844536,-0.50996876,8.592278,0.47998735,-3.0692923
2085,2026-05-11 16:10:28.136289,-0.06390616,-1.0844536,-0.50996876,8.592278,0.47998735,-3.0692923
2086,2026-05-11 16:10:28.138887,-0.06390616,-1.0844536,-0.50996876,8.592278,0.47998735,-3.0692923
2087,2026-05-11 16:10:28.141612,-0.06390616,-1.0844536,-0.50996876,8.592278,0.47998735,-3.0692923
2088,2026-05-11 16:10:28.144425,-0.06390616,-1.0844536,-0.50996876,8.592278,0.47998735,-3.0692923
2089,2026-05-11 16:10:28.147076,-0.06390616,-1.0844536,-0.50996876,8.592278,0.47998735,-3.0692923
2090,2026-05-11 16:10:28.150238,-0.06390616,-1.0844536,-0.50996876,8.592278,0.47998735,-3.0692923
2091,2026-05-11 16:10:28.153204,-0.06390616,-1.0844536,-0.50996876,8.592278,0.47998735,-3.0692923
2092,2026-05-11 16:10:28.155959,-0.06390616,-1.0844536,-0.50996876,8.592278,0.47998735,-3.0692923
2093,2026-05-11 16:10:28.158749,-0.06390616,-1.0844536,-0.50996876,8.592278,0.47998735,-3.0692923
2094,2026-05-11 16:10:28.161568,-0.06390616,-1.0844536,-0.50996876,8.592278,0.47998735,-3.0692923
2095,2026-05-11 16:10:28.164206,-0.06390616,-1.0844536,-0.50996876,8.592278,0.47998735,-3.0692923
2096,2026-05-11 16:10:28.167414,-0.06390616,-1.0844536,-0.50996876,8.592278,0.47998735,-3.0692923
2097,2026-05-11 16:10:28.170198,-0.06390616,-1.0844536,-0.50996876,8.592278,0.47998735,-3.0692923
2098,2026-05-11 16:10:28.172969,-0.11207971,-1.1653119,-0.75528795,8.579297,0.24174993,-3.1742086
2099,2026-05-11 16:10:28.175712,-1.275989,-1.873402,-2.4897184,5.522069,0.86574876,-2.864958
2100,2026-05-11 16:10:28.178321,-1.275989,-1.873402,-2.4897184,5.522069,0.86574876,-2.864958
2101,2026-05-11 16:10:28.181116,-1.275989,-1.873402,-2.4897184,5.522069,0.86574876,-2.864958
2102,2026-05-11 16:10:28.184315,-1.8344973,-1.9921284,-2.7871137,5.522069,0.86574876,-2.864958
2103,2026-05-11 16:10:28.187189,-1.8344973,-1.9921284,-2.7871137,5.522069,0.86574876,-2.864958
2104,2026-05-11 16:10:28.189962,-1.8344973,-1.9921284,-2.7871137,5.522069,0.86574876,-2.864958
2105,2026-05-11 16:10:28.192650,-1.8344973,-1.9921284,-2.7871137,5.522069,0.86574876,-2.864958
2106,2026-05-11 16:10:28.195417,-1.8344973,-1.9921284,-2.7871137,3.530801,0.8549059,-1.7287487
2107,2026-05-11 16:10:28.198166,-1.8344973,-1.9921284,-2.7871137,3.530801,0.8549059,-1.7287487
2108,2026-05-11 16:10:28.201103,-1.8344973,-1.9921284,-2.7871137,3.530801,0.8549059,-1.7287487
2109,2026-05-11 16:10:28.203924,-1.8344973,-1.9921284,-2.7871137,3.530801,0.8549059,-1.7287487
2110,2026-05-11 16:10:28.206694,-1.8344973,-1.9921284,-2.7871137,2.5859454,0.5148067,-0.95707315
2111,2026-05-11 16:10:28.209530,-2.0618277,-1.9784081,-2.8037002,0.9103419,-0.56214875,0.6724099
2112,2026-05-11 16:10:28.212220,-2.0618277,-1.9784081,-2.8037002,0.9103419,-0.56214875,0.6724099
2113,2026-05-11 16:10:28.214911,-2.0618277,-1.9784081,-2.8037002,0.9103419,-0.56214875,0.6724099
2114,2026-05-11 16:10:28.217973,-2.0618277,-1.9784081,-2.8037002,0.9103419,-0.56214875,0.6724099
2115,2026-05-11 16:10:28.220854,-1.9650537,-1.6668656,-2.5094147,0.9103419,-0.56214875,0.6724099
2116,2026-05-11 16:10:28.223515,-1.9650537,-1.6668656,-2.5094147,0.9103419,-0.56214875,0.6724099
2117,2026-05-11 16:10:28.226196,-1.9650537,-1.6668656,-2.5094147,0.9103419,-0.56214875,0.6724099
2118,2026-05-11 16:10:28.228908,-1.9650537,-1.6668656,-2.5094147,0.9103419,-0.56214875,0.6724099
2119,2026-05-11 16:10:28.231547,-1.9650537,-1.6668656,-2.5094147,0.9103419,-0.56214875,0.6724099
2120,2026-05-11 16:10:28.234520,-1.9650537,-1.6668656,-2.5094147,0.9103419,-0.56214875,0.6724099
2121,2026-05-11 16:10:28.237475,-1.9650537,-1.6668656,-2.5094147,0.9103419,-0.56214875,0.6724099
2122,2026-05-11 16:10:28.240114,-1.9650537,-1.6668656,-2.5094147,0.9103419,-0.56214875,0.6724099
2123,2026-05-11 16:10:28.242808,-1.9650537,-1.6668656,-2.5094147,0.9103419,-0.56214875,0.6724099
2124,2026-05-11 16:10:28.245468,-1.4722201,-1.3237357,-2.151101,0.9103419,-0.56214875,0.6724099
2125,2026-05-11 16:10:28.248075,-1.4722201,-1.3237357,-2.151101,0.9103419,-0.56214875,0.6724099
2126,2026-05-11 16:10:28.251245,-1.4722201,-1.3237357,-2.151101,-0.31887165,-1.2090551,1.7090483
2127,2026-05-11 16:10:28.254017,-1.4722201,-1.3237357,-2.151101,-0.31887165,-1.2090551,1.7090483
2128,2026-05-11 16:10:28.256619,-1.4722201,-1.3237357,-2.151101,-0.31887165,-1.2090551,1.7090483
2129,2026-05-11 16:10:28.259509,-1.0836607,-1.0612814,-1.846998,-1.2455542,-1.4437801,2.231338
2130,2026-05-11 16:10:28.262101,-1.0836607,-1.0612814,-1.846998,-1.2455542,-1.4437801,2.231338
2131,2026-05-11 16:10:28.264835,-0.7430922,-0.79193646,-1.4495968,-2.4646885,-1.4706581,2.6354253
2132,2026-05-11 16:10:28.267832,-0.7430922,-0.79193646,-1.4495968,-2.4646885,-1.4706581,2.6354253
2133,2026-05-11 16:10:28.270631,-0.7430922,-0.79193646,-1.4495968,-2.4646885,-1.4706581,2.6354253
2134,2026-05-11 16:10:28.273329,-0.7430922,-0.79193646,-1.4495968,-2.4646885,-1.4706581,2.6354253
2135,2026-05-11 16:10:28.275912,-0.7430922,-0.79193646,-1.4495968,-2.4646885,-1.4706581,2.6354253
2136,2026-05-11 16:10:28.278616,-0.7430922,-0.79193646,-1.4495968,-2.4646885,-1.4706581,2.6354253
2137,2026-05-11 16:10:28.281196,-0.7430922,-0.79193646,-1.4495968,-2.4646885,-1.4706581,2.6354253
2138,2026-05-11 16:10:28.284198,-0.7430922,-0.79193646,-1.4495968,-2.4646885,-1.4706581,2.6354253
2139,2026-05-11 16:10:28.286952,-0.7430922,-0.79193646,-1.4495968,-2.4646885,-1.4706581,2.6354253
2140,2026-05-11 16:10:28.289607,-0.7430922,-0.79193646,-1.4495968,-2.4646885,-1.4706581,2.6354253
2141,2026-05-11 16:10:28.292214,-0.7430922,-0.79193646,-1.4495968,-2.4646885,-1.4706581,2.6354253
2142,2026-05-11 16:10:28.294965,-0.7430922,-0.79193646,-1.4495968,-2.4646885,-1.4706581,2.6354253
2143,2026-05-11 16:10:28.297726,-0.6026571,-0.6583921,-1.2310475,-2.8075366,-1.4289665,2.7062857
2144,2026-05-11 16:10:28.300772,-0.6026571,-0.6583921,-1.2310475,-2.8075366,-1.4289665,2.7062857
2145,2026-05-11 16:10:28.303586,-0.6026571,-0.6583921,-1.2310475,-3.6265543,-1.2672399,2.803566
2146,2026-05-11 16:10:28.306224,-0.6026571,-0.6583921,-1.2310475,-3.6265543,-1.2672399,2.803566
2147,2026-05-11 16:10:28.308793,-0.6026571,-0.6583921,-1.2310475,-3.6265543,-1.2672399,2.803566
2148,2026-05-11 16:10:28.311660,-0.6026571,-0.6583921,-1.2310475,-3.6265543,-1.2672399,2.803566
2149,2026-05-11 16:10:28.314439,-0.41203624,-0.3626431,-0.582473,-4.1636577,-1.2290609,2.8576276
2150,2026-05-11 16:10:28.317537,-0.41203624,-0.3626431,-0.582473,-4.1636577,-1.2290609,2.8576276
2151,2026-05-11 16:10:28.320330,-0.41203624,-0.3626431,-0.582473,-4.1636577,-1.2290609,2.8576276
2152,2026-05-11 16:10:28.323110,-0.3752658,-0.29983455,-0.44777006,-4.5888195,-1.4158329,2.9347494
2153,2026-05-11 16:10:28.325767,-0.33843437,-0.26708874,-0.336544,-4.5888195,-1.4158329,2.9347494
2154,2026-05-11 16:10:28.328531,-0.33843437,-0.26708874,-0.336544,-4.5888195,-1.4158329,2.9347494
2155,2026-05-11 16:10:28.331126,-0.33843437,-0.26708874,-0.336544,-4.5888195,-1.4158329,2.9347494
2156,2026-05-11 16:10:28.334177,-0.33843437,-0.26708874,-0.336544,-4.5888195,-1.4158329,2.9347494
2157,2026-05-11 16:10:28.336923,-0.33843437,-0.26708874,-0.336544,-4.5888195,-1.4158329,2.9347494
2158,2026-05-11 16:10:28.339557,-0.33843437,-0.26708874,-0.336544,-4.7013717,-1.4705054,2.9552133
2159,2026-05-11 16:10:28.342285,-0.33843437,-0.26708874,-0.336544,-4.7013717,-1.4705054,2.9552133
2160,2026-05-11 16:10:28.345062,-0.33843437,-0.26708874,-0.336544,-4.7013717,-1.4705054,2.9552133
2161,2026-05-11 16:10:28.347802,-0.33843437,-0.26708874,-0.336544,-4.7013717,-1.4705054,2.9552133
2162,2026-05-11 16:10:28.350835,-0.33843437,-0.26708874,-0.336544,-4.7013717,-1.4705054,2.9552133
2163,2026-05-11 16:10:28.353635,-0.33843437,-0.26708874,-0.336544,-4.7013717,-1.4705054,2.9552133
2164,2026-05-11 16:10:28.356254,-0.33843437,-0.26708874,-0.336544,-4.7013717,-1.4705054,2.9552133
2165,2026-05-11 16:10:28.358954,-0.33843437,-0.26708874,-0.336544,-4.7013717,-1.4705054,2.9552133
2166,2026-05-11 16:10:28.361657,-0.33843437,-0.26708874,-0.336544,-4.7013717,-1.4705054,2.9552133
2167,2026-05-11 16:10:28.364408,-0.35392308,-0.10939662,0.21056107,-4.5782824,-1.8315268,3.0637946
2168,2026-05-11 16:10:28.367362,-0.35392308,-0.10939662,0.21056107,-4.5782824,-1.8315268,3.0637946
2169,2026-05-11 16:10:28.370228,-0.35392308,-0.10939662,0.21056107,-4.5782824,-1.8315268,3.0637946
2170,2026-05-11 16:10:28.372909,-0.35392308,-0.10939662,0.21056107,-4.5782824,-1.8315268,3.0637946
2171,2026-05-11 16:10:28.375623,-0.3179454,-0.08140719,0.25068536,-4.3815837,-1.943315,3.1490104
2172,2026-05-11 16:10:28.378287,-0.3179454,-0.08140719,0.25068536,-4.2012258,-1.9660698,3.3156238
2173,2026-05-11 16:10:28.381001,-0.09329812,-0.011951917,0.3764244,-4.1325035,-1.9022343,3.4052682
2174,2026-05-11 16:10:28.383873,-0.09329812,-0.011951917,0.3764244,-4.1325035,-1.9022343,3.4052682
2175,2026-05-11 16:10:28.387304,-0.09329812,-0.011951917,0.3764244,-4.1325035,-1.9022343,3.4052682
2176,2026-05-11 16:10:28.390048,-0.09329812,-0.011951917,0.3764244,-4.1325035,-1.9022343,3.4052682
2177,2026-05-11 16:10:28.392942,-0.09329812,-0.011951917,0.3764244,-4.0286565,-1.568091,3.4828482
2178,2026-05-11 16:10:28.395669,-0.057747275,0.023598937,0.39173016,-4.0257545,-1.3962852,3.489415
2179,2026-05-11 16:10:28.398289,-0.057747275,0.023598937,0.39173016,-4.0257545,-1.3962852,3.489415
2180,2026-05-11 16:10:28.401145,-0.057747275,0.023598937,0.39173016,-4.0257545,-1.3962852,3.489415
2181,2026-05-11 16:10:28.404415,-0.057747275,0.023598937,0.39173016,-4.0257545,-1.3962852,3.489415
2182,2026-05-11 16:10:28.407324,-0.057747275,0.023598937,0.39173016,-4.0257545,-1.3962852,3.489415
2183,2026-05-11 16:10:28.410057,-0.057747275,0.023598937,0.39173016,-4.240321,-0.9645562,3.4648278
2184,2026-05-11 16:10:28.412748,-0.057747275,0.023598937,0.39173016,-4.240321,-0.9645562,3.4648278
2185,2026-05-11 16:10:28.415675,0.2274523,0.100005835,0.29721245,-4.7607784,-0.7496844,3.2018502
2186,2026-05-11 16:10:28.418855,0.40819457,0.17598589,0.40081608,-4.6944995,-1.1667526,2.5967882
2187,2026-05-11 16:10:28.421806,0.5799119,0.23044027,0.6105234,-4.6944995,-1.1667526,2.5967882
2188,2026-05-11 16:10:28.424578,0.5799119,0.23044027,0.6105234,-4.6944995,-1.1667526,2.5967882
2189,2026-05-11 16:10:28.427159,0.5799119,0.23044027,0.6105234,-4.6944995,-1.1667526,2.5967882
2190,2026-05-11 16:10:28.429846,0.43959883,0.22684251,0.7253472,-4.3482914,-1.779145,2.051438
2191,2026-05-11 16:10:28.432538,0.43959883,0.22684251,0.7253472,-4.0159807,-2.4039075,1.7356209
2192,2026-05-11 16:10:28.435592,0.43959883,0.22684251,0.7253472,-4.0159807,-2.4039075,1.7356209
2193,2026-05-11 16:10:28.438414,0.45813647,0.22318375,0.75071454,-3.7342193,-2.85045,1.541213
2194,2026-05-11 16:10:28.441008,0.45813647,0.22318375,0.75071454,-3.7342193,-2.85045,1.541213
2195,2026-05-11 16:10:28.443659,0.45813647,0.22318375,0.75071454,-3.7342193,-2.85045,1.541213
2196,2026-05-11 16:10:28.446224,0.45813647,0.22318375,0.75071454,-3.7342193,-2.85045,1.541213
2197,2026-05-11 16:10:28.448804,0.45813647,0.22318375,0.75071454,-3.7342193,-2.85045,1.541213
2198,2026-05-11 16:10:28.452252,0.31678677,0.15421632,0.68912554,-3.8415787,-2.8667905,1.5169312
2199,2026-05-11 16:10:28.455250,0.29867595,0.11134796,0.7244935,-4.201531,-2.549599,1.6844609
2200,2026-05-11 16:10:28.458033,0.29867595,0.11134796,0.7244935,-4.201531,-2.549599,1.6844609
2201,2026-05-11 16:10:28.460894,0.4522215,0.065491624,0.7969977,-4.7923903,-2.030058,1.9167424
2202,2026-05-11 16:10:28.479870,0.77608186,-0.032318957,0.8978573,0.5757405,-4.256051,0.2947425
2203,2026-05-11 16:10:28.490288,0.77608186,-0.032318957,0.8978573,0.5757405,-4.256051,0.2947425
2204,2026-05-11 16:10:28.499215,0.77608186,-0.032318957,0.8978573,-0.64461553,-3.9535198,0.3210097
2205,2026-05-11 16:10:28.502706,0.77608186,-0.032318957,0.8978573,-0.64461553,-3.9535198,0.3210097
2206,2026-05-11 16:10:28.505549,0.76114196,-0.0059759584,0.36233822,-0.64461553,-3.9535198,0.3210097
2207,2026-05-11 16:10:28.508212,0.76114196,-0.0059759584,0.36233822,-0.64461553,-3.9535198,0.3210097
2208,2026-05-11 16:10:28.511027,0.7935219,-0.02695279,0.304469,-1.7333301,-3.5598173,0.36987892
2209,2026-05-11 16:10:28.513688,0.7935219,-0.02695279,0.304469,-1.7333301,-3.5598173,0.36987892
2210,2026-05-11 16:10:28.517026,0.7935219,-0.02695279,0.304469,-1.7333301,-3.5598173,0.36987892
2211,2026-05-11 16:10:28.520013,0.7935219,-0.02695279,0.304469,-3.9002218,-2.5579982,0.41233405
2212,2026-05-11 16:10:28.522767,0.7935219,-0.02695279,0.304469,-3.9002218,-2.5579982,0.41233405
2213,2026-05-11 16:10:28.525520,0.8976134,-0.10598179,0.6868694,-4.8366785,-1.9611828,0.33108896
2214,2026-05-11 16:10:28.528114,0.8976134,-0.10598179,0.6868694,-4.8366785,-1.9611828,0.33108896
2215,2026-05-11 16:10:28.530846,0.9009672,-0.16879034,1.1487255,-4.8366785,-1.9611828,0.33108896
2216,2026-05-11 16:10:28.533802,0.9009672,-0.16879034,1.1487255,-4.8366785,-1.9611828,0.33108896
2217,2026-05-11 16:10:28.536602,0.9009672,-0.16879034,1.1487255,-4.8366785,-1.9611828,0.33108896
2218,2026-05-11 16:10:28.539374,0.9009672,-0.16879034,1.1487255,-4.8366785,-1.9611828,0.33108896
2219,2026-05-11 16:10:28.542105,0.8838321,-0.26593015,1.8421806,-4.8366785,-1.9611828,0.33108896
2220,2026-05-11 16:10:28.544776,0.8838321,-0.26593015,1.8421806,-4.8366785,-1.9611828,0.33108896
2221,2026-05-11 16:10:28.547419,0.8838321,-0.26593015,1.8421806,-4.8366785,-1.9611828,0.33108896
2222,2026-05-11 16:10:28.550589,0.8838321,-0.26593015,1.8421806,-4.8366785,-1.9611828,0.33108896
2223,2026-05-11 16:10:28.553476,0.8838321,-0.26593015,1.8421806,-4.8366785,-1.9611828,0.33108896
2224,2026-05-11 16:10:28.556217,0.8838321,-0.26593015,1.8421806,-4.8366785,-1.9611828,0.33108896
2225,2026-05-11 16:10:28.558811,0.9218831,-0.29379764,2.0657303,-4.8366785,-1.9611828,0.33108896
2226,2026-05-11 16:10:28.561524,0.9218831,-0.29379764,2.0657303,-5.0437617,-1.3645202,0.16035213
2227,2026-05-11 16:10:28.564120,0.9218831,-0.29379764,2.0657303,-5.0437617,-1.3645202,0.16035213
2228,2026-05-11 16:10:28.567258,0.9218831,-0.29379764,2.0657303,-5.0437617,-1.3645202,0.16035213
2229,2026-05-11 16:10:28.570058,0.9218831,-0.29379764,2.0657303,-5.0437617,-1.3645202,0.16035213
2230,2026-05-11 16:10:28.572808,0.9218831,-0.29379764,2.0657303,-4.5376596,-1.2695307,0.011148291
2231,2026-05-11 16:10:28.575429,0.9218831,-0.29379764,2.0657303,-4.5376596,-1.2695307,0.011148291
2232,2026-05-11 16:10:28.578183,0.8993208,-0.30459094,2.1201236,-4.5376596,-1.2695307,0.011148291
2233,2026-05-11 16:10:28.580823,0.8993208,-0.30459094,2.1201236,-4.5376596,-1.2695307,0.011148291
2234,2026-05-11 16:10:28.583990,0.8993208,-0.30459094,2.1201236,-3.8822014,-1.4526376,-0.21059579
2235,2026-05-11 16:10:28.586798,0.8993208,-0.30459094,2.1201236,-3.8822014,-1.4526376,-0.21059579
2236,2026-05-11 16:10:28.589605,0.8993208,-0.30459094,2.1201236,-3.0572278,-2.0140228,-0.4560109
2237,2026-05-11 16:10:28.592341,0.8993208,-0.30459094,2.1201236,-3.0572278,-2.0140228,-0.4560109
2238,2026-05-11 16:10:28.595228,0.7956562,-0.272272,2.209885,-3.0572278,-2.0140228,-0.4560109
2239,2026-05-11 16:10:28.597955,0.79126567,-0.25739306,2.456241,-2.3209825,-2.5781567,-0.58276546
2240,2026-05-11 16:10:28.600923,0.79126567,-0.25739306,2.456241,-2.3209825,-2.5781567,-0.58276546
2241,2026-05-11 16:10:28.603740,0.76943517,-0.25562465,2.5774064,-2.3209825,-2.5781567,-0.58276546
2242,2026-05-11 16:10:28.606425,0.76943517,-0.25562465,2.5774064,-2.3209825,-2.5781567,-0.58276546
2243,2026-05-11 16:10:28.609039,0.76943517,-0.25562465,2.5774064,-2.3209825,-2.5781567,-0.58276546
2244,2026-05-11 16:10:28.611788,0.76943517,-0.25562465,2.5774064,-2.3209825,-2.5781567,-0.58276546
2245,2026-05-11 16:10:28.614400,0.76943517,-0.25562465,2.5774064,-2.3209825,-2.5781567,-0.58276546
2246,2026-05-11 16:10:28.617372,0.76943517,-0.25562465,2.5774064,-2.3209825,-2.5781567,-0.58276546
2247,2026-05-11 16:10:28.620110,0.76943517,-0.25562465,2.5774064,-2.3209825,-2.5781567,-0.58276546
2248,2026-05-11 16:10:28.622835,0.76943517,-0.25562465,2.5774064,-2.3209825,-2.5781567,-0.58276546
2249,2026-05-11 16:10:28.625566,0.76943517,-0.25562465,2.5774064,-1.9179641,-2.705522,-0.6337727
2250,2026-05-11 16:10:28.628314,0.76943517,-0.25562465,2.5774064,-1.9179641,-2.705522,-0.6337727
2251,2026-05-11 16:10:28.630990,0.76943517,-0.25562465,2.5774064,-1.9179641,-2.705522,-0.6337727
2252,2026-05-11 16:10:28.633935,0.7057729,-0.25355136,2.6691802,-1.3144293,-2.5098925,-0.65500027
2253,2026-05-11 16:10:28.636782,0.7057729,-0.25355136,2.6691802,-1.3144293,-2.5098925,-0.65500027
2254,2026-05-11 16:10:28.639520,0.7057729,-0.25355136,2.6691802,-1.3144293,-2.5098925,-0.65500027
2255,2026-05-11 16:10:28.642253,0.7057729,-0.25355136,2.6691802,-1.3144293,-2.5098925,-0.65500027
2256,2026-05-11 16:10:28.644984,0.7057729,-0.25355136,2.6691802,-1.3144293,-2.5098925,-0.65500027
2257,2026-05-11 16:10:28.647761,0.66577053,-0.2306232,2.6695461,-1.3144293,-2.5098925,-0.65500027
2258,2026-05-11 16:10:28.650834,0.66577053,-0.2306232,2.6695461,-1.3144293,-2.5098925,-0.65500027
2259,2026-05-11 16:10:28.653607,0.66577053,-0.2306232,2.6695461,-1.3144293,-2.5098925,-0.65500027
2260,2026-05-11 16:10:28.656306,0.66577053,-0.2306232,2.6695461,-1.3144293,-2.5098925,-0.65500027
2261,2026-05-11 16:10:28.659046,0.66577053,-0.2306232,2.6695461,-1.3144293,-2.5098925,-0.65500027
2262,2026-05-11 16:10:28.661750,0.66577053,-0.2306232,2.6695461,-1.3144293,-2.5098925,-0.65500027
2263,2026-05-11 16:10:28.664457,0.66577053,-0.2306232,2.6695461,-1.0522153,-2.1516201,-0.6264423
2264,2026-05-11 16:10:28.667468,0.66577053,-0.2306232,2.6695461,-1.0522153,-2.1516201,-0.6264423
2265,2026-05-11 16:10:28.670301,0.66577053,-0.2306232,2.6695461,-1.0522153,-2.1516201,-0.6264423
2266,2026-05-11 16:10:28.673141,0.66577053,-0.2306232,2.6695461,-1.0522153,-2.1516201,-0.6264423
2267,2026-05-11 16:10:28.675770,0.66577053,-0.2306232,2.6695461,-1.0522153,-2.1516201,-0.6264423
2268,2026-05-11 16:10:28.678520,0.66577053,-0.2306232,2.6695461,-1.0522153,-2.1516201,-0.6264423
2269,2026-05-11 16:10:28.681170,0.66577053,-0.2306232,2.6695461,-1.0522153,-2.1516201,-0.6264423
2270,2026-05-11 16:10:28.684240,0.66577053,-0.2306232,2.6695461,-1.0522153,-2.1516201,-0.6264423
2271,2026-05-11 16:10:28.687059,0.58680254,-0.18915738,2.607957,-0.7770206,-0.7890852,-0.50854534
2272,2026-05-11 16:10:28.689827,0.58680254,-0.18915738,2.607957,-0.7770206,-0.7890852,-0.50854534
2273,2026-05-11 16:10:28.692518,0.58680254,-0.18915738,2.607957,-0.72433347,0.2677117,-0.3578143
2274,2026-05-11 16:10:28.695094,0.50978583,-0.16836348,2.5658813,-0.72433347,0.2677117,-0.3578143
2275,2026-05-11 16:10:28.697770,0.4952118,-0.15110639,2.5488071,-0.65270954,0.8969029,-0.22220223
2276,2026-05-11 16:10:28.700727,0.4952118,-0.15110639,2.5488071,-0.65270954,0.8969029,-0.22220223
2277,2026-05-11 16:10:28.703621,0.4952118,-0.15110639,2.5488071,-0.65270954,0.8969029,-0.22220223
2278,2026-05-11 16:10:28.706469,0.4952118,-0.15110639,2.5488071,-0.65270954,0.8969029,-0.22220223
2279,2026-05-11 16:10:28.709171,0.4952118,-0.15110639,2.5488071,-0.65270954,0.8969029,-0.22220223
2280,2026-05-11 16:10:28.712052,0.4952118,-0.15110639,2.5488071,-0.65270954,0.8969029,-0.22220223
2281,2026-05-11 16:10:28.714922,0.50978583,-0.13781293,2.5927732,-0.65270954,0.8969029,-0.22220223
2282,2026-05-11 16:10:28.717942,0.50978583,-0.13781293,2.5927732,-0.65270954,0.8969029,-0.22220223
2283,2026-05-11 16:10:28.720884,0.50978583,-0.13781293,2.5927732,-0.65270954,0.8969029,-0.22220223
2284,2026-05-11 16:10:28.723575,0.50978583,-0.13781293,2.5927732,-0.65270954,0.8969029,-0.22220223
2285,2026-05-11 16:10:28.726246,0.50978583,-0.13781293,2.5927732,-0.3840815,1.3799446,-0.093462385
2286,2026-05-11 16:10:28.729036,0.50978583,-0.13781293,2.5927732,-0.3840815,1.3799446,-0.093462385
2287,2026-05-11 16:10:28.731644,0.50978583,-0.13781293,2.5927732,-0.3840815,1.3799446,-0.093462385
2288,2026-05-11 16:10:28.734878,0.50978583,-0.13781293,2.5927732,-0.3840815,1.3799446,-0.093462385
2289,2026-05-11 16:10:28.737667,0.50978583,-0.13781293,2.5927732,-0.3840815,1.3799446,-0.093462385
2290,2026-05-11 16:10:28.740530,0.50978583,-0.13781293,2.5927732,-0.3840815,1.3799446,-0.093462385
2291,2026-05-11 16:10:28.743207,0.50978583,-0.13781293,2.5927732,-0.3840815,1.3799446,-0.093462385
2292,2026-05-11 16:10:28.745896,0.50978583,-0.13781293,2.5927732,-0.09697486,1.5189165,-0.048716504
2293,2026-05-11 16:10:28.748645,0.50978583,-0.13781293,2.5927732,-0.09697486,1.5189165,-0.048716504
2294,2026-05-11 16:10:28.751824,0.50978583,-0.13781293,2.5927732,-0.09697486,1.5189165,-0.048716504
2295,2026-05-11 16:10:28.754672,0.50978583,-0.13781293,2.5927732,-0.09697486,1.5189165,-0.048716504
2296,2026-05-11 16:10:28.757281,0.50978583,-0.13781293,2.5927732,-0.09697486,1.5189165,-0.048716504
2297,2026-05-11 16:10:28.759936,0.50978583,-0.13781293,2.5927732,-0.09697486,1.5189165,-0.048716504
2298,2026-05-11 16:10:28.762777,0.5389339,-0.11945819,2.6196651,-0.09697486,1.5189165,-0.048716504
2299,2026-05-11 16:10:28.765617,0.58729035,-0.09921311,2.6028957,0.6747007,1.6737708,-0.06352998
2300,2026-05-11 16:10:28.768738,0.58729035,-0.09921311,2.6028957,0.6747007,1.6737708,-0.06352998
2301,2026-05-11 16:10:28.771486,0.58729035,-0.09921311,2.6028957,0.6747007,1.6737708,-0.06352998
2302,2026-05-11 16:10:28.774121,0.58729035,-0.09921311,2.6028957,0.6747007,1.6737708,-0.06352998
2303,2026-05-11 16:10:28.777021,0.61625546,-0.09500554,2.516854,1.3234396,1.8729129,-0.1020145
2304,2026-05-11 16:10:28.779663,0.61625546,-0.09500554,2.516854,1.3234396,1.8729129,-0.1020145
2305,2026-05-11 16:10:28.782552,0.69674796,-0.09402988,1.8818171,1.8194622,2.8257098,-0.3135266
2306,2026-05-11 16:10:28.785625,0.69674796,-0.09402988,1.8818171,1.8194622,2.8257098,-0.3135266
2307,2026-05-11 16:10:28.788472,0.69674796,-0.09402988,1.8818171,1.428203,3.4811683,-0.366061
2308,2026-05-11 16:10:28.791215,0.69674796,-0.09402988,1.8818171,1.428203,3.4811683,-0.366061
2309,2026-05-11 16:10:28.793802,0.69674796,-0.09402988,1.8818171,1.428203,3.4811683,-0.366061
2310,2026-05-11 16:10:28.796511,0.6252804,-0.13470298,1.7801647,1.428203,3.4811683,-0.366061
2311,2026-05-11 16:10:28.799202,0.6252804,-0.13470298,1.7801647,1.428203,3.4811683,-0.366061
2312,2026-05-11 16:10:28.802603,0.6252804,-0.13470298,1.7801647,1.428203,3.4811683,-0.366061
2313,2026-05-11 16:10:28.805279,0.6252804,-0.13470298,1.7801647,1.428203,3.4811683,-0.366061
2314,2026-05-11 16:10:28.808008,0.6252804,-0.13470298,1.7801647,1.299463,3.6980255,-0.34895676
2315,2026-05-11 16:10:28.810715,0.6057061,-0.14805742,1.7946168,1.299463,3.6980255,-0.34895676
2316,2026-05-11 16:10:28.813356,0.6057061,-0.14805742,1.7946168,1.299463,3.6980255,-0.34895676
2317,2026-05-11 16:10:28.816404,0.62064594,-0.22922069,1.9084041,1.1052079,4.2922444,-0.24495697
2318,2026-05-11 16:10:28.819492,0.62064594,-0.22922069,1.9084041,1.1052079,4.2922444,-0.24495697
2319,2026-05-11 16:10:28.822319,0.62064594,-0.22922069,1.9084041,1.1052079,4.2922444,-0.24495697
2320,2026-05-11 16:10:28.825029,0.62064594,-0.22922069,1.9084041,1.1052079,4.2922444,-0.24495697
2321,2026-05-11 16:10:28.827843,0.655648,-0.31764048,1.9725542,1.6267341,4.259258,-0.12064589
2322,2026-05-11 16:10:28.830587,0.655648,-0.31764048,1.9725542,1.6267341,4.259258,-0.12064589
2323,2026-05-11 16:10:28.833794,0.655648,-0.31764048,1.9725542,1.6267341,4.259258,-0.12064589
2324,2026-05-11 16:10:28.836608,0.655648,-0.31764048,1.9725542,1.6267341,4.259258,-0.12064589
2325,2026-05-11 16:10:28.839272,0.655648,-0.31764048,1.9725542,1.6267341,4.259258,-0.12064589
2326,2026-05-11 16:10:28.841966,0.655648,-0.31764048,1.9725542,2.0853412,3.9762745,-0.118202426
2327,2026-05-11 16:10:28.844788,0.72729856,-0.42575654,1.8308995,2.4652994,4.377155,-0.11148291
2328,2026-05-11 16:10:28.847425,0.72729856,-0.42575654,1.8308995,2.4652994,4.377155,-0.11148291
2329,2026-05-11 16:10:28.850613,0.72729856,-0.42575654,1.8308995,2.4652994,4.377155,-0.11148291
2330,2026-05-11 16:10:28.853525,0.72729856,-0.42575654,1.8308995,2.4652994,4.377155,-0.11148291
2331,2026-05-11 16:10:28.856179,0.72729856,-0.42575654,1.8308995,2.4652994,4.377155,-0.11148291
2332,2026-05-11 16:10:28.858963,0.7016263,-0.4557583,1.7430894,2.5019512,4.8450775,-0.004276057
2333,2026-05-11 16:10:28.861649,0.69833344,-0.47203976,1.7069899,2.5019512,4.8450775,-0.004276057
2334,2026-05-11 16:10:28.864243,0.69833344,-0.47203976,1.7069899,2.5019512,4.8450775,-0.004276057
2335,2026-05-11 16:10:28.867333,0.69833344,-0.47203976,1.7069899,2.5144742,5.1709743,0.11362094
2336,2026-05-11 16:10:28.870233,0.69833344,-0.47203976,1.7069899,2.5144742,5.1709743,0.11362094
2337,2026-05-11 16:10:28.872992,0.69833344,-0.47203976,1.7069899,2.5144742,5.1709743,0.11362094
2338,2026-05-11 16:10:28.875581,0.69833344,-0.47203976,1.7069899,2.5144742,5.1709743,0.11362094
2339,2026-05-11 16:10:28.878427,0.69833344,-0.47203976,1.7069899,2.5144742,5.1709743,0.11362094
2340,2026-05-11 16:10:28.881129,0.69833344,-0.47203976,1.7069899,2.673757,5.2850533,0.2218968
2341,2026-05-11 16:10:28.884181,0.69833344,-0.47203976,1.7069899,2.673757,5.2850533,0.2218968
2342,2026-05-11 16:10:28.887020,0.69833344,-0.47203976,1.7069899,2.673757,5.2850533,0.2218968
2343,2026-05-11 16:10:28.889880,0.78724104,-0.45392892,1.6582065,3.07983,4.869207,0.13637567
2344,2026-05-11 16:10:28.892631,0.8482203,-0.42600048,1.4423403,3.07983,4.869207,0.13637567
2345,2026-05-11 16:10:28.895348,0.8482203,-0.42600048,1.4423403,3.4626896,4.3672285,-0.058643065
2346,2026-05-11 16:10:28.898147,0.78565556,-0.40112096,1.279099,3.4626896,4.3672285,-0.058643065
2347,2026-05-11 16:10:28.901251,0.78565556,-0.40112096,1.279099,3.4626896,4.3672285,-0.058643065
2348,2026-05-11 16:10:28.904117,0.78565556,-0.40112096,1.279099,3.5807393,4.176944,-0.19028452
2349,2026-05-11 16:10:28.906821,0.78565556,-0.40112096,1.279099,3.5807393,4.176944,-0.19028452
2350,2026-05-11 16:10:28.909558,0.78565556,-0.40112096,1.279099,3.5807393,4.176944,-0.19028452
2351,2026-05-11 16:10:28.912144,0.78565556,-0.40112096,1.279099,3.5807393,4.176944,-0.19028452
2352,2026-05-11 16:10:28.914964,0.78565556,-0.40112096,1.279099,3.5807393,4.176944,-0.19028452
2353,2026-05-11 16:10:28.918099,0.78565556,-0.40112096,1.279099,3.5807393,4.176944,-0.19028452
2354,2026-05-11 16:10:28.920898,0.78565556,-0.40112096,1.279099,3.5807393,4.176944,-0.19028452
2355,2026-05-11 16:10:28.923685,0.7429092,-0.3910594,1.1888498,3.5807393,4.176944,-0.19028452
2356,2026-05-11 16:10:28.926379,0.7429092,-0.3910594,1.1888498,3.5807393,4.176944,-0.19028452
2357,2026-05-11 16:10:28.929186,0.7429092,-0.3910594,1.1888498,3.068529,4.5048256,-0.28725937
2358,2026-05-11 16:10:28.931905,0.75120234,-0.35874045,1.179764,3.068529,4.5048256,-0.28725937
2359,2026-05-11 16:10:28.934968,0.75120234,-0.35874045,1.179764,3.068529,4.5048256,-0.28725937
2360,2026-05-11 16:10:28.937939,0.75120234,-0.35874045,1.179764,3.068529,4.5048256,-0.28725937
2361,2026-05-11 16:10:28.940739,0.75120234,-0.35874045,1.179764,2.9280298,4.6305113,-0.300393
2362,2026-05-11 16:10:28.943523,0.75120234,-0.35874045,1.179764,2.9280298,4.6305113,-0.300393
2363,2026-05-11 16:10:28.946235,0.75120234,-0.35874045,1.179764,2.9280298,4.6305113,-0.300393
2364,2026-05-11 16:10:28.949006,0.7813261,-0.35087416,1.2275717,2.9439123,4.684115,-0.3866777
2365,2026-05-11 16:10:28.952217,0.7707767,-0.32800692,1.3473958,2.9439123,4.684115,-0.3866777
2366,2026-05-11 16:10:28.954993,0.7707767,-0.32800692,1.3473958,2.9439123,4.684115,-0.3866777
2367,2026-05-11 16:10:28.957746,0.7707767,-0.32800692,1.3473958,2.9439123,4.684115,-0.3866777
2368,2026-05-11 16:10:28.960562,0.658636,-0.3047739,1.305625,3.2684345,4.63494,-0.47571132
2369,2026-05-11 16:10:28.963345,0.608816,-0.33361703,1.1354321,3.3524284,4.7218356,-0.4689918
2370,2026-05-11 16:10:28.966554,0.57497257,-0.30349332,0.986399,3.3524284,4.7218356,-0.4689918
2371,2026-05-11 16:10:28.969554,0.57497257,-0.30349332,0.986399,3.1797063,5.085606,-0.34773505
2372,2026-05-11 16:10:28.972423,0.57497257,-0.30349332,0.986399,3.1797063,5.085606,-0.34773505
2373,2026-05-11 16:10:28.975138,0.57497257,-0.30349332,0.986399,3.1797063,5.085606,-0.34773505
2374,2026-05-11 16:10:28.977953,0.5774727,-0.28068712,0.9557874,3.0266845,5.4307446,-0.25977045
2375,2026-05-11 16:10:28.980669,0.5774727,-0.28068712,0.9557874,3.0266845,5.4307446,-0.25977045
2376,2026-05-11 16:10:28.984013,0.5774727,-0.28068712,0.9557874,3.0266845,5.4307446,-0.25977045
2377,2026-05-11 16:10:28.987028,0.5774727,-0.28068712,0.9557874,3.0266845,5.4307446,-0.25977045
2378,2026-05-11 16:10:28.989707,0.5774727,-0.28068712,0.9557874,3.0266845,5.4307446,-0.25977045
2379,2026-05-11 16:10:28.992550,0.5774727,-0.28068712,0.9557874,3.0266845,5.4307446,-0.25977045
2380,2026-05-11 16:10:28.995367,0.5774727,-0.28068712,0.9557874,3.0266845,5.4307446,-0.25977045
2381,2026-05-11 16:10:28.998038,0.5774727,-0.28068712,0.9557874,3.0266845,5.4307446,-0.25977045
2382,2026-05-11 16:10:29.001079,0.5800948,-0.27166218,0.8740144,3.147025,5.537493,-0.23457226
2383,2026-05-11 16:10:29.003836,0.5800948,-0.27166218,0.8740144,3.147025,5.537493,-0.23457226
2384,2026-05-11 16:10:29.006477,0.5470441,-0.19080381,0.7855336,3.147025,5.537493,-0.23457226
2385,2026-05-11 16:10:29.009015,0.5470441,-0.19080381,0.7855336,3.147025,5.537493,-0.23457226
2386,2026-05-11 16:10:29.011942,0.5470441,-0.19080381,0.7855336,3.147025,5.537493,-0.23457226
2387,2026-05-11 16:10:29.014664,0.5470441,-0.19080381,0.7855336,3.5931094,5.0709453,-0.29871312
2388,2026-05-11 16:10:29.017760,0.5470441,-0.19080381,0.7855336,3.5931094,5.0709453,-0.29871312
2389,2026-05-11 16:10:29.020450,0.5470441,-0.19080381,0.7855336,3.5931094,5.0709453,-0.29871312
2390,2026-05-11 16:10:29.023285,0.2376968,-0.22574489,0.34794715,3.5931094,5.0709453,-0.29871312
2391,2026-05-11 16:10:29.026096,0.2376968,-0.22574489,0.34794715,3.5931094,5.0709453,-0.29871312
2392,2026-05-11 16:10:29.028946,0.2209885,-0.17305888,0.18982814,3.8621955,4.300644,-0.0870483
2393,2026-05-11 16:10:29.031639,0.2209885,-0.17305888,0.18982814,3.8621955,4.300644,-0.0870483
2394,2026-05-11 16:10:29.034787,0.2209885,-0.17305888,0.18982814,3.8621955,4.300644,-0.0870483
2395,2026-05-11 16:10:29.037517,0.2209885,-0.17305888,0.18982814,3.8621955,4.300644,-0.0870483
2396,2026-05-11 16:10:29.040251,0.2209885,-0.17305888,0.18982814,3.8621955,4.300644,-0.0870483
2397,2026-05-11 16:10:29.043056,0.2209885,-0.17305888,0.18982814,3.8621955,4.300644,-0.0870483
2398,2026-05-11 16:10:29.045857,0.33215353,-0.027013771,-0.010915271,3.8621955,4.300644,-0.0870483
2399,2026-05-11 16:10:29.048589,0.33215353,-0.027013771,-0.010915271,3.8621955,4.300644,-0.0870483
2400,2026-05-11 16:10:29.051696,0.33215353,-0.027013771,-0.010915271,3.8621955,4.300644,-0.0870483
2401,2026-05-11 16:10:29.054477,0.33215353,-0.027013771,-0.010915271,3.8621955,4.300644,-0.0870483
2402,2026-05-11 16:10:29.057215,0.39532796,0.1890964,0.02933098,3.8621955,4.300644,-0.0870483
2403,2026-05-11 16:10:29.059930,0.39532796,0.1890964,0.02933098,3.8621955,4.300644,-0.0870483
2404,2026-05-11 16:10:29.062632,0.39532796,0.1890964,0.02933098,3.8621955,4.300644,-0.0870483
2405,2026-05-11 16:10:29.065389,0.39532796,0.1890964,0.02933098,2.053118,4.172668,-0.30925053
2406,2026-05-11 16:10:29.068438,0.39532796,0.1890964,0.02933098,2.053118,4.172668,-0.30925053
2407,2026-05-11 16:10:29.071166,0.39532796,0.1890964,0.02933098,2.053118,4.172668,-0.30925053
2408,2026-05-11 16:10:29.073773,0.39532796,0.1890964,0.02933098,2.053118,4.172668,-0.30925053
2409,2026-05-11 16:10:29.076427,0.39532796,0.1890964,0.02933098,2.053118,4.172668,-0.30925053
2410,2026-05-11 16:10:29.079206,0.4119753,0.28965104,0.20104831,2.053118,4.172668,-0.30925053
2411,2026-05-11 16:10:29.081811,0.4119753,0.28965104,0.20104831,2.053118,4.172668,-0.30925053
2412,2026-05-11 16:10:29.084829,0.4119753,0.28965104,0.20104831,1.5981762,4.0845504,-0.6243043
2413,2026-05-11 16:10:29.087761,0.28611428,0.28080907,0.4089263,1.5981762,4.0845504,-0.6243043
2414,2026-05-11 16:10:29.090464,0.28611428,0.28080907,0.4089263,1.5981762,4.0845504,-0.6243043
2415,2026-05-11 16:10:29.093071,0.28611428,0.28080907,0.4089263,1.5981762,4.0845504,-0.6243043
2416,2026-05-11 16:10:29.095944,0.14988679,0.21385394,0.66479486,1.5178474,3.944815,-1.0699304
2417,2026-05-11 16:10:29.098630,0.17677861,0.18799877,0.6623557,1.6789632,4.216345,-1.1123856
2418,2026-05-11 16:10:29.101818,0.17677861,0.18799877,0.6623557,1.6789632,4.216345,-1.1123856
2419,2026-05-11 16:10:29.104562,0.17677861,0.18799877,0.6623557,1.6789632,4.216345,-1.1123856
2420,2026-05-11 16:10:29.107323,0.17677861,0.18799877,0.6623557,1.6789632,4.216345,-1.1123856
2421,2026-05-11 16:10:29.110153,-0.08274873,0.10293283,0.42545164,2.0399845,4.364632,-1.2281445
2422,2026-05-11 16:10:29.112805,-0.08274873,0.10293283,0.42545164,2.0399845,4.364632,-1.2281445
2423,2026-05-11 16:10:29.115508,-0.08274873,0.10293283,0.42545164,2.0399845,4.364632,-1.2281445
2424,2026-05-11 16:10:29.118721,-0.08274873,0.10293283,0.42545164,2.0399845,4.364632,-1.2281445
2425,2026-05-11 16:10:29.121427,-0.08274873,0.10293283,0.42545164,2.0399845,4.364632,-1.2281445
2426,2026-05-11 16:10:29.124077,-0.2572711,-0.08524887,-0.017805915,2.7447703,4.0456076,-1.2974777
2427,2026-05-11 16:10:29.126867,-0.2572711,-0.08524887,-0.017805915,2.7447703,4.0456076,-1.2974777
2428,2026-05-11 16:10:29.129546,-0.64418393,-0.3460568,-3.202138,5.6769233,2.3909266,-0.23548855
2429,2026-05-11 16:10:29.132228,-0.64418393,-0.3460568,-3.202138,5.6769233,2.3909266,-0.23548855
2430,2026-05-11 16:10:29.135475,-0.22952558,-0.040612124,-2.3559911,1.2547172,-2.4405594,1.1026118
2431,2026-05-11 16:10:29.138147,-0.22952558,-0.040612124,-2.3559911,1.2547172,-2.4405594,1.1026118
2432,2026-05-11 16:10:29.140807,-0.22952558,-0.040612124,-2.3559911,1.2547172,-2.4405594,1.1026118
2433,2026-05-11 16:10:29.143408,-0.22952558,-0.040612124,-2.3559911,1.2547172,-2.4405594,1.1026118
2434,2026-05-11 16:10:29.146044,-0.22952558,-0.040612124,-2.3559911,0.39752057,-2.6186266,0.9633345
2435,2026-05-11 16:10:29.148590,-0.22952558,-0.040612124,-2.3559911,0.39752057,-2.6186266,0.9633345
2436,2026-05-11 16:10:29.151784,-0.17482726,0.08463909,-1.7760181,0.39752057,-2.6186266,0.9633345
2437,2026-05-11 16:10:29.154452,-0.17482726,0.08463909,-1.7760181,-1.2608259,-2.599079,0.5529858
2438,2026-05-11 16:10:29.157329,-0.17482726,0.08463909,-1.7760181,-1.2608259,-2.599079,0.5529858
2439,2026-05-11 16:10:29.160094,-0.20604862,0.112567544,-1.4704516,-2.0158553,-2.4724772,0.3352123
2440,2026-05-11 16:10:29.162734,-0.20604862,0.112567544,-1.4704516,-2.0158553,-2.4724772,0.3352123
2441,2026-05-11 16:10:29.165616,-0.41258505,0.06390616,-0.4323423,-2.0158553,-2.4724772,0.3352123
2442,2026-05-11 16:10:29.168597,-0.41258505,0.06390616,-0.4323423,-2.0158553,-2.4724772,0.3352123
2443,2026-05-11 16:10:29.171402,-0.41258505,0.06390616,-0.4323423,-2.0158553,-2.4724772,0.3352123
2444,2026-05-11 16:10:29.174290,-0.45563635,0.024330689,-0.16775368,-2.1340578,-2.6412287,0.45066583
2445,2026-05-11 16:10:29.177050,-0.45563635,0.024330689,-0.16775368,-2.1340578,-2.6412287,0.45066583
2446,2026-05-11 16:10:29.179729,-0.547227,0.02268425,0.0032318959,-1.6727017,-3.099683,0.6979135
2447,2026-05-11 16:10:29.182511,-0.46161228,0.05744238,-0.10195717,-1.6727017,-3.099683,0.6979135
2448,2026-05-11 16:10:29.185690,-0.46161228,0.05744238,-0.10195717,-1.6333009,-3.218038,0.8921687
2449,2026-05-11 16:10:29.188463,-0.46161228,0.05744238,-0.10195717,-1.6333009,-3.218038,0.8921687
2450,2026-05-11 16:10:29.191216,-0.46161228,0.05744238,-0.10195717,-1.6333009,-3.218038,0.8921687
2451,2026-05-11 16:10:29.193827,-0.46161228,0.05744238,-0.10195717,-1.7502817,-3.2803464,1.0444268
2452,2026-05-11 16:10:29.196440,-0.46161228,0.05744238,-0.10195717,-1.7502817,-3.2803464,1.0444268
2453,2026-05-11 16:10:29.199017,-0.46161228,0.05744238,-0.10195717,-1.7502817,-3.2803464,1.0444268
2454,2026-05-11 16:10:29.202340,-0.46161228,0.05744238,-0.10195717,-1.7502817,-3.2803464,1.0444268
2455,2026-05-11 16:10:29.205181,-0.44063547,0.083053626,-0.12421457,-1.7502817,-3.2803464,1.0444268
2456,2026-05-11 16:10:29.207909,-0.44063547,0.083053626,-0.12421457,-2.0102048,-3.2727106,1.2599095
2457,2026-05-11 16:10:29.210679,-0.38855925,0.0962861,-0.064089105,-2.0102048,-3.2727106,1.2599095
2458,2026-05-11 16:10:29.213325,-0.38855925,0.0962861,-0.064089105,-2.0102048,-3.2727106,1.2599095
2459,2026-05-11 16:10:29.216218,-0.38855925,0.0962861,-0.064089105,-2.0102048,-3.2727106,1.2599095
2460,2026-05-11 16:10:29.219409,-0.38855925,0.0962861,-0.064089105,-2.0102048,-3.2727106,1.2599095
2461,2026-05-11 16:10:29.222180,-0.21275632,0.14531335,0.096895896,-2.185523,-3.2814155,1.4410311
2462,2026-05-11 16:10:29.224884,-0.21275632,0.14531335,0.096895896,-2.185523,-3.2814155,1.4410311
2463,2026-05-11 16:10:29.227539,-0.21275632,0.14531335,0.096895896,-2.185523,-3.2814155,1.4410311
2464,2026-05-11 16:10:29.230286,-0.21275632,0.14531335,0.096895896,-2.1948388,-3.3001995,1.4712689
2465,2026-05-11 16:10:29.233387,-0.12610492,0.16031423,0.17519315,-2.1948388,-3.3001995,1.4712689
2466,2026-05-11 16:10:29.236259,-0.12610492,0.16031423,0.17519315,-2.1948388,-3.3001995,1.4712689
2467,2026-05-11 16:10:29.238847,-0.12610492,0.16031423,0.17519315,-2.1948388,-3.3001995,1.4712689
2468,2026-05-11 16:10:29.241739,-0.12610492,0.16031423,0.17519315,-2.1948388,-3.3001995,1.4712689
2469,2026-05-11 16:10:29.244580,-0.12610492,0.16031423,0.17519315,-2.1948388,-3.3001995,1.4712689
2470,2026-05-11 16:10:29.247288,-0.12610492,0.16031423,0.17519315,-2.1948388,-3.3001995,1.4712689
2471,2026-05-11 16:10:29.250742,0.09768862,0.22934265,0.24153848,-2.1948388,-3.3001995,1.4712689
2472,2026-05-11 16:10:29.253628,0.09768862,0.22934265,0.24153848,-2.1948388,-3.3001995,1.4712689
2473,2026-05-11 16:10:29.256507,0.09768862,0.22934265,0.24153848,-2.3138049,-3.4246633,1.3713925
2474,2026-05-11 16:10:29.259285,0.09768862,0.22934265,0.24153848,-2.4474316,-3.5466835,1.2643384
2475,2026-05-11 16:10:29.262027,0.09768862,0.22934265,0.24153848,-2.4474316,-3.5466835,1.2643384
2476,2026-05-11 16:10:29.264629,0.09768862,0.22934265,0.24153848,-2.4474316,-3.5466835,1.2643384
2477,2026-05-11 16:10:29.267722,0.09768862,0.22934265,0.24153848,-2.4474316,-3.5466835,1.2643384
2478,2026-05-11 16:10:29.270438,0.09768862,0.22934265,0.24153848,-2.4474316,-3.5466835,1.2643384
2479,2026-05-11 16:10:29.273075,0.2441606,0.2528806,0.41209725,-2.559831,-3.7041342,1.0662653
2480,2026-05-11 16:10:29.275868,0.2172078,0.22007383,0.47124702,-2.559831,-3.7041342,1.0662653
2481,2026-05-11 16:10:29.278510,0.2172078,0.22007383,0.47124702,-2.559831,-3.7041342,1.0662653
2482,2026-05-11 16:10:29.281086,0.2172078,0.22007383,0.47124702,-2.559831,-3.7041342,1.0662653
2483,2026-05-11 16:10:29.284256,0.2172078,0.22007383,0.47124702,-2.559831,-3.7041342,1.0662653
2484,2026-05-11 16:10:29.287147,0.2172078,0.22007383,0.47124702,-2.559831,-3.7041342,1.0662653
2485,2026-05-11 16:10:29.289979,0.72796935,0.10360361,1.205741,-3.4636059,-3.701996,1.2307408
2486,2026-05-11 16:10:29.292751,0.7147368,0.07988271,1.4456332,-3.4636059,-3.701996,1.2307408
2487,2026-05-11 16:10:29.295543,0.7147368,0.07988271,1.4456332,-3.4636059,-3.701996,1.2307408
2488,2026-05-11 16:10:29.298220,0.7147368,0.07988271,1.4456332,-3.4636059,-3.701996,1.2307408
2489,2026-05-11 16:10:29.301238,0.7147368,0.07988271,1.4456332,-3.4636059,-3.701996,1.2307408
2490,2026-05-11 16:10:29.304015,0.5520444,0.052015226,1.5364311,-2.3087652,-4.4419065,0.071776666
2491,2026-05-11 16:10:29.306809,0.5520444,0.052015226,1.5364311,-2.3087652,-4.4419065,0.071776666
2492,2026-05-11 16:10:29.309467,0.5520444,0.052015226,1.5364311,-2.3087652,-4.4419065,0.071776666
2493,2026-05-11 16:10:29.312279,0.5520444,0.052015226,1.5364311,-2.3087652,-4.4419065,0.071776666
2494,2026-05-11 16:10:29.314972,0.5520444,0.052015226,1.5364311,-2.3087652,-4.4419065,0.071776666
2495,2026-05-11 16:10:29.318070,0.3134939,0.009817646,1.5275891,-2.3087652,-4.4419065,0.071776666
2496,2026-05-11 16:10:29.320987,0.3134939,0.009817646,1.5275891,-2.3087652,-4.4419065,0.071776666
2497,2026-05-11 16:10:29.323645,0.3134939,0.009817646,1.5275891,-2.3087652,-4.4419065,0.071776666
2498,2026-05-11 16:10:29.326349,0.3134939,0.009817646,1.5275891,-2.3087652,-4.4419065,0.071776666
2499,2026-05-11 16:10:29.329009,0.3134939,0.009817646,1.5275891,-2.3087652,-4.4419065,0.071776666
2500,2026-05-11 16:10:29.331569,0.3134939,0.009817646,1.5275891,-2.3087652,-4.4419065,0.071776666
2501,2026-05-11 16:10:29.334658,0.3134939,0.009817646,1.5275891,-1.7154623,-4.3525677,0.051923547
2502,2026-05-11 16:10:29.337399,0.3134939,0.009817646,1.5275891,-1.7154623,-4.3525677,0.051923547
2503,2026-05-11 16:10:29.340169,0.3134939,0.009817646,1.5275891,-1.7154623,-4.3525677,0.051923547
2504,2026-05-11 16:10:29.342885,0.3134939,0.009817646,1.5275891,-1.7154623,-4.3525677,0.051923547
2505,2026-05-11 16:10:29.345556,0.3134939,0.009817646,1.5275891,-1.7154623,-4.3525677,0.051923547
2506,2026-05-11 16:10:29.348156,0.3134939,0.009817646,1.5275891,-1.7154623,-4.3525677,0.051923547
2507,2026-05-11 16:10:29.351322,0.07774844,-0.0017683958,0.89419854,-1.7154623,-4.3525677,0.051923547
2508,2026-05-11 16:10:29.354085,0.07774844,-0.0017683958,0.89419854,-1.6899587,-3.8195877,0.58459806
2509,2026-05-11 16:10:29.356707,0.07774844,-0.0017683958,0.89419854,-1.6899587,-3.8195877,0.58459806
2510,2026-05-11 16:10:29.359544,0.07774844,-0.0017683958,0.89419854,-1.6899587,-3.8195877,0.58459806
2511,2026-05-11 16:10:29.362175,0.07774844,-0.0017683958,0.89419854,-1.6899587,-3.8195877,0.58459806
2512,2026-05-11 16:10:29.364953,0.07774844,-0.0017683958,0.89419854,-1.6899587,-3.8195877,0.58459806
2513,2026-05-11 16:10:29.367932,0.07774844,-0.0017683958,0.89419854,-1.6899587,-3.8195877,0.58459806
2514,2026-05-11 16:10:29.370840,0.07774844,-0.0017683958,0.89419854,-1.6899587,-3.8195877,0.58459806
2515,2026-05-11 16:10:29.373483,0.07774844,-0.0017683958,0.89419854,-1.6899587,-3.8195877,0.58459806
2516,2026-05-11 16:10:29.376099,0.07774844,-0.0017683958,0.89419854,-1.6899587,-3.8195877,0.58459806
2517,2026-05-11 16:10:29.378836,0.07774844,-0.0017683958,0.89419854,-1.6899587,-3.8195877,0.58459806
2518,2026-05-11 16:10:29.381454,0.07774844,-0.0017683958,0.89419854,-1.4961617,-3.623958,0.88529646
2519,2026-05-11 16:10:29.384432,0.67156357,0.018659625,1.1390299,-0.70539665,-3.9315288,0.08445212
2520,2026-05-11 16:10:29.387361,0.67156357,0.018659625,1.1390299,-0.70539665,-3.9315288,0.08445212
2521,2026-05-11 16:10:29.390042,0.67156357,0.018659625,1.1390299,-0.70539665,-3.9315288,0.08445212
2522,2026-05-11 16:10:29.392800,0.42459795,-0.018110814,0.9626781,-0.77671516,-3.8166862,-0.2012801
2523,2026-05-11 16:10:29.395471,0.42459795,-0.018110814,0.9626781,-1.2721269,-3.5169039,-0.12644911
2524,2026-05-11 16:10:29.398145,0.3211163,-0.07366284,0.9845696,-2.067168,-3.0491338,0.1459968
2525,2026-05-11 16:10:29.401345,0.3211163,-0.07366284,0.9845696,-2.067168,-3.0491338,0.1459968
2526,2026-05-11 16:10:29.404201,0.3211163,-0.07366284,0.9845696,-2.067168,-3.0491338,0.1459968
2527,2026-05-11 16:10:29.407021,0.75973946,-0.20653644,1.0370728,-2.1998785,-2.8049405,0.7287622
2528,2026-05-11 16:10:29.409738,0.75973946,-0.20653644,1.0370728,-2.1998785,-2.8049405,0.7287622
2529,2026-05-11 16:10:29.412460,0.8097424,-0.18641332,1.1419569,-2.1998785,-2.8049405,0.7287622
2530,2026-05-11 16:10:29.415191,0.8097424,-0.18641332,1.1419569,-2.1998785,-2.8049405,0.7287622
2531,2026-05-11 16:10:29.418274,0.8097424,-0.18641332,1.1419569,-3.8363864,-2.8990138,0.37110063
2532,2026-05-11 16:10:29.421031,0.8097424,-0.18641332,1.1419569,-3.8363864,-2.8990138,0.37110063
2533,2026-05-11 16:10:29.423761,0.77724046,-0.29129747,2.1489058,-3.8363864,-2.8990138,0.37110063
2534,2026-05-11 16:10:29.426444,0.77724046,-0.29129747,2.1489058,-3.8363864,-2.8990138,0.37110063
2535,2026-05-11 16:10:29.429060,0.77724046,-0.29129747,2.1489058,-3.8363864,-2.8990138,0.37110063
2536,2026-05-11 16:10:29.431790,0.77724046,-0.29129747,2.1489058,-2.4013114,-1.8153389,-0.064599
2537,2026-05-11 16:10:29.434749,0.77724046,-0.29129747,2.1489058,-2.4013114,-1.8153389,-0.064599
2538,2026-05-11 16:10:29.437569,0.77724046,-0.29129747,2.1489058,-2.4013114,-1.8153389,-0.064599
2539,2026-05-11 16:10:29.440260,0.77724046,-0.29129747,2.1489058,-2.4013114,-1.8153389,-0.064599
2540,2026-05-11 16:10:29.443072,0.56826484,-0.28373605,2.8564472,-0.72387534,-1.2961034,-0.20830505
2541,2026-05-11 16:10:29.445713,0.56826484,-0.28373605,2.8564472,-0.72387534,-1.2961034,-0.20830505
2542,2026-05-11 16:10:29.448340,0.56826484,-0.28373605,2.8564472,0.20922135,-1.1488848,-0.25885415
2543,2026-05-11 16:10:29.451336,0.56826484,-0.28373605,2.8564472,0.20922135,-1.1488848,-0.25885415
2544,2026-05-11 16:10:29.454183,0.56826484,-0.28373605,2.8564472,0.20922135,-1.1488848,-0.25885415
2545,2026-05-11 16:10:29.456992,0.56826484,-0.28373605,2.8564472,0.20922135,-1.1488848,-0.25885415
2546,2026-05-11 16:10:29.459623,0.56826484,-0.28373605,2.8564472,0.20922135,-1.1488848,-0.25885415
2547,2026-05-11 16:10:29.462358,0.4425868,-0.23891638,2.5284402,0.20922135,-1.1488848,-0.25885415
2548,2026-05-11 16:10:29.465026,0.4425868,-0.23891638,2.5284402,0.20922135,-1.1488848,-0.25885415
2549,2026-05-11 16:10:29.468077,0.4425868,-0.23891638,2.5284402,0.20922135,-1.1488848,-0.25885415
2550,2026-05-11 16:10:29.470779,0.4425868,-0.23891638,2.5284402,0.20922135,-1.1488848,-0.25885415
2551,2026-05-11 16:10:29.473388,0.4425868,-0.23891638,2.5284402,0.20922135,-1.1488848,-0.25885415
2552,2026-05-11 16:10:29.476092,0.4425868,-0.23891638,2.5284402,0.20922135,-1.1488848,-0.25885415
2553,2026-05-11 16:10:29.478774,0.4425868,-0.23891638,2.5284402,0.20922135,-1.1488848,-0.25885415
2554,2026-05-11 16:10:29.481379,0.4425868,-0.23891638,2.5284402,0.20922135,-1.1488848,-0.25885415
2555,2026-05-11 16:10:29.484458,0.3521547,-0.16811956,2.1445765,0.20922135,-1.1488848,-0.25885415
2556,2026-05-11 16:10:29.487553,0.3521547,-0.16811956,2.1445765,0.20922135,-1.1488848,-0.25885415
2557,2026-05-11 16:10:29.490173,0.3521547,-0.16811956,2.1445765,0.20922135,-1.1488848,-0.25885415
2558,2026-05-11 16:10:29.492874,0.3521547,-0.16811956,2.1445765,0.4512767,-1.1588113,-0.2667954
2559,2026-05-11 16:10:29.495501,0.3521547,-0.16811956,2.1445765,0.4512767,-1.1588113,-0.2667954
2560,2026-05-11 16:10:29.498224,0.3521547,-0.16811956,2.1445765,0.4512767,-1.1588113,-0.2667954
2561,2026-05-11 16:10:29.501250,0.3521547,-0.16811956,2.1445765,0.4512767,-1.1588113,-0.2667954
2562,2026-05-11 16:10:29.503981,0.3521547,-0.16811956,2.1445765,0.4512767,-1.1588113,-0.2667954
2563,2026-05-11 16:10:29.506734,0.17940071,-0.111165024,1.9303565,-0.09208794,-0.7883216,-0.29138273
2564,2026-05-11 16:10:29.509405,0.15488708,-0.13080032,1.9871283,-0.09208794,-0.7883216,-0.29138273
2565,2026-05-11 16:10:29.511986,0.15488708,-0.13080032,1.9871283,-0.09208794,-0.7883216,-0.29138273
2566,2026-05-11 16:10:29.514791,0.15488708,-0.13080032,1.9871283,-0.09208794,-0.7883216,-0.29138273
2567,2026-05-11 16:10:29.517781,0.15488708,-0.13080032,1.9871283,-0.09208794,-0.7883216,-0.29138273
2568,2026-05-11 16:10:29.520612,0.15488708,-0.13080032,1.9871283,-0.09208794,-0.7883216,-0.29138273
2569,2026-05-11 16:10:29.523343,0.15488708,-0.13080032,1.9871283,-0.09208794,-0.7883216,-0.29138273
2570,2026-05-11 16:10:29.526138,0.15488708,-0.13080032,1.9871283,-0.09208794,-0.7883216,-0.29138273
2571,2026-05-11 16:10:29.528883,0.15488708,-0.13080032,1.9871283,-0.09208794,-0.7883216,-0.29138273
2572,2026-05-11 16:10:29.531584,0.15488708,-0.13080032,1.9871283,-0.09208794,-0.7883216,-0.29138273
2573,2026-05-11 16:10:29.534646,0.15488708,-0.13080032,1.9871283,-0.09208794,-0.7883216,-0.29138273
2574,2026-05-11 16:10:29.537568,0.28147984,-0.13897152,2.0981712,-0.09208794,-0.7883216,-0.29138273
2575,2026-05-11 16:10:29.540268,0.28147984,-0.13897152,2.0981712,-0.09208794,-0.7883216,-0.29138273
2576,2026-05-11 16:10:29.542906,0.29337075,-0.10122541,2.245802,-0.47128254,-0.012064588,0.0346666
2577,2026-05-11 16:10:29.545744,0.307335,-0.09360302,2.326721,-0.1919644,0.79549927,0.050549097
2578,2026-05-11 16:10:29.548566,0.307335,-0.09360302,2.326721,-0.1919644,0.79549927,0.050549097
2579,2026-05-11 16:10:29.551709,0.307335,-0.09360302,2.326721,-0.1919644,0.79549927,0.050549097
2580,2026-05-11 16:10:29.560038,0.307335,-0.09360302,2.326721,-0.1919644,0.79549927,0.050549097
2581,2026-05-11 16:10:29.563057,0.307335,-0.09360302,2.326721,-0.1919644,0.79549927,0.050549097
2582,2026-05-11 16:10:29.582563,0.307335,-0.09360302,2.326721,-0.1919644,0.79549927,0.050549097
2583,2026-05-11 16:10:29.590076,0.29965162,-0.07732158,2.2551315,0.3885103,1.1840096,0.076358154
2584,2026-05-11 16:10:29.593664,0.29965162,-0.07732158,2.2551315,0.3885103,1.1840096,0.076358154
2585,2026-05-11 16:10:29.596506,0.29965162,-0.07732158,2.2551315,0.3885103,1.1840096,0.076358154
2586,2026-05-11 16:10:29.599470,0.29965162,-0.07732158,2.2551315,0.3885103,1.1840096,0.076358154
2587,2026-05-11 16:10:29.602590,0.30465192,-0.05786923,2.207019,0.5954409,1.2319624,0.070249505
2588,2026-05-11 16:10:29.605327,0.30465192,-0.05786923,2.207019,0.5954409,1.2319624,0.070249505
2589,2026-05-11 16:10:29.607968,0.30465192,-0.05786923,2.207019,0.5954409,1.2319624,0.070249505
2590,2026-05-11 16:10:29.610783,0.30465192,-0.05786923,2.207019,0.5954409,1.2319624,0.070249505
2591,2026-05-11 16:10:29.613537,0.30465192,-0.05786923,2.207019,0.5954409,1.2319624,0.070249505
2592,2026-05-11 16:10:29.617185,0.30465192,-0.05786923,2.207019,0.5954409,1.2319624,0.070249505
2593,2026-05-11 16:10:29.620247,0.30465192,-0.05786923,2.207019,0.5954409,1.2319624,0.070249505
2594,2026-05-11 16:10:29.622956,0.30465192,-0.05786923,2.207019,0.5954409,1.2319624,0.070249505
2595,2026-05-11 16:10:29.625704,0.30465192,-0.05786923,2.207019,0.5954409,1.2319624,0.070249505
2596,2026-05-11 16:10:29.628419,0.38264427,0.004024625,2.016154,0.5954409,1.2319624,0.070249505
2597,2026-05-11 16:10:29.631008,0.38264427,0.004024625,2.016154,0.5954409,1.2319624,0.070249505
2598,2026-05-11 16:10:29.634168,0.38264427,0.004024625,2.016154,1.2684617,1.1696543,-0.012370021
2599,2026-05-11 16:10:29.636947,0.38264427,0.004024625,2.016154,1.2684617,1.1696543,-0.012370021
2600,2026-05-11 16:10:29.639555,0.38264427,0.004024625,2.016154,1.2684617,1.1696543,-0.012370021
2601,2026-05-11 16:10:29.642403,0.43222034,0.020489,1.8805975,1.5628988,1.0239629,-0.13408493
2602,2026-05-11 16:10:29.645178,0.43222034,0.020489,1.8805975,1.5628988,1.0239629,-0.13408493
2603,2026-05-11 16:10:29.648026,0.43222034,0.020489,1.8805975,1.5628988,1.0239629,-0.13408493
2604,2026-05-11 16:10:29.651077,0.43222034,0.020489,1.8805975,1.5628988,1.0239629,-0.13408493
2605,2026-05-11 16:10:29.654053,0.41295093,0.029818814,1.5499685,1.7337883,0.8738427,-0.45463645
2606,2026-05-11 16:10:29.656723,0.41295093,0.029818814,1.5499685,1.7337883,0.8738427,-0.45463645
2607,2026-05-11 16:10:29.659417,0.41295093,0.029818814,1.5499685,1.7337883,0.8738427,-0.45463645
2608,2026-05-11 16:10:29.662278,0.41295093,0.029818814,1.5499685,1.7337883,0.8738427,-0.45463645
2609,2026-05-11 16:10:29.665068,0.63942754,-0.08140719,1.5607618,1.3645202,2.5593727,-0.02443461
2610,2026-05-11 16:10:29.668153,0.63942754,-0.08140719,1.5607618,1.3645202,2.5593727,-0.02443461
2611,2026-05-11 16:10:29.671116,0.63942754,-0.08140719,1.5607618,1.3645202,2.5593727,-0.02443461
2612,2026-05-11 16:10:29.673776,0.63942754,-0.08140719,1.5607618,1.3645202,2.5593727,-0.02443461
2613,2026-05-11 16:10:29.676573,0.63942754,-0.08140719,1.5607618,1.3645202,2.5593727,-0.02443461
2614,2026-05-11 16:10:29.679323,0.63942754,-0.08140719,1.5607618,1.4790574,2.770121,-0.031154128
2615,2026-05-11 16:10:29.682039,0.63942754,-0.08140719,1.5607618,1.4790574,2.770121,-0.031154128
2616,2026-05-11 16:10:29.685073,0.71315134,-0.07390675,1.5450292,1.4790574,2.770121,-0.031154128
2617,2026-05-11 16:10:29.687905,0.71315134,-0.07390675,1.5450292,1.5897768,2.786309,-0.09239337
2618,2026-05-11 16:10:29.690628,0.71315134,-0.07390675,1.5450292,1.5897768,2.786309,-0.09239337
2619,2026-05-11 16:10:29.693337,0.71315134,-0.07390675,1.5450292,1.5897768,2.786309,-0.09239337
2620,2026-05-11 16:10:29.696006,0.71315134,-0.07390675,1.5450292,1.5897768,2.786309,-0.09239337
2621,2026-05-11 16:10:29.698811,0.71315134,-0.07390675,1.5450292,1.5897768,2.786309,-0.09239337
2622,2026-05-11 16:10:29.701893,0.71315134,-0.07390675,1.5450292,1.5897768,2.786309,-0.09239337
2623,2026-05-11 16:10:29.704838,0.7512633,-0.06915038,1.5096612,1.5897768,2.786309,-0.09239337
2624,2026-05-11 16:10:29.707574,0.7512633,-0.06915038,1.5096612,1.8831449,2.616183,-0.3315471
2625,2026-05-11 16:10:29.710238,0.7512633,-0.06915038,1.5096612,1.8831449,2.616183,-0.3315471
2626,2026-05-11 16:10:29.713022,0.7512633,-0.06915038,1.5096612,1.8831449,2.616183,-0.3315471
2627,2026-05-11 16:10:29.715709,0.7512633,-0.06915038,1.5096612,1.8831449,2.616183,-0.3315471
2628,2026-05-11 16:10:29.718844,0.7512633,-0.06915038,1.5096612,1.8831449,2.616183,-0.3315471
2629,2026-05-11 16:10:29.721641,0.70302886,-0.071772486,1.4714884,2.0271564,2.4859161,-0.48747048
2630,2026-05-11 16:10:29.724352,0.70302886,-0.071772486,1.4714884,2.0271564,2.4859161,-0.48747048
2631,2026-05-11 16:10:29.727140,0.70302886,-0.071772486,1.4714884,2.0271564,2.4859161,-0.48747048
2632,2026-05-11 16:10:29.729783,0.70302886,-0.071772486,1.4714884,2.0271564,2.4859161,-0.48747048
2633,2026-05-11 16:10:29.732608,0.60759646,-0.10201815,1.4052649,2.0271564,2.4859161,-0.48747048
2634,2026-05-11 16:10:29.735707,0.60759646,-0.10201815,1.4052649,2.0271564,2.4859161,-0.48747048
2635,2026-05-11 16:10:29.738405,0.60759646,-0.10201815,1.4052649,2.1465805,2.290592,-0.57344973
2636,2026-05-11 16:10:29.740988,0.60759646,-0.10201815,1.4052649,2.1465805,2.290592,-0.57344973
2637,2026-05-11 16:10:29.743829,0.60759646,-0.10201815,1.4052649,2.1465805,2.290592,-0.57344973
2638,2026-05-11 16:10:29.746548,0.60759646,-0.10201815,1.4052649,2.1465805,2.290592,-0.57344973
2639,2026-05-11 16:10:29.749261,0.60759646,-0.10201815,1.4052649,2.1465805,2.290592,-0.57344973
2640,2026-05-11 16:10:29.752484,0.60759646,-0.10201815,1.4052649,2.0780108,2.431549,-0.5377141
2641,2026-05-11 16:10:29.755356,0.60759646,-0.10201815,1.4052649,2.0780108,2.431549,-0.5377141
2642,2026-05-11 16:10:29.758084,0.60759646,-0.10201815,1.4052649,2.0780108,2.431549,-0.5377141
2643,2026-05-11 16:10:29.760880,0.50856626,-0.12830016,1.3780682,2.0780108,2.431549,-0.5377141
2644,2026-05-11 16:10:29.763529,0.50856626,-0.12830016,1.3780682,2.0780108,2.431549,-0.5377141
2645,2026-05-11 16:10:29.766493,0.50856626,-0.12830016,1.3780682,2.0780108,2.431549,-0.5377141
2646,2026-05-11 16:10:29.769559,0.50856626,-0.12830016,1.3780682,2.0780108,2.431549,-0.5377141
2647,2026-05-11 16:10:29.772385,0.44862375,-0.13952033,1.3684945,2.0780108,2.431549,-0.5377141
2648,2026-05-11 16:10:29.775079,0.44862375,-0.13952033,1.3684945,2.0780108,2.431549,-0.5377141
2649,2026-05-11 16:10:29.777862,0.46088055,-0.12988563,1.3296508,1.9579759,2.7230844,-0.40026945
2650,2026-05-11 16:10:29.780557,0.46088055,-0.12988563,1.3296508,1.9579759,2.7230844,-0.40026945
2651,2026-05-11 16:10:29.783613,0.46088055,-0.12988563,1.3296508,1.8643607,3.1202996,-0.17150041
2652,2026-05-11 16:10:29.786507,0.46088055,-0.12988563,1.3296508,1.8643607,3.1202996,-0.17150041
2653,2026-05-11 16:10:29.789153,0.46088055,-0.12988563,1.3296508,1.8643607,3.1202996,-0.17150041
2654,2026-05-11 16:10:29.791805,0.46088055,-0.12988563,1.3296508,1.8643607,3.1202996,-0.17150041
2655,2026-05-11 16:10:29.794550,0.52759176,-0.09018819,1.164946,1.884672,3.219718,-0.08750644
2656,2026-05-11 16:10:29.797219,0.52759176,-0.09018819,1.164946,1.884672,3.219718,-0.08750644
2657,2026-05-11 16:10:29.800492,0.52759176,-0.09018819,1.164946,1.8881844,3.1645875,-0.043982297
2658,2026-05-11 16:10:29.803387,0.52759176,-0.09018819,1.164946,1.8881844,3.1645875,-0.043982297
2659,2026-05-11 16:10:29.806095,0.52759176,-0.09018819,1.164946,1.8881844,3.1645875,-0.043982297
2660,2026-05-11 16:10:29.808787,0.52759176,-0.09018819,1.164946,1.8881844,3.1645875,-0.043982297
2661,2026-05-11 16:10:29.811549,0.5500321,-0.09213952,1.1704341,1.8881844,3.1645875,-0.043982297
2662,2026-05-11 16:10:29.814220,0.5500321,-0.09213952,1.1704341,1.8881844,3.1645875,-0.043982297
2663,2026-05-11 16:10:29.817501,0.5500321,-0.09213952,1.1704341,1.8881844,3.1645875,-0.043982297
2664,2026-05-11 16:10:29.820307,0.5500321,-0.09213952,1.1704341,1.8881844,3.1645875,-0.043982297
2665,2026-05-11 16:10:29.823173,0.64753777,-0.029270003,1.1928744,1.8881844,3.1645875,-0.043982297
2666,2026-05-11 16:10:29.825890,0.64753777,-0.029270003,1.1928744,1.8881844,3.1645875,-0.043982297
2667,2026-05-11 16:10:29.828802,0.64753777,-0.029270003,1.1928744,1.628414,3.3136384,-0.20082195
2668,2026-05-11 16:10:29.831506,0.64753777,-0.029270003,1.1928744,1.628414,3.3136384,-0.20082195
2669,2026-05-11 16:10:29.834510,0.64753777,-0.029270003,1.1928744,1.628414,3.3136384,-0.20082195
2670,2026-05-11 16:10:29.837479,0.64753777,-0.029270003,1.1928744,1.628414,3.3136384,-0.20082195
2671,2026-05-11 16:10:29.840166,0.64753777,-0.029270003,1.1928744,1.628414,3.3136384,-0.20082195
2672,2026-05-11 16:10:29.843040,0.34575188,-0.053966567,1.0791484,1.628414,3.3136384,-0.20082195
2673,2026-05-11 16:10:29.845899,0.34575188,-0.053966567,1.0791484,1.628414,3.3136384,-0.20082195
2674,2026-05-11 16:10:29.848685,0.34575188,-0.053966567,1.0791484,1.628414,3.3136384,-0.20082195
2675,2026-05-11 16:10:29.851871,0.34575188,-0.053966567,1.0791484,1.628414,3.3136384,-0.20082195
2676,2026-05-11 16:10:29.854771,0.34575188,-0.053966567,1.0791484,1.628414,3.3136384,-0.20082195
2677,2026-05-11 16:10:29.857528,0.34575188,-0.053966567,1.0791484,1.628414,3.3136384,-0.20082195
2678,2026-05-11 16:10:29.860224,0.51807904,0.13445906,0.7935829,2.4384212,3.3339498,-0.5919284
2679,2026-05-11 16:10:29.863023,0.51807904,0.13445906,0.7935829,2.4384212,3.3339498,-0.5919284
2680,2026-05-11 16:10:29.865724,0.51807904,0.13445906,0.7935829,2.4384212,3.3339498,-0.5919284
2681,2026-05-11 16:10:29.869023,0.51807904,0.13445906,0.7935829,2.4384212,3.3339498,-0.5919284
2682,2026-05-11 16:10:29.871798,0.51807904,0.13445906,0.7935829,2.4384212,3.3339498,-0.5919284
2683,2026-05-11 16:10:29.874496,0.51807904,0.13445906,0.7935829,2.4384212,3.3339498,-0.5919284
2684,2026-05-11 16:10:29.877212,0.51807904,0.13445906,0.7935829,2.4384212,3.3339498,-0.5919284
2685,2026-05-11 16:10:29.879798,0.51807904,0.13445906,0.7935829,2.4384212,3.3339498,-0.5919284
2686,2026-05-11 16:10:29.882782,0.17226616,0.112750486,0.9328593,1.6519324,3.58471,-1.033584
2687,2026-05-11 16:10:29.885720,0.17226616,0.112750486,0.9328593,1.6519324,3.58471,-1.033584
2688,2026-05-11 16:10:29.888446,0.17226616,0.112750486,0.9328593,1.6519324,3.58471,-1.033584
2689,2026-05-11 16:10:29.891079,0.17226616,0.112750486,0.9328593,1.6519324,3.58471,-1.033584
2690,2026-05-11 16:10:29.893908,0.17226616,0.112750486,0.9328593,1.6519324,3.58471,-1.033584
2691,2026-05-11 16:10:29.896591,0.12945877,0.11848252,0.89133245,1.5882497,3.6913059,-0.7136433
2692,2026-05-11 16:10:29.899301,0.12945877,0.11848252,0.89133245,1.5882497,3.6913059,-0.7136433
2693,2026-05-11 16:10:29.902485,0.12945877,0.11848252,0.89133245,1.5882497,3.6913059,-0.7136433
2694,2026-05-11 16:10:29.905238,0.1419595,0.13006857,0.9624952,1.6169603,3.60945,-0.64965516
2695,2026-05-11 16:10:29.907955,0.1419595,0.13006857,0.9624952,1.6169603,3.60945,-0.64965516
2696,2026-05-11 16:10:29.910745,0.1419595,0.13006857,0.9624952,1.6169603,3.60945,-0.64965516
2697,2026-05-11 16:10:29.913637,-0.019086478,0.14506944,0.9584705,1.8727602,3.7433822,-0.39858958
2698,2026-05-11 16:10:29.916768,-0.019086478,0.14506944,0.9584705,1.8727602,3.7433822,-0.39858958
2699,2026-05-11 16:10:29.919855,-0.019086478,0.14506944,0.9584705,1.8727602,3.7433822,-0.39858958
2700,2026-05-11 16:10:29.922510,-0.019086478,0.14506944,0.9584705,1.8727602,3.7433822,-0.39858958
2701,2026-05-11 16:10:29.925127,-0.019086478,0.14506944,0.9584705,1.8727602,3.7433822,-0.39858958
2702,2026-05-11 16:10:29.927917,-0.03140427,0.15537491,1.0037171,1.8727602,3.7433822,-0.39858958
2703,2026-05-11 16:10:29.930532,-0.03140427,0.15537491,1.0037171,1.8727602,3.7433822,-0.39858958
2704,2026-05-11 16:10:29.933480,-0.03140427,0.15537491,1.0037171,1.9509509,3.8820486,-0.33505958
2705,2026-05-11 16:10:29.936306,-0.042258564,0.13799585,0.8712093,2.643214,3.7820194,-0.37782016
2706,2026-05-11 16:10:29.938957,-0.042258564,0.13799585,0.8712093,2.643214,3.7820194,-0.37782016
2707,2026-05-11 16:10:29.941824,-0.4709421,-0.22330572,-0.66168493,4.0805798,2.6296222,-0.6253733
2708,2026-05-11 16:10:29.944604,-0.4709421,-0.22330572,-0.66168493,4.0805798,2.6296222,-0.6253733
2709,2026-05-11 16:10:29.947258,-0.4709421,-0.22330572,-0.66168493,4.0805798,2.6296222,-0.6253733
2710,2026-05-11 16:10:29.950418,-0.4709421,-0.22330572,-0.66168493,4.0805798,2.6296222,-0.6253733
2711,2026-05-11 16:10:29.953144,-0.4709421,-0.22330572,-0.66168493,4.0805798,2.6296222,-0.6253733
2712,2026-05-11 16:10:29.955769,-0.4709421,-0.22330572,-0.66168493,4.0805798,2.6296222,-0.6253733
2713,2026-05-11 16:10:29.958456,-0.33861732,-0.31392074,-1.1010399,4.0805798,2.6296222,-0.6253733
2714,2026-05-11 16:10:29.961221,-0.33861732,-0.31392074,-1.1010399,4.0805798,2.6296222,-0.6253733
2715,2026-05-11 16:10:29.963955,-0.33861732,-0.31392074,-1.1010399,4.0805798,2.6296222,-0.6253733
2716,2026-05-11 16:10:29.967044,-0.33861732,-0.31392074,-1.1010399,4.0805798,2.6296222,-0.6253733
2717,2026-05-11 16:10:29.969894,-0.33861732,-0.31392074,-1.1010399,4.0805798,2.6296222,-0.6253733
2718,2026-05-11 16:10:29.972557,-0.33861732,-0.31392074,-1.1010399,4.0805798,2.6296222,-0.6253733
2719,2026-05-11 16:10:29.975152,-0.33861732,-0.31392074,-1.1010399,4.0805798,2.6296222,-0.6253733
2720,2026-05-11 16:10:29.978025,-0.33861732,-0.31392074,-1.1010399,4.0805798,2.6296222,-0.6253733
2721,2026-05-11 16:10:29.980770,-0.33861732,-0.31392074,-1.1010399,0.0013744468,-0.5896377,0.9830349
2722,2026-05-11 16:10:29.983950,-0.33861732,-0.31392074,-1.1010399,0.0013744468,-0.5896377,0.9830349
2723,2026-05-11 16:10:29.986869,-0.24952675,0.013354438,-1.521918,-2.090228,-2.05434,0.3817908
2724,2026-05-11 16:10:29.989669,-0.24952675,0.013354438,-1.521918,-2.090228,-2.05434,0.3817908
2725,2026-05-11 16:10:29.992335,-0.24952675,0.013354438,-1.521918,-2.090228,-2.05434,0.3817908
2726,2026-05-11 16:10:29.995085,-0.27843088,0.03195308,-1.261476,-2.7437012,-2.4023802,0.30283645
2727,2026-05-11 16:10:29.997818,-0.27843088,0.03195308,-1.261476,-2.7437012,-2.4023802,0.30283645
2728,2026-05-11 16:10:30.000845,-0.27843088,0.03195308,-1.261476,-2.7437012,-2.4023802,0.30283645
2729,2026-05-11 16:10:30.003710,-0.2968466,0.02128173,-0.89255214,-2.7437012,-2.4023802,0.30283645
2730,2026-05-11 16:10:30.006449,-0.2968466,0.02128173,-0.89255214,-2.7437012,-2.4023802,0.30283645
2731,2026-05-11 16:10:30.009092,-0.2968466,0.02128173,-0.89255214,-2.7437012,-2.4023802,0.30283645
2732,2026-05-11 16:10:30.011857,-0.2968466,0.02128173,-0.89255214,-2.7437012,-2.4023802,0.30283645
2733,2026-05-11 16:10:30.014500,-0.2968466,0.02128173,-0.89255214,-2.5711317,-3.1650455,1.0386237
2734,2026-05-11 16:10:30.017428,-0.2968466,0.02128173,-0.89255214,-2.5711317,-3.1650455,1.0386237
2735,2026-05-11 16:10:30.020165,-0.2968466,0.02128173,-0.89255214,-2.5711317,-3.1650455,1.0386237
2736,2026-05-11 16:10:30.022840,-0.6250365,-0.03609967,-0.09896919,-2.5711317,-3.1650455,1.0386237
2737,2026-05-11 16:10:30.025658,-0.6250365,-0.03609967,-0.09896919,-2.5711317,-3.1650455,1.0386237
2738,2026-05-11 16:10:30.028422,-0.58021677,-0.052259143,-0.0851879,-2.5207355,-3.1429017,1.3489432
2739,2026-05-11 16:10:30.031093,-0.58021677,-0.052259143,-0.0851879,-2.5207355,-3.1429017,1.3489432
2740,2026-05-11 16:10:30.034133,-0.58021677,-0.052259143,-0.0851879,-2.5207355,-3.1429017,1.3489432
2741,2026-05-11 16:10:30.036915,-0.3734974,-0.011768979,-0.0020123124,-2.5207355,-3.1429017,1.3489432
2742,2026-05-11 16:10:30.039704,-0.3734974,-0.011768979,-0.0020123124,-2.4414756,-3.1581733,1.6771306
2743,2026-05-11 16:10:30.042429,-0.3734974,-0.011768979,-0.0020123124,-2.4414756,-3.1581733,1.6771306
2744,2026-05-11 16:10:30.045055,-0.3734974,-0.011768979,-0.0020123124,-2.4414756,-3.1581733,1.6771306
2745,2026-05-11 16:10:30.047794,-0.3734974,-0.011768979,-0.0020123124,-2.2751677,-3.2812626,1.7476854
2746,2026-05-11 16:10:30.050769,-0.3734974,-0.011768979,-0.0020123124,-2.2751677,-3.2812626,1.7476854
2747,2026-05-11 16:10:30.053649,-0.09610317,0.18726702,0.061954834,-1.8877263,-3.7120755,1.5204436
2748,2026-05-11 16:10:30.056317,-0.09610317,0.18726702,0.061954834,-1.8877263,-3.7120755,1.5204436
2749,2026-05-11 16:10:30.059082,-0.065491624,0.027684543,0.37520483,-1.8877263,-3.7120755,1.5204436
2750,2026-05-11 16:10:30.061914,-0.065491624,0.027684543,0.37520483,-1.8877263,-3.7120755,1.5204436
2751,2026-05-11 16:10:30.064586,-0.065491624,0.027684543,0.37520483,-1.8877263,-3.7120755,1.5204436
2752,2026-05-11 16:10:30.067527,-0.065491624,0.027684543,0.37520483,-1.8877263,-3.7120755,1.5204436
2753,2026-05-11 16:10:30.070499,0.067321,0.014513042,0.5509468,-4.6379943,-2.4448354,1.8548924
2754,2026-05-11 16:10:30.073138,0.067321,0.014513042,0.5509468,-4.6379943,-2.4448354,1.8548924
2755,2026-05-11 16:10:30.075882,0.067321,0.014513042,0.5509468,-4.572937,-2.5346327,1.8051068
2756,2026-05-11 16:10:30.078658,0.067321,0.014513042,0.5509468,-4.572937,-2.5346327,1.8051068
2757,2026-05-11 16:10:30.081404,0.067321,0.014513042,0.5509468,-4.572937,-2.5346327,1.8051068
2758,2026-05-11 16:10:30.084408,0.067321,0.014513042,0.5509468,-4.572937,-2.5346327,1.8051068
2759,2026-05-11 16:10:30.087158,0.067321,0.014513042,0.5509468,-4.572937,-2.5346327,1.8051068
2760,2026-05-11 16:10:30.089917,0.5728993,0.114701815,1.150128,-4.572937,-2.5346327,1.8051068
2761,2026-05-11 16:10:30.092553,0.5728993,0.114701815,1.150128,-4.572937,-2.5346327,1.8051068
2762,2026-05-11 16:10:30.095299,0.5728993,0.114701815,1.150128,-4.572937,-2.5346327,1.8051068
2763,2026-05-11 16:10:30.097922,0.5728993,0.114701815,1.150128,-4.572937,-2.5346327,1.8051068
2764,2026-05-11 16:10:30.100991,0.5728993,0.114701815,1.150128,-4.572937,-2.5346327,1.8051068
2765,2026-05-11 16:10:30.103907,0.5728993,0.114701815,1.150128,-3.9072468,-3.0960178,1.3852897
2766,2026-05-11 16:10:30.106624,0.5728993,0.114701815,1.150128,-3.9072468,-3.0960178,1.3852897
2767,2026-05-11 16:10:30.109180,0.5728993,0.114701815,1.150128,-3.9072468,-3.0960178,1.3852897
2768,2026-05-11 16:10:30.111914,0.5728993,0.114701815,1.150128,-3.9072468,-3.0960178,1.3852897
2769,2026-05-11 16:10:30.114592,0.28812656,0.16842447,0.8453542,-2.383138,-3.8269181,0.39064834
2770,2026-05-11 16:10:30.117734,0.28812656,0.16842447,0.8453542,-2.383138,-3.8269181,0.39064834
2771,2026-05-11 16:10:30.120455,0.14403279,-0.095615335,1.1751295,-2.383138,-3.8269181,0.39064834
2772,2026-05-11 16:10:30.122993,0.14403279,-0.095615335,1.1751295,-2.383138,-3.8269181,0.39064834
2773,2026-05-11 16:10:30.125655,0.43264723,-0.07915096,1.5030146,-2.383138,-3.8269181,0.39064834
2774,2026-05-11 16:10:30.128286,0.43264723,-0.07915096,1.5030146,-2.383138,-3.8269181,0.39064834
2775,2026-05-11 16:10:30.130863,0.43264723,-0.07915096,1.5030146,-1.2852604,-3.991699,1.3417655
2776,2026-05-11 16:10:30.133887,0.43264723,-0.07915096,1.5030146,-1.2852604,-3.991699,1.3417655
2777,2026-05-11 16:10:30.136575,0.43264723,-0.07915096,1.5030146,-1.2852604,-3.991699,1.3417655
2778,2026-05-11 16:10:30.139140,0.43264723,-0.07915096,1.5030146,-1.2852604,-3.991699,1.3417655
2779,2026-05-11 16:10:30.141686,0.43264723,-0.07915096,1.5030146,-1.2852604,-3.991699,1.3417655
2780,2026-05-11 16:10:30.144317,0.43264723,-0.07915096,1.5030146,-1.2852604,-3.991699,1.3417655
2781,2026-05-11 16:10:30.146880,0.58168024,-0.05927175,1.2071435,-1.2852604,-3.991699,1.3417655
2782,2026-05-11 16:10:30.150046,0.58168024,-0.05927175,1.2071435,-1.2852604,-3.991699,1.3417655
2783,2026-05-11 16:10:30.152948,0.58168024,-0.05927175,1.2071435,-0.015118915,-4.939151,1.2735013
2784,2026-05-11 16:10:30.155612,0.58168024,-0.05927175,1.2071435,-0.015118915,-4.939151,1.2735013
2785,2026-05-11 16:10:30.158264,0.58168024,-0.05927175,1.2071435,-0.015118915,-4.939151,1.2735013
2786,2026-05-11 16:10:30.160819,1.0103638,0.068174705,0.4024625,-0.015118915,-4.939151,1.2735013
2787,2026-05-11 16:10:30.163461,1.0103638,0.068174705,0.4024625,-3.4426837,-3.9654317,0.7834347
2788,2026-05-11 16:10:30.166343,1.0103638,0.068174705,0.4024625,-3.4426837,-3.9654317,0.7834347
2789,2026-05-11 16:10:30.169451,0.8125474,-0.1340932,1.1932404,-4.8461466,-2.6939158,0.7806858
2790,2026-05-11 16:10:30.172205,0.8125474,-0.1340932,1.1932404,-4.8461466,-2.6939158,0.7806858
2791,2026-05-11 16:10:30.174927,0.8125474,-0.1340932,1.1932404,-4.8461466,-2.6939158,0.7806858
2792,2026-05-11 16:10:30.177794,0.8125474,-0.1340932,1.1932404,-4.8461466,-2.6939158,0.7806858
2793,2026-05-11 16:10:30.180542,0.8125474,-0.1340932,1.1932404,-4.8461466,-2.6939158,0.7806858
2794,2026-05-11 16:10:30.183708,0.8125474,-0.1340932,1.1932404,-4.917465,-2.1365013,0.8790351
2795,2026-05-11 16:10:30.186559,0.8125474,-0.1340932,1.1932404,-4.917465,-2.1365013,0.8790351
2796,2026-05-11 16:10:30.189227,0.8125474,-0.1340932,1.1932404,-4.917465,-2.1365013,0.8790351
2797,2026-05-11 16:10:30.191887,0.8125474,-0.1340932,1.1932404,-4.917465,-2.1365013,0.8790351
2798,2026-05-11 16:10:30.194694,0.8125474,-0.1340932,1.1932404,-4.917465,-2.1365013,0.8790351
2799,2026-05-11 16:10:30.197319,0.8125474,-0.1340932,1.1932404,-4.917465,-2.1365013,0.8790351
2800,2026-05-11 16:10:30.200511,0.8125474,-0.1340932,1.1932404,-4.917465,-2.1365013,0.8790351
2801,2026-05-11 16:10:30.203327,0.62149966,-0.21592724,1.7390039,-4.917465,-2.1365013,0.8790351
2802,2026-05-11 16:10:30.206145,0.60595,-0.21763465,1.9273685,-3.258966,-3.4008396,0.28313604
2803,2026-05-11 16:10:30.208914,0.81980395,-0.16592431,1.8494982,-4.0469823,-3.3786957,-0.46609017
2804,2026-05-11 16:10:30.211754,0.81980395,-0.16592431,1.8494982,-4.0469823,-3.3786957,-0.46609017
2805,2026-05-11 16:10:30.214428,0.6775395,-0.18976717,2.2028115,-4.0469823,-3.3786957,-0.46609017
2806,2026-05-11 16:10:30.217456,0.6775395,-0.18976717,2.2028115,-4.0469823,-3.3786957,-0.46609017
2807,2026-05-11 16:10:30.220349,0.6775395,-0.18976717,2.2028115,-4.0469823,-3.3786957,-0.46609017
2808,2026-05-11 16:10:30.223116,0.6775395,-0.18976717,2.2028115,-4.0469823,-3.3786957,-0.46609017
2809,2026-05-11 16:10:30.225926,0.3084936,-0.17055872,2.6789978,-2.4254405,-2.0037906,-0.4083634
2810,2026-05-11 16:10:30.228619,0.22446433,-0.1642169,2.7258909,-2.1164954,-1.8585575,-0.3379612
2811,2026-05-11 16:10:30.231305,0.22446433,-0.1642169,2.7258909,-2.1164954,-1.8585575,-0.3379612
2812,2026-05-11 16:10:30.234370,0.16677801,-0.15738723,2.7724178,-1.6705637,-1.4388931,-0.13576481
2813,2026-05-11 16:10:30.237154,0.15147226,-0.13226382,2.853764,-1.359786,-1.1841623,-0.016646078
2814,2026-05-11 16:10:30.239879,0.15147226,-0.13226382,2.853764,-1.359786,-1.1841623,-0.016646078
2815,2026-05-11 16:10:30.242610,0.15147226,-0.13226382,2.853764,-0.7713701,-0.86559606,0.18921551
2816,2026-05-11 16:10:30.245386,0.15147226,-0.13226382,2.853764,-0.29611692,-0.590554,0.28496864
2817,2026-05-11 16:10:30.248138,0.15147226,-0.13226382,2.853764,-0.29611692,-0.590554,0.28496864
2818,2026-05-11 16:10:30.251212,0.21525647,-0.045002624,2.6682656,-0.29611692,-0.590554,0.28496864
2819,2026-05-11 16:10:30.253999,0.21525647,-0.045002624,2.6682656,-0.29611692,-0.590554,0.28496864
2820,2026-05-11 16:10:30.256788,0.20684133,-0.017562,2.4920356,-0.29611692,-0.590554,0.28496864
2821,2026-05-11 16:10:30.259526,0.25227082,0.014756958,2.2737303,1.1669053,0.97387195,0.4708244
2822,2026-05-11 16:10:30.262211,0.25227082,0.014756958,2.2737303,1.1669053,0.97387195,0.4708244
2823,2026-05-11 16:10:30.264979,0.25227082,0.014756958,2.2737303,1.1669053,0.97387195,0.4708244
2824,2026-05-11 16:10:30.268299,0.25227082,0.014756958,2.2737303,1.1669053,0.97387195,0.4708244
2825,2026-05-11 16:10:30.271173,0.4238662,0.049210187,1.8869393,1.8907807,1.7731891,0.3135266
2826,2026-05-11 16:10:30.273911,0.4238662,0.049210187,1.8869393,1.8907807,1.7731891,0.3135266
2827,2026-05-11 16:10:30.276636,0.4238662,0.049210187,1.8869393,1.8907807,1.7731891,0.3135266
2828,2026-05-11 16:10:30.279277,0.4238662,0.049210187,1.8869393,1.8907807,1.7731891,0.3135266
2829,2026-05-11 16:10:30.281876,0.5293601,-0.08055348,1.6650362,1.8907807,1.7731891,0.3135266
2830,2026-05-11 16:10:30.285022,0.5293601,-0.08055348,1.6650362,1.8907807,1.7731891,0.3135266
2831,2026-05-11 16:10:30.287896,0.5293601,-0.08055348,1.6650362,1.8907807,1.7731891,0.3135266
2832,2026-05-11 16:10:30.290557,0.5293601,-0.08055348,1.6650362,1.8907807,1.7731891,0.3135266
2833,2026-05-11 16:10:30.293340,0.523933,-0.17043677,1.7222346,1.8907807,1.7731891,0.3135266
2834,2026-05-11 16:10:30.295927,0.523933,-0.17043677,1.7222346,1.8907807,1.7731891,0.3135266
2835,2026-05-11 16:10:30.298683,0.5494223,-0.2511122,1.677293,1.6980526,3.5315647,-0.026572637
2836,2026-05-11 16:10:30.301754,0.5428975,-0.28727287,1.5714941,2.6836836,3.383888,0.12003502
2837,2026-05-11 16:10:30.304457,0.6648559,-0.24367274,1.3569084,2.6836836,3.383888,0.12003502
2838,2026-05-11 16:10:30.307056,0.6648559,-0.24367274,1.3569084,2.6836836,3.383888,0.12003502
2839,2026-05-11 16:10:30.309881,0.6648559,-0.24367274,1.3569084,2.6836836,3.383888,0.12003502
2840,2026-05-11 16:10:30.312502,0.6648559,-0.24367274,1.3569084,2.6836836,3.383888,0.12003502
2841,2026-05-11 16:10:30.315108,0.6648559,-0.24367274,1.3569084,2.6836836,3.383888,0.12003502
2842,2026-05-11 16:10:30.318372,0.6648559,-0.24367274,1.3569084,2.6836836,3.383888,0.12003502
2843,2026-05-11 16:10:30.321092,0.6648559,-0.24367274,1.3569084,2.6836836,3.383888,0.12003502
2844,2026-05-11 16:10:30.323740,0.6648559,-0.24367274,1.3569084,2.6836836,3.383888,0.12003502
2845,2026-05-11 16:10:30.326462,0.6648559,-0.24367274,1.3569084,2.6836836,3.383888,0.12003502
2846,2026-05-11 16:10:30.329048,0.6648559,-0.24367274,1.3569084,2.6836836,3.383888,0.12003502
2847,2026-05-11 16:10:30.331697,0.6648559,-0.24367274,1.3569084,2.6836836,3.383888,0.12003502
2848,2026-05-11 16:10:30.334768,0.6648559,-0.24367274,1.3569084,2.620001,4.1570907,-0.0076358155
2849,2026-05-11 16:10:30.337519,0.6648559,-0.24367274,1.3569084,2.620001,4.1570907,-0.0076358155
2850,2026-05-11 16:10:30.340291,0.42392716,-0.2139759,1.2844652,2.620001,4.1570907,-0.0076358155
2851,2026-05-11 16:10:30.342897,0.42392716,-0.2139759,1.2844652,2.620001,4.1570907,-0.0076358155
2852,2026-05-11 16:10:30.345658,0.42392716,-0.2139759,1.2844652,2.620001,4.1570907,-0.0076358155
2853,2026-05-11 16:10:30.348326,0.42392716,-0.2139759,1.2844652,2.7832549,4.1911464,0.07040222
2854,2026-05-11 16:10:30.351536,0.5022244,-0.18373023,1.1860448,2.9345965,4.212527,0.15210545
2855,2026-05-11 16:10:30.354510,0.582351,-0.1308613,1.1334198,2.9345965,4.212527,0.15210545
2856,2026-05-11 16:10:30.357271,0.582351,-0.1308613,1.1334198,2.983466,4.1421247,0.10369437
2857,2026-05-11 16:10:30.360079,0.582351,-0.1308613,1.1334198,2.983466,4.1421247,0.10369437
2858,2026-05-11 16:10:30.362744,0.582351,-0.1308613,1.1334198,3.2475123,3.8363864,-0.17088956
2859,2026-05-11 16:10:30.365368,0.582351,-0.1308613,1.1334198,3.2475123,3.8363864,-0.17088956
2860,2026-05-11 16:10:30.368552,0.582351,-0.1308613,1.1334198,3.3945782,3.7444513,-0.21242839
2861,2026-05-11 16:10:30.371469,0.39855984,-0.07860215,1.053964,3.3945782,3.7444513,-0.21242839
2862,2026-05-11 16:10:30.374217,0.39855984,-0.07860215,1.053964,3.3945782,3.7444513,-0.21242839
2863,2026-05-11 16:10:30.377026,0.39855984,-0.07860215,1.053964,3.4526103,3.7102427,-0.22510384
2864,2026-05-11 16:10:30.379683,0.39855984,-0.07860215,1.053964,3.4526103,3.7102427,-0.22510384
2865,2026-05-11 16:10:30.382385,0.3245921,-0.025428312,0.9471894,3.4526103,3.7102427,-0.22510384
2866,2026-05-11 16:10:30.385701,0.3245921,-0.025428312,0.9471894,3.4526103,3.7102427,-0.22510384
2867,2026-05-11 16:10:30.388560,0.3245921,-0.025428312,0.9471894,3.4526103,3.7102427,-0.22510384
2868,2026-05-11 16:10:30.391300,0.3245921,-0.025428312,0.9471894,3.4526103,3.7102427,-0.22510384
2869,2026-05-11 16:10:30.394110,0.32776302,0.0045124586,0.8221821,3.253621,3.9602394,-0.23441954
2870,2026-05-11 16:10:30.396793,0.32776302,0.0045124586,0.8221821,3.253621,3.9602394,-0.23441954
2871,2026-05-11 16:10:30.400045,0.32776302,0.0045124586,0.8221821,3.253621,3.9602394,-0.23441954
2872,2026-05-11 16:10:30.402993,0.32776302,0.0045124586,0.8221821,3.0492866,4.1676283,-0.25030205
2873,2026-05-11 16:10:30.405635,0.2909316,0.033721477,0.7213226,3.0492866,4.1676283,-0.25030205
2874,2026-05-11 16:10:30.408435,0.21293926,0.07165052,0.6753443,2.474615,4.5830164,-0.1779145
2875,2026-05-11 16:10:30.411054,0.21293926,0.07165052,0.6753443,2.474615,4.5830164,-0.1779145
2876,2026-05-11 16:10:30.413846,0.21293926,0.07165052,0.6753443,2.474615,4.5830164,-0.1779145
2877,2026-05-11 16:10:30.417089,0.10433535,0.13226382,0.7704718,2.4442246,4.4435863,-0.20112738
2878,2026-05-11 16:10:30.420029,0.10433535,0.13226382,0.7704718,2.4442246,4.4435863,-0.20112738
2879,2026-05-11 16:10:30.422747,0.10433535,0.13226382,0.7704718,2.4442246,4.4435863,-0.20112738
2880,2026-05-11 16:10:30.425362,0.10433535,0.13226382,0.7704718,2.4442246,4.4435863,-0.20112738
2881,2026-05-11 16:10:30.428095,0.10433535,0.13226382,0.7704718,2.4442246,4.4435863,-0.20112738
2882,2026-05-11 16:10:30.430723,0.10433535,0.13226382,0.7704718,2.6861272,4.254829,-0.14737125
2883,2026-05-11 16:10:30.434060,0.10433535,0.13226382,0.7704718,2.6861272,4.254829,-0.14737125
2884,2026-05-11 16:10:30.437067,0.10433535,0.13226382,0.7704718,2.6861272,4.254829,-0.14737125
2885,2026-05-11 16:10:30.439782,0.10433535,0.13226382,0.7704718,2.6861272,4.254829,-0.14737125
2886,2026-05-11 16:10:30.442414,0.10433535,0.13226382,0.7704718,2.6861272,4.254829,-0.14737125
2887,2026-05-11 16:10:30.445147,0.10433535,0.13226382,0.7704718,2.6861272,4.254829,-0.14737125
2888,2026-05-11 16:10:30.447851,0.09707884,0.13415417,0.72229826,2.6861272,4.254829,-0.14737125
2889,2026-05-11 16:10:30.450865,0.09707884,0.13415417,0.72229826,2.6861272,4.254829,-0.14737125
2890,2026-05-11 16:10:30.453595,0.09707884,0.13415417,0.72229826,2.6861272,4.254829,-0.14737125
2891,2026-05-11 16:10:30.456444,0.1548261,0.1885476,0.6540016,2.8951957,4.0474405,-0.22434026
2892,2026-05-11 16:10:30.459162,0.1548261,0.1885476,0.6540016,2.8951957,4.0474405,-0.22434026
2893,2026-05-11 16:10:30.461868,0.1548261,0.1885476,0.6540016,2.8951957,4.0474405,-0.22434026
2894,2026-05-11 16:10:30.464598,0.1548261,0.1885476,0.6540016,2.8951957,4.0474405,-0.22434026
2895,2026-05-11 16:10:30.467796,0.1548261,0.1885476,0.6540016,2.8951957,4.0474405,-0.22434026
2896,2026-05-11 16:10:30.470662,0.1548261,0.1885476,0.6540016,2.8951957,4.0474405,-0.22434026
2897,2026-05-11 16:10:30.473375,0.1548261,0.1885476,0.6540016,2.8951957,4.0474405,-0.22434026
2898,2026-05-11 16:10:30.476156,0.17702252,0.24129456,0.54759294,3.0144672,3.7879753,-0.39568797
2899,2026-05-11 16:10:30.478948,0.17702252,0.24129456,0.54759294,3.0144672,3.7879753,-0.39568797
2900,2026-05-11 16:10:30.481563,0.17702252,0.24129456,0.54759294,3.0144672,3.7879753,-0.39568797
2901,2026-05-11 16:10:30.484856,0.17702252,0.24129456,0.54759294,3.0144672,3.7879753,-0.39568797
2902,2026-05-11 16:10:30.487785,0.17702252,0.24129456,0.54759294,3.041498,3.6212091,-0.6232353
2903,2026-05-11 16:10:30.490508,0.17702252,0.24129456,0.54759294,3.041498,3.6212091,-0.6232353
2904,2026-05-11 16:10:30.493346,0.17702252,0.24129456,0.54759294,3.041498,3.6212091,-0.6232353
2905,2026-05-11 16:10:30.496044,0.17702252,0.24129456,0.54759294,3.041498,3.6212091,-0.6232353
2906,2026-05-11 16:10:30.498791,0.13128816,0.27245492,0.44472107,3.041498,3.6212091,-0.6232353
2907,2026-05-11 16:10:30.501860,0.06219875,0.2895291,0.39002275,2.9536862,3.6012034,-0.7319693
2908,2026-05-11 16:10:30.504594,0.06219875,0.2895291,0.39002275,2.9536862,3.6012034,-0.7319693
2909,2026-05-11 16:10:30.507242,0.06219875,0.2895291,0.39002275,2.9536862,3.6012034,-0.7319693
2910,2026-05-11 16:10:30.510029,0.06219875,0.2895291,0.39002275,2.9536862,3.6012034,-0.7319693
2911,2026-05-11 16:10:30.512749,-0.110189356,0.3246531,0.21123183,2.4958427,3.8347065,-0.79717916
2912,2026-05-11 16:10:30.515410,-0.110189356,0.3246531,0.21123183,2.4958427,3.8347065,-0.79717916
2913,2026-05-11 16:10:30.518387,-0.110189356,0.3246531,0.21123183,2.4958427,3.8347065,-0.79717916
2914,2026-05-11 16:10:30.521520,-0.110189356,0.3246531,0.21123183,2.4958427,3.8347065,-0.79717916
2915,2026-05-11 16:10:30.524209,-0.110189356,0.3246531,0.21123183,2.4958427,3.8347065,-0.79717916
2916,2026-05-11 16:10:30.526917,-0.110189356,0.3246531,0.21123183,2.4958427,3.8347065,-0.79717916
2917,2026-05-11 16:10:30.529578,-0.110189356,0.3246531,0.21123183,2.4958427,3.8347065,-0.79717916
2918,2026-05-11 16:10:30.532322,-0.15781409,0.3577038,0.3289826,1.8689423,4.2401686,-0.6818783
2919,2026-05-11 16:10:30.535813,-0.15781409,0.3577038,0.3289826,1.8689423,4.2401686,-0.6818783
2920,2026-05-11 16:10:30.538512,-0.15781409,0.3577038,0.3289826,1.8689423,4.2401686,-0.6818783
2921,2026-05-11 16:10:30.541277,-0.15781409,0.3577038,0.3289826,1.8196149,4.3269114,-0.66630125
2922,2026-05-11 16:10:30.544012,0.032440916,0.40166977,0.57033813,2.1810944,4.187634,-0.8173377
2923,2026-05-11 16:10:30.546703,0.032440916,0.40166977,0.57033813,2.1810944,4.187634,-0.8173377
2924,2026-05-11 16:10:30.549785,0.032440916,0.40166977,0.57033813,2.884353,3.9322922,-1.0534371
2925,2026-05-11 16:10:30.552751,-0.037075333,0.30629835,0.46905175,2.884353,3.9322922,-1.0534371
2926,2026-05-11 16:10:30.555633,-0.037075333,0.30629835,0.46905175,2.884353,3.9322922,-1.0534371
2927,2026-05-11 16:10:30.558277,-0.037075333,0.30629835,0.46905175,2.884353,3.9322922,-1.0534371
2928,2026-05-11 16:10:30.560988,-0.037075333,0.30629835,0.46905175,2.884353,3.9322922,-1.0534371
2929,2026-05-11 16:10:30.563675,-0.16013129,0.19177948,0.097749606,2.884353,3.9322922,-1.0534371
2930,2026-05-11 16:10:30.566880,-0.16013129,0.19177948,0.097749606,2.884353,3.9322922,-1.0534371
2931,2026-05-11 16:10:30.569780,-0.16013129,0.19177948,0.097749606,2.884353,3.9322922,-1.0534371
2932,2026-05-11 16:10:30.572622,-0.18165694,0.07043094,-0.26391783,3.7534616,3.6034942,-0.9424124
2933,2026-05-11 16:10:30.575462,-0.18165694,0.07043094,-0.26391783,3.827987,3.551876,-0.8735373
2934,2026-05-11 16:10:30.578204,-0.18165694,0.07043094,-0.26391783,3.827987,3.551876,-0.8735373
2935,2026-05-11 16:10:30.580941,-0.18165694,0.07043094,-0.26391783,3.827987,3.551876,-0.8735373
2936,2026-05-11 16:10:30.584264,-0.19549921,-0.055003207,-0.5978397,3.827987,3.551876,-0.8735373
2937,2026-05-11 16:10:30.587079,-0.19549921,-0.055003207,-0.5978397,3.827987,3.551876,-0.8735373
2938,2026-05-11 16:10:30.589770,-0.19549921,-0.055003207,-0.5978397,3.827987,3.551876,-0.8735373
2939,2026-05-11 16:10:30.592432,-0.19549921,-0.055003207,-0.5978397,3.827987,3.551876,-0.8735373
2940,2026-05-11 16:10:30.595026,-0.19549921,-0.055003207,-0.5978397,3.827987,3.551876,-0.8735373
2941,2026-05-11 16:10:30.597719,-0.19549921,-0.055003207,-0.5978397,3.827987,3.551876,-0.8735373
2942,2026-05-11 16:10:30.600775,-0.2617226,-0.22641563,-1.0489026,3.827987,3.551876,-0.8735373
2943,2026-05-11 16:10:30.603725,-0.3644115,-0.3778269,-1.5497246,3.8892262,3.306919,-0.66599584
2944,2026-05-11 16:10:30.606472,-0.3257507,-0.41465837,-2.6572282,1.8617646,0.13897185,0.86406887
2945,2026-05-11 16:10:30.609048,-0.3257507,-0.41465837,-2.6572282,1.8617646,0.13897185,0.86406887
2946,2026-05-11 16:10:30.611854,-0.3257507,-0.41465837,-2.6572282,1.8617646,0.13897185,0.86406887
2947,2026-05-11 16:10:30.614450,-0.3257507,-0.41465837,-2.6572282,1.8617646,0.13897185,0.86406887
2948,2026-05-11 16:10:30.617467,-0.3257507,-0.41465837,-2.6572282,1.8617646,0.13897185,0.86406887
2949,2026-05-11 16:10:30.620285,-0.3257507,-0.41465837,-2.6572282,1.8617646,0.13897185,0.86406887
2950,2026-05-11 16:10:30.622923,-0.3257507,-0.41465837,-2.6572282,1.8617646,0.13897185,0.86406887
2951,2026-05-11 16:10:30.625524,-0.3257507,-0.41465837,-2.6572282,1.8617646,0.13897185,0.86406887
2952,2026-05-11 16:10:30.628316,-0.3257507,-0.41465837,-2.6572282,1.8617646,0.13897185,0.86406887
2953,2026-05-11 16:10:30.631111,-0.122202255,-0.03670946,-1.911514,-0.4813618,-1.8490891,0.78954333
2954,2026-05-11 16:10:30.640256,-0.122202255,-0.03670946,-1.911514,-0.4813618,-1.8490891,0.78954333
2955,2026-05-11 16:10:30.661773,-0.097017854,0.107201375,-1.2415968,-1.743104,-2.6397014,0.41447207
2956,2026-05-11 16:10:30.665969,-0.12226323,0.124336526,-1.0858561,-1.743104,-2.6397014,0.41447207
2957,2026-05-11 16:10:30.672676,-0.12226323,0.124336526,-1.0858561,-1.743104,-2.6397014,0.41447207
2958,2026-05-11 16:10:30.675536,-0.12226323,0.124336526,-1.0858561,-1.743104,-2.6397014,0.41447207
2959,2026-05-11 16:10:30.678364,-0.12226323,0.124336526,-1.0858561,-2.0662518,-2.7592783,0.30405816
2960,2026-05-11 16:10:30.681056,-0.12226323,0.124336526,-1.0858561,-2.0662518,-2.7592783,0.30405816
2961,2026-05-11 16:10:30.684075,-0.12226323,0.124336526,-1.0858561,-2.0662518,-2.7592783,0.30405816
2962,2026-05-11 16:10:30.686917,-0.12226323,0.124336526,-1.0858561,-2.0662518,-2.7592783,0.30405816
2963,2026-05-11 16:10:30.689682,-0.19177948,0.12677568,-0.76919127,-2.0662518,-2.7592783,0.30405816
2964,2026-05-11 16:10:30.692291,-0.19177948,0.12677568,-0.76919127,-2.0662518,-2.7592783,0.30405816
2965,2026-05-11 16:10:30.695235,-0.19177948,0.12677568,-0.76919127,-2.0662518,-2.7592783,0.30405816
2966,2026-05-11 16:10:30.697839,-0.19177948,0.12677568,-0.76919127,-2.0662518,-2.7592783,0.30405816
2967,2026-05-11 16:10:30.701175,-0.19177948,0.12677568,-0.76919127,-2.0662518,-2.7592783,0.30405816
2968,2026-05-11 16:10:30.704086,-0.27184513,0.098054506,-0.5202743,-2.5912905,-2.8577802,0.15271631
2969,2026-05-11 16:10:30.706921,-0.27184513,0.098054506,-0.5202743,-2.864958,-2.8790078,0.057726767
2970,2026-05-11 16:10:30.709638,-0.29983455,0.08018761,-0.43722063,-2.864958,-2.8790078,0.057726767
2971,2026-05-11 16:10:30.712410,-0.29983455,0.08018761,-0.43722063,-3.0503557,-2.7525587,0.11927144
2972,2026-05-11 16:10:30.715014,-0.29983455,0.08018761,-0.43722063,-3.0503557,-2.7525587,0.11927144
2973,2026-05-11 16:10:30.718328,-0.40118194,0.04116094,-0.29702953,-3.0503557,-2.7525587,0.11927144
2974,2026-05-11 16:10:30.721071,-0.40118194,0.04116094,-0.29702953,-3.0503557,-2.7525587,0.11927144
2975,2026-05-11 16:10:30.723786,-0.40118194,0.04116094,-0.29702953,-3.0503557,-2.7525587,0.11927144
2976,2026-05-11 16:10:30.726375,-0.40118194,0.04116094,-0.29702953,-3.0503557,-2.7525587,0.11927144
2977,2026-05-11 16:10:30.728954,-0.40118194,0.04116094,-0.29702953,-3.0503557,-2.7525587,0.11927144
2978,2026-05-11 16:10:30.731743,-0.40118194,0.04116094,-0.29702953,-3.0503557,-2.7525587,0.11927144
2979,2026-05-11 16:10:30.734859,-0.40118194,0.04116094,-0.29702953,-3.0647109,-2.7473664,0.30741793
2980,2026-05-11 16:10:30.737581,-0.48429656,0.0026221042,-0.20007265,-3.0647109,-2.7473664,0.30741793
2981,2026-05-11 16:10:30.740286,-0.37776592,0.02786748,-0.0661624,-3.0647109,-2.7473664,0.30741793
2982,2026-05-11 16:10:30.742842,-0.37776592,0.02786748,-0.0661624,-3.0647109,-2.7473664,0.30741793
2983,2026-05-11 16:10:30.745404,-0.37776592,0.02786748,-0.0661624,-3.0647109,-2.7473664,0.30741793
2984,2026-05-11 16:10:30.747919,-0.37776592,0.02786748,-0.0661624,-3.0647109,-2.7473664,0.30741793
2985,2026-05-11 16:10:30.750894,-0.16592431,0.12281204,0.10677453,-2.2805126,-3.820504,0.9118691
2986,2026-05-11 16:10:30.753731,-0.16592431,0.12281204,0.10677453,-2.2805126,-3.820504,0.9118691
2987,2026-05-11 16:10:30.756383,-0.16592431,0.12281204,0.10677453,-2.2805126,-3.820504,0.9118691
2988,2026-05-11 16:10:30.759025,-0.16592431,0.12281204,0.10677453,-2.2805126,-3.820504,0.9118691
2989,2026-05-11 16:10:30.761676,-0.08378538,0.19507235,0.013354438,-2.03861,-4.2803326,0.87888235
2990,2026-05-11 16:10:30.764448,-0.08378538,0.19507235,0.013354438,-2.03861,-4.2803326,0.87888235
2991,2026-05-11 16:10:30.767295,-0.08378538,0.19507235,0.013354438,-2.03861,-4.2803326,0.87888235
2992,2026-05-11 16:10:30.770813,-0.08378538,0.19507235,0.013354438,-2.03861,-4.2803326,0.87888235
2993,2026-05-11 16:10:30.773805,0.00073175,0.25477096,-0.04164877,-2.131767,-4.537507,0.808022
2994,2026-05-11 16:10:30.776481,0.00073175,0.25477096,-0.04164877,-2.131767,-4.537507,0.808022
2995,2026-05-11 16:10:30.779098,0.00073175,0.25477096,-0.04164877,-2.131767,-4.537507,0.808022
2996,2026-05-11 16:10:30.781919,0.08012662,0.25586858,0.0043905,-2.4701862,-4.7508516,0.6614143
2997,2026-05-11 16:10:30.785004,0.08012662,0.25586858,0.0043905,-2.4701862,-4.7508516,0.6614143
2998,2026-05-11 16:10:30.788484,0.08012662,0.25586858,0.0043905,-2.8052459,-4.6845727,0.6053675
2999,2026-05-11 16:10:30.791151,0.08012662,0.25586858,0.0043905,-2.8052459,-4.6845727,0.6053675
3000,2026-05-11 16:10:30.793933,0.09268834,0.20434119,0.09146875,-2.8052459,-4.6845727,0.6053675
3001,2026-05-11 16:10:30.796742,0.04170975,0.1451914,0.19629194,-2.8052459,-4.6845727,0.6053675
3002,2026-05-11 16:10:30.799844,0.04170975,0.1451914,0.19629194,-2.8052459,-4.6845727,0.6053675
3003,2026-05-11 16:10:30.802847,-0.02262327,0.09360302,0.37941238,-3.9165626,-3.6491563,0.8364272
3004,2026-05-11 16:10:30.805540,-0.02262327,0.09360302,0.37941238,-3.9165626,-3.6491563,0.8364272
3005,2026-05-11 16:10:30.808470,-0.02262327,0.09360302,0.37941238,-4.1010437,-3.4460435,0.91339624
3006,2026-05-11 16:10:30.811176,-0.02262327,0.09360302,0.37941238,-4.1010437,-3.4460435,0.91339624
3007,2026-05-11 16:10:30.813910,-0.02262327,0.09360302,0.37941238,-4.1010437,-3.4460435,0.91339624
3008,2026-05-11 16:10:30.817087,-0.02262327,0.09360302,0.37941238,-4.1010437,-3.4460435,0.91339624
3009,2026-05-11 16:10:30.819870,-0.03884373,0.06896744,0.45770964,-4.1010437,-3.4460435,0.91339624
3010,2026-05-11 16:10:30.822613,-0.03884373,0.06896744,0.45770964,-4.512309,-3.186426,1.1279627
3011,2026-05-11 16:10:30.825421,-0.03884373,0.06896744,0.45770964,-4.512309,-3.186426,1.1279627
3012,2026-05-11 16:10:30.828126,-0.03884373,0.06896744,0.45770964,-4.512309,-3.186426,1.1279627
3013,2026-05-11 16:10:30.830906,0.22550097,0.060918186,0.7299207,-4.512309,-3.186426,1.1279627
3014,2026-05-11 16:10:30.834005,0.22550097,0.060918186,0.7299207,-4.512309,-3.186426,1.1279627
3015,2026-05-11 16:10:30.836827,0.5614962,0.1583629,1.0139006,-4.1703773,-3.5355353,0.8344419
3016,2026-05-11 16:10:30.839647,0.6579652,0.17714448,1.0576227,-4.1703773,-3.5355353,0.8344419
3017,2026-05-11 16:10:30.842290,0.6579652,0.17714448,1.0576227,-3.6932912,-3.9461894,0.35796702
3018,2026-05-11 16:10:30.844889,0.6579652,0.17714448,1.0576227,-3.6932912,-3.9461894,0.35796702
3019,2026-05-11 16:10:30.847596,0.6579652,0.17714448,1.0576227,-3.6932912,-3.9461894,0.35796702
3020,2026-05-11 16:10:30.850631,0.6579652,0.17714448,1.0576227,-3.6932912,-3.9461894,0.35796702
3021,2026-05-11 16:10:30.853436,0.6579652,0.17714448,1.0576227,-3.6932912,-3.9461894,0.35796702
3022,2026-05-11 16:10:30.856127,0.58204615,0.14732568,0.998351,-3.6932912,-3.9461894,0.35796702
3023,2026-05-11 16:10:30.858948,0.58204615,0.14732568,0.998351,-3.6932912,-3.9461894,0.35796702
3024,2026-05-11 16:10:30.861809,0.58204615,0.14732568,0.998351,-3.325245,-4.2219954,-0.15103643
3025,2026-05-11 16:10:30.864442,0.58204615,0.14732568,0.998351,-3.325245,-4.2219954,-0.15103643
3026,2026-05-11 16:10:30.867703,0.5025293,0.12104365,0.9755447,-3.2582026,-4.2476516,-0.3895793
3027,2026-05-11 16:10:30.870618,0.5025293,0.12104365,0.9755447,-3.2582026,-4.2476516,-0.3895793
3028,2026-05-11 16:10:30.873361,0.5025293,0.12104365,0.9755447,-3.2582026,-4.2476516,-0.3895793
3029,2026-05-11 16:10:30.876108,0.5025293,0.12104365,0.9755447,-3.2582026,-4.2476516,-0.3895793
3030,2026-05-11 16:10:30.878820,0.5025293,0.12104365,0.9755447,-3.2582026,-4.2476516,-0.3895793
3031,2026-05-11 16:10:30.881529,0.5025293,0.12104365,0.9755447,-3.2582026,-4.2476516,-0.3895793
3032,2026-05-11 16:10:30.884561,0.5025293,0.12104365,0.9755447,-3.2582026,-4.2476516,-0.3895793
3033,2026-05-11 16:10:30.887309,0.3114816,0.022379354,0.8981012,-3.2582026,-4.2476516,-0.3895793
3034,2026-05-11 16:10:30.889984,0.3114816,0.022379354,0.8981012,-3.2582026,-4.2476516,-0.3895793
3035,2026-05-11 16:10:30.892808,0.25446606,-0.045978293,0.889869,-3.7794232,-3.8924334,-0.42531493
3036,2026-05-11 16:10:30.895608,0.25446606,-0.045978293,0.889869,-3.7794232,-3.8924334,-0.42531493
3037,2026-05-11 16:10:30.898234,0.25446606,-0.045978293,0.889869,-4.2719336,-3.4741433,-0.23823744
3038,2026-05-11 16:10:30.901370,0.25446606,-0.045978293,0.889869,-4.2719336,-3.4741433,-0.23823744
3039,2026-05-11 16:10:30.904132,0.25446606,-0.045978293,0.889869,-4.2719336,-3.4741433,-0.23823744
3040,2026-05-11 16:10:30.906855,0.201963,-0.14067894,1.0335358,-4.2719336,-3.4741433,-0.23823744
3041,2026-05-11 16:10:30.909463,0.201963,-0.14067894,1.0335358,-4.2719336,-3.4741433,-0.23823744
3042,2026-05-11 16:10:30.912047,0.201963,-0.14067894,1.0335358,-4.2719336,-3.4741433,-0.23823744
3043,2026-05-11 16:10:30.914824,0.17568098,-0.23092812,1.2367185,-4.2719336,-3.4741433,-0.23823744
3044,2026-05-11 16:10:30.917757,0.17568098,-0.23092812,1.2367185,-4.2719336,-3.4741433,-0.23823744
3045,2026-05-11 16:10:30.920617,0.17568098,-0.23092812,1.2367185,-4.540256,-3.016758,-0.020616703
3046,2026-05-11 16:10:30.923229,0.17568098,-0.23092812,1.2367185,-4.540256,-3.016758,-0.020616703
3047,2026-05-11 16:10:30.926078,0.15787506,-0.27300373,1.3514203,-4.540256,-3.016758,-0.020616703
3048,2026-05-11 16:10:30.928764,0.15787506,-0.27300373,1.3514203,-4.540256,-3.016758,-0.020616703
3049,2026-05-11 16:10:30.931474,0.33684894,-0.2742843,1.6164968,-4.539492,-2.7779098,0.11728613
3050,2026-05-11 16:10:30.934585,0.33684894,-0.2742843,1.6164968,-4.050342,-2.6348145,0.37782016
3051,2026-05-11 16:10:30.937426,0.33684894,-0.2742843,1.6164968,-4.050342,-2.6348145,0.37782016
3052,2026-05-11 16:10:30.940076,0.33684894,-0.2742843,1.6164968,-4.050342,-2.6348145,0.37782016
3053,2026-05-11 16:10:30.942875,0.58661956,-0.1908648,1.8255943,-4.050342,-2.6348145,0.37782016
3054,2026-05-11 16:10:30.945645,0.58661956,-0.1908648,1.8255943,-2.9040534,-3.0450106,0.24923302
3055,2026-05-11 16:10:30.948355,0.58661956,-0.1908648,1.8255943,-2.9040534,-3.0450106,0.24923302
3056,2026-05-11 16:10:30.951447,0.58661956,-0.1908648,1.8255943,-2.9040534,-3.0450106,0.24923302
3057,2026-05-11 16:10:30.954326,0.54027545,-0.13677627,0.96920294,-0.23411411,-5.1427217,-0.36209038
3058,2026-05-11 16:10:30.957082,0.5039318,-0.14738666,0.62869525,-0.23411411,-5.1427217,-0.36209038
3059,2026-05-11 16:10:30.959876,0.5039318,-0.14738666,0.62869525,-1.2264647,-5.254663,-0.28420505
3060,2026-05-11 16:10:30.962599,0.5039318,-0.14738666,0.62869525,-1.2264647,-5.254663,-0.28420505
3061,2026-05-11 16:10:30.965224,0.5039318,-0.14738666,0.62869525,-1.2264647,-5.254663,-0.28420505
3062,2026-05-11 16:10:30.968548,0.5039318,-0.14738666,0.62869525,-1.2264647,-5.254663,-0.28420505
3063,2026-05-11 16:10:30.971274,0.5039318,-0.14738666,0.62869525,-1.2264647,-5.254663,-0.28420505
3064,2026-05-11 16:10:30.973934,0.5914369,-0.2280621,0.80894965,-2.47095,-4.81484,-0.12568553
3065,2026-05-11 16:10:30.976669,0.5914369,-0.2280621,0.80894965,-2.47095,-4.81484,-0.12568553
3066,2026-05-11 16:10:30.979291,0.5914369,-0.2280621,0.80894965,-3.239571,-4.211916,-0.03268129
3067,2026-05-11 16:10:30.982073,0.5914369,-0.2280621,0.80894965,-3.239571,-4.211916,-0.03268129
3068,2026-05-11 16:10:30.985081,0.6195483,-0.32068944,1.1111623,-3.239571,-4.211916,-0.03268129
3069,2026-05-11 16:10:30.987772,0.6195483,-0.32068944,1.1111623,-3.239571,-4.211916,-0.03268129
3070,2026-05-11 16:10:30.990385,0.6195483,-0.32068944,1.1111623,-3.239571,-4.211916,-0.03268129
3071,2026-05-11 16:10:30.993338,0.6195483,-0.32068944,1.1111623,-3.62182,-3.2963815,0.14569137
3072,2026-05-11 16:10:30.996150,0.52381104,-0.3682532,1.610155,-3.62182,-3.2963815,0.14569137
3073,2026-05-11 16:10:30.998836,0.52381104,-0.3682532,1.610155,-3.62182,-3.2963815,0.14569137
3074,2026-05-11 16:10:31.001948,0.52381104,-0.3682532,1.610155,-3.62182,-3.2963815,0.14569137
3075,2026-05-11 16:10:31.004861,0.52381104,-0.3682532,1.610155,-3.62182,-3.2963815,0.14569137
3076,2026-05-11 16:10:31.007674,0.48283303,-0.38422972,1.8037027,-3.62182,-3.2963815,0.14569137
3077,2026-05-11 16:10:31.010585,0.48283303,-0.38422972,1.8037027,-2.3116667,-2.8635836,0.5306892
3078,2026-05-11 16:10:31.013300,0.48283303,-0.38422972,1.8037027,-2.3116667,-2.8635836,0.5306892
3079,2026-05-11 16:10:31.016109,0.5518005,-0.38746163,1.9515162,-1.1852313,-3.3156238,0.5140431
3080,2026-05-11 16:10:31.019272,0.5518005,-0.38746163,1.9515162,-1.1852313,-3.3156238,0.5140431
3081,2026-05-11 16:10:31.022047,0.5518005,-0.38746163,1.9515162,-1.1852313,-3.3156238,0.5140431
3082,2026-05-11 16:10:31.024834,0.5518005,-0.38746163,1.9515162,-1.1852313,-3.3156238,0.5140431
3083,2026-05-11 16:10:31.027633,0.8791367,-0.30520073,1.753456,-1.1852313,-3.3156238,0.5140431
3084,2026-05-11 16:10:31.030337,0.8791367,-0.30520073,1.753456,-1.1852313,-3.3156238,0.5140431
3085,2026-05-11 16:10:31.033461,0.8791367,-0.30520073,1.753456,-1.1852313,-3.3156238,0.5140431
3086,2026-05-11 16:10:31.036492,0.8791367,-0.30520073,1.753456,-1.1852313,-3.3156238,0.5140431
3087,2026-05-11 16:10:31.039239,0.8791367,-0.30520073,1.753456,-1.1852313,-3.3156238,0.5140431
3088,2026-05-11 16:10:31.042083,0.97834975,-0.21751268,1.2574514,-0.35796702,-4.4023533,-0.35078937
3089,2026-05-11 16:10:31.044974,0.6744906,-0.2572711,1.18263,-1.2478449,-4.3924265,-0.4428773
3090,2026-05-11 16:10:31.047852,0.6744906,-0.2572711,1.18263,-1.2478449,-4.3924265,-0.4428773
3091,2026-05-11 16:10:31.050996,0.6744906,-0.2572711,1.18263,-1.2478449,-4.3924265,-0.4428773
3092,2026-05-11 16:10:31.053867,0.6744906,-0.2572711,1.18263,-1.2478449,-4.3924265,-0.4428773
3093,2026-05-11 16:10:31.056648,0.6744906,-0.2572711,1.18263,-1.2478449,-4.3924265,-0.4428773
3094,2026-05-11 16:10:31.059563,0.6744906,-0.2572711,1.18263,-1.2478449,-4.3924265,-0.4428773
3095,2026-05-11 16:10:31.062383,0.6744906,-0.2572711,1.18263,-1.2478449,-4.3924265,-0.4428773
3096,2026-05-11 16:10:31.065119,0.6744906,-0.2572711,1.18263,-1.2478449,-4.3924265,-0.4428773
3097,2026-05-11 16:10:31.068594,0.7000409,-0.26891813,1.3399562,-1.2478449,-4.3924265,-0.4428773
3098,2026-05-11 16:10:31.071398,0.7000409,-0.26891813,1.3399562,-1.2478449,-4.3924265,-0.4428773
3099,2026-05-11 16:10:31.074077,0.7000409,-0.26891813,1.3399562,-1.2478449,-4.3924265,-0.4428773
3100,2026-05-11 16:10:31.076903,0.7000409,-0.26891813,1.3399562,-1.2478449,-4.3924265,-0.4428773
3101,2026-05-11 16:10:31.079561,0.7000409,-0.26891813,1.3399562,-1.2478449,-4.3924265,-0.4428773
3102,2026-05-11 16:10:31.082228,0.7000409,-0.26891813,1.3399562,-1.2478449,-4.3924265,-0.4428773
3103,2026-05-11 16:10:31.085904,0.7000409,-0.26891813,1.3399562,-1.2478449,-4.3924265,-0.4428773
3104,2026-05-11 16:10:31.088933,0.7000409,-0.26891813,1.3399562,-1.8571831,-3.8730383,-0.23258694
3105,2026-05-11 16:10:31.091720,0.7830335,-0.28038222,1.5364921,-2.146275,-3.360217,-0.11453723
3106,2026-05-11 16:10:31.094522,0.7830335,-0.28038222,1.5364921,-2.3055582,-2.8168523,-0.10888673
3107,2026-05-11 16:10:31.097236,0.7830335,-0.28038222,1.5364921,-2.3055582,-2.8168523,-0.10888673
3108,2026-05-11 16:10:31.100603,0.7830335,-0.28038222,1.5364921,-2.3055582,-2.8168523,-0.10888673
3109,2026-05-11 16:10:31.103481,0.85163504,-0.27910164,1.6180212,-2.3055582,-2.8168523,-0.10888673
3110,2026-05-11 16:10:31.106439,0.85163504,-0.27910164,1.6180212,-2.3055582,-2.8168523,-0.10888673
3111,2026-05-11 16:10:31.109300,0.85163504,-0.27910164,1.6180212,-2.3055582,-2.8168523,-0.10888673
3112,2026-05-11 16:10:31.112072,0.85163504,-0.27910164,1.6180212,-2.3055582,-2.8168523,-0.10888673
3113,2026-05-11 16:10:31.114869,0.85163504,-0.27910164,1.6180212,-2.3055582,-2.8168523,-0.10888673
3114,2026-05-11 16:10:31.118216,0.85163504,-0.27910164,1.6180212,-2.3055582,-2.8168523,-0.10888673
3115,2026-05-11 16:10:31.121045,0.85163504,-0.27910164,1.6180212,-2.3055582,-2.8168523,-0.10888673
3116,2026-05-11 16:10:31.123919,0.85163504,-0.27910164,1.6180212,-2.3055582,-2.8168523,-0.10888673
3117,2026-05-11 16:10:31.126763,0.85163504,-0.27910164,1.6180212,-2.3924537,-2.4933991,-0.17027868
3118,2026-05-11 16:10:31.129441,0.85163504,-0.27910164,1.6180212,-2.3924537,-2.4933991,-0.17027868
3119,2026-05-11 16:10:31.132260,0.85163504,-0.27910164,1.6180212,-2.3924537,-2.4933991,-0.17027868
3120,2026-05-11 16:10:31.135631,0.85163504,-0.27910164,1.6180212,-2.3924537,-2.4933991,-0.17027868
3121,2026-05-11 16:10:31.138394,0.7666911,-0.32233587,1.6365589,-2.538145,-2.2319489,-0.25534168
3122,2026-05-11 16:10:31.141139,0.7666911,-0.32233587,1.6365589,-2.538145,-2.2319489,-0.25534168
3123,2026-05-11 16:10:31.143997,0.7666911,-0.32233587,1.6365589,-2.538145,-2.2319489,-0.25534168
3124,2026-05-11 16:10:31.146723,0.7666911,-0.32233587,1.6365589,-2.538145,-2.2319489,-0.25534168
3125,2026-05-11 16:10:31.150052,0.7666911,-0.32233587,1.6365589,-2.538145,-2.2319489,-0.25534168
3126,2026-05-11 16:10:31.153120,0.66747797,-0.35697204,1.7280887,-2.538145,-2.2319489,-0.25534168
3127,2026-05-11 16:10:31.155881,0.66747797,-0.35697204,1.7280887,-2.5996897,-2.2133174,-0.2744312
3128,2026-05-11 16:10:31.158785,0.59290045,-0.38014415,1.9083431,-2.1836905,-2.2212586,-0.16432275
3129,2026-05-11 16:10:31.161496,0.55344695,-0.37746105,2.089817,-2.1836905,-2.2212586,-0.16432275
3130,2026-05-11 16:10:31.164282,0.55344695,-0.37746105,2.089817,-2.1836905,-2.2212586,-0.16432275
3131,2026-05-11 16:10:31.167624,0.55344695,-0.37746105,2.089817,-2.1836905,-2.2212586,-0.16432275
3132,2026-05-11 16:10:31.170411,0.55344695,-0.37746105,2.089817,-2.1836905,-2.2212586,-0.16432275
3133,2026-05-11 16:10:31.173336,0.5571057,-0.3582526,2.1843348,-2.1836905,-2.2212586,-0.16432275
3134,2026-05-11 16:10:31.176049,0.5571057,-0.3582526,2.1843348,-1.7815884,-2.1557434,-0.11804971
3135,2026-05-11 16:10:31.178974,0.5571057,-0.3582526,2.1843348,-1.7815884,-2.1557434,-0.11804971
3136,2026-05-11 16:10:31.181656,0.5571057,-0.3582526,2.1843348,-1.7815884,-2.1557434,-0.11804971
3137,2026-05-11 16:10:31.185114,0.62381685,-0.3041031,2.248546,-1.7815884,-2.1557434,-0.11804971
3138,2026-05-11 16:10:31.187936,0.62381685,-0.3041031,2.248546,-1.7815884,-2.1557434,-0.11804971
3139,2026-05-11 16:10:31.190800,0.6476597,-0.27940655,2.2788525,-1.24082,-1.9992093,-0.12629639
3140,2026-05-11 16:10:31.193555,0.6476597,-0.27940655,2.2788525,-1.24082,-1.9992093,-0.12629639
3141,2026-05-11 16:10:31.196181,0.6476597,-0.27940655,2.2788525,-1.24082,-1.9992093,-0.12629639
3142,2026-05-11 16:10:31.199003,0.6476597,-0.27940655,2.2788525,-1.24082,-1.9992093,-0.12629639
3143,2026-05-11 16:10:31.202223,0.6476597,-0.27940655,2.2788525,-0.95142263,-1.7980819,-0.18707748
3144,2026-05-11 16:10:31.205122,0.6476597,-0.27940655,2.2788525,-0.95142263,-1.7980819,-0.18707748
3145,2026-05-11 16:10:31.207929,0.54899544,-0.21818347,2.2995853,-0.47647488,-0.9477574,-0.3031419
3146,2026-05-11 16:10:31.210562,0.54899544,-0.21818347,2.2995853,-0.47647488,-0.9477574,-0.3031419
3147,2026-05-11 16:10:31.213315,0.54899544,-0.21818347,2.2995853,-0.47647488,-0.9477574,-0.3031419
3148,2026-05-11 16:10:31.216526,0.54899544,-0.21818347,2.2995853,-0.47647488,-0.9477574,-0.3031419
3149,2026-05-11 16:10:31.219621,0.54899544,-0.21818347,2.2995853,-0.47647488,-0.9477574,-0.3031419
3150,2026-05-11 16:10:31.222530,0.50021213,-0.20745113,2.297451,-0.2499966,-0.44623706,-0.2828306
3151,2026-05-11 16:10:31.225317,0.50021213,-0.20745113,2.297451,-0.2499966,-0.44623706,-0.2828306
3152,2026-05-11 16:10:31.228062,0.46527106,-0.1797666,2.2004943,0.3915646,0.28496864,-0.13164146
3153,2026-05-11 16:10:31.230754,0.46527106,-0.1797666,2.2004943,0.3915646,0.28496864,-0.13164146
3154,2026-05-11 16:10:31.234224,0.46527106,-0.1797666,2.2004943,0.3915646,0.28496864,-0.13164146
3155,2026-05-11 16:10:31.237110,0.46527106,-0.1797666,2.2004943,0.63056564,0.50503284,-0.10308351
3156,2026-05-11 16:10:31.240104,0.51320064,-0.14878917,2.134088,0.63056564,0.50503284,-0.10308351
3157,2026-05-11 16:10:31.242929,0.5420438,-0.13293459,2.1093915,0.63056564,0.50503284,-0.10308351
3158,2026-05-11 16:10:31.245731,0.5420438,-0.13293459,2.1093915,0.7338019,0.86544335,-0.10338894
3159,2026-05-11 16:10:31.248475,0.5420438,-0.13293459,2.1093915,0.7338019,0.86544335,-0.10338894
3160,2026-05-11 16:10:31.251580,0.5420438,-0.13293459,2.1093915,0.7338019,0.86544335,-0.10338894
3161,2026-05-11 16:10:31.254561,0.5420438,-0.13293459,2.1093915,0.7338019,0.86544335,-0.10338894
3162,2026-05-11 16:10:31.257238,0.5420438,-0.13293459,2.1093915,0.7338019,0.86544335,-0.10338894
3163,2026-05-11 16:10:31.260094,0.5640573,-0.13720313,2.1007323,0.745561,1.2825116,-0.076052725
3164,2026-05-11 16:10:31.262849,0.59722996,-0.16061912,2.0998178,0.732122,1.7405078,-0.0421497
3165,2026-05-11 16:10:31.265755,0.59722996,-0.16061912,2.0998178,0.732122,1.7405078,-0.0421497
3166,2026-05-11 16:10:31.268940,0.59722996,-0.16061912,2.0998178,0.732122,1.7405078,-0.0421497
3167,2026-05-11 16:10:31.271981,0.59722996,-0.16061912,2.0998178,0.732122,1.7405078,-0.0421497
3168,2026-05-11 16:10:31.274827,0.59722996,-0.16061912,2.0998178,0.732122,1.7405078,-0.0421497
3169,2026-05-11 16:10:31.277714,0.638208,-0.20025559,2.1140258,0.732122,1.7405078,-0.0421497
3170,2026-05-11 16:10:31.280362,0.638208,-0.20025559,2.1140258,0.732122,1.7405078,-0.0421497
3171,2026-05-11 16:10:31.283402,0.638208,-0.20025559,2.1140258,0.7367035,2.2876904,-0.0038179078
3172,2026-05-11 16:10:31.286348,0.6571725,-0.22245201,2.136893,0.7367035,2.2876904,-0.0038179078
3173,2026-05-11 16:10:31.289126,0.6571725,-0.22245201,2.136893,0.806953,2.6473372,0.025198191
3174,2026-05-11 16:10:31.291769,0.6571725,-0.22245201,2.136893,0.806953,2.6473372,0.025198191
3175,2026-05-11 16:10:31.294339,0.6571725,-0.22245201,2.136893,1.0083858,3.1164818,0.06719518
3176,2026-05-11 16:10:31.297048,0.7308353,-0.2807481,2.1676874,1.0083858,3.1164818,0.06719518
3177,2026-05-11 16:10:31.300277,0.7385797,-0.40343818,2.230191,1.6013832,4.28354,0.19593503
3178,2026-05-11 16:10:31.303076,0.7385797,-0.40343818,2.230191,1.6013832,4.28354,0.19593503
3179,2026-05-11 16:10:31.305639,0.7692522,-0.44722122,2.271596,1.6013832,4.28354,0.19593503
3180,2026-05-11 16:10:31.308390,0.7692522,-0.44722122,2.271596,1.8704693,4.612949,0.3182608
3181,2026-05-11 16:10:31.310978,0.7692522,-0.44722122,2.271596,1.8704693,4.612949,0.3182608
3182,2026-05-11 16:10:31.313567,0.7692522,-0.44722122,2.271596,1.8704693,4.612949,0.3182608
3183,2026-05-11 16:10:31.316588,0.7692522,-0.44722122,2.271596,1.8704693,4.612949,0.3182608
3184,2026-05-11 16:10:31.319380,0.7692522,-0.44722122,2.271596,1.8704693,4.612949,0.3182608
3185,2026-05-11 16:10:31.322099,0.7692522,-0.44722122,2.271596,1.8704693,4.612949,0.3182608
3186,2026-05-11 16:10:31.324844,0.9110898,-0.45472166,1.7074167,3.223994,4.805982,0.13545936
3187,2026-05-11 16:10:31.327677,0.8232798,-0.4077067,1.4715493,2.77287,5.3330064,0.122020334
3188,2026-05-11 16:10:31.330268,0.8232798,-0.4077067,1.4715493,2.77287,5.3330064,0.122020334
3189,2026-05-11 16:10:31.333222,0.8404149,-0.40093803,1.4239246,2.77287,5.3330064,0.122020334
3190,2026-05-11 16:10:31.336470,0.8404149,-0.40093803,1.4239246,2.77287,5.3330064,0.122020334
3191,2026-05-11 16:10:31.339182,0.8404149,-0.40093803,1.4239246,2.77287,5.3330064,0.122020334
3192,2026-05-11 16:10:31.342045,0.895662,-0.41667065,1.3885566,2.248595,5.66211,0.13973543
3193,2026-05-11 16:10:31.345007,0.8451712,-0.40063316,1.4989289,1.5418239,6.285498,0.25366178
3194,2026-05-11 16:10:31.347811,0.8451712,-0.40063316,1.4989289,1.5418239,6.285498,0.25366178
3195,2026-05-11 16:10:31.351021,0.8451712,-0.40063316,1.4989289,1.5418239,6.285498,0.25366178
3196,2026-05-11 16:10:31.354181,0.8451712,-0.40063316,1.4989289,1.629483,6.457762,0.3895793
3197,2026-05-11 16:10:31.357026,0.69266236,-0.48307696,1.8462054,2.058616,6.5990243,0.6085745
3198,2026-05-11 16:10:31.359964,0.7935829,-0.50332206,1.8815733,2.058616,6.5990243,0.6085745
3199,2026-05-11 16:10:31.362744,0.7935829,-0.50332206,1.8815733,2.058616,6.5990243,0.6085745
3200,2026-05-11 16:10:31.365425,0.7935829,-0.50332206,1.8815733,2.058616,6.5990243,0.6085745
3201,2026-05-11 16:10:31.369058,0.7935829,-0.50332206,1.8815733,2.5486825,6.540534,0.6632469
3202,2026-05-11 16:10:31.372075,0.7935829,-0.50332206,1.8815733,2.5486825,6.540534,0.6632469
3203,2026-05-11 16:10:31.374772,0.85517186,-0.49344343,1.8263261,2.5486825,6.540534,0.6632469
3204,2026-05-11 16:10:31.377612,0.85517186,-0.49344343,1.8263261,2.5486825,6.540534,0.6632469
3205,2026-05-11 16:10:31.380266,0.85517186,-0.49344343,1.8263261,2.5486825,6.540534,0.6632469
3206,2026-05-11 16:10:31.383514,0.85517186,-0.49344343,1.8263261,2.5486825,6.540534,0.6632469
3207,2026-05-11 16:10:31.386526,0.8757828,-0.48301598,1.7524194,2.5486825,6.540534,0.6632469
3208,2026-05-11 16:10:31.389418,0.8757828,-0.48301598,1.7524194,2.5486825,6.540534,0.6632469
3209,2026-05-11 16:10:31.392252,0.7774234,-0.5128348,1.6882082,3.5011742,6.180582,0.6284276
3210,2026-05-11 16:10:31.394979,0.7774234,-0.5128348,1.6882082,3.5011742,6.180582,0.6284276
3211,2026-05-11 16:10:31.397842,0.7774234,-0.5128348,1.6882082,3.5011742,6.180582,0.6284276
3212,2026-05-11 16:10:31.401160,0.7774234,-0.5128348,1.6882082,3.5011742,6.180582,0.6284276
3213,2026-05-11 16:10:31.403987,0.7774234,-0.5128348,1.6882082,3.5011742,6.180582,0.6284276
3214,2026-05-11 16:10:31.406688,0.7774234,-0.5128348,1.6882082,3.5011742,6.180582,0.6284276
3215,2026-05-11 16:10:31.409551,0.7774234,-0.5128348,1.6882082,4.504673,5.9325705,0.84238315
3216,2026-05-11 16:10:31.412210,0.7774234,-0.5128348,1.6882082,4.504673,5.9325705,0.84238315
3217,2026-05-11 16:10:31.414901,0.74479955,-0.51509106,1.668573,3.6975672,6.1338506,0.66538495
3218,2026-05-11 16:10:31.418399,0.74479955,-0.51509106,1.668573,3.6975672,6.1338506,0.66538495
3219,2026-05-11 16:10:31.421320,0.6910769,-0.5417389,1.4716103,3.6975672,6.1338506,0.66538495
3220,2026-05-11 16:10:31.424007,0.71504176,-0.53850704,1.229279,3.6975672,6.1338506,0.66538495
3221,2026-05-11 16:10:31.426889,0.71504176,-0.53850704,1.229279,4.972443,5.7009,0.9772317
3222,2026-05-11 16:10:31.429580,0.71504176,-0.53850704,1.229279,4.972443,5.7009,0.9772317
3223,2026-05-11 16:10:31.432281,0.81846243,-0.4994194,1.0228646,4.972443,5.7009,0.9772317
3224,2026-05-11 16:10:31.435687,0.81846243,-0.4994194,1.0228646,5.2618403,5.524207,1.0199922
3225,2026-05-11 16:10:31.438385,0.81846243,-0.4994194,1.0228646,5.2618403,5.524207,1.0199922
3226,2026-05-11 16:10:31.441062,0.8832222,-0.47460085,0.87810004,5.374545,5.3672147,0.9425651
3227,2026-05-11 16:10:31.444039,1.0074369,-0.23056222,0.48393068,5.359121,5.1260757,0.7643451
3228,2026-05-11 16:10:31.446715,1.0074369,-0.23056222,0.48393068,5.359121,5.1260757,0.7643451
3229,2026-05-11 16:10:31.450202,0.8259628,-0.16141187,0.21659799,4.8649306,4.7887254,-0.06963864
3230,2026-05-11 16:10:31.453178,0.8259628,-0.16141187,0.21659799,4.8649306,4.7887254,-0.06963864
3231,2026-05-11 16:10:31.456060,0.7174199,-0.06317442,0.089822315,4.056756,4.983744,-0.23335053
3232,2026-05-11 16:10:31.458885,0.7174199,-0.06317442,0.089822315,4.056756,4.983744,-0.23335053
3233,2026-05-11 16:10:31.461691,0.63625664,-0.041282896,0.14653294,3.2210925,5.34614,-0.35140023
3234,2026-05-11 16:10:31.464441,0.63625664,-0.041282896,0.14653294,3.2210925,5.34614,-0.35140023
3235,2026-05-11 16:10:31.467579,0.63625664,-0.041282896,0.14653294,3.2210925,5.34614,-0.35140023
3236,2026-05-11 16:10:31.470369,0.63625664,-0.041282896,0.14653294,3.2210925,5.34614,-0.35140023
3237,2026-05-11 16:10:31.473156,0.70302886,-0.0034148335,0.18244967,2.415514,5.998086,-0.46303585
3238,2026-05-11 16:10:31.475965,0.70302886,-0.0034148335,0.18244967,2.415514,5.998086,-0.46303585
3239,2026-05-11 16:10:31.478707,0.70302886,-0.0034148335,0.18244967,2.415514,5.998086,-0.46303585
3240,2026-05-11 16:10:31.481398,0.70302886,-0.0034148335,0.18244967,2.415514,5.998086,-0.46303585
3241,2026-05-11 16:10:31.484335,0.70302886,-0.0034148335,0.18244967,2.415514,5.998086,-0.46303585
3242,2026-05-11 16:10:31.487272,0.70302886,-0.0034148335,0.18244967,2.415514,5.998086,-0.46303585
3243,2026-05-11 16:10:31.489884,0.70302886,-0.0034148335,0.18244967,2.415514,5.998086,-0.46303585
3244,2026-05-11 16:10:31.492736,0.6938819,0.017562,0.12695862,2.4814873,5.7748146,-0.6948592
3245,2026-05-11 16:10:31.495405,0.6938819,0.017562,0.12695862,2.4814873,5.7748146,-0.6948592
3246,2026-05-11 16:10:31.498007,0.6938819,0.017562,0.12695862,2.4814873,5.7748146,-0.6948592
3247,2026-05-11 16:10:31.501397,0.6938819,0.017562,0.12695862,2.4814873,5.7748146,-0.6948592
3248,2026-05-11 16:10:31.504750,0.39087647,-0.07415067,-0.08677336,3.1978796,4.29591,-0.9662361
3249,2026-05-11 16:10:31.507934,0.39087647,-0.07415067,-0.08677336,3.1978796,4.29591,-0.9662361
3250,2026-05-11 16:10:31.510954,0.23336728,-0.115006715,-0.5587521,3.5242343,3.6283867,-1.0454959
3251,2026-05-11 16:10:31.513928,0.23336728,-0.115006715,-0.5587521,3.5242343,3.6283867,-1.0454959
3252,2026-05-11 16:10:31.517540,0.23336728,-0.115006715,-0.5587521,3.5242343,3.6283867,-1.0454959
3253,2026-05-11 16:10:31.520676,0.23336728,-0.115006715,-0.5587521,3.4498615,3.3701437,-0.9783007
3254,2026-05-11 16:10:31.523564,0.23336728,-0.115006715,-0.5587521,3.4498615,3.3701437,-0.9783007
3255,2026-05-11 16:10:31.526376,0.0951275,-0.12756842,-0.91621196,3.4498615,3.3701437,-0.9783007
3256,2026-05-11 16:10:31.529289,0.0951275,-0.12756842,-0.91621196,3.4498615,3.3701437,-0.9783007
3257,2026-05-11 16:10:31.532397,0.0951275,-0.12756842,-0.91621196,3.4498615,3.3701437,-0.9783007
3258,2026-05-11 16:10:31.536030,0.061345045,-0.12598296,-1.0901856,2.8640418,3.5043812,-0.61911196
3259,2026-05-11 16:10:31.539083,-0.014756958,-0.21373199,-1.7143682,2.8640418,3.5043812,-0.61911196
3260,2026-05-11 16:10:31.541960,-0.10433535,-0.30568856,-1.9827377,2.6691756,3.2016973,-0.22235495
3261,2026-05-11 16:10:31.544700,-0.10433535,-0.30568856,-1.9827377,2.6691756,3.2016973,-0.22235495
3262,2026-05-11 16:10:31.547336,-0.10433535,-0.30568856,-1.9827377,2.6691756,3.2016973,-0.22235495
3263,2026-05-11 16:10:31.550516,-0.10433535,-0.30568856,-1.9827377,2.6691756,3.2016973,-0.22235495
3264,2026-05-11 16:10:31.553519,-0.10433535,-0.30568856,-1.9827377,2.6691756,3.2016973,-0.22235495
3265,2026-05-11 16:10:31.556216,-0.3901447,-0.42185387,-2.4627657,2.777757,2.2250767,0.18906279
3266,2026-05-11 16:10:31.558864,-0.3901447,-0.42185387,-2.4627657,2.777757,2.2250767,0.18906279
3267,2026-05-11 16:10:31.561436,-0.3901447,-0.42185387,-2.4627657,2.777757,2.2250767,0.18906279
3268,2026-05-11 16:10:31.563998,-0.3901447,-0.42185387,-2.4627657,2.777757,2.2250767,0.18906279
3269,2026-05-11 16:10:31.567120,-0.4873455,-0.43709868,-2.625824,2.7501154,1.7643316,0.37018433
3270,2026-05-11 16:10:31.569890,-0.4873455,-0.43709868,-2.625824,2.7501154,1.7643316,0.37018433
3271,2026-05-11 16:10:31.572742,-0.29196826,-0.15860681,-2.5507586,1.1160508,-1.4162911,1.2191343
3272,2026-05-11 16:10:31.575467,-0.29196826,-0.15860681,-2.5507586,1.1160508,-1.4162911,1.2191343
3273,2026-05-11 16:10:31.578321,-0.29196826,-0.15860681,-2.5507586,1.1160508,-1.4162911,1.2191343
3274,2026-05-11 16:10:31.581097,-0.29196826,-0.15860681,-2.5507586,1.1160508,-1.4162911,1.2191343
3275,2026-05-11 16:10:31.584120,-0.19830425,-0.07829725,-2.3481247,-0.41431937,-2.541352,0.869414
3276,2026-05-11 16:10:31.587009,-0.19830425,-0.07829725,-2.3481247,-0.41431937,-2.541352,0.869414
3277,2026-05-11 16:10:31.589773,-0.19830425,-0.07829725,-2.3481247,-0.41431937,-2.541352,0.869414
3278,2026-05-11 16:10:31.592406,-0.19830425,-0.07829725,-2.3481247,-0.41431937,-2.541352,0.869414
3279,2026-05-11 16:10:31.595024,-0.19830425,-0.07829725,-2.3481247,-0.41431937,-2.541352,0.869414
3280,2026-05-11 16:10:31.597928,-0.10427438,0.04018527,-1.8757192,-0.41431937,-2.541352,0.869414
3281,2026-05-11 16:10:31.601016,-0.10427438,0.04018527,-1.8757192,-0.41431937,-2.541352,0.869414
3282,2026-05-11 16:10:31.603858,-0.10427438,0.04018527,-1.8757192,-0.41431937,-2.541352,0.869414
3283,2026-05-11 16:10:31.606517,-0.10714039,0.067077085,-1.7164416,-0.8944594,-2.7035367,0.7002043
3284,2026-05-11 16:10:31.609206,-0.10714039,0.067077085,-1.7164416,-0.8944594,-2.7035367,0.7002043
3285,2026-05-11 16:10:31.612071,-0.16732684,0.10006681,-1.2122048,-1.7467692,-2.9043589,0.41309762
3286,2026-05-11 16:10:31.614714,-0.23397705,0.0983594,-0.8740754,-1.7467692,-2.9043589,0.41309762
3287,2026-05-11 16:10:31.617878,-0.23397705,0.0983594,-0.8740754,-1.7467692,-2.9043589,0.41309762
3288,2026-05-11 16:10:31.620672,-0.23397705,0.0983594,-0.8740754,-2.2742512,-3.0088167,0.24938573
3289,2026-05-11 16:10:31.623374,-0.23397705,0.0983594,-0.8740754,-2.2742512,-3.0088167,0.24938573
3290,2026-05-11 16:10:31.626100,-0.29513916,0.07573613,-0.59058326,-2.676048,-3.2262847,0.13454308
3291,2026-05-11 16:10:31.628698,-0.31940886,0.06378421,-0.4056944,-2.676048,-3.2262847,0.13454308
3292,2026-05-11 16:10:31.631491,-0.3401418,0.048600398,-0.2977003,-2.6710083,-3.300505,0.12889257
3293,2026-05-11 16:10:31.634553,-0.3401418,0.048600398,-0.2977003,-2.6710083,-3.300505,0.12889257
3294,2026-05-11 16:10:31.637461,-0.403926,0.028172374,-0.15147226,-2.6710083,-3.300505,0.12889257
3295,2026-05-11 16:10:31.640086,-0.403926,0.028172374,-0.15147226,-2.6710083,-3.300505,0.12889257
3296,2026-05-11 16:10:31.642905,-0.3972183,0.022867188,-0.10518907,-2.515543,-3.5046866,0.22678372
3297,2026-05-11 16:10:31.645724,-0.3972183,0.022867188,-0.10518907,-2.515543,-3.5046866,0.22678372
3298,2026-05-11 16:10:31.648354,-0.3972183,0.022867188,-0.10518907,-2.515543,-3.5046866,0.22678372
3299,2026-05-11 16:10:31.651555,-0.3972183,0.022867188,-0.10518907,-2.4526238,-3.5908186,0.30024028
3300,2026-05-11 16:10:31.654485,-0.3972183,0.022867188,-0.10518907,-2.4526238,-3.5908186,0.30024028
3301,2026-05-11 16:10:31.657237,-0.3972183,0.022867188,-0.10518907,-2.4526238,-3.5908186,0.30024028
3302,2026-05-11 16:10:31.660118,-0.3972183,0.022867188,-0.10518907,-2.4526238,-3.5908186,0.30024028
3303,2026-05-11 16:10:31.662868,-0.3972183,0.022867188,-0.10518907,-2.4526238,-3.5908186,0.30024028
3304,2026-05-11 16:10:31.666081,-0.29885888,0.04414892,-0.019574312,-2.4526238,-3.5908186,0.30024028
3305,2026-05-11 16:10:31.669159,-0.29885888,0.04414892,-0.019574312,-2.4526238,-3.5908186,0.30024028
3306,2026-05-11 16:10:31.671990,-0.29885888,0.04414892,-0.019574312,-2.4526238,-3.5908186,0.30024028
3307,2026-05-11 16:10:31.674670,-0.29885888,0.04414892,-0.019574312,-2.4526238,-3.5908186,0.30024028
3308,2026-05-11 16:10:31.677405,-0.29885888,0.04414892,-0.019574312,-2.4526238,-3.5908186,0.30024028
3309,2026-05-11 16:10:31.680275,-0.29885888,0.04414892,-0.019574312,-2.1423044,-3.7690387,0.4089743
3310,2026-05-11 16:10:31.683672,-0.29885888,0.04414892,-0.019574312,-2.1423044,-3.7690387,0.4089743
3311,2026-05-11 16:10:31.686661,-0.24964872,0.029696856,0.019513333,-2.1423044,-3.7690387,0.4089743
3312,2026-05-11 16:10:31.689604,-0.24964872,0.029696856,0.019513333,-2.1423044,-3.7690387,0.4089743
3313,2026-05-11 16:10:31.692265,-0.24964872,0.029696856,0.019513333,-2.1423044,-3.7690387,0.4089743
3314,2026-05-11 16:10:31.694856,-0.24964872,0.029696856,0.019513333,-2.1423044,-3.7690387,0.4089743
3315,2026-05-11 16:10:31.697685,-0.24964872,0.029696856,0.019513333,-2.1423044,-3.7690387,0.4089743
3316,2026-05-11 16:10:31.700766,-0.24964872,0.029696856,0.019513333,-2.1423044,-3.7690387,0.4089743
3317,2026-05-11 16:10:31.703690,-0.24964872,0.029696856,0.019513333,-2.1423044,-3.7690387,0.4089743
3318,2026-05-11 16:10:31.706539,-0.27989438,0.024818521,0.014513042,-1.8768835,-3.7618608,0.5477934
3319,2026-05-11 16:10:31.709242,-0.27989438,0.024818521,0.014513042,-1.8768835,-3.7618608,0.5477934
3320,2026-05-11 16:10:31.712136,-0.27989438,0.024818521,0.014513042,-1.8768835,-3.7618608,0.5477934
3321,2026-05-11 16:10:31.714804,-0.27989438,0.024818521,0.014513042,-1.8768835,-3.7618608,0.5477934
3322,2026-05-11 16:10:31.718143,-0.1686074,0.080919355,-0.013598354,-1.727985,-4.0662246,0.6580546
3323,2026-05-11 16:10:31.721021,-0.1686074,0.080919355,-0.013598354,-1.727985,-4.0662246,0.6580546
3324,2026-05-11 16:10:31.723770,-0.1686074,0.080919355,-0.013598354,-1.727985,-4.0662246,0.6580546
3325,2026-05-11 16:10:31.726525,-0.1686074,0.080919355,-0.013598354,-1.727985,-4.0662246,0.6580546
3326,2026-05-11 16:10:31.729156,-0.1686074,0.080919355,-0.013598354,-1.727985,-4.0662246,0.6580546
3327,2026-05-11 16:10:31.732029,-0.1686074,0.080919355,-0.013598354,-1.727985,-4.0662246,0.6580546
3328,2026-05-11 16:10:31.735025,-0.06305246,0.12256813,-0.072443254,-1.6786577,-4.418541,0.6177375
3329,2026-05-11 16:10:31.737855,-0.06305246,0.12256813,-0.072443254,-1.6786577,-4.418541,0.6177375
3330,2026-05-11 16:10:31.740596,-0.09274931,0.11653119,-0.11104306,-1.6786577,-4.418541,0.6177375
3331,2026-05-11 16:10:31.743296,-0.09274931,0.11653119,-0.11104306,-1.6786577,-4.418541,0.6177375
3332,2026-05-11 16:10:31.746010,-0.09274931,0.11653119,-0.11104306,-1.6786577,-4.418541,0.6177375
3333,2026-05-11 16:10:31.748614,-0.09274931,0.11653119,-0.11104306,-1.6786577,-4.418541,0.6177375
3334,2026-05-11 16:10:31.751767,-0.09274931,0.11653119,-0.11104306,-1.6786577,-4.418541,0.6177375
3335,2026-05-11 16:10:31.754635,-0.09274931,0.11653119,-0.11104306,-2.9576569,-4.9706106,0.9935723
3336,2026-05-11 16:10:31.757294,-0.09274931,0.11653119,-0.11104306,-2.9576569,-4.9706106,0.9935723
3337,2026-05-11 16:10:31.760010,-0.09274931,0.11653119,-0.11104306,-2.9576569,-4.9706106,0.9935723
3338,2026-05-11 16:10:31.762588,-0.09274931,0.11653119,-0.11104306,-2.9576569,-4.9706106,0.9935723
3339,2026-05-11 16:10:31.765488,0.63119537,0.03719729,1.0829899,-3.8125627,-4.04011,0.8530733
3340,2026-05-11 16:10:31.768503,0.63119537,0.03719729,1.0829899,-3.8125627,-4.04011,0.8530733
3341,2026-05-11 16:10:31.771267,0.63119537,0.03719729,1.0829899,-3.8125627,-4.04011,0.8530733
3342,2026-05-11 16:10:31.773923,0.65644073,0.08280971,1.1172603,-3.8125627,-4.04011,0.8530733
3343,2026-05-11 16:10:31.776533,0.65644073,0.08280971,1.1172603,-3.8125627,-4.04011,0.8530733
3344,2026-05-11 16:10:31.788038,1.3771535,-0.37160707,1.6510719,-2.5271494,-3.3970215,0.77381355
3345,2026-05-11 16:10:31.803024,1.3771535,-0.37160707,1.6510719,-2.5271494,-3.3970215,0.77381355
3346,2026-05-11 16:10:31.806567,1.3242236,-0.38782752,1.3343462,-2.5271494,-3.3970215,0.77381355
3347,2026-05-11 16:10:31.811355,1.3242236,-0.38782752,1.3343462,-2.5271494,-3.3970215,0.77381355
3348,2026-05-11 16:10:31.817905,1.3242236,-0.38782752,1.3343462,-2.5271494,-3.3970215,0.77381355
3349,2026-05-11 16:10:31.820855,1.3242236,-0.38782752,1.3343462,-1.866346,-4.308585,0.12950343
3350,2026-05-11 16:10:31.823505,1.3242236,-0.38782752,1.3343462,-1.866346,-4.308585,0.12950343
3351,2026-05-11 16:10:31.826237,1.3242236,-0.38782752,1.3343462,-1.866346,-4.308585,0.12950343
3352,2026-05-11 16:10:31.828940,1.3242236,-0.38782752,1.3343462,-1.866346,-4.308585,0.12950343
3353,2026-05-11 16:10:31.831691,1.3242236,-0.38782752,1.3343462,-1.866346,-4.308585,0.12950343
3354,2026-05-11 16:10:31.834811,1.3242236,-0.38782752,1.3343462,-1.866346,-4.308585,0.12950343
3355,2026-05-11 16:10:31.837651,1.3242236,-0.38782752,1.3343462,-1.866346,-4.308585,0.12950343
3356,2026-05-11 16:10:31.840402,1.3242236,-0.38782752,1.3343462,-1.9466748,-4.817283,-0.12812899
3357,2026-05-11 16:10:31.843155,1.3242236,-0.38782752,1.3343462,-1.9466748,-4.817283,-0.12812899
3358,2026-05-11 16:10:31.845844,1.3242236,-0.38782752,1.3343462,-1.9466748,-4.817283,-0.12812899
3359,2026-05-11 16:10:31.848582,1.3242236,-0.38782752,1.3343462,-1.9466748,-4.817283,-0.12812899
3360,2026-05-11 16:10:31.851714,1.047683,-0.52899426,1.296844,-2.353511,-4.9425106,-0.0759
3361,2026-05-11 16:10:31.854606,1.047683,-0.52899426,1.296844,-2.353511,-4.9425106,-0.0759
3362,2026-05-11 16:10:31.857404,1.047683,-0.52899426,1.296844,-2.353511,-4.9425106,-0.0759
3363,2026-05-11 16:10:31.860054,1.047683,-0.52899426,1.296844,-2.353511,-4.9425106,-0.0759
3364,2026-05-11 16:10:31.863023,1.047683,-0.52899426,1.296844,-2.353511,-4.9425106,-0.0759
3365,2026-05-11 16:10:31.866044,0.9577388,-0.6016815,1.598142,-2.353511,-4.9425106,-0.0759
3366,2026-05-11 16:10:31.869222,0.93706685,-0.59155893,1.8843173,-2.7878363,-4.200615,0.40607268
3367,2026-05-11 16:10:31.872011,0.93706685,-0.59155893,1.8843173,-2.7878363,-4.200615,0.40607268
3368,2026-05-11 16:10:31.874801,0.95304346,-0.53198224,2.1562233,-2.7878363,-4.200615,0.40607268
3369,2026-05-11 16:10:31.877588,0.95304346,-0.53198224,2.1562233,-2.7878363,-4.200615,0.40607268
3370,2026-05-11 16:10:31.880249,0.95304346,-0.53198224,2.1562233,-2.3816109,-3.5584428,0.61422503
3371,2026-05-11 16:10:31.883349,0.95304346,-0.53198224,2.1562233,-2.3816109,-3.5584428,0.61422503
3372,2026-05-11 16:10:31.886247,0.95475084,-0.44679436,2.241655,-1.6091717,-2.9035952,0.7156286
3373,2026-05-11 16:10:31.888849,0.95475084,-0.44679436,2.241655,-1.6091717,-2.9035952,0.7156286
3374,2026-05-11 16:10:31.891763,0.9734105,-0.37374133,2.1596382,-0.65316767,-2.4685066,0.70203686
3375,2026-05-11 16:10:31.894550,0.92700535,-0.3403857,1.9813961,-0.65316767,-2.4685066,0.70203686
3376,2026-05-11 16:10:31.897222,0.92700535,-0.3403857,1.9813961,-0.65316767,-2.4685066,0.70203686
3377,2026-05-11 16:10:31.900463,0.92700535,-0.3403857,1.9813961,-0.65316767,-2.4685066,0.70203686
3378,2026-05-11 16:10:31.903248,0.92700535,-0.3403857,1.9813961,-0.65316767,-2.4685066,0.70203686
3379,2026-05-11 16:10:31.906138,0.8718801,-0.3246531,1.7465044,0.72021013,-2.3489296,0.5830709
3380,2026-05-11 16:10:31.908974,0.7857775,-0.19074284,1.1321392,0.5363397,-2.6088529,0.37568212
3381,2026-05-11 16:10:31.911820,0.7857775,-0.19074284,1.1321392,0.5363397,-2.6088529,0.37568212
3382,2026-05-11 16:10:31.914577,0.77431345,-0.13226382,1.0397558,-0.34391713,-2.1299343,0.34804046
3383,2026-05-11 16:10:31.917566,0.83840257,-0.06213777,1.1793981,-0.906524,-1.7145461,0.3203988
3384,2026-05-11 16:10:31.920432,0.83840257,-0.06213777,1.1793981,-0.906524,-1.7145461,0.3203988
3385,2026-05-11 16:10:31.923087,0.83840257,-0.06213777,1.1793981,-0.906524,-1.7145461,0.3203988
3386,2026-05-11 16:10:31.925669,0.83840257,-0.06213777,1.1793981,-0.906524,-1.7145461,0.3203988
3387,2026-05-11 16:10:31.928376,0.83840257,-0.06213777,1.1793981,-0.906524,-1.7145461,0.3203988
3388,2026-05-11 16:10:31.931087,0.83840257,-0.06213777,1.1793981,-0.906524,-1.7145461,0.3203988
3389,2026-05-11 16:10:31.934166,0.83840257,-0.06213777,1.1793981,-0.906524,-1.7145461,0.3203988
3390,2026-05-11 16:10:31.936976,0.8048031,-0.06756492,1.7742498,-2.1325307,0.5366451,-0.0041233404
3391,2026-05-11 16:10:31.939611,0.8048031,-0.06756492,1.7742498,-2.1325307,0.5366451,-0.0041233404
3392,2026-05-11 16:10:31.942453,0.8048031,-0.06756492,1.7742498,-2.1325307,0.5366451,-0.0041233404
3393,2026-05-11 16:10:31.945102,0.8048031,-0.06756492,1.7742498,-2.1325307,0.5366451,-0.0041233404
3394,2026-05-11 16:10:31.947867,0.8048031,-0.06756492,1.7742498,-2.1325307,0.5366451,-0.0041233404
3395,2026-05-11 16:10:31.950979,0.7481534,-0.08646846,2.0227401,-2.1325307,0.5366451,-0.0041233404
3396,2026-05-11 16:10:31.953936,0.68772304,-0.12140953,2.2044578,-1.6551393,0.66966105,-0.100334615
3397,2026-05-11 16:10:31.956736,0.69680893,-0.16531453,2.3081226,-0.29138273,0.5865834,-0.22479841
3398,2026-05-11 16:10:31.959518,0.69680893,-0.16531453,2.3081226,0.43783766,0.528093,-0.32589662
3399,2026-05-11 16:10:31.962231,0.69680893,-0.16531453,2.3081226,0.43783766,0.528093,-0.32589662
3400,2026-05-11 16:10:31.964921,0.69680893,-0.16531453,2.3081226,0.43783766,0.528093,-0.32589662
3401,2026-05-11 16:10:31.968060,0.7213836,-0.19092578,2.2297642,0.43783766,0.528093,-0.32589662
3402,2026-05-11 16:10:31.971026,0.7213836,-0.19092578,2.2297642,0.43783766,0.528093,-0.32589662
3403,2026-05-11 16:10:31.973785,0.7213836,-0.19092578,2.2297642,0.43783766,0.528093,-0.32589662
3404,2026-05-11 16:10:31.976552,0.7213836,-0.19092578,2.2297642,0.43783766,0.528093,-0.32589662
3405,2026-05-11 16:10:31.979259,0.72845715,-0.20909756,2.1328683,1.093296,0.8791878,-0.43004912
3406,2026-05-11 16:10:31.981791,0.73504287,-0.21110988,2.0296307,1.093296,0.8791878,-0.43004912
3407,2026-05-11 16:10:31.984920,0.73504287,-0.21110988,2.0296307,1.093296,0.8791878,-0.43004912
3408,2026-05-11 16:10:31.987637,0.7449215,-0.2189762,1.9848719,1.093296,0.8791878,-0.43004912
3409,2026-05-11 16:10:31.990342,0.7449215,-0.2189762,1.9848719,1.105666,1.4489723,-0.42928556
3410,2026-05-11 16:10:31.992907,0.7449215,-0.2189762,1.9848719,1.105666,1.4489723,-0.42928556
3411,2026-05-11 16:10:31.995411,0.7449215,-0.2189762,1.9848719,1.105666,1.4489723,-0.42928556
3412,2026-05-11 16:10:31.998132,0.7449215,-0.2189762,1.9848719,1.105666,1.4489723,-0.42928556
3413,2026-05-11 16:10:32.001224,0.7449215,-0.2189762,1.9848719,1.105666,1.4489723,-0.42928556
3414,2026-05-11 16:10:32.004111,0.7449215,-0.2189762,1.9848719,1.105666,1.4489723,-0.42928556
3415,2026-05-11 16:10:32.006845,0.7449215,-0.2189762,1.9848719,1.105666,1.4489723,-0.42928556
3416,2026-05-11 16:10:32.009660,0.7449215,-0.2189762,1.9848719,1.105666,1.4489723,-0.42928556
3417,2026-05-11 16:10:32.012476,0.7449215,-0.2189762,1.9848719,1.105666,1.4489723,-0.42928556
3418,2026-05-11 16:10:32.015461,0.7923633,-0.24824621,1.9280393,0.90224797,2.5347853,-0.36942077
3419,2026-05-11 16:10:32.018998,0.7923633,-0.24824621,1.9280393,0.90224797,2.5347853,-0.36942077
3420,2026-05-11 16:10:32.021959,0.7923633,-0.24824621,1.9280393,0.90224797,2.5347853,-0.36942077
3421,2026-05-11 16:10:32.024646,0.7923633,-0.24824621,1.9280393,0.90224797,2.5347853,-0.36942077
3422,2026-05-11 16:10:32.027556,0.7923633,-0.24824621,1.9280393,0.90224797,2.5347853,-0.36942077
3423,2026-05-11 16:10:32.030229,0.7923633,-0.24824621,1.9280393,0.90224797,2.5347853,-0.36942077
3424,2026-05-11 16:10:32.033644,0.7923633,-0.24824621,1.9280393,0.90224797,2.5347853,-0.36942077
3425,2026-05-11 16:10:32.036444,0.7923633,-0.24824621,1.9280393,0.90224797,2.5347853,-0.36942077
3426,2026-05-11 16:10:32.039096,0.7923633,-0.24824621,1.9280393,0.90224797,2.5347853,-0.36942077
3427,2026-05-11 16:10:32.042068,0.7923633,-0.24824621,1.9280393,0.90224797,2.5347853,-0.36942077
3428,2026-05-11 16:10:32.044769,0.7923633,-0.24824621,1.9280393,0.90224797,2.5347853,-0.36942077
3429,2026-05-11 16:10:32.047770,0.8923082,-0.3269093,1.9958482,0.78038037,3.2356005,-0.31703907
3430,2026-05-11 16:10:32.051039,0.8923082,-0.3269093,1.9958482,0.78038037,3.2356005,-0.31703907
3431,2026-05-11 16:10:32.054022,0.8923082,-0.3269093,1.9958482,0.82558435,3.5628715,-0.27107146
3432,2026-05-11 16:10:32.056836,0.8923082,-0.3269093,1.9958482,0.82558435,3.5628715,-0.27107146
3433,2026-05-11 16:10:32.059675,0.8923082,-0.3269093,1.9958482,0.82558435,3.5628715,-0.27107146
3434,2026-05-11 16:10:32.062392,0.8923082,-0.3269093,1.9958482,0.82558435,3.5628715,-0.27107146
3435,2026-05-11 16:10:32.065196,0.8923082,-0.3269093,1.9958482,0.9140071,3.6754234,-0.26893342
3436,2026-05-11 16:10:32.068606,0.8923082,-0.3269093,1.9958482,0.9140071,3.6754234,-0.26893342
3437,2026-05-11 16:10:32.071670,0.9312738,-0.34623972,2.0349357,0.9140071,3.6754234,-0.26893342
3438,2026-05-11 16:10:32.074430,0.9589584,-0.37557068,2.0924392,1.6449074,3.9165626,-0.3268129
3439,2026-05-11 16:10:32.077156,1.0686599,-0.4101459,2.1467714,1.6449074,3.9165626,-0.3268129
3440,2026-05-11 16:10:32.079932,1.0686599,-0.4101459,2.1467714,1.6449074,3.9165626,-0.3268129
3441,2026-05-11 16:10:32.082584,1.0686599,-0.4101459,2.1467714,1.6449074,3.9165626,-0.3268129
3442,2026-05-11 16:10:32.086096,1.0965884,-0.45118487,2.0942075,1.9720258,3.9952114,-0.38896844
3443,2026-05-11 16:10:32.088893,1.0965884,-0.45118487,2.0942075,1.9720258,3.9952114,-0.38896844
3444,2026-05-11 16:10:32.091503,1.0965884,-0.45118487,2.0942075,1.9720258,3.9952114,-0.38896844
3445,2026-05-11 16:10:32.094123,1.0965884,-0.45118487,2.0942075,1.9720258,3.9952114,-0.38896844
3446,2026-05-11 16:10:32.096814,1.0965884,-0.45118487,2.0942075,1.9720258,3.9952114,-0.38896844
3447,2026-05-11 16:10:32.099895,1.0494515,-0.4617343,2.014142,1.9720258,3.9952114,-0.38896844
3448,2026-05-11 16:10:32.103014,1.0494515,-0.4617343,2.014142,1.9720258,3.9952114,-0.38896844
3449,2026-05-11 16:10:32.105689,1.0494515,-0.4617343,2.014142,1.9720258,3.9952114,-0.38896844
3450,2026-05-11 16:10:32.108572,1.0494515,-0.4617343,2.014142,1.9720258,3.9952114,-0.38896844
3451,2026-05-11 16:10:32.111367,1.0494515,-0.4617343,2.014142,2.2379048,4.216192,-0.4007276
3452,2026-05-11 16:10:32.114122,1.0494515,-0.4617343,2.014142,2.2379048,4.216192,-0.4007276
3453,2026-05-11 16:10:32.117610,1.0494515,-0.4617343,2.014142,2.2379048,4.216192,-0.4007276
3454,2026-05-11 16:10:32.120606,1.0494515,-0.4617343,2.014142,2.302962,4.533842,-0.33551773
3455,2026-05-11 16:10:32.123457,1.0494515,-0.4617343,2.014142,2.302962,4.533842,-0.33551773
3456,2026-05-11 16:10:32.126207,1.0494515,-0.4617343,2.014142,2.302962,4.533842,-0.33551773
3457,2026-05-11 16:10:32.128976,1.0424389,-0.50448066,1.8805975,2.302962,4.533842,-0.33551773
3458,2026-05-11 16:10:32.131618,1.0424389,-0.50448066,1.8805975,2.302962,4.533842,-0.33551773
3459,2026-05-11 16:10:32.134909,1.082929,-0.5191157,1.6708902,2.1050417,5.067738,-0.20280726
3460,2026-05-11 16:10:32.137989,1.1760442,-0.47386914,1.6991235,1.5566374,5.7251816,-0.012064588
3461,2026-05-11 16:10:32.140701,1.206046,-0.46649066,1.8073615,1.5566374,5.7251816,-0.012064588
3462,2026-05-11 16:10:32.143450,1.206046,-0.46649066,1.8073615,1.5903877,5.9444823,-0.052687127
3463,2026-05-11 16:10:32.146271,1.206046,-0.46649066,1.8073615,1.5903877,5.9444823,-0.052687127
3464,2026-05-11 16:10:32.149043,1.206046,-0.46649066,1.8073615,1.5903877,5.9444823,-0.052687127
3465,2026-05-11 16:10:32.152595,1.206046,-0.46649066,1.8073615,1.5903877,5.9444823,-0.052687127
3466,2026-05-11 16:10:32.155529,1.206046,-0.46649066,1.8073615,1.5903877,5.9444823,-0.052687127
3467,2026-05-11 16:10:32.158276,1.206046,-0.46649066,1.8073615,1.5903877,5.9444823,-0.052687127
3468,2026-05-11 16:10:32.161007,1.206046,-0.46649066,1.8073615,1.5903877,5.9444823,-0.052687127
3469,2026-05-11 16:10:32.163896,1.1382371,-0.49216285,1.8255334,1.8576412,6.0242004,-0.084146686
3470,2026-05-11 16:10:32.167325,0.9711542,-0.54283655,1.6864399,2.660929,5.9443297,0.0061086523
3471,2026-05-11 16:10:32.170370,0.9711542,-0.54283655,1.6864399,3.3383787,5.765957,0.3266602
