id,timestamp,acc_x,acc_y,acc_z,gyro_x,gyro_y,gyro_z
1,2026-05-11 16:15:50.845023,-0.38612008,0.110616215,0.9576168,4.3902884,1.1381947,2.1168008
2,2026-05-11 16:15:50.856075,-0.38612008,0.110616215,0.9576168,4.3902884,1.1381947,2.1168008
3,2026-05-11 16:15:50.859224,-0.20360945,0.1253122,0.8058397,4.3902884,1.1381947,2.1168008
4,2026-05-11 16:15:50.862258,-0.20360945,0.1253122,0.8058397,4.3902884,1.1381947,2.1168008
5,2026-05-11 16:15:50.865240,-0.20360945,0.1253122,0.8058397,4.6329546,0.6742425,1.8955148
6,2026-05-11 16:15:50.868590,-0.20360945,0.1253122,0.8058397,4.6329546,0.6742425,1.8955148
7,2026-05-11 16:15:50.871380,-0.20360945,0.1253122,0.8058397,4.6329546,0.6742425,1.8955148
8,2026-05-11 16:15:50.874092,-0.20360945,0.1253122,0.8058397,4.6329546,0.6742425,1.8955148
9,2026-05-11 16:15:50.876795,-0.20360945,0.1253122,0.8058397,4.6329546,0.6742425,1.8955148
10,2026-05-11 16:15:50.879399,0.10714039,0.18110813,0.6154018,4.6329546,0.6742425,1.8955148
11,2026-05-11 16:15:50.882337,0.10714039,0.18110813,0.6154018,4.6329546,0.6742425,1.8955148
12,2026-05-11 16:15:50.885783,0.10714039,0.18110813,0.6154018,4.6329546,0.6742425,1.8955148
13,2026-05-11 16:15:50.888617,0.10714039,0.18110813,0.6154018,4.6329546,0.6742425,1.8955148
14,2026-05-11 16:15:50.891253,0.10714039,0.18110813,0.6154018,4.6329546,0.6742425,1.8955148
15,2026-05-11 16:15:50.894040,0.10714039,0.18110813,0.6154018,4.6329546,0.6742425,1.8955148
16,2026-05-11 16:15:50.896767,0.10714039,0.18110813,0.6154018,4.6329546,0.6742425,1.8955148
17,2026-05-11 16:15:50.899435,0.10714039,0.18110813,0.6154018,4.6329546,0.6742425,1.8955148
18,2026-05-11 16:15:50.902700,0.10714039,0.18110813,0.6154018,4.6329546,0.6742425,1.8955148
19,2026-05-11 16:15:50.905527,0.10714039,0.18110813,0.6154018,4.6329546,0.6742425,1.8955148
20,2026-05-11 16:15:50.908119,0.10714039,0.18110813,0.6154018,4.6329546,0.6742425,1.8955148
21,2026-05-11 16:15:50.910744,0.10714039,0.18110813,0.6154018,4.6329546,0.6742425,1.8955148
22,2026-05-11 16:15:50.913335,0.10714039,0.18110813,0.6154018,4.6329546,0.6742425,1.8955148
23,2026-05-11 16:15:50.916568,0.10714039,0.18110813,0.6154018,4.6329546,0.6742425,1.8955148
24,2026-05-11 16:15:50.919385,0.10714039,0.18110813,0.6154018,4.6329546,0.6742425,1.8955148
25,2026-05-11 16:15:50.922126,0.10714039,0.18110813,0.6154018,4.6329546,0.6742425,1.8955148
26,2026-05-11 16:15:50.924781,0.10714039,0.18110813,0.6154018,4.6329546,0.6742425,1.8955148
27,2026-05-11 16:15:50.927581,0.10714039,0.18110813,0.6154018,4.6329546,0.6742425,1.8955148
28,2026-05-11 16:15:50.930208,0.10714039,0.18110813,0.6154018,4.6329546,0.6742425,1.8955148
29,2026-05-11 16:15:50.933435,0.10714039,0.18110813,0.6154018,4.6329546,0.6742425,1.8955148
30,2026-05-11 16:15:50.936173,0.10714039,0.18110813,0.6154018,4.6329546,0.6742425,1.8955148
31,2026-05-11 16:15:50.938910,0.10714039,0.18110813,0.6154018,4.6329546,0.6742425,1.8955148
32,2026-05-11 16:15:50.941532,0.10714039,0.18110813,0.6154018,4.6329546,0.6742425,1.8955148
33,2026-05-11 16:15:50.944122,0.10714039,0.18110813,0.6154018,4.6329546,0.6742425,1.8955148
34,2026-05-11 16:15:50.946842,0.10714039,0.18110813,0.6154018,4.6329546,0.6742425,1.8955148
35,2026-05-11 16:15:50.949775,0.10714039,0.18110813,0.6154018,4.6329546,0.6742425,1.8955148
36,2026-05-11 16:15:50.952645,0.36191136,0.21671996,0.37941238,4.4926085,0.9436341,1.5357152
37,2026-05-11 16:15:50.955398,0.36191136,0.21671996,0.37941238,4.4926085,0.9436341,1.5357152
38,2026-05-11 16:15:50.958066,0.36191136,0.21671996,0.37941238,4.4926085,0.9436341,1.5357152
39,2026-05-11 16:15:50.960772,0.36191136,0.21671996,0.37941238,4.4926085,0.9436341,1.5357152
40,2026-05-11 16:15:50.963604,0.36191136,0.21671996,0.37941238,4.4926085,0.9436341,1.5357152
41,2026-05-11 16:15:50.966699,0.36191136,0.21671996,0.37941238,4.4926085,0.9436341,1.5357152
42,2026-05-11 16:15:50.969585,0.36191136,0.21671996,0.37941238,4.4926085,0.9436341,1.5357152
43,2026-05-11 16:15:50.972248,0.36191136,0.21671996,0.37941238,4.4926085,0.9436341,1.5357152
44,2026-05-11 16:15:50.974852,0.36191136,0.21671996,0.37941238,4.4926085,0.9436341,1.5357152
45,2026-05-11 16:15:50.977534,0.36191136,0.21671996,0.37941238,4.4926085,0.9436341,1.5357152
46,2026-05-11 16:15:50.980100,0.36191136,0.21671996,0.37941238,4.4926085,0.9436341,1.5357152
47,2026-05-11 16:15:50.983171,0.36191136,0.21671996,0.37941238,4.4926085,0.9436341,1.5357152
48,2026-05-11 16:15:50.985884,0.36191136,0.21671996,0.37941238,4.4926085,0.9436341,1.5357152
49,2026-05-11 16:15:50.988464,0.36191136,0.21671996,0.37941238,4.4926085,0.9436341,1.5357152
50,2026-05-11 16:15:50.991044,0.36191136,0.21671996,0.37941238,4.4926085,0.9436341,1.5357152
51,2026-05-11 16:15:50.993601,0.36191136,0.21671996,0.37941238,4.4926085,0.9436341,1.5357152
52,2026-05-11 16:15:50.996413,0.36191136,0.21671996,0.37941238,4.4926085,0.9436341,1.5357152
53,2026-05-11 16:15:50.999440,0.36191136,0.21671996,0.37941238,4.4926085,0.9436341,1.5357152
54,2026-05-11 16:15:51.002425,0.36191136,0.21671996,0.37941238,4.4926085,0.9436341,1.5357152
55,2026-05-11 16:15:51.005137,0.36191136,0.21671996,0.37941238,4.4926085,0.9436341,1.5357152
56,2026-05-11 16:15:51.007841,0.36191136,0.21671996,0.37941238,4.4926085,0.9436341,1.5357152
57,2026-05-11 16:15:51.010480,0.36191136,0.21671996,0.37941238,4.4926085,0.9436341,1.5357152
58,2026-05-11 16:15:51.013056,0.36191136,0.21671996,0.37941238,4.4926085,0.9436341,1.5357152
59,2026-05-11 16:15:51.016051,0.36191136,0.21671996,0.37941238,4.4926085,0.9436341,1.5357152
60,2026-05-11 16:15:51.018824,0.36191136,0.21671996,0.37941238,4.4926085,0.9436341,1.5357152
61,2026-05-11 16:15:51.021417,0.36191136,0.21671996,0.37941238,4.4926085,0.9436341,1.5357152
62,2026-05-11 16:15:51.024026,0.36191136,0.21671996,0.37941238,4.4926085,0.9436341,1.5357152
63,2026-05-11 16:15:51.026610,0.36191136,0.21671996,0.37941238,4.4926085,0.9436341,1.5357152
64,2026-05-11 16:15:51.029496,0.36191136,0.21671996,0.37941238,4.4926085,0.9436341,1.5357152
65,2026-05-11 16:15:51.032751,0.36191136,0.21671996,0.37941238,4.4926085,0.9436341,1.5357152
66,2026-05-11 16:15:51.035668,0.36191136,0.21671996,0.37941238,4.4926085,0.9436341,1.5357152
67,2026-05-11 16:15:51.038294,0.36191136,0.21671996,0.37941238,4.4926085,0.9436341,1.5357152
68,2026-05-11 16:15:51.040900,0.36191136,0.21671996,0.37941238,4.4926085,0.9436341,1.5357152
69,2026-05-11 16:15:51.043527,0.39362052,0.21300024,0.15116736,3.3852625,2.0864103,0.6834055
70,2026-05-11 16:15:51.046218,0.39362052,0.21300024,0.15116736,3.3852625,2.0864103,0.6834055
71,2026-05-11 16:15:51.049363,0.39362052,0.21300024,0.15116736,3.3852625,2.0864103,0.6834055
72,2026-05-11 16:15:51.052137,0.39362052,0.21300024,0.15116736,3.3852625,2.0864103,0.6834055
73,2026-05-11 16:15:51.054684,0.39362052,0.21300024,0.15116736,3.3852625,2.0864103,0.6834055
74,2026-05-11 16:15:51.057442,0.39362052,0.21300024,0.15116736,3.3852625,2.0864103,0.6834055
75,2026-05-11 16:15:51.060025,0.39362052,0.21300024,0.15116736,3.3852625,2.0864103,0.6834055
76,2026-05-11 16:15:51.062557,0.39362052,0.21300024,0.15116736,3.3852625,2.0864103,0.6834055
77,2026-05-11 16:15:51.065331,0.39362052,0.21300024,0.15116736,3.3852625,2.0864103,0.6834055
78,2026-05-11 16:15:51.068215,0.39362052,0.21300024,0.15116736,3.3852625,2.0864103,0.6834055
79,2026-05-11 16:15:51.070891,0.39362052,0.21300024,0.15116736,3.3852625,2.0864103,0.6834055
80,2026-05-11 16:15:51.073658,0.39362052,0.21300024,0.15116736,3.3852625,2.0864103,0.6834055
81,2026-05-11 16:15:51.076267,0.39362052,0.21300024,0.15116736,3.3852625,2.0864103,0.6834055
82,2026-05-11 16:15:51.079069,0.39362052,0.21300024,0.15116736,3.3852625,2.0864103,0.6834055
83,2026-05-11 16:15:51.081735,0.39362052,0.21300024,0.15116736,3.3852625,2.0864103,0.6834055
84,2026-05-11 16:15:51.085062,0.39362052,0.21300024,0.15116736,3.3852625,2.0864103,0.6834055
85,2026-05-11 16:15:51.087751,0.39362052,0.21300024,0.15116736,3.3852625,2.0864103,0.6834055
86,2026-05-11 16:15:51.090521,0.20409729,0.15604569,-0.16427788,3.3852625,2.0864103,0.6834055
87,2026-05-11 16:15:51.093238,0.20409729,0.15604569,-0.16427788,3.3852625,2.0864103,0.6834055
88,2026-05-11 16:15:51.095824,0.20409729,0.15604569,-0.16427788,3.3852625,2.0864103,0.6834055
89,2026-05-11 16:15:51.098958,0.20409729,0.15604569,-0.16427788,3.3852625,2.0864103,0.6834055
90,2026-05-11 16:15:51.101774,0.20409729,0.15604569,-0.16427788,3.3852625,2.0864103,0.6834055
91,2026-05-11 16:15:51.104493,0.20409729,0.15604569,-0.16427788,3.3852625,2.0864103,0.6834055
92,2026-05-11 16:15:51.107080,0.20409729,0.15604569,-0.16427788,3.3852625,2.0864103,0.6834055
93,2026-05-11 16:15:51.109827,0.20409729,0.15604569,-0.16427788,3.3852625,2.0864103,0.6834055
94,2026-05-11 16:15:51.112428,0.20409729,0.15604569,-0.16427788,3.3852625,2.0864103,0.6834055
95,2026-05-11 16:15:51.115125,0.20409729,0.15604569,-0.16427788,3.3852625,2.0864103,0.6834055
96,2026-05-11 16:15:51.118152,0.20409729,0.15604569,-0.16427788,3.3852625,2.0864103,0.6834055
97,2026-05-11 16:15:51.120731,0.20409729,0.15604569,-0.16427788,3.3852625,2.0864103,0.6834055
98,2026-05-11 16:15:51.123467,0.20409729,0.15604569,-0.16427788,3.3852625,2.0864103,0.6834055
99,2026-05-11 16:15:51.126091,0.20409729,0.15604569,-0.16427788,3.3852625,2.0864103,0.6834055
100,2026-05-11 16:15:51.128694,0.20409729,0.15604569,-0.16427788,3.3852625,2.0864103,0.6834055
101,2026-05-11 16:15:51.131259,0.20409729,0.15604569,-0.16427788,3.3852625,2.0864103,0.6834055
102,2026-05-11 16:15:51.134391,0.20409729,0.15604569,-0.16427788,3.3852625,2.0864103,0.6834055
103,2026-05-11 16:15:51.137146,0.20409729,0.15604569,-0.16427788,3.3852625,2.0864103,0.6834055
104,2026-05-11 16:15:51.139762,0.20409729,0.15604569,-0.16427788,3.3852625,2.0864103,0.6834055
105,2026-05-11 16:15:51.142398,0.20409729,0.15604569,-0.16427788,3.3852625,2.0864103,0.6834055
106,2026-05-11 16:15:51.145147,0.20409729,0.15604569,-0.16427788,3.3852625,2.0864103,0.6834055
107,2026-05-11 16:15:51.147818,0.20409729,0.15604569,-0.16427788,3.3852625,2.0864103,0.6834055
108,2026-05-11 16:15:51.151716,0.20409729,0.15604569,-0.16427788,3.3852625,2.0864103,0.6834055
109,2026-05-11 16:15:51.154637,0.20409729,0.15604569,-0.16427788,3.3852625,2.0864103,0.6834055
110,2026-05-11 16:15:51.157300,0.20409729,0.15604569,-0.16427788,3.3852625,2.0864103,0.6834055
111,2026-05-11 16:15:51.159888,0.20409729,0.15604569,-0.16427788,3.3852625,2.0864103,0.6834055
112,2026-05-11 16:15:51.162667,0.20409729,0.15604569,-0.16427788,3.3852625,2.0864103,0.6834055
113,2026-05-11 16:15:51.165377,0.20409729,0.15604569,-0.16427788,3.3852625,2.0864103,0.6834055
114,2026-05-11 16:15:51.168702,0.20409729,0.15604569,-0.16427788,3.3852625,2.0864103,0.6834055
115,2026-05-11 16:15:51.171412,0.20409729,0.15604569,-0.16427788,3.3852625,2.0864103,0.6834055
116,2026-05-11 16:15:51.174135,0.20409729,0.15604569,-0.16427788,3.3852625,2.0864103,0.6834055
117,2026-05-11 16:15:51.176834,0.20409729,0.15604569,-0.16427788,3.3852625,2.0864103,0.6834055
118,2026-05-11 16:15:51.179407,0.20409729,0.15604569,-0.16427788,3.3852625,2.0864103,0.6834055
119,2026-05-11 16:15:51.182142,0.20409729,0.15604569,-0.16427788,3.3852625,2.0864103,0.6834055
120,2026-05-11 16:15:51.185296,0.20409729,0.15604569,-0.16427788,3.3852625,2.0864103,0.6834055
121,2026-05-11 16:15:51.187927,-0.03420931,0.09402988,-0.30361527,3.3852625,2.0864103,0.6834055
122,2026-05-11 16:15:51.190667,-0.03420931,0.09402988,-0.30361527,3.3852625,2.0864103,0.6834055
123,2026-05-11 16:15:51.193278,-0.03420931,0.09402988,-0.30361527,3.3852625,2.0864103,0.6834055
124,2026-05-11 16:15:51.196083,-0.03420931,0.09402988,-0.30361527,3.3852625,2.0864103,0.6834055
125,2026-05-11 16:15:51.199442,-0.03420931,0.09402988,-0.30361527,3.3852625,2.0864103,0.6834055
126,2026-05-11 16:15:51.202262,-0.03420931,0.09402988,-0.30361527,3.3852625,2.0864103,0.6834055
127,2026-05-11 16:15:51.204960,-0.03420931,0.09402988,-0.30361527,3.3852625,2.0864103,0.6834055
128,2026-05-11 16:15:51.207619,-0.03420931,0.09402988,-0.30361527,3.3852625,2.0864103,0.6834055
129,2026-05-11 16:15:51.210218,-0.03420931,0.09402988,-0.30361527,3.3852625,2.0864103,0.6834055
130,2026-05-11 16:15:51.212982,-0.03420931,0.09402988,-0.30361527,3.3852625,2.0864103,0.6834055
131,2026-05-11 16:15:51.215915,-0.03420931,0.09402988,-0.30361527,3.3852625,2.0864103,0.6834055
132,2026-05-11 16:15:51.218628,-0.03420931,0.09402988,-0.30361527,3.3852625,2.0864103,0.6834055
133,2026-05-11 16:15:51.221329,-0.03420931,0.09402988,-0.30361527,3.3852625,2.0864103,0.6834055
134,2026-05-11 16:15:51.224023,-0.03420931,0.09402988,-0.30361527,3.3852625,2.0864103,0.6834055
135,2026-05-11 16:15:51.226827,-0.03420931,0.09402988,-0.30361527,3.3852625,2.0864103,0.6834055
136,2026-05-11 16:15:51.229407,-0.03420931,0.09402988,-0.30361527,3.3852625,2.0864103,0.6834055
137,2026-05-11 16:15:51.232276,-0.03420931,0.09402988,-0.30361527,2.8510609,2.212554,0.5991061
138,2026-05-11 16:15:51.235214,-0.03420931,0.09402988,-0.30361527,2.8510609,2.212554,0.5991061
139,2026-05-11 16:15:51.237838,-0.03420931,0.09402988,-0.30361527,2.8510609,2.212554,0.5991061
140,2026-05-11 16:15:51.240399,-0.03420931,0.09402988,-0.30361527,2.8510609,2.212554,0.5991061
141,2026-05-11 16:15:51.243275,-0.03420931,0.09402988,-0.30361527,2.8510609,2.212554,0.5991061
142,2026-05-11 16:15:51.245885,-0.03420931,0.09402988,-0.30361527,2.8510609,2.212554,0.5991061
143,2026-05-11 16:15:51.249066,-0.03420931,0.09402988,-0.30361527,2.8510609,2.212554,0.5991061
144,2026-05-11 16:15:51.252000,-0.03420931,0.09402988,-0.30361527,2.8510609,2.212554,0.5991061
145,2026-05-11 16:15:51.254661,-0.03420931,0.09402988,-0.30361527,2.8510609,2.212554,0.5991061
146,2026-05-11 16:15:51.257232,-0.03420931,0.09402988,-0.30361527,2.8510609,2.212554,0.5991061
147,2026-05-11 16:15:51.260066,-0.03420931,0.09402988,-0.30361527,2.8510609,2.212554,0.5991061
148,2026-05-11 16:15:51.262677,-0.03420931,0.09402988,-0.30361527,2.8510609,2.212554,0.5991061
149,2026-05-11 16:15:51.265666,-0.03420931,0.09402988,-0.30361527,2.8510609,2.212554,0.5991061
150,2026-05-11 16:15:51.268591,-0.03420931,0.09402988,-0.30361527,2.3823745,2.100002,0.9763154
151,2026-05-11 16:15:51.271178,-0.03420931,0.09402988,-0.30361527,2.3823745,2.100002,0.9763154
152,2026-05-11 16:15:51.273896,-0.03420931,0.09402988,-0.30361527,2.3823745,2.100002,0.9763154
153,2026-05-11 16:15:51.276487,-0.03420931,0.09402988,-0.30361527,2.3823745,2.100002,0.9763154
154,2026-05-11 16:15:51.279321,-0.03420931,0.09402988,-0.30361527,2.3823745,2.100002,0.9763154
155,2026-05-11 16:15:51.282571,-0.03420931,0.09402988,-0.30361527,2.3823745,2.100002,0.9763154
156,2026-05-11 16:15:51.285433,-0.03420931,0.09402988,-0.30361527,2.3823745,2.100002,0.9763154
157,2026-05-11 16:15:51.288012,-0.03420931,0.09402988,-0.30361527,2.3823745,2.100002,0.9763154
158,2026-05-11 16:15:51.290616,-0.03420931,0.09402988,-0.30361527,2.3823745,2.100002,0.9763154
159,2026-05-11 16:15:51.293234,-0.03420931,0.09402988,-0.30361527,2.3823745,2.100002,0.9763154
160,2026-05-11 16:15:51.295807,-0.03420931,0.09402988,-0.30361527,2.3823745,2.100002,0.9763154
161,2026-05-11 16:15:51.298451,-0.03420931,0.09402988,-0.30361527,2.3823745,2.100002,0.9763154
162,2026-05-11 16:15:51.301761,-0.03420931,0.09402988,-0.30361527,2.3823745,2.100002,0.9763154
163,2026-05-11 16:15:51.304562,-0.03420931,0.09402988,-0.30361527,2.3823745,2.100002,0.9763154
164,2026-05-11 16:15:51.307165,-0.03420931,0.09402988,-0.30361527,2.3823745,2.100002,0.9763154
165,2026-05-11 16:15:51.309779,-0.03420931,0.09402988,-0.30361527,2.3823745,2.100002,0.9763154
166,2026-05-11 16:15:51.312575,-0.03420931,0.09402988,-0.30361527,2.3823745,2.100002,0.9763154
167,2026-05-11 16:15:51.315266,-0.03420931,0.09402988,-0.30361527,2.3823745,2.100002,0.9763154
168,2026-05-11 16:15:51.318524,-0.03420931,0.09402988,-0.30361527,2.3823745,2.100002,0.9763154
169,2026-05-11 16:15:51.321109,-0.03420931,0.09402988,-0.30361527,2.3823745,2.100002,0.9763154
170,2026-05-11 16:15:51.324014,-0.03420931,0.09402988,-0.30361527,2.3823745,2.100002,0.9763154
171,2026-05-11 16:15:51.326982,-0.03420931,0.09402988,-0.30361527,2.3823745,2.100002,0.9763154
172,2026-05-11 16:15:51.330021,-0.03420931,0.09402988,-0.30361527,2.3823745,2.100002,0.9763154
173,2026-05-11 16:15:51.333458,-0.03420931,0.09402988,-0.30361527,2.3823745,2.100002,0.9763154
174,2026-05-11 16:15:51.336594,-0.03420931,0.09402988,-0.30361527,2.3823745,2.100002,0.9763154
175,2026-05-11 16:15:51.339484,-0.03420931,0.09402988,-0.30361527,2.3823745,2.100002,0.9763154
176,2026-05-11 16:15:51.342199,-0.35233763,0.044331856,-0.30648127,2.3823745,2.100002,0.9763154
177,2026-05-11 16:15:51.344937,-0.35233763,0.044331856,-0.30648127,2.3823745,2.100002,0.9763154
178,2026-05-11 16:15:51.347549,-0.35233763,0.044331856,-0.30648127,2.3823745,2.100002,0.9763154
179,2026-05-11 16:15:51.350806,-0.35233763,0.044331856,-0.30648127,2.3823745,2.100002,0.9763154
180,2026-05-11 16:15:51.353688,-0.35233763,0.044331856,-0.30648127,2.3823745,2.100002,0.9763154
181,2026-05-11 16:15:51.356350,-0.35233763,0.044331856,-0.30648127,2.3823745,2.100002,0.9763154
182,2026-05-11 16:15:51.358914,-0.35233763,0.044331856,-0.30648127,2.3823745,2.100002,0.9763154
183,2026-05-11 16:15:51.361494,-0.35233763,0.044331856,-0.30648127,2.3823745,2.100002,0.9763154
184,2026-05-11 16:15:51.364029,-0.35233763,0.044331856,-0.30648127,2.3823745,2.100002,0.9763154
185,2026-05-11 16:15:51.366948,-0.35233763,0.044331856,-0.30648127,2.3823745,2.100002,0.9763154
186,2026-05-11 16:15:51.369560,-0.35233763,0.044331856,-0.30648127,2.3823745,2.100002,0.9763154
187,2026-05-11 16:15:51.372107,-0.35233763,0.044331856,-0.30648127,2.3823745,2.100002,0.9763154
188,2026-05-11 16:15:51.374948,-0.35233763,0.044331856,-0.30648127,2.3823745,2.100002,0.9763154
189,2026-05-11 16:15:51.377576,-0.35233763,0.044331856,-0.30648127,2.3823745,2.100002,0.9763154
190,2026-05-11 16:15:51.380257,-0.35233763,0.044331856,-0.30648127,2.3823745,2.100002,0.9763154
191,2026-05-11 16:15:51.383368,-0.35233763,0.044331856,-0.30648127,2.3823745,2.100002,0.9763154
192,2026-05-11 16:15:51.386044,-0.35233763,0.044331856,-0.30648127,2.3823745,2.100002,0.9763154
193,2026-05-11 16:15:51.388708,-0.35233763,0.044331856,-0.30648127,2.3823745,2.100002,0.9763154
194,2026-05-11 16:15:51.391346,-0.35233763,0.044331856,-0.30648127,2.3823745,2.100002,0.9763154
195,2026-05-11 16:15:51.393914,-0.35233763,0.044331856,-0.30648127,2.3823745,2.100002,0.9763154
196,2026-05-11 16:15:51.396572,-0.35233763,0.044331856,-0.30648127,2.3823745,2.100002,0.9763154
197,2026-05-11 16:15:51.399460,-0.35233763,0.044331856,-0.30648127,2.3823745,2.100002,0.9763154
198,2026-05-11 16:15:51.402268,-0.35233763,0.044331856,-0.30648127,2.3823745,2.100002,0.9763154
199,2026-05-11 16:15:51.404894,-0.35233763,0.044331856,-0.30648127,2.3823745,2.100002,0.9763154
200,2026-05-11 16:15:51.407442,-0.35233763,0.044331856,-0.30648127,2.3823745,2.100002,0.9763154
201,2026-05-11 16:15:51.410200,-0.35233763,0.044331856,-0.30648127,2.3823745,2.100002,0.9763154
202,2026-05-11 16:15:51.412881,-0.2128173,-0.06744295,-0.46252698,2.3823745,2.100002,0.9763154
203,2026-05-11 16:15:51.415735,-0.2128173,-0.06744295,-0.46252698,2.1546745,1.7101172,1.2454015
204,2026-05-11 16:15:51.418692,-0.2128173,-0.06744295,-0.46252698,2.1546745,1.7101172,1.2454015
205,2026-05-11 16:15:51.421328,-0.2128173,-0.06744295,-0.46252698,2.1546745,1.7101172,1.2454015
206,2026-05-11 16:15:51.423894,-0.2128173,-0.06744295,-0.46252698,2.1546745,1.7101172,1.2454015
207,2026-05-11 16:15:51.426493,-0.2128173,-0.06744295,-0.46252698,2.1546745,1.7101172,1.2454015
208,2026-05-11 16:15:51.429022,-0.2128173,-0.06744295,-0.46252698,2.1546745,1.7101172,1.2454015
209,2026-05-11 16:15:51.432131,-0.2128173,-0.06744295,-0.46252698,2.1546745,1.7101172,1.2454015
210,2026-05-11 16:15:51.434970,-0.2128173,-0.06744295,-0.46252698,2.1546745,1.7101172,1.2454015
211,2026-05-11 16:15:51.437547,-0.2128173,-0.06744295,-0.46252698,2.1546745,1.7101172,1.2454015
212,2026-05-11 16:15:51.440228,-0.2128173,-0.06744295,-0.46252698,2.1546745,1.7101172,1.2454015
213,2026-05-11 16:15:51.442788,-0.2128173,-0.06744295,-0.46252698,2.1546745,1.7101172,1.2454015
214,2026-05-11 16:15:51.445678,-0.2128173,-0.06744295,-0.46252698,2.1546745,1.7101172,1.2454015
215,2026-05-11 16:15:51.448776,-0.2128173,-0.06744295,-0.46252698,2.1546745,1.7101172,1.2454015
216,2026-05-11 16:15:51.451811,-0.2128173,-0.06744295,-0.46252698,2.1546745,1.7101172,1.2454015
217,2026-05-11 16:15:51.454462,-0.2128173,-0.06744295,-0.46252698,2.1546745,1.7101172,1.2454015
218,2026-05-11 16:15:51.457065,-0.2128173,-0.06744295,-0.46252698,2.1546745,1.7101172,1.2454015
219,2026-05-11 16:15:51.459770,-0.2128173,-0.06744295,-0.46252698,2.1546745,1.7101172,1.2454015
220,2026-05-11 16:15:51.462359,-0.2128173,-0.06744295,-0.46252698,2.1546745,1.7101172,1.2454015
221,2026-05-11 16:15:51.464943,-0.2128173,-0.06744295,-0.46252698,2.1546745,1.7101172,1.2454015
222,2026-05-11 16:15:51.468100,-0.2128173,-0.06744295,-0.46252698,2.1546745,1.7101172,1.2454015
223,2026-05-11 16:15:51.470761,-0.2128173,-0.06744295,-0.46252698,2.1546745,1.7101172,1.2454015
224,2026-05-11 16:15:51.473433,-0.2128173,-0.06744295,-0.46252698,2.1546745,1.7101172,1.2454015
225,2026-05-11 16:15:51.476023,-0.2128173,-0.06744295,-0.46252698,2.1546745,1.7101172,1.2454015
226,2026-05-11 16:15:51.478735,-0.2128173,-0.06744295,-0.46252698,2.1546745,1.7101172,1.2454015
227,2026-05-11 16:15:51.481321,-0.2128173,-0.06744295,-0.46252698,2.1546745,1.7101172,1.2454015
228,2026-05-11 16:15:51.484457,-0.2128173,-0.06744295,-0.46252698,2.1546745,1.7101172,1.2454015
229,2026-05-11 16:15:51.487213,-0.2128173,-0.06744295,-0.46252698,2.1546745,1.7101172,1.2454015
230,2026-05-11 16:15:51.489767,-0.2128173,-0.06744295,-0.46252698,2.1546745,1.7101172,1.2454015
231,2026-05-11 16:15:51.492302,-0.2128173,-0.06744295,-0.46252698,2.1546745,1.7101172,1.2454015
232,2026-05-11 16:15:51.495014,-0.2128173,-0.06744295,-0.46252698,2.1546745,1.7101172,1.2454015
233,2026-05-11 16:15:51.497582,-0.2128173,-0.06744295,-0.46252698,2.1546745,1.7101172,1.2454015
234,2026-05-11 16:15:51.500917,-0.2128173,-0.06744295,-0.46252698,2.1546745,1.7101172,1.2454015
235,2026-05-11 16:15:51.503668,-0.2128173,-0.06744295,-0.46252698,2.1546745,1.7101172,1.2454015
236,2026-05-11 16:15:51.506254,-0.2128173,-0.06744295,-0.46252698,2.1546745,1.7101172,1.2454015
237,2026-05-11 16:15:51.508830,-0.2128173,-0.06744295,-0.46252698,2.1546745,1.7101172,1.2454015
238,2026-05-11 16:15:51.511591,-0.2128173,-0.06744295,-0.46252698,2.1546745,1.7101172,1.2454015
239,2026-05-11 16:15:51.514182,-0.2128173,-0.06744295,-0.46252698,2.1546745,1.7101172,1.2454015
240,2026-05-11 16:15:51.517180,-0.2128173,-0.06744295,-0.46252698,2.1546745,1.7101172,1.2454015
241,2026-05-11 16:15:51.519825,-0.2128173,-0.06744295,-0.46252698,2.1546745,1.7101172,1.2454015
242,2026-05-11 16:15:51.522409,-0.2128173,-0.06744295,-0.46252698,2.1546745,1.7101172,1.2454015
243,2026-05-11 16:15:51.525194,-0.2128173,-0.06744295,-0.46252698,2.1546745,1.7101172,1.2454015
244,2026-05-11 16:15:51.527864,-0.2128173,-0.06744295,-0.46252698,2.1546745,1.7101172,1.2454015
245,2026-05-11 16:15:51.530489,-0.2128173,-0.06744295,-0.46252698,2.1546745,1.7101172,1.2454015
246,2026-05-11 16:15:51.533887,-0.27001578,-0.07658983,-0.42868355,2.1546745,1.7101172,1.2454015
247,2026-05-11 16:15:51.536881,-0.27001578,-0.07658983,-0.42868355,2.1546745,1.7101172,1.2454015
248,2026-05-11 16:15:51.539518,-0.27001578,-0.07658983,-0.42868355,2.1546745,1.7101172,1.2454015
249,2026-05-11 16:15:51.542259,-0.27001578,-0.07658983,-0.42868355,2.1546745,1.7101172,1.2454015
250,2026-05-11 16:15:51.544839,-0.27001578,-0.07658983,-0.42868355,2.1546745,1.7101172,1.2454015
251,2026-05-11 16:15:51.547427,-0.27001578,-0.07658983,-0.42868355,2.1546745,1.7101172,1.2454015
252,2026-05-11 16:15:51.550727,-0.27001578,-0.07658983,-0.42868355,1.8490891,0.46502116,1.6513215
253,2026-05-11 16:15:51.553531,-0.27001578,-0.07658983,-0.42868355,1.8490891,0.46502116,1.6513215
254,2026-05-11 16:15:51.556224,-0.27001578,-0.07658983,-0.42868355,1.8490891,0.46502116,1.6513215
255,2026-05-11 16:15:51.558912,-0.27001578,-0.07658983,-0.42868355,1.8490891,0.46502116,1.6513215
256,2026-05-11 16:15:51.561473,-0.27001578,-0.07658983,-0.42868355,1.8490891,0.46502116,1.6513215
257,2026-05-11 16:15:51.564443,-0.27001578,-0.07658983,-0.42868355,1.8490891,0.46502116,1.6513215
258,2026-05-11 16:15:51.567693,-0.27001578,-0.07658983,-0.42868355,1.8490891,0.46502116,1.6513215
259,2026-05-11 16:15:51.570462,-0.27001578,-0.07658983,-0.42868355,1.8490891,0.46502116,1.6513215
260,2026-05-11 16:15:51.573026,-0.27001578,-0.07658983,-0.42868355,1.8490891,0.46502116,1.6513215
261,2026-05-11 16:15:51.575781,-0.27001578,-0.07658983,-0.42868355,1.8490891,0.46502116,1.6513215
262,2026-05-11 16:15:51.578316,-0.27001578,-0.07658983,-0.42868355,1.8490891,0.46502116,1.6513215
263,2026-05-11 16:15:51.580834,-0.27001578,-0.07658983,-0.42868355,1.8490891,0.46502116,1.6513215
264,2026-05-11 16:15:51.583964,-0.27001578,-0.07658983,-0.42868355,1.8490891,0.46502116,1.6513215
265,2026-05-11 16:15:51.586616,-0.27001578,-0.07658983,-0.42868355,1.8490891,0.46502116,1.6513215
266,2026-05-11 16:15:51.589199,-0.27001578,-0.07658983,-0.42868355,1.8490891,0.46502116,1.6513215
267,2026-05-11 16:15:51.591945,-0.27001578,-0.07658983,-0.42868355,1.8490891,0.46502116,1.6513215
268,2026-05-11 16:15:51.594509,-0.27001578,-0.07658983,-0.42868355,1.8490891,0.46502116,1.6513215
269,2026-05-11 16:15:51.597048,-0.27001578,-0.07658983,-0.42868355,1.8490891,0.46502116,1.6513215
270,2026-05-11 16:15:51.600069,-0.27001578,-0.07658983,-0.42868355,1.8490891,0.46502116,1.6513215
271,2026-05-11 16:15:51.602699,-0.27001578,-0.07658983,-0.42868355,1.8490891,0.46502116,1.6513215
272,2026-05-11 16:15:51.605262,-0.27001578,-0.07658983,-0.42868355,1.8490891,0.46502116,1.6513215
273,2026-05-11 16:15:51.607824,-0.27001578,-0.07658983,-0.42868355,1.8490891,0.46502116,1.6513215
274,2026-05-11 16:15:51.610343,-0.27001578,-0.07658983,-0.42868355,1.8490891,0.46502116,1.6513215
275,2026-05-11 16:15:51.612934,-0.27001578,-0.07658983,-0.42868355,1.8490891,0.46502116,1.6513215
276,2026-05-11 16:15:51.616192,-0.27001578,-0.07658983,-0.42868355,1.8490891,0.46502116,1.6513215
277,2026-05-11 16:15:51.619060,-0.27001578,-0.07658983,-0.42868355,1.8490891,0.46502116,1.6513215
278,2026-05-11 16:15:51.621646,-0.27001578,-0.07658983,-0.42868355,1.8490891,0.46502116,1.6513215
279,2026-05-11 16:15:51.624565,-0.27001578,-0.07658983,-0.42868355,1.8490891,0.46502116,1.6513215
280,2026-05-11 16:15:51.627180,-0.27001578,-0.07658983,-0.42868355,1.8490891,0.46502116,1.6513215
281,2026-05-11 16:15:51.629889,-0.27001578,-0.07658983,-0.42868355,1.8490891,0.46502116,1.6513215
282,2026-05-11 16:15:51.633025,-0.19281614,-0.13195892,-0.45240447,1.806634,-0.2790127,2.0715969
283,2026-05-11 16:15:51.635912,-0.19281614,-0.13195892,-0.45240447,1.806634,-0.2790127,2.0715969
284,2026-05-11 16:15:51.638532,-0.19281614,-0.13195892,-0.45240447,1.806634,-0.2790127,2.0715969
285,2026-05-11 16:15:51.641107,-0.19281614,-0.13195892,-0.45240447,1.806634,-0.2790127,2.0715969
286,2026-05-11 16:15:51.643966,-0.19281614,-0.13195892,-0.45240447,1.806634,-0.2790127,2.0715969
287,2026-05-11 16:15:51.646587,-0.19281614,-0.13195892,-0.45240447,1.806634,-0.2790127,2.0715969
288,2026-05-11 16:15:51.649646,-0.19281614,-0.13195892,-0.45240447,1.806634,-0.2790127,2.0715969
289,2026-05-11 16:15:51.652362,-0.19281614,-0.13195892,-0.45240447,1.806634,-0.2790127,2.0715969
290,2026-05-11 16:15:51.654998,-0.19281614,-0.13195892,-0.45240447,1.806634,-0.2790127,2.0715969
291,2026-05-11 16:15:51.657659,-0.19281614,-0.13195892,-0.45240447,1.806634,-0.2790127,2.0715969
292,2026-05-11 16:15:51.660226,-0.19281614,-0.13195892,-0.45240447,1.806634,-0.2790127,2.0715969
293,2026-05-11 16:15:51.662997,-0.19281614,-0.13195892,-0.45240447,1.806634,-0.2790127,2.0715969
294,2026-05-11 16:15:51.665940,-0.19281614,-0.13195892,-0.45240447,1.806634,-0.2790127,2.0715969
295,2026-05-11 16:15:51.668646,-0.19281614,-0.13195892,-0.45240447,1.806634,-0.2790127,2.0715969
296,2026-05-11 16:15:51.671208,-0.19281614,-0.13195892,-0.45240447,1.806634,-0.2790127,2.0715969
297,2026-05-11 16:15:51.673725,-0.19281614,-0.13195892,-0.45240447,1.806634,-0.2790127,2.0715969
298,2026-05-11 16:15:51.676414,-0.19281614,-0.13195892,-0.45240447,1.806634,-0.2790127,2.0715969
299,2026-05-11 16:15:51.678967,-0.19281614,-0.13195892,-0.45240447,1.806634,-0.2790127,2.0715969
300,2026-05-11 16:15:51.681636,-0.19281614,-0.13195892,-0.45240447,1.806634,-0.2790127,2.0715969
301,2026-05-11 16:15:51.684815,-0.19281614,-0.13195892,-0.45240447,1.806634,-0.2790127,2.0715969
302,2026-05-11 16:15:51.687617,-0.19281614,-0.13195892,-0.45240447,1.806634,-0.2790127,2.0715969
303,2026-05-11 16:15:51.690243,-0.19281614,-0.13195892,-0.45240447,1.806634,-0.2790127,2.0715969
304,2026-05-11 16:15:51.692784,-0.19281614,-0.13195892,-0.45240447,1.806634,-0.2790127,2.0715969
305,2026-05-11 16:15:51.695443,-0.19281614,-0.13195892,-0.45240447,1.806634,-0.2790127,2.0715969
306,2026-05-11 16:15:51.698017,-0.19281614,-0.13195892,-0.45240447,1.806634,-0.2790127,2.0715969
307,2026-05-11 16:15:51.701215,-0.19281614,-0.13195892,-0.45240447,1.806634,-0.2790127,2.0715969
308,2026-05-11 16:15:51.703988,-0.19281614,-0.13195892,-0.45240447,1.806634,-0.2790127,2.0715969
309,2026-05-11 16:15:51.706706,-0.112201676,-0.16580236,-0.48478436,1.7828102,-0.7286095,2.3455698
310,2026-05-11 16:15:51.709345,-0.112201676,-0.16580236,-0.48478436,1.7828102,-0.7286095,2.3455698
311,2026-05-11 16:15:51.711965,-0.112201676,-0.16580236,-0.48478436,1.7828102,-0.7286095,2.3455698
312,2026-05-11 16:15:51.714701,-0.112201676,-0.16580236,-0.48478436,1.7828102,-0.7286095,2.3455698
313,2026-05-11 16:15:51.717804,-0.112201676,-0.16580236,-0.48478436,1.7828102,-0.7286095,2.3455698
314,2026-05-11 16:15:51.720586,-0.112201676,-0.16580236,-0.48478436,1.7828102,-0.7286095,2.3455698
315,2026-05-11 16:15:51.723176,-0.112201676,-0.16580236,-0.48478436,1.7828102,-0.7286095,2.3455698
316,2026-05-11 16:15:51.725957,-0.112201676,-0.16580236,-0.48478436,1.7828102,-0.7286095,2.3455698
317,2026-05-11 16:15:51.728540,-0.112201676,-0.16580236,-0.48478436,1.7828102,-0.7286095,2.3455698
318,2026-05-11 16:15:51.731111,-0.112201676,-0.16580236,-0.48478436,1.7828102,-0.7286095,2.3455698
319,2026-05-11 16:15:51.734097,-0.112201676,-0.16580236,-0.48478436,1.7828102,-0.7286095,2.3455698
320,2026-05-11 16:15:51.736720,-0.112201676,-0.16580236,-0.48478436,1.7828102,-0.7286095,2.3455698
321,2026-05-11 16:15:51.739279,-0.112201676,-0.16580236,-0.48478436,1.7828102,-0.7286095,2.3455698
322,2026-05-11 16:15:51.741999,-0.112201676,-0.16580236,-0.48478436,1.7828102,-0.7286095,2.3455698
323,2026-05-11 16:15:51.744598,-0.112201676,-0.16580236,-0.48478436,1.7828102,-0.7286095,2.3455698
324,2026-05-11 16:15:51.747196,-0.112201676,-0.16580236,-0.48478436,1.7828102,-0.7286095,2.3455698
325,2026-05-11 16:15:51.750357,-0.112201676,-0.16580236,-0.48478436,1.7828102,-0.7286095,2.3455698
326,2026-05-11 16:15:51.753066,-0.112201676,-0.16580236,-0.48478436,1.7828102,-0.7286095,2.3455698
327,2026-05-11 16:15:51.755664,-0.112201676,-0.16580236,-0.48478436,1.7828102,-0.7286095,2.3455698
328,2026-05-11 16:15:51.758406,-0.112201676,-0.16580236,-0.48478436,1.7828102,-0.7286095,2.3455698
329,2026-05-11 16:15:51.760994,-0.112201676,-0.16580236,-0.48478436,1.7828102,-0.7286095,2.3455698
330,2026-05-11 16:15:51.763678,-0.112201676,-0.16580236,-0.48478436,1.7828102,-0.7286095,2.3455698
331,2026-05-11 16:15:51.766590,-0.112201676,-0.16580236,-0.48478436,1.7828102,-0.7286095,2.3455698
332,2026-05-11 16:15:51.769269,-0.112201676,-0.16580236,-0.48478436,1.7828102,-0.7286095,2.3455698
333,2026-05-11 16:15:51.771988,-0.112201676,-0.16580236,-0.48478436,1.7828102,-0.7286095,2.3455698
334,2026-05-11 16:15:51.774565,-0.112201676,-0.16580236,-0.48478436,1.7828102,-0.7286095,2.3455698
335,2026-05-11 16:15:51.777123,-0.112201676,-0.16580236,-0.48478436,1.7828102,-0.7286095,2.3455698
336,2026-05-11 16:15:51.779700,-0.112201676,-0.16580236,-0.48478436,1.7828102,-0.7286095,2.3455698
337,2026-05-11 16:15:51.782781,-0.112201676,-0.16580236,-0.48478436,1.7828102,-0.7286095,2.3455698
338,2026-05-11 16:15:51.785698,-0.112201676,-0.16580236,-0.48478436,1.7828102,-0.7286095,2.3455698
339,2026-05-11 16:15:51.788306,-0.112201676,-0.16580236,-0.48478436,1.7828102,-0.7286095,2.3455698
340,2026-05-11 16:15:51.790908,-0.112201676,-0.16580236,-0.48478436,1.7828102,-0.7286095,2.3455698
341,2026-05-11 16:15:51.814807,0.47203976,-0.56454515,0.40984097,5.979149,1.0538952,-4.3563857
342,2026-05-11 16:15:51.821982,0.47203976,-0.56454515,0.40984097,5.979149,1.0538952,-4.3563857
343,2026-05-11 16:15:51.830948,0.47203976,-0.56454515,0.40984097,5.979149,1.0538952,-4.3563857
344,2026-05-11 16:15:51.834201,0.47203976,-0.56454515,0.40984097,5.979149,1.0538952,-4.3563857
345,2026-05-11 16:15:51.836938,0.47203976,-0.56454515,0.40984097,5.979149,1.0538952,-4.3563857
346,2026-05-11 16:15:51.839718,0.47203976,-0.56454515,0.40984097,5.979149,1.0538952,-4.3563857
347,2026-05-11 16:15:51.842421,0.47203976,-0.56454515,0.40984097,5.979149,1.0538952,-4.3563857
348,2026-05-11 16:15:51.845154,0.47203976,-0.56454515,0.40984097,5.979149,1.0538952,-4.3563857
349,2026-05-11 16:15:51.847787,0.47203976,-0.56454515,0.40984097,5.979149,1.0538952,-4.3563857
350,2026-05-11 16:15:51.851057,0.47203976,-0.56454515,0.40984097,5.979149,1.0538952,-4.3563857
351,2026-05-11 16:15:51.853773,0.47203976,-0.56454515,0.40984097,5.979149,1.0538952,-4.3563857
352,2026-05-11 16:15:51.856582,0.47203976,-0.56454515,0.40984097,5.979149,1.0538952,-4.3563857
353,2026-05-11 16:15:51.859292,0.43654984,-0.6656486,0.13921544,6.1482058,0.2134974,-4.1512876
354,2026-05-11 16:15:51.862130,0.43654984,-0.6656486,0.13921544,6.1482058,0.2134974,-4.1512876
355,2026-05-11 16:15:51.864926,0.43654984,-0.6656486,0.13921544,6.1482058,0.2134974,-4.1512876
356,2026-05-11 16:15:51.867977,0.43654984,-0.6656486,0.13921544,6.1482058,0.2134974,-4.1512876
357,2026-05-11 16:15:51.870739,0.43654984,-0.6656486,0.13921544,6.1482058,0.2134974,-4.1512876
358,2026-05-11 16:15:51.873302,0.43654984,-0.6656486,0.13921544,6.1482058,0.2134974,-4.1512876
359,2026-05-11 16:15:51.876115,0.43654984,-0.6656486,0.13921544,6.1482058,0.2134974,-4.1512876
360,2026-05-11 16:15:51.878918,0.34636167,-0.69882125,-0.09439575,6.023742,-0.49678615,-4.0811906
361,2026-05-11 16:15:51.881660,0.34636167,-0.69882125,-0.09439575,6.023742,-0.49678615,-4.0811906
362,2026-05-11 16:15:51.884722,0.34636167,-0.69882125,-0.09439575,6.023742,-0.49678615,-4.0811906
363,2026-05-11 16:15:51.887528,0.34636167,-0.69882125,-0.09439575,6.023742,-0.49678615,-4.0811906
364,2026-05-11 16:15:51.890136,0.34636167,-0.69882125,-0.09439575,6.023742,-0.49678615,-4.0811906
365,2026-05-11 16:15:51.892721,0.34636167,-0.69882125,-0.09439575,6.023742,-0.49678615,-4.0811906
366,2026-05-11 16:15:51.895495,0.34636167,-0.69882125,-0.09439575,6.023742,-0.49678615,-4.0811906
367,2026-05-11 16:15:51.898105,0.34636167,-0.69882125,-0.09439575,6.023742,-0.49678615,-4.0811906
368,2026-05-11 16:15:51.901287,0.34636167,-0.69882125,-0.09439575,6.023742,-0.49678615,-4.0811906
369,2026-05-11 16:15:51.904030,0.34636167,-0.69882125,-0.09439575,6.023742,-0.49678615,-4.0811906
370,2026-05-11 16:15:51.906847,0.25891754,-0.7027849,-0.26032007,6.023742,-0.49678615,-4.0811906
371,2026-05-11 16:15:51.909542,0.25891754,-0.7027849,-0.26032007,6.023742,-0.49678615,-4.0811906
372,2026-05-11 16:15:51.912267,0.25891754,-0.7027849,-0.26032007,6.023742,-0.49678615,-4.0811906
373,2026-05-11 16:15:51.915022,0.25891754,-0.7027849,-0.26032007,6.023742,-0.49678615,-4.0811906
374,2026-05-11 16:15:51.918180,0.25891754,-0.7027849,-0.26032007,6.023742,-0.49678615,-4.0811906
375,2026-05-11 16:15:51.920820,0.25891754,-0.7027849,-0.26032007,6.023742,-0.49678615,-4.0811906
376,2026-05-11 16:15:51.923583,0.25891754,-0.7027849,-0.26032007,6.023742,-0.49678615,-4.0811906
377,2026-05-11 16:15:51.926180,0.25891754,-0.7027849,-0.26032007,6.023742,-0.49678615,-4.0811906
378,2026-05-11 16:15:51.928955,0.25891754,-0.7027849,-0.26032007,6.023742,-0.49678615,-4.0811906
379,2026-05-11 16:15:51.931581,0.25891754,-0.7027849,-0.26032007,6.023742,-0.49678615,-4.0811906
380,2026-05-11 16:15:51.934670,0.25891754,-0.7027849,-0.26032007,6.023742,-0.49678615,-4.0811906
381,2026-05-11 16:15:51.937353,0.25891754,-0.7027849,-0.26032007,6.023742,-0.49678615,-4.0811906
382,2026-05-11 16:15:51.939917,0.25891754,-0.7027849,-0.26032007,6.023742,-0.49678615,-4.0811906
383,2026-05-11 16:15:51.942478,0.25891754,-0.7027849,-0.26032007,6.023742,-0.49678615,-4.0811906
384,2026-05-11 16:15:51.945210,0.25891754,-0.7027849,-0.26032007,6.023742,-0.49678615,-4.0811906
385,2026-05-11 16:15:51.947779,0.25891754,-0.7027849,-0.26032007,6.023742,-0.49678615,-4.0811906
386,2026-05-11 16:15:51.950923,0.25891754,-0.7027849,-0.26032007,6.023742,-0.49678615,-4.0811906
387,2026-05-11 16:15:51.953695,0.25891754,-0.7027849,-0.26032007,6.023742,-0.49678615,-4.0811906
388,2026-05-11 16:15:51.956284,0.25891754,-0.7027849,-0.26032007,6.023742,-0.49678615,-4.0811906
389,2026-05-11 16:15:51.958980,0.25891754,-0.7027849,-0.26032007,6.023742,-0.49678615,-4.0811906
390,2026-05-11 16:15:51.961593,0.25891754,-0.7027849,-0.26032007,5.628665,-1.1079569,-3.9495492
391,2026-05-11 16:15:51.964221,0.25891754,-0.7027849,-0.26032007,5.628665,-1.1079569,-3.9495492
392,2026-05-11 16:15:51.967062,0.25891754,-0.7027849,-0.26032007,5.628665,-1.1079569,-3.9495492
393,2026-05-11 16:15:51.970327,0.25891754,-0.7027849,-0.26032007,5.628665,-1.1079569,-3.9495492
394,2026-05-11 16:15:51.973107,0.25891754,-0.7027849,-0.26032007,5.628665,-1.1079569,-3.9495492
395,2026-05-11 16:15:51.975888,0.25891754,-0.7027849,-0.26032007,5.628665,-1.1079569,-3.9495492
396,2026-05-11 16:15:51.978588,0.25891754,-0.7027849,-0.26032007,5.628665,-1.1079569,-3.9495492
397,2026-05-11 16:15:51.981283,0.25891754,-0.7027849,-0.26032007,5.628665,-1.1079569,-3.9495492
398,2026-05-11 16:15:51.984136,0.25891754,-0.7027849,-0.26032007,5.628665,-1.1079569,-3.9495492
399,2026-05-11 16:15:51.987520,0.25891754,-0.7027849,-0.26032007,5.628665,-1.1079569,-3.9495492
400,2026-05-11 16:15:51.990287,0.25891754,-0.7027849,-0.26032007,5.628665,-1.1079569,-3.9495492
401,2026-05-11 16:15:51.992956,0.25891754,-0.7027849,-0.26032007,5.628665,-1.1079569,-3.9495492
402,2026-05-11 16:15:51.995537,0.25891754,-0.7027849,-0.26032007,5.628665,-1.1079569,-3.9495492
403,2026-05-11 16:15:51.998291,0.25891754,-0.7027849,-0.26032007,5.628665,-1.1079569,-3.9495492
404,2026-05-11 16:15:52.001364,0.25891754,-0.7027849,-0.26032007,5.628665,-1.1079569,-3.9495492
405,2026-05-11 16:15:52.004075,0.25891754,-0.7027849,-0.26032007,5.628665,-1.1079569,-3.9495492
406,2026-05-11 16:15:52.006654,0.25891754,-0.7027849,-0.26032007,5.628665,-1.1079569,-3.9495492
407,2026-05-11 16:15:52.009276,0.25891754,-0.7027849,-0.26032007,5.628665,-1.1079569,-3.9495492
408,2026-05-11 16:15:52.011846,0.25891754,-0.7027849,-0.26032007,5.628665,-1.1079569,-3.9495492
409,2026-05-11 16:15:52.014411,0.25891754,-0.7027849,-0.26032007,5.628665,-1.1079569,-3.9495492
410,2026-05-11 16:15:52.017400,0.25891754,-0.7027849,-0.26032007,5.628665,-1.1079569,-3.9495492
411,2026-05-11 16:15:52.020199,0.25891754,-0.7027849,-0.26032007,5.628665,-1.1079569,-3.9495492
412,2026-05-11 16:15:52.022999,0.23172083,-0.6895524,-0.32270175,5.628665,-1.1079569,-3.9495492
413,2026-05-11 16:15:52.025677,0.23172083,-0.6895524,-0.32270175,5.628665,-1.1079569,-3.9495492
414,2026-05-11 16:15:52.028338,0.23172083,-0.6895524,-0.32270175,5.628665,-1.1079569,-3.9495492
415,2026-05-11 16:15:52.031288,0.23172083,-0.6895524,-0.32270175,5.628665,-1.1079569,-3.9495492
416,2026-05-11 16:15:52.034279,0.23172083,-0.6895524,-0.32270175,5.628665,-1.1079569,-3.9495492
417,2026-05-11 16:15:52.036865,0.23172083,-0.6895524,-0.32270175,5.628665,-1.1079569,-3.9495492
418,2026-05-11 16:15:52.039672,0.23172083,-0.6895524,-0.32270175,5.628665,-1.1079569,-3.9495492
419,2026-05-11 16:15:52.042284,0.23172083,-0.6895524,-0.32270175,5.628665,-1.1079569,-3.9495492
420,2026-05-11 16:15:52.044948,0.23172083,-0.6895524,-0.32270175,5.628665,-1.1079569,-3.9495492
421,2026-05-11 16:15:52.047514,0.23172083,-0.6895524,-0.32270175,5.628665,-1.1079569,-3.9495492
422,2026-05-11 16:15:52.050457,0.23172083,-0.6895524,-0.32270175,5.628665,-1.1079569,-3.9495492
423,2026-05-11 16:15:52.053095,0.23172083,-0.6895524,-0.32270175,5.628665,-1.1079569,-3.9495492
424,2026-05-11 16:15:52.055659,0.23172083,-0.6895524,-0.32270175,5.628665,-1.1079569,-3.9495492
425,2026-05-11 16:15:52.058348,0.23172083,-0.6895524,-0.32270175,5.628665,-1.1079569,-3.9495492
426,2026-05-11 16:15:52.060925,0.23172083,-0.6895524,-0.32270175,5.628665,-1.1079569,-3.9495492
427,2026-05-11 16:15:52.063517,0.23172083,-0.6895524,-0.32270175,5.628665,-1.1079569,-3.9495492
428,2026-05-11 16:15:52.066649,0.23172083,-0.6895524,-0.32270175,5.628665,-1.1079569,-3.9495492
429,2026-05-11 16:15:52.069541,0.23172083,-0.6895524,-0.32270175,5.628665,-1.1079569,-3.9495492
430,2026-05-11 16:15:52.072211,0.23172083,-0.6895524,-0.32270175,5.628665,-1.1079569,-3.9495492
431,2026-05-11 16:15:52.074862,0.23172083,-0.6895524,-0.32270175,5.628665,-1.1079569,-3.9495492
432,2026-05-11 16:15:52.077500,0.23172083,-0.6895524,-0.32270175,5.628665,-1.1079569,-3.9495492
433,2026-05-11 16:15:52.080060,0.23172083,-0.6895524,-0.32270175,5.628665,-1.1079569,-3.9495492
434,2026-05-11 16:15:52.083343,0.23172083,-0.6895524,-0.32270175,5.628665,-1.1079569,-3.9495492
435,2026-05-11 16:15:52.086060,0.23172083,-0.6895524,-0.32270175,5.628665,-1.1079569,-3.9495492
436,2026-05-11 16:15:52.088793,0.23172083,-0.6895524,-0.32270175,5.628665,-1.1079569,-3.9495492
437,2026-05-11 16:15:52.091411,0.23172083,-0.6895524,-0.32270175,5.628665,-1.1079569,-3.9495492
438,2026-05-11 16:15:52.094003,0.23172083,-0.6895524,-0.32270175,5.628665,-1.1079569,-3.9495492
439,2026-05-11 16:15:52.096662,0.23172083,-0.6895524,-0.32270175,5.628665,-1.1079569,-3.9495492
440,2026-05-11 16:15:52.099594,0.23172083,-0.6895524,-0.32270175,5.628665,-1.1079569,-3.9495492
441,2026-05-11 16:15:52.102415,0.23172083,-0.6895524,-0.32270175,5.628665,-1.1079569,-3.9495492
442,2026-05-11 16:15:52.105161,0.23172083,-0.6895524,-0.32270175,5.628665,-1.1079569,-3.9495492
443,2026-05-11 16:15:52.107945,0.23172083,-0.6895524,-0.32270175,5.628665,-1.1079569,-3.9495492
444,2026-05-11 16:15:52.110675,0.23172083,-0.6895524,-0.32270175,5.628665,-1.1079569,-3.9495492
445,2026-05-11 16:15:52.113339,0.23172083,-0.6895524,-0.32270175,5.1286716,-1.4077389,-3.808592
446,2026-05-11 16:15:52.116336,0.23172083,-0.6895524,-0.32270175,5.1286716,-1.4077389,-3.808592
447,2026-05-11 16:15:52.119077,0.23172083,-0.6895524,-0.32270175,5.1286716,-1.4077389,-3.808592
448,2026-05-11 16:15:52.121818,0.23172083,-0.6895524,-0.32270175,5.1286716,-1.4077389,-3.808592
449,2026-05-11 16:15:52.124403,0.23172083,-0.6895524,-0.32270175,5.1286716,-1.4077389,-3.808592
450,2026-05-11 16:15:52.127306,0.23172083,-0.6895524,-0.32270175,5.1286716,-1.4077389,-3.808592
451,2026-05-11 16:15:52.129987,0.23172083,-0.6895524,-0.32270175,5.1286716,-1.4077389,-3.808592
452,2026-05-11 16:15:52.133048,0.23172083,-0.6895524,-0.32270175,5.1286716,-1.4077389,-3.808592
453,2026-05-11 16:15:52.135865,0.43301308,-0.6384519,-0.4376475,4.8372893,-1.5016595,-3.7465892
454,2026-05-11 16:15:52.138517,0.43301308,-0.6384519,-0.4376475,4.8372893,-1.5016595,-3.7465892
455,2026-05-11 16:15:52.141060,0.43301308,-0.6384519,-0.4376475,4.8372893,-1.5016595,-3.7465892
456,2026-05-11 16:15:52.143773,0.43301308,-0.6384519,-0.4376475,4.8372893,-1.5016595,-3.7465892
457,2026-05-11 16:15:52.146479,0.43301308,-0.6384519,-0.4376475,4.8372893,-1.5016595,-3.7465892
458,2026-05-11 16:15:52.149567,0.43301308,-0.6384519,-0.4376475,4.8372893,-1.5016595,-3.7465892
459,2026-05-11 16:15:52.152489,0.43301308,-0.6384519,-0.4376475,4.8372893,-1.5016595,-3.7465892
460,2026-05-11 16:15:52.155109,0.43301308,-0.6384519,-0.4376475,4.8372893,-1.5016595,-3.7465892
461,2026-05-11 16:15:52.157841,0.43301308,-0.6384519,-0.4376475,4.8372893,-1.5016595,-3.7465892
462,2026-05-11 16:15:52.160627,0.43301308,-0.6384519,-0.4376475,4.8372893,-1.5016595,-3.7465892
463,2026-05-11 16:15:52.163215,0.43301308,-0.6384519,-0.4376475,4.8372893,-1.5016595,-3.7465892
464,2026-05-11 16:15:52.166088,0.43301308,-0.6384519,-0.4376475,4.8372893,-1.5016595,-3.7465892
465,2026-05-11 16:15:52.168947,0.43301308,-0.6384519,-0.4376475,4.8372893,-1.5016595,-3.7465892
466,2026-05-11 16:15:52.171566,0.43301308,-0.6384519,-0.4376475,4.8372893,-1.5016595,-3.7465892
467,2026-05-11 16:15:52.174203,0.43301308,-0.6384519,-0.4376475,4.8372893,-1.5016595,-3.7465892
468,2026-05-11 16:15:52.176832,0.43301308,-0.6384519,-0.4376475,4.8372893,-1.5016595,-3.7465892
469,2026-05-11 16:15:52.179547,0.43301308,-0.6384519,-0.4376475,4.8372893,-1.5016595,-3.7465892
470,2026-05-11 16:15:52.182577,0.43301308,-0.6384519,-0.4376475,3.647171,-1.4601207,-3.9037344
471,2026-05-11 16:15:52.185595,0.43301308,-0.6384519,-0.4376475,3.647171,-1.4601207,-3.9037344
472,2026-05-11 16:15:52.188283,0.43301308,-0.6384519,-0.4376475,3.647171,-1.4601207,-3.9037344
473,2026-05-11 16:15:52.191040,0.43301308,-0.6384519,-0.4376475,3.647171,-1.4601207,-3.9037344
474,2026-05-11 16:15:52.193612,0.43301308,-0.6384519,-0.4376475,3.647171,-1.4601207,-3.9037344
475,2026-05-11 16:15:52.196284,0.43301308,-0.6384519,-0.4376475,3.647171,-1.4601207,-3.9037344
476,2026-05-11 16:15:52.199183,0.20208496,-0.79370487,-0.15269183,3.647171,-1.4601207,-3.9037344
477,2026-05-11 16:15:52.202147,0.20208496,-0.79370487,-0.15269183,3.647171,-1.4601207,-3.9037344
478,2026-05-11 16:15:52.204703,0.20208496,-0.79370487,-0.15269183,3.647171,-1.4601207,-3.9037344
479,2026-05-11 16:15:52.207490,0.20208496,-0.79370487,-0.15269183,3.647171,-1.4601207,-3.9037344
480,2026-05-11 16:15:52.210117,0.20208496,-0.79370487,-0.15269183,3.647171,-1.4601207,-3.9037344
481,2026-05-11 16:15:52.212670,0.20208496,-0.79370487,-0.15269183,3.647171,-1.4601207,-3.9037344
482,2026-05-11 16:15:52.216064,0.20208496,-0.79370487,-0.15269183,3.647171,-1.4601207,-3.9037344
483,2026-05-11 16:15:52.218864,0.20208496,-0.79370487,-0.15269183,3.647171,-1.4601207,-3.9037344
484,2026-05-11 16:15:52.221637,0.20208496,-0.79370487,-0.15269183,3.647171,-1.4601207,-3.9037344
485,2026-05-11 16:15:52.224237,0.20208496,-0.79370487,-0.15269183,3.647171,-1.4601207,-3.9037344
486,2026-05-11 16:15:52.226985,0.20208496,-0.79370487,-0.15269183,3.647171,-1.4601207,-3.9037344
487,2026-05-11 16:15:52.229551,0.20208496,-0.79370487,-0.15269183,3.647171,-1.4601207,-3.9037344
488,2026-05-11 16:15:52.232433,0.20208496,-0.79370487,-0.15269183,3.647171,-1.4601207,-3.9037344
489,2026-05-11 16:15:52.235399,0.20208496,-0.79370487,-0.15269183,3.647171,-1.4601207,-3.9037344
490,2026-05-11 16:15:52.238015,0.20208496,-0.79370487,-0.15269183,3.647171,-1.4601207,-3.9037344
491,2026-05-11 16:15:52.240781,0.20208496,-0.79370487,-0.15269183,3.647171,-1.4601207,-3.9037344
492,2026-05-11 16:15:52.243387,0.20208496,-0.79370487,-0.15269183,3.647171,-1.4601207,-3.9037344
493,2026-05-11 16:15:52.246036,0.20208496,-0.79370487,-0.15269183,3.647171,-1.4601207,-3.9037344
494,2026-05-11 16:15:52.248772,0.20208496,-0.79370487,-0.15269183,3.647171,-1.4601207,-3.9037344
495,2026-05-11 16:15:52.251958,0.20208496,-0.79370487,-0.15269183,3.647171,-1.4601207,-3.9037344
496,2026-05-11 16:15:52.254563,0.20208496,-0.79370487,-0.15269183,3.647171,-1.4601207,-3.9037344
497,2026-05-11 16:15:52.257321,0.20208496,-0.79370487,-0.15269183,3.647171,-1.4601207,-3.9037344
498,2026-05-11 16:15:52.260010,0.20208496,-0.79370487,-0.15269183,3.647171,-1.4601207,-3.9037344
499,2026-05-11 16:15:52.262688,0.20208496,-0.79370487,-0.15269183,3.647171,-1.4601207,-3.9037344
500,2026-05-11 16:15:52.265783,0.20208496,-0.79370487,-0.15269183,3.647171,-1.4601207,-3.9037344
501,2026-05-11 16:15:52.268613,0.20208496,-0.79370487,-0.15269183,3.647171,-1.4601207,-3.9037344
502,2026-05-11 16:15:52.271180,0.20208496,-0.79370487,-0.15269183,3.647171,-1.4601207,-3.9037344
503,2026-05-11 16:15:52.273911,0.20208496,-0.79370487,-0.15269183,3.647171,-1.4601207,-3.9037344
504,2026-05-11 16:15:52.276531,0.20208496,-0.79370487,-0.15269183,3.647171,-1.4601207,-3.9037344
505,2026-05-11 16:15:52.279114,0.20208496,-0.79370487,-0.15269183,3.647171,-1.4601207,-3.9037344
506,2026-05-11 16:15:52.282344,0.20208496,-0.79370487,-0.15269183,3.647171,-1.4601207,-3.9037344
507,2026-05-11 16:15:52.285082,0.20208496,-0.79370487,-0.15269183,3.647171,-1.4601207,-3.9037344
508,2026-05-11 16:15:52.287782,0.20208496,-0.79370487,-0.15269183,3.647171,-1.4601207,-3.9037344
509,2026-05-11 16:15:52.290391,0.20208496,-0.79370487,-0.15269183,3.647171,-1.4601207,-3.9037344
510,2026-05-11 16:15:52.292986,0.20208496,-0.79370487,-0.15269183,3.647171,-1.4601207,-3.9037344
511,2026-05-11 16:15:52.295690,0.20208496,-0.79370487,-0.15269183,3.647171,-1.4601207,-3.9037344
512,2026-05-11 16:15:52.298283,0.20208496,-0.79370487,-0.15269183,3.647171,-1.4601207,-3.9037344
513,2026-05-11 16:15:52.301495,0.20208496,-0.79370487,-0.15269183,3.647171,-1.4601207,-3.9037344
514,2026-05-11 16:15:52.304363,0.040307228,-0.7941317,-0.021891521,2.1818578,0.4447099,-3.335935
515,2026-05-11 16:15:52.306976,0.040307228,-0.7941317,-0.021891521,2.1818578,0.4447099,-3.335935
516,2026-05-11 16:15:52.309646,-0.10817704,-0.83236563,0.029513916,2.1818578,0.4447099,-3.335935
517,2026-05-11 16:15:52.312292,-0.10817704,-0.83236563,0.029513916,2.1818578,0.4447099,-3.335935
518,2026-05-11 16:15:52.315040,-0.10817704,-0.83236563,0.029513916,2.1818578,0.4447099,-3.335935
519,2026-05-11 16:15:52.318372,-0.10817704,-0.83236563,0.029513916,2.1818578,0.4447099,-3.335935
520,2026-05-11 16:15:52.321044,-0.10817704,-0.83236563,0.029513916,2.1818578,0.4447099,-3.335935
521,2026-05-11 16:15:52.323786,-0.10817704,-0.83236563,0.029513916,2.1818578,0.4447099,-3.335935
522,2026-05-11 16:15:52.326532,-0.10817704,-0.83236563,0.029513916,2.1818578,0.4447099,-3.335935
523,2026-05-11 16:15:52.329243,-0.10817704,-0.83236563,0.029513916,2.1818578,0.4447099,-3.335935
524,2026-05-11 16:15:52.332446,-0.10817704,-0.83236563,0.029513916,2.1818578,0.4447099,-3.335935
525,2026-05-11 16:15:52.335367,-0.10817704,-0.83236563,0.029513916,2.1818578,0.4447099,-3.335935
526,2026-05-11 16:15:52.338151,-0.10817704,-0.83236563,0.029513916,1.9259053,0.8906415,-3.1624494
527,2026-05-11 16:15:52.340905,-0.10817704,-0.83236563,0.029513916,1.9259053,0.8906415,-3.1624494
528,2026-05-11 16:15:52.343537,-0.10817704,-0.83236563,0.029513916,1.9259053,0.8906415,-3.1624494
529,2026-05-11 16:15:52.346240,-0.10817704,-0.83236563,0.029513916,1.9259053,0.8906415,-3.1624494
530,2026-05-11 16:15:52.349298,-0.10817704,-0.83236563,0.029513916,1.9259053,0.8906415,-3.1624494
531,2026-05-11 16:15:52.352146,-0.10817704,-0.83236563,0.029513916,1.9259053,0.8906415,-3.1624494
532,2026-05-11 16:15:52.354752,-0.10817704,-0.83236563,0.029513916,1.9259053,0.8906415,-3.1624494
533,2026-05-11 16:15:52.357498,-0.10817704,-0.83236563,0.029513916,1.9259053,0.8906415,-3.1624494
534,2026-05-11 16:15:52.360127,-0.10817704,-0.83236563,0.029513916,1.9259053,0.8906415,-3.1624494
535,2026-05-11 16:15:52.362842,-0.10817704,-0.83236563,0.029513916,1.9259053,0.8906415,-3.1624494
536,2026-05-11 16:15:52.365734,-0.3228847,-0.8327925,0.053478733,1.9259053,0.8906415,-3.1624494
537,2026-05-11 16:15:52.368620,-0.3228847,-0.8327925,0.053478733,1.9259053,0.8906415,-3.1624494
538,2026-05-11 16:15:52.371283,-0.3228847,-0.8327925,0.053478733,1.9259053,0.8906415,-3.1624494
539,2026-05-11 16:15:52.374064,-0.3228847,-0.8327925,0.053478733,1.9259053,0.8906415,-3.1624494
540,2026-05-11 16:15:52.376766,-0.3228847,-0.8327925,0.053478733,1.9259053,0.8906415,-3.1624494
541,2026-05-11 16:15:52.379349,-0.3228847,-0.8327925,0.053478733,1.9259053,0.8906415,-3.1624494
542,2026-05-11 16:15:52.382338,-0.3228847,-0.8327925,0.053478733,1.9259053,0.8906415,-3.1624494
543,2026-05-11 16:15:52.385016,-0.3228847,-0.8327925,0.053478733,1.9259053,0.8906415,-3.1624494
544,2026-05-11 16:15:52.387774,-0.3228847,-0.8327925,0.053478733,1.9259053,0.8906415,-3.1624494
545,2026-05-11 16:15:52.390385,-0.3228847,-0.8327925,0.053478733,1.9259053,0.8906415,-3.1624494
546,2026-05-11 16:15:52.392933,-0.3228847,-0.8327925,0.053478733,1.9259053,0.8906415,-3.1624494
547,2026-05-11 16:15:52.395725,-0.3228847,-0.8327925,0.053478733,1.9259053,0.8906415,-3.1624494
548,2026-05-11 16:15:52.398344,-0.3228847,-0.8327925,0.053478733,1.9259053,0.8906415,-3.1624494
549,2026-05-11 16:15:52.401631,-0.3228847,-0.8327925,0.053478733,1.9259053,0.8906415,-3.1624494
550,2026-05-11 16:15:52.404447,-0.3228847,-0.8327925,0.053478733,1.9259053,0.8906415,-3.1624494
551,2026-05-11 16:15:52.407040,-0.3228847,-0.8327925,0.053478733,1.9259053,0.8906415,-3.1624494
552,2026-05-11 16:15:52.409643,-0.3228847,-0.8327925,0.053478733,1.9259053,0.8906415,-3.1624494
553,2026-05-11 16:15:52.412396,-0.3228847,-0.8327925,0.053478733,1.9259053,0.8906415,-3.1624494
554,2026-05-11 16:15:52.415019,-0.3228847,-0.8327925,0.053478733,1.9259053,0.8906415,-3.1624494
555,2026-05-11 16:15:52.418538,-0.3228847,-0.8327925,0.053478733,1.9259053,0.8906415,-3.1624494
556,2026-05-11 16:15:52.421482,-0.3228847,-0.8327925,0.053478733,1.9259053,0.8906415,-3.1624494
557,2026-05-11 16:15:52.424305,-0.3228847,-0.8327925,0.053478733,1.6723963,1.3712398,-2.676048
558,2026-05-11 16:15:52.426960,-0.3228847,-0.8327925,0.053478733,1.6723963,1.3712398,-2.676048
559,2026-05-11 16:15:52.429587,-0.3228847,-0.8327925,0.053478733,1.6723963,1.3712398,-2.676048
560,2026-05-11 16:15:52.432501,-0.3228847,-0.8327925,0.053478733,1.6723963,1.3712398,-2.676048
561,2026-05-11 16:15:52.436009,-0.3228847,-0.8327925,0.053478733,1.6723963,1.3712398,-2.676048
562,2026-05-11 16:15:52.438975,-0.3228847,-0.8327925,0.053478733,1.6723963,1.3712398,-2.676048
563,2026-05-11 16:15:52.441685,-0.3228847,-0.8327925,0.053478733,1.6723963,1.3712398,-2.676048
564,2026-05-11 16:15:52.444427,-0.3228847,-0.8327925,0.053478733,1.6723963,1.3712398,-2.676048
565,2026-05-11 16:15:52.447161,-0.3228847,-0.8327925,0.053478733,1.6723963,1.3712398,-2.676048
566,2026-05-11 16:15:52.450126,-0.3228847,-0.8327925,0.053478733,1.6723963,1.3712398,-2.676048
567,2026-05-11 16:15:52.452959,-0.62893915,-0.8823075,0.08866371,1.6723963,1.3712398,-2.676048
568,2026-05-11 16:15:52.455785,-0.62893915,-0.8823075,0.08866371,1.6723963,1.3712398,-2.676048
569,2026-05-11 16:15:52.458409,-0.62893915,-0.8823075,0.08866371,1.6723963,1.3712398,-2.676048
570,2026-05-11 16:15:52.461109,-0.62893915,-0.8823075,0.08866371,1.6723963,1.3712398,-2.676048
571,2026-05-11 16:15:52.463693,-0.62893915,-0.8823075,0.08866371,1.6723963,1.3712398,-2.676048
572,2026-05-11 16:15:52.466828,-0.62893915,-0.8823075,0.08866371,1.6723963,1.3712398,-2.676048
573,2026-05-11 16:15:52.469550,-0.62893915,-0.8823075,0.08866371,1.6723963,1.3712398,-2.676048
574,2026-05-11 16:15:52.472324,-0.62893915,-0.8823075,0.08866371,1.6723963,1.3712398,-2.676048
575,2026-05-11 16:15:52.475000,-0.62893915,-0.8823075,0.08866371,1.6723963,1.3712398,-2.676048
576,2026-05-11 16:15:52.477751,-0.62893915,-0.8823075,0.08866371,1.6723963,1.3712398,-2.676048
577,2026-05-11 16:15:52.480331,-0.62893915,-0.8823075,0.08866371,1.6723963,1.3712398,-2.676048
578,2026-05-11 16:15:52.483428,-0.62893915,-0.8823075,0.08866371,1.6723963,1.3712398,-2.676048
579,2026-05-11 16:15:52.486250,-0.62893915,-0.8823075,0.08866371,1.6174184,1.4608842,-2.3742805
580,2026-05-11 16:15:52.489016,-0.62893915,-0.8823075,0.08866371,1.6174184,1.4608842,-2.3742805
581,2026-05-11 16:15:52.491619,-0.62893915,-0.8823075,0.08866371,1.6174184,1.4608842,-2.3742805
582,2026-05-11 16:15:52.494281,-0.62893915,-0.8823075,0.08866371,1.6174184,1.4608842,-2.3742805
583,2026-05-11 16:15:52.496891,-1.0078636,-0.9231027,0.017379062,1.6174184,1.4608842,-2.3742805
584,2026-05-11 16:15:52.499905,-1.0078636,-0.9231027,0.017379062,1.6174184,1.4608842,-2.3742805
585,2026-05-11 16:15:52.502644,-1.0078636,-0.9231027,0.017379062,1.6174184,1.4608842,-2.3742805
586,2026-05-11 16:15:52.505465,-1.0078636,-0.9231027,0.017379062,1.6174184,1.4608842,-2.3742805
587,2026-05-11 16:15:52.508153,-1.0078636,-0.9231027,0.017379062,1.6174184,1.4608842,-2.3742805
588,2026-05-11 16:15:52.510946,-1.0078636,-0.9231027,0.017379062,1.6174184,1.4608842,-2.3742805
589,2026-05-11 16:15:52.513821,-1.0078636,-0.9231027,0.017379062,1.4442382,1.4892895,-1.6302466
590,2026-05-11 16:15:52.516754,-1.0078636,-0.9231027,0.017379062,1.4442382,1.4892895,-1.6302466
591,2026-05-11 16:15:52.519400,-1.0078636,-0.9231027,0.017379062,1.4442382,1.4892895,-1.6302466
592,2026-05-11 16:15:52.522310,-1.0078636,-0.9231027,0.017379062,1.4442382,1.4892895,-1.6302466
593,2026-05-11 16:15:52.525125,-1.0078636,-0.9231027,0.017379062,1.4442382,1.4892895,-1.6302466
594,2026-05-11 16:15:52.527782,-1.0078636,-0.9231027,0.017379062,1.4442382,1.4892895,-1.6302466
595,2026-05-11 16:15:52.530556,-1.0078636,-0.9231027,0.017379062,1.4442382,1.4892895,-1.6302466
596,2026-05-11 16:15:52.533629,-1.0078636,-0.9231027,0.017379062,1.4442382,1.4892895,-1.6302466
597,2026-05-11 16:15:52.536399,-1.0078636,-0.9231027,0.017379062,1.4442382,1.4892895,-1.6302466
598,2026-05-11 16:15:52.539209,-1.0078636,-0.9231027,0.017379062,1.4442382,1.4892895,-1.6302466
599,2026-05-11 16:15:52.541898,-1.0078636,-0.9231027,0.017379062,1.4442382,1.4892895,-1.6302466
600,2026-05-11 16:15:52.544666,-1.1990334,-0.9355424,-0.034026377,1.4442382,1.4892895,-1.6302466
601,2026-05-11 16:15:52.547388,-1.1990334,-0.9355424,-0.034026377,1.2064588,1.4446963,-0.7874053
602,2026-05-11 16:15:52.550329,-1.1990334,-0.9355424,-0.034026377,1.2064588,1.4446963,-0.7874053
603,2026-05-11 16:15:52.552956,-1.1990334,-0.9355424,-0.034026377,1.2064588,1.4446963,-0.7874053
604,2026-05-11 16:15:52.555713,-1.1990334,-0.9355424,-0.034026377,1.2064588,1.4446963,-0.7874053
605,2026-05-11 16:15:52.558329,-1.1990334,-0.9355424,-0.034026377,1.2064588,1.4446963,-0.7874053
606,2026-05-11 16:15:52.561047,-1.1990334,-0.9355424,-0.034026377,1.2064588,1.4446963,-0.7874053
607,2026-05-11 16:15:52.563653,-1.1990334,-0.9355424,-0.034026377,1.2064588,1.4446963,-0.7874053
608,2026-05-11 16:15:52.566634,-1.1990334,-0.9355424,-0.034026377,1.2064588,1.4446963,-0.7874053
609,2026-05-11 16:15:52.569306,-1.1990334,-0.9355424,-0.034026377,1.2064588,1.4446963,-0.7874053
610,2026-05-11 16:15:52.572296,-1.1990334,-0.9355424,-0.034026377,1.2064588,1.4446963,-0.7874053
611,2026-05-11 16:15:52.575059,-1.1990334,-0.9355424,-0.034026377,1.2064588,1.4446963,-0.7874053
612,2026-05-11 16:15:52.577761,-1.2785501,-0.9145046,-0.046466127,1.0172434,1.5048665,-0.20998493
613,2026-05-11 16:15:52.580414,-1.2785501,-0.9145046,-0.046466127,1.0172434,1.5048665,-0.20998493
614,2026-05-11 16:15:52.583608,-1.2785501,-0.9145046,-0.046466127,1.0172434,1.5048665,-0.20998493
615,2026-05-11 16:15:52.586339,-1.2917217,-0.87956345,-0.077077664,1.0172434,1.5048665,-0.20998493
616,2026-05-11 16:15:52.588942,-1.2917217,-0.87956345,-0.077077664,1.0172434,1.5048665,-0.20998493
617,2026-05-11 16:15:52.591518,-1.2917217,-0.87956345,-0.077077664,1.0172434,1.5048665,-0.20998493
618,2026-05-11 16:15:52.594223,-1.2917217,-0.87956345,-0.077077664,1.0172434,1.5048665,-0.20998493
619,2026-05-11 16:15:52.596801,-1.2917217,-0.87956345,-0.077077664,1.0172434,1.5048665,-0.20998493
620,2026-05-11 16:15:52.600364,-1.2917217,-0.87956345,-0.077077664,1.0172434,1.5048665,-0.20998493
621,2026-05-11 16:15:52.603075,-1.2917217,-0.87956345,-0.077077664,1.0172434,1.5048665,-0.20998493
622,2026-05-11 16:15:52.605648,-1.2917217,-0.87956345,-0.077077664,1.0172434,1.5048665,-0.20998493
623,2026-05-11 16:15:52.608461,-1.2917217,-0.87956345,-0.077077664,1.0172434,1.5048665,-0.20998493
624,2026-05-11 16:15:52.611105,-1.2917217,-0.87956345,-0.077077664,0.5213735,1.6751453,1.206917
625,2026-05-11 16:15:52.613878,-1.2917217,-0.87956345,-0.077077664,0.5213735,1.6751453,1.206917
626,2026-05-11 16:15:52.616866,-1.2917217,-0.87956345,-0.077077664,0.5213735,1.6751453,1.206917
627,2026-05-11 16:15:52.619691,-1.2917217,-0.87956345,-0.077077664,0.5213735,1.6751453,1.206917
628,2026-05-11 16:15:52.622491,-1.2917217,-0.87956345,-0.077077664,0.5213735,1.6751453,1.206917
629,2026-05-11 16:15:52.625109,-1.2917217,-0.87956345,-0.077077664,0.5213735,1.6751453,1.206917
630,2026-05-11 16:15:52.627888,-1.2917217,-0.87956345,-0.077077664,0.5213735,1.6751453,1.206917
631,2026-05-11 16:15:52.630548,-1.2917217,-0.87956345,-0.077077664,0.5213735,1.6751453,1.206917
632,2026-05-11 16:15:52.633733,-1.2917217,-0.87956345,-0.077077664,0.5213735,1.6751453,1.206917
633,2026-05-11 16:15:52.636552,-1.2917217,-0.87956345,-0.077077664,0.5213735,1.6751453,1.206917
634,2026-05-11 16:15:52.639316,-1.2917217,-0.87956345,-0.077077664,0.5213735,1.6751453,1.206917
635,2026-05-11 16:15:52.641904,-1.2917217,-0.87956345,-0.077077664,0.5213735,1.6751453,1.206917
636,2026-05-11 16:15:52.644644,-1.2917217,-0.87956345,-0.077077664,0.5213735,1.6751453,1.206917
637,2026-05-11 16:15:52.647240,-1.2917217,-0.87956345,-0.077077664,0.5213735,1.6751453,1.206917
638,2026-05-11 16:15:52.650506,-1.2917217,-0.87956345,-0.077077664,0.5213735,1.6751453,1.206917
639,2026-05-11 16:15:52.653202,-1.2917217,-0.87956345,-0.077077664,0.5213735,1.6751453,1.206917
640,2026-05-11 16:15:52.655838,-1.2917217,-0.87956345,-0.077077664,0.5213735,1.6751453,1.206917
641,2026-05-11 16:15:52.658404,-1.2917217,-0.87956345,-0.077077664,0.5213735,1.6751453,1.206917
642,2026-05-11 16:15:52.661029,-1.2917217,-0.87956345,-0.077077664,0.5213735,1.6751453,1.206917
643,2026-05-11 16:15:52.663588,-1.2917217,-0.87956345,-0.077077664,0.5213735,1.6751453,1.206917
644,2026-05-11 16:15:52.666727,-1.2917217,-0.87956345,-0.077077664,0.5213735,1.6751453,1.206917
645,2026-05-11 16:15:52.669607,-1.2917217,-0.87956345,-0.077077664,0.23915374,1.6539177,2.0694587
646,2026-05-11 16:15:52.672307,-1.2917217,-0.87956345,-0.077077664,0.23915374,1.6539177,2.0694587
647,2026-05-11 16:15:52.675135,-1.2282424,-0.8965767,-0.08128523,0.23915374,1.6539177,2.0694587
648,2026-05-11 16:15:52.677908,-1.2282424,-0.8965767,-0.08128523,0.23915374,1.6539177,2.0694587
649,2026-05-11 16:15:52.680730,-1.2282424,-0.8965767,-0.08128523,0.23915374,1.6539177,2.0694587
650,2026-05-11 16:15:52.683984,-1.2282424,-0.8965767,-0.08128523,0.23915374,1.6539177,2.0694587
651,2026-05-11 16:15:52.686705,-1.2282424,-0.8965767,-0.08128523,0.23915374,1.6539177,2.0694587
652,2026-05-11 16:15:52.689438,-1.2282424,-0.8965767,-0.08128523,0.23915374,1.6539177,2.0694587
653,2026-05-11 16:15:52.692145,-1.2282424,-0.8965767,-0.08128523,0.23915374,1.6539177,2.0694587
654,2026-05-11 16:15:52.694907,-1.2282424,-0.8965767,-0.08128523,0.23915374,1.6539177,2.0694587
655,2026-05-11 16:15:52.697706,-1.2282424,-0.8965767,-0.08128523,0.23915374,1.6539177,2.0694587
656,2026-05-11 16:15:52.700705,-1.2282424,-0.8965767,-0.08128523,0.23915374,1.6539177,2.0694587
657,2026-05-11 16:15:52.703476,-1.2282424,-0.8965767,-0.08128523,0.23915374,1.6539177,2.0694587
658,2026-05-11 16:15:52.706132,-1.2282424,-0.8965767,-0.08128523,0.23915374,1.6539177,2.0694587
659,2026-05-11 16:15:52.708705,-1.2282424,-0.8965767,-0.08128523,0.23915374,1.6539177,2.0694587
660,2026-05-11 16:15:52.711485,-1.2282424,-0.8965767,-0.08128523,0.23915374,1.6539177,2.0694587
661,2026-05-11 16:15:52.714159,-0.9427989,-0.9491408,-0.070065066,-0.09010262,1.5636623,3.156188
662,2026-05-11 16:15:52.717148,-0.9427989,-0.9491408,-0.070065066,-0.09010262,1.5636623,3.156188
663,2026-05-11 16:15:52.720013,-0.9427989,-0.9491408,-0.070065066,-0.09010262,1.5636623,3.156188
664,2026-05-11 16:15:52.722724,-0.9427989,-0.9491408,-0.070065066,-0.09010262,1.5636623,3.156188
665,2026-05-11 16:15:52.725392,-0.9427989,-0.9491408,-0.070065066,-0.09010262,1.5636623,3.156188
666,2026-05-11 16:15:52.727969,-0.9427989,-0.9491408,-0.070065066,-0.09010262,1.5636623,3.156188
667,2026-05-11 16:15:52.730808,-0.9427989,-0.9491408,-0.070065066,-0.09010262,1.5636623,3.156188
668,2026-05-11 16:15:52.733695,-0.9427989,-0.9491408,-0.070065066,-0.09010262,1.5636623,3.156188
669,2026-05-11 16:15:52.736520,-0.9427989,-0.9491408,-0.070065066,-0.09010262,1.5636623,3.156188
670,2026-05-11 16:15:52.739238,-0.9427989,-0.9491408,-0.070065066,-0.09010262,1.5636623,3.156188
671,2026-05-11 16:15:52.741876,-0.9427989,-0.9491408,-0.070065066,-0.09010262,1.5636623,3.156188
672,2026-05-11 16:15:52.744586,-0.56021565,-0.9918262,-0.055003207,-0.43768495,1.41904,4.275446
673,2026-05-11 16:15:52.747196,-0.56021565,-0.9918262,-0.055003207,-0.43768495,1.41904,4.275446
674,2026-05-11 16:15:52.750319,-0.56021565,-0.9918262,-0.055003207,-0.43768495,1.41904,4.275446
675,2026-05-11 16:15:52.753044,-0.56021565,-0.9918262,-0.055003207,-0.43768495,1.41904,4.275446
676,2026-05-11 16:15:52.755755,-0.56021565,-0.9918262,-0.055003207,-0.43768495,1.41904,4.275446
677,2026-05-11 16:15:52.758455,-0.56021565,-0.9918262,-0.055003207,-0.43768495,1.41904,4.275446
678,2026-05-11 16:15:52.761115,-0.56021565,-0.9918262,-0.055003207,-0.43768495,1.41904,4.275446
679,2026-05-11 16:15:52.763701,-0.56021565,-0.9918262,-0.055003207,-0.43768495,1.41904,4.275446
680,2026-05-11 16:15:52.766666,-0.56021565,-0.9918262,-0.055003207,-0.43768495,1.41904,4.275446
681,2026-05-11 16:15:52.769504,-0.56021565,-0.9918262,-0.055003207,-0.43768495,1.41904,4.275446
682,2026-05-11 16:15:52.772320,-0.33038515,-1.0287185,-0.05469831,-0.43768495,1.41904,4.275446
683,2026-05-11 16:15:52.774915,-0.33038515,-1.0287185,-0.05469831,-0.43768495,1.41904,4.275446
684,2026-05-11 16:15:52.777737,-0.33038515,-1.0287185,-0.05469831,-0.43768495,1.41904,4.275446
685,2026-05-11 16:15:52.780335,-0.33038515,-1.0287185,-0.05469831,-0.43768495,1.41904,4.275446
686,2026-05-11 16:15:52.783540,-0.33038515,-1.0287185,-0.05469831,-0.5561928,1.3880385,4.579504
687,2026-05-11 16:15:52.786498,-0.33038515,-1.0287185,-0.05469831,-0.5561928,1.3880385,4.579504
688,2026-05-11 16:15:52.789248,-0.33038515,-1.0287185,-0.05469831,-0.5561928,1.3880385,4.579504
689,2026-05-11 16:15:52.791982,-0.33038515,-1.0287185,-0.05469831,-0.5561928,1.3880385,4.579504
690,2026-05-11 16:15:52.794671,-0.33038515,-1.0287185,-0.05469831,-0.5561928,1.3880385,4.579504
691,2026-05-11 16:15:52.797371,-0.33038515,-1.0287185,-0.05469831,-0.5561928,1.3880385,4.579504
692,2026-05-11 16:15:52.800542,-0.33038515,-1.0287185,-0.05469831,-0.5561928,1.3880385,4.579504
693,2026-05-11 16:15:52.803358,-0.33038515,-1.0287185,-0.05469831,-0.8918633,1.2799155,5.3765306
694,2026-05-11 16:15:52.806062,-0.33038515,-1.0287185,-0.05469831,-0.8918633,1.2799155,5.3765306
695,2026-05-11 16:15:52.808758,-0.33038515,-1.0287185,-0.05469831,-0.8918633,1.2799155,5.3765306
696,2026-05-11 16:15:52.811484,-0.33038515,-1.0287185,-0.05469831,-0.8918633,1.2799155,5.3765306
697,2026-05-11 16:15:52.814062,-0.33038515,-1.0287185,-0.05469831,-0.8918633,1.2799155,5.3765306
698,2026-05-11 16:15:52.817258,-0.33038515,-1.0287185,-0.05469831,-0.8918633,1.2799155,5.3765306
699,2026-05-11 16:15:52.819946,-0.33038515,-1.0287185,-0.05469831,-0.8918633,1.2799155,5.3765306
700,2026-05-11 16:15:52.822530,-0.33038515,-1.0287185,-0.05469831,-0.8918633,1.2799155,5.3765306
701,2026-05-11 16:15:52.825209,-0.33038515,-1.0287185,-0.05469831,-0.8918633,1.2799155,5.3765306
702,2026-05-11 16:15:52.827859,0.105372004,-1.1021985,-0.028782167,-0.8918633,1.2799155,5.3765306
703,2026-05-11 16:15:52.830464,0.105372004,-1.1021985,-0.028782167,-0.8918633,1.2799155,5.3765306
704,2026-05-11 16:15:52.833401,0.105372004,-1.1021985,-0.028782167,-0.8918633,1.2799155,5.3765306
705,2026-05-11 16:15:52.836250,0.105372004,-1.1021985,-0.028782167,-0.8918633,1.2799155,5.3765306
706,2026-05-11 16:15:52.838849,0.105372004,-1.1021985,-0.028782167,-0.8918633,1.2799155,5.3765306
707,2026-05-11 16:15:52.841405,0.105372004,-1.1021985,-0.028782167,-0.8918633,1.2799155,5.3765306
708,2026-05-11 16:15:52.844119,0.105372004,-1.1021985,-0.028782167,-0.8918633,1.2799155,5.3765306
709,2026-05-11 16:15:52.846999,0.105372004,-1.1021985,-0.028782167,-0.8918633,1.2799155,5.3765306
710,2026-05-11 16:15:52.849932,0.105372004,-1.1021985,-0.028782167,-0.8918633,1.2799155,5.3765306
711,2026-05-11 16:15:52.852855,0.105372004,-1.1021985,-0.028782167,-0.8918633,1.2799155,5.3765306
712,2026-05-11 16:15:52.855485,0.105372004,-1.1021985,-0.028782167,-0.8918633,1.2799155,5.3765306
713,2026-05-11 16:15:52.858046,0.105372004,-1.1021985,-0.028782167,-0.8918633,1.2799155,5.3765306
714,2026-05-11 16:15:52.860766,0.105372004,-1.1021985,-0.028782167,-0.8918633,1.2799155,5.3765306
715,2026-05-11 16:15:52.863381,0.105372004,-1.1021985,-0.028782167,-0.8918633,1.2799155,5.3765306
716,2026-05-11 16:15:52.866636,0.105372004,-1.1021985,-0.028782167,-0.8918633,1.2799155,5.3765306
717,2026-05-11 16:15:52.869467,0.105372004,-1.1021985,-0.028782167,-0.8918633,1.2799155,5.3765306
718,2026-05-11 16:15:52.872100,0.105372004,-1.1021985,-0.028782167,-0.8918633,1.2799155,5.3765306
719,2026-05-11 16:15:52.874861,0.105372004,-1.1021985,-0.028782167,-0.8918633,1.2799155,5.3765306
720,2026-05-11 16:15:52.877538,0.105372004,-1.1021985,-0.028782167,-1.1294898,1.1223122,5.934861
721,2026-05-11 16:15:52.880152,0.105372004,-1.1021985,-0.028782167,-1.1294898,1.1223122,5.934861
722,2026-05-11 16:15:52.883384,0.105372004,-1.1021985,-0.028782167,-1.1294898,1.1223122,5.934861
723,2026-05-11 16:15:52.886129,0.105372004,-1.1021985,-0.028782167,-1.1294898,1.1223122,5.934861
724,2026-05-11 16:15:52.888738,0.105372004,-1.1021985,-0.028782167,-1.1294898,1.1223122,5.934861
725,2026-05-11 16:15:52.891541,0.105372004,-1.1021985,-0.028782167,-1.1294898,1.1223122,5.934861
726,2026-05-11 16:15:52.894279,0.105372004,-1.1021985,-0.028782167,-1.1294898,1.1223122,5.934861
727,2026-05-11 16:15:52.896986,0.105372004,-1.1021985,-0.028782167,-1.1294898,1.1223122,5.934861
728,2026-05-11 16:15:52.899958,0.105372004,-1.1021985,-0.028782167,-1.1294898,1.1223122,5.934861
729,2026-05-11 16:15:52.902794,0.105372004,-1.1021985,-0.028782167,-1.1294898,1.1223122,5.934861
730,2026-05-11 16:15:52.905494,0.105372004,-1.1021985,-0.028782167,-1.1294898,1.1223122,5.934861
731,2026-05-11 16:15:52.908080,0.105372004,-1.1021985,-0.028782167,-1.1294898,1.1223122,5.934861
732,2026-05-11 16:15:52.910961,0.105372004,-1.1021985,-0.028782167,-1.1294898,1.1223122,5.934861
733,2026-05-11 16:15:52.913546,0.105372004,-1.1021985,-0.028782167,-1.1294898,1.1223122,5.934861
734,2026-05-11 16:15:52.925945,0.105372004,-1.1021985,-0.028782167,-1.1294898,1.1223122,5.934861
735,2026-05-11 16:15:52.943029,0.105372004,-1.1021985,-0.028782167,-1.1294898,1.1223122,5.934861
736,2026-05-11 16:15:52.949421,0.105372004,-1.1021985,-0.028782167,-1.1294898,1.1223122,5.934861
737,2026-05-11 16:15:52.955100,0.105372004,-1.1021985,-0.028782167,-1.1294898,1.1223122,5.934861
738,2026-05-11 16:15:52.957836,0.105372004,-1.1021985,-0.028782167,-1.1294898,1.1223122,5.934861
739,2026-05-11 16:15:52.960434,0.105372004,-1.1021985,-0.028782167,-1.1294898,1.1223122,5.934861
740,2026-05-11 16:15:52.963037,0.105372004,-1.1021985,-0.028782167,-1.1294898,1.1223122,5.934861
741,2026-05-11 16:15:52.966323,0.35172784,-1.1359199,0.00030489583,-1.1294898,1.1223122,5.934861
742,2026-05-11 16:15:52.969126,0.35172784,-1.1359199,0.00030489583,-1.1294898,1.1223122,5.934861
743,2026-05-11 16:15:52.971824,0.35172784,-1.1359199,0.00030489583,-1.1294898,1.1223122,5.934861
744,2026-05-11 16:15:52.974706,0.35172784,-1.1359199,0.00030489583,-1.1294898,1.1223122,5.934861
745,2026-05-11 16:15:52.977528,0.35172784,-1.1359199,0.00030489583,-1.2910637,0.9980011,6.3418503
746,2026-05-11 16:15:52.980196,0.35172784,-1.1359199,0.00030489583,-1.2910637,0.9980011,6.3418503
747,2026-05-11 16:15:52.983362,0.35172784,-1.1359199,0.00030489583,-1.2910637,0.9980011,6.3418503
748,2026-05-11 16:15:52.986207,0.35172784,-1.1359199,0.00030489583,-1.2910637,0.9980011,6.3418503
749,2026-05-11 16:15:52.988915,0.35172784,-1.1359199,0.00030489583,-1.2910637,0.9980011,6.3418503
750,2026-05-11 16:15:52.991635,0.58052164,-1.15897,0.038172957,-1.2910637,0.9980011,6.3418503
751,2026-05-11 16:15:52.994233,0.58052164,-1.15897,0.038172957,-1.2910637,0.9980011,6.3418503
752,2026-05-11 16:15:52.997029,0.58052164,-1.15897,0.038172957,-1.2910637,0.9980011,6.3418503
753,2026-05-11 16:15:53.000183,0.831268,-1.1589091,0.06305246,-1.2910637,0.9980011,6.3418503
754,2026-05-11 16:15:53.003124,0.831268,-1.1589091,0.06305246,-1.5476271,0.8770498,6.9823422
755,2026-05-11 16:15:53.005832,0.989387,-1.1519574,0.068052754,-1.6893479,0.8507826,7.275558
756,2026-05-11 16:15:53.008588,0.989387,-1.1519574,0.068052754,-1.6893479,0.8507826,7.275558
757,2026-05-11 16:15:53.011246,0.989387,-1.1519574,0.068052754,-1.6893479,0.8507826,7.275558
758,2026-05-11 16:15:53.013874,0.989387,-1.1519574,0.068052754,-1.6893479,0.8507826,7.275558
759,2026-05-11 16:15:53.017121,0.989387,-1.1519574,0.068052754,-1.6893479,0.8507826,7.275558
760,2026-05-11 16:15:53.019826,0.989387,-1.1519574,0.068052754,-1.6893479,0.8507826,7.275558
761,2026-05-11 16:15:53.022621,0.989387,-1.1519574,0.068052754,-1.6893479,0.8507826,7.275558
762,2026-05-11 16:15:53.025242,0.989387,-1.1519574,0.068052754,-1.6893479,0.8507826,7.275558
763,2026-05-11 16:15:53.027860,0.989387,-1.1519574,0.068052754,-1.6893479,0.8507826,7.275558
764,2026-05-11 16:15:53.030437,0.989387,-1.1519574,0.068052754,-1.6893479,0.8507826,7.275558
765,2026-05-11 16:15:53.033402,0.989387,-1.1519574,0.068052754,-1.6893479,0.8507826,7.275558
766,2026-05-11 16:15:53.036208,0.989387,-1.1519574,0.068052754,-1.6893479,0.8507826,7.275558
767,2026-05-11 16:15:53.038791,0.989387,-1.1519574,0.068052754,-1.6893479,0.8507826,7.275558
768,2026-05-11 16:15:53.041352,0.989387,-1.1519574,0.068052754,-1.6893479,0.8507826,7.275558
769,2026-05-11 16:15:53.044236,0.989387,-1.1519574,0.068052754,-1.6893479,0.8507826,7.275558
770,2026-05-11 16:15:53.046890,0.989387,-1.1519574,0.068052754,-1.6893479,0.8507826,7.275558
771,2026-05-11 16:15:53.050027,0.989387,-1.1519574,0.068052754,-1.6893479,0.8507826,7.275558
772,2026-05-11 16:15:53.052746,0.989387,-1.1519574,0.068052754,-1.6893479,0.8507826,7.275558
773,2026-05-11 16:15:53.055315,0.989387,-1.1519574,0.068052754,-1.6893479,0.8507826,7.275558
774,2026-05-11 16:15:53.057984,0.989387,-1.1519574,0.068052754,-1.6893479,0.8507826,7.275558
775,2026-05-11 16:15:53.060534,0.989387,-1.1519574,0.068052754,-1.6893479,0.8507826,7.275558
776,2026-05-11 16:15:53.063081,0.989387,-1.1519574,0.068052754,-1.6893479,0.8507826,7.275558
777,2026-05-11 16:15:53.066231,0.989387,-1.1519574,0.068052754,-1.6893479,0.8507826,7.275558
778,2026-05-11 16:15:53.068929,0.989387,-1.1519574,0.068052754,-1.6893479,0.8507826,7.275558
779,2026-05-11 16:15:53.071554,0.989387,-1.1519574,0.068052754,-1.6893479,0.8507826,7.275558
780,2026-05-11 16:15:53.074281,0.989387,-1.1519574,0.068052754,-1.6893479,0.8507826,7.275558
781,2026-05-11 16:15:53.077006,0.989387,-1.1519574,0.068052754,-1.6893479,0.8507826,7.275558
782,2026-05-11 16:15:53.079721,0.989387,-1.1519574,0.068052754,-1.6893479,0.8507826,7.275558
783,2026-05-11 16:15:53.082861,0.989387,-1.1519574,0.068052754,-1.6893479,0.8507826,7.275558
784,2026-05-11 16:15:53.085591,0.989387,-1.1519574,0.068052754,-1.6893479,0.8507826,7.275558
785,2026-05-11 16:15:53.088175,0.989387,-1.1519574,0.068052754,-1.6893479,0.8507826,7.275558
786,2026-05-11 16:15:53.090936,0.989387,-1.1519574,0.068052754,-1.6893479,0.8507826,7.275558
787,2026-05-11 16:15:53.093539,0.989387,-1.1519574,0.068052754,-1.6893479,0.8507826,7.275558
788,2026-05-11 16:15:53.096179,1.2557441,-1.1537259,0.08567573,-2.0129538,0.89888823,7.699193
789,2026-05-11 16:15:53.099232,1.2557441,-1.1537259,0.08567573,-2.0129538,0.89888823,7.699193
790,2026-05-11 16:15:53.101898,1.2557441,-1.1537259,0.08567573,-2.0129538,0.89888823,7.699193
791,2026-05-11 16:15:53.104530,1.2557441,-1.1537259,0.08567573,-2.0129538,0.89888823,7.699193
792,2026-05-11 16:15:53.107181,1.2557441,-1.1537259,0.08567573,-2.0129538,0.89888823,7.699193
793,2026-05-11 16:15:53.109782,1.2557441,-1.1537259,0.08567573,-2.0129538,0.89888823,7.699193
794,2026-05-11 16:15:53.112578,1.2557441,-1.1537259,0.08567573,-2.0129538,0.89888823,7.699193
795,2026-05-11 16:15:53.115526,1.3981303,-1.1451888,0.12714157,-2.4662156,1.077719,8.123286
796,2026-05-11 16:15:53.118735,1.3981303,-1.1451888,0.12714157,-2.4662156,1.077719,8.123286
797,2026-05-11 16:15:53.121607,2.32416,-0.740409,0.31843323,-2.5848763,1.0931433,8.184678
798,2026-05-11 16:15:53.124434,2.599054,-0.40910926,0.39392543,-2.5463917,1.0923798,7.963545
799,2026-05-11 16:15:53.127125,2.599054,-0.40910926,0.39392543,-2.5463917,1.0923798,7.963545
800,2026-05-11 16:15:53.129842,2.599054,-0.40910926,0.39392543,-2.5463917,1.0923798,7.963545
801,2026-05-11 16:15:53.132855,2.599054,-0.40910926,0.39392543,-2.5463917,1.0923798,7.963545
802,2026-05-11 16:15:53.135666,2.599054,-0.40910926,0.39392543,-2.5463917,1.0923798,7.963545
803,2026-05-11 16:15:53.138268,2.599054,-0.40910926,0.39392543,-2.5463917,1.0923798,7.963545
804,2026-05-11 16:15:53.140882,2.599054,-0.40910926,0.39392543,-2.5463917,1.0923798,7.963545
805,2026-05-11 16:15:53.143478,2.599054,-0.40910926,0.39392543,-2.5463917,1.0923798,7.963545
806,2026-05-11 16:15:53.146037,2.599054,-0.40910926,0.39392543,-2.5463917,1.0923798,7.963545
807,2026-05-11 16:15:53.148958,2.599054,-0.40910926,0.39392543,-2.5463917,1.0923798,7.963545
808,2026-05-11 16:15:53.151770,2.599054,-0.40910926,0.39392543,-1.9908098,1.0737484,6.6103253
809,2026-05-11 16:15:53.154377,2.599054,-0.40910926,0.39392543,-1.9908098,1.0737484,6.6103253
810,2026-05-11 16:15:53.157193,2.599054,-0.40910926,0.39392543,-1.9908098,1.0737484,6.6103253
811,2026-05-11 16:15:53.159964,2.5946026,-0.15470415,0.34928867,-1.9908098,1.0737484,6.6103253
812,2026-05-11 16:15:53.162719,2.438618,0.172693,0.21421981,-1.9908098,1.0737484,6.6103253
813,2026-05-11 16:15:53.165930,2.438618,0.172693,0.21421981,-1.9908098,1.0737484,6.6103253
814,2026-05-11 16:15:53.168759,2.438618,0.172693,0.21421981,-1.9908098,1.0737484,6.6103253
815,2026-05-11 16:15:53.171487,2.438618,0.172693,0.21421981,-1.9908098,1.0737484,6.6103253
816,2026-05-11 16:15:53.174193,2.438618,0.172693,0.21421981,-1.9908098,1.0737484,6.6103253
817,2026-05-11 16:15:53.176842,2.438618,0.172693,0.21421981,-1.7889189,0.98807454,6.0472603
818,2026-05-11 16:15:53.179703,2.438618,0.172693,0.21421981,-1.7889189,0.98807454,6.0472603
819,2026-05-11 16:15:53.182531,2.438618,0.172693,0.21421981,-1.7889189,0.98807454,6.0472603
820,2026-05-11 16:15:53.186027,2.438618,0.172693,0.21421981,-1.7889189,0.98807454,6.0472603
821,2026-05-11 16:15:53.189001,2.438618,0.172693,0.21421981,-1.7889189,0.98807454,6.0472603
822,2026-05-11 16:15:53.191710,2.438618,0.172693,0.21421981,-1.7889189,0.98807454,6.0472603
823,2026-05-11 16:15:53.194290,2.438618,0.172693,0.21421981,-1.7889189,0.98807454,6.0472603
824,2026-05-11 16:15:53.196929,2.438618,0.172693,0.21421981,-1.7889189,0.98807454,6.0472603
825,2026-05-11 16:15:53.199659,2.438618,0.172693,0.21421981,-1.7889189,0.98807454,6.0472603
826,2026-05-11 16:15:53.202939,2.2461677,0.46258798,0.21958598,-1.7889189,0.98807454,6.0472603
827,2026-05-11 16:15:53.205589,2.2461677,0.46258798,0.21958598,-1.7889189,0.98807454,6.0472603
828,2026-05-11 16:15:53.208222,2.2461677,0.46258798,0.21958598,-1.7889189,0.98807454,6.0472603
829,2026-05-11 16:15:53.210918,2.2461677,0.46258798,0.21958598,-1.7889189,0.98807454,6.0472603
830,2026-05-11 16:15:53.213668,2.2461677,0.46258798,0.21958598,-1.7889189,0.98807454,6.0472603
831,2026-05-11 16:15:53.216566,2.2461677,0.46258798,0.21958598,-1.7889189,0.98807454,6.0472603
832,2026-05-11 16:15:53.219356,2.2461677,0.46258798,0.21958598,-1.7889189,0.98807454,6.0472603
833,2026-05-11 16:15:53.221935,2.2461677,0.46258798,0.21958598,-1.7889189,0.98807454,6.0472603
834,2026-05-11 16:15:53.224513,2.2461677,0.46258798,0.21958598,-1.7889189,0.98807454,6.0472603
835,2026-05-11 16:15:53.227181,2.2461677,0.46258798,0.21958598,-1.7889189,0.98807454,6.0472603
836,2026-05-11 16:15:53.229728,2.2461677,0.46258798,0.21958598,-1.7889189,0.98807454,6.0472603
837,2026-05-11 16:15:53.232670,2.2461677,0.46258798,0.21958598,-1.7889189,0.98807454,6.0472603
838,2026-05-11 16:15:53.235567,2.2461677,0.46258798,0.21958598,-1.7724255,0.55833083,5.780465
839,2026-05-11 16:15:53.238191,2.2461677,0.46258798,0.21958598,-1.7724255,0.55833083,5.780465
840,2026-05-11 16:15:53.240935,2.2461677,0.46258798,0.21958598,-1.7724255,0.55833083,5.780465
841,2026-05-11 16:15:53.243569,2.2461677,0.46258798,0.21958598,-1.7724255,0.55833083,5.780465
842,2026-05-11 16:15:53.246386,2.2461677,0.46258798,0.21958598,-1.7724255,0.55833083,5.780465
843,2026-05-11 16:15:53.249554,2.2461677,0.46258798,0.21958598,-1.7724255,0.55833083,5.780465
844,2026-05-11 16:15:53.252295,2.2461677,0.46258798,0.21958598,-1.7724255,0.55833083,5.780465
845,2026-05-11 16:15:53.254880,2.2461677,0.46258798,0.21958598,-1.7724255,0.55833083,5.780465
846,2026-05-11 16:15:53.257641,2.2461677,0.46258798,0.21958598,-1.7724255,0.55833083,5.780465
847,2026-05-11 16:15:53.260465,2.2461677,0.46258798,0.21958598,-1.7724255,0.55833083,5.780465
848,2026-05-11 16:15:53.263245,2.2461677,0.46258798,0.21958598,-1.7724255,0.55833083,5.780465
849,2026-05-11 16:15:53.266238,2.2461677,0.46258798,0.21958598,-1.643533,0.2237294,5.687766
850,2026-05-11 16:15:53.269141,2.2461677,0.46258798,0.21958598,-1.643533,0.2237294,5.687766
851,2026-05-11 16:15:53.271910,2.2461677,0.46258798,0.21958598,-1.643533,0.2237294,5.687766
852,2026-05-11 16:15:53.274507,2.2461677,0.46258798,0.21958598,-1.643533,0.2237294,5.687766
853,2026-05-11 16:15:53.277127,2.2461677,0.46258798,0.21958598,-1.643533,0.2237294,5.687766
854,2026-05-11 16:15:53.279698,2.2461677,0.46258798,0.21958598,-1.643533,0.2237294,5.687766
855,2026-05-11 16:15:53.282791,2.2461677,0.46258798,0.21958598,-1.643533,0.2237294,5.687766
856,2026-05-11 16:15:53.285578,2.3070858,0.62381685,0.43691576,-1.643533,0.2237294,5.687766
857,2026-05-11 16:15:53.288297,2.3070858,0.62381685,0.43691576,-0.978148,-0.3089451,5.3232327
858,2026-05-11 16:15:53.291036,2.3070858,0.62381685,0.43691576,-0.978148,-0.3089451,5.3232327
859,2026-05-11 16:15:53.293799,2.3070858,0.62381685,0.43691576,-0.978148,-0.3089451,5.3232327
860,2026-05-11 16:15:53.296398,2.3070858,0.62381685,0.43691576,-0.978148,-0.3089451,5.3232327
861,2026-05-11 16:15:53.299537,2.4508138,0.75760514,0.7324208,-0.978148,-0.3089451,5.3232327
862,2026-05-11 16:15:53.302413,2.4508138,0.75760514,0.7324208,-0.978148,-0.3089451,5.3232327
863,2026-05-11 16:15:53.305183,2.626495,0.90486985,0.89121056,-0.978148,-0.3089451,5.3232327
864,2026-05-11 16:15:53.308008,3.0673132,1.1626898,0.7446776,-0.36835176,-0.5484043,5.0326133
865,2026-05-11 16:15:53.310982,3.0979247,1.4942945,-0.10921369,0.7641924,0.0016798794,1.1971432
866,2026-05-11 16:15:53.313689,3.0979247,1.4942945,-0.10921369,0.7641924,0.0016798794,1.1971432
867,2026-05-11 16:15:53.316932,3.0979247,1.4942945,-0.10921369,0.7641924,0.0016798794,1.1971432
868,2026-05-11 16:15:53.319805,3.0979247,1.4942945,-0.10921369,0.7641924,0.0016798794,1.1971432
869,2026-05-11 16:15:53.322480,3.0979247,1.4942945,-0.10921369,0.7641924,0.0016798794,1.1971432
870,2026-05-11 16:15:53.325083,3.0979247,1.4942945,-0.10921369,0.7641924,0.0016798794,1.1971432
871,2026-05-11 16:15:53.327866,2.7969315,1.5736284,-0.3823394,1.4320209,-0.3849978,1.973553
872,2026-05-11 16:15:53.330462,2.7969315,1.5736284,-0.3823394,1.4320209,-0.3849978,1.973553
873,2026-05-11 16:15:53.333671,2.7969315,1.5736284,-0.3823394,1.4320209,-0.3849978,1.973553
874,2026-05-11 16:15:53.336502,2.7969315,1.5736284,-0.3823394,1.4320209,-0.3849978,1.973553
875,2026-05-11 16:15:53.339080,2.7969315,1.5736284,-0.3823394,1.4320209,-0.3849978,1.973553
876,2026-05-11 16:15:53.341691,2.7969315,1.5736284,-0.3823394,1.4320209,-0.3849978,1.973553
877,2026-05-11 16:15:53.344454,2.7969315,1.5736284,-0.3823394,1.4320209,-0.3849978,1.973553
878,2026-05-11 16:15:53.347049,2.7969315,1.5736284,-0.3823394,1.4320209,-0.3849978,1.973553
879,2026-05-11 16:15:53.350241,2.7969315,1.5736284,-0.3823394,1.4320209,-0.3849978,1.973553
880,2026-05-11 16:15:53.352963,2.7969315,1.5736284,-0.3823394,1.4320209,-0.3849978,1.973553
881,2026-05-11 16:15:53.355568,2.7969315,1.5736284,-0.3823394,1.4320209,-0.3849978,1.973553
882,2026-05-11 16:15:53.358186,2.7969315,1.5736284,-0.3823394,1.4320209,-0.3849978,1.973553
883,2026-05-11 16:15:53.360780,2.7969315,1.5736284,-0.3823394,0.1301143,0.2958115,0.97433007
884,2026-05-11 16:15:53.363467,2.7969315,1.5736284,-0.3823394,0.1301143,0.2958115,0.97433007
885,2026-05-11 16:15:53.366315,2.7969315,1.5736284,-0.3823394,0.1301143,0.2958115,0.97433007
886,2026-05-11 16:15:53.369192,2.7969315,1.5736284,-0.3823394,0.1301143,0.2958115,0.97433007
887,2026-05-11 16:15:53.371817,2.7969315,1.5736284,-0.3823394,0.1301143,0.2958115,0.97433007
888,2026-05-11 16:15:53.374422,2.7969315,1.5736284,-0.3823394,0.1301143,0.2958115,0.97433007
889,2026-05-11 16:15:53.377220,2.7969315,1.5736284,-0.3823394,0.1301143,0.2958115,0.97433007
890,2026-05-11 16:15:53.380086,2.7969315,1.5736284,-0.3823394,0.1301143,0.2958115,0.97433007
891,2026-05-11 16:15:53.383064,2.7969315,1.5736284,-0.3823394,0.1301143,0.2958115,0.97433007
892,2026-05-11 16:15:53.385874,2.5118537,1.6139356,-0.55283713,0.1301143,0.2958115,0.97433007
893,2026-05-11 16:15:53.388530,2.5118537,1.6139356,-0.55283713,0.1301143,0.2958115,0.97433007
894,2026-05-11 16:15:53.391103,2.5118537,1.6139356,-0.55283713,0.1301143,0.2958115,0.97433007
895,2026-05-11 16:15:53.393690,2.5118537,1.6139356,-0.55283713,0.1301143,0.2958115,0.97433007
896,2026-05-11 16:15:53.396229,2.5118537,1.6139356,-0.55283713,0.1301143,0.2958115,0.97433007
897,2026-05-11 16:15:53.399049,2.5118537,1.6139356,-0.55283713,0.1301143,0.2958115,0.97433007
898,2026-05-11 16:15:53.402117,2.5118537,1.6139356,-0.55283713,0.1301143,0.2958115,0.97433007
899,2026-05-11 16:15:53.404887,2.5118537,1.6139356,-0.55283713,0.1301143,0.2958115,0.97433007
900,2026-05-11 16:15:53.407626,2.5118537,1.6139356,-0.55283713,-1.2961034,0.6632469,0.7098254
901,2026-05-11 16:15:53.410287,2.5118537,1.6139356,-0.55283713,-1.2961034,0.6632469,0.7098254
902,2026-05-11 16:15:53.413113,2.5118537,1.6139356,-0.55283713,-1.2961034,0.6632469,0.7098254
903,2026-05-11 16:15:53.416110,2.5118537,1.6139356,-0.55283713,-1.2961034,0.6632469,0.7098254
904,2026-05-11 16:15:53.418958,2.5118537,1.6139356,-0.55283713,-1.2961034,0.6632469,0.7098254
905,2026-05-11 16:15:53.421604,2.4259343,1.718454,-0.34934965,-1.2961034,0.6632469,0.7098254
906,2026-05-11 16:15:53.424197,2.4259343,1.718454,-0.34934965,-1.2961034,0.6632469,0.7098254
907,2026-05-11 16:15:53.427074,2.4259343,1.718454,-0.34934965,-1.2961034,0.6632469,0.7098254
908,2026-05-11 16:15:53.429759,2.4259343,1.718454,-0.34934965,-1.2961034,0.6632469,0.7098254
909,2026-05-11 16:15:53.432890,2.4259343,1.718454,-0.34934965,-1.2961034,0.6632469,0.7098254
910,2026-05-11 16:15:53.435640,2.4259343,1.718454,-0.34934965,-1.2961034,0.6632469,0.7098254
911,2026-05-11 16:15:53.438235,2.4259343,1.718454,-0.34934965,-1.2961034,0.6632469,0.7098254
912,2026-05-11 16:15:53.441147,2.4259343,1.718454,-0.34934965,-1.2961034,0.6632469,0.7098254
913,2026-05-11 16:15:53.443813,2.4259343,1.718454,-0.34934965,-1.2961034,0.6632469,0.7098254
914,2026-05-11 16:15:53.446441,2.4259343,1.718454,-0.34934965,-1.2961034,0.6632469,0.7098254
915,2026-05-11 16:15:53.449642,2.4259343,1.718454,-0.34934965,-1.2961034,0.6632469,0.7098254
916,2026-05-11 16:15:53.452499,2.4259343,1.718454,-0.34934965,-1.2961034,0.6632469,0.7098254
917,2026-05-11 16:15:53.455163,2.4259343,1.718454,-0.34934965,-1.2961034,0.6632469,0.7098254
918,2026-05-11 16:15:53.457966,2.6409466,1.7612612,0.13019052,-1.5425875,0.36163223,0.05757405
919,2026-05-11 16:15:53.460618,2.6409466,1.7612612,0.13019052,-1.5425875,0.36163223,0.05757405
920,2026-05-11 16:15:53.463427,2.819311,1.7106487,0.45746574,-0.9295842,0.22556199,-0.67164636
921,2026-05-11 16:15:53.468469,2.959746,1.665158,0.74754363,-0.9295842,0.22556199,-0.67164636
922,2026-05-11 16:15:53.472123,2.959746,1.665158,0.74754363,-0.9295842,0.22556199,-0.67164636
923,2026-05-11 16:15:53.475059,2.959746,1.665158,0.74754363,-0.9295842,0.22556199,-0.67164636
924,2026-05-11 16:15:53.477767,2.959746,1.665158,0.74754363,-0.9295842,0.22556199,-0.67164636
925,2026-05-11 16:15:53.480448,2.959746,1.665158,0.74754363,-0.9295842,0.22556199,-0.67164636
926,2026-05-11 16:15:53.483701,2.959746,1.665158,0.74754363,-0.9295842,0.22556199,-0.67164636
927,2026-05-11 16:15:53.486608,2.959746,1.665158,0.74754363,-0.9295842,0.22556199,-0.67164636
928,2026-05-11 16:15:53.489325,2.959746,1.665158,0.74754363,-0.9295842,0.22556199,-0.67164636
929,2026-05-11 16:15:53.491951,2.959746,1.665158,0.74754363,-0.9295842,0.22556199,-0.67164636
930,2026-05-11 16:15:53.494728,2.959746,1.665158,0.74754363,-0.9295842,0.22556199,-0.67164636
931,2026-05-11 16:15:53.497490,2.959746,1.665158,0.74754363,-0.9295842,0.22556199,-0.67164636
932,2026-05-11 16:15:53.500629,2.959746,1.665158,0.74754363,-0.9295842,0.22556199,-0.67164636
933,2026-05-11 16:15:53.503339,2.959746,1.665158,0.74754363,-0.9295842,0.22556199,-0.67164636
934,2026-05-11 16:15:53.506136,2.959746,1.665158,0.74754363,-0.9295842,0.22556199,-0.67164636
935,2026-05-11 16:15:53.508859,2.959746,1.665158,0.74754363,-0.9295842,0.22556199,-0.67164636
936,2026-05-11 16:15:53.511580,2.959746,1.665158,0.74754363,-0.9295842,0.22556199,-0.67164636
937,2026-05-11 16:15:53.514164,2.959746,1.665158,0.74754363,-0.9295842,0.22556199,-0.67164636
938,2026-05-11 16:15:53.517288,2.959746,1.665158,0.74754363,-0.9295842,0.22556199,-0.67164636
939,2026-05-11 16:15:53.520050,2.9717586,1.6666217,0.8055348,-0.9295842,0.22556199,-0.67164636
940,2026-05-11 16:15:53.522645,2.9717586,1.6666217,0.8055348,-0.9295842,0.22556199,-0.67164636
941,2026-05-11 16:15:53.525437,2.9717586,1.6666217,0.8055348,-0.9295842,0.22556199,-0.67164636
942,2026-05-11 16:15:53.528021,2.9717586,1.6666217,0.8055348,-0.9295842,0.22556199,-0.67164636
943,2026-05-11 16:15:53.530701,2.9717586,1.6666217,0.8055348,-0.9295842,0.22556199,-0.67164636
944,2026-05-11 16:15:53.533574,2.9717586,1.6666217,0.8055348,-0.9295842,0.22556199,-0.67164636
945,2026-05-11 16:15:53.536243,2.9717586,1.6666217,0.8055348,-0.9295842,0.22556199,-0.67164636
946,2026-05-11 16:15:53.538904,2.9717586,1.6666217,0.8055348,-0.51053065,0.11759156,-1.039998
947,2026-05-11 16:15:53.541452,2.9717586,1.6666217,0.8055348,-0.51053065,0.11759156,-1.039998
948,2026-05-11 16:15:53.544061,2.9717586,1.6666217,0.8055348,-0.51053065,0.11759156,-1.039998
949,2026-05-11 16:15:53.546830,2.9717586,1.6666217,0.8055348,-0.51053065,0.11759156,-1.039998
950,2026-05-11 16:15:53.549709,2.9717586,1.6666217,0.8055348,-0.51053065,0.11759156,-1.039998
951,2026-05-11 16:15:53.552440,2.9717586,1.6666217,0.8055348,-0.51053065,0.11759156,-1.039998
952,2026-05-11 16:15:53.555228,2.9717586,1.6666217,0.8055348,-0.51053065,0.11759156,-1.039998
953,2026-05-11 16:15:53.558069,2.9717586,1.6666217,0.8055348,-0.51053065,0.11759156,-1.039998
954,2026-05-11 16:15:53.560747,2.9717586,1.6666217,0.8055348,-0.51053065,0.11759156,-1.039998
955,2026-05-11 16:15:53.563341,2.9717586,1.6666217,0.8055348,-0.51053065,0.11759156,-1.039998
956,2026-05-11 16:15:53.566485,2.9717586,1.6666217,0.8055348,-0.51053065,0.11759156,-1.039998
957,2026-05-11 16:15:53.569285,2.9717586,1.6666217,0.8055348,-0.51053065,0.11759156,-1.039998
958,2026-05-11 16:15:53.572084,2.9717586,1.6666217,0.8055348,-0.51053065,0.11759156,-1.039998
959,2026-05-11 16:15:53.574714,2.9717586,1.6666217,0.8055348,-0.51053065,0.11759156,-1.039998
960,2026-05-11 16:15:53.577528,2.9717586,1.6666217,0.8055348,-0.51053065,0.11759156,-1.039998
961,2026-05-11 16:15:53.580153,2.9717586,1.6666217,0.8055348,-0.51053065,0.11759156,-1.039998
962,2026-05-11 16:15:53.583157,2.9717586,1.6666217,0.8055348,-0.51053065,0.11759156,-1.039998
963,2026-05-11 16:15:53.585830,2.9717586,1.6666217,0.8055348,-0.51053065,0.11759156,-1.039998
964,2026-05-11 16:15:53.588706,2.9717586,1.6666217,0.8055348,-0.51053065,0.11759156,-1.039998
965,2026-05-11 16:15:53.591370,2.9717586,1.6666217,0.8055348,-0.51053065,0.11759156,-1.039998
966,2026-05-11 16:15:53.593975,2.9717586,1.6666217,0.8055348,-0.51053065,0.11759156,-1.039998
967,2026-05-11 16:15:53.596770,2.9717586,1.6666217,0.8055348,-0.51053065,0.11759156,-1.039998
968,2026-05-11 16:15:53.599701,2.9717586,1.6666217,0.8055348,-0.51053065,0.11759156,-1.039998
969,2026-05-11 16:15:53.602500,2.9717586,1.6666217,0.8055348,-0.51053065,0.11759156,-1.039998
970,2026-05-11 16:15:53.605249,3.0651789,1.6052155,0.749312,-0.51053065,0.11759156,-1.039998
971,2026-05-11 16:15:53.607833,3.0651789,1.6052155,0.749312,-0.51053065,0.11759156,-1.039998
972,2026-05-11 16:15:53.610484,3.0651789,1.6052155,0.749312,-0.51053065,0.11759156,-1.039998
973,2026-05-11 16:15:53.613055,3.0651789,1.6052155,0.749312,-0.51053065,0.11759156,-1.039998
974,2026-05-11 16:15:53.616059,3.0651789,1.6052155,0.749312,-0.51053065,0.11759156,-1.039998
975,2026-05-11 16:15:53.618775,3.0651789,1.6052155,0.749312,-0.51053065,0.11759156,-1.039998
976,2026-05-11 16:15:53.621382,3.0651789,1.6052155,0.749312,-0.51053065,0.11759156,-1.039998
977,2026-05-11 16:15:53.624114,3.0651789,1.6052155,0.749312,0.36987892,-0.22220223,-1.8707749
978,2026-05-11 16:15:53.626886,3.0651789,1.6052155,0.749312,0.36987892,-0.22220223,-1.8707749
979,2026-05-11 16:15:53.629766,3.2725081,1.4633172,0.5846682,0.6785186,-0.34269542,-2.5308146
980,2026-05-11 16:15:53.632849,3.2725081,1.4633172,0.5846682,0.6785186,-0.34269542,-2.5308146
981,2026-05-11 16:15:53.635594,3.2725081,1.4633172,0.5846682,0.6785186,-0.34269542,-2.5308146
982,2026-05-11 16:15:53.638172,3.2725081,1.4633172,0.5846682,0.6785186,-0.34269542,-2.5308146
983,2026-05-11 16:15:53.640958,3.2725081,1.4633172,0.5846682,0.6785186,-0.34269542,-2.5308146
984,2026-05-11 16:15:53.643556,3.2725081,1.4633172,0.5846682,0.6785186,-0.34269542,-2.5308146
985,2026-05-11 16:15:53.646111,3.2725081,1.4633172,0.5846682,0.6785186,-0.34269542,-2.5308146
986,2026-05-11 16:15:53.649494,3.2725081,1.4633172,0.5846682,0.6785186,-0.34269542,-2.5308146
987,2026-05-11 16:15:53.652353,3.2725081,1.4633172,0.5846682,0.6785186,-0.34269542,-2.5308146
988,2026-05-11 16:15:53.655036,3.2725081,1.4633172,0.5846682,0.6785186,-0.34269542,-2.5308146
989,2026-05-11 16:15:53.657826,3.3605618,1.3522741,0.5014927,0.6785186,-0.34269542,-2.5308146
990,2026-05-11 16:15:53.660635,3.3605618,1.3522741,0.5014927,0.7165449,-0.2359467,-3.1367931
991,2026-05-11 16:15:53.663256,3.3605618,1.3522741,0.5014927,0.7165449,-0.2359467,-3.1367931
992,2026-05-11 16:15:53.666246,3.3605618,1.3522741,0.5014927,0.7165449,-0.2359467,-3.1367931
993,2026-05-11 16:15:53.669065,3.3605618,1.3522741,0.5014927,0.7165449,-0.2359467,-3.1367931
994,2026-05-11 16:15:53.671686,3.3605618,1.3522741,0.5014927,0.7165449,-0.2359467,-3.1367931
995,2026-05-11 16:15:53.674461,3.3605618,1.3522741,0.5014927,0.7165449,-0.2359467,-3.1367931
996,2026-05-11 16:15:53.677258,3.3605618,1.3522741,0.5014927,0.7165449,-0.2359467,-3.1367931
997,2026-05-11 16:15:53.679999,3.3605618,1.3522741,0.5014927,0.7165449,-0.2359467,-3.1367931
998,2026-05-11 16:15:53.682979,3.3605618,1.3522741,0.5014927,0.7165449,-0.2359467,-3.1367931
999,2026-05-11 16:15:53.685904,3.3605618,1.3522741,0.5014927,0.7165449,-0.2359467,-3.1367931
1000,2026-05-11 16:15:53.688616,3.3605618,1.3522741,0.5014927,0.7165449,-0.2359467,-3.1367931
1001,2026-05-11 16:15:53.691251,3.3605618,1.3522741,0.5014927,0.7165449,-0.2359467,-3.1367931
1002,2026-05-11 16:15:53.694130,3.3605618,1.3522741,0.5014927,0.7165449,-0.2359467,-3.1367931
1003,2026-05-11 16:15:53.696857,3.3422074,1.1870815,0.45472166,0.59895337,0.027641652,-3.7360518
1004,2026-05-11 16:15:53.700246,3.3422074,1.1870815,0.45472166,0.59895337,0.027641652,-3.7360518
1005,2026-05-11 16:15:53.703101,3.3422074,1.1870815,0.45472166,0.59895337,0.027641652,-3.7360518
1006,2026-05-11 16:15:53.705730,3.3422074,1.1870815,0.45472166,0.59895337,0.027641652,-3.7360518
1007,2026-05-11 16:15:53.708481,3.3422074,1.1870815,0.45472166,0.59895337,0.027641652,-3.7360518
1008,2026-05-11 16:15:53.711097,3.3422074,1.1870815,0.45472166,0.59895337,0.027641652,-3.7360518
1009,2026-05-11 16:15:53.713827,3.2393353,1.0057294,0.45624614,0.59895337,0.027641652,-3.7360518
1010,2026-05-11 16:15:53.717438,3.2393353,1.0057294,0.45624614,0.59895337,0.027641652,-3.7360518
1011,2026-05-11 16:15:53.720271,3.2393353,1.0057294,0.45624614,0.41416663,0.3669773,-4.2282567
1012,2026-05-11 16:15:53.723017,3.0406654,0.7848019,0.5497882,0.22586742,0.8190176,-4.781395
1013,2026-05-11 16:15:53.725698,2.734367,0.45240447,0.7565685,0.32513303,0.84635377,-5.0121493
1014,2026-05-11 16:15:53.728300,2.734367,0.45240447,0.7565685,0.32513303,0.84635377,-5.0121493
1015,2026-05-11 16:15:53.730860,2.734367,0.45240447,0.7565685,0.32513303,0.84635377,-5.0121493
1016,2026-05-11 16:15:53.733805,2.734367,0.45240447,0.7565685,0.68325275,0.6739371,-5.2711563
1017,2026-05-11 16:15:53.736456,2.734367,0.45240447,0.7565685,0.68325275,0.6739371,-5.2711563
1018,2026-05-11 16:15:53.739248,2.734367,0.45240447,0.7565685,0.68325275,0.6739371,-5.2711563
1019,2026-05-11 16:15:53.741985,2.734367,0.45240447,0.7565685,0.68325275,0.6739371,-5.2711563
1020,2026-05-11 16:15:53.744787,2.734367,0.45240447,0.7565685,0.68325275,0.6739371,-5.2711563
1021,2026-05-11 16:15:53.747640,2.734367,0.45240447,0.7565685,0.68325275,0.6739371,-5.2711563
1022,2026-05-11 16:15:53.750807,2.734367,0.45240447,0.7565685,0.68325275,0.6739371,-5.2711563
1023,2026-05-11 16:15:53.753549,2.734367,0.45240447,0.7565685,0.68325275,0.6739371,-5.2711563
1024,2026-05-11 16:15:53.756255,2.734367,0.45240447,0.7565685,0.68325275,0.6739371,-5.2711563
1025,2026-05-11 16:15:53.758858,2.734367,0.45240447,0.7565685,0.68325275,0.6739371,-5.2711563
1026,2026-05-11 16:15:53.761804,2.4953895,0.2876997,0.73662835,1.0290025,0.47555858,-5.3910384
1027,2026-05-11 16:15:53.764631,2.4953895,0.2876997,0.73662835,1.0290025,0.47555858,-5.3910384
1028,2026-05-11 16:15:53.767744,2.4953895,0.2876997,0.73662835,1.0290025,0.47555858,-5.3910384
1029,2026-05-11 16:15:53.770583,2.4953895,0.2876997,0.73662835,1.0290025,0.47555858,-5.3910384
1030,2026-05-11 16:15:53.773263,2.4953895,0.2876997,0.73662835,1.0290025,0.47555858,-5.3910384
1031,2026-05-11 16:15:53.775864,2.4953895,0.2876997,0.73662835,1.0290025,0.47555858,-5.3910384
1032,2026-05-11 16:15:53.778475,2.4953895,0.2876997,0.73662835,1.0290025,0.47555858,-5.3910384
1033,2026-05-11 16:15:53.781042,2.4953895,0.2876997,0.73662835,1.0290025,0.47555858,-5.3910384
1034,2026-05-11 16:15:53.784219,2.4953895,0.2876997,0.73662835,1.0290025,0.47555858,-5.3910384
1035,2026-05-11 16:15:53.787080,2.4953895,0.2876997,0.73662835,1.0290025,0.47555858,-5.3910384
1036,2026-05-11 16:15:53.789760,2.4953895,0.2876997,0.73662835,1.0290025,0.47555858,-5.3910384
1037,2026-05-11 16:15:53.792403,2.4953895,0.2876997,0.73662835,1.0290025,0.47555858,-5.3910384
1038,2026-05-11 16:15:53.795126,2.3014758,0.12549512,0.6580262,1.0290025,0.47555858,-5.3910384
1039,2026-05-11 16:15:53.797842,2.3014758,0.12549512,0.6580262,1.0290025,0.47555858,-5.3910384
1040,2026-05-11 16:15:53.800853,2.3014758,0.12549512,0.6580262,1.0290025,0.47555858,-5.3910384
1041,2026-05-11 16:15:53.803624,2.3014758,0.12549512,0.6580262,1.0290025,0.47555858,-5.3910384
1042,2026-05-11 16:15:53.806335,2.3014758,0.12549512,0.6580262,1.3115277,0.31703907,-5.4750323
1043,2026-05-11 16:15:53.809059,1.6544868,-0.19464551,0.48905292,1.6018413,0.20631973,-5.561012
1044,2026-05-11 16:15:53.811739,1.6544868,-0.19464551,0.48905292,1.6018413,0.20631973,-5.561012
1045,2026-05-11 16:15:53.814932,1.3473347,-0.3352025,0.3881324,1.7218764,0.1994475,-5.5136695
1046,2026-05-11 16:15:53.817895,1.3473347,-0.3352025,0.3881324,1.7218764,0.1994475,-5.5136695
1047,2026-05-11 16:15:53.820503,1.3473347,-0.3352025,0.3881324,1.7218764,0.1994475,-5.5136695
1048,2026-05-11 16:15:53.823159,1.3473347,-0.3352025,0.3881324,1.7218764,0.1994475,-5.5136695
1049,2026-05-11 16:15:53.825717,1.3473347,-0.3352025,0.3881324,1.7218764,0.1994475,-5.5136695
1050,2026-05-11 16:15:53.828548,1.3473347,-0.3352025,0.3881324,1.7218764,0.1994475,-5.5136695
1051,2026-05-11 16:15:53.831329,1.3473347,-0.3352025,0.3881324,1.8220583,0.28527406,-5.3664513
1052,2026-05-11 16:15:53.834696,1.3473347,-0.3352025,0.3881324,1.8220583,0.28527406,-5.3664513
1053,2026-05-11 16:15:53.837598,1.3473347,-0.3352025,0.3881324,1.8220583,0.28527406,-5.3664513
1054,2026-05-11 16:15:53.840251,1.3473347,-0.3352025,0.3881324,1.8220583,0.28527406,-5.3664513
1055,2026-05-11 16:15:53.842847,1.3473347,-0.3352025,0.3881324,1.8220583,0.28527406,-5.3664513
1056,2026-05-11 16:15:53.845680,0.8065714,-0.5282015,0.27056456,1.9399554,0.3755294,-4.9151745
1057,2026-05-11 16:15:53.848801,0.8065714,-0.5282015,0.27056456,1.9399554,0.3755294,-4.9151745
1058,2026-05-11 16:15:53.851605,0.8065714,-0.5282015,0.27056456,1.9399554,0.3755294,-4.9151745
1059,2026-05-11 16:15:53.854168,0.8065714,-0.5282015,0.27056456,1.9399554,0.3755294,-4.9151745
1060,2026-05-11 16:15:53.856985,0.8065714,-0.5282015,0.27056456,1.9399554,0.3755294,-4.9151745
1061,2026-05-11 16:15:53.859733,0.8065714,-0.5282015,0.27056456,1.9399554,0.3755294,-4.9151745
1062,2026-05-11 16:15:53.862405,0.8065714,-0.5282015,0.27056456,1.9399554,0.3755294,-4.9151745
1063,2026-05-11 16:15:53.865078,0.8065714,-0.5282015,0.27056456,1.9399554,0.3755294,-4.9151745
1064,2026-05-11 16:15:53.868135,0.8065714,-0.5282015,0.27056456,1.9399554,0.3755294,-4.9151745
1065,2026-05-11 16:15:53.870887,0.8065714,-0.5282015,0.27056456,2.1325307,0.3126103,-4.6097417
1066,2026-05-11 16:15:53.873481,0.8065714,-0.5282015,0.27056456,2.1325307,0.3126103,-4.6097417
1067,2026-05-11 16:15:53.876312,0.8065714,-0.5282015,0.27056456,2.1325307,0.3126103,-4.6097417
1068,2026-05-11 16:15:53.879166,0.5401535,-0.676198,0.2886144,2.1325307,0.3126103,-4.6097417
1069,2026-05-11 16:15:53.882206,0.044758707,-1.2948927,0.04396598,3.5874588,-1.1158981,-4.276362
1070,2026-05-11 16:15:53.885172,0.044758707,-1.2948927,0.04396598,3.5874588,-1.1158981,-4.276362
1071,2026-05-11 16:15:53.887856,0.044758707,-1.2948927,0.04396598,3.5874588,-1.1158981,-4.276362
1072,2026-05-11 16:15:53.890433,0.044758707,-1.2948927,0.04396598,3.5874588,-1.1158981,-4.276362
1073,2026-05-11 16:15:53.893264,0.044758707,-1.2948927,0.04396598,3.7882807,-1.7808249,-4.236809
1074,2026-05-11 16:15:53.896043,-0.1835473,-1.4203267,-0.16080207,3.7882807,-1.7808249,-4.236809
1075,2026-05-11 16:15:53.899089,-0.1835473,-1.4203267,-0.16080207,3.7882807,-1.7808249,-4.236809
1076,2026-05-11 16:15:53.901990,-0.1835473,-1.4203267,-0.16080207,3.7882807,-1.7808249,-4.236809
1077,2026-05-11 16:15:53.904716,-0.1835473,-1.4203267,-0.16080207,3.7882807,-1.7808249,-4.236809
1078,2026-05-11 16:15:53.907426,-0.5395436,-1.4952092,-0.45649004,3.7882807,-1.7808249,-4.236809
1079,2026-05-11 16:15:53.910209,-0.5395436,-1.4952092,-0.45649004,3.4171803,-2.28036,-3.8892262
1080,2026-05-11 16:15:53.912928,-0.5395436,-1.4952092,-0.45649004,3.4171803,-2.28036,-3.8892262
1081,2026-05-11 16:15:53.915964,-0.5395436,-1.4952092,-0.45649004,3.4171803,-2.28036,-3.8892262
1082,2026-05-11 16:15:53.918894,-0.5395436,-1.4952092,-0.45649004,3.4171803,-2.28036,-3.8892262
1083,2026-05-11 16:15:53.921595,-0.5395436,-1.4952092,-0.45649004,3.4171803,-2.28036,-3.8892262
1084,2026-05-11 16:15:53.924206,-0.5395436,-1.4952092,-0.45649004,3.4171803,-2.28036,-3.8892262
1085,2026-05-11 16:15:53.927094,-0.5395436,-1.4952092,-0.45649004,3.4171803,-2.28036,-3.8892262
1086,2026-05-11 16:15:53.929801,-0.5395436,-1.4952092,-0.45649004,3.4171803,-2.28036,-3.8892262
1087,2026-05-11 16:15:53.932951,-0.5395436,-1.4952092,-0.45649004,3.4171803,-2.28036,-3.8892262
1088,2026-05-11 16:15:53.935735,-0.5395436,-1.4952092,-0.45649004,3.4171803,-2.28036,-3.8892262
1089,2026-05-11 16:15:53.938388,-0.5395436,-1.4952092,-0.45649004,3.4171803,-2.28036,-3.8892262
1090,2026-05-11 16:15:53.941240,-0.5395436,-1.4952092,-0.45649004,3.4171803,-2.28036,-3.8892262
1091,2026-05-11 16:15:53.944118,-0.5395436,-1.4952092,-0.45649004,2.941469,-2.2143865,-3.5700493
1092,2026-05-11 16:15:53.946808,-0.5395436,-1.4952092,-0.45649004,2.941469,-2.2143865,-3.5700493
1093,2026-05-11 16:15:53.950102,-0.5395436,-1.4952092,-0.45649004,2.941469,-2.2143865,-3.5700493
1094,2026-05-11 16:15:53.952914,-0.5395436,-1.4952092,-0.45649004,2.941469,-2.2143865,-3.5700493
1095,2026-05-11 16:15:53.955604,-0.5395436,-1.4952092,-0.45649004,2.941469,-2.2143865,-3.5700493
1096,2026-05-11 16:15:53.958298,-0.6462572,-1.4922212,-0.52942115,2.941469,-2.2143865,-3.5700493
1097,2026-05-11 16:15:53.960854,-0.6462572,-1.4922212,-0.52942115,2.941469,-2.2143865,-3.5700493
1098,2026-05-11 16:15:53.963438,-0.6462572,-1.4922212,-0.52942115,2.941469,-2.2143865,-3.5700493
1099,2026-05-11 16:15:53.966464,-0.6462572,-1.4922212,-0.52942115,2.941469,-2.2143865,-3.5700493
1100,2026-05-11 16:15:53.969079,-0.6462572,-1.4922212,-0.52942115,2.941469,-2.2143865,-3.5700493
1101,2026-05-11 16:15:53.971802,-0.6462572,-1.4922212,-0.52942115,2.941469,-2.2143865,-3.5700493
1102,2026-05-11 16:15:53.974390,-0.6462572,-1.4922212,-0.52942115,2.941469,-2.2143865,-3.5700493
1103,2026-05-11 16:15:53.977044,-0.6462572,-1.4922212,-0.52942115,2.941469,-2.2143865,-3.5700493
1104,2026-05-11 16:15:53.979600,-0.6462572,-1.4922212,-0.52942115,2.941469,-2.2143865,-3.5700493
1105,2026-05-11 16:15:53.982609,-0.6462572,-1.4922212,-0.52942115,2.941469,-2.2143865,-3.5700493
1106,2026-05-11 16:15:53.985372,-0.6462572,-1.4922212,-0.52942115,2.941469,-2.2143865,-3.5700493
1107,2026-05-11 16:15:53.987993,-0.6462572,-1.4922212,-0.52942115,2.941469,-2.2143865,-3.5700493
1108,2026-05-11 16:15:53.990674,-0.8764536,-1.4249002,-0.6007668,1.4856243,-1.5477798,-2.5993843
1109,2026-05-11 16:15:53.993250,-0.8764536,-1.4249002,-0.6007668,1.4856243,-1.5477798,-2.5993843
1110,2026-05-11 16:15:53.995985,-0.8764536,-1.4249002,-0.6007668,1.4856243,-1.5477798,-2.5993843
1111,2026-05-11 16:15:53.999165,-0.8764536,-1.4249002,-0.6007668,1.4856243,-1.5477798,-2.5993843
1112,2026-05-11 16:15:54.028006,-0.8764536,-1.4249002,-0.6007668,1.4856243,-1.5477798,-2.5993843
1113,2026-05-11 16:15:54.033930,-0.8764536,-1.4249002,-0.6007668,1.4856243,-1.5477798,-2.5993843
1114,2026-05-11 16:15:54.039523,-0.8764536,-1.4249002,-0.6007668,1.4856243,-1.5477798,-2.5993843
1115,2026-05-11 16:15:54.042294,-0.8764536,-1.4249002,-0.6007668,1.4856243,-1.5477798,-2.5993843
1116,2026-05-11 16:15:54.044923,-0.8764536,-1.4249002,-0.6007668,1.4856243,-1.5477798,-2.5993843
1117,2026-05-11 16:15:54.048012,-0.89072275,-1.3859955,-0.5330189,1.4856243,-1.5477798,-2.5993843
1118,2026-05-11 16:15:54.051179,-0.89072275,-1.3859955,-0.5330189,1.4856243,-1.5477798,-2.5993843
1119,2026-05-11 16:15:54.053852,-0.89072275,-1.3859955,-0.5330189,1.4856243,-1.5477798,-2.5993843
1120,2026-05-11 16:15:54.056757,-0.89072275,-1.3859955,-0.5330189,1.4856243,-1.5477798,-2.5993843
1121,2026-05-11 16:15:54.059451,-0.89072275,-1.3859955,-0.5330189,1.4856243,-1.5477798,-2.5993843
1122,2026-05-11 16:15:54.062188,-0.89072275,-1.3859955,-0.5330189,0.6597345,-1.0264063,-2.0172298
1123,2026-05-11 16:15:54.065047,-0.89072275,-1.3859955,-0.5330189,0.6597345,-1.0264063,-2.0172298
1124,2026-05-11 16:15:54.068141,-0.89072275,-1.3859955,-0.5330189,0.6597345,-1.0264063,-2.0172298
1125,2026-05-11 16:15:54.070966,-0.8690751,-1.3327607,-0.42276856,0.6597345,-1.0264063,-2.0172298
1126,2026-05-11 16:15:54.073724,-0.8690751,-1.3327607,-0.42276856,0.6597345,-1.0264063,-2.0172298
1127,2026-05-11 16:15:54.076507,-0.8690751,-1.3327607,-0.42276856,-0.19135354,-0.38072178,-1.3448198
1128,2026-05-11 16:15:54.079134,-0.8690751,-1.3327607,-0.42276856,-0.19135354,-0.38072178,-1.3448198
1129,2026-05-11 16:15:54.082270,-0.8690751,-1.3327607,-0.42276856,-0.19135354,-0.38072178,-1.3448198
1130,2026-05-11 16:15:54.085252,-0.8690751,-1.3327607,-0.42276856,-0.19135354,-0.38072178,-1.3448198
1131,2026-05-11 16:15:54.087924,-0.8690751,-1.3327607,-0.42276856,-0.19135354,-0.38072178,-1.3448198
1132,2026-05-11 16:15:54.090760,-0.8690751,-1.3327607,-0.42276856,-0.19135354,-0.38072178,-1.3448198
1133,2026-05-11 16:15:54.093388,-0.8690751,-1.3327607,-0.42276856,-0.19135354,-0.38072178,-1.3448198
1134,2026-05-11 16:15:54.096171,-0.8690751,-1.3327607,-0.42276856,-0.19135354,-0.38072178,-1.3448198
1135,2026-05-11 16:15:54.099329,-0.8690751,-1.3327607,-0.42276856,-0.19135354,-0.38072178,-1.3448198
1136,2026-05-11 16:15:54.102162,-0.7811431,-1.1991553,-0.27215004,-0.19135354,-0.38072178,-1.3448198
1137,2026-05-11 16:15:54.104872,-0.7811431,-1.1991553,-0.27215004,-0.19135354,-0.38072178,-1.3448198
1138,2026-05-11 16:15:54.107546,-0.7811431,-1.1991553,-0.27215004,-0.19135354,-0.38072178,-1.3448198
1139,2026-05-11 16:15:54.110159,-0.7811431,-1.1991553,-0.27215004,-0.19135354,-0.38072178,-1.3448198
1140,2026-05-11 16:15:54.112856,-0.7811431,-1.1991553,-0.27215004,-0.19135354,-0.38072178,-1.3448198
1141,2026-05-11 16:15:54.115792,-0.7811431,-1.1991553,-0.27215004,-0.19135354,-0.38072178,-1.3448198
1142,2026-05-11 16:15:54.118493,-0.7811431,-1.1991553,-0.27215004,-0.19135354,-0.38072178,-1.3448198
1143,2026-05-11 16:15:54.121200,-0.7811431,-1.1991553,-0.27215004,-0.19135354,-0.38072178,-1.3448198
1144,2026-05-11 16:15:54.124070,-0.7811431,-1.1991553,-0.27215004,-0.19135354,-0.38072178,-1.3448198
1145,2026-05-11 16:15:54.126727,-0.7811431,-1.1991553,-0.27215004,-0.19135354,-0.38072178,-1.3448198
1146,2026-05-11 16:15:54.129348,-0.7811431,-1.1991553,-0.27215004,-0.19135354,-0.38072178,-1.3448198
1147,2026-05-11 16:15:54.132326,-0.7811431,-1.1991553,-0.27215004,-0.19135354,-0.38072178,-1.3448198
1148,2026-05-11 16:15:54.135467,-0.7811431,-1.1991553,-0.27215004,-0.7687739,0.118202426,-0.73655075
1149,2026-05-11 16:15:54.138159,-0.6307075,-1.0534151,-0.16354613,-0.98914355,0.31230485,-0.43127087
1150,2026-05-11 16:15:54.140795,-0.6307075,-1.0534151,-0.16354613,-0.98914355,0.31230485,-0.43127087
1151,2026-05-11 16:15:54.143659,-0.6307075,-1.0534151,-0.16354613,-0.98914355,0.31230485,-0.43127087
1152,2026-05-11 16:15:54.146290,-0.6307075,-1.0534151,-0.16354613,-0.98914355,0.31230485,-0.43127087
1153,2026-05-11 16:15:54.149450,-0.6307075,-1.0534151,-0.16354613,-0.98914355,0.31230485,-0.43127087
1154,2026-05-11 16:15:54.152222,-0.6307075,-1.0534151,-0.16354613,-0.98914355,0.31230485,-0.43127087
1155,2026-05-11 16:15:54.154841,-0.6307075,-1.0534151,-0.16354613,-0.98914355,0.31230485,-0.43127087
1156,2026-05-11 16:15:54.157610,-0.6307075,-1.0534151,-0.16354613,-0.98914355,0.31230485,-0.43127087
1157,2026-05-11 16:15:54.160388,-0.6307075,-1.0534151,-0.16354613,-0.98914355,0.31230485,-0.43127087
1158,2026-05-11 16:15:54.163035,-0.6307075,-1.0534151,-0.16354613,-0.98914355,0.31230485,-0.43127087
1159,2026-05-11 16:15:54.165988,-0.6307075,-1.0534151,-0.16354613,-0.98914355,0.31230485,-0.43127087
1160,2026-05-11 16:15:54.168808,-0.39795005,-0.82462126,0.0015854583,-0.98914355,0.31230485,-0.43127087
1161,2026-05-11 16:15:54.171517,-0.39795005,-0.82462126,0.0015854583,-0.98914355,0.31230485,-0.43127087
1162,2026-05-11 16:15:54.174118,-0.39795005,-0.82462126,0.0015854583,-0.98914355,0.31230485,-0.43127087
1163,2026-05-11 16:15:54.176851,-0.39795005,-0.82462126,0.0015854583,-1.1371256,0.56169057,-0.04627304
1164,2026-05-11 16:15:54.179479,-0.39795005,-0.82462126,0.0015854583,-1.1371256,0.56169057,-0.04627304
1165,2026-05-11 16:15:54.182334,-0.39795005,-0.82462126,0.0015854583,-1.1371256,0.56169057,-0.04627304
1166,2026-05-11 16:15:54.185049,-0.39795005,-0.82462126,0.0015854583,-1.1371256,0.56169057,-0.04627304
1167,2026-05-11 16:15:54.187624,-0.39795005,-0.82462126,0.0015854583,-1.1371256,0.56169057,-0.04627304
1168,2026-05-11 16:15:54.190192,-0.39795005,-0.82462126,0.0015854583,-1.1371256,0.56169057,-0.04627304
1169,2026-05-11 16:15:54.192769,-0.39795005,-0.82462126,0.0015854583,-1.1371256,0.56169057,-0.04627304
1170,2026-05-11 16:15:54.195326,-0.39795005,-0.82462126,0.0015854583,-1.1371256,0.56169057,-0.04627304
1171,2026-05-11 16:15:54.197897,-0.39795005,-0.82462126,0.0015854583,-1.1371256,0.56169057,-0.04627304
1172,2026-05-11 16:15:54.201211,-0.39795005,-0.82462126,0.0015854583,-1.1371256,0.56169057,-0.04627304
1173,2026-05-11 16:15:54.203906,-0.39795005,-0.82462126,0.0015854583,-1.1371256,0.56169057,-0.04627304
1174,2026-05-11 16:15:54.206697,-0.31337196,-0.6715026,0.1006766,-0.98731095,0.61269784,0.13836098
1175,2026-05-11 16:15:54.209296,-0.31337196,-0.6715026,0.1006766,-0.7301367,0.5403103,0.2848159
1176,2026-05-11 16:15:54.212208,-0.20970736,-0.50624907,0.20671937,-0.7301367,0.5403103,0.2848159
1177,2026-05-11 16:15:54.214947,-0.20970736,-0.50624907,0.20671937,-0.7301367,0.5403103,0.2848159
1178,2026-05-11 16:15:54.218043,-0.20970736,-0.50624907,0.20671937,-0.7301367,0.5403103,0.2848159
1179,2026-05-11 16:15:54.220699,-0.20970736,-0.50624907,0.20671937,-0.7301367,0.5403103,0.2848159
1180,2026-05-11 16:15:54.223441,-0.20970736,-0.50624907,0.20671937,-0.7301367,0.5403103,0.2848159
1181,2026-05-11 16:15:54.226128,-0.20970736,-0.50624907,0.20671937,-0.7301367,0.5403103,0.2848159
1182,2026-05-11 16:15:54.228983,-0.20970736,-0.50624907,0.20671937,-0.7301367,0.5403103,0.2848159
1183,2026-05-11 16:15:54.231763,-0.20970736,-0.50624907,0.20671937,-0.7301367,0.5403103,0.2848159
1184,2026-05-11 16:15:54.234908,-0.09488358,-0.36685067,0.30489585,-0.7301367,0.5403103,0.2848159
1185,2026-05-11 16:15:54.237590,-0.09488358,-0.36685067,0.30489585,-0.7301367,0.5403103,0.2848159
1186,2026-05-11 16:15:54.240204,-0.09488358,-0.36685067,0.30489585,-0.7301367,0.5403103,0.2848159
1187,2026-05-11 16:15:54.242864,-0.09488358,-0.36685067,0.30489585,-0.7301367,0.5403103,0.2848159
1188,2026-05-11 16:15:54.245461,-0.09488358,-0.36685067,0.30489585,-0.7301367,0.5403103,0.2848159
1189,2026-05-11 16:15:54.248268,-0.09488358,-0.36685067,0.30489585,-0.7301367,0.5403103,0.2848159
1190,2026-05-11 16:15:54.251543,-0.09488358,-0.36685067,0.30489585,-0.17073683,0.37965274,0.4457789
1191,2026-05-11 16:15:54.254199,-0.09488358,-0.36685067,0.30489585,-0.17073683,0.37965274,0.4457789
1192,2026-05-11 16:15:54.257060,-0.09488358,-0.36685067,0.30489585,0.052687127,0.33322698,0.49968776
1193,2026-05-11 16:15:54.259728,-0.09488358,-0.36685067,0.30489585,0.052687127,0.33322698,0.49968776
1194,2026-05-11 16:15:54.262502,-0.09488358,-0.36685067,0.30489585,0.052687127,0.33322698,0.49968776
1195,2026-05-11 16:15:54.265479,-0.0837244,-0.32800692,0.33623913,0.052687127,0.33322698,0.49968776
1196,2026-05-11 16:15:54.268470,-0.0837244,-0.32800692,0.33623913,0.052687127,0.33322698,0.49968776
1197,2026-05-11 16:15:54.271248,-0.0837244,-0.32800692,0.33623913,0.052687127,0.33322698,0.49968776
1198,2026-05-11 16:15:54.273961,-0.0837244,-0.32800692,0.33623913,0.052687127,0.33322698,0.49968776
1199,2026-05-11 16:15:54.276573,-0.0837244,-0.32800692,0.33623913,0.052687127,0.33322698,0.49968776
1200,2026-05-11 16:15:54.279406,-0.0837244,-0.32800692,0.33623913,0.052687127,0.33322698,0.49968776
1201,2026-05-11 16:15:54.282582,-0.0837244,-0.32800692,0.33623913,0.052687127,0.33322698,0.49968776
1202,2026-05-11 16:15:54.285378,-0.0837244,-0.32800692,0.33623913,0.052687127,0.33322698,0.49968776
1203,2026-05-11 16:15:54.288026,-0.0837244,-0.32800692,0.33623913,0.052687127,0.33322698,0.49968776
1204,2026-05-11 16:15:54.290939,-0.0837244,-0.32800692,0.33623913,0.052687127,0.33322698,0.49968776
1205,2026-05-11 16:15:54.293640,-0.0837244,-0.32800692,0.33623913,0.052687127,0.33322698,0.49968776
1206,2026-05-11 16:15:54.296429,-0.0837244,-0.32800692,0.33623913,0.052687127,0.33322698,0.49968776
1207,2026-05-11 16:15:54.299559,-0.0837244,-0.32800692,0.33623913,0.052687127,0.33322698,0.49968776
1208,2026-05-11 16:15:54.302311,-0.0837244,-0.32800692,0.33623913,0.052687127,0.33322698,0.49968776
1209,2026-05-11 16:15:54.304904,-0.0837244,-0.32800692,0.33623913,0.052687127,0.33322698,0.49968776
1210,2026-05-11 16:15:54.307746,-0.0837244,-0.32800692,0.33623913,0.052687127,0.33322698,0.49968776
1211,2026-05-11 16:15:54.310445,-0.06933331,-0.22556195,0.40764573,0.99021256,0.22571471,0.8045095
1212,2026-05-11 16:15:54.313050,-0.06933331,-0.22556195,0.40764573,0.99021256,0.22571471,0.8045095
1213,2026-05-11 16:15:54.316107,-0.06933331,-0.22556195,0.40764573,0.99021256,0.22571471,0.8045095
1214,2026-05-11 16:15:54.318844,-0.06933331,-0.22556195,0.40764573,1.5972599,0.14049901,1.0795516
1215,2026-05-11 16:15:54.321417,-0.06933331,-0.22556195,0.40764573,1.5972599,0.14049901,1.0795516
1216,2026-05-11 16:15:54.324342,-0.06933331,-0.22556195,0.40764573,1.5972599,0.14049901,1.0795516
1217,2026-05-11 16:15:54.326979,-0.06933331,-0.22556195,0.40764573,1.5972599,0.14049901,1.0795516
1218,2026-05-11 16:15:54.329811,-0.06933331,-0.22556195,0.40764573,1.5972599,0.14049901,1.0795516
1219,2026-05-11 16:15:54.333179,-0.08878566,-0.15933856,0.3731925,1.5972599,0.14049901,1.0795516
1220,2026-05-11 16:15:54.336006,-0.08878566,-0.15933856,0.3731925,1.5972599,0.14049901,1.0795516
1221,2026-05-11 16:15:54.338807,-0.08878566,-0.15933856,0.3731925,1.5972599,0.14049901,1.0795516
1222,2026-05-11 16:15:54.341448,-0.08878566,-0.15933856,0.3731925,1.5972599,0.14049901,1.0795516
1223,2026-05-11 16:15:54.344046,-0.08878566,-0.15933856,0.3731925,1.5972599,0.14049901,1.0795516
1224,2026-05-11 16:15:54.346788,-0.08878566,-0.15933856,0.3731925,1.5972599,0.14049901,1.0795516
1225,2026-05-11 16:15:54.349682,-0.08878566,-0.15933856,0.3731925,1.5972599,0.14049901,1.0795516
1226,2026-05-11 16:15:54.352602,-0.08878566,-0.15933856,0.3731925,1.5972599,0.14049901,1.0795516
1227,2026-05-11 16:15:54.355257,-0.08878566,-0.15933856,0.3731925,1.5972599,0.14049901,1.0795516
1228,2026-05-11 16:15:54.357939,-0.08878566,-0.15933856,0.3731925,1.5972599,0.14049901,1.0795516
1229,2026-05-11 16:15:54.360695,-0.08878566,-0.15933856,0.3731925,1.5972599,0.14049901,1.0795516
1230,2026-05-11 16:15:54.363325,-0.08878566,-0.15933856,0.3731925,1.5972599,0.14049901,1.0795516
1231,2026-05-11 16:15:54.366266,-0.09616415,-0.08268775,0.16153382,2.2174408,0.04337143,1.5792394
1232,2026-05-11 16:15:54.369667,-0.09616415,-0.08268775,0.16153382,2.2174408,0.04337143,1.5792394
1233,2026-05-11 16:15:54.372417,-0.09616415,-0.08268775,0.16153382,2.2174408,0.04337143,1.5792394
1234,2026-05-11 16:15:54.375081,-0.09616415,-0.08268775,0.16153382,2.2174408,0.04337143,1.5792394
1235,2026-05-11 16:15:54.377737,-0.09616415,-0.08268775,0.16153382,2.2174408,0.04337143,1.5792394
1236,2026-05-11 16:15:54.380590,0.010793312,-0.077382565,-0.30782285,2.2740986,0.23854288,2.2747095
1237,2026-05-11 16:15:54.383628,0.010793312,-0.077382565,-0.30782285,2.2740986,0.23854288,2.2747095
1238,2026-05-11 16:15:54.386833,0.010793312,-0.077382565,-0.30782285,2.2740986,0.23854288,2.2747095
1239,2026-05-11 16:15:54.389631,0.010793312,-0.077382565,-0.30782285,2.2740986,0.23854288,2.2747095
1240,2026-05-11 16:15:54.392214,0.010793312,-0.077382565,-0.30782285,2.2740986,0.23854288,2.2747095
1241,2026-05-11 16:15:54.394795,0.010793312,-0.077382565,-0.30782285,2.2740986,0.23854288,2.2747095
1242,2026-05-11 16:15:54.397386,0.010793312,-0.077382565,-0.30782285,2.2740986,0.23854288,2.2747095
1243,2026-05-11 16:15:54.400303,0.010793312,-0.077382565,-0.30782285,2.2740986,0.23854288,2.2747095
1244,2026-05-11 16:15:54.403024,0.010793312,-0.077382565,-0.30782285,2.2740986,0.23854288,2.2747095
1245,2026-05-11 16:15:54.405596,0.010793312,-0.077382565,-0.30782285,2.2740986,0.23854288,2.2747095
1246,2026-05-11 16:15:54.408233,0.06683317,-0.096347086,-0.474174,2.0636556,0.4175264,2.5297456
1247,2026-05-11 16:15:54.411054,0.06683317,-0.096347086,-0.474174,2.0636556,0.4175264,2.5297456
1248,2026-05-11 16:15:54.413669,0.06683317,-0.096347086,-0.474174,2.0636556,0.4175264,2.5297456
1249,2026-05-11 16:15:54.417022,0.06683317,-0.096347086,-0.474174,2.0636556,0.4175264,2.5297456
1250,2026-05-11 16:15:54.419844,0.06683317,-0.096347086,-0.474174,2.0636556,0.4175264,2.5297456
1251,2026-05-11 16:15:54.422452,0.06683317,-0.096347086,-0.474174,2.0636556,0.4175264,2.5297456
1252,2026-05-11 16:15:54.425058,0.06683317,-0.096347086,-0.474174,2.0636556,0.4175264,2.5297456
1253,2026-05-11 16:15:54.427659,0.06683317,-0.096347086,-0.474174,2.0636556,0.4175264,2.5297456
1254,2026-05-11 16:15:54.430230,0.06683317,-0.096347086,-0.474174,2.0636556,0.4175264,2.5297456
1255,2026-05-11 16:15:54.433348,0.06683317,-0.096347086,-0.474174,2.0636556,0.4175264,2.5297456
1256,2026-05-11 16:15:54.436220,0.06683317,-0.096347086,-0.474174,2.0636556,0.4175264,2.5297456
1257,2026-05-11 16:15:54.438907,0.06683317,-0.096347086,-0.474174,2.0636556,0.4175264,2.5297456
1258,2026-05-11 16:15:54.441622,0.06683317,-0.096347086,-0.474174,2.0636556,0.4175264,2.5297456
1259,2026-05-11 16:15:54.444220,0.06683317,-0.096347086,-0.474174,2.0636556,0.4175264,2.5297456
1260,2026-05-11 16:15:54.446962,0.06683317,-0.096347086,-0.474174,2.0636556,0.4175264,2.5297456
1261,2026-05-11 16:15:54.450098,0.19976775,-0.17452239,-0.7762038,0.59635717,1.4353806,3.4735324
1262,2026-05-11 16:15:54.452862,0.19976775,-0.17452239,-0.7762038,0.59635717,1.4353806,3.4735324
1263,2026-05-11 16:15:54.455552,0.19976775,-0.17452239,-0.7762038,0.59635717,1.4353806,3.4735324
1264,2026-05-11 16:15:54.458149,0.19976775,-0.17452239,-0.7762038,0.59635717,1.4353806,3.4735324
1265,2026-05-11 16:15:54.460987,0.19976775,-0.17452239,-0.7762038,0.59635717,1.4353806,3.4735324
1266,2026-05-11 16:15:54.463623,0.19976775,-0.17452239,-0.7762038,0.59635717,1.4353806,3.4735324
1267,2026-05-11 16:15:54.466577,0.19976775,-0.17452239,-0.7762038,0.59635717,1.4353806,3.4735324
1268,2026-05-11 16:15:54.469551,0.19976775,-0.17452239,-0.7762038,0.59635717,1.4353806,3.4735324
1269,2026-05-11 16:15:54.472181,0.19976775,-0.17452239,-0.7762038,0.59635717,1.4353806,3.4735324
1270,2026-05-11 16:15:54.474859,0.29239509,-0.28404096,-0.70065063,0.59635717,1.4353806,3.4735324
1271,2026-05-11 16:15:54.477496,0.29239509,-0.28404096,-0.70065063,0.59635717,1.4353806,3.4735324
1272,2026-05-11 16:15:54.480074,0.29239509,-0.28404096,-0.70065063,0.59635717,1.4353806,3.4735324
1273,2026-05-11 16:15:54.483184,0.29239509,-0.28404096,-0.70065063,0.59635717,1.4353806,3.4735324
1274,2026-05-11 16:15:54.485860,0.29239509,-0.28404096,-0.70065063,0.59635717,1.4353806,3.4735324
1275,2026-05-11 16:15:54.488635,0.29239509,-0.28404096,-0.70065063,-0.61666846,2.0911446,4.172515
1276,2026-05-11 16:15:54.491350,0.29239509,-0.28404096,-0.70065063,-0.61666846,2.0911446,4.172515
1277,2026-05-11 16:15:54.493982,0.29239509,-0.28404096,-0.70065063,-0.61666846,2.0911446,4.172515
1278,2026-05-11 16:15:54.496742,0.29239509,-0.28404096,-0.70065063,-0.61666846,2.0911446,4.172515
1279,2026-05-11 16:15:54.500050,0.29239509,-0.28404096,-0.70065063,-0.61666846,2.0911446,4.172515
1280,2026-05-11 16:15:54.502862,0.29239509,-0.28404096,-0.70065063,-0.61666846,2.0911446,4.172515
1281,2026-05-11 16:15:54.505475,0.29239509,-0.28404096,-0.70065063,-0.61666846,2.0911446,4.172515
1282,2026-05-11 16:15:54.508274,0.29239509,-0.28404096,-0.70065063,-0.61666846,2.0911446,4.172515
1283,2026-05-11 16:15:54.510875,0.29239509,-0.28404096,-0.70065063,-0.61666846,2.0911446,4.172515
1284,2026-05-11 16:15:54.513650,0.29239509,-0.28404096,-0.70065063,-0.61666846,2.0911446,4.172515
1285,2026-05-11 16:15:54.516843,0.35556954,-0.38349798,-0.55460554,-1.3933836,2.339003,4.7542114
1286,2026-05-11 16:15:54.519740,0.35556954,-0.38349798,-0.55460554,-1.3933836,2.339003,4.7542114
1287,2026-05-11 16:15:54.522447,0.35556954,-0.38349798,-0.55460554,-1.3933836,2.339003,4.7542114
1288,2026-05-11 16:15:54.525078,0.35556954,-0.38349798,-0.55460554,-1.3933836,2.339003,4.7542114
1289,2026-05-11 16:15:54.527864,0.35556954,-0.38349798,-0.55460554,-1.3933836,2.339003,4.7542114
1290,2026-05-11 16:15:54.530444,0.35556954,-0.38349798,-0.55460554,-1.3933836,2.339003,4.7542114
1291,2026-05-11 16:15:54.533597,0.35556954,-0.38349798,-0.55460554,-1.3933836,2.339003,4.7542114
1292,2026-05-11 16:15:54.536446,0.35556954,-0.38349798,-0.55460554,-1.3933836,2.339003,4.7542114
1293,2026-05-11 16:15:54.539023,0.35556954,-0.38349798,-0.55460554,-1.3933836,2.339003,4.7542114
1294,2026-05-11 16:15:54.541782,0.35556954,-0.38349798,-0.55460554,-1.3933836,2.339003,4.7542114
1295,2026-05-11 16:15:54.544382,0.35556954,-0.38349798,-0.55460554,-1.3933836,2.339003,4.7542114
1296,2026-05-11 16:15:54.546943,0.35556954,-0.38349798,-0.55460554,-1.3933836,2.339003,4.7542114
1297,2026-05-11 16:15:54.549931,0.35556954,-0.38349798,-0.55460554,-1.3933836,2.339003,4.7542114
1298,2026-05-11 16:15:54.552650,0.35556954,-0.38349798,-0.55460554,-1.3933836,2.339003,4.7542114
1299,2026-05-11 16:15:54.555255,0.35556954,-0.38349798,-0.55460554,-1.3933836,2.339003,4.7542114
1300,2026-05-11 16:15:54.557942,0.35556954,-0.38349798,-0.55460554,-1.3933836,2.339003,4.7542114
1301,2026-05-11 16:15:54.560587,0.35556954,-0.38349798,-0.55460554,-1.3933836,2.339003,4.7542114
1302,2026-05-11 16:15:54.563171,0.35556954,-0.38349798,-0.55460554,-1.3933836,2.339003,4.7542114
1303,2026-05-11 16:15:54.566247,0.35556954,-0.38349798,-0.55460554,-1.3933836,2.339003,4.7542114
1304,2026-05-11 16:15:54.569048,0.35556954,-0.38349798,-0.55460554,-1.3933836,2.339003,4.7542114
1305,2026-05-11 16:15:54.571662,0.35556954,-0.38349798,-0.55460554,-1.3933836,2.339003,4.7542114
1306,2026-05-11 16:15:54.574401,0.35556954,-0.38349798,-0.55460554,-1.3933836,2.339003,4.7542114
1307,2026-05-11 16:15:54.577205,0.49673632,-0.57552135,-0.3670946,-1.3933836,2.339003,4.7542114
1308,2026-05-11 16:15:54.579871,0.49673632,-0.57552135,-0.3670946,-1.3933836,2.339003,4.7542114
1309,2026-05-11 16:15:54.582866,0.49673632,-0.57552135,-0.3670946,-1.3933836,2.339003,4.7542114
1310,2026-05-11 16:15:54.585656,0.49673632,-0.57552135,-0.3670946,-1.3933836,2.339003,4.7542114
1311,2026-05-11 16:15:54.588385,0.49673632,-0.57552135,-0.3670946,-2.0926716,2.3900104,5.5353556
1312,2026-05-11 16:15:54.591018,0.49673632,-0.57552135,-0.3670946,-2.0926716,2.3900104,5.5353556
1313,2026-05-11 16:15:54.593837,0.49673632,-0.57552135,-0.3670946,-2.0926716,2.3900104,5.5353556
1314,2026-05-11 16:15:54.596487,0.49673632,-0.57552135,-0.3670946,-2.0926716,2.3900104,5.5353556
1315,2026-05-11 16:15:54.599722,0.49673632,-0.57552135,-0.3670946,-2.0926716,2.3900104,5.5353556
1316,2026-05-11 16:15:54.602561,0.49673632,-0.57552135,-0.3670946,-2.0926716,2.3900104,5.5353556
1317,2026-05-11 16:15:54.605262,0.49673632,-0.57552135,-0.3670946,-2.0926716,2.3900104,5.5353556
1318,2026-05-11 16:15:54.607850,0.49673632,-0.57552135,-0.3670946,-2.0926716,2.3900104,5.5353556
1319,2026-05-11 16:15:54.610574,1.1377493,-0.85248876,-0.023537958,-2.6519186,1.9488128,6.77419
1320,2026-05-11 16:15:54.613165,1.1377493,-0.85248876,-0.023537958,-2.6519186,1.9488128,6.77419
1321,2026-05-11 16:15:54.616288,1.1377493,-0.85248876,-0.023537958,-2.6519186,1.9488128,6.77419
1322,2026-05-11 16:15:54.619096,1.1377493,-0.85248876,-0.023537958,-2.6519186,1.9488128,6.77419
1323,2026-05-11 16:15:54.621841,1.1377493,-0.85248876,-0.023537958,-2.6519186,1.9488128,6.77419
1324,2026-05-11 16:15:54.624538,1.1377493,-0.85248876,-0.023537958,-2.6519186,1.9488128,6.77419
1325,2026-05-11 16:15:54.627127,1.1377493,-0.85248876,-0.023537958,-2.6519186,1.9488128,6.77419
1326,2026-05-11 16:15:54.629930,1.1377493,-0.85248876,-0.023537958,-2.6519186,1.9488128,6.77419
1327,2026-05-11 16:15:54.632963,1.1377493,-0.85248876,-0.023537958,-2.6519186,1.9488128,6.77419
1328,2026-05-11 16:15:54.635752,1.1377493,-0.85248876,-0.023537958,-2.6519186,1.9488128,6.77419
1329,2026-05-11 16:15:54.638451,1.1377493,-0.85248876,-0.023537958,-2.6519186,1.9488128,6.77419
1330,2026-05-11 16:15:54.641027,1.1377493,-0.85248876,-0.023537958,-2.6519186,1.9488128,6.77419
1331,2026-05-11 16:15:54.643774,1.1377493,-0.85248876,-0.023537958,-2.6519186,1.9488128,6.77419
1332,2026-05-11 16:15:54.646433,1.1377493,-0.85248876,-0.023537958,-2.6519186,1.9488128,6.77419
1333,2026-05-11 16:15:54.649331,1.1377493,-0.85248876,-0.023537958,-2.6519186,1.9488128,6.77419
1334,2026-05-11 16:15:54.652252,1.6028374,-0.9085286,0.18214478,-2.6519186,1.9488128,6.77419
1335,2026-05-11 16:15:54.654872,1.6028374,-0.9085286,0.18214478,-2.6519186,1.9488128,6.77419
1336,2026-05-11 16:15:54.657532,1.6028374,-0.9085286,0.18214478,-2.3935227,1.2589933,7.2053084
1337,2026-05-11 16:15:54.660321,1.6028374,-0.9085286,0.18214478,-2.3935227,1.2589933,7.2053084
1338,2026-05-11 16:15:54.662962,1.6028374,-0.9085286,0.18214478,-2.3935227,1.2589933,7.2053084
1339,2026-05-11 16:15:54.666117,1.6028374,-0.9085286,0.18214478,-2.3935227,1.2589933,7.2053084
1340,2026-05-11 16:15:54.669025,1.6028374,-0.9085286,0.18214478,-2.3935227,1.2589933,7.2053084
1341,2026-05-11 16:15:54.671663,1.6028374,-0.9085286,0.18214478,-2.3935227,1.2589933,7.2053084
1342,2026-05-11 16:15:54.674307,1.6028374,-0.9085286,0.18214478,-2.3935227,1.2589933,7.2053084
1343,2026-05-11 16:15:54.677107,1.6028374,-0.9085286,0.18214478,-2.3935227,1.2589933,7.2053084
1344,2026-05-11 16:15:54.679730,1.6028374,-0.9085286,0.18214478,-2.3935227,1.2589933,7.2053084
1345,2026-05-11 16:15:54.682797,1.6028374,-0.9085286,0.18214478,-2.3935227,1.2589933,7.2053084
1346,2026-05-11 16:15:54.685596,1.6028374,-0.9085286,0.18214478,-2.3935227,1.2589933,7.2053084
1347,2026-05-11 16:15:54.688177,1.6028374,-0.9085286,0.18214478,-2.3935227,1.2589933,7.2053084
1348,2026-05-11 16:15:54.690949,1.6028374,-0.9085286,0.18214478,-2.3935227,1.2589933,7.2053084
1349,2026-05-11 16:15:54.693537,1.6028374,-0.9085286,0.18214478,-2.3935227,1.2589933,7.2053084
1350,2026-05-11 16:15:54.696291,1.6028374,-0.9085286,0.18214478,-2.3935227,1.2589933,7.2053084
1351,2026-05-11 16:15:54.699366,1.6028374,-0.9085286,0.18214478,-2.3935227,1.2589933,7.2053084
1352,2026-05-11 16:15:54.702195,1.6028374,-0.9085286,0.18214478,-2.3935227,1.2589933,7.2053084
1353,2026-05-11 16:15:54.704867,1.6028374,-0.9085286,0.18214478,-2.3935227,1.2589933,7.2053084
1354,2026-05-11 16:15:54.707656,2.0118856,-0.88310033,0.33916613,-2.3935227,1.2589933,7.2053084
1355,2026-05-11 16:15:54.710400,2.0118856,-0.88310033,0.33916613,-2.3935227,1.2589933,7.2053084
1356,2026-05-11 16:15:54.713254,2.0118856,-0.88310033,0.33916613,-2.3935227,1.2589933,7.2053084
1357,2026-05-11 16:15:54.716283,2.0118856,-0.88310033,0.33916613,-2.3935227,1.2589933,7.2053084
1358,2026-05-11 16:15:54.719127,2.0118856,-0.88310033,0.33916613,-1.9167424,0.6711882,7.24364
1359,2026-05-11 16:15:54.721747,2.0118856,-0.88310033,0.33916613,-1.9167424,0.6711882,7.24364
1360,2026-05-11 16:15:54.724346,2.0118856,-0.88310033,0.33916613,-1.9167424,0.6711882,7.24364
1361,2026-05-11 16:15:54.727099,2.0118856,-0.88310033,0.33916613,-1.9167424,0.6711882,7.24364
1362,2026-05-11 16:15:54.729918,2.0118856,-0.88310033,0.33916613,-1.9167424,0.6711882,7.24364
1363,2026-05-11 16:15:54.733074,2.0118856,-0.88310033,0.33916613,-1.9167424,0.6711882,7.24364
1364,2026-05-11 16:15:54.736000,1.9138923,-0.8548669,0.2804432,-0.6940956,-0.00580322,7.826711
1365,2026-05-11 16:15:54.738752,1.9138923,-0.8548669,0.2804432,-0.6940956,-0.00580322,7.826711
1366,2026-05-11 16:15:54.741650,1.9138923,-0.8548669,0.2804432,-0.6940956,-0.00580322,7.826711
1367,2026-05-11 16:15:54.744313,1.9138923,-0.8548669,0.2804432,-0.6940956,-0.00580322,7.826711
1368,2026-05-11 16:15:54.746964,1.9138923,-0.8548669,0.2804432,-0.6940956,-0.00580322,7.826711
1369,2026-05-11 16:15:54.750021,1.9138923,-0.8548669,0.2804432,-0.6940956,-0.00580322,7.826711
1370,2026-05-11 16:15:54.752760,1.9138923,-0.8548669,0.2804432,-0.6940956,-0.00580322,7.826711
1371,2026-05-11 16:15:54.755626,1.6096061,-0.8510253,-0.020671938,-0.6940956,-0.00580322,7.826711
1372,2026-05-11 16:15:54.758334,1.6096061,-0.8510253,-0.020671938,-0.6940956,-0.00580322,7.826711
1373,2026-05-11 16:15:54.761045,1.6096061,-0.8510253,-0.020671938,-0.6940956,-0.00580322,7.826711
1374,2026-05-11 16:15:54.763635,1.6096061,-0.8510253,-0.020671938,-0.6940956,-0.00580322,7.826711
1375,2026-05-11 16:15:54.766656,1.6096061,-0.8510253,-0.020671938,-0.6940956,-0.00580322,7.826711
1376,2026-05-11 16:15:54.769452,1.6096061,-0.8510253,-0.020671938,-0.6940956,-0.00580322,7.826711
1377,2026-05-11 16:15:54.772133,1.6096061,-0.8510253,-0.020671938,-0.6940956,-0.00580322,7.826711
1378,2026-05-11 16:15:54.774971,1.6096061,-0.8510253,-0.020671938,-0.6940956,-0.00580322,7.826711
1379,2026-05-11 16:15:54.777818,1.6079596,-0.90310144,-0.14445965,-1.7234036,0.50701815,9.121135
1380,2026-05-11 16:15:54.780453,1.6079596,-0.90310144,-0.14445965,-1.7234036,0.50701815,9.121135
1381,2026-05-11 16:15:54.783500,1.6079596,-0.90310144,-0.14445965,-1.7234036,0.50701815,9.121135
1382,2026-05-11 16:15:54.786361,1.6079596,-0.90310144,-0.14445965,-1.7234036,0.50701815,9.121135
1383,2026-05-11 16:15:54.789142,2.3606865,-0.92712724,-0.04177073,-1.7234036,0.50701815,9.121135
1384,2026-05-11 16:15:54.791789,2.3606865,-0.92712724,-0.04177073,-1.7234036,0.50701815,9.121135
1385,2026-05-11 16:15:54.794559,3.3845267,-0.65930676,0.28343117,-1.7921259,0.15210545,8.7624035
1386,2026-05-11 16:15:54.797135,3.3845267,-0.65930676,0.28343117,-1.7921259,0.15210545,8.7624035
1387,2026-05-11 16:15:54.800748,3.3845267,-0.65930676,0.28343117,-1.7921259,0.15210545,8.7624035
1388,2026-05-11 16:15:54.803683,3.3845267,-0.65930676,0.28343117,-1.7921259,0.15210545,8.7624035
1389,2026-05-11 16:15:54.806301,3.3845267,-0.65930676,0.28343117,-1.7921259,0.15210545,8.7624035
1390,2026-05-11 16:15:54.809112,3.3845267,-0.65930676,0.28343117,-1.4065173,-0.29275718,7.641008
1391,2026-05-11 16:15:54.811849,3.3845267,-0.65930676,0.28343117,-1.4065173,-0.29275718,7.641008
1392,2026-05-11 16:15:54.814458,3.3845267,-0.65930676,0.28343117,-1.4065173,-0.29275718,7.641008
1393,2026-05-11 16:15:54.817568,3.3845267,-0.65930676,0.28343117,-1.4065173,-0.29275718,7.641008
1394,2026-05-11 16:15:54.820340,3.7894893,-0.34447134,0.46990547,-1.4065173,-0.29275718,7.641008
1395,2026-05-11 16:15:54.823174,3.7894893,-0.34447134,0.46990547,-1.4065173,-0.29275718,7.641008
1396,2026-05-11 16:15:54.825971,3.7894893,-0.34447134,0.46990547,-1.4065173,-0.29275718,7.641008
1397,2026-05-11 16:15:54.828668,3.7894893,-0.34447134,0.46990547,-1.4065173,-0.29275718,7.641008
1398,2026-05-11 16:15:54.831373,3.7894893,-0.34447134,0.46990547,-1.4065173,-0.29275718,7.641008
1399,2026-05-11 16:15:54.834752,3.4681294,0.083480485,0.47807667,-1.4065173,-0.29275718,7.641008
1400,2026-05-11 16:15:54.837648,3.4681294,0.083480485,0.47807667,-1.4065173,-0.29275718,7.641008
1401,2026-05-11 16:15:54.840340,2.8680942,0.40563342,0.3284948,-0.4859433,-0.56245416,4.763985
1402,2026-05-11 16:15:54.842950,2.8680942,0.40563342,0.3284948,-0.4859433,-0.56245416,4.763985
1403,2026-05-11 16:15:54.845682,2.8680942,0.40563342,0.3284948,-0.4859433,-0.56245416,4.763985
1404,2026-05-11 16:15:54.848799,2.8680942,0.40563342,0.3284948,-0.4859433,-0.56245416,4.763985
1405,2026-05-11 16:15:54.851656,2.8680942,0.40563342,0.3284948,-0.4859433,-0.56245416,4.763985
1406,2026-05-11 16:15:54.854238,2.8680942,0.40563342,0.3284948,-0.4859433,-0.56245416,4.763985
1407,2026-05-11 16:15:54.856836,2.8680942,0.40563342,0.3284948,-0.4859433,-0.56245416,4.763985
1408,2026-05-11 16:15:54.859407,2.8680942,0.40563342,0.3284948,-0.4859433,-0.56245416,4.763985
1409,2026-05-11 16:15:54.861975,2.8680942,0.40563342,0.3284948,-0.4859433,-0.56245416,4.763985
1410,2026-05-11 16:15:54.864545,2.8680942,0.40563342,0.3284948,-0.4859433,-0.56245416,4.763985
1411,2026-05-11 16:15:54.867765,2.315257,0.5792411,0.29026082,-0.4859433,-0.56245416,4.763985
1412,2026-05-11 16:15:54.870889,2.315257,0.5792411,0.29026082,-0.4859433,-0.56245416,4.763985
1413,2026-05-11 16:15:54.873584,2.315257,0.5792411,0.29026082,-0.4859433,-0.56245416,4.763985
1414,2026-05-11 16:15:54.876188,2.315257,0.5792411,0.29026082,-0.4859433,-0.56245416,4.763985
1415,2026-05-11 16:15:54.878873,2.315257,0.5792411,0.29026082,-0.49373183,-0.38530326,4.1184535
1416,2026-05-11 16:15:54.881619,2.315257,0.5792411,0.29026082,-0.49373183,-0.38530326,4.1184535
1417,2026-05-11 16:15:54.884893,2.2683032,1.0241451,0.45777062,1.7744108,-1.1108584,2.381
1418,2026-05-11 16:15:54.887690,2.2683032,1.0241451,0.45777062,1.7744108,-1.1108584,2.381
1419,2026-05-11 16:15:54.890319,2.2683032,1.0241451,0.45777062,1.7744108,-1.1108584,2.381
1420,2026-05-11 16:15:54.892942,2.2683032,1.0241451,0.45777062,1.7744108,-1.1108584,2.381
1421,2026-05-11 16:15:54.895701,2.2683032,1.0241451,0.45777062,1.7744108,-1.1108584,2.381
1422,2026-05-11 16:15:54.898609,2.2683032,1.0241451,0.45777062,1.7744108,-1.1108584,2.381
1423,2026-05-11 16:15:54.902031,2.2683032,1.0241451,0.45777062,1.7744108,-1.1108584,2.381
1424,2026-05-11 16:15:54.904882,2.3251967,1.1477499,0.088846646,1.7744108,-1.1108584,2.381
1425,2026-05-11 16:15:54.907642,2.3251967,1.1477499,0.088846646,1.7744108,-1.1108584,2.381
1426,2026-05-11 16:15:54.910288,2.3251967,1.1477499,0.088846646,1.7744108,-1.1108584,2.381
1427,2026-05-11 16:15:54.912914,2.3251967,1.1477499,0.088846646,1.7744108,-1.1108584,2.381
1428,2026-05-11 16:15:54.915806,2.3251967,1.1477499,0.088846646,1.9671388,-1.2186762,1.4587462
1429,2026-05-11 16:15:54.918657,2.3251967,1.1477499,0.088846646,1.9671388,-1.2186762,1.4587462
1430,2026-05-11 16:15:54.921405,2.3251967,1.1477499,0.088846646,1.9671388,-1.2186762,1.4587462
1431,2026-05-11 16:15:54.924159,2.3251967,1.1477499,0.088846646,1.9671388,-1.2186762,1.4587462
1432,2026-05-11 16:15:54.926847,2.3251967,1.1477499,0.088846646,1.9671388,-1.2186762,1.4587462
1433,2026-05-11 16:15:54.929446,2.3251967,1.1477499,0.088846646,1.9671388,-1.2186762,1.4587462
1434,2026-05-11 16:15:54.932498,2.3251967,1.1477499,0.088846646,1.9671388,-1.2186762,1.4587462
1435,2026-05-11 16:15:54.935711,2.3251967,1.1477499,0.088846646,1.9671388,-1.2186762,1.4587462
1436,2026-05-11 16:15:54.938446,2.3251967,1.1477499,0.088846646,1.9671388,-1.2186762,1.4587462
1437,2026-05-11 16:15:54.941049,2.3251967,1.1477499,0.088846646,1.9671388,-1.2186762,1.4587462
1438,2026-05-11 16:15:54.943959,2.3251967,1.1477499,0.088846646,1.9671388,-1.2186762,1.4587462
1439,2026-05-11 16:15:54.946676,2.3251967,1.1477499,0.088846646,1.9671388,-1.2186762,1.4587462
1440,2026-05-11 16:15:54.949450,2.3251967,1.1477499,0.088846646,1.9671388,-1.2186762,1.4587462
1441,2026-05-11 16:15:54.952806,2.3251967,1.1477499,0.088846646,1.7921259,-1.1919508,0.54336464
1442,2026-05-11 16:15:54.955768,2.3251967,1.1477499,0.088846646,1.7921259,-1.1919508,0.54336464
1443,2026-05-11 16:15:54.958519,2.3251967,1.1477499,0.088846646,1.7921259,-1.1919508,0.54336464
1444,2026-05-11 16:15:54.961145,2.3251967,1.1477499,0.088846646,1.7921259,-1.1919508,0.54336464
1445,2026-05-11 16:15:54.963868,2.3251967,1.1477499,0.088846646,1.7921259,-1.1919508,0.54336464
1446,2026-05-11 16:15:54.966895,2.3251967,1.1477499,0.088846646,1.7921259,-1.1919508,0.54336464
1447,2026-05-11 16:15:54.969740,2.3251967,1.1477499,0.088846646,1.7921259,-1.1919508,0.54336464
1448,2026-05-11 16:15:54.972504,2.3251967,1.1477499,0.088846646,1.7921259,-1.1919508,0.54336464
1449,2026-05-11 16:15:54.975256,2.3251967,1.1477499,0.088846646,1.7921259,-1.1919508,0.54336464
1450,2026-05-11 16:15:54.977926,2.2178733,1.1953137,-0.16220458,1.7921259,-1.1919508,0.54336464
1451,2026-05-11 16:15:54.980506,2.2178733,1.1953137,-0.16220458,1.7921259,-1.1919508,0.54336464
1452,2026-05-11 16:15:54.983821,2.2178733,1.1953137,-0.16220458,1.7921259,-1.1919508,0.54336464
1453,2026-05-11 16:15:54.986639,2.2178733,1.1953137,-0.16220458,1.7921259,-1.1919508,0.54336464
1454,2026-05-11 16:15:54.989408,2.2178733,1.1953137,-0.16220458,1.7921259,-1.1919508,0.54336464
1455,2026-05-11 16:15:54.992029,2.2178733,1.1953137,-0.16220458,1.7921259,-1.1919508,0.54336464
1456,2026-05-11 16:15:54.994772,2.2178733,1.1953137,-0.16220458,1.7921259,-1.1919508,0.54336464
1457,2026-05-11 16:15:54.997533,2.0094466,1.1559821,-0.3242872,1.1826351,-0.93187493,-0.38347065
1458,2026-05-11 16:15:55.000702,2.0094466,1.1559821,-0.3242872,1.1826351,-0.93187493,-0.38347065
1459,2026-05-11 16:15:55.003523,2.0094466,1.1559821,-0.3242872,1.1826351,-0.93187493,-0.38347065
1460,2026-05-11 16:15:55.006142,2.0094466,1.1559821,-0.3242872,1.1826351,-0.93187493,-0.38347065
1461,2026-05-11 16:15:55.008712,2.0094466,1.1559821,-0.3242872,1.1826351,-0.93187493,-0.38347065
1462,2026-05-11 16:15:55.011474,2.0094466,1.1559821,-0.3242872,1.1826351,-0.93187493,-0.38347065
1463,2026-05-11 16:15:55.014089,2.0094466,1.1559821,-0.3242872,1.1826351,-0.93187493,-0.38347065
1464,2026-05-11 16:15:55.017161,2.0094466,1.1559821,-0.3242872,1.1826351,-0.93187493,-0.38347065
1465,2026-05-11 16:15:55.019943,2.0094466,1.1559821,-0.3242872,1.1826351,-0.93187493,-0.38347065
1466,2026-05-11 16:15:55.022536,2.0094466,1.1559821,-0.3242872,1.1826351,-0.93187493,-0.38347065
1467,2026-05-11 16:15:55.025455,2.0094466,1.1559821,-0.3242872,0.23335053,-0.3820962,-1.0329732
1468,2026-05-11 16:15:55.028176,2.0094466,1.1559821,-0.3242872,0.23335053,-0.3820962,-1.0329732
1469,2026-05-11 16:15:55.031006,1.9197462,0.9464576,-0.3383734,0.23335053,-0.3820962,-1.0329732
1470,2026-05-11 16:15:55.034169,1.9197462,0.9464576,-0.3383734,0.23335053,-0.3820962,-1.0329732
1471,2026-05-11 16:15:55.037059,1.9197462,0.9464576,-0.3383734,0.23335053,-0.3820962,-1.0329732
1472,2026-05-11 16:15:55.039823,1.9197462,0.9464576,-0.3383734,0.23335053,-0.3820962,-1.0329732
1473,2026-05-11 16:15:55.042546,1.9197462,0.9464576,-0.3383734,0.23335053,-0.3820962,-1.0329732
1474,2026-05-11 16:15:55.045158,1.9197462,0.9464576,-0.3383734,0.23335053,-0.3820962,-1.0329732
1475,2026-05-11 16:15:55.047861,1.9197462,0.9464576,-0.3383734,0.23335053,-0.3820962,-1.0329732
1476,2026-05-11 16:15:55.051001,1.9197462,0.9464576,-0.3383734,0.23335053,-0.3820962,-1.0329732
1477,2026-05-11 16:15:55.053956,2.0362773,0.7866313,-0.25995418,-0.35033122,0.09086621,-1.2420417
1478,2026-05-11 16:15:55.056593,2.0362773,0.7866313,-0.25995418,-0.35033122,0.09086621,-1.2420417
1479,2026-05-11 16:15:55.059229,2.2405574,0.6603434,-0.15336262,-0.35033122,0.09086621,-1.2420417
1480,2026-05-11 16:15:55.061970,2.2405574,0.6603434,-0.15336262,-0.35033122,0.09086621,-1.2420417
1481,2026-05-11 16:15:55.064883,2.2405574,0.6603434,-0.15336262,-0.35033122,0.09086621,-1.2420417
1482,2026-05-11 16:15:55.067871,2.2405574,0.6603434,-0.15336262,-0.35033122,0.09086621,-1.2420417
1483,2026-05-11 16:15:55.070506,2.2405574,0.6603434,-0.15336262,-0.35033122,0.09086621,-1.2420417
1484,2026-05-11 16:15:55.073078,2.2405574,0.6603434,-0.15336262,-0.90209526,0.6093381,-1.5497651
1485,2026-05-11 16:15:55.075812,2.6272264,0.39971846,0.46533203,-1.1157454,0.80680025,-2.4278839
1486,2026-05-11 16:15:55.078427,2.6272264,0.39971846,0.46533203,-1.1157454,0.80680025,-2.4278839
1487,2026-05-11 16:15:55.081227,2.6272264,0.39971846,0.46533203,-0.78786343,0.5309946,-2.8904617
1488,2026-05-11 16:15:55.084241,2.5783823,0.4115484,0.2845288,-0.78786343,0.5309946,-2.8904617
1489,2026-05-11 16:15:55.086801,2.5783823,0.4115484,0.2845288,-0.78786343,0.5309946,-2.8904617
1490,2026-05-11 16:15:55.089521,2.5783823,0.4115484,0.2845288,-0.78786343,0.5309946,-2.8904617
1491,2026-05-11 16:15:55.092205,2.5783823,0.4115484,0.2845288,-0.78786343,0.5309946,-2.8904617
1492,2026-05-11 16:15:55.094869,2.5783823,0.4115484,0.2845288,-0.78786343,0.5309946,-2.8904617
1493,2026-05-11 16:15:55.097459,2.5783823,0.4115484,0.2845288,-0.78786343,0.5309946,-2.8904617
1494,2026-05-11 16:15:55.100644,2.5783823,0.4115484,0.2845288,-0.78786343,0.5309946,-2.8904617
1495,2026-05-11 16:15:55.103366,2.5783823,0.4115484,0.2845288,-0.78786343,0.5309946,-2.8904617
1496,2026-05-11 16:15:55.105960,2.5783823,0.4115484,0.2845288,-0.78786343,0.5309946,-2.8904617
1497,2026-05-11 16:15:55.108508,2.5783823,0.4115484,0.2845288,-0.78786343,0.5309946,-2.8904617
1498,2026-05-11 16:15:55.111160,2.5783823,0.4115484,0.2845288,-0.78786343,0.5309946,-2.8904617
1499,2026-05-11 16:15:55.113789,2.5783823,0.4115484,0.2845288,-0.78786343,0.5309946,-2.8904617
1500,2026-05-11 16:15:55.131127,2.5783823,0.4115484,0.2845288,-0.78786343,0.5309946,-2.8904617
1501,2026-05-11 16:15:55.144986,2.5783823,0.4115484,0.2845288,-0.29275718,0.076052725,-3.2904255
1502,2026-05-11 16:15:55.153153,2.8137617,0.36752144,0.6451596,-0.29275718,0.076052725,-3.2904255
1503,2026-05-11 16:15:55.156377,2.8137617,0.36752144,0.6451596,-0.29275718,0.076052725,-3.2904255
1504,2026-05-11 16:15:55.159053,2.8137617,0.36752144,0.6451596,-0.29275718,0.076052725,-3.2904255
1505,2026-05-11 16:15:55.161660,2.8137617,0.36752144,0.6451596,-0.29275718,0.076052725,-3.2904255
1506,2026-05-11 16:15:55.164255,2.8137617,0.36752144,0.6451596,-0.29275718,0.076052725,-3.2904255
1507,2026-05-11 16:15:55.167318,2.8137617,0.36752144,0.6451596,-0.29275718,0.076052725,-3.2904255
1508,2026-05-11 16:15:55.169988,2.8137617,0.36752144,0.6451596,-0.29275718,0.076052725,-3.2904255
1509,2026-05-11 16:15:55.172611,2.8137617,0.36752144,0.6451596,-0.29275718,0.076052725,-3.2904255
1510,2026-05-11 16:15:55.175553,2.926939,0.3503863,0.6596726,0.23105977,-0.28053987,-3.7249036
1511,2026-05-11 16:15:55.178347,2.926939,0.3503863,0.6596726,0.23105977,-0.28053987,-3.7249036
1512,2026-05-11 16:15:55.181226,3.0692034,0.30135906,0.5388729,0.51053065,-0.49877146,-4.057367
1513,2026-05-11 16:15:55.184415,3.0692034,0.30135906,0.5388729,0.51053065,-0.49877146,-4.057367
1514,2026-05-11 16:15:55.187234,3.0692034,0.30135906,0.5388729,0.51053065,-0.49877146,-4.057367
1515,2026-05-11 16:15:55.189869,3.0692034,0.30135906,0.5388729,0.51053065,-0.49877146,-4.057367
1516,2026-05-11 16:15:55.192577,3.0692034,0.30135906,0.5388729,0.51053065,-0.49877146,-4.057367
1517,2026-05-11 16:15:55.195181,3.0692034,0.30135906,0.5388729,0.51053065,-0.49877146,-4.057367
1518,2026-05-11 16:15:55.198066,3.0692034,0.30135906,0.5388729,0.51053065,-0.49877146,-4.057367
1519,2026-05-11 16:15:55.201084,3.0692034,0.30135906,0.5388729,0.51053065,-0.49877146,-4.057367
1520,2026-05-11 16:15:55.203843,3.0692034,0.30135906,0.5388729,0.5868888,-0.5873469,-4.4504585
1521,2026-05-11 16:15:55.206490,3.0692034,0.30135906,0.5388729,0.5868888,-0.5873469,-4.4504585
1522,2026-05-11 16:15:55.209106,3.0692034,0.30135906,0.5388729,0.5868888,-0.5873469,-4.4504585
1523,2026-05-11 16:15:55.211928,3.0692034,0.30135906,0.5388729,0.5868888,-0.5873469,-4.4504585
1524,2026-05-11 16:15:55.214540,3.0692034,0.30135906,0.5388729,0.5868888,-0.5873469,-4.4504585
1525,2026-05-11 16:15:55.217628,3.2394574,0.22879384,0.36947277,0.5868888,-0.5873469,-4.4504585
1526,2026-05-11 16:15:55.220449,3.2394574,0.22879384,0.36947277,0.5868888,-0.5873469,-4.4504585
1527,2026-05-11 16:15:55.223080,3.2394574,0.22879384,0.36947277,0.5868888,-0.5873469,-4.4504585
1528,2026-05-11 16:15:55.225698,3.2394574,0.22879384,0.36947277,0.5868888,-0.5873469,-4.4504585
1529,2026-05-11 16:15:55.228502,3.2394574,0.22879384,0.36947277,0.5868888,-0.5873469,-4.4504585
1530,2026-05-11 16:15:55.231562,3.2394574,0.22879384,0.36947277,0.5868888,-0.5873469,-4.4504585
1531,2026-05-11 16:15:55.234498,3.2394574,0.22879384,0.36947277,0.5868888,-0.5873469,-4.4504585
1532,2026-05-11 16:15:55.237098,3.2394574,0.22879384,0.36947277,0.5868888,-0.5873469,-4.4504585
1533,2026-05-11 16:15:55.239699,3.2394574,0.22879384,0.36947277,0.5868888,-0.5873469,-4.4504585
1534,2026-05-11 16:15:55.242521,3.2394574,0.22879384,0.36947277,0.5868888,-0.5873469,-4.4504585
1535,2026-05-11 16:15:55.245138,3.2394574,0.22879384,0.36947277,0.5868888,-0.5873469,-4.4504585
1536,2026-05-11 16:15:55.247912,3.2394574,0.22879384,0.36947277,0.5868888,-0.5873469,-4.4504585
1537,2026-05-11 16:15:55.250991,3.2394574,0.22879384,0.36947277,0.5868888,-0.5873469,-4.4504585
1538,2026-05-11 16:15:55.253920,3.2394574,0.22879384,0.36947277,0.5868888,-0.5873469,-4.4504585
1539,2026-05-11 16:15:55.256593,3.2394574,0.22879384,0.36947277,0.5868888,-0.5873469,-4.4504585
1540,2026-05-11 16:15:55.259166,3.2394574,0.22879384,0.36947277,0.5868888,-0.5873469,-4.4504585
1541,2026-05-11 16:15:55.261946,3.2394574,0.22879384,0.36947277,0.5868888,-0.5873469,-4.4504585
1542,2026-05-11 16:15:55.264986,3.2394574,0.22879384,0.36947277,0.5868888,-0.5873469,-4.4504585
1543,2026-05-11 16:15:55.267962,3.2394574,0.22879384,0.36947277,0.5868888,-0.5873469,-4.4504585
1544,2026-05-11 16:15:55.270683,3.2394574,0.22879384,0.36947277,0.5868888,-0.5873469,-4.4504585
1545,2026-05-11 16:15:55.273401,3.2394574,0.22879384,0.36947277,0.5868888,-0.5873469,-4.4504585
1546,2026-05-11 16:15:55.276150,3.2394574,0.22879384,0.36947277,0.5868888,-0.5873469,-4.4504585
1547,2026-05-11 16:15:55.278737,3.2394574,0.22879384,0.36947277,0.5868888,-0.5873469,-4.4504585
1548,2026-05-11 16:15:55.281427,3.3365364,0.110189356,0.20885365,0.38744128,-0.4297437,-4.849048
1549,2026-05-11 16:15:55.284554,3.3365364,0.110189356,0.20885365,0.38744128,-0.4297437,-4.849048
1550,2026-05-11 16:15:55.287347,3.3365364,0.110189356,0.20885365,0.38744128,-0.4297437,-4.849048
1551,2026-05-11 16:15:55.290067,3.3365364,0.110189356,0.20885365,0.38744128,-0.4297437,-4.849048
1552,2026-05-11 16:15:55.292742,3.3365364,0.110189356,0.20885365,0.38744128,-0.4297437,-4.849048
1553,2026-05-11 16:15:55.295544,3.3365364,0.110189356,0.20885365,0.38744128,-0.4297437,-4.849048
1554,2026-05-11 16:15:55.298189,3.3365364,0.110189356,0.20885365,0.38744128,-0.4297437,-4.849048
1555,2026-05-11 16:15:55.301419,3.3611717,0.03823394,0.123055965,0.15745051,-0.2510656,-5.0874386
1556,2026-05-11 16:15:55.304067,3.3611717,0.03823394,0.123055965,0.15745051,-0.2510656,-5.0874386
1557,2026-05-11 16:15:55.306719,3.3611717,0.03823394,0.123055965,0.15745051,-0.2510656,-5.0874386
1558,2026-05-11 16:15:55.309351,3.3611717,0.03823394,0.123055965,0.15745051,-0.2510656,-5.0874386
1559,2026-05-11 16:15:55.312093,3.3611717,0.03823394,0.123055965,0.15745051,-0.2510656,-5.0874386
1560,2026-05-11 16:15:55.314794,3.3522077,-0.09012721,0.0,0.15745051,-0.2510656,-5.0874386
1561,2026-05-11 16:15:55.318113,3.3522077,-0.09012721,0.0,0.15745051,-0.2510656,-5.0874386
1562,2026-05-11 16:15:55.320892,3.3522077,-0.09012721,0.0,0.15745051,-0.2510656,-5.0874386
1563,2026-05-11 16:15:55.323775,3.3522077,-0.09012721,0.0,0.15745051,-0.2510656,-5.0874386
1564,2026-05-11 16:15:55.326517,3.3522077,-0.09012721,0.0,0.15745051,-0.2510656,-5.0874386
1565,2026-05-11 16:15:55.329294,3.3522077,-0.09012721,0.0,0.15745051,-0.2510656,-5.0874386
1566,2026-05-11 16:15:55.332322,3.3522077,-0.09012721,0.0,0.15745051,-0.2510656,-5.0874386
1567,2026-05-11 16:15:55.335079,3.3522077,-0.09012721,0.0,0.15745051,-0.2510656,-5.0874386
1568,2026-05-11 16:15:55.337704,3.3522077,-0.09012721,0.0,0.15745051,-0.2510656,-5.0874386
1569,2026-05-11 16:15:55.340689,3.3522077,-0.09012721,0.0,0.15745051,-0.2510656,-5.0874386
1570,2026-05-11 16:15:55.343963,3.3522077,-0.09012721,0.0,-0.46822822,0.08552113,-5.521153
1571,2026-05-11 16:15:55.347032,3.3522077,-0.09012721,0.0,-0.46822822,0.08552113,-5.521153
1572,2026-05-11 16:15:55.350924,3.3522077,-0.09012721,0.0,-0.46822822,0.08552113,-5.521153
1573,2026-05-11 16:15:55.353958,3.2092726,-0.17476629,-0.0012805625,-1.0748174,0.26526824,-5.846744
1574,2026-05-11 16:15:55.356937,3.2092726,-0.17476629,-0.0012805625,-1.0748174,0.26526824,-5.846744
1575,2026-05-11 16:15:55.359924,3.2092726,-0.17476629,-0.0012805625,-1.0748174,0.26526824,-5.846744
1576,2026-05-11 16:15:55.363144,3.2092726,-0.17476629,-0.0012805625,-1.0748174,0.26526824,-5.846744
1577,2026-05-11 16:15:55.366704,2.9729173,-0.266357,0.10317675,-1.0748174,0.26526824,-5.846744
1578,2026-05-11 16:15:55.370066,2.9729173,-0.266357,0.10317675,-1.0748174,0.26526824,-5.846744
1579,2026-05-11 16:15:55.373069,2.9729173,-0.266357,0.10317675,-1.0748174,0.26526824,-5.846744
1580,2026-05-11 16:15:55.376313,2.9729173,-0.266357,0.10317675,-1.0748174,0.26526824,-5.846744
1581,2026-05-11 16:15:55.379137,2.9729173,-0.266357,0.10317675,-1.0748174,0.26526824,-5.846744
1582,2026-05-11 16:15:55.381976,2.9729173,-0.266357,0.10317675,-1.0748174,0.26526824,-5.846744
1583,2026-05-11 16:15:55.385227,2.7506483,-0.33953202,0.22574489,-2.0144808,0.61178154,-6.1576743
1584,2026-05-11 16:15:55.387881,2.7506483,-0.33953202,0.22574489,-2.0144808,0.61178154,-6.1576743
1585,2026-05-11 16:15:55.390567,2.7506483,-0.33953202,0.22574489,-2.0144808,0.61178154,-6.1576743
1586,2026-05-11 16:15:55.393189,2.7506483,-0.33953202,0.22574489,-2.0144808,0.61178154,-6.1576743
1587,2026-05-11 16:15:55.395901,2.7506483,-0.33953202,0.22574489,-2.0144808,0.61178154,-6.1576743
1588,2026-05-11 16:15:55.398848,2.6480205,-0.36764342,0.2983101,-2.0144808,0.61178154,-6.1576743
1589,2026-05-11 16:15:55.401976,2.6480205,-0.36764342,0.2983101,-2.0144808,0.61178154,-6.1576743
1590,2026-05-11 16:15:55.404615,2.6480205,-0.36764342,0.2983101,-2.0144808,0.61178154,-6.1576743
1591,2026-05-11 16:15:55.407208,2.6480205,-0.36764342,0.2983101,-2.0144808,0.61178154,-6.1576743
1592,2026-05-11 16:15:55.410266,2.6480205,-0.36764342,0.2983101,-2.172695,0.7699956,-6.178902
1593,2026-05-11 16:15:55.412919,2.6480205,-0.36764342,0.2983101,-2.172695,0.7699956,-6.178902
1594,2026-05-11 16:15:55.416180,2.6480205,-0.36764342,0.2983101,-2.172695,0.7699956,-6.178902
1595,2026-05-11 16:15:55.418997,2.6480205,-0.36764342,0.2983101,-2.172695,0.7699956,-6.178902
1596,2026-05-11 16:15:55.421654,2.6480205,-0.36764342,0.2983101,-2.172695,0.7699956,-6.178902
1597,2026-05-11 16:15:55.424525,2.6480205,-0.36764342,0.2983101,-2.172695,0.7699956,-6.178902
1598,2026-05-11 16:15:55.427364,2.6480205,-0.36764342,0.2983101,-2.172695,0.7699956,-6.178902
1599,2026-05-11 16:15:55.430193,2.6480205,-0.36764342,0.2983101,-2.172695,0.7699956,-6.178902
1600,2026-05-11 16:15:55.433357,2.6480205,-0.36764342,0.2983101,-2.172695,0.7699956,-6.178902
1601,2026-05-11 16:15:55.436206,2.6480205,-0.36764342,0.2983101,-2.2841778,1.2922854,-6.2932863
1602,2026-05-11 16:15:55.438908,2.6480205,-0.36764342,0.2983101,-2.2841778,1.2922854,-6.2932863
1603,2026-05-11 16:15:55.441658,2.6480205,-0.36764342,0.2983101,-2.2841778,1.2922854,-6.2932863
1604,2026-05-11 16:15:55.444411,2.6480205,-0.36764342,0.2983101,-2.2841778,1.2922854,-6.2932863
1605,2026-05-11 16:15:55.447168,2.6480205,-0.36764342,0.2983101,-2.2841778,1.2922854,-6.2932863
1606,2026-05-11 16:15:55.450136,2.6480205,-0.36764342,0.2983101,-2.2841778,1.2922854,-6.2932863
1607,2026-05-11 16:15:55.452983,2.6480205,-0.36764342,0.2983101,-2.2841778,1.2922854,-6.2932863
1608,2026-05-11 16:15:55.455730,2.6480205,-0.36764342,0.2983101,-2.2841778,1.2922854,-6.2932863
1609,2026-05-11 16:15:55.458368,2.6480205,-0.36764342,0.2983101,-2.2841778,1.2922854,-6.2932863
1610,2026-05-11 16:15:55.461123,2.6480205,-0.36764342,0.2983101,-2.2841778,1.2922854,-6.2932863
1611,2026-05-11 16:15:55.463751,2.6480205,-0.36764342,0.2983101,-2.2841778,1.2922854,-6.2932863
1612,2026-05-11 16:15:55.466914,2.6480205,-0.36764342,0.2983101,-2.2841778,1.2922854,-6.2932863
1613,2026-05-11 16:15:55.469705,2.6480205,-0.36764342,0.2983101,-2.2841778,1.2922854,-6.2932863
1614,2026-05-11 16:15:55.472440,2.3276968,-0.45411184,0.4238662,-2.2841778,1.2922854,-6.2932863
1615,2026-05-11 16:15:55.475294,2.3276968,-0.45411184,0.4238662,-2.2841778,1.2922854,-6.2932863
1616,2026-05-11 16:15:55.478001,2.3276968,-0.45411184,0.4238662,-2.2841778,1.2922854,-6.2932863
1617,2026-05-11 16:15:55.480936,2.3276968,-0.45411184,0.4238662,-2.2841778,1.2922854,-6.2932863
1618,2026-05-11 16:15:55.483996,2.3276968,-0.45411184,0.4238662,-2.2841778,1.2922854,-6.2932863
1619,2026-05-11 16:15:55.486596,2.3276968,-0.45411184,0.4238662,-2.2841778,1.2922854,-6.2932863
1620,2026-05-11 16:15:55.489385,2.3276968,-0.45411184,0.4238662,-2.2841778,1.2922854,-6.2932863
1621,2026-05-11 16:15:55.492229,1.1497012,-0.5146032,0.64735484,-1.2967142,2.427273,-5.9910607
1622,2026-05-11 16:15:55.494877,1.1497012,-0.5146032,0.64735484,-1.2967142,2.427273,-5.9910607
1623,2026-05-11 16:15:55.497637,0.74723876,-0.52057916,0.60582805,0.29810223,2.1708624,-5.426469
1624,2026-05-11 16:15:55.500775,0.74723876,-0.52057916,0.60582805,0.29810223,2.1708624,-5.426469
1625,2026-05-11 16:15:55.503564,0.74723876,-0.52057916,0.60582805,0.29810223,2.1708624,-5.426469
1626,2026-05-11 16:15:55.506252,0.74723876,-0.52057916,0.60582805,1.1523973,1.8029687,-5.2144985
1627,2026-05-11 16:15:55.509062,0.5505809,-0.47624728,0.38361996,1.1523973,1.8029687,-5.2144985
1628,2026-05-11 16:15:55.511766,0.5505809,-0.47624728,0.38361996,1.1523973,1.8029687,-5.2144985
1629,2026-05-11 16:15:55.514540,0.5505809,-0.47624728,0.38361996,1.1523973,1.8029687,-5.2144985
1630,2026-05-11 16:15:55.517707,0.5505809,-0.47624728,0.38361996,1.1523973,1.8029687,-5.2144985
1631,2026-05-11 16:15:55.520557,0.5505809,-0.47624728,0.38361996,1.7354681,1.4854716,-5.064989
1632,2026-05-11 16:15:55.523291,0.5505809,-0.47624728,0.38361996,1.7354681,1.4854716,-5.064989
1633,2026-05-11 16:15:55.525897,0.5505809,-0.47624728,0.38361996,1.7354681,1.4854716,-5.064989
1634,2026-05-11 16:15:55.528638,0.5505809,-0.47624728,0.38361996,2.2450824,1.1797335,-4.883562
1635,2026-05-11 16:15:55.531269,0.5505809,-0.47624728,0.38361996,2.2450824,1.1797335,-4.883562
1636,2026-05-11 16:15:55.534802,0.5505809,-0.47624728,0.38361996,2.2450824,1.1797335,-4.883562
1637,2026-05-11 16:15:55.537727,0.47142997,-0.49545574,0.22550097,2.2450824,1.1797335,-4.883562
1638,2026-05-11 16:15:55.540420,0.47142997,-0.49545574,0.22550097,2.4567473,1.0447323,-4.775286
1639,2026-05-11 16:15:55.543040,0.47142997,-0.49545574,0.22550097,2.4567473,1.0447323,-4.775286
1640,2026-05-11 16:15:55.545795,0.47142997,-0.49545574,0.22550097,2.4567473,1.0447323,-4.775286
1641,2026-05-11 16:15:55.548459,0.47142997,-0.49545574,0.22550097,2.4567473,1.0447323,-4.775286
1642,2026-05-11 16:15:55.551752,0.47142997,-0.49545574,0.22550097,2.4567473,1.0447323,-4.775286
1643,2026-05-11 16:15:55.554556,0.47142997,-0.49545574,0.22550097,2.4567473,1.0447323,-4.775286
1644,2026-05-11 16:15:55.557293,0.47142997,-0.49545574,0.22550097,2.4567473,1.0447323,-4.775286
1645,2026-05-11 16:15:55.560020,0.47142997,-0.49545574,0.22550097,2.4567473,1.0447323,-4.775286
1646,2026-05-11 16:15:55.562682,0.43154958,-0.51356655,0.17177832,2.4567473,1.0447323,-4.775286
1647,2026-05-11 16:15:55.565754,0.43154958,-0.51356655,0.17177832,2.4567473,1.0447323,-4.775286
1648,2026-05-11 16:15:55.568684,0.43154958,-0.51356655,0.17177832,2.4567473,1.0447323,-4.775286
1649,2026-05-11 16:15:55.571501,0.43154958,-0.51356655,0.17177832,2.4567473,1.0447323,-4.775286
1650,2026-05-11 16:15:55.574246,0.3530694,-0.5500321,0.14409378,2.8490756,0.88331115,-4.4883323
1651,2026-05-11 16:15:55.576921,0.3530694,-0.5500321,0.14409378,2.8490756,0.88331115,-4.4883323
1652,2026-05-11 16:15:55.579696,0.3530694,-0.5500321,0.14409378,2.8490756,0.88331115,-4.4883323
1653,2026-05-11 16:15:55.582776,0.34965453,-0.57296026,0.1411058,2.8490756,0.88331115,-4.4883323
1654,2026-05-11 16:15:55.585593,0.34965453,-0.57296026,0.1411058,2.8490756,0.88331115,-4.4883323
1655,2026-05-11 16:15:55.588210,0.34965453,-0.57296026,0.1411058,2.8490756,0.88331115,-4.4883323
1656,2026-05-11 16:15:55.590945,0.34965453,-0.57296026,0.1411058,2.8490756,0.88331115,-4.4883323
1657,2026-05-11 16:15:55.593608,0.34965453,-0.57296026,0.1411058,2.8490756,0.88331115,-4.4883323
1658,2026-05-11 16:15:55.596210,0.34965453,-0.57296026,0.1411058,2.8490756,0.88331115,-4.4883323
1659,2026-05-11 16:15:55.599413,0.34965453,-0.57296026,0.1411058,2.8490756,0.88331115,-4.4883323
1660,2026-05-11 16:15:55.602159,0.34965453,-0.57296026,0.1411058,2.8490756,0.88331115,-4.4883323
1661,2026-05-11 16:15:55.604970,0.34965453,-0.57296026,0.1411058,3.210555,0.869414,-4.2400155
1662,2026-05-11 16:15:55.607648,0.34965453,-0.57296026,0.1411058,3.210555,0.869414,-4.2400155
1663,2026-05-11 16:15:55.610312,0.36337486,-0.5902783,0.111896776,3.393662,0.8923214,-4.1303654
1664,2026-05-11 16:15:55.613043,0.36337486,-0.5902783,0.111896776,3.393662,0.8923214,-4.1303654
1665,2026-05-11 16:15:55.616221,0.36337486,-0.5902783,0.111896776,3.393662,0.8923214,-4.1303654
1666,2026-05-11 16:15:55.619237,0.36337486,-0.5902783,0.111896776,3.393662,0.8923214,-4.1303654
1667,2026-05-11 16:15:55.621925,0.36337486,-0.5902783,0.111896776,3.393662,0.8923214,-4.1303654
1668,2026-05-11 16:15:55.624534,0.36337486,-0.5902783,0.111896776,3.6496143,0.9468411,-3.982536
1669,2026-05-11 16:15:55.627511,0.36337486,-0.5902783,0.111896776,3.6496143,0.9468411,-3.982536
1670,2026-05-11 16:15:55.630197,0.40502363,-0.6651608,0.077260606,3.6496143,0.9468411,-3.982536
1671,2026-05-11 16:15:55.633384,0.4216709,-0.7372991,0.06158896,3.6496143,0.9468411,-3.982536
1672,2026-05-11 16:15:55.636120,0.4216709,-0.7372991,0.06158896,3.6496143,0.9468411,-3.982536
1673,2026-05-11 16:15:55.638977,0.4216709,-0.7372991,0.06158896,3.6496143,0.9468411,-3.982536
1674,2026-05-11 16:15:55.641873,0.4216709,-0.7372991,0.06158896,4.0333905,1.484708,-3.7618608
1675,2026-05-11 16:15:55.644545,0.4216709,-0.7372991,0.06158896,4.0333905,1.484708,-3.7618608
1676,2026-05-11 16:15:55.647136,0.4216709,-0.7372991,0.06158896,4.0333905,1.484708,-3.7618608
1677,2026-05-11 16:15:55.650242,0.58661956,-1.0553055,-0.08128523,4.2902594,1.7505871,-3.6377025
1678,2026-05-11 16:15:55.652988,0.5907662,-1.1232972,-0.17641273,4.2902594,1.7505871,-3.6377025
1679,2026-05-11 16:15:55.655682,0.5907662,-1.1232972,-0.17641273,4.2902594,1.7505871,-3.6377025
1680,2026-05-11 16:15:55.658254,0.5907662,-1.1232972,-0.17641273,4.2902594,1.7505871,-3.6377025
1681,2026-05-11 16:15:55.660784,0.5907662,-1.1232972,-0.17641273,4.2902594,1.7505871,-3.6377025
1682,2026-05-11 16:15:55.663464,0.5907662,-1.1232972,-0.17641273,4.6870165,1.502423,-3.7032177
1683,2026-05-11 16:15:55.666489,0.5907662,-1.1232972,-0.17641273,4.6870165,1.502423,-3.7032177
1684,2026-05-11 16:15:55.669302,0.4054505,-1.1693976,-0.23178181,5.3743925,0.13622294,-3.9623773
1685,2026-05-11 16:15:55.671991,0.4054505,-1.1693976,-0.23178181,5.3743925,0.13622294,-3.9623773
1686,2026-05-11 16:15:55.674671,0.4054505,-1.1693976,-0.23178181,5.3743925,0.13622294,-3.9623773
1687,2026-05-11 16:15:55.677563,0.4054505,-1.1693976,-0.23178181,5.3743925,0.13622294,-3.9623773
1688,2026-05-11 16:15:55.680224,0.4054505,-1.1693976,-0.23178181,5.3743925,0.13622294,-3.9623773
1689,2026-05-11 16:15:55.683326,0.4054505,-1.1693976,-0.23178181,5.3743925,0.13622294,-3.9623773
1690,2026-05-11 16:15:55.686209,0.4054505,-1.1693976,-0.23178181,5.463426,-0.11453723,-3.9613085
1691,2026-05-11 16:15:55.688930,0.050429773,-1.2268398,-0.29904184,5.463426,-0.11453723,-3.9613085
1692,2026-05-11 16:15:55.691561,0.050429773,-1.2268398,-0.29904184,5.463426,-0.11453723,-3.9613085
1693,2026-05-11 16:15:55.694385,0.050429773,-1.2268398,-0.29904184,5.463426,-0.11453723,-3.9613085
1694,2026-05-11 16:15:55.697157,0.050429773,-1.2268398,-0.29904184,5.712812,-1.5138768,-3.6813793
1695,2026-05-11 16:15:55.700402,0.050429773,-1.2268398,-0.29904184,5.712812,-1.5138768,-3.6813793
1696,2026-05-11 16:15:55.703268,0.050429773,-1.2268398,-0.29904184,5.712812,-1.5138768,-3.6813793
1697,2026-05-11 16:15:55.705993,0.050429773,-1.2268398,-0.29904184,5.712812,-1.5138768,-3.6813793
1698,2026-05-11 16:15:55.708894,0.050429773,-1.2268398,-0.29904184,5.712812,-1.5138768,-3.6813793
1699,2026-05-11 16:15:55.711698,-0.75772715,-1.0796971,-0.734738,5.328425,-2.1216877,-3.1442761
1700,2026-05-11 16:15:55.714267,-0.75772715,-1.0796971,-0.734738,5.328425,-2.1216877,-3.1442761
1701,2026-05-11 16:15:55.717409,-0.75772715,-1.0796971,-0.734738,5.328425,-2.1216877,-3.1442761
1702,2026-05-11 16:15:55.720250,-0.8018151,-1.0398167,-0.6685756,3.7635407,-1.6224581,-2.0931299
1703,2026-05-11 16:15:55.723024,-0.8018151,-1.0398167,-0.6685756,3.7635407,-1.6224581,-2.0931299
1704,2026-05-11 16:15:55.725802,-0.8732217,-0.98072803,-0.6195483,3.7635407,-1.6224581,-2.0931299
1705,2026-05-11 16:15:55.728451,-0.9756667,-0.8005345,-0.6744296,3.086702,-0.9833403,-1.6592628
1706,2026-05-11 16:15:55.731053,-0.9756667,-0.8005345,-0.6744296,3.086702,-0.9833403,-1.6592628
1707,2026-05-11 16:15:55.734190,-0.9756667,-0.8005345,-0.6744296,3.086702,-0.9833403,-1.6592628
1708,2026-05-11 16:15:55.736924,-0.9756667,-0.8005345,-0.6744296,3.086702,-0.9833403,-1.6592628
1709,2026-05-11 16:15:55.739563,-0.9756667,-0.8005345,-0.6744296,3.086702,-0.9833403,-1.6592628
1710,2026-05-11 16:15:55.742298,-0.9756667,-0.8005345,-0.6744296,3.086702,-0.9833403,-1.6592628
1711,2026-05-11 16:15:55.745102,-0.9756667,-0.8005345,-0.6744296,2.0857995,-0.12507465,-1.0746647
1712,2026-05-11 16:15:55.747806,-0.9756667,-0.8005345,-0.6744296,2.0857995,-0.12507465,-1.0746647
1713,2026-05-11 16:15:55.750942,-0.9756667,-0.8005345,-0.6744296,2.0857995,-0.12507465,-1.0746647
1714,2026-05-11 16:15:55.753653,-0.9756667,-0.8005345,-0.6744296,2.0857995,-0.12507465,-1.0746647
1715,2026-05-11 16:15:55.756248,-0.9756667,-0.8005345,-0.6744296,2.0857995,-0.12507465,-1.0746647
1716,2026-05-11 16:15:55.759084,-0.9756667,-0.8005345,-0.6744296,2.0857995,-0.12507465,-1.0746647
1717,2026-05-11 16:15:55.761690,-0.9756667,-0.8005345,-0.6744296,2.0857995,-0.12507465,-1.0746647
1718,2026-05-11 16:15:55.764682,-0.9756667,-0.8005345,-0.6744296,1.0526736,0.3659083,-0.5242751
1719,2026-05-11 16:15:55.767677,-1.0641475,-0.690772,-0.8371221,1.0526736,0.3659083,-0.5242751
1720,2026-05-11 16:15:55.770301,-1.0641475,-0.690772,-0.8371221,1.0526736,0.3659083,-0.5242751
1721,2026-05-11 16:15:55.772898,-1.0641475,-0.690772,-0.8371221,1.0526736,0.3659083,-0.5242751
1722,2026-05-11 16:15:55.775468,-1.0641475,-0.690772,-0.8371221,1.0526736,0.3659083,-0.5242751
1723,2026-05-11 16:15:55.778159,-1.0641475,-0.690772,-0.8371221,1.0526736,0.3659083,-0.5242751
1724,2026-05-11 16:15:55.780722,-1.0641475,-0.690772,-0.8371221,1.0526736,0.3659083,-0.5242751
1725,2026-05-11 16:15:55.783861,-1.0641475,-0.690772,-0.8371221,1.0526736,0.3659083,-0.5242751
1726,2026-05-11 16:15:55.786496,-1.0641475,-0.690772,-0.8371221,1.0526736,0.3659083,-0.5242751
1727,2026-05-11 16:15:55.789163,-1.0641475,-0.690772,-0.8371221,1.0526736,0.3659083,-0.5242751
1728,2026-05-11 16:15:55.791709,-1.0641475,-0.690772,-0.8371221,1.0526736,0.3659083,-0.5242751
1729,2026-05-11 16:15:55.794556,-1.0641475,-0.690772,-0.8371221,1.0526736,0.3659083,-0.5242751
1730,2026-05-11 16:15:55.797182,-1.0641475,-0.690772,-0.8371221,1.0526736,0.3659083,-0.5242751
1731,2026-05-11 16:15:55.800304,-1.0641475,-0.690772,-0.8371221,1.0526736,0.3659083,-0.5242751
1732,2026-05-11 16:15:55.803052,-1.0641475,-0.690772,-0.8371221,1.0526736,0.3659083,-0.5242751
1733,2026-05-11 16:15:55.805707,-1.0641475,-0.690772,-0.8371221,1.0526736,0.3659083,-0.5242751
1734,2026-05-11 16:15:55.808399,-1.0641475,-0.690772,-0.8371221,1.0526736,0.3659083,-0.5242751
1735,2026-05-11 16:15:55.811054,-1.0786605,-0.667417,-0.87901473,-0.17180584,0.7113526,0.088728175
1736,2026-05-11 16:15:55.813684,-1.0786605,-0.667417,-0.87901473,-0.17180584,0.7113526,0.088728175
1737,2026-05-11 16:15:55.816626,-1.0786605,-0.667417,-0.87901473,-0.17180584,0.7113526,0.088728175
1738,2026-05-11 16:15:55.819442,-1.0786605,-0.667417,-0.87901473,-0.17180584,0.7113526,0.088728175
1739,2026-05-11 16:15:55.822233,-1.1173823,-0.6811373,-0.8241945,-0.17180584,0.7113526,0.088728175
1740,2026-05-11 16:15:55.824896,-1.1173823,-0.6811373,-0.8241945,-0.17180584,0.7113526,0.088728175
1741,2026-05-11 16:15:55.827667,-1.1173823,-0.6811373,-0.8241945,-0.17180584,0.7113526,0.088728175
1742,2026-05-11 16:15:55.830266,-1.1173823,-0.6811373,-0.8241945,-0.17180584,0.7113526,0.088728175
1743,2026-05-11 16:15:55.833414,-1.1173823,-0.6811373,-0.8241945,-0.17180584,0.7113526,0.088728175
1744,2026-05-11 16:15:55.836145,-1.1173823,-0.6811373,-0.8241945,-0.17180584,0.7113526,0.088728175
1745,2026-05-11 16:15:55.838743,-1.1173823,-0.6811373,-0.8241945,-0.17180584,0.7113526,0.088728175
1746,2026-05-11 16:15:55.841540,-1.1792151,-0.7791308,-0.6406471,-2.3977988,1.6600263,1.5364788
1747,2026-05-11 16:15:55.844127,-1.1792151,-0.7791308,-0.6406471,-2.3977988,1.6600263,1.5364788
1748,2026-05-11 16:15:55.846906,-1.1792151,-0.7791308,-0.6406471,-2.3977988,1.6600263,1.5364788
1749,2026-05-11 16:15:55.850008,-1.1792151,-0.7791308,-0.6406471,-3.1629076,2.1039727,2.414445
1750,2026-05-11 16:15:55.852813,-1.1792151,-0.7791308,-0.6406471,-3.1629076,2.1039727,2.414445
1751,2026-05-11 16:15:55.855633,-1.1792151,-0.7791308,-0.6406471,-3.1629076,2.1039727,2.414445
1752,2026-05-11 16:15:55.858254,-1.1792151,-0.7791308,-0.6406471,-3.1629076,2.1039727,2.414445
1753,2026-05-11 16:15:55.860963,-1.1792151,-0.7791308,-0.6406471,-3.1629076,2.1039727,2.414445
1754,2026-05-11 16:15:55.863521,-1.1792151,-0.7791308,-0.6406471,-3.1629076,2.1039727,2.414445
1755,2026-05-11 16:15:55.866498,-1.1792151,-0.7791308,-0.6406471,-3.1629076,2.1039727,2.414445
1756,2026-05-11 16:15:55.869306,-1.1792151,-0.7791308,-0.6406471,-3.1629076,2.1039727,2.414445
1757,2026-05-11 16:15:55.871902,-1.1792151,-0.7791308,-0.6406471,-3.1629076,2.1039727,2.414445
1758,2026-05-11 16:15:55.874507,-1.1792151,-0.7791308,-0.6406471,-3.1629076,2.1039727,2.414445
1759,2026-05-11 16:15:55.877356,-1.1350052,-0.8616966,-0.31014004,-3.1629076,2.1039727,2.414445
1760,2026-05-11 16:15:55.880057,-1.1350052,-0.8616966,-0.31014004,-3.1629076,2.1039727,2.414445
1761,2026-05-11 16:15:55.883180,-1.1350052,-0.8616966,-0.31014004,-3.1629076,2.1039727,2.414445
1762,2026-05-11 16:15:55.886054,-0.7723621,-1.0184131,-0.11140894,-4.4765735,2.0818288,5.197852
1763,2026-05-11 16:15:55.889006,-0.3348976,-1.156287,0.07890704,-4.7300825,1.9043725,6.11247
1764,2026-05-11 16:15:55.891686,-0.3348976,-1.156287,0.07890704,-4.7300825,1.9043725,6.11247
1765,2026-05-11 16:15:55.894475,-0.3348976,-1.156287,0.07890704,-4.7300825,1.9043725,6.11247
1766,2026-05-11 16:15:55.897104,-0.3348976,-1.156287,0.07890704,-4.7300825,1.9043725,6.11247
1767,2026-05-11 16:15:55.900253,-0.3348976,-1.156287,0.07890704,-4.7300825,1.9043725,6.11247
1768,2026-05-11 16:15:55.903055,-0.3348976,-1.156287,0.07890704,-4.7300825,1.9043725,6.11247
1769,2026-05-11 16:15:55.905796,-0.3348976,-1.156287,0.07890704,-4.7300825,1.9043725,6.11247
1770,2026-05-11 16:15:55.908537,0.3594722,-1.176837,0.2602591,-4.7300825,1.9043725,6.11247
1771,2026-05-11 16:15:55.911276,0.3594722,-1.176837,0.2602591,-4.8055243,1.6508633,6.8074822
1772,2026-05-11 16:15:55.914025,0.3594722,-1.176837,0.2602591,-4.8055243,1.6508633,6.8074822
1773,2026-05-11 16:15:55.917674,0.3594722,-1.176837,0.2602591,-4.8055243,1.6508633,6.8074822
1774,2026-05-11 16:15:55.920492,1.1196995,-1.1079915,0.46258798,-4.8055243,1.6508633,6.8074822
1775,2026-05-11 16:15:55.923215,1.1196995,-1.1079915,0.46258798,-4.8055243,1.6508633,6.8074822
1776,2026-05-11 16:15:55.926143,1.1196995,-1.1079915,0.46258798,-4.5857654,1.1391109,7.2880807
1777,2026-05-11 16:15:55.928879,1.1196995,-1.1079915,0.46258798,-4.5857654,1.1391109,7.2880807
1778,2026-05-11 16:15:55.931768,1.1196995,-1.1079915,0.46258798,-4.5857654,1.1391109,7.2880807
1779,2026-05-11 16:15:55.935019,1.1196995,-1.1079915,0.46258798,-4.5857654,1.1391109,7.2880807
1780,2026-05-11 16:15:55.937687,1.1196995,-1.1079915,0.46258798,-4.5857654,1.1391109,7.2880807
1781,2026-05-11 16:15:55.940472,1.1196995,-1.1079915,0.46258798,-4.5857654,1.1391109,7.2880807
1782,2026-05-11 16:15:55.943150,1.1196995,-1.1079915,0.46258798,-4.5857654,1.1391109,7.2880807
1783,2026-05-11 16:15:55.945854,1.1196995,-1.1079915,0.46258798,-4.5857654,1.1391109,7.2880807
1784,2026-05-11 16:15:55.949199,1.5044781,-1.0491467,0.5431415,-4.2988114,0.76831573,7.3473344
1785,2026-05-11 16:15:55.952255,1.5044781,-1.0491467,0.5431415,-4.2988114,0.76831573,7.3473344
1786,2026-05-11 16:15:55.954989,1.5044781,-1.0491467,0.5431415,-4.2988114,0.76831573,7.3473344
1787,2026-05-11 16:15:55.957690,1.8684628,-0.93163973,0.558996,-3.5715764,0.0842994,7.111846
1788,2026-05-11 16:15:55.960526,1.8684628,-0.93163973,0.558996,-3.5715764,0.0842994,7.111846
1789,2026-05-11 16:15:55.963149,1.8684628,-0.93163973,0.558996,-3.5715764,0.0842994,7.111846
1790,2026-05-11 16:15:55.966299,1.8008977,-0.8122425,0.41545108,-3.1047225,-0.32452217,7.034877
1791,2026-05-11 16:15:55.969182,1.8008977,-0.8122425,0.41545108,-3.1047225,-0.32452217,7.034877
1792,2026-05-11 16:15:55.971950,1.8008977,-0.8122425,0.41545108,-3.1047225,-0.32452217,7.034877
1793,2026-05-11 16:15:55.974662,1.7138195,-0.8161452,0.29532212,-3.1047225,-0.32452217,7.034877
1794,2026-05-11 16:15:55.977470,1.7138195,-0.8161452,0.29532212,-3.1047225,-0.32452217,7.034877
1795,2026-05-11 16:15:55.980201,1.7138195,-0.8161452,0.29532212,-3.1047225,-0.32452217,7.034877
1796,2026-05-11 16:15:55.983157,1.7138195,-0.8161452,0.29532212,-2.9666672,-0.5487097,7.275405
1797,2026-05-11 16:15:55.985859,1.7138195,-0.8161452,0.29532212,-2.9666672,-0.5487097,7.275405
1798,2026-05-11 16:15:55.988660,1.7138195,-0.8161452,0.29532212,-2.9666672,-0.5487097,7.275405
1799,2026-05-11 16:15:55.991298,1.7138195,-0.8161452,0.29532212,-2.9666672,-0.5487097,7.275405
1800,2026-05-11 16:15:55.994054,1.7138195,-0.8161452,0.29532212,-2.9666672,-0.5487097,7.275405
1801,2026-05-11 16:15:55.996740,1.6063132,-0.86614805,0.35514265,-2.9666672,-0.5487097,7.275405
1802,2026-05-11 16:15:55.999784,1.6063132,-0.86614805,0.35514265,-2.9666672,-0.5487097,7.275405
1803,2026-05-11 16:15:56.002508,1.6063132,-0.86614805,0.35514265,-2.9666672,-0.5487097,7.275405
1804,2026-05-11 16:15:56.005085,1.6063132,-0.86614805,0.35514265,-2.9666672,-0.5487097,7.275405
1805,2026-05-11 16:15:56.007879,1.6063132,-0.86614805,0.35514265,-2.9666672,-0.5487097,7.275405
1806,2026-05-11 16:15:56.010646,1.4880747,-0.87858784,0.42228076,-3.0752482,-0.13515393,8.027075
1807,2026-05-11 16:15:56.013257,1.4880747,-0.87858784,0.42228076,-3.0752482,-0.13515393,8.027075
1808,2026-05-11 16:15:56.016141,1.4880747,-0.87858784,0.42228076,-3.0752482,-0.13515393,8.027075
1809,2026-05-11 16:15:56.018926,1.4880747,-0.87858784,0.42228076,-3.0752482,-0.13515393,8.027075
1810,2026-05-11 16:15:56.021514,1.4880747,-0.87858784,0.42228076,-3.0752482,-0.13515393,8.027075
1811,2026-05-11 16:15:56.024380,1.4880747,-0.87858784,0.42228076,-3.0752482,-0.13515393,8.027075
1812,2026-05-11 16:15:56.027141,1.4880747,-0.87858784,0.42228076,-3.0752482,-0.13515393,8.027075
1813,2026-05-11 16:15:56.029878,1.8360827,-0.8573671,0.60143757,-3.0752482,-0.13515393,8.027075
1814,2026-05-11 16:15:56.032936,1.8360827,-0.8573671,0.60143757,-2.9666672,0.034513887,9.292482
1815,2026-05-11 16:15:56.035700,1.8360827,-0.8573671,0.60143757,-2.9666672,0.034513887,9.292482
1816,2026-05-11 16:15:56.038294,1.8360827,-0.8573671,0.60143757,-2.9666672,0.034513887,9.292482
1817,2026-05-11 16:15:56.040911,1.8360827,-0.8573671,0.60143757,-2.9666672,0.034513887,9.292482
1818,2026-05-11 16:15:56.043491,1.8360827,-0.8573671,0.60143757,-2.9666672,0.034513887,9.292482
1819,2026-05-11 16:15:56.046118,1.8360827,-0.8573671,0.60143757,-2.9666672,0.034513887,9.292482
1820,2026-05-11 16:15:56.049116,1.8360827,-0.8573671,0.60143757,-2.9666672,0.034513887,9.292482
1821,2026-05-11 16:15:56.052180,1.8360827,-0.8573671,0.60143757,-2.9666672,0.034513887,9.292482
1822,2026-05-11 16:15:56.054833,1.8360827,-0.8573671,0.60143757,-2.9666672,0.034513887,9.292482
1823,2026-05-11 16:15:56.057571,1.8360827,-0.8573671,0.60143757,-2.9666672,0.034513887,9.292482
1824,2026-05-11 16:15:56.060192,1.8360827,-0.8573671,0.60143757,-2.9666672,0.034513887,9.292482
1825,2026-05-11 16:15:56.062983,1.8360827,-0.8573671,0.60143757,-2.9666672,0.034513887,9.292482
1826,2026-05-11 16:15:56.066052,1.8360827,-0.8573671,0.60143757,-2.9666672,0.034513887,9.292482
1827,2026-05-11 16:15:56.069009,1.8360827,-0.8573671,0.60143757,-2.9666672,0.034513887,9.292482
1828,2026-05-11 16:15:56.071726,1.8360827,-0.8573671,0.60143757,-2.9666672,0.034513887,9.292482
1829,2026-05-11 16:15:56.074508,2.8312018,-0.67010003,0.70668757,-2.7119362,-0.23060162,9.454208
1830,2026-05-11 16:15:56.077199,2.8312018,-0.67010003,0.70668757,-2.7119362,-0.23060162,9.454208
1831,2026-05-11 16:15:56.079874,2.8312018,-0.67010003,0.70668757,-2.7119362,-0.23060162,9.454208
1832,2026-05-11 16:15:56.082864,2.8312018,-0.67010003,0.70668757,-2.7119362,-0.23060162,9.454208
1833,2026-05-11 16:15:56.085569,2.8312018,-0.67010003,0.70668757,-2.7119362,-0.23060162,9.454208
1834,2026-05-11 16:15:56.088432,2.8312018,-0.67010003,0.70668757,-2.7119362,-0.23060162,9.454208
1835,2026-05-11 16:15:56.091216,3.981025,-0.19684075,0.7505316,-2.7119362,-0.23060162,9.454208
1836,2026-05-11 16:15:56.093901,3.981025,-0.19684075,0.7505316,-2.7119362,-0.23060162,9.454208
1837,2026-05-11 16:15:56.096492,3.981025,-0.19684075,0.7505316,-2.7119362,-0.23060162,9.454208
1838,2026-05-11 16:15:56.099587,3.981025,-0.19684075,0.7505316,-2.7119362,-0.23060162,9.454208
1839,2026-05-11 16:15:56.102375,3.981025,-0.19684075,0.7505316,-2.7119362,-0.23060162,9.454208
1840,2026-05-11 16:15:56.105051,3.981025,-0.19684075,0.7505316,-1.9088012,-0.83016586,8.483086
1841,2026-05-11 16:15:56.107677,3.981025,-0.19684075,0.7505316,-1.9088012,-0.83016586,8.483086
1842,2026-05-11 16:15:56.110310,3.981025,-0.19684075,0.7505316,-1.9088012,-0.83016586,8.483086
1843,2026-05-11 16:15:56.112919,3.981025,-0.19684075,0.7505316,-1.9088012,-0.83016586,8.483086
1844,2026-05-11 16:15:56.115898,3.981025,-0.19684075,0.7505316,-1.9088012,-0.83016586,8.483086
1845,2026-05-11 16:15:56.119262,3.981025,-0.19684075,0.7505316,-1.2227995,-1.2597568,6.878801
1846,2026-05-11 16:15:56.121953,3.981025,-0.19684075,0.7505316,-1.2227995,-1.2597568,6.878801
1847,2026-05-11 16:15:56.124790,3.981025,-0.19684075,0.7505316,-1.2227995,-1.2597568,6.878801
1848,2026-05-11 16:15:56.127470,3.981025,-0.19684075,0.7505316,-1.2227995,-1.2597568,6.878801
1849,2026-05-11 16:15:56.130090,3.981025,-0.19684075,0.7505316,-1.2227995,-1.2597568,6.878801
1850,2026-05-11 16:15:56.133185,3.981025,-0.19684075,0.7505316,-1.2227995,-1.2597568,6.878801
1851,2026-05-11 16:15:56.136493,4.0904217,0.107628234,0.64028126,-1.2227995,-1.2597568,6.878801
1852,2026-05-11 16:15:56.139292,4.0904217,0.107628234,0.64028126,-1.2227995,-1.2597568,6.878801
1853,2026-05-11 16:15:56.141951,4.0904217,0.107628234,0.64028126,-1.2227995,-1.2597568,6.878801
1854,2026-05-11 16:15:56.144552,4.0904217,0.107628234,0.64028126,-1.2227995,-1.2597568,6.878801
1855,2026-05-11 16:15:56.147507,4.0904217,0.107628234,0.64028126,-1.2227995,-1.2597568,6.878801
1856,2026-05-11 16:15:56.150882,4.0904217,0.107628234,0.64028126,-1.2227995,-1.2597568,6.878801
1857,2026-05-11 16:15:56.153636,4.0904217,0.107628234,0.64028126,-1.2227995,-1.2597568,6.878801
1858,2026-05-11 16:15:56.156261,4.0904217,0.107628234,0.64028126,-1.2227995,-1.2597568,6.878801
1859,2026-05-11 16:15:56.159061,4.0904217,0.107628234,0.64028126,-1.2227995,-1.2597568,6.878801
1860,2026-05-11 16:15:56.161752,4.0904217,0.107628234,0.64028126,-1.2227995,-1.2597568,6.878801
1861,2026-05-11 16:15:56.164574,3.5386822,0.35965514,0.520945,-0.5013676,-1.4056009,4.417472
1862,2026-05-11 16:15:56.167817,2.5280135,0.5603376,0.51649356,-0.5013676,-1.4056009,4.417472
1863,2026-05-11 16:15:56.170534,2.5280135,0.5603376,0.51649356,-0.5013676,-1.4056009,4.417472
1864,2026-05-11 16:15:56.173257,2.5280135,0.5603376,0.51649356,-0.5013676,-1.4056009,4.417472
1865,2026-05-11 16:15:56.175809,2.5280135,0.5603376,0.51649356,-0.5013676,-1.4056009,4.417472
1866,2026-05-11 16:15:56.178445,2.5280135,0.5603376,0.51649356,-0.5013676,-1.4056009,4.417472
1867,2026-05-11 16:15:56.181030,2.5280135,0.5603376,0.51649356,-0.5013676,-1.4056009,4.417472
1868,2026-05-11 16:15:56.184197,2.5280135,0.5603376,0.51649356,-0.5013676,-1.4056009,4.417472
1869,2026-05-11 16:15:56.186824,2.5280135,0.5603376,0.51649356,-0.5013676,-1.4056009,4.417472
1870,2026-05-11 16:15:56.189408,2.5280135,0.5603376,0.51649356,-0.5013676,-1.4056009,4.417472
1871,2026-05-11 16:15:56.192177,2.0529246,0.7236398,0.60655975,-0.5013676,-1.4056009,4.417472
1872,2026-05-11 16:15:56.194756,2.0529246,0.7236398,0.60655975,-0.5013676,-1.4056009,4.417472
1873,2026-05-11 16:15:56.197389,2.0529246,0.7236398,0.60655975,-0.5013676,-1.4056009,4.417472
1874,2026-05-11 16:15:56.200522,2.0529246,0.7236398,0.60655975,-0.5013676,-1.4056009,4.417472
1875,2026-05-11 16:15:56.203339,2.0529246,0.7236398,0.60655975,-0.5013676,-1.4056009,4.417472
1876,2026-05-11 16:15:56.206225,2.0529246,0.7236398,0.60655975,-0.5013676,-1.4056009,4.417472
1877,2026-05-11 16:15:56.208977,2.0529246,0.7236398,0.60655975,-0.5013676,-1.4056009,4.417472
1878,2026-05-11 16:15:56.211694,2.0529246,0.7236398,0.60655975,-0.5013676,-1.4056009,4.417472
1879,2026-05-11 16:15:56.214871,2.0529246,0.7236398,0.60655975,-0.5013676,-1.4056009,4.417472
1880,2026-05-11 16:15:56.218032,2.0529246,0.7236398,0.60655975,-0.36285394,-1.0603093,4.302171
1881,2026-05-11 16:15:56.220764,2.0529246,0.7236398,0.60655975,-0.2180789,-0.75793105,4.334089
1882,2026-05-11 16:15:56.223395,2.0529246,0.7236398,0.60655975,-0.2180789,-0.75793105,4.334089
1883,2026-05-11 16:15:56.226215,2.0603032,0.9329813,0.5200303,-0.09911288,-0.27351493,4.2739186
1884,2026-05-11 16:15:56.229031,2.0603032,0.9329813,0.5200303,-0.09911288,-0.27351493,4.2739186
1885,2026-05-11 16:15:56.231983,2.0603032,0.9329813,0.5200303,-0.09911288,-0.27351493,4.2739186
1886,2026-05-11 16:15:56.234701,2.0603032,0.9329813,0.5200303,-0.09911288,-0.27351493,4.2739186
1887,2026-05-11 16:15:56.237341,2.0603032,0.9329813,0.5200303,-0.09911288,-0.27351493,4.2739186
1888,2026-05-11 16:15:56.239916,2.0603032,0.9329813,0.5200303,-0.09911288,-0.27351493,4.2739186
1889,2026-05-11 16:15:56.242518,2.0603032,0.9329813,0.5200303,-0.09911288,-0.27351493,4.2739186
1890,2026-05-11 16:15:56.245085,2.0603032,0.9329813,0.5200303,-0.09911288,-0.27351493,4.2739186
1891,2026-05-11 16:15:56.247663,2.0603032,0.9329813,0.5200303,-0.09911288,-0.27351493,4.2739186
1892,2026-05-11 16:15:56.251133,2.0603032,0.9329813,0.5200303,-0.09911288,-0.27351493,4.2739186
1893,2026-05-11 16:15:56.253856,2.0603032,0.9329813,0.5200303,-0.09911288,-0.27351493,4.2739186
1894,2026-05-11 16:15:56.256689,2.0603032,0.9329813,0.5200303,-0.09911288,-0.27351493,4.2739186
1895,2026-05-11 16:15:56.259488,2.3012319,1.065367,0.33386096,-0.09911288,-0.27351493,4.2739186
1896,2026-05-11 16:15:56.262192,2.3012319,1.065367,0.33386096,-0.09911288,-0.27351493,4.2739186
1897,2026-05-11 16:15:56.264908,2.3012319,1.065367,0.33386096,-0.09911288,-0.27351493,4.2739186
1898,2026-05-11 16:15:56.268042,2.3012319,1.065367,0.33386096,-0.16249016,0.20861048,3.9955168
1899,2026-05-11 16:15:56.270927,2.3012319,1.065367,0.33386096,-0.16249016,0.20861048,3.9955168
1900,2026-05-11 16:15:56.273755,2.6357636,1.211717,0.1803154,-0.40500367,0.7134906,3.1874948
1901,2026-05-11 16:15:56.276483,2.6357636,1.211717,0.1803154,-0.40500367,0.7134906,3.1874948
1902,2026-05-11 16:15:56.279197,2.6357636,1.211717,0.1803154,-0.40500367,0.7134906,3.1874948
1903,2026-05-11 16:15:56.281950,2.6357636,1.211717,0.1803154,-0.40500367,0.7134906,3.1874948
1904,2026-05-11 16:15:56.285230,2.7733326,1.2728182,0.19513334,-0.5511532,0.8194757,2.198504
1905,2026-05-11 16:15:56.287898,2.7733326,1.2728182,0.19513334,-0.4992296,0.6765333,1.3518448
1906,2026-05-11 16:15:56.290695,2.5621006,1.2270228,0.37429014,-0.2096795,0.29901853,0.38515055
1907,2026-05-11 16:15:56.293261,2.5621006,1.2270228,0.37429014,-0.2096795,0.29901853,0.38515055
1908,2026-05-11 16:15:56.296059,2.5621006,1.2270228,0.37429014,-0.2096795,0.29901853,0.38515055
1909,2026-05-11 16:15:56.299376,2.5621006,1.2270228,0.37429014,-0.2096795,0.29901853,0.38515055
1910,2026-05-11 16:15:56.317515,2.4465451,1.112077,0.37599754,-0.2096795,0.29901853,0.38515055
1911,2026-05-11 16:15:56.328245,2.4465451,1.112077,0.37599754,-0.2096795,0.29901853,0.38515055
1912,2026-05-11 16:15:56.337694,2.4465451,1.112077,0.37599754,0.28787026,-0.16279559,-0.5412266
1913,2026-05-11 16:15:56.340606,2.4465451,1.112077,0.37599754,0.28787026,-0.16279559,-0.5412266
1914,2026-05-11 16:15:56.343435,2.4465451,1.112077,0.37599754,0.5739079,-0.42012256,-0.9816604
1915,2026-05-11 16:15:56.346269,2.2575097,0.8600502,0.29520014,0.5739079,-0.42012256,-0.9816604
1916,2026-05-11 16:15:56.349551,2.2575097,0.8600502,0.29520014,0.5739079,-0.42012256,-0.9816604
1917,2026-05-11 16:15:56.352618,2.2575097,0.8600502,0.29520014,0.5739079,-0.42012256,-0.9816604
1918,2026-05-11 16:15:56.355385,2.2575097,0.8600502,0.29520014,0.5739079,-0.42012256,-0.9816604
1919,2026-05-11 16:15:56.358167,2.2575097,0.8600502,0.29520014,0.5739079,-0.42012256,-0.9816604
1920,2026-05-11 16:15:56.360871,2.2575097,0.8600502,0.29520014,0.5739079,-0.42012256,-0.9816604
1921,2026-05-11 16:15:56.363618,2.2575097,0.8600502,0.29520014,0.5739079,-0.42012256,-0.9816604
1922,2026-05-11 16:15:56.366710,2.2575097,0.8600502,0.29520014,0.5739079,-0.42012256,-0.9816604
1923,2026-05-11 16:15:56.369564,2.2575097,0.8600502,0.29520014,0.5739079,-0.42012256,-0.9816604
1924,2026-05-11 16:15:56.372231,2.2575097,0.8600502,0.29520014,0.5739079,-0.42012256,-0.9816604
1925,2026-05-11 16:15:56.374839,2.2575097,0.8600502,0.29520014,0.5739079,-0.42012256,-0.9816604
1926,2026-05-11 16:15:56.377532,2.2575097,0.8600502,0.29520014,0.5739079,-0.42012256,-0.9816604
1927,2026-05-11 16:15:56.380112,2.2575097,0.8600502,0.29520014,0.5739079,-0.42012256,-0.9816604
1928,2026-05-11 16:15:56.383436,2.2575097,0.8600502,0.29520014,0.5739079,-0.42012256,-0.9816604
1929,2026-05-11 16:15:56.386334,2.1499424,0.7415676,0.20385335,0.5739079,-0.42012256,-0.9816604
1930,2026-05-11 16:15:56.389141,2.1499424,0.7415676,0.20385335,0.7788532,-0.5670357,-1.2716687
1931,2026-05-11 16:15:56.391764,2.1499424,0.7415676,0.20385335,0.7788532,-0.5670357,-1.2716687
1932,2026-05-11 16:15:56.394457,2.1499424,0.7415676,0.20385335,0.7788532,-0.5670357,-1.2716687
1933,2026-05-11 16:15:56.397112,2.1499424,0.7415676,0.20385335,0.7788532,-0.5670357,-1.2716687
1934,2026-05-11 16:15:56.400210,2.1499424,0.7415676,0.20385335,0.7788532,-0.5670357,-1.2716687
1935,2026-05-11 16:15:56.402977,2.1499424,0.7415676,0.20385335,0.7788532,-0.5670357,-1.2716687
1936,2026-05-11 16:15:56.405553,2.1499424,0.7415676,0.20385335,0.7788532,-0.5670357,-1.2716687
1937,2026-05-11 16:15:56.408350,2.1499424,0.7415676,0.20385335,0.7788532,-0.5670357,-1.2716687
1938,2026-05-11 16:15:56.411197,2.0634742,0.69558936,0.037868064,0.7788532,-0.5670357,-1.2716687
1939,2026-05-11 16:15:56.413941,2.0634742,0.69558936,0.037868064,0.7788532,-0.5670357,-1.2716687
1940,2026-05-11 16:15:56.416922,2.0634742,0.69558936,0.037868064,0.7788532,-0.5670357,-1.2716687
1941,2026-05-11 16:15:56.419644,2.0634742,0.69558936,0.037868064,0.7788532,-0.5670357,-1.2716687
1942,2026-05-11 16:15:56.422252,2.0634742,0.69558936,0.037868064,0.7788532,-0.5670357,-1.2716687
1943,2026-05-11 16:15:56.424984,2.0634742,0.69558936,0.037868064,0.7788532,-0.5670357,-1.2716687
1944,2026-05-11 16:15:56.427637,2.0634742,0.69558936,0.037868064,0.8356637,-0.6872234,-1.4537066
1945,2026-05-11 16:15:56.430406,2.0634742,0.69558936,0.037868064,0.8356637,-0.6872234,-1.4537066
1946,2026-05-11 16:15:56.433478,2.0634742,0.69558936,0.037868064,0.8356637,-0.6872234,-1.4537066
1947,2026-05-11 16:15:56.436177,2.0634742,0.69558936,0.037868064,0.8356637,-0.6872234,-1.4537066
1948,2026-05-11 16:15:56.438799,2.0634742,0.69558936,0.037868064,0.8356637,-0.6872234,-1.4537066
1949,2026-05-11 16:15:56.441546,2.0634742,0.69558936,0.037868064,0.8356637,-0.6872234,-1.4537066
1950,2026-05-11 16:15:56.444143,2.0634742,0.69558936,0.037868064,0.8356637,-0.6872234,-1.4537066
1951,2026-05-11 16:15:56.446927,2.0634742,0.69558936,0.037868064,0.8356637,-0.6872234,-1.4537066
1952,2026-05-11 16:15:56.450137,2.0634742,0.69558936,0.037868064,0.8356637,-0.6872234,-1.4537066
1953,2026-05-11 16:15:56.453090,2.0634742,0.69558936,0.037868064,0.8356637,-0.6872234,-1.4537066
1954,2026-05-11 16:15:56.455750,2.0634742,0.69558936,0.037868064,0.8356637,-0.6872234,-1.4537066
1955,2026-05-11 16:15:56.458355,2.0634742,0.69558936,0.037868064,0.8356637,-0.6872234,-1.4537066
1956,2026-05-11 16:15:56.461171,2.0634742,0.69558936,0.037868064,0.8356637,-0.6872234,-1.4537066
1957,2026-05-11 16:15:56.463985,2.0634742,0.69558936,0.037868064,0.8356637,-0.6872234,-1.4537066
1958,2026-05-11 16:15:56.467360,2.0634742,0.69558936,0.037868064,0.8356637,-0.6872234,-1.4537066
1959,2026-05-11 16:15:56.470093,2.0634742,0.69558936,0.037868064,0.569021,-0.6760751,-1.4909693
1960,2026-05-11 16:15:56.473028,2.0634742,0.69558936,0.037868064,0.569021,-0.6760751,-1.4909693
1961,2026-05-11 16:15:56.475790,2.1799443,0.799315,-0.13080032,0.569021,-0.6760751,-1.4909693
1962,2026-05-11 16:15:56.478662,2.1799443,0.799315,-0.13080032,0.569021,-0.6760751,-1.4909693
1963,2026-05-11 16:15:56.481695,2.1799443,0.799315,-0.13080032,0.569021,-0.6760751,-1.4909693
1964,2026-05-11 16:15:56.484822,2.1799443,0.799315,-0.13080032,0.28527406,-0.6078109,-1.5263995
1965,2026-05-11 16:15:56.487730,2.3631866,0.8716362,-0.0006707709,0.28527406,-0.6078109,-1.5263995
1966,2026-05-11 16:15:56.490407,2.3631866,0.8716362,-0.0006707709,0.28527406,-0.6078109,-1.5263995
1967,2026-05-11 16:15:56.493069,2.3631866,0.8716362,-0.0006707709,0.28527406,-0.6078109,-1.5263995
1968,2026-05-11 16:15:56.495838,2.3631866,0.8716362,-0.0006707709,0.28527406,-0.6078109,-1.5263995
1969,2026-05-11 16:15:56.498899,2.3631866,0.8716362,-0.0006707709,-0.29626966,-0.30955598,-1.7066047
1970,2026-05-11 16:15:56.501926,2.3631866,0.8716362,-0.0006707709,-0.29626966,-0.30955598,-1.7066047
1971,2026-05-11 16:15:56.504566,2.3631866,0.8716362,-0.0006707709,-0.29626966,-0.30955598,-1.7066047
1972,2026-05-11 16:15:56.507154,2.3631866,0.8716362,-0.0006707709,-0.29626966,-0.30955598,-1.7066047
1973,2026-05-11 16:15:56.510079,2.3631866,0.8716362,-0.0006707709,-0.29626966,-0.30955598,-1.7066047
1974,2026-05-11 16:15:56.512728,2.3631866,0.8716362,-0.0006707709,-0.29626966,-0.30955598,-1.7066047
1975,2026-05-11 16:15:56.515898,2.3631866,0.8716362,-0.0006707709,-0.29626966,-0.30955598,-1.7066047
1976,2026-05-11 16:15:56.518843,2.3631866,0.8716362,-0.0006707709,-0.29626966,-0.30955598,-1.7066047
1977,2026-05-11 16:15:56.521583,2.5569785,0.8798074,0.14208147,-0.29626966,-0.30955598,-1.7066047
1978,2026-05-11 16:15:56.524367,2.5569785,0.8798074,0.14208147,-0.5717699,-0.059101213,-2.019826
1979,2026-05-11 16:15:56.527106,2.5569785,0.8798074,0.14208147,-0.5717699,-0.059101213,-2.019826
1980,2026-05-11 16:15:56.529847,2.5569785,0.8798074,0.14208147,-0.5717699,-0.059101213,-2.019826
1981,2026-05-11 16:15:56.533148,2.5569785,0.8798074,0.14208147,-0.5717699,-0.059101213,-2.019826
1982,2026-05-11 16:15:56.535987,2.5569785,0.8798074,0.14208147,-0.5717699,-0.059101213,-2.019826
1983,2026-05-11 16:15:56.538809,2.5569785,0.8798074,0.14208147,-0.5717699,-0.059101213,-2.019826
1984,2026-05-11 16:15:56.541480,2.5569785,0.8798074,0.14208147,-0.5717699,-0.059101213,-2.019826
1985,2026-05-11 16:15:56.544085,2.5569785,0.8798074,0.14208147,-0.5717699,-0.059101213,-2.019826
1986,2026-05-11 16:15:56.546797,2.5569785,0.8798074,0.14208147,-0.5717699,-0.059101213,-2.019826
1987,2026-05-11 16:15:56.549832,2.5569785,0.8798074,0.14208147,-0.5717699,-0.059101213,-2.019826
1988,2026-05-11 16:15:56.552704,2.5569785,0.8798074,0.14208147,-0.5717699,-0.059101213,-2.019826
1989,2026-05-11 16:15:56.555432,2.7181466,0.8267556,0.3017859,-0.5876524,0.44348818,-2.6633725
1990,2026-05-11 16:15:56.558037,2.7181466,0.8267556,0.3017859,-0.5876524,0.44348818,-2.6633725
1991,2026-05-11 16:15:56.560893,2.7181466,0.8267556,0.3017859,-0.5876524,0.44348818,-2.6633725
1992,2026-05-11 16:15:56.563580,2.7181466,0.8267556,0.3017859,-0.5876524,0.44348818,-2.6633725
1993,2026-05-11 16:15:56.566757,2.7538803,0.8143768,0.2736745,-0.5349652,0.5288566,-2.930015
1994,2026-05-11 16:15:56.569730,2.7707105,0.79919297,0.17244908,-0.6444628,0.25411993,-3.8325686
1995,2026-05-11 16:15:56.572371,2.7707105,0.79919297,0.17244908,-0.6444628,0.25411993,-3.8325686
1996,2026-05-11 16:15:56.574952,2.7707105,0.79919297,0.17244908,-0.6444628,0.25411993,-3.8325686
1997,2026-05-11 16:15:56.577722,2.7707105,0.79919297,0.17244908,-0.6444628,0.25411993,-3.8325686
1998,2026-05-11 16:15:56.580348,2.7707105,0.79919297,0.17244908,-0.6444628,0.25411993,-3.8325686
1999,2026-05-11 16:15:56.583430,2.6918035,0.75339764,0.09555435,-0.6444628,0.25411993,-3.8325686
2000,2026-05-11 16:15:56.586217,2.6918035,0.75339764,0.09555435,-0.6444628,0.25411993,-3.8325686
2001,2026-05-11 16:15:56.588816,2.6918035,0.75339764,0.09555435,-0.6444628,0.25411993,-3.8325686
2002,2026-05-11 16:15:56.591464,2.6918035,0.75339764,0.09555435,-0.6444628,0.25411993,-3.8325686
2003,2026-05-11 16:15:56.594179,2.6918035,0.75339764,0.09555435,-0.6444628,0.25411993,-3.8325686
2004,2026-05-11 16:15:56.596817,2.6918035,0.75339764,0.09555435,-0.6444628,0.25411993,-3.8325686
2005,2026-05-11 16:15:56.599952,2.4406912,0.6533918,0.045124583,-0.928057,0.2180789,-4.1670175
2006,2026-05-11 16:15:56.602951,2.4406912,0.6533918,0.045124583,-0.928057,0.2180789,-4.1670175
2007,2026-05-11 16:15:56.605626,2.4406912,0.6533918,0.045124583,-0.928057,0.2180789,-4.1670175
2008,2026-05-11 16:15:56.608235,2.4406912,0.6533918,0.045124583,-0.928057,0.2180789,-4.1670175
2009,2026-05-11 16:15:56.611041,2.4406912,0.6533918,0.045124583,-0.928057,0.2180789,-4.1670175
2010,2026-05-11 16:15:56.613691,2.1854324,0.5698503,0.07305304,-0.928057,0.2180789,-4.1670175
2011,2026-05-11 16:15:56.616856,2.1854324,0.5698503,0.07305304,-0.928057,0.2180789,-4.1670175
2012,2026-05-11 16:15:56.619629,2.1854324,0.5698503,0.07305304,-0.928057,0.2180789,-4.1670175
2013,2026-05-11 16:15:56.622252,2.1854324,0.5698503,0.07305304,-0.928057,0.2180789,-4.1670175
2014,2026-05-11 16:15:56.624989,2.1854324,0.5698503,0.07305304,-0.928057,0.2180789,-4.1670175
2015,2026-05-11 16:15:56.627597,2.1854324,0.5698503,0.07305304,-0.928057,0.2180789,-4.1670175
2016,2026-05-11 16:15:56.630290,2.1854324,0.5698503,0.07305304,-1.2687671,0.37598756,-4.366312
2017,2026-05-11 16:15:56.633379,2.1854324,0.5698503,0.07305304,-1.2687671,0.37598756,-4.366312
2018,2026-05-11 16:15:56.636183,2.1854324,0.5698503,0.07305304,-1.2687671,0.37598756,-4.366312
2019,2026-05-11 16:15:56.638903,2.1854324,0.5698503,0.07305304,-1.2687671,0.37598756,-4.366312
2020,2026-05-11 16:15:56.641562,2.1854324,0.5698503,0.07305304,-1.2687671,0.37598756,-4.366312
2021,2026-05-11 16:15:56.644165,2.1854324,0.5698503,0.07305304,-1.2687671,0.37598756,-4.366312
2022,2026-05-11 16:15:56.646942,2.1854324,0.5698503,0.07305304,-1.2687671,0.37598756,-4.366312
2023,2026-05-11 16:15:56.650073,2.1854324,0.5698503,0.07305304,-1.2687671,0.37598756,-4.366312
2024,2026-05-11 16:15:56.653005,2.1854324,0.5698503,0.07305304,-1.4587462,0.52671856,-4.4351873
2025,2026-05-11 16:15:56.655658,2.1854324,0.5698503,0.07305304,-1.4587462,0.52671856,-4.4351873
2026,2026-05-11 16:15:56.658243,2.1854324,0.5698503,0.07305304,-1.4587462,0.52671856,-4.4351873
2027,2026-05-11 16:15:56.661122,1.7499192,0.37990022,0.22854991,-1.6899587,0.91629785,-4.544379
2028,2026-05-11 16:15:56.663791,1.7499192,0.37990022,0.22854991,-1.6899587,0.91629785,-4.544379
2029,2026-05-11 16:15:56.666954,1.7499192,0.37990022,0.22854991,-1.6899587,0.91629785,-4.544379
2030,2026-05-11 16:15:56.669714,1.7499192,0.37990022,0.22854991,-1.6899587,0.91629785,-4.544379
2031,2026-05-11 16:15:56.672448,1.7499192,0.37990022,0.22854991,-1.6899587,0.91629785,-4.544379
2032,2026-05-11 16:15:56.675305,1.6517427,0.32953143,0.2757478,-1.704925,1.0563387,-4.564996
2033,2026-05-11 16:15:56.678019,1.3113569,0.19092578,0.43423265,-1.704925,1.0563387,-4.564996
2034,2026-05-11 16:15:56.680667,1.3113569,0.19092578,0.43423265,-1.704925,1.0563387,-4.564996
2035,2026-05-11 16:15:56.683543,1.3113569,0.19092578,0.43423265,-1.704925,1.0563387,-4.564996
2036,2026-05-11 16:15:56.686228,1.3113569,0.19092578,0.43423265,-1.704925,1.0563387,-4.564996
2037,2026-05-11 16:15:56.688797,1.3113569,0.19092578,0.43423265,-1.704925,1.0563387,-4.564996
2038,2026-05-11 16:15:56.691370,1.3113569,0.19092578,0.43423265,-1.704925,1.0563387,-4.564996
2039,2026-05-11 16:15:56.694074,1.3113569,0.19092578,0.43423265,-1.704925,1.0563387,-4.564996
2040,2026-05-11 16:15:56.696649,1.3113569,0.19092578,0.43423265,-1.704925,1.0563387,-4.564996
2041,2026-05-11 16:15:56.699607,1.3113569,0.19092578,0.43423265,-1.704925,1.0563387,-4.564996
2042,2026-05-11 16:15:56.702478,1.3113569,0.19092578,0.43423265,-1.704925,1.0563387,-4.564996
2043,2026-05-11 16:15:56.705057,1.3113569,0.19092578,0.43423265,-1.704925,1.0563387,-4.564996
2044,2026-05-11 16:15:56.707645,1.3113569,0.19092578,0.43423265,-1.704925,1.0563387,-4.564996
2045,2026-05-11 16:15:56.710298,1.3113569,0.19092578,0.43423265,-1.704925,1.0563387,-4.564996
2046,2026-05-11 16:15:56.713088,1.079941,0.13445906,0.49448007,-1.4239268,1.515404,-4.5793514
2047,2026-05-11 16:15:56.716420,1.079941,0.13445906,0.49448007,-1.4239268,1.515404,-4.5793514
2048,2026-05-11 16:15:56.719170,1.079941,0.13445906,0.49448007,-1.4239268,1.515404,-4.5793514
2049,2026-05-11 16:15:56.721916,1.079941,0.13445906,0.49448007,-0.89919364,1.6247488,-4.529413
2050,2026-05-11 16:15:56.724659,1.079941,0.13445906,0.49448007,-0.89919364,1.6247488,-4.529413
2051,2026-05-11 16:15:56.727292,1.079941,0.13445906,0.49448007,-0.89919364,1.6247488,-4.529413
2052,2026-05-11 16:15:56.730187,1.079941,0.13445906,0.49448007,-0.89919364,1.6247488,-4.529413
2053,2026-05-11 16:15:56.733375,1.079941,0.13445906,0.49448007,-0.89919364,1.6247488,-4.529413
2054,2026-05-11 16:15:56.736128,1.079941,0.13445906,0.49448007,-0.89919364,1.6247488,-4.529413
2055,2026-05-11 16:15:56.738877,1.079941,0.13445906,0.49448007,-0.89919364,1.6247488,-4.529413
2056,2026-05-11 16:15:56.741555,1.079941,0.13445906,0.49448007,-0.89919364,1.6247488,-4.529413
2057,2026-05-11 16:15:56.744201,1.079941,0.13445906,0.49448007,-0.89919364,1.6247488,-4.529413
2058,2026-05-11 16:15:56.746744,1.079941,0.13445906,0.49448007,-0.89919364,1.6247488,-4.529413
2059,2026-05-11 16:15:56.749831,1.079941,0.13445906,0.49448007,-0.89919364,1.6247488,-4.529413
2060,2026-05-11 16:15:56.752586,1.079941,0.13445906,0.49448007,-0.89919364,1.6247488,-4.529413
2061,2026-05-11 16:15:56.755201,1.079941,0.13445906,0.49448007,-0.89919364,1.6247488,-4.529413
2062,2026-05-11 16:15:56.757850,1.079941,0.13445906,0.49448007,-0.89919364,1.6247488,-4.529413
2063,2026-05-11 16:15:56.760563,0.9326154,0.07768746,0.48935783,0.36346483,1.2991576,-4.3678393
2064,2026-05-11 16:15:56.763114,0.9326154,0.07768746,0.48935783,0.36346483,1.2991576,-4.3678393
2065,2026-05-11 16:15:56.766205,0.9326154,0.07768746,0.48935783,0.36346483,1.2991576,-4.3678393
2066,2026-05-11 16:15:56.768904,0.9326154,0.07768746,0.48935783,0.36346483,1.2991576,-4.3678393
2067,2026-05-11 16:15:56.771479,0.9326154,0.07768746,0.48935783,0.36346483,1.2991576,-4.3678393
2068,2026-05-11 16:15:56.774149,0.9326154,0.07768746,0.48935783,0.36346483,1.2991576,-4.3678393
2069,2026-05-11 16:15:56.776893,0.9326154,0.07768746,0.48935783,0.36346483,1.2991576,-4.3678393
2070,2026-05-11 16:15:56.779480,0.9326154,0.07768746,0.48935783,0.36346483,1.2991576,-4.3678393
2071,2026-05-11 16:15:56.782567,0.9326154,0.07768746,0.48935783,0.36346483,1.2991576,-4.3678393
2072,2026-05-11 16:15:56.785693,0.9326154,0.07768746,0.48935783,0.36346483,1.2991576,-4.3678393
2073,2026-05-11 16:15:56.788319,0.9326154,0.07768746,0.48935783,0.36346483,1.2991576,-4.3678393
2074,2026-05-11 16:15:56.791157,0.78400916,-0.0045124586,0.4267322,0.36346483,1.2991576,-4.3678393
2075,2026-05-11 16:15:56.793921,0.78400916,-0.0045124586,0.4267322,0.36346483,1.2991576,-4.3678393
2076,2026-05-11 16:15:56.796583,0.78400916,-0.0045124586,0.4267322,1.0474812,1.0622946,-4.286136
2077,2026-05-11 16:15:56.799836,0.6627216,-0.09128582,0.33886123,1.0474812,1.0622946,-4.286136
2078,2026-05-11 16:15:56.802664,0.6627216,-0.09128582,0.33886123,1.0474812,1.0622946,-4.286136
2079,2026-05-11 16:15:56.805245,0.6627216,-0.09128582,0.33886123,1.0474812,1.0622946,-4.286136
2080,2026-05-11 16:15:56.807977,0.6627216,-0.09128582,0.33886123,1.0474812,1.0622946,-4.286136
2081,2026-05-11 16:15:56.810747,0.55411774,-0.17433943,0.2734306,1.6807957,0.8013025,-4.1935897
2082,2026-05-11 16:15:56.813486,0.35050824,-0.35874045,0.1659853,2.1642957,0.57619864,-4.0807323
2083,2026-05-11 16:15:56.816640,0.35050824,-0.35874045,0.1659853,2.1642957,0.57619864,-4.0807323
2084,2026-05-11 16:15:56.819578,0.35050824,-0.35874045,0.1659853,2.1642957,0.57619864,-4.0807323
2085,2026-05-11 16:15:56.822298,0.35050824,-0.35874045,0.1659853,2.1642957,0.57619864,-4.0807323
2086,2026-05-11 16:15:56.825054,0.22537899,-0.4726495,0.053234816,3.360217,0.11056661,-3.8240163
2087,2026-05-11 16:15:56.827817,0.22537899,-0.4726495,0.053234816,3.360217,0.11056661,-3.8240163
2088,2026-05-11 16:15:56.830648,0.22537899,-0.4726495,0.053234816,3.360217,0.11056661,-3.8240163
2089,2026-05-11 16:15:56.833666,0.22537899,-0.4726495,0.053234816,3.360217,0.11056661,-3.8240163
2090,2026-05-11 16:15:56.836341,0.22537899,-0.4726495,0.053234816,3.360217,0.11056661,-3.8240163
2091,2026-05-11 16:15:56.838984,0.22537899,-0.4726495,0.053234816,3.360217,0.11056661,-3.8240163
2092,2026-05-11 16:15:56.841612,0.17769329,-0.5055173,0.006219875,3.7226129,0.022296581,-3.6998582
2093,2026-05-11 16:15:56.844353,0.17769329,-0.5055173,0.006219875,3.7226129,0.022296581,-3.6998582
2094,2026-05-11 16:15:56.847094,0.17769329,-0.5055173,0.006219875,3.7226129,0.022296581,-3.6998582
2095,2026-05-11 16:15:56.850072,0.17769329,-0.5055173,0.006219875,3.7226129,0.022296581,-3.6998582
2096,2026-05-11 16:15:56.853380,-0.011586042,-0.60973066,-0.21050009,3.8696785,0.016340645,-3.5634825
2097,2026-05-11 16:15:56.856126,-0.14830133,-0.6504038,-0.38057098,3.8389826,0.05971208,-3.3298264
2098,2026-05-11 16:15:56.858918,-0.33416584,-0.5558861,-0.641074,3.3125696,-0.07360926,-2.6925414
2099,2026-05-11 16:15:56.861523,-0.33416584,-0.5558861,-0.641074,3.3125696,-0.07360926,-2.6925414
2100,2026-05-11 16:15:56.864124,-0.33416584,-0.5558861,-0.641074,3.3125696,-0.07360926,-2.6925414
2101,2026-05-11 16:15:56.867640,-0.33416584,-0.5558861,-0.641074,3.022256,-0.19517145,-2.4194846
2102,2026-05-11 16:15:56.870662,-0.33416584,-0.5558861,-0.641074,3.022256,-0.19517145,-2.4194846
2103,2026-05-11 16:15:56.873523,-0.33416584,-0.5558861,-0.641074,3.022256,-0.19517145,-2.4194846
2104,2026-05-11 16:15:56.876255,-0.33416584,-0.5558861,-0.641074,3.022256,-0.19517145,-2.4194846
2105,2026-05-11 16:15:56.878920,-0.33416584,-0.5558861,-0.641074,3.022256,-0.19517145,-2.4194846
2106,2026-05-11 16:15:56.882025,-0.33416584,-0.5558861,-0.641074,3.022256,-0.19517145,-2.4194846
2107,2026-05-11 16:15:56.884895,-0.33416584,-0.5558861,-0.641074,3.022256,-0.19517145,-2.4194846
2108,2026-05-11 16:15:56.887534,-0.33416584,-0.5558861,-0.641074,3.022256,-0.19517145,-2.4194846
2109,2026-05-11 16:15:56.890290,-0.33416584,-0.5558861,-0.641074,3.022256,-0.19517145,-2.4194846
2110,2026-05-11 16:15:56.893090,-0.2093415,-0.48423555,-0.6082672,3.022256,-0.19517145,-2.4194846
2111,2026-05-11 16:15:56.895759,-0.2093415,-0.48423555,-0.6082672,3.022256,-0.19517145,-2.4194846
2112,2026-05-11 16:15:56.898473,-0.2093415,-0.48423555,-0.6082672,3.022256,-0.19517145,-2.4194846
2113,2026-05-11 16:15:56.901780,-0.2093415,-0.48423555,-0.6082672,3.022256,-0.19517145,-2.4194846
2114,2026-05-11 16:15:56.904626,-0.2093415,-0.48423555,-0.6082672,3.022256,-0.19517145,-2.4194846
2115,2026-05-11 16:15:56.907261,-0.2093415,-0.48423555,-0.6082672,2.3872614,-0.46960264,-1.8968893
2116,2026-05-11 16:15:56.910054,-0.048600398,-0.43283013,-0.4964314,2.3872614,-0.46960264,-1.8968893
2117,2026-05-11 16:15:56.912806,-0.048600398,-0.43283013,-0.4964314,2.3872614,-0.46960264,-1.8968893
2118,2026-05-11 16:15:56.915913,-0.048600398,-0.43283013,-0.4964314,1.9543107,-0.7377725,-1.6287194
2119,2026-05-11 16:15:56.918664,-0.048600398,-0.43283013,-0.4964314,1.9543107,-0.7377725,-1.6287194
2120,2026-05-11 16:15:56.921271,-0.048600398,-0.43283013,-0.4964314,1.9543107,-0.7377725,-1.6287194
2121,2026-05-11 16:15:56.924132,-0.048600398,-0.43283013,-0.4964314,1.9543107,-0.7377725,-1.6287194
2122,2026-05-11 16:15:56.927030,0.12317792,-0.35325232,-0.31007907,1.723709,-0.945314,-1.5460999
2123,2026-05-11 16:15:56.929664,0.12317792,-0.35325232,-0.31007907,1.723709,-0.945314,-1.5460999
2124,2026-05-11 16:15:56.932650,0.12317792,-0.35325232,-0.31007907,1.723709,-0.945314,-1.5460999
2125,2026-05-11 16:15:56.935651,0.12317792,-0.35325232,-0.31007907,1.723709,-0.945314,-1.5460999
2126,2026-05-11 16:15:56.938426,0.12897095,-0.36367974,-0.28867537,1.195616,-1.0624474,-1.5607607
2127,2026-05-11 16:15:56.941061,0.12897095,-0.36367974,-0.28867537,1.195616,-1.0624474,-1.5607607
2128,2026-05-11 16:15:56.943781,0.12897095,-0.36367974,-0.28867537,1.195616,-1.0624474,-1.5607607
2129,2026-05-11 16:15:56.946588,-0.34666657,-0.3094083,-0.3527035,0.77549344,-0.88606006,-1.0855075
2130,2026-05-11 16:15:56.949677,-0.34666657,-0.3094083,-0.3527035,0.77549344,-0.88606006,-1.0855075
2131,2026-05-11 16:15:56.952554,-0.34666657,-0.3094083,-0.3527035,0.77549344,-0.88606006,-1.0855075
2132,2026-05-11 16:15:56.955318,-0.34666657,-0.3094083,-0.3527035,0.41370848,-1.0290025,-0.7612908
2133,2026-05-11 16:15:56.958091,-0.34666657,-0.3094083,-0.3527035,0.41370848,-1.0290025,-0.7612908
2134,2026-05-11 16:15:56.960744,-0.34666657,-0.3094083,-0.3527035,0.41370848,-1.0290025,-0.7612908
2135,2026-05-11 16:15:56.963498,-0.46411243,-0.3026396,-0.41307288,0.41370848,-1.0290025,-0.7612908
2136,2026-05-11 16:15:56.966292,-0.46411243,-0.3026396,-0.41307288,-0.084910266,-1.2399037,-0.3642284
2137,2026-05-11 16:15:56.969574,-0.46411243,-0.3026396,-0.41307288,-0.9483683,-1.4278975,0.3575089
2138,2026-05-11 16:15:56.972364,-0.46411243,-0.3026396,-0.41307288,-0.9483683,-1.4278975,0.3575089
2139,2026-05-11 16:15:56.975131,-0.5954616,-0.32129923,-0.36203334,-0.9483683,-1.4278975,0.3575089
2140,2026-05-11 16:15:56.977803,-0.66314846,-0.40538952,-0.19940189,-1.4888313,-1.3330606,0.9640981
2141,2026-05-11 16:15:56.980416,-0.66314846,-0.40538952,-0.19940189,-1.4888313,-1.3330606,0.9640981
2142,2026-05-11 16:15:56.983699,-0.5055173,-0.45069703,0.23586741,-2.4097106,-0.5529858,3.1584787
2143,2026-05-11 16:15:56.987142,-0.5055173,-0.45069703,0.23586741,-2.4097106,-0.5529858,3.1584787
2144,2026-05-11 16:15:56.989866,-0.5055173,-0.45069703,0.23586741,-2.4097106,-0.5529858,3.1584787
2145,2026-05-11 16:15:56.992567,-0.5055173,-0.45069703,0.23586741,-2.4097106,-0.5529858,3.1584787
2146,2026-05-11 16:15:56.995178,-0.5055173,-0.45069703,0.23586741,-2.4097106,-0.5529858,3.1584787
2147,2026-05-11 16:15:56.998051,-0.5055173,-0.45069703,0.23586741,-2.4097106,-0.5529858,3.1584787
2148,2026-05-11 16:15:57.001237,-0.5055173,-0.45069703,0.23586741,-2.4097106,-0.5529858,3.1584787
2149,2026-05-11 16:15:57.004085,0.24397767,-0.62704873,0.5001511,-2.5396724,-0.2929099,3.9796343
2150,2026-05-11 16:15:57.006854,0.24397767,-0.62704873,0.5001511,-2.5396724,-0.2929099,3.9796343
2151,2026-05-11 16:15:57.009636,0.24397767,-0.62704873,0.5001511,-2.5396724,-0.2929099,3.9796343
2152,2026-05-11 16:15:57.012487,0.24397767,-0.62704873,0.5001511,-2.5357015,0.13362677,4.8557677
2153,2026-05-11 16:15:57.015115,0.24397767,-0.62704873,0.5001511,-2.5357015,0.13362677,4.8557677
2154,2026-05-11 16:15:57.018476,0.5025293,-0.65113556,0.5377753,-2.5357015,0.13362677,4.8557677
2155,2026-05-11 16:15:57.021198,0.5025293,-0.65113556,0.5377753,-2.5357015,0.13362677,4.8557677
2156,2026-05-11 16:15:57.024078,0.5025293,-0.65113556,0.5377753,-2.5357015,0.13362677,4.8557677
2157,2026-05-11 16:15:57.027045,0.5025293,-0.65113556,0.5377753,-2.491872,0.29229903,5.0513973
2158,2026-05-11 16:15:57.029834,0.5025293,-0.65113556,0.5377753,-2.491872,0.29229903,5.0513973
2159,2026-05-11 16:15:57.033187,0.5025293,-0.65113556,0.5377753,-2.491872,0.29229903,5.0513973
2160,2026-05-11 16:15:57.036005,0.5025293,-0.65113556,0.5377753,-2.491872,0.29229903,5.0513973
2161,2026-05-11 16:15:57.038618,0.5025293,-0.65113556,0.5377753,-2.491872,0.29229903,5.0513973
2162,2026-05-11 16:15:57.041502,1.2563537,-0.6421716,0.55686176,-2.1569653,0.786489,5.3976054
2163,2026-05-11 16:15:57.044440,1.2563537,-0.6421716,0.55686176,-2.1569653,0.786489,5.3976054
2164,2026-05-11 16:15:57.047261,1.2563537,-0.6421716,0.55686176,-1.7672331,0.91996306,5.345529
2165,2026-05-11 16:15:57.050443,1.2563537,-0.6421716,0.55686176,-1.7672331,0.91996306,5.345529
2166,2026-05-11 16:15:57.053272,1.2563537,-0.6421716,0.55686176,-1.7672331,0.91996306,5.345529
2167,2026-05-11 16:15:57.055909,1.2563537,-0.6421716,0.55686176,-1.7672331,0.91996306,5.345529
2168,2026-05-11 16:15:57.058770,1.270257,-0.6388177,0.456673,-1.7672331,0.91996306,5.345529
2169,2026-05-11 16:15:57.061568,1.1527503,-0.65387964,0.21708584,-1.1855367,0.647059,5.3123894
2170,2026-05-11 16:15:57.064291,1.1527503,-0.65387964,0.21708584,-1.0980303,0.49739704,5.437617
2171,2026-05-11 16:15:57.067337,1.1527503,-0.65387964,0.21708584,-1.0980303,0.49739704,5.437617
2172,2026-05-11 16:15:57.070068,1.1527503,-0.65387964,0.21708584,-1.0980303,0.49739704,5.437617
2173,2026-05-11 16:15:57.072842,1.1527503,-0.65387964,0.21708584,-1.0980303,0.49739704,5.437617
2174,2026-05-11 16:15:57.075519,1.1527503,-0.65387964,0.21708584,-1.0980303,0.49739704,5.437617
2175,2026-05-11 16:15:57.078199,1.1527503,-0.65387964,0.21708584,-1.0980303,0.49739704,5.437617
2176,2026-05-11 16:15:57.081085,1.220437,-0.63625664,0.063540295,-1.0758864,0.15760323,5.913023
2177,2026-05-11 16:15:57.084288,1.220437,-0.63625664,0.063540295,-1.0758864,0.15760323,5.913023
2178,2026-05-11 16:15:57.087094,1.220437,-0.63625664,0.063540295,-1.0758864,0.15760323,5.913023
2179,2026-05-11 16:15:57.089866,1.220437,-0.63625664,0.063540295,-1.0758864,0.15760323,5.913023
2180,2026-05-11 16:15:57.092511,1.220437,-0.63625664,0.063540295,-1.0758864,0.15760323,5.913023
2181,2026-05-11 16:15:57.095235,1.220437,-0.63625664,0.063540295,-1.0758864,0.15760323,5.913023
2182,2026-05-11 16:15:57.098181,1.3000149,-0.5839975,0.015793605,-1.2232577,-0.11346822,6.5212917
2183,2026-05-11 16:15:57.101848,2.0125563,-0.13939838,0.09579827,-1.2341005,-0.22861631,6.681339
2184,2026-05-11 16:15:57.104656,2.0125563,-0.13939838,0.09579827,-1.2341005,-0.22861631,6.681339
2185,2026-05-11 16:15:57.107314,2.0125563,-0.13939838,0.09579827,-1.2341005,-0.22861631,6.681339
2186,2026-05-11 16:15:57.110185,2.0125563,-0.13939838,0.09579827,-1.1583532,-0.3034473,6.617045
2187,2026-05-11 16:15:57.112850,2.0125563,-0.13939838,0.09579827,-1.1583532,-0.3034473,6.617045
2188,2026-05-11 16:15:57.116049,2.0125563,-0.13939838,0.09579827,-1.1583532,-0.3034473,6.617045
2189,2026-05-11 16:15:57.118950,2.0125563,-0.13939838,0.09579827,-1.1583532,-0.3034473,6.617045
2190,2026-05-11 16:15:57.121641,2.2733035,0.17940071,0.15122834,-1.1583532,-0.3034473,6.617045
2191,2026-05-11 16:15:57.124400,2.2733035,0.17940071,0.15122834,-1.1583532,-0.3034473,6.617045
2192,2026-05-11 16:15:57.127012,2.2733035,0.17940071,0.15122834,-1.1583532,-0.3034473,6.617045
2193,2026-05-11 16:15:57.129797,2.2733035,0.17940071,0.15122834,-0.96944314,-0.25473082,6.2421265
2194,2026-05-11 16:15:57.133010,2.2733035,0.17940071,0.15122834,-0.96944314,-0.25473082,6.2421265
2195,2026-05-11 16:15:57.135777,2.2733035,0.17940071,0.15122834,-0.96944314,-0.25473082,6.2421265
2196,2026-05-11 16:15:57.138469,2.2733035,0.17940071,0.15122834,-0.77106464,-0.14508049,5.78245
2197,2026-05-11 16:15:57.141232,2.2733035,0.17940071,0.15122834,-0.77106464,-0.14508049,5.78245
2198,2026-05-11 16:15:57.143994,2.2733035,0.17940071,0.15122834,-0.77106464,-0.14508049,5.78245
2199,2026-05-11 16:15:57.146727,2.2733035,0.17940071,0.15122834,-0.77106464,-0.14508049,5.78245
2200,2026-05-11 16:15:57.149784,2.4487405,0.47368616,0.20434119,-0.77106464,-0.14508049,5.78245
2201,2026-05-11 16:15:57.152591,2.6857054,0.895784,0.1733028,-0.26511553,0.048563786,4.322635
2202,2026-05-11 16:15:57.155188,2.6857054,0.895784,0.1733028,-0.26511553,0.048563786,4.322635
2203,2026-05-11 16:15:57.157909,2.704731,1.249707,0.09159071,0.08979719,-0.15974127,2.8970284
2204,2026-05-11 16:15:57.160572,2.704731,1.249707,0.09159071,0.08979719,-0.15974127,2.8970284
2205,2026-05-11 16:15:57.163322,2.7590024,1.3686163,0.026891813,0.08979719,-0.15974127,2.8970284
2206,2026-05-11 16:15:57.166462,2.7590024,1.3686163,0.026891813,0.22708915,-0.4286747,2.012343
2207,2026-05-11 16:15:57.169336,2.7590024,1.3686163,0.026891813,0.23762658,-0.5899431,1.0936015
2208,2026-05-11 16:15:57.172205,2.7355256,1.3306874,-0.15878975,-0.38515055,-0.03023783,-0.4286747
2209,2026-05-11 16:15:57.175010,2.696194,1.2501339,-0.22293983,-0.6872234,0.2640465,-0.7707592
2210,2026-05-11 16:15:57.177708,2.696194,1.2501339,-0.22293983,-0.6872234,0.2640465,-0.7707592
2211,2026-05-11 16:15:57.180345,2.696194,1.2501339,-0.22293983,-0.6872234,0.2640465,-0.7707592
2212,2026-05-11 16:15:57.183547,2.6768024,1.1772028,-0.2651374,-0.6872234,0.2640465,-0.7707592
2213,2026-05-11 16:15:57.186261,2.6768024,1.1772028,-0.2651374,-0.6872234,0.2640465,-0.7707592
2214,2026-05-11 16:15:57.188914,2.6568015,1.1134796,-0.24245316,-0.6872234,0.2640465,-0.7707592
2215,2026-05-11 16:15:57.191712,2.6568015,1.1134796,-0.24245316,-0.6872234,0.2640465,-0.7707592
2216,2026-05-11 16:15:57.194535,2.6568015,1.1134796,-0.24245316,-1.2576188,0.6944011,-1.3295482
2217,2026-05-11 16:15:57.197296,2.6568015,1.1134796,-0.24245316,-1.2576188,0.6944011,-1.3295482
2218,2026-05-11 16:15:57.200273,2.6568015,1.1134796,-0.24245316,-1.2576188,0.6944011,-1.3295482
2219,2026-05-11 16:15:57.203096,2.6303363,1.0587202,-0.18427904,-1.5438092,0.80649483,-1.616044
2220,2026-05-11 16:15:57.205816,2.6303363,1.0587202,-0.18427904,-1.5438092,0.80649483,-1.616044
2221,2026-05-11 16:15:57.208494,2.6303363,1.0587202,-0.18427904,-1.5438092,0.80649483,-1.616044
2222,2026-05-11 16:15:57.211074,2.6303363,1.0587202,-0.18427904,-1.5438092,0.80649483,-1.616044
2223,2026-05-11 16:15:57.213853,2.6217382,1.0212791,-0.04469773,-1.7331774,0.70081514,-1.8828394
2224,2026-05-11 16:15:57.216885,2.6217382,1.0212791,-0.04469773,-1.7331774,0.70081514,-1.8828394
2225,2026-05-11 16:15:57.219782,2.6350927,1.0690258,0.08159013,-1.7250835,0.51083606,-2.0129538
2226,2026-05-11 16:15:57.222495,2.6350927,1.0690258,0.08159013,-1.7250835,0.51083606,-2.0129538
2227,2026-05-11 16:15:57.225170,2.8287017,1.202997,0.30227375,-1.135904,-0.076816306,-2.9946141
2228,2026-05-11 16:15:57.227844,2.9673684,1.1579335,0.2827604,-1.135904,-0.076816306,-2.9946141
2229,2026-05-11 16:15:57.230669,2.9673684,1.1579335,0.2827604,-1.135904,-0.076816306,-2.9946141
2230,2026-05-11 16:15:57.234482,2.9673684,1.1579335,0.2827604,-1.135904,-0.076816306,-2.9946141
2231,2026-05-11 16:15:57.237416,2.9673684,1.1579335,0.2827604,-1.135904,-0.076816306,-2.9946141
2232,2026-05-11 16:15:57.240424,2.9673684,1.1579335,0.2827604,-1.135904,-0.076816306,-2.9946141
2233,2026-05-11 16:15:57.243405,3.0753624,1.0596349,0.25074634,-1.135904,-0.076816306,-2.9946141
2234,2026-05-11 16:15:57.246306,3.0753624,1.0596349,0.25074634,-1.135904,-0.076816306,-2.9946141
2235,2026-05-11 16:15:57.250057,3.0753624,1.0596349,0.25074634,-1.135904,-0.076816306,-2.9946141
2236,2026-05-11 16:15:57.253149,3.0753624,1.0596349,0.25074634,-1.135904,-0.076816306,-2.9946141
2237,2026-05-11 16:15:57.255831,3.0753624,1.0596349,0.25074634,-1.135904,-0.076816306,-2.9946141
2238,2026-05-11 16:15:57.258544,3.0637152,0.97780097,0.22373258,-1.1209377,0.29978213,-3.4257324
2239,2026-05-11 16:15:57.261421,3.0637152,0.97780097,0.22373258,-1.1209377,0.29978213,-3.4257324
2240,2026-05-11 16:15:57.264178,3.0637152,0.97780097,0.22373258,-1.1438452,0.5720753,-3.7539196
2241,2026-05-11 16:15:57.267664,3.0637152,0.97780097,0.22373258,-1.1438452,0.5720753,-3.7539196
2242,2026-05-11 16:15:57.270484,3.0637152,0.97780097,0.22373258,-1.1438452,0.5720753,-3.7539196
2243,2026-05-11 16:15:57.273266,3.0637152,0.97780097,0.22373258,-1.1438452,0.5720753,-3.7539196
2244,2026-05-11 16:15:57.275983,3.0637152,0.97780097,0.22373258,-1.2502885,1.0630583,-4.5048256
2245,2026-05-11 16:15:57.278793,2.8082736,0.84090275,0.15757017,-1.2502885,1.0630583,-4.5048256
2246,2026-05-11 16:15:57.281688,2.4965482,0.7107122,0.14433768,-1.2502885,1.0630583,-4.5048256
2247,2026-05-11 16:15:57.284909,2.4965482,0.7107122,0.14433768,-1.2502885,1.0630583,-4.5048256
2248,2026-05-11 16:15:57.287722,2.4965482,0.7107122,0.14433768,-1.2502885,1.0630583,-4.5048256
2249,2026-05-11 16:15:57.290383,2.4965482,0.7107122,0.14433768,-1.3726143,1.2194397,-4.8754683
2250,2026-05-11 16:15:57.292967,2.4965482,0.7107122,0.14433768,-1.3726143,1.2194397,-4.8754683
2251,2026-05-11 16:15:57.295527,2.4965482,0.7107122,0.14433768,-1.3726143,1.2194397,-4.8754683
2252,2026-05-11 16:15:57.298087,2.4965482,0.7107122,0.14433768,-1.3726143,1.2194397,-4.8754683
2253,2026-05-11 16:15:57.301098,2.4965482,0.7107122,0.14433768,-1.3726143,1.2194397,-4.8754683
2254,2026-05-11 16:15:57.303810,2.4965482,0.7107122,0.14433768,-1.3726143,1.2194397,-4.8754683
2255,2026-05-11 16:15:57.306710,2.4965482,0.7107122,0.14433768,-1.3726143,1.2194397,-4.8754683
2256,2026-05-11 16:15:57.309506,2.4965482,0.7107122,0.14433768,-1.3726143,1.2194397,-4.8754683
2257,2026-05-11 16:15:57.312212,2.1496987,0.5336287,0.13177599,-1.4654657,1.3257303,-5.066058
2258,2026-05-11 16:15:57.315665,2.1496987,0.5336287,0.13177599,-1.4654657,1.3257303,-5.066058
2259,2026-05-11 16:15:57.318469,1.7901654,0.37502187,0.12256813,-1.4654657,1.3257303,-5.066058
2260,2026-05-11 16:15:57.321509,1.7901654,0.37502187,0.12256813,-1.4654657,1.3257303,-5.066058
2261,2026-05-11 16:15:57.324335,1.7901654,0.37502187,0.12256813,-1.4654657,1.3257303,-5.066058
2262,2026-05-11 16:15:57.327312,1.7901654,0.37502187,0.12256813,-1.4654657,1.3257303,-5.066058
2263,2026-05-11 16:15:57.330018,1.7901654,0.37502187,0.12256813,-1.4654657,1.3257303,-5.066058
2264,2026-05-11 16:15:57.333521,1.7901654,0.37502187,0.12256813,-1.4654657,1.3257303,-5.066058
2265,2026-05-11 16:15:57.336428,1.7901654,0.37502187,0.12256813,-1.4654657,1.3257303,-5.066058
2266,2026-05-11 16:15:57.339279,1.7901654,0.37502187,0.12256813,-1.5711454,1.528843,-5.2128186
2267,2026-05-11 16:15:57.342028,1.5760067,0.2950782,0.1331785,-1.5711454,1.528843,-5.2128186
2268,2026-05-11 16:15:57.344689,1.5760067,0.2950782,0.1331785,-1.6186402,1.6439911,-5.23481
2269,2026-05-11 16:15:57.347642,1.2157416,0.155131,0.22147635,-1.5816828,1.7673858,-5.1786103
2270,2026-05-11 16:15:57.351060,1.2157416,0.155131,0.22147635,-1.5816828,1.7673858,-5.1786103
2271,2026-05-11 16:15:57.379978,1.2157416,0.155131,0.22147635,-1.5816828,1.7673858,-5.1786103
2272,2026-05-11 16:15:57.389007,0.94968957,0.049515083,0.30581054,-1.5816828,1.7673858,-5.1786103
2273,2026-05-11 16:15:57.392769,0.3026396,-0.18787682,0.33617815,0.5543602,1.3058772,-4.1996984
2274,2026-05-11 16:15:57.395822,0.3026396,-0.18787682,0.33617815,0.5543602,1.3058772,-4.1996984
2275,2026-05-11 16:15:57.399122,0.3026396,-0.18787682,0.33617815,0.5543602,1.3058772,-4.1996984
2276,2026-05-11 16:15:57.402138,0.3026396,-0.18787682,0.33617815,0.5543602,1.3058772,-4.1996984
2277,2026-05-11 16:15:57.405009,0.3026396,-0.18787682,0.33617815,0.77625704,1.2881621,-4.0805798
2278,2026-05-11 16:15:57.407940,0.28708994,-0.22196417,0.32386038,0.77625704,1.2881621,-4.0805798
2279,2026-05-11 16:15:57.410693,0.28708994,-0.22196417,0.32386038,0.77625704,1.2881621,-4.0805798
2280,2026-05-11 16:15:57.413651,0.30776188,-0.36337486,0.29141945,1.7435621,1.2279918,-3.7035232
2281,2026-05-11 16:15:57.417049,0.3623992,-0.55460554,0.11098208,3.7158933,0.6585127,-3.5532503
2282,2026-05-11 16:15:57.420012,0.3623992,-0.55460554,0.11098208,3.7158933,0.6585127,-3.5532503
2283,2026-05-11 16:15:57.422821,0.32562876,-0.614731,0.0026221042,4.0692787,0.5141958,-3.598149
2284,2026-05-11 16:15:57.425818,0.00030489583,-0.71760285,-0.49021152,4.4173193,0.2237294,-3.4002287
2285,2026-05-11 16:15:57.428552,0.00030489583,-0.71760285,-0.49021152,4.4173193,0.2237294,-3.4002287
2286,2026-05-11 16:15:57.431191,0.00030489583,-0.71760285,-0.49021152,4.4173193,0.2237294,-3.4002287
2287,2026-05-11 16:15:57.434791,0.00030489583,-0.71760285,-0.49021152,4.4173193,0.2237294,-3.4002287
2288,2026-05-11 16:15:57.437575,0.00030489583,-0.71760285,-0.49021152,4.4173193,0.2237294,-3.4002287
2289,2026-05-11 16:15:57.440270,-0.17501022,-0.661563,-0.65820915,4.4173193,0.2237294,-3.4002287
2290,2026-05-11 16:15:57.443242,-0.17501022,-0.661563,-0.65820915,4.4173193,0.2237294,-3.4002287
2291,2026-05-11 16:15:57.445915,-0.17501022,-0.661563,-0.65820915,3.6647334,0.10888673,-2.724459
2292,2026-05-11 16:15:57.449171,-0.17501022,-0.661563,-0.65820915,3.6647334,0.10888673,-2.724459
2293,2026-05-11 16:15:57.452162,-0.17501022,-0.661563,-0.65820915,3.6647334,0.10888673,-2.724459
2294,2026-05-11 16:15:57.454990,-0.2172078,-0.5286284,-0.5660086,2.961322,-0.22617286,-2.1180224
2295,2026-05-11 16:15:57.457776,-0.2172078,-0.5286284,-0.5660086,2.961322,-0.22617286,-2.1180224
2296,2026-05-11 16:15:57.460563,-0.2172078,-0.5286284,-0.5660086,2.961322,-0.22617286,-2.1180224
2297,2026-05-11 16:15:57.463319,-0.19592606,-0.50027305,-0.5132617,2.3935227,-0.46822822,-1.7858646
2298,2026-05-11 16:15:57.466908,-0.19592606,-0.50027305,-0.5132617,2.3935227,-0.46822822,-1.7858646
2299,2026-05-11 16:15:57.469743,-0.19592606,-0.50027305,-0.5132617,2.3935227,-0.46822822,-1.7858646
2300,2026-05-11 16:15:57.472477,-0.19592606,-0.50027305,-0.5132617,2.3935227,-0.46822822,-1.7858646
2301,2026-05-11 16:15:57.475257,-0.2034265,-0.44825786,-0.4308788,2.3935227,-0.46822822,-1.7858646
2302,2026-05-11 16:15:57.477936,-0.2034265,-0.44825786,-0.4308788,2.3935227,-0.46822822,-1.7858646
2303,2026-05-11 16:15:57.480688,-0.2034265,-0.44825786,-0.4308788,2.3935227,-0.46822822,-1.7858646
2304,2026-05-11 16:15:57.484028,-0.2034265,-0.44825786,-0.4308788,2.3935227,-0.46822822,-1.7858646
2305,2026-05-11 16:15:57.486875,-0.2034265,-0.44825786,-0.4308788,2.3935227,-0.46822822,-1.7858646
2306,2026-05-11 16:15:57.489728,-0.2034265,-0.44825786,-0.4308788,2.3935227,-0.46822822,-1.7858646
2307,2026-05-11 16:15:57.492526,-0.2034265,-0.44825786,-0.4308788,2.3935227,-0.46822822,-1.7858646
2308,2026-05-11 16:15:57.495148,-0.2034265,-0.44825786,-0.4308788,2.3935227,-0.46822822,-1.7858646
2309,2026-05-11 16:15:57.498164,-0.2034265,-0.44825786,-0.4308788,2.1670444,-0.5001459,-1.7026341
2310,2026-05-11 16:15:57.501484,-0.25684425,-0.38947394,-0.3447762,2.1670444,-0.5001459,-1.7026341
2311,2026-05-11 16:15:57.504384,-0.25684425,-0.38947394,-0.3447762,2.1670444,-0.5001459,-1.7026341
2312,2026-05-11 16:15:57.507193,-0.25684425,-0.38947394,-0.3447762,2.1670444,-0.5001459,-1.7026341
2313,2026-05-11 16:15:57.510159,-0.25684425,-0.38947394,-0.3447762,2.1670444,-0.5001459,-1.7026341
2314,2026-05-11 16:15:57.512912,-0.25684425,-0.38947394,-0.3447762,2.1670444,-0.5001459,-1.7026341
2315,2026-05-11 16:15:57.516386,-0.25684425,-0.38947394,-0.3447762,2.1670444,-0.5001459,-1.7026341
2316,2026-05-11 16:15:57.519327,-0.25684425,-0.38947394,-0.3447762,2.0595322,-0.49388456,-1.669342
2317,2026-05-11 16:15:57.521972,-0.25684425,-0.38947394,-0.3447762,2.0595322,-0.49388456,-1.669342
2318,2026-05-11 16:15:57.524658,-0.25684425,-0.38947394,-0.3447762,2.0595322,-0.49388456,-1.669342
2319,2026-05-11 16:15:57.527307,-0.25684425,-0.38947394,-0.3447762,2.0595322,-0.49388456,-1.669342
2320,2026-05-11 16:15:57.530278,-0.30867654,-0.37130213,-0.31038398,2.0595322,-0.49388456,-1.669342
2321,2026-05-11 16:15:57.533796,-0.4911872,-0.37355837,-0.2950172,1.8289305,-0.36957347,-1.6029104
2322,2026-05-11 16:15:57.536835,-0.4911872,-0.37355837,-0.2950172,1.8289305,-0.36957347,-1.6029104
2323,2026-05-11 16:15:57.539607,-0.4911872,-0.37355837,-0.2950172,1.8289305,-0.36957347,-1.6029104
2324,2026-05-11 16:15:57.542292,-0.4911872,-0.37355837,-0.2950172,1.8289305,-0.36957347,-1.6029104
2325,2026-05-11 16:15:57.545190,-0.4911872,-0.37355837,-0.2950172,1.6694947,-0.26725355,-1.538006
2326,2026-05-11 16:15:57.547844,-0.626317,-0.3740462,-0.3141037,1.6694947,-0.26725355,-1.538006
2327,2026-05-11 16:15:57.550968,-0.626317,-0.3740462,-0.3141037,1.6694947,-0.26725355,-1.538006
2328,2026-05-11 16:15:57.553712,-0.626317,-0.3740462,-0.3141037,1.6694947,-0.26725355,-1.538006
2329,2026-05-11 16:15:57.556579,-0.626317,-0.3740462,-0.3141037,1.6694947,-0.26725355,-1.538006
2330,2026-05-11 16:15:57.559425,-0.626317,-0.3740462,-0.3141037,1.6694947,-0.26725355,-1.538006
2331,2026-05-11 16:15:57.562042,-0.626317,-0.3740462,-0.3141037,1.6694947,-0.26725355,-1.538006
2332,2026-05-11 16:15:57.564948,-0.626317,-0.3740462,-0.3141037,1.6694947,-0.26725355,-1.538006
2333,2026-05-11 16:15:57.568094,-0.626317,-0.3740462,-0.3141037,1.6694947,-0.26725355,-1.538006
2334,2026-05-11 16:15:57.570791,-0.626317,-0.3740462,-0.3141037,1.6694947,-0.26725355,-1.538006
2335,2026-05-11 16:15:57.573688,-0.81645006,-0.40642616,-0.37429014,1.6694947,-0.26725355,-1.538006
2336,2026-05-11 16:15:57.576499,-0.81645006,-0.40642616,-0.37429014,1.3819299,-0.21868975,-1.3232869
2337,2026-05-11 16:15:57.579210,-0.81645006,-0.40642616,-0.37429014,1.3819299,-0.21868975,-1.3232869
2338,2026-05-11 16:15:57.582233,-0.81645006,-0.40642616,-0.37429014,1.3819299,-0.21868975,-1.3232869
2339,2026-05-11 16:15:57.585174,-0.81645006,-0.40642616,-0.37429014,0.93844175,-0.300393,-0.9274462
2340,2026-05-11 16:15:57.587986,-0.9728616,-0.5040538,-0.45649004,0.6044512,-0.4353942,-0.61422503
2341,2026-05-11 16:15:57.590719,-0.9728616,-0.5040538,-0.45649004,0.6044512,-0.4353942,-0.61422503
2342,2026-05-11 16:15:57.593356,-0.9728616,-0.5040538,-0.45649004,0.6044512,-0.4353942,-0.61422503
2343,2026-05-11 16:15:57.595957,-0.9728616,-0.5040538,-0.45649004,0.6044512,-0.4353942,-0.61422503
2344,2026-05-11 16:15:57.599042,-0.9728616,-0.5040538,-0.45649004,-0.11362094,-0.75228053,0.093767814
2345,2026-05-11 16:15:57.601977,-0.9728616,-0.5040538,-0.45649004,-0.11362094,-0.75228053,0.093767814
2346,2026-05-11 16:15:57.604653,-1.0157909,-0.5491174,-0.44655046,-0.11362094,-0.75228053,0.093767814
2347,2026-05-11 16:15:57.607296,-1.0157909,-0.5491174,-0.44655046,-0.11362094,-0.75228053,0.093767814
2348,2026-05-11 16:15:57.610138,-1.0157909,-0.5491174,-0.44655046,-0.11362094,-0.75228053,0.093767814
2349,2026-05-11 16:15:57.612769,-1.0157909,-0.5491174,-0.44655046,-0.11362094,-0.75228053,0.093767814
2350,2026-05-11 16:15:57.615852,-1.0157909,-0.5491174,-0.44655046,-0.11362094,-0.75228053,0.093767814
2351,2026-05-11 16:15:57.618719,-1.0157909,-0.5491174,-0.44655046,-0.7626653,-1.0334313,0.89461213
2352,2026-05-11 16:15:57.621500,-1.0157909,-0.5491174,-0.44655046,-0.7626653,-1.0334313,0.89461213
2353,2026-05-11 16:15:57.624380,-1.0505491,-0.58088756,-0.40057215,-0.7626653,-1.0334313,0.89461213
2354,2026-05-11 16:15:57.627178,-1.0073149,-0.60814524,-0.29672462,-0.7626653,-1.0334313,0.89461213
2355,2026-05-11 16:15:57.629821,-1.0073149,-0.60814524,-0.29672462,-0.7626653,-1.0334313,0.89461213
2356,2026-05-11 16:15:57.632924,-1.0073149,-0.60814524,-0.29672462,-0.7626653,-1.0334313,0.89461213
2357,2026-05-11 16:15:57.635787,-1.0073149,-0.60814524,-0.29672462,-1.4052955,-1.1023064,1.9285016
2358,2026-05-11 16:15:57.638378,-1.0073149,-0.60814524,-0.29672462,-1.4052955,-1.1023064,1.9285016
2359,2026-05-11 16:15:57.641222,-1.0073149,-0.60814524,-0.29672462,-1.4052955,-1.1023064,1.9285016
2360,2026-05-11 16:15:57.644047,-0.69973594,-0.7158345,-0.12787332,-2.3745859,-0.6954701,3.9423716
2361,2026-05-11 16:15:57.646721,-0.69973594,-0.7158345,-0.12787332,-2.3745859,-0.6954701,3.9423716
2362,2026-05-11 16:15:57.649928,0.1595215,-0.95279956,0.14415476,-3.6212091,0.8950703,6.5558057
2363,2026-05-11 16:15:57.652750,0.1595215,-0.95279956,0.14415476,-3.6212091,0.8950703,6.5558057
2364,2026-05-11 16:15:57.655591,0.54826367,-1.0161569,0.231233,-3.6212091,0.8950703,6.5558057
2365,2026-05-11 16:15:57.658237,0.54826367,-1.0161569,0.231233,-3.6212091,0.8950703,6.5558057
2366,2026-05-11 16:15:57.660989,0.54826367,-1.0161569,0.231233,-3.9063306,1.4054482,7.2929673
2367,2026-05-11 16:15:57.663719,0.54826367,-1.0161569,0.231233,-3.9063306,1.4054482,7.2929673
2368,2026-05-11 16:15:57.666785,0.54826367,-1.0161569,0.231233,-3.9063306,1.4054482,7.2929673
2369,2026-05-11 16:15:57.669565,0.54826367,-1.0161569,0.231233,-3.9063306,1.4054482,7.2929673
2370,2026-05-11 16:15:57.672281,1.094637,-0.9965825,0.29385862,-4.0317106,1.6653714,8.017607
2371,2026-05-11 16:15:57.675127,1.7143074,-0.91724867,0.29745638,-4.0317106,1.6653714,8.017607
2372,2026-05-11 16:15:57.677791,1.7143074,-0.91724867,0.29745638,-4.0317106,1.6653714,8.017607
2373,2026-05-11 16:15:57.680412,1.7143074,-0.91724867,0.29745638,-4.0317106,1.6653714,8.017607
2374,2026-05-11 16:15:57.683546,1.7143074,-0.91724867,0.29745638,-4.0317106,1.6653714,8.017607
2375,2026-05-11 16:15:57.686396,1.7143074,-0.91724867,0.29745638,-3.9519928,1.4989105,8.3491535
2376,2026-05-11 16:15:57.689032,1.7143074,-0.91724867,0.29745638,-3.9519928,1.4989105,8.3491535
2377,2026-05-11 16:15:57.691711,1.7143074,-0.91724867,0.29745638,-3.9519928,1.4989105,8.3491535
2378,2026-05-11 16:15:57.694585,2.40636,-0.73687226,0.20629252,-3.6775615,0.9850202,8.17857
2379,2026-05-11 16:15:57.697245,2.40636,-0.73687226,0.20629252,-3.6775615,0.9850202,8.17857
2380,2026-05-11 16:15:57.700323,2.40636,-0.73687226,0.20629252,-3.6775615,0.9850202,8.17857
2381,2026-05-11 16:15:57.703213,2.531733,-0.48100364,-0.037929043,-3.4826956,0.020922136,7.512879
2382,2026-05-11 16:15:57.705943,2.531733,-0.48100364,-0.037929043,-3.4826956,0.020922136,7.512879
2383,2026-05-11 16:15:57.708548,2.531733,-0.48100364,-0.037929043,-3.4826956,0.020922136,7.512879
2384,2026-05-11 16:15:57.711183,2.531733,-0.48100364,-0.037929043,-3.4826956,0.020922136,7.512879
2385,2026-05-11 16:15:57.713764,2.531733,-0.48100364,-0.037929043,-3.4826956,0.020922136,7.512879
2386,2026-05-11 16:15:57.716734,2.531733,-0.48100364,-0.037929043,-3.7349827,-0.5532912,7.392997
2387,2026-05-11 16:15:57.720244,2.531733,-0.48100364,-0.037929043,-3.7349827,-0.5532912,7.392997
2388,2026-05-11 16:15:57.722997,2.531733,-0.48100364,-0.037929043,-3.7349827,-0.5532912,7.392997
2389,2026-05-11 16:15:57.725762,2.3604426,-0.2795895,-0.07750452,-4.3030877,-0.732122,7.504785
2390,2026-05-11 16:15:57.728577,2.3604426,-0.2795895,-0.07750452,-4.3030877,-0.732122,7.504785
2391,2026-05-11 16:15:57.731294,2.516854,-0.2338551,0.23629428,-4.3030877,-0.732122,7.504785
2392,2026-05-11 16:15:57.734660,2.516854,-0.2338551,0.23629428,-4.6442556,-0.5193882,7.5380774
2393,2026-05-11 16:15:57.737773,2.516854,-0.2338551,0.23629428,-4.6442556,-0.5193882,7.5380774
2394,2026-05-11 16:15:57.740596,2.516854,-0.2338551,0.23629428,-4.6442556,-0.5193882,7.5380774
2395,2026-05-11 16:15:57.743394,2.516854,-0.2338551,0.23629428,-4.6442556,-0.5193882,7.5380774
2396,2026-05-11 16:15:57.746019,2.516854,-0.2338551,0.23629428,-4.6442556,-0.5193882,7.5380774
2397,2026-05-11 16:15:57.749022,2.516854,-0.2338551,0.23629428,-4.6442556,-0.5193882,7.5380774
2398,2026-05-11 16:15:57.751964,2.516854,-0.2338551,0.23629428,-4.6442556,-0.5193882,7.5380774
2399,2026-05-11 16:15:57.754706,2.516854,-0.2338551,0.23629428,-4.6442556,-0.5193882,7.5380774
2400,2026-05-11 16:15:57.757331,2.516854,-0.2338551,0.23629428,-4.6442556,-0.5193882,7.5380774
2401,2026-05-11 16:15:57.760201,2.6136892,-0.18098617,0.5557031,-4.71084,-0.1226312,7.382154
2402,2026-05-11 16:15:57.763026,2.7444284,-0.0693943,0.76589835,-4.71084,-0.1226312,7.382154
2403,2026-05-11 16:15:57.766119,3.394954,0.96737355,0.93096894,-2.6105325,-0.74372846,4.5284967
2404,2026-05-11 16:15:57.769050,3.394954,0.96737355,0.93096894,-2.6105325,-0.74372846,4.5284967
2405,2026-05-11 16:15:57.771798,3.2121994,1.3388586,1.1556772,-1.4143058,-1.6455183,3.057686
2406,2026-05-11 16:15:57.774579,3.018225,1.5480171,1.232389,-1.4143058,-1.6455183,3.057686
2407,2026-05-11 16:15:57.777408,3.018225,1.5480171,1.232389,-1.4143058,-1.6455183,3.057686
2408,2026-05-11 16:15:57.780126,3.018225,1.5480171,1.232389,-1.4143058,-1.6455183,3.057686
2409,2026-05-11 16:15:57.783479,3.018225,1.5480171,1.232389,-0.7516697,-2.0015,2.4556782
2410,2026-05-11 16:15:57.786442,3.018225,1.5480171,1.232389,-0.7516697,-2.0015,2.4556782
2411,2026-05-11 16:15:57.789187,3.018225,1.5480171,1.232389,-0.7516697,-2.0015,2.4556782
2412,2026-05-11 16:15:57.792157,2.9204142,1.7419308,0.84498835,0.4436409,-0.5013676,0.062002823
2413,2026-05-11 16:15:57.794882,3.1123157,1.6182652,0.6039377,0.4436409,-0.5013676,0.062002823
2414,2026-05-11 16:15:57.797763,3.1123157,1.6182652,0.6039377,0.4436409,-0.5013676,0.062002823
2415,2026-05-11 16:15:57.800933,3.0654228,1.4124604,0.450819,0.4436409,-0.5013676,0.062002823
2416,2026-05-11 16:15:57.803599,3.0654228,1.4124604,0.450819,0.4436409,-0.5013676,0.062002823
2417,2026-05-11 16:15:57.806481,3.0654228,1.4124604,0.450819,0.2669481,0.39920044,-0.8031351
2418,2026-05-11 16:15:57.809308,3.0654228,1.4124604,0.450819,0.2669481,0.39920044,-0.8031351
2419,2026-05-11 16:15:57.812049,3.0654228,1.4124604,0.450819,0.2669481,0.39920044,-0.8031351
2420,2026-05-11 16:15:57.814835,3.0654228,1.4124604,0.450819,0.2669481,0.39920044,-0.8031351
2421,2026-05-11 16:15:57.818123,2.853581,1.1583602,0.32855576,0.2669481,0.39920044,-0.8031351
2422,2026-05-11 16:15:57.821123,2.4517894,0.9261516,0.24794129,-0.14172074,1.6082555,-2.2119431
2423,2026-05-11 16:15:57.823816,2.1268923,0.86877024,0.2294646,-0.14172074,1.6082555,-2.2119431
2424,2026-05-11 16:15:57.826642,2.1268923,0.86877024,0.2294646,-0.2406809,1.3759739,-2.4631615
2425,2026-05-11 16:15:57.829383,2.1268923,0.86877024,0.2294646,-0.2406809,1.3759739,-2.4631615
2426,2026-05-11 16:15:57.832633,2.1268923,0.86877024,0.2294646,-0.2406809,1.3759739,-2.4631615
2427,2026-05-11 16:15:57.835446,2.1268923,0.86877024,0.2294646,-0.2406809,1.3759739,-2.4631615
2428,2026-05-11 16:15:57.838111,2.1268923,0.86877024,0.2294646,-0.2406809,1.3759739,-2.4631615
2429,2026-05-11 16:15:57.840877,2.1268923,0.86877024,0.2294646,-0.2406809,1.3759739,-2.4631615
2430,2026-05-11 16:15:57.843511,2.1268923,0.86877024,0.2294646,-0.2406809,1.3759739,-2.4631615
2431,2026-05-11 16:15:57.846164,2.1268923,0.86877024,0.2294646,-0.2406809,1.3759739,-2.4631615
2432,2026-05-11 16:15:57.849218,2.1268923,0.86877024,0.2294646,-0.2406809,1.3759739,-2.4631615
2433,2026-05-11 16:15:57.852132,2.1107938,1.0470123,0.3983159,-0.3930918,0.13912456,-2.349235
2434,2026-05-11 16:15:57.854947,2.2880604,1.1031741,0.5311286,-0.3930918,0.13912456,-2.349235
2435,2026-05-11 16:15:57.857653,2.2880604,1.1031741,0.5311286,-0.3930918,0.13912456,-2.349235
2436,2026-05-11 16:15:57.860245,2.2880604,1.1031741,0.5311286,-0.3930918,0.13912456,-2.349235
2437,2026-05-11 16:15:57.862986,2.2880604,1.1031741,0.5311286,-0.38835758,-0.109650314,-2.3504567
2438,2026-05-11 16:15:57.866067,2.2880604,1.1031741,0.5311286,-0.38835758,-0.109650314,-2.3504567
2439,2026-05-11 16:15:57.868891,2.2880604,1.1031741,0.5311286,-0.38835758,-0.109650314,-2.3504567
2440,2026-05-11 16:15:57.871598,2.2880604,1.1031741,0.5311286,-0.38835758,-0.109650314,-2.3504567
2441,2026-05-11 16:15:57.874391,2.6146648,1.2641591,0.6491842,-0.38835758,-0.109650314,-2.3504567
2442,2026-05-11 16:15:57.877139,2.6146648,1.2641591,0.6491842,-0.38835758,-0.109650314,-2.3504567
2443,2026-05-11 16:15:57.879752,2.6146648,1.2641591,0.6491842,-0.38835758,-0.109650314,-2.3504567
2444,2026-05-11 16:15:57.883011,2.844922,1.331663,0.66638035,-0.37659842,-0.24404067,-2.548377
2445,2026-05-11 16:15:57.885806,2.844922,1.331663,0.66638035,-0.42241332,-0.0025961774,-2.9831605
2446,2026-05-11 16:15:57.888484,2.844922,1.331663,0.66638035,-0.42241332,-0.0025961774,-2.9831605
2447,2026-05-11 16:15:57.891182,2.844922,1.331663,0.66638035,-0.42241332,-0.0025961774,-2.9831605
2448,2026-05-11 16:15:57.893945,2.844922,1.331663,0.66638035,-0.42241332,-0.0025961774,-2.9831605
2449,2026-05-11 16:15:57.896602,2.844922,1.331663,0.66638035,-0.42241332,-0.0025961774,-2.9831605
2450,2026-05-11 16:15:57.899684,2.924012,1.2481827,0.6693683,-0.42241332,-0.0025961774,-2.9831605
2451,2026-05-11 16:15:57.902469,2.924012,1.2481827,0.6693683,-0.52763486,0.39293906,-3.474907
2452,2026-05-11 16:15:57.905246,2.924012,1.2481827,0.6693683,-0.52763486,0.39293906,-3.474907
2453,2026-05-11 16:15:57.907953,2.8040051,1.0734164,0.6932722,-0.52763486,0.39293906,-3.474907
2454,2026-05-11 16:15:57.910689,2.8040051,1.0734164,0.6932722,-0.52763486,0.39293906,-3.474907
2455,2026-05-11 16:15:57.913290,2.8040051,1.0734164,0.6932722,-0.6195701,1.1038336,-4.116163
2456,2026-05-11 16:15:57.916424,2.8040051,1.0734164,0.6932722,-0.6195701,1.1038336,-4.116163
2457,2026-05-11 16:15:57.919238,2.8040051,1.0734164,0.6932722,-0.6195701,1.1038336,-4.116163
2458,2026-05-11 16:15:57.921955,2.8040051,1.0734164,0.6932722,-0.6195701,1.1038336,-4.116163
2459,2026-05-11 16:15:57.924657,2.6585698,1.0055465,0.72656673,-0.6195701,1.1038336,-4.116163
2460,2026-05-11 16:15:57.927247,2.6585698,1.0055465,0.72656673,-0.6195701,1.1038336,-4.116163
2461,2026-05-11 16:15:57.929999,2.6585698,1.0055465,0.72656673,-0.6195701,1.1038336,-4.116163
2462,2026-05-11 16:15:57.933196,2.6585698,1.0055465,0.72656673,-0.61529404,1.4181237,-4.4354925
2463,2026-05-11 16:15:57.935975,2.2251909,0.76547146,0.8084618,-0.61529404,1.4181237,-4.4354925
2464,2026-05-11 16:15:57.938724,2.2251909,0.76547146,0.8084618,-0.61529404,1.4181237,-4.4354925
2465,2026-05-11 16:15:57.941369,2.2251909,0.76547146,0.8084618,-0.61529404,1.4181237,-4.4354925
2466,2026-05-11 16:15:57.944087,2.2251909,0.76547146,0.8084618,-0.61529404,1.4181237,-4.4354925
2467,2026-05-11 16:15:57.946720,2.2251909,0.76547146,0.8084618,-0.61529404,1.4181237,-4.4354925
2468,2026-05-11 16:15:57.949743,2.2251909,0.76547146,0.8084618,-0.61529404,1.4181237,-4.4354925
2469,2026-05-11 16:15:57.952705,2.2251909,0.76547146,0.8084618,-0.30848694,1.538006,-4.9955034
2470,2026-05-11 16:15:57.955509,2.2251909,0.76547146,0.8084618,-0.30848694,1.538006,-4.9955034
2471,2026-05-11 16:15:57.958203,2.2251909,0.76547146,0.8084618,-0.30848694,1.538006,-4.9955034
2472,2026-05-11 16:15:57.960919,2.2251909,0.76547146,0.8084618,-0.30848694,1.538006,-4.9955034
2473,2026-05-11 16:15:57.963503,2.2251909,0.76547146,0.8084618,-0.30848694,1.538006,-4.9955034
2474,2026-05-11 16:15:57.966523,2.2251909,0.76547146,0.8084618,0.04260785,1.2953397,-5.1891475
2475,2026-05-11 16:15:57.969302,1.9851159,0.6179019,0.8357805,0.04260785,1.2953397,-5.1891475
2476,2026-05-11 16:15:57.971939,1.9851159,0.6179019,0.8357805,0.04260785,1.2953397,-5.1891475
2477,2026-05-11 16:15:57.974526,1.9851159,0.6179019,0.8357805,0.04260785,1.2953397,-5.1891475
2478,2026-05-11 16:15:57.977150,1.9851159,0.6179019,0.8357805,0.04260785,1.2953397,-5.1891475
2479,2026-05-11 16:15:57.979726,1.9851159,0.6179019,0.8357805,0.04260785,1.2953397,-5.1891475
2480,2026-05-11 16:15:57.982829,1.9851159,0.6179019,0.8357805,0.04260785,1.2953397,-5.1891475
2481,2026-05-11 16:15:57.985792,1.7641273,0.4941142,0.83169484,0.5865834,0.86834496,-5.3692
2482,2026-05-11 16:15:57.988614,1.7641273,0.4941142,0.83169484,0.5865834,0.86834496,-5.3692
2483,2026-05-11 16:15:57.991255,1.7641273,0.4941142,0.83169484,0.5865834,0.86834496,-5.3692
2484,2026-05-11 16:15:57.993984,1.7641273,0.4941142,0.83169484,0.5865834,0.86834496,-5.3692
2485,2026-05-11 16:15:57.996674,1.5794214,0.3677044,0.74345803,1.5679383,0.23548855,-5.740148
2486,2026-05-11 16:15:57.999703,1.5794214,0.3677044,0.74345803,1.5679383,0.23548855,-5.740148
2487,2026-05-11 16:15:58.002633,1.5794214,0.3677044,0.74345803,1.5679383,0.23548855,-5.740148
2488,2026-05-11 16:15:58.005327,1.2632444,0.21159773,0.5757653,1.5679383,0.23548855,-5.740148
2489,2026-05-11 16:15:58.008293,1.2632444,0.21159773,0.5757653,1.5679383,0.23548855,-5.740148
2490,2026-05-11 16:15:58.011028,1.2632444,0.21159773,0.5757653,1.5679383,0.23548855,-5.740148
2491,2026-05-11 16:15:58.013796,0.95273846,0.11177482,0.4466724,1.7594446,0.18677205,-5.7508383
2492,2026-05-11 16:15:58.017031,0.95273846,0.11177482,0.4466724,1.7594446,0.18677205,-5.7508383
2493,2026-05-11 16:15:58.019790,0.95273846,0.11177482,0.4466724,1.7594446,0.18677205,-5.7508383
2494,2026-05-11 16:15:58.022557,0.55344695,0.01683025,0.30513975,1.8622227,0.27977628,-5.4826684
2495,2026-05-11 16:15:58.025308,0.55344695,0.01683025,0.30513975,1.8622227,0.27977628,-5.4826684
2496,2026-05-11 16:15:58.027950,0.55344695,0.01683025,0.30513975,1.8622227,0.27977628,-5.4826684
2497,2026-05-11 16:15:58.030873,0.55344695,0.01683025,0.30513975,1.8622227,0.27977628,-5.4826684
2498,2026-05-11 16:15:58.033911,0.55344695,0.01683025,0.30513975,1.8622227,0.27977628,-5.4826684
2499,2026-05-11 16:15:58.036487,0.55344695,0.01683025,0.30513975,1.8622227,0.27977628,-5.4826684
2500,2026-05-11 16:15:58.039078,0.55344695,0.01683025,0.30513975,1.8622227,0.27977628,-5.4826684
2501,2026-05-11 16:15:58.041984,0.55344695,0.01683025,0.30513975,1.8622227,0.27977628,-5.4826684
2502,2026-05-11 16:15:58.044641,0.4091702,-0.0307335,0.25623447,1.873371,0.36209038,-5.275432
2503,2026-05-11 16:15:58.047228,0.4091702,-0.0307335,0.25623447,1.873371,0.36209038,-5.275432
2504,2026-05-11 16:15:58.050328,0.4091702,-0.0307335,0.25623447,1.873371,0.36209038,-5.275432
2505,2026-05-11 16:15:58.052975,0.4091702,-0.0307335,0.25623447,1.873371,0.36209038,-5.275432
2506,2026-05-11 16:15:58.055643,0.4091702,-0.0307335,0.25623447,1.9165897,0.5311473,-4.789031
2507,2026-05-11 16:15:58.058342,0.19123067,-0.11494574,0.19427963,1.9165897,0.5311473,-4.789031
2508,2026-05-11 16:15:58.061087,0.19123067,-0.11494574,0.19427963,1.9165897,0.5311473,-4.789031
2509,2026-05-11 16:15:58.063700,0.19123067,-0.11494574,0.19427963,1.9165897,0.5311473,-4.789031
2510,2026-05-11 16:15:58.066725,0.19123067,-0.11494574,0.19427963,1.9585867,0.6049093,-4.5222354
2511,2026-05-11 16:15:58.069466,0.077260606,-0.14153264,0.097322755,2.0935879,0.5902485,-3.9009855
2512,2026-05-11 16:15:58.072226,0.18671821,-0.13738607,0.03164819,2.3299928,0.17119499,-3.3939674
2513,2026-05-11 16:15:58.074868,0.18671821,-0.13738607,0.03164819,2.3299928,0.17119499,-3.3939674
2514,2026-05-11 16:15:58.077420,0.18671821,-0.13738607,0.03164819,2.3299928,0.17119499,-3.3939674
2515,2026-05-11 16:15:58.080022,0.18671821,-0.13738607,0.03164819,2.3299928,0.17119499,-3.3939674
2516,2026-05-11 16:15:58.083231,0.18671821,-0.13738607,0.03164819,2.3299928,0.17119499,-3.3939674
2517,2026-05-11 16:15:58.085919,0.18671821,-0.13738607,0.03164819,2.3299928,0.17119499,-3.3939674
2518,2026-05-11 16:15:58.088612,0.18671821,-0.13738607,0.03164819,2.3299928,0.17119499,-3.3939674
2519,2026-05-11 16:15:58.091307,0.18671821,-0.13738607,0.03164819,2.3299928,0.17119499,-3.3939674
2520,2026-05-11 16:15:58.093979,0.18671821,-0.13738607,0.03164819,2.3299928,0.17119499,-3.3939674
2521,2026-05-11 16:15:58.096628,0.23897736,-0.16147284,0.002500146,2.437505,-0.071013086,-3.2462907
2522,2026-05-11 16:15:58.099669,0.25763696,-0.18074225,-0.026708877,2.437505,-0.071013086,-3.2462907
2523,2026-05-11 16:15:58.102610,0.30605444,-0.22720838,-0.06945527,2.4706445,-0.13087788,-3.16642
2524,2026-05-11 16:15:58.105257,0.30605444,-0.22720838,-0.06945527,2.4706445,-0.13087788,-3.16642
2525,2026-05-11 16:15:58.108019,0.30605444,-0.22720838,-0.06945527,2.4469736,-0.09468412,-3.0535626
2526,2026-05-11 16:15:58.110789,0.30605444,-0.22720838,-0.06945527,2.4469736,-0.09468412,-3.0535626
2527,2026-05-11 16:15:58.113508,0.30605444,-0.22720838,-0.06945527,2.4469736,-0.09468412,-3.0535626
2528,2026-05-11 16:15:58.116540,0.30605444,-0.22720838,-0.06945527,2.4469736,-0.09468412,-3.0535626
2529,2026-05-11 16:15:58.119422,0.30605444,-0.22720838,-0.06945527,2.4469736,-0.09468412,-3.0535626
2530,2026-05-11 16:15:58.122168,0.30605444,-0.22720838,-0.06945527,2.4469736,-0.09468412,-3.0535626
2531,2026-05-11 16:15:58.124916,0.30605444,-0.22720838,-0.06945527,2.4469736,-0.09468412,-3.0535626
2532,2026-05-11 16:15:58.127653,0.30605444,-0.22720838,-0.06945527,2.4469736,-0.09468412,-3.0535626
2533,2026-05-11 16:15:58.130272,0.30605444,-0.22720838,-0.06945527,2.4135287,0.0032070426,-3.0256155
2534,2026-05-11 16:15:58.133486,0.30215177,-0.2804432,-0.07110171,2.4135287,0.0032070426,-3.0256155
2535,2026-05-11 16:15:58.136306,0.30215177,-0.2804432,-0.07110171,2.4135287,0.0032070426,-3.0256155
2536,2026-05-11 16:15:58.139038,0.24989262,-0.34678853,-0.036892395,2.3988678,0.13408493,-2.9681942
2537,2026-05-11 16:15:58.141747,0.24989262,-0.34678853,-0.036892395,2.3988678,0.13408493,-2.9681942
2538,2026-05-11 16:15:58.144346,0.24989262,-0.34678853,-0.036892395,2.3988678,0.13408493,-2.9681942
2539,2026-05-11 16:15:58.147151,0.24989262,-0.34678853,-0.036892395,2.3988678,0.13408493,-2.9681942
2540,2026-05-11 16:15:58.150096,0.24989262,-0.34678853,-0.036892395,2.3988678,0.13408493,-2.9681942
2541,2026-05-11 16:15:58.152846,0.24989262,-0.34678853,-0.036892395,2.3988678,0.13408493,-2.9681942
2542,2026-05-11 16:15:58.155601,0.24989262,-0.34678853,-0.036892395,2.3988678,0.13408493,-2.9681942
2543,2026-05-11 16:15:58.158204,0.24989262,-0.34678853,-0.036892395,2.3988678,0.13408493,-2.9681942
2544,2026-05-11 16:15:58.161062,0.24989262,-0.34678853,-0.036892395,2.4717135,0.23915374,-2.8524354
2545,2026-05-11 16:15:58.163785,0.24989262,-0.34678853,-0.036892395,2.4717135,0.23915374,-2.8524354
2546,2026-05-11 16:15:58.167272,0.24989262,-0.34678853,-0.036892395,2.4717135,0.23915374,-2.8524354
2547,2026-05-11 16:15:58.169991,0.24989262,-0.34678853,-0.036892395,2.4717135,0.23915374,-2.8524354
2548,2026-05-11 16:15:58.172711,0.16153382,-0.44398934,0.0062808543,2.5835018,0.2947425,-2.7203357
2549,2026-05-11 16:15:58.175448,0.16153382,-0.44398934,0.0062808543,2.5835018,0.2947425,-2.7203357
2550,2026-05-11 16:15:58.178156,0.16153382,-0.44398934,0.0062808543,2.5835018,0.2947425,-2.7203357
2551,2026-05-11 16:15:58.180768,0.16153382,-0.44398934,0.0062808543,2.5835018,0.2947425,-2.7203357
2552,2026-05-11 16:15:58.183792,0.16153382,-0.44398934,0.0062808543,2.5835018,0.2947425,-2.7203357
2553,2026-05-11 16:15:58.186473,0.16153382,-0.44398934,0.0062808543,2.5835018,0.2947425,-2.7203357
2554,2026-05-11 16:15:58.189069,0.16153382,-0.44398934,0.0062808543,2.5835018,0.2947425,-2.7203357
2555,2026-05-11 16:15:58.191894,0.16153382,-0.44398934,0.0062808543,2.5835018,0.2947425,-2.7203357
2556,2026-05-11 16:15:58.194536,0.16153382,-0.44398934,0.0062808543,2.5835018,0.2947425,-2.7203357
2557,2026-05-11 16:15:58.197287,0.07134563,-0.49368733,-0.014635001,2.5835018,0.2947425,-2.7203357
2558,2026-05-11 16:15:58.200443,0.07134563,-0.49368733,-0.014635001,2.8177686,0.21502456,-2.4883597
2559,2026-05-11 16:15:58.203125,0.07134563,-0.49368733,-0.014635001,2.8177686,0.21502456,-2.4883597
2560,2026-05-11 16:15:58.205817,0.07134563,-0.49368733,-0.014635001,2.8177686,0.21502456,-2.4883597
2561,2026-05-11 16:15:58.208615,0.07134563,-0.49368733,-0.014635001,2.8177686,0.21502456,-2.4883597
2562,2026-05-11 16:15:58.211454,-0.12012896,-0.5026513,-0.13128816,3.1789427,-0.4804455,-2.0221167
2563,2026-05-11 16:15:58.214651,-0.12012896,-0.5026513,-0.13128816,3.2562172,-0.8568912,-1.7890716
2564,2026-05-11 16:15:58.217563,-0.09921311,-0.49978524,-0.1214705,3.2562172,-0.8568912,-1.7890716
2565,2026-05-11 16:15:58.220237,-0.09921311,-0.49978524,-0.1214705,3.2562172,-0.8568912,-1.7890716
2566,2026-05-11 16:15:58.223050,-0.09921311,-0.49978524,-0.1214705,3.2562172,-0.8568912,-1.7890716
2567,2026-05-11 16:15:58.225693,-0.09921311,-0.49978524,-0.1214705,3.3066137,-1.2278391,-1.5668694
2568,2026-05-11 16:15:58.228374,-0.09921311,-0.49978524,-0.1214705,3.3066137,-1.2278391,-1.5668694
2569,2026-05-11 16:15:58.231526,-0.09921311,-0.49978524,-0.1214705,3.3066137,-1.2278391,-1.5668694
2570,2026-05-11 16:15:58.234366,-0.09921311,-0.49978524,-0.1214705,3.3066137,-1.2278391,-1.5668694
2571,2026-05-11 16:15:58.237097,-0.09921311,-0.49978524,-0.1214705,3.3066137,-1.2278391,-1.5668694
2572,2026-05-11 16:15:58.239743,-0.09921311,-0.49978524,-0.1214705,3.34464,-1.4172074,-1.4515685
2573,2026-05-11 16:15:58.242355,-0.09921311,-0.49978524,-0.1214705,3.34464,-1.4172074,-1.4515685
2574,2026-05-11 16:15:58.244991,-0.09921311,-0.49978524,-0.1214705,3.34464,-1.4172074,-1.4515685
2575,2026-05-11 16:15:58.247808,-0.09140777,-0.5014317,-0.10146933,3.34464,-1.4172074,-1.4515685
2576,2026-05-11 16:15:58.251125,-0.09140777,-0.5014317,-0.10146933,3.339295,-1.4001031,-1.4709635
2577,2026-05-11 16:15:58.253908,-0.24544115,-0.47386914,-0.19306004,3.339295,-1.4001031,-1.4709635
2578,2026-05-11 16:15:58.256619,-0.24544115,-0.47386914,-0.19306004,3.268587,-1.3542882,-1.5448782
2579,2026-05-11 16:15:58.259230,-0.24544115,-0.47386914,-0.19306004,3.268587,-1.3542882,-1.5448782
2580,2026-05-11 16:15:58.261838,-0.24544115,-0.47386914,-0.19306004,3.268587,-1.3542882,-1.5448782
2581,2026-05-11 16:15:58.264460,-0.24544115,-0.47386914,-0.19306004,3.268587,-1.3542882,-1.5448782
2582,2026-05-11 16:15:58.267631,-0.38575423,-0.44892865,-0.32904357,3.0066788,-1.2728904,-1.643533
2583,2026-05-11 16:15:58.270488,-0.38575423,-0.44892865,-0.32904357,3.0066788,-1.2728904,-1.643533
2584,2026-05-11 16:15:58.273116,-0.38575423,-0.44892865,-0.32904357,3.0066788,-1.2728904,-1.643533
2585,2026-05-11 16:15:58.275968,-0.38575423,-0.44892865,-0.32904357,3.0066788,-1.2728904,-1.643533
2586,2026-05-11 16:15:58.278680,-0.60790133,-0.41624376,-0.4533801,3.0066788,-1.2728904,-1.643533
2587,2026-05-11 16:15:58.281505,-0.60790133,-0.41624376,-0.4533801,3.0066788,-1.2728904,-1.643533
2588,2026-05-11 16:15:58.284864,-0.60790133,-0.41624376,-0.4533801,2.590374,-1.2374603,-1.6887369
2589,2026-05-11 16:15:58.287826,-0.60790133,-0.41624376,-0.4533801,2.590374,-1.2374603,-1.6887369
2590,2026-05-11 16:15:58.290569,-0.60790133,-0.41624376,-0.4533801,2.590374,-1.2374603,-1.6887369
2591,2026-05-11 16:15:58.293210,-0.60790133,-0.41624376,-0.4533801,2.590374,-1.2374603,-1.6887369
2592,2026-05-11 16:15:58.295946,-0.60790133,-0.41624376,-0.4533801,2.590374,-1.2374603,-1.6887369
2593,2026-05-11 16:15:58.298792,-0.60790133,-0.41624376,-0.4533801,2.590374,-1.2374603,-1.6887369
2594,2026-05-11 16:15:58.301940,-1.0579276,-0.49356538,-0.6019254,1.6029104,-1.2154691,-1.5839735
2595,2026-05-11 16:15:58.304633,-1.0579276,-0.49356538,-0.6019254,1.6029104,-1.2154691,-1.5839735
2596,2026-05-11 16:15:58.307231,-1.0579276,-0.49356538,-0.6019254,1.6029104,-1.2154691,-1.5839735
2597,2026-05-11 16:15:58.310156,-1.2064118,-0.5494833,-0.53643376,0.7687739,-1.1386528,-1.3176364
2598,2026-05-11 16:15:58.312928,-1.2064118,-0.5494833,-0.53643376,0.7687739,-1.1386528,-1.3176364
2599,2026-05-11 16:15:58.316029,-1.2064118,-0.5494833,-0.53643376,0.7687739,-1.1386528,-1.3176364
2600,2026-05-11 16:15:58.318906,-1.2064118,-0.5494833,-0.53643376,0.7687739,-1.1386528,-1.3176364
2601,2026-05-11 16:15:58.321705,-1.2064118,-0.5494833,-0.53643376,0.7687739,-1.1386528,-1.3176364
2602,2026-05-11 16:15:58.324480,-1.2064118,-0.5494833,-0.53643376,0.7687739,-1.1386528,-1.3176364
2603,2026-05-11 16:15:58.327148,-1.2064118,-0.5494833,-0.53643376,-0.09560041,-0.93111134,-0.88025683
2604,2026-05-11 16:15:58.329991,-1.545212,-0.78309447,-0.18836464,-1.9385809,-0.106137834,0.8426886
2605,2026-05-11 16:15:58.333302,-1.545212,-0.78309447,-0.18836464,-1.9385809,-0.106137834,0.8426886
2606,2026-05-11 16:15:58.336199,-1.545212,-0.78309447,-0.18836464,-2.6865854,0.45753807,2.0931299
2607,2026-05-11 16:15:58.338955,-1.545212,-0.78309447,-0.18836464,-2.6865854,0.45753807,2.0931299
2608,2026-05-11 16:15:58.341689,-1.545212,-0.78309447,-0.18836464,-2.6865854,0.45753807,2.0931299
2609,2026-05-11 16:15:58.344452,-1.545212,-0.78309447,-0.18836464,-2.957504,0.70280045,2.6676486
2610,2026-05-11 16:15:58.347190,-1.545212,-0.78309447,-0.18836464,-3.6968038,1.5523612,5.2031975
2611,2026-05-11 16:15:58.350080,-1.545212,-0.78309447,-0.18836464,-3.6968038,1.5523612,5.2031975
2612,2026-05-11 16:15:58.352952,-1.3198941,-1.0498784,0.1469598,-3.6968038,1.5523612,5.2031975
2613,2026-05-11 16:15:58.355862,-1.3198941,-1.0498784,0.1469598,-3.8654025,1.8460348,6.4850984
2614,2026-05-11 16:15:58.358691,3.1540253,-0.11457986,0.68272275,-4.3299656,-0.2565634,8.183609
2615,2026-05-11 16:15:58.361427,3.1540253,-0.11457986,0.68272275,-4.3299656,-0.2565634,8.183609
2616,2026-05-11 16:15:58.364185,3.1540253,-0.11457986,0.68272275,-4.3299656,-0.2565634,8.183609
2617,2026-05-11 16:15:58.367272,3.1540253,-0.11457986,0.68272275,-4.3299656,-0.2565634,8.183609
2618,2026-05-11 16:15:58.370068,3.0682278,0.6341224,1.7705302,-1.3245085,-1.3571899,5.4699926
2619,2026-05-11 16:15:58.372861,2.6055179,1.1895816,0.6246096,-1.3245085,-1.3571899,5.4699926
2620,2026-05-11 16:15:58.375792,2.6055179,1.1895816,0.6246096,2.4616342,-0.8790351,2.9191723
2621,2026-05-11 16:15:58.378563,2.6055179,1.1895816,0.6246096,2.4616342,-0.8790351,2.9191723
2622,2026-05-11 16:15:58.381341,2.6055179,1.1895816,0.6246096,2.4616342,-0.8790351,2.9191723
2623,2026-05-11 16:15:58.384391,2.6055179,1.1895816,0.6246096,2.4616342,-0.8790351,2.9191723
2624,2026-05-11 16:15:58.387314,2.6055179,1.1895816,0.6246096,2.4616342,-0.8790351,2.9191723
2625,2026-05-11 16:15:58.391994,2.6055179,1.1895816,0.6246096,2.4616342,-0.8790351,2.9191723
2626,2026-05-11 16:15:58.415368,2.6055179,1.1895816,0.6246096,2.1533,-0.5874997,1.9834795
2627,2026-05-11 16:15:58.420928,2.6055179,1.1895816,0.6246096,2.1533,-0.5874997,1.9834795
2628,2026-05-11 16:15:58.427650,2.6055179,1.1895816,0.6246096,2.1533,-0.5874997,1.9834795
2629,2026-05-11 16:15:58.430629,2.4602046,1.4105701,0.102262065,2.1533,-0.5874997,1.9834795
2630,2026-05-11 16:15:58.433755,2.4602046,1.4105701,0.102262065,2.1533,-0.5874997,1.9834795
2631,2026-05-11 16:15:58.436544,2.4602046,1.4105701,0.102262065,2.1533,-0.5874997,1.9834795
2632,2026-05-11 16:15:58.439248,2.4602046,1.4105701,0.102262065,2.1533,-0.5874997,1.9834795
2633,2026-05-11 16:15:58.442174,2.4602046,1.4105701,0.102262065,2.1533,-0.5874997,1.9834795
2634,2026-05-11 16:15:58.444963,2.4602046,1.4105701,0.102262065,0.98731095,0.3726278,0.7460192
2635,2026-05-11 16:15:58.447726,2.4602046,1.4105701,0.102262065,0.98731095,0.3726278,0.7460192
2636,2026-05-11 16:15:58.450852,2.4602046,1.4105701,0.102262065,0.98731095,0.3726278,0.7460192
2637,2026-05-11 16:15:58.453735,2.6894252,1.4316078,-0.08567573,0.98731095,0.3726278,0.7460192
2638,2026-05-11 16:15:58.456431,2.6894252,1.4316078,-0.08567573,0.98731095,0.3726278,0.7460192
2639,2026-05-11 16:15:58.459328,2.6894252,1.4316078,-0.08567573,0.6068946,0.6389651,0.1217149
2640,2026-05-11 16:15:58.462134,2.6894252,1.4316078,-0.08567573,0.6068946,0.6389651,0.1217149
2641,2026-05-11 16:15:58.464802,2.6894252,1.4316078,-0.08567573,0.6068946,0.6389651,0.1217149
2642,2026-05-11 16:15:58.467934,2.6894252,1.4316078,-0.08567573,0.6068946,0.6389651,0.1217149
2643,2026-05-11 16:15:58.470803,2.6894252,1.4316078,-0.08567573,-0.060170226,0.86162543,-1.0690142
2644,2026-05-11 16:15:58.473482,2.6894252,1.4316078,-0.08567573,-0.060170226,0.86162543,-1.0690142
2645,2026-05-11 16:15:58.476211,2.6894252,1.4316078,-0.08567573,-0.060170226,0.86162543,-1.0690142
2646,2026-05-11 16:15:58.478944,2.6894252,1.4316078,-0.08567573,-0.060170226,0.86162543,-1.0690142
2647,2026-05-11 16:15:58.482082,2.6894252,1.4316078,-0.08567573,-0.060170226,0.86162543,-1.0690142
2648,2026-05-11 16:15:58.485043,2.6894252,1.4316078,-0.08567573,-0.060170226,0.86162543,-1.0690142
2649,2026-05-11 16:15:58.487737,2.6894252,1.4316078,-0.08567573,-0.060170226,0.86162543,-1.0690142
2650,2026-05-11 16:15:58.490530,2.6894252,1.4316078,-0.08567573,-0.01038471,-0.4775439,-2.048384
2651,2026-05-11 16:15:58.493227,2.6894252,1.4316078,-0.08567573,0.059864793,-0.30787608,-3.5013268
2652,2026-05-11 16:15:58.495829,2.8003464,1.1360419,0.1408009,0.059864793,-0.30787608,-3.5013268
2653,2026-05-11 16:15:58.498631,2.8003464,1.1360419,0.1408009,0.059864793,-0.30787608,-3.5013268
2654,2026-05-11 16:15:58.502144,2.643447,1.0579276,0.06597946,0.059864793,-0.30787608,-3.5013268
2655,2026-05-11 16:15:58.505048,2.643447,1.0579276,0.06597946,0.059864793,-0.30787608,-3.5013268
2656,2026-05-11 16:15:58.507693,2.643447,1.0579276,0.06597946,0.059864793,-0.30787608,-3.5013268
2657,2026-05-11 16:15:58.510440,2.643447,1.0579276,0.06597946,0.059864793,-0.30787608,-3.5013268
2658,2026-05-11 16:15:58.513059,2.643447,1.0579276,0.06597946,-0.18570304,-0.15958855,-3.7911825
2659,2026-05-11 16:15:58.516048,2.643447,1.0579276,0.06597946,-0.18570304,-0.15958855,-3.7911825
2660,2026-05-11 16:15:58.519410,2.643447,1.0579276,0.06597946,-0.18570304,-0.15958855,-3.7911825
2661,2026-05-11 16:15:58.522284,2.5370991,0.97767895,0.06780884,-0.18570304,-0.15958855,-3.7911825
2662,2026-05-11 16:15:58.525053,2.5370991,0.97767895,0.06780884,-0.44730607,-0.10781772,-3.973373
2663,2026-05-11 16:15:58.527646,2.5370991,0.97767895,0.06780884,-0.44730607,-0.10781772,-3.973373
2664,2026-05-11 16:15:58.530323,2.5370991,0.97767895,0.06780884,-0.44730607,-0.10781772,-3.973373
2665,2026-05-11 16:15:58.533501,2.5370991,0.97767895,0.06780884,-0.44730607,-0.10781772,-3.973373
2666,2026-05-11 16:15:58.536327,2.5370991,0.97767895,0.06780884,-0.44730607,-0.10781772,-3.973373
2667,2026-05-11 16:15:58.538991,2.5370991,0.97767895,0.06780884,-0.44730607,-0.10781772,-3.973373
2668,2026-05-11 16:15:58.541727,2.5370991,0.97767895,0.06780884,-0.7693848,-0.047494773,-4.2664356
2669,2026-05-11 16:15:58.544465,2.5370991,0.97767895,0.06780884,-0.7693848,-0.047494773,-4.2664356
2670,2026-05-11 16:15:58.547225,2.4232512,0.863526,0.14104481,-0.7693848,-0.047494773,-4.2664356
2671,2026-05-11 16:15:58.550347,2.4232512,0.863526,0.14104481,-0.7693848,-0.047494773,-4.2664356
2672,2026-05-11 16:15:58.553220,2.4232512,0.863526,0.14104481,-0.7693848,-0.047494773,-4.2664356
2673,2026-05-11 16:15:58.555912,2.4232512,0.863526,0.14104481,-0.7693848,-0.047494773,-4.2664356
2674,2026-05-11 16:15:58.558632,2.4232512,0.863526,0.14104481,-0.81138176,-0.02687807,-4.3186646
2675,2026-05-11 16:15:58.561239,2.3544056,0.8104131,0.17324181,-0.81138176,-0.02687807,-4.3186646
2676,2026-05-11 16:15:58.564011,2.3544056,0.8104131,0.17324181,-0.81138176,-0.02687807,-4.3186646
2677,2026-05-11 16:15:58.566941,2.3544056,0.8104131,0.17324181,-0.81138176,-0.02687807,-4.3186646
2678,2026-05-11 16:15:58.569655,2.3544056,0.8104131,0.17324181,-0.81138176,-0.02687807,-4.3186646
2679,2026-05-11 16:15:58.572267,2.3544056,0.8104131,0.17324181,-0.81138176,-0.02687807,-4.3186646
2680,2026-05-11 16:15:58.575089,2.3544056,0.8104131,0.17324181,-1.0100657,0.29229903,-4.6619706
2681,2026-05-11 16:15:58.577850,2.3544056,0.8104131,0.17324181,-1.0100657,0.29229903,-4.6619706
2682,2026-05-11 16:15:58.580569,2.3544056,0.8104131,0.17324181,-1.0100657,0.29229903,-4.6619706
2683,2026-05-11 16:15:58.583785,1.9224902,0.58259493,0.251722,-1.0100657,0.29229903,-4.6619706
2684,2026-05-11 16:15:58.586694,1.9224902,0.58259493,0.251722,-1.0100657,0.29229903,-4.6619706
2685,2026-05-11 16:15:58.589387,1.9224902,0.58259493,0.251722,-1.0100657,0.29229903,-4.6619706
2686,2026-05-11 16:15:58.592157,1.5993617,0.49563867,0.32032356,-1.0323622,0.4972443,-4.7111454
2687,2026-05-11 16:15:58.594881,1.5993617,0.49563867,0.32032356,-1.0323622,0.4972443,-4.7111454
2688,2026-05-11 16:15:58.597572,1.5993617,0.49563867,0.32032356,-1.0323622,0.4972443,-4.7111454
2689,2026-05-11 16:15:58.600928,1.5993617,0.49563867,0.32032356,-0.9639453,0.62873304,-4.68442
2690,2026-05-11 16:15:58.603786,1.5993617,0.49563867,0.32032356,-0.9639453,0.62873304,-4.68442
2691,2026-05-11 16:15:58.606505,1.3792268,0.41478032,0.37032646,-0.70738196,0.83658,-4.62425
2692,2026-05-11 16:15:58.609154,1.3792268,0.41478032,0.37032646,-0.70738196,0.83658,-4.62425
2693,2026-05-11 16:15:58.611792,1.3792268,0.41478032,0.37032646,-0.70738196,0.83658,-4.62425
2694,2026-05-11 16:15:58.614526,1.3792268,0.41478032,0.37032646,-0.70738196,0.83658,-4.62425
2695,2026-05-11 16:15:58.617581,1.3792268,0.41478032,0.37032646,-0.70738196,0.83658,-4.62425
2696,2026-05-11 16:15:58.620407,1.1635435,0.28038222,0.40856043,-0.70738196,0.83658,-4.62425
2697,2026-05-11 16:15:58.623051,1.1635435,0.28038222,0.40856043,-0.70738196,0.83658,-4.62425
2698,2026-05-11 16:15:58.625704,1.1635435,0.28038222,0.40856043,-0.70738196,0.83658,-4.62425
2699,2026-05-11 16:15:58.628429,1.1635435,0.28038222,0.40856043,-0.5175556,0.9411906,-4.6053133
2700,2026-05-11 16:15:58.631077,0.66345334,-0.07799236,0.43575716,-0.5175556,0.9411906,-4.6053133
2701,2026-05-11 16:15:58.634336,0.66345334,-0.07799236,0.43575716,-0.5175556,0.9411906,-4.6053133
2702,2026-05-11 16:15:58.637033,0.66345334,-0.07799236,0.43575716,0.49449542,1.1281154,-4.57141
2703,2026-05-11 16:15:58.639598,0.66345334,-0.07799236,0.43575716,0.49449542,1.1281154,-4.57141
2704,2026-05-11 16:15:58.642379,0.54893446,-0.1636681,0.39032766,0.93477654,1.1114693,-4.535827
2705,2026-05-11 16:15:58.644994,0.54893446,-0.1636681,0.39032766,0.93477654,1.1114693,-4.535827
2706,2026-05-11 16:15:58.647817,0.54893446,-0.1636681,0.39032766,0.93477654,1.1114693,-4.535827
2707,2026-05-11 16:15:58.650859,0.54893446,-0.1636681,0.39032766,0.93477654,1.1114693,-4.535827
2708,2026-05-11 16:15:58.653677,0.54893446,-0.1636681,0.39032766,0.93477654,1.1114693,-4.535827
2709,2026-05-11 16:15:58.656308,0.54893446,-0.1636681,0.39032766,0.93477654,1.1114693,-4.535827
2710,2026-05-11 16:15:58.659240,0.54893446,-0.1636681,0.39032766,0.93477654,1.1114693,-4.535827
2711,2026-05-11 16:15:58.661891,0.54893446,-0.1636681,0.39032766,0.93477654,1.1114693,-4.535827
2712,2026-05-11 16:15:58.664947,0.54893446,-0.1636681,0.39032766,1.3643675,1.0189233,-4.4741297
2713,2026-05-11 16:15:58.667854,0.54893446,-0.1636681,0.39032766,1.3643675,1.0189233,-4.4741297
2714,2026-05-11 16:15:58.670755,0.33995885,-0.30898145,0.28050417,1.7599027,0.8547532,-4.386165
2715,2026-05-11 16:15:58.673439,0.33995885,-0.30898145,0.28050417,1.7599027,0.8547532,-4.386165
2716,2026-05-11 16:15:58.676042,0.33995885,-0.30898145,0.28050417,1.7599027,0.8547532,-4.386165
2717,2026-05-11 16:15:58.678815,0.33995885,-0.30898145,0.28050417,1.7599027,0.8547532,-4.386165
2718,2026-05-11 16:15:58.681546,0.33995885,-0.30898145,0.28050417,2.3816109,0.5196936,-4.117232
2719,2026-05-11 16:15:58.684897,0.21080498,-0.4019137,0.22324473,2.3816109,0.5196936,-4.117232
2720,2026-05-11 16:15:58.687771,0.21080498,-0.4019137,0.22324473,2.7015514,0.35430184,-3.9338195
2721,2026-05-11 16:15:58.690428,0.21080498,-0.4019137,0.22324473,2.7015514,0.35430184,-3.9338195
2722,2026-05-11 16:15:58.693044,0.21080498,-0.4019137,0.22324473,2.7015514,0.35430184,-3.9338195
2723,2026-05-11 16:15:58.695796,0.13476396,-0.4604537,0.20238985,2.7015514,0.35430184,-3.9338195
2724,2026-05-11 16:15:58.698674,0.13476396,-0.4604537,0.20238985,2.7015514,0.35430184,-3.9338195
2725,2026-05-11 16:15:58.701617,0.13476396,-0.4604537,0.20238985,2.7015514,0.35430184,-3.9338195
2726,2026-05-11 16:15:58.704278,0.13476396,-0.4604537,0.20238985,2.7015514,0.35430184,-3.9338195
2727,2026-05-11 16:15:58.706960,0.13476396,-0.4604537,0.20238985,2.7015514,0.35430184,-3.9338195
2728,2026-05-11 16:15:58.709703,0.13476396,-0.4604537,0.20238985,2.7015514,0.35430184,-3.9338195
2729,2026-05-11 16:15:58.712473,0.13476396,-0.4604537,0.20238985,2.7015514,0.35430184,-3.9338195
2730,2026-05-11 16:15:58.715622,0.13476396,-0.4604537,0.20238985,2.7015514,0.35430184,-3.9338195
2731,2026-05-11 16:15:58.718512,0.13476396,-0.4604537,0.20238985,2.7015514,0.35430184,-3.9338195
2732,2026-05-11 16:15:58.721319,0.13476396,-0.4604537,0.20238985,3.6254852,-0.2509129,-2.553264
2733,2026-05-11 16:15:58.724133,0.13476396,-0.4604537,0.20238985,3.6254852,-0.2509129,-2.553264
2734,2026-05-11 16:15:58.726821,0.13476396,-0.4604537,0.20238985,3.5101845,-0.3388775,-2.3938282
2735,2026-05-11 16:15:58.729533,0.13476396,-0.4604537,0.20238985,3.5101845,-0.3388775,-2.3938282
2736,2026-05-11 16:15:58.732623,0.13476396,-0.4604537,0.20238985,3.5101845,-0.3388775,-2.3938282
2737,2026-05-11 16:15:58.735646,0.13622746,-0.47716197,-0.21781757,3.5101845,-0.3388775,-2.3938282
2738,2026-05-11 16:15:58.738408,0.15232596,-0.44533083,-0.22306179,3.5101845,-0.3388775,-2.3938282
2739,2026-05-11 16:15:58.741130,0.15232596,-0.44533083,-0.22306179,3.2614095,-0.42088616,-2.3354905
2740,2026-05-11 16:15:58.743856,0.15232596,-0.44533083,-0.22306179,3.2614095,-0.42088616,-2.3354905
2741,2026-05-11 16:15:58.746552,0.15232596,-0.44533083,-0.22306179,3.2614095,-0.42088616,-2.3354905
2742,2026-05-11 16:15:58.749691,0.15232596,-0.44533083,-0.22306179,3.2614095,-0.42088616,-2.3354905
2743,2026-05-11 16:15:58.752510,0.15232596,-0.44533083,-0.22306179,3.2614095,-0.42088616,-2.3354905
2744,2026-05-11 16:15:58.755140,0.15232596,-0.44533083,-0.22306179,3.2614095,-0.42088616,-2.3354905
2745,2026-05-11 16:15:58.757852,0.15232596,-0.44533083,-0.22306179,3.2614095,-0.42088616,-2.3354905
2746,2026-05-11 16:15:58.760544,0.15232596,-0.44533083,-0.22306179,3.2614095,-0.42088616,-2.3354905
2747,2026-05-11 16:15:58.763230,0.15232596,-0.44533083,-0.22306179,3.0691397,-0.47815478,-2.4468207
2748,2026-05-11 16:15:58.766369,0.056588665,-0.37672928,-0.20678036,3.0691397,-0.47815478,-2.4468207
2749,2026-05-11 16:15:58.769240,0.056588665,-0.37672928,-0.20678036,3.0691397,-0.47815478,-2.4468207
2750,2026-05-11 16:15:58.771885,0.056588665,-0.37672928,-0.20678036,3.0691397,-0.47815478,-2.4468207
2751,2026-05-11 16:15:58.774660,0.056588665,-0.37672928,-0.20678036,2.6314547,-0.70829827,-2.8182268
2752,2026-05-11 16:15:58.777279,0.056588665,-0.37672928,-0.20678036,2.6314547,-0.70829827,-2.8182268
2753,2026-05-11 16:15:58.780000,0.07537025,-0.5114323,0.16403395,3.095407,0.17363845,-3.675118
2754,2026-05-11 16:15:58.783070,0.07537025,-0.5114323,0.16403395,3.095407,0.17363845,-3.675118
2755,2026-05-11 16:15:58.785884,0.07537025,-0.5114323,0.16403395,3.095407,0.17363845,-3.675118
2756,2026-05-11 16:15:58.788523,0.024818521,-0.5405803,0.08439517,3.095407,0.17363845,-3.675118
2757,2026-05-11 16:15:58.791127,0.024818521,-0.5405803,0.08439517,3.095407,0.17363845,-3.675118
2758,2026-05-11 16:15:58.794060,0.037563168,-0.521189,-0.16866837,3.095407,0.17363845,-3.675118
2759,2026-05-11 16:15:58.796699,0.037563168,-0.521189,-0.16866837,3.095407,0.17363845,-3.675118
2760,2026-05-11 16:15:58.799808,0.037563168,-0.521189,-0.16866837,3.095407,0.17363845,-3.675118
2761,2026-05-11 16:15:58.802548,0.037563168,-0.521189,-0.16866837,3.095407,0.17363845,-3.675118
2762,2026-05-11 16:15:58.805233,0.037563168,-0.521189,-0.16866837,3.095407,0.17363845,-3.675118
2763,2026-05-11 16:15:58.808064,0.10201815,-0.5022244,-0.20440216,3.3938146,-0.38056904,-2.3402247
2764,2026-05-11 16:15:58.810776,0.10201815,-0.5022244,-0.20440216,3.3938146,-0.38056904,-2.3402247
2765,2026-05-11 16:15:58.813611,0.10201815,-0.5022244,-0.20440216,3.3938146,-0.38056904,-2.3402247
2766,2026-05-11 16:15:58.816955,0.10201815,-0.5022244,-0.20440216,3.3938146,-0.38056904,-2.3402247
2767,2026-05-11 16:15:58.819933,0.10201815,-0.5022244,-0.20440216,3.3938146,-0.38056904,-2.3402247
2768,2026-05-11 16:15:58.822624,-0.88864946,-0.46667355,-0.36892396,3.3938146,-0.38056904,-2.3402247
2769,2026-05-11 16:15:58.825272,-0.88864946,-0.46667355,-0.36892396,3.3938146,-0.38056904,-2.3402247
2770,2026-05-11 16:15:58.827893,-0.88864946,-0.46667355,-0.36892396,3.3938146,-0.38056904,-2.3402247
2771,2026-05-11 16:15:58.830465,-0.88864946,-0.46667355,-0.36892396,3.3938146,-0.38056904,-2.3402247
2772,2026-05-11 16:15:58.833568,-0.88864946,-0.46667355,-0.36892396,3.3938146,-0.38056904,-2.3402247
2773,2026-05-11 16:15:58.836577,-1.4680125,-0.62241435,-0.28648013,0.18921551,-0.9650144,-1.114371
2774,2026-05-11 16:15:58.839233,-1.4680125,-0.62241435,-0.28648013,0.18921551,-0.9650144,-1.114371
2775,2026-05-11 16:15:58.842056,-1.6382664,-0.70022374,-0.07262619,0.18921551,-0.9650144,-1.114371
2776,2026-05-11 16:15:58.844847,-1.6382664,-0.70022374,-0.07262619,-1.6627752,0.16279559,4.3107233
2777,2026-05-11 16:15:58.847640,-1.290685,-0.8707215,0.13128816,-1.6627752,0.16279559,4.3107233
2778,2026-05-11 16:15:58.850910,-1.290685,-0.8707215,0.13128816,-1.6627752,0.16279559,4.3107233
2779,2026-05-11 16:15:58.853704,-1.290685,-0.8707215,0.13128816,-1.6627752,0.16279559,4.3107233
2780,2026-05-11 16:15:58.856466,-1.290685,-0.8707215,0.13128816,-1.6627752,0.16279559,4.3107233
2781,2026-05-11 16:15:58.859159,-1.290685,-0.8707215,0.13128816,-1.9295706,0.73929965,5.5455875
2782,2026-05-11 16:15:58.861829,-1.290685,-0.8707215,0.13128816,-1.9295706,0.73929965,5.5455875
2783,2026-05-11 16:15:58.864638,-0.33440974,-1.062562,0.23342825,-2.2327125,1.4349225,6.873303
2784,2026-05-11 16:15:58.867800,-0.33440974,-1.062562,0.23342825,-2.2327125,1.4349225,6.873303
2785,2026-05-11 16:15:58.870626,-0.33440974,-1.062562,0.23342825,-2.2327125,1.4349225,6.873303
2786,2026-05-11 16:15:58.873393,-0.33440974,-1.062562,0.23342825,-2.2327125,1.4349225,6.873303
2787,2026-05-11 16:15:58.876361,-0.33440974,-1.062562,0.23342825,-2.2327125,1.4349225,6.873303
2788,2026-05-11 16:15:58.879063,-0.33440974,-1.062562,0.23342825,-2.2327125,1.4349225,6.873303
2789,2026-05-11 16:15:58.881887,-0.33440974,-1.062562,0.23342825,-2.4010057,1.7628044,7.5437274
2790,2026-05-11 16:15:58.885425,-0.33440974,-1.062562,0.23342825,-2.4010057,1.7628044,7.5437274
2791,2026-05-11 16:15:58.888471,-0.33440974,-1.062562,0.23342825,-2.4010057,1.7628044,7.5437274
2792,2026-05-11 16:15:58.891219,-0.33440974,-1.062562,0.23342825,-2.4010057,1.7628044,7.5437274
2793,2026-05-11 16:15:58.893929,-0.0074394583,-1.1139675,0.23409903,-2.4010057,1.7628044,7.5437274
2794,2026-05-11 16:15:58.896673,-0.0074394583,-1.1139675,0.23409903,-2.4010057,1.7628044,7.5437274
2795,2026-05-11 16:15:58.899642,-0.0074394583,-1.1139675,0.23409903,-2.4010057,1.7628044,7.5437274
2796,2026-05-11 16:15:58.902541,0.88066113,-1.0601228,0.21635409,-2.4010057,1.7628044,7.5437274
2797,2026-05-11 16:15:58.905365,0.88066113,-1.0601228,0.21635409,-2.4010057,1.7628044,7.5437274
2798,2026-05-11 16:15:58.908144,0.88066113,-1.0601228,0.21635409,-2.6975808,2.1044307,8.792184
2799,2026-05-11 16:15:58.910829,2.734062,-0.5930834,-0.15232596,-2.8809931,2.105958,9.262702
2800,2026-05-11 16:15:58.913447,2.734062,-0.5930834,-0.15232596,-2.8809931,2.105958,9.262702
2801,2026-05-11 16:15:58.916625,2.842422,-0.49502888,-0.17452239,-3.808745,1.6804903,7.898793
2802,2026-05-11 16:15:58.919482,2.5622225,-0.14513041,-0.012561709,-3.808745,1.6804903,7.898793
2803,2026-05-11 16:15:58.922179,2.5622225,-0.14513041,-0.012561709,-3.808745,1.6804903,7.898793
2804,2026-05-11 16:15:58.925025,2.1388443,-0.031892106,0.327824,-4.5807257,1.1030699,6.5182376
2805,2026-05-11 16:15:58.927730,2.1388443,-0.031892106,0.327824,-4.5807257,1.1030699,6.5182376
2806,2026-05-11 16:15:58.930587,1.8035808,0.18342534,1.0054855,-4.5807257,1.1030699,6.5182376
2807,2026-05-11 16:15:58.933742,1.8035808,0.18342534,1.0054855,-4.5807257,1.1030699,6.5182376
2808,2026-05-11 16:15:58.936457,1.8035808,0.18342534,1.0054855,-4.5807257,1.1030699,6.5182376
2809,2026-05-11 16:15:58.939141,1.8035808,0.18342534,1.0054855,-4.5807257,1.1030699,6.5182376
2810,2026-05-11 16:15:58.941909,1.978835,0.2736135,1.0972592,-4.5807257,1.1030699,6.5182376
2811,2026-05-11 16:15:58.944658,1.978835,0.2736135,1.0972592,-4.5807257,1.1030699,6.5182376
2812,2026-05-11 16:15:58.947284,1.978835,0.2736135,1.0972592,-4.5807257,1.1030699,6.5182376
2813,2026-05-11 16:15:58.950413,1.978835,0.2736135,1.0972592,-4.5807257,1.1030699,6.5182376
2814,2026-05-11 16:15:58.953194,1.978835,0.2736135,1.0972592,-4.5807257,1.1030699,6.5182376
2815,2026-05-11 16:15:58.955969,1.978835,0.2736135,1.0972592,-3.5934148,0.7820602,6.574132
2816,2026-05-11 16:15:58.958613,1.978835,0.2736135,1.0972592,-2.3145685,0.23487769,6.115372
2817,2026-05-11 16:15:58.961212,1.978835,0.2736135,1.0972592,-2.3145685,0.23487769,6.115372
2818,2026-05-11 16:15:58.963988,1.978835,0.2736135,1.0972592,-2.3145685,0.23487769,6.115372
2819,2026-05-11 16:15:58.967006,1.978835,0.2736135,1.0972592,-2.3145685,0.23487769,6.115372
2820,2026-05-11 16:15:58.969794,1.978835,0.2736135,1.0972592,-2.3145685,0.23487769,6.115372
2821,2026-05-11 16:15:58.972499,1.978835,0.2736135,1.0972592,-2.3145685,0.23487769,6.115372
2822,2026-05-11 16:15:58.975211,1.978835,0.2736135,1.0972592,2.7809641,-1.3677273,1.7828102
2823,2026-05-11 16:15:58.978133,1.978835,0.2736135,1.0972592,2.7809641,-1.3677273,1.7828102
2824,2026-05-11 16:15:58.980803,1.978835,0.2736135,1.0972592,2.7809641,-1.3677273,1.7828102
2825,2026-05-11 16:15:58.983892,1.978835,0.2736135,1.0972592,2.7809641,-1.3677273,1.7828102
2826,2026-05-11 16:15:58.986721,1.978835,0.2736135,1.0972592,2.7809641,-1.3677273,1.7828102
2827,2026-05-11 16:15:58.989452,1.978835,0.2736135,1.0972592,2.7809641,-1.3677273,1.7828102
2828,2026-05-11 16:15:58.992202,1.8026662,1.3668481,0.21342708,2.7809641,-1.3677273,1.7828102
2829,2026-05-11 16:15:58.994932,1.8026662,1.3668481,0.21342708,2.7809641,-1.3677273,1.7828102
2830,2026-05-11 16:15:58.997710,1.8026662,1.3668481,0.21342708,2.7809641,-1.3677273,1.7828102
2831,2026-05-11 16:15:59.000811,1.8026662,1.3668481,0.21342708,2.7809641,-1.3677273,1.7828102
2832,2026-05-11 16:15:59.003657,1.8026662,1.3668481,0.21342708,2.7809641,-1.3677273,1.7828102
2833,2026-05-11 16:15:59.006361,2.0881095,1.3863614,0.84267116,2.7809641,-1.3677273,1.7828102
2834,2026-05-11 16:15:59.009089,2.0881095,1.3863614,0.84267116,-0.31780264,1.1410962,-1.3283265
2835,2026-05-11 16:15:59.011682,2.0881095,1.3863614,0.84267116,-0.31780264,1.1410962,-1.3283265
2836,2026-05-11 16:15:59.014541,2.0881095,1.3863614,0.84267116,-0.31780264,1.1410962,-1.3283265
2837,2026-05-11 16:15:59.017607,2.0881095,1.3863614,0.84267116,-0.31780264,1.1410962,-1.3283265
2838,2026-05-11 16:15:59.020228,2.0881095,1.3863614,0.84267116,-0.31780264,1.1410962,-1.3283265
2839,2026-05-11 16:15:59.022825,2.0881095,1.3863614,0.84267116,-0.31780264,1.1410962,-1.3283265
2840,2026-05-11 16:15:59.025401,2.3073907,1.3935568,0.994997,-0.31780264,1.1410962,-1.3283265
2841,2026-05-11 16:15:59.028200,2.3073907,1.3935568,0.994997,-0.31780264,1.1410962,-1.3283265
2842,2026-05-11 16:15:59.030822,2.3073907,1.3935568,0.994997,-0.31780264,1.1410962,-1.3283265
2843,2026-05-11 16:15:59.033974,2.3073907,1.3935568,0.994997,-0.31780264,1.1410962,-1.3283265
2844,2026-05-11 16:15:59.036742,2.3073907,1.3935568,0.994997,-0.31780264,1.1410962,-1.3283265
2845,2026-05-11 16:15:59.039582,2.529477,1.3178208,0.9654831,1.842675,0.4279111,-2.3058636
2846,2026-05-11 16:15:59.042343,2.529477,1.3178208,0.9654831,1.842675,0.4279111,-2.3058636
2847,2026-05-11 16:15:59.044957,2.529477,1.3178208,0.9654831,1.842675,0.4279111,-2.3058636
2848,2026-05-11 16:15:59.047631,2.529477,1.3178208,0.9654831,1.842675,0.4279111,-2.3058636
2849,2026-05-11 16:15:59.050775,2.613567,1.0845145,0.52356714,1.842675,0.4279111,-2.3058636
2850,2026-05-11 16:15:59.053611,2.613567,1.0845145,0.52356714,1.842675,0.4279111,-2.3058636
2851,2026-05-11 16:15:59.056254,2.613567,1.0845145,0.52356714,1.9155207,0.5946773,-2.737898
2852,2026-05-11 16:15:59.058973,2.613567,1.0845145,0.52356714,1.9155207,0.5946773,-2.737898
2853,2026-05-11 16:15:59.061648,2.613567,1.0845145,0.52356714,1.9155207,0.5946773,-2.737898
2854,2026-05-11 16:15:59.064387,2.613567,1.0845145,0.52356714,1.9155207,0.5946773,-2.737898
2855,2026-05-11 16:15:59.067492,2.613567,1.0845145,0.52356714,1.9155207,0.5946773,-2.737898
2856,2026-05-11 16:15:59.070267,2.6537523,1.0250598,0.46319774,1.9155207,0.5946773,-2.737898
2857,2026-05-11 16:15:59.072922,2.6537523,1.0250598,0.46319774,1.9155207,0.5946773,-2.737898
2858,2026-05-11 16:15:59.075764,2.6537523,1.0250598,0.46319774,1.7376062,0.74174315,-2.900999
2859,2026-05-11 16:15:59.078493,2.6537523,1.0250598,0.46319774,1.7376062,0.74174315,-2.900999
2860,2026-05-11 16:15:59.081493,2.6537523,1.0250598,0.46319774,1.7376062,0.74174315,-2.900999
2861,2026-05-11 16:15:59.084362,2.6537523,1.0250598,0.46319774,1.7376062,0.74174315,-2.900999
2862,2026-05-11 16:15:59.087169,2.6537523,1.0250598,0.46319774,1.347416,1.1082623,-3.2091806
2863,2026-05-11 16:15:59.089898,2.6231408,0.936884,0.430269,1.347416,1.1082623,-3.2091806
2864,2026-05-11 16:15:59.092660,2.6231408,0.936884,0.430269,1.347416,1.1082623,-3.2091806
2865,2026-05-11 16:15:59.095298,2.0269475,0.532714,0.70089453,1.347416,1.1082623,-3.2091806
2866,2026-05-11 16:15:59.098046,1.7702252,0.39916962,0.7443117,1.347416,1.1082623,-3.2091806
2867,2026-05-11 16:15:59.101006,1.7702252,0.39916962,0.7443117,1.2327261,1.9161316,-3.9629884
2868,2026-05-11 16:15:59.103861,1.7702252,0.39916962,0.7443117,1.2327261,1.9161316,-3.9629884
2869,2026-05-11 16:15:59.106574,1.7702252,0.39916962,0.7443117,1.2327261,1.9161316,-3.9629884
2870,2026-05-11 16:15:59.109250,1.1918379,0.13891055,0.6619289,2.0677788,1.8956676,-3.886783
2871,2026-05-11 16:15:59.112000,1.1918379,0.13891055,0.6619289,2.0677788,1.8956676,-3.886783
2872,2026-05-11 16:15:59.114657,1.1918379,0.13891055,0.6619289,2.0677788,1.8956676,-3.886783
2873,2026-05-11 16:15:59.117947,1.1918379,0.13891055,0.6619289,2.0677788,1.8956676,-3.886783
2874,2026-05-11 16:15:59.120783,1.1918379,0.13891055,0.6619289,2.0677788,1.8956676,-3.886783
2875,2026-05-11 16:15:59.123478,1.0227425,0.053966567,0.5807046,2.3930645,1.8997909,-3.813021
2876,2026-05-11 16:15:59.126108,1.0227425,0.053966567,0.5807046,2.3930645,1.8997909,-3.813021
2877,2026-05-11 16:15:59.128870,1.0227425,0.053966567,0.5807046,2.3930645,1.8997909,-3.813021
2878,2026-05-11 16:15:59.131671,1.0227425,0.053966567,0.5807046,2.3930645,1.8997909,-3.813021
2879,2026-05-11 16:15:59.134977,1.0227425,0.053966567,0.5807046,2.3930645,1.8997909,-3.813021
2880,2026-05-11 16:15:59.137708,1.0227425,0.053966567,0.5807046,2.3930645,1.8997909,-3.813021
2881,2026-05-11 16:15:59.140472,1.0227425,0.053966567,0.5807046,2.3930645,1.8997909,-3.813021
2882,2026-05-11 16:15:59.143346,0.25507587,-0.18123008,0.025916148,2.3930645,1.8997909,-3.813021
2883,2026-05-11 16:15:59.146070,0.25507587,-0.18123008,0.025916148,2.3930645,1.8997909,-3.813021
2884,2026-05-11 16:15:59.148970,0.25507587,-0.18123008,0.025916148,2.3930645,1.8997909,-3.813021
2885,2026-05-11 16:15:59.151980,0.25507587,-0.18123008,0.025916148,3.2630894,2.0711386,-2.9912543
2886,2026-05-11 16:15:59.154615,0.25507587,-0.18123008,0.025916148,3.2630894,2.0711386,-2.9912543
2887,2026-05-11 16:15:59.157175,0.25507587,-0.18123008,0.025916148,3.2630894,2.0711386,-2.9912543
2888,2026-05-11 16:15:59.159926,0.25507587,-0.18123008,0.025916148,3.2630894,2.0711386,-2.9912543
2889,2026-05-11 16:15:59.162524,0.25507587,-0.18123008,0.025916148,3.2630894,2.0711386,-2.9912543
2890,2026-05-11 16:15:59.165414,0.25507587,-0.18123008,0.025916148,2.2397375,2.160325,-1.9989038
2891,2026-05-11 16:15:59.168356,0.25507587,-0.18123008,0.025916148,2.2397375,2.160325,-1.9989038
2892,2026-05-11 16:15:59.170961,0.25507587,-0.18123008,0.025916148,2.2397375,2.160325,-1.9989038
2893,2026-05-11 16:15:59.173951,0.25507587,-0.18123008,0.025916148,2.2397375,2.160325,-1.9989038
2894,2026-05-11 16:15:59.176652,0.1975725,-0.020001167,-0.03963646,1.7556267,2.251344,-1.8797851
2895,2026-05-11 16:15:59.179467,0.6032669,0.02555027,0.6991871,1.7556267,2.251344,-1.8797851
2896,2026-05-11 16:15:59.182652,0.6032669,0.02555027,0.6991871,1.7556267,2.251344,-1.8797851
2897,2026-05-11 16:15:59.185483,0.6032669,0.02555027,0.6991871,1.7556267,2.251344,-1.8797851
2898,2026-05-11 16:15:59.188230,0.6032669,0.02555027,0.6991871,1.7556267,2.251344,-1.8797851
2899,2026-05-11 16:15:59.191007,0.41923177,-0.1340322,0.7676667,2.8076894,2.3758078,-2.64917
2900,2026-05-11 16:15:59.193639,0.41923177,-0.1340322,0.7676667,2.8076894,2.3758078,-2.64917
2901,2026-05-11 16:15:59.196482,0.41923177,-0.1340322,0.7676667,2.8076894,2.3758078,-2.64917
2902,2026-05-11 16:15:59.200414,0.32276276,-0.19684075,0.73546976,3.222925,2.415514,-2.745992
2903,2026-05-11 16:15:59.203253,0.32276276,-0.19684075,0.73546976,3.222925,2.415514,-2.745992
2904,2026-05-11 16:15:59.205962,0.32276276,-0.19684075,0.73546976,3.222925,2.415514,-2.745992
2905,2026-05-11 16:15:59.208753,0.0042075627,-0.33483663,0.50795645,3.222925,2.415514,-2.745992
2906,2026-05-11 16:15:59.211516,-0.2534904,-0.41856104,0.33532444,4.156938,2.4158194,-3.1007519
2907,2026-05-11 16:15:59.214246,-0.7607761,-0.5029562,0.007561417,4.167781,2.4956899,-3.0182853
2908,2026-05-11 16:15:59.217464,-0.7607761,-0.5029562,0.007561417,4.167781,2.4956899,-3.0182853
2909,2026-05-11 16:15:59.220257,-0.7607761,-0.5029562,0.007561417,4.167781,2.4956899,-3.0182853
2910,2026-05-11 16:15:59.223035,-0.7607761,-0.5029562,0.007561417,4.167781,2.4956899,-3.0182853
2911,2026-05-11 16:15:59.225768,-0.7607761,-0.5029562,0.007561417,4.167781,2.4956899,-3.0182853
2912,2026-05-11 16:15:59.228540,-0.7607761,-0.5029562,0.007561417,4.167781,2.4956899,-3.0182853
2913,2026-05-11 16:15:59.231237,-0.7607761,-0.5029562,0.007561417,3.0502028,2.4570527,-1.1366675
2914,2026-05-11 16:15:59.234310,-1.3235528,-0.45874628,-0.32684833,3.0502028,2.4570527,-1.1366675
2915,2026-05-11 16:15:59.237144,-1.3355657,-0.4267322,-0.40856043,2.2450824,2.3953552,-0.01572978
2916,2026-05-11 16:15:59.239986,-1.3355657,-0.4267322,-0.40856043,2.2450824,2.3953552,-0.01572978
2917,2026-05-11 16:15:59.242702,-1.3355657,-0.4267322,-0.40856043,2.2450824,2.3953552,-0.01572978
2918,2026-05-11 16:15:59.245423,-1.2487314,-0.40709692,-0.40575537,1.7099645,2.410169,0.6632469
2919,2026-05-11 16:15:59.248580,-1.2487314,-0.40709692,-0.40575537,1.7099645,2.410169,0.6632469
2920,2026-05-11 16:15:59.251526,-1.2487314,-0.40709692,-0.40575537,1.7099645,2.410169,0.6632469
2921,2026-05-11 16:15:59.254424,-0.6561358,-0.47222266,-0.26385686,-0.0580322,2.8615983,2.6816983
2922,2026-05-11 16:15:59.257174,-0.6561358,-0.47222266,-0.26385686,-0.0580322,2.8615983,2.6816983
2923,2026-05-11 16:15:59.259902,-0.6561358,-0.47222266,-0.26385686,-0.7139487,3.061504,3.300505
2924,2026-05-11 16:15:59.262486,-0.6561358,-0.47222266,-0.26385686,-0.7139487,3.061504,3.300505
2925,2026-05-11 16:15:59.265535,-0.42685416,-0.49722412,-0.22501312,-0.7139487,3.061504,3.300505
2926,2026-05-11 16:15:59.268941,-0.42685416,-0.49722412,-0.22501312,-0.7139487,3.061504,3.300505
2927,2026-05-11 16:15:59.271638,-0.42685416,-0.49722412,-0.22501312,-0.7139487,3.061504,3.300505
2928,2026-05-11 16:15:59.274494,-0.42685416,-0.49722412,-0.22501312,-0.7139487,3.061504,3.300505
2929,2026-05-11 16:15:59.277280,0.16482669,-0.5028952,-0.12287302,-1.5236506,3.0474539,3.915188
2930,2026-05-11 16:15:59.279910,0.5578984,-0.3822174,0.14244732,-1.5236506,3.0474539,3.915188
2931,2026-05-11 16:15:59.282975,0.5578984,-0.3822174,0.14244732,-1.5236506,3.0474539,3.915188
2932,2026-05-11 16:15:59.285853,0.5578984,-0.3822174,0.14244732,-1.9440787,1.6972891,4.4791694
2933,2026-05-11 16:15:59.288638,0.5578984,-0.3822174,0.14244732,-1.9440787,1.6972891,4.4791694
2934,2026-05-11 16:15:59.291356,0.5578984,-0.3822174,0.14244732,-1.788308,0.9398162,4.9147162
2935,2026-05-11 16:15:59.294118,0.5578984,-0.3822174,0.14244732,-1.788308,0.9398162,4.9147162
2936,2026-05-11 16:15:59.296843,0.5578984,-0.3822174,0.14244732,-1.788308,0.9398162,4.9147162
2937,2026-05-11 16:15:59.299983,0.5578984,-0.3822174,0.14244732,-1.7470746,0.73639804,5.1983104
2938,2026-05-11 16:15:59.302813,0.5578984,-0.3822174,0.14244732,-1.7470746,0.73639804,5.1983104
2939,2026-05-11 16:15:59.305462,0.5578984,-0.3822174,0.14244732,-1.7470746,0.73639804,5.1983104
2940,2026-05-11 16:15:59.308321,0.5578984,-0.3822174,0.14244732,-1.7470746,0.73639804,5.1983104
2941,2026-05-11 16:15:59.311118,0.5578984,-0.3822174,0.14244732,-1.7470746,0.73639804,5.1983104
2942,2026-05-11 16:15:59.313858,0.5578984,-0.3822174,0.14244732,-1.7470746,0.73639804,5.1983104
2943,2026-05-11 16:15:59.316957,0.5578984,-0.3822174,0.14244732,-1.7470746,0.73639804,5.1983104
2944,2026-05-11 16:15:59.319778,0.81010824,-0.12104365,0.13634941,-1.969735,0.83184576,5.844606
2945,2026-05-11 16:15:59.322543,0.81010824,-0.12104365,0.13634941,-1.969735,0.83184576,5.844606
2946,2026-05-11 16:15:59.325294,0.81010824,-0.12104365,0.13634941,-1.969735,0.83184576,5.844606
2947,2026-05-11 16:15:59.328039,0.81010824,-0.12104365,0.13634941,-1.969735,0.83184576,5.844606
2948,2026-05-11 16:15:59.330828,0.81010824,-0.12104365,0.13634941,-1.969735,0.83184576,5.844606
2949,2026-05-11 16:15:59.333838,1.5230767,0.028904125,0.27977243,-1.969735,0.83184576,5.844606
2950,2026-05-11 16:15:59.336655,1.9540775,0.5728383,1.1690925,-2.4509442,1.255328,5.656765
2951,2026-05-11 16:15:59.339389,1.9540775,0.5728383,1.1690925,-2.4509442,1.255328,5.656765
2952,2026-05-11 16:15:59.342063,2.13671,0.9098092,1.0445732,-2.4509442,1.255328,5.656765
2953,2026-05-11 16:15:59.344977,2.0879877,1.0612814,0.75998336,-2.4509442,1.255328,5.656765
2954,2026-05-11 16:15:59.347810,1.7190026,1.2777575,0.5439342,-2.4509442,1.255328,5.656765
2955,2026-05-11 16:15:59.350986,1.7190026,1.2777575,0.5439342,1.4515685,-0.0983493,2.6041186
2956,2026-05-11 16:15:59.353685,1.7190026,1.2777575,0.5439342,1.4515685,-0.0983493,2.6041186
2957,2026-05-11 16:15:59.356516,1.7190026,1.2777575,0.5439342,1.4515685,-0.0983493,2.6041186
2958,2026-05-11 16:15:59.359161,1.7190026,1.2777575,0.5439342,1.4515685,-0.0983493,2.6041186
2959,2026-05-11 16:15:59.361893,1.8096179,1.2738549,0.8266336,1.4515685,-0.0983493,2.6041186
2960,2026-05-11 16:15:59.364581,1.8096179,1.2738549,0.8266336,1.4515685,-0.0983493,2.6041186
2961,2026-05-11 16:15:59.367622,1.8096179,1.2738549,0.8266336,1.4515685,-0.0983493,2.6041186
2962,2026-05-11 16:15:59.370449,1.8096179,1.2738549,0.8266336,1.4515685,-0.0983493,2.6041186
2963,2026-05-11 16:15:59.373067,1.8096179,1.2738549,0.8266336,1.4515685,-0.0983493,2.6041186
2964,2026-05-11 16:15:59.375851,1.8096179,1.2738549,0.8266336,1.4515685,-0.0983493,2.6041186
2965,2026-05-11 16:15:59.378498,1.8096179,1.2738549,0.8266336,1.4515685,-0.0983493,2.6041186
2966,2026-05-11 16:15:59.381407,1.8096179,1.2738549,0.8266336,1.4515685,-0.0983493,2.6041186
2967,2026-05-11 16:15:59.384435,1.8096179,1.2738549,0.8266336,2.2777638,0.19211712,2.4196372
2968,2026-05-11 16:15:59.387291,1.8096179,1.2738549,0.8266336,2.2777638,0.19211712,2.4196372
2969,2026-05-11 16:15:59.390129,2.0329845,1.3305655,0.8505984,2.2777638,0.19211712,2.4196372
2970,2026-05-11 16:15:59.392899,2.0329845,1.3305655,0.8505984,2.2777638,0.19211712,2.4196372
2971,2026-05-11 16:15:59.395569,2.0329845,1.3305655,0.8505984,2.2777638,0.19211712,2.4196372
2972,2026-05-11 16:15:59.398578,2.0329845,1.3305655,0.8505984,2.2777638,0.19211712,2.4196372
2973,2026-05-11 16:15:59.401526,2.0329845,1.3305655,0.8505984,2.6444356,0.21303925,2.106416
2974,2026-05-11 16:15:59.404466,2.4754493,1.4856354,0.6652827,2.6444356,0.21303925,2.106416
2975,2026-05-11 16:15:59.407235,2.5705159,1.7732131,-0.011708,1.6059648,0.5306892,-0.35277468
2976,2026-05-11 16:15:59.410045,2.5705159,1.7732131,-0.011708,1.6059648,0.5306892,-0.35277468
2977,2026-05-11 16:15:59.412830,2.5705159,1.7732131,-0.011708,0.6959282,1.0083858,-0.56230146
2978,2026-05-11 16:15:59.415928,2.5705159,1.7732131,-0.011708,0.6959282,1.0083858,-0.56230146
2979,2026-05-11 16:15:59.418690,2.5705159,1.7732131,-0.011708,0.6959282,1.0083858,-0.56230146
2980,2026-05-11 16:15:59.421300,2.5705159,1.7732131,-0.011708,0.6959282,1.0083858,-0.56230146
2981,2026-05-11 16:15:59.424320,2.4461184,1.7165027,0.19306004,0.6959282,1.0083858,-0.56230146
2982,2026-05-11 16:15:59.427104,2.4904504,1.6416812,0.4788084,0.22067507,1.3901765,-0.60154957
2983,2026-05-11 16:15:59.429789,2.4904504,1.6416812,0.4788084,0.22067507,1.3901765,-0.60154957
2984,2026-05-11 16:15:59.432879,2.4904504,1.6416812,0.4788084,0.22067507,1.3901765,-0.60154957
2985,2026-05-11 16:15:59.435793,2.584785,1.580763,0.8534644,0.1386664,1.6307048,-0.782213
2986,2026-05-11 16:15:59.438596,2.7114997,1.5392972,1.1342735,0.44028112,1.5564847,-0.9618073
2987,2026-05-11 16:15:59.441294,2.7114997,1.5392972,1.1342735,0.44028112,1.5564847,-0.9618073
2988,2026-05-11 16:15:59.444007,2.7114997,1.5392972,1.1342735,0.44028112,1.5564847,-0.9618073
2989,2026-05-11 16:15:59.446801,2.7114997,1.5392972,1.1342735,1.1806498,1.4396566,-1.4323263
2990,2026-05-11 16:15:59.450218,2.8288846,1.4449624,1.2610493,1.1806498,1.4396566,-1.4323263
2991,2026-05-11 16:15:59.453009,2.8288846,1.4449624,1.2610493,1.1806498,1.4396566,-1.4323263
2992,2026-05-11 16:15:59.455889,2.8288846,1.4449624,1.2610493,1.1806498,1.4396566,-1.4323263
2993,2026-05-11 16:15:59.458740,2.853825,1.302637,1.2286083,1.7096591,1.4468343,-1.8826867
2994,2026-05-11 16:15:59.461500,2.853825,1.302637,1.2286083,1.7096591,1.4468343,-1.8826867
2995,2026-05-11 16:15:59.464259,2.7732105,1.1506159,1.1222606,1.7096591,1.4468343,-1.8826867
2996,2026-05-11 16:15:59.467500,2.6062496,0.960117,0.99207014,2.5007296,1.6201674,-2.853657
2997,2026-05-11 16:15:59.494716,0.8023639,-0.31837222,0.56228894,3.0503557,1.9685133,-4.822476
2998,2026-05-11 16:15:59.498482,0.5763141,-0.43075684,0.43106174,3.0503557,1.9685133,-4.822476
2999,2026-05-11 16:15:59.508271,0.5763141,-0.43075684,0.43106174,3.0503557,1.9685133,-4.822476
3000,2026-05-11 16:15:59.511054,0.5763141,-0.43075684,0.43106174,3.4345899,1.8177823,-4.757571
3001,2026-05-11 16:15:59.513699,0.5763141,-0.43075684,0.43106174,3.4345899,1.8177823,-4.757571
3002,2026-05-11 16:15:59.517019,0.5763141,-0.43075684,0.43106174,3.4345899,1.8177823,-4.757571
3003,2026-05-11 16:15:59.519993,0.19452354,-0.5499101,0.10982348,4.088216,1.3350459,-4.5329256
3004,2026-05-11 16:15:59.522677,0.19452354,-0.5499101,0.10982348,4.088216,1.3350459,-4.5329256
3005,2026-05-11 16:15:59.525358,0.19452354,-0.5499101,0.10982348,4.49383,0.7780896,-4.297437
3006,2026-05-11 16:15:59.528106,0.19452354,-0.5499101,0.10982348,4.49383,0.7780896,-4.297437
3007,2026-05-11 16:15:59.530923,0.19452354,-0.5499101,0.10982348,4.49383,0.7780896,-4.297437
3008,2026-05-11 16:15:59.534156,0.19452354,-0.5499101,0.10982348,4.49383,0.7780896,-4.297437
3009,2026-05-11 16:15:59.536935,0.19452354,-0.5499101,0.10982348,4.49383,0.7780896,-4.297437
3010,2026-05-11 16:15:59.539802,0.19452354,-0.5499101,0.10982348,4.49383,0.7780896,-4.297437
3011,2026-05-11 16:15:59.542470,0.01683025,-0.5739969,-0.05646671,4.49383,0.7780896,-4.297437
3012,2026-05-11 16:15:59.545144,0.01683025,-0.5739969,-0.05646671,4.7303877,0.1965459,-4.003153
3013,2026-05-11 16:15:59.547981,0.01683025,-0.5739969,-0.05646671,4.7303877,0.1965459,-4.003153
3014,2026-05-11 16:15:59.550947,0.01683025,-0.5739969,-0.05646671,4.7303877,0.1965459,-4.003153
3015,2026-05-11 16:15:59.553856,0.01683025,-0.5739969,-0.05646671,4.7303877,0.1965459,-4.003153
3016,2026-05-11 16:15:59.556583,0.01683025,-0.5739969,-0.05646671,4.7303877,0.1965459,-4.003153
3017,2026-05-11 16:15:59.559387,-0.06927233,-0.5721675,-0.16293633,4.7303877,0.1965459,-4.003153
3018,2026-05-11 16:15:59.562160,-0.06927233,-0.5721675,-0.16293633,4.74795,-0.1826487,-3.7285688
3019,2026-05-11 16:15:59.564855,-0.06927233,-0.5721675,-0.16293633,4.74795,-0.1826487,-3.7285688
3020,2026-05-11 16:15:59.568091,-0.06927233,-0.5721675,-0.16293633,4.74795,-0.1826487,-3.7285688
3021,2026-05-11 16:15:59.570961,-0.10915271,-0.5397876,-0.23458686,4.6098948,-0.4699081,-3.4342844
3022,2026-05-11 16:15:59.573745,-0.10915271,-0.5397876,-0.23458686,4.6098948,-0.4699081,-3.4342844
3023,2026-05-11 16:15:59.576505,-0.066772185,-0.47624728,-0.23470882,4.211916,-0.70081514,-3.0399709
3024,2026-05-11 16:15:59.579187,-0.066772185,-0.47624728,-0.23470882,4.211916,-0.70081514,-3.0399709
3025,2026-05-11 16:15:59.582547,-0.066772185,-0.47624728,-0.23470882,4.211916,-0.70081514,-3.0399709
3026,2026-05-11 16:15:59.585330,-0.066772185,-0.47624728,-0.23470882,3.8374555,-0.7110472,-2.8440359
3027,2026-05-11 16:15:59.587918,-0.066772185,-0.47624728,-0.23470882,3.8374555,-0.7110472,-2.8440359
3028,2026-05-11 16:15:59.590712,-0.066772185,-0.47624728,-0.23470882,3.8374555,-0.7110472,-2.8440359
3029,2026-05-11 16:15:59.593551,0.021891521,-0.44734317,-0.17537609,3.8374555,-0.7110472,-2.8440359
3030,2026-05-11 16:15:59.596183,0.021891521,-0.44734317,-0.17537609,3.8374555,-0.7110472,-2.8440359
3031,2026-05-11 16:15:59.599464,0.021891521,-0.44734317,-0.17537609,3.8374555,-0.7110472,-2.8440359
3032,2026-05-11 16:15:59.602406,0.021891521,-0.44734317,-0.17537609,3.8374555,-0.7110472,-2.8440359
3033,2026-05-11 16:15:59.605144,0.021891521,-0.44734317,-0.17537609,3.8374555,-0.7110472,-2.8440359
3034,2026-05-11 16:15:59.607841,0.021891521,-0.44734317,-0.17537609,3.4843755,-0.573297,-2.777146
3035,2026-05-11 16:15:59.610735,0.107628234,-0.43130565,-0.10488417,3.1867313,-0.33750305,-2.7620273
3036,2026-05-11 16:15:59.613366,0.107628234,-0.43130565,-0.10488417,3.1867313,-0.33750305,-2.7620273
3037,2026-05-11 16:15:59.616384,0.107628234,-0.43130565,-0.10488417,3.1867313,-0.33750305,-2.7620273
3038,2026-05-11 16:15:59.619286,0.107628234,-0.43130565,-0.10488417,3.1867313,-0.33750305,-2.7620273
3039,2026-05-11 16:15:59.622007,0.107628234,-0.43130565,-0.10488417,3.1867313,-0.33750305,-2.7620273
3040,2026-05-11 16:15:59.624750,0.107628234,-0.43130565,-0.10488417,2.8357892,-0.0038179078,-2.7579038
3041,2026-05-11 16:15:59.627439,0.107628234,-0.43130565,-0.10488417,2.8357892,-0.0038179078,-2.7579038
3042,2026-05-11 16:15:59.630123,0.14805742,-0.41874394,-0.084212236,2.8357892,-0.0038179078,-2.7579038
3043,2026-05-11 16:15:59.633246,0.14805742,-0.41874394,-0.084212236,2.8357892,-0.0038179078,-2.7579038
3044,2026-05-11 16:15:59.636083,0.14805742,-0.41874394,-0.084212236,2.8357892,-0.0038179078,-2.7579038
3045,2026-05-11 16:15:59.638808,0.14805742,-0.41874394,-0.084212236,2.8357892,-0.0038179078,-2.7579038
3046,2026-05-11 16:15:59.641424,0.14805742,-0.41874394,-0.084212236,2.8357892,-0.0038179078,-2.7579038
3047,2026-05-11 16:15:59.644133,0.13384928,-0.39764515,-0.04481969,1.7104226,0.98868537,-2.6444356
3048,2026-05-11 16:15:59.646713,0.13384928,-0.39764515,-0.04481969,1.7104226,0.98868537,-2.6444356
3049,2026-05-11 16:15:59.649832,0.116592176,-0.4007551,0.026708877,1.7104226,0.98868537,-2.6444356
3050,2026-05-11 16:15:59.652601,0.116592176,-0.4007551,0.026708877,1.7104226,0.98868537,-2.6444356
3051,2026-05-11 16:15:59.655408,0.116592176,-0.4007551,0.026708877,1.7104226,0.98868537,-2.6444356
3052,2026-05-11 16:15:59.658233,0.116592176,-0.4007551,0.026708877,1.410946,1.2986995,-2.6088529
3053,2026-05-11 16:15:59.660957,0.049515083,-0.37721714,0.12189735,1.2111931,1.4202617,-2.598926
3054,2026-05-11 16:15:59.663836,0.049515083,-0.37721714,0.12189735,1.2111931,1.4202617,-2.598926
3055,2026-05-11 16:15:59.667023,0.049515083,-0.37721714,0.12189735,1.2111931,1.4202617,-2.598926
3056,2026-05-11 16:15:59.669846,0.049515083,-0.37721714,0.12189735,1.2111931,1.4202617,-2.598926
3057,2026-05-11 16:15:59.672539,0.049515083,-0.37721714,0.12189735,1.2111931,1.4202617,-2.598926
3058,2026-05-11 16:15:59.675134,0.049515083,-0.37721714,0.12189735,1.2111931,1.4202617,-2.598926
3059,2026-05-11 16:15:59.678010,0.049515083,-0.37721714,0.12189735,1.2111931,1.4202617,-2.598926
3060,2026-05-11 16:15:59.680680,-0.024757542,-0.36599696,0.16689998,1.1840096,1.4390458,-2.575408
3061,2026-05-11 16:15:59.683855,-0.024757542,-0.36599696,0.16689998,1.1840096,1.4390458,-2.575408
3062,2026-05-11 16:15:59.686817,-0.024757542,-0.36599696,0.16689998,1.1840096,1.4390458,-2.575408
3063,2026-05-11 16:15:59.689592,-0.3530084,-0.29721245,0.29824913,1.3223705,1.3640621,-2.5007296
3064,2026-05-11 16:15:59.692410,-0.7751062,-0.2907487,0.28879735,1.4724907,1.3127494,-2.4501805
3065,2026-05-11 16:15:59.695088,-0.7751062,-0.2907487,0.28879735,1.4724907,1.3127494,-2.4501805
3066,2026-05-11 16:15:59.697673,-0.7751062,-0.2907487,0.28879735,2.4026856,1.2669345,-1.7418822
3067,2026-05-11 16:15:59.700803,-0.7751062,-0.2907487,0.28879735,2.4026856,1.2669345,-1.7418822
3068,2026-05-11 16:15:59.703635,-0.7751062,-0.2907487,0.28879735,2.4026856,1.2669345,-1.7418822
3069,2026-05-11 16:15:59.706189,-0.7751062,-0.2907487,0.28879735,2.4026856,1.2669345,-1.7418822
3070,2026-05-11 16:15:59.708787,-0.7751062,-0.2907487,0.28879735,2.4026856,1.2669345,-1.7418822
3071,2026-05-11 16:15:59.711472,-0.9642026,-0.33178765,0.20757309,2.4026856,1.2669345,-1.7418822
3072,2026-05-11 16:15:59.714016,-1.1639704,-0.35898435,0.061162103,2.4026856,1.2669345,-1.7418822
3073,2026-05-11 16:15:59.717244,-1.1639704,-0.35898435,0.061162103,2.5961773,1.4906639,-0.84238315
3074,2026-05-11 16:15:59.719983,-1.2276326,-0.38398582,-0.046283185,2.5738807,1.5308284,-0.15561792
3075,2026-05-11 16:15:59.722687,-1.2276326,-0.38398582,-0.046283185,2.5738807,1.5308284,-0.15561792
3076,2026-05-11 16:15:59.725316,-1.2276326,-0.38398582,-0.046283185,2.5738807,1.5308284,-0.15561792
3077,2026-05-11 16:15:59.728013,-1.2276326,-0.38398582,-0.046283185,2.5738807,1.5308284,-0.15561792
3078,2026-05-11 16:15:59.731031,-1.1512257,-0.35343525,-0.17641273,2.5738807,1.5308284,-0.15561792
3079,2026-05-11 16:15:59.734255,-1.1512257,-0.35343525,-0.17641273,2.4204009,1.5419766,0.6374379
3080,2026-05-11 16:15:59.737083,-0.9289566,-0.30373722,-0.2936757,2.4204009,1.5419766,0.6374379
3081,2026-05-11 16:15:59.739900,-0.9289566,-0.30373722,-0.2936757,2.4204009,1.5419766,0.6374379
3082,2026-05-11 16:15:59.742631,-0.9289566,-0.30373722,-0.2936757,2.4204009,1.5419766,0.6374379
3083,2026-05-11 16:15:59.745341,-0.9289566,-0.30373722,-0.2936757,1.9989038,1.7334828,1.6745343
3084,2026-05-11 16:15:59.748447,-0.9289566,-0.30373722,-0.2936757,1.9989038,1.7334828,1.6745343
3085,2026-05-11 16:15:59.751226,-0.9289566,-0.30373722,-0.2936757,1.9989038,1.7334828,1.6745343
3086,2026-05-11 16:15:59.753884,-0.9289566,-0.30373722,-0.2936757,1.4639386,2.0205896,2.4454463
3087,2026-05-11 16:15:59.756536,-0.9289566,-0.30373722,-0.2936757,1.4639386,2.0205896,2.4454463
3088,2026-05-11 16:15:59.759110,-0.9289566,-0.30373722,-0.2936757,1.4639386,2.0205896,2.4454463
3089,2026-05-11 16:15:59.761926,-0.62960994,-0.2830043,-0.38831535,1.4639386,2.0205896,2.4454463
3090,2026-05-11 16:15:59.765029,-0.62960994,-0.2830043,-0.38831535,1.4639386,2.0205896,2.4454463
3091,2026-05-11 16:15:59.767911,-0.62960994,-0.2830043,-0.38831535,1.4639386,2.0205896,2.4454463
3092,2026-05-11 16:15:59.770558,-0.62960994,-0.2830043,-0.38831535,1.4639386,2.0205896,2.4454463
3093,2026-05-11 16:15:59.773175,-0.62960994,-0.2830043,-0.38831535,1.4639386,2.0205896,2.4454463
3094,2026-05-11 16:15:59.775787,-0.62960994,-0.2830043,-0.38831535,1.4639386,2.0205896,2.4454463
3095,2026-05-11 16:15:59.778504,-0.62960994,-0.2830043,-0.38831535,1.4639386,2.0205896,2.4454463
3096,2026-05-11 16:15:59.781126,-0.62960994,-0.2830043,-0.38831535,1.4639386,2.0205896,2.4454463
3097,2026-05-11 16:15:59.784270,-0.13653237,-0.28013828,-0.48374772,0.3996586,2.5152376,3.3000467
3098,2026-05-11 16:15:59.787010,-0.13653237,-0.28013828,-0.48374772,0.3996586,2.5152376,3.3000467
3099,2026-05-11 16:15:59.789606,-0.13653237,-0.28013828,-0.48374772,0.3996586,2.5152376,3.3000467
3100,2026-05-11 16:15:59.792576,0.5026513,-0.26684484,-0.4724056,-1.504103,2.9400945,4.0789
3101,2026-05-11 16:15:59.795339,0.884015,-0.29959065,-0.3682532,-3.2717943,3.0155363,4.3252316
3102,2026-05-11 16:15:59.798308,0.884015,-0.29959065,-0.3682532,-3.2717943,3.0155363,4.3252316
3103,2026-05-11 16:15:59.801187,1.0721357,-0.34148335,-0.25123417,-3.2717943,3.0155363,4.3252316
3104,2026-05-11 16:15:59.803943,1.1278707,-0.34880084,-0.085004956,-3.2717943,3.0155363,4.3252316
3105,2026-05-11 16:15:59.806651,1.1278707,-0.34880084,-0.085004956,-3.2717943,3.0155363,4.3252316
3106,2026-05-11 16:15:59.809451,1.1278707,-0.34880084,-0.085004956,-3.2717943,3.0155363,4.3252316
3107,2026-05-11 16:15:59.812198,1.1278707,-0.34880084,-0.085004956,-4.0173554,2.8464794,4.4703116
3108,2026-05-11 16:15:59.814961,1.1278707,-0.34880084,-0.085004956,-4.0173554,2.8464794,4.4703116
3109,2026-05-11 16:15:59.818011,1.1278707,-0.34880084,-0.085004956,-4.0173554,2.8464794,4.4703116
3110,2026-05-11 16:15:59.820732,1.1278707,-0.34880084,-0.085004956,-4.0173554,2.8464794,4.4703116
3111,2026-05-11 16:15:59.823430,1.1278707,-0.34880084,-0.085004956,-4.0173554,2.8464794,4.4703116
3112,2026-05-11 16:15:59.826107,1.1278707,-0.34880084,-0.085004956,-4.0173554,2.8464794,4.4703116
3113,2026-05-11 16:15:59.828846,1.2254373,-0.39423034,0.14555727,-4.0173554,2.8464794,4.4703116
3114,2026-05-11 16:15:59.831594,1.2254373,-0.39423034,0.14555727,-4.678617,2.3909266,4.891045
3115,2026-05-11 16:15:59.834759,1.2254373,-0.39423034,0.14555727,-4.678617,2.3909266,4.891045
3116,2026-05-11 16:15:59.837664,1.250012,-0.4974071,0.32062846,-4.92785,2.0323486,5.1579933
3117,2026-05-11 16:15:59.840264,1.250012,-0.4974071,0.32062846,-4.92785,2.0323486,5.1579933
3118,2026-05-11 16:15:59.843147,1.1909232,-0.544544,0.5553983,-4.92785,2.0323486,5.1579933
3119,2026-05-11 16:15:59.845755,1.1909232,-0.544544,0.5553983,-4.92785,2.0323486,5.1579933
3120,2026-05-11 16:15:59.848552,1.1909232,-0.544544,0.5553983,-4.92785,2.0323486,5.1579933
3121,2026-05-11 16:15:59.851719,1.1909232,-0.544544,0.5553983,-4.92785,2.0323486,5.1579933
3122,2026-05-11 16:15:59.854522,1.1909232,-0.544544,0.5553983,-5.031544,1.6256652,5.625611
3123,2026-05-11 16:15:59.857449,1.7745547,-0.4003892,0.9505433,-4.5378127,0.76831573,7.0266304
3124,2026-05-11 16:15:59.860119,1.7745547,-0.4003892,0.9505433,-4.5378127,0.76831573,7.0266304
3125,2026-05-11 16:15:59.862817,2.4027622,-0.054393414,1.0114005,-4.0730968,0.23823744,7.1181073
3126,2026-05-11 16:15:59.865930,2.4027622,-0.054393414,1.0114005,-4.0730968,0.23823744,7.1181073
3127,2026-05-11 16:15:59.868771,2.4027622,-0.054393414,1.0114005,-4.0730968,0.23823744,7.1181073
3128,2026-05-11 16:15:59.871583,2.4027622,-0.054393414,1.0114005,-4.0730968,0.23823744,7.1181073
3129,2026-05-11 16:15:59.874283,2.4027622,-0.054393414,1.0114005,-4.0730968,0.23823744,7.1181073
3130,2026-05-11 16:15:59.877108,2.9306588,0.39087647,1.1573846,-3.3841934,-0.43463063,6.3039765
3131,2026-05-11 16:15:59.879796,2.9306588,0.39087647,1.1573846,-3.3841934,-0.43463063,6.3039765
3132,2026-05-11 16:15:59.883136,2.9306588,0.39087647,1.1573846,-3.3841934,-0.43463063,6.3039765
3133,2026-05-11 16:15:59.886064,2.9306588,0.39087647,1.1573846,-3.3841934,-0.43463063,6.3039765
3134,2026-05-11 16:15:59.888779,2.9306588,0.39087647,1.1573846,-3.3841934,-0.43463063,6.3039765
3135,2026-05-11 16:15:59.891480,2.941513,0.6009497,1.2611711,-3.3841934,-0.43463063,6.3039765
3136,2026-05-11 16:15:59.894088,2.941513,0.6009497,1.2611711,-3.3841934,-0.43463063,6.3039765
3137,2026-05-11 16:15:59.896855,2.941513,0.6009497,1.2611711,-2.972623,-0.68966687,5.754809
3138,2026-05-11 16:15:59.900195,2.941513,0.6009497,1.2611711,-2.972623,-0.68966687,5.754809
3139,2026-05-11 16:15:59.903197,2.941513,0.6009497,1.2611711,-2.972623,-0.68966687,5.754809
3140,2026-05-11 16:15:59.905922,2.941513,0.6009497,1.2611711,-2.972623,-0.68966687,5.754809
3141,2026-05-11 16:15:59.908611,2.941513,0.6009497,1.2611711,-2.3273966,-0.91553426,5.040402
3142,2026-05-11 16:15:59.911348,2.7102802,1.1388469,1.3357487,-1.521818,-0.9114109,4.1935897
3143,2026-05-11 16:15:59.914000,2.7102802,1.1388469,1.3357487,-1.521818,-0.9114109,4.1935897
3144,2026-05-11 16:15:59.917285,2.7102802,1.1388469,1.3357487,-1.521818,-0.9114109,4.1935897
3145,2026-05-11 16:15:59.919951,2.7102802,1.1388469,1.3357487,-1.521818,-0.9114109,4.1935897
3146,2026-05-11 16:15:59.922767,2.7102802,1.1388469,1.3357487,-1.521818,-0.9114109,4.1935897
3147,2026-05-11 16:15:59.925505,2.7102802,1.1388469,1.3357487,-1.521818,-0.9114109,4.1935897
3148,2026-05-11 16:15:59.928345,2.7102802,1.1388469,1.3357487,-1.521818,-0.9114109,4.1935897
3149,2026-05-11 16:15:59.931140,2.7102802,1.1388469,1.3357487,-1.521818,-0.9114109,4.1935897
3150,2026-05-11 16:15:59.934258,2.7102802,1.1388469,1.3357487,-1.521818,-0.9114109,4.1935897
3151,2026-05-11 16:15:59.937129,2.7102802,1.1388469,1.3357487,-1.521818,-0.9114109,4.1935897
3152,2026-05-11 16:15:59.939940,2.7102802,1.1388469,1.3357487,-1.521818,-0.9114109,4.1935897
3153,2026-05-11 16:15:59.942767,2.7102802,1.1388469,1.3357487,-1.521818,-0.9114109,4.1935897
3154,2026-05-11 16:15:59.945471,2.2500093,1.2921486,1.1234802,-1.521818,-0.9114109,4.1935897
3155,2026-05-11 16:15:59.948577,2.2500093,1.2921486,1.1234802,-1.521818,-0.9114109,4.1935897
3156,2026-05-11 16:15:59.951435,2.2500093,1.2921486,1.1234802,-0.8535315,-0.56214875,3.3334916
3157,2026-05-11 16:15:59.954139,2.2500093,1.2921486,1.1234802,-0.8535315,-0.56214875,3.3334916
3158,2026-05-11 16:15:59.956961,2.2500093,1.2921486,1.1234802,-0.8535315,-0.56214875,3.3334916
3159,2026-05-11 16:15:59.959967,2.2500093,1.2921486,1.1234802,-0.8535315,-0.56214875,3.3334916
3160,2026-05-11 16:15:59.962677,2.2500093,1.2921486,1.1234802,-0.8535315,-0.56214875,3.3334916
3161,2026-05-11 16:15:59.965759,2.0240817,1.3716043,1.1193945,-0.5235115,-0.34437528,3.0185907
3162,2026-05-11 16:15:59.968925,2.0240817,1.3716043,1.1193945,0.01863139,-0.23350324,2.712089
3163,2026-05-11 16:15:59.971557,2.0240817,1.3716043,1.1193945,0.01863139,-0.23350324,2.712089
3164,2026-05-11 16:15:59.974391,2.0240817,1.3716043,1.1193945,0.01863139,-0.23350324,2.712089
3165,2026-05-11 16:15:59.977101,2.0240817,1.3716043,1.1193945,0.01863139,-0.23350324,2.712089
3166,2026-05-11 16:15:59.979902,2.0240817,1.3716043,1.1193945,0.01863139,-0.23350324,2.712089
3167,2026-05-11 16:15:59.983409,2.0181055,1.4376448,1.1614093,0.01863139,-0.23350324,2.712089
3168,2026-05-11 16:15:59.986200,2.0181055,1.4376448,1.1614093,0.6783658,-0.16752979,2.2191207
3169,2026-05-11 16:15:59.988950,2.0181055,1.4376448,1.1614093,0.6783658,-0.16752979,2.2191207
3170,2026-05-11 16:15:59.991622,2.0181055,1.4376448,1.1614093,0.6783658,-0.16752979,2.2191207
3171,2026-05-11 16:15:59.994286,2.3253796,1.6318026,0.95432395,1.0221303,-0.10598512,1.8354974
3172,2026-05-11 16:15:59.997144,2.5489902,1.6902816,0.6749174,1.0221303,-0.10598512,1.8354974
3173,2026-05-11 16:16:00.000189,2.5489902,1.6902816,0.6749174,1.4511104,0.025503624,0.841925
3174,2026-05-11 16:16:00.003141,2.5489902,1.6902816,0.6749174,1.4511104,0.025503624,0.841925
3175,2026-05-11 16:16:00.005891,2.5139272,1.5882024,0.45246542,1.6380352,0.1853976,-0.3941608
3176,2026-05-11 16:16:00.008500,2.5139272,1.5882024,0.45246542,1.6380352,0.1853976,-0.3941608
3177,2026-05-11 16:16:00.011249,2.5139272,1.5882024,0.45246542,1.6380352,0.1853976,-0.3941608
3178,2026-05-11 16:16:00.013983,2.0701208,1.3752631,0.17604686,1.687668,0.24724771,-1.1201742
3179,2026-05-11 16:16:00.017103,2.0701208,1.3752631,0.17604686,1.687668,0.24724771,-1.1201742
3180,2026-05-11 16:16:00.019946,2.0701208,1.3752631,0.17604686,1.6351335,0.3031419,-1.68385
3181,2026-05-11 16:16:00.022669,2.0701208,1.3752631,0.17604686,1.6351335,0.3031419,-1.68385
3182,2026-05-11 16:16:00.025329,2.0701208,1.3752631,0.17604686,1.6351335,0.3031419,-1.68385
3183,2026-05-11 16:16:00.028278,1.9385886,1.370019,0.089822315,1.5123496,0.3135266,-1.8483255
3184,2026-05-11 16:16:00.031376,1.9385886,1.370019,0.089822315,1.5123496,0.3135266,-1.8483255
3185,2026-05-11 16:16:00.034384,1.9385886,1.370019,0.089822315,1.5123496,0.3135266,-1.8483255
3186,2026-05-11 16:16:00.037098,1.8128496,1.4264247,-0.0035367915,1.5123496,0.3135266,-1.8483255
3187,2026-05-11 16:16:00.039757,1.8128496,1.4264247,-0.0035367915,1.5123496,0.3135266,-1.8483255
3188,2026-05-11 16:16:00.042373,1.8128496,1.4264247,-0.0035367915,1.5123496,0.3135266,-1.8483255
3189,2026-05-11 16:16:00.045044,1.8772438,1.4791716,0.01097625,0.728915,-0.0125227375,-1.9329304
3190,2026-05-11 16:16:00.047777,1.8772438,1.4791716,0.01097625,0.728915,-0.0125227375,-1.9329304
3191,2026-05-11 16:16:00.050860,1.8772438,1.4791716,0.01097625,0.728915,-0.0125227375,-1.9329304
3192,2026-05-11 16:16:00.053667,1.8772438,1.4791716,0.01097625,0.728915,-0.0125227375,-1.9329304
3193,2026-05-11 16:16:00.056304,1.8772438,1.4791716,0.01097625,0.728915,-0.0125227375,-1.9329304
3194,2026-05-11 16:16:00.059176,2.2295203,1.5670427,0.22056165,0.728915,-0.0125227375,-1.9329304
3195,2026-05-11 16:16:00.061855,2.2295203,1.5670427,0.22056165,0.728915,-0.0125227375,-1.9329304
3196,2026-05-11 16:16:00.064449,2.2295203,1.5670427,0.22056165,0.728915,-0.0125227375,-1.9329304
3197,2026-05-11 16:16:00.067605,2.2295203,1.5670427,0.22056165,0.728915,-0.0125227375,-1.9329304
3198,2026-05-11 16:16:00.070630,2.2295203,1.5670427,0.22056165,0.26526824,-0.4538729,-2.073124
3199,2026-05-11 16:16:00.073385,2.2295203,1.5670427,0.22056165,0.26526824,-0.4538729,-2.073124
3200,2026-05-11 16:16:00.076251,2.2295203,1.5670427,0.22056165,0.26526824,-0.4538729,-2.073124
3201,2026-05-11 16:16:00.078992,2.444655,1.6150333,0.45179462,0.09666943,-0.56046885,-2.335185
3202,2026-05-11 16:16:00.081729,2.444655,1.6150333,0.45179462,0.09666943,-0.56046885,-2.335185
3203,2026-05-11 16:16:00.084910,2.444655,1.6150333,0.45179462,0.09666943,-0.56046885,-2.335185
3204,2026-05-11 16:16:00.087807,2.444655,1.6150333,0.45179462,0.09666943,-0.56046885,-2.335185
3205,2026-05-11 16:16:00.090509,2.444655,1.6150333,0.45179462,0.09666943,-0.56046885,-2.335185
3206,2026-05-11 16:16:00.093227,2.5926514,1.6143014,0.6033279,0.09636399,-0.27397305,-3.2971451
3207,2026-05-11 16:16:00.095958,2.5926514,1.6143014,0.6033279,0.09636399,-0.27397305,-3.2971451
3208,2026-05-11 16:16:00.098946,2.7904677,1.5272843,0.7382138,0.09636399,-0.27397305,-3.2971451
3209,2026-05-11 16:16:00.101941,2.7904677,1.5272843,0.7382138,0.09636399,-0.27397305,-3.2971451
3210,2026-05-11 16:16:00.104608,2.7904677,1.5272843,0.7382138,0.09636399,-0.27397305,-3.2971451
3211,2026-05-11 16:16:00.107246,2.8616912,1.4111799,0.78400916,0.09636399,-0.27397305,-3.2971451
3212,2026-05-11 16:16:00.110094,2.8616912,1.4111799,0.78400916,0.09636399,-0.27397305,-3.2971451
3213,2026-05-11 16:16:00.112745,2.8616912,1.4111799,0.78400916,0.09636399,-0.27397305,-3.2971451
3214,2026-05-11 16:16:00.115994,2.8616912,1.4111799,0.78400916,0.20937407,-0.16187929,-3.6858082
3215,2026-05-11 16:16:00.118787,2.8616912,1.4111799,0.78400916,0.20937407,-0.16187929,-3.6858082
3216,2026-05-11 16:16:00.121513,2.8616912,1.4111799,0.78400916,0.20937407,-0.16187929,-3.6858082
3217,2026-05-11 16:16:00.124174,2.6038105,1.0257305,0.758032,0.20937407,-0.16187929,-3.6858082
3218,2026-05-11 16:16:00.126850,2.6038105,1.0257305,0.758032,0.5390886,0.060170226,-4.530635
3219,2026-05-11 16:16:00.129560,2.6038105,1.0257305,0.758032,0.5390886,0.060170226,-4.530635
3220,2026-05-11 16:16:00.132585,2.6038105,1.0257305,0.758032,0.5390886,0.060170226,-4.530635
3221,2026-05-11 16:16:00.135456,2.6038105,1.0257305,0.758032,0.5390886,0.060170226,-4.530635
3222,2026-05-11 16:16:00.138245,2.6038105,1.0257305,0.758032,0.5390886,0.060170226,-4.530635
3223,2026-05-11 16:16:00.140928,2.6038105,1.0257305,0.758032,0.5390886,0.060170226,-4.530635
3224,2026-05-11 16:16:00.143680,2.6038105,1.0257305,0.758032,0.5390886,0.060170226,-4.530635
3225,2026-05-11 16:16:00.146304,2.6038105,1.0257305,0.758032,0.5390886,0.060170226,-4.530635
3226,2026-05-11 16:16:00.149423,1.8963912,0.7512633,0.5553983,0.8174904,0.077579886,-5.0196323
3227,2026-05-11 16:16:00.152237,1.8963912,0.7512633,0.5553983,0.8174904,0.077579886,-5.0196323
3228,2026-05-11 16:16:00.155076,1.8963912,0.7512633,0.5553983,0.86559606,0.04260785,-5.087286
3229,2026-05-11 16:16:00.157770,1.8963912,0.7512633,0.5553983,0.86559606,0.04260785,-5.087286
3230,2026-05-11 16:16:00.160373,1.8963912,0.7512633,0.5553983,0.86559606,0.04260785,-5.087286
3231,2026-05-11 16:16:00.163040,1.8963912,0.7512633,0.5553983,0.86559606,0.04260785,-5.087286
3232,2026-05-11 16:16:00.166304,1.8963912,0.7512633,0.5553983,0.86559606,0.04260785,-5.087286
3233,2026-05-11 16:16:00.169165,1.4424013,0.5749116,0.44502598,0.86559606,0.04260785,-5.087286
3234,2026-05-11 16:16:00.171953,1.4424013,0.5749116,0.44502598,0.86559606,0.04260785,-5.087286
3235,2026-05-11 16:16:00.174631,1.4424013,0.5749116,0.44502598,0.86559606,0.04260785,-5.087286
3236,2026-05-11 16:16:00.177296,1.2053142,0.4290494,0.4490506,0.91981035,-0.21578814,-4.876079
3237,2026-05-11 16:16:00.179989,1.2053142,0.4290494,0.4490506,0.91981035,-0.21578814,-4.876079
3238,2026-05-11 16:16:00.182986,1.0570129,0.27184513,0.4723446,0.91981035,-0.21578814,-4.876079
3239,2026-05-11 16:16:00.185791,1.0570129,0.27184513,0.4723446,0.91981035,-0.21578814,-4.876079
3240,2026-05-11 16:16:00.188474,1.0570129,0.27184513,0.4723446,0.91981035,-0.21578814,-4.876079
3241,2026-05-11 16:16:00.191131,1.0570129,0.27184513,0.4723446,1.047023,-0.26526824,-4.6900706
3242,2026-05-11 16:16:00.194035,1.0570129,0.27184513,0.4723446,1.047023,-0.26526824,-4.6900706
3243,2026-05-11 16:16:00.196684,0.89316183,0.11409202,0.4483798,1.047023,-0.26526824,-4.6900706
3244,2026-05-11 16:16:00.199644,0.89316183,0.11409202,0.4483798,1.047023,-0.26526824,-4.6900706
3245,2026-05-11 16:16:00.202545,0.89316183,0.11409202,0.4483798,1.047023,-0.26526824,-4.6900706
3246,2026-05-11 16:16:00.205151,0.89316183,0.11409202,0.4483798,1.3472633,-0.16462818,-4.5663705
3247,2026-05-11 16:16:00.207771,0.89316183,0.11409202,0.4483798,1.3472633,-0.16462818,-4.5663705
3248,2026-05-11 16:16:00.210667,0.73717713,0.019086478,0.40227956,1.5322027,-0.110413894,-4.5185704
3249,2026-05-11 16:16:00.213254,0.73717713,0.019086478,0.40227956,1.5322027,-0.110413894,-4.5185704
3250,2026-05-11 16:16:00.216576,0.73717713,0.019086478,0.40227956,1.5322027,-0.110413894,-4.5185704
3251,2026-05-11 16:16:00.219392,0.73717713,0.019086478,0.40227956,1.5322027,-0.110413894,-4.5185704
3252,2026-05-11 16:16:00.222070,0.73717713,0.019086478,0.40227956,1.5322027,-0.110413894,-4.5185704
3253,2026-05-11 16:16:00.224828,0.73717713,0.019086478,0.40227956,1.5322027,-0.110413894,-4.5185704
3254,2026-05-11 16:16:00.227564,0.5626548,-0.07482144,0.34239805,1.7947221,-0.09285152,-4.4396157
3255,2026-05-11 16:16:00.230484,0.31605503,-0.19635291,0.24470939,2.2444715,-0.19303341,-4.20092
3256,2026-05-11 16:16:00.233647,0.31605503,-0.19635291,0.24470939,2.2444715,-0.19303341,-4.20092
3257,2026-05-11 16:16:00.236496,0.31605503,-0.19635291,0.24470939,2.2444715,-0.19303341,-4.20092
3258,2026-05-11 16:16:00.239225,0.31605503,-0.19635291,0.24470939,2.2444715,-0.19303341,-4.20092
3259,2026-05-11 16:16:00.242014,0.13915445,-0.2909926,0.15415533,2.2444715,-0.19303341,-4.20092
3260,2026-05-11 16:16:00.244775,0.13915445,-0.2909926,0.15415533,2.2444715,-0.19303341,-4.20092
3261,2026-05-11 16:16:00.247538,0.13915445,-0.2909926,0.15415533,2.2444715,-0.19303341,-4.20092
3262,2026-05-11 16:16:00.250527,0.13915445,-0.2909926,0.15415533,2.4741569,-0.29932398,-4.000862
3263,2026-05-11 16:16:00.253519,0.13915445,-0.2909926,0.15415533,2.4741569,-0.29932398,-4.000862
3264,2026-05-11 16:16:00.256162,0.13915445,-0.2909926,0.15415533,2.4741569,-0.29932398,-4.000862
3265,2026-05-11 16:16:00.258808,0.13915445,-0.2909926,0.15415533,2.4741569,-0.29932398,-4.000862
3266,2026-05-11 16:16:00.261507,0.027623562,-0.34611776,0.080492504,2.4741569,-0.29932398,-4.000862
3267,2026-05-11 16:16:00.264756,-0.04634417,-0.39484012,0.0041465834,2.8139508,-0.48655418,-3.4185545
3268,2026-05-11 16:16:00.267795,-0.08171208,-0.45844138,-0.09939604,2.8139508,-0.48655418,-3.4185545
3269,2026-05-11 16:16:00.270604,-0.08171208,-0.45844138,-0.09939604,2.8139508,-0.48655418,-3.4185545
3270,2026-05-11 16:16:00.273305,-0.08171208,-0.45844138,-0.09939604,2.845563,-0.43692136,-3.0896037
3271,2026-05-11 16:16:00.276045,-0.08171208,-0.45844138,-0.09939604,2.845563,-0.43692136,-3.0896037
3272,2026-05-11 16:16:00.278773,-0.08171208,-0.45844138,-0.09939604,2.845563,-0.43692136,-3.0896037
3273,2026-05-11 16:16:00.282443,-0.08171208,-0.45844138,-0.09939604,2.7743971,-0.19440787,-2.8354838
3274,2026-05-11 16:16:00.285317,-0.08171208,-0.45844138,-0.09939604,2.7743971,-0.19440787,-2.8354838
3275,2026-05-11 16:16:00.288108,-0.048234522,-0.65363574,-0.17427845,2.7743971,-0.19440787,-2.8354838
3276,2026-05-11 16:16:00.290875,-0.030611541,-0.75949556,-0.18665724,2.6687176,0.33475417,-2.5466971
3277,2026-05-11 16:16:00.293714,-0.030611541,-0.75949556,-0.18665724,2.6687176,0.33475417,-2.5466971
3278,2026-05-11 16:16:00.296422,-0.030611541,-0.75949556,-0.18665724,2.6687176,0.33475417,-2.5466971
3279,2026-05-11 16:16:00.299613,-0.14689882,-0.9355424,-0.28885832,2.6842947,0.4222606,-2.4883597
3280,2026-05-11 16:16:00.302461,-0.14689882,-0.9355424,-0.28885832,2.6842947,0.4222606,-2.4883597
3281,2026-05-11 16:16:00.305162,-0.14689882,-0.9355424,-0.28885832,2.6842947,0.4222606,-2.4883597
3282,2026-05-11 16:16:00.307969,-0.26775953,-1.0122542,-0.3503863,2.6842947,0.4222606,-2.4883597
3283,2026-05-11 16:16:00.310689,-0.26775953,-1.0122542,-0.3503863,2.6842947,0.4222606,-2.4883597
3284,2026-05-11 16:16:00.313296,-0.26775953,-1.0122542,-0.3503863,2.6842947,0.4222606,-2.4883597
3285,2026-05-11 16:16:00.316452,-0.26775953,-1.0122542,-0.3503863,2.6917777,0.30848694,-2.3051
3286,2026-05-11 16:16:00.319239,-0.26775953,-1.0122542,-0.3503863,2.6917777,0.30848694,-2.3051
3287,2026-05-11 16:16:00.321959,-0.4105727,-1.033048,-0.39532796,2.6827674,0.16264287,-2.1355848
3288,2026-05-11 16:16:00.324738,-0.4105727,-1.033048,-0.39532796,2.6041186,-0.037110064,-1.8186985
3289,2026-05-11 16:16:00.327372,-0.4105727,-1.033048,-0.39532796,2.6041186,-0.037110064,-1.8186985
3290,2026-05-11 16:16:00.330173,-0.5158838,-1.0296943,-0.4551485,2.6041186,-0.037110064,-1.8186985
3291,2026-05-11 16:16:00.333092,-0.5158838,-1.0296943,-0.4551485,2.6041186,-0.037110064,-1.8186985
3292,2026-05-11 16:16:00.335931,-0.5158838,-1.0296943,-0.4551485,2.6041186,-0.037110064,-1.8186985
3293,2026-05-11 16:16:00.338734,-0.61668235,-0.99280185,-0.54844666,2.039679,-0.27000242,-1.0626001
3294,2026-05-11 16:16:00.341658,-0.61668235,-0.99280185,-0.54844666,2.039679,-0.27000242,-1.0626001
3295,2026-05-11 16:16:00.344776,-0.67381984,-0.8373049,-0.57454574,1.4416419,-0.3043636,-0.56337047
3296,2026-05-11 16:16:00.347703,-0.67381984,-0.8373049,-0.57454574,1.4416419,-0.3043636,-0.56337047
3297,2026-05-11 16:16:00.351473,-0.65387964,-0.8009614,-0.53783625,1.0283916,-0.25305092,-0.26282477
3298,2026-05-11 16:16:00.354429,-0.65387964,-0.8009614,-0.53783625,1.0283916,-0.25305092,-0.26282477
3299,2026-05-11 16:16:00.357720,-0.59991306,-0.7658374,-0.47228366,0.63697976,-0.14080444,-0.012980887
3300,2026-05-11 16:16:00.360672,-0.59991306,-0.7658374,-0.47228366,0.63697976,-0.14080444,-0.012980887
3301,2026-05-11 16:16:00.363600,-0.59991306,-0.7658374,-0.47228366,0.63697976,-0.14080444,-0.012980887
3302,2026-05-11 16:16:00.367315,-0.59991306,-0.7658374,-0.47228366,0.63697976,-0.14080444,-0.012980887
3303,2026-05-11 16:16:00.370562,-0.59991306,-0.7658374,-0.47228366,0.63697976,-0.14080444,-0.012980887
3304,2026-05-11 16:16:00.373529,-0.57320416,-0.76498365,-0.40258446,0.63697976,-0.14080444,-0.012980887
3305,2026-05-11 16:16:00.376534,-0.57320416,-0.76498365,-0.40258446,0.63697976,-0.14080444,-0.012980887
3306,2026-05-11 16:16:00.379333,-0.57320416,-0.76498365,-0.40258446,0.20708331,0.07666359,0.23060162
3307,2026-05-11 16:16:00.382531,-0.61040145,-0.7619347,-0.36422858,0.20708331,0.07666359,0.23060162
3308,2026-05-11 16:16:00.385292,-0.61040145,-0.7619347,-0.36422858,0.20708331,0.07666359,0.23060162
3309,2026-05-11 16:16:00.388142,-0.61040145,-0.7619347,-0.36422858,0.20708331,0.07666359,0.23060162
3310,2026-05-11 16:16:00.390810,-0.61040145,-0.7619347,-0.36422858,0.20708331,0.07666359,0.23060162
3311,2026-05-11 16:16:00.393461,-0.61040145,-0.7619347,-0.36422858,0.20708331,0.07666359,0.23060162
3312,2026-05-11 16:16:00.396195,-0.61040145,-0.7619347,-0.36422858,0.20708331,0.07666359,0.23060162
3313,2026-05-11 16:16:00.399467,-0.61040145,-0.7619347,-0.36422858,-0.078343466,0.26710084,0.41508293
3314,2026-05-11 16:16:00.402421,-0.61040145,-0.7619347,-0.36422858,-0.078343466,0.26710084,0.41508293
3315,2026-05-11 16:16:00.405256,-0.7109561,-0.7118708,-0.34794715,-0.43050727,0.46028697,0.79259765
3316,2026-05-11 16:16:00.407982,-0.7109561,-0.7118708,-0.34794715,-0.43050727,0.46028697,0.79259765
3317,2026-05-11 16:16:00.410766,-0.7109561,-0.7118708,-0.34794715,-0.43050727,0.46028697,0.79259765
3318,2026-05-11 16:16:00.413516,-0.7723621,-0.7003457,-0.38709575,-0.43050727,0.46028697,0.79259765
3319,2026-05-11 16:16:00.416680,-0.7723621,-0.7003457,-0.38709575,-0.43050727,0.46028697,0.79259765
3320,2026-05-11 16:16:00.419612,-0.7723621,-0.7003457,-0.38709575,-0.6742425,0.47525316,1.1523973
3321,2026-05-11 16:16:00.422324,-0.7723621,-0.7003457,-0.38709575,-0.6742425,0.47525316,1.1523973
3322,2026-05-11 16:16:00.425023,-0.7723621,-0.7003457,-0.38709575,-0.6742425,0.47525316,1.1523973
3323,2026-05-11 16:16:00.427758,-0.7723621,-0.7003457,-0.38709575,-0.6742425,0.47525316,1.1523973
3324,2026-05-11 16:16:00.430571,-0.7723621,-0.7003457,-0.38709575,-0.6742425,0.47525316,1.1523973
3325,2026-05-11 16:16:00.433752,-0.7723621,-0.7003457,-0.38709575,-0.6742425,0.47525316,1.1523973
3326,2026-05-11 16:16:00.436682,-0.8097424,-0.7264448,-0.47496673,-1.7259997,0.124005646,2.5934284
3327,2026-05-11 16:16:00.439357,-0.8097424,-0.7264448,-0.47496673,-1.7259997,0.124005646,2.5934284
3328,2026-05-11 16:16:00.442130,-0.7310793,-0.7446166,-0.51021266,-1.7259997,0.124005646,2.5934284
3329,2026-05-11 16:16:00.444803,-0.7310793,-0.7446166,-0.51021266,-1.7259997,0.124005646,2.5934284
3330,2026-05-11 16:16:00.447640,-0.7310793,-0.7446166,-0.51021266,-1.7259997,0.124005646,2.5934284
3331,2026-05-11 16:16:00.451016,-0.7310793,-0.7446166,-0.51021266,-1.7259997,0.124005646,2.5934284
3332,2026-05-11 16:16:00.453876,-0.7310793,-0.7446166,-0.51021266,-1.7259997,0.124005646,2.5934284
3333,2026-05-11 16:16:00.456591,-0.7310793,-0.7446166,-0.51021266,-1.7259997,0.124005646,2.5934284
3334,2026-05-11 16:16:00.459257,-0.48332086,-0.7516902,-0.45277032,-1.7259997,0.124005646,2.5934284
3335,2026-05-11 16:16:00.462110,-0.48332086,-0.7516902,-0.45277032,-2.9869783,-0.065515295,4.190383
3336,2026-05-11 16:16:00.464945,-0.24580702,-0.7641909,-0.3949011,-2.9869783,-0.065515295,4.190383
3337,2026-05-11 16:16:00.468317,-0.24580702,-0.7641909,-0.3949011,-2.9869783,-0.065515295,4.190383
3338,2026-05-11 16:16:00.471081,-0.24580702,-0.7641909,-0.3949011,-4.032627,0.24953845,5.2264104
3339,2026-05-11 16:16:00.473663,-0.24580702,-0.7641909,-0.3949011,-4.032627,0.24953845,5.2264104
3340,2026-05-11 16:16:00.476348,-0.24580702,-0.7641909,-0.3949011,-4.032627,0.24953845,5.2264104
3341,2026-05-11 16:16:00.478900,-0.24580702,-0.7641909,-0.3949011,-4.032627,0.24953845,5.2264104
3342,2026-05-11 16:16:00.481811,-0.24580702,-0.7641909,-0.3949011,-4.032627,0.24953845,5.2264104
3343,2026-05-11 16:16:00.484599,-0.24580702,-0.7641909,-0.3949011,-4.032627,0.24953845,5.2264104
3344,2026-05-11 16:16:00.487235,-0.24580702,-0.7641909,-0.3949011,-4.032627,0.24953845,5.2264104
3345,2026-05-11 16:16:00.490108,0.813584,-0.87944156,0.05689356,-4.032627,0.24953845,5.2264104
3346,2026-05-11 16:16:00.492777,0.813584,-0.87944156,0.05689356,-4.032627,0.24953845,5.2264104
3347,2026-05-11 16:16:00.495569,0.813584,-0.87944156,0.05689356,-4.9646544,0.9053023,5.9541035
3348,2026-05-11 16:16:00.498627,0.813584,-0.87944156,0.05689356,-4.9646544,0.9053023,5.9541035
3349,2026-05-11 16:16:00.501497,0.813584,-0.87944156,0.05689356,-4.9646544,0.9053023,5.9541035
3350,2026-05-11 16:16:00.504275,0.813584,-0.87944156,0.05689356,-4.9646544,0.9053023,5.9541035
3351,2026-05-11 16:16:00.507029,0.813584,-0.87944156,0.05689356,-4.9646544,0.9053023,5.9541035
3352,2026-05-11 16:16:00.509843,0.813584,-0.87944156,0.05689356,-4.9646544,0.9053023,5.9541035
3353,2026-05-11 16:16:00.512463,0.813584,-0.87944156,0.05689356,-4.9646544,0.9053023,5.9541035
3354,2026-05-11 16:16:00.515668,1.3087349,-0.948531,0.35471582,-4.9646544,0.9053023,5.9541035
3355,2026-05-11 16:16:00.518735,1.3087349,-0.948531,0.35471582,-5.347209,1.3439035,6.262132
3356,2026-05-11 16:16:00.521408,1.3087349,-0.948531,0.35471582,-5.347209,1.3439035,6.262132
3357,2026-05-11 16:16:00.524044,1.3087349,-0.948531,0.35471582,-5.347209,1.3439035,6.262132
3358,2026-05-11 16:16:00.526996,1.3087349,-0.948531,0.35471582,-5.4331884,1.6594155,6.4950247
3359,2026-05-11 16:16:00.529840,1.3087349,-0.948531,0.35471582,-5.4331884,1.6594155,6.4950247
3360,2026-05-11 16:16:00.532908,1.3087349,-0.948531,0.35471582,-5.4331884,1.6594155,6.4950247
3361,2026-05-11 16:16:00.535805,1.3087349,-0.948531,0.35471582,-5.4331884,1.6594155,6.4950247
3362,2026-05-11 16:16:00.538586,1.3087349,-0.948531,0.35471582,-5.4331884,1.6594155,6.4950247
3363,2026-05-11 16:16:00.541234,1.3087349,-0.948531,0.35471582,-5.4331884,1.6594155,6.4950247
3364,2026-05-11 16:16:00.543953,2.0540833,-0.96719056,0.4598439,-4.7290134,0.7884743,6.964933
3365,2026-05-11 16:16:00.546797,3.0427384,-0.77766734,0.63759816,-3.9209912,-2.1939225,9.620669
3366,2026-05-11 16:16:00.549794,3.0427384,-0.77766734,0.63759816,-3.9209912,-2.1939225,9.620669
3367,2026-05-11 16:16:00.552687,3.7425356,-0.5142373,0.7628494,-3.9209912,-2.1939225,9.620669
3368,2026-05-11 16:16:00.555492,3.7425356,-0.5142373,0.7628494,-3.7610974,-2.0882428,9.846079
3369,2026-05-11 16:16:00.558462,3.7425356,-0.5142373,0.7628494,-3.7610974,-2.0882428,9.846079
3370,2026-05-11 16:16:00.561161,3.7425356,-0.5142373,0.7628494,-3.7610974,-2.0882428,9.846079
3371,2026-05-11 16:16:00.563867,5.1231647,0.025001459,0.77559406,-3.6268597,-1.4026994,9.592417
3372,2026-05-11 16:16:00.566900,5.1231647,0.025001459,0.77559406,-3.6618316,-0.56062156,8.73125
3373,2026-05-11 16:16:00.569632,5.1231647,0.025001459,0.77559406,-3.6618316,-0.56062156,8.73125
3374,2026-05-11 16:16:00.572442,5.1231647,0.025001459,0.77559406,-3.6618316,-0.56062156,8.73125
3375,2026-05-11 16:16:00.575339,5.1231647,0.025001459,0.77559406,-3.6618316,-0.56062156,8.73125
3376,2026-05-11 16:16:00.577996,5.1231647,0.025001459,0.77559406,-3.6618316,-0.56062156,8.73125
3377,2026-05-11 16:16:00.580747,5.177192,0.6946747,0.89303994,-3.6618316,-0.56062156,8.73125
3378,2026-05-11 16:16:00.584129,5.177192,0.6946747,0.89303994,-3.6618316,-0.56062156,8.73125
3379,2026-05-11 16:16:00.586912,5.177192,0.6946747,0.89303994,-3.6618316,-0.56062156,8.73125
3380,2026-05-11 16:16:00.589703,5.177192,0.6946747,0.89303994,-3.6618316,-0.56062156,8.73125
3381,2026-05-11 16:16:00.592512,4.346351,1.0316455,0.9646295,-3.145956,0.1366811,3.6664133
3382,2026-05-11 16:16:00.595181,4.346351,1.0316455,0.9646295,-3.145956,0.1366811,3.6664133
3383,2026-05-11 16:16:00.597795,4.346351,1.0316455,0.9646295,-3.145956,0.1366811,3.6664133
3384,2026-05-11 16:16:00.626207,3.3215964,1.4328276,1.0935394,-3.145956,0.1366811,3.6664133
3385,2026-05-11 16:16:00.629623,2.7822356,1.6607677,1.5346017,-2.2820399,-0.7884743,3.0521882
3386,2026-05-11 16:16:00.638502,2.7822356,1.6607677,1.5346017,-2.2820399,-0.7884743,3.0521882
3387,2026-05-11 16:16:00.641420,2.7822356,1.6607677,1.5346017,-2.2820399,-0.7884743,3.0521882
3388,2026-05-11 16:16:00.644090,2.7822356,1.6607677,1.5346017,-2.2820399,-0.7884743,3.0521882
3389,2026-05-11 16:16:00.646930,2.7822356,1.6607677,1.5346017,-2.2820399,-0.7884743,3.0521882
3390,2026-05-11 16:16:00.650078,2.7713203,1.797117,1.8021784,-2.2820399,-0.7884743,3.0521882
3391,2026-05-11 16:16:00.652851,2.7713203,1.797117,1.8021784,-1.2857187,-1.2628112,2.5909848
3392,2026-05-11 16:16:00.655553,2.7713203,1.797117,1.8021784,-1.2857187,-1.2628112,2.5909848
3393,2026-05-11 16:16:00.658249,2.7713203,1.797117,1.8021784,-1.2857187,-1.2628112,2.5909848
3394,2026-05-11 16:16:00.660978,2.8523006,1.890598,1.7901044,0.13164146,-1.4304937,1.7632625
3395,2026-05-11 16:16:00.663820,2.8523006,1.890598,1.7901044,0.13164146,-1.4304937,1.7632625
3396,2026-05-11 16:16:00.667027,2.8523006,1.890598,1.7901044,0.13164146,-1.4304937,1.7632625
3397,2026-05-11 16:16:00.669816,2.8523006,1.890598,1.7901044,0.13164146,-1.4304937,1.7632625
3398,2026-05-11 16:16:00.672728,2.6299706,1.8341315,1.0938443,1.6444492,-0.57528234,-0.1731803
3399,2026-05-11 16:16:00.675399,2.6299706,1.8341315,1.0938443,1.6444492,-0.57528234,-0.1731803
3400,2026-05-11 16:16:00.678101,2.6299706,1.8341315,1.0938443,1.6444492,-0.57528234,-0.1731803
3401,2026-05-11 16:16:00.680836,2.6299706,1.8341315,1.0938443,1.6444492,-0.57528234,-0.1731803
3402,2026-05-11 16:16:00.683928,2.6299706,1.8341315,1.0938443,1.936901,0.22006421,-1.3432927
3403,2026-05-11 16:16:00.686686,2.6299706,1.8341315,1.0938443,1.936901,0.22006421,-1.3432927
3404,2026-05-11 16:16:00.689318,2.6299706,1.8341315,1.0938443,1.936901,0.22006421,-1.3432927
3405,2026-05-11 16:16:00.692080,2.6299706,1.8341315,1.0938443,1.936901,0.22006421,-1.3432927
3406,2026-05-11 16:16:00.694885,2.1184163,1.4578899,0.60784036,1.9978348,0.38759398,-1.6482671
3407,2026-05-11 16:16:00.697953,2.1184163,1.4578899,0.60784036,1.9978348,0.38759398,-1.6482671
3408,2026-05-11 16:16:00.700893,2.1184163,1.4578899,0.60784036,1.9978348,0.38759398,-1.6482671
3409,2026-05-11 16:16:00.703525,2.1184163,1.4578899,0.60784036,2.1551325,0.45646906,-2.251344
3410,2026-05-11 16:16:00.706319,2.1184163,1.4578899,0.60784036,2.1551325,0.45646906,-2.251344
3411,2026-05-11 16:16:00.709038,2.1184163,1.4578899,0.60784036,2.1551325,0.45646906,-2.251344
3412,2026-05-11 16:16:00.711791,2.1184163,1.4578899,0.60784036,2.1551325,0.45646906,-2.251344
3413,2026-05-11 16:16:00.714667,1.8179718,1.1470182,0.37794888,2.1551325,0.45646906,-2.251344
3414,2026-05-11 16:16:00.717836,1.8179718,1.1470182,0.37794888,2.1551325,0.45646906,-2.251344
3415,2026-05-11 16:16:00.720633,1.7704692,0.97676426,0.29160237,2.1551325,0.45646906,-2.251344
3416,2026-05-11 16:16:00.723372,1.7704692,0.97676426,0.29160237,2.1551325,0.45646906,-2.251344
3417,2026-05-11 16:16:00.726049,1.7704692,0.97676426,0.29160237,2.3290765,0.13561209,-2.5247061
3418,2026-05-11 16:16:00.728789,1.7704692,0.97676426,0.29160237,2.3290765,0.13561209,-2.5247061
3419,2026-05-11 16:16:00.731554,1.7704692,0.97676426,0.29160237,2.3290765,0.13561209,-2.5247061
3420,2026-05-11 16:16:00.734939,1.7704692,0.97676426,0.29160237,2.4900393,-0.32742378,-2.7591257
3421,2026-05-11 16:16:00.737660,1.7704692,0.97676426,0.29160237,2.4900393,-0.32742378,-2.7591257
3422,2026-05-11 16:16:00.740292,1.873219,0.8290728,0.21324414,2.4900393,-0.32742378,-2.7591257
3423,2026-05-11 16:16:00.743041,2.0485952,0.6882109,0.14732568,2.5163066,-0.7170031,-3.0158417
3424,2026-05-11 16:16:00.745827,2.0485952,0.6882109,0.14732568,2.5163066,-0.7170031,-3.0158417
3425,2026-05-11 16:16:00.748949,2.0485952,0.6882109,0.14732568,2.5163066,-0.7170031,-3.0158417
3426,2026-05-11 16:16:00.751977,2.0485952,0.6882109,0.14732568,2.5163066,-0.7170031,-3.0158417
3427,2026-05-11 16:16:00.754791,2.10433,0.62058496,0.12110463,2.4533875,-0.8407033,-3.1989486
3428,2026-05-11 16:16:00.757603,2.10433,0.62058496,0.12110463,2.4533875,-0.8407033,-3.1989486
3429,2026-05-11 16:16:00.760387,2.1050618,0.60107166,0.013415418,2.0722077,-0.7512115,-3.4585662
3430,2026-05-11 16:16:00.763194,2.1050618,0.60107166,0.013415418,2.0722077,-0.7512115,-3.4585662
3431,2026-05-11 16:16:00.766223,2.1050618,0.60107166,0.013415418,2.0722077,-0.7512115,-3.4585662
3432,2026-05-11 16:16:00.769130,2.1050618,0.60107166,0.013415418,2.0722077,-0.7512115,-3.4585662
3433,2026-05-11 16:16:00.771898,2.1290267,0.6947966,-0.030489584,2.0722077,-0.7512115,-3.4585662
3434,2026-05-11 16:16:00.774673,2.1290267,0.6947966,-0.030489584,2.0722077,-0.7512115,-3.4585662
3435,2026-05-11 16:16:00.777479,2.2444603,0.80803496,0.048173543,1.4634804,-0.49113566,-3.5304956
3436,2026-05-11 16:16:00.780415,2.2444603,0.80803496,0.048173543,0.90087354,-0.27198774,-3.5674531
3437,2026-05-11 16:16:00.783520,2.2444603,0.80803496,0.048173543,0.90087354,-0.27198774,-3.5674531
3438,2026-05-11 16:16:00.786475,2.2444603,0.80803496,0.048173543,0.90087354,-0.27198774,-3.5674531
3439,2026-05-11 16:16:00.789297,2.6250923,0.8688312,0.4446601,0.056505036,0.0627664,-3.986201
3440,2026-05-11 16:16:00.792153,2.6250923,0.8688312,0.4446601,0.056505036,0.0627664,-3.986201
3441,2026-05-11 16:16:00.794988,2.6683874,0.79882705,0.73723817,0.031154128,0.040011674,-4.5555277
3442,2026-05-11 16:16:00.797727,2.6683874,0.79882705,0.73723817,0.031154128,0.040011674,-4.5555277
3443,2026-05-11 16:16:00.800949,2.6683874,0.79882705,0.73723817,0.031154128,0.040011674,-4.5555277
3444,2026-05-11 16:16:00.803703,2.6683874,0.79882705,0.73723817,0.031154128,0.040011674,-4.5555277
3445,2026-05-11 16:16:00.806385,2.6683874,0.79882705,0.73723817,0.031154128,0.040011674,-4.5555277
3446,2026-05-11 16:16:00.809199,2.6683874,0.79882705,0.73723817,0.34987307,-0.076358154,-5.007873
3447,2026-05-11 16:16:00.812015,2.5149028,0.6669901,0.87749016,0.34987307,-0.076358154,-5.007873
3448,2026-05-11 16:16:00.814978,2.5149028,0.6669901,0.87749016,0.34987307,-0.076358154,-5.007873
3449,2026-05-11 16:16:00.818253,2.5149028,0.6669901,0.87749016,0.34987307,-0.076358154,-5.007873
3450,2026-05-11 16:16:00.821006,2.5149028,0.6669901,0.87749016,0.34987307,-0.076358154,-5.007873
3451,2026-05-11 16:16:00.823770,2.5149028,0.6669901,0.87749016,0.34987307,-0.076358154,-5.007873
3452,2026-05-11 16:16:00.826732,2.2992194,0.47618634,0.93212754,0.8565858,-0.35628715,-5.3268976
3453,2026-05-11 16:16:00.829411,2.2992194,0.47618634,0.93212754,0.8565858,-0.35628715,-5.3268976
3454,2026-05-11 16:16:00.832394,2.2992194,0.47618634,0.93212754,0.8565858,-0.35628715,-5.3268976
3455,2026-05-11 16:16:00.835400,2.2992194,0.47618634,0.93212754,1.2594514,-0.68600166,-5.509241
3456,2026-05-11 16:16:00.838225,1.6144844,0.09140777,0.40447482,1.4801265,-0.93111134,-5.5939984
3457,2026-05-11 16:16:00.840947,1.6144844,0.09140777,0.40447482,1.5601498,-1.2922854,-5.6624155
3458,2026-05-11 16:16:00.843877,1.6144844,0.09140777,0.40447482,1.5601498,-1.2922854,-5.6624155
