id,timestamp,acc_x,acc_y,acc_z,gyro_x,gyro_y,gyro_z
1,2026-05-11 16:15:16.606605,-0.746446,0.18659624,1.7449188,1.9633209,1.1238394,1.3692545
2,2026-05-11 16:15:16.616972,-0.746446,0.18659624,1.7449188,1.9633209,1.1238394,1.3692545
3,2026-05-11 16:15:16.620173,-0.746446,0.18659624,1.7449188,1.9633209,1.1238394,1.3692545
4,2026-05-11 16:15:16.622887,-0.746446,0.18659624,1.7449188,1.9633209,1.1238394,1.3692545
5,2026-05-11 16:15:16.625568,-0.746446,0.18659624,1.7449188,1.9633209,1.1238394,1.3692545
6,2026-05-11 16:15:16.628168,-0.746446,0.18659624,1.7449188,1.9633209,1.1238394,1.3692545
7,2026-05-11 16:15:16.631188,-0.746446,0.18659624,1.7449188,1.9633209,1.1238394,1.3692545
8,2026-05-11 16:15:16.634179,-0.746446,0.18659624,1.7449188,1.9633209,1.1238394,1.3692545
9,2026-05-11 16:15:16.637083,-0.746446,0.18659624,1.7449188,1.9633209,1.1238394,1.3692545
10,2026-05-11 16:15:16.639797,-0.746446,0.18659624,1.7449188,1.9633209,1.1238394,1.3692545
11,2026-05-11 16:15:16.642558,-0.746446,0.18659624,1.7449188,1.9633209,1.1238394,1.3692545
12,2026-05-11 16:15:16.645148,-0.746446,0.18659624,1.7449188,1.9633209,1.1238394,1.3692545
13,2026-05-11 16:15:16.647896,-0.746446,0.18659624,1.7449188,1.9633209,1.1238394,1.3692545
14,2026-05-11 16:15:16.651191,-0.746446,0.18659624,1.7449188,1.9633209,1.1238394,1.3692545
15,2026-05-11 16:15:16.654077,-0.746446,0.18659624,1.7449188,1.9633209,1.1238394,1.3692545
16,2026-05-11 16:15:16.656705,-0.746446,0.18659624,1.7449188,1.9633209,1.1238394,1.3692545
17,2026-05-11 16:15:16.659417,-0.746446,0.18659624,1.7449188,1.9633209,1.1238394,1.3692545
18,2026-05-11 16:15:16.661973,-0.746446,0.18659624,1.7449188,1.9633209,1.1238394,1.3692545
19,2026-05-11 16:15:16.664579,-0.746446,0.18659624,1.7449188,1.9633209,1.1238394,1.3692545
20,2026-05-11 16:15:16.667653,-0.746446,0.18659624,1.7449188,1.9633209,1.1238394,1.3692545
21,2026-05-11 16:15:16.670538,-0.746446,0.18659624,1.7449188,1.9633209,1.1238394,1.3692545
22,2026-05-11 16:15:16.673223,-0.746446,0.18659624,1.7449188,1.9633209,1.1238394,1.3692545
23,2026-05-11 16:15:16.675926,-0.746446,0.18659624,1.7449188,1.9633209,1.1238394,1.3692545
24,2026-05-11 16:15:16.678664,-0.746446,0.18659624,1.7449188,1.9633209,1.1238394,1.3692545
25,2026-05-11 16:15:16.681357,-0.746446,0.18659624,1.7449188,1.9633209,1.1238394,1.3692545
26,2026-05-11 16:15:16.684424,-0.746446,0.18659624,1.7449188,1.9633209,1.1238394,1.3692545
27,2026-05-11 16:15:16.687091,-0.746446,0.18659624,1.7449188,1.9633209,1.1238394,1.3692545
28,2026-05-11 16:15:16.689939,-0.746446,0.18659624,1.7449188,1.9633209,1.1238394,1.3692545
29,2026-05-11 16:15:16.692513,-0.746446,0.18659624,1.7449188,1.9633209,1.1238394,1.3692545
30,2026-05-11 16:15:16.695376,-0.746446,0.18659624,1.7449188,1.9633209,1.1238394,1.3692545
31,2026-05-11 16:15:16.697967,-0.746446,0.18659624,1.7449188,1.9633209,1.1238394,1.3692545
32,2026-05-11 16:15:16.701047,-0.746446,0.18659624,1.7449188,1.9633209,1.1238394,1.3692545
33,2026-05-11 16:15:16.703693,-0.746446,0.18659624,1.7449188,1.9633209,1.1238394,1.3692545
34,2026-05-11 16:15:16.706281,-0.746446,0.18659624,1.7449188,1.9633209,1.1238394,1.3692545
35,2026-05-11 16:15:16.709056,-0.746446,0.18659624,1.7449188,1.9633209,1.1238394,1.3692545
36,2026-05-11 16:15:16.711650,-0.746446,0.18659624,1.7449188,1.9633209,1.1238394,1.3692545
37,2026-05-11 16:15:16.714407,-0.746446,0.18659624,1.7449188,1.9633209,1.1238394,1.3692545
38,2026-05-11 16:15:16.717507,-0.746446,0.18659624,1.7449188,1.9633209,1.1238394,1.3692545
39,2026-05-11 16:15:16.720296,-0.746446,0.18659624,1.7449188,1.9633209,1.1238394,1.3692545
40,2026-05-11 16:15:16.722887,-0.746446,0.18659624,1.7449188,1.9633209,1.1238394,1.3692545
41,2026-05-11 16:15:16.725518,-0.746446,0.18659624,1.7449188,1.916437,1.1241448,1.7308867
42,2026-05-11 16:15:16.728401,-0.746446,0.18659624,1.7449188,1.916437,1.1241448,1.7308867
43,2026-05-11 16:15:16.731167,-0.746446,0.18659624,1.7449188,1.916437,1.1241448,1.7308867
44,2026-05-11 16:15:16.734273,-0.746446,0.18659624,1.7449188,1.916437,1.1241448,1.7308867
45,2026-05-11 16:15:16.737460,-0.746446,0.18659624,1.7449188,1.916437,1.1241448,1.7308867
46,2026-05-11 16:15:16.740267,-0.746446,0.18659624,1.7449188,1.916437,1.1241448,1.7308867
47,2026-05-11 16:15:16.742974,-0.746446,0.18659624,1.7449188,1.916437,1.1241448,1.7308867
48,2026-05-11 16:15:16.745579,-0.746446,0.18659624,1.7449188,1.916437,1.1241448,1.7308867
49,2026-05-11 16:15:16.748340,-0.746446,0.18659624,1.7449188,1.916437,1.1241448,1.7308867
50,2026-05-11 16:15:16.751449,-0.746446,0.18659624,1.7449188,1.916437,1.1241448,1.7308867
51,2026-05-11 16:15:16.754720,-0.746446,0.18659624,1.7449188,1.916437,1.1241448,1.7308867
52,2026-05-11 16:15:16.757351,-0.746446,0.18659624,1.7449188,1.916437,1.1241448,1.7308867
53,2026-05-11 16:15:16.759950,-0.746446,0.18659624,1.7449188,1.916437,1.1241448,1.7308867
54,2026-05-11 16:15:16.762728,-0.746446,0.18659624,1.7449188,1.916437,1.1241448,1.7308867
55,2026-05-11 16:15:16.765688,-0.78675324,0.17263202,1.6629019,1.916437,1.1241448,1.7308867
56,2026-05-11 16:15:16.768842,-0.78675324,0.17263202,1.6629019,1.916437,1.1241448,1.7308867
57,2026-05-11 16:15:16.771509,-0.78675324,0.17263202,1.6629019,1.916437,1.1241448,1.7308867
58,2026-05-11 16:15:16.774059,-0.78675324,0.17263202,1.6629019,1.916437,1.1241448,1.7308867
59,2026-05-11 16:15:16.777020,-0.78675324,0.17263202,1.6629019,1.9136881,1.2544118,2.1094704
60,2026-05-11 16:15:16.779628,-0.78675324,0.17263202,1.6629019,1.9136881,1.2544118,2.1094704
61,2026-05-11 16:15:16.782645,-0.78675324,0.17263202,1.6629019,1.9136881,1.2544118,2.1094704
62,2026-05-11 16:15:16.785465,-0.78675324,0.17263202,1.6629019,1.9136881,1.2544118,2.1094704
63,2026-05-11 16:15:16.788024,-0.78675324,0.17263202,1.6629019,1.9136881,1.2544118,2.1094704
64,2026-05-11 16:15:16.790852,-0.78675324,0.17263202,1.6629019,1.9136881,1.2544118,2.1094704
65,2026-05-11 16:15:16.793459,-0.78675324,0.17263202,1.6629019,1.9136881,1.2544118,2.1094704
66,2026-05-11 16:15:16.796054,-0.78675324,0.17263202,1.6629019,1.9136881,1.2544118,2.1094704
67,2026-05-11 16:15:16.799175,-0.78675324,0.17263202,1.6629019,1.9136881,1.2544118,2.1094704
68,2026-05-11 16:15:16.802037,-0.78675324,0.17263202,1.6629019,1.9136881,1.2544118,2.1094704
69,2026-05-11 16:15:16.804628,-0.78675324,0.17263202,1.6629019,1.9136881,1.2544118,2.1094704
70,2026-05-11 16:15:16.807529,-0.78675324,0.17263202,1.6629019,1.9136881,1.2544118,2.1094704
71,2026-05-11 16:15:16.810182,-0.78675324,0.17263202,1.6629019,1.9136881,1.2544118,2.1094704
72,2026-05-11 16:15:16.812900,-0.78675324,0.17263202,1.6629019,1.9136881,1.2544118,2.1094704
73,2026-05-11 16:15:16.815929,-0.6540625,0.12756842,1.691562,1.9136881,1.2544118,2.1094704
74,2026-05-11 16:15:16.818895,-0.6540625,0.12756842,1.691562,1.9136881,1.2544118,2.1094704
75,2026-05-11 16:15:16.821624,-0.6540625,0.12756842,1.691562,1.9136881,1.2544118,2.1094704
76,2026-05-11 16:15:16.824296,-0.6540625,0.12756842,1.691562,1.9136881,1.2544118,2.1094704
77,2026-05-11 16:15:16.826999,-0.6540625,0.12756842,1.691562,1.9136881,1.2544118,2.1094704
78,2026-05-11 16:15:16.829687,-0.6540625,0.12756842,1.691562,1.9136881,1.2544118,2.1094704
79,2026-05-11 16:15:16.832666,-0.6540625,0.12756842,1.691562,1.9136881,1.2544118,2.1094704
80,2026-05-11 16:15:16.835611,-0.6540625,0.12756842,1.691562,1.9136881,1.2544118,2.1094704
81,2026-05-11 16:15:16.838240,-0.6540625,0.12756842,1.691562,1.9136881,1.2544118,2.1094704
82,2026-05-11 16:15:16.840784,-0.6540625,0.12756842,1.691562,1.9136881,1.2544118,2.1094704
83,2026-05-11 16:15:16.843517,-0.6540625,0.12756842,1.691562,1.9136881,1.2544118,2.1094704
84,2026-05-11 16:15:16.846082,-0.6540625,0.12756842,1.691562,1.9136881,1.2544118,2.1094704
85,2026-05-11 16:15:16.849011,-0.49746805,0.11134796,1.7194296,2.0460932,1.3177891,2.245388
86,2026-05-11 16:15:16.852004,-0.49746805,0.11134796,1.7194296,2.0460932,1.3177891,2.245388
87,2026-05-11 16:15:16.854769,-0.49746805,0.11134796,1.7194296,2.0460932,1.3177891,2.245388
88,2026-05-11 16:15:16.857536,-0.49746805,0.11134796,1.7194296,2.0460932,1.3177891,2.245388
89,2026-05-11 16:15:16.860150,-0.49746805,0.11134796,1.7194296,2.0460932,1.3177891,2.245388
90,2026-05-11 16:15:16.862800,-0.49746805,0.11134796,1.7194296,2.0460932,1.3177891,2.245388
91,2026-05-11 16:15:16.865627,-0.49746805,0.11134796,1.7194296,2.0460932,1.3177891,2.245388
92,2026-05-11 16:15:16.868682,-0.49746805,0.11134796,1.7194296,2.0460932,1.3177891,2.245388
93,2026-05-11 16:15:16.871362,-0.49746805,0.11134796,1.7194296,2.0460932,1.3177891,2.245388
94,2026-05-11 16:15:16.873951,-0.49746805,0.11134796,1.7194296,2.0460932,1.3177891,2.245388
95,2026-05-11 16:15:16.876770,-0.49746805,0.11134796,1.7194296,2.0460932,1.3177891,2.245388
96,2026-05-11 16:15:16.879372,-0.49746805,0.11134796,1.7194296,2.0460932,1.3177891,2.245388
97,2026-05-11 16:15:16.882150,-0.49746805,0.11134796,1.7194296,2.0460932,1.3177891,2.245388
98,2026-05-11 16:15:16.885423,-0.49746805,0.11134796,1.7194296,2.0460932,1.3177891,2.245388
99,2026-05-11 16:15:16.888048,-0.49746805,0.11134796,1.7194296,2.0460932,1.3177891,2.245388
100,2026-05-11 16:15:16.890925,-0.49746805,0.11134796,1.7194296,2.0460932,1.3177891,2.245388
101,2026-05-11 16:15:16.893752,-0.49746805,0.11134796,1.7194296,2.0460932,1.3177891,2.245388
102,2026-05-11 16:15:16.896548,-0.49746805,0.11134796,1.7194296,2.0460932,1.3177891,2.245388
103,2026-05-11 16:15:16.900185,-0.49746805,0.11134796,1.7194296,2.0460932,1.3177891,2.245388
104,2026-05-11 16:15:16.903049,-0.49746805,0.11134796,1.7194296,2.0460932,1.3177891,2.245388
105,2026-05-11 16:15:16.905615,-0.49746805,0.11134796,1.7194296,2.0460932,1.3177891,2.245388
106,2026-05-11 16:15:16.908403,-0.49746805,0.11134796,1.7194296,2.0460932,1.3177891,2.245388
107,2026-05-11 16:15:16.910991,-0.49746805,0.11134796,1.7194296,2.0460932,1.3177891,2.245388
108,2026-05-11 16:15:16.913571,-0.49746805,0.11134796,1.7194296,2.0460932,1.3177891,2.245388
109,2026-05-11 16:15:16.916437,-0.49746805,0.11134796,1.7194296,2.0460932,1.3177891,2.245388
110,2026-05-11 16:15:16.919099,-0.49746805,0.11134796,1.7194296,2.0460932,1.3177891,2.245388
111,2026-05-11 16:15:16.921849,-0.49746805,0.11134796,1.7194296,2.0460932,1.3177891,2.245388
112,2026-05-11 16:15:16.924440,-0.49746805,0.11134796,1.7194296,2.0460932,1.3177891,2.245388
113,2026-05-11 16:15:16.927059,-0.49746805,0.11134796,1.7194296,2.0460932,1.3177891,2.245388
114,2026-05-11 16:15:16.929841,-0.49746805,0.11134796,1.7194296,2.0460932,1.3177891,2.245388
115,2026-05-11 16:15:16.932951,-0.49746805,0.11134796,1.7194296,2.0460932,1.3177891,2.245388
116,2026-05-11 16:15:16.935749,-0.49746805,0.11134796,1.7194296,2.0460932,1.3177891,2.245388
117,2026-05-11 16:15:16.938429,-0.49746805,0.11134796,1.7194296,2.0460932,1.3177891,2.245388
118,2026-05-11 16:15:16.941030,-0.49746805,0.11134796,1.7194296,2.0460932,1.3177891,2.245388
119,2026-05-11 16:15:16.943838,-0.49746805,0.11134796,1.7194296,2.0460932,1.3177891,2.245388
120,2026-05-11 16:15:16.946440,-0.49746805,0.11134796,1.7194296,2.0460932,1.3177891,2.245388
121,2026-05-11 16:15:16.949315,-0.49746805,0.11134796,1.7194296,2.0460932,1.3177891,2.245388
122,2026-05-11 16:15:16.952342,-0.49746805,0.11134796,1.7194296,2.0460932,1.3177891,2.245388
123,2026-05-11 16:15:16.954918,-0.49746805,0.11134796,1.7194296,2.0460932,1.3177891,2.245388
124,2026-05-11 16:15:16.957662,-0.49746805,0.11134796,1.7194296,2.0460932,1.3177891,2.245388
125,2026-05-11 16:15:16.960409,-0.29373667,0.022562291,1.6289365,2.5720482,1.3794864,2.4158194
126,2026-05-11 16:15:16.963098,-0.29373667,0.022562291,1.6289365,2.5720482,1.3794864,2.4158194
127,2026-05-11 16:15:16.966172,-0.29373667,0.022562291,1.6289365,2.5720482,1.3794864,2.4158194
128,2026-05-11 16:15:16.969066,-0.29373667,0.022562291,1.6289365,2.5720482,1.3794864,2.4158194
129,2026-05-11 16:15:16.971744,-0.29373667,0.022562291,1.6289365,2.5720482,1.3794864,2.4158194
130,2026-05-11 16:15:16.974428,-0.29373667,0.022562291,1.6289365,2.5720482,1.3794864,2.4158194
131,2026-05-11 16:15:16.976979,-0.29373667,0.022562291,1.6289365,2.5720482,1.3794864,2.4158194
132,2026-05-11 16:15:16.979769,-0.29373667,0.022562291,1.6289365,2.5720482,1.3794864,2.4158194
133,2026-05-11 16:15:16.982964,-0.29373667,0.022562291,1.6289365,2.5720482,1.3794864,2.4158194
134,2026-05-11 16:15:16.985857,-0.29373667,0.022562291,1.6289365,2.5720482,1.3794864,2.4158194
135,2026-05-11 16:15:16.988483,-0.29373667,0.022562291,1.6289365,2.5720482,1.3794864,2.4158194
136,2026-05-11 16:15:16.991036,-0.29373667,0.022562291,1.6289365,2.5720482,1.3794864,2.4158194
137,2026-05-11 16:15:16.993798,-0.29373667,0.022562291,1.6289365,2.5720482,1.3794864,2.4158194
138,2026-05-11 16:15:16.996395,-0.29373667,0.022562291,1.6289365,2.5720482,1.3794864,2.4158194
139,2026-05-11 16:15:16.999290,-0.29373667,0.022562291,1.6289365,2.5720482,1.3794864,2.4158194
140,2026-05-11 16:15:17.002263,-0.29373667,0.022562291,1.6289365,2.5720482,1.3794864,2.4158194
141,2026-05-11 16:15:17.004910,-0.29373667,0.022562291,1.6289365,2.5720482,1.3794864,2.4158194
142,2026-05-11 16:15:17.007701,-0.29373667,0.022562291,1.6289365,2.5720482,1.3794864,2.4158194
143,2026-05-11 16:15:17.010321,-0.29373667,0.022562291,1.6289365,2.5720482,1.3794864,2.4158194
144,2026-05-11 16:15:17.012966,-0.29373667,0.022562291,1.6289365,2.5720482,1.3794864,2.4158194
145,2026-05-11 16:15:17.016034,-0.29373667,0.022562291,1.6289365,2.5720482,1.3794864,2.4158194
146,2026-05-11 16:15:17.018947,-0.29373667,0.022562291,1.6289365,2.5720482,1.3794864,2.4158194
147,2026-05-11 16:15:17.021568,-0.29373667,0.022562291,1.6289365,2.7991374,1.3929255,2.4680483
148,2026-05-11 16:15:17.024332,-0.29373667,0.022562291,1.6289365,2.7991374,1.3929255,2.4680483
149,2026-05-11 16:15:17.026952,-0.29373667,0.022562291,1.6289365,2.7991374,1.3929255,2.4680483
150,2026-05-11 16:15:17.029528,-0.29373667,0.022562291,1.6289365,2.7991374,1.3929255,2.4680483
151,2026-05-11 16:15:17.032601,0.043905,0.015000875,1.4258149,2.7991374,1.3929255,2.4680483
152,2026-05-11 16:15:17.035660,0.043905,0.015000875,1.4258149,2.7991374,1.3929255,2.4680483
153,2026-05-11 16:15:17.038228,0.043905,0.015000875,1.4258149,2.7991374,1.3929255,2.4680483
154,2026-05-11 16:15:17.040761,0.043905,0.015000875,1.4258149,2.7991374,1.3929255,2.4680483
155,2026-05-11 16:15:17.043419,0.043905,0.015000875,1.4258149,2.7991374,1.3929255,2.4680483
156,2026-05-11 16:15:17.045923,0.043905,0.015000875,1.4258149,2.7991374,1.3929255,2.4680483
157,2026-05-11 16:15:17.048810,0.043905,0.015000875,1.4258149,2.7991374,1.3929255,2.4680483
158,2026-05-11 16:15:17.051801,0.043905,0.015000875,1.4258149,2.7991374,1.3929255,2.4680483
159,2026-05-11 16:15:17.054369,0.043905,0.015000875,1.4258149,2.7991374,1.3929255,2.4680483
160,2026-05-11 16:15:17.057089,0.043905,0.015000875,1.4258149,2.7991374,1.3929255,2.4680483
161,2026-05-11 16:15:17.059703,0.043905,0.015000875,1.4258149,2.7991374,1.3929255,2.4680483
162,2026-05-11 16:15:17.062469,0.043905,0.015000875,1.4258149,2.7991374,1.3929255,2.4680483
163,2026-05-11 16:15:17.065047,0.043905,0.015000875,1.4258149,2.7991374,1.3929255,2.4680483
164,2026-05-11 16:15:17.068449,0.043905,0.015000875,1.4258149,2.7991374,1.3929255,2.4680483
165,2026-05-11 16:15:17.071246,0.043905,0.015000875,1.4258149,2.7991374,1.3929255,2.4680483
166,2026-05-11 16:15:17.074023,0.043905,0.015000875,1.4258149,2.7991374,1.3929255,2.4680483
167,2026-05-11 16:15:17.076638,0.043905,0.015000875,1.4258149,2.7991374,1.3929255,2.4680483
168,2026-05-11 16:15:17.079343,0.043905,0.015000875,1.4258149,2.7991374,1.3929255,2.4680483
169,2026-05-11 16:15:17.082037,0.043905,0.015000875,1.4258149,2.7991374,1.3929255,2.4680483
170,2026-05-11 16:15:17.085460,0.043905,0.015000875,1.4258149,2.7991374,1.3929255,2.4680483
171,2026-05-11 16:15:17.088073,0.043905,0.015000875,1.4258149,2.7991374,1.3929255,2.4680483
172,2026-05-11 16:15:17.090882,0.043905,0.015000875,1.4258149,2.7991374,1.3929255,2.4680483
173,2026-05-11 16:15:17.093482,0.043905,0.015000875,1.4258149,2.7991374,1.3929255,2.4680483
174,2026-05-11 16:15:17.096237,0.043905,0.015000875,1.4258149,2.7991374,1.3929255,2.4680483
175,2026-05-11 16:15:17.099300,0.043905,0.015000875,1.4258149,2.7991374,1.3929255,2.4680483
176,2026-05-11 16:15:17.102107,0.043905,0.015000875,1.4258149,2.7991374,1.3929255,2.4680483
177,2026-05-11 16:15:17.104674,0.043905,0.015000875,1.4258149,2.7991374,1.3929255,2.4680483
178,2026-05-11 16:15:17.107335,0.043905,0.015000875,1.4258149,2.7991374,1.3929255,2.4680483
179,2026-05-11 16:15:17.109870,0.043905,0.015000875,1.4258149,2.7991374,1.3929255,2.4680483
180,2026-05-11 16:15:17.112536,0.043905,0.015000875,1.4258149,2.7991374,1.3929255,2.4680483
181,2026-05-11 16:15:17.115187,0.043905,0.015000875,1.4258149,2.7991374,1.3929255,2.4680483
182,2026-05-11 16:15:17.118375,0.043905,0.015000875,1.4258149,2.7991374,1.3929255,2.4680483
183,2026-05-11 16:15:17.121079,0.043905,0.015000875,1.4258149,2.7991374,1.3929255,2.4680483
184,2026-05-11 16:15:17.123656,0.043905,0.015000875,1.4258149,2.7991374,1.3929255,2.4680483
185,2026-05-11 16:15:17.126319,0.043905,0.015000875,1.4258149,2.7991374,1.3929255,2.4680483
186,2026-05-11 16:15:17.128854,0.043905,0.015000875,1.4258149,2.7991374,1.3929255,2.4680483
187,2026-05-11 16:15:17.132124,0.043905,0.015000875,1.4258149,4.1949644,1.2490667,2.515085
188,2026-05-11 16:15:17.135664,0.043905,0.015000875,1.4258149,4.1949644,1.2490667,2.515085
189,2026-05-11 16:15:17.138513,0.043905,0.015000875,1.4258149,4.1949644,1.2490667,2.515085
190,2026-05-11 16:15:17.141191,0.043905,0.015000875,1.4258149,4.1949644,1.2490667,2.515085
191,2026-05-11 16:15:17.144191,0.043905,0.015000875,1.4258149,4.1949644,1.2490667,2.515085
192,2026-05-11 16:15:17.147030,0.043905,0.015000875,1.4258149,4.1949644,1.2490667,2.515085
193,2026-05-11 16:15:17.150203,0.043905,0.015000875,1.4258149,4.1949644,1.2490667,2.515085
194,2026-05-11 16:15:17.152946,0.043905,0.015000875,1.4258149,4.1949644,1.2490667,2.515085
195,2026-05-11 16:15:17.155603,0.043905,0.015000875,1.4258149,4.1949644,1.2490667,2.515085
196,2026-05-11 16:15:17.158234,0.043905,0.015000875,1.4258149,4.1949644,1.2490667,2.515085
197,2026-05-11 16:15:17.160784,0.043905,0.015000875,1.4258149,4.1949644,1.2490667,2.515085
198,2026-05-11 16:15:17.163501,0.043905,0.015000875,1.4258149,4.1949644,1.2490667,2.515085
199,2026-05-11 16:15:17.166412,0.043905,0.015000875,1.4258149,4.1949644,1.2490667,2.515085
200,2026-05-11 16:15:17.169256,0.043905,0.015000875,1.4258149,4.1949644,1.2490667,2.515085
201,2026-05-11 16:15:17.171895,0.043905,0.015000875,1.4258149,4.1949644,1.2490667,2.515085
202,2026-05-11 16:15:17.174473,0.043905,0.015000875,1.4258149,4.1949644,1.2490667,2.515085
203,2026-05-11 16:15:17.177306,0.043905,0.015000875,1.4258149,4.1949644,1.2490667,2.515085
204,2026-05-11 16:15:17.180014,0.043905,0.015000875,1.4258149,4.1949644,1.2490667,2.515085
205,2026-05-11 16:15:17.183054,0.043905,0.015000875,1.4258149,4.1949644,1.2490667,2.515085
206,2026-05-11 16:15:17.185833,0.043905,0.015000875,1.4258149,4.1949644,1.2490667,2.515085
207,2026-05-11 16:15:17.188468,0.043905,0.015000875,1.4258149,4.1949644,1.2490667,2.515085
208,2026-05-11 16:15:17.191007,0.043905,0.015000875,1.4258149,4.1949644,1.2490667,2.515085
209,2026-05-11 16:15:17.193721,0.043905,0.015000875,1.4258149,4.1949644,1.2490667,2.515085
210,2026-05-11 16:15:17.196325,0.043905,0.015000875,1.4258149,4.1949644,1.2490667,2.515085
211,2026-05-11 16:15:17.199108,0.043905,0.015000875,1.4258149,4.1949644,1.2490667,2.515085
212,2026-05-11 16:15:17.202102,0.043905,0.015000875,1.4258149,4.1949644,1.2490667,2.515085
213,2026-05-11 16:15:17.204720,0.043905,0.015000875,1.4258149,4.1949644,1.2490667,2.515085
214,2026-05-11 16:15:17.207335,0.043905,0.015000875,1.4258149,4.1949644,1.2490667,2.515085
215,2026-05-11 16:15:17.209966,0.043905,0.015000875,1.4258149,4.1949644,1.2490667,2.515085
216,2026-05-11 16:15:17.212518,0.043905,0.015000875,1.4258149,4.1949644,1.2490667,2.515085
217,2026-05-11 16:15:17.215292,0.043905,0.015000875,1.4258149,4.1949644,1.2490667,2.515085
218,2026-05-11 16:15:17.218281,0.043905,0.015000875,1.4258149,4.1949644,1.2490667,2.515085
219,2026-05-11 16:15:17.221103,0.043905,0.015000875,1.4258149,4.1949644,1.2490667,2.515085
220,2026-05-11 16:15:17.223710,0.043905,0.015000875,1.4258149,4.1949644,1.2490667,2.515085
221,2026-05-11 16:15:17.226316,0.043905,0.015000875,1.4258149,4.1949644,1.2490667,2.515085
222,2026-05-11 16:15:17.228936,0.043905,0.015000875,1.4258149,4.1949644,1.2490667,2.515085
223,2026-05-11 16:15:17.231532,0.043905,0.015000875,1.4258149,4.1949644,1.2490667,2.515085
224,2026-05-11 16:15:17.234516,0.043905,0.015000875,1.4258149,4.1949644,1.2490667,2.515085
225,2026-05-11 16:15:17.237745,0.043905,0.015000875,1.4258149,4.1949644,1.2490667,2.515085
226,2026-05-11 16:15:17.240380,0.043905,0.015000875,1.4258149,4.1949644,1.2490667,2.515085
227,2026-05-11 16:15:17.242994,0.043905,0.015000875,1.4258149,4.1949644,1.2490667,2.515085
228,2026-05-11 16:15:17.245661,0.043905,0.015000875,1.4258149,4.1949644,1.2490667,2.515085
229,2026-05-11 16:15:17.248250,0.043905,0.015000875,1.4258149,4.1949644,1.2490667,2.515085
230,2026-05-11 16:15:17.250958,0.043905,0.015000875,1.4258149,4.1949644,1.2490667,2.515085
231,2026-05-11 16:15:17.254529,0.043905,0.015000875,1.4258149,4.1949644,1.2490667,2.515085
232,2026-05-11 16:15:17.257192,0.043905,0.015000875,1.4258149,4.1949644,1.2490667,2.515085
233,2026-05-11 16:15:17.259950,0.043905,0.015000875,1.4258149,4.1949644,1.2490667,2.515085
234,2026-05-11 16:15:17.262657,0.043905,0.015000875,1.4258149,4.1949644,1.2490667,2.515085
235,2026-05-11 16:15:17.265446,0.15147226,0.016464375,1.328858,4.993976,1.2820535,2.1766655
236,2026-05-11 16:15:17.268486,0.15147226,0.016464375,1.328858,4.993976,1.2820535,2.1766655
237,2026-05-11 16:15:17.271195,0.15147226,0.016464375,1.328858,4.993976,1.2820535,2.1766655
238,2026-05-11 16:15:17.273756,0.15147226,0.016464375,1.328858,4.993976,1.2820535,2.1766655
239,2026-05-11 16:15:17.276484,0.15147226,0.016464375,1.328858,4.993976,1.2820535,2.1766655
240,2026-05-11 16:15:17.279027,0.15147226,0.016464375,1.328858,4.993976,1.2820535,2.1766655
241,2026-05-11 16:15:17.281712,0.15147226,0.016464375,1.328858,4.993976,1.2820535,2.1766655
242,2026-05-11 16:15:17.285257,0.23348923,-0.006341833,1.1076256,4.993976,1.2820535,2.1766655
243,2026-05-11 16:15:17.287948,0.23348923,-0.006341833,1.1076256,4.993976,1.2820535,2.1766655
244,2026-05-11 16:15:17.290556,0.23348923,-0.006341833,1.1076256,4.993976,1.2820535,2.1766655
245,2026-05-11 16:15:17.293112,0.23348923,-0.006341833,1.1076256,4.993976,1.2820535,2.1766655
246,2026-05-11 16:15:17.295836,0.23348923,-0.006341833,1.1076256,4.993976,1.2820535,2.1766655
247,2026-05-11 16:15:17.298448,0.23348923,-0.006341833,1.1076256,4.993976,1.2820535,2.1766655
248,2026-05-11 16:15:17.301610,0.23348923,-0.006341833,1.1076256,4.993976,1.2820535,2.1766655
249,2026-05-11 16:15:17.304499,0.23348923,-0.006341833,1.1076256,4.993976,1.2820535,2.1766655
250,2026-05-11 16:15:17.307083,0.23348923,-0.006341833,1.1076256,4.993976,1.2820535,2.1766655
251,2026-05-11 16:15:17.309666,0.23348923,-0.006341833,1.1076256,4.993976,1.2820535,2.1766655
252,2026-05-11 16:15:17.312251,0.23348923,-0.006341833,1.1076256,4.993976,1.2820535,2.1766655
253,2026-05-11 16:15:17.314828,0.23348923,-0.006341833,1.1076256,4.993976,1.2820535,2.1766655
254,2026-05-11 16:15:17.318069,0.23348923,-0.006341833,1.1076256,4.993976,1.2820535,2.1766655
255,2026-05-11 16:15:17.320981,0.073175006,-0.0032928751,0.15128931,5.031697,1.6224581,1.7475327
256,2026-05-11 16:15:17.323683,0.073175006,-0.0032928751,0.15128931,5.031697,1.6224581,1.7475327
257,2026-05-11 16:15:17.326296,0.073175006,-0.0032928751,0.15128931,5.031697,1.6224581,1.7475327
258,2026-05-11 16:15:17.329290,0.073175006,-0.0032928751,0.15128931,5.031697,1.6224581,1.7475327
259,2026-05-11 16:15:17.332123,0.073175006,-0.0032928751,0.15128931,5.031697,1.6224581,1.7475327
260,2026-05-11 16:15:17.335471,0.073175006,-0.0032928751,0.15128931,5.031697,1.6224581,1.7475327
261,2026-05-11 16:15:17.338319,0.073175006,-0.0032928751,0.15128931,5.031697,1.6224581,1.7475327
262,2026-05-11 16:15:17.340976,0.073175006,-0.0032928751,0.15128931,5.031697,1.6224581,1.7475327
263,2026-05-11 16:15:17.343545,0.073175006,-0.0032928751,0.15128931,5.031697,1.6224581,1.7475327
264,2026-05-11 16:15:17.346383,0.073175006,-0.0032928751,0.15128931,5.031697,1.6224581,1.7475327
265,2026-05-11 16:15:17.349400,0.073175006,-0.0032928751,0.15128931,4.6120324,1.5804611,1.738217
266,2026-05-11 16:15:17.352355,0.073175006,-0.0032928751,0.15128931,4.6120324,1.5804611,1.738217
267,2026-05-11 16:15:17.355005,0.073175006,-0.0032928751,0.15128931,4.6120324,1.5804611,1.738217
268,2026-05-11 16:15:17.357594,0.073175006,-0.0032928751,0.15128931,4.6120324,1.5804611,1.738217
269,2026-05-11 16:15:17.360173,0.073175006,-0.0032928751,0.15128931,4.6120324,1.5804611,1.738217
270,2026-05-11 16:15:17.362994,0.073175006,-0.0032928751,0.15128931,4.6120324,1.5804611,1.738217
271,2026-05-11 16:15:17.366104,0.073175006,-0.0032928751,0.15128931,4.6120324,1.5804611,1.738217
272,2026-05-11 16:15:17.369042,0.073175006,-0.0032928751,0.15128931,4.6120324,1.5804611,1.738217
273,2026-05-11 16:15:17.371816,0.073175006,-0.0032928751,0.15128931,4.6120324,1.5804611,1.738217
274,2026-05-11 16:15:17.374491,0.073175006,-0.0032928751,0.15128931,4.6120324,1.5804611,1.738217
275,2026-05-11 16:15:17.377048,0.073175006,-0.0032928751,0.15128931,4.6120324,1.5804611,1.738217
276,2026-05-11 16:15:17.379749,0.073175006,-0.0032928751,0.15128931,4.6120324,1.5804611,1.738217
277,2026-05-11 16:15:17.382762,0.073175006,-0.0032928751,0.15128931,4.6120324,1.5804611,1.738217
278,2026-05-11 16:15:17.385676,0.011281146,-0.008354146,-0.10360361,4.6120324,1.5804611,1.738217
279,2026-05-11 16:15:17.388234,0.011281146,-0.008354146,-0.10360361,4.6120324,1.5804611,1.738217
280,2026-05-11 16:15:17.390760,0.011281146,-0.008354146,-0.10360361,4.6120324,1.5804611,1.738217
281,2026-05-11 16:15:17.393514,0.011281146,-0.008354146,-0.10360361,4.6120324,1.5804611,1.738217
282,2026-05-11 16:15:17.396126,0.011281146,-0.008354146,-0.10360361,4.6120324,1.5804611,1.738217
283,2026-05-11 16:15:17.399184,0.0064028124,0.010183521,-0.31684774,4.6120324,1.5804611,1.738217
284,2026-05-11 16:15:17.402056,0.0064028124,0.010183521,-0.31684774,4.6120324,1.5804611,1.738217
285,2026-05-11 16:15:17.404644,0.0064028124,0.010183521,-0.31684774,4.6120324,1.5804611,1.738217
286,2026-05-11 16:15:17.407349,0.0064028124,0.010183521,-0.31684774,4.6120324,1.5804611,1.738217
287,2026-05-11 16:15:17.409954,0.0064028124,0.010183521,-0.31684774,4.6120324,1.5804611,1.738217
288,2026-05-11 16:15:17.412526,0.0064028124,0.010183521,-0.31684774,4.6120324,1.5804611,1.738217
289,2026-05-11 16:15:17.415082,0.0064028124,0.010183521,-0.31684774,4.6120324,1.5804611,1.738217
290,2026-05-11 16:15:17.418282,0.0064028124,0.010183521,-0.31684774,4.6120324,1.5804611,1.738217
291,2026-05-11 16:15:17.420916,0.0064028124,0.010183521,-0.31684774,4.6120324,1.5804611,1.738217
292,2026-05-11 16:15:17.423570,0.0064028124,0.010183521,-0.31684774,4.6120324,1.5804611,1.738217
293,2026-05-11 16:15:17.426263,0.0064028124,0.010183521,-0.31684774,4.6120324,1.5804611,1.738217
294,2026-05-11 16:15:17.428977,0.0064028124,0.010183521,-0.31684774,4.6120324,1.5804611,1.738217
295,2026-05-11 16:15:17.431806,0.0064028124,0.010183521,-0.31684774,4.6120324,1.5804611,1.738217
296,2026-05-11 16:15:17.434863,0.0064028124,0.010183521,-0.31684774,4.6120324,1.5804611,1.738217
297,2026-05-11 16:15:17.437536,0.0064028124,0.010183521,-0.31684774,4.6120324,1.5804611,1.738217
298,2026-05-11 16:15:17.440107,0.0064028124,0.010183521,-0.31684774,4.6120324,1.5804611,1.738217
299,2026-05-11 16:15:17.442782,0.0064028124,0.010183521,-0.31684774,4.6120324,1.5804611,1.738217
300,2026-05-11 16:15:17.445303,0.0064028124,0.010183521,-0.31684774,4.6120324,1.5804611,1.738217
301,2026-05-11 16:15:17.447831,0.0064028124,0.010183521,-0.31684774,4.6120324,1.5804611,1.738217
302,2026-05-11 16:15:17.450824,0.0064028124,0.010183521,-0.31684774,4.6120324,1.5804611,1.738217
303,2026-05-11 16:15:17.453480,0.0064028124,0.010183521,-0.31684774,4.6120324,1.5804611,1.738217
304,2026-05-11 16:15:17.456043,0.0064028124,0.010183521,-0.31684774,4.6120324,1.5804611,1.738217
305,2026-05-11 16:15:17.458798,0.0064028124,0.010183521,-0.31684774,4.6120324,1.5804611,1.738217
306,2026-05-11 16:15:17.461389,0.0064028124,0.010183521,-0.31684774,4.6120324,1.5804611,1.738217
307,2026-05-11 16:15:17.463944,0.0064028124,0.010183521,-0.31684774,4.6120324,1.5804611,1.738217
308,2026-05-11 16:15:17.467048,0.0064028124,0.010183521,-0.31684774,4.6120324,1.5804611,1.738217
309,2026-05-11 16:15:17.469708,0.0064028124,0.010183521,-0.31684774,4.6120324,1.5804611,1.738217
310,2026-05-11 16:15:17.472289,0.0064028124,0.010183521,-0.31684774,4.6120324,1.5804611,1.738217
311,2026-05-11 16:15:17.474849,0.0064028124,0.010183521,-0.31684774,4.6120324,1.5804611,1.738217
312,2026-05-11 16:15:17.477453,0.0064028124,0.010183521,-0.31684774,4.0278926,1.3962852,1.7595973
313,2026-05-11 16:15:17.480079,0.0064028124,0.010183521,-0.31684774,4.0278926,1.3962852,1.7595973
314,2026-05-11 16:15:17.483233,0.0064028124,0.010183521,-0.31684774,4.0278926,1.3962852,1.7595973
315,2026-05-11 16:15:17.486022,0.0064028124,0.010183521,-0.31684774,4.0278926,1.3962852,1.7595973
316,2026-05-11 16:15:17.488728,0.0064028124,0.010183521,-0.31684774,4.0278926,1.3962852,1.7595973
317,2026-05-11 16:15:17.491403,0.0064028124,0.010183521,-0.31684774,4.0278926,1.3962852,1.7595973
318,2026-05-11 16:15:17.493980,0.0064028124,0.010183521,-0.31684774,4.0278926,1.3962852,1.7595973
319,2026-05-11 16:15:17.496630,0.0064028124,0.010183521,-0.31684774,4.0278926,1.3962852,1.7595973
320,2026-05-11 16:15:17.499411,0.0064028124,0.010183521,-0.31684774,4.0278926,1.3962852,1.7595973
321,2026-05-11 16:15:17.502263,0.0064028124,0.010183521,-0.31684774,4.0278926,1.3962852,1.7595973
322,2026-05-11 16:15:17.505075,0.0064028124,0.010183521,-0.31684774,4.0278926,1.3962852,1.7595973
323,2026-05-11 16:15:17.507693,0.0064028124,0.010183521,-0.31684774,4.0278926,1.3962852,1.7595973
324,2026-05-11 16:15:17.510367,0.0064028124,0.010183521,-0.31684774,4.0278926,1.3962852,1.7595973
325,2026-05-11 16:15:17.512940,0.0064028124,0.010183521,-0.31684774,4.0278926,1.3962852,1.7595973
326,2026-05-11 16:15:17.516022,0.0064028124,0.010183521,-0.31684774,4.0278926,1.3962852,1.7595973
327,2026-05-11 16:15:17.518938,0.0064028124,0.010183521,-0.31684774,4.0278926,1.3962852,1.7595973
328,2026-05-11 16:15:17.521556,0.0064028124,0.010183521,-0.31684774,4.0278926,1.3962852,1.7595973
329,2026-05-11 16:15:17.524361,0.0064028124,0.010183521,-0.31684774,4.0278926,1.3962852,1.7595973
330,2026-05-11 16:15:17.526944,0.0064028124,0.010183521,-0.31684774,4.0278926,1.3962852,1.7595973
331,2026-05-11 16:15:17.529846,0.0064028124,0.010183521,-0.31684774,4.0278926,1.3962852,1.7595973
332,2026-05-11 16:15:17.532985,0.0064028124,0.010183521,-0.31684774,4.0278926,1.3962852,1.7595973
333,2026-05-11 16:15:17.535875,0.0064028124,0.010183521,-0.31684774,4.0278926,1.3962852,1.7595973
334,2026-05-11 16:15:17.538526,0.0064028124,0.010183521,-0.31684774,4.0278926,1.3962852,1.7595973
335,2026-05-11 16:15:17.541107,0.0064028124,0.010183521,-0.31684774,4.0278926,1.3962852,1.7595973
336,2026-05-11 16:15:17.543859,0.0064028124,0.010183521,-0.31684774,4.0278926,1.3962852,1.7595973
337,2026-05-11 16:15:17.546419,0.0064028124,0.010183521,-0.31684774,4.0278926,1.3962852,1.7595973
338,2026-05-11 16:15:17.549390,0.0064028124,0.010183521,-0.31684774,4.0278926,1.3962852,1.7595973
339,2026-05-11 16:15:17.578249,0.38538834,-0.27245492,-0.83120704,1.264033,-1.745242,2.6907086
340,2026-05-11 16:15:17.585221,0.46716142,-0.28702894,-0.7262009,0.018784106,-1.8542814,2.844952
341,2026-05-11 16:15:17.591045,0.46716142,-0.28702894,-0.7262009,0.018784106,-1.8542814,2.844952
342,2026-05-11 16:15:17.594115,0.46716142,-0.28702894,-0.7262009,0.018784106,-1.8542814,2.844952
343,2026-05-11 16:15:17.596831,0.46716142,-0.28702894,-0.7262009,0.018784106,-1.8542814,2.844952
344,2026-05-11 16:15:17.600024,0.46716142,-0.28702894,-0.7262009,0.018784106,-1.8542814,2.844952
345,2026-05-11 16:15:17.603021,0.46716142,-0.28702894,-0.7262009,0.018784106,-1.8542814,2.844952
346,2026-05-11 16:15:17.605826,0.46716142,-0.28702894,-0.7262009,0.018784106,-1.8542814,2.844952
347,2026-05-11 16:15:17.608439,0.46716142,-0.28702894,-0.7262009,0.018784106,-1.8542814,2.844952
348,2026-05-11 16:15:17.611320,0.46716142,-0.28702894,-0.7262009,0.018784106,-1.8542814,2.844952
349,2026-05-11 16:15:17.613913,0.46716142,-0.28702894,-0.7262009,0.018784106,-1.8542814,2.844952
350,2026-05-11 16:15:17.616952,0.46716142,-0.28702894,-0.7262009,0.018784106,-1.8542814,2.844952
351,2026-05-11 16:15:17.619615,0.46716142,-0.28702894,-0.7262009,0.018784106,-1.8542814,2.844952
352,2026-05-11 16:15:17.622195,0.46716142,-0.28702894,-0.7262009,0.018784106,-1.8542814,2.844952
353,2026-05-11 16:15:17.624704,0.46716142,-0.28702894,-0.7262009,0.018784106,-1.8542814,2.844952
354,2026-05-11 16:15:17.627495,0.46716142,-0.28702894,-0.7262009,0.018784106,-1.8542814,2.844952
355,2026-05-11 16:15:17.630055,0.46716142,-0.28702894,-0.7262009,0.018784106,-1.8542814,2.844952
356,2026-05-11 16:15:17.633199,0.46716142,-0.28702894,-0.7262009,0.018784106,-1.8542814,2.844952
357,2026-05-11 16:15:17.636118,0.46716142,-0.28702894,-0.7262009,0.018784106,-1.8542814,2.844952
358,2026-05-11 16:15:17.638742,0.46716142,-0.28702894,-0.7262009,0.018784106,-1.8542814,2.844952
359,2026-05-11 16:15:17.641585,0.46716142,-0.28702894,-0.7262009,0.018784106,-1.8542814,2.844952
360,2026-05-11 16:15:17.644287,0.46716142,-0.28702894,-0.7262009,0.018784106,-1.8542814,2.844952
361,2026-05-11 16:15:17.646927,0.46716142,-0.28702894,-0.7262009,0.018784106,-1.8542814,2.844952
362,2026-05-11 16:15:17.649897,0.46716142,-0.28702894,-0.7262009,0.018784106,-1.8542814,2.844952
363,2026-05-11 16:15:17.652745,0.46716142,-0.28702894,-0.7262009,0.018784106,-1.8542814,2.844952
364,2026-05-11 16:15:17.655371,0.46716142,-0.28702894,-0.7262009,-0.5558874,-1.9417878,2.9686525
365,2026-05-11 16:15:17.658102,0.46716142,-0.28702894,-0.7262009,-0.5558874,-1.9417878,2.9686525
366,2026-05-11 16:15:17.660834,0.50039506,-0.32190904,-0.5372875,-0.5558874,-1.9417878,2.9686525
367,2026-05-11 16:15:17.663599,0.50039506,-0.32190904,-0.5372875,-0.5558874,-1.9417878,2.9686525
368,2026-05-11 16:15:17.666776,0.50039506,-0.32190904,-0.5372875,-0.5558874,-1.9417878,2.9686525
369,2026-05-11 16:15:17.669602,0.50039506,-0.32190904,-0.5372875,-0.5558874,-1.9417878,2.9686525
370,2026-05-11 16:15:17.672224,0.50039506,-0.32190904,-0.5372875,-0.5558874,-1.9417878,2.9686525
371,2026-05-11 16:15:17.674940,0.50039506,-0.32190904,-0.5372875,-0.5558874,-1.9417878,2.9686525
372,2026-05-11 16:15:17.677521,0.50039506,-0.32190904,-0.5372875,-0.5558874,-1.9417878,2.9686525
373,2026-05-11 16:15:17.680195,0.50039506,-0.32190904,-0.5372875,-0.5558874,-1.9417878,2.9686525
374,2026-05-11 16:15:17.683406,0.50039506,-0.32190904,-0.5372875,-0.5558874,-1.9417878,2.9686525
375,2026-05-11 16:15:17.686189,0.50039506,-0.32190904,-0.5372875,-0.5558874,-1.9417878,2.9686525
376,2026-05-11 16:15:17.688885,0.50039506,-0.32190904,-0.5372875,-0.5558874,-1.9417878,2.9686525
377,2026-05-11 16:15:17.691623,0.50039506,-0.32190904,-0.5372875,-0.5558874,-1.9417878,2.9686525
378,2026-05-11 16:15:17.694222,0.50039506,-0.32190904,-0.5372875,-0.5558874,-1.9417878,2.9686525
379,2026-05-11 16:15:17.696927,0.50039506,-0.32190904,-0.5372875,-0.5558874,-1.9417878,2.9686525
380,2026-05-11 16:15:17.699911,0.51417637,-0.33319017,-0.368802,-0.6649268,-2.0532708,3.0557008
381,2026-05-11 16:15:17.702792,0.51417637,-0.33319017,-0.368802,-0.6649268,-2.0532708,3.0557008
382,2026-05-11 16:15:17.705390,0.51417637,-0.33319017,-0.368802,-0.6649268,-2.0532708,3.0557008
383,2026-05-11 16:15:17.708106,0.51417637,-0.33319017,-0.368802,-0.6649268,-2.0532708,3.0557008
384,2026-05-11 16:15:17.710668,0.51417637,-0.33319017,-0.368802,-0.6649268,-2.0532708,3.0557008
385,2026-05-11 16:15:17.713368,0.51417637,-0.33319017,-0.368802,-0.6649268,-2.0532708,3.0557008
386,2026-05-11 16:15:17.716351,0.51417637,-0.33319017,-0.368802,-0.6649268,-2.0532708,3.0557008
387,2026-05-11 16:15:17.719201,0.51417637,-0.33319017,-0.368802,-0.6649268,-2.0532708,3.0557008
388,2026-05-11 16:15:17.721803,0.51417637,-0.33319017,-0.368802,-0.6649268,-2.0532708,3.0557008
389,2026-05-11 16:15:17.724348,0.51417637,-0.33319017,-0.368802,-0.6649268,-2.0532708,3.0557008
390,2026-05-11 16:15:17.727035,0.51417637,-0.33319017,-0.368802,-0.6649268,-2.0532708,3.0557008
391,2026-05-11 16:15:17.729564,0.51417637,-0.33319017,-0.368802,-0.6649268,-2.0532708,3.0557008
392,2026-05-11 16:15:17.732823,0.51417637,-0.33319017,-0.368802,-0.6649268,-2.0532708,3.0557008
393,2026-05-11 16:15:17.735622,0.51417637,-0.33319017,-0.368802,-0.6649268,-2.0532708,3.0557008
394,2026-05-11 16:15:17.738290,0.51417637,-0.33319017,-0.368802,-0.6649268,-2.0532708,3.0557008
395,2026-05-11 16:15:17.740859,0.51417637,-0.33319017,-0.368802,-0.6649268,-2.0532708,3.0557008
396,2026-05-11 16:15:17.743565,0.51417637,-0.33319017,-0.368802,-0.6649268,-2.0532708,3.0557008
397,2026-05-11 16:15:17.746132,0.51417637,-0.33319017,-0.368802,-0.6649268,-2.0532708,3.0557008
398,2026-05-11 16:15:17.749239,0.51417637,-0.33319017,-0.368802,-0.6649268,-2.0532708,3.0557008
399,2026-05-11 16:15:17.752244,0.51417637,-0.33319017,-0.368802,-0.6649268,-2.0532708,3.0557008
400,2026-05-11 16:15:17.754988,0.51417637,-0.33319017,-0.368802,-0.6649268,-2.0532708,3.0557008
401,2026-05-11 16:15:17.757738,0.51417637,-0.33319017,-0.368802,-0.6649268,-2.0532708,3.0557008
402,2026-05-11 16:15:17.760313,0.51417637,-0.33319017,-0.368802,-0.6649268,-2.0532708,3.0557008
403,2026-05-11 16:15:17.762951,0.51417637,-0.33319017,-0.368802,-0.6649268,-2.0532708,3.0557008
404,2026-05-11 16:15:17.766077,0.51417637,-0.33319017,-0.368802,-0.6649268,-2.0532708,3.0557008
405,2026-05-11 16:15:17.769063,0.51417637,-0.33319017,-0.368802,-0.6649268,-2.0532708,3.0557008
406,2026-05-11 16:15:17.771644,0.51417637,-0.33319017,-0.368802,-0.6649268,-2.0532708,3.0557008
407,2026-05-11 16:15:17.774467,0.51417637,-0.33319017,-0.368802,-0.6649268,-2.0532708,3.0557008
408,2026-05-11 16:15:17.777076,0.51417637,-0.33319017,-0.368802,-0.6649268,-2.0532708,3.0557008
409,2026-05-11 16:15:17.779803,0.51417637,-0.33319017,-0.368802,-0.6649268,-2.0532708,3.0557008
410,2026-05-11 16:15:17.782935,0.51417637,-0.33319017,-0.368802,-0.6649268,-2.0532708,3.0557008
411,2026-05-11 16:15:17.785915,0.51417637,-0.33319017,-0.368802,-0.6649268,-2.0532708,3.0557008
412,2026-05-11 16:15:17.788526,0.51417637,-0.33319017,-0.368802,-0.6649268,-2.0532708,3.0557008
413,2026-05-11 16:15:17.791099,0.51417637,-0.33319017,-0.368802,-0.6649268,-2.0532708,3.0557008
414,2026-05-11 16:15:17.793893,0.51417637,-0.33319017,-0.368802,-0.6649268,-2.0532708,3.0557008
415,2026-05-11 16:15:17.796484,0.51417637,-0.33319017,-0.368802,-0.6649268,-2.0532708,3.0557008
416,2026-05-11 16:15:17.799400,0.51417637,-0.33319017,-0.368802,-0.6649268,-2.0532708,3.0557008
417,2026-05-11 16:15:17.802257,0.51417637,-0.33319017,-0.368802,-0.6649268,-2.0532708,3.0557008
418,2026-05-11 16:15:17.804820,0.51417637,-0.33319017,-0.368802,-0.6649268,-2.0532708,3.0557008
419,2026-05-11 16:15:17.807372,0.51417637,-0.33319017,-0.368802,-0.6649268,-2.0532708,3.0557008
420,2026-05-11 16:15:17.810061,0.51417637,-0.33319017,-0.368802,-0.6649268,-2.0532708,3.0557008
421,2026-05-11 16:15:17.812641,0.51417637,-0.33319017,-0.368802,-0.6649268,-2.0532708,3.0557008
422,2026-05-11 16:15:17.815214,0.51417637,-0.33319017,-0.368802,-0.6649268,-2.0532708,3.0557008
423,2026-05-11 16:15:17.818428,0.550398,-0.36593598,-0.20031658,-0.6649268,-2.0532708,3.0557008
424,2026-05-11 16:15:17.821044,0.550398,-0.36593598,-0.20031658,-0.6649268,-2.0532708,3.0557008
425,2026-05-11 16:15:17.823803,0.550398,-0.36593598,-0.20031658,-0.6649268,-2.0532708,3.0557008
426,2026-05-11 16:15:17.826400,0.550398,-0.36593598,-0.20031658,-0.6649268,-2.0532708,3.0557008
427,2026-05-11 16:15:17.829139,0.550398,-0.36593598,-0.20031658,-0.6649268,-2.0532708,3.0557008
428,2026-05-11 16:15:17.831782,0.550398,-0.36593598,-0.20031658,-0.6649268,-2.0532708,3.0557008
429,2026-05-11 16:15:17.834963,0.550398,-0.36593598,-0.20031658,-0.6649268,-2.0532708,3.0557008
430,2026-05-11 16:15:17.837592,0.550398,-0.36593598,-0.20031658,-0.6649268,-2.0532708,3.0557008
431,2026-05-11 16:15:17.840272,0.550398,-0.36593598,-0.20031658,-0.6649268,-2.0532708,3.0557008
432,2026-05-11 16:15:17.842922,0.550398,-0.36593598,-0.20031658,-0.6649268,-2.0532708,3.0557008
433,2026-05-11 16:15:17.845655,0.550398,-0.36593598,-0.20031658,-0.6649268,-2.0532708,3.0557008
434,2026-05-11 16:15:17.848286,0.550398,-0.36593598,-0.20031658,-0.6649268,-2.0532708,3.0557008
435,2026-05-11 16:15:17.851505,0.550398,-0.36593598,-0.20031658,-0.6649268,-2.0532708,3.0557008
436,2026-05-11 16:15:17.854213,0.550398,-0.36593598,-0.20031658,-0.6649268,-2.0532708,3.0557008
437,2026-05-11 16:15:17.856789,0.550398,-0.36593598,-0.20031658,-0.6649268,-2.0532708,3.0557008
438,2026-05-11 16:15:17.859409,0.550398,-0.36593598,-0.20031658,-0.6649268,-2.0532708,3.0557008
439,2026-05-11 16:15:17.862081,0.550398,-0.36593598,-0.20031658,-0.6649268,-2.0532708,3.0557008
440,2026-05-11 16:15:17.864638,0.550398,-0.36593598,-0.20031658,-0.6649268,-2.0532708,3.0557008
441,2026-05-11 16:15:17.867792,0.550398,-0.36593598,-0.20031658,-0.6649268,-2.0532708,3.0557008
442,2026-05-11 16:15:17.870577,0.550398,-0.36593598,-0.20031658,-0.6649268,-2.0532708,3.0557008
443,2026-05-11 16:15:17.873200,0.550398,-0.36593598,-0.20031658,-0.6649268,-2.0532708,3.0557008
444,2026-05-11 16:15:17.875808,0.550398,-0.36593598,-0.20031658,-0.6649268,-2.0532708,3.0557008
445,2026-05-11 16:15:17.878431,0.550398,-0.36593598,-0.20031658,-0.6649268,-2.0532708,3.0557008
446,2026-05-11 16:15:17.880990,0.550398,-0.36593598,-0.20031658,-0.6649268,-2.0532708,3.0557008
447,2026-05-11 16:15:17.884170,0.550398,-0.36593598,-0.20031658,-0.6649268,-2.0532708,3.0557008
448,2026-05-11 16:15:17.886831,0.550398,-0.36593598,-0.20031658,-0.6649268,-2.0532708,3.0557008
449,2026-05-11 16:15:17.889444,0.550398,-0.36593598,-0.20031658,-0.6649268,-2.0532708,3.0557008
450,2026-05-11 16:15:17.892167,0.5923516,-0.37813184,-0.1972676,-0.6047566,-2.3603833,3.264922
451,2026-05-11 16:15:17.894754,0.5923516,-0.37813184,-0.1972676,-0.6047566,-2.3603833,3.264922
452,2026-05-11 16:15:17.897572,0.5923516,-0.37813184,-0.1972676,-0.6047566,-2.3603833,3.264922
453,2026-05-11 16:15:17.900669,0.5923516,-0.37813184,-0.1972676,-0.6047566,-2.3603833,3.264922
454,2026-05-11 16:15:17.903487,0.5923516,-0.37813184,-0.1972676,-0.6047566,-2.3603833,3.264922
455,2026-05-11 16:15:17.906092,0.5923516,-0.37813184,-0.1972676,-0.6047566,-2.3603833,3.264922
456,2026-05-11 16:15:17.908719,0.5923516,-0.37813184,-0.1972676,-0.6047566,-2.3603833,3.264922
457,2026-05-11 16:15:17.911302,0.5923516,-0.37813184,-0.1972676,-0.6047566,-2.3603833,3.264922
458,2026-05-11 16:15:17.913861,0.5923516,-0.37813184,-0.1972676,-0.6047566,-2.3603833,3.264922
459,2026-05-11 16:15:17.916762,0.5923516,-0.37813184,-0.1972676,-0.6047566,-2.3603833,3.264922
460,2026-05-11 16:15:17.919394,0.5923516,-0.37813184,-0.1972676,-0.6047566,-2.3603833,3.264922
461,2026-05-11 16:15:17.921962,0.5923516,-0.37813184,-0.1972676,-0.6047566,-2.3603833,3.264922
462,2026-05-11 16:15:17.924752,0.5923516,-0.37813184,-0.1972676,-0.6047566,-2.3603833,3.264922
463,2026-05-11 16:15:17.927514,0.5923516,-0.37813184,-0.1972676,-0.6047566,-2.3603833,3.264922
464,2026-05-11 16:15:17.930129,0.5923516,-0.37813184,-0.1972676,-0.6047566,-2.3603833,3.264922
465,2026-05-11 16:15:17.933309,0.5923516,-0.37813184,-0.1972676,-0.6047566,-2.3603833,3.264922
466,2026-05-11 16:15:17.936062,0.5923516,-0.37813184,-0.1972676,-0.45860708,-2.6284003,3.5124753
467,2026-05-11 16:15:17.938666,0.5923516,-0.37813184,-0.1972676,-0.45860708,-2.6284003,3.5124753
468,2026-05-11 16:15:17.941371,0.5923516,-0.37813184,-0.1972676,-0.45860708,-2.6284003,3.5124753
469,2026-05-11 16:15:17.943958,0.5923516,-0.37813184,-0.1972676,-0.45860708,-2.6284003,3.5124753
470,2026-05-11 16:15:17.946546,0.5923516,-0.37813184,-0.1972676,-0.45860708,-2.6284003,3.5124753
471,2026-05-11 16:15:17.949405,0.5923516,-0.37813184,-0.1972676,-0.45860708,-2.6284003,3.5124753
472,2026-05-11 16:15:17.952388,0.5923516,-0.37813184,-0.1972676,-0.45860708,-2.6284003,3.5124753
473,2026-05-11 16:15:17.955017,0.5923516,-0.37813184,-0.1972676,-0.45860708,-2.6284003,3.5124753
474,2026-05-11 16:15:17.957705,0.5923516,-0.37813184,-0.1972676,-0.45860708,-2.6284003,3.5124753
475,2026-05-11 16:15:17.960353,0.5923516,-0.37813184,-0.1972676,-0.45860708,-2.6284003,3.5124753
476,2026-05-11 16:15:17.962919,0.5923516,-0.37813184,-0.1972676,-0.45860708,-2.6284003,3.5124753
477,2026-05-11 16:15:17.965952,0.5923516,-0.37813184,-0.1972676,-0.45860708,-2.6284003,3.5124753
478,2026-05-11 16:15:17.968629,0.5923516,-0.37813184,-0.1972676,-0.45860708,-2.6284003,3.5124753
479,2026-05-11 16:15:17.971270,0.5923516,-0.37813184,-0.1972676,-0.45860708,-2.6284003,3.5124753
480,2026-05-11 16:15:17.974042,0.5923516,-0.37813184,-0.1972676,-0.45860708,-2.6284003,3.5124753
481,2026-05-11 16:15:17.976817,0.5923516,-0.37813184,-0.1972676,-0.45860708,-2.6284003,3.5124753
482,2026-05-11 16:15:17.979400,0.5923516,-0.37813184,-0.1972676,-0.45860708,-2.6284003,3.5124753
483,2026-05-11 16:15:17.982060,0.5923516,-0.37813184,-0.1972676,-0.45860708,-2.6284003,3.5124753
484,2026-05-11 16:15:17.985504,0.5923516,-0.37813184,-0.1972676,-0.45860708,-2.6284003,3.5124753
485,2026-05-11 16:15:17.988070,0.5923516,-0.37813184,-0.1972676,-0.45860708,-2.6284003,3.5124753
486,2026-05-11 16:15:17.990887,0.5923516,-0.37813184,-0.1972676,-0.45860708,-2.6284003,3.5124753
487,2026-05-11 16:15:17.993665,0.5923516,-0.37813184,-0.1972676,-0.45860708,-2.6284003,3.5124753
488,2026-05-11 16:15:17.996324,0.5923516,-0.37813184,-0.1972676,-0.45860708,-2.6284003,3.5124753
489,2026-05-11 16:15:17.999282,0.5923516,-0.37813184,-0.1972676,-0.45860708,-2.6284003,3.5124753
490,2026-05-11 16:15:18.002373,0.5923516,-0.37813184,-0.1972676,-0.45860708,-2.6284003,3.5124753
491,2026-05-11 16:15:18.005067,0.64076906,-0.41203624,-0.21952501,-0.45860708,-2.6284003,3.5124753
492,2026-05-11 16:15:18.007728,0.64076906,-0.41203624,-0.21952501,-0.45860708,-2.6284003,3.5124753
493,2026-05-11 16:15:18.010372,0.64076906,-0.41203624,-0.21952501,-0.45860708,-2.6284003,3.5124753
494,2026-05-11 16:15:18.013166,0.64076906,-0.41203624,-0.21952501,-0.45860708,-2.6284003,3.5124753
495,2026-05-11 16:15:18.016205,0.64076906,-0.41203624,-0.21952501,-0.4280638,-2.734691,3.707952
496,2026-05-11 16:15:18.019000,0.64076906,-0.41203624,-0.21952501,-0.4280638,-2.734691,3.707952
497,2026-05-11 16:15:18.021584,0.64076906,-0.41203624,-0.21952501,-0.4280638,-2.734691,3.707952
498,2026-05-11 16:15:18.024386,0.64076906,-0.41203624,-0.21952501,-0.4280638,-2.734691,3.707952
499,2026-05-11 16:15:18.026948,0.64076906,-0.41203624,-0.21952501,-0.4280638,-2.734691,3.707952
500,2026-05-11 16:15:18.029586,0.64076906,-0.41203624,-0.21952501,-0.4280638,-2.734691,3.707952
501,2026-05-11 16:15:18.032530,0.64076906,-0.41203624,-0.21952501,-0.4280638,-2.734691,3.707952
502,2026-05-11 16:15:18.035440,0.64076906,-0.41203624,-0.21952501,-0.4280638,-2.734691,3.707952
503,2026-05-11 16:15:18.038150,0.64076906,-0.41203624,-0.21952501,-0.4280638,-2.734691,3.707952
504,2026-05-11 16:15:18.040742,0.64076906,-0.41203624,-0.21952501,-0.4280638,-2.734691,3.707952
505,2026-05-11 16:15:18.043363,0.64076906,-0.41203624,-0.21952501,-0.4280638,-2.734691,3.707952
506,2026-05-11 16:15:18.046185,0.64076906,-0.41203624,-0.21952501,-0.4280638,-2.734691,3.707952
507,2026-05-11 16:15:18.049250,0.64076906,-0.41203624,-0.21952501,-0.4280638,-2.734691,3.707952
508,2026-05-11 16:15:18.051965,0.64076906,-0.41203624,-0.21952501,-0.4280638,-2.734691,3.707952
509,2026-05-11 16:15:18.054546,0.64076906,-0.41203624,-0.21952501,-0.4280638,-2.734691,3.707952
510,2026-05-11 16:15:18.057143,0.64076906,-0.41203624,-0.21952501,-0.4280638,-2.734691,3.707952
511,2026-05-11 16:15:18.059735,0.64076906,-0.41203624,-0.21952501,-0.4280638,-2.734691,3.707952
512,2026-05-11 16:15:18.062494,0.64076906,-0.41203624,-0.21952501,-0.4280638,-2.734691,3.707952
513,2026-05-11 16:15:18.065097,0.64076906,-0.41203624,-0.21952501,-0.4280638,-2.734691,3.707952
514,2026-05-11 16:15:18.068242,0.64076906,-0.41203624,-0.21952501,-0.4280638,-2.734691,3.707952
515,2026-05-11 16:15:18.071014,0.64076906,-0.41203624,-0.21952501,-0.48716503,-2.8069258,3.9845214
516,2026-05-11 16:15:18.073690,0.7145539,-0.4198416,-0.26739365,-0.55680364,-2.7931814,4.070348
517,2026-05-11 16:15:18.076382,0.7145539,-0.4198416,-0.26739365,-0.55680364,-2.7931814,4.070348
518,2026-05-11 16:15:18.078960,0.7145539,-0.4198416,-0.26739365,-0.55680364,-2.7931814,4.070348
519,2026-05-11 16:15:18.081787,0.7145539,-0.4198416,-0.26739365,-0.55680364,-2.7931814,4.070348
520,2026-05-11 16:15:18.084973,0.7145539,-0.4198416,-0.26739365,-0.55680364,-2.7931814,4.070348
521,2026-05-11 16:15:18.087705,0.7145539,-0.4198416,-0.26739365,-0.55680364,-2.7931814,4.070348
522,2026-05-11 16:15:18.090357,0.7145539,-0.4198416,-0.26739365,-0.55680364,-2.7931814,4.070348
523,2026-05-11 16:15:18.092952,0.7145539,-0.4198416,-0.26739365,-0.55680364,-2.7931814,4.070348
524,2026-05-11 16:15:18.095524,0.7145539,-0.4198416,-0.26739365,-0.55680364,-2.7931814,4.070348
525,2026-05-11 16:15:18.098060,0.7145539,-0.4198416,-0.26739365,-0.55680364,-2.7931814,4.070348
526,2026-05-11 16:15:18.101343,0.7145539,-0.4198416,-0.26739365,-0.55680364,-2.7931814,4.070348
527,2026-05-11 16:15:18.104030,0.7145539,-0.4198416,-0.26739365,-0.55680364,-2.7931814,4.070348
528,2026-05-11 16:15:18.106645,0.7145539,-0.4198416,-0.26739365,-0.55680364,-2.7931814,4.070348
529,2026-05-11 16:15:18.109262,0.78443605,-0.43215933,-0.30129808,-0.55680364,-2.7931814,4.070348
530,2026-05-11 16:15:18.111803,0.78443605,-0.43215933,-0.30129808,-0.55680364,-2.7931814,4.070348
531,2026-05-11 16:15:18.114580,1.0089613,-0.43752554,-0.32965338,-0.9289733,-2.6632197,4.2800274
532,2026-05-11 16:15:18.117524,1.0089613,-0.43752554,-0.32965338,-0.9289733,-2.6632197,4.2800274
533,2026-05-11 16:15:18.120182,1.0089613,-0.43752554,-0.32965338,-0.9289733,-2.6632197,4.2800274
534,2026-05-11 16:15:18.122998,1.0089613,-0.43752554,-0.32965338,-0.9289733,-2.6632197,4.2800274
535,2026-05-11 16:15:18.125630,1.0089613,-0.43752554,-0.32965338,-0.9289733,-2.6632197,4.2800274
536,2026-05-11 16:15:18.128246,1.0089613,-0.43752554,-0.32965338,-0.9289733,-2.6632197,4.2800274
537,2026-05-11 16:15:18.131155,1.0089613,-0.43752554,-0.32965338,-0.9289733,-2.6632197,4.2800274
538,2026-05-11 16:15:18.134274,1.0089613,-0.43752554,-0.32965338,-0.9289733,-2.6632197,4.2800274
539,2026-05-11 16:15:18.136951,1.0089613,-0.43752554,-0.32965338,-0.9289733,-2.6632197,4.2800274
540,2026-05-11 16:15:18.139696,1.2088511,-0.42734203,-0.24605095,-0.9289733,-2.6632197,4.2800274
541,2026-05-11 16:15:18.142335,1.2088511,-0.42734203,-0.24605095,-0.9289733,-2.6632197,4.2800274
542,2026-05-11 16:15:18.144955,1.2088511,-0.42734203,-0.24605095,-0.9289733,-2.6632197,4.2800274
543,2026-05-11 16:15:18.147755,1.2088511,-0.42734203,-0.24605095,-0.9289733,-2.6632197,4.2800274
544,2026-05-11 16:15:18.150836,1.2088511,-0.42734203,-0.24605095,-1.1537718,-2.666274,4.287816
545,2026-05-11 16:15:18.153646,1.2818431,-0.43770844,-0.17080265,-1.1134546,-2.9381092,4.2190933
546,2026-05-11 16:15:18.156438,1.2818431,-0.43770844,-0.17080265,-1.1134546,-2.9381092,4.2190933
547,2026-05-11 16:15:18.159021,1.2818431,-0.43770844,-0.17080265,-1.1134546,-2.9381092,4.2190933
548,2026-05-11 16:15:18.161770,1.2818431,-0.43770844,-0.17080265,-1.1134546,-2.9381092,4.2190933
549,2026-05-11 16:15:18.164317,1.2818431,-0.43770844,-0.17080265,-1.1134546,-2.9381092,4.2190933
550,2026-05-11 16:15:18.167325,1.2818431,-0.43770844,-0.17080265,-1.1134546,-2.9381092,4.2190933
551,2026-05-11 16:15:18.170074,1.2818431,-0.43770844,-0.17080265,-1.1134546,-2.9381092,4.2190933
552,2026-05-11 16:15:18.172651,1.2818431,-0.43770844,-0.17080265,-1.1134546,-2.9381092,4.2190933
553,2026-05-11 16:15:18.175274,1.3556279,-0.47063723,0.021708583,-0.74372846,-3.5659258,4.168086
554,2026-05-11 16:15:18.177917,1.3556279,-0.47063723,0.021708583,-0.74372846,-3.5659258,4.168086
555,2026-05-11 16:15:18.180454,1.3556279,-0.47063723,0.021708583,-0.74372846,-3.5659258,4.168086
556,2026-05-11 16:15:18.183503,1.3556279,-0.47063723,0.021708583,-0.74372846,-3.5659258,4.168086
557,2026-05-11 16:15:18.186240,1.3556279,-0.47063723,0.021708583,-0.74372846,-3.5659258,4.168086
558,2026-05-11 16:15:18.188805,1.3556279,-0.47063723,0.021708583,-0.74372846,-3.5659258,4.168086
559,2026-05-11 16:15:18.191343,1.3556279,-0.47063723,0.021708583,-0.74372846,-3.5659258,4.168086
560,2026-05-11 16:15:18.194012,1.3556279,-0.47063723,0.021708583,-0.74372846,-3.5659258,4.168086
561,2026-05-11 16:15:18.196669,1.3556279,-0.47063723,0.021708583,-0.74372846,-3.5659258,4.168086
562,2026-05-11 16:15:18.199531,1.3556279,-0.47063723,0.021708583,-0.74372846,-3.5659258,4.168086
563,2026-05-11 16:15:18.202170,1.3556279,-0.47063723,0.021708583,-0.74372846,-3.5659258,4.168086
564,2026-05-11 16:15:18.204831,1.3556279,-0.47063723,0.021708583,-0.74372846,-3.5659258,4.168086
565,2026-05-11 16:15:18.207396,1.3556279,-0.47063723,0.021708583,-0.74372846,-3.5659258,4.168086
566,2026-05-11 16:15:18.209965,1.3556279,-0.47063723,0.021708583,-0.74372846,-3.5659258,4.168086
567,2026-05-11 16:15:18.212613,1.3556279,-0.47063723,0.021708583,-0.74372846,-3.5659258,4.168086
568,2026-05-11 16:15:18.215460,1.3556279,-0.47063723,0.021708583,-0.74372846,-3.5659258,4.168086
569,2026-05-11 16:15:18.218097,1.3556279,-0.47063723,0.021708583,-0.74372846,-3.5659258,4.168086
570,2026-05-11 16:15:18.220737,1.3556279,-0.47063723,0.021708583,-0.74372846,-3.5659258,4.168086
571,2026-05-11 16:15:18.223291,1.3556279,-0.47063723,0.021708583,-0.74372846,-3.5659258,4.168086
572,2026-05-11 16:15:18.225799,1.3556279,-0.47063723,0.021708583,-0.74372846,-3.5659258,4.168086
573,2026-05-11 16:15:18.228536,1.3556279,-0.47063723,0.021708583,-0.74372846,-3.5659258,4.168086
574,2026-05-11 16:15:18.231118,1.3556279,-0.47063723,0.021708583,-0.74372846,-3.5659258,4.168086
575,2026-05-11 16:15:18.234257,1.3556279,-0.47063723,0.021708583,-0.74372846,-3.5659258,4.168086
576,2026-05-11 16:15:18.237049,1.3556279,-0.47063723,0.021708583,-0.74372846,-3.5659258,4.168086
577,2026-05-11 16:15:18.239832,1.3383098,-0.51655453,0.13250773,-0.74372846,-3.5659258,4.168086
578,2026-05-11 16:15:18.242546,1.3383098,-0.51655453,0.13250773,-0.74372846,-3.5659258,4.168086
579,2026-05-11 16:15:18.245299,1.3383098,-0.51655453,0.13250773,0.302531,-4.4538183,4.4197626
580,2026-05-11 16:15:18.248051,1.3383098,-0.51655453,0.13250773,0.302531,-4.4538183,4.4197626
581,2026-05-11 16:15:18.251013,1.3383098,-0.51655453,0.13250773,0.302531,-4.4538183,4.4197626
582,2026-05-11 16:15:18.253765,1.3180648,-0.55277616,0.030123709,0.302531,-4.4538183,4.4197626
583,2026-05-11 16:15:18.256505,1.3180648,-0.55277616,0.030123709,0.302531,-4.4538183,4.4197626
584,2026-05-11 16:15:18.259099,1.3180648,-0.55277616,0.030123709,0.302531,-4.4538183,4.4197626
585,2026-05-11 16:15:18.261727,1.3180648,-0.55277616,0.030123709,0.302531,-4.4538183,4.4197626
586,2026-05-11 16:15:18.264327,1.3180648,-0.55277616,0.030123709,0.302531,-4.4538183,4.4197626
587,2026-05-11 16:15:18.267574,1.3180648,-0.55277616,0.030123709,0.302531,-4.4538183,4.4197626
588,2026-05-11 16:15:18.270374,1.3180648,-0.55277616,0.030123709,0.302531,-4.4538183,4.4197626
589,2026-05-11 16:15:18.272957,1.3180648,-0.55277616,0.030123709,0.302531,-4.4538183,4.4197626
590,2026-05-11 16:15:18.275656,1.3539205,-0.56802094,-0.28093103,0.302531,-4.4538183,4.4197626
591,2026-05-11 16:15:18.278334,1.3539205,-0.56802094,-0.28093103,0.302531,-4.4538183,4.4197626
592,2026-05-11 16:15:18.280914,1.3539205,-0.56802094,-0.28093103,0.302531,-4.4538183,4.4197626
593,2026-05-11 16:15:18.283906,1.3539205,-0.56802094,-0.28093103,0.302531,-4.4538183,4.4197626
594,2026-05-11 16:15:18.286540,1.3539205,-0.56802094,-0.28093103,0.302531,-4.4538183,4.4197626
595,2026-05-11 16:15:18.289128,1.3539205,-0.56802094,-0.28093103,0.302531,-4.4538183,4.4197626
596,2026-05-11 16:15:18.291709,1.3539205,-0.56802094,-0.28093103,0.302531,-4.4538183,4.4197626
597,2026-05-11 16:15:18.294401,1.3539205,-0.56802094,-0.28093103,0.302531,-4.4538183,4.4197626
598,2026-05-11 16:15:18.297012,1.3539205,-0.56802094,-0.28093103,0.302531,-4.4538183,4.4197626
599,2026-05-11 16:15:18.300049,1.3539205,-0.56802094,-0.28093103,0.302531,-4.4538183,4.4197626
600,2026-05-11 16:15:18.302756,1.3539205,-0.56802094,-0.28093103,0.302531,-4.4538183,4.4197626
601,2026-05-11 16:15:18.305381,1.3539205,-0.56802094,-0.28093103,0.302531,-4.4538183,4.4197626
602,2026-05-11 16:15:18.308090,1.3539205,-0.56802094,-0.28093103,0.302531,-4.4538183,4.4197626
603,2026-05-11 16:15:18.310686,1.3539205,-0.56802094,-0.28093103,0.19792034,-4.2287145,4.874094
604,2026-05-11 16:15:18.313464,1.3539205,-0.56802094,-0.28093103,0.19792034,-4.2287145,4.874094
605,2026-05-11 16:15:18.316313,1.3539205,-0.56802094,-0.28093103,0.19792034,-4.2287145,4.874094
606,2026-05-11 16:15:18.319228,1.3539205,-0.56802094,-0.28093103,0.19792034,-4.2287145,4.874094
607,2026-05-11 16:15:18.321828,1.3539205,-0.56802094,-0.28093103,0.19792034,-4.2287145,4.874094
608,2026-05-11 16:15:18.324426,1.3539205,-0.56802094,-0.28093103,0.19792034,-4.2287145,4.874094
609,2026-05-11 16:15:18.327225,1.3539205,-0.56802094,-0.28093103,0.19792034,-4.2287145,4.874094
610,2026-05-11 16:15:18.329917,1.3539205,-0.56802094,-0.28093103,0.19792034,-4.2287145,4.874094
611,2026-05-11 16:15:18.332876,1.3539205,-0.56802094,-0.28093103,0.19792034,-4.2287145,4.874094
612,2026-05-11 16:15:18.335555,1.3539205,-0.56802094,-0.28093103,0.19792034,-4.2287145,4.874094
613,2026-05-11 16:15:18.338419,1.3539205,-0.56802094,-0.28093103,0.19792034,-4.2287145,4.874094
614,2026-05-11 16:15:18.341049,1.3539205,-0.56802094,-0.28093103,0.19792034,-4.2287145,4.874094
615,2026-05-11 16:15:18.343987,1.3539205,-0.56802094,-0.28093103,0.19792034,-4.2287145,4.874094
616,2026-05-11 16:15:18.346595,1.3539205,-0.56802094,-0.28093103,0.19792034,-4.2287145,4.874094
617,2026-05-11 16:15:18.349861,1.3539205,-0.56802094,-0.28093103,0.19792034,-4.2287145,4.874094
618,2026-05-11 16:15:18.352602,1.3539205,-0.56802094,-0.28093103,0.19792034,-4.2287145,4.874094
619,2026-05-11 16:15:18.355226,1.3539205,-0.56802094,-0.28093103,0.19792034,-4.2287145,4.874094
620,2026-05-11 16:15:18.357878,1.3539205,-0.56802094,-0.28093103,0.19792034,-4.2287145,4.874094
621,2026-05-11 16:15:18.360557,1.3539205,-0.56802094,-0.28093103,0.19792034,-4.2287145,4.874094
622,2026-05-11 16:15:18.363277,1.3539205,-0.56802094,-0.28093103,0.19792034,-4.2287145,4.874094
623,2026-05-11 16:15:18.366941,1.8485836,-0.47008842,-0.24653877,-0.6637051,-3.752087,5.4777813
624,2026-05-11 16:15:18.369682,1.8485836,-0.47008842,-0.24653877,-0.6637051,-3.752087,5.4777813
625,2026-05-11 16:15:18.372337,1.8485836,-0.47008842,-0.24653877,-0.6637051,-3.752087,5.4777813
626,2026-05-11 16:15:18.375059,1.8485836,-0.47008842,-0.24653877,-0.6637051,-3.752087,5.4777813
627,2026-05-11 16:15:18.377679,1.8485836,-0.47008842,-0.24653877,-0.6637051,-3.752087,5.4777813
628,2026-05-11 16:15:18.380409,1.8485836,-0.47008842,-0.24653877,-0.6637051,-3.752087,5.4777813
629,2026-05-11 16:15:18.383311,1.8485836,-0.47008842,-0.24653877,-0.6637051,-3.752087,5.4777813
630,2026-05-11 16:15:18.386090,1.8485836,-0.47008842,-0.24653877,-0.6637051,-3.752087,5.4777813
631,2026-05-11 16:15:18.388660,1.8485836,-0.47008842,-0.24653877,-0.6637051,-3.752087,5.4777813
632,2026-05-11 16:15:18.391279,1.8485836,-0.47008842,-0.24653877,-0.6637051,-3.752087,5.4777813
633,2026-05-11 16:15:18.394043,1.8485836,-0.47008842,-0.24653877,-0.6637051,-3.752087,5.4777813
634,2026-05-11 16:15:18.396599,1.8485836,-0.47008842,-0.24653877,-0.6637051,-3.752087,5.4777813
635,2026-05-11 16:15:18.399626,1.8485836,-0.47008842,-0.24653877,-0.6637051,-3.752087,5.4777813
636,2026-05-11 16:15:18.402521,1.8485836,-0.47008842,-0.24653877,-1.7027869,-3.3457088,5.9369993
637,2026-05-11 16:15:18.405299,1.8485836,-0.47008842,-0.24653877,-1.7027869,-3.3457088,5.9369993
638,2026-05-11 16:15:18.407996,1.8485836,-0.47008842,-0.24653877,-1.7027869,-3.3457088,5.9369993
639,2026-05-11 16:15:18.410592,1.8485836,-0.47008842,-0.24653877,-1.7027869,-3.3457088,5.9369993
640,2026-05-11 16:15:18.413137,1.8485836,-0.47008842,-0.24653877,-1.7027869,-3.3457088,5.9369993
641,2026-05-11 16:15:18.416205,1.8485836,-0.47008842,-0.24653877,-1.7027869,-3.3457088,5.9369993
642,2026-05-11 16:15:18.419041,1.8485836,-0.47008842,-0.24653877,-1.7027869,-3.3457088,5.9369993
643,2026-05-11 16:15:18.421640,1.8485836,-0.47008842,-0.24653877,-1.7027869,-3.3457088,5.9369993
644,2026-05-11 16:15:18.424208,1.8485836,-0.47008842,-0.24653877,-1.7027869,-3.3457088,5.9369993
645,2026-05-11 16:15:18.426918,1.8485836,-0.47008842,-0.24653877,-1.7027869,-3.3457088,5.9369993
646,2026-05-11 16:15:18.429462,1.8485836,-0.47008842,-0.24653877,-1.7027869,-3.3457088,5.9369993
647,2026-05-11 16:15:18.432571,1.8485836,-0.47008842,-0.24653877,-1.7027869,-3.3457088,5.9369993
648,2026-05-11 16:15:18.435595,1.8485836,-0.47008842,-0.24653877,-2.176971,-3.186884,6.1239243
649,2026-05-11 16:15:18.438315,1.8485836,-0.47008842,-0.24653877,-2.176971,-3.186884,6.1239243
650,2026-05-11 16:15:18.440881,1.8485836,-0.47008842,-0.24653877,-2.176971,-3.186884,6.1239243
651,2026-05-11 16:15:18.443620,1.8485836,-0.47008842,-0.24653877,-2.176971,-3.186884,6.1239243
652,2026-05-11 16:15:18.446205,1.8485836,-0.47008842,-0.24653877,-2.176971,-3.186884,6.1239243
653,2026-05-11 16:15:18.448834,1.8485836,-0.47008842,-0.24653877,-2.176971,-3.186884,6.1239243
654,2026-05-11 16:15:18.451931,1.8485836,-0.47008842,-0.24653877,-2.176971,-3.186884,6.1239243
655,2026-05-11 16:15:18.454523,1.8485836,-0.47008842,-0.24653877,-2.176971,-3.186884,6.1239243
656,2026-05-11 16:15:18.457097,1.8485836,-0.47008842,-0.24653877,-2.176971,-3.186884,6.1239243
657,2026-05-11 16:15:18.459745,1.8485836,-0.47008842,-0.24653877,-2.176971,-3.186884,6.1239243
658,2026-05-11 16:15:18.462288,1.8485836,-0.47008842,-0.24653877,-2.176971,-3.186884,6.1239243
659,2026-05-11 16:15:18.464939,1.8485836,-0.47008842,-0.24653877,-2.176971,-3.186884,6.1239243
660,2026-05-11 16:15:18.468186,2.0887196,-0.45240447,0.15080148,-2.176971,-3.186884,6.1239243
661,2026-05-11 16:15:18.470961,2.0887196,-0.45240447,0.15080148,-2.176971,-3.186884,6.1239243
662,2026-05-11 16:15:18.473731,2.0887196,-0.45240447,0.15080148,-2.176971,-3.186884,6.1239243
663,2026-05-11 16:15:18.476393,2.0887196,-0.45240447,0.15080148,-2.176971,-3.186884,6.1239243
664,2026-05-11 16:15:18.479295,2.0887196,-0.45240447,0.15080148,-2.176971,-3.186884,6.1239243
665,2026-05-11 16:15:18.482054,2.0887196,-0.45240447,0.15080148,-2.175902,-3.163213,6.1987553
666,2026-05-11 16:15:18.485415,2.0887196,-0.45240447,0.15080148,-2.175902,-3.163213,6.1987553
667,2026-05-11 16:15:18.488058,2.0887196,-0.45240447,0.15080148,-2.175902,-3.163213,6.1987553
668,2026-05-11 16:15:18.490854,2.0887196,-0.45240447,0.15080148,-2.175902,-3.163213,6.1987553
669,2026-05-11 16:15:18.493571,2.0887196,-0.45240447,0.15080148,-2.175902,-3.163213,6.1987553
670,2026-05-11 16:15:18.496237,2.0887196,-0.45240447,0.15080148,-2.175902,-3.163213,6.1987553
671,2026-05-11 16:15:18.499346,2.0887196,-0.45240447,0.15080148,-2.175902,-3.163213,6.1987553
672,2026-05-11 16:15:18.502117,2.0887196,-0.45240447,0.15080148,-2.175902,-3.163213,6.1987553
673,2026-05-11 16:15:18.504698,2.0887196,-0.45240447,0.15080148,-2.175902,-3.163213,6.1987553
674,2026-05-11 16:15:18.507529,2.0887196,-0.45240447,0.15080148,-2.175902,-3.163213,6.1987553
675,2026-05-11 16:15:18.510208,2.631495,-0.29001692,0.6816251,-2.175902,-3.163213,6.1987553
676,2026-05-11 16:15:18.512999,2.631495,-0.29001692,0.6816251,-2.175902,-3.163213,6.1987553
677,2026-05-11 16:15:18.516271,2.631495,-0.29001692,0.6816251,-2.175902,-3.163213,6.1987553
678,2026-05-11 16:15:18.519122,2.631495,-0.29001692,0.6816251,-2.175902,-3.163213,6.1987553
679,2026-05-11 16:15:18.521858,2.631495,-0.29001692,0.6816251,-2.175902,-3.163213,6.1987553
680,2026-05-11 16:15:18.524468,2.631495,-0.29001692,0.6816251,-2.175902,-3.163213,6.1987553
681,2026-05-11 16:15:18.527419,2.631495,-0.29001692,0.6816251,-1.7386752,-3.2818735,6.2015038
682,2026-05-11 16:15:18.530014,2.631495,-0.29001692,0.6816251,-1.7386752,-3.2818735,6.2015038
683,2026-05-11 16:15:18.533179,2.631495,-0.29001692,0.6816251,-1.7386752,-3.2818735,6.2015038
684,2026-05-11 16:15:18.535881,2.631495,-0.29001692,0.6816251,-1.7386752,-3.2818735,6.2015038
685,2026-05-11 16:15:18.538489,2.631495,-0.29001692,0.6816251,-1.7386752,-3.2818735,6.2015038
686,2026-05-11 16:15:18.541057,2.631495,-0.29001692,0.6816251,-1.7386752,-3.2818735,6.2015038
687,2026-05-11 16:15:18.543865,2.631495,-0.29001692,0.6816251,-1.7386752,-3.2818735,6.2015038
688,2026-05-11 16:15:18.546473,2.631495,-0.29001692,0.6816251,-1.7386752,-3.2818735,6.2015038
689,2026-05-11 16:15:18.549617,2.631495,-0.29001692,0.6816251,-1.7386752,-3.2818735,6.2015038
690,2026-05-11 16:15:18.552385,2.631495,-0.29001692,0.6816251,-1.7386752,-3.2818735,6.2015038
691,2026-05-11 16:15:18.554940,2.631495,-0.29001692,0.6816251,-1.7386752,-3.2818735,6.2015038
692,2026-05-11 16:15:18.557688,2.631495,-0.29001692,0.6816251,-1.7386752,-3.2818735,6.2015038
693,2026-05-11 16:15:18.560276,2.631495,-0.29001692,0.6816251,-1.7386752,-3.2818735,6.2015038
694,2026-05-11 16:15:18.562844,2.631495,-0.29001692,0.6816251,-1.7386752,-3.2818735,6.2015038
695,2026-05-11 16:15:18.566057,2.631495,-0.29001692,0.6816251,-1.7386752,-3.2818735,6.2015038
696,2026-05-11 16:15:18.568791,2.631495,-0.29001692,0.6816251,-1.7386752,-3.2818735,6.2015038
697,2026-05-11 16:15:18.571533,2.631495,-0.29001692,0.6816251,-1.7386752,-3.2818735,6.2015038
698,2026-05-11 16:15:18.574230,2.631495,-0.29001692,0.6816251,-1.7386752,-3.2818735,6.2015038
699,2026-05-11 16:15:18.576891,2.631495,-0.29001692,0.6816251,-1.7386752,-3.2818735,6.2015038
700,2026-05-11 16:15:18.579625,2.631495,-0.29001692,0.6816251,-1.7386752,-3.2818735,6.2015038
701,2026-05-11 16:15:18.582731,2.631495,-0.29001692,0.6816251,-1.7386752,-3.2818735,6.2015038
702,2026-05-11 16:15:18.585568,2.631495,-0.29001692,0.6816251,-1.7386752,-3.2818735,6.2015038
703,2026-05-11 16:15:18.588179,2.631495,-0.29001692,0.6816251,-1.7386752,-3.2818735,6.2015038
704,2026-05-11 16:15:18.591008,2.631495,-0.29001692,0.6816251,-1.7386752,-3.2818735,6.2015038
705,2026-05-11 16:15:18.593729,3.1776855,0.34691048,0.48636985,-1.2212723,-3.388164,6.0833015
706,2026-05-11 16:15:18.596323,3.1776855,0.34691048,0.48636985,-1.2212723,-3.388164,6.0833015
707,2026-05-11 16:15:18.599302,3.1776855,0.34691048,0.48636985,-1.2212723,-3.388164,6.0833015
708,2026-05-11 16:15:18.602256,3.1776855,0.34691048,0.48636985,-1.2212723,-3.388164,6.0833015
709,2026-05-11 16:15:18.604909,3.1776855,0.34691048,0.48636985,-1.2212723,-3.388164,6.0833015
710,2026-05-11 16:15:18.607648,3.1776855,0.34691048,0.48636985,-1.2212723,-3.388164,6.0833015
711,2026-05-11 16:15:18.610311,3.1776855,0.34691048,0.48636985,-1.2212723,-3.388164,6.0833015
712,2026-05-11 16:15:18.612909,3.1776855,0.34691048,0.48636985,-1.2212723,-3.388164,6.0833015
713,2026-05-11 16:15:18.616023,3.1776855,0.34691048,0.48636985,-1.2212723,-3.388164,6.0833015
714,2026-05-11 16:15:18.618825,3.1776855,0.34691048,0.48636985,-1.2212723,-3.388164,6.0833015
715,2026-05-11 16:15:18.621442,3.1776855,0.34691048,0.48636985,-1.2212723,-3.388164,6.0833015
716,2026-05-11 16:15:18.649337,3.3179376,0.6251584,0.5256404,-1.9546161,-2.8637362,6.058256
717,2026-05-11 16:15:18.656149,3.3179376,0.6251584,0.5256404,-1.9546161,-2.8637362,6.058256
718,2026-05-11 16:15:18.660471,3.3179376,0.6251584,0.5256404,-1.9546161,-2.8637362,6.058256
719,2026-05-11 16:15:18.663411,3.3179376,0.6251584,0.5256404,-1.9546161,-2.8637362,6.058256
720,2026-05-11 16:15:18.666326,3.3179376,0.6251584,0.5256404,-2.81334,-2.2434027,5.958838
721,2026-05-11 16:15:18.669342,3.3179376,0.6251584,0.5256404,-2.81334,-2.2434027,5.958838
722,2026-05-11 16:15:18.672109,3.3179376,0.6251584,0.5256404,-2.81334,-2.2434027,5.958838
723,2026-05-11 16:15:18.674916,3.3179376,0.6251584,0.5256404,-2.81334,-2.2434027,5.958838
724,2026-05-11 16:15:18.677673,3.3179376,0.6251584,0.5256404,-2.81334,-2.2434027,5.958838
725,2026-05-11 16:15:18.680291,3.3179376,0.6251584,0.5256404,-2.81334,-2.2434027,5.958838
726,2026-05-11 16:15:18.683599,3.3179376,0.6251584,0.5256404,-2.81334,-2.2434027,5.958838
727,2026-05-11 16:15:18.686550,3.6369805,1.0214621,0.9276761,-2.81334,-2.2434027,5.958838
728,2026-05-11 16:15:18.689211,3.6369805,1.0214621,0.9276761,-2.81334,-2.2434027,5.958838
729,2026-05-11 16:15:18.691797,3.6369805,1.0214621,0.9276761,-2.81334,-2.2434027,5.958838
730,2026-05-11 16:15:18.694407,3.6369805,1.0214621,0.9276761,-2.81334,-2.2434027,5.958838
731,2026-05-11 16:15:18.696972,3.6369805,1.0214621,0.9276761,-2.81334,-2.2434027,5.958838
732,2026-05-11 16:15:18.700228,3.6369805,1.0214621,0.9276761,-2.81334,-2.2434027,5.958838
733,2026-05-11 16:15:18.702932,3.6369805,1.0214621,0.9276761,-2.81334,-2.2434027,5.958838
734,2026-05-11 16:15:18.705693,3.6369805,1.0214621,0.9276761,-3.1117475,-1.8736764,5.743202
735,2026-05-11 16:15:18.708439,3.6369805,1.0214621,0.9276761,-3.1117475,-1.8736764,5.743202
736,2026-05-11 16:15:18.711061,3.6369805,1.0214621,0.9276761,-3.1117475,-1.8736764,5.743202
737,2026-05-11 16:15:18.713833,3.6369805,1.0214621,0.9276761,-3.1117475,-1.8736764,5.743202
738,2026-05-11 16:15:18.716770,3.6369805,1.0214621,0.9276761,-3.1117475,-1.8736764,5.743202
739,2026-05-11 16:15:18.719413,3.6369805,1.0214621,0.9276761,-3.1117475,-1.8736764,5.743202
740,2026-05-11 16:15:18.722133,3.6369805,1.0214621,0.9276761,-3.1117475,-1.8736764,5.743202
741,2026-05-11 16:15:18.724746,3.6369805,1.0214621,0.9276761,-3.1117475,-1.8736764,5.743202
742,2026-05-11 16:15:18.727416,3.6369805,1.0214621,0.9276761,-3.1117475,-1.8736764,5.743202
743,2026-05-11 16:15:18.729984,3.6369805,1.0214621,0.9276761,-3.1117475,-1.8736764,5.743202
744,2026-05-11 16:15:18.733067,3.6369805,1.0214621,0.9276761,-3.1117475,-1.8736764,5.743202
745,2026-05-11 16:15:18.735810,3.6369805,1.0214621,0.9276761,-3.1117475,-1.8736764,5.743202
746,2026-05-11 16:15:18.738542,4.3634253,1.7718108,2.0913415,-1.4049901,-0.79244494,3.3846517
747,2026-05-11 16:15:18.741236,4.3634253,1.7718108,2.0913415,-1.4049901,-0.79244494,3.3846517
748,2026-05-11 16:15:18.743819,4.3634253,1.7718108,2.0913415,-1.4049901,-0.79244494,3.3846517
749,2026-05-11 16:15:18.746565,4.3223863,2.0589006,2.2676933,-1.4049901,-0.79244494,3.3846517
750,2026-05-11 16:15:18.749833,3.7166803,2.3747728,1.8357779,-1.4049901,-0.79244494,3.3846517
751,2026-05-11 16:15:18.752658,3.7166803,2.3747728,1.8357779,-1.4049901,-0.79244494,3.3846517
752,2026-05-11 16:15:18.755260,3.7166803,2.3747728,1.8357779,-1.4049901,-0.79244494,3.3846517
753,2026-05-11 16:15:18.758024,3.7166803,2.3747728,1.8357779,-1.4049901,-0.79244494,3.3846517
754,2026-05-11 16:15:18.760867,3.7166803,2.3747728,1.8357779,-0.23335053,-0.47616947,2.2582161
755,2026-05-11 16:15:18.763598,3.7166803,2.3747728,1.8357779,-0.23335053,-0.47616947,2.2582161
756,2026-05-11 16:15:18.766770,3.7166803,2.3747728,1.8357779,-0.23335053,-0.47616947,2.2582161
757,2026-05-11 16:15:18.769507,3.7166803,2.3747728,1.8357779,-0.23335053,-0.47616947,2.2582161
758,2026-05-11 16:15:18.772097,3.7166803,2.3747728,1.8357779,-0.23335053,-0.47616947,2.2582161
759,2026-05-11 16:15:18.774928,3.7166803,2.3747728,1.8357779,-0.23335053,-0.47616947,2.2582161
760,2026-05-11 16:15:18.777624,3.7166803,2.3747728,1.8357779,-0.23335053,-0.47616947,2.2582161
761,2026-05-11 16:15:18.780230,3.7166803,2.3747728,1.8357779,-0.23335053,-0.47616947,2.2582161
762,2026-05-11 16:15:18.783216,3.7166803,2.3747728,1.8357779,-0.23335053,-0.47616947,2.2582161
763,2026-05-11 16:15:18.786182,3.7166803,2.3747728,1.8357779,-0.23335053,-0.47616947,2.2582161
764,2026-05-11 16:15:18.788951,3.7166803,2.3747728,1.8357779,-0.23335053,-0.47616947,2.2582161
765,2026-05-11 16:15:18.791578,3.7166803,2.3747728,1.8357779,-0.23335053,-0.47616947,2.2582161
766,2026-05-11 16:15:18.794683,3.3098881,2.4831936,1.5184423,0.3220787,-0.4007276,1.6079501
767,2026-05-11 16:15:18.797534,3.3098881,2.4831936,1.5184423,0.3220787,-0.4007276,1.6079501
768,2026-05-11 16:15:18.800811,3.3098881,2.4831936,1.5184423,0.3220787,-0.4007276,1.6079501
769,2026-05-11 16:15:18.803654,3.3098881,2.4831936,1.5184423,0.3220787,-0.4007276,1.6079501
770,2026-05-11 16:15:18.806305,3.3098881,2.4831936,1.5184423,0.3220787,-0.4007276,1.6079501
771,2026-05-11 16:15:18.808911,3.3098881,2.4831936,1.5184423,0.67164636,-0.35827246,0.9433287
772,2026-05-11 16:15:18.811541,3.3098881,2.4831936,1.5184423,0.67164636,-0.35827246,0.9433287
773,2026-05-11 16:15:18.814086,3.3098881,2.4831936,1.5184423,0.67164636,-0.35827246,0.9433287
774,2026-05-11 16:15:18.817048,3.3098881,2.4831936,1.5184423,0.67164636,-0.35827246,0.9433287
775,2026-05-11 16:15:18.819757,3.3098881,2.4831936,1.5184423,0.67164636,-0.35827246,0.9433287
776,2026-05-11 16:15:18.822381,3.3098881,2.4831936,1.5184423,0.67164636,-0.35827246,0.9433287
777,2026-05-11 16:15:18.825171,3.0351162,2.5597227,1.2858068,0.67164636,-0.35827246,0.9433287
778,2026-05-11 16:15:18.827874,3.0351162,2.5597227,1.2858068,0.7273878,-0.09697486,0.2863431
779,2026-05-11 16:15:18.830544,3.0351162,2.5597227,1.2858068,0.7273878,-0.09697486,0.2863431
780,2026-05-11 16:15:18.833601,3.0351162,2.5597227,1.2858068,0.7273878,-0.09697486,0.2863431
781,2026-05-11 16:15:18.836484,3.0351162,2.5597227,1.2858068,0.7273878,-0.09697486,0.2863431
782,2026-05-11 16:15:18.839075,3.0351162,2.5597227,1.2858068,0.7273878,-0.09697486,0.2863431
783,2026-05-11 16:15:18.841660,3.0351162,2.5597227,1.2858068,0.7273878,-0.09697486,0.2863431
784,2026-05-11 16:15:18.844387,3.0351162,2.5597227,1.2858068,0.7273878,-0.09697486,0.2863431
785,2026-05-11 16:15:18.846963,3.0351162,2.5597227,1.2858068,0.7273878,-0.09697486,0.2863431
786,2026-05-11 16:15:18.850123,3.0351162,2.5597227,1.2858068,0.7273878,-0.09697486,0.2863431
787,2026-05-11 16:15:18.852787,3.0351162,2.5597227,1.2858068,0.7273878,-0.09697486,0.2863431
788,2026-05-11 16:15:18.855418,3.0351162,2.5597227,1.2858068,0.7273878,-0.09697486,0.2863431
789,2026-05-11 16:15:18.858260,3.0351162,2.5597227,1.2858068,0.7273878,-0.09697486,0.2863431
790,2026-05-11 16:15:18.860935,3.0351162,2.5597227,1.2858068,0.7273878,-0.09697486,0.2863431
791,2026-05-11 16:15:18.863533,3.0351162,2.5597227,1.2858068,0.7273878,-0.09697486,0.2863431
792,2026-05-11 16:15:18.866473,3.0351162,2.5597227,1.2858068,0.7273878,-0.09697486,0.2863431
793,2026-05-11 16:15:18.869287,3.0351162,2.5597227,1.2858068,0.7273878,-0.09697486,0.2863431
794,2026-05-11 16:15:18.872031,3.0351162,2.5597227,1.2858068,0.7273878,-0.09697486,0.2863431
795,2026-05-11 16:15:18.874716,3.0351162,2.5597227,1.2858068,0.7273878,-0.09697486,0.2863431
796,2026-05-11 16:15:18.877303,3.0351162,2.5597227,1.2858068,0.7273878,-0.09697486,0.2863431
797,2026-05-11 16:15:18.880083,3.0351162,2.5597227,1.2858068,0.7273878,-0.09697486,0.2863431
798,2026-05-11 16:15:18.883223,3.0351162,2.5597227,1.2858068,0.7273878,-0.09697486,0.2863431
799,2026-05-11 16:15:18.885981,3.0351162,2.5597227,1.2858068,0.7273878,-0.09697486,0.2863431
800,2026-05-11 16:15:18.888542,3.0351162,2.5597227,1.2858068,0.7273878,-0.09697486,0.2863431
801,2026-05-11 16:15:18.891356,2.7770522,2.6422274,1.0440243,0.7273878,-0.09697486,0.2863431
802,2026-05-11 16:15:18.893959,2.7770522,2.6422274,1.0440243,0.7273878,-0.09697486,0.2863431
803,2026-05-11 16:15:18.896612,2.7770522,2.6422274,1.0440243,0.7273878,-0.09697486,0.2863431
804,2026-05-11 16:15:18.899571,2.7770522,2.6422274,1.0440243,0.7273878,-0.09697486,0.2863431
805,2026-05-11 16:15:18.902518,2.7770522,2.6422274,1.0440243,0.7273878,-0.09697486,0.2863431
806,2026-05-11 16:15:18.905208,2.7770522,2.6422274,1.0440243,0.7273878,-0.09697486,0.2863431
807,2026-05-11 16:15:18.907880,2.7770522,2.6422274,1.0440243,0.7273878,-0.09697486,0.2863431
808,2026-05-11 16:15:18.910665,2.7770522,2.6422274,1.0440243,0.7273878,-0.09697486,0.2863431
809,2026-05-11 16:15:18.913279,2.7770522,2.6422274,1.0440243,0.7273878,-0.09697486,0.2863431
810,2026-05-11 16:15:18.916343,2.7770522,2.6422274,1.0440243,0.7273878,-0.09697486,0.2863431
811,2026-05-11 16:15:18.919128,2.7770522,2.6422274,1.0440243,0.7273878,-0.09697486,0.2863431
812,2026-05-11 16:15:18.921835,2.7770522,2.6422274,1.0440243,0.7273878,-0.09697486,0.2863431
813,2026-05-11 16:15:18.924596,2.4322152,2.5133784,0.7774844,0.5174029,1.016327,-1.0517572
814,2026-05-11 16:15:18.927307,2.4322152,2.5133784,0.7774844,0.5174029,1.016327,-1.0517572
815,2026-05-11 16:15:18.929893,2.4322152,2.5133784,0.7774844,0.5174029,1.016327,-1.0517572
816,2026-05-11 16:15:18.932962,2.4322152,2.5133784,0.7774844,0.5174029,1.016327,-1.0517572
817,2026-05-11 16:15:18.935636,2.4322152,2.5133784,0.7774844,0.5174029,1.016327,-1.0517572
818,2026-05-11 16:15:18.938187,2.4322152,2.5133784,0.7774844,0.5174029,1.016327,-1.0517572
819,2026-05-11 16:15:18.940946,2.4322152,2.5133784,0.7774844,0.5174029,1.016327,-1.0517572
820,2026-05-11 16:15:18.943594,2.4322152,2.5133784,0.7774844,0.5174029,1.016327,-1.0517572
821,2026-05-11 16:15:18.946182,2.4322152,2.5133784,0.7774844,0.5174029,1.016327,-1.0517572
822,2026-05-11 16:15:18.949238,2.4322152,2.5133784,0.7774844,0.5174029,1.016327,-1.0517572
823,2026-05-11 16:15:18.951963,2.4322152,2.5133784,0.7774844,0.5174029,1.016327,-1.0517572
824,2026-05-11 16:15:18.954548,2.4322152,2.5133784,0.7774844,0.5174029,1.016327,-1.0517572
825,2026-05-11 16:15:18.957131,2.4322152,2.5133784,0.7774844,0.5174029,1.016327,-1.0517572
826,2026-05-11 16:15:18.959694,2.4322152,2.5133784,0.7774844,0.5174029,1.016327,-1.0517572
827,2026-05-11 16:15:18.962268,2.4322152,2.5133784,0.7774844,0.5174029,1.016327,-1.0517572
828,2026-05-11 16:15:18.964817,2.4322152,2.5133784,0.7774844,0.5174029,1.016327,-1.0517572
829,2026-05-11 16:15:18.967983,2.17781,2.411421,0.6758931,0.5174029,1.016327,-1.0517572
830,2026-05-11 16:15:18.970715,2.17781,2.411421,0.6758931,0.5174029,1.016327,-1.0517572
831,2026-05-11 16:15:18.973468,2.17781,2.411421,0.6758931,0.5174029,1.016327,-1.0517572
832,2026-05-11 16:15:18.976269,2.17781,2.411421,0.6758931,0.5174029,1.016327,-1.0517572
833,2026-05-11 16:15:18.978862,2.17781,2.411421,0.6758931,0.5174029,1.016327,-1.0517572
834,2026-05-11 16:15:18.981760,2.17781,2.411421,0.6758931,0.5174029,1.016327,-1.0517572
835,2026-05-11 16:15:18.984804,2.17781,2.411421,0.6758931,0.5174029,1.016327,-1.0517572
836,2026-05-11 16:15:18.987531,2.17781,2.411421,0.6758931,0.5174029,1.016327,-1.0517572
837,2026-05-11 16:15:18.990101,2.17781,2.411421,0.6758931,0.5174029,1.016327,-1.0517572
838,2026-05-11 16:15:18.992702,2.17781,2.411421,0.6758931,0.5174029,1.016327,-1.0517572
839,2026-05-11 16:15:18.995263,2.17781,2.411421,0.6758931,0.5174029,1.016327,-1.0517572
840,2026-05-11 16:15:18.997897,2.17781,2.411421,0.6758931,0.47616947,1.3756685,-1.6893479
841,2026-05-11 16:15:19.000962,2.17781,2.411421,0.6758931,0.47616947,1.3756685,-1.6893479
842,2026-05-11 16:15:19.003676,2.0671937,2.3259284,0.6085111,0.47616947,1.3756685,-1.6893479
843,2026-05-11 16:15:19.006376,2.0671937,2.3259284,0.6085111,0.47616947,1.3756685,-1.6893479
844,2026-05-11 16:15:19.009032,2.0671937,2.3259284,0.6085111,0.47616947,1.3756685,-1.6893479
845,2026-05-11 16:15:19.011598,2.0671937,2.3259284,0.6085111,0.47616947,1.3756685,-1.6893479
846,2026-05-11 16:15:19.014346,2.0671937,2.3259284,0.6085111,0.47616947,1.3756685,-1.6893479
847,2026-05-11 16:15:19.017338,2.0671937,2.3259284,0.6085111,0.5540548,1.2644911,-2.133905
848,2026-05-11 16:15:19.020051,2.0671937,2.3259284,0.6085111,0.5540548,1.2644911,-2.133905
849,2026-05-11 16:15:19.022589,2.0671937,2.3259284,0.6085111,0.5540548,1.2644911,-2.133905
850,2026-05-11 16:15:19.025140,2.0671937,2.3259284,0.6085111,0.5540548,1.2644911,-2.133905
851,2026-05-11 16:15:19.027920,2.0671937,2.3259284,0.6085111,0.5540548,1.2644911,-2.133905
852,2026-05-11 16:15:19.030657,2.0671937,2.3259284,0.6085111,0.5540548,1.2644911,-2.133905
853,2026-05-11 16:15:19.033660,2.0671937,2.3259284,0.6085111,0.5540548,1.2644911,-2.133905
854,2026-05-11 16:15:19.036396,2.0671937,2.3259284,0.6085111,0.5540548,1.2644911,-2.133905
855,2026-05-11 16:15:19.039240,2.0671937,2.3259284,0.6085111,0.5540548,1.2644911,-2.133905
856,2026-05-11 16:15:19.041850,2.0671937,2.3259284,0.6085111,0.5540548,1.2644911,-2.133905
857,2026-05-11 16:15:19.044528,2.0671937,2.3259284,0.6085111,0.5540548,1.2644911,-2.133905
858,2026-05-11 16:15:19.047105,2.0671937,2.3259284,0.6085111,0.5540548,1.2644911,-2.133905
859,2026-05-11 16:15:19.050753,2.0671937,2.3259284,0.6085111,0.5540548,1.2644911,-2.133905
860,2026-05-11 16:15:19.053509,2.0671937,2.3259284,0.6085111,0.5540548,1.2644911,-2.133905
861,2026-05-11 16:15:19.056167,2.0671937,2.3259284,0.6085111,0.5540548,1.2644911,-2.133905
862,2026-05-11 16:15:19.058951,2.0671937,2.3259284,0.6085111,0.5540548,1.2644911,-2.133905
863,2026-05-11 16:15:19.061568,2.0671937,2.3259284,0.6085111,0.5540548,1.2644911,-2.133905
864,2026-05-11 16:15:19.064330,2.0671937,2.3259284,0.6085111,0.5540548,1.2644911,-2.133905
865,2026-05-11 16:15:19.067493,2.0671937,2.3259284,0.6085111,0.5540548,1.2644911,-2.133905
866,2026-05-11 16:15:19.070293,1.9551141,2.2054946,0.5688137,0.72112644,0.6824892,-2.770121
867,2026-05-11 16:15:19.073028,1.9551141,2.2054946,0.5688137,0.72112644,0.6824892,-2.770121
868,2026-05-11 16:15:19.075665,1.9551141,2.2054946,0.5688137,0.72112644,0.6824892,-2.770121
869,2026-05-11 16:15:19.078514,1.9053551,2.0944514,0.58289987,0.7475463,0.39675698,-3.1626022
870,2026-05-11 16:15:19.081120,1.9053551,2.0944514,0.58289987,0.7475463,0.39675698,-3.1626022
871,2026-05-11 16:15:19.084934,1.9053551,2.0944514,0.58289987,0.7475463,0.39675698,-3.1626022
872,2026-05-11 16:15:19.087758,1.9053551,2.0944514,0.58289987,0.7475463,0.39675698,-3.1626022
873,2026-05-11 16:15:19.090392,1.9053551,2.0944514,0.58289987,0.7475463,0.39675698,-3.1626022
874,2026-05-11 16:15:19.093211,1.9053551,2.0944514,0.58289987,0.7475463,0.39675698,-3.1626022
875,2026-05-11 16:15:19.096034,1.9053551,2.0944514,0.58289987,0.7475463,0.39675698,-3.1626022
876,2026-05-11 16:15:19.099163,1.9053551,2.0944514,0.58289987,0.6412558,0.3370449,-3.601356
877,2026-05-11 16:15:19.102151,1.9053551,2.0944514,0.58289987,0.6412558,0.3370449,-3.601356
878,2026-05-11 16:15:19.104784,1.9053551,2.0944514,0.58289987,0.6412558,0.3370449,-3.601356
879,2026-05-11 16:15:19.107364,1.9053551,2.0944514,0.58289987,0.6412558,0.3370449,-3.601356
880,2026-05-11 16:15:19.110264,1.9053551,2.0944514,0.58289987,0.6412558,0.3370449,-3.601356
881,2026-05-11 16:15:19.113251,1.8818171,1.9626147,0.67930794,0.6412558,0.3370449,-3.601356
882,2026-05-11 16:15:19.116252,1.8818171,1.9626147,0.67930794,0.6412558,0.3370449,-3.601356
883,2026-05-11 16:15:19.119169,1.8893176,1.7690666,0.8526717,0.6412558,0.3370449,-3.601356
884,2026-05-11 16:15:19.121807,1.8893176,1.7690666,0.8526717,0.6412558,0.3370449,-3.601356
885,2026-05-11 16:15:19.124408,1.8893176,1.7690666,0.8526717,0.6412558,0.3370449,-3.601356
886,2026-05-11 16:15:19.127342,1.8893176,1.7690666,0.8526717,0.5036584,0.5852089,-4.0382776
887,2026-05-11 16:15:19.130110,1.8893176,1.7690666,0.8526717,0.48991394,0.82741696,-4.267963
888,2026-05-11 16:15:19.133135,1.8893176,1.7690666,0.8526717,0.48991394,0.82741696,-4.267963
889,2026-05-11 16:15:19.135986,1.8893176,1.7690666,0.8526717,0.48991394,0.82741696,-4.267963
890,2026-05-11 16:15:19.138679,1.8893176,1.7690666,0.8526717,0.48991394,0.82741696,-4.267963
891,2026-05-11 16:15:19.141237,1.8893176,1.7690666,0.8526717,0.48991394,0.82741696,-4.267963
892,2026-05-11 16:15:19.144067,1.8893176,1.7690666,0.8526717,0.48991394,0.82741696,-4.267963
893,2026-05-11 16:15:19.146982,2.216044,1.1592749,1.2856238,1.4993688,2.3017402,-5.401118
894,2026-05-11 16:15:19.150015,2.216044,1.1592749,1.2856238,2.0744984,2.5686884,-6.01519
895,2026-05-11 16:15:19.152838,2.32416,0.8862712,1.2414749,2.0744984,2.5686884,-6.01519
896,2026-05-11 16:15:19.155474,2.32416,0.8862712,1.2414749,2.0744984,2.5686884,-6.01519
897,2026-05-11 16:15:19.158051,2.32416,0.8862712,1.2414749,2.0744984,2.5686884,-6.01519
898,2026-05-11 16:15:19.160736,2.32416,0.8862712,1.2414749,2.0744984,2.5686884,-6.01519
899,2026-05-11 16:15:19.163295,2.32416,0.8862712,1.2414749,2.0744984,2.5686884,-6.01519
900,2026-05-11 16:15:19.166422,2.2823892,0.7194932,1.1990334,2.3868032,2.6838365,-6.3346725
901,2026-05-11 16:15:19.169365,2.2823892,0.7194932,1.1990334,2.3868032,2.6838365,-6.3346725
902,2026-05-11 16:15:19.171969,2.2823892,0.7194932,1.1990334,2.3868032,2.6838365,-6.3346725
903,2026-05-11 16:15:19.174578,2.2823892,0.7194932,1.1990334,2.3868032,2.6838365,-6.3346725
904,2026-05-11 16:15:19.177170,2.2823892,0.7194932,1.1990334,2.3868032,2.6838365,-6.3346725
905,2026-05-11 16:15:19.179714,2.2823892,0.7194932,1.1990334,2.3868032,2.6838365,-6.3346725
906,2026-05-11 16:15:19.182776,2.2823892,0.7194932,1.1990334,2.3868032,2.6838365,-6.3346725
907,2026-05-11 16:15:19.185483,2.2823892,0.7194932,1.1990334,2.3868032,2.6838365,-6.3346725
908,2026-05-11 16:15:19.188060,2.2823892,0.7194932,1.1990334,2.3868032,2.6838365,-6.3346725
909,2026-05-11 16:15:19.190816,2.2823892,0.7194932,1.1990334,2.3868032,2.6838365,-6.3346725
910,2026-05-11 16:15:19.193468,2.2823892,0.7194932,1.1990334,2.3868032,2.6838365,-6.3346725
911,2026-05-11 16:15:19.196052,2.2823892,0.7194932,1.1990334,2.3868032,2.6838365,-6.3346725
912,2026-05-11 16:15:19.199075,2.2823892,0.7194932,1.1990334,2.3868032,2.6838365,-6.3346725
913,2026-05-11 16:15:19.201988,2.2823892,0.7194932,1.1990334,2.3868032,2.6838365,-6.3346725
914,2026-05-11 16:15:19.204604,2.2823892,0.7194932,1.1990334,2.3868032,2.6838365,-6.3346725
915,2026-05-11 16:15:19.207296,2.2823892,0.7194932,1.1990334,2.3868032,2.6838365,-6.3346725
916,2026-05-11 16:15:19.209864,2.2823892,0.7194932,1.1990334,2.3868032,2.6838365,-6.3346725
917,2026-05-11 16:15:19.212666,2.2823892,0.7194932,1.1990334,2.3868032,2.6838365,-6.3346725
918,2026-05-11 16:15:19.215511,2.2823892,0.7194932,1.1990334,2.3868032,2.6838365,-6.3346725
919,2026-05-11 16:15:19.218515,2.2823892,0.7194932,1.1990334,2.3868032,2.6838365,-6.3346725
920,2026-05-11 16:15:19.221284,2.2823892,0.7194932,1.1990334,2.3868032,2.6838365,-6.3346725
921,2026-05-11 16:15:19.223888,2.2823892,0.7194932,1.1990334,2.3868032,2.6838365,-6.3346725
922,2026-05-11 16:15:19.226492,2.2823892,0.7194932,1.1990334,2.3868032,2.6838365,-6.3346725
923,2026-05-11 16:15:19.229263,2.2823892,0.7194932,1.1990334,2.3868032,2.6838365,-6.3346725
924,2026-05-11 16:15:19.232315,2.0701208,0.53283596,1.0179863,2.8816042,2.765387,-6.7378435
925,2026-05-11 16:15:19.235426,1.9587119,0.34416643,0.910419,2.8816042,2.765387,-6.7378435
926,2026-05-11 16:15:19.238023,1.9587119,0.34416643,0.910419,2.8816042,2.765387,-6.7378435
927,2026-05-11 16:15:19.240888,1.8224233,-0.009146876,0.85541576,3.0688343,2.7968466,-6.8552823
928,2026-05-11 16:15:19.243610,1.8224233,-0.009146876,0.85541576,3.2323935,2.930015,-6.938513
929,2026-05-11 16:15:19.246327,1.8224233,-0.009146876,0.85541576,3.2323935,2.930015,-6.938513
930,2026-05-11 16:15:19.249489,1.8224233,-0.009146876,0.85541576,3.2323935,2.930015,-6.938513
931,2026-05-11 16:15:19.252477,1.4998436,-0.47222266,0.7579101,3.637397,2.9678888,-6.91698
932,2026-05-11 16:15:19.255208,1.4998436,-0.47222266,0.7579101,3.637397,2.9678888,-6.91698
933,2026-05-11 16:15:19.257829,1.4998436,-0.47222266,0.7579101,3.637397,2.9678888,-6.91698
934,2026-05-11 16:15:19.260621,1.2181199,-0.8041323,0.6916257,4.065308,2.6667323,-6.615518
935,2026-05-11 16:15:19.263326,1.0859779,-1.0484759,0.68705225,4.065308,2.6667323,-6.615518
936,2026-05-11 16:15:19.266363,1.0859779,-1.0484759,0.68705225,4.065308,2.6667323,-6.615518
937,2026-05-11 16:15:19.269200,1.0859779,-1.0484759,0.68705225,4.065308,2.6667323,-6.615518
938,2026-05-11 16:15:19.272098,1.0859779,-1.0484759,0.68705225,4.603786,2.1024454,-6.1434717
939,2026-05-11 16:15:19.274823,0.9934116,-1.2601346,0.6919306,5.483279,1.210124,-5.626527
940,2026-05-11 16:15:19.277552,0.9934116,-1.2601346,0.6919306,5.483279,1.210124,-5.626527
941,2026-05-11 16:15:19.280200,0.9934116,-1.2601346,0.6919306,5.483279,1.210124,-5.626527
942,2026-05-11 16:15:19.283253,0.9934116,-1.2601346,0.6919306,5.483279,1.210124,-5.626527
943,2026-05-11 16:15:19.286058,0.9934116,-1.2601346,0.6919306,5.483279,1.210124,-5.626527
944,2026-05-11 16:15:19.288634,0.9934116,-1.2601346,0.6919306,5.483279,1.210124,-5.626527
945,2026-05-11 16:15:19.291425,0.9934116,-1.2601346,0.6919306,5.483279,1.210124,-5.626527
946,2026-05-11 16:15:19.294046,0.9934116,-1.2601346,0.6919306,5.483279,1.210124,-5.626527
947,2026-05-11 16:15:19.296681,0.9934116,-1.2601346,0.6919306,5.483279,1.210124,-5.626527
948,2026-05-11 16:15:19.299589,0.9934116,-1.2601346,0.6919306,5.483279,1.210124,-5.626527
949,2026-05-11 16:15:19.302285,0.9934116,-1.2601346,0.6919306,5.483279,1.210124,-5.626527
950,2026-05-11 16:15:19.304846,0.9934116,-1.2601346,0.6919306,5.483279,1.210124,-5.626527
951,2026-05-11 16:15:19.307401,0.9934116,-1.2601346,0.6919306,5.483279,1.210124,-5.626527
952,2026-05-11 16:15:19.310196,0.9934116,-1.2601346,0.6919306,5.483279,1.210124,-5.626527
953,2026-05-11 16:15:19.312908,0.9934116,-1.2601346,0.6919306,5.8465915,0.8872818,-5.4741163
954,2026-05-11 16:15:19.316058,0.9934116,-1.2601346,0.6919306,5.8465915,0.8872818,-5.4741163
955,2026-05-11 16:15:19.318904,0.9934116,-1.2601346,0.6919306,5.8465915,0.8872818,-5.4741163
956,2026-05-11 16:15:19.321619,0.9934116,-1.2601346,0.6919306,5.8465915,0.8872818,-5.4741163
957,2026-05-11 16:15:19.324363,1.0023146,-1.3490422,0.63772017,5.8465915,0.8872818,-5.4741163
958,2026-05-11 16:15:19.327074,1.0023146,-1.3490422,0.63772017,5.8465915,0.8872818,-5.4741163
959,2026-05-11 16:15:19.329669,1.0023146,-1.3490422,0.63772017,5.8465915,0.8872818,-5.4741163
960,2026-05-11 16:15:19.332646,1.0023146,-1.3490422,0.63772017,5.8465915,0.8872818,-5.4741163
961,2026-05-11 16:15:19.335375,1.0023146,-1.3490422,0.63772017,5.8465915,0.8872818,-5.4741163
962,2026-05-11 16:15:19.338121,1.0023146,-1.3490422,0.63772017,5.8465915,0.8872818,-5.4741163
963,2026-05-11 16:15:19.340814,1.0023146,-1.3490422,0.63772017,5.8465915,0.8872818,-5.4741163
964,2026-05-11 16:15:19.343649,1.0023146,-1.3490422,0.63772017,5.8465915,0.8872818,-5.4741163
965,2026-05-11 16:15:19.346245,1.0023146,-1.3490422,0.63772017,5.8465915,0.8872818,-5.4741163
966,2026-05-11 16:15:19.349382,1.0023146,-1.3490422,0.63772017,5.8465915,0.8872818,-5.4741163
967,2026-05-11 16:15:19.352390,1.0023146,-1.3490422,0.63772017,5.8465915,0.8872818,-5.4741163
968,2026-05-11 16:15:19.354962,1.0023146,-1.3490422,0.63772017,5.8465915,0.8872818,-5.4741163
969,2026-05-11 16:15:19.357648,1.0023146,-1.3490422,0.63772017,5.8465915,0.8872818,-5.4741163
970,2026-05-11 16:15:19.360236,1.0023146,-1.3490422,0.63772017,5.8465915,0.8872818,-5.4741163
971,2026-05-11 16:15:19.362889,1.0023146,-1.3490422,0.63772017,5.8465915,0.8872818,-5.4741163
972,2026-05-11 16:15:19.366130,0.9734714,-1.5477122,0.4578316,6.1026964,0.79152864,-5.4255524
973,2026-05-11 16:15:19.369054,0.9734714,-1.5477122,0.4578316,6.1026964,0.79152864,-5.4255524
974,2026-05-11 16:15:19.371689,0.9734714,-1.5477122,0.4578316,6.1026964,0.79152864,-5.4255524
975,2026-05-11 16:15:19.374482,0.9734714,-1.5477122,0.4578316,6.1026964,0.79152864,-5.4255524
976,2026-05-11 16:15:19.377280,0.7738866,-1.6541209,0.316116,6.1026964,0.79152864,-5.4255524
977,2026-05-11 16:15:19.379920,0.7738866,-1.6541209,0.316116,6.1026964,0.79152864,-5.4255524
978,2026-05-11 16:15:19.382721,0.7738866,-1.6541209,0.316116,6.1026964,0.79152864,-5.4255524
979,2026-05-11 16:15:19.385575,0.7738866,-1.6541209,0.316116,6.1026964,0.79152864,-5.4255524
980,2026-05-11 16:15:19.388272,0.7738866,-1.6541209,0.316116,6.1026964,0.79152864,-5.4255524
981,2026-05-11 16:15:19.391032,0.7738866,-1.6541209,0.316116,6.071848,0.8772025,-5.392871
982,2026-05-11 16:15:19.393761,0.7738866,-1.6541209,0.316116,6.071848,0.8772025,-5.392871
983,2026-05-11 16:15:19.396358,0.7738866,-1.6541209,0.316116,6.071848,0.8772025,-5.392871
984,2026-05-11 16:15:19.399513,0.7738866,-1.6541209,0.316116,6.071848,0.8772025,-5.392871
985,2026-05-11 16:15:19.402474,0.7738866,-1.6541209,0.316116,5.838497,0.82848597,-5.224425
986,2026-05-11 16:15:19.405149,0.40203565,-1.7083925,0.11390909,5.838497,0.82848597,-5.224425
987,2026-05-11 16:15:19.407731,0.40203565,-1.7083925,0.11390909,5.838497,0.82848597,-5.224425
988,2026-05-11 16:15:19.410452,0.40203565,-1.7083925,0.11390909,5.838497,0.82848597,-5.224425
989,2026-05-11 16:15:19.413119,0.04762473,-1.7260764,-0.024391668,5.327356,0.70524395,-4.8301115
990,2026-05-11 16:15:19.416212,0.04762473,-1.7260764,-0.024391668,5.327356,0.70524395,-4.8301115
991,2026-05-11 16:15:19.418877,0.04762473,-1.7260764,-0.024391668,5.327356,0.70524395,-4.8301115
992,2026-05-11 16:15:19.421669,0.04762473,-1.7260764,-0.024391668,4.7719264,0.6797403,-4.3040037
993,2026-05-11 16:15:19.424267,0.04762473,-1.7260764,-0.024391668,4.7719264,0.6797403,-4.3040037
994,2026-05-11 16:15:19.426822,0.04762473,-1.7260764,-0.024391668,4.7719264,0.6797403,-4.3040037
995,2026-05-11 16:15:19.429607,0.04762473,-1.7260764,-0.024391668,4.7719264,0.6797403,-4.3040037
996,2026-05-11 16:15:19.433025,-0.3386783,-1.7145512,-0.107201375,4.7719264,0.6797403,-4.3040037
997,2026-05-11 16:15:19.436069,-0.3386783,-1.7145512,-0.107201375,4.7719264,0.6797403,-4.3040037
998,2026-05-11 16:15:19.438716,-0.3386783,-1.7145512,-0.107201375,4.7719264,0.6797403,-4.3040037
999,2026-05-11 16:15:19.441490,-0.3386783,-1.7145512,-0.107201375,4.7719264,0.6797403,-4.3040037
1000,2026-05-11 16:15:19.444224,-0.3386783,-1.7145512,-0.107201375,4.7719264,0.6797403,-4.3040037
1001,2026-05-11 16:15:19.447060,-0.60259616,-1.6568649,-0.14214244,4.7719264,0.6797403,-4.3040037
1002,2026-05-11 16:15:19.450171,-0.60259616,-1.6568649,-0.14214244,4.7719264,0.6797403,-4.3040037
1003,2026-05-11 16:15:19.453048,-0.60259616,-1.6568649,-0.14214244,4.7719264,0.6797403,-4.3040037
1004,2026-05-11 16:15:19.455736,-0.60259616,-1.6568649,-0.14214244,4.7719264,0.6797403,-4.3040037
1005,2026-05-11 16:15:19.458335,-0.60259616,-1.6568649,-0.14214244,4.7719264,0.6797403,-4.3040037
1006,2026-05-11 16:15:19.461208,-0.60259616,-1.6568649,-0.14214244,4.7719264,0.6797403,-4.3040037
1007,2026-05-11 16:15:19.463915,-0.60259616,-1.6568649,-0.14214244,4.7719264,0.6797403,-4.3040037
1008,2026-05-11 16:15:19.467024,-0.60259616,-1.6568649,-0.14214244,3.8487566,0.8390234,-3.3052392
1009,2026-05-11 16:15:19.469870,-0.60259616,-1.6568649,-0.14214244,3.8487566,0.8390234,-3.3052392
1010,2026-05-11 16:15:19.472535,-0.60259616,-1.6568649,-0.14214244,3.8487566,0.8390234,-3.3052392
1011,2026-05-11 16:15:19.475131,-0.60259616,-1.6568649,-0.14214244,3.8487566,0.8390234,-3.3052392
1012,2026-05-11 16:15:19.477837,-0.60259616,-1.6568649,-0.14214244,3.8487566,0.8390234,-3.3052392
1013,2026-05-11 16:15:19.480393,-0.60259616,-1.6568649,-0.14214244,3.8487566,0.8390234,-3.3052392
1014,2026-05-11 16:15:19.483249,-0.60259616,-1.6568649,-0.14214244,3.8487566,0.8390234,-3.3052392
1015,2026-05-11 16:15:19.486069,-0.60259616,-1.6568649,-0.14214244,3.8487566,0.8390234,-3.3052392
1016,2026-05-11 16:15:19.488660,-0.60259616,-1.6568649,-0.14214244,3.8487566,0.8390234,-3.3052392
1017,2026-05-11 16:15:19.491284,-0.60259616,-1.6568649,-0.14214244,3.8487566,0.8390234,-3.3052392
1018,2026-05-11 16:15:19.494086,-0.60259616,-1.6568649,-0.14214244,3.8487566,0.8390234,-3.3052392
1019,2026-05-11 16:15:19.496774,-0.60259616,-1.6568649,-0.14214244,3.8487566,0.8390234,-3.3052392
1020,2026-05-11 16:15:19.499778,-0.60259616,-1.6568649,-0.14214244,3.8487566,0.8390234,-3.3052392
1021,2026-05-11 16:15:19.502460,-0.60259616,-1.6568649,-0.14214244,3.8487566,0.8390234,-3.3052392
1022,2026-05-11 16:15:19.505082,-0.60259616,-1.6568649,-0.14214244,3.8487566,0.8390234,-3.3052392
1023,2026-05-11 16:15:19.507839,-0.70851696,-1.601191,-0.1575092,3.8487566,0.8390234,-3.3052392
1024,2026-05-11 16:15:19.510562,-0.70851696,-1.601191,-0.1575092,3.8487566,0.8390234,-3.3052392
1025,2026-05-11 16:15:19.513175,-0.70851696,-1.601191,-0.1575092,3.8487566,0.8390234,-3.3052392
1026,2026-05-11 16:15:19.516123,-0.70851696,-1.601191,-0.1575092,3.8487566,0.8390234,-3.3052392
1027,2026-05-11 16:15:19.519639,-0.70851696,-1.601191,-0.1575092,3.524998,0.94882643,-2.9407053
1028,2026-05-11 16:15:19.522643,-0.77632576,-1.3442857,-0.21306121,2.3200662,1.5178474,-1.6136005
1029,2026-05-11 16:15:19.525436,-0.77632576,-1.3442857,-0.21306121,2.3200662,1.5178474,-1.6136005
1030,2026-05-11 16:15:19.528088,-0.77632576,-1.3442857,-0.21306121,2.3200662,1.5178474,-1.6136005
1031,2026-05-11 16:15:19.530829,-0.77632576,-1.3442857,-0.21306121,2.3200662,1.5178474,-1.6136005
1032,2026-05-11 16:15:19.534145,-0.77632576,-1.3442857,-0.21306121,2.3200662,1.5178474,-1.6136005
1033,2026-05-11 16:15:19.537045,-0.77632576,-1.3442857,-0.21306121,2.3200662,1.5178474,-1.6136005
1034,2026-05-11 16:15:19.539765,-0.77632576,-1.3442857,-0.21306121,1.5804611,1.9457586,-0.9068295
1035,2026-05-11 16:15:19.542339,-0.77632576,-1.3442857,-0.21306121,1.5804611,1.9457586,-0.9068295
1036,2026-05-11 16:15:19.545158,-0.77632576,-1.3442857,-0.21306121,1.5804611,1.9457586,-0.9068295
1037,2026-05-11 16:15:19.547841,-0.77632576,-1.3442857,-0.21306121,1.5804611,1.9457586,-0.9068295
1038,2026-05-11 16:15:19.550947,-0.77632576,-1.3442857,-0.21306121,1.5804611,1.9457586,-0.9068295
1039,2026-05-11 16:15:19.553642,-0.77632576,-1.3442857,-0.21306121,1.5804611,1.9457586,-0.9068295
1040,2026-05-11 16:15:19.556390,-0.77632576,-1.3442857,-0.21306121,1.5804611,1.9457586,-0.9068295
1041,2026-05-11 16:15:19.558986,-0.77632576,-1.3442857,-0.21306121,1.5804611,1.9457586,-0.9068295
1042,2026-05-11 16:15:19.561683,-0.83974415,-1.2659885,-0.23306239,0.6356053,2.526844,-0.060170226
1043,2026-05-11 16:15:19.564265,-0.83974415,-1.2659885,-0.23306239,0.6356053,2.526844,-0.060170226
1044,2026-05-11 16:15:19.567309,-0.83974415,-1.2659885,-0.23306239,0.6356053,2.526844,-0.060170226
1045,2026-05-11 16:15:19.570092,-0.83974415,-1.2659885,-0.23306239,0.6356053,2.526844,-0.060170226
1046,2026-05-11 16:15:19.572688,-0.83974415,-1.2659885,-0.23306239,0.6356053,2.526844,-0.060170226
1047,2026-05-11 16:15:19.575279,-0.83974415,-1.2659885,-0.23306239,0.6356053,2.526844,-0.060170226
1048,2026-05-11 16:15:19.577976,-0.83974415,-1.2659885,-0.23306239,0.6356053,2.526844,-0.060170226
1049,2026-05-11 16:15:19.580842,-0.8617576,-1.1818982,-0.24757542,-0.39064834,2.85946,1.0859656
1050,2026-05-11 16:15:19.583939,-0.8617576,-1.1818982,-0.24757542,-0.39064834,2.85946,1.0859656
1051,2026-05-11 16:15:19.586693,-0.8178526,-1.1407983,-0.25019753,-0.39064834,2.85946,1.0859656
1052,2026-05-11 16:15:19.589424,-0.8178526,-1.1407983,-0.25019753,-0.39064834,2.85946,1.0859656
1053,2026-05-11 16:15:19.591998,-0.8178526,-1.1407983,-0.25019753,-0.39064834,2.85946,1.0859656
1054,2026-05-11 16:15:19.594730,-0.8178526,-1.1407983,-0.25019753,-0.39064834,2.85946,1.0859656
1055,2026-05-11 16:15:19.597318,-0.8178526,-1.1407983,-0.25019753,-0.39064834,2.85946,1.0859656
1056,2026-05-11 16:15:19.600507,-0.8178526,-1.1407983,-0.25019753,-0.39064834,2.85946,1.0859656
1057,2026-05-11 16:15:19.603328,-0.8178526,-1.1407983,-0.25019753,-0.39064834,2.85946,1.0859656
1058,2026-05-11 16:15:19.605954,-0.8178526,-1.1407983,-0.25019753,-0.39064834,2.85946,1.0859656
1059,2026-05-11 16:15:19.608604,-0.8178526,-1.1407983,-0.25019753,-0.39064834,2.85946,1.0859656
1060,2026-05-11 16:15:19.611381,-0.8178526,-1.1407983,-0.25019753,-0.39064834,2.85946,1.0859656
1061,2026-05-11 16:15:19.614011,-0.8178526,-1.1407983,-0.25019753,-0.39064834,2.85946,1.0859656
1062,2026-05-11 16:15:19.617498,-0.8178526,-1.1407983,-0.25019753,-0.7086037,2.8643472,1.4702
1063,2026-05-11 16:15:19.620496,-0.8178526,-1.1407983,-0.25019753,-0.7086037,2.8643472,1.4702
1064,2026-05-11 16:15:19.623138,-0.8178526,-1.1407983,-0.25019753,-0.7086037,2.8643472,1.4702
1065,2026-05-11 16:15:19.625806,-0.8178526,-1.1407983,-0.25019753,-0.7086037,2.8643472,1.4702
1066,2026-05-11 16:15:19.628565,-0.8178526,-1.1407983,-0.25019753,-0.7086037,2.8643472,1.4702
1067,2026-05-11 16:15:19.631571,-0.5728993,-1.1156749,-0.24037987,-1.6308575,2.7908907,2.5705209
1068,2026-05-11 16:15:19.635117,-0.5728993,-1.1156749,-0.24037987,-1.6308575,2.7908907,2.5705209
1069,2026-05-11 16:15:19.638089,-0.5728993,-1.1156749,-0.24037987,-1.6308575,2.7908907,2.5705209
1070,2026-05-11 16:15:19.640741,-0.5728993,-1.1156749,-0.24037987,-1.6308575,2.7908907,2.5705209
1071,2026-05-11 16:15:19.643355,-0.5728993,-1.1156749,-0.24037987,-1.6308575,2.7908907,2.5705209
1072,2026-05-11 16:15:19.646130,-0.5728993,-1.1156749,-0.24037987,-1.6308575,2.7908907,2.5705209
1073,2026-05-11 16:15:19.649259,-0.5728993,-1.1156749,-0.24037987,-1.6308575,2.7908907,2.5705209
1074,2026-05-11 16:15:19.652277,-0.5728993,-1.1156749,-0.24037987,-1.6308575,2.7908907,2.5705209
1075,2026-05-11 16:15:19.655105,-0.5728993,-1.1156749,-0.24037987,-2.6995661,2.8394544,3.6344955
1076,2026-05-11 16:15:19.657761,-0.23684308,-1.1032351,-0.17379062,-2.6995661,2.8394544,3.6344955
1077,2026-05-11 16:15:19.660366,-0.23684308,-1.1032351,-0.17379062,-2.6995661,2.8394544,3.6344955
1078,2026-05-11 16:15:19.663135,-0.0140252095,-1.0972592,-0.099822894,-2.6995661,2.8394544,3.6344955
1079,2026-05-11 16:15:19.666314,-0.0140252095,-1.0972592,-0.099822894,-2.6995661,2.8394544,3.6344955
1080,2026-05-11 16:15:19.669166,-0.0140252095,-1.0972592,-0.099822894,-2.6995661,2.8394544,3.6344955
1081,2026-05-11 16:15:19.671883,-0.0140252095,-1.0972592,-0.099822894,-2.6995661,2.8394544,3.6344955
1082,2026-05-11 16:15:19.674716,-0.0140252095,-1.0972592,-0.099822894,-3.0839531,2.8577802,4.003
1083,2026-05-11 16:15:19.677458,0.16153382,-1.1068939,-0.039758418,-3.5984545,2.806162,4.5459065
1084,2026-05-11 16:15:19.680188,0.16153382,-1.1068939,-0.039758418,-3.5984545,2.806162,4.5459065
1085,2026-05-11 16:15:19.683365,0.16153382,-1.1068939,-0.039758418,-3.5984545,2.806162,4.5459065
1086,2026-05-11 16:15:19.686112,0.16153382,-1.1068939,-0.039758418,-3.5984545,2.806162,4.5459065
1087,2026-05-11 16:15:19.688791,0.16153382,-1.1068939,-0.039758418,-3.5984545,2.806162,4.5459065
1088,2026-05-11 16:15:19.691491,0.16153382,-1.1068939,-0.039758418,-3.5984545,2.806162,4.5459065
1089,2026-05-11 16:15:19.694183,0.16153382,-1.1068939,-0.039758418,-3.5984545,2.806162,4.5459065
1090,2026-05-11 16:15:19.696841,0.16153382,-1.1068939,-0.039758418,-3.5984545,2.806162,4.5459065
1091,2026-05-11 16:15:19.699843,0.16153382,-1.1068939,-0.039758418,-3.5984545,2.806162,4.5459065
1092,2026-05-11 16:15:19.702713,0.16153382,-1.1068939,-0.039758418,-3.8282926,2.7183504,4.8533244
1093,2026-05-11 16:15:19.705376,0.2920902,-1.1226875,0.046405144,-3.8282926,2.7183504,4.8533244
1094,2026-05-11 16:15:19.707987,0.2920902,-1.1226875,0.046405144,-3.8282926,2.7183504,4.8533244
1095,2026-05-11 16:15:19.710805,0.2920902,-1.1226875,0.046405144,-3.8282926,2.7183504,4.8533244
1096,2026-05-11 16:15:19.713489,0.2920902,-1.1226875,0.046405144,-3.8282926,2.7183504,4.8533244
1097,2026-05-11 16:15:19.716460,0.2920902,-1.1226875,0.046405144,-3.8282926,2.7183504,4.8533244
1098,2026-05-11 16:15:19.719244,0.2920902,-1.1226875,0.046405144,-3.8282926,2.7183504,4.8533244
1099,2026-05-11 16:15:19.721877,0.2920902,-1.1226875,0.046405144,-3.8282926,2.7183504,4.8533244
1100,2026-05-11 16:15:19.724448,0.2920902,-1.1226875,0.046405144,-3.8282926,2.7183504,4.8533244
1101,2026-05-11 16:15:19.727206,0.2920902,-1.1226875,0.046405144,-3.8282926,2.7183504,4.8533244
1102,2026-05-11 16:15:19.729993,0.43520832,-1.1404933,0.19879209,-3.9881864,1.8874209,6.049551
1103,2026-05-11 16:15:19.733076,0.43520832,-1.1404933,0.19879209,-3.9881864,1.8874209,6.049551
1104,2026-05-11 16:15:19.735818,0.43520832,-1.1404933,0.19879209,-3.9881864,1.8874209,6.049551
1105,2026-05-11 16:15:19.738698,0.43520832,-1.1404933,0.19879209,-3.9881864,1.8874209,6.049551
1106,2026-05-11 16:15:19.741350,0.5535689,-1.1716537,0.30873755,-3.9881864,1.8874209,6.049551
1107,2026-05-11 16:15:19.744073,0.5535689,-1.1716537,0.30873755,-3.9881864,1.8874209,6.049551
1108,2026-05-11 16:15:19.746672,0.5535689,-1.1716537,0.30873755,-3.9881864,1.8874209,6.049551
1109,2026-05-11 16:15:19.749903,0.5535689,-1.1716537,0.30873755,-3.9881864,1.8874209,6.049551
1110,2026-05-11 16:15:19.752619,0.5535689,-1.1716537,0.30873755,-3.9881864,1.8874209,6.049551
1111,2026-05-11 16:15:19.755448,0.5535689,-1.1716537,0.30873755,-3.9881864,1.8874209,6.049551
1112,2026-05-11 16:15:19.758197,0.7007726,-1.1614093,0.38386387,-3.8489091,1.4544702,6.6740084
1113,2026-05-11 16:15:19.760916,0.7007726,-1.1614093,0.38386387,-3.8489091,1.4544702,6.6740084
1114,2026-05-11 16:15:19.763504,0.7007726,-1.1614093,0.38386387,-3.8489091,1.4544702,6.6740084
1115,2026-05-11 16:15:19.766587,0.7007726,-1.1614093,0.38386387,-3.8489091,1.4544702,6.6740084
1116,2026-05-11 16:15:19.769409,0.7007726,-1.1614093,0.38386387,-3.8489091,1.4544702,6.6740084
1117,2026-05-11 16:15:19.772013,0.7007726,-1.1614093,0.38386387,-3.8489091,1.4544702,6.6740084
1118,2026-05-11 16:15:19.774591,0.7007726,-1.1614093,0.38386387,-3.8489091,1.4544702,6.6740084
1119,2026-05-11 16:15:19.777378,0.9860331,-1.132993,0.45856333,-3.6264014,1.0569496,7.202101
1120,2026-05-11 16:15:19.780017,1.2367185,-1.0734773,0.4981998,-3.4631479,0.8562804,7.4403386
1121,2026-05-11 16:15:19.783025,1.2367185,-1.0734773,0.4981998,-3.4631479,0.8562804,7.4403386
1122,2026-05-11 16:15:19.785788,1.2367185,-1.0734773,0.4981998,-3.4631479,0.8562804,7.4403386
1123,2026-05-11 16:15:19.788427,1.2367185,-1.0734773,0.4981998,-3.4631479,0.8562804,7.4403386
1124,2026-05-11 16:15:19.791140,1.2367185,-1.0734773,0.4981998,-3.4631479,0.8562804,7.4403386
1125,2026-05-11 16:15:19.793864,1.2367185,-1.0734773,0.4981998,-3.4631479,0.8562804,7.4403386
1126,2026-05-11 16:15:19.796695,1.2367185,-1.0734773,0.4981998,-3.4631479,0.8562804,7.4403386
1127,2026-05-11 16:15:19.799698,1.2367185,-1.0734773,0.4981998,-3.4631479,0.8562804,7.4403386
1128,2026-05-11 16:15:19.802512,1.2367185,-1.0734773,0.4981998,-3.4631479,0.8562804,7.4403386
1129,2026-05-11 16:15:19.805121,1.2367185,-1.0734773,0.4981998,-3.4631479,0.8562804,7.4403386
1130,2026-05-11 16:15:19.807867,1.2367185,-1.0734773,0.4981998,-3.4631479,0.8562804,7.4403386
1131,2026-05-11 16:15:19.810491,1.2367185,-1.0734773,0.4981998,-3.4631479,0.8562804,7.4403386
1132,2026-05-11 16:15:19.813049,1.2367185,-1.0734773,0.4981998,-3.4631479,0.8562804,7.4403386
1133,2026-05-11 16:15:19.818423,1.2367185,-1.0734773,0.4981998,-3.4631479,0.8562804,7.4403386
1134,2026-05-11 16:15:19.843010,1.618753,-0.89322287,0.4953338,-3.090062,0.35643986,7.7509637
1135,2026-05-11 16:15:19.846412,1.618753,-0.89322287,0.4953338,-3.090062,0.35643986,7.7509637
1136,2026-05-11 16:15:19.855927,1.618753,-0.89322287,0.4953338,-3.090062,0.35643986,7.7509637
1137,2026-05-11 16:15:19.858739,1.618753,-0.89322287,0.4953338,-3.090062,0.35643986,7.7509637
1138,2026-05-11 16:15:19.861332,1.618753,-0.89322287,0.4953338,-3.090062,0.35643986,7.7509637
1139,2026-05-11 16:15:19.864150,1.618753,-0.89322287,0.4953338,-3.090062,0.35643986,7.7509637
1140,2026-05-11 16:15:19.867208,1.618753,-0.89322287,0.4953338,-3.090062,0.35643986,7.7509637
1141,2026-05-11 16:15:19.870035,1.618753,-0.89322287,0.4953338,-3.090062,0.35643986,7.7509637
1142,2026-05-11 16:15:19.872770,1.618753,-0.89322287,0.4953338,-3.090062,0.35643986,7.7509637
1143,2026-05-11 16:15:19.875513,1.618753,-0.89322287,0.4953338,-3.090062,0.35643986,7.7509637
1144,2026-05-11 16:15:19.878140,1.618753,-0.89322287,0.4953338,-3.090062,0.35643986,7.7509637
1145,2026-05-11 16:15:19.880922,1.618753,-0.89322287,0.4953338,-2.78692,-0.09789115,7.783645
1146,2026-05-11 16:15:19.884007,1.618753,-0.89322287,0.4953338,-2.78692,-0.09789115,7.783645
1147,2026-05-11 16:15:19.886762,1.618753,-0.89322287,0.4953338,-2.78692,-0.09789115,7.783645
1148,2026-05-11 16:15:19.889499,1.618753,-0.89322287,0.4953338,-2.78692,-0.09789115,7.783645
1149,2026-05-11 16:15:19.892230,1.618753,-0.89322287,0.4953338,-2.78692,-0.09789115,7.783645
1150,2026-05-11 16:15:19.894910,1.618753,-0.89322287,0.4953338,-2.78692,-0.09789115,7.783645
1151,2026-05-11 16:15:19.897717,1.618753,-0.89322287,0.4953338,-2.78692,-0.09789115,7.783645
1152,2026-05-11 16:15:19.900755,1.618753,-0.89322287,0.4953338,-2.78692,-0.09789115,7.783645
1153,2026-05-11 16:15:19.903496,1.618753,-0.89322287,0.4953338,-2.78692,-0.09789115,7.783645
1154,2026-05-11 16:15:19.906101,1.618753,-0.89322287,0.4953338,-2.78692,-0.09789115,7.783645
1155,2026-05-11 16:15:19.908856,1.618753,-0.89322287,0.4953338,-2.78692,-0.09789115,7.783645
1156,2026-05-11 16:15:19.911576,2.0131662,-0.4496604,0.5399705,-2.78692,-0.09789115,7.783645
1157,2026-05-11 16:15:19.914206,2.0131662,-0.4496604,0.5399705,-2.78692,-0.09789115,7.783645
1158,2026-05-11 16:15:19.917410,2.0131662,-0.4496604,0.5399705,-2.78692,-0.09789115,7.783645
1159,2026-05-11 16:15:19.920174,2.5779555,0.020854875,0.7625445,-2.3263276,-0.63163465,7.6309285
1160,2026-05-11 16:15:19.922928,2.5779555,0.020854875,0.7625445,-2.3263276,-0.63163465,7.6309285
1161,2026-05-11 16:15:19.925499,2.5779555,0.020854875,0.7625445,-2.3263276,-0.63163465,7.6309285
1162,2026-05-11 16:15:19.928189,2.5779555,0.020854875,0.7625445,-2.3263276,-0.63163465,7.6309285
1163,2026-05-11 16:15:19.930882,2.5779555,0.020854875,0.7625445,-2.3263276,-0.63163465,7.6309285
1164,2026-05-11 16:15:19.933921,2.5779555,0.020854875,0.7625445,-2.3263276,-0.63163465,7.6309285
1165,2026-05-11 16:15:19.936552,2.5779555,0.020854875,0.7625445,-2.3263276,-0.63163465,7.6309285
1166,2026-05-11 16:15:19.939103,2.5779555,0.020854875,0.7625445,-2.3263276,-0.63163465,7.6309285
1167,2026-05-11 16:15:19.941730,2.5779555,0.020854875,0.7625445,-2.3263276,-0.63163465,7.6309285
1168,2026-05-11 16:15:19.944228,2.5779555,0.020854875,0.7625445,-2.3263276,-0.63163465,7.6309285
1169,2026-05-11 16:15:19.946918,2.5779555,0.020854875,0.7625445,-2.3263276,-0.63163465,7.6309285
1170,2026-05-11 16:15:19.950179,2.5779555,0.020854875,0.7625445,-2.3263276,-0.63163465,7.6309285
1171,2026-05-11 16:15:19.952911,2.5779555,0.020854875,0.7625445,-2.3263276,-0.63163465,7.6309285
1172,2026-05-11 16:15:19.955701,3.0097487,0.41996354,0.922127,-2.3263276,-0.63163465,7.6309285
1173,2026-05-11 16:15:19.958333,3.0097487,0.41996354,0.922127,-2.3263276,-0.63163465,7.6309285
1174,2026-05-11 16:15:19.960912,3.0097487,0.41996354,0.922127,-2.3263276,-0.63163465,7.6309285
1175,2026-05-11 16:15:19.963634,3.0097487,0.41996354,0.922127,-2.3263276,-0.63163465,7.6309285
1176,2026-05-11 16:15:19.966571,3.0097487,0.41996354,0.922127,-2.3263276,-0.63163465,7.6309285
1177,2026-05-11 16:15:19.969357,3.0097487,0.41996354,0.922127,-2.3263276,-0.63163465,7.6309285
1178,2026-05-11 16:15:19.971989,3.0097487,0.41996354,0.922127,-2.3263276,-0.63163465,7.6309285
1179,2026-05-11 16:15:19.974570,3.0097487,0.41996354,0.922127,-2.3263276,-0.63163465,7.6309285
1180,2026-05-11 16:15:19.977378,3.0097487,0.41996354,0.922127,-2.3263276,-0.63163465,7.6309285
1181,2026-05-11 16:15:19.979958,3.0097487,0.41996354,0.922127,-2.3263276,-0.63163465,7.6309285
1182,2026-05-11 16:15:19.983019,3.0097487,0.41996354,0.922127,-2.3263276,-0.63163465,7.6309285
1183,2026-05-11 16:15:19.985800,3.0097487,0.41996354,0.922127,-2.3263276,-0.63163465,7.6309285
1184,2026-05-11 16:15:19.988529,3.0097487,0.41996354,0.922127,-2.3263276,-0.63163465,7.6309285
1185,2026-05-11 16:15:19.991274,3.0097487,0.41996354,0.922127,-2.3263276,-0.63163465,7.6309285
1186,2026-05-11 16:15:19.993881,3.0097487,0.41996354,0.922127,-2.3263276,-0.63163465,7.6309285
1187,2026-05-11 16:15:19.996556,3.0097487,0.41996354,0.922127,-2.3263276,-0.63163465,7.6309285
1188,2026-05-11 16:15:19.999606,3.0097487,0.41996354,0.922127,-1.6566665,-0.90026265,7.0883274
1189,2026-05-11 16:15:20.002561,3.0097487,0.41996354,0.922127,-1.6566665,-0.90026265,7.0883274
1190,2026-05-11 16:15:20.005192,3.0097487,0.41996354,0.922127,-1.6566665,-0.90026265,7.0883274
1191,2026-05-11 16:15:20.008063,3.0097487,0.41996354,0.922127,-1.6566665,-0.90026265,7.0883274
1192,2026-05-11 16:15:20.010818,3.0097487,0.41996354,0.922127,-1.6566665,-0.90026265,7.0883274
1193,2026-05-11 16:15:20.013486,3.0097487,0.41996354,0.922127,-0.88300574,-1.0155635,6.279542
1194,2026-05-11 16:15:20.016516,3.1398172,0.78138703,0.94164026,-0.88300574,-1.0155635,6.279542
1195,2026-05-11 16:15:20.019304,3.1398172,0.78138703,0.94164026,-0.88300574,-1.0155635,6.279542
1196,2026-05-11 16:15:20.021891,3.1398172,0.78138703,0.94164026,-0.88300574,-1.0155635,6.279542
1197,2026-05-11 16:15:20.024653,3.1398172,0.78138703,0.94164026,-0.88300574,-1.0155635,6.279542
1198,2026-05-11 16:15:20.027370,3.1398172,0.78138703,0.94164026,-0.88300574,-1.0155635,6.279542
1199,2026-05-11 16:15:20.029962,3.1398172,0.78138703,0.94164026,-0.88300574,-1.0155635,6.279542
1200,2026-05-11 16:15:20.033018,3.1398172,0.78138703,0.94164026,-0.88300574,-1.0155635,6.279542
1201,2026-05-11 16:15:20.035745,3.1398172,0.78138703,0.94164026,-0.88300574,-1.0155635,6.279542
1202,2026-05-11 16:15:20.038340,3.1398172,0.78138703,0.94164026,-0.88300574,-1.0155635,6.279542
1203,2026-05-11 16:15:20.041075,3.1398172,0.78138703,0.94164026,-0.88300574,-1.0155635,6.279542
1204,2026-05-11 16:15:20.043657,3.1398172,0.78138703,0.94164026,-0.88300574,-1.0155635,6.279542
1205,2026-05-11 16:15:20.046352,3.1398172,0.78138703,0.94164026,-0.88300574,-1.0155635,6.279542
1206,2026-05-11 16:15:20.049443,3.1398172,0.78138703,0.94164026,-0.88300574,-1.0155635,6.279542
1207,2026-05-11 16:15:20.052535,3.1398172,0.78138703,0.94164026,-0.88300574,-1.0155635,6.279542
1208,2026-05-11 16:15:20.055260,3.1398172,0.78138703,0.94164026,-0.88300574,-1.0155635,6.279542
1209,2026-05-11 16:15:20.057963,3.1398172,0.78138703,0.94164026,-0.88300574,-1.0155635,6.279542
1210,2026-05-11 16:15:20.060689,3.1398172,0.78138703,0.94164026,-0.88300574,-1.0155635,6.279542
1211,2026-05-11 16:15:20.063328,3.1398172,0.78138703,0.94164026,-0.88300574,-1.0155635,6.279542
1212,2026-05-11 16:15:20.066359,3.1398172,0.78138703,0.94164026,-0.88300574,-1.0155635,6.279542
1213,2026-05-11 16:15:20.069245,3.1398172,0.78138703,0.94164026,-0.88300574,-1.0155635,6.279542
1214,2026-05-11 16:15:20.071842,3.1398172,0.78138703,0.94164026,-0.88300574,-1.0155635,6.279542
1215,2026-05-11 16:15:20.074428,3.1398172,0.78138703,0.94164026,-0.88300574,-1.0155635,6.279542
1216,2026-05-11 16:15:20.077187,3.1398172,0.78138703,0.94164026,-0.88300574,-1.0155635,6.279542
1217,2026-05-11 16:15:20.079827,3.1398172,0.78138703,0.94164026,-0.88300574,-1.0155635,6.279542
1218,2026-05-11 16:15:20.082936,3.1398172,0.78138703,0.94164026,-0.88300574,-1.0155635,6.279542
1219,2026-05-11 16:15:20.085634,3.1398172,0.78138703,0.94164026,-0.88300574,-1.0155635,6.279542
1220,2026-05-11 16:15:20.088431,3.1695142,1.1997042,0.87712437,-0.88300574,-1.0155635,6.279542
1221,2026-05-11 16:15:20.091025,3.1695142,1.1997042,0.87712437,-0.88300574,-1.0155635,6.279542
1222,2026-05-11 16:15:20.093675,3.1695142,1.1997042,0.87712437,-0.88300574,-1.0155635,6.279542
1223,2026-05-11 16:15:20.096234,3.1695142,1.1997042,0.87712437,-0.88300574,-1.0155635,6.279542
1224,2026-05-11 16:15:20.099137,3.1653066,1.592105,0.69851637,0.032986723,-0.5900958,5.343849
1225,2026-05-11 16:15:20.102262,3.1653066,1.592105,0.69851637,0.032986723,-0.5900958,5.343849
1226,2026-05-11 16:15:20.104889,3.1653066,1.592105,0.69851637,0.032986723,-0.5900958,5.343849
1227,2026-05-11 16:15:20.107616,3.1653066,1.592105,0.69851637,0.7405214,0.29245174,4.1395283
1228,2026-05-11 16:15:20.110239,3.1653066,1.592105,0.69851637,0.7405214,0.29245174,4.1395283
1229,2026-05-11 16:15:20.112852,3.1653066,1.592105,0.69851637,0.7405214,0.29245174,4.1395283
1230,2026-05-11 16:15:20.115741,3.1653066,1.592105,0.69851637,0.7405214,0.29245174,4.1395283
1231,2026-05-11 16:15:20.118928,3.1653066,1.592105,0.69851637,0.7405214,0.29245174,4.1395283
1232,2026-05-11 16:15:20.121682,3.1653066,1.592105,0.69851637,0.7405214,0.29245174,4.1395283
1233,2026-05-11 16:15:20.124434,3.1653066,1.592105,0.69851637,0.7405214,0.29245174,4.1395283
1234,2026-05-11 16:15:20.127130,2.8757775,1.8202282,0.4974071,0.89659745,0.8503244,3.2898147
1235,2026-05-11 16:15:20.129943,2.8757775,1.8202282,0.4974071,0.89659745,0.8503244,3.2898147
1236,2026-05-11 16:15:20.133088,2.5426486,1.9426134,0.42063433,0.89659745,0.8503244,3.2898147
1237,2026-05-11 16:15:20.136029,2.5426486,1.9426134,0.42063433,0.89659745,0.8503244,3.2898147
1238,2026-05-11 16:15:20.138674,2.5426486,1.9426134,0.42063433,0.89659745,0.8503244,3.2898147
1239,2026-05-11 16:15:20.141245,2.5426486,1.9426134,0.42063433,0.89659745,0.8503244,3.2898147
1240,2026-05-11 16:15:20.143844,2.5426486,1.9426134,0.42063433,0.89659745,0.8503244,3.2898147
1241,2026-05-11 16:15:20.146402,2.5426486,1.9426134,0.42063433,0.89659745,0.8503244,3.2898147
1242,2026-05-11 16:15:20.149368,2.5426486,1.9426134,0.42063433,0.89659745,0.8503244,3.2898147
1243,2026-05-11 16:15:20.152147,2.5426486,1.9426134,0.42063433,0.89659745,0.8503244,3.2898147
1244,2026-05-11 16:15:20.154749,2.5426486,1.9426134,0.42063433,0.89659745,0.8503244,3.2898147
1245,2026-05-11 16:15:20.157397,2.5426486,1.9426134,0.42063433,0.89659745,0.8503244,3.2898147
1246,2026-05-11 16:15:20.159966,2.5426486,1.9426134,0.42063433,0.89659745,0.8503244,3.2898147
1247,2026-05-11 16:15:20.162633,2.5426486,1.9426134,0.42063433,0.89659745,0.8503244,3.2898147
1248,2026-05-11 16:15:20.165201,2.5426486,1.9426134,0.42063433,0.89659745,0.8503244,3.2898147
1249,2026-05-11 16:15:20.168416,2.5426486,1.9426134,0.42063433,0.89659745,0.8503244,3.2898147
1250,2026-05-11 16:15:20.171260,2.5426486,1.9426134,0.42063433,0.89659745,0.8503244,3.2898147
1251,2026-05-11 16:15:20.174045,2.5426486,1.9426134,0.42063433,0.89568114,1.3281738,2.5862508
1252,2026-05-11 16:15:20.176811,2.5426486,1.9426134,0.42063433,0.89568114,1.3281738,2.5862508
1253,2026-05-11 16:15:20.179476,2.5426486,1.9426134,0.42063433,0.89568114,1.3281738,2.5862508
1254,2026-05-11 16:15:20.182493,2.5426486,1.9426134,0.42063433,0.89568114,1.3281738,2.5862508
1255,2026-05-11 16:15:20.185579,2.5426486,1.9426134,0.42063433,0.89568114,1.3281738,2.5862508
1256,2026-05-11 16:15:20.188357,2.5426486,1.9426134,0.42063433,0.89568114,1.3281738,2.5862508
1257,2026-05-11 16:15:20.191060,2.2904384,1.9673098,0.3679483,0.89568114,1.3281738,2.5862508
1258,2026-05-11 16:15:20.193680,2.2904384,1.9673098,0.3679483,0.89568114,1.3281738,2.5862508
1259,2026-05-11 16:15:20.196388,2.2904384,1.9673098,0.3679483,0.89568114,1.3281738,2.5862508
1260,2026-05-11 16:15:20.199383,2.2904384,1.9673098,0.3679483,0.89568114,1.3281738,2.5862508
1261,2026-05-11 16:15:20.202440,2.2904384,1.9673098,0.3679483,0.91919947,1.4680619,2.3041837
1262,2026-05-11 16:15:20.205261,2.0703037,1.9221244,0.20769504,1.0861185,1.2186762,1.7017179
1263,2026-05-11 16:15:20.207880,2.0703037,1.9221244,0.20769504,1.0861185,1.2186762,1.7017179
1264,2026-05-11 16:15:20.210439,2.0703037,1.9221244,0.20769504,1.0861185,1.2186762,1.7017179
1265,2026-05-11 16:15:20.213307,2.0703037,1.9221244,0.20769504,1.0861185,1.2186762,1.7017179
1266,2026-05-11 16:15:20.216460,2.0703037,1.9221244,0.20769504,1.0861185,1.2186762,1.7017179
1267,2026-05-11 16:15:20.219322,2.0703037,1.9221244,0.20769504,1.0861185,1.2186762,1.7017179
1268,2026-05-11 16:15:20.221946,2.0703037,1.9221244,0.20769504,1.0861185,1.2186762,1.7017179
1269,2026-05-11 16:15:20.224540,2.0703037,1.9221244,0.20769504,1.0861185,1.2186762,1.7017179
1270,2026-05-11 16:15:20.227154,2.0703037,1.9221244,0.20769504,1.0861185,1.2186762,1.7017179
1271,2026-05-11 16:15:20.229721,2.0703037,1.9221244,0.20769504,1.0861185,1.2186762,1.7017179
1272,2026-05-11 16:15:20.233152,2.0703037,1.9221244,0.20769504,1.0861185,1.2186762,1.7017179
1273,2026-05-11 16:15:20.235893,2.0703037,1.9221244,0.20769504,1.0861185,1.2186762,1.7017179
1274,2026-05-11 16:15:20.238786,1.9500527,1.8454126,0.089700356,1.2368494,0.889878,1.3355042
1275,2026-05-11 16:15:20.241498,1.7844335,1.7857139,-0.032318957,1.4474452,0.41798455,0.86391616
1276,2026-05-11 16:15:20.244105,1.7844335,1.7857139,-0.032318957,1.4474452,0.41798455,0.86391616
1277,2026-05-11 16:15:20.246724,1.7844335,1.7857139,-0.032318957,1.4474452,0.41798455,0.86391616
1278,2026-05-11 16:15:20.249619,1.7844335,1.7857139,-0.032318957,1.4474452,0.41798455,0.86391616
1279,2026-05-11 16:15:20.252529,1.5146006,1.7050385,-0.21428078,1.5044084,-0.010231993,0.3820962
1280,2026-05-11 16:15:20.255114,1.5146006,1.7050385,-0.21428078,1.5044084,-0.010231993,0.3820962
1281,2026-05-11 16:15:20.257674,1.5146006,1.7050385,-0.21428078,1.5044084,-0.010231993,0.3820962
1282,2026-05-11 16:15:20.260598,1.5146006,1.7050385,-0.21428078,1.5044084,-0.010231993,0.3820962
1283,2026-05-11 16:15:20.263364,1.5146006,1.7050385,-0.21428078,1.5044084,-0.010231993,0.3820962
1284,2026-05-11 16:15:20.266538,1.5146006,1.7050385,-0.21428078,1.5044084,-0.010231993,0.3820962
1285,2026-05-11 16:15:20.269429,1.5146006,1.7050385,-0.21428078,1.5044084,-0.010231993,0.3820962
1286,2026-05-11 16:15:20.272244,1.5146006,1.7050385,-0.21428078,1.5044084,-0.010231993,0.3820962
1287,2026-05-11 16:15:20.274980,1.5146006,1.7050385,-0.21428078,1.5044084,-0.010231993,0.3820962
1288,2026-05-11 16:15:20.277710,1.3991671,1.6827201,-0.30532268,1.4030048,-0.099571034,0.23243423
1289,2026-05-11 16:15:20.280314,1.3991671,1.6827201,-0.30532268,1.4030048,-0.099571034,0.23243423
1290,2026-05-11 16:15:20.283221,1.3991671,1.6827201,-0.30532268,1.4030048,-0.099571034,0.23243423
1291,2026-05-11 16:15:20.286497,1.3991671,1.6827201,-0.30532268,1.4030048,-0.099571034,0.23243423
1292,2026-05-11 16:15:20.289212,1.3991671,1.6827201,-0.30532268,1.4030048,-0.099571034,0.23243423
1293,2026-05-11 16:15:20.291802,1.3991671,1.6827201,-0.30532268,1.4030048,-0.099571034,0.23243423
1294,2026-05-11 16:15:20.294662,1.3991671,1.6827201,-0.30532268,1.4030048,-0.099571034,0.23243423
1295,2026-05-11 16:15:20.297483,1.3991671,1.6827201,-0.30532268,1.0596985,-0.1217149,0.088728175
1296,2026-05-11 16:15:20.300616,1.3991671,1.6827201,-0.30532268,1.0596985,-0.1217149,0.088728175
1297,2026-05-11 16:15:20.303642,1.3759949,1.7311985,-0.42801276,1.0596985,-0.1217149,0.088728175
1298,2026-05-11 16:15:20.306281,1.3759949,1.7311985,-0.42801276,1.0596985,-0.1217149,0.088728175
1299,2026-05-11 16:15:20.308890,1.3759949,1.7311985,-0.42801276,1.0596985,-0.1217149,0.088728175
1300,2026-05-11 16:15:20.311629,1.3759949,1.7311985,-0.42801276,1.0596985,-0.1217149,0.088728175
1301,2026-05-11 16:15:20.314232,1.3759949,1.7311985,-0.42801276,1.0596985,-0.1217149,0.088728175
1302,2026-05-11 16:15:20.317313,1.3759949,1.7311985,-0.42801276,1.0596985,-0.1217149,0.088728175
1303,2026-05-11 16:15:20.320066,1.3759949,1.7311985,-0.42801276,1.0596985,-0.1217149,0.088728175
1304,2026-05-11 16:15:20.322637,1.3759949,1.7311985,-0.42801276,1.0596985,-0.1217149,0.088728175
1305,2026-05-11 16:15:20.325234,1.3759949,1.7311985,-0.42801276,1.0596985,-0.1217149,0.088728175
1306,2026-05-11 16:15:20.328065,1.3759949,1.7311985,-0.42801276,1.0596985,-0.1217149,0.088728175
1307,2026-05-11 16:15:20.331062,1.3759949,1.7311985,-0.42801276,1.0596985,-0.1217149,0.088728175
1308,2026-05-11 16:15:20.334610,1.3759949,1.7311985,-0.42801276,1.0596985,-0.1217149,0.088728175
1309,2026-05-11 16:15:20.337906,1.5219791,1.8110813,-0.4874065,0.58459806,-0.15760323,-0.12186762
1310,2026-05-11 16:15:20.340853,1.5219791,1.8110813,-0.4874065,0.58459806,-0.15760323,-0.12186762
1311,2026-05-11 16:15:20.344067,1.5219791,1.8110813,-0.4874065,0.58459806,-0.15760323,-0.12186762
1312,2026-05-11 16:15:20.346897,1.5219791,1.8110813,-0.4874065,0.58459806,-0.15760323,-0.12186762
1313,2026-05-11 16:15:20.350740,1.5219791,1.8110813,-0.4874065,0.58459806,-0.15760323,-0.12186762
1314,2026-05-11 16:15:20.353697,1.5219791,1.8110813,-0.4874065,0.58459806,-0.15760323,-0.12186762
1315,2026-05-11 16:15:20.356676,1.5219791,1.8110813,-0.4874065,0.58459806,-0.15760323,-0.12186762
1316,2026-05-11 16:15:20.359533,1.5219791,1.8110813,-0.4874065,0.58459806,-0.15760323,-0.12186762
1317,2026-05-11 16:15:20.362694,1.7648591,1.8534617,-0.4485018,0.58459806,-0.15760323,-0.12186762
1318,2026-05-11 16:15:20.366325,1.7648591,1.8534617,-0.4485018,0.12415836,-0.15317446,-0.45921794
1319,2026-05-11 16:15:20.369220,1.7648591,1.8534617,-0.4485018,0.12415836,-0.15317446,-0.45921794
1320,2026-05-11 16:15:20.372012,1.9987751,1.9835303,-0.32648247,-0.19272798,-0.10797043,-0.8049677
1321,2026-05-11 16:15:20.374760,1.9987751,1.9835303,-0.32648247,-0.19272798,-0.10797043,-0.8049677
1322,2026-05-11 16:15:20.377458,1.9987751,1.9835303,-0.32648247,-0.19272798,-0.10797043,-0.8049677
1323,2026-05-11 16:15:20.380065,1.9987751,1.9835303,-0.32648247,-0.19272798,-0.10797043,-0.8049677
1324,2026-05-11 16:15:20.383234,1.9987751,1.9835303,-0.32648247,-0.19272798,-0.10797043,-0.8049677
1325,2026-05-11 16:15:20.386016,1.9987751,1.9835303,-0.32648247,-0.19272798,-0.10797043,-0.8049677
1326,2026-05-11 16:15:20.388747,1.9987751,1.9835303,-0.32648247,-0.19272798,-0.10797043,-0.8049677
1327,2026-05-11 16:15:20.391423,1.9987751,1.9835303,-0.32648247,-0.19272798,-0.10797043,-0.8049677
1328,2026-05-11 16:15:20.394041,1.9987751,1.9835303,-0.32648247,-0.19272798,-0.10797043,-0.8049677
1329,2026-05-11 16:15:20.396927,1.9987751,1.9835303,-0.32648247,-0.19272798,-0.10797043,-0.8049677
1330,2026-05-11 16:15:20.400085,1.9987751,1.9835303,-0.32648247,-0.19272798,-0.10797043,-0.8049677
1331,2026-05-11 16:15:20.403004,1.9987751,1.9835303,-0.32648247,-0.19272798,-0.10797043,-0.8049677
1332,2026-05-11 16:15:20.405659,1.9987751,1.9835303,-0.32648247,-0.19272798,-0.10797043,-0.8049677
1333,2026-05-11 16:15:20.408244,1.9987751,1.9835303,-0.32648247,-0.19272798,-0.10797043,-0.8049677
1334,2026-05-11 16:15:20.411106,1.9987751,1.9835303,-0.32648247,-0.19272798,-0.10797043,-0.8049677
1335,2026-05-11 16:15:20.413705,1.9987751,1.9835303,-0.32648247,-0.19272798,-0.10797043,-0.8049677
1336,2026-05-11 16:15:20.416847,1.9987751,1.9835303,-0.32648247,-0.19272798,-0.10797043,-0.8049677
1337,2026-05-11 16:15:20.419692,1.9987751,1.9835303,-0.32648247,-0.19272798,-0.10797043,-0.8049677
1338,2026-05-11 16:15:20.422380,2.1940305,2.1010983,-0.17787623,-0.19272798,-0.10797043,-0.8049677
1339,2026-05-11 16:15:20.424966,2.1940305,2.1010983,-0.17787623,-0.19272798,-0.10797043,-0.8049677
1340,2026-05-11 16:15:20.427624,2.1940305,2.1010983,-0.17787623,-0.19272798,-0.10797043,-0.8049677
1341,2026-05-11 16:15:20.430292,2.1940305,2.1010983,-0.17787623,-0.2828306,-0.093767814,-1.0525209
1342,2026-05-11 16:15:20.432982,2.4931943,2.1617725,0.011890938,-0.2828306,-0.093767814,-1.0525209
1343,2026-05-11 16:15:20.436392,2.4931943,2.1617725,0.011890938,-0.22861631,-0.076358154,-1.7046194
1344,2026-05-11 16:15:20.439212,2.4931943,2.1617725,0.011890938,-0.22861631,-0.076358154,-1.7046194
1345,2026-05-11 16:15:20.441946,2.4931943,2.1617725,0.011890938,-0.22861631,-0.076358154,-1.7046194
1346,2026-05-11 16:15:20.444779,2.5638692,2.1561625,0.048661377,-0.22861631,-0.076358154,-1.7046194
1347,2026-05-11 16:15:20.447401,2.5638692,2.1561625,0.048661377,-0.22861631,-0.076358154,-1.7046194
1348,2026-05-11 16:15:20.450280,2.5638692,2.1561625,0.048661377,-0.22861631,-0.076358154,-1.7046194
1349,2026-05-11 16:15:20.453593,2.5638692,2.1561625,0.048661377,-0.22861631,-0.076358154,-1.7046194
1350,2026-05-11 16:15:20.456343,2.5638692,2.1561625,0.048661377,-0.22861631,-0.076358154,-1.7046194
1351,2026-05-11 16:15:20.459035,2.5638692,2.1561625,0.048661377,-0.22861631,-0.076358154,-1.7046194
1352,2026-05-11 16:15:20.461678,2.5638692,2.1561625,0.048661377,-0.22861631,-0.076358154,-1.7046194
1353,2026-05-11 16:15:20.464307,2.5638692,2.1561625,0.048661377,-0.15760323,-0.049021937,-1.9877555
1354,2026-05-11 16:15:20.467580,2.5638692,2.1561625,0.048661377,-0.15760323,-0.049021937,-1.9877555
1355,2026-05-11 16:15:20.470789,2.5638692,2.1561625,0.048661377,-0.014049901,0.1226312,-2.9121473
1356,2026-05-11 16:15:20.473458,2.5638692,2.1561625,0.048661377,-0.014049901,0.1226312,-2.9121473
1357,2026-05-11 16:15:20.476060,2.5638692,2.1561625,0.048661377,-0.014049901,0.1226312,-2.9121473
1358,2026-05-11 16:15:20.478839,2.368187,1.9817009,0.08494398,-0.014049901,0.1226312,-2.9121473
1359,2026-05-11 16:15:20.481669,2.368187,1.9817009,0.08494398,-0.014049901,0.1226312,-2.9121473
1360,2026-05-11 16:15:20.484763,2.368187,1.9817009,0.08494398,-0.014049901,0.1226312,-2.9121473
1361,2026-05-11 16:15:20.487873,2.0995126,1.8540715,0.2315379,0.0015271631,0.17165314,-3.136335
1362,2026-05-11 16:15:20.490446,2.0995126,1.8540715,0.2315379,0.0015271631,0.17165314,-3.136335
1363,2026-05-11 16:15:20.493394,2.0995126,1.8540715,0.2315379,0.0015271631,0.17165314,-3.136335
1364,2026-05-11 16:15:20.496086,2.0995126,1.8540715,0.2315379,0.0015271631,0.17165314,-3.136335
1365,2026-05-11 16:15:20.499174,2.0995126,1.8540715,0.2315379,0.0015271631,0.17165314,-3.136335
1366,2026-05-11 16:15:20.501988,2.0995126,1.8540715,0.2315379,0.15347989,0.023060163,-3.12595
1367,2026-05-11 16:15:20.504671,2.0995126,1.8540715,0.2315379,0.15347989,0.023060163,-3.12595
1368,2026-05-11 16:15:20.507401,2.0528636,1.7827871,0.37868062,0.15347989,0.023060163,-3.12595
1369,2026-05-11 16:15:20.510255,2.0528636,1.7827871,0.37868062,0.15347989,0.023060163,-3.12595
1370,2026-05-11 16:15:20.512901,2.0528636,1.7827871,0.37868062,0.15347989,0.023060163,-3.12595
1371,2026-05-11 16:15:20.515862,2.0528636,1.7827871,0.37868062,0.15347989,0.023060163,-3.12595
1372,2026-05-11 16:15:20.518899,2.0528636,1.7827871,0.37868062,0.15347989,0.023060163,-3.12595
1373,2026-05-11 16:15:20.521611,2.0528636,1.7827871,0.37868062,0.15347989,0.023060163,-3.12595
1374,2026-05-11 16:15:20.524222,2.0528636,1.7827871,0.37868062,0.15347989,0.023060163,-3.12595
1375,2026-05-11 16:15:20.527079,2.0528636,1.7827871,0.37868062,0.15347989,0.023060163,-3.12595
1376,2026-05-11 16:15:20.529661,2.0528636,1.7827871,0.37868062,0.15347989,0.023060163,-3.12595
1377,2026-05-11 16:15:20.532786,2.0528636,1.7827871,0.37868062,0.15347989,0.023060163,-3.12595
1378,2026-05-11 16:15:20.535784,2.0528636,1.7827871,0.37868062,0.15347989,0.023060163,-3.12595
1379,2026-05-11 16:15:20.538447,2.0528636,1.7827871,0.37868062,0.15347989,0.023060163,-3.12595
1380,2026-05-11 16:15:20.541071,2.0528636,1.7827871,0.37868062,0.15347989,0.023060163,-3.12595
1381,2026-05-11 16:15:20.543896,2.0528636,1.7827871,0.37868062,0.15347989,0.023060163,-3.12595
1382,2026-05-11 16:15:20.546589,2.1984818,1.7000382,0.5260673,0.5856671,-0.29352075,-3.2166636
1383,2026-05-11 16:15:20.549665,2.2511678,1.6858301,0.5403364,0.7359399,-0.3680463,-3.2910366
1384,2026-05-11 16:15:20.552589,2.3991642,1.6321683,0.49307755,1.1223122,-0.36071593,-3.6654968
1385,2026-05-11 16:15:20.555534,2.1117086,1.3042834,0.36447248,1.2286028,-0.21838433,-4.034307
1386,2026-05-11 16:15:20.558266,2.1117086,1.3042834,0.36447248,1.2286028,-0.21838433,-4.034307
1387,2026-05-11 16:15:20.561007,2.1117086,1.3042834,0.36447248,1.2055426,-0.064751714,-4.30996
1388,2026-05-11 16:15:20.563673,2.1117086,1.3042834,0.36447248,1.2055426,-0.064751714,-4.30996
1389,2026-05-11 16:15:20.566710,2.1117086,1.3042834,0.36447248,1.2055426,-0.064751714,-4.30996
1390,2026-05-11 16:15:20.569395,2.1117086,1.3042834,0.36447248,1.2055426,-0.064751714,-4.30996
1391,2026-05-11 16:15:20.571966,2.1117086,1.3042834,0.36447248,1.2055426,-0.064751714,-4.30996
1392,2026-05-11 16:15:20.574732,2.1117086,1.3042834,0.36447248,1.2055426,-0.064751714,-4.30996
1393,2026-05-11 16:15:20.577342,2.1117086,1.3042834,0.36447248,1.2055426,-0.064751714,-4.30996
1394,2026-05-11 16:15:20.579900,2.1117086,1.3042834,0.36447248,1.2055426,-0.064751714,-4.30996
1395,2026-05-11 16:15:20.582767,2.1117086,1.3042834,0.36447248,1.2055426,-0.064751714,-4.30996
1396,2026-05-11 16:15:20.585540,2.1117086,1.3042834,0.36447248,1.2055426,-0.064751714,-4.30996
1397,2026-05-11 16:15:20.588107,2.1117086,1.3042834,0.36447248,1.2055426,-0.064751714,-4.30996
1398,2026-05-11 16:15:20.590941,2.1117086,1.3042834,0.36447248,1.2055426,-0.064751714,-4.30996
1399,2026-05-11 16:15:20.593584,2.1117086,1.3042834,0.36447248,1.2055426,-0.064751714,-4.30996
1400,2026-05-11 16:15:20.596192,2.1117086,1.3042834,0.36447248,1.2055426,-0.064751714,-4.30996
1401,2026-05-11 16:15:20.599204,1.814679,1.0445122,0.36989963,1.2055426,-0.064751714,-4.30996
1402,2026-05-11 16:15:20.602147,1.814679,1.0445122,0.36989963,1.1337659,0.13912456,-4.597219
1403,2026-05-11 16:15:20.604833,1.814679,1.0445122,0.36989963,1.1337659,0.13912456,-4.597219
1404,2026-05-11 16:15:20.607428,1.814679,1.0445122,0.36989963,1.1337659,0.13912456,-4.597219
1405,2026-05-11 16:15:20.610270,1.814679,1.0445122,0.36989963,1.1337659,0.13912456,-4.597219
1406,2026-05-11 16:15:20.612967,1.814679,1.0445122,0.36989963,1.1337659,0.13912456,-4.597219
1407,2026-05-11 16:15:20.616388,1.814679,1.0445122,0.36989963,1.1337659,0.13912456,-4.597219
1408,2026-05-11 16:15:20.619216,1.814679,1.0445122,0.36989963,1.1337659,0.13912456,-4.597219
1409,2026-05-11 16:15:20.621846,1.814679,1.0445122,0.36989963,1.1337659,0.13912456,-4.597219
1410,2026-05-11 16:15:20.624410,1.814679,1.0445122,0.36989963,1.1337659,0.13912456,-4.597219
1411,2026-05-11 16:15:20.627183,1.814679,1.0445122,0.36989963,1.1337659,0.13912456,-4.597219
1412,2026-05-11 16:15:20.629799,1.814679,1.0445122,0.36989963,1.1337659,0.13912456,-4.597219
1413,2026-05-11 16:15:20.632987,1.6380835,0.89371073,0.38776654,1.1365148,0.1788308,-4.658
1414,2026-05-11 16:15:20.635848,1.6380835,0.89371073,0.38776654,1.1365148,0.1788308,-4.658
1415,2026-05-11 16:15:20.638614,1.6380835,0.89371073,0.38776654,1.1365148,0.1788308,-4.658
1416,2026-05-11 16:15:20.641345,1.6380835,0.89371073,0.38776654,1.1365148,0.1788308,-4.658
1417,2026-05-11 16:15:20.644220,1.6380835,0.89371073,0.38776654,1.1365148,0.1788308,-4.658
1418,2026-05-11 16:15:20.646859,1.6380835,0.89371073,0.38776654,1.1365148,0.1788308,-4.658
1419,2026-05-11 16:15:20.649861,1.6380835,0.89371073,0.38776654,1.1365148,0.1788308,-4.658
1420,2026-05-11 16:15:20.652673,1.6380835,0.89371073,0.38776654,1.1365148,0.1788308,-4.658
1421,2026-05-11 16:15:20.655383,1.6380835,0.89371073,0.38776654,1.1365148,0.1788308,-4.658
1422,2026-05-11 16:15:20.658193,1.3122107,0.6132675,0.40563342,1.1365148,0.1788308,-4.658
1423,2026-05-11 16:15:20.660896,1.3122107,0.6132675,0.40563342,1.1365148,0.1788308,-4.658
1424,2026-05-11 16:15:20.663640,1.3122107,0.6132675,0.40563342,1.2380711,0.22250767,-4.801859
1425,2026-05-11 16:15:20.666761,1.0590862,0.32562876,0.42045137,1.4265231,0.25977045,-4.883715
1426,2026-05-11 16:15:20.669436,1.0590862,0.32562876,0.42045137,1.4265231,0.25977045,-4.883715
1427,2026-05-11 16:15:20.672032,1.0590862,0.32562876,0.42045137,1.4265231,0.25977045,-4.883715
1428,2026-05-11 16:15:20.674923,1.0590862,0.32562876,0.42045137,1.4265231,0.25977045,-4.883715
1429,2026-05-11 16:15:20.677721,1.0590862,0.32562876,0.42045137,1.4265231,0.25977045,-4.883715
1430,2026-05-11 16:15:20.680419,1.0590862,0.32562876,0.42045137,1.4265231,0.25977045,-4.883715
1431,2026-05-11 16:15:20.683429,1.0590862,0.32562876,0.42045137,1.4265231,0.25977045,-4.883715
1432,2026-05-11 16:15:20.686170,1.0590862,0.32562876,0.42045137,1.4265231,0.25977045,-4.883715
1433,2026-05-11 16:15:20.688757,1.0590862,0.32562876,0.42045137,1.4265231,0.25977045,-4.883715
1434,2026-05-11 16:15:20.691325,1.0590862,0.32562876,0.42045137,1.4265231,0.25977045,-4.883715
1435,2026-05-11 16:15:20.694052,1.0590862,0.32562876,0.42045137,1.4265231,0.25977045,-4.883715
1436,2026-05-11 16:15:20.696783,1.0590862,0.32562876,0.42045137,1.4265231,0.25977045,-4.883715
1437,2026-05-11 16:15:20.699842,1.0590862,0.32562876,0.42045137,1.4265231,0.25977045,-4.883715
1438,2026-05-11 16:15:20.702612,1.0590862,0.32562876,0.42045137,1.4265231,0.25977045,-4.883715
1439,2026-05-11 16:15:20.705367,1.0590862,0.32562876,0.42045137,1.4265231,0.25977045,-4.883715
1440,2026-05-11 16:15:20.708081,1.0590862,0.32562876,0.42045137,1.4265231,0.25977045,-4.883715
1441,2026-05-11 16:15:20.710845,1.0590862,0.32562876,0.42045137,1.4265231,0.25977045,-4.883715
1442,2026-05-11 16:15:20.713467,1.0590862,0.32562876,0.42045137,1.4265231,0.25977045,-4.883715
1443,2026-05-11 16:15:20.716501,1.0590862,0.32562876,0.42045137,1.4265231,0.25977045,-4.883715
1444,2026-05-11 16:15:20.719405,1.0590862,0.32562876,0.42045137,1.4265231,0.25977045,-4.883715
1445,2026-05-11 16:15:20.722059,0.80401033,0.08116327,0.41002396,1.4265231,0.25977045,-4.883715
1446,2026-05-11 16:15:20.724750,0.5130178,-0.22903776,0.32184806,1.9720258,0.3036,-4.840496
1447,2026-05-11 16:15:20.727435,0.5130178,-0.22903776,0.32184806,1.9720258,0.3036,-4.840496
1448,2026-05-11 16:15:20.730018,0.5130178,-0.22903776,0.32184806,1.9720258,0.3036,-4.840496
1449,2026-05-11 16:15:20.733129,0.5130178,-0.22903776,0.32184806,1.9720258,0.3036,-4.840496
1450,2026-05-11 16:15:20.736077,0.5130178,-0.22903776,0.32184806,2.4570527,0.34269542,-4.5540004
1451,2026-05-11 16:15:20.738858,0.5130178,-0.22903776,0.32184806,2.4570527,0.34269542,-4.5540004
1452,2026-05-11 16:15:20.741545,0.5130178,-0.22903776,0.32184806,2.4570527,0.34269542,-4.5540004
1453,2026-05-11 16:15:20.744196,0.3825833,-0.43014705,0.22519606,2.4570527,0.34269542,-4.5540004
1454,2026-05-11 16:15:20.747020,0.3825833,-0.43014705,0.22519606,2.4570527,0.34269542,-4.5540004
1455,2026-05-11 16:15:20.750452,0.3825833,-0.43014705,0.22519606,2.4570527,0.34269542,-4.5540004
1456,2026-05-11 16:15:20.753335,0.3825833,-0.43014705,0.22519606,2.4570527,0.34269542,-4.5540004
1457,2026-05-11 16:15:20.756136,0.3825833,-0.43014705,0.22519606,2.4570527,0.34269542,-4.5540004
1458,2026-05-11 16:15:20.758824,0.3825833,-0.43014705,0.22519606,2.4570527,0.34269542,-4.5540004
1459,2026-05-11 16:15:20.761547,0.3825833,-0.43014705,0.22519606,2.4570527,0.34269542,-4.5540004
1460,2026-05-11 16:15:20.764168,0.3825833,-0.43014705,0.22519606,2.4570527,0.34269542,-4.5540004
1461,2026-05-11 16:15:20.767700,0.28660208,-0.61552376,0.19330397,2.4570527,0.34269542,-4.5540004
1462,2026-05-11 16:15:20.770521,0.28660208,-0.61552376,0.19330397,2.4570527,0.34269542,-4.5540004
1463,2026-05-11 16:15:20.773261,0.28660208,-0.61552376,0.19330397,2.4570527,0.34269542,-4.5540004
1464,2026-05-11 16:15:20.775871,0.28660208,-0.61552376,0.19330397,2.4570527,0.34269542,-4.5540004
1465,2026-05-11 16:15:20.778572,0.28660208,-0.61552376,0.19330397,2.4570527,0.34269542,-4.5540004
1466,2026-05-11 16:15:20.781432,0.28660208,-0.61552376,0.19330397,2.617405,0.59330285,-4.065919
1467,2026-05-11 16:15:20.784469,0.28660208,-0.61552376,0.19330397,2.617405,0.59330285,-4.065919
1468,2026-05-11 16:15:20.787182,0.28660208,-0.61552376,0.19330397,2.617405,0.59330285,-4.065919
1469,2026-05-11 16:15:20.789827,0.28660208,-0.61552376,0.19330397,2.617405,0.59330285,-4.065919
1470,2026-05-11 16:15:20.792392,0.28660208,-0.61552376,0.19330397,2.617405,0.59330285,-4.065919
1471,2026-05-11 16:15:20.795255,0.28660208,-0.61552376,0.19330397,2.617405,0.59330285,-4.065919
1472,2026-05-11 16:15:20.798167,0.28660208,-0.61552376,0.19330397,2.617405,0.59330285,-4.065919
1473,2026-05-11 16:15:20.801266,0.28660208,-0.61552376,0.19330397,2.617405,0.59330285,-4.065919
1474,2026-05-11 16:15:20.804211,0.19745055,-0.75864184,0.18476687,2.617405,0.59330285,-4.065919
1475,2026-05-11 16:15:20.806935,0.13702019,-0.86492854,0.1501917,2.7343855,0.5757405,-3.8110356
1476,2026-05-11 16:15:20.809515,0.13702019,-0.86492854,0.1501917,2.7343855,0.5757405,-3.8110356
1477,2026-05-11 16:15:20.812355,0.060125455,-0.9618245,0.107750185,2.7343855,0.5757405,-3.8110356
1478,2026-05-11 16:15:20.815009,0.060125455,-0.9618245,0.107750185,2.7343855,0.5757405,-3.8110356
1479,2026-05-11 16:15:20.818252,0.060125455,-0.9618245,0.107750185,2.7343855,0.5757405,-3.8110356
1480,2026-05-11 16:15:20.820937,0.060125455,-0.9618245,0.107750185,2.7343855,0.5757405,-3.8110356
1481,2026-05-11 16:15:20.823776,0.060125455,-0.9618245,0.107750185,2.7343855,0.5757405,-3.8110356
1482,2026-05-11 16:15:20.826601,0.060125455,-0.9618245,0.107750185,2.8280005,0.36361754,-3.637397
1483,2026-05-11 16:15:20.829248,0.060125455,-0.9618245,0.107750185,2.8280005,0.36361754,-3.637397
1484,2026-05-11 16:15:20.831994,0.060125455,-0.9618245,0.107750185,2.8280005,0.36361754,-3.637397
1485,2026-05-11 16:15:20.835161,0.060125455,-0.9618245,0.107750185,2.8280005,0.36361754,-3.637397
1486,2026-05-11 16:15:20.837884,0.060125455,-0.9618245,0.107750185,2.8280005,0.36361754,-3.637397
1487,2026-05-11 16:15:20.840624,0.060125455,-0.9618245,0.107750185,2.8280005,0.36361754,-3.637397
1488,2026-05-11 16:15:20.843247,0.060125455,-0.9618245,0.107750185,2.8280005,0.36361754,-3.637397
1489,2026-05-11 16:15:20.845963,0.060125455,-0.9618245,0.107750185,2.8280005,0.36361754,-3.637397
1490,2026-05-11 16:15:20.848715,0.060125455,-0.9618245,0.107750185,2.8280005,0.36361754,-3.637397
1491,2026-05-11 16:15:20.852209,0.060125455,-0.9618245,0.107750185,2.8280005,0.36361754,-3.637397
1492,2026-05-11 16:15:20.855187,-0.0918956,-1.0467074,0.02414775,2.8431196,0.09193522,-3.5216382
1493,2026-05-11 16:15:20.857855,-0.0918956,-1.0467074,0.02414775,2.8431196,0.09193522,-3.5216382
1494,2026-05-11 16:15:20.860458,-0.0918956,-1.0467074,0.02414775,2.8431196,0.09193522,-3.5216382
1495,2026-05-11 16:15:20.863270,-0.0918956,-1.0467074,0.02414775,2.8431196,0.09193522,-3.5216382
1496,2026-05-11 16:15:20.866197,-0.0918956,-1.0467074,0.02414775,2.8431196,0.09193522,-3.5216382
1497,2026-05-11 16:15:20.869779,-0.0918956,-1.0467074,0.02414775,2.8431196,0.09193522,-3.5216382
1498,2026-05-11 16:15:20.872769,-0.313189,-1.124273,-0.06945527,2.8431196,0.09193522,-3.5216382
1499,2026-05-11 16:15:20.875465,-0.313189,-1.124273,-0.06945527,2.8431196,0.09193522,-3.5216382
1500,2026-05-11 16:15:20.878068,-0.313189,-1.124273,-0.06945527,2.8431196,0.09193522,-3.5216382
1501,2026-05-11 16:15:20.880827,-0.313189,-1.124273,-0.06945527,2.8431196,0.09193522,-3.5216382
1502,2026-05-11 16:15:20.883894,-0.46179524,-1.1445789,-0.1636071,2.3109033,-0.020463986,-2.6766589
1503,2026-05-11 16:15:20.886704,-0.46179524,-1.1445789,-0.1636071,2.3109033,-0.020463986,-2.6766589
1504,2026-05-11 16:15:20.889372,-0.46179524,-1.1445789,-0.1636071,2.3109033,-0.020463986,-2.6766589
1505,2026-05-11 16:15:20.891939,-0.46179524,-1.1445789,-0.1636071,2.3109033,-0.020463986,-2.6766589
1506,2026-05-11 16:15:20.894707,-0.46179524,-1.1445789,-0.1636071,2.3109033,-0.020463986,-2.6766589
1507,2026-05-11 16:15:20.897311,-0.46179524,-1.1445789,-0.1636071,2.3109033,-0.020463986,-2.6766589
1508,2026-05-11 16:15:20.900364,-0.46179524,-1.1445789,-0.1636071,2.3109033,-0.020463986,-2.6766589
1509,2026-05-11 16:15:20.903135,-0.46179524,-1.1445789,-0.1636071,2.3109033,-0.020463986,-2.6766589
1510,2026-05-11 16:15:20.905748,-0.46179524,-1.1445789,-0.1636071,2.3109033,-0.020463986,-2.6766589
1511,2026-05-11 16:15:20.908339,-0.46179524,-1.1445789,-0.1636071,2.3109033,-0.020463986,-2.6766589
1512,2026-05-11 16:15:20.911112,-0.46179524,-1.1445789,-0.1636071,2.3109033,-0.020463986,-2.6766589
1513,2026-05-11 16:15:20.913700,-0.46179524,-1.1445789,-0.1636071,2.3109033,-0.020463986,-2.6766589
1514,2026-05-11 16:15:20.917129,-0.46179524,-1.1445789,-0.1636071,2.3109033,-0.020463986,-2.6766589
1515,2026-05-11 16:15:20.920027,-0.46179524,-1.1445789,-0.1636071,2.3109033,-0.020463986,-2.6766589
1516,2026-05-11 16:15:20.922687,-0.46179524,-1.1445789,-0.1636071,2.3109033,-0.020463986,-2.6766589
1517,2026-05-11 16:15:20.925266,-0.46179524,-1.1445789,-0.1636071,2.3109033,-0.020463986,-2.6766589
1518,2026-05-11 16:15:20.927905,-0.46179524,-1.1445789,-0.1636071,2.3109033,-0.020463986,-2.6766589
1519,2026-05-11 16:15:20.930507,-0.46179524,-1.1445789,-0.1636071,2.3109033,-0.020463986,-2.6766589
1520,2026-05-11 16:15:20.933367,-0.48807728,-1.0553055,-0.2072682,1.4576772,0.310625,-1.7739527
1521,2026-05-11 16:15:20.938572,-0.48807728,-1.0553055,-0.2072682,1.4576772,0.310625,-1.7739527
1522,2026-05-11 16:15:20.965016,2.9023645,1.3638601,0.30202982,-0.3371976,-0.62598413,-3.8835757
1523,2026-05-11 16:15:20.974088,2.9023645,1.3638601,0.30202982,-0.3371976,-0.62598413,-3.8835757
1524,2026-05-11 16:15:20.977061,2.9023645,1.3638601,0.30202982,-0.3371976,-0.62598413,-3.8835757
1525,2026-05-11 16:15:20.979690,2.9023645,1.3638601,0.30202982,-0.3371976,-0.62598413,-3.8835757
1526,2026-05-11 16:15:20.982794,2.9023645,1.3638601,0.30202982,-0.3371976,-0.62598413,-3.8835757
1527,2026-05-11 16:15:20.985752,2.9023645,1.3638601,0.30202982,-0.6582073,-0.3275765,-4.4454193
1528,2026-05-11 16:15:20.988465,2.9023645,1.3638601,0.30202982,-0.6582073,-0.3275765,-4.4454193
1529,2026-05-11 16:15:20.991047,2.9023645,1.3638601,0.30202982,-0.6582073,-0.3275765,-4.4454193
1530,2026-05-11 16:15:20.993813,2.9023645,1.3638601,0.30202982,-0.6582073,-0.3275765,-4.4454193
1531,2026-05-11 16:15:20.996377,2.9023645,1.3638601,0.30202982,-0.6582073,-0.3275765,-4.4454193
1532,2026-05-11 16:15:20.999556,2.9023645,1.3638601,0.30202982,-0.6582073,-0.3275765,-4.4454193
1533,2026-05-11 16:15:21.002440,2.9023645,1.3638601,0.30202982,-0.6582073,-0.3275765,-4.4454193
1534,2026-05-11 16:15:21.005034,2.9023645,1.3638601,0.30202982,-0.6582073,-0.3275765,-4.4454193
1535,2026-05-11 16:15:21.007860,2.9023645,1.3638601,0.30202982,-0.6582073,-0.3275765,-4.4454193
1536,2026-05-11 16:15:21.010520,2.9023645,1.3638601,0.30202982,-0.6582073,-0.3275765,-4.4454193
1537,2026-05-11 16:15:21.013120,2.9023645,1.3638601,0.30202982,-0.6582073,-0.3275765,-4.4454193
1538,2026-05-11 16:15:21.016254,2.850959,1.2830018,0.3770952,-0.81397796,-0.13041973,-4.696027
1539,2026-05-11 16:15:21.019196,2.675095,1.0426219,0.5232622,-0.81397796,-0.13041973,-4.696027
1540,2026-05-11 16:15:21.021847,2.675095,1.0426219,0.5232622,-0.81397796,-0.13041973,-4.696027
1541,2026-05-11 16:15:21.024624,2.675095,1.0426219,0.5232622,-0.81397796,-0.13041973,-4.696027
1542,2026-05-11 16:15:21.027454,2.675095,1.0426219,0.5232622,-0.90209526,0.34376442,-5.0770535
1543,2026-05-11 16:15:21.030267,2.4256902,0.8229139,0.58936363,-0.7443393,0.5027421,-5.31636
1544,2026-05-11 16:15:21.033409,2.4256902,0.8229139,0.58936363,-0.7443393,0.5027421,-5.31636
1545,2026-05-11 16:15:21.036150,2.4256902,0.8229139,0.58936363,-0.7443393,0.5027421,-5.31636
1546,2026-05-11 16:15:21.038897,2.4256902,0.8229139,0.58936363,-0.7443393,0.5027421,-5.31636
1547,2026-05-11 16:15:21.041613,2.4256902,0.8229139,0.58936363,-0.42821655,0.3119994,-5.394704
1548,2026-05-11 16:15:21.044475,2.1217093,0.57003325,0.64052516,-0.42821655,0.3119994,-5.394704
1549,2026-05-11 16:15:21.047122,2.1217093,0.57003325,0.64052516,-0.42821655,0.3119994,-5.394704
1550,2026-05-11 16:15:21.050361,2.1217093,0.57003325,0.64052516,-0.42821655,0.3119994,-5.394704
1551,2026-05-11 16:15:21.053064,2.1217093,0.57003325,0.64052516,-0.42821655,0.3119994,-5.394704
1552,2026-05-11 16:15:21.055791,2.1217093,0.57003325,0.64052516,-0.42821655,0.3119994,-5.394704
1553,2026-05-11 16:15:21.058468,2.1217093,0.57003325,0.64052516,-0.42821655,0.3119994,-5.394704
1554,2026-05-11 16:15:21.061047,2.1217093,0.57003325,0.64052516,-0.42821655,0.3119994,-5.394704
1555,2026-05-11 16:15:21.063729,2.1217093,0.57003325,0.64052516,-0.42821655,0.3119994,-5.394704
1556,2026-05-11 16:15:21.066569,2.1217093,0.57003325,0.64052516,-0.42821655,0.3119994,-5.394704
1557,2026-05-11 16:15:21.069208,2.1217093,0.57003325,0.64052516,-0.42821655,0.3119994,-5.394704
1558,2026-05-11 16:15:21.071874,1.8665112,0.39557186,0.66820973,-0.028099801,0.043982297,-5.285817
1559,2026-05-11 16:15:21.074513,1.8665112,0.39557186,0.66820973,-0.028099801,0.043982297,-5.285817
1560,2026-05-11 16:15:21.077259,1.8665112,0.39557186,0.66820973,-0.028099801,0.043982297,-5.285817
1561,2026-05-11 16:15:21.079840,1.8665112,0.39557186,0.66820973,-0.028099801,0.043982297,-5.285817
1562,2026-05-11 16:15:21.082969,1.6699754,0.27727225,0.65302587,-0.028099801,0.043982297,-5.285817
1563,2026-05-11 16:15:21.085626,1.6699754,0.27727225,0.65302587,-0.028099801,0.043982297,-5.285817
1564,2026-05-11 16:15:21.088398,1.6699754,0.27727225,0.65302587,0.21426098,-0.029626964,-5.163644
1565,2026-05-11 16:15:21.090977,1.6699754,0.27727225,0.65302587,0.21426098,-0.029626964,-5.163644
1566,2026-05-11 16:15:21.093653,1.6699754,0.27727225,0.65302587,0.21426098,-0.029626964,-5.163644
1567,2026-05-11 16:15:21.096208,1.6699754,0.27727225,0.65302587,0.21426098,-0.029626964,-5.163644
1568,2026-05-11 16:15:21.099204,1.6699754,0.27727225,0.65302587,0.21426098,-0.029626964,-5.163644
1569,2026-05-11 16:15:21.102303,1.2656837,0.117689796,0.36959475,0.701426,0.18555032,-4.672814
1570,2026-05-11 16:15:21.105042,1.2656837,0.117689796,0.36959475,0.701426,0.18555032,-4.672814
1571,2026-05-11 16:15:21.107734,1.2656837,0.117689796,0.36959475,0.701426,0.18555032,-4.672814
1572,2026-05-11 16:15:21.110492,1.2656837,0.117689796,0.36959475,0.699288,0.37843102,-4.580573
1573,2026-05-11 16:15:21.113078,1.2656837,0.117689796,0.36959475,0.699288,0.37843102,-4.580573
1574,2026-05-11 16:15:21.116032,1.2656837,0.117689796,0.36959475,0.699288,0.37843102,-4.580573
1575,2026-05-11 16:15:21.118900,1.2656837,0.117689796,0.36959475,0.699288,0.37843102,-4.580573
1576,2026-05-11 16:15:21.121581,1.1638484,0.060491335,0.3081887,0.699288,0.37843102,-4.580573
1577,2026-05-11 16:15:21.124291,1.1638484,0.060491335,0.3081887,0.699288,0.37843102,-4.580573
1578,2026-05-11 16:15:21.127055,1.1638484,0.060491335,0.3081887,0.699288,0.37843102,-4.580573
1579,2026-05-11 16:15:21.129895,1.1638484,0.060491335,0.3081887,0.699288,0.37843102,-4.580573
1580,2026-05-11 16:15:21.132995,1.1638484,0.060491335,0.3081887,0.699288,0.37843102,-4.580573
1581,2026-05-11 16:15:21.135822,1.1638484,0.060491335,0.3081887,0.699288,0.37843102,-4.580573
1582,2026-05-11 16:15:21.138546,1.1638484,0.060491335,0.3081887,0.699288,0.37843102,-4.580573
1583,2026-05-11 16:15:21.141160,1.1638484,0.060491335,0.3081887,0.699288,0.37843102,-4.580573
1584,2026-05-11 16:15:21.143880,1.1638484,0.060491335,0.3081887,0.699288,0.37843102,-4.580573
1585,2026-05-11 16:15:21.146468,1.1638484,0.060491335,0.3081887,0.699288,0.37843102,-4.580573
1586,2026-05-11 16:15:21.149614,1.1638484,0.060491335,0.3081887,0.72524977,0.62949663,-4.520708
1587,2026-05-11 16:15:21.152384,1.1638484,0.060491335,0.3081887,0.72524977,0.62949663,-4.520708
1588,2026-05-11 16:15:21.154965,1.1638484,0.060491335,0.3081887,0.72524977,0.62949663,-4.520708
1589,2026-05-11 16:15:21.157542,1.1638484,0.060491335,0.3081887,0.72524977,0.62949663,-4.520708
1590,2026-05-11 16:15:21.160362,1.1638484,0.060491335,0.3081887,0.72524977,0.62949663,-4.520708
1591,2026-05-11 16:15:21.162959,1.1638484,0.060491335,0.3081887,0.72524977,0.62949663,-4.520708
1592,2026-05-11 16:15:21.166010,1.1638484,0.060491335,0.3081887,0.72524977,0.62949663,-4.520708
1593,2026-05-11 16:15:21.168960,1.1638484,0.060491335,0.3081887,0.72524977,0.62949663,-4.520708
1594,2026-05-11 16:15:21.171675,1.1638484,0.060491335,0.3081887,0.72524977,0.62949663,-4.520708
1595,2026-05-11 16:15:21.174293,1.1638484,0.060491335,0.3081887,0.72524977,0.62949663,-4.520708
1596,2026-05-11 16:15:21.176871,1.1638484,0.060491335,0.3081887,0.72524977,0.62949663,-4.520708
1597,2026-05-11 16:15:21.179668,1.1638484,0.060491335,0.3081887,0.72524977,0.62949663,-4.520708
1598,2026-05-11 16:15:21.182736,1.1638484,0.060491335,0.3081887,0.72524977,0.62949663,-4.520708
1599,2026-05-11 16:15:21.185629,0.90401614,-0.067199044,0.24690464,0.72524977,0.62949663,-4.520708
1600,2026-05-11 16:15:21.188239,0.90401614,-0.067199044,0.24690464,0.72524977,0.62949663,-4.520708
1601,2026-05-11 16:15:21.190805,0.90401614,-0.067199044,0.24690464,0.72524977,0.62949663,-4.520708
1602,2026-05-11 16:15:21.193591,0.90401614,-0.067199044,0.24690464,0.72524977,0.62949663,-4.520708
1603,2026-05-11 16:15:21.196201,0.90401614,-0.067199044,0.24690464,0.72524977,0.62949663,-4.520708
1604,2026-05-11 16:15:21.199276,0.90401614,-0.067199044,0.24690464,0.72524977,0.62949663,-4.520708
1605,2026-05-11 16:15:21.202003,0.90401614,-0.067199044,0.24690464,0.72524977,0.62949663,-4.520708
1606,2026-05-11 16:15:21.204596,0.90401614,-0.067199044,0.24690464,0.72524977,0.62949663,-4.520708
1607,2026-05-11 16:15:21.207174,0.90401614,-0.067199044,0.24690464,0.72524977,0.62949663,-4.520708
1608,2026-05-11 16:15:21.209943,0.90401614,-0.067199044,0.24690464,0.72524977,0.62949663,-4.520708
1609,2026-05-11 16:15:21.212576,0.90401614,-0.067199044,0.24690464,0.72524977,0.62949663,-4.520708
1610,2026-05-11 16:15:21.215396,0.90401614,-0.067199044,0.24690464,0.72524977,0.62949663,-4.520708
1611,2026-05-11 16:15:21.218643,0.90401614,-0.067199044,0.24690464,0.72524977,0.62949663,-4.520708
1612,2026-05-11 16:15:21.221720,0.90401614,-0.067199044,0.24690464,0.72524977,0.62949663,-4.520708
1613,2026-05-11 16:15:21.224347,0.90401614,-0.067199044,0.24690464,0.72524977,0.62949663,-4.520708
1614,2026-05-11 16:15:21.227103,0.90401614,-0.067199044,0.24690464,0.8200866,0.7890852,-4.4399214
1615,2026-05-11 16:15:21.229677,0.90401614,-0.067199044,0.24690464,0.8200866,0.7890852,-4.4399214
1616,2026-05-11 16:15:21.232447,0.90401614,-0.067199044,0.24690464,0.8200866,0.7890852,-4.4399214
1617,2026-05-11 16:15:21.235659,0.90401614,-0.067199044,0.24690464,0.8200866,0.7890852,-4.4399214
1618,2026-05-11 16:15:21.238479,0.90401614,-0.067199044,0.24690464,0.8200866,0.7890852,-4.4399214
1619,2026-05-11 16:15:21.241296,0.90401614,-0.067199044,0.24690464,0.8200866,0.7890852,-4.4399214
1620,2026-05-11 16:15:21.244094,0.696687,-0.14580119,0.21812248,0.8200866,0.7890852,-4.4399214
1621,2026-05-11 16:15:21.246706,0.696687,-0.14580119,0.21812248,0.8200866,0.7890852,-4.4399214
1622,2026-05-11 16:15:21.249881,0.696687,-0.14580119,0.21812248,0.8200866,0.7890852,-4.4399214
1623,2026-05-11 16:15:21.252715,0.696687,-0.14580119,0.21812248,0.8200866,0.7890852,-4.4399214
1624,2026-05-11 16:15:21.255411,0.41380462,-0.22995245,0.19287711,0.8200866,0.7890852,-4.4399214
1625,2026-05-11 16:15:21.258060,0.41380462,-0.22995245,0.19287711,0.8200866,0.7890852,-4.4399214
1626,2026-05-11 16:15:21.260703,0.41380462,-0.22995245,0.19287711,0.8200866,0.7890852,-4.4399214
1627,2026-05-11 16:15:21.263443,0.41380462,-0.22995245,0.19287711,1.1107057,0.8358164,-4.1922154
1628,2026-05-11 16:15:21.266373,0.41380462,-0.22995245,0.19287711,1.1107057,0.8358164,-4.1922154
1629,2026-05-11 16:15:21.269186,0.41380462,-0.22995245,0.19287711,1.1107057,0.8358164,-4.1922154
1630,2026-05-11 16:15:21.271749,0.41380462,-0.22995245,0.19287711,1.1107057,0.8358164,-4.1922154
1631,2026-05-11 16:15:21.274587,0.41380462,-0.22995245,0.19287711,1.1107057,0.8358164,-4.1922154
1632,2026-05-11 16:15:21.277224,0.41380462,-0.22995245,0.19287711,1.1107057,0.8358164,-4.1922154
1633,2026-05-11 16:15:21.279797,0.41380462,-0.22995245,0.19287711,1.1107057,0.8358164,-4.1922154
1634,2026-05-11 16:15:21.282762,0.41380462,-0.22995245,0.19287711,1.1107057,0.8358164,-4.1922154
1635,2026-05-11 16:15:21.285537,0.41380462,-0.22995245,0.19287711,1.1107057,0.8358164,-4.1922154
1636,2026-05-11 16:15:21.288156,0.41380462,-0.22995245,0.19287711,1.1107057,0.8358164,-4.1922154
1637,2026-05-11 16:15:21.290751,0.41380462,-0.22995245,0.19287711,1.1107057,0.8358164,-4.1922154
1638,2026-05-11 16:15:21.293326,0.41380462,-0.22995245,0.19287711,1.1107057,0.8358164,-4.1922154
1639,2026-05-11 16:15:21.295902,0.41380462,-0.22995245,0.19287711,1.1107057,0.8358164,-4.1922154
1640,2026-05-11 16:15:21.298878,0.41380462,-0.22995245,0.19287711,1.1107057,0.8358164,-4.1922154
1641,2026-05-11 16:15:21.301909,0.41380462,-0.22995245,0.19287711,1.3854424,0.7486154,-3.9713876
1642,2026-05-11 16:15:21.304733,0.3006273,-0.25830775,0.17812014,1.3854424,0.7486154,-3.9713876
1643,2026-05-11 16:15:21.307469,0.3006273,-0.25830775,0.17812014,1.3854424,0.7486154,-3.9713876
1644,2026-05-11 16:15:21.310123,0.3006273,-0.25830775,0.17812014,1.3854424,0.7486154,-3.9713876
1645,2026-05-11 16:15:21.312936,0.3006273,-0.25830775,0.17812014,1.3854424,0.7486154,-3.9713876
1646,2026-05-11 16:15:21.315887,0.3006273,-0.25830775,0.17812014,1.3854424,0.7486154,-3.9713876
1647,2026-05-11 16:15:21.318848,0.3006273,-0.25830775,0.17812014,1.3854424,0.7486154,-3.9713876
1648,2026-05-11 16:15:21.321475,0.3006273,-0.25830775,0.17812014,1.3854424,0.7486154,-3.9713876
1649,2026-05-11 16:15:21.324062,0.3006273,-0.25830775,0.17812014,1.3854424,0.7486154,-3.9713876
1650,2026-05-11 16:15:21.326872,0.3006273,-0.25830775,0.17812014,1.3854424,0.7486154,-3.9713876
1651,2026-05-11 16:15:21.329472,0.3006273,-0.25830775,0.17812014,1.3854424,0.7486154,-3.9713876
1652,2026-05-11 16:15:21.332353,0.3006273,-0.25830775,0.17812014,1.3854424,0.7486154,-3.9713876
1653,2026-05-11 16:15:21.335497,0.3006273,-0.25830775,0.17812014,1.3854424,0.7486154,-3.9713876
1654,2026-05-11 16:15:21.338243,0.3006273,-0.25830775,0.17812014,1.3854424,0.7486154,-3.9713876
1655,2026-05-11 16:15:21.341046,0.3006273,-0.25830775,0.17812014,1.3854424,0.7486154,-3.9713876
1656,2026-05-11 16:15:21.343871,0.3006273,-0.25830775,0.17812014,1.3854424,0.7486154,-3.9713876
1657,2026-05-11 16:15:21.346604,0.3006273,-0.25830775,0.17812014,1.3854424,0.7486154,-3.9713876
1658,2026-05-11 16:15:21.349869,0.3006273,-0.25830775,0.17812014,1.3854424,0.7486154,-3.9713876
1659,2026-05-11 16:15:21.352703,0.14263028,-0.30757892,0.15507002,1.8086193,0.50228393,-3.6790886
1660,2026-05-11 16:15:21.355490,0.05055173,-0.34331274,0.099152125,2.289065,0.13316862,-3.428481
1661,2026-05-11 16:15:21.358312,0.05055173,-0.34331274,0.099152125,2.289065,0.13316862,-3.428481
1662,2026-05-11 16:15:21.361254,-0.10183521,-0.39587677,-0.048173543,2.930626,-0.5170974,-2.9869783
1663,2026-05-11 16:15:21.363910,-0.10183521,-0.39587677,-0.048173543,2.930626,-0.5170974,-2.9869783
1664,2026-05-11 16:15:21.366975,-0.10183521,-0.39587677,-0.048173543,2.930626,-0.5170974,-2.9869783
1665,2026-05-11 16:15:21.369748,-0.1276294,-0.4033772,-0.08482202,3.017827,-0.59650993,-2.8828259
1666,2026-05-11 16:15:21.372331,-0.1276294,-0.4033772,-0.08482202,3.017827,-0.59650993,-2.8828259
1667,2026-05-11 16:15:21.375203,-0.1276294,-0.4033772,-0.08482202,3.017827,-0.59650993,-2.8828259
1668,2026-05-11 16:15:21.377983,-0.1276294,-0.4033772,-0.08482202,3.017827,-0.59650993,-2.8828259
1669,2026-05-11 16:15:21.380642,-0.1276294,-0.4033772,-0.08482202,3.017827,-0.59650993,-2.8828259
1670,2026-05-11 16:15:21.383711,-0.1276294,-0.4033772,-0.08482202,3.017827,-0.59650993,-2.8828259
1671,2026-05-11 16:15:21.386486,-0.1276294,-0.4033772,-0.08482202,3.017827,-0.59650993,-2.8828259
1672,2026-05-11 16:15:21.389087,-0.1276294,-0.4033772,-0.08482202,3.017827,-0.59650993,-2.8828259
1673,2026-05-11 16:15:21.391853,-0.1276294,-0.4033772,-0.08482202,3.017827,-0.59650993,-2.8828259
1674,2026-05-11 16:15:21.394466,-0.1276294,-0.4033772,-0.08482202,3.017827,-0.59650993,-2.8828259
1675,2026-05-11 16:15:21.397057,-0.1276294,-0.4033772,-0.08482202,3.017827,-0.59650993,-2.8828259
1676,2026-05-11 16:15:21.400338,-0.1276294,-0.4033772,-0.08482202,3.017827,-0.59650993,-2.8828259
1677,2026-05-11 16:15:21.403112,-0.1276294,-0.4033772,-0.08482202,3.017827,-0.59650993,-2.8828259
1678,2026-05-11 16:15:21.405720,-0.1276294,-0.4033772,-0.08482202,3.017827,-0.59650993,-2.8828259
1679,2026-05-11 16:15:21.408495,-0.1276294,-0.4033772,-0.08482202,3.017827,-0.59650993,-2.8828259
1680,2026-05-11 16:15:21.411264,-0.14006914,-0.44051352,-0.19299906,2.9767463,-0.7128797,-2.5529585
1681,2026-05-11 16:15:21.414022,-0.14006914,-0.44051352,-0.19299906,2.9767463,-0.7128797,-2.5529585
1682,2026-05-11 16:15:21.417156,-0.14006914,-0.44051352,-0.19299906,2.9767463,-0.7128797,-2.5529585
1683,2026-05-11 16:15:21.420002,-0.14006914,-0.44051352,-0.19299906,2.9767463,-0.7128797,-2.5529585
1684,2026-05-11 16:15:21.422621,-0.14006914,-0.44051352,-0.19299906,2.9767463,-0.7128797,-2.5529585
1685,2026-05-11 16:15:21.425193,-0.14006914,-0.44051352,-0.19299906,2.9767463,-0.7128797,-2.5529585
1686,2026-05-11 16:15:21.427794,-0.14006914,-0.44051352,-0.19299906,2.9767463,-0.7128797,-2.5529585
1687,2026-05-11 16:15:21.430393,-0.14006914,-0.44051352,-0.19299906,2.9767463,-0.7128797,-2.5529585
1688,2026-05-11 16:15:21.433483,-0.14006914,-0.44051352,-0.19299906,2.9767463,-0.7128797,-2.5529585
1689,2026-05-11 16:15:21.436340,-0.14006914,-0.44051352,-0.19299906,2.9767463,-0.7128797,-2.5529585
1690,2026-05-11 16:15:21.439101,-0.14006914,-0.44051352,-0.19299906,2.9767463,-0.7128797,-2.5529585
1691,2026-05-11 16:15:21.441805,-0.14006914,-0.44051352,-0.19299906,2.9767463,-0.7128797,-2.5529585
1692,2026-05-11 16:15:21.444612,-0.10482319,-0.4739911,-0.21732976,2.9767463,-0.7128797,-2.5529585
1693,2026-05-11 16:15:21.447238,-0.10482319,-0.4739911,-0.21732976,2.9767463,-0.7128797,-2.5529585
1694,2026-05-11 16:15:21.450332,-0.10482319,-0.4739911,-0.21732976,2.7834074,-0.65377855,-2.2380576
1695,2026-05-11 16:15:21.453173,-0.10482319,-0.4739911,-0.21732976,2.7834074,-0.65377855,-2.2380576
1696,2026-05-11 16:15:21.455919,-0.06286953,-0.4920409,-0.21623214,2.6406178,-0.5777258,-2.0685425
1697,2026-05-11 16:15:21.458639,-0.06286953,-0.4920409,-0.21623214,2.6406178,-0.5777258,-2.0685425
1698,2026-05-11 16:15:21.461441,-0.024818521,-0.5100907,-0.21269535,2.6406178,-0.5777258,-2.0685425
1699,2026-05-11 16:15:21.464023,-0.024818521,-0.5100907,-0.21269535,2.6406178,-0.5777258,-2.0685425
1700,2026-05-11 16:15:21.467136,-0.024818521,-0.5100907,-0.21269535,2.6406178,-0.5777258,-2.0685425
1701,2026-05-11 16:15:21.470012,-0.024818521,-0.5100907,-0.21269535,2.474615,-0.43142357,-1.8822285
1702,2026-05-11 16:15:21.472758,-0.024818521,-0.5100907,-0.21269535,2.474615,-0.43142357,-1.8822285
1703,2026-05-11 16:15:21.475364,-0.024818521,-0.5100907,-0.21269535,2.474615,-0.43142357,-1.8822285
1704,2026-05-11 16:15:21.478123,-0.024818521,-0.5100907,-0.21269535,2.474615,-0.43142357,-1.8822285
1705,2026-05-11 16:15:21.480834,-0.024818521,-0.5100907,-0.21269535,2.3701572,-0.32345316,-1.7734945
1706,2026-05-11 16:15:21.483851,0.0069516255,-0.51966447,-0.22818404,2.3701572,-0.32345316,-1.7734945
1707,2026-05-11 16:15:21.486538,0.0069516255,-0.51966447,-0.22818404,2.3701572,-0.32345316,-1.7734945
1708,2026-05-11 16:15:21.489181,0.0069516255,-0.51966447,-0.22818404,2.3701572,-0.32345316,-1.7734945
1709,2026-05-11 16:15:21.491732,0.0069516255,-0.51966447,-0.22818404,2.3701572,-0.32345316,-1.7734945
1710,2026-05-11 16:15:21.494567,0.0069516255,-0.51966447,-0.22818404,2.3701572,-0.32345316,-1.7734945
1711,2026-05-11 16:15:21.497209,0.0069516255,-0.51966447,-0.22818404,2.3701572,-0.32345316,-1.7734945
1712,2026-05-11 16:15:21.500354,0.0069516255,-0.51966447,-0.22818404,2.3701572,-0.32345316,-1.7734945
1713,2026-05-11 16:15:21.503106,0.0069516255,-0.51966447,-0.22818404,2.3701572,-0.32345316,-1.7734945
1714,2026-05-11 16:15:21.505781,0.0069516255,-0.51966447,-0.22818404,2.3701572,-0.32345316,-1.7734945
1715,2026-05-11 16:15:21.508480,0.06317442,-0.49716315,-0.27904066,2.3701572,-0.32345316,-1.7734945
1716,2026-05-11 16:15:21.511064,0.06317442,-0.49716315,-0.27904066,2.3701572,-0.32345316,-1.7734945
1717,2026-05-11 16:15:21.513843,0.06317442,-0.49716315,-0.27904066,2.3701572,-0.32345316,-1.7734945
1718,2026-05-11 16:15:21.516826,0.06317442,-0.49716315,-0.27904066,2.3701572,-0.32345316,-1.7734945
1719,2026-05-11 16:15:21.519647,0.06317442,-0.49716315,-0.27904066,2.3701572,-0.32345316,-1.7734945
1720,2026-05-11 16:15:21.522316,0.06317442,-0.49716315,-0.27904066,2.0189097,-0.066737026,-1.53205
1721,2026-05-11 16:15:21.524893,0.06317442,-0.49716315,-0.27904066,2.0189097,-0.066737026,-1.53205
1722,2026-05-11 16:15:21.527582,0.06317442,-0.49716315,-0.27904066,2.0189097,-0.066737026,-1.53205
1723,2026-05-11 16:15:21.530171,0.06317442,-0.49716315,-0.27904066,2.0189097,-0.066737026,-1.53205
1724,2026-05-11 16:15:21.533295,0.06317442,-0.49716315,-0.27904066,2.0189097,-0.066737026,-1.53205
1725,2026-05-11 16:15:21.536130,0.06317442,-0.49716315,-0.27904066,2.0189097,-0.066737026,-1.53205
1726,2026-05-11 16:15:21.538743,0.06317442,-0.49716315,-0.27904066,2.0189097,-0.066737026,-1.53205
1727,2026-05-11 16:15:21.541349,0.06317442,-0.49716315,-0.27904066,2.0189097,-0.066737026,-1.53205
1728,2026-05-11 16:15:21.544062,0.06317442,-0.49716315,-0.27904066,2.0189097,-0.066737026,-1.53205
1729,2026-05-11 16:15:21.546615,0.06317442,-0.49716315,-0.27904066,2.0189097,-0.066737026,-1.53205
1730,2026-05-11 16:15:21.549704,0.06317442,-0.49716315,-0.27904066,2.0189097,-0.066737026,-1.53205
1731,2026-05-11 16:15:21.552420,0.06317442,-0.49716315,-0.27904066,2.0189097,-0.066737026,-1.53205
1732,2026-05-11 16:15:21.555198,0.06317442,-0.49716315,-0.27904066,2.0189097,-0.066737026,-1.53205
1733,2026-05-11 16:15:21.557900,0.13647138,-0.44526988,-0.33410487,1.643533,0.087201014,-1.4016303
1734,2026-05-11 16:15:21.560507,0.13647138,-0.44526988,-0.33410487,1.643533,0.087201014,-1.4016303
1735,2026-05-11 16:15:21.563252,0.13647138,-0.44526988,-0.33410487,1.643533,0.087201014,-1.4016303
1736,2026-05-11 16:15:21.566097,0.13647138,-0.44526988,-0.33410487,1.643533,0.087201014,-1.4016303
1737,2026-05-11 16:15:21.569067,0.13647138,-0.44526988,-0.33410487,1.643533,0.087201014,-1.4016303
1738,2026-05-11 16:15:21.571685,0.13647138,-0.44526988,-0.33410487,1.643533,0.087201014,-1.4016303
1739,2026-05-11 16:15:21.574486,0.13647138,-0.44526988,-0.33410487,1.643533,0.087201014,-1.4016303
1740,2026-05-11 16:15:21.577293,0.13647138,-0.44526988,-0.33410487,1.643533,0.087201014,-1.4016303
1741,2026-05-11 16:15:21.579922,0.13647138,-0.44526988,-0.33410487,1.643533,0.087201014,-1.4016303
1742,2026-05-11 16:15:21.582797,0.13647138,-0.44526988,-0.33410487,1.643533,0.087201014,-1.4016303
1743,2026-05-11 16:15:21.585576,0.13647138,-0.44526988,-0.33410487,1.643533,0.087201014,-1.4016303
1744,2026-05-11 16:15:21.588226,0.18135203,-0.42228076,-0.33239743,1.2844969,0.21670444,-1.3665055
1745,2026-05-11 16:15:21.590803,0.18135203,-0.42228076,-0.33239743,1.2844969,0.21670444,-1.3665055
1746,2026-05-11 16:15:21.593660,0.18135203,-0.42228076,-0.33239743,1.2844969,0.21670444,-1.3665055
1747,2026-05-11 16:15:21.596266,0.18135203,-0.42228076,-0.33239743,1.2844969,0.21670444,-1.3665055
1748,2026-05-11 16:15:21.599187,0.18135203,-0.42228076,-0.33239743,1.2844969,0.21670444,-1.3665055
1749,2026-05-11 16:15:21.602168,0.18135203,-0.42228076,-0.33239743,1.2844969,0.21670444,-1.3665055
1750,2026-05-11 16:15:21.604769,0.18135203,-0.42228076,-0.33239743,1.2844969,0.21670444,-1.3665055
1751,2026-05-11 16:15:21.607477,0.18135203,-0.42228076,-0.33239743,1.2844969,0.21670444,-1.3665055
1752,2026-05-11 16:15:21.610063,0.18135203,-0.42228076,-0.33239743,1.2844969,0.21670444,-1.3665055
1753,2026-05-11 16:15:21.612857,0.18135203,-0.42228076,-0.33239743,1.2844969,0.21670444,-1.3665055
1754,2026-05-11 16:15:21.616069,0.21300024,-0.40886533,-0.29867595,1.2844969,0.21670444,-1.3665055
1755,2026-05-11 16:15:21.619186,0.21300024,-0.40886533,-0.29867595,0.94134337,0.3277292,-1.4062119
1756,2026-05-11 16:15:21.622543,0.19275515,-0.4480749,-0.17952266,0.6534731,0.4196644,-1.493871
1757,2026-05-11 16:15:21.626099,0.19275515,-0.4480749,-0.17952266,0.6534731,0.4196644,-1.493871
1758,2026-05-11 16:15:21.628816,0.19275515,-0.4480749,-0.17952266,0.6534731,0.4196644,-1.493871
1759,2026-05-11 16:15:21.631563,0.19275515,-0.4480749,-0.17952266,0.6534731,0.4196644,-1.493871
1760,2026-05-11 16:15:21.634841,0.19275515,-0.4480749,-0.17952266,0.6534731,0.4196644,-1.493871
1761,2026-05-11 16:15:21.637820,0.19275515,-0.4480749,-0.17952266,0.6534731,0.4196644,-1.493871
1762,2026-05-11 16:15:21.640975,0.19275515,-0.4480749,-0.17952266,0.6534731,0.4196644,-1.493871
1763,2026-05-11 16:15:21.644184,0.19275515,-0.4480749,-0.17952266,0.6534731,0.4196644,-1.493871
1764,2026-05-11 16:15:21.646954,0.19275515,-0.4480749,-0.17952266,0.6534731,0.4196644,-1.493871
1765,2026-05-11 16:15:21.650085,0.19275515,-0.4480749,-0.17952266,0.34284812,0.54336464,-1.638646
1766,2026-05-11 16:15:21.652738,0.19275515,-0.4480749,-0.17952266,0.34284812,0.54336464,-1.638646
1767,2026-05-11 16:15:21.655265,0.19275515,-0.4480749,-0.17952266,0.34284812,0.54336464,-1.638646
1768,2026-05-11 16:15:21.658077,0.19275515,-0.4480749,-0.17952266,0.34284812,0.54336464,-1.638646
1769,2026-05-11 16:15:21.660712,0.19275515,-0.4480749,-0.17952266,0.34284812,0.54336464,-1.638646
1770,2026-05-11 16:15:21.663525,0.19275515,-0.4480749,-0.17952266,0.34284812,0.54336464,-1.638646
1771,2026-05-11 16:15:21.666241,0.19275515,-0.4480749,-0.17952266,0.34284812,0.54336464,-1.638646
1772,2026-05-11 16:15:21.669537,0.19275515,-0.4480749,-0.17952266,0.34284812,0.54336464,-1.638646
1773,2026-05-11 16:15:21.672400,0.15116736,-0.4897237,-0.12238518,0.21044308,0.68432176,-1.7200438
1774,2026-05-11 16:15:21.675011,0.15116736,-0.4897237,-0.12238518,0.21044308,0.68432176,-1.7200438
1775,2026-05-11 16:15:21.677630,0.15116736,-0.4897237,-0.12238518,0.21044308,0.68432176,-1.7200438
1776,2026-05-11 16:15:21.680139,0.15116736,-0.4897237,-0.12238518,0.21044308,0.68432176,-1.7200438
1777,2026-05-11 16:15:21.682824,0.15116736,-0.4897237,-0.12238518,0.21044308,0.68432176,-1.7200438
1778,2026-05-11 16:15:21.686098,0.04317325,-0.54759294,-0.055308107,0.20861048,0.8417723,-1.7354681
1779,2026-05-11 16:15:21.688780,0.04317325,-0.54759294,-0.055308107,0.20861048,0.8417723,-1.7354681
1780,2026-05-11 16:15:21.691404,0.04317325,-0.54759294,-0.055308107,0.20861048,0.8417723,-1.7354681
1781,2026-05-11 16:15:21.693914,0.04317325,-0.54759294,-0.055308107,0.20861048,0.8417723,-1.7354681
1782,2026-05-11 16:15:21.696444,0.04317325,-0.54759294,-0.055308107,0.20861048,0.8417723,-1.7354681
1783,2026-05-11 16:15:21.699730,-0.12128756,-0.60162044,-0.042929336,0.27320948,0.9275989,-1.6615535
1784,2026-05-11 16:15:21.702498,-0.12128756,-0.60162044,-0.042929336,0.27320948,0.9275989,-1.6615535
1785,2026-05-11 16:15:21.705101,-0.2470876,-0.6435742,-0.063540295,0.27320948,0.9275989,-1.6615535
1786,2026-05-11 16:15:21.707872,-0.2470876,-0.6435742,-0.063540295,0.27320948,0.9275989,-1.6615535
1787,2026-05-11 16:15:21.710592,-0.2470876,-0.6435742,-0.063540295,0.27320948,0.9275989,-1.6615535
1788,2026-05-11 16:15:21.713285,-0.2470876,-0.6435742,-0.063540295,0.3155119,0.9673051,-1.5280794
1789,2026-05-11 16:15:21.716284,-0.2470876,-0.6435742,-0.063540295,0.3155119,0.9673051,-1.5280794
1790,2026-05-11 16:15:21.719252,-0.5323481,-0.7091267,-0.13982524,0.3155119,0.9673051,-1.5280794
1791,2026-05-11 16:15:21.721974,-0.5323481,-0.7091267,-0.13982524,0.3155119,0.9673051,-1.5280794
1792,2026-05-11 16:15:21.724596,-0.5323481,-0.7091267,-0.13982524,0.3155119,0.9673051,-1.5280794
1793,2026-05-11 16:15:21.727413,-0.5323481,-0.7091267,-0.13982524,0.3155119,0.9673051,-1.5280794
1794,2026-05-11 16:15:21.730037,-0.5323481,-0.7091267,-0.13982524,0.3155119,0.9673051,-1.5280794
1795,2026-05-11 16:15:21.733734,-0.5323481,-0.7091267,-0.13982524,0.26175576,0.915687,-0.9776898
1796,2026-05-11 16:15:21.736691,-0.66162395,-0.72376174,-0.15885073,0.26175576,0.915687,-0.9776898
1797,2026-05-11 16:15:21.739402,-0.66162395,-0.72376174,-0.15885073,-0.022143865,0.59773165,-0.088728175
1798,2026-05-11 16:15:21.742034,-0.66162395,-0.72376174,-0.15885073,-0.022143865,0.59773165,-0.088728175
1799,2026-05-11 16:15:21.744626,-0.66162395,-0.72376174,-0.15885073,-0.022143865,0.59773165,-0.088728175
1800,2026-05-11 16:15:21.747390,-0.66162395,-0.72376174,-0.15885073,-0.022143865,0.59773165,-0.088728175
1801,2026-05-11 16:15:21.750682,-0.66162395,-0.72376174,-0.15885073,-0.022143865,0.59773165,-0.088728175
1802,2026-05-11 16:15:21.753638,-0.66162395,-0.72376174,-0.15885073,-0.022143865,0.59773165,-0.088728175
1803,2026-05-11 16:15:21.756313,-0.66162395,-0.72376174,-0.15885073,-0.022143865,0.59773165,-0.088728175
1804,2026-05-11 16:15:21.759158,-0.66162395,-0.72376174,-0.15885073,-0.022143865,0.59773165,-0.088728175
1805,2026-05-11 16:15:21.761809,-0.66162395,-0.72376174,-0.15885073,-0.022143865,0.59773165,-0.088728175
1806,2026-05-11 16:15:21.764548,-0.66162395,-0.72376174,-0.15885073,-0.022143865,0.59773165,-0.088728175
1807,2026-05-11 16:15:21.767525,-0.66162395,-0.72376174,-0.15885073,-0.022143865,0.59773165,-0.088728175
1808,2026-05-11 16:15:21.770342,-0.66162395,-0.72376174,-0.15885073,-0.3352123,0.33276883,0.8081747
1809,2026-05-11 16:15:21.772954,-0.66162395,-0.72376174,-0.15885073,-0.3352123,0.33276883,0.8081747
1810,2026-05-11 16:15:21.775523,-0.66162395,-0.72376174,-0.15885073,-0.3352123,0.33276883,0.8081747
1811,2026-05-11 16:15:21.778270,-0.66162395,-0.72376174,-0.15885073,-0.3352123,0.33276883,0.8081747
1812,2026-05-11 16:15:21.780875,-0.66162395,-0.72376174,-0.15885073,-0.3352123,0.33276883,0.8081747
1813,2026-05-11 16:15:21.783967,-0.66162395,-0.72376174,-0.15885073,-0.3352123,0.33276883,0.8081747
1814,2026-05-11 16:15:21.786638,-0.66162395,-0.72376174,-0.15885073,-0.3352123,0.33276883,0.8081747
1815,2026-05-11 16:15:21.789242,-0.66162395,-0.72376174,-0.15885073,-0.3352123,0.33276883,0.8081747
1816,2026-05-11 16:15:21.791956,-0.66162395,-0.72376174,-0.15885073,-0.3352123,0.33276883,0.8081747
1817,2026-05-11 16:15:21.794516,-0.66162395,-0.72376174,-0.15885073,-0.3352123,0.33276883,0.8081747
1818,2026-05-11 16:15:21.797290,-0.66162395,-0.72376174,-0.15885073,-0.3352123,0.33276883,0.8081747
1819,2026-05-11 16:15:21.800380,-0.66162395,-0.72376174,-0.15885073,-0.3352123,0.33276883,0.8081747
1820,2026-05-11 16:15:21.803129,-0.66162395,-0.72376174,-0.15885073,-0.3352123,0.33276883,0.8081747
1821,2026-05-11 16:15:21.805831,-0.71827364,-0.7452264,-0.1167751,-0.3352123,0.33276883,0.8081747
1822,2026-05-11 16:15:21.808579,-0.71827364,-0.7452264,-0.1167751,-0.3352123,0.33276883,0.8081747
1823,2026-05-11 16:15:21.811324,-0.71827364,-0.7452264,-0.1167751,-0.3352123,0.33276883,0.8081747
1824,2026-05-11 16:15:21.814027,-0.71827364,-0.7452264,-0.1167751,-0.3352123,0.33276883,0.8081747
1825,2026-05-11 16:15:21.817183,-0.6946137,-0.7332135,-0.03390442,-0.61407226,0.26175576,1.6555976
1826,2026-05-11 16:15:21.819953,-0.6946137,-0.7332135,-0.03390442,-0.61407226,0.26175576,1.6555976
1827,2026-05-11 16:15:21.822541,-0.6946137,-0.7332135,-0.03390442,-0.61407226,0.26175576,1.6555976
1828,2026-05-11 16:15:21.825381,-0.6946137,-0.7332135,-0.03390442,-0.61407226,0.26175576,1.6555976
1829,2026-05-11 16:15:21.827989,-0.6946137,-0.7332135,-0.03390442,-0.61407226,0.26175576,1.6555976
1830,2026-05-11 16:15:21.830770,-0.6946137,-0.7332135,-0.03390442,-0.61407226,0.26175576,1.6555976
1831,2026-05-11 16:15:21.833769,-0.6946137,-0.7332135,-0.03390442,-0.61407226,0.26175576,1.6555976
1832,2026-05-11 16:15:21.836579,-0.6946137,-0.7332135,-0.03390442,-0.61407226,0.26175576,1.6555976
1833,2026-05-11 16:15:21.839320,-0.5874123,-0.69607717,0.031892106,-0.61407226,0.26175576,1.6555976
1834,2026-05-11 16:15:21.842084,-0.5874123,-0.69607717,0.031892106,-0.61407226,0.26175576,1.6555976
1835,2026-05-11 16:15:21.844858,-0.33703187,-0.68985736,0.02262327,-0.91813046,0.43463063,2.5751023
1836,2026-05-11 16:15:21.847561,-0.33703187,-0.68985736,0.02262327,-1.5326608,1.1242975,3.9132028
1837,2026-05-11 16:15:21.850634,-0.33703187,-0.68985736,0.02262327,-1.5326608,1.1242975,3.9132028
1838,2026-05-11 16:15:21.853511,-0.33703187,-0.68985736,0.02262327,-1.5326608,1.1242975,3.9132028
1839,2026-05-11 16:15:21.856197,-0.29556602,-0.69034517,0.02426971,-1.7912096,1.4138476,4.3562326
1840,2026-05-11 16:15:21.858785,-0.29556602,-0.69034517,0.02426971,-1.7912096,1.4138476,4.3562326
1841,2026-05-11 16:15:21.861390,-0.29556602,-0.69034517,0.02426971,-1.7912096,1.4138476,4.3562326
1842,2026-05-11 16:15:21.864118,0.5910101,-0.8759658,0.29459035,-2.96178,2.5178337,6.8584895
1843,2026-05-11 16:15:21.867287,0.5910101,-0.8759658,0.29459035,-2.96178,2.5178337,6.8584895
1844,2026-05-11 16:15:21.870042,0.5910101,-0.8759658,0.29459035,-2.96178,2.5178337,6.8584895
1845,2026-05-11 16:15:21.872674,0.5910101,-0.8759658,0.29459035,-2.96178,2.5178337,6.8584895
1846,2026-05-11 16:15:21.875408,1.0277429,-0.9234075,0.30105415,-2.96178,2.5178337,6.8584895
1847,2026-05-11 16:15:21.877974,1.0277429,-0.9234075,0.30105415,-2.96178,2.5178337,6.8584895
1848,2026-05-11 16:15:21.880799,1.0277429,-0.9234075,0.30105415,-3.0607402,2.4715607,7.5163913
1849,2026-05-11 16:15:21.884061,1.0277429,-0.9234075,0.30105415,-3.0607402,2.4715607,7.5163913
1850,2026-05-11 16:15:21.887027,1.0277429,-0.9234075,0.30105415,-3.0607402,2.4715607,7.5163913
1851,2026-05-11 16:15:21.889734,1.0277429,-0.9234075,0.30105415,-3.0607402,2.4715607,7.5163913
1852,2026-05-11 16:15:21.892318,1.0277429,-0.9234075,0.30105415,-3.0607402,2.4715607,7.5163913
1853,2026-05-11 16:15:21.895045,1.0277429,-0.9234075,0.30105415,-3.0607402,2.4715607,7.5163913
1854,2026-05-11 16:15:21.897817,1.0277429,-0.9234075,0.30105415,-3.1038063,2.2301164,8.046622
1855,2026-05-11 16:15:21.900898,1.0277429,-0.9234075,0.30105415,-3.1038063,2.2301164,8.046622
1856,2026-05-11 16:15:21.903796,1.6998553,-0.87657547,0.22940363,-3.1038063,2.2301164,8.046622
1857,2026-05-11 16:15:21.906529,1.6998553,-0.87657547,0.22940363,-3.1038063,2.2301164,8.046622
1858,2026-05-11 16:15:21.909115,1.6998553,-0.87657547,0.22940363,-3.1038063,2.2301164,8.046622
1859,2026-05-11 16:15:21.911898,1.6998553,-0.87657547,0.22940363,-3.1038063,2.2301164,8.046622
1860,2026-05-11 16:15:21.914607,1.6998553,-0.87657547,0.22940363,-3.1038063,2.2301164,8.046622
1861,2026-05-11 16:15:21.917728,1.6998553,-0.87657547,0.22940363,-3.1038063,2.2301164,8.046622
1862,2026-05-11 16:15:21.920473,1.6998553,-0.87657547,0.22940363,-3.1038063,2.2301164,8.046622
1863,2026-05-11 16:15:21.923153,2.133844,-0.7740086,0.12427554,-3.160464,2.0706804,8.150164
1864,2026-05-11 16:15:21.925931,2.133844,-0.7740086,0.12427554,-3.160464,2.0706804,8.150164
1865,2026-05-11 16:15:21.928510,2.133844,-0.7740086,0.12427554,-3.160464,2.0706804,8.150164
1866,2026-05-11 16:15:21.931145,2.133844,-0.7740086,0.12427554,-3.160464,2.0706804,8.150164
1867,2026-05-11 16:15:21.934224,2.133844,-0.7740086,0.12427554,-3.160464,2.0706804,8.150164
1868,2026-05-11 16:15:21.936927,2.133844,-0.7740086,0.12427554,-3.160464,2.0706804,8.150164
1869,2026-05-11 16:15:21.939632,2.133844,-0.7740086,0.12427554,-3.160464,2.0706804,8.150164
1870,2026-05-11 16:15:21.942286,2.133844,-0.7740086,0.12427554,-3.160464,2.0706804,8.150164
1871,2026-05-11 16:15:21.944862,2.133844,-0.7740086,0.12427554,-3.160464,2.0706804,8.150164
1872,2026-05-11 16:15:21.947774,2.133844,-0.7740086,0.12427554,-3.160464,2.0706804,8.150164
1873,2026-05-11 16:15:21.950863,2.133844,-0.7740086,0.12427554,-3.160464,2.0706804,8.150164
1874,2026-05-11 16:15:21.953681,2.7826014,-0.3582526,-0.28733385,-3.6264014,1.9222403,7.862752
1875,2026-05-11 16:15:21.956463,2.7826014,-0.3582526,-0.28733385,-3.6264014,1.9222403,7.862752
1876,2026-05-11 16:15:21.959131,2.7065604,-0.13830076,-0.368802,-3.6264014,1.9222403,7.862752
1877,2026-05-11 16:15:21.961946,2.7065604,-0.13830076,-0.368802,-4.26613,1.6052011,7.635052
1878,2026-05-11 16:15:21.964617,2.7065604,-0.13830076,-0.368802,-4.8113275,0.89644474,7.6181006
1879,2026-05-11 16:15:21.967726,2.7065604,-0.13830076,-0.368802,-4.8113275,0.89644474,7.6181006
1880,2026-05-11 16:15:21.970441,2.7065604,-0.13830076,-0.368802,-4.8113275,0.89644474,7.6181006
1881,2026-05-11 16:15:21.973058,2.7065604,-0.13830076,-0.368802,-4.8113275,0.89644474,7.6181006
1882,2026-05-11 16:15:21.975963,2.7065604,-0.13830076,-0.368802,-4.8113275,0.89644474,7.6181006
1883,2026-05-11 16:15:21.978612,2.7065604,-0.13830076,-0.368802,-4.8113275,0.89644474,7.6181006
1884,2026-05-11 16:15:21.981693,2.558259,0.016586334,-0.012622688,-4.8113275,0.89644474,7.6181006
1885,2026-05-11 16:15:21.984597,2.558259,0.016586334,-0.012622688,-4.8113275,0.89644474,7.6181006
1886,2026-05-11 16:15:21.987222,2.558259,0.016586334,-0.012622688,-4.8113275,0.89644474,7.6181006
1887,2026-05-11 16:15:21.990062,2.558259,0.016586334,-0.012622688,-4.8113275,0.89644474,7.6181006
1888,2026-05-11 16:15:21.992922,2.7377818,0.32709226,1.6510719,-1.9824104,-1.5592335,7.252192
1889,2026-05-11 16:15:21.995881,3.0467021,0.7929731,1.1107355,1.2024882,-1.7924314,6.646061
1890,2026-05-11 16:15:21.998684,3.0467021,0.7929731,1.1107355,1.2024882,-1.7924314,6.646061
1891,2026-05-11 16:15:22.002000,3.0467021,0.7929731,1.1107355,1.2024882,-1.7924314,6.646061
1892,2026-05-11 16:15:22.004734,3.0467021,0.7929731,1.1107355,1.2024882,-1.7924314,6.646061
1893,2026-05-11 16:15:22.007600,3.0467021,0.7929731,1.1107355,1.2024882,-1.7924314,6.646061
1894,2026-05-11 16:15:22.010432,3.0467021,0.7929731,1.1107355,1.2024882,-1.7924314,6.646061
1895,2026-05-11 16:15:22.013139,3.2557387,1.1071987,0.5266771,1.9359847,-1.4992161,6.0159535
1896,2026-05-11 16:15:22.016387,3.2557387,1.1071987,0.5266771,1.9359847,-1.4992161,6.0159535
1897,2026-05-11 16:15:22.019336,3.2557387,1.1071987,0.5266771,1.9359847,-1.4992161,6.0159535
1898,2026-05-11 16:15:22.022094,3.2557387,1.1071987,0.5266771,1.9359847,-1.4992161,6.0159535
1899,2026-05-11 16:15:22.024812,3.2557387,1.1071987,0.5266771,1.9359847,-1.4992161,6.0159535
1900,2026-05-11 16:15:22.027408,3.2557387,1.1071987,0.5266771,1.9359847,-1.4992161,6.0159535
1901,2026-05-11 16:15:22.030102,3.2557387,1.1071987,0.5266771,1.9359847,-1.4992161,6.0159535
1902,2026-05-11 16:15:22.033423,3.2557387,1.1071987,0.5266771,1.9359847,-1.4992161,6.0159535
1903,2026-05-11 16:15:22.036292,3.2674468,1.5349677,-0.42343935,1.4640913,-0.56245416,4.6425757
1904,2026-05-11 16:15:22.038904,3.2674468,1.5349677,-0.42343935,1.4640913,-0.56245416,4.6425757
1905,2026-05-11 16:15:22.041747,3.2674468,1.5349677,-0.42343935,0.92255926,-0.15790866,4.158007
1906,2026-05-11 16:15:22.044624,3.1712825,1.6614385,-0.6483915,0.92255926,-0.15790866,4.158007
1907,2026-05-11 16:15:22.047288,3.1712825,1.6614385,-0.6483915,0.92255926,-0.15790866,4.158007
1908,2026-05-11 16:15:22.050319,3.1712825,1.6614385,-0.6483915,0.92255926,-0.15790866,4.158007
1909,2026-05-11 16:15:22.053027,3.1712825,1.6614385,-0.6483915,0.92255926,-0.15790866,4.158007
1910,2026-05-11 16:15:22.055749,3.1712825,1.6614385,-0.6483915,0.92255926,-0.15790866,4.158007
1911,2026-05-11 16:15:22.058382,3.1712825,1.6614385,-0.6483915,0.92255926,-0.15790866,4.158007
1912,2026-05-11 16:15:22.061028,3.1712825,1.6614385,-0.6483915,0.92255926,-0.15790866,4.158007
1913,2026-05-11 16:15:22.063599,3.1712825,1.6614385,-0.6483915,0.92255926,-0.15790866,4.158007
1914,2026-05-11 16:15:22.066546,3.1712825,1.6614385,-0.6483915,0.92255926,-0.15790866,4.158007
1915,2026-05-11 16:15:22.069435,3.0749357,1.7773597,-0.7857775,0.92255926,-0.15790866,4.158007
1916,2026-05-11 16:15:22.072120,3.0749357,1.7773597,-0.7857775,0.2612976,0.24174993,3.6931386
1917,2026-05-11 16:15:22.074911,3.0749357,1.7773597,-0.7857775,0.2612976,0.24174993,3.6931386
1918,2026-05-11 16:15:22.077609,3.0749357,1.7773597,-0.7857775,0.2612976,0.24174993,3.6931386
1919,2026-05-11 16:15:22.080204,3.0749357,1.7773597,-0.7857775,0.2612976,0.24174993,3.6931386
1920,2026-05-11 16:15:22.083285,2.265254,2.1427472,0.036282603,0.2612976,0.24174993,3.6931386
1921,2026-05-11 16:15:22.086139,2.265254,2.1427472,0.036282603,0.2612976,0.24174993,3.6931386
1922,2026-05-11 16:15:22.088923,2.265254,2.1427472,0.036282603,0.2612976,0.24174993,3.6931386
1923,2026-05-11 16:15:22.091686,2.265254,2.1427472,0.036282603,0.2612976,0.24174993,3.6931386
1924,2026-05-11 16:15:22.094451,2.265254,2.1427472,0.036282603,0.2612976,0.24174993,3.6931386
1925,2026-05-11 16:15:22.097057,2.265254,2.1427472,0.036282603,0.2612976,0.24174993,3.6931386
1926,2026-05-11 16:15:22.100141,2.265254,2.1427472,0.036282603,0.2612976,0.24174993,3.6931386
1927,2026-05-11 16:15:22.102851,2.265254,2.1427472,0.036282603,0.2612976,0.24174993,3.6931386
1928,2026-05-11 16:15:22.105701,2.265254,2.1427472,0.036282603,0.2612976,0.24174993,3.6931386
1929,2026-05-11 16:15:22.108433,2.265254,2.1427472,0.036282603,0.2612976,0.24174993,3.6931386
1930,2026-05-11 16:15:22.111043,2.265254,2.1427472,0.036282603,0.2612976,0.24174993,3.6931386
1931,2026-05-11 16:15:22.113640,2.265254,2.1427472,0.036282603,0.2612976,0.24174993,3.6931386
1932,2026-05-11 16:15:22.121103,2.265254,2.1427472,0.036282603,0.2612976,0.24174993,3.6931386
1933,2026-05-11 16:15:22.125340,2.265254,2.1427472,0.036282603,0.2612976,0.24174993,3.6931386
1934,2026-05-11 16:15:22.143138,2.265254,2.1427472,0.036282603,-2.4228442,0.6426302,0.93523467
1935,2026-05-11 16:15:22.146526,2.2703762,2.1999454,0.14159364,-2.4228442,0.6426302,0.93523467
1936,2026-05-11 16:15:22.155897,2.2703762,2.1999454,0.14159364,-2.221717,0.07941248,-0.052687127
1937,2026-05-11 16:15:22.158717,2.2703762,2.1999454,0.14159364,-2.1760547,-0.023365596,-0.65576386
1938,2026-05-11 16:15:22.161340,2.2703762,2.1999454,0.14159364,-2.1760547,-0.023365596,-0.65576386
1939,2026-05-11 16:15:22.164128,2.2703762,2.1999454,0.14159364,-2.1760547,-0.023365596,-0.65576386
1940,2026-05-11 16:15:22.167163,2.2703762,2.1999454,0.14159364,-2.1760547,-0.023365596,-0.65576386
1941,2026-05-11 16:15:22.169978,2.2703762,2.1999454,0.14159364,-2.1760547,-0.023365596,-0.65576386
1942,2026-05-11 16:15:22.172581,2.2703762,2.1999454,0.14159364,-2.1760547,-0.023365596,-0.65576386
1943,2026-05-11 16:15:22.175403,2.2703762,2.1999454,0.14159364,-2.1760547,-0.023365596,-0.65576386
1944,2026-05-11 16:15:22.177984,2.2703762,2.1999454,0.14159364,-2.1760547,-0.023365596,-0.65576386
1945,2026-05-11 16:15:22.180839,2.2703762,2.1999454,0.14159364,-2.1760547,-0.023365596,-0.65576386
1946,2026-05-11 16:15:22.184109,2.2703762,2.1999454,0.14159364,-2.1760547,-0.023365596,-0.65576386
1947,2026-05-11 16:15:22.186984,2.2703762,2.1999454,0.14159364,-2.1760547,-0.023365596,-0.65576386
1948,2026-05-11 16:15:22.189666,2.2703762,2.1999454,0.14159364,-2.1760547,-0.023365596,-0.65576386
1949,2026-05-11 16:15:22.192446,2.2703762,2.1999454,0.14159364,-2.1760547,-0.023365596,-0.65576386
1950,2026-05-11 16:15:22.195205,2.385566,2.1557965,0.120494835,-2.1760547,-0.023365596,-0.65576386
1951,2026-05-11 16:15:22.198295,2.385566,2.1557965,0.120494835,-2.1760547,-0.023365596,-0.65576386
1952,2026-05-11 16:15:22.201199,2.385566,2.1557965,0.120494835,-2.1760547,-0.023365596,-0.65576386
1953,2026-05-11 16:15:22.203824,2.385566,2.1557965,0.120494835,-2.1760547,-0.023365596,-0.65576386
1954,2026-05-11 16:15:22.206549,2.385566,2.1557965,0.120494835,-2.1760547,-0.023365596,-0.65576386
1955,2026-05-11 16:15:22.209139,2.385566,2.1557965,0.120494835,-2.1760547,-0.023365596,-0.65576386
1956,2026-05-11 16:15:22.211732,2.385566,2.1557965,0.120494835,-2.1760547,-0.023365596,-0.65576386
1957,2026-05-11 16:15:22.214286,2.385566,2.1557965,0.120494835,-2.1760547,-0.023365596,-0.65576386
1958,2026-05-11 16:15:22.217146,2.385566,2.1557965,0.120494835,-2.1760547,-0.023365596,-0.65576386
1959,2026-05-11 16:15:22.220021,2.385566,2.1557965,0.120494835,-2.1760547,-0.023365596,-0.65576386
1960,2026-05-11 16:15:22.222653,2.385566,2.1557965,0.120494835,-2.1760547,-0.023365596,-0.65576386
1961,2026-05-11 16:15:22.225397,2.385566,2.1557965,0.120494835,-2.1760547,-0.023365596,-0.65576386
1962,2026-05-11 16:15:22.228116,2.385566,2.1557965,0.120494835,-2.1760547,-0.023365596,-0.65576386
1963,2026-05-11 16:15:22.230777,2.385566,2.1557965,0.120494835,-2.1760547,-0.023365596,-0.65576386
1964,2026-05-11 16:15:22.233971,2.385566,2.1557965,0.120494835,-2.1760547,-0.023365596,-0.65576386
1965,2026-05-11 16:15:22.236669,2.385566,2.1557965,0.120494835,-2.2530236,0.19272798,-2.031127
1966,2026-05-11 16:15:22.239478,2.385566,2.1557965,0.120494835,-2.2530236,0.19272798,-2.031127
1967,2026-05-11 16:15:22.242138,2.385566,2.1557965,0.120494835,-2.2530236,0.19272798,-2.031127
1968,2026-05-11 16:15:22.244933,2.385566,2.1557965,0.120494835,-2.2530236,0.19272798,-2.031127
1969,2026-05-11 16:15:22.247565,2.385566,2.1557965,0.120494835,-2.2530236,0.19272798,-2.031127
1970,2026-05-11 16:15:22.250868,2.385566,2.1557965,0.120494835,-2.2530236,0.19272798,-2.031127
1971,2026-05-11 16:15:22.253603,2.385566,2.1557965,0.120494835,-2.2530236,0.19272798,-2.031127
1972,2026-05-11 16:15:22.256349,2.5192933,1.8934642,0.19092578,-2.2530236,0.19272798,-2.031127
1973,2026-05-11 16:15:22.259067,2.5192933,1.8934642,0.19092578,-2.2530236,0.19272798,-2.031127
1974,2026-05-11 16:15:22.261866,2.5192933,1.8934642,0.19092578,-2.2530236,0.19272798,-2.031127
1975,2026-05-11 16:15:22.264583,2.5192933,1.8934642,0.19092578,-2.2530236,0.19272798,-2.031127
1976,2026-05-11 16:15:22.267819,2.5192933,1.8934642,0.19092578,-2.2530236,0.19272798,-2.031127
1977,2026-05-11 16:15:22.270628,2.5192933,1.8934642,0.19092578,-2.2530236,0.19272798,-2.031127
1978,2026-05-11 16:15:22.273237,2.5192933,1.8934642,0.19092578,-2.2530236,0.19272798,-2.031127
1979,2026-05-11 16:15:22.276061,2.5192933,1.8934642,0.19092578,-2.2530236,0.19272798,-2.031127
1980,2026-05-11 16:15:22.278828,2.5192933,1.8934642,0.19092578,-2.1928535,0.6898196,-3.0790663
1981,2026-05-11 16:15:22.281563,2.4449596,1.6308879,0.31940886,-2.1928535,0.6898196,-3.0790663
1982,2026-05-11 16:15:22.284491,2.4449596,1.6308879,0.31940886,-2.1928535,0.6898196,-3.0790663
1983,2026-05-11 16:15:22.287128,2.4449596,1.6308879,0.31940886,-2.1928535,0.6898196,-3.0790663
1984,2026-05-11 16:15:22.289720,2.4449596,1.6308879,0.31940886,-2.1928535,0.6898196,-3.0790663
1985,2026-05-11 16:15:22.292465,2.4449596,1.6308879,0.31940886,-2.1928535,0.6898196,-3.0790663
1986,2026-05-11 16:15:22.295024,2.4449596,1.6308879,0.31940886,-2.1928535,0.6898196,-3.0790663
1987,2026-05-11 16:15:22.297709,2.1950061,1.1729952,0.6852839,-1.7951802,1.029308,-3.7274997
1988,2026-05-11 16:15:22.300880,2.1950061,1.1729952,0.6852839,-1.7951802,1.029308,-3.7274997
1989,2026-05-11 16:15:22.303717,2.1950061,1.1729952,0.6852839,-1.7951802,1.029308,-3.7274997
1990,2026-05-11 16:15:22.306353,2.1950061,1.1729952,0.6852839,-1.7951802,1.029308,-3.7274997
1991,2026-05-11 16:15:22.308950,2.1950061,1.1729952,0.6852839,-1.7951802,1.029308,-3.7274997
1992,2026-05-11 16:15:22.311765,2.1950061,1.1729952,0.6852839,-1.7951802,1.029308,-3.7274997
1993,2026-05-11 16:15:22.314449,2.1950061,1.1729952,0.6852839,-1.0183123,0.808022,-4.043928
1994,2026-05-11 16:15:22.317557,2.1950061,1.1729952,0.6852839,-0.4176791,0.43264532,-4.1636577
1995,2026-05-11 16:15:22.320509,2.2290325,1.1393347,0.7393724,-0.4176791,0.43264532,-4.1636577
1996,2026-05-11 16:15:22.323158,2.2290325,1.1393347,0.7393724,-0.4176791,0.43264532,-4.1636577
1997,2026-05-11 16:15:22.325816,2.2290325,1.1393347,0.7393724,-0.4176791,0.43264532,-4.1636577
1998,2026-05-11 16:15:22.328539,2.2290325,1.1393347,0.7393724,-0.4176791,0.43264532,-4.1636577
1999,2026-05-11 16:15:22.331277,2.2290325,1.1393347,0.7393724,-0.4176791,0.43264532,-4.1636577
2000,2026-05-11 16:15:22.334417,2.2290325,1.1393347,0.7393724,-0.4176791,0.43264532,-4.1636577
2001,2026-05-11 16:15:22.337050,2.2290325,1.1393347,0.7393724,-0.4176791,0.43264532,-4.1636577
2002,2026-05-11 16:15:22.339815,2.2290325,1.1393347,0.7393724,-0.4176791,0.43264532,-4.1636577
2003,2026-05-11 16:15:22.342455,2.2290325,1.1393347,0.7393724,-0.4176791,0.43264532,-4.1636577
2004,2026-05-11 16:15:22.345278,2.3775167,1.1555552,0.68839383,-0.4176791,0.43264532,-4.1636577
2005,2026-05-11 16:15:22.347978,2.3775167,1.1555552,0.68839383,-0.4176791,0.43264532,-4.1636577
2006,2026-05-11 16:15:22.351314,2.3775167,1.1555552,0.68839383,0.68554354,-0.35735616,-4.3142357
2007,2026-05-11 16:15:22.353944,2.3775167,1.1555552,0.68839383,0.68554354,-0.35735616,-4.3142357
2008,2026-05-11 16:15:22.356779,2.3775167,1.1555552,0.68839383,0.68554354,-0.35735616,-4.3142357
2009,2026-05-11 16:15:22.359392,2.3775167,1.1555552,0.68839383,0.68554354,-0.35735616,-4.3142357
2010,2026-05-11 16:15:22.361984,2.3775167,1.1555552,0.68839383,0.68554354,-0.35735616,-4.3142357
2011,2026-05-11 16:15:22.364714,2.3775167,1.1555552,0.68839383,0.68554354,-0.35735616,-4.3142357
2012,2026-05-11 16:15:22.368094,2.3775167,1.1555552,0.68839383,0.68554354,-0.35735616,-4.3142357
2013,2026-05-11 16:15:22.370972,2.57887,1.1670192,0.52807957,0.68554354,-0.35735616,-4.3142357
2014,2026-05-11 16:15:22.373647,2.57887,1.1670192,0.52807957,0.68554354,-0.35735616,-4.3142357
2015,2026-05-11 16:15:22.376253,2.57887,1.1670192,0.52807957,0.68554354,-0.35735616,-4.3142357
2016,2026-05-11 16:15:22.379087,2.57887,1.1670192,0.52807957,1.120785,-0.64736444,-4.5060472
2017,2026-05-11 16:15:22.382348,2.57887,1.1670192,0.52807957,1.120785,-0.64736444,-4.5060472
2018,2026-05-11 16:15:22.385189,2.57887,1.1670192,0.52807957,1.120785,-0.64736444,-4.5060472
2019,2026-05-11 16:15:22.387783,2.57887,1.1670192,0.52807957,1.120785,-0.64736444,-4.5060472
2020,2026-05-11 16:15:22.390635,2.6538134,1.1895816,0.41789025,1.132086,-0.6290385,-4.7305403
2021,2026-05-11 16:15:22.393303,2.6538134,1.1895816,0.41789025,1.132086,-0.6290385,-4.7305403
2022,2026-05-11 16:15:22.395921,2.6538134,1.1895816,0.41789025,1.132086,-0.6290385,-4.7305403
2023,2026-05-11 16:15:22.398948,2.6538134,1.1895816,0.41789025,1.132086,-0.6290385,-4.7305403
2024,2026-05-11 16:15:22.402050,2.6538134,1.1895816,0.41789025,1.132086,-0.6290385,-4.7305403
2025,2026-05-11 16:15:22.404819,2.6538134,1.1895816,0.41789025,1.132086,-0.6290385,-4.7305403
2026,2026-05-11 16:15:22.407587,2.6538134,1.1895816,0.41789025,1.132086,-0.6290385,-4.7305403
2027,2026-05-11 16:15:22.410554,2.6097255,1.2520242,0.25867364,0.9428705,-0.5345071,-4.9038734
2028,2026-05-11 16:15:22.413300,2.6097255,1.2520242,0.25867364,0.9428705,-0.5345071,-4.9038734
2029,2026-05-11 16:15:22.416607,2.6097255,1.2520242,0.25867364,0.9428705,-0.5345071,-4.9038734
2030,2026-05-11 16:15:22.419428,2.6097255,1.2520242,0.25867364,0.622319,-0.40485093,-5.0460525
2031,2026-05-11 16:15:22.422025,2.6097255,1.2520242,0.25867364,0.622319,-0.40485093,-5.0460525
2032,2026-05-11 16:15:22.424785,2.6097255,1.2520242,0.25867364,0.622319,-0.40485093,-5.0460525
2033,2026-05-11 16:15:22.427400,2.6097255,1.2520242,0.25867364,0.622319,-0.40485093,-5.0460525
2034,2026-05-11 16:15:22.430104,2.6116157,1.1755564,0.28965104,0.622319,-0.40485093,-5.0460525
2035,2026-05-11 16:15:22.433161,2.6116157,1.1755564,0.28965104,0.622319,-0.40485093,-5.0460525
2036,2026-05-11 16:15:22.435889,2.6116157,1.1755564,0.28965104,0.622319,-0.40485093,-5.0460525
2037,2026-05-11 16:15:22.438530,2.6116157,1.1755564,0.28965104,0.08475755,-0.23854288,-5.248554
2038,2026-05-11 16:15:22.441283,2.6116157,1.1755564,0.28965104,0.08475755,-0.23854288,-5.248554
2039,2026-05-11 16:15:22.443903,2.6116157,1.1755564,0.28965104,0.08475755,-0.23854288,-5.248554
2040,2026-05-11 16:15:22.446577,2.6116157,1.1755564,0.28965104,0.08475755,-0.23854288,-5.248554
2041,2026-05-11 16:15:22.449491,2.6116157,1.1755564,0.28965104,0.08475755,-0.23854288,-5.248554
2042,2026-05-11 16:15:22.452339,2.6116157,1.1755564,0.28965104,0.08475755,-0.23854288,-5.248554
2043,2026-05-11 16:15:22.454996,2.6116157,1.1755564,0.28965104,0.08475755,-0.23854288,-5.248554
2044,2026-05-11 16:15:22.457910,2.6116157,1.1755564,0.28965104,-0.118507855,-0.04627304,-5.4635787
2045,2026-05-11 16:15:22.460550,2.6116157,1.1755564,0.28965104,-0.118507855,-0.04627304,-5.4635787
2046,2026-05-11 16:15:22.463119,2.6116157,1.1755564,0.28965104,-0.118507855,-0.04627304,-5.4635787
2047,2026-05-11 16:15:22.466130,2.6116157,1.1755564,0.28965104,-0.118507855,-0.04627304,-5.4635787
2048,2026-05-11 16:15:22.468822,2.6116157,1.1755564,0.28965104,-0.118507855,-0.04627304,-5.4635787
2049,2026-05-11 16:15:22.471715,2.6116157,1.1755564,0.28965104,-0.118507855,-0.04627304,-5.4635787
2050,2026-05-11 16:15:22.474400,2.5167322,1.0350604,0.41789025,-0.118507855,-0.04627304,-5.4635787
2051,2026-05-11 16:15:22.476989,2.5167322,1.0350604,0.41789025,-0.118507855,-0.04627304,-5.4635787
2052,2026-05-11 16:15:22.479774,2.5167322,1.0350604,0.41789025,-0.118507855,-0.04627304,-5.4635787
2053,2026-05-11 16:15:22.482861,2.5167322,1.0350604,0.41789025,-0.118507855,-0.04627304,-5.4635787
2054,2026-05-11 16:15:22.485801,2.5167322,1.0350604,0.41789025,-0.118507855,-0.04627304,-5.4635787
2055,2026-05-11 16:15:22.488509,2.5167322,1.0350604,0.41789025,-0.118507855,-0.04627304,-5.4635787
2056,2026-05-11 16:15:22.491115,2.5167322,1.0350604,0.41789025,-0.118507855,-0.04627304,-5.4635787
2057,2026-05-11 16:15:22.493963,2.5167322,1.0350604,0.41789025,-0.118507855,-0.04627304,-5.4635787
2058,2026-05-11 16:15:22.496549,2.5167322,1.0350604,0.41789025,-0.118507855,-0.04627304,-5.4635787
2059,2026-05-11 16:15:22.499474,2.5167322,1.0350604,0.41789025,-0.118507855,-0.04627304,-5.4635787
2060,2026-05-11 16:15:22.502319,2.5167322,1.0350604,0.41789025,-0.118507855,-0.04627304,-5.4635787
2061,2026-05-11 16:15:22.504906,2.5167322,1.0350604,0.41789025,-0.118507855,-0.04627304,-5.4635787
2062,2026-05-11 16:15:22.507511,2.5167322,1.0350604,0.41789025,-0.118507855,-0.04627304,-5.4635787
2063,2026-05-11 16:15:22.510106,2.5167322,1.0350604,0.41789025,-0.118507855,-0.04627304,-5.4635787
2064,2026-05-11 16:15:22.512664,2.5167322,1.0350604,0.41789025,-0.118507855,-0.04627304,-5.4635787
2065,2026-05-11 16:15:22.515891,2.3791022,0.80279076,0.48197934,-0.118507855,-0.04627304,-5.4635787
2066,2026-05-11 16:15:22.518658,2.3791022,0.80279076,0.48197934,-0.01038471,-0.046578474,-5.711743
2067,2026-05-11 16:15:22.521298,2.3791022,0.80279076,0.48197934,-0.01038471,-0.046578474,-5.711743
2068,2026-05-11 16:15:22.523874,2.3791022,0.80279076,0.48197934,-0.01038471,-0.046578474,-5.711743
2069,2026-05-11 16:15:22.526733,2.3791022,0.80279076,0.48197934,0.22067507,-0.27916542,-5.9220333
2070,2026-05-11 16:15:22.529329,2.3791022,0.80279076,0.48197934,0.22067507,-0.27916542,-5.9220333
2071,2026-05-11 16:15:22.532024,2.3791022,0.80279076,0.48197934,0.22067507,-0.27916542,-5.9220333
2072,2026-05-11 16:15:22.535282,2.3791022,0.80279076,0.48197934,0.22067507,-0.27916542,-5.9220333
2073,2026-05-11 16:15:22.537923,2.3791022,0.80279076,0.48197934,0.22067507,-0.27916542,-5.9220333
2074,2026-05-11 16:15:22.540776,2.1319537,0.45649004,0.44551378,0.22067507,-0.27916542,-5.9220333
2075,2026-05-11 16:15:22.543469,2.1319537,0.45649004,0.44551378,0.22067507,-0.27916542,-5.9220333
2076,2026-05-11 16:15:22.546304,2.1319537,0.45649004,0.44551378,0.22067507,-0.27916542,-5.9220333
2077,2026-05-11 16:15:22.549938,2.1319537,0.45649004,0.44551378,0.22067507,-0.27916542,-5.9220333
2078,2026-05-11 16:15:22.552963,2.1319537,0.45649004,0.44551378,0.22067507,-0.27916542,-5.9220333
2079,2026-05-11 16:15:22.555758,1.9287101,0.25245374,0.40764573,0.3484986,-0.45280385,-5.9961004
2080,2026-05-11 16:15:22.558548,1.9287101,0.25245374,0.40764573,0.3484986,-0.45280385,-5.9961004
2081,2026-05-11 16:15:22.561234,1.4249002,-0.12677568,0.36221626,0.52671856,-0.7678576,-5.9886174
2082,2026-05-11 16:15:22.564022,1.4249002,-0.12677568,0.36221626,0.52671856,-0.7678576,-5.9886174
2083,2026-05-11 16:15:22.567115,1.4249002,-0.12677568,0.36221626,0.52671856,-0.7678576,-5.9886174
2084,2026-05-11 16:15:22.570007,1.4249002,-0.12677568,0.36221626,0.52671856,-0.7678576,-5.9886174
2085,2026-05-11 16:15:22.572706,1.4249002,-0.12677568,0.36221626,0.52671856,-0.7678576,-5.9886174
2086,2026-05-11 16:15:22.575325,1.4249002,-0.12677568,0.36221626,0.52671856,-0.7678576,-5.9886174
2087,2026-05-11 16:15:22.578203,1.0717089,-0.32355547,0.3617894,0.52671856,-0.7678576,-5.9886174
2088,2026-05-11 16:15:22.580943,1.0717089,-0.32355547,0.3617894,0.52671856,-0.7678576,-5.9886174
2089,2026-05-11 16:15:22.584291,1.0717089,-0.32355547,0.3617894,0.52671856,-0.7678576,-5.9886174
2090,2026-05-11 16:15:22.587046,1.0717089,-0.32355547,0.3617894,0.52671856,-0.7678576,-5.9886174
2091,2026-05-11 16:15:22.589742,1.0717089,-0.32355547,0.3617894,0.52671856,-0.7678576,-5.9886174
2092,2026-05-11 16:15:22.592337,1.0717089,-0.32355547,0.3617894,0.52671856,-0.7678576,-5.9886174
2093,2026-05-11 16:15:22.595234,1.0717089,-0.32355547,0.3617894,0.8901834,-1.1032226,-5.316055
2094,2026-05-11 16:15:22.598762,0.6751004,-0.5172863,0.3404467,0.8901834,-1.1032226,-5.316055
2095,2026-05-11 16:15:22.601691,0.6751004,-0.5172863,0.3404467,0.8901834,-1.1032226,-5.316055
2096,2026-05-11 16:15:22.604458,0.6751004,-0.5172863,0.3404467,0.8901834,-1.1032226,-5.316055
2097,2026-05-11 16:15:22.607268,0.6751004,-0.5172863,0.3404467,0.8901834,-1.1032226,-5.316055
2098,2026-05-11 16:15:22.609952,0.6751004,-0.5172863,0.3404467,0.8901834,-1.1032226,-5.316055
2099,2026-05-11 16:15:22.612552,0.6751004,-0.5172863,0.3404467,0.8901834,-1.1032226,-5.316055
2100,2026-05-11 16:15:22.615179,0.6751004,-0.5172863,0.3404467,0.8901834,-1.1032226,-5.316055
2101,2026-05-11 16:15:22.618541,0.3264215,-0.603023,0.2786748,0.8901834,-1.1032226,-5.316055
2102,2026-05-11 16:15:22.621292,0.3264215,-0.603023,0.2786748,1.0383182,-1.1085677,-4.7583346
2103,2026-05-11 16:15:22.624073,0.3264215,-0.603023,0.2786748,1.0383182,-1.1085677,-4.7583346
2104,2026-05-11 16:15:22.626771,0.3264215,-0.603023,0.2786748,1.0383182,-1.1085677,-4.7583346
2105,2026-05-11 16:15:22.629450,0.3264215,-0.603023,0.2786748,1.0870347,-1.055117,-4.3988404
2106,2026-05-11 16:15:22.632348,0.3264215,-0.603023,0.2786748,1.0870347,-1.055117,-4.3988404
2107,2026-05-11 16:15:22.635489,0.3264215,-0.603023,0.2786748,1.0870347,-1.055117,-4.3988404
2108,2026-05-11 16:15:22.638268,0.2025728,-0.63528097,0.26202747,1.0870347,-1.055117,-4.3988404
2109,2026-05-11 16:15:22.640940,0.2025728,-0.63528097,0.26202747,1.0870347,-1.055117,-4.3988404
2110,2026-05-11 16:15:22.643776,0.05719846,-0.6655876,0.24824621,1.2197452,-0.80924374,-3.7555995
2111,2026-05-11 16:15:22.646478,0.05719846,-0.6655876,0.24824621,1.2197452,-0.80924374,-3.7555995
2112,2026-05-11 16:15:22.649462,0.05719846,-0.6655876,0.24824621,1.2197452,-0.80924374,-3.7555995
2113,2026-05-11 16:15:22.652508,0.05719846,-0.6655876,0.24824621,1.2197452,-0.80924374,-3.7555995
2114,2026-05-11 16:15:22.655180,-0.026099084,-0.7712035,0.19312102,1.2197452,-0.80924374,-3.7555995
2115,2026-05-11 16:15:22.657897,-0.026099084,-0.7712035,0.19312102,1.2197452,-0.80924374,-3.7555995
2116,2026-05-11 16:15:22.660609,-0.026099084,-0.7712035,0.19312102,1.4196508,-0.54458636,-3.3771684
2117,2026-05-11 16:15:22.663273,-0.026099084,-0.7712035,0.19312102,1.4196508,-0.54458636,-3.3771684
2118,2026-05-11 16:15:22.666281,-0.026099084,-0.7712035,0.19312102,1.4196508,-0.54458636,-3.3771684
2119,2026-05-11 16:15:22.668964,-0.026099084,-0.7712035,0.19312102,1.4196508,-0.54458636,-3.3771684
2120,2026-05-11 16:15:22.671788,-0.026099084,-0.7712035,0.19312102,1.4196508,-0.54458636,-3.3771684
2121,2026-05-11 16:15:22.674542,-0.026099084,-0.7712035,0.19312102,1.4196508,-0.54458636,-3.3771684
2122,2026-05-11 16:15:22.677308,-0.13958131,-0.910541,0.14165461,1.4196508,-0.54458636,-3.3771684
2123,2026-05-11 16:15:22.680083,-0.13958131,-0.910541,0.14165461,1.4196508,-0.54458636,-3.3771684
2124,2026-05-11 16:15:22.682952,-0.13958131,-0.910541,0.14165461,1.4196508,-0.54458636,-3.3771684
2125,2026-05-11 16:15:22.685697,-0.13958131,-0.910541,0.14165461,1.4196508,-0.54458636,-3.3771684
2126,2026-05-11 16:15:22.688421,-0.13958131,-0.910541,0.14165461,1.4196508,-0.54458636,-3.3771684
2127,2026-05-11 16:15:22.691023,-0.13958131,-0.910541,0.14165461,1.4196508,-0.54458636,-3.3771684
2128,2026-05-11 16:15:22.693641,-0.13958131,-0.910541,0.14165461,1.4196508,-0.54458636,-3.3771684
2129,2026-05-11 16:15:22.696186,-0.13958131,-0.910541,0.14165461,1.4196508,-0.54458636,-3.3771684
2130,2026-05-11 16:15:22.699286,-0.62686586,-1.2773306,-0.08915155,2.6794076,-1.743104,-2.6418395
2131,2026-05-11 16:15:22.702342,-0.7301646,-1.3351388,-0.13982524,2.9735394,-2.706744,-1.7163786
2132,2026-05-11 16:15:22.705102,-0.7301646,-1.3351388,-0.13982524,2.9735394,-2.706744,-1.7163786
2133,2026-05-11 16:15:22.707855,-0.7301646,-1.3351388,-0.13982524,2.624888,-2.231338,-1.2469287
2134,2026-05-11 16:15:22.710530,-0.82748735,-1.355384,-0.23281845,2.624888,-2.231338,-1.2469287
2135,2026-05-11 16:15:22.713343,-0.82748735,-1.355384,-0.23281845,2.624888,-2.231338,-1.2469287
2136,2026-05-11 16:15:22.716367,-0.82748735,-1.355384,-0.23281845,2.624888,-2.231338,-1.2469287
2137,2026-05-11 16:15:22.719116,-0.82748735,-1.355384,-0.23281845,2.624888,-2.231338,-1.2469287
2138,2026-05-11 16:15:22.721826,-0.89371073,-1.3436149,-0.2997126,2.624888,-2.231338,-1.2469287
2139,2026-05-11 16:15:22.724601,-0.89371073,-1.3436149,-0.2997126,1.3129021,-0.52503866,0.04886922
2140,2026-05-11 16:15:22.727337,-0.89371073,-1.3436149,-0.2997126,1.3129021,-0.52503866,0.04886922
2141,2026-05-11 16:15:22.730063,-0.89371073,-1.3436149,-0.2997126,1.3129021,-0.52503866,0.04886922
2142,2026-05-11 16:15:22.733453,-0.8644407,-1.3249553,-0.30635932,1.3129021,-0.52503866,0.04886922
2143,2026-05-11 16:15:22.736230,-0.8644407,-1.3249553,-0.30635932,1.3129021,-0.52503866,0.04886922
2144,2026-05-11 16:15:22.738908,-0.8644407,-1.3249553,-0.30635932,1.3129021,-0.52503866,0.04886922
2145,2026-05-11 16:15:22.741555,-0.8644407,-1.3249553,-0.30635932,1.3129021,-0.52503866,0.04886922
2146,2026-05-11 16:15:22.744174,-0.8644407,-1.3249553,-0.30635932,1.3129021,-0.52503866,0.04886922
2147,2026-05-11 16:15:22.746875,-0.8644407,-1.3249553,-0.30635932,1.3129021,-0.52503866,0.04886922
2148,2026-05-11 16:15:22.750036,-0.8644407,-1.3249553,-0.30635932,1.3129021,-0.52503866,0.04886922
2149,2026-05-11 16:15:22.752857,-0.78541166,-1.2973927,-0.31959182,0.6046039,0.19318613,0.7974846
2150,2026-05-11 16:15:22.755653,-0.70876086,-1.240926,-0.34203213,0.19685133,0.4885395,1.2287555
2151,2026-05-11 16:15:22.758274,-0.70876086,-1.240926,-0.34203213,0.19685133,0.4885395,1.2287555
2152,2026-05-11 16:15:22.760983,-0.70876086,-1.240926,-0.34203213,0.19685133,0.4885395,1.2287555
2153,2026-05-11 16:15:22.763680,-0.70876086,-1.240926,-0.34203213,0.19685133,0.4885395,1.2287555
2154,2026-05-11 16:15:22.766797,-0.70876086,-1.240926,-0.34203213,0.19685133,0.4885395,1.2287555
2155,2026-05-11 16:15:22.769714,-0.70876086,-1.240926,-0.34203213,0.19685133,0.4885395,1.2287555
2156,2026-05-11 16:15:22.772482,-0.70876086,-1.240926,-0.34203213,0.19685133,0.4885395,1.2287555
2157,2026-05-11 16:15:22.775101,-0.70876086,-1.240926,-0.34203213,0.19685133,0.4885395,1.2287555
2158,2026-05-11 16:15:22.777972,-0.70876086,-1.240926,-0.34203213,0.19685133,0.4885395,1.2287555
2159,2026-05-11 16:15:22.780645,-0.70876086,-1.240926,-0.34203213,0.19685133,0.4885395,1.2287555
2160,2026-05-11 16:15:22.783885,-0.70876086,-1.240926,-0.34203213,0.19685133,0.4885395,1.2287555
2161,2026-05-11 16:15:22.786579,-0.70876086,-1.240926,-0.34203213,0.19685133,0.4885395,1.2287555
2162,2026-05-11 16:15:22.789320,-0.70876086,-1.240926,-0.34203213,-0.2864958,0.7903069,1.7345519
2163,2026-05-11 16:15:22.792038,-0.70876086,-1.240926,-0.34203213,-0.2864958,0.7903069,1.7345519
2164,2026-05-11 16:15:22.794845,-0.62442666,-1.1667144,-0.32788497,-0.2864958,0.7903069,1.7345519
2165,2026-05-11 16:15:22.797541,-0.62442666,-1.1667144,-0.32788497,-0.2864958,0.7903069,1.7345519
2166,2026-05-11 16:15:22.800454,-0.62442666,-1.1667144,-0.32788497,-0.2864958,0.7903069,1.7345519
2167,2026-05-11 16:15:22.803324,-0.62442666,-1.1667144,-0.32788497,-0.2864958,0.7903069,1.7345519
2168,2026-05-11 16:15:22.805944,-0.62442666,-1.1667144,-0.32788497,-0.2864958,0.7903069,1.7345519
2169,2026-05-11 16:15:22.808670,-0.62442666,-1.1667144,-0.32788497,-0.2864958,0.7903069,1.7345519
2170,2026-05-11 16:15:22.811465,-0.62442666,-1.1667144,-0.32788497,-0.2864958,0.7903069,1.7345519
2171,2026-05-11 16:15:22.814079,-0.62442666,-1.1667144,-0.32788497,-0.2864958,0.7903069,1.7345519
2172,2026-05-11 16:15:22.817255,-0.62442666,-1.1667144,-0.32788497,-0.2864958,0.7903069,1.7345519
2173,2026-05-11 16:15:22.820048,-0.62442666,-1.1667144,-0.32788497,-0.2864958,0.7903069,1.7345519
2174,2026-05-11 16:15:22.822664,-0.62442666,-1.1667144,-0.32788497,-0.2864958,0.7903069,1.7345519
2175,2026-05-11 16:15:22.825478,-0.62442666,-1.1667144,-0.32788497,-0.2864958,0.7903069,1.7345519
2176,2026-05-11 16:15:22.828085,-0.62442666,-1.1667144,-0.32788497,-0.2864958,0.7903069,1.7345519
2177,2026-05-11 16:15:22.830840,-0.55863017,-1.0995764,-0.29190728,-0.68844515,1.041678,2.186134
2178,2026-05-11 16:15:22.834159,-0.4680151,-0.9845087,-0.25519782,-0.9211848,1.1765264,2.5298984
2179,2026-05-11 16:15:22.836962,-0.4680151,-0.9845087,-0.25519782,-0.9211848,1.1765264,2.5298984
2180,2026-05-11 16:15:22.839535,-0.4680151,-0.9845087,-0.25519782,-0.9211848,1.1765264,2.5298984
2181,2026-05-11 16:15:22.842157,-0.4680151,-0.9845087,-0.25519782,-0.9211848,1.1765264,2.5298984
2182,2026-05-11 16:15:22.844758,-0.4680151,-0.9845087,-0.25519782,-0.9211848,1.1765264,2.5298984
2183,2026-05-11 16:15:22.847469,-0.4680151,-0.9845087,-0.25519782,-1.1724031,1.2678508,2.9220738
2184,2026-05-11 16:15:22.850498,-0.4680151,-0.9845087,-0.25519782,-1.1724031,1.2678508,2.9220738
2185,2026-05-11 16:15:22.853276,-0.4680151,-0.9845087,-0.25519782,-1.1724031,1.2678508,2.9220738
2186,2026-05-11 16:15:22.855823,-0.4680151,-0.9845087,-0.25519782,-1.1724031,1.2678508,2.9220738
2187,2026-05-11 16:15:22.858457,-0.4680151,-0.9845087,-0.25519782,-1.1724031,1.2678508,2.9220738
2188,2026-05-11 16:15:22.861182,-0.3324584,-0.86718476,-0.24897793,-1.1724031,1.2678508,2.9220738
2189,2026-05-11 16:15:22.863779,-0.3324584,-0.86718476,-0.24897793,-1.1724031,1.2678508,2.9220738
2190,2026-05-11 16:15:22.866993,-0.3324584,-0.86718476,-0.24897793,-1.1724031,1.2678508,2.9220738
2191,2026-05-11 16:15:22.870059,-0.3324584,-0.86718476,-0.24897793,-1.1724031,1.2678508,2.9220738
2192,2026-05-11 16:15:22.872898,-0.17787623,-0.76565444,-0.21885422,-1.4692836,1.3758212,3.2766812
2193,2026-05-11 16:15:22.875512,-0.17787623,-0.76565444,-0.21885422,-1.4692836,1.3758212,3.2766812
2194,2026-05-11 16:15:22.878427,-0.17787623,-0.76565444,-0.21885422,-1.4692836,1.3758212,3.2766812
2195,2026-05-11 16:15:22.881150,-0.17787623,-0.76565444,-0.21885422,-1.4692836,1.3758212,3.2766812
2196,2026-05-11 16:15:22.884537,-0.17787623,-0.76565444,-0.21885422,-1.4692836,1.3758212,3.2766812
2197,2026-05-11 16:15:22.887335,-0.043356188,-0.6594287,-0.17421748,-1.6659822,1.4639386,3.4794884
2198,2026-05-11 16:15:22.890015,0.042929336,-0.60582805,-0.14939895,-1.6659822,1.4639386,3.4794884
2199,2026-05-11 16:15:22.892699,0.042929336,-0.60582805,-0.14939895,-1.6659822,1.4639386,3.4794884
2200,2026-05-11 16:15:22.895514,0.042929336,-0.60582805,-0.14939895,-1.6659822,1.4639386,3.4794884
2201,2026-05-11 16:15:22.898195,0.286785,-0.5043587,-0.107750185,-1.7223345,1.4804319,3.5543194
2202,2026-05-11 16:15:22.901385,0.286785,-0.5043587,-0.107750185,-1.7223345,1.4804319,3.5543194
2203,2026-05-11 16:15:22.904193,0.286785,-0.5043587,-0.107750185,-1.7223345,1.4804319,3.5543194
2204,2026-05-11 16:15:22.907107,0.286785,-0.5043587,-0.107750185,-1.7223345,1.4804319,3.5543194
2205,2026-05-11 16:15:22.909928,0.286785,-0.5043587,-0.107750185,-1.7974709,1.4056009,3.705203
2206,2026-05-11 16:15:22.912692,0.286785,-0.5043587,-0.107750185,-1.7974709,1.4056009,3.705203
2207,2026-05-11 16:15:22.915916,0.50570023,-0.4235613,-0.042380523,-1.6476563,1.1624765,3.662137
2208,2026-05-11 16:15:22.919095,0.50570023,-0.4235613,-0.042380523,-1.5992452,1.1246029,3.6421313
2209,2026-05-11 16:15:22.921938,0.50570023,-0.4235613,-0.042380523,-1.5992452,1.1246029,3.6421313
2210,2026-05-11 16:15:22.924609,0.50570023,-0.4235613,-0.042380523,-1.5992452,1.1246029,3.6421313
2211,2026-05-11 16:15:22.927364,0.49399224,-0.3682532,-0.061284065,-1.2589933,0.89888823,3.673438
2212,2026-05-11 16:15:22.930051,0.49399224,-0.3682532,-0.061284065,-1.2589933,0.89888823,3.673438
2213,2026-05-11 16:15:22.933622,0.49399224,-0.3682532,-0.061284065,-1.2589933,0.89888823,3.673438
2214,2026-05-11 16:15:22.936460,0.49399224,-0.3682532,-0.061284065,-1.2589933,0.89888823,3.673438
2215,2026-05-11 16:15:22.939093,0.49399224,-0.3682532,-0.061284065,-1.2589933,0.89888823,3.673438
2216,2026-05-11 16:15:22.941777,0.49399224,-0.3682532,-0.061284065,-1.2589933,0.89888823,3.673438
2217,2026-05-11 16:15:22.944365,0.49399224,-0.3682532,-0.061284065,-1.2589933,0.89888823,3.673438
2218,2026-05-11 16:15:22.946927,0.49399224,-0.3682532,-0.061284065,-1.2589933,0.89888823,3.673438
2219,2026-05-11 16:15:22.950103,0.55905706,-0.31514034,-0.14464259,-1.2589933,0.89888823,3.673438
2220,2026-05-11 16:15:22.952873,0.55905706,-0.31514034,-0.14464259,-1.2450961,0.7443393,4.157854
2221,2026-05-11 16:15:22.955504,0.55905706,-0.31514034,-0.14464259,-1.2450961,0.7443393,4.157854
2222,2026-05-11 16:15:22.958278,0.55905706,-0.31514034,-0.14464259,-1.2450961,0.7443393,4.157854
2223,2026-05-11 16:15:22.961112,0.55905706,-0.31514034,-0.14464259,-1.2450961,0.7443393,4.157854
2224,2026-05-11 16:15:22.963762,0.55905706,-0.31514034,-0.14464259,-1.2450961,0.7443393,4.157854
2225,2026-05-11 16:15:22.967007,1.2608054,0.010061563,-0.2573321,-2.121993,0.55878896,5.4451003
2226,2026-05-11 16:15:22.969863,1.2608054,0.010061563,-0.2573321,-2.121993,0.55878896,5.4451003
2227,2026-05-11 16:15:22.972505,1.2608054,0.010061563,-0.2573321,-2.121993,0.55878896,5.4451003
2228,2026-05-11 16:15:22.975317,1.2608054,0.010061563,-0.2573321,-2.121993,0.55878896,5.4451003
2229,2026-05-11 16:15:22.978055,1.2608054,0.010061563,-0.2573321,-2.3794727,0.50869805,5.7053285
2230,2026-05-11 16:15:22.980797,1.2608054,0.010061563,-0.2573321,-2.3794727,0.50869805,5.7053285
2231,2026-05-11 16:15:22.983883,1.5093564,0.16403395,-0.13226382,-2.3794727,0.50869805,5.7053285
2232,2026-05-11 16:15:22.986600,1.5093564,0.16403395,-0.13226382,-2.3794727,0.50869805,5.7053285
2233,2026-05-11 16:15:22.989316,1.5093564,0.16403395,-0.13226382,-2.3794727,0.50869805,5.7053285
2234,2026-05-11 16:15:22.992044,2.1376858,0.5901564,0.25452703,-2.3794727,0.50869805,5.7053285
2235,2026-05-11 16:15:22.994766,2.1376858,0.5901564,0.25452703,-2.3794727,0.50869805,5.7053285
2236,2026-05-11 16:15:22.997477,2.1376858,0.5901564,0.25452703,-2.3794727,0.50869805,5.7053285
2237,2026-05-11 16:15:23.000451,2.1376858,0.5901564,0.25452703,-2.3794727,0.50869805,5.7053285
2238,2026-05-11 16:15:23.003200,2.1376858,0.5901564,0.25452703,-2.9452868,0.56581396,6.604675
2239,2026-05-11 16:15:23.005919,2.1376858,0.5901564,0.25452703,-2.9452868,0.56581396,6.604675
2240,2026-05-11 16:15:23.008531,2.1376858,0.5901564,0.25452703,-2.9452868,0.56581396,6.604675
2241,2026-05-11 16:15:23.011316,2.1376858,0.5901564,0.25452703,-2.9452868,0.56581396,6.604675
2242,2026-05-11 16:15:23.014036,2.1376858,0.5901564,0.25452703,-2.9452868,0.56581396,6.604675
2243,2026-05-11 16:15:23.017137,2.6825955,0.92724925,0.24885598,-2.9452868,0.56581396,6.604675
2244,2026-05-11 16:15:23.019832,2.6825955,0.92724925,0.24885598,-2.9452868,0.56581396,6.604675
2245,2026-05-11 16:15:23.022554,2.6825955,0.92724925,0.24885598,-2.9452868,0.56581396,6.604675
2246,2026-05-11 16:15:23.025288,2.6825955,0.92724925,0.24885598,-3.2614095,0.75625116,7.219053
2247,2026-05-11 16:15:23.028159,4.536362,1.6433276,0.119397216,-4.400826,0.9804387,6.701039
2248,2026-05-11 16:15:23.030811,4.536362,1.6433276,0.119397216,-4.400826,0.9804387,6.701039
2249,2026-05-11 16:15:23.033966,4.536362,1.6433276,0.119397216,-4.400826,0.9804387,6.701039
2250,2026-05-11 16:15:23.036682,4.536362,1.6433276,0.119397216,-4.400826,0.9804387,6.701039
2251,2026-05-11 16:15:23.039351,4.536362,1.6433276,0.119397216,-4.834082,0.91981035,5.981898
2252,2026-05-11 16:15:23.042069,4.6324654,1.7262594,0.30550563,-4.834082,0.91981035,5.981898
2253,2026-05-11 16:15:23.044780,4.086824,1.6894279,1.4468527,-4.648379,0.27137688,4.4779477
2254,2026-05-11 16:15:23.047595,4.086824,1.6894279,1.4468527,-4.648379,0.27137688,4.4779477
2255,2026-05-11 16:15:23.050767,4.086824,1.6894279,1.4468527,-3.3108897,-0.42913285,3.866166
2256,2026-05-11 16:15:23.053506,3.9045572,1.6996113,1.9720054,-3.3108897,-0.42913285,3.866166
2257,2026-05-11 16:15:23.056142,3.9045572,1.6996113,1.9720054,-3.3108897,-0.42913285,3.866166
2258,2026-05-11 16:15:23.058937,3.9045572,1.6996113,1.9720054,-3.3108897,-0.42913285,3.866166
2259,2026-05-11 16:15:23.061577,3.9045572,1.6996113,1.9720054,-3.3108897,-0.42913285,3.866166
2260,2026-05-11 16:15:23.064221,3.9045572,1.6996113,1.9720054,-3.3108897,-0.42913285,3.866166
2261,2026-05-11 16:15:23.067260,3.9045572,1.6996113,1.9720054,-3.3108897,-0.42913285,3.866166
2262,2026-05-11 16:15:23.070125,3.9045572,1.6996113,1.9720054,-0.75625116,-1.2209669,3.0653217
2263,2026-05-11 16:15:23.072798,3.649847,1.7332109,2.3883102,-0.75625116,-1.2209669,3.0653217
2264,2026-05-11 16:15:23.075609,3.649847,1.7332109,2.3883102,-0.75625116,-1.2209669,3.0653217
2265,2026-05-11 16:15:23.078267,3.649847,1.7332109,2.3883102,-0.75625116,-1.2209669,3.0653217
2266,2026-05-11 16:15:23.081208,3.3263526,1.721259,1.9415158,-0.75625116,-1.2209669,3.0653217
2267,2026-05-11 16:15:23.084350,3.3263526,1.721259,1.9415158,-0.75625116,-1.2209669,3.0653217
2268,2026-05-11 16:15:23.087365,2.6417396,1.7520534,0.6671731,2.7692049,-0.97326106,0.98914355
2269,2026-05-11 16:15:23.090156,2.6417396,1.7520534,0.6671731,2.7692049,-0.97326106,0.98914355
2270,2026-05-11 16:15:23.092955,2.6417396,1.7520534,0.6671731,2.7692049,-0.97326106,0.98914355
2271,2026-05-11 16:15:23.095650,2.6417396,1.7520534,0.6671731,2.7692049,-0.97326106,0.98914355
2272,2026-05-11 16:15:23.098348,2.6417396,1.7520534,0.6671731,2.7692049,-0.97326106,0.98914355
2273,2026-05-11 16:15:23.101596,2.6417396,1.7520534,0.6671731,2.7692049,-0.97326106,0.98914355
2274,2026-05-11 16:15:23.104308,2.6417396,1.7520534,0.6671731,2.7692049,-0.97326106,0.98914355
2275,2026-05-11 16:15:23.106969,2.6417396,1.7520534,0.6671731,2.7692049,-0.97326106,0.98914355
2276,2026-05-11 16:15:23.109593,2.4165432,1.7454678,0.339593,2.156507,-0.23823744,0.49938235
2277,2026-05-11 16:15:23.112318,2.300683,1.7068679,0.21635409,1.4162911,0.52412236,-0.044898596
2278,2026-05-11 16:15:23.115100,2.300683,1.7068679,0.21635409,1.4162911,0.52412236,-0.044898596
2279,2026-05-11 16:15:23.118680,2.300683,1.7068679,0.21635409,1.4162911,0.52412236,-0.044898596
2280,2026-05-11 16:15:23.121860,2.1353073,1.6447302,0.20623155,0.6236934,1.4005613,-1.1068878
2281,2026-05-11 16:15:23.124582,2.1353073,1.6447302,0.20623155,0.6236934,1.4005613,-1.1068878
2282,2026-05-11 16:15:23.127355,1.7588831,1.4467307,0.34105647,0.6236934,1.4005613,-1.1068878
2283,2026-05-11 16:15:23.130116,1.7588831,1.4467307,0.34105647,0.65225136,1.6003143,-1.870622
2284,2026-05-11 16:15:23.132975,1.7588831,1.4467307,0.34105647,0.65225136,1.6003143,-1.870622
2285,2026-05-11 16:15:23.136479,1.7588831,1.4467307,0.34105647,0.65225136,1.6003143,-1.870622
2286,2026-05-11 16:15:23.139322,1.7588831,1.4467307,0.34105647,0.65225136,1.6003143,-1.870622
2287,2026-05-11 16:15:23.142220,1.5998495,1.3223943,0.35465485,1.5885551,1.0624474,-2.9220738
2288,2026-05-11 16:15:23.144937,1.5900928,1.1905572,0.181474,1.9040669,0.7449502,-3.2641585
2289,2026-05-11 16:15:23.147723,1.6591213,1.1230533,0.09439575,2.081218,0.50442195,-3.6308303
2290,2026-05-11 16:15:23.150694,1.6591213,1.1230533,0.09439575,2.081218,0.50442195,-3.6308303
2291,2026-05-11 16:15:23.153496,1.6591213,1.1230533,0.09439575,2.081218,0.50442195,-3.6308303
2292,2026-05-11 16:15:23.156259,1.6591213,1.1230533,0.09439575,2.081218,0.50442195,-3.6308303
2293,2026-05-11 16:15:23.158939,1.6591213,1.1230533,0.09439575,2.081218,0.50442195,-3.6308303
2294,2026-05-11 16:15:23.161773,1.7994342,1.0126201,0.0035977708,2.087174,0.31597003,-4.159076
2295,2026-05-11 16:15:23.164360,1.7994342,1.0126201,0.0035977708,2.087174,0.31597003,-4.159076
2296,2026-05-11 16:15:23.167572,1.7994342,1.0126201,0.0035977708,2.087174,0.31597003,-4.159076
2297,2026-05-11 16:15:23.170450,1.7994342,1.0126201,0.0035977708,2.087174,0.31597003,-4.159076
2298,2026-05-11 16:15:23.173192,1.7994342,1.0126201,0.0035977708,2.0013473,0.2950479,-4.4119744
2299,2026-05-11 16:15:23.175827,1.7994342,1.0126201,0.0035977708,2.0013473,0.2950479,-4.4119744
2300,2026-05-11 16:15:23.178519,1.7994342,1.0126201,0.0035977708,2.0013473,0.2950479,-4.4119744
2301,2026-05-11 16:15:23.181099,1.7994342,1.0126201,0.0035977708,2.0013473,0.2950479,-4.4119744
2302,2026-05-11 16:15:23.184363,1.8516934,0.9560924,-0.007073583,2.0013473,0.2950479,-4.4119744
2303,2026-05-11 16:15:23.187113,1.8516934,0.9560924,-0.007073583,2.0013473,0.2950479,-4.4119744
2304,2026-05-11 16:15:23.189950,1.8516934,0.9560924,-0.007073583,2.0013473,0.2950479,-4.4119744
2305,2026-05-11 16:15:23.192617,1.8516934,0.9560924,-0.007073583,2.0013473,0.2950479,-4.4119744
2306,2026-05-11 16:15:23.195193,1.8516934,0.9560924,-0.007073583,2.0013473,0.2950479,-4.4119744
2307,2026-05-11 16:15:23.197963,1.8516934,0.9560924,-0.007073583,2.0013473,0.2950479,-4.4119744
2308,2026-05-11 16:15:23.201093,1.9444426,0.7081511,0.036465544,1.8449658,0.2855795,-4.9845076
2309,2026-05-11 16:15:23.203823,1.9444426,0.7081511,0.036465544,1.8449658,0.2855795,-4.9845076
2310,2026-05-11 16:15:23.206434,1.9038916,0.6095478,0.08232188,1.8449658,0.2855795,-4.9845076
2311,2026-05-11 16:15:23.209239,1.9038916,0.6095478,0.08232188,1.8449658,0.2855795,-4.9845076
2312,2026-05-11 16:15:23.212051,1.9038916,0.6095478,0.08232188,1.8449658,0.2855795,-4.9845076
2313,2026-05-11 16:15:23.214860,1.9038916,0.6095478,0.08232188,1.8449658,0.2855795,-4.9845076
2314,2026-05-11 16:15:23.217771,1.9038916,0.6095478,0.08232188,1.7960966,0.23258694,-5.3805013
2315,2026-05-11 16:15:23.220518,1.9038916,0.6095478,0.08232188,1.7960966,0.23258694,-5.3805013
2316,2026-05-11 16:15:23.223144,1.9038916,0.6095478,0.08232188,1.7960966,0.23258694,-5.3805013
2317,2026-05-11 16:15:23.225866,1.9038916,0.6095478,0.08232188,1.7960966,0.23258694,-5.3805013
2318,2026-05-11 16:15:23.228510,1.9038916,0.6095478,0.08232188,1.7960966,0.23258694,-5.3805013
2319,2026-05-11 16:15:23.231121,1.9038916,0.6095478,0.08232188,1.7960966,0.23258694,-5.3805013
2320,2026-05-11 16:15:23.234210,1.9038916,0.6095478,0.08232188,1.7960966,0.23258694,-5.3805013
2321,2026-05-11 16:15:23.236896,1.9038916,0.6095478,0.08232188,1.7960966,0.23258694,-5.3805013
2322,2026-05-11 16:15:23.239669,1.9038916,0.6095478,0.08232188,1.7960966,0.23258694,-5.3805013
2323,2026-05-11 16:15:23.242398,2.0237765,0.5744238,0.13964228,1.7960966,0.23258694,-5.3805013
2324,2026-05-11 16:15:23.245008,2.0237765,0.5744238,0.13964228,1.7960966,0.23258694,-5.3805013
2325,2026-05-11 16:15:23.247935,2.0237765,0.5744238,0.13964228,1.7829629,0.061086524,-5.5739927
2326,2026-05-11 16:15:23.250782,2.0237765,0.5744238,0.13964228,1.7829629,0.061086524,-5.5739927
2327,2026-05-11 16:15:23.253468,2.0237765,0.5744238,0.13964228,1.7829629,0.061086524,-5.5739927
2328,2026-05-11 16:15:23.256238,2.0237765,0.5744238,0.13964228,1.7829629,0.061086524,-5.5739927
2329,2026-05-11 16:15:23.258970,2.0237765,0.5744238,0.13964228,1.7829629,0.061086524,-5.5739927
2330,2026-05-11 16:15:23.261644,2.1691508,0.4533801,0.20269476,1.8600847,-0.26251933,-5.9901447
2331,2026-05-11 16:15:23.264350,2.1691508,0.4533801,0.20269476,1.8600847,-0.26251933,-5.9901447
2332,2026-05-11 16:15:23.267670,2.1691508,0.4533801,0.20269476,1.8521434,-0.5299256,-6.335894
2333,2026-05-11 16:15:23.270525,2.1691508,0.4533801,0.20269476,1.8521434,-0.5299256,-6.335894
2334,2026-05-11 16:15:23.273240,2.1691508,0.4533801,0.20269476,1.8521434,-0.5299256,-6.335894
2335,2026-05-11 16:15:23.275819,2.1691508,0.4533801,0.20269476,1.8521434,-0.5299256,-6.335894
2336,2026-05-11 16:15:23.278513,2.0619495,0.25513685,0.18080322,1.3771957,-0.70325863,-6.4696736
2337,2026-05-11 16:15:23.281099,1.818033,0.19751152,0.14903308,1.3771957,-0.70325863,-6.4696736
2338,2026-05-11 16:15:23.284208,1.818033,0.19751152,0.14903308,1.3771957,-0.70325863,-6.4696736
2339,2026-05-11 16:15:23.287035,1.6867447,0.16879034,0.17324181,1.3771957,-0.70325863,-6.4696736
2340,2026-05-11 16:15:23.289769,1.6867447,0.16879034,0.17324181,0.95722586,-0.6914995,-6.2415156
2341,2026-05-11 16:15:23.292436,1.6867447,0.16879034,0.17324181,0.95722586,-0.6914995,-6.2415156
2342,2026-05-11 16:15:23.295055,1.6867447,0.16879034,0.17324181,0.95722586,-0.6914995,-6.2415156
2343,2026-05-11 16:15:23.297792,1.6867447,0.16879034,0.17324181,0.95722586,-0.6914995,-6.2415156
2344,2026-05-11 16:15:23.300816,1.5673475,0.084212236,0.330751,0.33643404,-0.5128214,-5.872095
2345,2026-05-11 16:15:23.311484,1.5673475,0.084212236,0.330751,0.33643404,-0.5128214,-5.872095
2346,2026-05-11 16:15:23.327791,-1.2444018,-1.3809342,-0.1624485,2.0760255,-1.1829406,-1.7484491
2347,2026-05-11 16:15:23.331392,-1.2444018,-1.3809342,-0.1624485,2.0760255,-1.1829406,-1.7484491
2348,2026-05-11 16:15:23.341348,-1.2444018,-1.3809342,-0.1624485,1.7527251,-0.8428413,-0.8772025
2349,2026-05-11 16:15:23.344265,-1.2444018,-1.3809342,-0.1624485,1.7527251,-0.8428413,-0.8772025
2350,2026-05-11 16:15:23.346883,-1.2444018,-1.3809342,-0.1624485,1.7527251,-0.8428413,-0.8772025
2351,2026-05-11 16:15:23.350025,-1.2444018,-1.3809342,-0.1624485,1.7527251,-0.8428413,-0.8772025
2352,2026-05-11 16:15:23.353026,-1.2444018,-1.3809342,-0.1624485,1.7527251,-0.8428413,-0.8772025
2353,2026-05-11 16:15:23.355704,-1.2444018,-1.3809342,-0.1624485,1.7527251,-0.8428413,-0.8772025
2354,2026-05-11 16:15:23.358478,-1.3651406,-1.3976425,-0.27105242,1.7527251,-0.8428413,-0.8772025
2355,2026-05-11 16:15:23.361264,-1.3651406,-1.3976425,-0.27105242,1.7527251,-0.8428413,-0.8772025
2356,2026-05-11 16:15:23.364169,-1.3651406,-1.3976425,-0.27105242,1.7527251,-0.8428413,-0.8772025
2357,2026-05-11 16:15:23.367391,-1.3651406,-1.3976425,-0.27105242,1.7527251,-0.8428413,-0.8772025
2358,2026-05-11 16:15:23.370024,-1.3651406,-1.3976425,-0.27105242,1.7527251,-0.8428413,-0.8772025
2359,2026-05-11 16:15:23.372822,-1.4097774,-1.384471,-0.38124177,1.7527251,-0.8428413,-0.8772025
2360,2026-05-11 16:15:23.375605,-1.4097774,-1.384471,-0.38124177,1.3203852,-0.57711494,0.2669481
2361,2026-05-11 16:15:23.378281,-1.4097774,-1.384471,-0.38124177,1.3203852,-0.57711494,0.2669481
2362,2026-05-11 16:15:23.381237,-1.0664647,-1.3145279,-0.51698136,0.47891834,-0.24648413,1.9523253
2363,2026-05-11 16:15:23.384331,-1.0664647,-1.3145279,-0.51698136,0.47891834,-0.24648413,1.9523253
2364,2026-05-11 16:15:23.386949,-1.0664647,-1.3145279,-0.51698136,0.47891834,-0.24648413,1.9523253
2365,2026-05-11 16:15:23.389665,-1.0664647,-1.3145279,-0.51698136,0.47891834,-0.24648413,1.9523253
2366,2026-05-11 16:15:23.392431,-1.0664647,-1.3145279,-0.51698136,0.47891834,-0.24648413,1.9523253
2367,2026-05-11 16:15:23.395261,-0.6916867,-1.2179369,-0.564911,0.47891834,-0.24648413,1.9523253
2368,2026-05-11 16:15:23.397982,-0.6916867,-1.2179369,-0.564911,-0.27656925,0.076052725,2.7997482
2369,2026-05-11 16:15:23.401173,-0.47746688,-1.1701902,-0.57411885,-0.27656925,0.076052725,2.7997482
2370,2026-05-11 16:15:23.403876,-0.47746688,-1.1701902,-0.57411885,-0.95157534,0.35964692,3.2974505
2371,2026-05-11 16:15:23.406567,-0.47746688,-1.1701902,-0.57411885,-0.95157534,0.35964692,3.2974505
2372,2026-05-11 16:15:23.409155,-0.47746688,-1.1701902,-0.57411885,-0.95157534,0.35964692,3.2974505
2373,2026-05-11 16:15:23.412053,-0.47746688,-1.1701902,-0.57411885,-0.95157534,0.35964692,3.2974505
2374,2026-05-11 16:15:23.414786,-0.47746688,-1.1701902,-0.57411885,-1.4856243,0.5343544,3.6007452
2375,2026-05-11 16:15:23.417955,-0.47746688,-1.1701902,-0.57411885,-1.4856243,0.5343544,3.6007452
2376,2026-05-11 16:15:23.420734,-0.47746688,-1.1701902,-0.57411885,-1.4856243,0.5343544,3.6007452
2377,2026-05-11 16:15:23.423461,-0.04634417,-0.96590996,-0.47734493,-1.4856243,0.5343544,3.6007452
2378,2026-05-11 16:15:23.426183,-0.04634417,-0.96590996,-0.47734493,-1.4856243,0.5343544,3.6007452
2379,2026-05-11 16:15:23.428993,-0.04634417,-0.96590996,-0.47734493,-1.4856243,0.5343544,3.6007452
2380,2026-05-11 16:15:23.431690,-0.04634417,-0.96590996,-0.47734493,-1.4856243,0.5343544,3.6007452
2381,2026-05-11 16:15:23.434898,-0.04634417,-0.96590996,-0.47734493,-1.4856243,0.5343544,3.6007452
2382,2026-05-11 16:15:23.437674,-0.04634417,-0.96590996,-0.47734493,-2.2201898,0.7058548,3.8676932
2383,2026-05-11 16:15:23.440552,-0.04634417,-0.96590996,-0.47734493,-2.2201898,0.7058548,3.8676932
2384,2026-05-11 16:15:23.443246,-0.04634417,-0.96590996,-0.47734493,-2.2201898,0.7058548,3.8676932
2385,2026-05-11 16:15:23.445816,-0.04634417,-0.96590996,-0.47734493,-2.2201898,0.7058548,3.8676932
2386,2026-05-11 16:15:23.448513,-0.04634417,-0.96590996,-0.47734493,-2.2201898,0.7058548,3.8676932
2387,2026-05-11 16:15:23.451651,-0.04634417,-0.96590996,-0.47734493,-2.2201898,0.7058548,3.8676932
2388,2026-05-11 16:15:23.454430,-0.04634417,-0.96590996,-0.47734493,-2.2201898,0.7058548,3.8676932
2389,2026-05-11 16:15:23.457036,-0.04634417,-0.96590996,-0.47734493,-2.2201898,0.7058548,3.8676932
2390,2026-05-11 16:15:23.459664,0.04469773,-0.91304106,-0.42825672,-2.5415049,0.77350813,3.9423716
2391,2026-05-11 16:15:23.462342,0.04469773,-0.91304106,-0.42825672,-2.5415049,0.77350813,3.9423716
2392,2026-05-11 16:15:23.465481,0.089822315,-0.83956116,-0.33386096,-2.5415049,0.77350813,3.9423716
2393,2026-05-11 16:15:23.468244,0.089822315,-0.83956116,-0.33386096,-2.5415049,0.77350813,3.9423716
2394,2026-05-11 16:15:23.470883,0.089822315,-0.83956116,-0.33386096,-2.5415049,0.77350813,3.9423716
2395,2026-05-11 16:15:23.473493,0.089822315,-0.83956116,-0.33386096,-2.5415049,0.77350813,3.9423716
2396,2026-05-11 16:15:23.476099,0.089822315,-0.83956116,-0.33386096,-2.5415049,0.77350813,3.9423716
2397,2026-05-11 16:15:23.478754,0.089822315,-0.83956116,-0.33386096,-3.0677652,0.89888823,4.0717225
2398,2026-05-11 16:15:23.481783,0.089822315,-0.83956116,-0.33386096,-3.0677652,0.89888823,4.0717225
2399,2026-05-11 16:15:23.484941,0.095920235,-0.7755331,-0.23245259,-3.320358,0.9637926,4.1803036
2400,2026-05-11 16:15:23.487634,0.095920235,-0.7755331,-0.23245259,-3.320358,0.9637926,4.1803036
2401,2026-05-11 16:15:23.490233,0.095920235,-0.7755331,-0.23245259,-3.320358,0.9637926,4.1803036
2402,2026-05-11 16:15:23.493013,0.095920235,-0.7755331,-0.23245259,-3.320358,0.9637926,4.1803036
2403,2026-05-11 16:15:23.495911,0.29940772,-0.5876562,-0.07189444,-3.5575266,0.9963212,4.3802094
2404,2026-05-11 16:15:23.499036,0.5488735,-0.34813008,0.048051585,-3.4202344,0.7770206,4.371657
2405,2026-05-11 16:15:23.502216,0.5488735,-0.34813008,0.048051585,-3.4202344,0.7770206,4.371657
2406,2026-05-11 16:15:23.505033,0.5488735,-0.34813008,0.048051585,-3.4202344,0.7770206,4.371657
2407,2026-05-11 16:15:23.507694,0.5488735,-0.34813008,0.048051585,-3.4202344,0.7770206,4.371657
2408,2026-05-11 16:15:23.510412,0.5488735,-0.34813008,0.048051585,-3.4202344,0.7770206,4.371657
2409,2026-05-11 16:15:23.513036,0.58680254,-0.25611252,0.083480485,-3.4202344,0.7770206,4.371657
2410,2026-05-11 16:15:23.516134,0.58680254,-0.25611252,0.083480485,-3.4202344,0.7770206,4.371657
2411,2026-05-11 16:15:23.518971,0.58680254,-0.25611252,0.083480485,-3.2203288,0.5225952,4.2245913
2412,2026-05-11 16:15:23.521634,0.58680254,-0.25611252,0.083480485,-3.2203288,0.5225952,4.2245913
2413,2026-05-11 16:15:23.524252,0.58680254,-0.25611252,0.083480485,-3.2203288,0.5225952,4.2245913
2414,2026-05-11 16:15:23.526993,0.58680254,-0.25611252,0.083480485,-3.2203288,0.5225952,4.2245913
2415,2026-05-11 16:15:23.529757,0.58680254,-0.25611252,0.083480485,-3.2203288,0.5225952,4.2245913
2416,2026-05-11 16:15:23.532736,0.58680254,-0.25611252,0.083480485,-2.882673,0.08552113,4.0449967
2417,2026-05-11 16:15:23.535554,0.58680254,-0.25611252,0.083480485,-2.882673,0.08552113,4.0449967
2418,2026-05-11 16:15:23.538170,0.58680254,-0.25611252,0.083480485,-2.882673,0.08552113,4.0449967
2419,2026-05-11 16:15:23.541011,0.6195483,-0.10006681,0.22812307,-2.408947,-0.4286747,3.9069414
2420,2026-05-11 16:15:23.543884,0.6079623,0.06628435,0.35758185,-1.3926201,-1.1910346,3.875329
2421,2026-05-11 16:15:23.546514,0.6079623,0.06628435,0.35758185,-1.3926201,-1.1910346,3.875329
2422,2026-05-11 16:15:23.549621,0.6079623,0.06628435,0.35758185,-1.3926201,-1.1910346,3.875329
2423,2026-05-11 16:15:23.552567,0.6079623,0.06628435,0.35758185,-1.3926201,-1.1910346,3.875329
2424,2026-05-11 16:15:23.555279,0.7358356,0.14866722,0.33684894,-1.3926201,-1.1910346,3.875329
2425,2026-05-11 16:15:23.558026,0.7358356,0.14866722,0.33684894,-1.3926201,-1.1910346,3.875329
2426,2026-05-11 16:15:23.560719,0.7358356,0.14866722,0.33684894,-1.3926201,-1.1910346,3.875329
2427,2026-05-11 16:15:23.563512,0.9379206,0.25696623,0.27324766,-0.97585726,-1.1992812,3.8939605
2428,2026-05-11 16:15:23.566574,0.9379206,0.25696623,0.27324766,-0.97585726,-1.1992812,3.8939605
2429,2026-05-11 16:15:23.569299,0.9379206,0.25696623,0.27324766,-0.97585726,-1.1992812,3.8939605
2430,2026-05-11 16:15:23.571996,0.9379206,0.25696623,0.27324766,-0.8313876,-0.8219192,3.8716638
2431,2026-05-11 16:15:23.574658,0.9379206,0.25696623,0.27324766,-0.8313876,-0.8219192,3.8716638
2432,2026-05-11 16:15:23.577274,0.9379206,0.25696623,0.27324766,-0.8313876,-0.8219192,3.8716638
2433,2026-05-11 16:15:23.579853,0.9379206,0.25696623,0.27324766,-0.8313876,-0.8219192,3.8716638
2434,2026-05-11 16:15:23.582787,1.1217117,0.39069352,0.09268834,-0.8313876,-0.8219192,3.8716638
2435,2026-05-11 16:15:23.585610,1.1217117,0.39069352,0.09268834,-0.8313876,-0.8219192,3.8716638
2436,2026-05-11 16:15:23.588279,1.1217117,0.39069352,0.09268834,-1.0267117,-0.27397305,3.709021
2437,2026-05-11 16:15:23.590865,1.1217117,0.39069352,0.09268834,-1.0267117,-0.27397305,3.709021
2438,2026-05-11 16:15:23.593427,1.1217117,0.39069352,0.09268834,-1.0267117,-0.27397305,3.709021
2439,2026-05-11 16:15:23.596286,1.1217117,0.39069352,0.09268834,-1.0267117,-0.27397305,3.709021
2440,2026-05-11 16:15:23.599400,1.1217117,0.39069352,0.09268834,-1.0267117,-0.27397305,3.709021
2441,2026-05-11 16:15:23.602170,1.1217117,0.39069352,0.09268834,-1.0267117,-0.27397305,3.709021
2442,2026-05-11 16:15:23.604972,1.1217117,0.39069352,0.09268834,-1.0267117,-0.27397305,3.709021
2443,2026-05-11 16:15:23.607697,3.4781296,1.6904645,1.0953687,-1.0267117,-0.27397305,3.709021
2444,2026-05-11 16:15:23.610586,3.4781296,1.6904645,1.0953687,-1.0267117,-0.27397305,3.709021
2445,2026-05-11 16:15:23.613239,3.4781296,1.6904645,1.0953687,-1.0267117,-0.27397305,3.709021
2446,2026-05-11 16:15:23.616432,3.4781296,1.6904645,1.0953687,2.1739166,-1.0627528,5.7474785
2447,2026-05-11 16:15:23.619391,3.4781296,1.6904645,1.0953687,2.1739166,-1.0627528,5.7474785
2448,2026-05-11 16:15:23.622130,4.2893357,2.1341488,0.4751497,2.1739166,-1.0627528,5.7474785
2449,2026-05-11 16:15:23.624807,4.2893357,2.1341488,0.4751497,2.1739166,-1.0627528,5.7474785
2450,2026-05-11 16:15:23.627507,4.062859,2.8146763,0.11921428,-1.4399621,0.8782715,2.9628491
2451,2026-05-11 16:15:23.630287,4.062859,2.8146763,0.11921428,-1.4399621,0.8782715,2.9628491
2452,2026-05-11 16:15:23.633362,4.062859,2.8146763,0.11921428,-1.4399621,0.8782715,2.9628491
2453,2026-05-11 16:15:23.636162,4.062859,2.8146763,0.11921428,-1.4399621,0.8782715,2.9628491
2454,2026-05-11 16:15:23.638964,4.062859,2.8146763,0.11921428,-1.4399621,0.8782715,2.9628491
2455,2026-05-11 16:15:23.641680,4.062859,2.8146763,0.11921428,-1.4399621,0.8782715,2.9628491
2456,2026-05-11 16:15:23.644405,4.062859,2.8146763,0.11921428,-1.4399621,0.8782715,2.9628491
2457,2026-05-11 16:15:23.647100,4.062859,2.8146763,0.11921428,-1.4399621,0.8782715,2.9628491
2458,2026-05-11 16:15:23.650201,4.062859,2.8146763,0.11921428,-1.4399621,0.8782715,2.9628491
2459,2026-05-11 16:15:23.652971,4.062859,2.8146763,0.11921428,0.7600691,0.7316638,-2.4839308
2460,2026-05-11 16:15:23.655769,1.6604017,1.4689882,0.29690757,0.7600691,0.7316638,-2.4839308
2461,2026-05-11 16:15:23.658461,1.6604017,1.4689882,0.29690757,0.55863625,0.9077458,-2.5502098
2462,2026-05-11 16:15:23.661077,1.6604017,1.4689882,0.29690757,0.55863625,0.9077458,-2.5502098
2463,2026-05-11 16:15:23.663774,1.6604017,1.4689882,0.29690757,0.55863625,0.9077458,-2.5502098
2464,2026-05-11 16:15:23.666917,1.6604017,1.4689882,0.29690757,0.55863625,0.9077458,-2.5502098
2465,2026-05-11 16:15:23.669966,1.6604017,1.4689882,0.29690757,0.55863625,0.9077458,-2.5502098
2466,2026-05-11 16:15:23.672767,1.6604017,1.4689882,0.29690757,0.55863625,0.9077458,-2.5502098
2467,2026-05-11 16:15:23.675530,1.6604017,1.4689882,0.29690757,0.45005497,0.8935431,-2.5463917
2468,2026-05-11 16:15:23.678322,2.1025007,1.2966001,0.3497765,0.8781188,0.49312097,-4.0118575
2469,2026-05-11 16:15:23.681079,2.1025007,1.2966001,0.3497765,0.8781188,0.49312097,-4.0118575
2470,2026-05-11 16:15:23.684300,1.9831035,1.1061621,0.32300666,0.8781188,0.49312097,-4.0118575
2471,2026-05-11 16:15:23.686950,1.9831035,1.1061621,0.32300666,0.8781188,0.49312097,-4.0118575
2472,2026-05-11 16:15:23.689840,1.9831035,1.1061621,0.32300666,0.8781188,0.49312097,-4.0118575
2473,2026-05-11 16:15:23.692634,1.9831035,1.1061621,0.32300666,1.1233811,0.7870999,-5.380959
2474,2026-05-11 16:15:23.695325,1.9831035,1.1061621,0.32300666,1.1233811,0.7870999,-5.380959
2475,2026-05-11 16:15:23.698020,1.8445588,0.7998028,0.36739948,1.1233811,0.7870999,-5.380959
2476,2026-05-11 16:15:23.701183,1.8445588,0.7998028,0.36739948,1.1233811,0.7870999,-5.380959
2477,2026-05-11 16:15:23.703850,1.8445588,0.7998028,0.36739948,1.1233811,0.7870999,-5.380959
2478,2026-05-11 16:15:23.706638,1.8445588,0.7998028,0.36739948,1.1233811,0.7870999,-5.380959
2479,2026-05-11 16:15:23.709408,1.8445588,0.7998028,0.36739948,1.1233811,0.7870999,-5.380959
2480,2026-05-11 16:15:23.712114,1.8445588,0.7998028,0.36739948,2.5027149,-0.075594574,-7.1352115
2481,2026-05-11 16:15:23.715446,1.8445588,0.7998028,0.36739948,2.5027149,-0.075594574,-7.1352115
2482,2026-05-11 16:15:23.718323,1.8445588,0.7998028,0.36739948,2.5027149,-0.075594574,-7.1352115
2483,2026-05-11 16:15:23.720923,1.8445588,0.7998028,0.36739948,2.5027149,-0.075594574,-7.1352115
2484,2026-05-11 16:15:23.723794,1.8445588,0.7998028,0.36739948,2.5027149,-0.075594574,-7.1352115
2485,2026-05-11 16:15:23.726713,1.8445588,0.7998028,0.36739948,2.5027149,-0.075594574,-7.1352115
2486,2026-05-11 16:15:23.729378,1.8445588,0.7998028,0.36739948,2.5027149,-0.075594574,-7.1352115
2487,2026-05-11 16:15:23.732290,1.1417739,-0.115250625,0.18781583,2.5027149,-0.075594574,-7.1352115
2488,2026-05-11 16:15:23.735479,1.1417739,-0.115250625,0.18781583,2.5027149,-0.075594574,-7.1352115
2489,2026-05-11 16:15:23.738151,1.1417739,-0.115250625,0.18781583,2.5027149,-0.075594574,-7.1352115
2490,2026-05-11 16:15:23.741050,1.1417739,-0.115250625,0.18781583,2.4932466,-0.27076602,-7.0222015
2491,2026-05-11 16:15:23.743831,1.1417739,-0.115250625,0.18781583,2.1905627,-0.547488,-6.4967046
2492,2026-05-11 16:15:23.746504,1.1417739,-0.115250625,0.18781583,2.1905627,-0.547488,-6.4967046
2493,2026-05-11 16:15:23.749699,1.1417739,-0.115250625,0.18781583,2.1905627,-0.547488,-6.4967046
2494,2026-05-11 16:15:23.752771,0.7688863,-0.3392881,0.06402813,2.1905627,-0.547488,-6.4967046
2495,2026-05-11 16:15:23.755595,0.7688863,-0.3392881,0.06402813,2.1905627,-0.547488,-6.4967046
2496,2026-05-11 16:15:23.758415,0.7688863,-0.3392881,0.06402813,2.1905627,-0.547488,-6.4967046
2497,2026-05-11 16:15:23.761026,0.7688863,-0.3392881,0.06402813,2.1905627,-0.547488,-6.4967046
2498,2026-05-11 16:15:23.763921,0.7688863,-0.3392881,0.06402813,2.1905627,-0.547488,-6.4967046
2499,2026-05-11 16:15:23.767023,0.7688863,-0.3392881,0.06402813,2.1905627,-0.547488,-6.4967046
2500,2026-05-11 16:15:23.769926,0.7688863,-0.3392881,0.06402813,2.1905627,-0.547488,-6.4967046
2501,2026-05-11 16:15:23.772759,0.57253337,-0.55954486,0.19702369,1.6143641,-0.6646214,-5.144707
2502,2026-05-11 16:15:23.775546,0.57253337,-0.55954486,0.19702369,1.6143641,-0.6646214,-5.144707
2503,2026-05-11 16:15:23.778222,0.57253337,-0.55954486,0.19702369,1.6143641,-0.6646214,-5.144707
2504,2026-05-11 16:15:23.781007,0.57253337,-0.55954486,0.19702369,1.6143641,-0.6646214,-5.144707
2505,2026-05-11 16:15:23.784038,0.57253337,-0.55954486,0.19702369,1.5766432,-0.72173727,-4.5126143
2506,2026-05-11 16:15:23.787040,0.57253337,-0.55954486,0.19702369,1.5766432,-0.72173727,-4.5126143
2507,2026-05-11 16:15:23.789835,0.57253337,-0.55954486,0.19702369,1.5766432,-0.72173727,-4.5126143
2508,2026-05-11 16:15:23.792629,0.57253337,-0.55954486,0.19702369,1.5766432,-0.72173727,-4.5126143
2509,2026-05-11 16:15:23.795441,0.57253337,-0.55954486,0.19702369,1.5766432,-0.72173727,-4.5126143
2510,2026-05-11 16:15:23.798579,0.7012604,-0.6107064,0.25190493,1.5766432,-0.72173727,-4.5126143
2511,2026-05-11 16:15:23.801632,0.7012604,-0.6107064,0.25190493,1.5766432,-0.72173727,-4.5126143
2512,2026-05-11 16:15:23.804297,0.7012604,-0.6107064,0.25190493,1.5766432,-0.72173727,-4.5126143
2513,2026-05-11 16:15:23.807244,0.78175294,-0.82565796,0.3222749,1.5766432,-0.72173727,-4.5126143
2514,2026-05-11 16:15:23.810143,0.78175294,-0.82565796,0.3222749,1.5766432,-0.72173727,-4.5126143
2515,2026-05-11 16:15:23.813015,0.26586917,-0.93042016,0.17433943,3.1803172,-1.0835222,-4.1152463
2516,2026-05-11 16:15:23.816633,0.26586917,-0.93042016,0.17433943,3.1803172,-1.0835222,-4.1152463
2517,2026-05-11 16:15:23.819508,-0.0705529,-0.99280185,0.05939371,3.1803172,-1.0835222,-4.1152463
2518,2026-05-11 16:15:23.822317,-0.0705529,-0.99280185,0.05939371,3.6354117,-2.6839893,-2.7409523
2519,2026-05-11 16:15:23.825149,-0.0705529,-0.99280185,0.05939371,3.6354117,-2.6839893,-2.7409523
2520,2026-05-11 16:15:23.827986,-0.0705529,-0.99280185,0.05939371,3.6354117,-2.6839893,-2.7409523
2521,2026-05-11 16:15:23.830845,-1.162141,-0.9087725,-0.18421806,3.6354117,-2.6839893,-2.7409523
2522,2026-05-11 16:15:23.834275,-1.162141,-0.9087725,-0.18421806,3.6354117,-2.6839893,-2.7409523
2523,2026-05-11 16:15:23.837248,-1.1739099,-0.88310033,-0.1574482,3.6354117,-2.6839893,-2.7409523
2524,2026-05-11 16:15:23.840021,-1.1739099,-0.88310033,-0.1574482,3.6354117,-2.6839893,-2.7409523
2525,2026-05-11 16:15:23.842858,-1.1739099,-0.88310033,-0.1574482,3.6354117,-2.6839893,-2.7409523
2526,2026-05-11 16:15:23.845608,-1.0651841,-0.8710264,-0.12628786,1.6988163,-1.4604261,0.7654142
2527,2026-05-11 16:15:23.848909,-1.0651841,-0.8710264,-0.12628786,1.6988163,-1.4604261,0.7654142
2528,2026-05-11 16:15:23.851794,-1.0651841,-0.8710264,-0.12628786,1.6988163,-1.4604261,0.7654142
2529,2026-05-11 16:15:23.854520,-1.0651841,-0.8710264,-0.12628786,1.1409435,-0.70814556,1.8048013
2530,2026-05-11 16:15:23.857248,-1.0651841,-0.8710264,-0.12628786,1.1409435,-0.70814556,1.8048013
2531,2026-05-11 16:15:23.860246,-1.0651841,-0.8710264,-0.12628786,1.1409435,-0.70814556,1.8048013
2532,2026-05-11 16:15:23.862928,-1.0651841,-0.8710264,-0.12628786,1.1409435,-0.70814556,1.8048013
2533,2026-05-11 16:15:23.866321,-1.0651841,-0.8710264,-0.12628786,1.1409435,-0.70814556,1.8048013
2534,2026-05-11 16:15:23.869272,-1.0651841,-0.8710264,-0.12628786,1.1409435,-0.70814556,1.8048013
2535,2026-05-11 16:15:23.872156,-1.0651841,-0.8710264,-0.12628786,1.1409435,-0.70814556,1.8048013
2536,2026-05-11 16:15:23.874878,-0.8973084,-0.85285467,-0.12025091,1.1409435,-0.70814556,1.8048013
2537,2026-05-11 16:15:23.877608,-0.8973084,-0.85285467,-0.12025091,1.1409435,-0.70814556,1.8048013
2538,2026-05-11 16:15:23.880450,-0.8973084,-0.85285467,-0.12025091,1.1409435,-0.70814556,1.8048013
2539,2026-05-11 16:15:23.883900,-0.8973084,-0.85285467,-0.12025091,1.1409435,-0.70814556,1.8048013
2540,2026-05-11 16:15:23.886635,-0.8973084,-0.85285467,-0.12025091,1.1409435,-0.70814556,1.8048013
2541,2026-05-11 16:15:23.889393,-0.8973084,-0.85285467,-0.12025091,0.6582073,0.07070765,2.7708848
2542,2026-05-11 16:15:23.892106,-0.8973084,-0.85285467,-0.12025091,-0.36285394,1.5737416,5.044831
2543,2026-05-11 16:15:23.894845,-0.8973084,-0.85285467,-0.12025091,-0.36285394,1.5737416,5.044831
2544,2026-05-11 16:15:23.897729,0.21550037,-0.5980227,-0.29330978,-0.36285394,1.5737416,5.044831
2545,2026-05-11 16:15:23.901272,0.33800754,-0.5282015,-0.32331154,-0.7806858,1.3663528,5.4918313
2546,2026-05-11 16:15:23.903952,0.33800754,-0.5282015,-0.32331154,-0.7806858,1.3663528,5.4918313
2547,2026-05-11 16:15:23.906798,0.33800754,-0.5282015,-0.32331154,-1.500285,1.248914,5.636301
2548,2026-05-11 16:15:23.909550,0.4744789,-0.41179234,-0.2737355,-1.500285,1.248914,5.636301
2549,2026-05-11 16:15:23.912309,0.74187255,-0.2558076,-0.09555435,-1.500285,1.248914,5.636301
2550,2026-05-11 16:15:23.915548,0.74187255,-0.2558076,-0.09555435,-1.500285,1.248914,5.636301
2551,2026-05-11 16:15:23.918405,0.74187255,-0.2558076,-0.09555435,-1.500285,1.248914,5.636301
2552,2026-05-11 16:15:23.921261,0.74187255,-0.2558076,-0.09555435,-1.500285,1.248914,5.636301
2553,2026-05-11 16:15:23.924034,0.74187255,-0.2558076,-0.09555435,-1.500285,1.248914,5.636301
2554,2026-05-11 16:15:23.926956,0.74187255,-0.2558076,-0.09555435,-1.500285,1.248914,5.636301
2555,2026-05-11 16:15:23.929687,0.74187255,-0.2558076,-0.09555435,-1.500285,1.248914,5.636301
2556,2026-05-11 16:15:23.933068,1.247268,0.20617057,-0.12537317,-3.143818,2.3608415,4.204738
2557,2026-05-11 16:15:23.935950,1.247268,0.20617057,-0.12537317,-3.143818,2.3608415,4.204738
2558,2026-05-11 16:15:23.938822,1.247268,0.20617057,-0.12537317,-3.143818,2.3608415,4.204738
2559,2026-05-11 16:15:23.941647,1.247268,0.20617057,-0.12537317,-3.143818,2.3608415,4.204738
2560,2026-05-11 16:15:23.944673,1.247268,0.20617057,-0.12537317,-3.143818,2.3608415,4.204738
2561,2026-05-11 16:15:23.947352,1.247268,0.20617057,-0.12537317,-3.143818,2.3608415,4.204738
2562,2026-05-11 16:15:23.950713,0.4749058,0.54399514,-0.25074634,-3.915341,1.3590225,3.3061554
2563,2026-05-11 16:15:23.953700,0.4749058,0.54399514,-0.25074634,-3.915341,1.3590225,3.3061554
2564,2026-05-11 16:15:23.956328,0.4749058,0.54399514,-0.25074634,-3.915341,1.3590225,3.3061554
2565,2026-05-11 16:15:23.959353,0.4749058,0.54399514,-0.25074634,-3.7948477,0.30589077,3.959934
2566,2026-05-11 16:15:23.962181,0.4749058,0.54399514,-0.25074634,-3.7948477,0.30589077,3.959934
2567,2026-05-11 16:15:23.964923,0.4749058,0.54399514,-0.25074634,-3.7948477,0.30589077,3.959934
2568,2026-05-11 16:15:23.968343,0.6982724,0.7338233,0.18007149,-3.7948477,0.30589077,3.959934
2569,2026-05-11 16:15:23.971023,0.6982724,0.7338233,0.18007149,-3.7948477,0.30589077,3.959934
2570,2026-05-11 16:15:23.973932,0.6982724,0.7338233,0.18007149,-3.7948477,0.30589077,3.959934
2571,2026-05-11 16:15:23.976703,0.6982724,0.7338233,0.18007149,-3.7948477,0.30589077,3.959934
2572,2026-05-11 16:15:23.979560,0.6982724,0.7338233,0.18007149,-3.7948477,0.30589077,3.959934
2573,2026-05-11 16:15:23.982772,0.6982724,0.7338233,0.18007149,-3.7948477,0.30589077,3.959934
2574,2026-05-11 16:15:23.985908,0.6982724,0.7338233,0.18007149,-3.7948477,0.30589077,3.959934
2575,2026-05-11 16:15:23.988792,0.6982724,0.7338233,0.18007149,-3.7948477,0.30589077,3.959934
2576,2026-05-11 16:15:23.991661,0.6982724,0.7338233,0.18007149,-3.167947,-0.3755294,4.2571197
2577,2026-05-11 16:15:23.994458,0.6982724,0.7338233,0.18007149,-3.167947,-0.3755294,4.2571197
2578,2026-05-11 16:15:23.997172,1.5314308,1.1167725,0.66253865,-3.167947,-0.3755294,4.2571197
2579,2026-05-11 16:15:24.000274,1.5314308,1.1167725,0.66253865,-3.167947,-0.3755294,4.2571197
2580,2026-05-11 16:15:24.003118,1.5314308,1.1167725,0.66253865,-3.167947,-0.3755294,4.2571197
2581,2026-05-11 16:15:24.005820,1.5314308,1.1167725,0.66253865,-3.167947,-0.3755294,4.2571197
2582,2026-05-11 16:15:24.008449,1.5314308,1.1167725,0.66253865,-3.167947,-0.3755294,4.2571197
2583,2026-05-11 16:15:24.011328,1.5314308,1.1167725,0.66253865,-3.167947,-0.3755294,4.2571197
2584,2026-05-11 16:15:24.014173,2.0404239,1.3543473,0.81657207,-3.167947,-0.3755294,4.2571197
2585,2026-05-11 16:15:24.017435,2.0404239,1.3543473,0.81657207,-3.167947,-0.3755294,4.2571197
2586,2026-05-11 16:15:24.020405,2.2257397,1.5670427,0.6012546,-2.1423044,0.01450805,2.9032898
2587,2026-05-11 16:15:24.023142,2.2257397,1.5670427,0.6012546,-2.1423044,0.01450805,2.9032898
2588,2026-05-11 16:15:24.026036,2.2257397,1.5670427,0.6012546,-2.1423044,0.01450805,2.9032898
2589,2026-05-11 16:15:24.028727,2.2257397,1.5670427,0.6012546,-2.1423044,0.01450805,2.9032898
2590,2026-05-11 16:15:24.031391,2.2257397,1.5670427,0.6012546,-2.1423044,0.01450805,2.9032898
2591,2026-05-11 16:15:24.034643,2.2257397,1.5670427,0.6012546,-2.1423044,0.01450805,2.9032898
2592,2026-05-11 16:15:24.037529,2.2257397,1.5670427,0.6012546,-2.1423044,0.01450805,2.9032898
2593,2026-05-11 16:15:24.040214,2.2257397,1.5670427,0.6012546,-2.2915082,0.42317688,2.4898868
2594,2026-05-11 16:15:24.042810,2.2257397,1.5670427,0.6012546,-2.2915082,0.42317688,2.4898868
2595,2026-05-11 16:15:24.045464,2.2257397,1.5670427,0.6012546,-2.2915082,0.42317688,2.4898868
2596,2026-05-11 16:15:24.048219,1.6943672,1.9999948,1.3310533,-2.981786,1.0983357,2.2366831
2597,2026-05-11 16:15:24.051457,2.6001518,2.2119584,2.3084884,-1.8611537,0.30283645,2.653904
2598,2026-05-11 16:15:24.054088,2.6001518,2.2119584,2.3084884,-1.8611537,0.30283645,2.653904
2599,2026-05-11 16:15:24.056928,2.6001518,2.2119584,2.3084884,-0.18371773,-0.40240747,2.6557367
2600,2026-05-11 16:15:24.059664,3.409589,2.4511187,1.8868175,2.7832549,-0.16691893,1.474476
2601,2026-05-11 16:15:24.062353,3.363001,2.4799619,1.3394684,2.7832549,-0.16691893,1.474476
2602,2026-05-11 16:15:24.065325,3.363001,2.4799619,1.3394684,3.566995,0.38560867,0.48808134
2603,2026-05-11 16:15:24.068119,3.363001,2.4799619,1.3394684,3.566995,0.38560867,0.48808134
2604,2026-05-11 16:15:24.070879,3.363001,2.4799619,1.3394684,3.566995,0.38560867,0.48808134
2605,2026-05-11 16:15:24.073617,2.9452329,2.1973233,0.56393534,3.7632353,0.8246681,-0.35934147
2606,2026-05-11 16:15:24.076369,2.9452329,2.1973233,0.56393534,3.7632353,0.8246681,-0.35934147
2607,2026-05-11 16:15:24.079073,2.7725399,1.9996899,0.3621553,3.3907602,1.2791518,-1.2443326
2608,2026-05-11 16:15:24.081863,2.7725399,1.9996899,0.3621553,3.3907602,1.2791518,-1.2443326
2609,2026-05-11 16:15:24.085008,2.4832547,1.7190636,0.18690115,3.3907602,1.2791518,-1.2443326
2610,2026-05-11 16:15:24.087696,2.4832547,1.7190636,0.18690115,3.038291,1.3759739,-1.7116444
2611,2026-05-11 16:15:24.090464,2.3833709,1.6426568,0.14348398,3.038291,1.3759739,-1.7116444
2612,2026-05-11 16:15:24.093115,2.3833709,1.6426568,0.14348398,3.038291,1.3759739,-1.7116444
2613,2026-05-11 16:15:24.095870,2.3833709,1.6426568,0.14348398,2.902679,1.289842,-1.8843665
2614,2026-05-11 16:15:24.098548,2.3833709,1.6426568,0.14348398,2.902679,1.289842,-1.8843665
2615,2026-05-11 16:15:24.102178,2.3833709,1.6426568,0.14348398,2.902679,1.289842,-1.8843665
2616,2026-05-11 16:15:24.104877,2.3833709,1.6426568,0.14348398,2.902679,1.289842,-1.8843665
2617,2026-05-11 16:15:24.107445,2.3833709,1.6426568,0.14348398,2.902679,1.289842,-1.8843665
2618,2026-05-11 16:15:24.110194,2.3833709,1.6426568,0.14348398,2.902679,1.289842,-1.8843665
2619,2026-05-11 16:15:24.113042,2.3833709,1.6426568,0.14348398,2.902679,1.289842,-1.8843665
2620,2026-05-11 16:15:24.116148,2.3833709,1.6426568,0.14348398,2.902679,1.289842,-1.8843665
2621,2026-05-11 16:15:24.119098,2.3833709,1.6426568,0.14348398,2.6586382,0.91324353,-2.1183279
2622,2026-05-11 16:15:24.121767,2.3833709,1.6426568,0.14348398,2.6586382,0.91324353,-2.1183279
2623,2026-05-11 16:15:24.124563,2.3833709,1.6426568,0.14348398,2.6586382,0.91324353,-2.1183279
2624,2026-05-11 16:15:24.127249,2.0876217,1.4381328,-0.016525354,2.6586382,0.91324353,-2.1183279
2625,2026-05-11 16:15:24.130056,2.0876217,1.4381328,-0.016525354,2.6586382,0.91324353,-2.1183279
2626,2026-05-11 16:15:24.133024,2.0000558,1.3748974,-0.11537258,2.6586382,0.91324353,-2.1183279
2627,2026-05-11 16:15:24.135815,2.0000558,1.3748974,-0.11537258,2.6586382,0.91324353,-2.1183279
2628,2026-05-11 16:15:24.138453,2.0000558,1.3748974,-0.11537258,2.6586382,0.91324353,-2.1183279
2629,2026-05-11 16:15:24.141037,2.0000558,1.3748974,-0.11537258,2.6586382,0.91324353,-2.1183279
2630,2026-05-11 16:15:24.143679,2.0000558,1.3748974,-0.11537258,2.3457224,0.5161811,-2.2583687
2631,2026-05-11 16:15:24.146239,2.0000558,1.3748974,-0.11537258,2.3457224,0.5161811,-2.2583687
2632,2026-05-11 16:15:24.149253,2.0000558,1.3748974,-0.11537258,2.3457224,0.5161811,-2.2583687
2633,2026-05-11 16:15:24.152173,2.0000558,1.3748974,-0.11537258,2.3457224,0.5161811,-2.2583687
2634,2026-05-11 16:15:24.154982,2.0000558,1.3748974,-0.11537258,2.3457224,0.5161811,-2.2583687
2635,2026-05-11 16:15:24.157725,1.7808355,1.2116561,-0.2403189,1.9656117,0.3043636,-2.4037547
2636,2026-05-11 16:15:24.160356,1.7808355,1.2116561,-0.2403189,1.9656117,0.3043636,-2.4037547
2637,2026-05-11 16:15:24.163093,1.7808355,1.2116561,-0.2403189,1.0792462,0.22479841,-2.6861272
2638,2026-05-11 16:15:24.166286,1.624607,1.1058571,-0.16921718,1.0792462,0.22479841,-2.6861272
2639,2026-05-11 16:15:24.169165,1.624607,1.1058571,-0.16921718,1.0792462,0.22479841,-2.6861272
2640,2026-05-11 16:15:24.171958,1.624607,1.1058571,-0.16921718,1.0792462,0.22479841,-2.6861272
2641,2026-05-11 16:15:24.174768,1.624607,1.1058571,-0.16921718,0.4549419,0.31673363,-2.9196305
2642,2026-05-11 16:15:24.177544,1.4677076,0.99322873,-0.05329579,0.4549419,0.31673363,-2.9196305
2643,2026-05-11 16:15:24.180230,1.4677076,0.99322873,-0.05329579,0.4549419,0.31673363,-2.9196305
2644,2026-05-11 16:15:24.183286,1.4677076,0.99322873,-0.05329579,0.16035213,0.3735441,-3.054021
2645,2026-05-11 16:15:24.186005,1.4677076,0.99322873,-0.05329579,0.16035213,0.3735441,-3.054021
2646,2026-05-11 16:15:24.188811,1.4677076,0.99322873,-0.05329579,0.16035213,0.3735441,-3.054021
2647,2026-05-11 16:15:24.191512,1.2771477,0.8206576,0.10177423,-0.13591751,0.44425175,-3.235906
2648,2026-05-11 16:15:24.194141,1.2771477,0.8206576,0.10177423,-0.13591751,0.44425175,-3.235906
2649,2026-05-11 16:15:24.196983,1.1637264,0.6746735,0.23922127,-0.13591751,0.44425175,-3.235906
2650,2026-05-11 16:15:24.200006,1.1637264,0.6746735,0.23922127,-0.13591751,0.44425175,-3.235906
2651,2026-05-11 16:15:24.202796,1.1637264,0.6746735,0.23922127,-0.13591751,0.44425175,-3.235906
2652,2026-05-11 16:15:24.205450,1.1637264,0.6746735,0.23922127,-0.18997909,0.50533825,-3.3524284
2653,2026-05-11 16:15:24.208082,1.1637264,0.6746735,0.23922127,-0.18997909,0.50533825,-3.3524284
2654,2026-05-11 16:15:24.211025,1.1637264,0.6746735,0.23922127,-0.18997909,0.50533825,-3.3524284
2655,2026-05-11 16:15:24.213634,1.1637264,0.6746735,0.23922127,-0.18997909,0.50533825,-3.3524284
2656,2026-05-11 16:15:24.216738,1.1637264,0.6746735,0.23922127,-0.18997909,0.50533825,-3.3524284
2657,2026-05-11 16:15:24.219591,1.1637264,0.6746735,0.23922127,-0.18997909,0.50533825,-3.3524284
2658,2026-05-11 16:15:24.222213,1.1637264,0.6746735,0.23922127,-0.18997909,0.50533825,-3.3524284
2659,2026-05-11 16:15:24.224922,1.1637264,0.6746735,0.23922127,-0.01863139,0.6078109,-3.5129333
2660,2026-05-11 16:15:24.227593,1.0424999,0.50881016,0.36099666,-0.01863139,0.6078109,-3.5129333
2661,2026-05-11 16:15:24.230228,1.0424999,0.50881016,0.36099666,-0.01863139,0.6078109,-3.5129333
2662,2026-05-11 16:15:24.233385,1.0424999,0.50881016,0.36099666,-0.01863139,0.6078109,-3.5129333
2663,2026-05-11 16:15:24.236251,1.0424999,0.50881016,0.36099666,-0.01863139,0.6078109,-3.5129333
2664,2026-05-11 16:15:24.238995,0.98780155,0.430208,0.40825552,-0.01863139,0.6078109,-3.5129333
2665,2026-05-11 16:15:24.241736,0.98780155,0.430208,0.40825552,-0.01863139,0.6078109,-3.5129333
2666,2026-05-11 16:15:24.244497,0.98780155,0.430208,0.40825552,0.17592919,0.6426302,-3.5899024
2667,2026-05-11 16:15:24.247316,0.98780155,0.430208,0.40825552,0.17592919,0.6426302,-3.5899024
2668,2026-05-11 16:15:24.250596,0.98780155,0.430208,0.40825552,0.17592919,0.6426302,-3.5899024
2669,2026-05-11 16:15:24.253409,0.98780155,0.430208,0.40825552,0.17592919,0.6426302,-3.5899024
2670,2026-05-11 16:15:24.256226,0.98780155,0.430208,0.40825552,0.17592919,0.6426302,-3.5899024
2671,2026-05-11 16:15:24.258954,0.98780155,0.430208,0.40825552,0.17592919,0.6426302,-3.5899024
2672,2026-05-11 16:15:24.261572,0.98780155,0.430208,0.40825552,0.17592919,0.6426302,-3.5899024
2673,2026-05-11 16:15:24.264316,0.81388897,0.10909174,0.34873986,1.5167783,0.33490688,-3.8412733
2674,2026-05-11 16:15:24.267348,0.81388897,0.10909174,0.34873986,1.5167783,0.33490688,-3.8412733
2675,2026-05-11 16:15:24.270378,0.8374879,0.049637042,0.28196767,1.5167783,0.33490688,-3.8412733
2676,2026-05-11 16:15:24.273015,0.8374879,0.049637042,0.28196767,1.5167783,0.33490688,-3.8412733
2677,2026-05-11 16:15:24.275651,0.8374879,0.049637042,0.28196767,1.5167783,0.33490688,-3.8412733
2678,2026-05-11 16:15:24.278510,0.8374879,0.049637042,0.28196767,1.7825048,0.16707164,-3.8739548
2679,2026-05-11 16:15:24.281202,0.8374879,0.049637042,0.28196767,1.7825048,0.16707164,-3.8739548
2680,2026-05-11 16:15:24.284275,0.8374879,0.049637042,0.28196767,1.7825048,0.16707164,-3.8739548
2681,2026-05-11 16:15:24.287129,0.8580988,0.01683025,0.23720895,1.7825048,0.16707164,-3.8739548
2682,2026-05-11 16:15:24.289911,0.8580988,0.01683025,0.23720895,1.7825048,0.16707164,-3.8739548
2683,2026-05-11 16:15:24.292722,0.8580988,0.01683025,0.23720895,1.8842138,0.08155051,-3.914119
2684,2026-05-11 16:15:24.295441,0.8580988,0.01683025,0.23720895,1.8842138,0.08155051,-3.914119
2685,2026-05-11 16:15:24.298124,0.86517245,-0.06646729,0.16055815,1.8842138,0.08155051,-3.914119
2686,2026-05-11 16:15:24.301190,0.86517245,-0.06646729,0.16055815,1.8842138,0.08155051,-3.914119
2687,2026-05-11 16:15:24.304046,0.86517245,-0.06646729,0.16055815,1.8842138,0.08155051,-3.914119
2688,2026-05-11 16:15:24.306651,0.86517245,-0.06646729,0.16055815,1.8842138,0.08155051,-3.914119
2689,2026-05-11 16:15:24.309344,0.86517245,-0.06646729,0.16055815,1.8842138,0.08155051,-3.914119
2690,2026-05-11 16:15:24.312015,0.86517245,-0.06646729,0.16055815,1.9242256,-0.051465396,-4.071875
2691,2026-05-11 16:15:24.314763,0.7111391,-0.28507763,0.115555525,1.7489072,0.022602014,-4.244139
2692,2026-05-11 16:15:24.317740,0.7111391,-0.28507763,0.115555525,1.7489072,0.022602014,-4.244139
2693,2026-05-11 16:15:24.320617,0.7111391,-0.28507763,0.115555525,1.7489072,0.022602014,-4.244139
2694,2026-05-11 16:15:24.323332,0.7111391,-0.28507763,0.115555525,1.7489072,0.022602014,-4.244139
2695,2026-05-11 16:15:24.326163,0.7111391,-0.28507763,0.115555525,1.694082,0.076358154,-4.2386413
2696,2026-05-11 16:15:24.328831,0.6277195,-0.362948,0.12525122,1.694082,0.076358154,-4.2386413
2697,2026-05-11 16:15:24.331599,0.6277195,-0.362948,0.12525122,1.694082,0.076358154,-4.2386413
2698,2026-05-11 16:15:24.334621,0.6277195,-0.362948,0.12525122,1.694082,0.076358154,-4.2386413
2699,2026-05-11 16:15:24.337517,0.5594229,-0.43295208,0.13598356,1.694082,0.076358154,-4.2386413
2700,2026-05-11 16:15:24.340189,0.5594229,-0.43295208,0.13598356,1.6814066,0.11453723,-4.170988
2701,2026-05-11 16:15:24.342792,0.5594229,-0.43295208,0.13598356,1.6814066,0.11453723,-4.170988
2702,2026-05-11 16:15:24.345514,0.5594229,-0.43295208,0.13598356,1.6814066,0.11453723,-4.170988
2703,2026-05-11 16:15:24.348159,0.5594229,-0.43295208,0.13598356,1.6814066,0.11453723,-4.170988
2704,2026-05-11 16:15:24.351120,0.46435636,-0.5195425,0.13683724,1.6814066,0.11453723,-4.170988
2705,2026-05-11 16:15:24.368868,-0.44045252,-0.8038274,0.0248795,2.0969477,-1.0647382,-1.7079792
2706,2026-05-11 16:15:24.381343,-0.44045252,-0.8038274,0.0248795,2.0969477,-1.0647382,-1.7079792
2707,2026-05-11 16:15:24.386336,-0.65119654,-0.822426,0.004024625,2.0969477,-1.0647382,-1.7079792
2708,2026-05-11 16:15:24.392692,-0.65119654,-0.822426,0.004024625,2.0969477,-1.0647382,-1.7079792
2709,2026-05-11 16:15:24.395520,-0.65119654,-0.822426,0.004024625,2.0969477,-1.0647382,-1.7079792
2710,2026-05-11 16:15:24.398428,-0.65119654,-0.822426,0.004024625,2.0969477,-1.0647382,-1.7079792
2711,2026-05-11 16:15:24.401461,-0.65119654,-0.822426,0.004024625,2.0969477,-1.0647382,-1.7079792
2712,2026-05-11 16:15:24.404285,-0.7725451,-0.8371221,-0.06421106,2.0969477,-1.0647382,-1.7079792
2713,2026-05-11 16:15:24.406966,-0.7725451,-0.8371221,-0.06421106,2.0969477,-1.0647382,-1.7079792
2714,2026-05-11 16:15:24.409771,-0.7725451,-0.8371221,-0.06421106,2.0969477,-1.0647382,-1.7079792
2715,2026-05-11 16:15:24.412571,-0.7725451,-0.8371221,-0.06421106,2.1542163,-1.0360274,-1.0740538
2716,2026-05-11 16:15:24.415718,-0.875173,-0.8412076,-0.21793956,2.1542163,-1.0360274,-1.0740538
2717,2026-05-11 16:15:24.418589,-0.875173,-0.8412076,-0.21793956,2.1542163,-1.0360274,-1.0740538
2718,2026-05-11 16:15:24.421319,-0.9114556,-0.7808992,-0.35380113,2.0992384,-1.1155926,-0.17715092
2719,2026-05-11 16:15:24.423967,-0.9114556,-0.7808992,-0.35380113,1.8032742,-1.2415836,0.763887
2720,2026-05-11 16:15:24.426857,-0.804986,-0.72985965,-0.41843903,1.3077098,-1.3489432,1.6713274
2721,2026-05-11 16:15:24.429588,-0.626378,-0.7320549,-0.42898846,0.79519385,-1.3041973,2.334727
2722,2026-05-11 16:15:24.432585,-0.626378,-0.7320549,-0.42898846,0.79519385,-1.3041973,2.334727
2723,2026-05-11 16:15:24.435433,-0.4063042,-0.7349209,-0.40910926,0.06841691,-1.0262536,3.043636
2724,2026-05-11 16:15:24.438187,-0.4063042,-0.7349209,-0.40910926,0.06841691,-1.0262536,3.043636
2725,2026-05-11 16:15:24.440780,-0.4063042,-0.7349209,-0.40910926,0.06841691,-1.0262536,3.043636
2726,2026-05-11 16:15:24.443503,-0.4063042,-0.7349209,-0.40910926,0.06841691,-1.0262536,3.043636
2727,2026-05-11 16:15:24.446095,-0.4063042,-0.7349209,-0.40910926,0.06841691,-1.0262536,3.043636
2728,2026-05-11 16:15:24.449060,-0.4063042,-0.7349209,-0.40910926,0.06841691,-1.0262536,3.043636
2729,2026-05-11 16:15:24.451940,-0.4063042,-0.7349209,-0.40910926,0.06841691,-1.0262536,3.043636
2730,2026-05-11 16:15:24.454720,-0.4063042,-0.7349209,-0.40910926,0.06841691,-1.0262536,3.043636
2731,2026-05-11 16:15:24.457389,-0.4063042,-0.7349209,-0.40910926,0.06841691,-1.0262536,3.043636
2732,2026-05-11 16:15:24.459959,-0.4063042,-0.7349209,-0.40910926,0.06841691,-1.0262536,3.043636
2733,2026-05-11 16:15:24.462681,-0.27904066,-0.75120234,-0.3740462,-0.3715588,-0.7796168,3.4182491
2734,2026-05-11 16:15:24.465701,-0.27904066,-0.75120234,-0.3740462,-0.3715588,-0.7796168,3.4182491
2735,2026-05-11 16:15:24.468742,-0.27904066,-0.75120234,-0.3740462,-0.3715588,-0.7796168,3.4182491
2736,2026-05-11 16:15:24.471439,-0.27904066,-0.75120234,-0.3740462,-0.3715588,-0.7796168,3.4182491
2737,2026-05-11 16:15:24.474262,0.07976075,-0.8085838,-0.19946286,-1.6905695,0.12339478,4.6633453
2738,2026-05-11 16:15:24.476933,0.07976075,-0.8085838,-0.19946286,-1.6905695,0.12339478,4.6633453
2739,2026-05-11 16:15:24.479540,0.07976075,-0.8085838,-0.19946286,-1.6905695,0.12339478,4.6633453
2740,2026-05-11 16:15:24.482418,0.07976075,-0.8085838,-0.19946286,-1.6905695,0.12339478,4.6633453
2741,2026-05-11 16:15:24.485445,0.07976075,-0.8085838,-0.19946286,-1.6905695,0.12339478,4.6633453
2742,2026-05-11 16:15:24.488307,0.50155365,-0.88078314,-0.048051585,-2.4222333,0.27580565,5.9756365
2743,2026-05-11 16:15:24.490980,0.50155365,-0.88078314,-0.048051585,-2.4222333,0.27580565,5.9756365
2744,2026-05-11 16:15:24.493735,0.50155365,-0.88078314,-0.048051585,-2.4222333,0.27580565,5.9756365
2745,2026-05-11 16:15:24.496553,1.1949477,-0.82267,-0.06652827,-2.7782152,0.19135354,6.6678996
2746,2026-05-11 16:15:24.499736,1.5628961,-0.71552956,-0.09354204,-2.9228375,0.15806139,6.687447
2747,2026-05-11 16:15:24.502633,1.5628961,-0.71552956,-0.09354204,-3.0703614,0.06688975,6.619794
2748,2026-05-11 16:15:24.505260,1.5628961,-0.71552956,-0.09354204,-3.0703614,0.06688975,6.619794
2749,2026-05-11 16:15:24.508078,1.5628961,-0.71552956,-0.09354204,-3.0703614,0.06688975,6.619794
2750,2026-05-11 16:15:24.510802,1.5628961,-0.71552956,-0.09354204,-3.179859,-0.046120327,6.4942613
2751,2026-05-11 16:15:24.513548,1.6399128,-0.67266124,-0.07506536,-3.179859,-0.046120327,6.4942613
2752,2026-05-11 16:15:24.516620,1.6399128,-0.67266124,-0.07506536,-3.179859,-0.046120327,6.4942613
2753,2026-05-11 16:15:24.519556,1.6399128,-0.67266124,-0.07506536,-3.179859,-0.046120327,6.4942613
2754,2026-05-11 16:15:24.522305,1.6399128,-0.67266124,-0.07506536,-3.179859,-0.046120327,6.4942613
2755,2026-05-11 16:15:24.524993,1.6399128,-0.67266124,-0.07506536,-3.179859,-0.046120327,6.4942613
2756,2026-05-11 16:15:24.527802,1.6399128,-0.67266124,-0.07506536,-3.179859,-0.046120327,6.4942613
2757,2026-05-11 16:15:24.530436,1.6399128,-0.67266124,-0.07506536,-3.179859,-0.046120327,6.4942613
2758,2026-05-11 16:15:24.533553,1.6399128,-0.67266124,-0.07506536,-3.218191,-0.30604348,6.3183317
2759,2026-05-11 16:15:24.536896,1.6489376,-0.5957664,0.015244792,-3.218191,-0.30604348,6.3183317
2760,2026-05-11 16:15:24.539710,1.6371077,-0.55856913,0.060552314,-3.218191,-0.30604348,6.3183317
2761,2026-05-11 16:15:24.542609,1.8421198,-0.27416235,-0.038172957,-2.8040242,-0.74036866,6.3901086
2762,2026-05-11 16:15:24.545339,1.8421198,-0.27416235,-0.038172957,-2.8040242,-0.74036866,6.3901086
2763,2026-05-11 16:15:24.548369,2.0321307,-0.09738373,-0.16787565,-3.0622675,-0.46929723,6.348264
2764,2026-05-11 16:15:24.551582,2.0321307,-0.09738373,-0.16787565,-3.0622675,-0.46929723,6.348264
2765,2026-05-11 16:15:24.554811,1.5342969,-0.111591876,0.52923816,-6.5193067,1.2255484,5.2925363
2766,2026-05-11 16:15:24.557686,1.7351012,0.004756375,0.8190721,-6.5193067,1.2255484,5.2925363
2767,2026-05-11 16:15:24.560421,1.7351012,0.004756375,0.8190721,-6.129269,0.62995476,5.349347
2768,2026-05-11 16:15:24.563169,2.116099,0.22787915,1.0392679,-4.9831333,-0.56107974,5.1300464
2769,2026-05-11 16:15:24.566307,2.116099,0.22787915,1.0392679,-4.9831333,-0.56107974,5.1300464
2770,2026-05-11 16:15:24.569202,2.116099,0.22787915,1.0392679,-4.9831333,-0.56107974,5.1300464
2771,2026-05-11 16:15:24.572186,2.116099,0.22787915,1.0392679,-4.9831333,-0.56107974,5.1300464
2772,2026-05-11 16:15:24.574840,2.116099,0.22787915,1.0392679,-4.9831333,-0.56107974,5.1300464
2773,2026-05-11 16:15:24.577566,2.116099,0.22787915,1.0392679,-4.9831333,-0.56107974,5.1300464
2774,2026-05-11 16:15:24.580148,2.116099,0.22787915,1.0392679,-4.9831333,-0.56107974,5.1300464
2775,2026-05-11 16:15:24.583412,2.116099,0.22787915,1.0392679,-4.9831333,-0.56107974,5.1300464
2776,2026-05-11 16:15:24.586180,2.116099,0.22787915,1.0392679,-4.9831333,-0.56107974,5.1300464
2777,2026-05-11 16:15:24.588753,2.116099,0.22787915,1.0392679,-4.9831333,-0.56107974,5.1300464
2778,2026-05-11 16:15:24.591445,2.298122,0.42106113,0.9811548,-4.9831333,-0.56107974,5.1300464
2779,2026-05-11 16:15:24.594180,2.298122,0.42106113,0.9811548,-4.108374,-1.3880385,4.7061057
2780,2026-05-11 16:15:24.596943,2.2089703,0.6785152,0.860721,-4.108374,-1.3880385,4.7061057
2781,2026-05-11 16:15:24.599955,2.2089703,0.6785152,0.860721,-3.4897203,-1.8796324,4.0501895
2782,2026-05-11 16:15:24.602778,2.2089703,0.6785152,0.860721,-3.4897203,-1.8796324,4.0501895
2783,2026-05-11 16:15:24.605396,2.2089703,0.6785152,0.860721,-3.4897203,-1.8796324,4.0501895
2784,2026-05-11 16:15:24.608177,2.2089703,0.6785152,0.860721,-3.4897203,-1.8796324,4.0501895
2785,2026-05-11 16:15:24.610985,2.2089703,0.6785152,0.860721,-3.4897203,-1.8796324,4.0501895
2786,2026-05-11 16:15:24.613682,2.2089703,0.6785152,0.860721,-3.4897203,-1.8796324,4.0501895
2787,2026-05-11 16:15:24.616754,2.2089703,0.6785152,0.860721,-3.4897203,-1.8796324,4.0501895
2788,2026-05-11 16:15:24.619576,2.2089703,0.6785152,0.860721,-3.4897203,-1.8796324,4.0501895
2789,2026-05-11 16:15:24.622220,2.0965247,0.7870581,0.9482261,-3.4897203,-1.8796324,4.0501895
2790,2026-05-11 16:15:24.625041,2.0965247,0.7870581,0.9482261,-3.41886,-1.8533652,3.7462838
2791,2026-05-11 16:15:24.627924,2.0965247,0.7870581,0.9482261,-3.3211217,-1.5645787,3.4655912
2792,2026-05-11 16:15:24.630669,1.9457232,0.81242543,1.5810679,-2.8286116,-1.0118983,3.2672129
2793,2026-05-11 16:15:24.633705,1.9457232,0.81242543,1.5810679,-2.8286116,-1.0118983,3.2672129
2794,2026-05-11 16:15:24.636397,1.9457232,0.81242543,1.5810679,-2.8286116,-1.0118983,3.2672129
2795,2026-05-11 16:15:24.638971,1.9457232,0.81242543,1.5810679,-2.8286116,-1.0118983,3.2672129
2796,2026-05-11 16:15:24.641742,1.9457232,0.81242543,1.5810679,-2.8286116,-1.0118983,3.2672129
2797,2026-05-11 16:15:24.644385,1.9457232,0.81242543,1.5810679,-2.8286116,-1.0118983,3.2672129
2798,2026-05-11 16:15:24.647127,1.9718834,0.80626655,1.6697924,-2.8286116,-1.0118983,3.2672129
2799,2026-05-11 16:15:24.650258,1.9718834,0.80626655,1.6697924,-2.8286116,-1.0118983,3.2672129
2800,2026-05-11 16:15:24.653009,1.9718834,0.80626655,1.6697924,-2.8286116,-1.0118983,3.2672129
2801,2026-05-11 16:15:24.655607,1.9718834,0.80626655,1.6697924,-2.8286116,-1.0118983,3.2672129
2802,2026-05-11 16:15:24.658280,1.9718834,0.80626655,1.6697924,-2.8286116,-1.0118983,3.2672129
2803,2026-05-11 16:15:24.660943,1.9718834,0.80626655,1.6697924,-2.5622742,-0.8231409,3.179401
2804,2026-05-11 16:15:24.663590,1.9718834,0.80626655,1.6697924,-2.5622742,-0.8231409,3.179401
2805,2026-05-11 16:15:24.666525,1.9548701,0.8069983,1.8562059,-2.5622742,-0.8231409,3.179401
2806,2026-05-11 16:15:24.669283,1.9548701,0.8069983,1.8562059,-2.5622742,-0.8231409,3.179401
2807,2026-05-11 16:15:24.672085,1.9548701,0.8069983,1.8562059,-2.5622742,-0.8231409,3.179401
2808,2026-05-11 16:15:24.674843,1.9548701,0.8069983,1.8562059,-2.5622742,-0.8231409,3.179401
2809,2026-05-11 16:15:24.677565,1.9548701,0.8069983,1.8562059,-1.2110404,-0.3979787,2.8388436
2810,2026-05-11 16:15:24.680211,1.9548701,0.8069983,1.8562059,-1.2110404,-0.3979787,2.8388436
2811,2026-05-11 16:15:24.683247,1.9548701,0.8069983,1.8562059,-1.2110404,-0.3979787,2.8388436
2812,2026-05-11 16:15:24.685948,1.9548701,0.8069983,1.8562059,-1.2110404,-0.3979787,2.8388436
2813,2026-05-11 16:15:24.688835,1.9548701,0.8069983,1.8562059,-1.2110404,-0.3979787,2.8388436
2814,2026-05-11 16:15:24.691429,1.9548701,0.8069983,1.8562059,-1.2110404,-0.3979787,2.8388436
2815,2026-05-11 16:15:24.694043,1.9548701,0.8069983,1.8562059,-1.2110404,-0.3979787,2.8388436
2816,2026-05-11 16:15:24.696636,1.9548701,0.8069983,1.8562059,-1.2110404,-0.3979787,2.8388436
2817,2026-05-11 16:15:24.699619,1.9548701,0.8069983,1.8562059,-1.2110404,-0.3979787,2.8388436
2818,2026-05-11 16:15:24.702523,1.9548701,0.8069983,1.8562059,-1.2110404,-0.3979787,2.8388436
2819,2026-05-11 16:15:24.705181,1.9548701,0.8069983,1.8562059,-0.13775012,-0.5661194,2.7420213
2820,2026-05-11 16:15:24.707769,1.9548701,0.8069983,1.8562059,-0.13775012,-0.5661194,2.7420213
2821,2026-05-11 16:15:24.710694,1.9916406,0.9496286,1.9692003,-0.13775012,-0.5661194,2.7420213
2822,2026-05-11 16:15:24.713548,1.9916406,0.9496286,1.9692003,-0.13775012,-0.5661194,2.7420213
2823,2026-05-11 16:15:24.716673,1.9916406,0.9496286,1.9692003,1.4249959,-1.0987939,2.588236
2824,2026-05-11 16:15:24.719489,1.9916406,0.9496286,1.9692003,1.4249959,-1.0987939,2.588236
2825,2026-05-11 16:15:24.722168,2.224215,1.1107966,2.0012145,1.4249959,-1.0987939,2.588236
2826,2026-05-11 16:15:24.724832,2.224215,1.1107966,2.0012145,1.4249959,-1.0987939,2.588236
2827,2026-05-11 16:15:24.727506,2.224215,1.1107966,2.0012145,1.4249959,-1.0987939,2.588236
2828,2026-05-11 16:15:24.730142,2.224215,1.1107966,2.0012145,1.4249959,-1.0987939,2.588236
2829,2026-05-11 16:15:24.733232,2.224215,1.1107966,2.0012145,1.4249959,-1.0987939,2.588236
2830,2026-05-11 16:15:24.735959,2.224215,1.1107966,2.0012145,1.4249959,-1.0987939,2.588236
2831,2026-05-11 16:15:24.738734,2.224215,1.1107966,2.0012145,1.4249959,-1.0987939,2.588236
2832,2026-05-11 16:15:24.741480,2.224215,1.1107966,2.0012145,1.4249959,-1.0987939,2.588236
2833,2026-05-11 16:15:24.744083,2.224215,1.1107966,2.0012145,1.4249959,-1.0987939,2.588236
2834,2026-05-11 16:15:24.746787,2.224215,1.1107966,2.0012145,1.4249959,-1.0987939,2.588236
2835,2026-05-11 16:15:24.749838,2.224215,1.1107966,2.0012145,1.4249959,-1.0987939,2.588236
2836,2026-05-11 16:15:24.752573,2.224215,1.1107966,2.0012145,1.4249959,-1.0987939,2.588236
2837,2026-05-11 16:15:24.755295,2.490816,1.2017775,1.9148679,1.4249959,-1.0987939,2.588236
2838,2026-05-11 16:15:24.758116,2.490816,1.2017775,1.9148679,3.6771033,-1.7176003,1.8556559
2839,2026-05-11 16:15:24.761010,2.715707,0.99420434,0.69174767,3.6771033,-1.7176003,1.8556559
2840,2026-05-11 16:15:24.763782,2.715707,0.99420434,0.69174767,3.99063,0.0022907446,-1.1055133
2841,2026-05-11 16:15:24.767029,2.8148594,0.9354204,0.6739418,3.5602753,0.082619525,-2.1259637
2842,2026-05-11 16:15:24.769934,2.8148594,0.9354204,0.6739418,3.5602753,0.082619525,-2.1259637
2843,2026-05-11 16:15:24.772621,2.8148594,0.9354204,0.6739418,3.5602753,0.082619525,-2.1259637
2844,2026-05-11 16:15:24.775328,2.8148594,0.9354204,0.6739418,3.5602753,0.082619525,-2.1259637
2845,2026-05-11 16:15:24.778062,2.8148594,0.9354204,0.6739418,3.5602753,0.082619525,-2.1259637
2846,2026-05-11 16:15:24.780897,2.8637037,0.8009614,0.690833,3.5602753,0.082619525,-2.1259637
2847,2026-05-11 16:15:24.784377,2.8637037,0.8009614,0.690833,3.5602753,0.082619525,-2.1259637
2848,2026-05-11 16:15:24.787189,2.8637037,0.8009614,0.690833,3.400076,0.100792766,-2.528524
2849,2026-05-11 16:15:24.790064,2.7944922,0.6817471,0.6838814,3.1833715,0.1947133,-2.93872
2850,2026-05-11 16:15:24.792973,2.7179024,0.6114381,0.6736979,3.0079005,0.27076602,-3.1867313
2851,2026-05-11 16:15:24.795738,2.6164942,0.53722644,0.65552604,3.0079005,0.27076602,-3.1867313
2852,2026-05-11 16:15:24.798616,2.6164942,0.53722644,0.65552604,3.0079005,0.27076602,-3.1867313
2853,2026-05-11 16:15:24.801720,2.6164942,0.53722644,0.65552604,3.0079005,0.27076602,-3.1867313
2854,2026-05-11 16:15:24.804365,2.6164942,0.53722644,0.65552604,3.0079005,0.27076602,-3.1867313
2855,2026-05-11 16:15:24.806978,2.6164942,0.53722644,0.65552604,3.0079005,0.27076602,-3.1867313
2856,2026-05-11 16:15:24.809571,2.6164942,0.53722644,0.65552604,3.0079005,0.27076602,-3.1867313
2857,2026-05-11 16:15:24.812226,2.5565517,0.49637043,0.6279025,2.7618744,0.37782016,-3.500258
2858,2026-05-11 16:15:24.815150,2.5565517,0.49637043,0.6279025,2.7618744,0.37782016,-3.500258
2859,2026-05-11 16:15:24.818132,2.5565517,0.49637043,0.6279025,2.7618744,0.37782016,-3.500258
2860,2026-05-11 16:15:24.820870,2.5565517,0.49637043,0.6279025,2.7618744,0.37782016,-3.500258
2861,2026-05-11 16:15:24.823617,2.5565517,0.49637043,0.6279025,2.6288586,0.41706824,-3.6448803
2862,2026-05-11 16:15:24.826258,2.5565517,0.49637043,0.6279025,2.6288586,0.41706824,-3.6448803
2863,2026-05-11 16:15:24.829104,2.5565517,0.49637043,0.6279025,2.6288586,0.41706824,-3.6448803
2864,2026-05-11 16:15:24.832280,2.5565517,0.49637043,0.6279025,2.6288586,0.41706824,-3.6448803
2865,2026-05-11 16:15:24.835219,2.4370325,0.44484302,0.64143986,2.35626,0.45723262,-3.8991528
2866,2026-05-11 16:15:24.838034,2.374529,0.39758417,0.6712587,2.35626,0.45723262,-3.8991528
2867,2026-05-11 16:15:24.840729,2.374529,0.39758417,0.6712587,2.183996,0.5539021,-4.127464
2868,2026-05-11 16:15:24.843335,2.374529,0.39758417,0.6712587,2.183996,0.5539021,-4.127464
2869,2026-05-11 16:15:24.846141,2.3090982,0.35441092,0.6854668,2.183996,0.5539021,-4.127464
2870,2026-05-11 16:15:24.849310,2.3090982,0.35441092,0.6854668,2.183996,0.5539021,-4.127464
2871,2026-05-11 16:15:24.852065,2.3090982,0.35441092,0.6854668,2.183996,0.5539021,-4.127464
2872,2026-05-11 16:15:24.854940,1.4777082,-0.06256463,0.7243715,2.4294112,1.1751521,-4.936402
2873,2026-05-11 16:15:24.857588,1.4777082,-0.06256463,0.7243715,2.4294112,1.1751521,-4.936402
2874,2026-05-11 16:15:24.860338,1.4777082,-0.06256463,0.7243715,2.4294112,1.1751521,-4.936402
2875,2026-05-11 16:15:24.862940,1.4777082,-0.06256463,0.7243715,2.4294112,1.1751521,-4.936402
2876,2026-05-11 16:15:24.865861,1.4777082,-0.06256463,0.7243715,2.4294112,1.1751521,-4.936402
2877,2026-05-11 16:15:24.868735,1.4777082,-0.06256463,0.7243715,2.4294112,1.1751521,-4.936402
2878,2026-05-11 16:15:24.871571,1.4777082,-0.06256463,0.7243715,2.4294112,1.1751521,-4.936402
2879,2026-05-11 16:15:24.874254,1.4777082,-0.06256463,0.7243715,2.661998,1.1629347,-4.868596
2880,2026-05-11 16:15:24.876900,1.3636771,-0.128788,0.6852839,2.661998,1.1629347,-4.868596
2881,2026-05-11 16:15:24.879701,1.3636771,-0.128788,0.6852839,2.912758,1.0934488,-4.7624583
2882,2026-05-11 16:15:24.882903,1.3636771,-0.128788,0.6852839,2.912758,1.0934488,-4.7624583
2883,2026-05-11 16:15:24.885748,1.2775136,-0.19556019,0.60442555,2.912758,1.0934488,-4.7624583
2884,2026-05-11 16:15:24.888336,1.2775136,-0.19556019,0.60442555,2.912758,1.0934488,-4.7624583
2885,2026-05-11 16:15:24.891207,1.2775136,-0.19556019,0.60442555,2.912758,1.0934488,-4.7624583
2886,2026-05-11 16:15:24.894072,1.2775136,-0.19556019,0.60442555,2.912758,1.0934488,-4.7624583
2887,2026-05-11 16:15:24.896746,1.2775136,-0.19556019,0.60442555,2.912758,1.0934488,-4.7624583
2888,2026-05-11 16:15:24.899814,1.2504998,-0.33233646,0.49051642,3.1409163,0.80970186,-4.6288314
2889,2026-05-11 16:15:24.902600,1.2504998,-0.33233646,0.49051642,3.1910074,0.67088276,-4.6743407
2890,2026-05-11 16:15:24.905339,1.232084,-0.37069237,0.46405149,3.1969633,0.6049093,-4.7726903
2891,2026-05-11 16:15:24.908004,1.1722026,-0.43331796,0.4115484,3.1969633,0.6049093,-4.7726903
2892,2026-05-11 16:15:24.910840,1.0942712,-0.49496788,0.35996002,3.1392365,0.5448918,-4.8574476
2893,2026-05-11 16:15:24.913484,1.0942712,-0.49496788,0.35996002,3.1392365,0.5448918,-4.8574476
2894,2026-05-11 16:15:24.916471,1.0942712,-0.49496788,0.35996002,3.1392365,0.5448918,-4.8574476
2895,2026-05-11 16:15:24.919398,1.0942712,-0.49496788,0.35996002,3.1392365,0.5448918,-4.8574476
2896,2026-05-11 16:15:24.922099,1.0001804,-0.5558251,0.32483602,3.1392365,0.5448918,-4.8574476
2897,2026-05-11 16:15:24.924811,1.0001804,-0.5558251,0.32483602,3.1392365,0.5448918,-4.8574476
2898,2026-05-11 16:15:24.927607,1.0001804,-0.5558251,0.32483602,3.1392365,0.5448918,-4.8574476
2899,2026-05-11 16:15:24.930267,1.0001804,-0.5558251,0.32483602,2.9773571,0.50335294,-4.8940997
2900,2026-05-11 16:15:24.933249,1.0001804,-0.5558251,0.32483602,2.9773571,0.50335294,-4.8940997
2901,2026-05-11 16:15:24.936196,1.0001804,-0.5558251,0.32483602,2.9773571,0.50335294,-4.8940997
2902,2026-05-11 16:15:24.938915,1.0001804,-0.5558251,0.32483602,2.9773571,0.50335294,-4.8940997
2903,2026-05-11 16:15:24.941522,1.0001804,-0.5558251,0.32483602,2.796541,0.49968776,-4.879133
2904,2026-05-11 16:15:24.944310,1.0001804,-0.5558251,0.32483602,2.796541,0.49968776,-4.879133
2905,2026-05-11 16:15:24.947042,0.9231027,-0.61759704,0.33751968,2.6847527,0.47662762,-4.849812
2906,2026-05-11 16:15:24.950187,0.85468405,-0.6832106,0.4056944,2.711478,0.4251622,-4.772232
2907,2026-05-11 16:15:24.953040,0.85468405,-0.6832106,0.4056944,2.711478,0.4251622,-4.772232
2908,2026-05-11 16:15:24.955684,0.85468405,-0.6832106,0.4056944,2.711478,0.4251622,-4.772232
2909,2026-05-11 16:15:24.958556,0.75004375,-0.7560197,0.500517,2.711478,0.4251622,-4.772232
2910,2026-05-11 16:15:24.961243,0.75004375,-0.7560197,0.500517,2.711478,0.4251622,-4.772232
2911,2026-05-11 16:15:24.963960,0.75004375,-0.7560197,0.500517,2.711478,0.4251622,-4.772232
2912,2026-05-11 16:15:24.966929,0.75004375,-0.7560197,0.500517,2.711478,0.4251622,-4.772232
2913,2026-05-11 16:15:24.969687,0.75004375,-0.7560197,0.500517,2.711478,0.4251622,-4.772232
2914,2026-05-11 16:15:24.972339,0.75004375,-0.7560197,0.500517,2.711478,0.4251622,-4.772232
2915,2026-05-11 16:15:24.975024,0.75004375,-0.7560197,0.500517,2.929557,0.35521814,-4.5706463
2916,2026-05-11 16:15:24.977837,0.63619566,-0.7994369,0.5895466,2.929557,0.35521814,-4.5706463
2917,2026-05-11 16:15:24.980508,0.63619566,-0.7994369,0.5895466,2.929557,0.35521814,-4.5706463
2918,2026-05-11 16:15:24.983547,0.63619566,-0.7994369,0.5895466,2.929557,0.35521814,-4.5706463
2919,2026-05-11 16:15:24.986321,0.63619566,-0.7994369,0.5895466,2.929557,0.35521814,-4.5706463
2920,2026-05-11 16:15:24.989015,0.63619566,-0.7994369,0.5895466,2.929557,0.35521814,-4.5706463
2921,2026-05-11 16:15:24.991611,0.63619566,-0.7994369,0.5895466,2.929557,0.35521814,-4.5706463
2922,2026-05-11 16:15:24.994357,0.63619566,-0.7994369,0.5895466,2.929557,0.35521814,-4.5706463
2923,2026-05-11 16:15:24.996948,0.63619566,-0.7994369,0.5895466,2.929557,0.35521814,-4.5706463
2924,2026-05-11 16:15:24.999946,0.63619566,-0.7994369,0.5895466,2.929557,0.35521814,-4.5706463
2925,2026-05-11 16:15:25.002611,0.63619566,-0.7994369,0.5895466,2.929557,0.35521814,-4.5706463
2926,2026-05-11 16:15:25.005224,0.63619566,-0.7994369,0.5895466,2.929557,0.35521814,-4.5706463
2927,2026-05-11 16:15:25.008035,-0.0065857503,-0.9004184,0.2273913,3.291342,-0.07803804,-2.903748
2928,2026-05-11 16:15:25.010965,-0.0065857503,-0.9004184,0.2273913,3.0347786,0.24801129,-1.6468927
2929,2026-05-11 16:15:25.013633,-0.0065857503,-0.9004184,0.2273913,3.0347786,0.24801129,-1.6468927
2930,2026-05-11 16:15:25.016620,-0.0065857503,-0.9004184,0.2273913,3.0347786,0.24801129,-1.6468927
2931,2026-05-11 16:15:25.019428,-0.27593073,-0.6095478,-0.2655643,3.0347786,0.24801129,-1.6468927
2932,2026-05-11 16:15:25.022069,-0.27593073,-0.6095478,-0.2655643,3.0347786,0.24801129,-1.6468927
2933,2026-05-11 16:15:25.024916,-0.27593073,-0.6095478,-0.2655643,3.0347786,0.24801129,-1.6468927
2934,2026-05-11 16:15:25.027709,-0.27593073,-0.6095478,-0.2655643,3.0347786,0.24801129,-1.6468927
2935,2026-05-11 16:15:25.030401,-0.17153439,-0.51320064,-0.266357,3.0347786,0.24801129,-1.6468927
2936,2026-05-11 16:15:25.033474,-0.17153439,-0.51320064,-0.266357,-0.36575556,1.3738359,1.8677205
2937,2026-05-11 16:15:25.036258,-0.17153439,-0.51320064,-0.266357,-0.8425359,1.8698585,2.5905268
2938,2026-05-11 16:15:25.038864,-0.17153439,-0.51320064,-0.266357,-0.8425359,1.8698585,2.5905268
2939,2026-05-11 16:15:25.041575,-0.17153439,-0.51320064,-0.266357,-0.8425359,1.8698585,2.5905268
2940,2026-05-11 16:15:25.044308,0.16732684,-0.5075296,0.06652827,-0.8425359,1.8698585,2.5905268
2941,2026-05-11 16:15:25.047025,0.16732684,-0.5075296,0.06652827,-1.1936307,2.587167,3.9782598
2942,2026-05-11 16:15:25.050278,0.16732684,-0.5075296,0.06652827,-1.1936307,2.587167,3.9782598
2943,2026-05-11 16:15:25.053103,0.16732684,-0.5075296,0.06652827,-1.1936307,2.587167,3.9782598
2944,2026-05-11 16:15:25.055868,0.16732684,-0.5075296,0.06652827,-0.99296147,2.5292876,4.6428814
2945,2026-05-11 16:15:25.058496,0.16732684,-0.5075296,0.06652827,-0.99296147,2.5292876,4.6428814
2946,2026-05-11 16:15:25.061366,0.8365732,-0.37983924,0.13037346,-0.99296147,2.5292876,4.6428814
2947,2026-05-11 16:15:25.064175,0.8365732,-0.37983924,0.13037346,-0.99296147,2.5292876,4.6428814
2948,2026-05-11 16:15:25.067520,0.8365732,-0.37983924,0.13037346,0.6965391,0.89858276,4.89074
2949,2026-05-11 16:15:25.070335,1.5091734,-0.13964228,-0.42276856,0.6965391,0.89858276,4.89074
2950,2026-05-11 16:15:25.073064,1.5091734,-0.13964228,-0.42276856,-0.1872302,1.6230689,4.8154507
2951,2026-05-11 16:15:25.075732,1.5091734,-0.13964228,-0.42276856,-0.1872302,1.6230689,4.8154507
2952,2026-05-11 16:15:25.078337,1.1743977,-0.105920814,-0.62704873,-0.1872302,1.6230689,4.8154507
2953,2026-05-11 16:15:25.080896,1.1743977,-0.105920814,-0.62704873,-0.1872302,1.6230689,4.8154507
2954,2026-05-11 16:15:25.084123,1.1743977,-0.105920814,-0.62704873,-1.0679451,2.0987802,5.106528
2955,2026-05-11 16:15:25.086860,1.1743977,-0.105920814,-0.62704873,-1.0679451,2.0987802,5.106528
2956,2026-05-11 16:15:25.089717,1.1743977,-0.105920814,-0.62704873,-1.824349,2.2169826,5.530621
2957,2026-05-11 16:15:25.092494,1.1743977,-0.105920814,-0.62704873,-1.824349,2.2169826,5.530621
2958,2026-05-11 16:15:25.095158,1.1743977,-0.105920814,-0.62704873,-1.824349,2.2169826,5.530621
2959,2026-05-11 16:15:25.098003,1.326053,-0.17519315,-0.13000758,-1.824349,2.2169826,5.530621
2960,2026-05-11 16:15:25.101277,1.326053,-0.17519315,-0.13000758,-1.824349,2.2169826,5.530621
2961,2026-05-11 16:15:25.104066,1.326053,-0.17519315,-0.13000758,-1.824349,2.2169826,5.530621
2962,2026-05-11 16:15:25.106666,1.326053,-0.17519315,-0.13000758,-1.824349,2.2169826,5.530621
2963,2026-05-11 16:15:25.109476,1.5296015,-0.1612899,0.030550564,-1.9120082,1.4928019,6.073222
2964,2026-05-11 16:15:25.112123,1.5296015,-0.1612899,0.030550564,-1.9120082,1.4928019,6.073222
2965,2026-05-11 16:15:25.115126,1.5296015,-0.1612899,0.030550564,-1.9120082,1.4928019,6.073222
2966,2026-05-11 16:15:25.117979,1.5296015,-0.1612899,0.030550564,-1.9120082,1.4928019,6.073222
2967,2026-05-11 16:15:25.120639,1.7324183,-0.10665256,0.11817763,-1.9120082,1.4928019,6.073222
2968,2026-05-11 16:15:25.123412,1.7324183,-0.10665256,0.11817763,-1.5705346,1.1812607,5.932418
2969,2026-05-11 16:15:25.126084,1.7324183,-0.10665256,0.11817763,-1.5705346,1.1812607,5.932418
2970,2026-05-11 16:15:25.128970,1.7543095,-0.11317733,0.1411058,-1.5705346,1.1812607,5.932418
2971,2026-05-11 16:15:25.131642,1.7543095,-0.11317733,0.1411058,-1.5705346,1.1812607,5.932418
2972,2026-05-11 16:15:25.134873,1.5978981,-0.14324006,0.043539125,-0.0076358155,0.53130007,5.4235673
2973,2026-05-11 16:15:25.137662,1.5978981,-0.14324006,0.043539125,-0.0076358155,0.53130007,5.4235673
2974,2026-05-11 16:15:25.140602,1.2580001,-0.038538832,-0.50185853,-0.0076358155,0.53130007,5.4235673
2975,2026-05-11 16:15:25.143383,1.7726644,0.14641099,-0.47643024,-1.2108877,0.17531833,6.3250513
2976,2026-05-11 16:15:25.145981,1.7726644,0.14641099,-0.47643024,-1.2108877,0.17531833,6.3250513
2977,2026-05-11 16:15:25.148735,2.3356242,0.784375,0.51679844,-1.2108877,0.17531833,6.3250513
2978,2026-05-11 16:15:25.151959,2.3356242,0.784375,0.51679844,-1.2108877,0.17531833,6.3250513
2979,2026-05-11 16:15:25.154718,2.2076287,0.8901129,0.84450054,-1.2108877,0.17531833,6.3250513
2980,2026-05-11 16:15:25.157413,2.2076287,0.8901129,0.84450054,-1.2108877,0.17531833,6.3250513
2981,2026-05-11 16:15:25.160104,2.2076287,0.8901129,0.84450054,-2.3388503,0.24617869,3.3750305
2982,2026-05-11 16:15:25.162876,2.2076287,0.8901129,0.84450054,1.2854131,-0.74372846,2.2036965
2983,2026-05-11 16:15:25.166347,1.7232714,0.9924969,1.5217961,1.2854131,-0.74372846,2.2036965
2984,2026-05-11 16:15:25.169359,1.7232714,0.9924969,1.5217961,1.2854131,-0.74372846,2.2036965
2985,2026-05-11 16:15:25.172004,1.7232714,0.9924969,1.5217961,1.2854131,-0.74372846,2.2036965
2986,2026-05-11 16:15:25.174685,1.7747988,0.9311519,1.1785444,1.2854131,-0.74372846,2.2036965
2987,2026-05-11 16:15:25.177483,1.7747988,0.9311519,1.1785444,1.2854131,-0.74372846,2.2036965
2988,2026-05-11 16:15:25.180144,1.7747988,0.9311519,1.1785444,2.791807,-0.79458296,1.6895006
2989,2026-05-11 16:15:25.183307,1.7747988,0.9311519,1.1785444,2.791807,-0.79458296,1.6895006
2990,2026-05-11 16:15:25.186087,1.7747988,0.9311519,1.1785444,2.791807,-0.79458296,1.6895006
2991,2026-05-11 16:15:25.188943,1.82968,0.9466406,0.44661143,3.2986724,-0.1994475,0.6953174
2992,2026-05-11 16:15:25.191690,1.82968,0.9466406,0.44661143,3.2986724,-0.1994475,0.6953174
2993,2026-05-11 16:15:25.194443,1.82968,0.9466406,0.44661143,3.2986724,-0.1994475,0.6953174
2994,2026-05-11 16:15:25.197049,1.82968,0.9466406,0.44661143,3.2986724,-0.1994475,0.6953174
2995,2026-05-11 16:15:25.200118,1.82968,0.9466406,0.44661143,3.2986724,-0.1994475,0.6953174
2996,2026-05-11 16:15:25.202975,1.82968,0.9466406,0.44661143,3.2986724,-0.1994475,0.6953174
2997,2026-05-11 16:15:25.205779,1.82968,0.9466406,0.44661143,3.2986724,-0.1994475,0.6953174
2998,2026-05-11 16:15:25.208454,1.82968,0.9466406,0.44661143,3.2986724,-0.1994475,0.6953174
2999,2026-05-11 16:15:25.211077,1.82968,0.9466406,0.44661143,3.2986724,-0.1994475,0.6953174
3000,2026-05-11 16:15:25.213909,1.82968,0.9466406,0.44661143,3.2986724,-0.1994475,0.6953174
3001,2026-05-11 16:15:25.216810,1.82968,0.9466406,0.44661143,3.2986724,-0.1994475,0.6953174
3002,2026-05-11 16:15:25.219689,1.82968,0.9466406,0.44661143,3.2986724,-0.1994475,0.6953174
3003,2026-05-11 16:15:25.222361,2.2633638,0.8511472,0.7396773,3.2986724,-0.1994475,0.6953174
3004,2026-05-11 16:15:25.224952,2.2633638,0.8511472,0.7396773,3.2986724,-0.1994475,0.6953174
3005,2026-05-11 16:15:25.227670,2.5072803,0.8291947,0.7634592,3.2986724,-0.1994475,0.6953174
3006,2026-05-11 16:15:25.230413,2.5072803,0.8291947,0.7634592,3.5283577,-0.14156802,-0.39522982
3007,2026-05-11 16:15:25.233518,2.5072803,0.8291947,0.7634592,3.5283577,-0.14156802,-0.39522982
3008,2026-05-11 16:15:25.236326,2.5072803,0.8291947,0.7634592,3.5283577,-0.14156802,-0.39522982
3009,2026-05-11 16:15:25.238978,2.7150364,0.7315671,0.6218656,3.5283577,-0.14156802,-0.39522982
3010,2026-05-11 16:15:25.241634,2.7150364,0.7315671,0.6218656,3.7690387,-0.35705075,-1.0694723
3011,2026-05-11 16:15:25.244421,2.7150364,0.7315671,0.6218656,3.7690387,-0.35705075,-1.0694723
3012,2026-05-11 16:15:25.247033,2.7150364,0.7315671,0.6218656,3.7690387,-0.35705075,-1.0694723
3013,2026-05-11 16:15:25.250154,2.7150364,0.7315671,0.6218656,3.7690387,-0.35705075,-1.0694723
3014,2026-05-11 16:15:25.252949,2.7150364,0.7315671,0.6218656,3.7690387,-0.35705075,-1.0694723
3015,2026-05-11 16:15:25.255559,2.7150364,0.7315671,0.6218656,3.7690387,-0.35705075,-1.0694723
3016,2026-05-11 16:15:25.258415,2.9688928,0.14641099,1.9927992,3.0862439,-0.00045814895,-3.2383494
3017,2026-05-11 16:15:25.261105,2.9688928,0.14641099,1.9927992,3.0862439,-0.00045814895,-3.2383494
3018,2026-05-11 16:15:25.263832,2.9688928,0.14641099,1.9927992,3.0862439,-0.00045814895,-3.2383494
3019,2026-05-11 16:15:25.266744,2.9688928,0.14641099,1.9927992,3.0862439,-0.00045814895,-3.2383494
3020,2026-05-11 16:15:25.269509,2.9688928,0.14641099,1.9927992,3.0862439,-0.00045814895,-3.2383494
3021,2026-05-11 16:15:25.272224,2.9688928,0.14641099,1.9927992,3.0862439,-0.00045814895,-3.2383494
3022,2026-05-11 16:15:25.275121,3.0483487,0.07335794,2.0338383,3.0862439,-0.00045814895,-3.2383494
3023,2026-05-11 16:15:25.277940,3.0483487,0.07335794,2.0338383,4.3719625,0.092240654,-3.8727329
3024,2026-05-11 16:15:25.280542,3.0483487,0.07335794,2.0338383,4.3719625,0.092240654,-3.8727329
3025,2026-05-11 16:15:25.283603,3.0828018,0.03823394,1.926271,4.3719625,0.092240654,-3.8727329
3026,2026-05-11 16:15:25.286425,3.001212,0.040551145,1.7662616,4.3719625,0.092240654,-3.8727329
3027,2026-05-11 16:15:25.289073,3.001212,0.040551145,1.7662616,4.767498,0.064599,-4.267199
3028,2026-05-11 16:15:25.291670,3.001212,0.040551145,1.7662616,4.767498,0.064599,-4.267199
3029,2026-05-11 16:15:25.294345,3.001212,0.040551145,1.7662616,4.767498,0.064599,-4.267199
3030,2026-05-11 16:15:25.296927,3.001212,0.040551145,1.7662616,4.767498,0.064599,-4.267199
3031,2026-05-11 16:15:25.299964,3.001212,0.040551145,1.7662616,4.767498,0.064599,-4.267199
3032,2026-05-11 16:15:25.302651,2.8382754,0.023598937,1.5158201,4.767498,0.064599,-4.267199
3033,2026-05-11 16:15:25.305443,2.8382754,0.023598937,1.5158201,4.886922,0.15653422,-4.6999974
3034,2026-05-11 16:15:25.308284,2.8382754,0.023598937,1.5158201,4.886922,0.15653422,-4.6999974
3035,2026-05-11 16:15:25.311156,2.8382754,0.023598937,1.5158201,4.886922,0.15653422,-4.6999974
3036,2026-05-11 16:15:25.313793,2.8382754,0.023598937,1.5158201,4.886922,0.15653422,-4.6999974
3037,2026-05-11 16:15:25.317002,2.8382754,0.023598937,1.5158201,4.886922,0.15653422,-4.6999974
3038,2026-05-11 16:15:25.319811,2.8382754,0.023598937,1.5158201,4.886922,0.15653422,-4.6999974
3039,2026-05-11 16:15:25.322584,2.8382754,0.023598937,1.5158201,4.886922,0.15653422,-4.6999974
3040,2026-05-11 16:15:25.325327,2.8382754,0.023598937,1.5158201,4.886922,0.15653422,-4.6999974
3041,2026-05-11 16:15:25.328178,2.8382754,0.023598937,1.5158201,4.886922,0.15653422,-4.6999974
3042,2026-05-11 16:15:25.331706,2.8382754,0.023598937,1.5158201,4.464967,0.5876524,-5.0588803
3043,2026-05-11 16:15:25.335177,2.6939378,0.0022562293,1.264464,4.464967,0.5876524,-5.0588803
3044,2026-05-11 16:15:25.338275,2.6939378,0.0022562293,1.264464,4.464967,0.5876524,-5.0588803
3045,2026-05-11 16:15:25.341350,2.6939378,0.0022562293,1.264464,4.464967,0.5876524,-5.0588803
3046,2026-05-11 16:15:25.344252,2.6939378,0.0022562293,1.264464,4.464967,0.5876524,-5.0588803
3047,2026-05-11 16:15:25.347187,2.6939378,0.0022562293,1.264464,3.9993348,1.016327,-5.256343
3048,2026-05-11 16:15:25.350822,2.6939378,0.0022562293,1.264464,3.9993348,1.016327,-5.256343
3049,2026-05-11 16:15:25.353996,2.61125,-0.10598179,1.1786054,3.5811975,1.4547756,-5.4918313
3050,2026-05-11 16:15:25.356796,2.61125,-0.10598179,1.1786054,3.5811975,1.4547756,-5.4918313
3051,2026-05-11 16:15:25.359698,2.4155068,-0.22001283,1.229645,3.333339,1.7993035,-5.7797017
3052,2026-05-11 16:15:25.362521,2.4155068,-0.22001283,1.229645,3.333339,1.7993035,-5.7797017
3053,2026-05-11 16:15:25.365952,1.7966902,-0.60966974,1.1360419,3.8322632,1.5457945,-6.073986
3054,2026-05-11 16:15:25.368888,1.7966902,-0.60966974,1.1360419,4.0425534,1.3944527,-6.149122
3055,2026-05-11 16:15:25.371547,1.7966902,-0.60966974,1.1360419,4.0425534,1.3944527,-6.149122
3056,2026-05-11 16:15:25.374330,1.7966902,-0.60966974,1.1360419,4.0425534,1.3944527,-6.149122
3057,2026-05-11 16:15:25.376983,1.7966902,-0.60966974,1.1360419,4.0425534,1.3944527,-6.149122
3058,2026-05-11 16:15:25.379770,1.6500354,-0.68046653,1.0612814,4.0425534,1.3944527,-6.149122
3059,2026-05-11 16:15:25.383060,1.6500354,-0.68046653,1.0612814,4.0425534,1.3944527,-6.149122
3060,2026-05-11 16:15:25.385906,1.6500354,-0.68046653,1.0612814,4.0425534,1.3944527,-6.149122
3061,2026-05-11 16:15:25.388867,1.6500354,-0.68046653,1.0612814,4.0425534,1.3944527,-6.149122
3062,2026-05-11 16:15:25.391606,1.2898923,-0.8102912,0.6782713,4.0425534,1.3944527,-6.149122
3063,2026-05-11 16:15:25.394236,1.2898923,-0.8102912,0.6782713,4.0425534,1.3944527,-6.149122
3064,2026-05-11 16:15:25.396955,1.2898923,-0.8102912,0.6782713,4.0425534,1.3944527,-6.149122
3065,2026-05-11 16:15:25.400071,1.2898923,-0.8102912,0.6782713,4.0425534,1.3944527,-6.149122
3066,2026-05-11 16:15:25.402818,1.2898923,-0.8102912,0.6782713,4.0425534,1.3944527,-6.149122
3067,2026-05-11 16:15:25.405386,1.2898923,-0.8102912,0.6782713,4.0425534,1.3944527,-6.149122
3068,2026-05-11 16:15:25.408257,1.2898923,-0.8102912,0.6782713,4.0425534,1.3944527,-6.149122
3069,2026-05-11 16:15:25.410962,1.2898923,-0.8102912,0.6782713,4.0425534,1.3944527,-6.149122
3070,2026-05-11 16:15:25.413787,1.2898923,-0.8102912,0.6782713,4.0425534,1.3944527,-6.149122
3071,2026-05-11 16:15:25.416914,1.2898923,-0.8102912,0.6782713,3.7965274,1.3159565,-5.9612813
3072,2026-05-11 16:15:25.419742,1.2217176,-0.8586477,0.6170482,3.7965274,1.3159565,-5.9612813
3073,2026-05-11 16:15:25.422508,1.2217176,-0.8586477,0.6170482,3.7965274,1.3159565,-5.9612813
3074,2026-05-11 16:15:25.425271,1.0414633,-0.94566494,0.49191895,3.21758,1.4251486,-5.524207
3075,2026-05-11 16:15:25.428059,0.8343169,-1.0497563,0.4226466,3.1042645,1.3681854,-5.290093
3076,2026-05-11 16:15:25.430889,0.8343169,-1.0497563,0.4226466,3.1042645,1.3681854,-5.290093
3077,2026-05-11 16:15:25.434096,0.8343169,-1.0497563,0.4226466,3.0863967,1.3300064,-4.927697
3078,2026-05-11 16:15:25.436828,0.8343169,-1.0497563,0.4226466,3.0863967,1.3300064,-4.927697
3079,2026-05-11 16:15:25.439667,0.649855,-1.0798801,0.43252525,3.1586316,1.2851077,-4.690223
3080,2026-05-11 16:15:25.442336,0.649855,-1.0798801,0.43252525,3.5581374,1.1049025,-4.1016545
3081,2026-05-11 16:15:25.445095,0.5175912,-1.0801849,0.45246542,3.5581374,1.1049025,-4.1016545
3082,2026-05-11 16:15:25.447838,0.5175912,-1.0801849,0.45246542,3.5581374,1.1049025,-4.1016545
3083,2026-05-11 16:15:25.450982,0.5175912,-1.0801849,0.45246542,3.5581374,1.1049025,-4.1016545
3084,2026-05-11 16:15:25.453828,0.456612,-1.0953687,0.4463675,3.5581374,1.1049025,-4.1016545
3085,2026-05-11 16:15:25.456576,0.456612,-1.0953687,0.4463675,4.0059013,0.8784242,-3.6603045
3086,2026-05-11 16:15:25.459255,0.456612,-1.0953687,0.4463675,4.0059013,0.8784242,-3.6603045
3087,2026-05-11 16:15:25.461973,0.456612,-1.0953687,0.4463675,4.404949,0.68386364,-3.3443346
3088,2026-05-11 16:15:25.475943,0.456612,-1.0953687,0.4463675,4.404949,0.68386364,-3.3443346
3089,2026-05-11 16:15:25.491574,0.456612,-1.0953687,0.4463675,4.404949,0.68386364,-3.3443346
3090,2026-05-11 16:15:25.495748,0.456612,-1.0953687,0.4463675,4.404949,0.68386364,-3.3443346
3091,2026-05-11 16:15:25.502541,0.456612,-1.0953687,0.4463675,4.404949,0.68386364,-3.3443346
3092,2026-05-11 16:15:25.505408,0.456612,-1.0953687,0.4463675,4.404949,0.68386364,-3.3443346
3093,2026-05-11 16:15:25.508495,0.456612,-1.0953687,0.4463675,4.404949,0.68386364,-3.3443346
3094,2026-05-11 16:15:25.511303,0.456612,-1.0953687,0.4463675,4.404949,0.68386364,-3.3443346
3095,2026-05-11 16:15:25.514003,0.456612,-1.0953687,0.4463675,4.404949,0.68386364,-3.3443346
3096,2026-05-11 16:15:25.517036,0.39599872,-1.1370175,0.28922418,4.404949,0.68386364,-3.3443346
3097,2026-05-11 16:15:25.519826,0.39599872,-1.1370175,0.28922418,4.404949,0.68386364,-3.3443346
3098,2026-05-11 16:15:25.522632,0.39599872,-1.1370175,0.28922418,4.404949,0.68386364,-3.3443346
3099,2026-05-11 16:15:25.525500,0.39599872,-1.1370175,0.28922418,4.404949,0.68386364,-3.3443346
3100,2026-05-11 16:15:25.528156,0.39599872,-1.1370175,0.28922418,4.404949,0.68386364,-3.3443346
3101,2026-05-11 16:15:25.530846,0.39599872,-1.1370175,0.28922418,4.404949,0.68386364,-3.3443346
3102,2026-05-11 16:15:25.533919,0.39599872,-1.1370175,0.28922418,4.404949,0.68386364,-3.3443346
3103,2026-05-11 16:15:25.536665,0.3123353,-1.1262852,0.17305888,4.404949,0.68386364,-3.3443346
3104,2026-05-11 16:15:25.539451,0.3123353,-1.1262852,0.17305888,4.404949,0.68386364,-3.3443346
3105,2026-05-11 16:15:25.542280,0.3123353,-1.1262852,0.17305888,5.01444,0.112399206,-2.8675542
3106,2026-05-11 16:15:25.544981,0.3123353,-1.1262852,0.17305888,5.01444,0.112399206,-2.8675542
3107,2026-05-11 16:15:25.547743,-0.19513334,-1.0351824,-0.07799236,5.01444,0.112399206,-2.8675542
3108,2026-05-11 16:15:25.550939,-0.19513334,-1.0351824,-0.07799236,5.01444,0.112399206,-2.8675542
3109,2026-05-11 16:15:25.553568,-0.19513334,-1.0351824,-0.07799236,5.01444,0.112399206,-2.8675542
3110,2026-05-11 16:15:25.556237,-0.19513334,-1.0351824,-0.07799236,5.01444,0.112399206,-2.8675542
3111,2026-05-11 16:15:25.558865,-0.19513334,-1.0351824,-0.07799236,5.01444,0.112399206,-2.8675542
3112,2026-05-11 16:15:25.561696,-0.41740242,-0.9820695,-0.193182,5.01444,0.112399206,-2.8675542
3113,2026-05-11 16:15:25.564330,-0.41740242,-0.9820695,-0.193182,5.01444,0.112399206,-2.8675542
3114,2026-05-11 16:15:25.567397,-0.41740242,-0.9820695,-0.193182,4.491692,-0.5502369,-1.3697126
3115,2026-05-11 16:15:25.570273,-0.41740242,-0.9820695,-0.193182,4.491692,-0.5502369,-1.3697126
3116,2026-05-11 16:15:25.572890,-0.41740242,-0.9820695,-0.193182,4.491692,-0.5502369,-1.3697126
3117,2026-05-11 16:15:25.575515,-0.41740242,-0.9820695,-0.193182,4.491692,-0.5502369,-1.3697126
3118,2026-05-11 16:15:25.578250,-0.41740242,-0.9820695,-0.193182,4.491692,-0.5502369,-1.3697126
3119,2026-05-11 16:15:25.580865,-0.56661844,-0.9303591,-0.2622714,4.491692,-0.5502369,-1.3697126
3120,2026-05-11 16:15:25.583906,-0.56661844,-0.9303591,-0.2622714,3.8602102,-0.11102476,-0.8791878
3121,2026-05-11 16:15:25.586623,-0.56661844,-0.9303591,-0.2622714,3.8602102,-0.11102476,-0.8791878
3122,2026-05-11 16:15:25.589271,-0.56661844,-0.9303591,-0.2622714,3.8602102,-0.11102476,-0.8791878
3123,2026-05-11 16:15:25.591852,-0.56661844,-0.9303591,-0.2622714,3.8602102,-0.11102476,-0.8791878
3124,2026-05-11 16:15:25.594668,-0.56661844,-0.9303591,-0.2622714,3.1661146,0.2759584,-0.38912117
3125,2026-05-11 16:15:25.597653,-0.72937185,-0.8543791,-0.36203334,3.1661146,0.2759584,-0.38912117
3126,2026-05-11 16:15:25.600904,-0.82785314,-0.81004727,-0.41392657,2.3241894,0.7492262,0.22311853
3127,2026-05-11 16:15:25.603624,-0.8352316,-0.7912047,-0.3919741,2.3241894,0.7492262,0.22311853
3128,2026-05-11 16:15:25.606422,-0.8352316,-0.7912047,-0.3919741,2.3241894,0.7492262,0.22311853
3129,2026-05-11 16:15:25.609148,-0.8352316,-0.7912047,-0.3919741,1.444849,1.2753339,0.9640981
3130,2026-05-11 16:15:25.611802,-0.8352316,-0.7912047,-0.3919741,1.444849,1.2753339,0.9640981
3131,2026-05-11 16:15:25.614549,-0.8352316,-0.7912047,-0.3919741,1.444849,1.2753339,0.9640981
3132,2026-05-11 16:15:25.617490,-0.8352316,-0.7912047,-0.3919741,1.444849,1.2753339,0.9640981
3133,2026-05-11 16:15:25.620284,-0.80559576,-0.79108274,-0.34995946,0.95188075,1.6247488,1.4485142
3134,2026-05-11 16:15:25.622866,-0.80559576,-0.79108274,-0.34995946,0.95188075,1.6247488,1.4485142
3135,2026-05-11 16:15:25.625589,-0.80559576,-0.79108274,-0.34995946,0.95188075,1.6247488,1.4485142
3136,2026-05-11 16:15:25.628365,-0.66479486,-0.78699714,-0.24373372,0.95188075,1.6247488,1.4485142
3137,2026-05-11 16:15:25.631012,-0.66479486,-0.78699714,-0.24373372,0.95188075,1.6247488,1.4485142
3138,2026-05-11 16:15:25.634147,-0.66479486,-0.78699714,-0.24373372,0.12644911,2.3051,2.4694228
3139,2026-05-11 16:15:25.637023,-0.66479486,-0.78699714,-0.24373372,0.12644911,2.3051,2.4694228
3140,2026-05-11 16:15:25.639778,-0.66479486,-0.78699714,-0.24373372,0.12644911,2.3051,2.4694228
3141,2026-05-11 16:15:25.642662,-0.51856685,-0.77760637,-0.18183987,0.12644911,2.3051,2.4694228
3142,2026-05-11 16:15:25.645363,-0.51856685,-0.77760637,-0.18183987,-0.36392298,2.7608054,3.2895093
3143,2026-05-11 16:15:25.647995,-0.51856685,-0.77760637,-0.18183987,-0.36392298,2.7608054,3.2895093
3144,2026-05-11 16:15:25.651195,-0.51856685,-0.77760637,-0.18183987,-0.36392298,2.7608054,3.2895093
3145,2026-05-11 16:15:25.653882,-0.51856685,-0.77760637,-0.18183987,-0.36392298,2.7608054,3.2895093
3146,2026-05-11 16:15:25.656739,-0.51856685,-0.77760637,-0.18183987,-0.36392298,2.7608054,3.2895093
3147,2026-05-11 16:15:25.659480,-0.51856685,-0.77760637,-0.18183987,-0.36392298,2.7608054,3.2895093
3148,2026-05-11 16:15:25.662130,-0.51856685,-0.77760637,-0.18183987,-0.36392298,2.7608054,3.2895093
3149,2026-05-11 16:15:25.664989,-0.51856685,-0.77760637,-0.18183987,-0.36392298,2.7608054,3.2895093
3150,2026-05-11 16:15:25.668069,-0.51856685,-0.77760637,-0.18183987,-0.36392298,2.7608054,3.2895093
3151,2026-05-11 16:15:25.670952,-0.3327633,-0.7824237,-0.11634825,-0.36392298,2.7608054,3.2895093
3152,2026-05-11 16:15:25.673796,-0.3327633,-0.7824237,-0.11634825,-0.7078401,3.0184379,4.071875
3153,2026-05-11 16:15:25.676557,-0.068479605,-0.7824237,-0.030062728,-0.8773552,3.0836477,4.665178
3154,2026-05-11 16:15:25.679218,-0.068479605,-0.7824237,-0.030062728,-0.8773552,3.0836477,4.665178
3155,2026-05-11 16:15:25.682017,-0.068479605,-0.7824237,-0.030062728,-0.8773552,3.0836477,4.665178
3156,2026-05-11 16:15:25.685431,0.6161945,-0.7079681,0.14031307,-0.8454375,2.8174632,5.729916
3157,2026-05-11 16:15:25.688145,0.6161945,-0.7079681,0.14031307,-0.8454375,2.8174632,5.729916
3158,2026-05-11 16:15:25.690880,0.6161945,-0.7079681,0.14031307,-0.77686787,2.7638597,5.843995
3159,2026-05-11 16:15:25.693572,0.6161945,-0.7079681,0.14031307,-0.77686787,2.7638597,5.843995
3160,2026-05-11 16:15:25.696400,0.6161945,-0.7079681,0.14031307,-0.77686787,2.7638597,5.843995
3161,2026-05-11 16:15:25.699961,0.67955184,-0.6991871,0.15324064,-0.77686787,2.7638597,5.843995
3162,2026-05-11 16:15:25.702801,0.94054264,-0.6524161,0.19293809,-0.77686787,2.7638597,5.843995
3163,2026-05-11 16:15:25.705579,0.94054264,-0.6524161,0.19293809,-0.56428677,2.789058,6.046497
3164,2026-05-11 16:15:25.708329,0.94054264,-0.6524161,0.19293809,-0.56428677,2.789058,6.046497
3165,2026-05-11 16:15:25.711018,0.94054264,-0.6524161,0.19293809,-0.56428677,2.789058,6.046497
3166,2026-05-11 16:15:25.713713,0.94054264,-0.6524161,0.19293809,-0.56428677,2.789058,6.046497
3167,2026-05-11 16:15:25.716788,0.94054264,-0.6524161,0.19293809,-0.54137933,3.0184379,6.188065
3168,2026-05-11 16:15:25.719512,0.94054264,-0.6524161,0.19293809,-0.54137933,3.0184379,6.188065
3169,2026-05-11 16:15:25.722107,0.94054264,-0.6524161,0.19293809,-0.54137933,3.0184379,6.188065
3170,2026-05-11 16:15:25.724935,1.0000583,-0.61765796,0.19373082,-0.54137933,3.0184379,6.188065
3171,2026-05-11 16:15:25.727579,1.0000583,-0.61765796,0.19373082,-0.54137933,3.0184379,6.188065
3172,2026-05-11 16:15:25.730191,0.9970704,-0.608938,0.20153615,-0.54137933,3.0184379,6.188065
3173,2026-05-11 16:15:25.733206,0.9970704,-0.608938,0.20153615,-0.54137933,3.0184379,6.188065
3174,2026-05-11 16:15:25.736191,0.9970704,-0.608938,0.20153615,-0.6046039,3.2817209,6.336047
3175,2026-05-11 16:15:25.738876,0.9970704,-0.608938,0.20153615,-0.6046039,3.2817209,6.336047
3176,2026-05-11 16:15:25.741469,0.9970704,-0.608938,0.20153615,-0.6046039,3.2817209,6.336047
3177,2026-05-11 16:15:25.744155,0.9970704,-0.608938,0.20153615,-0.6046039,3.2817209,6.336047
3178,2026-05-11 16:15:25.746766,0.9970704,-0.608938,0.20153615,-0.6046039,3.2817209,6.336047
3179,2026-05-11 16:15:25.749930,0.98816746,-0.61387724,0.26086888,-0.8187121,3.8634171,6.668358
3180,2026-05-11 16:15:25.753528,0.98816746,-0.61387724,0.26086888,-0.8187121,3.8634171,6.668358
3181,2026-05-11 16:15:25.756366,1.1196995,-0.5721066,0.36081374,-0.903317,4.1679335,6.902319
3182,2026-05-11 16:15:25.759033,1.1196995,-0.5721066,0.36081374,-0.903317,4.1679335,6.902319
3183,2026-05-11 16:15:25.761706,1.1196995,-0.5721066,0.36081374,-0.903317,4.1679335,6.902319
3184,2026-05-11 16:15:25.764432,1.1196995,-0.5721066,0.36081374,-0.903317,4.1679335,6.902319
3185,2026-05-11 16:15:25.767955,1.2650129,-0.52826256,0.386364,-0.903317,4.1679335,6.902319
3186,2026-05-11 16:15:25.770933,1.2650129,-0.52826256,0.386364,-0.83184576,4.196186,6.8988066
3187,2026-05-11 16:15:25.773618,1.2650129,-0.52826256,0.386364,-0.83184576,4.196186,6.8988066
3188,2026-05-11 16:15:25.776399,1.5850315,-0.3706314,0.3943523,-0.83184576,4.196186,6.8988066
3189,2026-05-11 16:15:25.779077,1.5850315,-0.3706314,0.3943523,-0.83184576,4.196186,6.8988066
3190,2026-05-11 16:15:25.781933,1.5850315,-0.3706314,0.3943523,-0.83184576,4.196186,6.8988066
3191,2026-05-11 16:15:25.785069,1.5850315,-0.3706314,0.3943523,-0.83184576,4.196186,6.8988066
3192,2026-05-11 16:15:25.787713,1.5850315,-0.3706314,0.3943523,-0.5766568,3.9816196,6.6384254
3193,2026-05-11 16:15:25.790635,1.7848603,0.27086946,-0.29641974,0.07192938,2.185065,4.226882
3194,2026-05-11 16:15:25.793384,1.7848603,0.27086946,-0.29641974,0.07192938,2.185065,4.226882
3195,2026-05-11 16:15:25.796061,1.7848603,0.27086946,-0.29641974,0.07192938,2.185065,4.226882
3196,2026-05-11 16:15:25.799388,1.7848603,0.27086946,-0.29641974,0.07192938,2.185065,4.226882
3197,2026-05-11 16:15:25.802287,1.7848603,0.27086946,-0.29641974,0.07192938,2.185065,4.226882
3198,2026-05-11 16:15:25.805020,1.5079539,0.3802661,-0.43984273,0.07192938,2.185065,4.226882
3199,2026-05-11 16:15:25.807735,1.5079539,0.3802661,-0.43984273,0.07192938,2.185065,4.226882
3200,2026-05-11 16:15:25.810677,2.1243923,0.47106406,0.7809602,-2.845105,2.1636846,4.9362493
3201,2026-05-11 16:15:25.813269,2.1243923,0.47106406,0.7809602,-2.845105,2.1636846,4.9362493
3202,2026-05-11 16:15:25.816235,2.1243923,0.47106406,0.7809602,-2.5659394,2.417194,4.4067817
3203,2026-05-11 16:15:25.819197,2.4706318,0.6449767,0.81980395,-2.5659394,2.417194,4.4067817
3204,2026-05-11 16:15:25.822096,2.4706318,0.6449767,0.81980395,-2.5659394,2.417194,4.4067817
3205,2026-05-11 16:15:25.824833,2.511366,0.8494398,0.68516195,-2.1700988,2.1691825,3.702607
3206,2026-05-11 16:15:25.827535,2.3000731,0.9599951,0.8627943,-2.1700988,2.1691825,3.702607
3207,2026-05-11 16:15:25.830223,2.3000731,0.9599951,0.8627943,-1.9190332,1.4503468,3.3872478
3208,2026-05-11 16:15:25.833298,2.3000731,0.9599951,0.8627943,-1.9190332,1.4503468,3.3872478
3209,2026-05-11 16:15:25.836059,2.3000731,0.9599951,0.8627943,-1.9190332,1.4503468,3.3872478
3210,2026-05-11 16:15:25.838900,2.3000731,0.9599951,0.8627943,-1.9190332,1.4503468,3.3872478
3211,2026-05-11 16:15:25.841647,2.3000731,0.9599951,0.8627943,-1.9190332,1.4503468,3.3872478
3212,2026-05-11 16:15:25.844372,2.3000731,0.9599951,0.8627943,-1.9190332,1.4503468,3.3872478
3213,2026-05-11 16:15:25.847091,2.148479,1.0357921,1.2134244,-1.9190332,1.4503468,3.3872478
3214,2026-05-11 16:15:25.850160,2.148479,1.0357921,1.2134244,-1.45783,0.6267477,3.3024902
3215,2026-05-11 16:15:25.852988,2.148479,1.0357921,1.2134244,-1.45783,0.6267477,3.3024902
3216,2026-05-11 16:15:25.855630,2.148479,1.0357921,1.2134244,-1.45783,0.6267477,3.3024902
3217,2026-05-11 16:15:25.858411,2.166285,0.9973143,2.1768954,-1.45783,0.6267477,3.3024902
3218,2026-05-11 16:15:25.861159,2.166285,0.9973143,2.1768954,1.0154108,-1.7131716,3.268129
3219,2026-05-11 16:15:25.863862,2.166285,0.9973143,2.1768954,1.0154108,-1.7131716,3.268129
3220,2026-05-11 16:15:25.866966,2.166285,0.9973143,2.1768954,1.0154108,-1.7131716,3.268129
3221,2026-05-11 16:15:25.869919,2.4195924,0.90621144,2.3928835,1.0154108,-1.7131716,3.268129
3222,2026-05-11 16:15:25.872620,2.4195924,0.90621144,2.3928835,1.0154108,-1.7131716,3.268129
3223,2026-05-11 16:15:25.875522,2.8572397,0.8198649,2.2181172,5.3244543,-2.8341093,2.7925704
3224,2026-05-11 16:15:25.878276,2.8572397,0.8198649,2.2181172,5.3244543,-2.8341093,2.7925704
3225,2026-05-11 16:15:25.880964,2.8572397,0.8198649,2.2181172,5.3244543,-2.8341093,2.7925704
3226,2026-05-11 16:15:25.884313,2.8572397,0.8198649,2.2181172,5.3244543,-2.8341093,2.7925704
3227,2026-05-11 16:15:25.887185,2.8572397,0.8198649,2.2181172,5.3244543,-2.8341093,2.7925704
3228,2026-05-11 16:15:25.889994,2.8572397,0.8198649,2.2181172,5.3244543,-2.8341093,2.7925704
3229,2026-05-11 16:15:25.892728,2.8572397,0.8198649,2.2181172,7.0548825,-2.5176811,1.8321376
3230,2026-05-11 16:15:25.895395,3.237689,0.78224075,1.674732,7.0548825,-2.5176811,1.8321376
3231,2026-05-11 16:15:25.898219,3.40776,0.76339823,1.1320173,7.3183184,-2.238821,1.2713633
3232,2026-05-11 16:15:25.901555,3.5019119,0.82834107,0.49576062,7.3183184,-2.238821,1.2713633
3233,2026-05-11 16:15:25.904392,3.5019119,0.82834107,0.49576062,6.759224,-1.6895006,0.18005253
3234,2026-05-11 16:15:25.907206,3.5019119,0.82834107,0.49576062,6.759224,-1.6895006,0.18005253
3235,2026-05-11 16:15:25.909994,3.5019119,0.82834107,0.49576062,6.759224,-1.6895006,0.18005253
3236,2026-05-11 16:15:25.912722,3.5019119,0.82834107,0.49576062,5.607896,-1.3399329,-0.6983717
3237,2026-05-11 16:15:25.915886,3.5494754,0.8740144,0.3646554,5.607896,-1.3399329,-0.6983717
3238,2026-05-11 16:15:25.918949,3.562891,0.80187607,0.5105786,4.6240973,-1.039998,-1.426065
3239,2026-05-11 16:15:25.921771,3.562891,0.80187607,0.5105786,4.6240973,-1.039998,-1.426065
3240,2026-05-11 16:15:25.924571,3.5092292,0.63058555,0.75864184,3.8395934,-0.6064365,-2.0906863
3241,2026-05-11 16:15:25.927225,3.3395848,0.3100181,1.1801908,3.8395934,-0.6064365,-2.0906863
3242,2026-05-11 16:15:25.929986,3.3395848,0.3100181,1.1801908,3.196047,0.11071932,-2.9237537
3243,2026-05-11 16:15:25.933112,3.3395848,0.3100181,1.1801908,3.196047,0.11071932,-2.9237537
3244,2026-05-11 16:15:25.936000,3.2778742,0.20232888,1.3062347,3.2184963,0.2489276,-3.1677945
3245,2026-05-11 16:15:25.938601,3.2778742,0.20232888,1.3062347,3.2184963,0.2489276,-3.1677945
3246,2026-05-11 16:15:25.941258,3.2778742,0.20232888,1.3062347,3.2184963,0.2489276,-3.1677945
3247,2026-05-11 16:15:25.944055,3.2190902,0.07805333,1.4317908,3.2184963,0.2489276,-3.1677945
3248,2026-05-11 16:15:25.946813,3.2190902,0.07805333,1.4317908,3.5193474,0.069791354,-3.4694092
3249,2026-05-11 16:15:25.949851,3.2190902,0.07805333,1.4317908,3.5193474,0.069791354,-3.4694092
3250,2026-05-11 16:15:25.952553,3.2190902,0.07805333,1.4317908,3.5193474,0.069791354,-3.4694092
3251,2026-05-11 16:15:25.955487,3.2190902,0.07805333,1.4317908,3.5193474,0.069791354,-3.4694092
3252,2026-05-11 16:15:25.958195,3.1346343,-0.004817354,1.4511822,3.5193474,0.069791354,-3.4694092
3253,2026-05-11 16:15:25.960927,3.0220666,-0.04750277,1.4033746,4.2395577,-0.80649483,-4.0010147
3254,2026-05-11 16:15:25.963540,2.873948,-0.105067104,1.3276994,4.3661594,-1.0656544,-4.1858015
3255,2026-05-11 16:15:25.966549,2.873948,-0.105067104,1.3276994,4.3661594,-1.0656544,-4.1858015
3256,2026-05-11 16:15:25.969294,2.873948,-0.105067104,1.3276994,4.3661594,-1.0656544,-4.1858015
3257,2026-05-11 16:15:25.971905,2.690157,-0.1949504,1.2483045,4.3661594,-1.0656544,-4.1858015
3258,2026-05-11 16:15:25.974513,2.690157,-0.1949504,1.2483045,4.3661594,-1.0656544,-4.1858015
3259,2026-05-11 16:15:25.977151,2.690157,-0.1949504,1.2483045,4.3661594,-1.0656544,-4.1858015
3260,2026-05-11 16:15:25.979713,2.690157,-0.1949504,1.2483045,4.3661594,-1.0656544,-4.1858015
3261,2026-05-11 16:15:25.982893,2.5080123,-0.3108108,1.129944,4.1819835,-0.8181013,-4.658153
3262,2026-05-11 16:15:25.985849,2.5080123,-0.3108108,1.129944,4.1819835,-0.8181013,-4.658153
3263,2026-05-11 16:15:25.988637,2.5080123,-0.3108108,1.129944,4.1819835,-0.8181013,-4.658153
3264,2026-05-11 16:15:25.991333,2.3600159,-0.42575654,0.9618854,4.1819835,-0.8181013,-4.658153
3265,2026-05-11 16:15:25.993928,2.3600159,-0.42575654,0.9618854,4.1819835,-0.8181013,-4.658153
3266,2026-05-11 16:15:25.996634,2.3600159,-0.42575654,0.9618854,4.1819835,-0.8181013,-4.658153
3267,2026-05-11 16:15:25.999585,2.3600159,-0.42575654,0.9618854,3.9235876,-0.2929099,-4.845383
3268,2026-05-11 16:15:26.002400,2.3600159,-0.42575654,0.9618854,3.9235876,-0.2929099,-4.845383
3269,2026-05-11 16:15:26.005106,2.0945735,-0.5481417,0.8014492,3.5199583,0.41722095,-5.028032
3270,2026-05-11 16:15:26.007671,1.966944,-0.6077794,0.73217684,3.5199583,0.41722095,-5.028032
3271,2026-05-11 16:15:26.010490,1.966944,-0.6077794,0.73217684,3.5199583,0.41722095,-5.028032
3272,2026-05-11 16:15:26.013122,1.966944,-0.6077794,0.73217684,3.5199583,0.41722095,-5.028032
3273,2026-05-11 16:15:26.016131,1.966944,-0.6077794,0.73217684,3.391371,0.6214027,-5.080719
3274,2026-05-11 16:15:26.019100,1.966944,-0.6077794,0.73217684,3.1154127,1.0375546,-5.258023
3275,2026-05-11 16:15:26.021943,1.6471082,-0.696687,0.64351314,3.1154127,1.0375546,-5.258023
3276,2026-05-11 16:15:26.024673,1.0886611,-0.8215113,0.54551965,3.0456214,1.0972667,-5.379432
3277,2026-05-11 16:15:26.027415,1.0886611,-0.8215113,0.54551965,3.0288227,1.023352,-5.337282
3278,2026-05-11 16:15:26.030048,0.8750511,-0.8842589,0.48850408,3.0288227,1.023352,-5.337282
3279,2026-05-11 16:15:26.033128,0.8750511,-0.8842589,0.48850408,3.0288227,1.023352,-5.337282
3280,2026-05-11 16:15:26.036028,0.8750511,-0.8842589,0.48850408,3.0288227,1.023352,-5.337282
3281,2026-05-11 16:15:26.038795,0.7561417,-0.9053577,0.43539125,3.025921,0.77732605,-4.88906
3282,2026-05-11 16:15:26.041587,0.7561417,-0.9053577,0.43539125,3.025921,0.77732605,-4.88906
3283,2026-05-11 16:15:26.044376,0.66022146,-0.8983451,0.34837398,3.025921,0.77732605,-4.88906
3284,2026-05-11 16:15:26.047051,0.66022146,-0.8983451,0.34837398,3.025921,0.77732605,-4.88906
3285,2026-05-11 16:15:26.050000,0.66022146,-0.8983451,0.34837398,2.9921706,0.5491679,-4.4602327
3286,2026-05-11 16:15:26.052968,0.6549163,-0.8828564,0.3070301,2.9335277,0.45616361,-4.169155
3287,2026-05-11 16:15:26.055751,0.6549163,-0.8828564,0.3070301,2.9335277,0.45616361,-4.169155
3288,2026-05-11 16:15:26.058504,0.6549163,-0.8828564,0.3070301,2.9335277,0.45616361,-4.169155
3289,2026-05-11 16:15:26.061131,0.6549163,-0.8828564,0.3070301,2.9335277,0.45616361,-4.169155
3290,2026-05-11 16:15:26.063892,0.6549163,-0.8828564,0.3070301,2.869234,0.4089743,-3.8421898
3291,2026-05-11 16:15:26.066864,0.6549163,-0.8828564,0.3070301,2.869234,0.4089743,-3.8421898
3292,2026-05-11 16:15:26.069845,0.6716855,-0.84431756,0.21074401,2.8790078,0.4784602,-3.3394475
3293,2026-05-11 16:15:26.072465,0.6716855,-0.84431756,0.21074401,2.8790078,0.4784602,-3.3394475
3294,2026-05-11 16:15:26.075063,0.6716855,-0.84431756,0.21074401,2.8790078,0.4784602,-3.3394475
3295,2026-05-11 16:15:26.077956,0.7322988,-0.8076691,0.16049717,2.9266553,0.50869805,-3.0987666
3296,2026-05-11 16:15:26.080715,0.7996808,-0.77358174,0.12921485,2.9622383,0.44730607,-3.0016391
3297,2026-05-11 16:15:26.083998,0.7996808,-0.77358174,0.12921485,2.9622383,0.44730607,-3.0016391
3298,2026-05-11 16:15:26.086818,0.7996808,-0.77358174,0.12921485,2.9622383,0.44730607,-3.0016391
3299,2026-05-11 16:15:26.089524,0.7996808,-0.77358174,0.12921485,2.9622383,0.44730607,-3.0016391
3300,2026-05-11 16:15:26.092391,0.8330974,-0.75272685,0.042258564,3.1111367,0.19318613,-3.0448577
3301,2026-05-11 16:15:26.095024,0.8330974,-0.75272685,0.042258564,3.2010865,0.008093964,-3.1409163
3302,2026-05-11 16:15:26.097923,0.8330974,-0.75272685,0.042258564,3.2010865,0.008093964,-3.1409163
3303,2026-05-11 16:15:26.101039,0.8330974,-0.75272685,0.042258564,3.2010865,0.008093964,-3.1409163
3304,2026-05-11 16:15:26.103797,0.76339823,-0.75004375,0.0049393126,3.2716415,-0.24923302,-3.2583551
3305,2026-05-11 16:15:26.106444,0.76339823,-0.75004375,0.0049393126,3.2716415,-0.24923302,-3.2583551
3306,2026-05-11 16:15:26.109241,0.76339823,-0.75004375,0.0049393126,3.2716415,-0.24923302,-3.2583551
3307,2026-05-11 16:15:26.112129,0.4821013,-0.78986317,-0.113116354,3.2872186,-0.44303003,-3.349374
3308,2026-05-11 16:15:26.114959,0.4821013,-0.78986317,-0.113116354,3.1961997,-0.87949324,-3.4720054
3309,2026-05-11 16:15:26.117953,0.4821013,-0.78986317,-0.113116354,3.1961997,-0.87949324,-3.4720054
3310,2026-05-11 16:15:26.120592,0.4821013,-0.78986317,-0.113116354,3.1961997,-0.87949324,-3.4720054
3311,2026-05-11 16:15:26.123239,0.4821013,-0.78986317,-0.113116354,3.1961997,-0.87949324,-3.4720054
3312,2026-05-11 16:15:26.126029,0.29532212,-0.8029737,-0.14263028,3.0112603,-1.1707232,-3.4110715
3313,2026-05-11 16:15:26.128911,0.051283482,-0.8262678,-0.13439809,2.8260152,-1.5030339,-3.2209396
3314,2026-05-11 16:15:26.131609,-0.17622979,-0.8216333,-0.07927292,2.613587,-1.9825631,-2.8588493
3315,2026-05-11 16:15:26.134834,-0.17622979,-0.8216333,-0.07927292,2.613587,-1.9825631,-2.8588493
3316,2026-05-11 16:15:26.137659,-0.17622979,-0.8216333,-0.07927292,2.613587,-1.9825631,-2.8588493
3317,2026-05-11 16:15:26.140390,-0.17622979,-0.8216333,-0.07927292,2.613587,-1.9825631,-2.8588493
3318,2026-05-11 16:15:26.143074,-0.17622979,-0.8216333,-0.07927292,2.613587,-1.9825631,-2.8588493
3319,2026-05-11 16:15:26.145811,-0.3661799,-0.8014492,-0.015244792,2.4174993,-2.4772112,-2.4223862
3320,2026-05-11 16:15:26.148442,-0.3661799,-0.8014492,-0.015244792,2.4174993,-2.4772112,-2.4223862
3321,2026-05-11 16:15:26.151590,-0.3661799,-0.8014492,-0.015244792,2.21515,-2.8298333,-1.9393444
3322,2026-05-11 16:15:26.154552,-0.47319835,-0.80065644,0.048112564,2.21515,-2.8298333,-1.9393444
3323,2026-05-11 16:15:26.157200,-0.5714967,-0.8328535,0.1381788,2.21515,-2.8298333,-1.9393444
3324,2026-05-11 16:15:26.159865,-0.5714967,-0.8328535,0.1381788,2.0583105,-2.9503264,-1.5201381
3325,2026-05-11 16:15:26.162544,-0.5714967,-0.8328535,0.1381788,2.0583105,-2.9503264,-1.5201381
3326,2026-05-11 16:15:26.165462,-0.5714967,-0.8328535,0.1381788,2.0583105,-2.9503264,-1.5201381
3327,2026-05-11 16:15:26.168507,-0.6252804,-0.8701117,0.20068243,2.0583105,-2.9503264,-1.5201381
3328,2026-05-11 16:15:26.171203,-0.6252804,-0.8701117,0.20068243,2.0583105,-2.9503264,-1.5201381
3329,2026-05-11 16:15:26.173867,-0.6252804,-0.8701117,0.20068243,1.8535179,-2.8322768,-0.905455
3330,2026-05-11 16:15:26.176487,-0.6769907,-0.86627007,0.20245083,1.8535179,-2.8322768,-0.905455
3331,2026-05-11 16:15:26.179304,-0.6769907,-0.86627007,0.20245083,1.8535179,-2.8322768,-0.905455
3332,2026-05-11 16:15:26.181983,-0.6769907,-0.86627007,0.20245083,1.5528195,-2.4120014,-0.20952678
3333,2026-05-11 16:15:26.185329,-0.7149807,-0.8337681,0.1653755,1.5528195,-2.4120014,-0.20952678
3334,2026-05-11 16:15:26.188005,-0.7149807,-0.8337681,0.1653755,1.5528195,-2.4120014,-0.20952678
3335,2026-05-11 16:15:26.190697,-0.7090658,-0.81584024,0.12842213,1.105666,-1.6027577,0.57742035
3336,2026-05-11 16:15:26.193588,-0.6327199,-0.7894973,0.03433127,-0.0022907446,0.1994475,2.0630445
3337,2026-05-11 16:15:26.196235,-0.6327199,-0.7894973,0.03433127,-0.0022907446,0.1994475,2.0630445
3338,2026-05-11 16:15:26.199465,-0.5039318,-0.74821436,0.026221042,-0.5477934,0.96837413,2.7983737
3339,2026-05-11 16:15:26.202272,-0.5039318,-0.74821436,0.026221042,-0.5477934,0.96837413,2.7983737
3340,2026-05-11 16:15:26.205070,-0.5039318,-0.74821436,0.026221042,-0.5477934,0.96837413,2.7983737
3341,2026-05-11 16:15:26.207764,-0.5039318,-0.74821436,0.026221042,-0.5477934,0.96837413,2.7983737
3342,2026-05-11 16:15:26.210517,-0.5039318,-0.74821436,0.026221042,-0.82940227,1.3991868,3.3331861
3343,2026-05-11 16:15:26.213138,-0.3697167,-0.74803144,0.022379354,-0.82940227,1.3991868,3.3331861
3344,2026-05-11 16:15:26.216282,-0.3697167,-0.74803144,0.022379354,-0.82940227,1.3991868,3.3331861
3345,2026-05-11 16:15:26.219098,-0.3697167,-0.74803144,0.022379354,-0.82940227,1.3991868,3.3331861
3346,2026-05-11 16:15:26.221947,-0.3697167,-0.74803144,0.022379354,-0.82940227,1.3991868,3.3331861
3347,2026-05-11 16:15:26.224740,-0.3697167,-0.74803144,0.022379354,-0.82940227,1.3991868,3.3331861
3348,2026-05-11 16:15:26.227517,-0.2066584,-0.720042,-0.027562585,-0.82940227,1.3991868,3.3331861
3349,2026-05-11 16:15:26.230241,-0.2066584,-0.720042,-0.027562585,-0.82940227,1.3991868,3.3331861
3350,2026-05-11 16:15:26.233430,-0.2066584,-0.720042,-0.027562585,-1.0728321,1.751656,3.968639
3351,2026-05-11 16:15:26.236216,-0.2066584,-0.720042,-0.027562585,-1.0728321,1.751656,3.968639
3352,2026-05-11 16:15:26.238824,-0.2066584,-0.720042,-0.027562585,-1.0728321,1.751656,3.968639
3353,2026-05-11 16:15:26.241715,-0.2066584,-0.720042,-0.027562585,-1.0728321,1.751656,3.968639
3354,2026-05-11 16:15:26.244556,0.2013532,-0.600035,-0.28849244,-1.2137892,1.8868101,4.332867
3355,2026-05-11 16:15:26.247174,0.2013532,-0.600035,-0.28849244,-1.2137892,1.8868101,4.332867
3356,2026-05-11 16:15:26.250447,0.2013532,-0.600035,-0.28849244,-2.2479842,2.0549507,5.4652586
3357,2026-05-11 16:15:26.253324,0.2013532,-0.600035,-0.28849244,-2.2479842,2.0549507,5.4652586
3358,2026-05-11 16:15:26.256162,0.2013532,-0.600035,-0.28849244,-2.2479842,2.0549507,5.4652586
3359,2026-05-11 16:15:26.258840,0.2013532,-0.600035,-0.28849244,-2.2479842,2.0549507,5.4652586
3360,2026-05-11 16:15:26.261714,0.4220978,-0.55051994,-0.38435167,-2.2479842,2.0549507,5.4652586
3361,2026-05-11 16:15:26.264409,0.4220978,-0.55051994,-0.38435167,-2.2479842,2.0549507,5.4652586
3362,2026-05-11 16:15:26.267864,0.4220978,-0.55051994,-0.38435167,-2.2479842,2.0549507,5.4652586
3363,2026-05-11 16:15:26.270730,0.6555871,-0.52149385,-0.48752844,-3.068376,2.1844542,5.7270145
3364,2026-05-11 16:15:26.273378,0.6555871,-0.52149385,-0.48752844,-3.068376,2.1844542,5.7270145
3365,2026-05-11 16:15:26.275984,0.6555871,-0.52149385,-0.48752844,-3.068376,2.1844542,5.7270145
3366,2026-05-11 16:15:26.278747,0.6555871,-0.52149385,-0.48752844,-3.068376,2.1844542,5.7270145
3367,2026-05-11 16:15:26.281894,0.6555871,-0.52149385,-0.48752844,-3.068376,2.1844542,5.7270145
3368,2026-05-11 16:15:26.284889,0.6555871,-0.52149385,-0.48752844,-3.068376,2.1844542,5.7270145
3369,2026-05-11 16:15:26.287630,0.91188246,-0.4763083,-0.5409462,-3.068376,2.1844542,5.7270145
3370,2026-05-11 16:15:26.290268,0.91188246,-0.4763083,-0.5409462,-3.068376,2.1844542,5.7270145
3371,2026-05-11 16:15:26.293159,0.91188246,-0.4763083,-0.5409462,-3.068376,2.1844542,5.7270145
3372,2026-05-11 16:15:26.295927,1.0631108,-0.44734317,-0.5339336,-4.1338778,2.3275492,5.887061
3373,2026-05-11 16:15:26.298598,1.0631108,-0.44734317,-0.5339336,-4.1338778,2.3275492,5.887061
3374,2026-05-11 16:15:26.301733,1.0631108,-0.44734317,-0.5339336,-5.085453,2.44621,5.906151
3375,2026-05-11 16:15:26.304468,1.0631108,-0.44734317,-0.5339336,-5.085453,2.44621,5.906151
3376,2026-05-11 16:15:26.307309,1.3511155,-0.46411243,-0.37118018,-6.189745,2.5300512,5.711437
3377,2026-05-11 16:15:26.310119,1.3511155,-0.46411243,-0.37118018,-6.189745,2.5300512,5.711437
3378,2026-05-11 16:15:26.312728,1.3511155,-0.46411243,-0.37118018,-6.189745,2.5300512,5.711437
3379,2026-05-11 16:15:26.315802,1.4524018,-0.5182619,-0.044270877,-6.189745,2.5300512,5.711437
3380,2026-05-11 16:15:26.318619,1.4524018,-0.5182619,-0.044270877,-7.0559516,2.4555256,5.1970887
3381,2026-05-11 16:15:26.321323,1.4524018,-0.5182619,-0.044270877,-7.0559516,2.4555256,5.1970887
3382,2026-05-11 16:15:26.324034,1.413863,-0.56911856,0.17452239,-7.0559516,2.4555256,5.1970887
3383,2026-05-11 16:15:26.326816,1.413863,-0.56911856,0.17452239,-7.0559516,2.4555256,5.1970887
3384,2026-05-11 16:15:26.329439,1.413863,-0.56911856,0.17452239,-7.0559516,2.4555256,5.1970887
3385,2026-05-11 16:15:26.332438,1.413863,-0.56911856,0.17452239,-7.233408,2.2867742,4.7977357
3386,2026-05-11 16:15:26.335319,1.413863,-0.56911856,0.17452239,-7.233408,2.2867742,4.7977357
3387,2026-05-11 16:15:26.338009,1.413863,-0.56911856,0.17452239,-7.233408,2.2867742,4.7977357
3388,2026-05-11 16:15:26.340882,1.413863,-0.56911856,0.17452239,-7.233408,2.2867742,4.7977357
3389,2026-05-11 16:15:26.343572,1.413863,-0.56911856,0.17452239,-7.233408,2.2867742,4.7977357
3390,2026-05-11 16:15:26.346170,1.413863,-0.56911856,0.17452239,-7.233408,2.2867742,4.7977357
3391,2026-05-11 16:15:26.349219,1.413863,-0.56911856,0.17452239,-7.233408,2.2867742,4.7977357
3392,2026-05-11 16:15:26.351962,1.413863,-0.56911856,0.17452239,-7.008304,1.9068159,4.4429755
3393,2026-05-11 16:15:26.354585,1.413863,-0.56911856,0.17452239,-7.008304,1.9068159,4.4429755
3394,2026-05-11 16:15:26.357350,1.413863,-0.56911856,0.17452239,-7.008304,1.9068159,4.4429755
3395,2026-05-11 16:15:26.360017,1.413863,-0.56911856,0.17452239,-7.008304,1.9068159,4.4429755
3396,2026-05-11 16:15:26.362795,1.2600735,-0.5950347,0.42362225,-7.008304,1.9068159,4.4429755
3397,2026-05-11 16:15:26.365725,1.2600735,-0.5950347,0.42362225,-7.008304,1.9068159,4.4429755
3398,2026-05-11 16:15:26.368807,1.2600735,-0.5950347,0.42362225,-7.008304,1.9068159,4.4429755
3399,2026-05-11 16:15:26.371505,1.2260472,-0.5347873,0.56680137,-7.008304,1.9068159,4.4429755
3400,2026-05-11 16:15:26.374112,1.2260472,-0.5347873,0.56680137,-7.008304,1.9068159,4.4429755
3401,2026-05-11 16:15:26.376870,1.2260472,-0.5347873,0.56680137,-7.008304,1.9068159,4.4429755
3402,2026-05-11 16:15:26.379499,1.2260472,-0.5347873,0.56680137,-7.008304,1.9068159,4.4429755
3403,2026-05-11 16:15:26.382598,1.2260472,-0.5347873,0.56680137,-7.008304,1.9068159,4.4429755
3404,2026-05-11 16:15:26.385621,1.2260472,-0.5347873,0.56680137,-6.4826546,1.4225525,4.3284383
3405,2026-05-11 16:15:26.388324,1.2260472,-0.5347873,0.56680137,-6.4826546,1.4225525,4.3284383
3406,2026-05-11 16:15:26.390962,1.2260472,-0.5347873,0.56680137,-6.4826546,1.4225525,4.3284383
3407,2026-05-11 16:15:26.393716,1.2260472,-0.5347873,0.56680137,-6.4826546,1.4225525,4.3284383
3408,2026-05-11 16:15:26.396310,1.2260472,-0.5347873,0.56680137,-6.4826546,1.4225525,4.3284383
3409,2026-05-11 16:15:26.399353,1.2260472,-0.5347873,0.56680137,-6.4826546,1.4225525,4.3284383
3410,2026-05-11 16:15:26.402198,1.2260472,-0.5347873,0.56680137,-6.4826546,1.4225525,4.3284383
3411,2026-05-11 16:15:26.404866,1.1739709,-0.33861732,0.6888207,-6.4826546,1.4225525,4.3284383
3412,2026-05-11 16:15:26.407514,1.1739709,-0.33861732,0.6888207,-5.4933586,0.7293731,4.2766676
3413,2026-05-11 16:15:26.410281,1.0074369,-0.19873111,0.49185795,-5.4933586,0.7293731,4.2766676
3414,2026-05-11 16:15:26.413060,1.0074369,-0.19873111,0.49185795,-5.4933586,0.7293731,4.2766676
3415,2026-05-11 16:15:26.415978,1.0074369,-0.19873111,0.49185795,-5.4933586,0.7293731,4.2766676
3416,2026-05-11 16:15:26.418720,1.0074369,-0.19873111,0.49185795,-5.4933586,0.7293731,4.2766676
3417,2026-05-11 16:15:26.421422,1.0074369,-0.19873111,0.49185795,-5.4933586,0.7293731,4.2766676
3418,2026-05-11 16:15:26.424218,0.8324875,-0.09531044,0.3726437,-5.4933586,0.7293731,4.2766676
3419,2026-05-11 16:15:26.427108,1.3604453,0.2561735,0.7335184,-5.4933586,0.7293731,4.2766676
3420,2026-05-11 16:15:26.429719,1.3604453,0.2561735,0.7335184,-3.914119,-1.462106,6.61002
3421,2026-05-11 16:15:26.432877,1.3604453,0.2561735,0.7335184,-3.914119,-1.462106,6.61002
3422,2026-05-11 16:15:26.435773,2.0844507,0.43014705,1.1915939,-2.640465,-2.0325015,6.390567
3423,2026-05-11 16:15:26.438480,2.0844507,0.43014705,1.1915939,-2.640465,-2.0325015,6.390567
3424,2026-05-11 16:15:26.441265,2.0844507,0.43014705,1.1915939,-2.640465,-2.0325015,6.390567
3425,2026-05-11 16:15:26.444112,2.95938,1.0021316,1.6835129,0.6397286,-1.063211,3.5451565
3426,2026-05-11 16:15:26.446760,2.912487,1.2998929,1.4328885,0.6397286,-1.063211,3.5451565
3427,2026-05-11 16:15:26.449834,2.912487,1.2998929,1.4328885,0.6397286,-1.063211,3.5451565
3428,2026-05-11 16:15:26.452693,2.7531483,1.6217409,1.0421339,0.8481864,-0.6096435,2.8495336
3429,2026-05-11 16:15:26.455369,2.7531483,1.6217409,1.0421339,0.8481864,-0.6096435,2.8495336
3430,2026-05-11 16:15:26.458219,2.7531483,1.6217409,1.0421339,0.23900102,0.38744128,1.7663169
3431,2026-05-11 16:15:26.460845,2.3198915,1.9112091,0.52710396,0.23900102,0.38744128,1.7663169
3432,2026-05-11 16:15:26.463588,2.3198915,1.9112091,0.52710396,0.23900102,0.38744128,1.7663169
3433,2026-05-11 16:15:26.466779,2.3198915,1.9112091,0.52710396,0.23900102,0.38744128,1.7663169
3434,2026-05-11 16:15:26.469543,2.3198915,1.9112091,0.52710396,0.23900102,0.38744128,1.7663169
3435,2026-05-11 16:15:26.472164,2.3198915,1.9112091,0.52710396,0.23900102,0.38744128,1.7663169
3436,2026-05-11 16:15:26.474964,2.3198915,1.9112091,0.52710396,0.23900102,0.38744128,1.7663169
3437,2026-05-11 16:15:26.477853,2.0829265,1.9245025,0.6508306,-0.6207918,0.8216137,1.2557862
3438,2026-05-11 16:15:26.480545,2.0829265,1.9245025,0.6508306,-0.6207918,0.8216137,1.2557862
3439,2026-05-11 16:15:26.483614,2.0829265,1.9245025,0.6508306,-0.6207918,0.8216137,1.2557862
3440,2026-05-11 16:15:26.486502,2.0829265,1.9245025,0.6508306,-0.6207918,0.8216137,1.2557862
3441,2026-05-11 16:15:26.489130,2.0829265,1.9245025,0.6508306,-0.8312349,0.7272351,0.9072876
3442,2026-05-11 16:15:26.491790,2.0829265,1.9245025,0.6508306,-0.8312349,0.7272351,0.9072876
3443,2026-05-11 16:15:26.494541,2.058169,1.8629136,1.027377,-0.8312349,0.7272351,0.9072876
3444,2026-05-11 16:15:26.497168,2.058169,1.8629136,1.027377,-0.8312349,0.7272351,0.9072876
3445,2026-05-11 16:15:26.500152,2.058169,1.8629136,1.027377,-0.8312349,0.7272351,0.9072876
3446,2026-05-11 16:15:26.502861,2.058169,1.8629136,1.027377,-0.8312349,0.7272351,0.9072876
3447,2026-05-11 16:15:26.505492,2.058169,1.8629136,1.027377,-0.8312349,0.7272351,0.9072876
3448,2026-05-11 16:15:26.508194,2.1350636,1.6946112,1.3909348,-0.2883284,0.31123585,0.3549127
3449,2026-05-11 16:15:26.510766,2.1350636,1.6946112,1.3909348,-0.2883284,0.31123585,0.3549127
3450,2026-05-11 16:15:26.513318,2.1350636,1.6946112,1.3909348,-0.2883284,0.31123585,0.3549127
3451,2026-05-11 16:15:26.519560,2.1350636,1.6946112,1.3909348,0.5839872,-0.0076358155,-0.1470658
3452,2026-05-11 16:15:26.544085,2.1350636,1.6946112,1.3909348,0.5839872,-0.0076358155,-0.1470658
3453,2026-05-11 16:15:26.549658,2.2576315,1.4415475,1.6224728,0.5839872,-0.0076358155,-0.1470658
3454,2026-05-11 16:15:26.556178,2.2576315,1.4415475,1.6224728,0.5839872,-0.0076358155,-0.1470658
3455,2026-05-11 16:15:26.558963,2.3086104,1.2048264,1.554359,1.7948748,-0.14859296,-0.72265357
3456,2026-05-11 16:15:26.561729,2.3086104,1.2048264,1.554359,1.7948748,-0.14859296,-0.72265357
3457,2026-05-11 16:15:26.564545,2.2938533,1.1220167,1.41679,1.7948748,-0.14859296,-0.72265357
3458,2026-05-11 16:15:26.567677,2.2938533,1.1220167,1.41679,1.7948748,-0.14859296,-0.72265357
3459,2026-05-11 16:15:26.570480,2.2938533,1.1220167,1.41679,2.4433084,-0.16035213,-1.024421
3460,2026-05-11 16:15:26.573127,2.2938533,1.1220167,1.41679,2.4433084,-0.16035213,-1.024421
3461,2026-05-11 16:15:26.576148,2.2938533,1.1220167,1.41679,2.4433084,-0.16035213,-1.024421
3462,2026-05-11 16:15:26.578815,2.2938533,1.1220167,1.41679,2.4433084,-0.16035213,-1.024421
3463,2026-05-11 16:15:26.582064,2.2938533,1.1220167,1.41679,2.4433084,-0.16035213,-1.024421
3464,2026-05-11 16:15:26.584987,2.2938533,1.1220167,1.41679,2.4433084,-0.16035213,-1.024421
3465,2026-05-11 16:15:26.587732,2.3109276,1.0504271,1.0203644,2.4433084,-0.16035213,-1.024421
3466,2026-05-11 16:15:26.590471,2.3109276,1.0504271,1.0203644,3.388164,-0.24480425,-1.5451837
3467,2026-05-11 16:15:26.593131,2.3109276,1.0504271,1.0203644,3.388164,-0.24480425,-1.5451837
3468,2026-05-11 16:15:26.595875,2.3109276,1.0504271,1.0203644,3.388164,-0.24480425,-1.5451837
3469,2026-05-11 16:15:26.598495,2.3109276,1.0504271,1.0203644,3.388164,-0.24480425,-1.5451837
3470,2026-05-11 16:15:26.601780,2.3109276,1.0504271,1.0203644,3.388164,-0.24480425,-1.5451837
3471,2026-05-11 16:15:26.604483,2.3109276,1.0504271,1.0203644,3.388164,-0.24480425,-1.5451837
