id,timestamp,acc_x,acc_y,acc_z,gyro_x,gyro_y,gyro_z
1,2026-05-11 16:08:22.832934,0.124031626,0.33794656,0.8856005,-0.7435757,-0.7298313,0.07925977
2,2026-05-11 16:08:22.842969,0.14775252,0.4601488,0.930786,-0.7435757,-0.7298313,0.07925977
3,2026-05-11 16:08:22.846022,0.14775252,0.4601488,0.930786,-0.7435757,-0.7298313,0.07925977
4,2026-05-11 16:08:22.848921,0.14769155,0.4927117,0.95426303,-0.43982297,-1.0923798,0.07620544
5,2026-05-11 16:08:22.852045,0.14769155,0.4927117,0.95426303,-0.43982297,-1.0923798,0.07620544
6,2026-05-11 16:08:22.854781,0.14769155,0.4927117,0.95426303,-0.43982297,-1.0923798,0.07620544
7,2026-05-11 16:08:22.857552,0.14769155,0.4927117,0.95426303,-0.43982297,-1.0923798,0.07620544
8,2026-05-11 16:08:22.860248,0.14769155,0.4927117,0.95426303,-0.43982297,-1.0923798,0.07620544
9,2026-05-11 16:08:22.863111,0.14769155,0.4927117,0.95426303,-0.43982297,-1.0923798,0.07620544
10,2026-05-11 16:08:22.865912,0.14769155,0.4927117,0.95426303,-0.3173445,-1.2421945,0.05009095
11,2026-05-11 16:08:22.869025,0.14769155,0.4927117,0.95426303,-0.3173445,-1.2421945,0.05009095
12,2026-05-11 16:08:22.871629,0.14769155,0.4927117,0.95426303,-0.3173445,-1.2421945,0.05009095
13,2026-05-11 16:08:22.874370,0.14769155,0.4927117,0.95426303,-0.3173445,-1.2421945,0.05009095
14,2026-05-11 16:08:22.876950,0.14769155,0.4927117,0.95426303,-0.3173445,-1.2421945,0.05009095
15,2026-05-11 16:08:22.879713,0.14769155,0.4927117,0.95426303,-0.3173445,-1.2421945,0.05009095
16,2026-05-11 16:08:22.882383,0.14769155,0.4927117,0.95426303,-0.3173445,-1.2421945,0.05009095
17,2026-05-11 16:08:22.885524,0.14769155,0.4927117,0.95426303,-0.3173445,-1.2421945,0.05009095
18,2026-05-11 16:08:22.888182,0.14769155,0.4927117,0.95426303,-0.3173445,-1.2421945,0.05009095
19,2026-05-11 16:08:22.890968,0.14769155,0.4927117,0.95426303,-0.3173445,-1.2421945,0.05009095
20,2026-05-11 16:08:22.893559,0.14769155,0.4927117,0.95426303,-0.3173445,-1.2421945,0.05009095
21,2026-05-11 16:08:22.896167,0.14769155,0.4927117,0.95426303,-0.3173445,-1.2421945,0.05009095
22,2026-05-11 16:08:22.898748,0.14769155,0.4927117,0.95426303,-0.3173445,-1.2421945,0.05009095
23,2026-05-11 16:08:22.901816,0.14769155,0.4927117,0.95426303,-0.3173445,-1.2421945,0.05009095
24,2026-05-11 16:08:22.904484,0.14769155,0.4927117,0.95426303,-0.3173445,-1.2421945,0.05009095
25,2026-05-11 16:08:22.907030,0.14769155,0.4927117,0.95426303,-0.3173445,-1.2421945,0.05009095
26,2026-05-11 16:08:22.909800,0.14769155,0.4927117,0.95426303,-0.3173445,-1.2421945,0.05009095
27,2026-05-11 16:08:22.912395,0.14769155,0.4927117,0.95426303,-0.3173445,-1.2421945,0.05009095
28,2026-05-11 16:08:22.915165,0.14769155,0.4927117,0.95426303,-0.3173445,-1.2421945,0.05009095
29,2026-05-11 16:08:22.918055,0.14769155,0.4927117,0.95426303,-0.3173445,-1.2421945,0.05009095
30,2026-05-11 16:08:22.920937,0.14769155,0.4927117,0.95426303,-0.3173445,-1.2421945,0.05009095
31,2026-05-11 16:08:22.923541,0.14769155,0.4927117,0.95426303,-0.3173445,-1.2421945,0.05009095
32,2026-05-11 16:08:22.926131,0.14769155,0.4927117,0.95426303,-0.3173445,-1.2421945,0.05009095
33,2026-05-11 16:08:22.928959,0.14769155,0.4927117,0.95426303,-0.3173445,-1.2421945,0.05009095
34,2026-05-11 16:08:22.931524,0.14769155,0.4927117,0.95426303,-0.3173445,-1.2421945,0.05009095
35,2026-05-11 16:08:22.934814,0.14769155,0.4927117,0.95426303,-0.3173445,-1.2421945,0.05009095
36,2026-05-11 16:08:22.937567,0.14769155,0.4927117,0.95426303,-0.3173445,-1.2421945,0.05009095
37,2026-05-11 16:08:22.940343,0.14769155,0.4927117,0.95426303,-0.3173445,-1.2421945,0.05009095
38,2026-05-11 16:08:22.942934,0.14769155,0.4927117,0.95426303,-0.3173445,-1.2421945,0.05009095
39,2026-05-11 16:08:22.945704,0.14769155,0.4927117,0.95426303,-0.3173445,-1.2421945,0.05009095
40,2026-05-11 16:08:22.948294,0.14769155,0.4927117,0.95426303,-0.3173445,-1.2421945,0.05009095
41,2026-05-11 16:08:22.951380,0.14769155,0.4927117,0.95426303,-0.3173445,-1.2421945,0.05009095
42,2026-05-11 16:08:22.954215,0.14769155,0.4927117,0.95426303,-0.3173445,-1.2421945,0.05009095
43,2026-05-11 16:08:22.956854,0.14769155,0.4927117,0.95426303,-0.3173445,-1.2421945,0.05009095
44,2026-05-11 16:08:22.959448,0.14769155,0.4927117,0.95426303,-0.3173445,-1.2421945,0.05009095
45,2026-05-11 16:08:22.962059,0.14769155,0.4927117,0.95426303,-0.3173445,-1.2421945,0.05009095
46,2026-05-11 16:08:22.964594,0.14769155,0.4927117,0.95426303,-0.3173445,-1.2421945,0.05009095
47,2026-05-11 16:08:22.968018,0.14769155,0.4927117,0.95426303,-0.3173445,-1.2421945,0.05009095
48,2026-05-11 16:08:22.970787,0.14769155,0.4927117,0.95426303,-0.3173445,-1.2421945,0.05009095
49,2026-05-11 16:08:22.973371,0.14769155,0.4927117,0.95426303,-0.3173445,-1.2421945,0.05009095
50,2026-05-11 16:08:22.975962,0.14769155,0.4927117,0.95426303,-0.3173445,-1.2421945,0.05009095
51,2026-05-11 16:08:22.978516,0.14769155,0.4927117,0.95426303,-0.3173445,-1.2421945,0.05009095
52,2026-05-11 16:08:22.981326,0.14769155,0.4927117,0.95426303,-0.3173445,-1.2421945,0.05009095
53,2026-05-11 16:08:22.984397,0.14769155,0.4927117,0.95426303,-0.3173445,-1.2421945,0.05009095
54,2026-05-11 16:08:22.987183,0.14769155,0.4927117,0.95426303,-0.3173445,-1.2421945,0.05009095
55,2026-05-11 16:08:22.989858,0.14769155,0.4927117,0.95426303,-0.3173445,-1.2421945,0.05009095
56,2026-05-11 16:08:22.992458,0.14769155,0.4927117,0.95426303,-0.3173445,-1.2421945,0.05009095
57,2026-05-11 16:08:22.995024,0.14769155,0.4927117,0.95426303,-0.3173445,-1.2421945,0.05009095
58,2026-05-11 16:08:22.997552,0.14769155,0.4927117,0.95426303,-0.3173445,-1.2421945,0.05009095
59,2026-05-11 16:08:23.000728,0.14769155,0.4927117,0.95426303,-0.3173445,-1.2421945,0.05009095
60,2026-05-11 16:08:23.003474,0.14769155,0.4927117,0.95426303,-0.3173445,-1.2421945,0.05009095
61,2026-05-11 16:08:23.006167,0.14769155,0.4927117,0.95426303,-0.3173445,-1.2421945,0.05009095
62,2026-05-11 16:08:23.008838,0.14769155,0.4927117,0.95426303,-0.3173445,-1.2421945,0.05009095
63,2026-05-11 16:08:23.011396,0.14769155,0.4927117,0.95426303,-0.3173445,-1.2421945,0.05009095
64,2026-05-11 16:08:23.014114,0.14769155,0.4927117,0.95426303,-0.3173445,-1.2421945,0.05009095
65,2026-05-11 16:08:23.017044,0.14769155,0.4927117,0.95426303,-0.3173445,-1.2421945,0.05009095
66,2026-05-11 16:08:23.020478,0.14769155,0.4927117,0.95426303,-0.3173445,-1.2421945,0.05009095
67,2026-05-11 16:08:23.023220,0.14769155,0.4927117,0.95426303,-0.3173445,-1.2421945,0.05009095
68,2026-05-11 16:08:23.025837,0.14769155,0.4927117,0.95426303,-0.3173445,-1.2421945,0.05009095
69,2026-05-11 16:08:23.028418,0.14769155,0.4927117,0.95426303,-0.3173445,-1.2421945,0.05009095
70,2026-05-11 16:08:23.031265,0.14769155,0.4927117,0.95426303,-0.3173445,-1.2421945,0.05009095
71,2026-05-11 16:08:23.035874,0.14769155,0.4927117,0.95426303,-0.3173445,-1.2421945,0.05009095
72,2026-05-11 16:08:23.039364,0.14769155,0.4927117,0.95426303,-0.3173445,-1.2421945,0.05009095
73,2026-05-11 16:08:23.043346,0.14769155,0.4927117,0.95426303,-0.3173445,-1.2421945,0.05009095
74,2026-05-11 16:08:23.046699,0.14769155,0.4927117,0.95426303,-0.3173445,-1.2421945,0.05009095
75,2026-05-11 16:08:23.052106,0.14769155,0.4927117,0.95426303,-0.3173445,-1.2421945,0.05009095
76,2026-05-11 16:08:23.055184,0.14769155,0.4927117,0.95426303,-0.3173445,-1.2421945,0.05009095
77,2026-05-11 16:08:23.058042,0.14769155,0.4927117,0.95426303,-0.3173445,-1.2421945,0.05009095
78,2026-05-11 16:08:23.060693,0.14769155,0.4927117,0.95426303,-0.3173445,-1.2421945,0.05009095
79,2026-05-11 16:08:23.063285,0.14769155,0.4927117,0.95426303,-0.3173445,-1.2421945,0.05009095
80,2026-05-11 16:08:23.066177,0.14769155,0.4927117,0.95426303,-0.3173445,-1.2421945,0.05009095
81,2026-05-11 16:08:23.069245,0.14769155,0.4927117,0.95426303,0.14172074,-1.7589865,-0.10247265
82,2026-05-11 16:08:23.072114,0.14769155,0.4927117,0.95426303,0.14172074,-1.7589865,-0.10247265
83,2026-05-11 16:08:23.074721,0.14769155,0.4927117,0.95426303,0.14172074,-1.7589865,-0.10247265
84,2026-05-11 16:08:23.077477,0.14769155,0.4927117,0.95426303,0.14172074,-1.7589865,-0.10247265
85,2026-05-11 16:08:23.080060,0.14769155,0.4927117,0.95426303,0.14172074,-1.7589865,-0.10247265
86,2026-05-11 16:08:23.082625,0.14769155,0.4927117,0.95426303,0.14172074,-1.7589865,-0.10247265
87,2026-05-11 16:08:23.085881,0.14769155,0.4927117,0.95426303,0.14172074,-1.7589865,-0.10247265
88,2026-05-11 16:08:23.089038,0.14769155,0.4927117,0.95426303,0.14172074,-1.7589865,-0.10247265
89,2026-05-11 16:08:23.092061,0.14769155,0.4927117,0.95426303,0.14172074,-1.7589865,-0.10247265
90,2026-05-11 16:08:23.094806,0.14769155,0.4927117,0.95426303,0.14172074,-1.7589865,-0.10247265
91,2026-05-11 16:08:23.097484,0.13531277,0.6260731,1.0007901,0.14172074,-1.7589865,-0.10247265
92,2026-05-11 16:08:23.100489,0.13531277,0.6260731,1.0007901,0.14172074,-1.7589865,-0.10247265
93,2026-05-11 16:08:23.103352,0.08165111,0.72345686,0.97895956,0.14172074,-1.7589865,-0.10247265
94,2026-05-11 16:08:23.106072,0.08165111,0.72345686,0.97895956,0.14172074,-1.7589865,-0.10247265
95,2026-05-11 16:08:23.108662,0.08165111,0.72345686,0.97895956,0.14172074,-1.7589865,-0.10247265
96,2026-05-11 16:08:23.111418,0.08165111,0.72345686,0.97895956,0.14172074,-1.7589865,-0.10247265
97,2026-05-11 16:08:23.114053,0.08165111,0.72345686,0.97895956,0.14172074,-1.7589865,-0.10247265
98,2026-05-11 16:08:23.117770,0.08165111,0.72345686,0.97895956,0.14172074,-1.7589865,-0.10247265
99,2026-05-11 16:08:23.121029,0.08165111,0.72345686,0.97895956,0.14172074,-1.7589865,-0.10247265
100,2026-05-11 16:08:23.123644,0.08165111,0.72345686,0.97895956,0.14172074,-1.7589865,-0.10247265
101,2026-05-11 16:08:23.126222,0.08165111,0.72345686,0.97895956,0.14172074,-1.7589865,-0.10247265
102,2026-05-11 16:08:23.128785,0.08165111,0.72345686,0.97895956,0.14172074,-1.7589865,-0.10247265
103,2026-05-11 16:08:23.131678,0.08165111,0.72345686,0.97895956,0.14172074,-1.7589865,-0.10247265
104,2026-05-11 16:08:23.134915,0.08165111,0.72345686,0.97895956,0.14172074,-1.7589865,-0.10247265
105,2026-05-11 16:08:23.137667,0.08165111,0.72345686,0.97895956,0.14172074,-1.7589865,-0.10247265
106,2026-05-11 16:08:23.140311,0.08165111,0.72345686,0.97895956,0.49831334,-2.1572707,-0.22327125
107,2026-05-11 16:08:23.143040,0.08165111,0.72345686,0.97895956,0.49831334,-2.1572707,-0.22327125
108,2026-05-11 16:08:23.145600,0.08165111,0.72345686,0.97895956,0.49831334,-2.1572707,-0.22327125
109,2026-05-11 16:08:23.148169,0.08165111,0.72345686,0.97895956,0.49831334,-2.1572707,-0.22327125
110,2026-05-11 16:08:23.151049,0.08165111,0.72345686,0.97895956,0.49831334,-2.1572707,-0.22327125
111,2026-05-11 16:08:23.153982,0.08165111,0.72345686,0.97895956,0.49831334,-2.1572707,-0.22327125
112,2026-05-11 16:08:23.156578,0.08165111,0.72345686,0.97895956,0.49831334,-2.1572707,-0.22327125
113,2026-05-11 16:08:23.159155,0.08165111,0.72345686,0.97895956,0.49831334,-2.1572707,-0.22327125
114,2026-05-11 16:08:23.161770,0.08165111,0.72345686,0.97895956,0.49831334,-2.1572707,-0.22327125
115,2026-05-11 16:08:23.164297,0.08165111,0.72345686,0.97895956,0.49831334,-2.1572707,-0.22327125
116,2026-05-11 16:08:23.167544,0.08165111,0.72345686,0.97895956,0.49831334,-2.1572707,-0.22327125
117,2026-05-11 16:08:23.170338,0.08165111,0.72345686,0.97895956,0.49831334,-2.1572707,-0.22327125
118,2026-05-11 16:08:23.173149,0.08165111,0.72345686,0.97895956,0.49831334,-2.1572707,-0.22327125
119,2026-05-11 16:08:23.175790,0.08165111,0.72345686,0.97895956,0.49831334,-2.1572707,-0.22327125
120,2026-05-11 16:08:23.178365,0.08165111,0.72345686,0.97895956,0.49831334,-2.1572707,-0.22327125
121,2026-05-11 16:08:23.181183,0.08165111,0.72345686,0.97895956,0.49831334,-2.1572707,-0.22327125
122,2026-05-11 16:08:23.184332,0.08165111,0.72345686,0.97895956,0.49831334,-2.1572707,-0.22327125
123,2026-05-11 16:08:23.187181,0.08165111,0.72345686,0.97895956,0.49831334,-2.1572707,-0.22327125
124,2026-05-11 16:08:23.189892,0.08165111,0.72345686,0.97895956,0.49831334,-2.1572707,-0.22327125
125,2026-05-11 16:08:23.192530,0.08165111,0.72345686,0.97895956,0.49831334,-2.1572707,-0.22327125
126,2026-05-11 16:08:23.195131,0.08165111,0.72345686,0.97895956,0.49831334,-2.1572707,-0.22327125
127,2026-05-11 16:08:23.197705,0.08165111,0.72345686,0.97895956,0.49831334,-2.1572707,-0.22327125
128,2026-05-11 16:08:23.200779,0.08165111,0.72345686,0.97895956,0.49831334,-2.1572707,-0.22327125
129,2026-05-11 16:08:23.203512,0.08165111,0.72345686,0.97895956,0.49831334,-2.1572707,-0.22327125
130,2026-05-11 16:08:23.206132,-0.08293167,0.80193704,0.8129743,0.88422745,-2.7472138,-0.38133264
131,2026-05-11 16:08:23.208819,-0.08293167,0.80193704,0.8129743,0.88422745,-2.7472138,-0.38133264
132,2026-05-11 16:08:23.211384,-0.08293167,0.80193704,0.8129743,0.88422745,-2.7472138,-0.38133264
133,2026-05-11 16:08:23.213948,-0.08293167,0.80193704,0.8129743,0.88422745,-2.7472138,-0.38133264
134,2026-05-11 16:08:23.216789,-0.08293167,0.80193704,0.8129743,0.88422745,-2.7472138,-0.38133264
135,2026-05-11 16:08:23.219494,-0.08293167,0.80193704,0.8129743,0.88422745,-2.7472138,-0.38133264
136,2026-05-11 16:08:23.221991,-0.08293167,0.80193704,0.8129743,0.88422745,-2.7472138,-0.38133264
137,2026-05-11 16:08:23.224773,-0.08293167,0.80193704,0.8129743,0.88422745,-2.7472138,-0.38133264
138,2026-05-11 16:08:23.227317,-0.08293167,0.80193704,0.8129743,0.88422745,-2.7472138,-0.38133264
139,2026-05-11 16:08:23.230025,-0.08293167,0.80193704,0.8129743,0.88422745,-2.7472138,-0.38133264
140,2026-05-11 16:08:23.232539,-0.08293167,0.80193704,0.8129743,0.88422745,-2.7472138,-0.38133264
141,2026-05-11 16:08:23.235587,-0.08293167,0.80193704,0.8129743,0.88422745,-2.7472138,-0.38133264
142,2026-05-11 16:08:23.238266,-0.08293167,0.80193704,0.8129743,0.88422745,-2.7472138,-0.38133264
143,2026-05-11 16:08:23.240936,-0.35282546,0.90669924,0.5950347,0.88422745,-2.7472138,-0.38133264
144,2026-05-11 16:08:23.243594,-0.35282546,0.90669924,0.5950347,0.88422745,-2.7472138,-0.38133264
145,2026-05-11 16:08:23.246121,-0.35282546,0.90669924,0.5950347,0.88422745,-2.7472138,-0.38133264
146,2026-05-11 16:08:23.248838,-0.35282546,0.90669924,0.5950347,0.88422745,-2.7472138,-0.38133264
147,2026-05-11 16:08:23.252137,-0.35282546,0.90669924,0.5950347,0.9671524,-3.1784847,-0.2648101
148,2026-05-11 16:08:23.254898,-0.35282546,0.90669924,0.5950347,0.9671524,-3.1784847,-0.2648101
149,2026-05-11 16:08:23.257574,-0.35282546,0.90669924,0.5950347,0.9671524,-3.1784847,-0.2648101
150,2026-05-11 16:08:23.260344,-0.35282546,0.90669924,0.5950347,0.9671524,-3.1784847,-0.2648101
151,2026-05-11 16:08:23.263083,-0.35282546,0.90669924,0.5950347,0.9671524,-3.1784847,-0.2648101
152,2026-05-11 16:08:23.265910,-0.35282546,0.90669924,0.5950347,0.9671524,-3.1784847,-0.2648101
153,2026-05-11 16:08:23.269053,-0.35282546,0.90669924,0.5950347,0.9671524,-3.1784847,-0.2648101
154,2026-05-11 16:08:23.271790,-0.35282546,0.90669924,0.5950347,0.9671524,-3.1784847,-0.2648101
155,2026-05-11 16:08:23.274434,-0.35282546,0.90669924,0.5950347,0.9671524,-3.1784847,-0.2648101
156,2026-05-11 16:08:23.277190,-0.35282546,0.90669924,0.5950347,0.9671524,-3.1784847,-0.2648101
157,2026-05-11 16:08:23.279781,-0.35282546,0.90669924,0.5950347,0.9671524,-3.1784847,-0.2648101
158,2026-05-11 16:08:23.282487,-0.35282546,0.90669924,0.5950347,0.9671524,-3.1784847,-0.2648101
159,2026-05-11 16:08:23.285540,-0.35282546,0.90669924,0.5950347,0.9671524,-3.1784847,-0.2648101
160,2026-05-11 16:08:23.288329,-0.35282546,0.90669924,0.5950347,0.9671524,-3.1784847,-0.2648101
161,2026-05-11 16:08:23.291041,-0.35282546,0.90669924,0.5950347,0.9671524,-3.1784847,-0.2648101
162,2026-05-11 16:08:23.293701,-0.35282546,0.90669924,0.5950347,0.9671524,-3.1784847,-0.2648101
163,2026-05-11 16:08:23.296254,-0.35282546,0.90669924,0.5950347,0.9671524,-3.1784847,-0.2648101
164,2026-05-11 16:08:23.299050,-0.35282546,0.90669924,0.5950347,0.9671524,-3.1784847,-0.2648101
165,2026-05-11 16:08:23.301991,-0.35282546,0.90669924,0.5950347,0.9671524,-3.1784847,-0.2648101
166,2026-05-11 16:08:23.304907,-0.35282546,0.90669924,0.5950347,0.9671524,-3.1784847,-0.2648101
167,2026-05-11 16:08:23.307565,-0.35282546,0.90669924,0.5950347,0.9671524,-3.1784847,-0.2648101
168,2026-05-11 16:08:23.310206,-0.35282546,0.90669924,0.5950347,0.9671524,-3.1784847,-0.2648101
169,2026-05-11 16:08:23.312767,-0.35282546,0.90669924,0.5950347,0.9671524,-3.1784847,-0.2648101
170,2026-05-11 16:08:23.315530,-0.35282546,0.90669924,0.5950347,0.9671524,-3.1784847,-0.2648101
171,2026-05-11 16:08:23.318534,-0.52015233,0.99487513,0.33123884,0.9671524,-3.1784847,-0.2648101
172,2026-05-11 16:08:23.321249,-0.52015233,0.99487513,0.33123884,0.9671524,-3.1784847,-0.2648101
173,2026-05-11 16:08:23.323865,-0.52015233,0.99487513,0.33123884,0.8043568,-3.259577,-0.01985312
174,2026-05-11 16:08:23.326538,-0.52015233,0.99487513,0.33123884,0.8043568,-3.259577,-0.01985312
175,2026-05-11 16:08:23.329124,-0.52015233,0.99487513,0.33123884,0.8043568,-3.259577,-0.01985312
176,2026-05-11 16:08:23.331761,-0.52015233,0.99487513,0.33123884,0.8043568,-3.259577,-0.01985312
177,2026-05-11 16:08:23.334822,-0.52015233,0.99487513,0.33123884,0.8043568,-3.259577,-0.01985312
178,2026-05-11 16:08:23.337549,-0.52015233,0.99487513,0.33123884,0.8043568,-3.259577,-0.01985312
179,2026-05-11 16:08:23.340125,-0.52015233,0.99487513,0.33123884,0.8043568,-3.259577,-0.01985312
180,2026-05-11 16:08:23.342944,-0.52015233,0.99487513,0.33123884,0.8043568,-3.259577,-0.01985312
181,2026-05-11 16:08:23.345541,-0.52015233,0.99487513,0.33123884,0.8043568,-3.259577,-0.01985312
182,2026-05-11 16:08:23.348084,-0.52015233,0.99487513,0.33123884,0.8043568,-3.259577,-0.01985312
183,2026-05-11 16:08:23.351018,-0.52015233,0.99487513,0.33123884,0.8043568,-3.259577,-0.01985312
184,2026-05-11 16:08:23.353866,-0.52015233,0.99487513,0.33123884,0.8043568,-3.259577,-0.01985312
185,2026-05-11 16:08:23.356470,-0.52015233,0.99487513,0.33123884,0.8043568,-3.259577,-0.01985312
186,2026-05-11 16:08:23.359062,-0.52015233,0.99487513,0.33123884,0.8043568,-3.259577,-0.01985312
187,2026-05-11 16:08:23.361753,-0.52015233,0.99487513,0.33123884,0.8043568,-3.259577,-0.01985312
188,2026-05-11 16:08:23.364306,-0.52015233,0.99487513,0.33123884,0.8043568,-3.259577,-0.01985312
189,2026-05-11 16:08:23.366982,-0.52015233,0.99487513,0.33123884,0.8043568,-3.259577,-0.01985312
190,2026-05-11 16:08:23.370408,-0.52015233,0.99487513,0.33123884,0.8043568,-3.259577,-0.01985312
191,2026-05-11 16:08:23.373321,-0.52015233,0.99487513,0.33123884,0.8043568,-3.259577,-0.01985312
192,2026-05-11 16:08:23.375898,-0.52015233,0.99487513,0.33123884,0.8043568,-3.259577,-0.01985312
193,2026-05-11 16:08:23.378462,-0.52015233,0.99487513,0.33123884,0.8043568,-3.259577,-0.01985312
194,2026-05-11 16:08:23.381164,-0.52015233,0.99487513,0.33123884,0.8043568,-3.259577,-0.01985312
195,2026-05-11 16:08:23.383846,-0.52015233,0.99487513,0.33123884,0.8043568,-3.259577,-0.01985312
196,2026-05-11 16:08:23.387332,-0.52015233,0.99487513,0.33123884,0.8043568,-3.259577,-0.01985312
197,2026-05-11 16:08:23.390253,-0.52015233,0.99487513,0.33123884,0.8043568,-3.259577,-0.01985312
198,2026-05-11 16:08:23.393024,-0.52015233,0.99487513,0.33123884,0.8043568,-3.259577,-0.01985312
199,2026-05-11 16:08:23.395798,-0.52015233,0.99487513,0.33123884,0.8043568,-3.259577,-0.01985312
200,2026-05-11 16:08:23.398571,-0.52015233,0.99487513,0.33123884,0.036957346,-3.1317534,0.5119051
201,2026-05-11 16:08:23.401601,-0.52015233,0.99487513,0.33123884,0.036957346,-3.1317534,0.5119051
202,2026-05-11 16:08:23.404429,-0.52015233,0.99487513,0.33123884,0.036957346,-3.1317534,0.5119051
203,2026-05-11 16:08:23.407073,-0.52015233,0.99487513,0.33123884,0.036957346,-3.1317534,0.5119051
204,2026-05-11 16:08:23.409625,-0.52015233,0.99487513,0.33123884,0.036957346,-3.1317534,0.5119051
205,2026-05-11 16:08:23.412289,-0.52015233,0.99487513,0.33123884,0.036957346,-3.1317534,0.5119051
206,2026-05-11 16:08:23.414839,-0.52015233,0.99487513,0.33123884,0.036957346,-3.1317534,0.5119051
207,2026-05-11 16:08:23.417774,-0.52015233,0.99487513,0.33123884,0.036957346,-3.1317534,0.5119051
208,2026-05-11 16:08:23.420582,-0.52015233,0.99487513,0.33123884,0.036957346,-3.1317534,0.5119051
209,2026-05-11 16:08:23.423152,-0.52015233,0.99487513,0.33123884,0.036957346,-3.1317534,0.5119051
210,2026-05-11 16:08:23.425751,-0.52015233,0.99487513,0.33123884,0.036957346,-3.1317534,0.5119051
211,2026-05-11 16:08:23.428655,-0.52015233,0.99487513,0.33123884,0.036957346,-3.1317534,0.5119051
212,2026-05-11 16:08:23.431248,-0.52015233,0.99487513,0.33123884,0.036957346,-3.1317534,0.5119051
213,2026-05-11 16:08:23.434356,-0.52015233,0.99487513,0.33123884,0.036957346,-3.1317534,0.5119051
214,2026-05-11 16:08:23.437186,-0.52015233,0.99487513,0.33123884,0.036957346,-3.1317534,0.5119051
215,2026-05-11 16:08:23.439890,-0.52015233,0.99487513,0.33123884,0.036957346,-3.1317534,0.5119051
216,2026-05-11 16:08:23.442442,-0.52015233,0.99487513,0.33123884,0.036957346,-3.1317534,0.5119051
217,2026-05-11 16:08:23.445159,-0.52015233,0.99487513,0.33123884,0.036957346,-3.1317534,0.5119051
218,2026-05-11 16:08:23.447709,-0.52015233,0.99487513,0.33123884,0.036957346,-3.1317534,0.5119051
219,2026-05-11 16:08:23.450686,-0.52015233,0.99487513,0.33123884,0.036957346,-3.1317534,0.5119051
220,2026-05-11 16:08:23.453533,-0.52015233,0.99487513,0.33123884,0.036957346,-3.1317534,0.5119051
221,2026-05-11 16:08:23.456164,-0.5547275,1.2020823,0.047807667,0.036957346,-3.1317534,0.5119051
222,2026-05-11 16:08:23.458928,-0.5547275,1.2020823,0.047807667,0.036957346,-3.1317534,0.5119051
223,2026-05-11 16:08:23.461511,-0.5547275,1.2020823,0.047807667,0.036957346,-3.1317534,0.5119051
224,2026-05-11 16:08:23.464216,-0.5547275,1.2020823,0.047807667,0.036957346,-3.1317534,0.5119051
225,2026-05-11 16:08:23.467238,-0.5547275,1.2020823,0.047807667,0.036957346,-3.1317534,0.5119051
226,2026-05-11 16:08:23.470142,-0.5547275,1.2020823,0.047807667,0.036957346,-3.1317534,0.5119051
227,2026-05-11 16:08:23.472773,-0.5547275,1.2020823,0.047807667,0.036957346,-3.1317534,0.5119051
228,2026-05-11 16:08:23.475444,-0.4923458,1.3047103,0.047868647,0.036957346,-3.1317534,0.5119051
229,2026-05-11 16:08:23.478140,-0.4923458,1.3047103,0.047868647,0.036957346,-3.1317534,0.5119051
230,2026-05-11 16:08:23.480678,-0.4923458,1.3047103,0.047868647,0.036957346,-3.1317534,0.5119051
231,2026-05-11 16:08:23.483980,-0.4923458,1.3047103,0.047868647,0.036957346,-3.1317534,0.5119051
232,2026-05-11 16:08:23.486835,-0.4923458,1.3047103,0.047868647,0.036957346,-3.1317534,0.5119051
233,2026-05-11 16:08:23.489405,-0.4923458,1.3047103,0.047868647,0.036957346,-3.1317534,0.5119051
234,2026-05-11 16:08:23.492250,-0.4923458,1.3047103,0.047868647,0.036957346,-3.1317534,0.5119051
235,2026-05-11 16:08:23.495085,-0.4923458,1.3047103,0.047868647,0.036957346,-3.1317534,0.5119051
236,2026-05-11 16:08:23.497675,-0.4923458,1.3047103,0.047868647,0.036957346,-3.1317534,0.5119051
237,2026-05-11 16:08:23.500960,-0.4923458,1.3047103,0.047868647,-0.46975538,-2.9970577,0.71944654
238,2026-05-11 16:08:23.503821,-0.4923458,1.3047103,0.047868647,-0.46975538,-2.9970577,0.71944654
239,2026-05-11 16:08:23.506403,-0.4923458,1.3047103,0.047868647,-0.46975538,-2.9970577,0.71944654
240,2026-05-11 16:08:23.509040,-0.4923458,1.3047103,0.047868647,-0.46975538,-2.9970577,0.71944654
241,2026-05-11 16:08:23.511706,-0.4923458,1.3047103,0.047868647,-0.46975538,-2.9970577,0.71944654
242,2026-05-11 16:08:23.514359,-0.4923458,1.3047103,0.047868647,-0.46975538,-2.9970577,0.71944654
243,2026-05-11 16:08:23.517114,-0.4923458,1.3047103,0.047868647,-0.46975538,-2.9970577,0.71944654
244,2026-05-11 16:08:23.520105,-0.4923458,1.3047103,0.047868647,-0.46975538,-2.9970577,0.71944654
245,2026-05-11 16:08:23.522697,-0.4923458,1.3047103,0.047868647,-0.46975538,-2.9970577,0.71944654
246,2026-05-11 16:08:23.525225,-0.4923458,1.3047103,0.047868647,-0.46975538,-2.9970577,0.71944654
247,2026-05-11 16:08:23.527771,-0.4923458,1.3047103,0.047868647,-0.46975538,-2.9970577,0.71944654
248,2026-05-11 16:08:23.530506,-0.4923458,1.3047103,0.047868647,-0.46975538,-2.9970577,0.71944654
249,2026-05-11 16:08:23.533117,-0.4923458,1.3047103,0.047868647,-0.46975538,-2.9970577,0.71944654
250,2026-05-11 16:08:23.536373,-0.4923458,1.3047103,0.047868647,-0.46975538,-2.9970577,0.71944654
251,2026-05-11 16:08:23.539191,-0.4923458,1.3047103,0.047868647,-0.46975538,-2.9970577,0.71944654
252,2026-05-11 16:08:23.541778,-0.4923458,1.3047103,0.047868647,-0.46975538,-2.9970577,0.71944654
253,2026-05-11 16:08:23.544397,-0.4923458,1.3047103,0.047868647,-0.46975538,-2.9970577,0.71944654
254,2026-05-11 16:08:23.547089,-0.4923458,1.3047103,0.047868647,-0.46975538,-2.9970577,0.71944654
255,2026-05-11 16:08:23.549663,-0.4923458,1.3047103,0.047868647,-0.46975538,-2.9970577,0.71944654
256,2026-05-11 16:08:23.552852,-0.4923458,1.3047103,0.047868647,-0.46975538,-2.9970577,0.71944654
257,2026-05-11 16:08:23.555495,-0.4923458,1.3047103,0.047868647,-0.46975538,-2.9970577,0.71944654
258,2026-05-11 16:08:23.558311,-0.4923458,1.3047103,0.047868647,-0.46975538,-2.9970577,0.71944654
259,2026-05-11 16:08:23.561090,-0.4923458,1.3047103,0.047868647,-0.46975538,-2.9970577,0.71944654
260,2026-05-11 16:08:23.563782,-0.4923458,1.3047103,0.047868647,-0.46975538,-2.9970577,0.71944654
261,2026-05-11 16:08:23.566385,-0.4923458,1.3047103,0.047868647,-0.46975538,-2.9970577,0.71944654
262,2026-05-11 16:08:23.569739,-0.4923458,1.3047103,0.047868647,-0.46975538,-2.9970577,0.71944654
263,2026-05-11 16:08:23.572338,-0.4923458,1.3047103,0.047868647,-0.46975538,-2.9970577,0.71944654
264,2026-05-11 16:08:23.575060,-0.4923458,1.3047103,0.047868647,-0.46975538,-2.9970577,0.71944654
265,2026-05-11 16:08:23.577604,-0.4923458,1.3047103,0.047868647,-0.46975538,-2.9970577,0.71944654
266,2026-05-11 16:08:23.580164,-0.4923458,1.3047103,0.047868647,-0.46975538,-2.9970577,0.71944654
267,2026-05-11 16:08:23.582778,-0.4923458,1.3047103,0.047868647,-0.46975538,-2.9970577,0.71944654
268,2026-05-11 16:08:23.586128,-0.4923458,1.3047103,0.047868647,-0.46975538,-2.9970577,0.71944654
269,2026-05-11 16:08:23.588938,-0.4923458,1.3047103,0.047868647,-0.46975538,-2.9970577,0.71944654
270,2026-05-11 16:08:23.591707,-0.4923458,1.3047103,0.047868647,-0.46975538,-2.9970577,0.71944654
271,2026-05-11 16:08:23.594424,-0.4923458,1.3047103,0.047868647,-0.46975538,-2.9970577,0.71944654
272,2026-05-11 16:08:23.596989,-0.4923458,1.3047103,0.047868647,-0.46975538,-2.9970577,0.71944654
273,2026-05-11 16:08:23.599949,-0.4923458,1.3047103,0.047868647,-0.46975538,-2.9970577,0.71944654
274,2026-05-11 16:08:23.602712,-0.4923458,1.3047103,0.047868647,-0.46975538,-2.9970577,0.71944654
275,2026-05-11 16:08:23.613627,-0.4923458,1.3047103,0.047868647,-0.46975538,-2.9970577,0.71944654
276,2026-05-11 16:08:23.632841,-0.4923458,1.3047103,0.047868647,-0.46975538,-2.9970577,0.71944654
277,2026-05-11 16:08:23.642281,-0.25123417,1.5158201,0.39599872,-0.46975538,-2.9970577,0.71944654
278,2026-05-11 16:08:23.645071,-0.25123417,1.5158201,0.39599872,-0.46975538,-2.9970577,0.71944654
279,2026-05-11 16:08:23.647626,-0.25123417,1.5158201,0.39599872,-0.46975538,-2.9970577,0.71944654
280,2026-05-11 16:08:23.650732,-0.25123417,1.5158201,0.39599872,-0.46975538,-2.9970577,0.71944654
281,2026-05-11 16:08:23.653431,-0.25123417,1.5158201,0.39599872,-0.46975538,-2.9970577,0.71944654
282,2026-05-11 16:08:23.656013,-0.25123417,1.5158201,0.39599872,-0.46975538,-2.9970577,0.71944654
283,2026-05-11 16:08:23.658787,-0.25123417,1.5158201,0.39599872,-0.46975538,-2.9970577,0.71944654
284,2026-05-11 16:08:23.661556,-0.25123417,1.5158201,0.39599872,-0.46975538,-2.9970577,0.71944654
285,2026-05-11 16:08:23.664311,-0.25123417,1.5158201,0.39599872,-0.46975538,-2.9970577,0.71944654
286,2026-05-11 16:08:23.667382,-0.25123417,1.5158201,0.39599872,-0.46975538,-2.9970577,0.71944654
287,2026-05-11 16:08:23.670231,-0.25123417,1.5158201,0.39599872,-0.46975538,-2.9970577,0.71944654
288,2026-05-11 16:08:23.672807,-0.25123417,1.5158201,0.39599872,-0.46975538,-2.9970577,0.71944654
289,2026-05-11 16:08:23.675570,-0.25123417,1.5158201,0.39599872,-0.46975538,-2.9970577,0.71944654
290,2026-05-11 16:08:23.678158,-0.25123417,1.5158201,0.39599872,-0.46975538,-2.9970577,0.71944654
291,2026-05-11 16:08:23.680806,-0.25123417,1.5158201,0.39599872,-0.46975538,-2.9970577,0.71944654
292,2026-05-11 16:08:23.683849,-0.25123417,1.5158201,0.39599872,-0.46975538,-2.9970577,0.71944654
293,2026-05-11 16:08:23.686813,-0.25123417,1.5158201,0.39599872,-0.46975538,-2.9970577,0.71944654
294,2026-05-11 16:08:23.689413,-0.25123417,1.5158201,0.39599872,-0.46975538,-2.9970577,0.71944654
295,2026-05-11 16:08:23.692063,-0.25123417,1.5158201,0.39599872,-0.46975538,-2.9970577,0.71944654
296,2026-05-11 16:08:23.694619,-0.25123417,1.5158201,0.39599872,-0.46975538,-2.9970577,0.71944654
297,2026-05-11 16:08:23.697384,-0.25123417,1.5158201,0.39599872,-0.46975538,-2.9970577,0.71944654
298,2026-05-11 16:08:23.700405,-0.2628812,1.6158869,0.7798626,-1.4242324,-2.712089,0.8170323
299,2026-05-11 16:08:23.703318,-0.2628812,1.6158869,0.7798626,-1.4242324,-2.712089,0.8170323
300,2026-05-11 16:08:23.705933,-0.2628812,1.6158869,0.7798626,-1.4242324,-2.712089,0.8170323
301,2026-05-11 16:08:23.708481,-0.2628812,1.6158869,0.7798626,-1.4242324,-2.712089,0.8170323
302,2026-05-11 16:08:23.711071,-0.2628812,1.6158869,0.7798626,-1.4242324,-2.712089,0.8170323
303,2026-05-11 16:08:23.713594,-0.2628812,1.6158869,0.7798626,-1.4242324,-2.712089,0.8170323
304,2026-05-11 16:08:23.716510,-0.2628812,1.6158869,0.7798626,-1.4242324,-2.712089,0.8170323
305,2026-05-11 16:08:23.719537,-0.2628812,1.6158869,0.7798626,-1.4242324,-2.712089,0.8170323
306,2026-05-11 16:08:23.722105,-0.2628812,1.6158869,0.7798626,-1.4242324,-2.712089,0.8170323
307,2026-05-11 16:08:23.724877,-0.2628812,1.6158869,0.7798626,-1.4242324,-2.712089,0.8170323
308,2026-05-11 16:08:23.727471,-0.2628812,1.6158869,0.7798626,-1.4242324,-2.712089,0.8170323
309,2026-05-11 16:08:23.730106,-0.2628812,1.6158869,0.7798626,-1.4242324,-2.712089,0.8170323
310,2026-05-11 16:08:23.732772,-0.2628812,1.6158869,0.7798626,-1.4242324,-2.712089,0.8170323
311,2026-05-11 16:08:23.735837,-0.2628812,1.6158869,0.7798626,-1.4242324,-2.712089,0.8170323
312,2026-05-11 16:08:23.738521,-0.2628812,1.6158869,0.7798626,-1.4242324,-2.712089,0.8170323
313,2026-05-11 16:08:23.741209,-0.2628812,1.6158869,0.7798626,-1.4242324,-2.712089,0.8170323
314,2026-05-11 16:08:23.743754,-0.2628812,1.6158869,0.7798626,-1.4242324,-2.712089,0.8170323
315,2026-05-11 16:08:23.746495,-0.2628812,1.6158869,0.7798626,-1.4242324,-2.712089,0.8170323
316,2026-05-11 16:08:23.749058,-0.2628812,1.6158869,0.7798626,-1.4242324,-2.712089,0.8170323
317,2026-05-11 16:08:23.752201,-0.2628812,1.6158869,0.7798626,-1.4242324,-2.712089,0.8170323
318,2026-05-11 16:08:23.754972,-0.2628812,1.6158869,0.7798626,-1.4242324,-2.712089,0.8170323
319,2026-05-11 16:08:23.757503,-0.2628812,1.6158869,0.7798626,-1.4242324,-2.712089,0.8170323
320,2026-05-11 16:08:23.760069,-0.2628812,1.6158869,0.7798626,-1.4242324,-2.712089,0.8170323
321,2026-05-11 16:08:23.762677,-0.2628812,1.6158869,0.7798626,-1.4242324,-2.712089,0.8170323
322,2026-05-11 16:08:23.765249,-0.2628812,1.6158869,0.7798626,-1.4242324,-2.712089,0.8170323
323,2026-05-11 16:08:23.768443,-0.2628812,1.6158869,0.7798626,-1.4242324,-2.712089,0.8170323
324,2026-05-11 16:08:23.771169,-0.2628812,1.6158869,0.7798626,-1.4242324,-2.712089,0.8170323
325,2026-05-11 16:08:23.773857,-0.2628812,1.6158869,0.7798626,-1.4242324,-2.712089,0.8170323
326,2026-05-11 16:08:23.776465,-0.2628812,1.6158869,0.7798626,-1.4242324,-2.712089,0.8170323
327,2026-05-11 16:08:23.779272,-0.2628812,1.6158869,0.7798626,-1.4242324,-2.712089,0.8170323
328,2026-05-11 16:08:23.781928,-0.2628812,1.6158869,0.7798626,-1.4242324,-2.712089,0.8170323
329,2026-05-11 16:08:23.785076,-0.2628812,1.6158869,0.7798626,-1.645671,-2.7333164,0.57925296
330,2026-05-11 16:08:23.787798,-0.2628812,1.6158869,0.7798626,-1.645671,-2.7333164,0.57925296
331,2026-05-11 16:08:23.790586,-0.2628812,1.6158869,0.7798626,-1.645671,-2.7333164,0.57925296
332,2026-05-11 16:08:23.793175,-0.2628812,1.6158869,0.7798626,-1.645671,-2.7333164,0.57925296
333,2026-05-11 16:08:23.796000,-0.2628812,1.6158869,0.7798626,-1.645671,-2.7333164,0.57925296
334,2026-05-11 16:08:23.798544,-0.2628812,1.6158869,0.7798626,-1.645671,-2.7333164,0.57925296
335,2026-05-11 16:08:23.801549,-0.2628812,1.6158869,0.7798626,-1.645671,-2.7333164,0.57925296
336,2026-05-11 16:08:23.804181,-0.2628812,1.6158869,0.7798626,-1.645671,-2.7333164,0.57925296
337,2026-05-11 16:08:23.806831,-0.2628812,1.6158869,0.7798626,-1.645671,-2.7333164,0.57925296
338,2026-05-11 16:08:23.809399,-0.2628812,1.6158869,0.7798626,-1.645671,-2.7333164,0.57925296
339,2026-05-11 16:08:23.811956,-0.2628812,1.6158869,0.7798626,-1.645671,-2.7333164,0.57925296
340,2026-05-11 16:08:23.814532,-0.2628812,1.6158869,0.7798626,-1.645671,-2.7333164,0.57925296
341,2026-05-11 16:08:23.817435,-0.2628812,1.6158869,0.7798626,-1.645671,-2.7333164,0.57925296
342,2026-05-11 16:08:23.820092,-0.2628812,1.6158869,0.7798626,-1.645671,-2.7333164,0.57925296
343,2026-05-11 16:08:23.822684,-0.2628812,1.6158869,0.7798626,-1.645671,-2.7333164,0.57925296
344,2026-05-11 16:08:23.825262,-0.2628812,1.6158869,0.7798626,-1.645671,-2.7333164,0.57925296
345,2026-05-11 16:08:23.827803,-0.2628812,1.6158869,0.7798626,-1.645671,-2.7333164,0.57925296
346,2026-05-11 16:08:23.830350,-0.2628812,1.6158869,0.7798626,-1.645671,-2.7333164,0.57925296
347,2026-05-11 16:08:23.832944,-0.2628812,1.6158869,0.7798626,-1.645671,-2.7333164,0.57925296
348,2026-05-11 16:08:23.836025,-0.2628812,1.6158869,0.7798626,-1.645671,-2.7333164,0.57925296
349,2026-05-11 16:08:23.838668,-0.2628812,1.6158869,0.7798626,-1.645671,-2.7333164,0.57925296
350,2026-05-11 16:08:23.841440,-0.2628812,1.6158869,0.7798626,-1.645671,-2.7333164,0.57925296
351,2026-05-11 16:08:23.844059,-0.2628812,1.6158869,0.7798626,-1.645671,-2.7333164,0.57925296
352,2026-05-11 16:08:23.846927,-0.2628812,1.6158869,0.7798626,-1.645671,-2.7333164,0.57925296
353,2026-05-11 16:08:23.849759,-0.2628812,1.6158869,0.7798626,-1.645671,-2.7333164,0.57925296
354,2026-05-11 16:08:23.852809,-0.2628812,1.6158869,0.7798626,-1.645671,-2.7333164,0.57925296
355,2026-05-11 16:08:23.855453,-0.2628812,1.6158869,0.7798626,-1.645671,-2.7333164,0.57925296
356,2026-05-11 16:08:23.858163,-0.2628812,1.6158869,0.7798626,-1.645671,-2.7333164,0.57925296
357,2026-05-11 16:08:23.860727,-0.2628812,1.6158869,0.7798626,-1.645671,-2.7333164,0.57925296
358,2026-05-11 16:08:23.863398,-0.2628812,1.6158869,0.7798626,-1.645671,-2.7333164,0.57925296
359,2026-05-11 16:08:23.865942,-0.2628812,1.6158869,0.7798626,-1.645671,-2.7333164,0.57925296
360,2026-05-11 16:08:23.868920,-0.2628812,1.6158869,0.7798626,-1.645671,-2.7333164,0.57925296
361,2026-05-11 16:08:23.871653,-0.2628812,1.6158869,0.7798626,-1.645671,-2.7333164,0.57925296
362,2026-05-11 16:08:23.874233,-0.2628812,1.6158869,0.7798626,-1.645671,-2.7333164,0.57925296
363,2026-05-11 16:08:23.876795,-0.2628812,1.6158869,0.7798626,-1.645671,-2.7333164,0.57925296
364,2026-05-11 16:08:23.879361,-0.2628812,1.6158869,0.7798626,-1.645671,-2.7333164,0.57925296
365,2026-05-11 16:08:23.881894,-0.2628812,1.6158869,0.7798626,-1.645671,-2.7333164,0.57925296
366,2026-05-11 16:08:23.885146,-0.2628812,1.6158869,0.7798626,-1.645671,-2.7333164,0.57925296
367,2026-05-11 16:08:23.888033,-0.2628812,1.6158869,0.7798626,-1.645671,-2.7333164,0.57925296
368,2026-05-11 16:08:23.890617,-0.2628812,1.6158869,0.7798626,-1.645671,-2.7333164,0.57925296
369,2026-05-11 16:08:23.893170,-0.2628812,1.6158869,0.7798626,-1.645671,-2.7333164,0.57925296
370,2026-05-11 16:08:23.895914,-0.2628812,1.6158869,0.7798626,-1.645671,-2.7333164,0.57925296
371,2026-05-11 16:08:23.898516,-0.2628812,1.6158869,0.7798626,-1.645671,-2.7333164,0.57925296
372,2026-05-11 16:08:23.901669,-0.2628812,1.6158869,0.7798626,-1.645671,-2.7333164,0.57925296
373,2026-05-11 16:08:23.904376,-0.2628812,1.6158869,0.7798626,-1.645671,-2.7333164,0.57925296
374,2026-05-11 16:08:23.906986,-0.2628812,1.6158869,0.7798626,-1.645671,-2.7333164,0.57925296
375,2026-05-11 16:08:23.909769,-0.2628812,1.6158869,0.7798626,-1.645671,-2.7333164,0.57925296
376,2026-05-11 16:08:23.912382,-0.29373667,1.6707072,1.0315846,-1.5726726,-2.7860036,0.49663344
377,2026-05-11 16:08:23.915093,-0.29373667,1.6707072,1.0315846,-1.5726726,-2.7860036,0.49663344
378,2026-05-11 16:08:23.918022,-0.29373667,1.6707072,1.0315846,-1.5726726,-2.7860036,0.49663344
379,2026-05-11 16:08:23.921290,-0.29373667,1.6707072,1.0315846,-1.5726726,-2.7860036,0.49663344
380,2026-05-11 16:08:23.924046,-0.29373667,1.6707072,1.0315846,-1.5726726,-2.7860036,0.49663344
381,2026-05-11 16:08:23.926702,-0.29373667,1.6707072,1.0315846,-1.5726726,-2.7860036,0.49663344
382,2026-05-11 16:08:23.929268,-0.29373667,1.6707072,1.0315846,-1.5726726,-2.7860036,0.49663344
383,2026-05-11 16:08:23.931998,-0.29373667,1.6707072,1.0315846,-1.5726726,-2.7860036,0.49663344
384,2026-05-11 16:08:23.934770,-0.29373667,1.6707072,1.0315846,-1.5726726,-2.7860036,0.49663344
385,2026-05-11 16:08:23.938025,-0.29373667,1.6707072,1.0315846,-1.5726726,-2.7860036,0.49663344
386,2026-05-11 16:08:23.940785,-0.29373667,1.6707072,1.0315846,-1.5726726,-2.7860036,0.49663344
387,2026-05-11 16:08:23.943606,-0.29373667,1.6707072,1.0315846,-1.5726726,-2.7860036,0.49663344
388,2026-05-11 16:08:23.946191,-0.29373667,1.6707072,1.0315846,-1.5726726,-2.7860036,0.49663344
389,2026-05-11 16:08:23.948949,-0.29373667,1.6707072,1.0315846,-1.5726726,-2.7860036,0.49663344
390,2026-05-11 16:08:23.951902,-0.29373667,1.6707072,1.0315846,-1.5726726,-2.7860036,0.49663344
391,2026-05-11 16:08:23.954665,-0.29373667,1.6707072,1.0315846,-1.5726726,-2.7860036,0.49663344
392,2026-05-11 16:08:23.957322,-0.29373667,1.6707072,1.0315846,-1.5726726,-2.7860036,0.49663344
393,2026-05-11 16:08:23.959979,-0.29373667,1.6707072,1.0315846,-1.5726726,-2.7860036,0.49663344
394,2026-05-11 16:08:23.962519,-0.29373667,1.6707072,1.0315846,-1.5726726,-2.7860036,0.49663344
395,2026-05-11 16:08:23.965229,-0.29373667,1.6707072,1.0315846,-1.5726726,-2.7860036,0.49663344
396,2026-05-11 16:08:23.968160,-0.29373667,1.6707072,1.0315846,-1.5726726,-2.7860036,0.49663344
397,2026-05-11 16:08:23.970859,-0.29373667,1.6707072,1.0315846,-1.5726726,-2.7860036,0.49663344
398,2026-05-11 16:08:23.973606,-0.29373667,1.6707072,1.0315846,-1.5726726,-2.7860036,0.49663344
399,2026-05-11 16:08:23.976182,-0.29373667,1.6707072,1.0315846,-1.5726726,-2.7860036,0.49663344
400,2026-05-11 16:08:23.978762,-0.29373667,1.6707072,1.0315846,-1.5726726,-2.7860036,0.49663344
401,2026-05-11 16:08:23.981529,-0.29373667,1.6707072,1.0315846,-1.5726726,-2.7860036,0.49663344
402,2026-05-11 16:08:23.984512,-0.29373667,1.6707072,1.0315846,-1.5726726,-2.7860036,0.49663344
403,2026-05-11 16:08:23.987205,-0.29373667,1.6707072,1.0315846,-1.5726726,-2.7860036,0.49663344
404,2026-05-11 16:08:23.989771,-0.29373667,1.6707072,1.0315846,-1.5726726,-2.7860036,0.49663344
405,2026-05-11 16:08:23.992299,-0.29373667,1.6707072,1.0315846,-1.5726726,-2.7860036,0.49663344
406,2026-05-11 16:08:23.995058,-0.29373667,1.6707072,1.0315846,-1.5726726,-2.7860036,0.49663344
407,2026-05-11 16:08:23.997619,-0.29373667,1.6707072,1.0315846,-1.5726726,-2.7860036,0.49663344
408,2026-05-11 16:08:24.000608,-0.29373667,1.6707072,1.0315846,-1.5726726,-2.7860036,0.49663344
409,2026-05-11 16:08:24.003414,-0.29373667,1.6707072,1.0315846,-1.5726726,-2.7860036,0.49663344
410,2026-05-11 16:08:24.005993,-0.29373667,1.6707072,1.0315846,-1.5726726,-2.7860036,0.49663344
411,2026-05-11 16:08:24.008630,-0.29373667,1.6707072,1.0315846,-1.5726726,-2.7860036,0.49663344
412,2026-05-11 16:08:24.011168,-0.29373667,1.6707072,1.0315846,-1.5726726,-2.7860036,0.49663344
413,2026-05-11 16:08:24.013960,-0.29373667,1.6707072,1.0315846,-1.5726726,-2.7860036,0.49663344
414,2026-05-11 16:08:24.016747,-0.29373667,1.6707072,1.0315846,-1.5726726,-2.7860036,0.49663344
415,2026-05-11 16:08:24.019826,-0.29373667,1.6707072,1.0315846,-1.5726726,-2.7860036,0.49663344
416,2026-05-11 16:08:24.022439,-0.29373667,1.6707072,1.0315846,-1.5726726,-2.7860036,0.49663344
417,2026-05-11 16:08:24.024968,-0.29373667,1.6707072,1.0315846,-1.5726726,-2.7860036,0.49663344
418,2026-05-11 16:08:24.027874,-0.29373667,1.6707072,1.0315846,-1.5726726,-2.7860036,0.49663344
419,2026-05-11 16:08:24.030603,-0.29373667,1.6707072,1.0315846,-1.5726726,-2.7860036,0.49663344
420,2026-05-11 16:08:24.033681,-0.29373667,1.6707072,1.0315846,-1.5726726,-2.7860036,0.49663344
421,2026-05-11 16:08:24.036480,-0.29373667,1.6707072,1.0315846,-1.5726726,-2.7860036,0.49663344
422,2026-05-11 16:08:24.039175,-0.29373667,1.6707072,1.0315846,-1.5726726,-2.7860036,0.49663344
423,2026-05-11 16:08:24.041741,-0.29373667,1.6707072,1.0315846,-1.5726726,-2.7860036,0.49663344
424,2026-05-11 16:08:24.044532,-0.29373667,1.6707072,1.0315846,-1.5726726,-2.7860036,0.49663344
425,2026-05-11 16:08:24.047119,-0.29373667,1.6707072,1.0315846,-1.5726726,-2.7860036,0.49663344
426,2026-05-11 16:08:24.049992,-0.44777006,1.8661455,1.7671763,0.63239825,-2.5708263,-0.07620544
427,2026-05-11 16:08:24.053089,-0.44777006,1.8661455,1.7671763,0.63239825,-2.5708263,-0.07620544
428,2026-05-11 16:08:24.055753,-0.44777006,1.8661455,1.7671763,0.63239825,-2.5708263,-0.07620544
429,2026-05-11 16:08:24.058430,-0.44777006,1.8661455,1.7671763,0.63239825,-2.5708263,-0.07620544
430,2026-05-11 16:08:24.061033,-0.44777006,1.8661455,1.7671763,0.63239825,-2.5708263,-0.07620544
431,2026-05-11 16:08:24.063774,-0.44777006,1.8661455,1.7671763,0.63239825,-2.5708263,-0.07620544
432,2026-05-11 16:08:24.066949,-0.44777006,1.8661455,1.7671763,0.63239825,-2.5708263,-0.07620544
433,2026-05-11 16:08:24.069713,-0.44777006,1.8661455,1.7671763,0.63239825,-2.5708263,-0.07620544
434,2026-05-11 16:08:24.072323,-0.44777006,1.8661455,1.7671763,0.63239825,-2.5708263,-0.07620544
435,2026-05-11 16:08:24.075046,-0.44777006,1.8661455,1.7671763,0.63239825,-2.5708263,-0.07620544
436,2026-05-11 16:08:24.077655,-0.44777006,1.8661455,1.7671763,0.63239825,-2.5708263,-0.07620544
437,2026-05-11 16:08:24.080390,-0.44777006,1.8661455,1.7671763,0.63239825,-2.5708263,-0.07620544
438,2026-05-11 16:08:24.082979,-0.44777006,1.8661455,1.7671763,0.63239825,-2.5708263,-0.07620544
439,2026-05-11 16:08:24.086277,-0.44777006,1.8661455,1.7671763,0.63239825,-2.5708263,-0.07620544
440,2026-05-11 16:08:24.088993,-0.44777006,1.8661455,1.7671763,0.63239825,-2.5708263,-0.07620544
441,2026-05-11 16:08:24.091541,-0.44777006,1.8661455,1.7671763,0.63239825,-2.5708263,-0.07620544
442,2026-05-11 16:08:24.094158,-0.44777006,1.8661455,1.7671763,0.63239825,-2.5708263,-0.07620544
443,2026-05-11 16:08:24.096734,-0.44777006,1.8661455,1.7671763,0.63239825,-2.5708263,-0.07620544
444,2026-05-11 16:08:24.099553,-0.44777006,1.8661455,1.7671763,0.63239825,-2.5708263,-0.07620544
445,2026-05-11 16:08:24.102665,-0.44777006,1.8661455,1.7671763,0.63239825,-2.5708263,-0.07620544
446,2026-05-11 16:08:24.105297,-0.44777006,1.8661455,1.7671763,0.63239825,-2.5708263,-0.07620544
447,2026-05-11 16:08:24.108083,-0.44777006,1.8661455,1.7671763,0.63239825,-2.5708263,-0.07620544
448,2026-05-11 16:08:24.110680,-0.44777006,1.8661455,1.7671763,0.63239825,-2.5708263,-0.07620544
449,2026-05-11 16:08:24.113255,-0.44777006,1.8661455,1.7671763,0.63239825,-2.5708263,-0.07620544
450,2026-05-11 16:08:24.116470,-0.44777006,1.8661455,1.7671763,0.63239825,-2.5708263,-0.07620544
451,2026-05-11 16:08:24.119484,-0.44777006,1.8661455,1.7671763,0.63239825,-2.5708263,-0.07620544
452,2026-05-11 16:08:24.122170,-0.44777006,1.8661455,1.7671763,0.63239825,-2.5708263,-0.07620544
453,2026-05-11 16:08:24.124743,-0.44777006,1.8661455,1.7671763,0.63239825,-2.5708263,-0.07620544
454,2026-05-11 16:08:24.127458,-0.44777006,1.8661455,1.7671763,0.63239825,-2.5708263,-0.07620544
455,2026-05-11 16:08:24.130022,-0.44777006,1.8661455,1.7671763,0.63239825,-2.5708263,-0.07620544
456,2026-05-11 16:08:24.132800,-0.44777006,1.8661455,1.7671763,0.63239825,-2.5708263,-0.07620544
457,2026-05-11 16:08:24.135986,-0.57911915,1.7866896,1.8369974,2.225993,-1.7896825,0.030848695
458,2026-05-11 16:08:24.138591,-0.57911915,1.7866896,1.8369974,2.225993,-1.7896825,0.030848695
459,2026-05-11 16:08:24.141325,-0.57911915,1.7866896,1.8369974,2.225993,-1.7896825,0.030848695
460,2026-05-11 16:08:24.143880,-0.57911915,1.7866896,1.8369974,2.225993,-1.7896825,0.030848695
461,2026-05-11 16:08:24.146450,-0.57911915,1.7866896,1.8369974,2.225993,-1.7896825,0.030848695
462,2026-05-11 16:08:24.149012,-0.57911915,1.7866896,1.8369974,2.225993,-1.7896825,0.030848695
463,2026-05-11 16:08:24.152128,-0.60607195,1.7055873,1.8887687,2.225993,-1.7896825,0.030848695
464,2026-05-11 16:08:24.154700,-0.60607195,1.7055873,1.8887687,2.225993,-1.7896825,0.030848695
465,2026-05-11 16:08:24.157222,-0.60607195,1.7055873,1.8887687,2.225993,-1.7896825,0.030848695
466,2026-05-11 16:08:24.159761,-0.60607195,1.7055873,1.8887687,2.225993,-1.7896825,0.030848695
467,2026-05-11 16:08:24.162522,-0.60607195,1.7055873,1.8887687,2.225993,-1.7896825,0.030848695
468,2026-05-11 16:08:24.165167,-0.60607195,1.7055873,1.8887687,2.225993,-1.7896825,0.030848695
469,2026-05-11 16:08:24.168284,-0.60607195,1.7055873,1.8887687,2.225993,-1.7896825,0.030848695
470,2026-05-11 16:08:24.170955,-0.60607195,1.7055873,1.8887687,2.225993,-1.7896825,0.030848695
471,2026-05-11 16:08:24.173501,-0.60607195,1.7055873,1.8887687,2.225993,-1.7896825,0.030848695
472,2026-05-11 16:08:24.176195,-0.60607195,1.7055873,1.8887687,2.225993,-1.7896825,0.030848695
473,2026-05-11 16:08:24.178783,-0.60607195,1.7055873,1.8887687,2.225993,-1.7896825,0.030848695
474,2026-05-11 16:08:24.181335,-0.60607195,1.7055873,1.8887687,2.225993,-1.7896825,0.030848695
475,2026-05-11 16:08:24.184224,-0.60607195,1.7055873,1.8887687,2.225993,-1.7896825,0.030848695
476,2026-05-11 16:08:24.186835,-0.60607195,1.7055873,1.8887687,2.225993,-1.7896825,0.030848695
477,2026-05-11 16:08:24.189410,-0.60607195,1.7055873,1.8887687,2.225993,-1.7896825,0.030848695
478,2026-05-11 16:08:24.192183,-0.60607195,1.7055873,1.8887687,2.225993,-1.7896825,0.030848695
479,2026-05-11 16:08:24.194902,-0.60607195,1.7055873,1.8887687,2.225993,-1.7896825,0.030848695
480,2026-05-11 16:08:24.197465,-0.60607195,1.7055873,1.8887687,2.225993,-1.7896825,0.030848695
481,2026-05-11 16:08:24.200429,-0.60607195,1.7055873,1.8887687,2.225993,-1.7896825,0.030848695
482,2026-05-11 16:08:24.203250,-0.60607195,1.7055873,1.8887687,2.225993,-1.7896825,0.030848695
483,2026-05-11 16:08:24.205844,-0.60607195,1.7055873,1.8887687,2.225993,-1.7896825,0.030848695
484,2026-05-11 16:08:24.208379,-0.60607195,1.7055873,1.8887687,2.225993,-1.7896825,0.030848695
485,2026-05-11 16:08:24.211046,-0.60607195,1.7055873,1.8887687,2.225993,-1.7896825,0.030848695
486,2026-05-11 16:08:24.213607,-0.60607195,1.7055873,1.8887687,2.225993,-1.7896825,0.030848695
487,2026-05-11 16:08:24.216368,-0.60607195,1.7055873,1.8887687,2.225993,-1.7896825,0.030848695
488,2026-05-11 16:08:24.219377,-0.60607195,1.7055873,1.8887687,2.225993,-1.7896825,0.030848695
489,2026-05-11 16:08:24.221961,-0.60607195,1.7055873,1.8887687,2.225993,-1.7896825,0.030848695
490,2026-05-11 16:08:24.224793,-0.60607195,1.7055873,1.8887687,2.225993,-1.7896825,0.030848695
491,2026-05-11 16:08:24.227401,-0.60607195,1.7055873,1.8887687,2.225993,-1.7896825,0.030848695
492,2026-05-11 16:08:24.230051,-0.60607195,1.7055873,1.8887687,2.225993,-1.7896825,0.030848695
493,2026-05-11 16:08:24.232589,-0.60607195,1.7055873,1.8887687,2.225993,-1.7896825,0.030848695
494,2026-05-11 16:08:24.235760,-0.60607195,1.7055873,1.8887687,2.225993,-1.7896825,0.030848695
495,2026-05-11 16:08:24.238408,-0.60607195,1.7055873,1.8887687,2.225993,-1.7896825,0.030848695
496,2026-05-11 16:08:24.240973,-0.60607195,1.7055873,1.8887687,2.225993,-1.7896825,0.030848695
497,2026-05-11 16:08:24.243574,-0.60607195,1.7055873,1.8887687,2.225993,-1.7896825,0.030848695
498,2026-05-11 16:08:24.246149,-0.60607195,1.7055873,1.8887687,2.225993,-1.7896825,0.030848695
499,2026-05-11 16:08:24.248824,-0.60607195,1.7055873,1.8887687,2.225993,-1.7896825,0.030848695
500,2026-05-11 16:08:24.251616,-0.60607195,1.7055873,1.8887687,2.225993,-1.7896825,0.030848695
501,2026-05-11 16:08:24.254977,-0.60607195,1.7055873,1.8887687,2.225993,-1.7896825,0.030848695
502,2026-05-11 16:08:24.257825,-0.60607195,1.7055873,1.8887687,2.225993,-1.7896825,0.030848695
503,2026-05-11 16:08:24.260680,-0.60607195,1.7055873,1.8887687,2.225993,-1.7896825,0.030848695
504,2026-05-11 16:08:24.263325,-0.60607195,1.7055873,1.8887687,2.225993,-1.7896825,0.030848695
505,2026-05-11 16:08:24.265965,-0.60607195,1.7055873,1.8887687,2.225993,-1.7896825,0.030848695
506,2026-05-11 16:08:24.268698,-0.60607195,1.7055873,1.8887687,2.225993,-1.7896825,0.030848695
507,2026-05-11 16:08:24.272157,-0.60607195,1.7055873,1.8887687,2.225993,-1.7896825,0.030848695
508,2026-05-11 16:08:24.275068,-0.60607195,1.7055873,1.8887687,2.225993,-1.7896825,0.030848695
509,2026-05-11 16:08:24.277798,-0.60607195,1.7055873,1.8887687,2.225993,-1.7896825,0.030848695
510,2026-05-11 16:08:24.280366,-0.60607195,1.7055873,1.8887687,2.225993,-1.7896825,0.030848695
511,2026-05-11 16:08:24.283476,-0.60607195,1.7055873,1.8887687,2.225993,-1.7896825,0.030848695
512,2026-05-11 16:08:24.286359,-0.60607195,1.7055873,1.8887687,2.225993,-1.7896825,0.030848695
513,2026-05-11 16:08:24.289196,-0.5568008,1.4212414,1.7421749,2.9946141,-1.5167783,0.15042557
514,2026-05-11 16:08:24.291816,-0.5568008,1.4212414,1.7421749,2.9946141,-1.5167783,0.15042557
515,2026-05-11 16:08:24.294574,-0.5568008,1.4212414,1.7421749,2.9946141,-1.5167783,0.15042557
516,2026-05-11 16:08:24.297363,-0.5527152,1.2861725,1.4969167,5.0935473,-1.340391,0.33582318
517,2026-05-11 16:08:24.300428,-0.5527152,1.2861725,1.4969167,5.0935473,-1.340391,0.33582318
518,2026-05-11 16:08:24.303556,-0.5527152,1.2861725,1.4969167,5.0935473,-1.340391,0.33582318
519,2026-05-11 16:08:24.306195,-0.5527152,1.2861725,1.4969167,5.0935473,-1.340391,0.33582318
520,2026-05-11 16:08:24.308851,-0.5527152,1.2861725,1.4969167,5.0935473,-1.340391,0.33582318
521,2026-05-11 16:08:24.311565,-0.5527152,1.2861725,1.4969167,5.0935473,-1.340391,0.33582318
522,2026-05-11 16:08:24.314106,-0.5527152,1.2861725,1.4969167,5.0935473,-1.340391,0.33582318
523,2026-05-11 16:08:24.317023,-0.5527152,1.2861725,1.4969167,5.0935473,-1.340391,0.33582318
524,2026-05-11 16:08:24.319856,-0.5527152,1.2861725,1.4969167,5.0935473,-1.340391,0.33582318
525,2026-05-11 16:08:24.322457,-0.5527152,1.2861725,1.4969167,5.0935473,-1.340391,0.33582318
526,2026-05-11 16:08:24.325197,-0.5527152,1.2861725,1.4969167,5.0935473,-1.340391,0.33582318
527,2026-05-11 16:08:24.327786,-0.5527152,1.2861725,1.4969167,5.0935473,-1.340391,0.33582318
528,2026-05-11 16:08:24.330372,-0.5527152,1.2861725,1.4969167,5.0935473,-1.340391,0.33582318
529,2026-05-11 16:08:24.333502,-0.5527152,1.2861725,1.4969167,5.0935473,-1.340391,0.33582318
530,2026-05-11 16:08:24.336266,-0.5527152,1.2861725,1.4969167,5.0935473,-1.340391,0.33582318
531,2026-05-11 16:08:24.338900,-0.5527152,1.2861725,1.4969167,5.0935473,-1.340391,0.33582318
532,2026-05-11 16:08:24.341396,-0.5527152,1.2861725,1.4969167,5.0935473,-1.340391,0.33582318
533,2026-05-11 16:08:24.344225,-0.5527152,1.2861725,1.4969167,6.0191607,-1.6316211,0.32727104
534,2026-05-11 16:08:24.346838,-0.5527152,1.2861725,1.4969167,6.0191607,-1.6316211,0.32727104
535,2026-05-11 16:08:24.349516,-0.5527152,1.2861725,1.4969167,6.0191607,-1.6316211,0.32727104
536,2026-05-11 16:08:24.352796,-0.5527152,1.2861725,1.4969167,6.0191607,-1.6316211,0.32727104
537,2026-05-11 16:08:24.355568,-0.5527152,1.2861725,1.4969167,6.0191607,-1.6316211,0.32727104
538,2026-05-11 16:08:24.358199,-0.5527152,1.2861725,1.4969167,6.0191607,-1.6316211,0.32727104
539,2026-05-11 16:08:24.360746,-0.5527152,1.2861725,1.4969167,6.0191607,-1.6316211,0.32727104
540,2026-05-11 16:08:24.363457,-0.5527152,1.2861725,1.4969167,6.0191607,-1.6316211,0.32727104
541,2026-05-11 16:08:24.366050,-0.54893446,1.1897036,1.144701,6.0191607,-1.6316211,0.32727104
542,2026-05-11 16:08:24.368967,-0.54283655,1.1084794,0.8368171,6.0191607,-1.6316211,0.32727104
543,2026-05-11 16:08:24.371696,-0.54283655,1.1084794,0.8368171,6.5547366,-1.9808832,0.2762638
544,2026-05-11 16:08:24.374269,-0.54283655,1.1084794,0.8368171,6.5547366,-1.9808832,0.2762638
545,2026-05-11 16:08:24.376794,-0.54283655,1.1084794,0.8368171,6.5547366,-1.9808832,0.2762638
546,2026-05-11 16:08:24.379444,-0.54283655,1.1084794,0.8368171,6.5547366,-1.9808832,0.2762638
547,2026-05-11 16:08:24.382172,-0.54283655,1.1084794,0.8368171,6.5547366,-1.9808832,0.2762638
548,2026-05-11 16:08:24.385621,-0.54283655,1.1084794,0.8368171,6.5547366,-1.9808832,0.2762638
549,2026-05-11 16:08:24.388277,-0.54283655,1.1084794,0.8368171,6.5547366,-1.9808832,0.2762638
550,2026-05-11 16:08:24.390890,-0.54283655,1.1084794,0.8368171,6.5547366,-1.9808832,0.2762638
551,2026-05-11 16:08:24.393481,-0.54283655,1.1084794,0.8368171,6.5547366,-1.9808832,0.2762638
552,2026-05-11 16:08:24.396292,-0.54283655,1.1084794,0.8368171,6.5547366,-1.9808832,0.2762638
553,2026-05-11 16:08:24.398965,-0.54283655,1.1084794,0.8368171,6.5547366,-1.9808832,0.2762638
554,2026-05-11 16:08:24.402097,-0.54283655,1.1084794,0.8368171,6.5547366,-1.9808832,0.2762638
555,2026-05-11 16:08:24.404818,-0.54283655,1.1084794,0.8368171,6.5547366,-1.9808832,0.2762638
556,2026-05-11 16:08:24.407418,-0.54283655,1.1084794,0.8368171,6.5547366,-1.9808832,0.2762638
557,2026-05-11 16:08:24.410161,-0.54283655,1.1084794,0.8368171,6.5547366,-1.9808832,0.2762638
558,2026-05-11 16:08:24.412752,-0.54283655,1.1084794,0.8368171,6.5547366,-1.9808832,0.2762638
559,2026-05-11 16:08:24.415402,-0.54283655,1.1084794,0.8368171,6.5547366,-1.9808832,0.2762638
560,2026-05-11 16:08:24.418550,-0.54283655,1.1084794,0.8368171,6.5547366,-1.9808832,0.2762638
561,2026-05-11 16:08:24.421168,-0.54283655,1.1084794,0.8368171,6.5547366,-1.9808832,0.2762638
562,2026-05-11 16:08:24.423967,-0.54283655,1.1084794,0.8368171,6.5547366,-1.9808832,0.2762638
563,2026-05-11 16:08:24.426547,-0.54283655,1.1084794,0.8368171,6.5547366,-1.9808832,0.2762638
564,2026-05-11 16:08:24.429319,-0.54283655,1.1084794,0.8368171,6.5547366,-1.9808832,0.2762638
565,2026-05-11 16:08:24.431888,-0.54283655,1.1084794,0.8368171,6.5547366,-1.9808832,0.2762638
566,2026-05-11 16:08:24.434917,-0.5397876,1.07427,0.56942344,6.5547366,-1.9808832,0.2762638
567,2026-05-11 16:08:24.437736,-0.5397876,1.07427,0.56942344,6.5547366,-1.9808832,0.2762638
568,2026-05-11 16:08:24.440305,-0.5397876,1.07427,0.56942344,6.5547366,-1.9808832,0.2762638
569,2026-05-11 16:08:24.442869,-0.5397876,1.07427,0.56942344,6.5547366,-1.9808832,0.2762638
570,2026-05-11 16:08:24.445634,-0.5397876,1.07427,0.56942344,6.5547366,-1.9808832,0.2762638
571,2026-05-11 16:08:24.448224,-0.5397876,1.07427,0.56942344,6.5547366,-1.9808832,0.2762638
572,2026-05-11 16:08:24.451506,-0.5397876,1.07427,0.56942344,6.5547366,-1.9808832,0.2762638
573,2026-05-11 16:08:24.454279,-0.5397876,1.07427,0.56942344,6.5547366,-1.9808832,0.2762638
574,2026-05-11 16:08:24.456954,-0.5397876,1.07427,0.56942344,6.5547366,-1.9808832,0.2762638
575,2026-05-11 16:08:24.459584,-0.5397876,1.07427,0.56942344,6.5547366,-1.9808832,0.2762638
576,2026-05-11 16:08:24.462258,-0.5397876,1.07427,0.56942344,6.5547366,-1.9808832,0.2762638
577,2026-05-11 16:08:24.464963,-0.5397876,1.07427,0.56942344,6.5547366,-1.9808832,0.2762638
578,2026-05-11 16:08:24.467985,-0.5397876,1.07427,0.56942344,6.5547366,-1.9808832,0.2762638
579,2026-05-11 16:08:24.470874,-0.5397876,1.07427,0.56942344,6.840622,-2.3080015,0.23105977
580,2026-05-11 16:08:24.473491,-0.5397876,1.07427,0.56942344,6.840622,-2.3080015,0.23105977
581,2026-05-11 16:08:24.476118,-0.5397876,1.07427,0.56942344,6.840622,-2.3080015,0.23105977
582,2026-05-11 16:08:24.478889,-0.5397876,1.07427,0.56942344,6.840622,-2.3080015,0.23105977
583,2026-05-11 16:08:24.481466,-0.5397876,1.07427,0.56942344,6.840622,-2.3080015,0.23105977
584,2026-05-11 16:08:24.484412,-0.5397876,1.07427,0.56942344,6.840622,-2.3080015,0.23105977
585,2026-05-11 16:08:24.487126,-0.5397876,1.07427,0.56942344,6.840622,-2.3080015,0.23105977
586,2026-05-11 16:08:24.489713,-0.5397876,1.07427,0.56942344,6.840622,-2.3080015,0.23105977
587,2026-05-11 16:08:24.492349,-0.5397876,1.07427,0.56942344,6.840622,-2.3080015,0.23105977
588,2026-05-11 16:08:24.494914,-0.5397876,1.07427,0.56942344,6.840622,-2.3080015,0.23105977
589,2026-05-11 16:08:24.497485,-0.5397876,1.07427,0.56942344,6.840622,-2.3080015,0.23105977
590,2026-05-11 16:08:24.500428,-0.5397876,1.07427,0.56942344,6.840622,-2.3080015,0.23105977
591,2026-05-11 16:08:24.503236,-0.5397876,1.07427,0.56942344,6.840622,-2.3080015,0.23105977
592,2026-05-11 16:08:24.505843,-0.5397876,1.07427,0.56942344,6.840622,-2.3080015,0.23105977
593,2026-05-11 16:08:24.508527,-0.5397876,1.07427,0.56942344,6.840622,-2.3080015,0.23105977
594,2026-05-11 16:08:24.511146,-0.5397876,1.07427,0.56942344,6.840622,-2.3080015,0.23105977
595,2026-05-11 16:08:24.514005,-0.5397876,1.07427,0.56942344,6.840622,-2.3080015,0.23105977
596,2026-05-11 16:08:24.516889,-0.48368677,1.0703673,0.35837457,6.840622,-2.3080015,0.23105977
597,2026-05-11 16:08:24.520359,-0.48368677,1.0703673,0.35837457,6.863071,-2.4729352,0.18906279
598,2026-05-11 16:08:24.523225,-0.48368677,1.0703673,0.35837457,6.863071,-2.4729352,0.18906279
599,2026-05-11 16:08:24.525936,-0.30696914,1.0570129,0.13067836,6.3954535,-2.313194,0.054825157
600,2026-05-11 16:08:24.528494,-0.30696914,1.0570129,0.13067836,6.3954535,-2.313194,0.054825157
601,2026-05-11 16:08:24.531054,-0.30696914,1.0570129,0.13067836,6.3954535,-2.313194,0.054825157
602,2026-05-11 16:08:24.533664,-0.30696914,1.0570129,0.13067836,6.3954535,-2.313194,0.054825157
603,2026-05-11 16:08:24.537274,-0.30696914,1.0570129,0.13067836,6.3954535,-2.313194,0.054825157
604,2026-05-11 16:08:24.540037,-0.30696914,1.0570129,0.13067836,6.3954535,-2.313194,0.054825157
605,2026-05-11 16:08:24.542646,-0.30696914,1.0570129,0.13067836,6.3954535,-2.313194,0.054825157
606,2026-05-11 16:08:24.545449,-0.30696914,1.0570129,0.13067836,6.3954535,-2.313194,0.054825157
607,2026-05-11 16:08:24.548029,-0.30696914,1.0570129,0.13067836,6.3954535,-2.313194,0.054825157
608,2026-05-11 16:08:24.550998,-0.30696914,1.0570129,0.13067836,6.3954535,-2.313194,0.054825157
609,2026-05-11 16:08:24.553830,-0.30696914,1.0570129,0.13067836,6.3954535,-2.313194,0.054825157
610,2026-05-11 16:08:24.556402,-0.30696914,1.0570129,0.13067836,6.3954535,-2.313194,0.054825157
611,2026-05-11 16:08:24.558993,-0.30696914,1.0570129,0.13067836,6.3954535,-2.313194,0.054825157
612,2026-05-11 16:08:24.561651,-0.30696914,1.0570129,0.13067836,6.3954535,-2.313194,0.054825157
613,2026-05-11 16:08:24.564323,-0.30696914,1.0570129,0.13067836,6.3954535,-2.313194,0.054825157
614,2026-05-11 16:08:24.567175,-0.30696914,1.0570129,0.13067836,6.3954535,-2.313194,0.054825157
615,2026-05-11 16:08:24.570603,-0.30696914,1.0570129,0.13067836,6.3954535,-2.313194,0.054825157
616,2026-05-11 16:08:24.573336,-0.30696914,1.0570129,0.13067836,6.3954535,-2.313194,0.054825157
617,2026-05-11 16:08:24.576054,-0.30696914,1.0570129,0.13067836,6.3954535,-2.313194,0.054825157
618,2026-05-11 16:08:24.578771,-0.30696914,1.0570129,0.13067836,6.3954535,-2.313194,0.054825157
619,2026-05-11 16:08:24.581406,-0.30696914,1.0570129,0.13067836,6.3954535,-2.313194,0.054825157
620,2026-05-11 16:08:24.584443,-0.30696914,1.0570129,0.13067836,6.3954535,-2.313194,0.054825157
621,2026-05-11 16:08:24.587323,-0.30696914,1.0570129,0.13067836,6.3954535,-2.313194,0.054825157
622,2026-05-11 16:08:24.590067,-0.30696914,1.0570129,0.13067836,6.3954535,-2.313194,0.054825157
623,2026-05-11 16:08:24.592644,-0.30696914,1.0570129,0.13067836,6.3954535,-2.313194,0.054825157
624,2026-05-11 16:08:24.595260,-0.30696914,1.0570129,0.13067836,6.3954535,-2.313194,0.054825157
625,2026-05-11 16:08:24.597990,-0.30696914,1.0570129,0.13067836,6.3954535,-2.313194,0.054825157
626,2026-05-11 16:08:24.601816,-0.25471,1.0862219,0.09299323,5.8769817,-2.0567832,-0.10277808
627,2026-05-11 16:08:24.605363,-0.25471,1.0862219,0.09299323,5.8769817,-2.0567832,-0.10277808
628,2026-05-11 16:08:24.608670,-0.25471,1.0862219,0.09299323,5.8769817,-2.0567832,-0.10277808
629,2026-05-11 16:08:24.611685,-0.24690464,1.1115892,0.09988388,5.8769817,-2.0567832,-0.10277808
630,2026-05-11 16:08:24.614497,-0.24690464,1.1115892,0.09988388,5.8769817,-2.0567832,-0.10277808
631,2026-05-11 16:08:24.618067,-0.24690464,1.1115892,0.09988388,5.8769817,-2.0567832,-0.10277808
632,2026-05-11 16:08:24.621156,-0.24690464,1.1115892,0.09988388,5.517946,-1.9570595,-0.25121832
633,2026-05-11 16:08:24.624050,-0.24690464,1.1115892,0.09988388,5.517946,-1.9570595,-0.25121832
634,2026-05-11 16:08:24.627043,-0.24690464,1.1115892,0.09988388,5.517946,-1.9570595,-0.25121832
635,2026-05-11 16:08:24.629960,-0.24690464,1.1115892,0.09988388,5.517946,-1.9570595,-0.25121832
636,2026-05-11 16:08:24.632979,-0.24934383,1.0705503,0.09878625,5.517946,-1.9570595,-0.25121832
637,2026-05-11 16:08:24.636316,-0.24934383,1.0705503,0.09878625,5.517946,-1.9570595,-0.25121832
638,2026-05-11 16:08:24.638985,-0.24934383,1.0705503,0.09878625,5.517946,-1.9570595,-0.25121832
639,2026-05-11 16:08:24.641546,-0.24934383,1.0705503,0.09878625,5.517946,-1.9570595,-0.25121832
640,2026-05-11 16:08:24.644124,-0.24934383,1.0705503,0.09878625,5.517946,-1.9570595,-0.25121832
641,2026-05-11 16:08:24.646971,-0.24934383,1.0705503,0.09878625,5.517946,-1.9570595,-0.25121832
642,2026-05-11 16:08:24.649772,-0.24934383,1.0705503,0.09878625,5.517946,-1.9570595,-0.25121832
643,2026-05-11 16:08:24.652933,-0.24934383,1.0705503,0.09878625,5.517946,-1.9570595,-0.25121832
644,2026-05-11 16:08:24.655721,-0.24934383,1.0705503,0.09878625,5.517946,-1.9570595,-0.25121832
645,2026-05-11 16:08:24.658478,-0.24934383,1.0705503,0.09878625,5.517946,-1.9570595,-0.25121832
646,2026-05-11 16:08:24.661214,-0.24934383,1.0705503,0.09878625,5.517946,-1.9570595,-0.25121832
647,2026-05-11 16:08:24.663798,-0.24934383,1.0705503,0.09878625,5.517946,-1.9570595,-0.25121832
648,2026-05-11 16:08:24.666976,-0.24934383,1.0705503,0.09878625,5.517946,-1.9570595,-0.25121832
649,2026-05-11 16:08:24.669806,-0.24934383,1.0705503,0.09878625,5.517946,-1.9570595,-0.25121832
650,2026-05-11 16:08:24.672405,-0.24934383,1.0705503,0.09878625,5.517946,-1.9570595,-0.25121832
651,2026-05-11 16:08:24.674996,-0.24934383,1.0705503,0.09878625,5.517946,-1.9570595,-0.25121832
652,2026-05-11 16:08:24.677585,-0.24934383,1.0705503,0.09878625,5.517946,-1.9570595,-0.25121832
653,2026-05-11 16:08:24.680414,-0.24934383,1.0705503,0.09878625,5.517946,-1.9570595,-0.25121832
654,2026-05-11 16:08:24.683062,-0.24934383,1.0705503,0.09878625,5.517946,-1.9570595,-0.25121832
655,2026-05-11 16:08:24.686230,-0.24934383,1.0705503,0.09878625,5.517946,-1.9570595,-0.25121832
656,2026-05-11 16:08:24.689026,-0.24934383,1.0705503,0.09878625,5.517946,-1.9570595,-0.25121832
657,2026-05-11 16:08:24.691634,-0.24934383,1.0705503,0.09878625,5.517946,-1.9570595,-0.25121832
658,2026-05-11 16:08:24.694232,-0.24934383,1.0705503,0.09878625,5.517946,-1.9570595,-0.25121832
659,2026-05-11 16:08:24.696902,-0.24934383,1.0705503,0.09878625,5.517946,-1.9570595,-0.25121832
660,2026-05-11 16:08:24.699966,-0.24934383,1.0705503,0.09878625,5.1976995,-1.9052887,-0.41615194
661,2026-05-11 16:08:24.702959,-0.2531855,1.0286576,0.08116327,5.1976995,-1.9052887,-0.41615194
662,2026-05-11 16:08:24.705622,-0.2531855,1.0286576,0.08116327,5.1976995,-1.9052887,-0.41615194
663,2026-05-11 16:08:24.708188,-0.2531855,1.0286576,0.08116327,5.1976995,-1.9052887,-0.41615194
664,2026-05-11 16:08:24.710769,-0.2531855,1.0286576,0.08116327,5.1976995,-1.9052887,-0.41615194
665,2026-05-11 16:08:24.713528,-0.2531855,1.0286576,0.08116327,5.1976995,-1.9052887,-0.41615194
666,2026-05-11 16:08:24.716155,-0.2531855,1.0286576,0.08116327,5.1976995,-1.9052887,-0.41615194
667,2026-05-11 16:08:24.719303,-0.2531855,1.0286576,0.08116327,5.1976995,-1.9052887,-0.41615194
668,2026-05-11 16:08:24.722200,-0.2531855,1.0286576,0.08116327,5.061935,-1.8472565,-0.49846604
669,2026-05-11 16:08:24.724979,-0.2531855,1.0286576,0.08116327,5.061935,-1.8472565,-0.49846604
670,2026-05-11 16:08:24.727572,-0.2531855,1.0286576,0.08116327,5.061935,-1.8472565,-0.49846604
671,2026-05-11 16:08:24.730244,-0.2531855,1.0286576,0.08116327,5.061935,-1.8472565,-0.49846604
672,2026-05-11 16:08:24.732916,-0.30270058,0.92724925,0.0023172083,5.061935,-1.8472565,-0.49846604
673,2026-05-11 16:08:24.736383,-0.30270058,0.92724925,0.0023172083,5.061935,-1.8472565,-0.49846604
674,2026-05-11 16:08:24.739194,-0.30270058,0.92724925,0.0023172083,5.061935,-1.8472565,-0.49846604
675,2026-05-11 16:08:24.741826,-0.30270058,0.92724925,0.0023172083,5.061935,-1.8472565,-0.49846604
676,2026-05-11 16:08:24.744440,-0.30270058,0.92724925,0.0023172083,5.061935,-1.8472565,-0.49846604
677,2026-05-11 16:08:24.747109,-0.30270058,0.92724925,0.0023172083,5.061935,-1.8472565,-0.49846604
678,2026-05-11 16:08:24.749755,-0.30270058,0.92724925,0.0023172083,5.061935,-1.8472565,-0.49846604
679,2026-05-11 16:08:24.753112,-0.30270058,0.92724925,0.0023172083,5.061935,-1.8472565,-0.49846604
680,2026-05-11 16:08:24.755710,-0.30270058,0.92724925,0.0023172083,5.061935,-1.8472565,-0.49846604
681,2026-05-11 16:08:24.758423,-0.30270058,0.92724925,0.0023172083,5.061935,-1.8472565,-0.49846604
682,2026-05-11 16:08:24.760999,-0.30270058,0.92724925,0.0023172083,5.061935,-1.8472565,-0.49846604
683,2026-05-11 16:08:24.785088,-0.44581872,0.47283247,-0.05793021,4.937471,-2.6624563,-0.18982637
684,2026-05-11 16:08:24.788535,-0.44581872,0.47283247,-0.05793021,4.937471,-2.6624563,-0.18982637
685,2026-05-11 16:08:24.791900,-0.44581872,0.47283247,-0.05793021,4.937471,-2.6624563,-0.18982637
686,2026-05-11 16:08:24.801284,-0.44581872,0.47283247,-0.05793021,4.937471,-2.6624563,-0.18982637
687,2026-05-11 16:08:24.804104,-0.44581872,0.47283247,-0.05793021,4.937471,-2.6624563,-0.18982637
688,2026-05-11 16:08:24.806709,-0.44581872,0.47283247,-0.05793021,4.937471,-2.6624563,-0.18982637
689,2026-05-11 16:08:24.809457,-0.44581872,0.47283247,-0.05793021,4.937471,-2.6624563,-0.18982637
690,2026-05-11 16:08:24.812060,-0.44581872,0.47283247,-0.05793021,4.937471,-2.6624563,-0.18982637
691,2026-05-11 16:08:24.814697,-0.28959006,0.46094155,-0.29196826,5.5234437,-3.4405458,0.051618114
692,2026-05-11 16:08:24.817763,-0.28959006,0.46094155,-0.29196826,5.5234437,-3.4405458,0.051618114
693,2026-05-11 16:08:24.820452,-0.28959006,0.46094155,-0.29196826,5.5234437,-3.4405458,0.051618114
694,2026-05-11 16:08:24.823022,-0.28959006,0.46094155,-0.29196826,5.5234437,-3.4405458,0.051618114
695,2026-05-11 16:08:24.825660,-0.28959006,0.46094155,-0.29196826,5.5234437,-3.4405458,0.051618114
696,2026-05-11 16:08:24.828254,-0.28959006,0.46094155,-0.29196826,5.5234437,-3.4405458,0.051618114
697,2026-05-11 16:08:24.830811,-0.28959006,0.46094155,-0.29196826,5.5234437,-3.4405458,0.051618114
698,2026-05-11 16:08:24.834152,-0.28959006,0.46094155,-0.29196826,5.5234437,-3.4405458,0.051618114
699,2026-05-11 16:08:24.836836,-0.28959006,0.46094155,-0.29196826,5.5234437,-3.4405458,0.051618114
700,2026-05-11 16:08:24.839449,-0.28959006,0.46094155,-0.29196826,5.5234437,-3.4405458,0.051618114
701,2026-05-11 16:08:24.842215,-0.28959006,0.46094155,-0.29196826,5.5234437,-3.4405458,0.051618114
702,2026-05-11 16:08:24.845022,-0.28959006,0.46094155,-0.29196826,5.5234437,-3.4405458,0.051618114
703,2026-05-11 16:08:24.847795,-0.28959006,0.46094155,-0.29196826,5.5234437,-3.4405458,0.051618114
704,2026-05-11 16:08:24.850954,-0.28959006,0.46094155,-0.29196826,5.6172113,-3.7792706,0.31306845
705,2026-05-11 16:08:24.853733,-0.28959006,0.46094155,-0.29196826,5.6172113,-3.7792706,0.31306845
706,2026-05-11 16:08:24.856323,-0.28959006,0.46094155,-0.29196826,5.6172113,-3.7792706,0.31306845
707,2026-05-11 16:08:24.859106,-0.28959006,0.46094155,-0.29196826,5.6172113,-3.7792706,0.31306845
708,2026-05-11 16:08:24.861706,-0.28959006,0.46094155,-0.29196826,5.6172113,-3.7792706,0.31306845
709,2026-05-11 16:08:24.864359,-0.28959006,0.46094155,-0.29196826,5.6172113,-3.7792706,0.31306845
710,2026-05-11 16:08:24.867176,-0.28959006,0.46094155,-0.29196826,5.6172113,-3.7792706,0.31306845
711,2026-05-11 16:08:24.870167,-0.28959006,0.46094155,-0.29196826,5.6172113,-3.7792706,0.31306845
712,2026-05-11 16:08:24.872788,-0.28959006,0.46094155,-0.29196826,5.6172113,-3.7792706,0.31306845
713,2026-05-11 16:08:24.875388,-0.28959006,0.46094155,-0.29196826,5.6172113,-3.7792706,0.31306845
714,2026-05-11 16:08:24.878283,-0.28959006,0.46094155,-0.29196826,5.6172113,-3.7792706,0.31306845
715,2026-05-11 16:08:24.880888,-0.28959006,0.46094155,-0.29196826,5.6172113,-3.7792706,0.31306845
716,2026-05-11 16:08:24.883914,-0.28959006,0.46094155,-0.29196826,5.6172113,-3.7792706,0.31306845
717,2026-05-11 16:08:24.886788,-0.28959006,0.46094155,-0.29196826,5.6172113,-3.7792706,0.31306845
718,2026-05-11 16:08:24.889510,-0.06726002,0.47722298,-0.44246486,5.491373,-3.9678752,0.40301836
719,2026-05-11 16:08:24.892071,-0.06726002,0.47722298,-0.44246486,5.491373,-3.9678752,0.40301836
720,2026-05-11 16:08:24.894855,-0.06726002,0.47722298,-0.44246486,5.491373,-3.9678752,0.40301836
721,2026-05-11 16:08:24.897416,-0.06726002,0.47722298,-0.44246486,5.491373,-3.9678752,0.40301836
722,2026-05-11 16:08:24.900467,-0.06726002,0.47722298,-0.44246486,5.491373,-3.9678752,0.40301836
723,2026-05-11 16:08:24.903290,-0.06726002,0.47722298,-0.44246486,5.491373,-3.9678752,0.40301836
724,2026-05-11 16:08:24.905926,-0.06726002,0.47722298,-0.44246486,5.491373,-3.9678752,0.40301836
725,2026-05-11 16:08:24.908533,-0.06726002,0.47722298,-0.44246486,5.491373,-3.9678752,0.40301836
726,2026-05-11 16:08:24.911171,-0.06726002,0.47722298,-0.44246486,5.491373,-3.9678752,0.40301836
727,2026-05-11 16:08:24.913907,-0.06726002,0.47722298,-0.44246486,5.491373,-3.9678752,0.40301836
728,2026-05-11 16:08:24.916673,-0.06726002,0.47722298,-0.44246486,5.491373,-3.9678752,0.40301836
729,2026-05-11 16:08:24.920163,-0.06726002,0.47722298,-0.44246486,5.491373,-3.9678752,0.40301836
730,2026-05-11 16:08:24.923078,-0.06726002,0.47722298,-0.44246486,5.491373,-3.9678752,0.40301836
731,2026-05-11 16:08:24.925864,-0.06726002,0.47722298,-0.44246486,5.491373,-3.9678752,0.40301836
732,2026-05-11 16:08:24.928749,0.16970502,0.47380814,-0.57588726,5.1007247,-3.9978075,0.34987307
733,2026-05-11 16:08:24.931409,0.16970502,0.47380814,-0.57588726,5.1007247,-3.9978075,0.34987307
734,2026-05-11 16:08:24.934164,0.16970502,0.47380814,-0.57588726,5.1007247,-3.9978075,0.34987307
735,2026-05-11 16:08:24.937361,0.16970502,0.47380814,-0.57588726,5.1007247,-3.9978075,0.34987307
736,2026-05-11 16:08:24.940064,0.16970502,0.47380814,-0.57588726,5.1007247,-3.9978075,0.34987307
737,2026-05-11 16:08:24.942817,0.16970502,0.47380814,-0.57588726,5.1007247,-3.9978075,0.34987307
738,2026-05-11 16:08:24.945403,0.16970502,0.47380814,-0.57588726,5.1007247,-3.9978075,0.34987307
739,2026-05-11 16:08:24.948171,0.16970502,0.47380814,-0.57588726,5.1007247,-3.9978075,0.34987307
740,2026-05-11 16:08:24.951199,0.16970502,0.47380814,-0.57588726,5.1007247,-3.9978075,0.34987307
741,2026-05-11 16:08:24.954032,0.16970502,0.47380814,-0.57588726,5.1007247,-3.9978075,0.34987307
742,2026-05-11 16:08:24.956610,0.16970502,0.47380814,-0.57588726,5.1007247,-3.9978075,0.34987307
743,2026-05-11 16:08:24.959462,0.16970502,0.47380814,-0.57588726,5.1007247,-3.9978075,0.34987307
744,2026-05-11 16:08:24.962155,0.2587346,0.45161173,-0.65205026,5.1007247,-3.9978075,0.34987307
745,2026-05-11 16:08:24.964752,0.2587346,0.45161173,-0.65205026,5.1007247,-3.9978075,0.34987307
746,2026-05-11 16:08:24.967709,0.2587346,0.45161173,-0.65205026,5.1007247,-3.9978075,0.34987307
747,2026-05-11 16:08:24.970403,0.2587346,0.45161173,-0.65205026,5.1007247,-3.9978075,0.34987307
748,2026-05-11 16:08:24.973128,0.2587346,0.45161173,-0.65205026,4.728097,-3.8124099,0.27183503
749,2026-05-11 16:08:24.975945,0.2587346,0.45161173,-0.65205026,4.728097,-3.8124099,0.27183503
750,2026-05-11 16:08:24.978628,0.2587346,0.45161173,-0.65205026,4.728097,-3.8124099,0.27183503
751,2026-05-11 16:08:24.981425,0.2587346,0.45161173,-0.65205026,4.728097,-3.8124099,0.27183503
752,2026-05-11 16:08:24.984532,0.2587346,0.45161173,-0.65205026,4.728097,-3.8124099,0.27183503
753,2026-05-11 16:08:24.987334,0.2587346,0.45161173,-0.65205026,4.728097,-3.8124099,0.27183503
754,2026-05-11 16:08:24.989955,0.2587346,0.45161173,-0.65205026,4.728097,-3.8124099,0.27183503
755,2026-05-11 16:08:24.992822,0.2587346,0.45161173,-0.65205026,4.728097,-3.8124099,0.27183503
756,2026-05-11 16:08:24.995467,0.2587346,0.45161173,-0.65205026,4.728097,-3.8124099,0.27183503
757,2026-05-11 16:08:24.998244,0.2587346,0.45161173,-0.65205026,4.728097,-3.8124099,0.27183503
758,2026-05-11 16:08:25.001338,0.2587346,0.45161173,-0.65205026,4.728097,-3.8124099,0.27183503
759,2026-05-11 16:08:25.004074,0.2587346,0.45161173,-0.65205026,4.728097,-3.8124099,0.27183503
760,2026-05-11 16:08:25.006643,0.2587346,0.45161173,-0.65205026,4.728097,-3.8124099,0.27183503
761,2026-05-11 16:08:25.009442,0.2587346,0.45161173,-0.65205026,4.728097,-3.8124099,0.27183503
762,2026-05-11 16:08:25.012097,0.32367742,0.34623972,-0.6544894,4.728097,-3.8124099,0.27183503
763,2026-05-11 16:08:25.014668,0.32367742,0.34623972,-0.6544894,4.728097,-3.8124099,0.27183503
764,2026-05-11 16:08:25.017735,0.32367742,0.34623972,-0.6544894,4.728097,-3.8124099,0.27183503
765,2026-05-11 16:08:25.020462,0.32367742,0.34623972,-0.6544894,4.728097,-3.8124099,0.27183503
766,2026-05-11 16:08:25.023204,0.32367742,0.34623972,-0.6544894,3.549585,-2.8156307,0.21700987
767,2026-05-11 16:08:25.025931,0.33672696,0.28898028,-0.59082717,3.549585,-2.8156307,0.21700987
768,2026-05-11 16:08:25.028645,0.33672696,0.28898028,-0.59082717,3.396258,-2.6552784,0.22983804
769,2026-05-11 16:08:25.031238,0.33672696,0.28898028,-0.59082717,3.396258,-2.6552784,0.22983804
770,2026-05-11 16:08:25.034645,0.33672696,0.28898028,-0.59082717,3.396258,-2.6552784,0.22983804
771,2026-05-11 16:08:25.037470,0.33672696,0.28898028,-0.59082717,3.396258,-2.6552784,0.22983804
772,2026-05-11 16:08:25.040185,0.33672696,0.28898028,-0.59082717,2.8904617,-1.9097174,0.47158796
773,2026-05-11 16:08:25.042897,0.33672696,0.28898028,-0.59082717,2.8904617,-1.9097174,0.47158796
774,2026-05-11 16:08:25.045484,0.33672696,0.28898028,-0.59082717,2.8904617,-1.9097174,0.47158796
775,2026-05-11 16:08:25.048125,0.33672696,0.28898028,-0.59082717,2.8904617,-1.9097174,0.47158796
776,2026-05-11 16:08:25.051004,0.33672696,0.28898028,-0.59082717,2.8904617,-1.9097174,0.47158796
777,2026-05-11 16:08:25.053690,0.33672696,0.28898028,-0.59082717,2.8904617,-1.9097174,0.47158796
778,2026-05-11 16:08:25.056252,0.33672696,0.28898028,-0.59082717,2.8904617,-1.9097174,0.47158796
779,2026-05-11 16:08:25.058853,0.3342878,0.045673396,-0.31495738,2.8904617,-1.9097174,0.47158796
780,2026-05-11 16:08:25.061673,0.32392135,-0.11043327,-0.23074517,2.8904617,-1.9097174,0.47158796
781,2026-05-11 16:08:25.064276,0.32392135,-0.11043327,-0.23074517,2.8904617,-1.9097174,0.47158796
782,2026-05-11 16:08:25.067467,0.32392135,-0.11043327,-0.23074517,2.8904617,-1.9097174,0.47158796
783,2026-05-11 16:08:25.070325,0.32392135,-0.11043327,-0.23074517,2.8904617,-1.9097174,0.47158796
784,2026-05-11 16:08:25.072965,0.32392135,-0.11043327,-0.23074517,3.2566752,-1.9126191,0.8323039
785,2026-05-11 16:08:25.075556,0.32392135,-0.11043327,-0.23074517,3.2566752,-1.9126191,0.8323039
786,2026-05-11 16:08:25.078259,0.32392135,-0.11043327,-0.23074517,3.2566752,-1.9126191,0.8323039
787,2026-05-11 16:08:25.080837,0.32392135,-0.11043327,-0.23074517,3.2566752,-1.9126191,0.8323039
788,2026-05-11 16:08:25.083824,0.32392135,-0.11043327,-0.23074517,3.2566752,-1.9126191,0.8323039
789,2026-05-11 16:08:25.086695,0.32392135,-0.11043327,-0.23074517,3.2566752,-1.9126191,0.8323039
790,2026-05-11 16:08:25.089342,0.32392135,-0.11043327,-0.23074517,3.2566752,-1.9126191,0.8323039
791,2026-05-11 16:08:25.092100,0.32392135,-0.11043327,-0.23074517,3.2566752,-1.9126191,0.8323039
792,2026-05-11 16:08:25.094892,0.31453055,-0.2151345,-0.8084618,3.492011,-2.043955,1.1088731
793,2026-05-11 16:08:25.097572,0.31453055,-0.2151345,-0.8084618,3.492011,-2.043955,1.1088731
794,2026-05-11 16:08:25.100542,0.31453055,-0.2151345,-0.8084618,3.492011,-2.043955,1.1088731
795,2026-05-11 16:08:25.103356,0.31453055,-0.2151345,-0.8084618,3.492011,-2.043955,1.1088731
796,2026-05-11 16:08:25.106066,0.31453055,-0.2151345,-0.8084618,3.492011,-2.043955,1.1088731
797,2026-05-11 16:08:25.108672,0.31453055,-0.2151345,-0.8084618,3.3470833,-1.9069686,1.8799378
798,2026-05-11 16:08:25.111408,0.31453055,-0.2151345,-0.8084618,3.3470833,-1.9069686,1.8799378
799,2026-05-11 16:08:25.114207,0.31453055,-0.2151345,-0.8084618,3.3470833,-1.9069686,1.8799378
800,2026-05-11 16:08:25.117313,0.31453055,-0.2151345,-0.8084618,3.3470833,-1.9069686,1.8799378
801,2026-05-11 16:08:25.120069,0.31453055,-0.2151345,-0.8084618,3.3470833,-1.9069686,1.8799378
802,2026-05-11 16:08:25.122673,0.31453055,-0.2151345,-0.8084618,3.3470833,-1.9069686,1.8799378
803,2026-05-11 16:08:25.125748,0.31453055,-0.2151345,-0.8084618,3.3470833,-1.9069686,1.8799378
804,2026-05-11 16:08:25.128947,0.31453055,-0.2151345,-0.8084618,3.3470833,-1.9069686,1.8799378
805,2026-05-11 16:08:25.131872,0.31453055,-0.2151345,-0.8084618,3.3470833,-1.9069686,1.8799378
806,2026-05-11 16:08:25.135579,0.31453055,-0.2151345,-0.8084618,3.3470833,-1.9069686,1.8799378
807,2026-05-11 16:08:25.138645,0.31453055,-0.2151345,-0.8084618,3.3470833,-1.9069686,1.8799378
808,2026-05-11 16:08:25.141918,0.31453055,-0.2151345,-0.8084618,3.3470833,-1.9069686,1.8799378
809,2026-05-11 16:08:25.145055,0.31453055,-0.2151345,-0.8084618,2.3486242,-1.1273518,2.7898216
810,2026-05-11 16:08:25.148855,0.90456504,-0.23690407,-1.0296332,1.5236506,-0.5187773,2.9477303
811,2026-05-11 16:08:25.152869,0.90456504,-0.23690407,-1.0296332,1.5236506,-0.5187773,2.9477303
812,2026-05-11 16:08:25.157786,0.90456504,-0.23690407,-1.0296332,1.5236506,-0.5187773,2.9477303
813,2026-05-11 16:08:25.161171,0.90456504,-0.23690407,-1.0296332,1.5236506,-0.5187773,2.9477303
814,2026-05-11 16:08:25.164815,0.90456504,-0.23690407,-1.0296332,1.5236506,-0.5187773,2.9477303
815,2026-05-11 16:08:25.169957,0.90456504,-0.23690407,-1.0296332,1.5236506,-0.5187773,2.9477303
816,2026-05-11 16:08:25.173339,1.3971547,-0.24269708,-0.9224928,1.5236506,-0.5187773,2.9477303
817,2026-05-11 16:08:25.177624,1.3971547,-0.24269708,-0.9224928,1.5236506,-0.5187773,2.9477303
818,2026-05-11 16:08:25.181217,1.3971547,-0.24269708,-0.9224928,1.5236506,-0.5187773,2.9477303
819,2026-05-11 16:08:25.187524,1.3971547,-0.24269708,-0.9224928,1.5236506,-0.5187773,2.9477303
820,2026-05-11 16:08:25.192304,1.3971547,-0.24269708,-0.9224928,1.5236506,-0.5187773,2.9477303
821,2026-05-11 16:08:25.195671,1.3971547,-0.24269708,-0.9224928,1.5236506,-0.5187773,2.9477303
822,2026-05-11 16:08:25.199091,1.3971547,-0.24269708,-0.9224928,1.5236506,-0.5187773,2.9477303
823,2026-05-11 16:08:25.202741,1.5740552,-0.27776012,-0.8040713,1.5236506,-0.5187773,2.9477303
824,2026-05-11 16:08:25.206235,1.5740552,-0.27776012,-0.8040713,1.5236506,-0.5187773,2.9477303
825,2026-05-11 16:08:25.209322,1.5740552,-0.27776012,-0.8040713,1.5236506,-0.5187773,2.9477303
826,2026-05-11 16:08:25.213664,1.5740552,-0.27776012,-0.8040713,1.1128438,-0.2640465,2.809522
827,2026-05-11 16:08:25.217888,1.5740552,-0.27776012,-0.8040713,1.1128438,-0.2640465,2.809522
828,2026-05-11 16:08:25.221070,1.5740552,-0.27776012,-0.8040713,1.1128438,-0.2640465,2.809522
829,2026-05-11 16:08:25.224134,1.5740552,-0.27776012,-0.8040713,1.1128438,-0.2640465,2.809522
830,2026-05-11 16:08:25.228089,1.6162529,-0.34373957,-0.6926014,1.1128438,-0.2640465,2.809522
831,2026-05-11 16:08:25.231173,1.6162529,-0.34373957,-0.6926014,1.1128438,-0.2640465,2.809522
832,2026-05-11 16:08:25.235853,1.6162529,-0.34373957,-0.6926014,1.031446,-0.45204028,2.54517
833,2026-05-11 16:08:25.239016,1.6162529,-0.34373957,-0.6926014,1.031446,-0.45204028,2.54517
834,2026-05-11 16:08:25.241918,1.6132649,-0.51131034,-0.63711035,1.2154691,-0.6748534,2.6122124
835,2026-05-11 16:08:25.244819,1.6132649,-0.51131034,-0.63711035,1.2154691,-0.6748534,2.6122124
836,2026-05-11 16:08:25.247532,1.6132649,-0.51131034,-0.63711035,1.2154691,-0.6748534,2.6122124
837,2026-05-11 16:08:25.250857,1.6132649,-0.51131034,-0.63711035,1.2154691,-0.6748534,2.6122124
838,2026-05-11 16:08:25.253790,1.6132649,-0.51131034,-0.63711035,1.2154691,-0.6748534,2.6122124
839,2026-05-11 16:08:25.256588,1.8037637,-0.4012429,-0.7387626,1.3240504,-0.7816021,2.7574458
840,2026-05-11 16:08:25.259244,1.8037637,-0.4012429,-0.7387626,1.3240504,-0.7816021,2.7574458
841,2026-05-11 16:08:25.262039,1.8037637,-0.4012429,-0.7387626,1.3240504,-0.7816021,2.7574458
842,2026-05-11 16:08:25.264674,1.8037637,-0.4012429,-0.7387626,1.3240504,-0.7816021,2.7574458
843,2026-05-11 16:08:25.267794,1.8037637,-0.4012429,-0.7387626,1.3240504,-0.7816021,2.7574458
844,2026-05-11 16:08:25.270609,1.8037637,-0.4012429,-0.7387626,1.3240504,-0.7816021,2.7574458
845,2026-05-11 16:08:25.273240,1.8037637,-0.4012429,-0.7387626,1.3240504,-0.7816021,2.7574458
846,2026-05-11 16:08:25.276071,1.8037637,-0.4012429,-0.7387626,1.3240504,-0.7816021,2.7574458
847,2026-05-11 16:08:25.278691,1.8037637,-0.4012429,-0.7387626,1.3240504,-0.7816021,2.7574458
848,2026-05-11 16:08:25.281653,1.8037637,-0.4012429,-0.7387626,1.3240504,-0.7816021,2.7574458
849,2026-05-11 16:08:25.284791,1.8037637,-0.4012429,-0.7387626,1.3634512,-0.713796,2.8814514
850,2026-05-11 16:08:25.287565,1.8037637,-0.4012429,-0.7387626,1.3634512,-0.713796,2.8814514
851,2026-05-11 16:08:25.290302,1.8037637,-0.4012429,-0.7387626,1.3634512,-0.713796,2.8814514
852,2026-05-11 16:08:25.292918,1.8037637,-0.4012429,-0.7387626,1.3634512,-0.713796,2.8814514
853,2026-05-11 16:08:25.295758,1.8037637,-0.4012429,-0.7387626,1.3634512,-0.713796,2.8814514
854,2026-05-11 16:08:25.298418,1.8037637,-0.4012429,-0.7387626,1.3634512,-0.713796,2.8814514
855,2026-05-11 16:08:25.301400,1.8037637,-0.4012429,-0.7387626,1.3634512,-0.713796,2.8814514
856,2026-05-11 16:08:25.304106,1.8037637,-0.4012429,-0.7387626,1.3634512,-0.713796,2.8814514
857,2026-05-11 16:08:25.306901,1.8037637,-0.4012429,-0.7387626,1.3634512,-0.713796,2.8814514
858,2026-05-11 16:08:25.309669,1.8037637,-0.4012429,-0.7387626,1.270447,-0.5093089,2.8750372
859,2026-05-11 16:08:25.312319,1.8037637,-0.4012429,-0.7387626,1.270447,-0.5093089,2.8750372
860,2026-05-11 16:08:25.314965,1.8037637,-0.4012429,-0.7387626,1.270447,-0.5093089,2.8750372
861,2026-05-11 16:08:25.318070,1.8037637,-0.4012429,-0.7387626,1.270447,-0.5093089,2.8750372
862,2026-05-11 16:08:25.320807,1.8037637,-0.4012429,-0.7387626,1.270447,-0.5093089,2.8750372
863,2026-05-11 16:08:25.323577,1.8037637,-0.4012429,-0.7387626,1.270447,-0.5093089,2.8750372
864,2026-05-11 16:08:25.326231,1.8037637,-0.4012429,-0.7387626,1.270447,-0.5093089,2.8750372
865,2026-05-11 16:08:25.328803,1.8037637,-0.4012429,-0.7387626,1.270447,-0.5093089,2.8750372
866,2026-05-11 16:08:25.331560,1.8037637,-0.4012429,-0.7387626,1.270447,-0.5093089,2.8750372
867,2026-05-11 16:08:25.334718,1.8037637,-0.4012429,-0.7387626,1.270447,-0.5093089,2.8750372
868,2026-05-11 16:08:25.337509,1.8037637,-0.4012429,-0.7387626,1.270447,-0.5093089,2.8750372
869,2026-05-11 16:08:25.340110,1.8037637,-0.4012429,-0.7387626,1.270447,-0.5093089,2.8750372
870,2026-05-11 16:08:25.342891,1.8037637,-0.4012429,-0.7387626,1.270447,-0.5093089,2.8750372
871,2026-05-11 16:08:25.345512,1.8037637,-0.4012429,-0.7387626,1.270447,-0.5093089,2.8750372
872,2026-05-11 16:08:25.348215,1.8037637,-0.4012429,-0.7387626,1.270447,-0.5093089,2.8750372
873,2026-05-11 16:08:25.351397,1.8037637,-0.4012429,-0.7387626,1.270447,-0.5093089,2.8750372
874,2026-05-11 16:08:25.354143,1.8037637,-0.4012429,-0.7387626,1.270447,-0.5093089,2.8750372
875,2026-05-11 16:08:25.356706,1.8037637,-0.4012429,-0.7387626,1.270447,-0.5093089,2.8750372
876,2026-05-11 16:08:25.359504,1.8037637,-0.4012429,-0.7387626,1.270447,-0.5093089,2.8750372
877,2026-05-11 16:08:25.362348,1.8037637,-0.4012429,-0.7387626,1.270447,-0.5093089,2.8750372
878,2026-05-11 16:08:25.364943,1.8037637,-0.4012429,-0.7387626,1.270447,-0.5093089,2.8750372
879,2026-05-11 16:08:25.368027,1.8037637,-0.4012429,-0.7387626,1.270447,-0.5093089,2.8750372
880,2026-05-11 16:08:25.370855,1.8037637,-0.4012429,-0.7387626,1.270447,-0.5093089,2.8750372
881,2026-05-11 16:08:25.373417,1.8037637,-0.4012429,-0.7387626,1.270447,-0.5093089,2.8750372
882,2026-05-11 16:08:25.376019,1.9361495,-0.3144086,-0.8139499,1.270447,-0.5093089,2.8750372
883,2026-05-11 16:08:25.378764,1.9361495,-0.3144086,-0.8139499,1.270447,-0.5093089,2.8750372
884,2026-05-11 16:08:25.381508,1.9361495,-0.3144086,-0.8139499,1.270447,-0.5093089,2.8750372
885,2026-05-11 16:08:25.384513,1.9361495,-0.3144086,-0.8139499,1.270447,-0.5093089,2.8750372
886,2026-05-11 16:08:25.387364,1.9361495,-0.3144086,-0.8139499,1.270447,-0.5093089,2.8750372
887,2026-05-11 16:08:25.390092,1.9361495,-0.3144086,-0.8139499,1.270447,-0.5093089,2.8750372
888,2026-05-11 16:08:25.392672,1.9361495,-0.3144086,-0.8139499,1.270447,-0.5093089,2.8750372
889,2026-05-11 16:08:25.395416,1.9361495,-0.3144086,-0.8139499,1.270447,-0.5093089,2.8750372
890,2026-05-11 16:08:25.397986,1.9361495,-0.3144086,-0.8139499,1.270447,-0.5093089,2.8750372
891,2026-05-11 16:08:25.400855,1.9361495,-0.3144086,-0.8139499,1.270447,-0.5093089,2.8750372
892,2026-05-11 16:08:25.403773,1.9361495,-0.3144086,-0.8139499,1.270447,-0.5093089,2.8750372
893,2026-05-11 16:08:25.406472,1.9361495,-0.3144086,-0.8139499,1.270447,-0.5093089,2.8750372
894,2026-05-11 16:08:25.409102,1.9361495,-0.3144086,-0.8139499,1.270447,-0.5093089,2.8750372
895,2026-05-11 16:08:25.411715,1.9361495,-0.3144086,-0.8139499,1.270447,-0.5093089,2.8750372
896,2026-05-11 16:08:25.414270,1.9361495,-0.3144086,-0.8139499,1.270447,-0.5093089,2.8750372
897,2026-05-11 16:08:25.417406,1.9361495,-0.3144086,-0.8139499,1.270447,-0.5093089,2.8750372
898,2026-05-11 16:08:25.420098,1.9361495,-0.3144086,-0.8139499,1.270447,-0.5093089,2.8750372
899,2026-05-11 16:08:25.422816,1.9361495,-0.3144086,-0.8139499,1.270447,-0.5093089,2.8750372
900,2026-05-11 16:08:25.425704,1.9361495,-0.3144086,-0.8139499,1.270447,-0.5093089,2.8750372
901,2026-05-11 16:08:25.428361,1.9361495,-0.3144086,-0.8139499,1.270447,-0.5093089,2.8750372
902,2026-05-11 16:08:25.431093,2.0967686,-0.18671821,-0.8713923,1.270447,-0.5093089,2.8750372
903,2026-05-11 16:08:25.434166,2.0967686,-0.18671821,-0.8713923,1.0015136,-0.13469578,2.7035367
904,2026-05-11 16:08:25.436967,2.0967686,-0.18671821,-0.8713923,1.0015136,-0.13469578,2.7035367
905,2026-05-11 16:08:25.439555,2.0967686,-0.18671821,-0.8713923,1.0015136,-0.13469578,2.7035367
906,2026-05-11 16:08:25.442132,2.0967686,-0.18671821,-0.8713923,1.0015136,-0.13469578,2.7035367
907,2026-05-11 16:08:25.444922,2.0967686,-0.18671821,-0.8713923,1.0015136,-0.13469578,2.7035367
908,2026-05-11 16:08:25.447578,2.0967686,-0.18671821,-0.8713923,1.0015136,-0.13469578,2.7035367
909,2026-05-11 16:08:25.450575,2.0967686,-0.18671821,-0.8713923,1.0015136,-0.13469578,2.7035367
910,2026-05-11 16:08:25.453409,2.0967686,-0.18671821,-0.8713923,1.0015136,-0.13469578,2.7035367
911,2026-05-11 16:08:25.456124,2.2006161,-0.08165111,-0.86437976,0.31764993,0.7583892,1.7684549
912,2026-05-11 16:08:25.458702,2.2006161,-0.08165111,-0.86437976,0.31764993,0.7583892,1.7684549
913,2026-05-11 16:08:25.461453,2.2006161,-0.08165111,-0.86437976,0.31764993,0.7583892,1.7684549
914,2026-05-11 16:08:25.464031,2.2006161,-0.08165111,-0.86437976,0.31764993,0.7583892,1.7684549
915,2026-05-11 16:08:25.467012,2.2006161,-0.08165111,-0.86437976,0.31764993,0.7583892,1.7684549
916,2026-05-11 16:08:25.469800,2.2006161,-0.08165111,-0.86437976,0.31764993,0.7583892,1.7684549
917,2026-05-11 16:08:25.472395,2.2006161,-0.08165111,-0.86437976,0.31764993,0.7583892,1.7684549
918,2026-05-11 16:08:25.474994,2.2006161,-0.08165111,-0.86437976,0.31764993,0.7583892,1.7684549
919,2026-05-11 16:08:25.477644,2.2006161,-0.08165111,-0.86437976,0.31764993,0.7583892,1.7684549
920,2026-05-11 16:08:25.480213,2.2006161,-0.08165111,-0.86437976,0.31764993,0.7583892,1.7684549
921,2026-05-11 16:08:25.483185,2.2006161,-0.08165111,-0.86437976,0.31764993,0.7583892,1.7684549
922,2026-05-11 16:08:25.486443,2.285499,0.03298973,-0.89047885,0.31764993,0.7583892,1.7684549
923,2026-05-11 16:08:25.489218,2.285499,0.03298973,-0.89047885,0.31764993,0.7583892,1.7684549
924,2026-05-11 16:08:25.491823,2.285499,0.03298973,-0.89047885,0.31764993,0.7583892,1.7684549
925,2026-05-11 16:08:25.494527,2.285499,0.03298973,-0.89047885,0.31764993,0.7583892,1.7684549
926,2026-05-11 16:08:25.497130,2.285499,0.03298973,-0.89047885,0.31764993,0.7583892,1.7684549
927,2026-05-11 16:08:25.499869,2.285499,0.03298973,-0.89047885,0.31764993,0.7583892,1.7684549
928,2026-05-11 16:08:25.502834,2.285499,0.03298973,-0.89047885,0.31764993,0.7583892,1.7684549
929,2026-05-11 16:08:25.505685,2.285499,0.03298973,-0.89047885,0.31764993,0.7583892,1.7684549
930,2026-05-11 16:08:25.508332,2.285499,0.03298973,-0.89047885,0.31764993,0.7583892,1.7684549
931,2026-05-11 16:08:25.510942,2.285499,0.03298973,-0.89047885,0.31764993,0.7583892,1.7684549
932,2026-05-11 16:08:25.513461,2.285499,0.03298973,-0.89047885,0.31764993,0.7583892,1.7684549
933,2026-05-11 16:08:25.516293,2.285499,0.03298973,-0.89047885,0.31764993,0.7583892,1.7684549
934,2026-05-11 16:08:25.519316,2.285499,0.03298973,-0.89047885,0.31764993,0.7583892,1.7684549
935,2026-05-11 16:08:25.522048,2.2364109,0.06591848,-0.96895903,-0.12064589,0.91629785,1.1334605
936,2026-05-11 16:08:25.524675,2.2364109,0.06591848,-0.96895903,-0.12064589,0.91629785,1.1334605
937,2026-05-11 16:08:25.527237,2.2364109,0.06591848,-0.96895903,-0.12064589,0.91629785,1.1334605
938,2026-05-11 16:08:25.529895,2.2364109,0.06591848,-0.96895903,-0.12064589,0.91629785,1.1334605
939,2026-05-11 16:08:25.532470,2.2364109,0.06591848,-0.96895903,-0.12064589,0.91629785,1.1334605
940,2026-05-11 16:08:25.535734,2.2364109,0.06591848,-0.96895903,-0.12064589,0.91629785,1.1334605
941,2026-05-11 16:08:25.538567,2.2364109,0.06591848,-0.96895903,-0.12064589,0.91629785,1.1334605
942,2026-05-11 16:08:25.541256,2.2364109,0.06591848,-0.96895903,-0.12064589,0.91629785,1.1334605
943,2026-05-11 16:08:25.543988,2.2364109,0.06591848,-0.96895903,-0.12064589,0.91629785,1.1334605
944,2026-05-11 16:08:25.546594,2.2364109,0.06591848,-0.96895903,-0.12064589,0.91629785,1.1334605
945,2026-05-11 16:08:25.549396,2.2364109,0.06591848,-0.96895903,-0.12064589,0.91629785,1.1334605
946,2026-05-11 16:08:25.552329,2.2364109,0.06591848,-0.96895903,-0.12064589,0.91629785,1.1334605
947,2026-05-11 16:08:25.555021,2.2364109,0.06591848,-0.96895903,-0.12064589,0.91629785,1.1334605
948,2026-05-11 16:08:25.557853,2.2364109,0.06591848,-0.96895903,-0.12064589,0.91629785,1.1334605
949,2026-05-11 16:08:25.560539,2.2364109,0.06591848,-0.96895903,-0.12064589,0.91629785,1.1334605
950,2026-05-11 16:08:25.563334,2.151467,0.09707884,-0.9711542,-0.12064589,0.91629785,1.1334605
951,2026-05-11 16:08:25.565976,2.151467,0.09707884,-0.9711542,-0.12064589,0.91629785,1.1334605
952,2026-05-11 16:08:25.569474,2.151467,0.09707884,-0.9711542,-0.12064589,0.91629785,1.1334605
953,2026-05-11 16:08:25.572308,2.151467,0.09707884,-0.9711542,-0.12064589,0.91629785,1.1334605
954,2026-05-11 16:08:25.574996,2.151467,0.09707884,-0.9711542,-0.5684101,1.0022771,0.6088799
955,2026-05-11 16:08:25.577586,2.151467,0.09707884,-0.9711542,-0.5684101,1.0022771,0.6088799
956,2026-05-11 16:08:25.580303,2.151467,0.09707884,-0.9711542,-0.5684101,1.0022771,0.6088799
957,2026-05-11 16:08:25.582922,2.151467,0.09707884,-0.9711542,-0.5684101,1.0022771,0.6088799
958,2026-05-11 16:08:25.586131,2.151467,0.09707884,-0.9711542,-0.5684101,1.0022771,0.6088799
959,2026-05-11 16:08:25.588854,2.151467,0.09707884,-0.9711542,-0.5684101,1.0022771,0.6088799
960,2026-05-11 16:08:25.591424,2.151467,0.09707884,-0.9711542,-0.5684101,1.0022771,0.6088799
961,2026-05-11 16:08:25.594071,2.151467,0.09707884,-0.9711542,-0.5684101,1.0022771,0.6088799
962,2026-05-11 16:08:25.596857,2.0599983,0.10726235,-0.86633104,-1.127199,1.1304061,-0.06291912
963,2026-05-11 16:08:25.599673,2.0599983,0.10726235,-0.86633104,-1.127199,1.1304061,-0.06291912
964,2026-05-11 16:08:25.602775,2.0599983,0.10726235,-0.86633104,-1.127199,1.1304061,-0.06291912
965,2026-05-11 16:08:25.605538,2.0599983,0.10726235,-0.86633104,-1.127199,1.1304061,-0.06291912
966,2026-05-11 16:08:25.608205,2.0599983,0.10726235,-0.86633104,-1.127199,1.1304061,-0.06291912
967,2026-05-11 16:08:25.610817,2.0599983,0.10726235,-0.86633104,-1.127199,1.1304061,-0.06291912
968,2026-05-11 16:08:25.613645,2.0599983,0.10726235,-0.86633104,-1.4503468,1.2869403,-0.5870415
969,2026-05-11 16:08:25.616415,1.9812131,-0.0023172083,-0.7476656,-1.4503468,1.2869403,-0.5870415
970,2026-05-11 16:08:25.619641,1.9812131,-0.0023172083,-0.7476656,-1.4503468,1.2869403,-0.5870415
971,2026-05-11 16:08:25.622250,1.9812131,-0.0023172083,-0.7476656,-1.4503468,1.2869403,-0.5870415
972,2026-05-11 16:08:25.625082,1.9812131,-0.0023172083,-0.7476656,-1.7730364,1.5221235,-1.2861768
973,2026-05-11 16:08:25.627718,1.9812131,-0.0023172083,-0.7476656,-1.7730364,1.5221235,-1.2861768
974,2026-05-11 16:08:25.630433,1.9812131,-0.0023172083,-0.7476656,-1.7730364,1.5221235,-1.2861768
975,2026-05-11 16:08:25.633027,1.9812131,-0.0023172083,-0.7476656,-1.7730364,1.5221235,-1.2861768
976,2026-05-11 16:08:25.636132,1.9812131,-0.0023172083,-0.7476656,-1.7730364,1.5221235,-1.2861768
977,2026-05-11 16:08:25.638892,1.9812131,-0.0023172083,-0.7476656,-1.7730364,1.5221235,-1.2861768
978,2026-05-11 16:08:25.641485,1.9812131,-0.0023172083,-0.7476656,-1.7730364,1.5221235,-1.2861768
979,2026-05-11 16:08:25.644078,1.9812131,-0.0023172083,-0.7476656,-1.7730364,1.5221235,-1.2861768
980,2026-05-11 16:08:25.646755,1.9812131,-0.0023172083,-0.7476656,-1.7730364,1.5221235,-1.2861768
981,2026-05-11 16:08:25.649583,1.8845003,-0.07823627,-0.6864425,-1.7730364,1.5221235,-1.2861768
982,2026-05-11 16:08:25.652904,1.8845003,-0.07823627,-0.6864425,-1.7730364,1.5221235,-1.2861768
983,2026-05-11 16:08:25.656002,1.779982,-0.2063535,-0.6297319,-1.7730364,1.5221235,-1.2861768
984,2026-05-11 16:08:25.658807,1.779982,-0.2063535,-0.6297319,-1.7730364,1.5221235,-1.2861768
985,2026-05-11 16:08:25.661585,1.779982,-0.2063535,-0.6297319,-1.831374,1.5825992,-1.7117971
986,2026-05-11 16:08:25.664259,1.779982,-0.2063535,-0.6297319,-1.831374,1.5825992,-1.7117971
987,2026-05-11 16:08:25.667271,1.779982,-0.2063535,-0.6297319,-1.831374,1.5825992,-1.7117971
988,2026-05-11 16:08:25.670579,1.779982,-0.2063535,-0.6297319,-1.831374,1.5825992,-1.7117971
989,2026-05-11 16:08:25.673381,1.779982,-0.2063535,-0.6297319,-1.831374,1.5825992,-1.7117971
990,2026-05-11 16:08:25.676251,1.779982,-0.2063535,-0.6297319,-1.762499,1.4430164,-2.1297817
991,2026-05-11 16:08:25.679245,1.779982,-0.2063535,-0.6297319,-1.762499,1.4430164,-2.1297817
992,2026-05-11 16:08:25.681915,1.779982,-0.2063535,-0.6297319,-1.762499,1.4430164,-2.1297817
993,2026-05-11 16:08:25.684827,1.779982,-0.2063535,-0.6297319,-1.762499,1.4430164,-2.1297817
994,2026-05-11 16:08:25.687502,1.779982,-0.2063535,-0.6297319,-1.762499,1.4430164,-2.1297817
995,2026-05-11 16:08:25.690042,1.779982,-0.2063535,-0.6297319,-1.762499,1.4430164,-2.1297817
996,2026-05-11 16:08:25.692807,1.4098383,-0.43837923,-0.45752668,-1.762499,1.4430164,-2.1297817
997,2026-05-11 16:08:25.695472,1.4098383,-0.43837923,-0.45752668,-1.762499,1.4430164,-2.1297817
998,2026-05-11 16:08:25.698035,1.4098383,-0.43837923,-0.45752668,-1.762499,1.4430164,-2.1297817
999,2026-05-11 16:08:25.700974,1.4098383,-0.43837923,-0.45752668,-1.762499,1.4430164,-2.1297817
1000,2026-05-11 16:08:25.703783,1.4098383,-0.43837923,-0.45752668,-1.762499,1.4430164,-2.1297817
1001,2026-05-11 16:08:25.706377,1.4098383,-0.43837923,-0.45752668,-1.762499,1.4430164,-2.1297817
1002,2026-05-11 16:08:25.708992,1.4098383,-0.43837923,-0.45752668,-1.762499,1.4430164,-2.1297817
1003,2026-05-11 16:08:25.711657,1.4098383,-0.43837923,-0.45752668,-1.762499,1.4430164,-2.1297817
1004,2026-05-11 16:08:25.714202,1.4098383,-0.43837923,-0.45752668,-1.762499,1.4430164,-2.1297817
1005,2026-05-11 16:08:25.717427,1.4098383,-0.43837923,-0.45752668,-1.762499,1.4430164,-2.1297817
1006,2026-05-11 16:08:25.720379,1.5959468,-0.33361703,-0.5665574,-1.762499,1.4430164,-2.1297817
1007,2026-05-11 16:08:25.723045,1.5959468,-0.33361703,-0.5665574,-1.762499,1.4430164,-2.1297817
1008,2026-05-11 16:08:25.725627,1.5959468,-0.33361703,-0.5665574,-1.762499,1.4430164,-2.1297817
1009,2026-05-11 16:08:25.728409,1.5959468,-0.33361703,-0.5665574,-1.762499,1.4430164,-2.1297817
1010,2026-05-11 16:08:25.731029,1.5959468,-0.33361703,-0.5665574,-1.762499,1.4430164,-2.1297817
1011,2026-05-11 16:08:25.733999,1.5959468,-0.33361703,-0.5665574,-1.762499,1.4430164,-2.1297817
1012,2026-05-11 16:08:25.737118,1.5959468,-0.33361703,-0.5665574,-1.762499,1.4430164,-2.1297817
1013,2026-05-11 16:08:25.739702,1.5959468,-0.33361703,-0.5665574,-1.762499,1.4430164,-2.1297817
1014,2026-05-11 16:08:25.742485,1.5959468,-0.33361703,-0.5665574,-1.5435038,1.2675453,-2.3443482
1015,2026-05-11 16:08:25.745230,1.2794648,-0.48941877,-0.39441326,-1.2454015,1.1391109,-2.3683245
1016,2026-05-11 16:08:25.747964,1.2794648,-0.48941877,-0.39441326,-1.2454015,1.1391109,-2.3683245
1017,2026-05-11 16:08:25.750865,1.2794648,-0.48941877,-0.39441326,-1.2454015,1.1391109,-2.3683245
1018,2026-05-11 16:08:25.753774,1.2794648,-0.48941877,-0.39441326,-1.2454015,1.1391109,-2.3683245
1019,2026-05-11 16:08:25.756534,1.2794648,-0.48941877,-0.39441326,-1.2454015,1.1391109,-2.3683245
1020,2026-05-11 16:08:25.759325,1.2794648,-0.48941877,-0.39441326,-1.2454015,1.1391109,-2.3683245
1021,2026-05-11 16:08:25.761953,1.2794648,-0.48941877,-0.39441326,-1.2454015,1.1391109,-2.3683245
1022,2026-05-11 16:08:25.764783,1.2794648,-0.48941877,-0.39441326,-1.2454015,1.1391109,-2.3683245
1023,2026-05-11 16:08:25.767958,1.2794648,-0.48941877,-0.39441326,-1.2454015,1.1391109,-2.3683245
1024,2026-05-11 16:08:25.770744,1.2794648,-0.48941877,-0.39441326,-1.2454015,1.1391109,-2.3683245
1025,2026-05-11 16:08:25.773347,1.2794648,-0.48941877,-0.39441326,-1.2454015,1.1391109,-2.3683245
1026,2026-05-11 16:08:25.776154,1.2794648,-0.48941877,-0.39441326,-1.2454015,1.1391109,-2.3683245
1027,2026-05-11 16:08:25.778808,1.2794648,-0.48941877,-0.39441326,-1.2454015,1.1391109,-2.3683245
1028,2026-05-11 16:08:25.781529,1.2794648,-0.48941877,-0.39441326,-1.2454015,1.1391109,-2.3683245
1029,2026-05-11 16:08:25.784536,1.2794648,-0.48941877,-0.39441326,-1.2454015,1.1391109,-2.3683245
1030,2026-05-11 16:08:25.787414,1.2794648,-0.48941877,-0.39441326,-0.77396625,0.97234476,-2.2487476
1031,2026-05-11 16:08:25.790153,1.1846423,-0.41417053,-0.57277733,-0.3036,0.8002335,-2.0890064
1032,2026-05-11 16:08:25.792765,1.1846423,-0.41417053,-0.57277733,-0.3036,0.8002335,-2.0890064
1033,2026-05-11 16:08:25.795697,1.1846423,-0.41417053,-0.57277733,-0.3036,0.8002335,-2.0890064
1034,2026-05-11 16:08:25.798334,1.1846423,-0.41417053,-0.57277733,-0.3036,0.8002335,-2.0890064
1035,2026-05-11 16:08:25.801361,1.1846423,-0.41417053,-0.57277733,-0.3036,0.8002335,-2.0890064
1036,2026-05-11 16:08:25.804049,1.1846423,-0.41417053,-0.57277733,-0.3036,0.8002335,-2.0890064
1037,2026-05-11 16:08:25.806640,1.1846423,-0.41417053,-0.57277733,-0.3036,0.8002335,-2.0890064
1038,2026-05-11 16:08:25.809549,1.1846423,-0.41417053,-0.57277733,-0.3036,0.8002335,-2.0890064
1039,2026-05-11 16:08:25.812221,1.1846423,-0.41417053,-0.57277733,-0.3036,0.8002335,-2.0890064
1040,2026-05-11 16:08:25.815092,1.1846423,-0.41417053,-0.57277733,-0.3036,0.8002335,-2.0890064
1041,2026-05-11 16:08:25.818182,1.1846423,-0.41417053,-0.57277733,-0.3036,0.8002335,-2.0890064
1042,2026-05-11 16:08:25.833722,1.1846423,-0.41417053,-0.57277733,-0.002443461,0.65393126,-2.0178406
1043,2026-05-11 16:08:25.836949,1.1846423,-0.41417053,-0.57277733,-0.002443461,0.65393126,-2.0178406
1044,2026-05-11 16:08:25.846956,1.1846423,-0.41417053,-0.57277733,-0.002443461,0.65393126,-2.0178406
1045,2026-05-11 16:08:25.850206,1.1846423,-0.41417053,-0.57277733,-0.002443461,0.65393126,-2.0178406
1046,2026-05-11 16:08:25.858594,1.1846423,-0.41417053,-0.57277733,-0.002443461,0.65393126,-2.0178406
1047,2026-05-11 16:08:25.861447,1.1846423,-0.41417053,-0.57277733,-0.002443461,0.65393126,-2.0178406
1048,2026-05-11 16:08:25.864077,1.1846423,-0.41417053,-0.57277733,-0.002443461,0.65393126,-2.0178406
1049,2026-05-11 16:08:25.867170,1.1846423,-0.41417053,-0.57277733,-0.002443461,0.65393126,-2.0178406
1050,2026-05-11 16:08:25.870091,1.1846423,-0.41417053,-0.57277733,-0.002443461,0.65393126,-2.0178406
1051,2026-05-11 16:08:25.872738,1.1846423,-0.41417053,-0.57277733,-0.002443461,0.65393126,-2.0178406
1052,2026-05-11 16:08:25.875333,1.1846423,-0.41417053,-0.57277733,-0.002443461,0.65393126,-2.0178406
1053,2026-05-11 16:08:25.878081,1.1846423,-0.41417053,-0.57277733,-0.002443461,0.65393126,-2.0178406
1054,2026-05-11 16:08:25.880663,1.1846423,-0.41417053,-0.57277733,-0.002443461,0.65393126,-2.0178406
1055,2026-05-11 16:08:25.883750,1.1846423,-0.41417053,-0.57277733,-0.002443461,0.65393126,-2.0178406
1056,2026-05-11 16:08:25.886439,1.1846423,-0.41417053,-0.57277733,-0.002443461,0.65393126,-2.0178406
1057,2026-05-11 16:08:25.889028,1.1846423,-0.41417053,-0.57277733,-0.002443461,0.65393126,-2.0178406
1058,2026-05-11 16:08:25.891626,1.1846423,-0.41417053,-0.57277733,-0.002443461,0.65393126,-2.0178406
1059,2026-05-11 16:08:25.894568,1.1846423,-0.41417053,-0.57277733,0.19746219,0.43692136,-1.8958203
1060,2026-05-11 16:08:25.897257,1.1846423,-0.41417053,-0.57277733,0.19746219,0.43692136,-1.8958203
1061,2026-05-11 16:08:25.900364,1.1537259,-0.33026317,-0.723152,0.19746219,0.43692136,-1.8958203
1062,2026-05-11 16:08:25.903181,1.1537259,-0.33026317,-0.723152,0.19746219,0.43692136,-1.8958203
1063,2026-05-11 16:08:25.905802,1.1537259,-0.33026317,-0.723152,0.19746219,0.43692136,-1.8958203
1064,2026-05-11 16:08:25.908514,1.1537259,-0.33026317,-0.723152,0.19746219,0.43692136,-1.8958203
1065,2026-05-11 16:08:25.911261,1.1646411,-0.25623447,-0.80663246,-0.0047342055,0.2875648,-1.7282904
1066,2026-05-11 16:08:25.913969,1.1646411,-0.25623447,-0.80663246,-0.0047342055,0.2875648,-1.7282904
1067,2026-05-11 16:08:25.916711,1.1646411,-0.25623447,-0.80663246,-0.0047342055,0.2875648,-1.7282904
1068,2026-05-11 16:08:25.919842,1.1646411,-0.25623447,-0.80663246,-0.0047342055,0.2875648,-1.7282904
1069,2026-05-11 16:08:25.922463,1.1646411,-0.25623447,-0.80663246,-0.0047342055,0.2875648,-1.7282904
1070,2026-05-11 16:08:25.925077,1.1646411,-0.25623447,-0.80663246,-0.0047342055,0.2875648,-1.7282904
1071,2026-05-11 16:08:25.927718,1.1646411,-0.25623447,-0.80663246,-0.0047342055,0.2875648,-1.7282904
1072,2026-05-11 16:08:25.930319,1.1646411,-0.25623447,-0.80663246,-0.0047342055,0.2875648,-1.7282904
1073,2026-05-11 16:08:25.932886,1.1646411,-0.25623447,-0.80663246,-0.0047342055,0.2875648,-1.7282904
1074,2026-05-11 16:08:25.936168,1.1646411,-0.25623447,-0.80663246,-0.0047342055,0.2875648,-1.7282904
1075,2026-05-11 16:08:25.938904,1.1646411,-0.25623447,-0.80663246,-0.0047342055,0.2875648,-1.7282904
1076,2026-05-11 16:08:25.941533,1.1646411,-0.25623447,-0.80663246,-0.0047342055,0.2875648,-1.7282904
1077,2026-05-11 16:08:25.944193,1.1646411,-0.25623447,-0.80663246,-0.0047342055,0.2875648,-1.7282904
1078,2026-05-11 16:08:25.946830,1.1646411,-0.25623447,-0.80663246,-0.0047342055,0.2875648,-1.7282904
1079,2026-05-11 16:08:25.949504,1.1646411,-0.25623447,-0.80663246,-0.0047342055,0.2875648,-1.7282904
1080,2026-05-11 16:08:25.952685,1.1646411,-0.25623447,-0.80663246,-0.0047342055,0.2875648,-1.7282904
1081,2026-05-11 16:08:25.955430,1.1646411,-0.25623447,-0.80663246,-0.0047342055,0.2875648,-1.7282904
1082,2026-05-11 16:08:25.958299,1.1646411,-0.25623447,-0.80663246,-0.0047342055,0.2875648,-1.7282904
1083,2026-05-11 16:08:25.961035,1.1646411,-0.25623447,-0.80663246,-0.0047342055,0.2875648,-1.7282904
1084,2026-05-11 16:08:25.963683,1.1646411,-0.25623447,-0.80663246,-0.0047342055,0.2875648,-1.7282904
1085,2026-05-11 16:08:25.966364,1.1646411,-0.25623447,-0.80663246,-0.0047342055,0.2875648,-1.7282904
1086,2026-05-11 16:08:25.969461,1.1646411,-0.25623447,-0.80663246,-0.0047342055,0.2875648,-1.7282904
1087,2026-05-11 16:08:25.972083,1.1646411,-0.25623447,-0.80663246,-0.0047342055,0.2875648,-1.7282904
1088,2026-05-11 16:08:25.974842,1.1646411,-0.25623447,-0.80663246,-0.0047342055,0.2875648,-1.7282904
1089,2026-05-11 16:08:25.977578,1.1646411,-0.25623447,-0.80663246,-0.0047342055,0.2875648,-1.7282904
1090,2026-05-11 16:08:25.980280,1.1895206,-0.14805742,-0.82962155,-0.2835942,0.36896262,-1.7318029
1091,2026-05-11 16:08:25.983072,1.1557992,-0.022928167,-0.8410857,-0.2835942,0.36896262,-1.7318029
1092,2026-05-11 16:08:25.986476,1.1557992,-0.022928167,-0.8410857,-0.2835942,0.36896262,-1.7318029
1093,2026-05-11 16:08:25.989188,1.1557992,-0.022928167,-0.8410857,-0.2835942,0.36896262,-1.7318029
1094,2026-05-11 16:08:25.992012,1.1190897,0.04170975,-0.8113888,-0.2835942,0.36896262,-1.7318029
1095,2026-05-11 16:08:25.994668,1.1190897,0.04170975,-0.8113888,-0.2835942,0.36896262,-1.7318029
1096,2026-05-11 16:08:25.997300,1.1190897,0.04170975,-0.8113888,-0.2835942,0.36896262,-1.7318029
1097,2026-05-11 16:08:26.000449,1.1190897,0.04170975,-0.8113888,-0.2835942,0.36896262,-1.7318029
1098,2026-05-11 16:08:26.003551,1.1190897,0.04170975,-0.8113888,-0.2835942,0.36896262,-1.7318029
1099,2026-05-11 16:08:26.006430,1.1046376,0.117384896,-0.6948576,-0.6264423,0.47219884,-1.7142406
1100,2026-05-11 16:08:26.009151,1.1046376,0.117384896,-0.6948576,-0.6264423,0.47219884,-1.7142406
1101,2026-05-11 16:08:26.011863,0.837061,0.2862972,-0.44569677,-0.82756966,0.038179077,-1.8512272
1102,2026-05-11 16:08:26.014585,0.837061,0.2862972,-0.44569677,-0.82756966,0.038179077,-1.8512272
1103,2026-05-11 16:08:26.017529,0.837061,0.2862972,-0.44569677,-0.82756966,0.038179077,-1.8512272
1104,2026-05-11 16:08:26.020416,0.837061,0.2862972,-0.44569677,-0.82756966,0.038179077,-1.8512272
1105,2026-05-11 16:08:26.023215,0.588388,0.34105647,-0.32190904,-0.7982482,-0.25534168,-1.602605
1106,2026-05-11 16:08:26.025835,0.588388,0.34105647,-0.32190904,-0.7982482,-0.25534168,-1.602605
1107,2026-05-11 16:08:26.028450,0.588388,0.34105647,-0.32190904,-0.7982482,-0.25534168,-1.602605
1108,2026-05-11 16:08:26.031019,0.588388,0.34105647,-0.32190904,-0.7982482,-0.25534168,-1.602605
1109,2026-05-11 16:08:26.034161,0.588388,0.34105647,-0.32190904,-0.7982482,-0.25534168,-1.602605
1110,2026-05-11 16:08:26.037072,0.588388,0.34105647,-0.32190904,-0.7982482,-0.25534168,-1.602605
1111,2026-05-11 16:08:26.039843,0.588388,0.34105647,-0.32190904,-0.7982482,-0.25534168,-1.602605
1112,2026-05-11 16:08:26.042593,0.5139934,0.3881324,-0.24470939,-0.7698429,-0.3022256,-1.3698653
1113,2026-05-11 16:08:26.045348,0.5139934,0.3881324,-0.24470939,-0.7698429,-0.3022256,-1.3698653
1114,2026-05-11 16:08:26.047966,0.5139934,0.3881324,-0.24470939,-0.7698429,-0.3022256,-1.3698653
1115,2026-05-11 16:08:26.051048,0.5139934,0.3881324,-0.24470939,-0.7698429,-0.3022256,-1.3698653
1116,2026-05-11 16:08:26.053738,0.5139934,0.3881324,-0.24470939,-0.7698429,-0.3022256,-1.3698653
1117,2026-05-11 16:08:26.056525,0.5139934,0.3881324,-0.24470939,-0.7698429,-0.3022256,-1.3698653
1118,2026-05-11 16:08:26.059115,0.5139934,0.3881324,-0.24470939,-0.7698429,-0.3022256,-1.3698653
1119,2026-05-11 16:08:26.062031,0.5139934,0.3881324,-0.24470939,-0.7698429,-0.3022256,-1.3698653
1120,2026-05-11 16:08:26.064955,0.44679436,0.5050904,-0.33032414,-0.93386024,0.024892759,-0.980286
1121,2026-05-11 16:08:26.067947,0.44679436,0.5050904,-0.33032414,-0.93386024,0.024892759,-0.980286
1122,2026-05-11 16:08:26.070831,0.3791075,0.55393475,-0.3927668,-1.2750285,0.12629639,-0.7881689
1123,2026-05-11 16:08:26.073564,0.3791075,0.55393475,-0.3927668,-1.2750285,0.12629639,-0.7881689
1124,2026-05-11 16:08:26.076133,0.3791075,0.55393475,-0.3927668,-1.2750285,0.12629639,-0.7881689
1125,2026-05-11 16:08:26.079031,0.3791075,0.55393475,-0.3927668,-1.2750285,0.12629639,-0.7881689
1126,2026-05-11 16:08:26.081617,0.3791075,0.55393475,-0.3927668,-1.2750285,0.12629639,-0.7881689
1127,2026-05-11 16:08:26.084695,0.3791075,0.55393475,-0.3927668,-1.2750285,0.12629639,-0.7881689
1128,2026-05-11 16:08:26.087379,0.3791075,0.55393475,-0.3927668,-1.2750285,0.12629639,-0.7881689
1129,2026-05-11 16:08:26.090178,0.3791075,0.55393475,-0.3927668,-1.2750285,0.12629639,-0.7881689
1130,2026-05-11 16:08:26.092810,0.3791075,0.55393475,-0.3927668,-1.2750285,0.12629639,-0.7881689
1131,2026-05-11 16:08:26.095607,0.3791075,0.55393475,-0.3927668,-1.2750285,0.12629639,-0.7881689
1132,2026-05-11 16:08:26.098293,0.3791075,0.55393475,-0.3927668,-1.2750285,0.12629639,-0.7881689
1133,2026-05-11 16:08:26.101579,0.3791075,0.55393475,-0.3927668,-1.2750285,0.12629639,-0.7881689
1134,2026-05-11 16:08:26.104251,0.3791075,0.55393475,-0.3927668,-1.2750285,0.12629639,-0.7881689
1135,2026-05-11 16:08:26.106765,0.3791075,0.55393475,-0.3927668,-1.2750285,0.12629639,-0.7881689
1136,2026-05-11 16:08:26.109573,0.3791075,0.55393475,-0.3927668,-1.2750285,0.12629639,-0.7881689
1137,2026-05-11 16:08:26.112160,0.3791075,0.55393475,-0.3927668,-1.2750285,0.12629639,-0.7881689
1138,2026-05-11 16:08:26.114869,0.3791075,0.55393475,-0.3927668,-1.2750285,0.12629639,-0.7881689
1139,2026-05-11 16:08:26.117920,0.3791075,0.55393475,-0.3927668,-1.2750285,0.12629639,-0.7881689
1140,2026-05-11 16:08:26.120599,0.3791075,0.55393475,-0.3927668,-1.2750285,0.12629639,-0.7881689
1141,2026-05-11 16:08:26.123170,0.3791075,0.55393475,-0.3927668,-1.2750285,0.12629639,-0.7881689
1142,2026-05-11 16:08:26.125735,0.3791075,0.55393475,-0.3927668,-1.2750285,0.12629639,-0.7881689
1143,2026-05-11 16:08:26.128268,0.3791075,0.55393475,-0.3927668,-1.2750285,0.12629639,-0.7881689
1144,2026-05-11 16:08:26.130808,0.3791075,0.55393475,-0.3927668,-1.2750285,0.12629639,-0.7881689
1145,2026-05-11 16:08:26.133845,0.3791075,0.55393475,-0.3927668,-1.2750285,0.12629639,-0.7881689
1146,2026-05-11 16:08:26.136536,0.3791075,0.55393475,-0.3927668,-1.2750285,0.12629639,-0.7881689
1147,2026-05-11 16:08:26.139135,0.3791075,0.55393475,-0.3927668,-1.2750285,0.12629639,-0.7881689
1148,2026-05-11 16:08:26.141688,0.3791075,0.55393475,-0.3927668,-1.2750285,0.12629639,-0.7881689
1149,2026-05-11 16:08:26.144313,0.3791075,0.55393475,-0.3927668,-1.2750285,0.12629639,-0.7881689
1150,2026-05-11 16:08:26.146823,0.3791075,0.55393475,-0.3927668,-1.2750285,0.12629639,-0.7881689
1151,2026-05-11 16:08:26.149350,0.3791075,0.55393475,-0.3927668,-1.2750285,0.12629639,-0.7881689
1152,2026-05-11 16:08:26.152376,0.25275865,0.6802836,-0.22592781,-1.6313156,0.06001751,-0.55848354
1153,2026-05-11 16:08:26.155154,0.25275865,0.6802836,-0.22592781,-1.6313156,0.06001751,-0.55848354
1154,2026-05-11 16:08:26.157751,0.25275865,0.6802836,-0.22592781,-1.6313156,0.06001751,-0.55848354
1155,2026-05-11 16:08:26.160436,0.25275865,0.6802836,-0.22592781,-1.6313156,0.06001751,-0.55848354
1156,2026-05-11 16:08:26.163076,0.25275865,0.6802836,-0.22592781,-1.6313156,0.06001751,-0.55848354
1157,2026-05-11 16:08:26.165587,0.25275865,0.6802836,-0.22592781,-1.6313156,0.06001751,-0.55848354
1158,2026-05-11 16:08:26.168635,0.25275865,0.6802836,-0.22592781,-1.6313156,0.06001751,-0.55848354
1159,2026-05-11 16:08:26.171227,0.25275865,0.6802836,-0.22592781,-1.6313156,0.06001751,-0.55848354
1160,2026-05-11 16:08:26.173944,0.09098092,0.70302886,-0.111165024,-1.4738652,-0.16890424,-0.41691554
1161,2026-05-11 16:08:26.176683,0.09098092,0.70302886,-0.111165024,-1.4738652,-0.16890424,-0.41691554
1162,2026-05-11 16:08:26.179304,0.09098092,0.70302886,-0.111165024,-1.4738652,-0.16890424,-0.41691554
1163,2026-05-11 16:08:26.182078,0.09098092,0.70302886,-0.111165024,-1.4738652,-0.16890424,-0.41691554
1164,2026-05-11 16:08:26.185240,0.09098092,0.70302886,-0.111165024,-1.4738652,-0.16890424,-0.41691554
1165,2026-05-11 16:08:26.188152,0.09098092,0.70302886,-0.111165024,-1.4738652,-0.16890424,-0.41691554
1166,2026-05-11 16:08:26.190835,0.09098092,0.70302886,-0.111165024,-1.4738652,-0.16890424,-0.41691554
1167,2026-05-11 16:08:26.193459,0.09098092,0.70302886,-0.111165024,-1.4738652,-0.16890424,-0.41691554
1168,2026-05-11 16:08:26.196044,0.09098092,0.70302886,-0.111165024,-1.4738652,-0.16890424,-0.41691554
1169,2026-05-11 16:08:26.198624,0.09098092,0.70302886,-0.111165024,-1.4738652,-0.16890424,-0.41691554
1170,2026-05-11 16:08:26.201704,0.09098092,0.70302886,-0.111165024,-1.4738652,-0.16890424,-0.41691554
1171,2026-05-11 16:08:26.204590,0.09098092,0.70302886,-0.111165024,-1.4738652,-0.16890424,-0.41691554
1172,2026-05-11 16:08:26.207358,-0.046710044,0.7304085,-0.080492504,-1.325883,-0.30757064,-0.13041973
1173,2026-05-11 16:08:26.210106,-0.046710044,0.7304085,-0.080492504,-1.325883,-0.30757064,-0.13041973
1174,2026-05-11 16:08:26.212713,-0.046710044,0.7304085,-0.080492504,-1.325883,-0.30757064,-0.13041973
1175,2026-05-11 16:08:26.215481,-0.046710044,0.7304085,-0.080492504,-1.325883,-0.30757064,-0.13041973
1176,2026-05-11 16:08:26.218484,-0.046710044,0.7304085,-0.080492504,-1.325883,-0.30757064,-0.13041973
1177,2026-05-11 16:08:26.221326,-0.046710044,0.7304085,-0.080492504,-1.325883,-0.30757064,-0.13041973
1178,2026-05-11 16:08:26.223984,-0.046710044,0.7304085,-0.080492504,-1.325883,-0.30757064,-0.13041973
1179,2026-05-11 16:08:26.226571,-0.046710044,0.7304085,-0.080492504,-1.325883,-0.30757064,-0.13041973
1180,2026-05-11 16:08:26.229258,-0.046710044,0.7304085,-0.080492504,-1.325883,-0.30757064,-0.13041973
1181,2026-05-11 16:08:26.231833,-0.046710044,0.7304085,-0.080492504,-1.325883,-0.30757064,-0.13041973
1182,2026-05-11 16:08:26.234820,-0.046710044,0.7304085,-0.080492504,-1.325883,-0.30757064,-0.13041973
1183,2026-05-11 16:08:26.237676,-0.046710044,0.7304085,-0.080492504,-1.325883,-0.30757064,-0.13041973
1184,2026-05-11 16:08:26.240293,-0.046710044,0.7304085,-0.080492504,-1.325883,-0.30757064,-0.13041973
1185,2026-05-11 16:08:26.243201,-0.14531335,0.7864483,-0.07683375,-1.1775955,-0.44990227,0.1769982
1186,2026-05-11 16:08:26.245789,-0.14531335,0.7864483,-0.07683375,-1.1775955,-0.44990227,0.1769982
1187,2026-05-11 16:08:26.248385,-0.14531335,0.7864483,-0.07683375,-1.1775955,-0.44990227,0.1769982
1188,2026-05-11 16:08:26.251512,-0.14531335,0.7864483,-0.07683375,-1.1775955,-0.44990227,0.1769982
1189,2026-05-11 16:08:26.254169,-0.14531335,0.7864483,-0.07683375,-1.1775955,-0.44990227,0.1769982
1190,2026-05-11 16:08:26.257012,-0.14531335,0.7864483,-0.07683375,-1.1775955,-0.44990227,0.1769982
1191,2026-05-11 16:08:26.259729,-0.14531335,0.7864483,-0.07683375,-1.1775955,-0.44990227,0.1769982
1192,2026-05-11 16:08:26.262347,-0.14531335,0.7864483,-0.07683375,-1.1775955,-0.44990227,0.1769982
1193,2026-05-11 16:08:26.264940,-0.14531335,0.7864483,-0.07683375,-1.1775955,-0.44990227,0.1769982
1194,2026-05-11 16:08:26.268038,-0.14531335,0.7864483,-0.07683375,-1.1775955,-0.44990227,0.1769982
1195,2026-05-11 16:08:26.270867,-0.14531335,0.7864483,-0.07683375,-1.1775955,-0.44990227,0.1769982
1196,2026-05-11 16:08:26.273555,-0.14531335,0.7864483,-0.07683375,-1.1775955,-0.44990227,0.1769982
1197,2026-05-11 16:08:26.276155,-0.14531335,0.7864483,-0.07683375,-1.1775955,-0.44990227,0.1769982
1198,2026-05-11 16:08:26.278913,-0.14531335,0.7864483,-0.07683375,-1.1775955,-0.44990227,0.1769982
1199,2026-05-11 16:08:26.281646,-0.14531335,0.7864483,-0.07683375,-1.1775955,-0.44990227,0.1769982
1200,2026-05-11 16:08:26.284694,-0.14531335,0.7864483,-0.07683375,-1.1775955,-0.44990227,0.1769982
1201,2026-05-11 16:08:26.287356,-0.14531335,0.7864483,-0.07683375,-1.1775955,-0.44990227,0.1769982
1202,2026-05-11 16:08:26.289937,-0.14531335,0.7864483,-0.07683375,-1.1775955,-0.44990227,0.1769982
1203,2026-05-11 16:08:26.292677,-0.14531335,0.7864483,-0.07683375,-1.1775955,-0.44990227,0.1769982
1204,2026-05-11 16:08:26.295453,-0.14531335,0.7864483,-0.07683375,-1.1775955,-0.44990227,0.1769982
1205,2026-05-11 16:08:26.298054,-0.14531335,0.7864483,-0.07683375,-1.1775955,-0.44990227,0.1769982
1206,2026-05-11 16:08:26.301098,-0.14531335,0.7864483,-0.07683375,-1.1775955,-0.44990227,0.1769982
1207,2026-05-11 16:08:26.303821,-0.14531335,0.7864483,-0.07683375,-1.1775955,-0.44990227,0.1769982
1208,2026-05-11 16:08:26.306393,-0.14531335,0.7864483,-0.07683375,-1.1775955,-0.44990227,0.1769982
1209,2026-05-11 16:08:26.308959,-0.14531335,0.7864483,-0.07683375,-1.1775955,-0.44990227,0.1769982
1210,2026-05-11 16:08:26.311686,-0.14531335,0.7864483,-0.07683375,-1.1775955,-0.44990227,0.1769982
1211,2026-05-11 16:08:26.314265,-0.14531335,0.7864483,-0.07683375,-1.1775955,-0.44990227,0.1769982
1212,2026-05-11 16:08:26.317425,-0.14531335,0.7864483,-0.07683375,-1.1775955,-0.44990227,0.1769982
1213,2026-05-11 16:08:26.320266,-0.14531335,0.7864483,-0.07683375,-1.1775955,-0.44990227,0.1769982
1214,2026-05-11 16:08:26.323034,-0.17635176,0.9090774,-0.18860857,-1.0622946,-0.6035349,0.63316184
1215,2026-05-11 16:08:26.325746,-0.17635176,0.9090774,-0.18860857,-1.0366384,-0.6986771,0.9253081
1216,2026-05-11 16:08:26.328545,-0.17635176,0.9090774,-0.18860857,-1.0366384,-0.6986771,0.9253081
1217,2026-05-11 16:08:26.331179,-0.17635176,0.9090774,-0.18860857,-1.0366384,-0.6986771,0.9253081
1218,2026-05-11 16:08:26.334522,-0.17635176,0.9090774,-0.18860857,-1.0366384,-0.6986771,0.9253081
1219,2026-05-11 16:08:26.337382,-0.17635176,0.9090774,-0.18860857,-1.0366384,-0.6986771,0.9253081
1220,2026-05-11 16:08:26.339986,-0.17635176,0.9090774,-0.18860857,-1.0366384,-0.6986771,0.9253081
1221,2026-05-11 16:08:26.342573,-0.17635176,0.9090774,-0.18860857,-1.0366384,-0.6986771,0.9253081
1222,2026-05-11 16:08:26.345383,-0.17635176,0.9090774,-0.18860857,-1.0366384,-0.6986771,0.9253081
1223,2026-05-11 16:08:26.347960,-0.17635176,0.9090774,-0.18860857,-1.0366384,-0.6986771,0.9253081
1224,2026-05-11 16:08:26.350813,-0.17635176,0.9090774,-0.18860857,-1.0366384,-0.6986771,0.9253081
1225,2026-05-11 16:08:26.353662,-0.17635176,0.9090774,-0.18860857,-1.0366384,-0.6986771,0.9253081
1226,2026-05-11 16:08:26.356239,-0.17635176,0.9090774,-0.18860857,-1.0366384,-0.6986771,0.9253081
1227,2026-05-11 16:08:26.358807,-0.17635176,0.9090774,-0.18860857,-1.0366384,-0.6986771,0.9253081
1228,2026-05-11 16:08:26.361533,-0.17635176,0.9090774,-0.18860857,-1.0366384,-0.6986771,0.9253081
1229,2026-05-11 16:08:26.364228,-0.17635176,0.9090774,-0.18860857,-1.0366384,-0.6986771,0.9253081
1230,2026-05-11 16:08:26.367395,-0.17635176,0.9090774,-0.18860857,-1.0366384,-0.6986771,0.9253081
1231,2026-05-11 16:08:26.370359,-0.17635176,0.9090774,-0.18860857,-1.0366384,-0.6986771,0.9253081
1232,2026-05-11 16:08:26.373112,-0.17635176,0.9090774,-0.18860857,-1.0366384,-0.6986771,0.9253081
1233,2026-05-11 16:08:26.375693,-0.17635176,0.9090774,-0.18860857,-1.0366384,-0.6986771,0.9253081
1234,2026-05-11 16:08:26.378282,-0.17635176,0.9090774,-0.18860857,-1.0366384,-0.6986771,0.9253081
1235,2026-05-11 16:08:26.380837,-0.17635176,0.9090774,-0.18860857,-1.0366384,-0.6986771,0.9253081
1236,2026-05-11 16:08:26.383663,-0.12726352,0.9242003,-0.34026375,-1.0366384,-0.6986771,0.9253081
1237,2026-05-11 16:08:26.386595,-0.12726352,0.9242003,-0.34026375,-1.0366384,-0.6986771,0.9253081
1238,2026-05-11 16:08:26.389456,-0.12726352,0.9242003,-0.34026375,-1.1604912,-0.7845037,1.099252
1239,2026-05-11 16:08:26.392108,-0.12726352,0.9242003,-0.34026375,-1.1604912,-0.7845037,1.099252
1240,2026-05-11 16:08:26.394753,-0.2066584,0.9866429,-0.39880377,-1.1604912,-0.7845037,1.099252
1241,2026-05-11 16:08:26.397436,-0.2066584,0.9866429,-0.39880377,-1.5231925,-0.8436049,1.2154691
1242,2026-05-11 16:08:26.400495,-0.2066584,0.9866429,-0.39880377,-1.5231925,-0.8436049,1.2154691
1243,2026-05-11 16:08:26.403394,-0.2066584,0.9866429,-0.39880377,-1.5231925,-0.8436049,1.2154691
1244,2026-05-11 16:08:26.406114,-0.2066584,0.9866429,-0.39880377,-1.5231925,-0.8436049,1.2154691
1245,2026-05-11 16:08:26.408848,-0.2066584,0.9866429,-0.39880377,-1.5231925,-0.8436049,1.2154691
1246,2026-05-11 16:08:26.411737,-0.2066584,0.9866429,-0.39880377,-1.5231925,-0.8436049,1.2154691
1247,2026-05-11 16:08:26.414353,-0.2066584,0.9866429,-0.39880377,-1.5231925,-0.8436049,1.2154691
1248,2026-05-11 16:08:26.417468,-0.2066584,0.9866429,-0.39880377,-1.5231925,-0.8436049,1.2154691
1249,2026-05-11 16:08:26.420335,-0.2066584,0.9866429,-0.39880377,-1.5231925,-0.8436049,1.2154691
1250,2026-05-11 16:08:26.422919,-0.2066584,0.9866429,-0.39880377,-1.5231925,-0.8436049,1.2154691
1251,2026-05-11 16:08:26.425551,-0.2066584,0.9866429,-0.39880377,-1.5231925,-0.8436049,1.2154691
1252,2026-05-11 16:08:26.428143,-0.2066584,0.9866429,-0.39880377,-1.5231925,-0.8436049,1.2154691
1253,2026-05-11 16:08:26.430960,-0.2066584,0.9866429,-0.39880377,-1.5231925,-0.8436049,1.2154691
1254,2026-05-11 16:08:26.434030,-0.30916438,0.97920346,-0.3987428,-1.8095356,-0.86727595,1.3391694
1255,2026-05-11 16:08:26.436771,-0.30916438,0.97920346,-0.3987428,-1.8095356,-0.86727595,1.3391694
1256,2026-05-11 16:08:26.439336,-0.30916438,0.97920346,-0.3987428,-1.8095356,-0.86727595,1.3391694
1257,2026-05-11 16:08:26.441924,-0.30916438,0.97920346,-0.3987428,-1.8095356,-0.86727595,1.3391694
1258,2026-05-11 16:08:26.444527,-0.30916438,0.97920346,-0.3987428,-1.8095356,-0.86727595,1.3391694
1259,2026-05-11 16:08:26.447074,-0.30916438,0.97920346,-0.3987428,-1.8095356,-0.86727595,1.3391694
1260,2026-05-11 16:08:26.450242,-0.30916438,0.97920346,-0.3987428,-1.8095356,-0.86727595,1.3391694
1261,2026-05-11 16:08:26.453268,-0.30916438,0.97920346,-0.3987428,-1.8095356,-0.86727595,1.3391694
1262,2026-05-11 16:08:26.455952,-0.30916438,0.97920346,-0.3987428,-1.8095356,-0.86727595,1.3391694
1263,2026-05-11 16:08:26.458580,-0.4428917,0.9618245,-0.38032708,-1.8095356,-0.86727595,1.3391694
1264,2026-05-11 16:08:26.461398,-0.4428917,0.9618245,-0.38032708,-2.19209,-0.82619524,1.6310102
1265,2026-05-11 16:08:26.464025,-0.4428917,0.9618245,-0.38032708,-2.19209,-0.82619524,1.6310102
1266,2026-05-11 16:08:26.467176,-0.4428917,0.9618245,-0.38032708,-2.19209,-0.82619524,1.6310102
1267,2026-05-11 16:08:26.470160,-0.4428917,0.9618245,-0.38032708,-2.19209,-0.82619524,1.6310102
1268,2026-05-11 16:08:26.472844,-0.4428917,0.9618245,-0.38032708,-2.19209,-0.82619524,1.6310102
1269,2026-05-11 16:08:26.475630,-0.4428917,0.9618245,-0.38032708,-2.19209,-0.82619524,1.6310102
1270,2026-05-11 16:08:26.478326,-0.4428917,0.9618245,-0.38032708,-2.384207,-0.7903069,1.8284724
1271,2026-05-11 16:08:26.480953,-0.4644783,0.98920405,-0.33459267,-2.384207,-0.7903069,1.8284724
1272,2026-05-11 16:08:26.483935,-0.4644783,0.98920405,-0.33459267,-2.384207,-0.7903069,1.8284724
1273,2026-05-11 16:08:26.486661,-0.4644783,0.98920405,-0.33459267,-2.384207,-0.7903069,1.8284724
1274,2026-05-11 16:08:26.489466,-0.4644783,0.98920405,-0.33459267,-2.384207,-0.7903069,1.8284724
1275,2026-05-11 16:08:26.492229,-0.51966447,1.0584154,-0.32099435,-2.384207,-0.7903069,1.8284724
1276,2026-05-11 16:08:26.494896,-0.51966447,1.0584154,-0.32099435,-2.384207,-0.7903069,1.8284724
1277,2026-05-11 16:08:26.497451,-0.51966447,1.0584154,-0.32099435,-2.384207,-0.7903069,1.8284724
1278,2026-05-11 16:08:26.500526,-0.51966447,1.0584154,-0.32099435,-2.384207,-0.7903069,1.8284724
1279,2026-05-11 16:08:26.503318,-0.51966447,1.0584154,-0.32099435,-2.384207,-0.7903069,1.8284724
1280,2026-05-11 16:08:26.506097,-0.51966447,1.0584154,-0.32099435,-2.6137397,-0.7644979,2.106416
1281,2026-05-11 16:08:26.508665,-0.51966447,1.0584154,-0.32099435,-2.6137397,-0.7644979,2.106416
1282,2026-05-11 16:08:26.511487,-0.51966447,1.0584154,-0.32099435,-2.6137397,-0.7644979,2.106416
1283,2026-05-11 16:08:26.514104,-0.51966447,1.0584154,-0.32099435,-2.6137397,-0.7644979,2.106416
1284,2026-05-11 16:08:26.517216,-0.51966447,1.0584154,-0.32099435,-2.6137397,-0.7644979,2.106416
1285,2026-05-11 16:08:26.520005,-0.51966447,1.0584154,-0.32099435,-2.6137397,-0.7644979,2.106416
1286,2026-05-11 16:08:26.522597,-0.51966447,1.0584154,-0.32099435,-2.6137397,-0.7644979,2.106416
1287,2026-05-11 16:08:26.525227,-0.51966447,1.0584154,-0.32099435,-2.6137397,-0.7644979,2.106416
1288,2026-05-11 16:08:26.527845,-0.51966447,1.0584154,-0.32099435,-2.6137397,-0.7644979,2.106416
1289,2026-05-11 16:08:26.530572,-0.51966447,1.0584154,-0.32099435,-2.6137397,-0.7644979,2.106416
1290,2026-05-11 16:08:26.533324,-0.51966447,1.0584154,-0.32099435,-2.6137397,-0.7644979,2.106416
1291,2026-05-11 16:08:26.536467,-0.51966447,1.0584154,-0.32099435,-2.6137397,-0.7644979,2.106416
1292,2026-05-11 16:08:26.539327,-0.51966447,1.0584154,-0.32099435,-2.6137397,-0.7644979,2.106416
1293,2026-05-11 16:08:26.542034,-0.51966447,1.0584154,-0.32099435,-2.6137397,-0.7644979,2.106416
1294,2026-05-11 16:08:26.544696,-0.51966447,1.0584154,-0.32099435,-2.6137397,-0.7644979,2.106416
1295,2026-05-11 16:08:26.547526,-0.51966447,1.0584154,-0.32099435,-2.6137397,-0.7644979,2.106416
1296,2026-05-11 16:08:26.550516,-0.6236949,1.1544576,-0.31142062,-2.6137397,-0.7644979,2.106416
1297,2026-05-11 16:08:26.553514,-0.6236949,1.1544576,-0.31142062,-2.6137397,-0.7644979,2.106416
1298,2026-05-11 16:08:26.556149,-0.6236949,1.1544576,-0.31142062,-2.6137397,-0.7644979,2.106416
1299,2026-05-11 16:08:26.558727,-0.6236949,1.1544576,-0.31142062,-2.6137397,-0.7644979,2.106416
1300,2026-05-11 16:08:26.561545,-0.6401593,1.3125156,-0.18446198,-2.782033,-0.6632469,2.524248
1301,2026-05-11 16:08:26.564128,-0.6401593,1.3125156,-0.18446198,-2.782033,-0.6632469,2.524248
1302,2026-05-11 16:08:26.567242,-0.6401593,1.3125156,-0.18446198,-2.782033,-0.6632469,2.524248
1303,2026-05-11 16:08:26.570273,-0.6401593,1.3125156,-0.18446198,-2.782033,-0.6632469,2.524248
1304,2026-05-11 16:08:26.572960,-0.6401593,1.3125156,-0.18446198,-2.782033,-0.6632469,2.524248
1305,2026-05-11 16:08:26.575617,-0.6401593,1.3125156,-0.18446198,-2.7403414,-0.42119157,2.911231
1306,2026-05-11 16:08:26.578263,-0.6401593,1.3125156,-0.18446198,-2.7403414,-0.42119157,2.911231
1307,2026-05-11 16:08:26.580984,-0.6401593,1.3125156,-0.18446198,-2.7403414,-0.42119157,2.911231
1308,2026-05-11 16:08:26.584076,-0.6401593,1.3125156,-0.18446198,-2.7403414,-0.42119157,2.911231
1309,2026-05-11 16:08:26.586952,-0.6401593,1.3125156,-0.18446198,-2.7403414,-0.42119157,2.911231
1310,2026-05-11 16:08:26.589571,-0.6401593,1.3125156,-0.18446198,-2.7403414,-0.42119157,2.911231
1311,2026-05-11 16:08:26.592428,-0.6401593,1.3125156,-0.18446198,-2.5054638,-0.15775596,3.0940325
1312,2026-05-11 16:08:26.595087,-0.6401593,1.3125156,-0.18446198,-2.5054638,-0.15775596,3.0940325
1313,2026-05-11 16:08:26.597849,-0.6401593,1.3125156,-0.18446198,-2.5054638,-0.15775596,3.0940325
1314,2026-05-11 16:08:26.600931,-0.6401593,1.3125156,-0.18446198,-2.5054638,-0.15775596,3.0940325
1315,2026-05-11 16:08:26.603658,-0.6401593,1.3125156,-0.18446198,-2.5054638,-0.15775596,3.0940325
1316,2026-05-11 16:08:26.606321,-0.6401593,1.3125156,-0.18446198,-2.5054638,-0.15775596,3.0940325
1317,2026-05-11 16:08:26.608926,-0.6401593,1.3125156,-0.18446198,-2.5054638,-0.15775596,3.0940325
1318,2026-05-11 16:08:26.611477,-0.6401593,1.3125156,-0.18446198,-2.5054638,-0.15775596,3.0940325
1319,2026-05-11 16:08:26.614297,-0.6401593,1.3125156,-0.18446198,-2.5054638,-0.15775596,3.0940325
1320,2026-05-11 16:08:26.617324,-0.6401593,1.3125156,-0.18446198,-2.5054638,-0.15775596,3.0940325
1321,2026-05-11 16:08:26.620293,-0.5467392,1.4383156,-0.09415183,-2.5054638,-0.15775596,3.0940325
1322,2026-05-11 16:08:26.623005,-0.5467392,1.4383156,-0.09415183,-2.5054638,-0.15775596,3.0940325
1323,2026-05-11 16:08:26.625609,-0.5467392,1.4383156,-0.09415183,-2.5054638,-0.15775596,3.0940325
1324,2026-05-11 16:08:26.628207,-0.5467392,1.4383156,-0.09415183,-2.5054638,-0.15775596,3.0940325
1325,2026-05-11 16:08:26.630773,-0.5467392,1.4383156,-0.09415183,-2.5054638,-0.15775596,3.0940325
1326,2026-05-11 16:08:26.633894,-0.45417285,1.5517979,-0.046283185,-2.0744984,0.0070249503,3.1522174
1327,2026-05-11 16:08:26.636931,-0.45417285,1.5517979,-0.046283185,-2.0744984,0.0070249503,3.1522174
1328,2026-05-11 16:08:26.639697,-0.319043,1.7202834,-0.077931374,-2.0744984,0.0070249503,3.1522174
1329,2026-05-11 16:08:26.642411,-0.319043,1.7202834,-0.077931374,-2.0744984,0.0070249503,3.1522174
1330,2026-05-11 16:08:26.645003,-0.319043,1.7202834,-0.077931374,-2.0744984,0.0070249503,3.1522174
1331,2026-05-11 16:08:26.647751,-0.319043,1.7202834,-0.077931374,-2.0744984,0.0070249503,3.1522174
1332,2026-05-11 16:08:26.650980,-0.319043,1.7202834,-0.077931374,-1.3306172,-0.05879578,3.0779972
1333,2026-05-11 16:08:26.653878,-0.319043,1.7202834,-0.077931374,-1.3306172,-0.05879578,3.0779972
1334,2026-05-11 16:08:26.656582,-0.319043,1.7202834,-0.077931374,-1.3306172,-0.05879578,3.0779972
1335,2026-05-11 16:08:26.659223,-0.319043,1.7202834,-0.077931374,-1.3306172,-0.05879578,3.0779972
1336,2026-05-11 16:08:26.661842,-0.319043,1.7202834,-0.077931374,-1.3306172,-0.05879578,3.0779972
1337,2026-05-11 16:08:26.664577,-0.319043,1.7202834,-0.077931374,-1.3306172,-0.05879578,3.0779972
1338,2026-05-11 16:08:26.667669,-0.319043,1.7202834,-0.077931374,-1.3306172,-0.05879578,3.0779972
1339,2026-05-11 16:08:26.670418,-0.319043,1.7202834,-0.077931374,-1.3306172,-0.05879578,3.0779972
1340,2026-05-11 16:08:26.673035,-0.319043,1.7202834,-0.077931374,-1.3306172,-0.05879578,3.0779972
1341,2026-05-11 16:08:26.675662,-0.319043,1.7202834,-0.077931374,-1.3306172,-0.05879578,3.0779972
1342,2026-05-11 16:08:26.678509,-0.2950782,1.7778475,-0.120494835,-1.3306172,-0.05879578,3.0779972
1343,2026-05-11 16:08:26.681186,-0.2950782,1.7778475,-0.120494835,-0.82818055,-0.28221974,2.9404
1344,2026-05-11 16:08:26.684101,-0.2950782,1.7778475,-0.120494835,-0.82818055,-0.28221974,2.9404
1345,2026-05-11 16:08:26.687115,-0.2950782,1.7778475,-0.120494835,-0.82818055,-0.28221974,2.9404
1346,2026-05-11 16:08:26.689748,-0.2950782,1.7778475,-0.120494835,-0.82818055,-0.28221974,2.9404
1347,2026-05-11 16:08:26.692399,-0.2950782,1.7778475,-0.120494835,-0.82818055,-0.28221974,2.9404
1348,2026-05-11 16:08:26.695006,-0.2950782,1.7778475,-0.120494835,-0.82818055,-0.28221974,2.9404
1349,2026-05-11 16:08:26.697832,-0.2950782,1.7778475,-0.120494835,-0.82818055,-0.28221974,2.9404
1350,2026-05-11 16:08:26.700871,-0.2950782,1.7778475,-0.120494835,-0.82818055,-0.28221974,2.9404
1351,2026-05-11 16:08:26.703638,-0.23165986,2.0274963,-0.38246134,-0.82818055,-0.28221974,2.9404
1352,2026-05-11 16:08:26.706195,-0.23165986,2.0274963,-0.38246134,0.21227567,-0.9410379,2.5983152
1353,2026-05-11 16:08:26.708811,-0.23165986,2.0274963,-0.38246134,0.21227567,-0.9410379,2.5983152
1354,2026-05-11 16:08:26.711352,-0.23165986,2.0274963,-0.38246134,0.21227567,-0.9410379,2.5983152
1355,2026-05-11 16:08:26.714149,-0.23165986,2.0274963,-0.38246134,0.21227567,-0.9410379,2.5983152
1356,2026-05-11 16:08:26.717100,-0.23165986,2.0274963,-0.38246134,0.21227567,-0.9410379,2.5983152
1357,2026-05-11 16:08:26.719905,-0.23165986,2.0274963,-0.38246134,0.21227567,-0.9410379,2.5983152
1358,2026-05-11 16:08:26.722499,-0.23165986,2.0274963,-0.38246134,0.21227567,-0.9410379,2.5983152
1359,2026-05-11 16:08:26.725074,-0.23165986,2.0274963,-0.38246134,0.21227567,-0.9410379,2.5983152
1360,2026-05-11 16:08:26.727703,-0.23165986,2.0274963,-0.38246134,0.21227567,-0.9410379,2.5983152
1361,2026-05-11 16:08:26.730243,-0.23165986,2.0274963,-0.38246134,0.21227567,-0.9410379,2.5983152
1362,2026-05-11 16:08:26.733018,-0.23165986,2.0274963,-0.38246134,0.21227567,-0.9410379,2.5983152
1363,2026-05-11 16:08:26.735998,-0.23165986,2.0274963,-0.38246134,0.21227567,-0.9410379,2.5983152
1364,2026-05-11 16:08:26.738797,-0.1144579,2.1997015,-0.66638035,0.52488595,-1.0853548,2.3813055
1365,2026-05-11 16:08:26.741357,-0.1144579,2.1997015,-0.66638035,0.52488595,-1.0853548,2.3813055
1366,2026-05-11 16:08:26.743910,-0.1144579,2.1997015,-0.66638035,0.52488595,-1.0853548,2.3813055
1367,2026-05-11 16:08:26.746579,-0.1144579,2.1997015,-0.66638035,0.52488595,-1.0853548,2.3813055
1368,2026-05-11 16:08:26.749144,-0.1144579,2.1997015,-0.66638035,0.52488595,-1.0853548,2.3813055
1369,2026-05-11 16:08:26.752328,0.010915271,2.3305018,-0.91383386,0.52488595,-1.0853548,2.3813055
1370,2026-05-11 16:08:26.755092,0.010915271,2.3305018,-0.91383386,0.52488595,-1.0853548,2.3813055
1371,2026-05-11 16:08:26.757674,0.010915271,2.3305018,-0.91383386,0.52488595,-1.0853548,2.3813055
1372,2026-05-11 16:08:26.760322,0.010915271,2.3305018,-0.91383386,0.52488595,-1.0853548,2.3813055
1373,2026-05-11 16:08:26.763066,0.010915271,2.3305018,-0.91383386,0.52488595,-1.0853548,2.3813055
1374,2026-05-11 16:08:26.766128,0.010915271,2.3305018,-0.91383386,0.52488595,-1.0853548,2.3813055
1375,2026-05-11 16:08:26.769143,0.010915271,2.3305018,-0.91383386,0.52488595,-1.0853548,2.3813055
1376,2026-05-11 16:08:26.771756,0.010915271,2.3305018,-0.91383386,0.52488595,-1.0853548,2.3813055
1377,2026-05-11 16:08:26.774522,0.010915271,2.3305018,-0.91383386,0.52488595,-1.0853548,2.3813055
1378,2026-05-11 16:08:26.777459,0.010915271,2.3305018,-0.91383386,0.52488595,-1.0853548,2.3813055
1379,2026-05-11 16:08:26.780122,0.010915271,2.3305018,-0.91383386,0.52488595,-1.0853548,2.3813055
1380,2026-05-11 16:08:26.782772,0.010915271,2.3305018,-0.91383386,0.5288566,-0.82650065,1.9917262
1381,2026-05-11 16:08:26.785979,0.010915271,2.3305018,-0.91383386,0.5288566,-0.82650065,1.9917262
1382,2026-05-11 16:08:26.788710,0.010915271,2.3305018,-0.91383386,0.5288566,-0.82650065,1.9917262
1383,2026-05-11 16:08:26.791319,0.010915271,2.3305018,-0.91383386,0.5288566,-0.82650065,1.9917262
1384,2026-05-11 16:08:26.794090,0.010915271,2.3305018,-0.91383386,0.5288566,-0.82650065,1.9917262
1385,2026-05-11 16:08:26.796731,0.06640632,2.417458,-1.0676843,0.122020334,-0.07742717,1.325883
1386,2026-05-11 16:08:26.799508,0.06640632,2.417458,-1.0676843,0.122020334,-0.07742717,1.325883
1387,2026-05-11 16:08:26.802790,0.06640632,2.417458,-1.0676843,0.122020334,-0.07742717,1.325883
1388,2026-05-11 16:08:26.805479,0.06640632,2.417458,-1.0676843,0.122020334,-0.07742717,1.325883
1389,2026-05-11 16:08:26.808097,0.06640632,2.417458,-1.0676843,0.122020334,-0.07742717,1.325883
1390,2026-05-11 16:08:26.810638,0.06640632,2.417458,-1.0676843,0.122020334,-0.07742717,1.325883
1391,2026-05-11 16:08:26.813382,0.06640632,2.417458,-1.0676843,0.122020334,-0.07742717,1.325883
1392,2026-05-11 16:08:26.816212,0.06640632,2.417458,-1.0676843,0.122020334,-0.07742717,1.325883
1393,2026-05-11 16:08:26.819315,-0.14324006,2.356418,-0.93042016,-0.4092797,0.83092946,0.36377025
1394,2026-05-11 16:08:26.821997,-0.14324006,2.356418,-0.93042016,-0.4092797,0.83092946,0.36377025
1395,2026-05-11 16:08:26.824599,-0.14324006,2.356418,-0.93042016,-0.4092797,0.83092946,0.36377025
1396,2026-05-11 16:08:26.827368,-0.14324006,2.356418,-0.93042016,-0.4092797,0.83092946,0.36377025
1397,2026-05-11 16:08:26.829999,-0.14324006,2.356418,-0.93042016,-0.4092797,0.83092946,0.36377025
1398,2026-05-11 16:08:26.832829,-0.14324006,2.356418,-0.93042016,-0.377362,1.0839803,-0.124769226
1399,2026-05-11 16:08:26.835875,-0.14324006,2.356418,-0.93042016,-0.377362,1.0839803,-0.124769226
1400,2026-05-11 16:08:26.838601,-0.14324006,2.356418,-0.93042016,-0.377362,1.0839803,-0.124769226
1401,2026-05-11 16:08:26.841342,-0.14324006,2.356418,-0.93042016,-0.377362,1.0839803,-0.124769226
1402,2026-05-11 16:08:26.843970,-0.14324006,2.356418,-0.93042016,-0.377362,1.0839803,-0.124769226
1403,2026-05-11 16:08:26.846724,-0.3202016,2.227691,-0.76547146,-0.377362,1.0839803,-0.124769226
1404,2026-05-11 16:08:26.849317,-0.3202016,2.227691,-0.76547146,-0.377362,1.0839803,-0.124769226
1405,2026-05-11 16:08:26.852367,-0.3202016,2.227691,-0.76547146,-0.377362,1.0839803,-0.124769226
1406,2026-05-11 16:08:26.855227,-0.35367918,2.09872,-0.60430354,-0.11759156,0.95096445,-0.35979962
1407,2026-05-11 16:08:26.858009,-0.35367918,2.09872,-0.60430354,0.41370848,0.5320636,-0.64599
1408,2026-05-11 16:08:26.860761,-0.20598765,1.9938358,-0.49448007,0.41370848,0.5320636,-0.64599
1409,2026-05-11 16:08:26.863361,-0.20598765,1.9938358,-0.49448007,0.41370848,0.5320636,-0.64599
1410,2026-05-11 16:08:26.865963,-0.20598765,1.9938358,-0.49448007,0.41370848,0.5320636,-0.64599
1411,2026-05-11 16:08:26.869353,-0.20598765,1.9938358,-0.49448007,0.41370848,0.5320636,-0.64599
1412,2026-05-11 16:08:26.880763,-0.20598765,1.9938358,-0.49448007,0.41370848,0.5320636,-0.64599
1413,2026-05-11 16:08:26.899193,2.0096295,0.2775162,-1.2804406,1.2796099,0.7266242,1.6183348
1414,2026-05-11 16:08:26.908432,2.1037815,0.4744179,-1.5409436,1.2796099,0.7266242,1.6183348
1415,2026-05-11 16:08:26.911509,2.1037815,0.4744179,-1.5409436,1.2796099,0.7266242,1.6183348
1416,2026-05-11 16:08:26.914413,2.1037815,0.4744179,-1.5409436,1.2796099,0.7266242,1.6183348
1417,2026-05-11 16:08:26.917485,2.1037815,0.4744179,-1.5409436,1.2796099,0.7266242,1.6183348
1418,2026-05-11 16:08:26.920354,2.1037815,0.4744179,-1.5409436,1.2796099,0.7266242,1.6183348
1419,2026-05-11 16:08:26.922978,2.1037815,0.4744179,-1.5409436,1.2796099,0.7266242,1.6183348
1420,2026-05-11 16:08:26.925692,2.1037815,0.4744179,-1.5409436,0.5946773,0.02855795,0.9998337
1421,2026-05-11 16:08:26.928349,2.1037815,0.4744179,-1.5409436,0.5946773,0.02855795,0.9998337
1422,2026-05-11 16:08:26.930914,2.1037815,0.4744179,-1.5409436,0.5946773,0.02855795,0.9998337
1423,2026-05-11 16:08:26.933981,2.239338,0.09585925,-1.2025701,-1.3437508,0.15088372,-0.68386364
1424,2026-05-11 16:08:26.937013,1.8829147,-0.16927817,-1.0459757,-2.6543622,0.9992228,-2.470492
1425,2026-05-11 16:08:26.939806,1.8829147,-0.16927817,-1.0459757,-2.6543622,0.9992228,-2.470492
1426,2026-05-11 16:08:26.942401,1.8829147,-0.16927817,-1.0459757,-2.6543622,0.9992228,-2.470492
1427,2026-05-11 16:08:26.945001,1.8829147,-0.16927817,-1.0459757,-2.6543622,0.9992228,-2.470492
1428,2026-05-11 16:08:26.947883,1.2126927,-0.5081394,-0.6537577,-2.7687466,0.9625709,-2.54517
1429,2026-05-11 16:08:26.951148,1.2126927,-0.5081394,-0.6537577,-2.7687466,0.9625709,-2.54517
1430,2026-05-11 16:08:26.954041,1.2126927,-0.5081394,-0.6537577,-2.6273315,0.8116872,-2.3209825
1431,2026-05-11 16:08:26.956742,1.2126927,-0.5081394,-0.6537577,-2.6273315,0.8116872,-2.3209825
1432,2026-05-11 16:08:26.959527,1.2126927,-0.5081394,-0.6537577,-2.6273315,0.8116872,-2.3209825
1433,2026-05-11 16:08:26.962136,1.2126927,-0.5081394,-0.6537577,-2.6273315,0.8116872,-2.3209825
1434,2026-05-11 16:08:26.964923,1.2126927,-0.5081394,-0.6537577,-2.6273315,0.8116872,-2.3209825
1435,2026-05-11 16:08:26.968110,1.2126927,-0.5081394,-0.6537577,-2.6273315,0.8116872,-2.3209825
1436,2026-05-11 16:08:26.970888,1.2126927,-0.5081394,-0.6537577,-2.6273315,0.8116872,-2.3209825
1437,2026-05-11 16:08:26.973571,1.2126927,-0.5081394,-0.6537577,-2.6273315,0.8116872,-2.3209825
1438,2026-05-11 16:08:26.976351,1.2126927,-0.5081394,-0.6537577,-2.6273315,0.8116872,-2.3209825
1439,2026-05-11 16:08:26.978960,1.2126927,-0.5081394,-0.6537577,-2.6273315,0.8116872,-2.3209825
1440,2026-05-11 16:08:26.981689,1.4383767,-0.55393475,-0.53808016,-2.6273315,0.8116872,-2.3209825
1441,2026-05-11 16:08:26.984805,1.4383767,-0.55393475,-0.53808016,-2.1132884,0.48731774,-1.9784398
1442,2026-05-11 16:08:26.987562,1.4383767,-0.55393475,-0.53808016,-2.1132884,0.48731774,-1.9784398
1443,2026-05-11 16:08:26.990269,1.4383767,-0.55393475,-0.53808016,-2.1132884,0.48731774,-1.9784398
1444,2026-05-11 16:08:26.992997,1.4383767,-0.55393475,-0.53808016,-2.1132884,0.48731774,-1.9784398
1445,2026-05-11 16:08:26.995630,1.4383767,-0.55393475,-0.53808016,-2.1132884,0.48731774,-1.9784398
1446,2026-05-11 16:08:26.998544,1.539846,-0.56759405,-0.524116,-1.527774,0.21563543,-2.007914
1447,2026-05-11 16:08:27.001795,1.539846,-0.56759405,-0.524116,-1.527774,0.21563543,-2.007914
1448,2026-05-11 16:08:27.004512,1.539846,-0.56759405,-0.524116,-1.527774,0.21563543,-2.007914
1449,2026-05-11 16:08:27.007255,1.539846,-0.56759405,-0.524116,-1.527774,0.21563543,-2.007914
1450,2026-05-11 16:08:27.009942,1.539846,-0.56759405,-0.524116,-1.527774,0.21563543,-2.007914
1451,2026-05-11 16:08:27.012542,1.539846,-0.56759405,-0.524116,-1.527774,0.21563543,-2.007914
1452,2026-05-11 16:08:27.015240,1.539846,-0.56759405,-0.524116,-1.527774,0.21563543,-2.007914
1453,2026-05-11 16:08:27.018339,1.539846,-0.56759405,-0.524116,-1.527774,0.21563543,-2.007914
1454,2026-05-11 16:08:27.021093,1.539846,-0.56759405,-0.524116,-1.527774,0.21563543,-2.007914
1455,2026-05-11 16:08:27.023876,1.539846,-0.56759405,-0.524116,-1.527774,0.21563543,-2.007914
1456,2026-05-11 16:08:27.026507,1.539846,-0.56759405,-0.524116,-1.527774,0.21563543,-2.007914
1457,2026-05-11 16:08:27.029377,1.4113019,-0.42923236,-0.65857506,-0.91232723,-0.10476339,-2.11619
1458,2026-05-11 16:08:27.032508,1.1000642,-0.21812248,-0.97963035,-0.041233405,-1.1470522,-2.225993
1459,2026-05-11 16:08:27.035703,1.1000642,-0.21812248,-0.97963035,-0.39721513,-1.1236867,-2.1835377
1460,2026-05-11 16:08:27.038363,1.1000642,-0.21812248,-0.97963035,-0.39721513,-1.1236867,-2.1835377
1461,2026-05-11 16:08:27.041407,1.1000642,-0.21812248,-0.97963035,-0.39721513,-1.1236867,-2.1835377
1462,2026-05-11 16:08:27.044039,1.1000642,-0.21812248,-0.97963035,-0.39721513,-1.1236867,-2.1835377
1463,2026-05-11 16:08:27.046931,0.99097246,-0.100432694,-1.0926857,-0.39721513,-1.1236867,-2.1835377
1464,2026-05-11 16:08:27.050112,0.99097246,-0.100432694,-1.0926857,-0.39721513,-1.1236867,-2.1835377
1465,2026-05-11 16:08:27.052991,0.8352927,-0.10116444,-1.0894538,-0.39721513,-1.1236867,-2.1835377
1466,2026-05-11 16:08:27.055721,0.8352927,-0.10116444,-1.0894538,-0.39721513,-1.1236867,-2.1835377
1467,2026-05-11 16:08:27.058349,0.8352927,-0.10116444,-1.0894538,-0.39721513,-1.1236867,-2.1835377
1468,2026-05-11 16:08:27.060953,0.8352927,-0.10116444,-1.0894538,-0.39721513,-1.1236867,-2.1835377
1469,2026-05-11 16:08:27.063823,0.8352927,-0.10116444,-1.0894538,-0.8854492,-0.9476047,-2.1612413
1470,2026-05-11 16:08:27.066904,0.5793021,-0.0954324,-0.93999386,-1.5334245,-0.6598872,-2.030058
1471,2026-05-11 16:08:27.070423,0.5793021,-0.0954324,-0.93999386,-1.5334245,-0.6598872,-2.030058
1472,2026-05-11 16:08:27.073337,0.5793021,-0.0954324,-0.93999386,-1.5334245,-0.6598872,-2.030058
1473,2026-05-11 16:08:27.075983,0.5793021,-0.0954324,-0.93999386,-1.5334245,-0.6598872,-2.030058
1474,2026-05-11 16:08:27.078583,0.5793021,-0.0954324,-0.93999386,-1.5334245,-0.6598872,-2.030058
1475,2026-05-11 16:08:27.081174,0.5793021,-0.0954324,-0.93999386,-1.5334245,-0.6598872,-2.030058
1476,2026-05-11 16:08:27.084057,0.5793021,-0.0954324,-0.93999386,-1.5334245,-0.6598872,-2.030058
1477,2026-05-11 16:08:27.087446,0.5793021,-0.0954324,-0.93999386,-1.5334245,-0.6598872,-2.030058
1478,2026-05-11 16:08:27.090187,0.5793021,-0.0954324,-0.93999386,-1.5334245,-0.6598872,-2.030058
1479,2026-05-11 16:08:27.092785,0.5793021,-0.0954324,-0.93999386,-1.5334245,-0.6598872,-2.030058
1480,2026-05-11 16:08:27.095532,0.5793021,-0.0954324,-0.93999386,-1.5334245,-0.6598872,-2.030058
1481,2026-05-11 16:08:27.098187,0.5793021,-0.0954324,-0.93999386,-1.5334245,-0.6598872,-2.030058
1482,2026-05-11 16:08:27.101509,0.5793021,-0.0954324,-0.93999386,-1.5334245,-0.6598872,-2.030058
1483,2026-05-11 16:08:27.104522,0.5793021,-0.0954324,-0.93999386,-1.5334245,-0.6598872,-2.030058
1484,2026-05-11 16:08:27.107263,0.5793021,-0.0954324,-0.93999386,-1.5334245,-0.6598872,-2.030058
1485,2026-05-11 16:08:27.110009,0.35782576,-0.04884431,-0.77474034,-1.5334245,-0.6598872,-2.030058
1486,2026-05-11 16:08:27.112696,0.35782576,-0.04884431,-0.77474034,-2.3585508,-0.29046643,-1.3651311
1487,2026-05-11 16:08:27.115444,0.20007265,0.07530928,-0.5306407,-2.3585508,-0.29046643,-1.3651311
1488,2026-05-11 16:08:27.118731,0.20007265,0.07530928,-0.5306407,-2.3585508,-0.29046643,-1.3651311
1489,2026-05-11 16:08:27.121586,0.18305947,0.15153323,-0.37081432,-2.3585508,-0.29046643,-1.3651311
1490,2026-05-11 16:08:27.124299,0.18305947,0.15153323,-0.37081432,-2.3585508,-0.29046643,-1.3651311
1491,2026-05-11 16:08:27.126879,0.18305947,0.15153323,-0.37081432,-2.3585508,-0.29046643,-1.3651311
1492,2026-05-11 16:08:27.129659,0.18305947,0.15153323,-0.37081432,-2.3585508,-0.29046643,-1.3651311
1493,2026-05-11 16:08:27.132387,0.18305947,0.15153323,-0.37081432,-2.3585508,-0.29046643,-1.3651311
1494,2026-05-11 16:08:27.135702,0.18305947,0.15153323,-0.37081432,-2.3585508,-0.29046643,-1.3651311
1495,2026-05-11 16:08:27.138745,0.18305947,0.15153323,-0.37081432,-2.3585508,-0.29046643,-1.3651311
1496,2026-05-11 16:08:27.141542,0.18305947,0.15153323,-0.37081432,-2.3585508,-0.29046643,-1.3651311
1497,2026-05-11 16:08:27.144160,0.18305947,0.15153323,-0.37081432,-2.3585508,-0.29046643,-1.3651311
1498,2026-05-11 16:08:27.146747,0.18305947,0.15153323,-0.37081432,-2.3585508,-0.29046643,-1.3651311
1499,2026-05-11 16:08:27.149295,0.18305947,0.15153323,-0.37081432,-2.3585508,-0.29046643,-1.3651311
1500,2026-05-11 16:08:27.152664,0.18305947,0.15153323,-0.37081432,-2.4565945,-0.33673948,-1.0795516
1501,2026-05-11 16:08:27.155899,0.18305947,0.15153323,-0.37081432,-2.4565945,-0.33673948,-1.0795516
1502,2026-05-11 16:08:27.158524,0.18305947,0.15153323,-0.37081432,-2.4565945,-0.33673948,-1.0795516
1503,2026-05-11 16:08:27.161343,0.18305947,0.15153323,-0.37081432,-2.4565945,-0.33673948,-1.0795516
1504,2026-05-11 16:08:27.163964,0.18305947,0.15153323,-0.37081432,-2.4097106,-0.43493605,-0.91706145
1505,2026-05-11 16:08:27.166808,0.18305947,0.15153323,-0.37081432,-2.4097106,-0.43493605,-0.91706145
1506,2026-05-11 16:08:27.170276,0.18305947,0.15153323,-0.37081432,-2.4097106,-0.43493605,-0.91706145
1507,2026-05-11 16:08:27.173024,0.18305947,0.15153323,-0.37081432,-2.4097106,-0.43493605,-0.91706145
1508,2026-05-11 16:08:27.175623,0.18305947,0.15153323,-0.37081432,-2.4097106,-0.43493605,-0.91706145
1509,2026-05-11 16:08:27.178218,0.18305947,0.15153323,-0.37081432,-2.4097106,-0.43493605,-0.91706145
1510,2026-05-11 16:08:27.180759,0.18305947,0.15153323,-0.37081432,-2.4097106,-0.43493605,-0.91706145
1511,2026-05-11 16:08:27.183610,0.18305947,0.15153323,-0.37081432,-2.4097106,-0.43493605,-0.91706145
1512,2026-05-11 16:08:27.186957,0.18305947,0.15153323,-0.37081432,-2.4097106,-0.43493605,-0.91706145
1513,2026-05-11 16:08:27.189754,0.17043677,0.23580644,-0.18903543,-2.4097106,-0.43493605,-0.91706145
1514,2026-05-11 16:08:27.192583,0.17043677,0.23580644,-0.18903543,-2.4097106,-0.43493605,-0.91706145
1515,2026-05-11 16:08:27.195338,0.14073992,0.33636108,-0.021403689,-2.4097106,-0.43493605,-0.91706145
1516,2026-05-11 16:08:27.198170,0.07165052,0.41264603,0.0705529,-2.009594,-0.4222606,-0.59773165
1517,2026-05-11 16:08:27.201239,0.07165052,0.41264603,0.0705529,-2.009594,-0.4222606,-0.59773165
1518,2026-05-11 16:08:27.204038,0.07165052,0.41264603,0.0705529,-2.009594,-0.4222606,-0.59773165
1519,2026-05-11 16:08:27.206616,0.07165052,0.41264603,0.0705529,-2.009594,-0.4222606,-0.59773165
1520,2026-05-11 16:08:27.209341,-0.08409027,0.44648945,0.091956586,-1.6311629,-0.31490102,-0.3837761
1521,2026-05-11 16:08:27.212031,-0.08409027,0.44648945,0.091956586,-1.6311629,-0.31490102,-0.3837761
1522,2026-05-11 16:08:27.214642,-0.08409027,0.44648945,0.091956586,-1.6311629,-0.31490102,-0.3837761
1523,2026-05-11 16:08:27.217771,-0.08409027,0.44648945,0.091956586,-1.6311629,-0.31490102,-0.3837761
1524,2026-05-11 16:08:27.220604,-0.08409027,0.44648945,0.091956586,-1.6311629,-0.31490102,-0.3837761
1525,2026-05-11 16:08:27.223233,-0.08409027,0.44648945,0.091956586,-1.6311629,-0.31490102,-0.3837761
1526,2026-05-11 16:08:27.225831,-0.08409027,0.44648945,0.091956586,-1.6311629,-0.31490102,-0.3837761
1527,2026-05-11 16:08:27.228543,-0.08409027,0.44648945,0.091956586,-1.6311629,-0.31490102,-0.3837761
1528,2026-05-11 16:08:27.231413,-0.08409027,0.44648945,0.091956586,-1.6311629,-0.31490102,-0.3837761
1529,2026-05-11 16:08:27.234430,-0.08409027,0.44648945,0.091956586,-1.6311629,-0.31490102,-0.3837761
1530,2026-05-11 16:08:27.237295,-0.08409027,0.44648945,0.091956586,-1.6311629,-0.31490102,-0.3837761
1531,2026-05-11 16:08:27.239962,-0.08409027,0.44648945,0.091956586,-1.6311629,-0.31490102,-0.3837761
1532,2026-05-11 16:08:27.242549,-0.08409027,0.44648945,0.091956586,-1.6311629,-0.31490102,-0.3837761
1533,2026-05-11 16:08:27.245301,-0.08409027,0.44648945,0.091956586,-1.6311629,-0.31490102,-0.3837761
1534,2026-05-11 16:08:27.247981,-0.1884866,0.49588257,0.070248,-0.7831292,-0.536187,0.39752057
1535,2026-05-11 16:08:27.250929,-0.1884866,0.49588257,0.070248,-0.7831292,-0.536187,0.39752057
1536,2026-05-11 16:08:27.253662,-0.1884866,0.49588257,0.070248,-0.7831292,-0.536187,0.39752057
1537,2026-05-11 16:08:27.256240,-0.1884866,0.49588257,0.070248,-0.7831292,-0.536187,0.39752057
1538,2026-05-11 16:08:27.258853,-0.1884866,0.49588257,0.070248,-0.7831292,-0.536187,0.39752057
1539,2026-05-11 16:08:27.261610,-0.1884866,0.49588257,0.070248,-0.7831292,-0.536187,0.39752057
1540,2026-05-11 16:08:27.264207,-0.1884866,0.49588257,0.070248,-0.7831292,-0.536187,0.39752057
1541,2026-05-11 16:08:27.267211,-0.25141713,0.6113771,0.04402696,-0.7831292,-0.536187,0.39752057
1542,2026-05-11 16:08:27.270202,-0.25141713,0.6113771,0.04402696,-0.7831292,-0.536187,0.39752057
1543,2026-05-11 16:08:27.272925,-0.25141713,0.6113771,0.04402696,-0.7831292,-0.536187,0.39752057
1544,2026-05-11 16:08:27.275684,-0.25141713,0.6113771,0.04402696,-0.7831292,-0.536187,0.39752057
1545,2026-05-11 16:08:27.278354,-0.25141713,0.6113771,0.04402696,-0.7831292,-0.536187,0.39752057
1546,2026-05-11 16:08:27.280939,-0.25141713,0.6113771,0.04402696,-0.7831292,-0.536187,0.39752057
1547,2026-05-11 16:08:27.283935,-0.20007265,0.68857676,-0.0086590415,-0.7831292,-0.536187,0.39752057
1548,2026-05-11 16:08:27.286985,-0.20007265,0.68857676,-0.0086590415,-0.7831292,-0.536187,0.39752057
1549,2026-05-11 16:08:27.289628,-0.20007265,0.68857676,-0.0086590415,-0.7831292,-0.536187,0.39752057
1550,2026-05-11 16:08:27.292200,-0.20007265,0.68857676,-0.0086590415,-0.7831292,-0.536187,0.39752057
1551,2026-05-11 16:08:27.294952,-0.20007265,0.68857676,-0.0086590415,-0.7831292,-0.536187,0.39752057
1552,2026-05-11 16:08:27.297667,-0.20007265,0.68857676,-0.0086590415,-0.27977628,-0.79045963,0.90316427
1553,2026-05-11 16:08:27.300749,-0.20007265,0.68857676,-0.0086590415,-0.27977628,-0.79045963,0.90316427
1554,2026-05-11 16:08:27.303475,-0.20007265,0.68857676,-0.0086590415,-0.27977628,-0.79045963,0.90316427
1555,2026-05-11 16:08:27.306045,-0.20007265,0.68857676,-0.0086590415,-0.27977628,-0.79045963,0.90316427
1556,2026-05-11 16:08:27.308606,-0.20007265,0.68857676,-0.0086590415,-0.27977628,-0.79045963,0.90316427
1557,2026-05-11 16:08:27.311173,-0.20007265,0.68857676,-0.0086590415,-0.27977628,-0.79045963,0.90316427
1558,2026-05-11 16:08:27.313958,-0.20007265,0.68857676,-0.0086590415,-0.27977628,-0.79045963,0.90316427
1559,2026-05-11 16:08:27.316789,-0.20007265,0.68857676,-0.0086590415,-0.27977628,-0.79045963,0.90316427
1560,2026-05-11 16:08:27.319859,-0.060918186,0.7855336,-0.07500438,-0.27977628,-0.79045963,0.90316427
1561,2026-05-11 16:08:27.322616,-0.060918186,0.7855336,-0.07500438,-0.27977628,-0.79045963,0.90316427
1562,2026-05-11 16:08:27.325204,-0.060918186,0.7855336,-0.07500438,-0.27977628,-0.79045963,0.90316427
1563,2026-05-11 16:08:27.327965,-0.060918186,0.7855336,-0.07500438,-0.27977628,-0.79045963,0.90316427
1564,2026-05-11 16:08:27.330654,-0.060918186,0.7855336,-0.07500438,-0.27977628,-0.79045963,0.90316427
1565,2026-05-11 16:08:27.333790,-0.060918186,0.7855336,-0.07500438,-0.27977628,-0.79045963,0.90316427
1566,2026-05-11 16:08:27.336582,-0.060918186,0.7855336,-0.07500438,-0.27977628,-0.79045963,0.90316427
1567,2026-05-11 16:08:27.339495,-0.060918186,0.7855336,-0.07500438,-0.10170906,-0.81321436,1.0797043
1568,2026-05-11 16:08:27.342244,-0.020671938,0.8580988,-0.20464608,-0.10170906,-0.81321436,1.0797043
1569,2026-05-11 16:08:27.344897,-0.020671938,0.8580988,-0.20464608,-0.10170906,-0.81321436,1.0797043
1570,2026-05-11 16:08:27.347707,-0.020671938,0.8580988,-0.20464608,0.03573562,-0.56581396,1.2321151
1571,2026-05-11 16:08:27.351049,-0.020671938,0.8580988,-0.20464608,0.03573562,-0.56581396,1.2321151
1572,2026-05-11 16:08:27.353822,-0.020671938,0.8580988,-0.20464608,0.03573562,-0.56581396,1.2321151
1573,2026-05-11 16:08:27.356529,-0.020671938,0.8580988,-0.20464608,0.03573562,-0.56581396,1.2321151
1574,2026-05-11 16:08:27.359371,-0.020671938,0.8580988,-0.20464608,0.03573562,-0.56581396,1.2321151
1575,2026-05-11 16:08:27.362012,-0.020671938,0.8580988,-0.20464608,0.03573562,-0.56581396,1.2321151
1576,2026-05-11 16:08:27.364921,-0.020671938,0.8580988,-0.20464608,0.03573562,-0.56581396,1.2321151
1577,2026-05-11 16:08:27.368630,-0.020671938,0.8580988,-0.20464608,0.03573562,-0.56581396,1.2321151
1578,2026-05-11 16:08:27.371448,-0.020671938,0.8580988,-0.20464608,0.03573562,-0.56581396,1.2321151
1579,2026-05-11 16:08:27.374435,0.00219525,1.0246329,-0.4110606,-0.10720685,-0.35048392,1.3736832
1580,2026-05-11 16:08:27.377097,0.00219525,1.0246329,-0.4110606,-0.10720685,-0.35048392,1.3736832
1581,2026-05-11 16:08:27.379697,0.00219525,1.0246329,-0.4110606,-0.10720685,-0.35048392,1.3736832
1582,2026-05-11 16:08:27.382579,0.00219525,1.0246329,-0.4110606,-0.10720685,-0.35048392,1.3736832
1583,2026-05-11 16:08:27.386253,0.00219525,1.0246329,-0.4110606,-0.10720685,-0.35048392,1.3736832
1584,2026-05-11 16:08:27.389143,0.00219525,1.0246329,-0.4110606,-0.10720685,-0.35048392,1.3736832
1585,2026-05-11 16:08:27.391827,0.00219525,1.0246329,-0.4110606,-0.10720685,-0.35048392,1.3736832
1586,2026-05-11 16:08:27.394706,0.00219525,1.0246329,-0.4110606,-0.10720685,-0.35048392,1.3736832
1587,2026-05-11 16:08:27.397467,0.00219525,1.0246329,-0.4110606,-0.10720685,-0.35048392,1.3736832
1588,2026-05-11 16:08:27.400722,0.00219525,1.0246329,-0.4110606,-0.10720685,-0.35048392,1.3736832
1589,2026-05-11 16:08:27.403712,0.00219525,1.0246329,-0.4110606,-0.10720685,-0.35048392,1.3736832
1590,2026-05-11 16:08:27.406307,0.00219525,1.0246329,-0.4110606,-0.10720685,-0.35048392,1.3736832
1591,2026-05-11 16:08:27.409243,0.00219525,1.0246329,-0.4110606,-0.10720685,-0.35048392,1.3736832
1592,2026-05-11 16:08:27.411950,0.00219525,1.0246329,-0.4110606,-0.10720685,-0.35048392,1.3736832
1593,2026-05-11 16:08:27.414774,0.00219525,1.0246329,-0.4110606,-0.10720685,-0.35048392,1.3736832
1594,2026-05-11 16:08:27.418076,0.00219525,1.0246329,-0.4110606,-0.10720685,-0.35048392,1.3736832
1595,2026-05-11 16:08:27.420923,0.00219525,1.0246329,-0.4110606,-0.10720685,-0.35048392,1.3736832
1596,2026-05-11 16:08:27.423654,0.00219525,1.0246329,-0.4110606,-0.10720685,-0.35048392,1.3736832
1597,2026-05-11 16:08:27.426335,0.00219525,1.0246329,-0.4110606,-0.10720685,-0.35048392,1.3736832
1598,2026-05-11 16:08:27.429054,-0.071772486,1.1052474,-0.5318603,-0.10720685,-0.35048392,1.3736832
1599,2026-05-11 16:08:27.431670,-0.071772486,1.1052474,-0.5318603,-0.10720685,-0.35048392,1.3736832
1600,2026-05-11 16:08:27.434932,-0.071772486,1.1052474,-0.5318603,-0.10720685,-0.35048392,1.3736832
1601,2026-05-11 16:08:27.437818,-0.071772486,1.1052474,-0.5318603,-0.10720685,-0.35048392,1.3736832
1602,2026-05-11 16:08:27.440536,-0.071772486,1.1052474,-0.5318603,-0.10720685,-0.35048392,1.3736832
1603,2026-05-11 16:08:27.443276,-0.071772486,1.1052474,-0.5318603,-0.10720685,-0.35048392,1.3736832
1604,2026-05-11 16:08:27.446078,-0.071772486,1.1052474,-0.5318603,-0.10720685,-0.35048392,1.3736832
1605,2026-05-11 16:08:27.448831,-0.071772486,1.1052474,-0.5318603,-0.10720685,-0.35048392,1.3736832
1606,2026-05-11 16:08:27.452068,-0.071772486,1.1052474,-0.5318603,-0.10720685,-0.35048392,1.3736832
1607,2026-05-11 16:08:27.454832,-0.071772486,1.1052474,-0.5318603,-0.10720685,-0.35048392,1.3736832
1608,2026-05-11 16:08:27.457647,-0.071772486,1.1052474,-0.5318603,-0.10720685,-0.35048392,1.3736832
1609,2026-05-11 16:08:27.460295,-0.071772486,1.1052474,-0.5318603,-0.10720685,-0.35048392,1.3736832
1610,2026-05-11 16:08:27.462874,-0.071772486,1.1052474,-0.5318603,-0.10720685,-0.35048392,1.3736832
1611,2026-05-11 16:08:27.465796,-0.071772486,1.1052474,-0.5318603,-0.10720685,-0.35048392,1.3736832
1612,2026-05-11 16:08:27.469449,-0.20976834,1.1720196,-0.5862537,-0.5726862,-0.40026945,1.5793921
1613,2026-05-11 16:08:27.472155,-0.20976834,1.1720196,-0.5862537,-0.5726862,-0.40026945,1.5793921
1614,2026-05-11 16:08:27.474773,-0.20976834,1.1720196,-0.5862537,-0.5726862,-0.40026945,1.5793921
1615,2026-05-11 16:08:27.477631,-0.20976834,1.1720196,-0.5862537,-0.5726862,-0.40026945,1.5793921
1616,2026-05-11 16:08:27.480250,-0.20976834,1.1720196,-0.5862537,-0.5726862,-0.40026945,1.5793921
1617,2026-05-11 16:08:27.483063,-0.40404797,1.2566587,-0.5697893,-0.5726862,-0.40026945,1.5793921
1618,2026-05-11 16:08:27.486280,-0.40404797,1.2566587,-0.5697893,-0.5726862,-0.40026945,1.5793921
1619,2026-05-11 16:08:27.489204,-0.40404797,1.2566587,-0.5697893,-0.91828316,-0.3080288,1.8350391
1620,2026-05-11 16:08:27.491878,-0.40404797,1.2566587,-0.5697893,-0.91828316,-0.3080288,1.8350391
1621,2026-05-11 16:08:27.494480,-0.40404797,1.2566587,-0.5697893,-0.91828316,-0.3080288,1.8350391
1622,2026-05-11 16:08:27.497328,-0.40404797,1.2566587,-0.5697893,-0.91828316,-0.3080288,1.8350391
1623,2026-05-11 16:08:27.500566,-0.40404797,1.2566587,-0.5697893,-0.91828316,-0.3080288,1.8350391
1624,2026-05-11 16:08:27.503688,-0.40404797,1.2566587,-0.5697893,-0.91828316,-0.3080288,1.8350391
1625,2026-05-11 16:08:27.506392,-0.40404797,1.2566587,-0.5697893,-0.91828316,-0.3080288,1.8350391
1626,2026-05-11 16:08:27.509329,-0.40404797,1.2566587,-0.5697893,-0.91828316,-0.3080288,1.8350391
1627,2026-05-11 16:08:27.512119,-0.40404797,1.2566587,-0.5697893,-1.475545,0.10048734,2.4959953
1628,2026-05-11 16:08:27.514993,-0.44569677,1.3809342,-0.5394217,-1.475545,0.10048734,2.4959953
1629,2026-05-11 16:08:27.518450,-0.44569677,1.3809342,-0.5394217,-1.475545,0.10048734,2.4959953
1630,2026-05-11 16:08:27.521352,-0.44569677,1.3809342,-0.5394217,-1.475545,0.10048734,2.4959953
1631,2026-05-11 16:08:27.524139,-0.44569677,1.3809342,-0.5394217,-1.475545,0.10048734,2.4959953
1632,2026-05-11 16:08:27.526867,-0.44569677,1.3809342,-0.5394217,-1.475545,0.10048734,2.4959953
1633,2026-05-11 16:08:27.529587,-0.44569677,1.3809342,-0.5394217,-1.9118555,0.5708536,3.0535626
1634,2026-05-11 16:08:27.532482,-0.2997126,1.4761837,-0.5780215,-1.9118555,0.5708536,3.0535626
1635,2026-05-11 16:08:27.535684,-0.2997126,1.4761837,-0.5780215,-1.9118555,0.5708536,3.0535626
1636,2026-05-11 16:08:27.538614,-0.2997126,1.4761837,-0.5780215,-1.9118555,0.5708536,3.0535626
1637,2026-05-11 16:08:27.541547,-0.2997126,1.4761837,-0.5780215,-1.9118555,0.5708536,3.0535626
1638,2026-05-11 16:08:27.544275,-0.23470882,1.6310097,-0.6727832,-1.9118555,0.5708536,3.0535626
1639,2026-05-11 16:08:27.547211,-0.23470882,1.6310097,-0.6727832,-1.9118555,0.5708536,3.0535626
1640,2026-05-11 16:08:27.550296,-0.23470882,1.6310097,-0.6727832,-1.9118555,0.5708536,3.0535626
1641,2026-05-11 16:08:27.553130,-0.23470882,1.6310097,-0.6727832,-2.2908974,1.0152581,3.3921347
1642,2026-05-11 16:08:27.555950,-0.23470882,1.6310097,-0.6727832,-2.2908974,1.0152581,3.3921347
1643,2026-05-11 16:08:27.558564,-0.23470882,1.6310097,-0.6727832,-2.2908974,1.0152581,3.3921347
1644,2026-05-11 16:08:27.561415,-0.23470882,1.6310097,-0.6727832,-2.2908974,1.0152581,3.3921347
1645,2026-05-11 16:08:27.564219,-0.06945527,2.0862193,-0.48393068,-3.2626312,1.3420709,3.765068
1646,2026-05-11 16:08:27.567348,-0.06945527,2.0862193,-0.48393068,-3.2626312,1.3420709,3.765068
1647,2026-05-11 16:08:27.570206,-0.06945527,2.0862193,-0.48393068,-3.2626312,1.3420709,3.765068
1648,2026-05-11 16:08:27.572871,-0.06945527,2.0862193,-0.48393068,-3.2626312,1.3420709,3.765068
1649,2026-05-11 16:08:27.575484,-0.06945527,2.0862193,-0.48393068,-3.2626312,1.3420709,3.765068
1650,2026-05-11 16:08:27.578348,-0.06945527,2.0862193,-0.48393068,-3.2626312,1.3420709,3.765068
1651,2026-05-11 16:08:27.581091,0.00060979166,2.1530523,-0.41288993,-3.2626312,1.3420709,3.765068
1652,2026-05-11 16:08:27.584302,0.00060979166,2.1530523,-0.41288993,-3.2626312,1.3420709,3.765068
1653,2026-05-11 16:08:27.587170,0.00060979166,2.1530523,-0.41288993,-3.2626312,1.3420709,3.765068
1654,2026-05-11 16:08:27.589840,0.00060979166,2.1530523,-0.41288993,-3.2626312,1.3420709,3.765068
1655,2026-05-11 16:08:27.592621,0.00060979166,2.1530523,-0.41288993,-3.0616567,1.1641564,3.6432004
1656,2026-05-11 16:08:27.595334,0.00060979166,2.1530523,-0.41288993,-3.0616567,1.1641564,3.6432004
1657,2026-05-11 16:08:27.597937,0.00060979166,2.1530523,-0.41288993,-3.0616567,1.1641564,3.6432004
1658,2026-05-11 16:08:27.601145,0.00060979166,2.1530523,-0.41288993,-3.0616567,1.1641564,3.6432004
1659,2026-05-11 16:08:27.604007,0.00060979166,2.1530523,-0.41288993,-3.0616567,1.1641564,3.6432004
1660,2026-05-11 16:08:27.606884,0.11043327,2.151284,-0.41923177,-3.0616567,1.1641564,3.6432004
1661,2026-05-11 16:08:27.609509,0.11043327,2.151284,-0.41923177,-3.0616567,1.1641564,3.6432004
1662,2026-05-11 16:08:27.612280,0.11043327,2.151284,-0.41923177,-3.0616567,1.1641564,3.6432004
1663,2026-05-11 16:08:27.614904,0.11043327,2.151284,-0.41923177,-3.0616567,1.1641564,3.6432004
1664,2026-05-11 16:08:27.618355,0.11043327,2.151284,-0.41923177,-3.0616567,1.1641564,3.6432004
1665,2026-05-11 16:08:27.621290,0.11043327,2.151284,-0.41923177,-3.0616567,1.1641564,3.6432004
1666,2026-05-11 16:08:27.623937,0.11043327,2.151284,-0.41923177,-3.0616567,1.1641564,3.6432004
1667,2026-05-11 16:08:27.626539,0.11043327,2.151284,-0.41923177,-3.0616567,1.1641564,3.6432004
1668,2026-05-11 16:08:27.629243,0.11043327,2.151284,-0.41923177,-3.0616567,1.1641564,3.6432004
1669,2026-05-11 16:08:27.631830,0.11043327,2.151284,-0.41923177,-3.0616567,1.1641564,3.6432004
1670,2026-05-11 16:08:27.634957,0.11043327,2.151284,-0.41923177,-3.0616567,1.1641564,3.6432004
1671,2026-05-11 16:08:27.637742,0.11043327,2.151284,-0.41923177,-3.0616567,1.1641564,3.6432004
1672,2026-05-11 16:08:27.640305,0.11043327,2.151284,-0.41923177,-3.0616567,1.1641564,3.6432004
1673,2026-05-11 16:08:27.643007,0.11043327,2.151284,-0.41923177,-2.617863,0.91721416,3.3198998
1674,2026-05-11 16:08:27.645732,0.11043327,2.151284,-0.41923177,-2.617863,0.91721416,3.3198998
1675,2026-05-11 16:08:27.648475,0.11043327,2.151284,-0.41923177,-2.617863,0.91721416,3.3198998
1676,2026-05-11 16:08:27.651478,0.11043327,2.151284,-0.41923177,-2.617863,0.91721416,3.3198998
1677,2026-05-11 16:08:27.654273,0.078480184,2.0730476,-0.52521354,-2.617863,0.91721416,3.3198998
1678,2026-05-11 16:08:27.656893,0.078480184,2.0730476,-0.52521354,-2.617863,0.91721416,3.3198998
1679,2026-05-11 16:08:27.659475,0.078480184,2.0730476,-0.52521354,-2.617863,0.91721416,3.3198998
1680,2026-05-11 16:08:27.662307,0.078480184,2.0730476,-0.52521354,-2.617863,0.91721416,3.3198998
1681,2026-05-11 16:08:27.665081,0.078480184,2.0730476,-0.52521354,-2.0182989,0.5908594,2.6839893
1682,2026-05-11 16:08:27.668051,0.078480184,2.0730476,-0.52521354,-2.0182989,0.5908594,2.6839893
1683,2026-05-11 16:08:27.670845,0.078480184,2.0730476,-0.52521354,-2.0182989,0.5908594,2.6839893
1684,2026-05-11 16:08:27.673506,0.078480184,2.0730476,-0.52521354,-2.0182989,0.5908594,2.6839893
1685,2026-05-11 16:08:27.676119,0.015244792,2.039875,-0.5864367,-1.7687603,0.4072944,2.3689353
1686,2026-05-11 16:08:27.678858,0.015244792,2.039875,-0.5864367,-1.7687603,0.4072944,2.3689353
1687,2026-05-11 16:08:27.681509,-0.039209604,1.9280393,-0.6502209,-1.4724907,0.18600847,1.8788688
1688,2026-05-11 16:08:27.684558,-0.039209604,1.9280393,-0.6502209,-1.4724907,0.18600847,1.8788688
1689,2026-05-11 16:08:27.687377,-0.039209604,1.9280393,-0.6502209,-1.4724907,0.18600847,1.8788688
1690,2026-05-11 16:08:27.690018,-0.039209604,1.9280393,-0.6502209,-1.4724907,0.18600847,1.8788688
1691,2026-05-11 16:08:27.692809,-0.039209604,1.9280393,-0.6502209,-1.4724907,0.18600847,1.8788688
1692,2026-05-11 16:08:27.695600,-0.039209604,1.9280393,-0.6502209,-1.4724907,0.18600847,1.8788688
1693,2026-05-11 16:08:27.698352,-0.08018761,1.8585231,-0.6384519,-1.3214543,0.10797043,1.5541939
1694,2026-05-11 16:08:27.701407,-0.08018761,1.8585231,-0.6384519,-1.3214543,0.10797043,1.5541939
1695,2026-05-11 16:08:27.704105,-0.08018761,1.8585231,-0.6384519,-1.3214543,0.10797043,1.5541939
1696,2026-05-11 16:08:27.706657,-0.08018761,1.8585231,-0.6384519,-1.3214543,0.10797043,1.5541939
1697,2026-05-11 16:08:27.709303,-0.08018761,1.8585231,-0.6384519,-1.3214543,0.10797043,1.5541939
1698,2026-05-11 16:08:27.711888,-0.08018761,1.8585231,-0.6384519,-1.3214543,0.10797043,1.5541939
1699,2026-05-11 16:08:27.714446,-0.08018761,1.8585231,-0.6384519,-1.3214543,0.10797043,1.5541939
1700,2026-05-11 16:08:27.717517,-0.08018761,1.8585231,-0.6384519,-1.3214543,0.10797043,1.5541939
1701,2026-05-11 16:08:27.720178,-0.08018761,1.8585231,-0.6384519,-1.3214543,0.10797043,1.5541939
1702,2026-05-11 16:08:27.722884,-0.08018761,1.8585231,-0.6384519,-1.3214543,0.10797043,1.5541939
1703,2026-05-11 16:08:27.725667,-0.08018761,1.8585231,-0.6384519,-1.3214543,0.10797043,1.5541939
1704,2026-05-11 16:08:27.728356,-0.30483487,1.718027,-0.5252746,-0.8605564,-0.0053450707,0.8205447
1705,2026-05-11 16:08:27.730966,-0.30483487,1.718027,-0.5252746,-0.8605564,-0.0053450707,0.8205447
1706,2026-05-11 16:08:27.733749,-0.46069762,1.6080207,-0.4297812,-0.29443705,0.053603426,0.3827071
1707,2026-05-11 16:08:27.737123,-0.51435924,1.5726527,-0.41209725,-0.29443705,0.053603426,0.3827071
1708,2026-05-11 16:08:27.739919,-0.51435924,1.5726527,-0.41209725,-0.29443705,0.053603426,0.3827071
1709,2026-05-11 16:08:27.742644,-0.51435924,1.5726527,-0.41209725,-0.29443705,0.053603426,0.3827071
1710,2026-05-11 16:08:27.745359,-0.47386914,1.5444194,-0.41831708,0.049938235,0.17134771,0.22082779
1711,2026-05-11 16:08:27.747924,-0.47386914,1.5444194,-0.41831708,0.698219,0.43081272,0.0021380284
1712,2026-05-11 16:08:27.750910,-0.47386914,1.5444194,-0.41831708,0.698219,0.43081272,0.0021380284
1713,2026-05-11 16:08:27.753973,-0.47386914,1.5444194,-0.41831708,0.698219,0.43081272,0.0021380284
1714,2026-05-11 16:08:27.756908,-0.47386914,1.5444194,-0.41831708,0.698219,0.43081272,0.0021380284
1715,2026-05-11 16:08:27.759532,-0.47386914,1.5444194,-0.41831708,0.698219,0.43081272,0.0021380284
1716,2026-05-11 16:08:27.762137,-0.47386914,1.5444194,-0.41831708,0.698219,0.43081272,0.0021380284
1717,2026-05-11 16:08:27.764863,-0.47386914,1.5444194,-0.41831708,0.698219,0.43081272,0.0021380284
1718,2026-05-11 16:08:27.767972,-0.47386914,1.5444194,-0.41831708,0.698219,0.43081272,0.0021380284
1719,2026-05-11 16:08:27.770717,-0.47386914,1.5444194,-0.41831708,0.698219,0.43081272,0.0021380284
1720,2026-05-11 16:08:27.773333,-0.47386914,1.5444194,-0.41831708,0.698219,0.43081272,0.0021380284
1721,2026-05-11 16:08:27.776234,-0.47386914,1.5444194,-0.41831708,0.698219,0.43081272,0.0021380284
1722,2026-05-11 16:08:27.778918,-0.47386914,1.5444194,-0.41831708,0.698219,0.43081272,0.0021380284
1723,2026-05-11 16:08:27.781739,-0.41618282,1.4969167,-0.45234346,0.698219,0.43081272,0.0021380284
1724,2026-05-11 16:08:27.784824,-0.41618282,1.4969167,-0.45234346,0.698219,0.43081272,0.0021380284
1725,2026-05-11 16:08:27.787599,-0.41618282,1.4969167,-0.45234346,0.698219,0.43081272,0.0021380284
1726,2026-05-11 16:08:27.790335,-0.41618282,1.4969167,-0.45234346,0.698219,0.43081272,0.0021380284
1727,2026-05-11 16:08:27.792972,-0.41618282,1.4969167,-0.45234346,0.698219,0.43081272,0.0021380284
1728,2026-05-11 16:08:27.795656,-0.41618282,1.4969167,-0.45234346,0.698219,0.43081272,0.0021380284
1729,2026-05-11 16:08:27.798344,-0.41618282,1.4969167,-0.45234346,1.4595097,0.5870415,-0.28985557
1730,2026-05-11 16:08:27.801379,-0.41618282,1.4969167,-0.45234346,1.4595097,0.5870415,-0.28985557
1731,2026-05-11 16:08:27.804201,-0.41618282,1.4969167,-0.45234346,1.4595097,0.5870415,-0.28985557
1732,2026-05-11 16:08:27.806922,-0.41618282,1.4969167,-0.45234346,1.4595097,0.5870415,-0.28985557
1733,2026-05-11 16:08:27.809626,-0.41618282,1.4969167,-0.45234346,1.4595097,0.5870415,-0.28985557
1734,2026-05-11 16:08:27.812250,-0.41618282,1.4969167,-0.45234346,1.4595097,0.5870415,-0.28985557
1735,2026-05-11 16:08:27.814858,-0.41618282,1.4969167,-0.45234346,1.4595097,0.5870415,-0.28985557
1736,2026-05-11 16:08:27.817878,-0.3030055,1.4116068,-0.6210728,1.4595097,0.5870415,-0.28985557
1737,2026-05-11 16:08:27.821066,-0.3030055,1.4116068,-0.6210728,2.2698226,0.47861293,-0.61254513
1738,2026-05-11 16:08:27.824043,-0.3030055,1.4116068,-0.6210728,2.2698226,0.47861293,-0.61254513
1739,2026-05-11 16:08:27.826838,-0.3030055,1.4116068,-0.6210728,2.2698226,0.47861293,-0.61254513
1740,2026-05-11 16:08:27.829588,0.020123126,1.3593476,-1.2869045,2.7866144,0.11591168,-0.9370673
1741,2026-05-11 16:08:27.832334,0.020123126,1.3593476,-1.2869045,2.7866144,0.11591168,-0.9370673
1742,2026-05-11 16:08:27.835658,0.020123126,1.3593476,-1.2869045,2.7866144,0.11591168,-0.9370673
1743,2026-05-11 16:08:27.838638,0.020123126,1.3593476,-1.2869045,2.7866144,0.11591168,-0.9370673
1744,2026-05-11 16:08:27.841295,0.020123126,1.3593476,-1.2869045,3.0327933,-0.5128214,-1.4934129
1745,2026-05-11 16:08:27.843993,0.020123126,1.3593476,-1.2869045,3.0327933,-0.5128214,-1.4934129
1746,2026-05-11 16:08:27.846799,0.020123126,1.3593476,-1.2869045,2.6816983,-1.0276281,-2.127949
1747,2026-05-11 16:08:27.850286,0.020123126,1.3593476,-1.2869045,2.6816983,-1.0276281,-2.127949
1748,2026-05-11 16:08:27.853164,0.020123126,1.3593476,-1.2869045,2.6816983,-1.0276281,-2.127949
1749,2026-05-11 16:08:27.855771,0.020123126,1.3593476,-1.2869045,2.6816983,-1.0276281,-2.127949
1750,2026-05-11 16:08:27.858524,0.020123126,1.3593476,-1.2869045,2.6816983,-1.0276281,-2.127949
1751,2026-05-11 16:08:27.861107,0.020123126,1.3593476,-1.2869045,2.6816983,-1.0276281,-2.127949
1752,2026-05-11 16:08:27.863666,0.020123126,1.3593476,-1.2869045,2.6816983,-1.0276281,-2.127949
1753,2026-05-11 16:08:27.866674,0.020123126,1.3593476,-1.2869045,2.6816983,-1.0276281,-2.127949
1754,2026-05-11 16:08:27.869447,0.020123126,1.3593476,-1.2869045,2.6816983,-1.0276281,-2.127949
1755,2026-05-11 16:08:27.872054,0.020123126,1.3593476,-1.2869045,2.6816983,-1.0276281,-2.127949
1756,2026-05-11 16:08:27.874894,0.059698608,1.3380659,-1.5185642,2.6816983,-1.0276281,-2.127949
1757,2026-05-11 16:08:27.877781,0.059698608,1.3380659,-1.5185642,2.6816983,-1.0276281,-2.127949
1758,2026-05-11 16:08:27.880462,0.059698608,1.3380659,-1.5185642,2.6816983,-1.0276281,-2.127949
1759,2026-05-11 16:08:27.883320,0.050612707,1.3272116,-1.6174115,2.6816983,-1.0276281,-2.127949
1760,2026-05-11 16:08:27.886538,0.050612707,1.3272116,-1.6174115,2.6816983,-1.0276281,-2.127949
1761,2026-05-11 16:08:27.889183,0.050612707,1.3272116,-1.6174115,2.6816983,-1.0276281,-2.127949
1762,2026-05-11 16:08:27.891958,0.050612707,1.3272116,-1.6174115,2.6816983,-1.0276281,-2.127949
1763,2026-05-11 16:08:27.894736,0.050612707,1.3272116,-1.6174115,2.2110267,-1.1867584,-2.460718
1764,2026-05-11 16:08:27.897394,0.050612707,1.3272116,-1.6174115,2.2110267,-1.1867584,-2.460718
1765,2026-05-11 16:08:27.900386,0.050612707,1.3272116,-1.6174115,0.9850202,-0.9776898,-2.97751
1766,2026-05-11 16:08:27.903405,0.050612707,1.3272116,-1.6174115,0.9850202,-0.9776898,-2.97751
1767,2026-05-11 16:08:27.906023,0.050612707,1.3272116,-1.6174115,0.9850202,-0.9776898,-2.97751
1768,2026-05-11 16:08:27.908837,0.050612707,1.3272116,-1.6174115,0.9850202,-0.9776898,-2.97751
1769,2026-05-11 16:08:27.911610,-0.05786923,1.2295839,-1.314345,0.9850202,-0.9776898,-2.97751
1770,2026-05-11 16:08:27.914198,-0.05786923,1.2295839,-1.314345,0.9850202,-0.9776898,-2.97751
1771,2026-05-11 16:08:27.917194,-0.05786923,1.2295839,-1.314345,0.025198191,-0.5242751,-3.275154
1772,2026-05-11 16:08:27.919993,-0.05786923,1.2295839,-1.314345,0.025198191,-0.5242751,-3.275154
1773,2026-05-11 16:08:27.922540,-0.05786923,1.2295839,-1.314345,0.025198191,-0.5242751,-3.275154
1774,2026-05-11 16:08:27.925310,-0.05786923,1.2295839,-1.314345,0.025198191,-0.5242751,-3.275154
1775,2026-05-11 16:08:27.928091,-0.20525588,1.1450667,-0.62869525,-0.77350813,-0.022449298,-3.3626604
1776,2026-05-11 16:08:27.930661,-0.20525588,1.1450667,-0.62869525,-0.77350813,-0.022449298,-3.3626604
1777,2026-05-11 16:08:27.933407,-0.20525588,1.1450667,-0.62869525,-0.77350813,-0.022449298,-3.3626604
1778,2026-05-11 16:08:27.936581,-0.20525588,1.1450667,-0.62869525,-0.68936145,0.034972034,-3.3438764
1779,2026-05-11 16:08:27.939424,-0.20525588,1.1450667,-0.62869525,-0.68936145,0.034972034,-3.3438764
1780,2026-05-11 16:08:27.942054,-0.20525588,1.1450667,-0.62869525,-0.68936145,0.034972034,-3.3438764
1781,2026-05-11 16:08:27.944784,-0.20525588,1.1450667,-0.62869525,-0.68936145,0.034972034,-3.3438764
1782,2026-05-11 16:08:27.947478,-0.20525588,1.1450667,-0.62869525,-0.68936145,0.034972034,-3.3438764
1783,2026-05-11 16:08:27.950432,-0.20525588,1.1450667,-0.62869525,-0.68936145,0.034972034,-3.3438764
1784,2026-05-11 16:08:27.953377,-0.20879267,1.1040888,-0.3644115,-0.68936145,0.034972034,-3.3438764
1785,2026-05-11 16:08:27.955973,-0.20879267,1.1040888,-0.3644115,-0.68936145,0.034972034,-3.3438764
1786,2026-05-11 16:08:27.958540,-0.20879267,1.1040888,-0.3644115,-0.68936145,0.034972034,-3.3438764
1787,2026-05-11 16:08:27.961363,-0.20879267,1.1040888,-0.3644115,-0.68936145,0.034972034,-3.3438764
1788,2026-05-11 16:08:27.964005,-0.16793664,1.1088451,-0.07360186,-0.22143865,0.112704635,-3.2904255
1789,2026-05-11 16:08:27.966882,-0.16793664,1.1088451,-0.07360186,-0.22143865,0.112704635,-3.2904255
1790,2026-05-11 16:08:27.970093,-0.16793664,1.1088451,-0.07360186,-0.22143865,0.112704635,-3.2904255
1791,2026-05-11 16:08:27.972924,-0.1326297,1.0896367,0.053051874,-0.22143865,0.112704635,-3.2904255
1792,2026-05-11 16:08:27.975655,-0.1326297,1.0896367,0.053051874,-0.22143865,0.112704635,-3.2904255
1793,2026-05-11 16:08:27.978414,-0.1326297,1.0896367,0.053051874,0.3678936,0.026572637,-3.3241758
1794,2026-05-11 16:08:27.981100,-0.1326297,1.0896367,0.053051874,0.3678936,0.026572637,-3.3241758
1795,2026-05-11 16:08:27.984166,-0.1326297,1.0896367,0.053051874,0.92011577,-0.17928895,-3.4238997
1796,2026-05-11 16:08:27.987103,-0.1326297,1.0896367,0.053051874,0.92011577,-0.17928895,-3.4238997
1797,2026-05-11 16:08:27.989754,-0.3514839,1.0296332,0.18007149,0.92011577,-0.17928895,-3.4238997
1798,2026-05-11 16:08:27.992379,-0.3514839,1.0296332,0.18007149,0.92011577,-0.17928895,-3.4238997
1799,2026-05-11 16:08:27.995163,-0.3514839,1.0296332,0.18007149,1.6618589,-0.5160284,-3.477656
1800,2026-05-11 16:08:27.997787,-0.3514839,1.0296332,0.18007149,1.6618589,-0.5160284,-3.477656
1801,2026-05-11 16:08:28.000954,-0.3514839,1.0296332,0.18007149,1.6618589,-0.5160284,-3.477656
1802,2026-05-11 16:08:28.003759,-0.3514839,1.0296332,0.18007149,1.6618589,-0.5160284,-3.477656
1803,2026-05-11 16:08:28.006548,-0.3514839,1.0296332,0.18007149,1.6618589,-0.5160284,-3.477656
1804,2026-05-11 16:08:28.009228,-0.3514839,1.0296332,0.18007149,1.6618589,-0.5160284,-3.477656
1805,2026-05-11 16:08:28.011809,-0.3514839,1.0296332,0.18007149,1.6618589,-0.5160284,-3.477656
1806,2026-05-11 16:08:28.038864,1.1568358,0.45947802,-0.97804487,3.292869,-0.8135198,1.5867225
1807,2026-05-11 16:08:28.042264,1.1568358,0.45947802,-0.97804487,3.292869,-0.8135198,1.5867225
1808,2026-05-11 16:08:28.051999,1.1568358,0.45947802,-0.97804487,3.292869,-0.8135198,1.5867225
1809,2026-05-11 16:08:28.054895,1.1568358,0.45947802,-0.97804487,3.292869,-0.8135198,1.5867225
1810,2026-05-11 16:08:28.057512,1.1568358,0.45947802,-0.97804487,3.292869,-0.8135198,1.5867225
1811,2026-05-11 16:08:28.060270,1.1568358,0.45947802,-0.97804487,3.292869,-0.8135198,1.5867225
1812,2026-05-11 16:08:28.062891,1.1568358,0.45947802,-0.97804487,3.292869,-0.8135198,1.5867225
1813,2026-05-11 16:08:28.065771,1.129944,0.34526405,-1.3684336,0.79045963,0.70325863,0.8472701
1814,2026-05-11 16:08:28.068873,1.129944,0.34526405,-1.3684336,0.79045963,0.70325863,0.8472701
1815,2026-05-11 16:08:28.071827,1.0606717,0.22086655,-1.3452004,0.79045963,0.70325863,0.8472701
1816,2026-05-11 16:08:28.074614,1.0606717,0.22086655,-1.3452004,0.79045963,0.70325863,0.8472701
1817,2026-05-11 16:08:28.077501,0.9504823,0.014513042,-0.68747914,-0.15836681,0.71761394,0.6931793
1818,2026-05-11 16:08:28.080330,0.845781,-0.16135088,-0.32129923,-0.15836681,0.71761394,0.6931793
1819,2026-05-11 16:08:28.083102,0.845781,-0.16135088,-0.32129923,-0.15836681,0.71761394,0.6931793
1820,2026-05-11 16:08:28.086190,0.845781,-0.16135088,-0.32129923,-0.15836681,0.71761394,0.6931793
1821,2026-05-11 16:08:28.088982,0.7364454,-0.38294917,-0.03164819,0.5691737,0.07070765,0.88789266
1822,2026-05-11 16:08:28.091526,0.7364454,-0.38294917,-0.03164819,0.5691737,0.07070765,0.88789266
1823,2026-05-11 16:08:28.094091,0.7364454,-0.38294917,-0.03164819,0.5691737,0.07070765,0.88789266
1824,2026-05-11 16:08:28.096601,0.7364454,-0.38294917,-0.03164819,0.5691737,0.07070765,0.88789266
1825,2026-05-11 16:08:28.099347,0.7364454,-0.38294917,-0.03164819,0.5691737,0.07070765,0.88789266
1826,2026-05-11 16:08:28.102593,0.76791066,-0.54484886,0.10287185,1.7547104,-0.6721045,1.2799155
1827,2026-05-11 16:08:28.105382,0.76791066,-0.54484886,0.10287185,1.7547104,-0.6721045,1.2799155
1828,2026-05-11 16:08:28.108088,0.76791066,-0.54484886,0.10287185,1.7547104,-0.6721045,1.2799155
1829,2026-05-11 16:08:28.110723,0.76791066,-0.54484886,0.10287185,1.7547104,-0.6721045,1.2799155
1830,2026-05-11 16:08:28.113423,0.76791066,-0.54484886,0.10287185,1.7547104,-0.6721045,1.2799155
1831,2026-05-11 16:08:28.116091,0.76791066,-0.54484886,0.10287185,1.7547104,-0.6721045,1.2799155
1832,2026-05-11 16:08:28.119193,0.76791066,-0.54484886,0.10287185,1.7547104,-0.6721045,1.2799155
1833,2026-05-11 16:08:28.121914,0.76791066,-0.54484886,0.10287185,1.7547104,-0.6721045,1.2799155
1834,2026-05-11 16:08:28.124675,0.76791066,-0.54484886,0.10287185,1.7547104,-0.6721045,1.2799155
1835,2026-05-11 16:08:28.127472,0.76791066,-0.54484886,0.10287185,1.7547104,-0.6721045,1.2799155
1836,2026-05-11 16:08:28.130092,0.76791066,-0.54484886,0.10287185,1.7547104,-0.6721045,1.2799155
1837,2026-05-11 16:08:28.133110,0.76791066,-0.54484886,0.10287185,1.7547104,-0.6721045,1.2799155
1838,2026-05-11 16:08:28.136352,0.76791066,-0.54484886,0.10287185,1.7547104,-0.6721045,1.2799155
1839,2026-05-11 16:08:28.139063,0.76791066,-0.54484886,0.10287185,1.7547104,-0.6721045,1.2799155
1840,2026-05-11 16:08:28.141734,0.8466348,-0.62058496,0.063540295,2.5605943,-1.063211,1.5283848
1841,2026-05-11 16:08:28.144670,0.8466348,-0.62058496,0.063540295,3.7545304,-1.3319917,1.9860756
1842,2026-05-11 16:08:28.147430,1.0740261,-0.6928453,-0.34709343,3.7545304,-1.3319917,1.9860756
1843,2026-05-11 16:08:28.150358,1.0740261,-0.6928453,-0.34709343,3.7545304,-1.3319917,1.9860756
1844,2026-05-11 16:08:28.153033,1.0740261,-0.6928453,-0.34709343,3.7545304,-1.3319917,1.9860756
1845,2026-05-11 16:08:28.155611,1.0740261,-0.6928453,-0.34709343,3.7545304,-1.3319917,1.9860756
1846,2026-05-11 16:08:28.158433,1.0740261,-0.6928453,-0.34709343,3.7545304,-1.3319917,1.9860756
1847,2026-05-11 16:08:28.161055,1.0740261,-0.6928453,-0.34709343,3.7545304,-1.3319917,1.9860756
1848,2026-05-11 16:08:28.163756,1.0740261,-0.6928453,-0.34709343,3.7545304,-1.3319917,1.9860756
1849,2026-05-11 16:08:28.166875,1.0740261,-0.6928453,-0.34709343,3.7545304,-1.3319917,1.9860756
1850,2026-05-11 16:08:28.169598,1.0740261,-0.6928453,-0.34709343,3.7545304,-1.3319917,1.9860756
1851,2026-05-11 16:08:28.172197,1.0740261,-0.6928453,-0.34709343,3.7545304,-1.3319917,1.9860756
1852,2026-05-11 16:08:28.174854,1.0740261,-0.6928453,-0.34709343,3.7545304,-1.3319917,1.9860756
1853,2026-05-11 16:08:28.177537,1.0740261,-0.6928453,-0.34709343,3.7545304,-1.3319917,1.9860756
1854,2026-05-11 16:08:28.180247,1.23806,-0.6487574,-0.8263897,3.816228,-0.7948884,2.4040601
1855,2026-05-11 16:08:28.182844,1.23806,-0.6487574,-0.8263897,3.816228,-0.7948884,2.4040601
1856,2026-05-11 16:08:28.185946,1.23806,-0.6487574,-0.8263897,3.816228,-0.7948884,2.4040601
1857,2026-05-11 16:08:28.188866,1.23806,-0.6487574,-0.8263897,3.816228,-0.7948884,2.4040601
1858,2026-05-11 16:08:28.191486,1.23806,-0.6487574,-0.8263897,3.816228,-0.7948884,2.4040601
1859,2026-05-11 16:08:28.194097,1.23806,-0.6487574,-0.8263897,3.816228,-0.7948884,2.4040601
1860,2026-05-11 16:08:28.196900,1.23806,-0.6487574,-0.8263897,3.816228,-0.7948884,2.4040601
1861,2026-05-11 16:08:28.200002,1.23806,-0.6487574,-0.8263897,3.816228,-0.7948884,2.4040601
1862,2026-05-11 16:08:28.202879,1.23806,-0.6487574,-0.8263897,3.816228,-0.7948884,2.4040601
1863,2026-05-11 16:08:28.205666,1.3881298,-0.5858269,-1.1781175,3.201392,-0.017256944,2.7598891
1864,2026-05-11 16:08:28.208357,1.3881298,-0.5858269,-1.1781175,3.201392,-0.017256944,2.7598891
1865,2026-05-11 16:08:28.210981,1.3881298,-0.5858269,-1.1781175,3.201392,-0.017256944,2.7598891
1866,2026-05-11 16:08:28.213811,1.3881298,-0.5858269,-1.1781175,3.201392,-0.017256944,2.7598891
1867,2026-05-11 16:08:28.217082,1.3881298,-0.5858269,-1.1781175,1.3607023,1.3109168,3.3240232
1868,2026-05-11 16:08:28.219874,1.3881298,-0.5858269,-1.1781175,1.3607023,1.3109168,3.3240232
1869,2026-05-11 16:08:28.222551,1.6916232,-0.5350922,-1.4007525,1.3607023,1.3109168,3.3240232
1870,2026-05-11 16:08:28.225199,1.6916232,-0.5350922,-1.4007525,1.3607023,1.3109168,3.3240232
1871,2026-05-11 16:08:28.227982,1.6916232,-0.5350922,-1.4007525,1.3607023,1.3109168,3.3240232
1872,2026-05-11 16:08:28.230671,1.6916232,-0.5350922,-1.4007525,1.3607023,1.3109168,3.3240232
1873,2026-05-11 16:08:28.233852,2.143174,-0.2555027,-1.0924418,-0.09621128,2.1186333,3.375336
1874,2026-05-11 16:08:28.236862,2.143174,-0.2555027,-1.0924418,-0.09621128,2.1186333,3.375336
1875,2026-05-11 16:08:28.239567,2.143174,-0.2555027,-1.0924418,-0.09621128,2.1186333,3.375336
1876,2026-05-11 16:08:28.242198,2.143174,-0.2555027,-1.0924418,-0.09621128,2.1186333,3.375336
1877,2026-05-11 16:08:28.244907,2.143174,-0.2555027,-1.0924418,-0.09621128,2.1186333,3.375336
1878,2026-05-11 16:08:28.247482,2.143174,-0.2555027,-1.0924418,-0.09621128,2.1186333,3.375336
1879,2026-05-11 16:08:28.250442,2.143174,-0.2555027,-1.0924418,-0.09621128,2.1186333,3.375336
1880,2026-05-11 16:08:28.253487,2.143174,-0.2555027,-1.0924418,-0.09621128,2.1186333,3.375336
1881,2026-05-11 16:08:28.256137,2.143174,-0.2555027,-1.0924418,-0.09621128,2.1186333,3.375336
1882,2026-05-11 16:08:28.258817,2.143174,-0.2555027,-1.0924418,-0.09621128,2.1186333,3.375336
1883,2026-05-11 16:08:28.261600,2.2437894,-0.0717115,-0.983472,-0.09621128,2.1186333,3.375336
1884,2026-05-11 16:08:28.264269,2.2437894,-0.0717115,-0.983472,-0.2640465,2.0990858,3.061504
1885,2026-05-11 16:08:28.267045,2.2437894,-0.0717115,-0.983472,-0.2640465,2.0990858,3.061504
1886,2026-05-11 16:08:28.270212,2.2437894,-0.0717115,-0.983472,-0.2640465,2.0990858,3.061504
1887,2026-05-11 16:08:28.272985,2.2437894,-0.0717115,-0.983472,-0.2640465,2.0990858,3.061504
1888,2026-05-11 16:08:28.275580,2.2437894,-0.0717115,-0.983472,-0.2640465,2.0990858,3.061504
1889,2026-05-11 16:08:28.278152,2.2437894,-0.0717115,-0.983472,-0.2640465,2.0990858,3.061504
1890,2026-05-11 16:08:28.280916,2.2437894,-0.0717115,-0.983472,-0.2640465,2.0990858,3.061504
1891,2026-05-11 16:08:28.283619,2.2437894,-0.0717115,-0.983472,-0.2640465,2.0990858,3.061504
1892,2026-05-11 16:08:28.287334,2.2437894,-0.0717115,-0.983472,-0.2640465,2.0990858,3.061504
1893,2026-05-11 16:08:28.290098,2.2437894,-0.0717115,-0.983472,-0.2640465,2.0990858,3.061504
1894,2026-05-11 16:08:28.292777,2.2569609,0.08585867,-1.012681,-0.19700404,1.6957619,2.4260514
1895,2026-05-11 16:08:28.295630,2.2569609,0.08585867,-1.012681,-0.19700404,1.6957619,2.4260514
1896,2026-05-11 16:08:28.298248,2.2569609,0.08585867,-1.012681,-0.19700404,1.6957619,2.4260514
1897,2026-05-11 16:08:28.301332,2.2569609,0.08585867,-1.012681,-0.19700404,1.6957619,2.4260514
1898,2026-05-11 16:08:28.304043,2.2569609,0.08585867,-1.012681,-0.19700404,1.6957619,2.4260514
1899,2026-05-11 16:08:28.306615,2.2569609,0.08585867,-1.012681,-0.19700404,1.6957619,2.4260514
1900,2026-05-11 16:08:28.309406,2.2569609,0.08585867,-1.012681,-0.19700404,1.6957619,2.4260514
1901,2026-05-11 16:08:28.312194,1.9344423,0.25336844,-1.2671471,-0.21410827,1.0870347,1.6922494
1902,2026-05-11 16:08:28.314795,1.9344423,0.25336844,-1.2671471,-0.21410827,1.0870347,1.6922494
1903,2026-05-11 16:08:28.317711,1.9344423,0.25336844,-1.2671471,-0.21410827,1.0870347,1.6922494
1904,2026-05-11 16:08:28.320501,1.9344423,0.25336844,-1.2671471,-0.39553526,0.73639804,1.2971723
1905,2026-05-11 16:08:28.323292,1.6727196,0.36605796,-1.2260472,-1.114371,0.34300083,0.643852
1906,2026-05-11 16:08:28.325952,1.6727196,0.36605796,-1.2260472,-1.114371,0.34300083,0.643852
1907,2026-05-11 16:08:28.328606,1.6727196,0.36605796,-1.2260472,-1.114371,0.34300083,0.643852
1908,2026-05-11 16:08:28.331493,1.6727196,0.36605796,-1.2260472,-1.114371,0.34300083,0.643852
1909,2026-05-11 16:08:28.334710,1.6727196,0.36605796,-1.2260472,-1.8932241,0.42653665,0.10277808
1910,2026-05-11 16:08:28.337535,1.6727196,0.36605796,-1.2260472,-1.8932241,0.42653665,0.10277808
1911,2026-05-11 16:08:28.340211,1.6727196,0.36605796,-1.2260472,-1.8932241,0.42653665,0.10277808
1912,2026-05-11 16:08:28.342799,1.6727196,0.36605796,-1.2260472,-1.8932241,0.42653665,0.10277808
1913,2026-05-11 16:08:28.345618,1.6727196,0.36605796,-1.2260472,-1.8932241,0.42653665,0.10277808
1914,2026-05-11 16:08:28.348560,1.5213692,0.21976891,-0.73431116,-2.1891882,0.59315014,-0.27107146
1915,2026-05-11 16:08:28.351634,1.5213692,0.21976891,-0.73431116,-2.1891882,0.59315014,-0.27107146
1916,2026-05-11 16:08:28.354449,1.5213692,0.21976891,-0.73431116,-2.1891882,0.59315014,-0.27107146
1917,2026-05-11 16:08:28.357213,1.5213692,0.21976891,-0.73431116,-2.1891882,0.59315014,-0.27107146
1918,2026-05-11 16:08:28.359828,1.5213692,0.21976891,-0.73431116,-2.1891882,0.59315014,-0.27107146
1919,2026-05-11 16:08:28.362497,1.5213692,0.21976891,-0.73431116,-2.1891882,0.59315014,-0.27107146
1920,2026-05-11 16:08:28.365101,1.5213692,0.21976891,-0.73431116,-2.1891882,0.59315014,-0.27107146
1921,2026-05-11 16:08:28.368327,1.4071553,0.117140986,-0.46972254,-2.1891882,0.59315014,-0.27107146
1922,2026-05-11 16:08:28.371288,1.4071553,0.117140986,-0.46972254,-2.1891882,0.59315014,-0.27107146
1923,2026-05-11 16:08:28.373975,1.4071553,0.117140986,-0.46972254,-2.1891882,0.59315014,-0.27107146
1924,2026-05-11 16:08:28.376572,1.4071553,0.117140986,-0.46972254,-2.1891882,0.59315014,-0.27107146
1925,2026-05-11 16:08:28.379383,1.4071553,0.117140986,-0.46972254,-2.1891882,0.59315014,-0.27107146
1926,2026-05-11 16:08:28.382072,1.4071553,0.117140986,-0.46972254,-2.220037,0.8126035,-0.6974554
1927,2026-05-11 16:08:28.385084,1.4071553,0.117140986,-0.46972254,-2.220037,0.8126035,-0.6974554
1928,2026-05-11 16:08:28.387826,1.4071553,0.117140986,-0.46972254,-2.220037,0.8126035,-0.6974554
1929,2026-05-11 16:08:28.390413,1.4071553,0.117140986,-0.46972254,-2.220037,0.8126035,-0.6974554
1930,2026-05-11 16:08:28.393015,1.4071553,0.117140986,-0.46972254,-2.220037,0.8126035,-0.6974554
1931,2026-05-11 16:08:28.395600,1.4071553,0.117140986,-0.46972254,-2.220037,0.8126035,-0.6974554
1932,2026-05-11 16:08:28.398246,1.4071553,0.117140986,-0.46972254,-2.220037,0.8126035,-0.6974554
1933,2026-05-11 16:08:28.401314,1.4071553,0.117140986,-0.46972254,-2.220037,0.8126035,-0.6974554
1934,2026-05-11 16:08:28.404102,1.4071553,0.117140986,-0.46972254,-2.220037,0.8126035,-0.6974554
1935,2026-05-11 16:08:28.406737,1.4071553,0.117140986,-0.46972254,-2.220037,0.8126035,-0.6974554
1936,2026-05-11 16:08:28.409356,1.4071553,0.117140986,-0.46972254,-2.220037,0.8126035,-0.6974554
1937,2026-05-11 16:08:28.412218,1.4071553,0.117140986,-0.46972254,-2.220037,0.8126035,-0.6974554
1938,2026-05-11 16:08:28.414979,1.4071553,0.117140986,-0.46972254,-2.220037,0.8126035,-0.6974554
1939,2026-05-11 16:08:28.418058,1.4071553,0.117140986,-0.46972254,-2.220037,0.8126035,-0.6974554
1940,2026-05-11 16:08:28.420887,1.4071553,0.117140986,-0.46972254,-2.220037,0.8126035,-0.6974554
1941,2026-05-11 16:08:28.423534,1.4071553,0.117140986,-0.46972254,-2.220037,0.8126035,-0.6974554
1942,2026-05-11 16:08:28.426133,1.4005696,0.053112853,-0.36038688,-2.220037,0.8126035,-0.6974554
1943,2026-05-11 16:08:28.428936,1.4005696,0.053112853,-0.36038688,-2.0723603,0.926988,-0.88361657
1944,2026-05-11 16:08:28.431539,1.4005696,0.053112853,-0.36038688,-2.0723603,0.926988,-0.88361657
1945,2026-05-11 16:08:28.434414,1.4005696,0.053112853,-0.36038688,-2.0723603,0.926988,-0.88361657
1946,2026-05-11 16:08:28.437115,1.4005696,0.053112853,-0.36038688,-2.0723603,0.926988,-0.88361657
1947,2026-05-11 16:08:28.439684,1.4005696,0.053112853,-0.36038688,-2.0723603,0.926988,-0.88361657
1948,2026-05-11 16:08:28.442411,1.4005696,0.053112853,-0.36038688,-2.0723603,0.926988,-0.88361657
1949,2026-05-11 16:08:28.445006,1.4005696,0.053112853,-0.36038688,-2.0723603,0.926988,-0.88361657
1950,2026-05-11 16:08:28.447579,1.4005696,0.053112853,-0.36038688,-2.0723603,0.926988,-0.88361657
1951,2026-05-11 16:08:28.450708,1.4005696,0.053112853,-0.36038688,-2.0723603,0.926988,-0.88361657
1952,2026-05-11 16:08:28.453420,1.4005696,0.053112853,-0.36038688,-2.0723603,0.926988,-0.88361657
1953,2026-05-11 16:08:28.456005,1.4005696,0.053112853,-0.36038688,-2.0723603,0.926988,-0.88361657
1954,2026-05-11 16:08:28.458874,1.5922271,-0.05353971,-0.26593015,-2.0723603,0.926988,-0.88361657
1955,2026-05-11 16:08:28.461628,1.5922271,-0.05353971,-0.26593015,-2.0723603,0.926988,-0.88361657
1956,2026-05-11 16:08:28.464234,1.5922271,-0.05353971,-0.26593015,-2.0723603,0.926988,-0.88361657
1957,2026-05-11 16:08:28.467204,1.5922271,-0.05353971,-0.26593015,-2.0723603,0.926988,-0.88361657
1958,2026-05-11 16:08:28.470022,1.5922271,-0.05353971,-0.26593015,-1.4515685,0.93767816,-1.2670872
1959,2026-05-11 16:08:28.472955,1.5922271,-0.05353971,-0.26593015,-1.4515685,0.93767816,-1.2670872
1960,2026-05-11 16:08:28.475645,1.5922271,-0.05353971,-0.26593015,-1.4515685,0.93767816,-1.2670872
1961,2026-05-11 16:08:28.478496,1.6400958,-0.1012864,-0.27416235,-1.1756102,0.86070913,-1.4662293
1962,2026-05-11 16:08:28.481090,1.6400958,-0.1012864,-0.27416235,-1.1756102,0.86070913,-1.4662293
1963,2026-05-11 16:08:28.484162,1.4872819,-0.32672638,-0.42728102,0.31581733,-0.015271631,-2.4145975
1964,2026-05-11 16:08:28.487057,1.4872819,-0.32672638,-0.42728102,0.31581733,-0.015271631,-2.4145975
1965,2026-05-11 16:08:28.489817,1.1667144,-0.43337893,-0.6128406,0.65377855,-0.37522396,-2.3846653
1966,2026-05-11 16:08:28.492502,1.1667144,-0.43337893,-0.6128406,0.65377855,-0.37522396,-2.3846653
1967,2026-05-11 16:08:28.495085,1.1667144,-0.43337893,-0.6128406,0.65377855,-0.37522396,-2.3846653
1968,2026-05-11 16:08:28.497652,1.1667144,-0.43337893,-0.6128406,0.65377855,-0.37522396,-2.3846653
1969,2026-05-11 16:08:28.501254,1.1667144,-0.43337893,-0.6128406,0.65377855,-0.37522396,-2.3846653
1970,2026-05-11 16:08:28.504154,1.1667144,-0.43337893,-0.6128406,0.65377855,-0.37522396,-2.3846653
1971,2026-05-11 16:08:28.506805,1.1667144,-0.43337893,-0.6128406,0.65377855,-0.37522396,-2.3846653
1972,2026-05-11 16:08:28.509410,1.1667144,-0.43337893,-0.6128406,0.65377855,-0.37522396,-2.3846653
1973,2026-05-11 16:08:28.512242,1.0719528,-0.42063433,-0.7889485,0.91507614,-0.9246973,-2.1977403
1974,2026-05-11 16:08:28.514861,1.0719528,-0.42063433,-0.7889485,0.91507614,-0.9246973,-2.1977403
1975,2026-05-11 16:08:28.518226,1.0719528,-0.42063433,-0.7889485,0.91507614,-0.9246973,-2.1977403
1976,2026-05-11 16:08:28.521153,1.0719528,-0.42063433,-0.7889485,0.91507614,-0.9246973,-2.1977403
1977,2026-05-11 16:08:28.523925,1.0244501,-0.43453756,-0.9308469,0.91507614,-0.9246973,-2.1977403
1978,2026-05-11 16:08:28.526627,1.0244501,-0.43453756,-0.9308469,0.91507614,-0.9246973,-2.1977403
1979,2026-05-11 16:08:28.529381,1.0244501,-0.43453756,-0.9308469,0.91507614,-0.9246973,-2.1977403
1980,2026-05-11 16:08:28.532130,1.0244501,-0.43453756,-0.9308469,0.91507614,-0.9246973,-2.1977403
1981,2026-05-11 16:08:28.535307,1.0244501,-0.43453756,-0.9308469,0.8362745,-1.1902709,-1.9973767
1982,2026-05-11 16:08:28.538229,1.0519516,-0.3838029,-1.027499,0.059101213,-1.021214,-1.7023287
1983,2026-05-11 16:08:28.540903,1.0519516,-0.3838029,-1.027499,0.059101213,-1.021214,-1.7023287
1984,2026-05-11 16:08:28.543497,1.0519516,-0.3838029,-1.027499,0.059101213,-1.021214,-1.7023287
1985,2026-05-11 16:08:28.546152,1.0519516,-0.3838029,-1.027499,0.059101213,-1.021214,-1.7023287
1986,2026-05-11 16:08:28.548786,1.1820202,-0.21964696,-0.963227,0.059101213,-1.021214,-1.7023287
1987,2026-05-11 16:08:28.551798,1.1820202,-0.21964696,-0.963227,0.059101213,-1.021214,-1.7023287
1988,2026-05-11 16:08:28.554561,1.1820202,-0.21964696,-0.963227,0.059101213,-1.021214,-1.7023287
1989,2026-05-11 16:08:28.557174,1.1820202,-0.21964696,-0.963227,0.059101213,-1.021214,-1.7023287
1990,2026-05-11 16:08:28.559869,1.1820202,-0.21964696,-0.963227,0.059101213,-1.021214,-1.7023287
1991,2026-05-11 16:08:28.562621,1.1820202,-0.21964696,-0.963227,-1.0280862,-0.44822237,-1.6357445
1992,2026-05-11 16:08:28.565495,1.1820202,-0.21964696,-0.963227,-1.0280862,-0.44822237,-1.6357445
1993,2026-05-11 16:08:28.568539,1.1820202,-0.21964696,-0.963227,-1.0280862,-0.44822237,-1.6357445
1994,2026-05-11 16:08:28.571423,1.1820202,-0.21964696,-0.963227,-1.0280862,-0.44822237,-1.6357445
1995,2026-05-11 16:08:28.574108,1.1820202,-0.21964696,-0.963227,-0.5390886,-0.714865,-1.623527
1996,2026-05-11 16:08:28.576694,1.1820202,-0.21964696,-0.963227,-0.5390886,-0.714865,-1.623527
1997,2026-05-11 16:08:28.579317,1.1820202,-0.21964696,-0.963227,-1.3880385,-0.22739458,-1.7157677
1998,2026-05-11 16:08:28.581905,1.1820202,-0.21964696,-0.963227,-1.3880385,-0.22739458,-1.7157677
1999,2026-05-11 16:08:28.585264,1.1820202,-0.21964696,-0.963227,-1.3880385,-0.22739458,-1.7157677
2000,2026-05-11 16:08:28.588078,1.1820202,-0.21964696,-0.963227,-1.3880385,-0.22739458,-1.7157677
2001,2026-05-11 16:08:28.590681,1.1820202,-0.21964696,-0.963227,-1.3880385,-0.22739458,-1.7157677
2002,2026-05-11 16:08:28.593298,1.1820202,-0.21964696,-0.963227,-1.3880385,-0.22739458,-1.7157677
2003,2026-05-11 16:08:28.595966,1.1820202,-0.21964696,-0.963227,-1.3880385,-0.22739458,-1.7157677
2004,2026-05-11 16:08:28.598529,1.1820202,-0.21964696,-0.963227,-1.3880385,-0.22739458,-1.7157677
2005,2026-05-11 16:08:28.601671,1.1820202,-0.21964696,-0.963227,-1.3880385,-0.22739458,-1.7157677
2006,2026-05-11 16:08:28.604407,1.1820202,-0.21964696,-0.963227,-1.3880385,-0.22739458,-1.7157677
2007,2026-05-11 16:08:28.606997,1.1820202,-0.21964696,-0.963227,-1.3880385,-0.22739458,-1.7157677
2008,2026-05-11 16:08:28.609630,1.1820202,-0.21964696,-0.963227,-1.3880385,-0.22739458,-1.7157677
2009,2026-05-11 16:08:28.612448,1.1820202,-0.21964696,-0.963227,-1.3880385,-0.22739458,-1.7157677
2010,2026-05-11 16:08:28.615233,1.1820202,-0.21964696,-0.963227,-1.3880385,-0.22739458,-1.7157677
2011,2026-05-11 16:08:28.618440,1.1820202,-0.21964696,-0.963227,-1.3880385,-0.22739458,-1.7157677
2012,2026-05-11 16:08:28.621215,1.1820202,-0.21964696,-0.963227,-1.3880385,-0.22739458,-1.7157677
2013,2026-05-11 16:08:28.623956,1.1820202,-0.21964696,-0.963227,-1.3880385,-0.22739458,-1.7157677
2014,2026-05-11 16:08:28.626577,1.1820202,-0.21964696,-0.963227,-1.3880385,-0.22739458,-1.7157677
2015,2026-05-11 16:08:28.629113,1.1820202,-0.21964696,-0.963227,-1.3880385,-0.22739458,-1.7157677
2016,2026-05-11 16:08:28.631871,1.1892767,-0.18226673,-0.9343838,-1.3880385,-0.22739458,-1.7157677
2017,2026-05-11 16:08:28.634977,1.0103029,-0.11012838,-0.7796187,-1.3880385,-0.22739458,-1.7157677
2018,2026-05-11 16:08:28.637815,1.0103029,-0.11012838,-0.7796187,-2.054187,0.3303254,-2.0265455
2019,2026-05-11 16:08:28.640390,1.0103029,-0.11012838,-0.7796187,-2.054187,0.3303254,-2.0265455
2020,2026-05-11 16:08:28.643047,0.78309447,-0.0757971,-0.658697,-2.054187,0.3303254,-2.0265455
2021,2026-05-11 16:08:28.645673,0.78309447,-0.0757971,-0.658697,-2.054187,0.3303254,-2.0265455
2022,2026-05-11 16:08:28.648259,0.78309447,-0.0757971,-0.658697,-2.054187,0.3303254,-2.0265455
2023,2026-05-11 16:08:28.651407,0.78309447,-0.0757971,-0.658697,-2.054187,0.3303254,-2.0265455
2024,2026-05-11 16:08:28.654201,0.78309447,-0.0757971,-0.658697,-2.054187,0.3303254,-2.0265455
2025,2026-05-11 16:08:28.656898,0.78309447,-0.0757971,-0.658697,-2.054187,0.3303254,-2.0265455
2026,2026-05-11 16:08:28.659513,0.78309447,-0.0757971,-0.658697,-2.054187,0.3303254,-2.0265455
2027,2026-05-11 16:08:28.662458,0.78309447,-0.0757971,-0.658697,-2.054187,0.3303254,-2.0265455
2028,2026-05-11 16:08:28.665106,0.78309447,-0.0757971,-0.658697,-2.054187,0.3303254,-2.0265455
2029,2026-05-11 16:08:28.668207,0.27843088,0.017318083,-0.43356186,-2.240501,0.5581781,-1.9773707
2030,2026-05-11 16:08:28.670984,0.27843088,0.017318083,-0.43356186,-2.0783162,0.36254853,-1.6401732
2031,2026-05-11 16:08:28.673623,0.27843088,0.017318083,-0.43356186,-2.0783162,0.36254853,-1.6401732
2032,2026-05-11 16:08:28.676179,0.27843088,0.017318083,-0.43356186,-2.0783162,0.36254853,-1.6401732
2033,2026-05-11 16:08:28.678994,0.27843088,0.017318083,-0.43356186,-2.0783162,0.36254853,-1.6401732
2034,2026-05-11 16:08:28.681608,0.27843088,0.017318083,-0.43356186,-2.0783162,0.36254853,-1.6401732
2035,2026-05-11 16:08:28.684776,0.27843088,0.017318083,-0.43356186,-2.0783162,0.36254853,-1.6401732
2036,2026-05-11 16:08:28.687499,0.27843088,0.017318083,-0.43356186,-2.0783162,0.36254853,-1.6401732
2037,2026-05-11 16:08:28.690084,0.27843088,0.017318083,-0.43356186,-2.0783162,0.36254853,-1.6401732
2038,2026-05-11 16:08:28.692804,0.27843088,0.017318083,-0.43356186,-2.0783162,0.36254853,-1.6401732
2039,2026-05-11 16:08:28.695501,0.27843088,0.017318083,-0.43356186,-2.0783162,0.36254853,-1.6401732
2040,2026-05-11 16:08:28.698166,0.27843088,0.017318083,-0.43356186,-2.0783162,0.36254853,-1.6401732
2041,2026-05-11 16:08:28.701081,0.27843088,0.017318083,-0.43356186,-2.0783162,0.36254853,-1.6401732
2042,2026-05-11 16:08:28.703862,0.27843088,0.017318083,-0.43356186,-2.0783162,0.36254853,-1.6401732
2043,2026-05-11 16:08:28.706411,0.27843088,0.017318083,-0.43356186,-2.0783162,0.36254853,-1.6401732
2044,2026-05-11 16:08:28.709161,0.27843088,0.017318083,-0.43356186,-2.0783162,0.36254853,-1.6401732
2045,2026-05-11 16:08:28.711804,0.27843088,0.017318083,-0.43356186,-2.0783162,0.36254853,-1.6401732
2046,2026-05-11 16:08:28.714392,0.27843088,0.017318083,-0.43356186,-2.0783162,0.36254853,-1.6401732
2047,2026-05-11 16:08:28.717486,0.27843088,0.017318083,-0.43356186,-2.0783162,0.36254853,-1.6401732
2048,2026-05-11 16:08:28.720324,0.27843088,0.017318083,-0.43356186,-2.0783162,0.36254853,-1.6401732
2049,2026-05-11 16:08:28.723039,0.27843088,0.017318083,-0.43356186,-2.0783162,0.36254853,-1.6401732
2050,2026-05-11 16:08:28.725670,0.27843088,0.017318083,-0.43356186,-2.0783162,0.36254853,-1.6401732
2051,2026-05-11 16:08:28.728430,0.27843088,0.017318083,-0.43356186,-2.0783162,0.36254853,-1.6401732
2052,2026-05-11 16:08:28.731013,0.27843088,0.017318083,-0.43356186,-2.0783162,0.36254853,-1.6401732
2053,2026-05-11 16:08:28.733910,0.27843088,0.017318083,-0.43356186,-0.9468411,-0.2585487,-0.4616614
2054,2026-05-11 16:08:28.736861,0.26160064,0.3691069,-0.44057447,-0.9468411,-0.2585487,-0.4616614
2055,2026-05-11 16:08:28.739662,0.098725274,0.57552135,-0.70491916,-1.0793989,-0.026725354,0.116217114
2056,2026-05-11 16:08:28.742426,0.098725274,0.57552135,-0.70491916,-1.0793989,-0.026725354,0.116217114
2057,2026-05-11 16:08:28.745205,0.09049308,0.6346102,-0.7569344,-1.0793989,-0.026725354,0.116217114
2058,2026-05-11 16:08:28.747889,0.09049308,0.6346102,-0.7569344,-1.2635747,0.063224554,0.28008172
2059,2026-05-11 16:08:28.751081,0.09049308,0.6346102,-0.7569344,-1.2635747,0.063224554,0.28008172
2060,2026-05-11 16:08:28.753982,0.09049308,0.6346102,-0.7569344,-1.2635747,0.063224554,0.28008172
2061,2026-05-11 16:08:28.756720,0.09049308,0.6346102,-0.7569344,-1.2635747,0.063224554,0.28008172
2062,2026-05-11 16:08:28.759449,0.09049308,0.6346102,-0.7569344,-1.2635747,0.063224554,0.28008172
2063,2026-05-11 16:08:28.762180,0.09049308,0.6346102,-0.7569344,-1.2635747,0.063224554,0.28008172
2064,2026-05-11 16:08:28.764906,-0.050063897,0.71760285,-0.7713865,-1.7534887,0.05665775,0.39690968
2065,2026-05-11 16:08:28.767992,-0.050063897,0.71760285,-0.7713865,-1.7534887,0.05665775,0.39690968
2066,2026-05-11 16:08:28.770778,-0.050063897,0.71760285,-0.7713865,-1.7534887,0.05665775,0.39690968
2067,2026-05-11 16:08:28.773376,-0.050063897,0.71760285,-0.7713865,-1.7534887,0.05665775,0.39690968
2068,2026-05-11 16:08:28.776170,-0.050063897,0.71760285,-0.7713865,-1.7534887,0.05665775,0.39690968
2069,2026-05-11 16:08:28.778877,-0.050063897,0.71760285,-0.7713865,-1.7534887,0.05665775,0.39690968
2070,2026-05-11 16:08:28.781580,-0.050063897,0.71760285,-0.7713865,-1.7534887,0.05665775,0.39690968
2071,2026-05-11 16:08:28.784678,-0.050063897,0.71760285,-0.7713865,-1.7534887,0.05665775,0.39690968
2072,2026-05-11 16:08:28.787547,-0.050063897,0.71760285,-0.7713865,-1.7534887,0.05665775,0.39690968
2073,2026-05-11 16:08:28.790327,-0.050063897,0.71760285,-0.7713865,-1.7534887,0.05665775,0.39690968
2074,2026-05-11 16:08:28.793044,-0.16885132,0.8037664,-0.6971138,-2.0044017,-0.034972034,0.552833
2075,2026-05-11 16:08:28.795741,-0.16885132,0.8037664,-0.6971138,-2.0044017,-0.034972034,0.552833
2076,2026-05-11 16:08:28.798332,-0.16885132,0.8037664,-0.6971138,-2.0044017,-0.034972034,0.552833
2077,2026-05-11 16:08:28.801612,-0.16885132,0.8037664,-0.6971138,-2.0044017,-0.034972034,0.552833
2078,2026-05-11 16:08:28.804369,-0.16885132,0.8037664,-0.6971138,-2.0044017,-0.034972034,0.552833
2079,2026-05-11 16:08:28.807103,-0.16885132,0.8037664,-0.6971138,-2.0044017,-0.034972034,0.552833
2080,2026-05-11 16:08:28.809674,-0.16885132,0.8037664,-0.6971138,-2.0044017,-0.034972034,0.552833
2081,2026-05-11 16:08:28.812504,-0.30873755,0.85072035,-0.5563739,-2.1975877,-0.11133019,0.8724683
2082,2026-05-11 16:08:28.815170,-0.37679026,0.8951742,-0.45673394,-2.1975877,-0.11133019,0.8724683
2083,2026-05-11 16:08:28.818336,-0.37679026,0.8951742,-0.45673394,-2.1975877,-0.11133019,0.8724683
2084,2026-05-11 16:08:28.821128,-0.37679026,0.8951742,-0.45673394,-2.1975877,-0.11133019,0.8724683
2085,2026-05-11 16:08:28.823719,-0.37679026,0.8951742,-0.45673394,-2.1975877,-0.11133019,0.8724683
2086,2026-05-11 16:08:28.826464,-0.37679026,0.8951742,-0.45673394,-2.1975877,-0.11133019,0.8724683
2087,2026-05-11 16:08:28.829145,-0.37679026,0.8951742,-0.45673394,-2.2893703,-0.11957687,1.2791518
2088,2026-05-11 16:08:28.831739,-0.37679026,0.8951742,-0.45673394,-2.2893703,-0.11957687,1.2791518
2089,2026-05-11 16:08:28.835014,-0.41496322,0.9206025,-0.41295093,-2.2989914,-0.09560041,1.5456418
2090,2026-05-11 16:08:28.837930,-0.5810095,1.0287185,-0.39532796,-2.2091942,-0.21533,2.336865
2091,2026-05-11 16:08:28.840662,-0.5810095,1.0287185,-0.39532796,-2.2091942,-0.21533,2.336865
2092,2026-05-11 16:08:28.843386,-0.6186337,1.1486646,-0.37124115,-2.1241312,-0.38133264,2.872441
2093,2026-05-11 16:08:28.846120,-0.6186337,1.1486646,-0.37124115,-2.1241312,-0.38133264,2.872441
2094,2026-05-11 16:08:28.848767,-0.6186337,1.1486646,-0.37124115,-2.1241312,-0.38133264,2.872441
2095,2026-05-11 16:08:28.851960,-0.6186337,1.1486646,-0.37124115,-2.1241312,-0.38133264,2.872441
2096,2026-05-11 16:08:28.854682,-0.6186337,1.1486646,-0.37124115,-2.1241312,-0.38133264,2.872441
2097,2026-05-11 16:08:28.857456,0.048173543,1.3673968,-0.54820275,-2.4715607,0.0038179078,3.7087157
2098,2026-05-11 16:08:28.860154,0.048173543,1.3673968,-0.54820275,-2.4715607,0.0038179078,3.7087157
2099,2026-05-11 16:08:28.862729,0.048173543,1.3673968,-0.54820275,-2.4715607,0.0038179078,3.7087157
2100,2026-05-11 16:08:28.865503,0.048173543,1.3673968,-0.54820275,-2.4715607,0.0038179078,3.7087157
2101,2026-05-11 16:08:28.868450,0.11043327,1.404777,-0.46557596,-2.4715607,0.0038179078,3.7087157
2102,2026-05-11 16:08:28.871440,0.11043327,1.404777,-0.46557596,-2.4715607,0.0038179078,3.7087157
2103,2026-05-11 16:08:28.874088,0.11043327,1.404777,-0.46557596,-2.4715607,0.0038179078,3.7087157
2104,2026-05-11 16:08:28.876700,0.11043327,1.404777,-0.46557596,-2.4715607,0.0038179078,3.7087157
2105,2026-05-11 16:08:28.879559,0.11043327,1.404777,-0.46557596,-2.6710083,0.38866302,3.5114062
2106,2026-05-11 16:08:28.882220,0.11043327,1.404777,-0.46557596,-2.6710083,0.38866302,3.5114062
2107,2026-05-11 16:08:28.885655,0.11043327,1.404777,-0.46557596,-2.6710083,0.38866302,3.5114062
2108,2026-05-11 16:08:28.888455,0.11043327,1.404777,-0.46557596,-2.6710083,0.38866302,3.5114062
2109,2026-05-11 16:08:28.891215,0.11043327,1.404777,-0.46557596,-2.6710083,0.38866302,3.5114062
2110,2026-05-11 16:08:28.893886,0.11043327,1.404777,-0.46557596,-2.6710083,0.38866302,3.5114062
2111,2026-05-11 16:08:28.896468,0.11043327,1.404777,-0.46557596,-2.6710083,0.38866302,3.5114062
2112,2026-05-11 16:08:28.899239,0.11043327,1.404777,-0.46557596,-2.6710083,0.38866302,3.5114062
2113,2026-05-11 16:08:28.902281,0.11043327,1.404777,-0.46557596,-2.6710083,0.38866302,3.5114062
2114,2026-05-11 16:08:28.905062,0.11043327,1.404777,-0.46557596,-2.6710083,0.38866302,3.5114062
2115,2026-05-11 16:08:28.907652,0.11043327,1.404777,-0.46557596,-2.6710083,0.38866302,3.5114062
2116,2026-05-11 16:08:28.910308,0.11043327,1.404777,-0.46557596,-2.6710083,0.38866302,3.5114062
2117,2026-05-11 16:08:28.912883,0.11043327,1.404777,-0.46557596,-2.6710083,0.38866302,3.5114062
2118,2026-05-11 16:08:28.915622,0.11043327,1.404777,-0.46557596,-2.6100745,0.51175237,3.3903022
2119,2026-05-11 16:08:28.918623,0.11043327,1.404777,-0.46557596,-2.6100745,0.51175237,3.3903022
2120,2026-05-11 16:08:28.921405,-0.026769854,1.3916665,-0.43691576,-2.6100745,0.51175237,3.3903022
2121,2026-05-11 16:08:28.924088,-0.026769854,1.3916665,-0.43691576,-2.6100745,0.51175237,3.3903022
2122,2026-05-11 16:08:28.926771,-0.026769854,1.3916665,-0.43691576,-2.6100745,0.51175237,3.3903022
2123,2026-05-11 16:08:28.929453,-0.354106,1.5120394,-0.50021213,-2.2629502,0.37293324,3.40649
2124,2026-05-11 16:08:28.932130,-0.354106,1.5120394,-0.50021213,-2.2629502,0.37293324,3.40649
2125,2026-05-11 16:08:28.935366,-0.354106,1.5120394,-0.50021213,-2.2629502,0.37293324,3.40649
2126,2026-05-11 16:08:28.938358,-0.40984097,1.6241192,-0.6905281,-2.2629502,0.37293324,3.40649
2127,2026-05-11 16:08:28.941144,-0.40984097,1.6241192,-0.6905281,-2.2629502,0.37293324,3.40649
2128,2026-05-11 16:08:28.943889,-0.40984097,1.6241192,-0.6905281,-2.0027218,-0.116980694,3.608839
2129,2026-05-11 16:08:28.946601,-0.40984097,1.6241192,-0.6905281,-2.0027218,-0.116980694,3.608839
2130,2026-05-11 16:08:28.949420,-0.25629544,1.7175392,-0.8484031,-2.0236437,-0.42210788,3.7145188
2131,2026-05-11 16:08:28.952605,-0.25629544,1.7175392,-0.8484031,-2.0236437,-0.42210788,3.7145188
2132,2026-05-11 16:08:28.955350,-0.25629544,1.7175392,-0.8484031,-2.0236437,-0.42210788,3.7145188
2133,2026-05-11 16:08:28.958118,0.033172667,1.8270577,-0.92773706,-2.3240368,-0.5186246,3.5370624
2134,2026-05-11 16:08:28.960854,0.033172667,1.8270577,-0.92773706,-2.3240368,-0.5186246,3.5370624
2135,2026-05-11 16:08:28.963573,0.11336028,1.9335275,-0.8098033,-2.8672488,-0.27458394,2.6442828
2136,2026-05-11 16:08:28.966256,0.11336028,1.9335275,-0.8098033,-2.8672488,-0.27458394,2.6442828
2137,2026-05-11 16:08:28.969345,0.11336028,1.9335275,-0.8098033,-2.8672488,-0.27458394,2.6442828
2138,2026-05-11 16:08:28.972063,0.11336028,1.9335275,-0.8098033,-2.8672488,-0.27458394,2.6442828
2139,2026-05-11 16:08:28.974713,0.11336028,1.9335275,-0.8098033,-2.8672488,-0.27458394,2.6442828
2140,2026-05-11 16:08:28.977485,0.11336028,1.9335275,-0.8098033,-2.8672488,-0.27458394,2.6442828
2141,2026-05-11 16:08:28.980052,0.11336028,1.9335275,-0.8098033,-2.8672488,-0.27458394,2.6442828
2142,2026-05-11 16:08:28.983090,0.11336028,1.9335275,-0.8098033,-2.953228,-0.21288654,2.4094052
2143,2026-05-11 16:08:28.985973,0.11336028,1.9335275,-0.8098033,-2.953228,-0.21288654,2.4094052
2144,2026-05-11 16:08:28.988666,0.11336028,1.9335275,-0.8098033,-2.953228,-0.21288654,2.4094052
2145,2026-05-11 16:08:28.991394,0.11336028,1.9335275,-0.8098033,-2.953228,-0.21288654,2.4094052
2146,2026-05-11 16:08:28.994105,0.11336028,1.9335275,-0.8098033,-2.953228,-0.21288654,2.4094052
2147,2026-05-11 16:08:28.996799,0.11336028,1.9335275,-0.8098033,-2.953228,-0.21288654,2.4094052
2148,2026-05-11 16:08:28.999849,0.11336028,1.9335275,-0.8098033,-2.953228,-0.21288654,2.4094052
2149,2026-05-11 16:08:29.002617,0.11336028,1.9335275,-0.8098033,-2.953228,-0.21288654,2.4094052
2150,2026-05-11 16:08:29.005240,0.06628435,1.9740785,-0.70668757,-2.953228,-0.21288654,2.4094052
2151,2026-05-11 16:08:29.008049,-0.0078053335,1.9752371,-0.5243599,-2.9772046,0.008552114,1.8205311
2152,2026-05-11 16:08:29.010792,-0.15872878,1.9786521,-0.26745462,-2.7235427,0.17363845,1.3904821
2153,2026-05-11 16:08:29.013442,-0.15872878,1.9786521,-0.26745462,-2.7235427,0.17363845,1.3904821
2154,2026-05-11 16:08:29.016196,-0.19184047,2.0268257,-0.08781,-2.7235427,0.17363845,1.3904821
2155,2026-05-11 16:08:29.019381,-0.19184047,2.0268257,-0.08781,-2.7235427,0.17363845,1.3904821
2156,2026-05-11 16:08:29.022090,-0.19184047,2.0268257,-0.08781,-2.7235427,0.17363845,1.3904821
2157,2026-05-11 16:08:29.024776,-0.19184047,2.0268257,-0.08781,-2.0798435,0.2585487,0.93935806
2158,2026-05-11 16:08:29.027598,-0.19184047,2.0268257,-0.08781,-2.0798435,0.2585487,0.93935806
2159,2026-05-11 16:08:29.030305,-0.19184047,2.0268257,-0.08781,-2.0798435,0.2585487,0.93935806
2160,2026-05-11 16:08:29.033278,-0.19184047,2.0268257,-0.08781,-2.0798435,0.2585487,0.93935806
2161,2026-05-11 16:08:29.036472,-0.19184047,2.0268257,-0.08781,-2.0798435,0.2585487,0.93935806
2162,2026-05-11 16:08:29.039260,-0.19184047,2.0268257,-0.08781,-2.0798435,0.2585487,0.93935806
2163,2026-05-11 16:08:29.041955,-0.19184047,2.0268257,-0.08781,-2.0798435,0.2585487,0.93935806
2164,2026-05-11 16:08:29.044631,-0.112445585,2.0424364,-0.02561125,-2.0798435,0.2585487,0.93935806
2165,2026-05-11 16:08:29.047262,-0.112445585,2.0424364,-0.02561125,-2.0798435,0.2585487,0.93935806
2166,2026-05-11 16:08:29.050341,-0.112445585,2.0424364,-0.02561125,-2.0798435,0.2585487,0.93935806
2167,2026-05-11 16:08:29.053210,-0.112445585,2.0424364,-0.02561125,-2.0798435,0.2585487,0.93935806
2168,2026-05-11 16:08:29.055942,-0.112445585,2.0424364,-0.02561125,-2.0798435,0.2585487,0.93935806
2169,2026-05-11 16:08:29.058603,-0.112445585,2.0424364,-0.02561125,-2.0798435,0.2585487,0.93935806
2170,2026-05-11 16:08:29.061411,0.051466417,1.7879093,-0.16196068,0.73563445,0.32803464,-0.9796751
2171,2026-05-11 16:08:29.063999,0.051466417,1.7879093,-0.16196068,0.73563445,0.32803464,-0.9796751
2172,2026-05-11 16:08:29.066984,0.051466417,1.7879093,-0.16196068,1.4253013,0.23991732,-1.4886786
2173,2026-05-11 16:08:29.069883,0.051466417,1.7879093,-0.16196068,1.4253013,0.23991732,-1.4886786
2174,2026-05-11 16:08:29.072674,0.051466417,1.7879093,-0.16196068,1.4253013,0.23991732,-1.4886786
2175,2026-05-11 16:08:29.075349,0.09049308,1.7040629,-0.34264195,2.1888828,0.03848451,-2.1077905
2176,2026-05-11 16:08:29.078028,0.09049308,1.7040629,-0.34264195,2.1888828,0.03848451,-2.1077905
2177,2026-05-11 16:08:29.080840,0.09049308,1.7040629,-0.34264195,2.2797492,0.0021380284,-2.2024746
2178,2026-05-11 16:08:29.084028,0.09049308,1.7040629,-0.34264195,2.2797492,0.0021380284,-2.2024746
2179,2026-05-11 16:08:29.086906,0.09049308,1.7040629,-0.34264195,2.2797492,0.0021380284,-2.2024746
2180,2026-05-11 16:08:29.089693,0.12336086,1.6735734,-0.42100018,2.573728,-0.2041817,-2.96346
2181,2026-05-11 16:08:29.092472,0.2490999,1.5727137,-0.7576662,2.573728,-0.2041817,-2.96346
2182,2026-05-11 16:08:29.095143,0.2490999,1.5727137,-0.7576662,2.573728,-0.2041817,-2.96346
2183,2026-05-11 16:08:29.097742,0.2490999,1.5727137,-0.7576662,2.573728,-0.2041817,-2.96346
2184,2026-05-11 16:08:29.100912,0.2490999,1.5727137,-0.7576662,2.573728,-0.2041817,-2.96346
2185,2026-05-11 16:08:29.103851,0.2490999,1.5727137,-0.7576662,2.573728,-0.2041817,-2.96346
2186,2026-05-11 16:08:29.106516,0.2490999,1.5727137,-0.7576662,2.573728,-0.2041817,-2.96346
2187,2026-05-11 16:08:29.109220,0.2490999,1.5727137,-0.7576662,2.573728,-0.2041817,-2.96346
2188,2026-05-11 16:08:29.112053,0.24849011,1.4886844,-0.9215172,2.573728,-0.2041817,-2.96346
2189,2026-05-11 16:08:29.114786,0.24849011,1.4886844,-0.9215172,2.3585508,-0.24785857,-3.3896914
2190,2026-05-11 16:08:29.117824,0.24849011,1.4886844,-0.9215172,2.3585508,-0.24785857,-3.3896914
2191,2026-05-11 16:08:29.120590,0.24849011,1.4886844,-0.9215172,2.3585508,-0.24785857,-3.3896914
2192,2026-05-11 16:08:29.123318,0.12519024,1.3528228,-0.92816395,2.0350976,-0.24251351,-3.6636643
2193,2026-05-11 16:08:29.126119,0.12519024,1.3528228,-0.92816395,1.5609134,-0.20525073,-3.8944187
2194,2026-05-11 16:08:29.128788,0.12519024,1.3528228,-0.92816395,1.5609134,-0.20525073,-3.8944187
2195,2026-05-11 16:08:29.131411,0.12519024,1.3528228,-0.92816395,1.5609134,-0.20525073,-3.8944187
2196,2026-05-11 16:08:29.134409,0.12519024,1.3528228,-0.92816395,1.5609134,-0.20525073,-3.8944187
2197,2026-05-11 16:08:29.137385,0.12519024,1.3528228,-0.92816395,1.5609134,-0.20525073,-3.8944187
2198,2026-05-11 16:08:29.140070,0.12519024,1.3528228,-0.92816395,1.5609134,-0.20525073,-3.8944187
2199,2026-05-11 16:08:29.142707,-0.09854234,1.1775078,-0.58729035,1.039998,-0.12782355,-3.9414554
2200,2026-05-11 16:08:29.145547,-0.23964813,0.9829842,-0.26946694,1.0720685,-0.12507465,-3.7960694
2201,2026-05-11 16:08:29.148278,-0.43307403,0.8038884,-0.15189911,2.5508206,-0.70814556,-3.2151365
2202,2026-05-11 16:08:29.151267,-0.43307403,0.8038884,-0.15189911,2.5508206,-0.70814556,-3.2151365
2203,2026-05-11 16:08:29.154040,-0.43307403,0.8038884,-0.15189911,2.5508206,-0.70814556,-3.2151365
2204,2026-05-11 16:08:29.156665,-0.6549163,0.83041435,-0.24714857,2.8554895,-0.68401635,-2.8759537
2205,2026-05-11 16:08:29.159418,-0.6549163,0.83041435,-0.24714857,2.8554895,-0.68401635,-2.8759537
2206,2026-05-11 16:08:29.162122,-0.37069237,0.86681885,-0.34672755,2.9597948,-0.34284812,-2.0497584
2207,2026-05-11 16:08:29.164683,-0.37069237,0.86681885,-0.34672755,2.9597948,-0.34284812,-2.0497584
2208,2026-05-11 16:08:29.167917,-0.02555027,0.8432809,-0.620524,2.9211576,-0.22495113,-1.9630154
2209,2026-05-11 16:08:29.170677,-0.02555027,0.8432809,-0.620524,2.9211576,-0.22495113,-1.9630154
2210,2026-05-11 16:08:29.173416,-0.02555027,0.8432809,-0.620524,2.801886,-0.20708331,-2.1348214
2211,2026-05-11 16:08:29.176021,-0.02555027,0.8432809,-0.620524,2.801886,-0.20708331,-2.1348214
2212,2026-05-11 16:08:29.178678,-0.02555027,0.8432809,-0.620524,2.801886,-0.20708331,-2.1348214
2213,2026-05-11 16:08:29.205593,-0.10464026,0.7873021,-0.8118157,2.5164595,-0.1957823,-2.3269384
2214,2026-05-11 16:08:29.208780,-0.10464026,0.7873021,-0.8118157,2.5164595,-0.1957823,-2.3269384
2215,2026-05-11 16:08:29.216943,-0.10464026,0.7873021,-0.8118157,2.5164595,-0.1957823,-2.3269384
2216,2026-05-11 16:08:29.220010,-0.10464026,0.7873021,-0.8118157,2.5164595,-0.1957823,-2.3269384
2217,2026-05-11 16:08:29.222648,-0.10464026,0.7873021,-0.8118157,2.5164595,-0.1957823,-2.3269384
2218,2026-05-11 16:08:29.225436,-0.10464026,0.7873021,-0.8118157,2.5164595,-0.1957823,-2.3269384
2219,2026-05-11 16:08:29.228211,-0.35258156,0.70400447,-0.97511786,1.8861991,-0.1563815,-2.449875
2220,2026-05-11 16:08:29.230878,-0.35258156,0.70400447,-0.97511786,1.201572,-0.24572055,-2.2343924
2221,2026-05-11 16:08:29.234216,-0.6640022,0.5377753,-0.89212525,1.201572,-0.24572055,-2.2343924
2222,2026-05-11 16:08:29.237083,-0.6640022,0.5377753,-0.89212525,1.201572,-0.24572055,-2.2343924
2223,2026-05-11 16:08:29.239850,-0.6640022,0.5377753,-0.89212525,1.201572,-0.24572055,-2.2343924
2224,2026-05-11 16:08:29.242722,-0.6640022,0.5377753,-0.89212525,1.201572,-0.24572055,-2.2343924
2225,2026-05-11 16:08:29.245542,-0.84053683,0.39362052,-0.6921136,0.85139346,-0.408058,-1.7760907
2226,2026-05-11 16:08:29.248278,-0.84053683,0.39362052,-0.6921136,0.85139346,-0.408058,-1.7760907
2227,2026-05-11 16:08:29.251452,-0.93822545,0.20275573,-0.39313272,0.75976366,-0.63300914,-1.0453432
2228,2026-05-11 16:08:29.254320,-0.93822545,0.20275573,-0.39313272,0.75976366,-0.63300914,-1.0453432
2229,2026-05-11 16:08:29.257180,-0.9943873,0.04835648,-0.08030956,1.0931433,-0.8194757,-0.073303826
2230,2026-05-11 16:08:29.259927,-0.97633743,-0.026891813,0.0895784,1.5242615,-0.9193522,0.5879578
2231,2026-05-11 16:08:29.262658,-0.97633743,-0.026891813,0.0895784,1.5242615,-0.9193522,0.5879578
2232,2026-05-11 16:08:29.265347,-0.97633743,-0.026891813,0.0895784,1.5242615,-0.9193522,0.5879578
2233,2026-05-11 16:08:29.268444,-0.90035737,-0.077931374,0.18074225,1.5242615,-0.9193522,0.5879578
2234,2026-05-11 16:08:29.271243,-0.90035737,-0.077931374,0.18074225,1.5242615,-0.9193522,0.5879578
2235,2026-05-11 16:08:29.273928,-0.90035737,-0.077931374,0.18074225,1.5242615,-0.9193522,0.5879578
2236,2026-05-11 16:08:29.276635,-0.90035737,-0.077931374,0.18074225,2.2102633,-0.95707315,1.4825699
2237,2026-05-11 16:08:29.279217,-0.90035737,-0.077931374,0.18074225,2.2102633,-0.95707315,1.4825699
2238,2026-05-11 16:08:29.281941,-0.75528795,-0.11421398,0.10823802,2.2102633,-0.95707315,1.4825699
2239,2026-05-11 16:08:29.284902,-0.75528795,-0.11421398,0.10823802,2.2102633,-0.95707315,1.4825699
2240,2026-05-11 16:08:29.287763,-0.75528795,-0.11421398,0.10823802,2.2102633,-0.95707315,1.4825699
2241,2026-05-11 16:08:29.290388,-0.75528795,-0.11421398,0.10823802,2.5902214,-0.8052731,2.1342103
2242,2026-05-11 16:08:29.292978,-0.75528795,-0.11421398,0.10823802,2.5902214,-0.8052731,2.1342103
2243,2026-05-11 16:08:29.295585,-0.75528795,-0.11421398,0.10823802,2.5902214,-0.8052731,2.1342103
2244,2026-05-11 16:08:29.298137,-0.75528795,-0.11421398,0.10823802,2.5902214,-0.8052731,2.1342103
2245,2026-05-11 16:08:29.301346,-0.75528795,-0.11421398,0.10823802,2.5902214,-0.8052731,2.1342103
2246,2026-05-11 16:08:29.304185,-0.75528795,-0.11421398,0.10823802,2.8750372,-0.102319926,3.5767686
2247,2026-05-11 16:08:29.306796,-0.75528795,-0.11421398,0.10823802,2.8750372,-0.102319926,3.5767686
2248,2026-05-11 16:08:29.309571,-0.75528795,-0.11421398,0.10823802,2.8750372,-0.102319926,3.5767686
2249,2026-05-11 16:08:29.312254,-0.75528795,-0.11421398,0.10823802,2.8750372,-0.102319926,3.5767686
2250,2026-05-11 16:08:29.314948,-0.75528795,-0.11421398,0.10823802,2.8750372,-0.102319926,3.5767686
2251,2026-05-11 16:08:29.318043,-0.75528795,-0.11421398,0.10823802,2.8750372,-0.102319926,3.5767686
2252,2026-05-11 16:08:29.320993,1.0810996,0.03652652,-0.6172921,2.6409233,0.64843345,4.041332
2253,2026-05-11 16:08:29.323654,1.0810996,0.03652652,-0.6172921,2.6409233,0.64843345,4.041332
2254,2026-05-11 16:08:29.326340,1.0810996,0.03652652,-0.6172921,2.6409233,0.64843345,4.041332
2255,2026-05-11 16:08:29.329158,1.0810996,0.03652652,-0.6172921,2.6409233,0.64843345,4.041332
2256,2026-05-11 16:08:29.331790,1.0810996,0.03652652,-0.6172921,2.6409233,0.64843345,4.041332
2257,2026-05-11 16:08:29.334948,1.0810996,0.03652652,-0.6172921,2.6409233,0.64843345,4.041332
2258,2026-05-11 16:08:29.337690,1.0810996,0.03652652,-0.6172921,2.6409233,0.64843345,4.041332
2259,2026-05-11 16:08:29.340295,1.0810996,0.03652652,-0.6172921,2.6409233,0.64843345,4.041332
2260,2026-05-11 16:08:29.343024,1.0810996,0.03652652,-0.6172921,2.6409233,0.64843345,4.041332
2261,2026-05-11 16:08:29.345694,1.747785,-0.0942738,-1.0940273,1.3840679,1.2374603,2.3107505
2262,2026-05-11 16:08:29.348483,1.747785,-0.0942738,-1.0940273,1.3840679,1.2374603,2.3107505
2263,2026-05-11 16:08:29.351445,1.747785,-0.0942738,-1.0940273,1.3840679,1.2374603,2.3107505
2264,2026-05-11 16:08:29.354252,1.747785,-0.0942738,-1.0940273,1.3840679,1.2374603,2.3107505
2265,2026-05-11 16:08:29.356972,1.747785,-0.0942738,-1.0940273,1.3840679,1.2374603,2.3107505
2266,2026-05-11 16:08:29.359682,1.747785,-0.0942738,-1.0940273,1.3840679,1.2374603,2.3107505
2267,2026-05-11 16:08:29.362457,1.747785,-0.0942738,-1.0940273,1.3840679,1.2374603,2.3107505
2268,2026-05-11 16:08:29.365078,1.747785,-0.0942738,-1.0940273,1.3840679,1.2374603,2.3107505
2269,2026-05-11 16:08:29.368039,1.747785,-0.0942738,-1.0940273,1.3840679,1.2374603,2.3107505
2270,2026-05-11 16:08:29.370915,1.747785,-0.0942738,-1.0940273,1.3840679,1.2374603,2.3107505
2271,2026-05-11 16:08:29.373588,1.747785,-0.0942738,-1.0940273,1.3840679,1.2374603,2.3107505
2272,2026-05-11 16:08:29.376200,1.5476513,-0.13799585,-1.0331701,1.3840679,1.2374603,2.3107505
2273,2026-05-11 16:08:29.378899,1.5476513,-0.13799585,-1.0331701,1.3840679,1.2374603,2.3107505
2274,2026-05-11 16:08:29.381482,1.5476513,-0.13799585,-1.0331701,1.3840679,1.2374603,2.3107505
2275,2026-05-11 16:08:29.384630,1.5476513,-0.13799585,-1.0331701,0.98700553,0.97066486,1.7875444
2276,2026-05-11 16:08:29.387298,1.5476513,-0.13799585,-1.0331701,0.98700553,0.97066486,1.7875444
2277,2026-05-11 16:08:29.390121,1.5476513,-0.13799585,-1.0331701,0.98700553,0.97066486,1.7875444
2278,2026-05-11 16:08:29.392835,1.5476513,-0.13799585,-1.0331701,0.98700553,0.97066486,1.7875444
2279,2026-05-11 16:08:29.395651,1.288307,-0.2836141,-0.68449116,0.70325863,0.20570888,1.2944235
2280,2026-05-11 16:08:29.398304,1.288307,-0.2836141,-0.68449116,0.70325863,0.20570888,1.2944235
2281,2026-05-11 16:08:29.401382,1.288307,-0.2836141,-0.68449116,0.70325863,0.20570888,1.2944235
2282,2026-05-11 16:08:29.404149,1.288307,-0.2836141,-0.68449116,0.70325863,0.20570888,1.2944235
2283,2026-05-11 16:08:29.406817,1.288307,-0.2836141,-0.68449116,0.70325863,0.20570888,1.2944235
2284,2026-05-11 16:08:29.409506,1.288307,-0.2836141,-0.68449116,0.70325863,0.20570888,1.2944235
2285,2026-05-11 16:08:29.412332,1.1931794,-0.5776557,-0.21147576,2.019673,1.4880677,2.8223503
2286,2026-05-11 16:08:29.414973,1.1931794,-0.5776557,-0.21147576,2.019673,1.4880677,2.8223503
2287,2026-05-11 16:08:29.417973,1.1931794,-0.5776557,-0.21147576,2.019673,1.4880677,2.8223503
2288,2026-05-11 16:08:29.420782,2.3393438,0.26214942,-1.4325225,2.019673,1.4880677,2.8223503
2289,2026-05-11 16:08:29.423494,2.3393438,0.26214942,-1.4325225,2.019673,1.4880677,2.8223503
2290,2026-05-11 16:08:29.426105,2.3393438,0.26214942,-1.4325225,2.019673,1.4880677,2.8223503
2291,2026-05-11 16:08:29.428791,2.3393438,0.26214942,-1.4325225,-0.895223,1.2993103,0.17898351
2292,2026-05-11 16:08:29.431648,2.3393438,0.26214942,-1.4325225,-0.895223,1.2993103,0.17898351
2293,2026-05-11 16:08:29.434663,1.6729634,0.2959319,-1.0913442,-0.895223,1.2993103,0.17898351
2294,2026-05-11 16:08:29.437458,1.6729634,0.2959319,-1.0913442,-0.895223,1.2993103,0.17898351
2295,2026-05-11 16:08:29.440252,1.6729634,0.2959319,-1.0913442,-0.895223,1.2993103,0.17898351
2296,2026-05-11 16:08:29.442884,1.6729634,0.2959319,-1.0913442,-0.895223,1.2993103,0.17898351
2297,2026-05-11 16:08:29.445610,1.6729634,0.2959319,-1.0913442,-0.895223,1.2993103,0.17898351
2298,2026-05-11 16:08:29.448463,1.6729634,0.2959319,-1.0913442,-1.2597568,0.49693888,-1.7052304
2299,2026-05-11 16:08:29.451932,1.6729634,0.2959319,-1.0913442,-1.2597568,0.49693888,-1.7052304
2300,2026-05-11 16:08:29.454837,1.6729634,0.2959319,-1.0913442,-1.2597568,0.49693888,-1.7052304
2301,2026-05-11 16:08:29.457544,1.6729634,0.2959319,-1.0913442,-1.2597568,0.49693888,-1.7052304
2302,2026-05-11 16:08:29.460254,0.9274322,-0.13275166,-0.39538893,-1.2597568,0.49693888,-1.7052304
2303,2026-05-11 16:08:29.462930,0.82346267,-0.26568624,-0.34355664,-1.2597568,0.49693888,-1.7052304
2304,2026-05-11 16:08:29.465493,0.82346267,-0.26568624,-0.34355664,-1.2597568,0.49693888,-1.7052304
2305,2026-05-11 16:08:29.468801,0.82346267,-0.26568624,-0.34355664,-1.2597568,0.49693888,-1.7052304
2306,2026-05-11 16:08:29.471611,0.82346267,-0.26568624,-0.34355664,-1.2597568,0.49693888,-1.7052304
2307,2026-05-11 16:08:29.474329,1.0130469,-0.32081142,-0.4364279,-1.2597568,0.49693888,-1.7052304
2308,2026-05-11 16:08:29.477047,1.0130469,-0.32081142,-0.4364279,-1.2597568,0.49693888,-1.7052304
2309,2026-05-11 16:08:29.479635,1.0130469,-0.32081142,-0.4364279,-1.2597568,0.49693888,-1.7052304
2310,2026-05-11 16:08:29.482433,1.0130469,-0.32081142,-0.4364279,0.44608435,-0.65316767,-1.5601498
2311,2026-05-11 16:08:29.485451,1.0130469,-0.32081142,-0.4364279,0.8098546,-0.7489208,-2.404671
2312,2026-05-11 16:08:29.488269,0.4875894,-0.22690348,-0.9480431,-0.61178154,-0.6229298,-2.1768184
2313,2026-05-11 16:08:29.491134,0.4875894,-0.22690348,-0.9480431,-1.4669929,0.1328632,-1.7854064
2314,2026-05-11 16:08:29.493851,0.5857659,-0.06646729,-0.5835096,-1.4669929,0.1328632,-1.7854064
2315,2026-05-11 16:08:29.496517,0.5857659,-0.06646729,-0.5835096,-1.4669929,0.1328632,-1.7854064
2316,2026-05-11 16:08:29.499181,0.5857659,-0.06646729,-0.5835096,-1.4669929,0.1328632,-1.7854064
2317,2026-05-11 16:08:29.502450,0.5857659,-0.06646729,-0.5835096,-1.4669929,0.1328632,-1.7854064
2318,2026-05-11 16:08:29.505371,0.5857659,-0.06646729,-0.5835096,-0.25427267,0.02687807,-0.88040954
2319,2026-05-11 16:08:29.508041,0.5857659,-0.06646729,-0.5835096,-0.25427267,0.02687807,-0.88040954
2320,2026-05-11 16:08:29.510668,0.5857659,-0.06646729,-0.5835096,-0.25427267,0.02687807,-0.88040954
2321,2026-05-11 16:08:29.513337,0.5857659,-0.06646729,-0.5835096,-0.82756966,0.26450464,-0.600786
2322,2026-05-11 16:08:29.516462,0.5857659,-0.06646729,-0.5835096,-0.82756966,0.26450464,-0.600786
2323,2026-05-11 16:08:29.519482,0.11354321,0.5748506,-1.0106688,-0.82756966,0.26450464,-0.600786
2324,2026-05-11 16:08:29.522244,0.11354321,0.5748506,-1.0106688,-0.82756966,0.26450464,-0.600786
2325,2026-05-11 16:08:29.524963,0.11354321,0.5748506,-1.0106688,-0.82756966,0.26450464,-0.600786
2326,2026-05-11 16:08:29.527710,0.11354321,0.5748506,-1.0106688,-0.82756966,0.26450464,-0.600786
2327,2026-05-11 16:08:29.530585,0.11354321,0.5748506,-1.0106688,-0.82756966,0.26450464,-0.600786
2328,2026-05-11 16:08:29.533512,0.11354321,0.5748506,-1.0106688,-0.82756966,0.26450464,-0.600786
2329,2026-05-11 16:08:29.536302,0.11354321,0.5748506,-1.0106688,-0.82756966,0.26450464,-0.600786
2330,2026-05-11 16:08:29.539027,0.11354321,0.5748506,-1.0106688,-0.82756966,0.26450464,-0.600786
2331,2026-05-11 16:08:29.541685,-0.34520307,0.90602845,-0.6288781,-1.7828102,0.3387248,-0.90102625
2332,2026-05-11 16:08:29.544516,-0.34520307,0.90602845,-0.6288781,-1.7828102,0.3387248,-0.90102625
2333,2026-05-11 16:08:29.547127,-0.34520307,0.90602845,-0.6288781,-1.7828102,0.3387248,-0.90102625
2334,2026-05-11 16:08:29.549937,-0.48612595,0.98103285,-0.89560103,-1.7828102,0.3387248,-0.90102625
2335,2026-05-11 16:08:29.553182,-0.48612595,0.98103285,-0.89560103,-1.7828102,0.3387248,-0.90102625
2336,2026-05-11 16:08:29.556004,-0.48612595,0.98103285,-0.89560103,-0.9837985,-0.5122105,2.4914138
2337,2026-05-11 16:08:29.558721,-0.48612595,0.98103285,-0.89560103,-0.9837985,-0.5122105,2.4914138
2338,2026-05-11 16:08:29.561411,-0.48612595,0.98103285,-0.89560103,-0.9837985,-0.5122105,2.4914138
2339,2026-05-11 16:08:29.564198,-0.48612595,0.98103285,-0.89560103,-0.9837985,-0.5122105,2.4914138
2340,2026-05-11 16:08:29.567376,-0.137569,1.4915504,-0.85584265,-3.7091737,0.4392121,3.0987666
2341,2026-05-11 16:08:29.570200,-0.137569,1.4915504,-0.85584265,-3.7091737,0.4392121,3.0987666
2342,2026-05-11 16:08:29.572825,-0.17129049,1.4356935,-0.84004897,-3.7091737,0.4392121,3.0987666
2343,2026-05-11 16:08:29.575423,-0.17129049,1.4356935,-0.84004897,-3.7091737,0.4392121,3.0987666
2344,2026-05-11 16:08:29.578002,-0.17129049,1.4356935,-0.84004897,-3.7091737,0.4392121,3.0987666
2345,2026-05-11 16:08:29.580795,-0.23013538,1.3269067,-0.05232013,-1.0447323,-0.020005837,1.3313808
2346,2026-05-11 16:08:29.583787,-0.23013538,1.3269067,-0.05232013,-1.0447323,-0.020005837,1.3313808
2347,2026-05-11 16:08:29.586475,-0.23013538,1.3269067,-0.05232013,-1.0447323,-0.020005837,1.3313808
2348,2026-05-11 16:08:29.589239,-0.3427639,1.2187907,-0.052076213,-1.0447323,-0.020005837,1.3313808
2349,2026-05-11 16:08:29.591984,-0.33325115,1.0621961,-0.34312975,3.0439415,-0.34697145,0.33765575
2350,2026-05-11 16:08:29.594676,-0.33325115,1.0621961,-0.34312975,3.0439415,-0.34697145,0.33765575
2351,2026-05-11 16:08:29.597732,-0.33325115,1.0621961,-0.34312975,3.0439415,-0.34697145,0.33765575
2352,2026-05-11 16:08:29.601743,-0.33325115,1.0621961,-0.34312975,3.0439415,-0.34697145,0.33765575
2353,2026-05-11 16:08:29.604629,-0.33325115,1.0621961,-0.34312975,3.0439415,-0.34697145,0.33765575
2354,2026-05-11 16:08:29.607746,-0.33325115,1.0621961,-0.34312975,3.0439415,-0.34697145,0.33765575
2355,2026-05-11 16:08:29.610670,-0.33325115,1.0621961,-0.34312975,3.0439415,-0.34697145,0.33765575
2356,2026-05-11 16:08:29.613756,-0.33325115,1.0621961,-0.34312975,3.6683986,-0.6606508,-0.05757405
2357,2026-05-11 16:08:29.617351,-0.33325115,1.0621961,-0.34312975,3.6683986,-0.6606508,-0.05757405
2358,2026-05-11 16:08:29.620603,-0.05927175,1.0638425,-0.65461135,3.6683986,-0.6606508,-0.05757405
2359,2026-05-11 16:08:29.623430,-0.05927175,1.0638425,-0.65461135,3.6683986,-0.6606508,-0.05757405
2360,2026-05-11 16:08:29.626344,0.13226382,1.0444511,-1.1840935,3.6683986,-0.6606508,-0.05757405
2361,2026-05-11 16:08:29.629236,0.13226382,1.0444511,-1.1840935,3.6683986,-0.6606508,-0.05757405
2362,2026-05-11 16:08:29.632185,0.13226382,1.0444511,-1.1840935,3.7291796,-0.9503536,-1.449125
2363,2026-05-11 16:08:29.635862,0.13226382,1.0444511,-1.1840935,3.7291796,-0.9503536,-1.449125
2364,2026-05-11 16:08:29.638934,0.13226382,1.0444511,-1.1840935,3.7291796,-0.9503536,-1.449125
2365,2026-05-11 16:08:29.641681,0.13226382,1.0444511,-1.1840935,3.7291796,-0.9503536,-1.449125
2366,2026-05-11 16:08:29.644417,0.13226382,1.0444511,-1.1840935,3.7291796,-0.9503536,-1.449125
2367,2026-05-11 16:08:29.647113,-0.020123126,1.0589643,-1.3517863,3.7291796,-0.9503536,-1.449125
2368,2026-05-11 16:08:29.649777,-0.020123126,1.0589643,-1.3517863,3.7291796,-0.9503536,-1.449125
2369,2026-05-11 16:08:29.653086,-0.020123126,1.0589643,-1.3517863,3.7291796,-0.9503536,-1.449125
2370,2026-05-11 16:08:29.656178,-0.020123126,1.0589643,-1.3517863,3.7291796,-0.9503536,-1.449125
2371,2026-05-11 16:08:29.658907,-0.020123126,1.0589643,-1.3517863,2.9781208,-0.6759224,-2.117717
2372,2026-05-11 16:08:29.661704,-0.020123126,1.0589643,-1.3517863,2.9781208,-0.6759224,-2.117717
2373,2026-05-11 16:08:29.664489,-0.020123126,1.0589643,-1.3517863,2.9781208,-0.6759224,-2.117717
2374,2026-05-11 16:08:29.667761,-0.020123126,1.0589643,-1.3517863,2.9781208,-0.6759224,-2.117717
2375,2026-05-11 16:08:29.670636,-0.020123126,1.0589643,-1.3517863,2.9781208,-0.6759224,-2.117717
2376,2026-05-11 16:08:29.673317,-0.020123126,1.0589643,-1.3517863,2.9781208,-0.6759224,-2.117717
2377,2026-05-11 16:08:29.675969,-0.020123126,1.0589643,-1.3517863,2.1704042,-0.18509217,-2.3383923
2378,2026-05-11 16:08:29.678575,-0.020123126,1.0589643,-1.3517863,2.1704042,-0.18509217,-2.3383923
2379,2026-05-11 16:08:29.681218,-0.020123126,1.0589643,-1.3517863,2.1704042,-0.18509217,-2.3383923
2380,2026-05-11 16:08:29.684588,-0.020123126,1.0589643,-1.3517863,2.1704042,-0.18509217,-2.3383923
2381,2026-05-11 16:08:29.687528,-0.12836114,1.0400606,-1.3779463,1.5311338,0.21884248,-2.346486
2382,2026-05-11 16:08:29.690315,-0.2397701,0.9987168,-1.3030028,1.5311338,0.21884248,-2.346486
2383,2026-05-11 16:08:29.693000,-0.2397701,0.9987168,-1.3030028,1.5311338,0.21884248,-2.346486
2384,2026-05-11 16:08:29.695728,-0.2397701,0.9987168,-1.3030028,1.5311338,0.21884248,-2.346486
2385,2026-05-11 16:08:29.698539,-0.2397701,0.9987168,-1.3030028,1.5311338,0.21884248,-2.346486
2386,2026-05-11 16:08:29.701601,-0.2397701,0.9987168,-1.3030028,1.5311338,0.21884248,-2.346486
2387,2026-05-11 16:08:29.704517,-0.2397701,0.9987168,-1.3030028,1.5311338,0.21884248,-2.346486
2388,2026-05-11 16:08:29.707240,-0.2397701,0.9987168,-1.3030028,1.5311338,0.21884248,-2.346486
2389,2026-05-11 16:08:29.709870,-0.2397701,0.9987168,-1.3030028,0.990518,0.50717086,-2.3119721
2390,2026-05-11 16:08:29.712599,-0.23031832,1.0326823,-1.1685438,0.990518,0.50717086,-2.3119721
2391,2026-05-11 16:08:29.715234,-0.23031832,1.0326823,-1.1685438,0.990518,0.50717086,-2.3119721
2392,2026-05-11 16:08:29.718414,-0.20543882,0.97511786,-0.7449825,0.635758,0.72173727,-2.3542747
2393,2026-05-11 16:08:29.721276,-0.20543882,0.97511786,-0.7449825,0.635758,0.72173727,-2.3542747
2394,2026-05-11 16:08:29.724107,-0.20543882,0.97511786,-0.7449825,0.4625777,0.95447695,-2.421317
2395,2026-05-11 16:08:29.726752,-0.20543882,0.97511786,-0.7449825,0.4625777,0.95447695,-2.421317
2396,2026-05-11 16:08:29.729600,-0.20543882,0.97511786,-0.7449825,0.4625777,0.95447695,-2.421317
2397,2026-05-11 16:08:29.732445,-0.20543882,0.97511786,-0.7449825,0.4625777,0.95447695,-2.421317
2398,2026-05-11 16:08:29.735642,-0.20543882,0.97511786,-0.7449825,0.4625777,0.95447695,-2.421317
2399,2026-05-11 16:08:29.738286,-0.20543882,0.97511786,-0.7449825,0.4625777,0.95447695,-2.421317
2400,2026-05-11 16:08:29.740950,-0.20543882,0.97511786,-0.7449825,0.4625777,0.95447695,-2.421317
2401,2026-05-11 16:08:29.743669,-0.17299789,0.94365263,-0.6120479,0.4625777,0.95447695,-2.421317
2402,2026-05-11 16:08:29.746283,-0.17299789,0.94365263,-0.6120479,0.4625777,0.95447695,-2.421317
2403,2026-05-11 16:08:29.749030,-0.17299789,0.94365263,-0.6120479,0.5891795,1.1033753,-2.4371996
2404,2026-05-11 16:08:29.751807,-0.17299789,0.94365263,-0.6120479,0.5891795,1.1033753,-2.4371996
2405,2026-05-11 16:08:29.755295,-0.17299789,0.94365263,-0.6120479,0.5891795,1.1033753,-2.4371996
2406,2026-05-11 16:08:29.757964,-0.17299789,0.94365263,-0.6120479,0.5891795,1.1033753,-2.4371996
2407,2026-05-11 16:08:29.760570,-0.17299789,0.94365263,-0.6120479,0.5891795,1.1033753,-2.4371996
2408,2026-05-11 16:08:29.763302,-0.22300081,0.92810297,-0.51393247,0.8564331,1.1323915,-2.397188
2409,2026-05-11 16:08:29.765840,-0.22300081,0.92810297,-0.51393247,0.8564331,1.1323915,-2.397188
2410,2026-05-11 16:08:29.768700,-0.22300081,0.92810297,-0.51393247,0.8564331,1.1323915,-2.397188
2411,2026-05-11 16:08:29.772258,-0.22300081,0.92810297,-0.51393247,0.8564331,1.1323915,-2.397188
2412,2026-05-11 16:08:29.775050,-0.34270293,0.9728616,-0.4563681,1.4845552,0.5169447,-2.1138992
2413,2026-05-11 16:08:29.777727,-0.34270293,0.9728616,-0.4563681,1.4845552,0.5169447,-2.1138992
2414,2026-05-11 16:08:29.780560,-0.34270293,0.9728616,-0.4563681,1.4845552,0.5169447,-2.1138992
2415,2026-05-11 16:08:29.783688,-0.34270293,0.9728616,-0.4563681,1.4845552,0.5169447,-2.1138992
2416,2026-05-11 16:08:29.786523,-0.35203275,1.0000583,-0.44075742,1.4845552,0.5169447,-2.1138992
2417,2026-05-11 16:08:29.789309,-0.35203275,1.0000583,-0.44075742,2.0137172,-0.42928556,-1.877647
2418,2026-05-11 16:08:29.792100,-0.29239509,0.9975582,-0.47801572,2.0137172,-0.42928556,-1.877647
2419,2026-05-11 16:08:29.794960,-0.29239509,0.9975582,-0.47801572,2.2101104,-0.8556695,-1.7930422
2420,2026-05-11 16:08:29.797754,-0.12927583,0.9506652,-0.5193596,2.2101104,-0.8556695,-1.7930422
2421,2026-05-11 16:08:29.800788,-0.12927583,0.9506652,-0.5193596,2.2101104,-0.8556695,-1.7930422
2422,2026-05-11 16:08:29.803699,-0.12927583,0.9506652,-0.5193596,2.2101104,-0.8556695,-1.7930422
2423,2026-05-11 16:08:29.806424,-0.12927583,0.9506652,-0.5193596,2.2101104,-0.8556695,-1.7930422
2424,2026-05-11 16:08:29.809302,0.05335677,0.9471894,-0.5985105,2.3839016,-1.2263119,-1.4892895
2425,2026-05-11 16:08:29.812067,0.05335677,0.9471894,-0.5985105,2.3839016,-1.2263119,-1.4892895
2426,2026-05-11 16:08:29.814680,0.05335677,0.9471894,-0.5985105,2.3839016,-1.2263119,-1.4892895
2427,2026-05-11 16:08:29.817622,0.05335677,0.9471894,-0.5985105,2.38268,-1.1059716,-1.5711454
2428,2026-05-11 16:08:29.820382,0.05335677,0.9471894,-0.5985105,2.38268,-1.1059716,-1.5711454
2429,2026-05-11 16:08:29.822981,0.05335677,0.9471894,-0.5985105,2.38268,-1.1059716,-1.5711454
2430,2026-05-11 16:08:29.825737,0.05335677,0.9471894,-0.5985105,2.38268,-1.1059716,-1.5711454
2431,2026-05-11 16:08:29.828598,0.05335677,0.9471894,-0.5985105,2.38268,-1.1059716,-1.5711454
2432,2026-05-11 16:08:29.831282,0.05335677,0.9471894,-0.5985105,2.38268,-1.1059716,-1.5711454
2433,2026-05-11 16:08:29.834599,0.05335677,0.9471894,-0.5985105,2.38268,-1.1059716,-1.5711454
2434,2026-05-11 16:08:29.837440,0.05335677,0.9471894,-0.5985105,2.38268,-1.1059716,-1.5711454
2435,2026-05-11 16:08:29.840101,0.05335677,0.9471894,-0.5985105,2.38268,-1.1059716,-1.5711454
2436,2026-05-11 16:08:29.842861,0.05335677,0.9471894,-0.5985105,2.38268,-1.1059716,-1.5711454
2437,2026-05-11 16:08:29.845664,0.05335677,0.9471894,-0.5985105,2.38268,-1.1059716,-1.5711454
2438,2026-05-11 16:08:29.848402,0.030611541,0.9129801,-0.65320885,2.38268,-1.1059716,-1.5711454
2439,2026-05-11 16:08:29.851644,0.030611541,0.9129801,-0.65320885,2.3342688,-0.95539325,-1.7234036
2440,2026-05-11 16:08:29.854439,0.030611541,0.9129801,-0.65320885,2.3342688,-0.95539325,-1.7234036
2441,2026-05-11 16:08:29.857141,0.030611541,0.9129801,-0.65320885,2.1012237,-0.65102965,-1.7334828
2442,2026-05-11 16:08:29.859914,0.030611541,0.9129801,-0.65320885,2.1012237,-0.65102965,-1.7334828
2443,2026-05-11 16:08:29.862657,0.030611541,0.9129801,-0.65320885,2.1012237,-0.65102965,-1.7334828
2444,2026-05-11 16:08:29.865353,0.030611541,0.9129801,-0.65320885,2.1012237,-0.65102965,-1.7334828
2445,2026-05-11 16:08:29.868343,0.030611541,0.9129801,-0.65320885,2.1012237,-0.65102965,-1.7334828
2446,2026-05-11 16:08:29.871226,0.030611541,0.9129801,-0.65320885,2.1012237,-0.65102965,-1.7334828
2447,2026-05-11 16:08:29.873915,-0.4124021,0.7401042,-0.8759658,2.1012237,-0.65102965,-1.7334828
2448,2026-05-11 16:08:29.876617,-0.4124021,0.7401042,-0.8759658,2.1012237,-0.65102965,-1.7334828
2449,2026-05-11 16:08:29.879332,-0.49393123,0.63851285,-0.831268,1.1125383,0.06383542,-0.81199265
2450,2026-05-11 16:08:29.882183,-0.49393123,0.63851285,-0.831268,1.1125383,0.06383542,-0.81199265
2451,2026-05-11 16:08:29.885228,-0.49393123,0.63851285,-0.831268,1.1125383,0.06383542,-0.81199265
2452,2026-05-11 16:08:29.888070,-0.49393123,0.63851285,-0.831268,1.1125383,0.06383542,-0.81199265
2453,2026-05-11 16:08:29.890729,-0.49393123,0.63851285,-0.831268,0.75640386,0.34987307,-0.32360587
2454,2026-05-11 16:08:29.893460,-0.49393123,0.63851285,-0.831268,0.75640386,0.34987307,-0.32360587
2455,2026-05-11 16:08:29.896123,-0.5159447,0.38807142,-0.52240855,0.51251596,0.66675943,0.33460143
2456,2026-05-11 16:08:29.898725,-0.5159447,0.38807142,-0.52240855,0.51251596,0.66675943,0.33460143
2457,2026-05-11 16:08:29.901796,-0.5159447,0.38807142,-0.52240855,0.51251596,0.66675943,0.33460143
2458,2026-05-11 16:08:29.904652,-0.5159447,0.38807142,-0.52240855,0.51251596,0.66675943,0.33460143
2459,2026-05-11 16:08:29.907360,-0.5159447,0.38807142,-0.52240855,0.51251596,0.66675943,0.33460143
2460,2026-05-11 16:08:29.910075,-0.46149033,0.32081142,-0.42837867,0.51251596,0.66675943,0.33460143
2461,2026-05-11 16:08:29.912685,-0.46149033,0.32081142,-0.42837867,0.51251596,0.66675943,0.33460143
2462,2026-05-11 16:08:29.915393,-0.46149033,0.32081142,-0.42837867,0.51251596,0.66675943,0.33460143
2463,2026-05-11 16:08:29.918595,-0.46149033,0.32081142,-0.42837867,0.51251596,0.66675943,0.33460143
2464,2026-05-11 16:08:29.921352,-0.46149033,0.32081142,-0.42837867,0.51251596,0.66675943,0.33460143
2465,2026-05-11 16:08:29.924130,-0.46149033,0.32081142,-0.42837867,0.49739704,0.82695884,0.8576548
2466,2026-05-11 16:08:29.926756,0.06841862,0.38282722,-0.4173414,0.49739704,0.82695884,0.8576548
2467,2026-05-11 16:08:29.929546,0.06841862,0.38282722,-0.4173414,0.49739704,0.82695884,0.8576548
2468,2026-05-11 16:08:29.932169,0.06841862,0.38282722,-0.4173414,0.49739704,0.82695884,0.8576548
2469,2026-05-11 16:08:29.935211,0.06841862,0.38282722,-0.4173414,0.49739704,0.82695884,0.8576548
2470,2026-05-11 16:08:29.937947,0.06841862,0.38282722,-0.4173414,0.49739704,0.82695884,0.8576548
2471,2026-05-11 16:08:29.940649,0.06841862,0.38282722,-0.4173414,0.49739704,0.82695884,0.8576548
2472,2026-05-11 16:08:29.943257,0.06841862,0.38282722,-0.4173414,0.49739704,0.82695884,0.8576548
2473,2026-05-11 16:08:29.945960,0.06841862,0.38282722,-0.4173414,0.49739704,0.82695884,0.8576548
2474,2026-05-11 16:08:29.948559,0.06841862,0.38282722,-0.4173414,0.49739704,0.82695884,0.8576548
2475,2026-05-11 16:08:29.951688,0.06841862,0.38282722,-0.4173414,0.49739704,0.82695884,0.8576548
2476,2026-05-11 16:08:29.954431,0.06841862,0.38282722,-0.4173414,0.49739704,0.82695884,0.8576548
2477,2026-05-11 16:08:29.957061,0.06841862,0.38282722,-0.4173414,0.49739704,0.82695884,0.8576548
2478,2026-05-11 16:08:29.959694,0.4370377,0.3916082,-0.52686,0.731053,0.70295316,1.5056301
2479,2026-05-11 16:08:29.962300,0.4370377,0.3916082,-0.52686,0.731053,0.70295316,1.5056301
2480,2026-05-11 16:08:29.965048,0.4370377,0.3916082,-0.52686,0.9505063,0.40653083,1.5523612
2481,2026-05-11 16:08:29.968077,0.4370377,0.3916082,-0.52686,0.9505063,0.40653083,1.5523612
2482,2026-05-11 16:08:29.970861,0.4370377,0.3916082,-0.52686,0.9505063,0.40653083,1.5523612
2483,2026-05-11 16:08:29.973631,0.4370377,0.3916082,-0.52686,0.9505063,0.40653083,1.5523612
2484,2026-05-11 16:08:29.976263,0.4370377,0.3916082,-0.52686,0.9505063,0.40653083,1.5523612
2485,2026-05-11 16:08:29.978996,0.4370377,0.3916082,-0.52686,0.9505063,0.40653083,1.5523612
2486,2026-05-11 16:08:29.981629,0.4370377,0.3916082,-0.52686,0.9505063,0.40653083,1.5523612
2487,2026-05-11 16:08:29.984854,0.4370377,0.3916082,-0.52686,0.9505063,0.40653083,1.5523612
2488,2026-05-11 16:08:29.987671,0.74053097,0.36630186,-0.717054,1.1498011,-0.10522154,1.1462886
2489,2026-05-11 16:08:29.990587,0.75480014,0.3164209,-0.9820085,1.1498011,-0.10522154,1.1462886
2490,2026-05-11 16:08:29.993265,0.75480014,0.3164209,-0.9820085,1.1498011,-0.10522154,1.1462886
2491,2026-05-11 16:08:29.995879,0.75480014,0.3164209,-0.9820085,1.1498011,-0.10522154,1.1462886
2492,2026-05-11 16:08:29.998594,0.75480014,0.3164209,-0.9820085,1.1498011,-0.10522154,1.1462886
2493,2026-05-11 16:08:30.001687,0.75480014,0.3164209,-0.9820085,1.1498011,-0.10522154,1.1462886
2494,2026-05-11 16:08:30.004514,0.75480014,0.3164209,-0.9820085,1.1498011,-0.10522154,1.1462886
2495,2026-05-11 16:08:30.007259,0.75480014,0.3164209,-0.9820085,1.0228939,-0.7699956,0.56489766
2496,2026-05-11 16:08:30.010007,0.75480014,0.3164209,-0.9820085,1.0228939,-0.7699956,0.56489766
2497,2026-05-11 16:08:30.012654,0.75480014,0.3164209,-0.9820085,1.0228939,-0.7699956,0.56489766
2498,2026-05-11 16:08:30.015376,0.6861986,0.21873227,-1.0473173,0.7425067,-0.95340794,0.45860708
2499,2026-05-11 16:08:30.018448,0.6861986,0.21873227,-1.0473173,0.7425067,-0.95340794,0.45860708
2500,2026-05-11 16:08:30.021201,0.6861986,0.21873227,-1.0473173,0.7425067,-0.95340794,0.45860708
2501,2026-05-11 16:08:30.023940,0.6861986,0.21873227,-1.0473173,0.7425067,-0.95340794,0.45860708
2502,2026-05-11 16:08:30.026763,0.6861986,0.21873227,-1.0473173,0.7425067,-0.95340794,0.45860708
2503,2026-05-11 16:08:30.029453,0.6035718,-0.0041465834,-0.930908,0.111941054,-0.93615097,0.5992588
2504,2026-05-11 16:08:30.032102,0.6035718,-0.0041465834,-0.930908,0.111941054,-0.93615097,0.5992588
2505,2026-05-11 16:08:30.035206,0.6035718,-0.0041465834,-0.930908,0.111941054,-0.93615097,0.5992588
2506,2026-05-11 16:08:30.038684,0.6035718,-0.0041465834,-0.930908,0.111941054,-0.93615097,0.5992588
2507,2026-05-11 16:08:30.041419,0.6035718,-0.0041465834,-0.930908,0.111941054,-0.93615097,0.5992588
2508,2026-05-11 16:08:30.044190,0.5681429,-0.19391376,-0.5347263,-0.22250767,-0.7912232,0.91415983
2509,2026-05-11 16:08:30.046971,0.55509335,-0.29422447,-0.13634941,0.0693332,-0.79779,1.1905763
2510,2026-05-11 16:08:30.049925,0.55509335,-0.29422447,-0.13634941,0.0693332,-0.79779,1.1905763
2511,2026-05-11 16:08:30.053299,0.62308514,-0.3949011,0.03506302,0.8410087,-0.9049969,1.6410894
2512,2026-05-11 16:08:30.056172,0.62308514,-0.3949011,0.03506302,0.8410087,-0.9049969,1.6410894
2513,2026-05-11 16:08:30.058801,0.62308514,-0.3949011,0.03506302,0.8410087,-0.9049969,1.6410894
2514,2026-05-11 16:08:30.061646,0.62308514,-0.3949011,0.03506302,0.8410087,-0.9049969,1.6410894
2515,2026-05-11 16:08:30.064279,0.62308514,-0.3949011,0.03506302,0.8410087,-0.9049969,1.6410894
2516,2026-05-11 16:08:30.067441,0.62308514,-0.3949011,0.03506302,0.8410087,-0.9049969,1.6410894
2517,2026-05-11 16:08:30.070226,0.62308514,-0.3949011,0.03506302,0.8410087,-0.9049969,1.6410894
2518,2026-05-11 16:08:30.072972,0.62308514,-0.3949011,0.03506302,1.1899655,-0.9140071,1.853976
2519,2026-05-11 16:08:30.075690,0.655831,-0.45722178,0.019452354,1.1899655,-0.9140071,1.853976
2520,2026-05-11 16:08:30.078447,0.655831,-0.45722178,0.019452354,1.1899655,-0.9140071,1.853976
2521,2026-05-11 16:08:30.081272,0.655831,-0.45722178,0.019452354,1.1899655,-0.9140071,1.853976
2522,2026-05-11 16:08:30.084528,0.655831,-0.45722178,0.019452354,1.1899655,-0.9140071,1.853976
2523,2026-05-11 16:08:30.087268,0.655831,-0.45722178,0.019452354,1.1899655,-0.9140071,1.853976
2524,2026-05-11 16:08:30.089876,0.8623674,-0.7120538,-0.40496266,1.1899655,-0.9140071,1.853976
2525,2026-05-11 16:08:30.092732,0.8623674,-0.7120538,-0.40496266,1.9882137,-0.61453044,2.7821858
2526,2026-05-11 16:08:30.095543,0.8623674,-0.7120538,-0.40496266,1.8333594,-0.27366763,3.5259142
2527,2026-05-11 16:08:30.098218,1.1762271,-0.7295548,-0.86529446,1.8333594,-0.27366763,3.5259142
2528,2026-05-11 16:08:30.101254,1.1762271,-0.7295548,-0.86529446,1.8333594,-0.27366763,3.5259142
2529,2026-05-11 16:08:30.103974,1.1762271,-0.7295548,-0.86529446,1.8333594,-0.27366763,3.5259142
2530,2026-05-11 16:08:30.106774,1.1762271,-0.7295548,-0.86529446,1.8333594,-0.27366763,3.5259142
2531,2026-05-11 16:08:30.109543,1.1762271,-0.7295548,-0.86529446,1.227381,-0.028863383,3.9961276
2532,2026-05-11 16:08:30.112260,1.5877146,-0.6697342,-1.1668364,1.227381,-0.028863383,3.9961276
2533,2026-05-11 16:08:30.114979,1.5877146,-0.6697342,-1.1668364,1.227381,-0.028863383,3.9961276
2534,2026-05-11 16:08:30.117990,1.5877146,-0.6697342,-1.1668364,1.227381,-0.028863383,3.9961276
2535,2026-05-11 16:08:30.120778,1.5877146,-0.6697342,-1.1668364,1.227381,-0.028863383,3.9961276
2536,2026-05-11 16:08:30.123415,1.5877146,-0.6697342,-1.1668364,-0.15409076,0.36071593,4.172668
2537,2026-05-11 16:08:30.126046,1.5877146,-0.6697342,-1.1668364,-0.15409076,0.36071593,4.172668
2538,2026-05-11 16:08:30.128828,2.1125624,-0.6055231,-1.2828797,-0.15409076,0.36071593,4.172668
2539,2026-05-11 16:08:30.131413,2.1125624,-0.6055231,-1.2828797,-0.15409076,0.36071593,4.172668
2540,2026-05-11 16:08:30.134565,2.3606865,-0.5459465,-1.1470182,-1.0146471,0.66767573,3.9429824
2541,2026-05-11 16:08:30.137503,2.3606865,-0.5459465,-1.1470182,-1.0146471,0.66767573,3.9429824
2542,2026-05-11 16:08:30.140218,2.5103295,-0.33148277,-0.7474217,-1.0146471,0.66767573,3.9429824
2543,2026-05-11 16:08:30.142886,2.5103295,-0.33148277,-0.7474217,-1.0146471,0.66767573,3.9429824
2544,2026-05-11 16:08:30.145690,2.5103295,-0.33148277,-0.7474217,-1.0146471,0.66767573,3.9429824
2545,2026-05-11 16:08:30.148486,2.3427587,-0.14988679,-0.48667476,-1.675298,1.1662945,3.466813
2546,2026-05-11 16:08:30.151851,2.3427587,-0.14988679,-0.48667476,-1.8064812,1.653765,3.0115657
2547,2026-05-11 16:08:30.154634,2.1706145,0.00951275,-0.3617894,-1.8064812,1.653765,3.0115657
2548,2026-05-11 16:08:30.157414,2.1706145,0.00951275,-0.3617894,-1.8064812,1.653765,3.0115657
2549,2026-05-11 16:08:30.160131,2.1706145,0.00951275,-0.3617894,-1.6216946,1.858863,2.721252
2550,2026-05-11 16:08:30.162793,2.1706145,0.00951275,-0.3617894,-1.6216946,1.858863,2.721252
2551,2026-05-11 16:08:30.165686,2.1706145,0.00951275,-0.3617894,-1.6216946,1.858863,2.721252
2552,2026-05-11 16:08:30.168730,2.1706145,0.00951275,-0.3617894,-1.6216946,1.858863,2.721252
2553,2026-05-11 16:08:30.171593,2.1706145,0.00951275,-0.3617894,-1.6216946,1.858863,2.721252
2554,2026-05-11 16:08:30.174381,2.1706145,0.00951275,-0.3617894,-1.1058189,1.7324139,2.3086126
2555,2026-05-11 16:08:30.177173,1.9250513,0.26824737,-0.3708753,-0.9314168,1.5969545,2.1578815
2556,2026-05-11 16:08:30.179859,1.9250513,0.26824737,-0.3708753,-0.9314168,1.5969545,2.1578815
2557,2026-05-11 16:08:30.182439,1.9250513,0.26824737,-0.3708753,-0.9314168,1.5969545,2.1578815
2558,2026-05-11 16:08:30.185507,1.8521202,0.3333731,-0.5087492,-0.9314168,1.5969545,2.1578815
2559,2026-05-11 16:08:30.188408,1.8521202,0.3333731,-0.5087492,-0.9314168,1.5969545,2.1578815
2560,2026-05-11 16:08:30.191077,1.8521202,0.3333731,-0.5087492,-0.9314168,1.5969545,2.1578815
2561,2026-05-11 16:08:30.193787,1.8521202,0.3333731,-0.5087492,-0.5571091,1.0456486,1.5337299
2562,2026-05-11 16:08:30.196531,1.8521202,0.3333731,-0.5087492,-0.48624873,0.77824235,0.9764681
2563,2026-05-11 16:08:30.199287,1.7983975,0.30270058,-0.47155192,-0.48624873,0.77824235,0.9764681
2564,2026-05-11 16:08:30.202431,1.7983975,0.30270058,-0.47155192,-0.48624873,0.77824235,0.9764681
2565,2026-05-11 16:08:30.205163,1.7983975,0.30270058,-0.47155192,-0.48624873,0.77824235,0.9764681
2566,2026-05-11 16:08:30.207897,1.7983975,0.30270058,-0.47155192,-0.48624873,0.77824235,0.9764681
2567,2026-05-11 16:08:30.210660,1.7983975,0.30270058,-0.47155192,-0.48624873,0.77824235,0.9764681
2568,2026-05-11 16:08:30.213386,1.7983975,0.30270058,-0.47155192,-0.48624873,0.77824235,0.9764681
2569,2026-05-11 16:08:30.216126,1.7983975,0.30270058,-0.47155192,-0.43249258,0.7122689,0.47998735
2570,2026-05-11 16:08:30.219030,1.7983975,0.30270058,-0.47155192,-0.43249258,0.7122689,0.47998735
2571,2026-05-11 16:08:30.221782,1.7983975,0.30270058,-0.47155192,-0.3361286,0.71669763,-0.029474247
2572,2026-05-11 16:08:30.224520,1.7568707,0.23989205,-0.44606262,-0.3361286,0.71669763,-0.029474247
2573,2026-05-11 16:08:30.227142,1.7568707,0.23989205,-0.44606262,-0.3361286,0.71669763,-0.029474247
2574,2026-05-11 16:08:30.229776,1.7568707,0.23989205,-0.44606262,-0.3361286,0.71669763,-0.029474247
2575,2026-05-11 16:08:30.232509,1.7568707,0.23989205,-0.44606262,-0.3361286,0.71669763,-0.029474247
2576,2026-05-11 16:08:30.235685,1.6954648,0.14708175,-0.4548436,-0.21135938,0.71669763,-0.52198434
2577,2026-05-11 16:08:30.238447,1.6954648,0.14708175,-0.4548436,-0.21135938,0.71669763,-0.52198434
2578,2026-05-11 16:08:30.242697,1.6954648,0.14708175,-0.4548436,-0.21135938,0.71669763,-0.52198434
2579,2026-05-11 16:08:30.266099,1.5673475,0.018110814,-0.520945,0.005497787,0.58108556,-1.297936
2580,2026-05-11 16:08:30.269468,1.5673475,0.018110814,-0.520945,0.005497787,0.58108556,-1.297936
2581,2026-05-11 16:08:30.276749,1.5673475,0.018110814,-0.520945,0.005497787,0.58108556,-1.297936
2582,2026-05-11 16:08:30.279860,1.5673475,0.018110814,-0.520945,0.005497787,0.58108556,-1.297936
2583,2026-05-11 16:08:30.282672,1.5673475,0.018110814,-0.520945,0.005497787,0.58108556,-1.297936
2584,2026-05-11 16:08:30.285809,1.5673475,0.018110814,-0.520945,0.005497787,0.58108556,-1.297936
2585,2026-05-11 16:08:30.288534,1.5673475,0.018110814,-0.520945,0.005497787,0.58108556,-1.297936
2586,2026-05-11 16:08:30.291381,1.451853,-0.07439458,-0.570826,0.14034629,0.2938262,-1.8322903
2587,2026-05-11 16:08:30.294006,1.451853,-0.07439458,-0.570826,0.14034629,0.2938262,-1.8322903
2588,2026-05-11 16:08:30.296776,1.451853,-0.07439458,-0.570826,0.14034629,0.2938262,-1.8322903
2589,2026-05-11 16:08:30.299409,1.451853,-0.07439458,-0.570826,0.14034629,0.2938262,-1.8322903
2590,2026-05-11 16:08:30.302831,1.451853,-0.07439458,-0.570826,0.14034629,0.2938262,-1.8322903
2591,2026-05-11 16:08:30.305651,1.451853,-0.07439458,-0.570826,0.14034629,0.2938262,-1.8322903
2592,2026-05-11 16:08:30.308405,1.3797756,-0.16165577,-0.6015595,0.17715092,0.13057245,-2.029447
2593,2026-05-11 16:08:30.311416,1.3797756,-0.16165577,-0.6015595,0.17715092,0.13057245,-2.029447
2594,2026-05-11 16:08:30.314264,1.3797756,-0.16165577,-0.6015595,0.17715092,0.13057245,-2.029447
2595,2026-05-11 16:08:30.317452,1.3295897,-0.24696562,-0.6248535,0.17715092,0.13057245,-2.029447
2596,2026-05-11 16:08:30.320424,1.3295897,-0.24696562,-0.6248535,0.18845193,-0.10476339,-2.2553146
2597,2026-05-11 16:08:30.323286,1.3295897,-0.24696562,-0.6248535,0.18845193,-0.18524489,-2.3623686
2598,2026-05-11 16:08:30.325969,1.3295897,-0.24696562,-0.6248535,0.18845193,-0.18524489,-2.3623686
2599,2026-05-11 16:08:30.328559,1.3295897,-0.24696562,-0.6248535,0.18845193,-0.18524489,-2.3623686
2600,2026-05-11 16:08:30.331392,1.2950146,-0.29873693,-0.62900007,0.18845193,-0.18524489,-2.3623686
2601,2026-05-11 16:08:30.334629,1.2950146,-0.29873693,-0.62900007,0.18845193,-0.18524489,-2.3623686
2602,2026-05-11 16:08:30.337483,1.2950146,-0.29873693,-0.62900007,0.18845193,-0.18524489,-2.3623686
2603,2026-05-11 16:08:30.340221,1.1626898,-0.37740007,-0.588388,0.22418754,-0.41034874,-2.4793494
2604,2026-05-11 16:08:30.342783,1.1626898,-0.37740007,-0.588388,0.22418754,-0.41034874,-2.4793494
2605,2026-05-11 16:08:30.345596,1.1626898,-0.37740007,-0.588388,0.22418754,-0.41034874,-2.4793494
2606,2026-05-11 16:08:30.348343,1.0801849,-0.38691282,-0.57363105,0.2733622,-0.7307475,-2.2908974
2607,2026-05-11 16:08:30.351377,1.0801849,-0.38691282,-0.57363105,0.2733622,-0.7307475,-2.2908974
2608,2026-05-11 16:08:30.354074,1.0801849,-0.38691282,-0.57363105,0.2733622,-0.7307475,-2.2908974
2609,2026-05-11 16:08:30.356776,1.0801849,-0.38691282,-0.57363105,0.2733622,-0.7307475,-2.2908974
2610,2026-05-11 16:08:30.359348,1.0801849,-0.38691282,-0.57363105,0.2733622,-0.7307475,-2.2908974
2611,2026-05-11 16:08:30.362189,0.99243593,-0.3691069,-0.6109503,0.2733622,-0.7307475,-2.2908974
2612,2026-05-11 16:08:30.364776,0.99243593,-0.3691069,-0.6109503,0.2733622,-0.7307475,-2.2908974
2613,2026-05-11 16:08:30.367945,1.0071319,-0.27550387,-0.6442449,0.12599096,-0.86101454,-2.1135938
2614,2026-05-11 16:08:30.370811,0.9759716,-0.16513158,-0.48289403,-0.4980079,-0.73945236,-2.017077
2615,2026-05-11 16:08:30.373492,0.9759716,-0.16513158,-0.48289403,-0.4980079,-0.73945236,-2.017077
2616,2026-05-11 16:08:30.376205,0.9759716,-0.16513158,-0.48289403,-0.4980079,-0.73945236,-2.017077
2617,2026-05-11 16:08:30.378798,0.9759716,-0.16513158,-0.48289403,-0.4980079,-0.73945236,-2.017077
2618,2026-05-11 16:08:30.381576,0.9759716,-0.16513158,-0.48289403,-0.4980079,-0.73945236,-2.017077
2619,2026-05-11 16:08:30.384908,0.9759716,-0.16513158,-0.48289403,-0.4980079,-0.73945236,-2.017077
2620,2026-05-11 16:08:30.387794,0.9759716,-0.16513158,-0.48289403,-0.62598413,-0.4390594,-2.0431914
2621,2026-05-11 16:08:30.390520,0.9759716,-0.16513158,-0.48289403,-0.62598413,-0.4390594,-2.0431914
2622,2026-05-11 16:08:30.393185,0.913346,-0.11586042,-0.42459795,-0.62598413,-0.4390594,-2.0431914
2623,2026-05-11 16:08:30.395801,0.913346,-0.11586042,-0.42459795,-0.62598413,-0.4390594,-2.0431914
2624,2026-05-11 16:08:30.398571,0.913346,-0.11586042,-0.42459795,-0.62598413,-0.4390594,-2.0431914
2625,2026-05-11 16:08:30.401673,0.913346,-0.11586042,-0.42459795,-0.62598413,-0.4390594,-2.0431914
2626,2026-05-11 16:08:30.404504,0.913346,-0.11586042,-0.42459795,-0.62598413,-0.4390594,-2.0431914
2627,2026-05-11 16:08:30.407140,0.913346,-0.11586042,-0.42459795,-0.62598413,-0.4390594,-2.0431914
2628,2026-05-11 16:08:30.409743,0.913346,-0.11586042,-0.42459795,-0.6985244,-0.09040806,-2.0529654
2629,2026-05-11 16:08:30.412394,0.913346,-0.11586042,-0.42459795,-0.6985244,-0.09040806,-2.0529654
2630,2026-05-11 16:08:30.414956,0.913346,-0.11586042,-0.42459795,-0.6985244,-0.09040806,-2.0529654
2631,2026-05-11 16:08:30.418093,0.913346,-0.11586042,-0.42459795,-0.6985244,-0.09040806,-2.0529654
2632,2026-05-11 16:08:30.420859,0.913346,-0.11586042,-0.42459795,-0.6985244,-0.09040806,-2.0529654
2633,2026-05-11 16:08:30.423572,0.913346,-0.11586042,-0.42459795,-0.6985244,-0.09040806,-2.0529654
2634,2026-05-11 16:08:30.426203,0.913346,-0.11586042,-0.42459795,-0.68829244,0.07696902,-2.067168
2635,2026-05-11 16:08:30.428917,0.913346,-0.11586042,-0.42459795,-0.68829244,0.07696902,-2.067168
2636,2026-05-11 16:08:30.431497,0.8849297,-0.047197875,-0.40843847,-0.68829244,0.07696902,-2.067168
2637,2026-05-11 16:08:30.434673,0.8849297,-0.047197875,-0.40843847,-0.68829244,0.07696902,-2.067168
2638,2026-05-11 16:08:30.437504,0.8849297,-0.047197875,-0.40843847,-0.68829244,0.07696902,-2.067168
2639,2026-05-11 16:08:30.440237,0.8849297,-0.047197875,-0.40843847,-0.68829244,0.07696902,-2.067168
2640,2026-05-11 16:08:30.443054,0.67949086,0.025977125,-0.41831708,-0.68829244,0.07696902,-2.067168
2641,2026-05-11 16:08:30.445736,0.67949086,0.025977125,-0.41831708,-0.68829244,0.07696902,-2.067168
2642,2026-05-11 16:08:30.448564,0.67949086,0.025977125,-0.41831708,-0.56321776,0.1863139,-2.0334177
2643,2026-05-11 16:08:30.451527,0.67949086,0.025977125,-0.41831708,-0.56321776,0.1863139,-2.0334177
2644,2026-05-11 16:08:30.454405,0.67949086,0.025977125,-0.41831708,-0.56321776,0.1863139,-2.0334177
2645,2026-05-11 16:08:30.457106,0.67949086,0.025977125,-0.41831708,-0.56321776,0.1863139,-2.0334177
2646,2026-05-11 16:08:30.459660,0.67949086,0.025977125,-0.41831708,-0.56321776,0.1863139,-2.0334177
2647,2026-05-11 16:08:30.462344,0.67949086,0.025977125,-0.41831708,-0.56321776,0.1863139,-2.0334177
2648,2026-05-11 16:08:30.465100,0.6268048,0.044575773,-0.43014705,-0.56321776,0.1863139,-2.0334177
2649,2026-05-11 16:08:30.468301,0.6268048,0.044575773,-0.43014705,-0.56321776,0.1863139,-2.0334177
2650,2026-05-11 16:08:30.471058,0.6268048,0.044575773,-0.43014705,-0.49754974,0.1469131,-1.9851593
2651,2026-05-11 16:08:30.473683,0.6268048,0.044575773,-0.43014705,-0.49754974,0.1469131,-1.9851593
2652,2026-05-11 16:08:30.476282,0.6268048,0.044575773,-0.43014705,-0.49754974,0.1469131,-1.9851593
2653,2026-05-11 16:08:30.479095,0.5078345,0.15537491,-0.4897237,-0.19410244,-0.16600263,-1.7189748
2654,2026-05-11 16:08:30.481766,0.5078345,0.15537491,-0.4897237,-0.19410244,-0.16600263,-1.7189748
2655,2026-05-11 16:08:30.485075,0.47142997,0.20696329,-0.5808266,-0.031001411,-0.4240932,-1.4702
2656,2026-05-11 16:08:30.487942,0.40148684,0.24489233,-0.7333355,-0.05681047,-0.519999,-1.3063353
2657,2026-05-11 16:08:30.490701,0.40148684,0.24489233,-0.7333355,-0.05681047,-0.519999,-1.3063353
2658,2026-05-11 16:08:30.493359,0.40148684,0.24489233,-0.7333355,-0.05681047,-0.519999,-1.3063353
2659,2026-05-11 16:08:30.495955,0.40148684,0.24489233,-0.7333355,-0.05681047,-0.519999,-1.3063353
2660,2026-05-11 16:08:30.498534,0.40148684,0.24489233,-0.7333355,-0.05681047,-0.519999,-1.3063353
2661,2026-05-11 16:08:30.501928,0.22172025,0.30654228,-0.8770634,-0.05681047,-0.519999,-1.3063353
2662,2026-05-11 16:08:30.504726,0.22172025,0.30654228,-0.8770634,-0.4569272,-0.46410486,-1.0703887
2663,2026-05-11 16:08:30.507342,0.22172025,0.30654228,-0.8770634,-0.4569272,-0.46410486,-1.0703887
2664,2026-05-11 16:08:30.509964,0.22172025,0.30654228,-0.8770634,-0.4569272,-0.46410486,-1.0703887
2665,2026-05-11 16:08:30.512657,0.22172025,0.30654228,-0.8770634,-0.4569272,-0.46410486,-1.0703887
2666,2026-05-11 16:08:30.515279,0.22172025,0.30654228,-0.8770634,-0.4569272,-0.46410486,-1.0703887
2667,2026-05-11 16:08:30.518501,0.22172025,0.30654228,-0.8770634,-0.4569272,-0.46410486,-1.0703887
2668,2026-05-11 16:08:30.521311,0.22172025,0.30654228,-0.8770634,-0.4569272,-0.46410486,-1.0703887
2669,2026-05-11 16:08:30.523999,0.22172025,0.30654228,-0.8770634,-0.4569272,-0.46410486,-1.0703887
2670,2026-05-11 16:08:30.526589,0.22172025,0.30654228,-0.8770634,-0.4569272,-0.46410486,-1.0703887
2671,2026-05-11 16:08:30.529400,0.22172025,0.30654228,-0.8770634,-0.4569272,-0.46410486,-1.0703887
2672,2026-05-11 16:08:30.532069,0.14348398,0.4297202,-0.8371221,-0.968985,-0.29123,-0.77457714
2673,2026-05-11 16:08:30.535149,0.14348398,0.4297202,-0.8371221,-0.968985,-0.29123,-0.77457714
2674,2026-05-11 16:08:30.537971,0.14348398,0.4297202,-0.8371221,-1.2637274,-0.19120082,-0.6020077
2675,2026-05-11 16:08:30.540639,0.14348398,0.4297202,-0.8371221,-1.7327193,0.07651087,-0.44684792
2676,2026-05-11 16:08:30.543233,0.19976775,0.5014317,-0.71107805,-1.7327193,0.07651087,-0.44684792
2677,2026-05-11 16:08:30.545919,0.18494982,0.5046026,-0.635159,-1.7957911,0.17562376,-0.46777007
2678,2026-05-11 16:08:30.548586,0.06854059,0.47557652,-0.5188717,-1.7957911,0.17562376,-0.46777007
2679,2026-05-11 16:08:30.551685,0.06854059,0.47557652,-0.5188717,-1.6977472,0.22876903,-0.47357327
2680,2026-05-11 16:08:30.554439,0.06854059,0.47557652,-0.5188717,-1.6977472,0.22876903,-0.47357327
2681,2026-05-11 16:08:30.557302,-0.042807378,0.48374772,-0.46185625,-1.6977472,0.22876903,-0.47357327
2682,2026-05-11 16:08:30.559926,-0.042807378,0.48374772,-0.46185625,-1.5274686,0.14477506,-0.41981715
2683,2026-05-11 16:08:30.562520,-0.042807378,0.48374772,-0.46185625,-1.5274686,0.14477506,-0.41981715
2684,2026-05-11 16:08:30.565285,-0.042807378,0.48374772,-0.46185625,-1.5274686,0.14477506,-0.41981715
2685,2026-05-11 16:08:30.568476,-0.2923341,0.5405803,-0.40136486,-1.5274686,0.14477506,-0.41981715
2686,2026-05-11 16:08:30.571255,-0.2923341,0.5405803,-0.40136486,-1.5274686,0.14477506,-0.41981715
2687,2026-05-11 16:08:30.573860,-0.2923341,0.5405803,-0.40136486,-1.5274686,0.14477506,-0.41981715
2688,2026-05-11 16:08:30.576568,-0.2923341,0.5405803,-0.40136486,-1.5274686,0.14477506,-0.41981715
2689,2026-05-11 16:08:30.579415,-0.2923341,0.5405803,-0.40136486,-1.5274686,0.14477506,-0.41981715
2690,2026-05-11 16:08:30.582191,-0.40935317,0.53649473,-0.4480749,-0.56321776,-0.6114761,0.28389964
2691,2026-05-11 16:08:30.585198,-0.40935317,0.53649473,-0.4480749,-0.56321776,-0.6114761,0.28389964
2692,2026-05-11 16:08:30.588002,-0.40935317,0.53649473,-0.4480749,-0.56321776,-0.6114761,0.28389964
2693,2026-05-11 16:08:30.590655,-0.40935317,0.53649473,-0.4480749,-0.56321776,-0.6114761,0.28389964
2694,2026-05-11 16:08:30.593365,-0.46088055,0.5572886,-0.54167795,-0.40973786,-0.6728681,0.6226244
2695,2026-05-11 16:08:30.596013,-0.46088055,0.5572886,-0.54167795,-0.40973786,-0.6728681,0.6226244
2696,2026-05-11 16:08:30.598581,-0.46088055,0.5572886,-0.54167795,-0.40973786,-0.6728681,0.6226244
2697,2026-05-11 16:08:30.601541,-0.46088055,0.5572886,-0.54167795,-0.4098906,-0.59986967,1.1154399
2698,2026-05-11 16:08:30.604220,-0.46088055,0.5572886,-0.54167795,-0.4098906,-0.59986967,1.1154399
2699,2026-05-11 16:08:30.607088,-0.46088055,0.5572886,-0.54167795,-0.4098906,-0.59986967,1.1154399
2700,2026-05-11 16:08:30.609843,-0.46088055,0.5572886,-0.54167795,-0.4098906,-0.59986967,1.1154399
2701,2026-05-11 16:08:30.612541,-0.51813996,0.6249145,-0.68241787,-0.4098906,-0.59986967,1.1154399
2702,2026-05-11 16:08:30.615386,-0.51813996,0.6249145,-0.68241787,-0.4098906,-0.59986967,1.1154399
2703,2026-05-11 16:08:30.618637,-0.51813996,0.6249145,-0.68241787,-0.4098906,-0.59986967,1.1154399
2704,2026-05-11 16:08:30.621417,-0.53600687,0.66198987,-0.78565556,-0.4098906,-0.59986967,1.1154399
2705,2026-05-11 16:08:30.624035,-0.53600687,0.66198987,-0.78565556,-0.4098906,-0.59986967,1.1154399
2706,2026-05-11 16:08:30.626844,-0.53600687,0.66198987,-0.78565556,-0.4098906,-0.59986967,1.1154399
2707,2026-05-11 16:08:30.629701,-0.53600687,0.66198987,-0.78565556,-1.0581713,-0.2554944,2.0398319
2708,2026-05-11 16:08:30.632395,-0.53600687,0.66198987,-0.78565556,-1.0581713,-0.2554944,2.0398319
2709,2026-05-11 16:08:30.635730,-0.54539764,0.77900887,-0.97767895,-1.0581713,-0.2554944,2.0398319
2710,2026-05-11 16:08:30.638498,-0.54539764,0.77900887,-0.97767895,-1.0581713,-0.2554944,2.0398319
2711,2026-05-11 16:08:30.641353,-0.54539764,0.77900887,-0.97767895,-1.0581713,-0.2554944,2.0398319
2712,2026-05-11 16:08:30.644195,-0.54539764,0.77900887,-0.97767895,-1.750129,-0.03573562,2.553875
2713,2026-05-11 16:08:30.646823,-0.43258622,0.957129,-1.0497563,-1.750129,-0.03573562,2.553875
2714,2026-05-11 16:08:30.649654,-0.19373082,1.0759164,-0.9740202,-1.750129,-0.03573562,2.553875
2715,2026-05-11 16:08:30.652647,-0.19373082,1.0759164,-0.9740202,-1.750129,-0.03573562,2.553875
2716,2026-05-11 16:08:30.655403,-0.19373082,1.0759164,-0.9740202,-1.750129,-0.03573562,2.553875
2717,2026-05-11 16:08:30.658148,-0.19373082,1.0759164,-0.9740202,-1.750129,-0.03573562,2.553875
2718,2026-05-11 16:08:30.660794,-0.19373082,1.0759164,-0.9740202,-1.750129,-0.03573562,2.553875
2719,2026-05-11 16:08:30.663896,-0.26562527,1.2699522,-0.51320064,-2.8367054,0.5849035,2.7345383
2720,2026-05-11 16:08:30.667072,-0.26562527,1.2699522,-0.51320064,-2.8367054,0.5849035,2.7345383
2721,2026-05-11 16:08:30.670036,-0.26562527,1.2699522,-0.51320064,-2.8367054,0.5849035,2.7345383
2722,2026-05-11 16:08:30.672838,-0.52204263,1.3603842,-0.43752554,-2.2757785,0.26297748,2.7973046
2723,2026-05-11 16:08:30.675704,-0.68497896,1.6387542,-0.7232129,-1.2296717,-0.54199016,3.1670308
2724,2026-05-11 16:08:30.678511,-0.68497896,1.6387542,-0.7232129,-1.2296717,-0.54199016,3.1670308
2725,2026-05-11 16:08:30.681128,-0.68497896,1.6387542,-0.7232129,-1.2296717,-0.54199016,3.1670308
2726,2026-05-11 16:08:30.684250,-0.59607136,1.7229664,-0.79029,-1.1478158,-0.60032785,3.1784847
2727,2026-05-11 16:08:30.687106,-0.59607136,1.7229664,-0.79029,-1.1478158,-0.60032785,3.1784847
2728,2026-05-11 16:08:30.689856,-0.59607136,1.7229664,-0.79029,-1.1478158,-0.60032785,3.1784847
2729,2026-05-11 16:08:30.692534,-0.59607136,1.7229664,-0.79029,-1.1478158,-0.60032785,3.1784847
2730,2026-05-11 16:08:30.695374,-0.22361061,2.0192032,-0.92877364,-1.1026118,-0.39400807,2.7542386
2731,2026-05-11 16:08:30.698068,-0.22361061,2.0192032,-0.92877364,-1.1026118,-0.39400807,2.7542386
2732,2026-05-11 16:08:30.700995,-0.22361061,2.0192032,-0.92877364,-1.1026118,-0.39400807,2.7542386
2733,2026-05-11 16:08:30.703817,-0.22361061,2.0192032,-0.92877364,-1.1026118,-0.39400807,2.7542386
2734,2026-05-11 16:08:30.706551,-0.22361061,2.0192032,-0.92877364,-1.1026118,-0.39400807,2.7542386
2735,2026-05-11 16:08:30.709251,-0.22361061,2.0192032,-0.92877364,-1.1227703,-0.100334615,2.2637138
2736,2026-05-11 16:08:30.712030,-0.13330047,2.1201236,-0.951458,-1.1227703,-0.100334615,2.2637138
2737,2026-05-11 16:08:30.714678,-0.13330047,2.1201236,-0.951458,-1.1227703,-0.100334615,2.2637138
2738,2026-05-11 16:08:30.717790,-0.13330047,2.1201236,-0.951458,-1.1227703,-0.100334615,2.2637138
2739,2026-05-11 16:08:30.720522,-0.13330047,2.1201236,-0.951458,-1.1227703,-0.100334615,2.2637138
2740,2026-05-11 16:08:30.723368,-0.14500846,2.2493384,-0.9750569,-1.1227703,-0.100334615,2.2637138
2741,2026-05-11 16:08:30.726057,-0.14500846,2.2493384,-0.9750569,-1.0986412,0.28130344,1.5847372
2742,2026-05-11 16:08:30.728686,-0.14500846,2.2493384,-0.9750569,-1.0986412,0.28130344,1.5847372
2743,2026-05-11 16:08:30.731373,-0.14500846,2.2493384,-0.9750569,-1.0986412,0.28130344,1.5847372
2744,2026-05-11 16:08:30.734312,-0.14500846,2.2493384,-0.9750569,-1.0986412,0.28130344,1.5847372
2745,2026-05-11 16:08:30.737200,-0.14500846,2.2493384,-0.9750569,-1.0986412,0.28130344,1.5847372
2746,2026-05-11 16:08:30.739824,-0.26910108,2.3059883,-0.94078666,-1.0986412,0.28130344,1.5847372
2747,2026-05-11 16:08:30.742610,-0.26910108,2.3059883,-0.94078666,-0.98822725,0.5757405,1.0097603
2748,2026-05-11 16:08:30.745465,-0.26910108,2.3059883,-0.94078666,-0.98822725,0.5757405,1.0097603
2749,2026-05-11 16:08:30.748141,-0.26910108,2.3059883,-0.94078666,-0.98822725,0.5757405,1.0097603
2750,2026-05-11 16:08:30.751194,-0.26910108,2.3059883,-0.94078666,-0.98822725,0.5757405,1.0097603
2751,2026-05-11 16:08:30.754024,-0.33069003,2.2995853,-0.8841369,-0.86651236,0.68829244,0.72356987
2752,2026-05-11 16:08:30.756792,-0.33069003,2.2995853,-0.8841369,-0.86651236,0.68829244,0.72356987
2753,2026-05-11 16:08:30.759517,-0.33069003,2.2995853,-0.8841369,-0.86651236,0.68829244,0.72356987
2754,2026-05-11 16:08:30.762330,-0.40520656,2.1879325,-0.70260197,-0.86651236,0.68829244,0.72356987
2755,2026-05-11 16:08:30.764933,-0.40520656,2.1879325,-0.70260197,-0.86651236,0.68829244,0.72356987
2756,2026-05-11 16:08:30.767985,-0.40520656,2.1879325,-0.70260197,-0.86651236,0.68829244,0.72356987
2757,2026-05-11 16:08:30.770965,-0.40520656,2.1879325,-0.70260197,-0.32543847,0.75701475,0.11255192
2758,2026-05-11 16:08:30.773723,-0.40520656,2.1879325,-0.70260197,-0.32543847,0.75701475,0.11255192
2759,2026-05-11 16:08:30.776316,-0.40520656,2.1879325,-0.70260197,-0.32543847,0.75701475,0.11255192
2760,2026-05-11 16:08:30.779105,-0.40520656,2.1879325,-0.70260197,-0.32543847,0.75701475,0.11255192
2761,2026-05-11 16:08:30.781757,-0.40520656,2.1879325,-0.70260197,-0.32543847,0.75701475,0.11255192
2762,2026-05-11 16:08:30.784744,-0.40520656,2.1879325,-0.70260197,-0.32543847,0.75701475,0.11255192
2763,2026-05-11 16:08:30.787610,-0.40520656,2.1879325,-0.70260197,0.14126259,0.64934975,-0.20586158
2764,2026-05-11 16:08:30.790258,-0.40520656,2.1879325,-0.70260197,0.14126259,0.64934975,-0.20586158
2765,2026-05-11 16:08:30.792869,-0.40520656,2.1879325,-0.70260197,0.14126259,0.64934975,-0.20586158
2766,2026-05-11 16:08:30.795533,-0.40520656,2.1879325,-0.70260197,0.14126259,0.64934975,-0.20586158
2767,2026-05-11 16:08:30.798270,-0.40520656,2.1879325,-0.70260197,0.14126259,0.64934975,-0.20586158
2768,2026-05-11 16:08:30.801242,-0.40520656,2.1879325,-0.70260197,0.14126259,0.64934975,-0.20586158
2769,2026-05-11 16:08:30.804088,-0.35800868,1.8946836,-0.57222855,0.14126259,0.64934975,-0.20586158
2770,2026-05-11 16:08:30.806725,-0.35800868,1.8946836,-0.57222855,0.14126259,0.64934975,-0.20586158
2771,2026-05-11 16:08:30.809431,-0.35800868,1.8946836,-0.57222855,1.7087429,0.034055736,-1.098183
2772,2026-05-11 16:08:30.812102,-0.35800868,1.8946836,-0.57222855,1.7087429,0.034055736,-1.098183
2773,2026-05-11 16:08:30.814746,0.006768687,1.3146499,-0.77876496,2.0505219,-0.23777929,-1.8061758
2774,2026-05-11 16:08:30.817942,0.006768687,1.3146499,-0.77876496,2.0505219,-0.23777929,-1.8061758
2775,2026-05-11 16:08:30.820809,-0.021586625,1.2434262,-0.737726,1.9252945,-0.23732115,-2.0917554
2776,2026-05-11 16:08:30.823416,-0.021586625,1.2434262,-0.737726,1.7799087,-0.20708331,-2.3280075
2777,2026-05-11 16:08:30.826283,-0.021586625,1.2434262,-0.737726,1.7140878,-0.22571471,-2.4196372
2778,2026-05-11 16:08:30.828941,-0.07976075,1.1975088,-0.68888164,1.7140878,-0.22571471,-2.4196372
2779,2026-05-11 16:08:30.831644,-0.07976075,1.1975088,-0.68888164,1.7140878,-0.22571471,-2.4196372
2780,2026-05-11 16:08:30.834706,-0.07976075,1.1975088,-0.68888164,1.7140878,-0.22571471,-2.4196372
2781,2026-05-11 16:08:30.837533,-0.07976075,1.1975088,-0.68888164,1.7140878,-0.22571471,-2.4196372
2782,2026-05-11 16:08:30.840256,-0.07976075,1.1975088,-0.68888164,1.7140878,-0.22571471,-2.4196372
2783,2026-05-11 16:08:30.842982,-0.07976075,1.1975088,-0.68888164,1.7140878,-0.22571471,-2.4196372
2784,2026-05-11 16:08:30.845740,-0.1837912,1.1406153,-0.62326807,1.7140878,-0.22571471,-2.4196372
2785,2026-05-11 16:08:30.848561,-0.1837912,1.1406153,-0.62326807,1.7140878,-0.22571471,-2.4196372
2786,2026-05-11 16:08:30.851638,-0.1837912,1.1406153,-0.62326807,1.7140878,-0.22571471,-2.4196372
2787,2026-05-11 16:08:30.854484,-0.1837912,1.1406153,-0.62326807,1.6401732,-0.32925636,-2.4510968
2788,2026-05-11 16:08:30.857233,-0.1837912,1.1406153,-0.62326807,1.6401732,-0.32925636,-2.4510968
2789,2026-05-11 16:08:30.859890,-0.1837912,1.1406153,-0.62326807,1.6401732,-0.32925636,-2.4510968
2790,2026-05-11 16:08:30.862686,-0.26343,1.1201264,-0.5812534,1.6140587,-0.45173484,-2.083356
2791,2026-05-11 16:08:30.865335,-0.26343,1.1201264,-0.5812534,1.6140587,-0.45173484,-2.083356
2792,2026-05-11 16:08:30.868410,-0.26343,1.1201264,-0.5812534,1.6140587,-0.45173484,-2.083356
2793,2026-05-11 16:08:30.871147,-0.26343,1.1201264,-0.5812534,1.6140587,-0.45173484,-2.083356
2794,2026-05-11 16:08:30.873809,-0.12738548,1.0700015,-0.52923816,1.6140587,-0.45173484,-2.083356
2795,2026-05-11 16:08:30.876505,-0.12738548,1.0700015,-0.52923816,1.6140587,-0.45173484,-2.083356
2796,2026-05-11 16:08:30.879191,-0.12738548,1.0700015,-0.52923816,1.6201674,-0.5235115,-1.6065756
2797,2026-05-11 16:08:30.882044,-0.12738548,1.0700015,-0.52923816,1.6201674,-0.5235115,-1.6065756
2798,2026-05-11 16:08:30.885141,-0.12738548,1.0700015,-0.52923816,1.6201674,-0.5235115,-1.6065756
2799,2026-05-11 16:08:30.887930,0.03719729,1.0007291,-0.57454574,1.6201674,-0.5713117,-1.465313
2800,2026-05-11 16:08:30.890699,0.03719729,1.0007291,-0.57454574,1.6201674,-0.5713117,-1.465313
2801,2026-05-11 16:08:30.893385,0.18751094,1.0048147,-0.57978994,1.6201674,-0.5713117,-1.465313
2802,2026-05-11 16:08:30.896147,0.31434762,0.9084066,-0.54497087,1.2406673,-0.4980079,-1.6995798
2803,2026-05-11 16:08:30.898889,0.31434762,0.9084066,-0.54497087,0.99296147,-0.20830505,-1.8512272
2804,2026-05-11 16:08:30.901929,0.31434762,0.9084066,-0.54497087,0.99296147,-0.20830505,-1.8512272
2805,2026-05-11 16:08:30.904658,0.11134796,0.8010833,-0.5309456,0.99296147,-0.20830505,-1.8512272
2806,2026-05-11 16:08:30.907473,0.11134796,0.8010833,-0.5309456,0.99296147,-0.20830505,-1.8512272
2807,2026-05-11 16:08:30.910110,0.07134563,0.7868142,-0.523872,0.99296147,-0.20830505,-1.8512272
2808,2026-05-11 16:08:30.912684,0.07134563,0.7868142,-0.523872,0.99296147,-0.20830505,-1.8512272
2809,2026-05-11 16:08:30.915473,0.07134563,0.7868142,-0.523872,0.99296147,-0.20830505,-1.8512272
2810,2026-05-11 16:08:30.918423,0.07134563,0.7868142,-0.523872,0.99296147,-0.20830505,-1.8512272
2811,2026-05-11 16:08:30.921168,0.07134563,0.7868142,-0.523872,0.9440922,-0.1459968,-1.8335121
2812,2026-05-11 16:08:30.923941,0.07134563,0.7868142,-0.523872,0.9440922,-0.1459968,-1.8335121
2813,2026-05-11 16:08:30.926506,0.07134563,0.7868142,-0.523872,0.9440922,-0.1459968,-1.8335121
2814,2026-05-11 16:08:30.929078,0.07134563,0.7868142,-0.523872,0.9440922,-0.1459968,-1.8335121
2815,2026-05-11 16:08:30.931593,0.07134563,0.7868142,-0.523872,0.9440922,-0.1459968,-1.8335121
2816,2026-05-11 16:08:30.934704,-0.098603316,0.6970529,-0.45173368,0.57360244,0.32284227,-1.3665055
2817,2026-05-11 16:08:30.937430,-0.098603316,0.6970529,-0.45173368,0.4268421,0.5551238,-1.0877982
2818,2026-05-11 16:08:30.940102,-0.20110929,0.52637213,-0.38593715,0.4268421,0.5551238,-1.0877982
2819,2026-05-11 16:08:30.942757,-0.20110929,0.52637213,-0.38593715,0.4268421,0.5551238,-1.0877982
2820,2026-05-11 16:08:30.945320,-0.20110929,0.52637213,-0.38593715,0.2866485,0.84436846,-0.7684685
2821,2026-05-11 16:08:30.948030,-0.20110929,0.52637213,-0.38593715,0.2866485,0.84436846,-0.7684685
2822,2026-05-11 16:08:30.951026,-0.20110929,0.52637213,-0.38593715,0.2866485,0.84436846,-0.7684685
2823,2026-05-11 16:08:30.953802,-0.14641099,0.4531362,-0.38398582,0.2866485,0.84436846,-0.7684685
2824,2026-05-11 16:08:30.956376,-0.14641099,0.4531362,-0.38398582,0.16676621,1.0919216,-0.3846924
2825,2026-05-11 16:08:30.958915,-0.14641099,0.4531362,-0.38398582,0.16676621,1.0919216,-0.3846924
2826,2026-05-11 16:08:30.961584,-0.14641099,0.4531362,-0.38398582,0.16676621,1.0919216,-0.3846924
2827,2026-05-11 16:08:30.964130,-0.14641099,0.4531362,-0.38398582,0.16676621,1.0919216,-0.3846924
2828,2026-05-11 16:08:30.966937,-0.14641099,0.4531362,-0.38398582,0.16676621,1.0919216,-0.3846924
2829,2026-05-11 16:08:30.969813,-0.14641099,0.4531362,-0.38398582,0.16676621,1.0919216,-0.3846924
2830,2026-05-11 16:08:30.972597,0.022989146,0.4727715,-0.42606148,0.16676621,1.0919216,-0.3846924
2831,2026-05-11 16:08:30.975135,0.022989146,0.4727715,-0.42606148,0.16676621,1.0919216,-0.3846924
2832,2026-05-11 16:08:30.977822,0.022989146,0.4727715,-0.42606148,0.16676621,1.0919216,-0.3846924
2833,2026-05-11 16:08:30.980429,0.022989146,0.4727715,-0.42606148,0.16676621,1.0919216,-0.3846924
2834,2026-05-11 16:08:30.983201,0.3842907,0.4612464,-0.5157008,0.11301007,1.1284208,-0.10934488
2835,2026-05-11 16:08:30.986431,0.3842907,0.4612464,-0.5157008,0.14553864,0.93645644,-0.24449882
2836,2026-05-11 16:08:30.989187,0.3842907,0.4612464,-0.5157008,0.14553864,0.93645644,-0.24449882
2837,2026-05-11 16:08:30.991817,0.3842907,0.4612464,-0.5157008,0.14553864,0.93645644,-0.24449882
2838,2026-05-11 16:08:30.994652,0.3842907,0.4612464,-0.5157008,0.14553864,0.93645644,-0.24449882
2839,2026-05-11 16:08:30.997382,0.41276798,0.37837574,-0.5810705,0.204029,0.57879484,-0.59498274
2840,2026-05-11 16:08:31.000551,0.41276798,0.37837574,-0.5810705,0.21838433,0.31948254,-0.72341716
2841,2026-05-11 16:08:31.003475,0.26111278,0.29641974,-0.6149749,0.21838433,0.31948254,-0.72341716
2842,2026-05-11 16:08:31.006368,0.26111278,0.29641974,-0.6149749,0.21838433,0.31948254,-0.72341716
2843,2026-05-11 16:08:31.009069,0.26111278,0.29641974,-0.6149749,0.21838433,0.31948254,-0.72341716
2844,2026-05-11 16:08:31.011887,0.26111278,0.29641974,-0.6149749,0.21838433,0.31948254,-0.72341716
2845,2026-05-11 16:08:31.014600,0.26111278,0.29641974,-0.6149749,0.21838433,0.31948254,-0.72341716
2846,2026-05-11 16:08:31.017654,0.26111278,0.29641974,-0.6149749,0.21838433,0.31948254,-0.72341716
2847,2026-05-11 16:08:31.020496,0.025001459,0.105493955,-0.5955225,0.21838433,0.31948254,-0.72341716
2848,2026-05-11 16:08:31.023148,0.025001459,0.105493955,-0.5955225,0.21838433,0.31948254,-0.72341716
2849,2026-05-11 16:08:31.025737,0.025001459,0.105493955,-0.5955225,0.21838433,0.31948254,-0.72341716
2850,2026-05-11 16:08:31.028632,0.025001459,0.105493955,-0.5955225,0.1742493,0.16584991,-0.45249844
2851,2026-05-11 16:08:31.031278,0.025001459,0.105493955,-0.5955225,0.1742493,0.16584991,-0.45249844
2852,2026-05-11 16:08:31.034380,0.025001459,0.105493955,-0.5955225,0.1742493,0.16584991,-0.45249844
2853,2026-05-11 16:08:31.037178,0.025001459,0.105493955,-0.5955225,0.1742493,0.16584991,-0.45249844
2854,2026-05-11 16:08:31.039801,0.025001459,0.105493955,-0.5955225,0.1742493,0.16584991,-0.45249844
2855,2026-05-11 16:08:31.042682,0.025001459,0.105493955,-0.5955225,0.1742493,0.16584991,-0.45249844
2856,2026-05-11 16:08:31.045504,0.6384519,-0.3031884,-0.324958,1.2055426,-0.62858033,1.4989105
2857,2026-05-11 16:08:31.048131,0.6384519,-0.3031884,-0.324958,1.2055426,-0.62858033,1.4989105
2858,2026-05-11 16:08:31.051108,0.6384519,-0.3031884,-0.324958,1.2055426,-0.62858033,1.4989105
2859,2026-05-11 16:08:31.054001,0.6384519,-0.3031884,-0.324958,2.5697575,-1.0248792,2.0990858
2860,2026-05-11 16:08:31.056753,1.2465972,-0.42831767,-0.5725944,2.9382617,-0.9775371,2.2001839
2861,2026-05-11 16:08:31.059469,1.2465972,-0.42831767,-0.5725944,3.147025,-0.915687,2.1331415
2862,2026-05-11 16:08:31.062182,1.4970386,-0.4314886,-0.6227193,3.147025,-0.915687,2.1331415
2863,2026-05-11 16:08:31.064942,1.4970386,-0.4314886,-0.6227193,3.147025,-0.915687,2.1331415
2864,2026-05-11 16:08:31.067954,1.4970386,-0.4314886,-0.6227193,3.147025,-0.915687,2.1331415
2865,2026-05-11 16:08:31.070725,1.4970386,-0.4314886,-0.6227193,3.147025,-0.915687,2.1331415
2866,2026-05-11 16:08:31.073474,1.4970386,-0.4314886,-0.6227193,3.2464433,-0.70570207,1.9420934
2867,2026-05-11 16:08:31.076153,1.6871717,-0.4531362,-0.7418116,3.2464433,-0.70570207,1.9420934
2868,2026-05-11 16:08:31.078743,1.6871717,-0.4531362,-0.7418116,3.2464433,-0.70570207,1.9420934
2869,2026-05-11 16:08:31.081481,1.6871717,-0.4531362,-0.7418116,3.2464433,-0.70570207,1.9420934
2870,2026-05-11 16:08:31.084465,1.6871717,-0.4531362,-0.7418116,3.2464433,-0.70570207,1.9420934
2871,2026-05-11 16:08:31.087252,1.6871717,-0.4531362,-0.7418116,3.2464433,-0.70570207,1.9420934
2872,2026-05-11 16:08:31.090070,1.6871717,-0.4531362,-0.7418116,3.2464433,-0.70570207,1.9420934
2873,2026-05-11 16:08:31.092685,1.6871717,-0.4531362,-0.7418116,3.2464433,-0.70570207,1.9420934
2874,2026-05-11 16:08:31.095454,1.6048498,-0.5755824,-0.983472,3.080288,-0.3304781,1.7935003
2875,2026-05-11 16:08:31.098077,1.6048498,-0.5755824,-0.983472,2.8047879,0.034055736,1.8929187
2876,2026-05-11 16:08:31.101029,1.6048498,-0.5755824,-0.983472,2.8047879,0.034055736,1.8929187
2877,2026-05-11 16:08:31.103885,1.6048498,-0.5755824,-0.983472,2.8047879,0.034055736,1.8929187
2878,2026-05-11 16:08:31.106634,1.6048498,-0.5755824,-0.983472,2.8047879,0.034055736,1.8929187
2879,2026-05-11 16:08:31.109247,1.6048498,-0.5755824,-0.983472,2.8047879,0.034055736,1.8929187
2880,2026-05-11 16:08:31.111979,1.4527067,-0.4408184,-1.0557323,1.4921911,0.88712907,3.3841934
2881,2026-05-11 16:08:31.114548,1.4527067,-0.4408184,-1.0557323,1.4921911,0.88712907,3.3841934
2882,2026-05-11 16:08:31.117645,1.4527067,-0.4408184,-1.0557323,1.4921911,0.88712907,3.3841934
2883,2026-05-11 16:08:31.120387,1.5510051,-0.33148277,-0.9762155,1.4921911,0.88712907,3.3841934
2884,2026-05-11 16:08:31.122983,1.5510051,-0.33148277,-0.9762155,1.220356,0.8910997,3.7023015
2885,2026-05-11 16:08:31.125778,1.7277837,-0.15988737,-0.8587086,1.220356,0.8910997,3.7023015
2886,2026-05-11 16:08:31.128420,1.9087089,0.15055756,-0.86785555,1.0760391,0.7669413,3.6526687
2887,2026-05-11 16:08:31.130994,1.9087089,0.15055756,-0.86785555,0.9025534,0.6026186,3.4229834
2888,2026-05-11 16:08:31.134042,1.9087089,0.15055756,-0.86785555,0.9025534,0.6026186,3.4229834
2889,2026-05-11 16:08:31.136817,1.9087089,0.15055756,-0.86785555,0.9025534,0.6026186,3.4229834
2890,2026-05-11 16:08:31.139406,1.9087089,0.15055756,-0.86785555,0.9025534,0.6026186,3.4229834
2891,2026-05-11 16:08:31.142098,1.9087089,0.15055756,-0.86785555,0.9025534,0.6026186,3.4229834
2892,2026-05-11 16:08:31.144778,1.9087089,0.15055756,-0.86785555,0.9025534,0.6026186,3.4229834
2893,2026-05-11 16:08:31.147378,1.9087089,0.15055756,-0.86785555,0.9025534,0.6026186,3.4229834
2894,2026-05-11 16:08:31.150029,1.9087089,0.15055756,-0.86785555,0.9025534,0.6026186,3.4229834
2895,2026-05-11 16:08:31.153132,1.9087089,0.15055756,-0.86785555,0.9025534,0.6026186,3.4229834
2896,2026-05-11 16:08:31.155812,1.9087089,0.15055756,-0.86785555,0.9025534,0.6026186,3.4229834
2897,2026-05-11 16:08:31.158583,1.9087089,0.15055756,-0.86785555,0.9025534,0.6026186,3.4229834
2898,2026-05-11 16:08:31.161312,1.9857867,0.30392018,-0.9099311,0.4801401,0.3923282,2.9381092
2899,2026-05-11 16:08:31.163904,1.9857867,0.30392018,-0.9099311,0.4801401,0.3923282,2.9381092
2900,2026-05-11 16:08:31.167062,2.016886,0.3577038,-0.85663533,0.4801401,0.3923282,2.9381092
2901,2026-05-11 16:08:31.170178,2.016886,0.3577038,-0.85663533,-0.3359759,0.40026945,2.0948095
2902,2026-05-11 16:08:31.172946,2.016886,0.3577038,-0.85663533,-0.3359759,0.40026945,2.0948095
2903,2026-05-11 16:08:31.175567,2.016886,0.3577038,-0.85663533,-0.3359759,0.40026945,2.0948095
2904,2026-05-11 16:08:31.178383,2.016886,0.3577038,-0.85663533,-0.3359759,0.40026945,2.0948095
2905,2026-05-11 16:08:31.181046,2.016886,0.3577038,-0.85663533,-0.3359759,0.40026945,2.0948095
2906,2026-05-11 16:08:31.184173,2.0376189,0.33770263,-0.74705577,-0.93966347,0.5865834,1.4763086
2907,2026-05-11 16:08:31.187234,2.0376189,0.33770263,-0.74705577,-0.93966347,0.5865834,1.4763086
2908,2026-05-11 16:08:31.189989,2.0376189,0.33770263,-0.74705577,-1.5694655,0.95310247,0.6067419
2909,2026-05-11 16:08:31.192736,2.0376189,0.33770263,-0.74705577,-1.5694655,0.95310247,0.6067419
2910,2026-05-11 16:08:31.195453,2.1196969,0.30971318,-0.5608254,-1.5694655,0.95310247,0.6067419
2911,2026-05-11 16:08:31.198503,2.1196969,0.30971318,-0.5608254,-1.8038851,1.1890492,-0.0047342055
2912,2026-05-11 16:08:31.201701,2.1196969,0.30971318,-0.5608254,-1.8038851,1.1890492,-0.0047342055
2913,2026-05-11 16:08:31.204434,2.1196969,0.30971318,-0.5608254,-1.8038851,1.1890492,-0.0047342055
2914,2026-05-11 16:08:31.207089,2.1196969,0.30971318,-0.5608254,-1.8038851,1.1890492,-0.0047342055
2915,2026-05-11 16:08:31.209704,2.1196969,0.30971318,-0.5608254,-1.8038851,1.1890492,-0.0047342055
2916,2026-05-11 16:08:31.212572,1.8379731,-0.06415008,-0.19635291,-1.1696543,0.9045387,-3.1450398
2917,2026-05-11 16:08:31.215363,1.0674403,-0.42112213,-0.30452996,-0.75900006,0.36025777,-3.3173037
2918,2026-05-11 16:08:31.218445,1.0674403,-0.42112213,-0.30452996,-0.42287147,-0.48426342,-2.757293
2919,2026-05-11 16:08:31.221267,1.0674403,-0.42112213,-0.30452996,-0.42287147,-0.48426342,-2.757293
2920,2026-05-11 16:08:31.223926,1.0674403,-0.42112213,-0.30452996,-0.42287147,-0.48426342,-2.757293
2921,2026-05-11 16:08:31.226600,1.0674403,-0.42112213,-0.30452996,-0.42287147,-0.48426342,-2.757293
2922,2026-05-11 16:08:31.229183,1.0674403,-0.42112213,-0.30452996,-0.42287147,-0.48426342,-2.757293
2923,2026-05-11 16:08:31.231998,1.0674403,-0.42112213,-0.30452996,-0.42287147,-0.48426342,-2.757293
2924,2026-05-11 16:08:31.235184,0.8457201,-0.45100194,-0.65119654,-0.42287147,-0.48426342,-2.757293
2925,2026-05-11 16:08:31.238202,0.8457201,-0.45100194,-0.65119654,-0.42287147,-0.48426342,-2.757293
2926,2026-05-11 16:08:31.240814,0.8457201,-0.45100194,-0.65119654,-0.42287147,-0.48426342,-2.757293
2927,2026-05-11 16:08:31.243631,0.8457201,-0.45100194,-0.65119654,-2.0434968,1.0972667,-2.230269
2928,2026-05-11 16:08:31.246261,0.8457201,-0.45100194,-0.65119654,-2.0434968,1.0972667,-2.230269
2929,2026-05-11 16:08:31.249025,0.68680835,-0.20513393,-0.7943146,-2.359467,1.3552046,-2.023033
2930,2026-05-11 16:08:31.252082,0.68680835,-0.20513393,-0.7943146,-2.359467,1.3552046,-2.023033
2931,2026-05-11 16:08:31.254822,0.68680835,-0.20513393,-0.7943146,-2.359467,1.3552046,-2.023033
2932,2026-05-11 16:08:31.257596,0.68680835,-0.20513393,-0.7943146,-2.359467,1.3552046,-2.023033
2933,2026-05-11 16:08:31.260371,0.7370552,-0.081956,-0.79766846,-2.5729644,1.2220359,-1.916437
2934,2026-05-11 16:08:31.263164,0.7370552,-0.081956,-0.79766846,-2.8209758,1.0986412,-1.87444
2935,2026-05-11 16:08:31.265761,0.7370552,-0.081956,-0.79766846,-2.8209758,1.0986412,-1.87444
2936,2026-05-11 16:08:31.269015,0.7370552,-0.081956,-0.79766846,-2.8209758,1.0986412,-1.87444
2937,2026-05-11 16:08:31.271865,0.7370552,-0.081956,-0.79766846,-2.8209758,1.0986412,-1.87444
2938,2026-05-11 16:08:31.274747,0.7370552,-0.081956,-0.79766846,-2.8209758,1.0986412,-1.87444
2939,2026-05-11 16:08:31.277627,0.74510443,-0.050612707,-0.6928453,-2.92467,1.1494957,-1.9103284
2940,2026-05-11 16:08:31.280487,0.74510443,-0.050612707,-0.6928453,-2.92467,1.1494957,-1.9103284
2941,2026-05-11 16:08:31.283342,0.74510443,-0.050612707,-0.6928453,-2.92467,1.1494957,-1.9103284
2942,2026-05-11 16:08:31.286491,0.74510443,-0.050612707,-0.6928453,-2.92467,1.1494957,-1.9103284
2943,2026-05-11 16:08:31.289180,0.74510443,-0.050612707,-0.6928453,-2.92467,1.1494957,-1.9103284
2944,2026-05-11 16:08:31.291807,0.74510443,-0.050612707,-0.6928453,-2.92467,1.1494957,-1.9103284
2945,2026-05-11 16:08:31.294720,0.6519892,-0.014574022,-0.5334458,-2.92467,1.1494957,-1.9103284
2946,2026-05-11 16:08:31.297321,0.6519892,-0.014574022,-0.5334458,-2.92467,1.1494957,-1.9103284
2947,2026-05-11 16:08:31.300662,0.6519892,-0.014574022,-0.5334458,-2.857933,1.2330315,-1.9620992
2948,2026-05-11 16:08:31.303458,0.6519892,-0.014574022,-0.5334458,-2.857933,1.2330315,-1.9620992
2949,2026-05-11 16:08:31.306217,0.6519892,-0.014574022,-0.5334458,-2.857933,1.2330315,-1.9620992
2950,2026-05-11 16:08:31.308915,0.6519892,-0.014574022,-0.5334458,-2.857933,1.2330315,-1.9620992
2951,2026-05-11 16:08:31.311511,0.6519892,-0.014574022,-0.5334458,-2.857933,1.2330315,-1.9620992
2952,2026-05-11 16:08:31.339098,1.4083749,0.47850356,-0.030550564,1.1317806,0.44333544,-1.5239561
2953,2026-05-11 16:08:31.343861,1.4083749,0.47850356,-0.030550564,1.1317806,0.44333544,-1.5239561
2954,2026-05-11 16:08:31.351534,1.4083749,0.47850356,-0.030550564,1.1317806,0.44333544,-1.5239561
2955,2026-05-11 16:08:31.354539,1.4083749,0.47850356,-0.030550564,3.5973854,-1.0259482,-1.9295706
2956,2026-05-11 16:08:31.357615,1.1881181,0.24044085,-0.5252746,3.8026361,-1.6859881,-2.008525
2957,2026-05-11 16:08:31.360581,1.1881181,0.24044085,-0.5252746,3.8026361,-1.6859881,-2.008525
2958,2026-05-11 16:08:31.363326,1.1881181,0.24044085,-0.5252746,3.8026361,-1.6859881,-2.008525
2959,2026-05-11 16:08:31.366087,1.1881181,0.24044085,-0.5252746,3.73651,-1.8064812,-2.0389154
2960,2026-05-11 16:08:31.369031,1.1881181,0.24044085,-0.5252746,3.73651,-1.8064812,-2.0389154
2961,2026-05-11 16:08:31.371948,1.1687877,0.2382456,-0.60424256,3.73651,-1.8064812,-2.0389154
2962,2026-05-11 16:08:31.374594,1.1687877,0.2382456,-0.60424256,3.73651,-1.8064812,-2.0389154
2963,2026-05-11 16:08:31.377212,1.1687877,0.2382456,-0.60424256,3.73651,-1.8064812,-2.0389154
2964,2026-05-11 16:08:31.379917,1.1687877,0.2382456,-0.60424256,3.73651,-1.8064812,-2.0389154
2965,2026-05-11 16:08:31.382581,1.121285,0.289834,-0.96993464,2.5911376,-1.2508993,-1.9234619
2966,2026-05-11 16:08:31.385709,1.121285,0.289834,-0.96993464,2.5911376,-1.2508993,-1.9234619
2967,2026-05-11 16:08:31.388614,1.121285,0.289834,-0.96993464,1.8898643,-0.7348709,-1.9133826
2968,2026-05-11 16:08:31.391295,1.0207303,0.22257397,-0.7299816,1.8898643,-0.7348709,-1.9133826
2969,2026-05-11 16:08:31.394005,1.0207303,0.22257397,-0.7299816,1.8898643,-0.7348709,-1.9133826
2970,2026-05-11 16:08:31.396653,1.0207303,0.22257397,-0.7299816,1.8898643,-0.7348709,-1.9133826
2971,2026-05-11 16:08:31.399432,1.0207303,0.22257397,-0.7299816,1.8898643,-0.7348709,-1.9133826
2972,2026-05-11 16:08:31.402505,1.0207303,0.22257397,-0.7299816,1.8898643,-0.7348709,-1.9133826
2973,2026-05-11 16:08:31.405332,1.0207303,0.22257397,-0.7299816,1.8898643,-0.7348709,-1.9133826
2974,2026-05-11 16:08:31.408042,0.9497505,0.28001633,-0.661441,1.4364496,-0.39767328,-1.8492419
2975,2026-05-11 16:08:31.410628,0.9497505,0.28001633,-0.661441,1.4364496,-0.39767328,-1.8492419
2976,2026-05-11 16:08:31.413453,0.7075413,0.29105356,-0.5640573,1.0083858,-0.1647809,-1.6676621
2977,2026-05-11 16:08:31.416115,0.5661306,0.28898028,-0.617719,0.6406449,-0.14553864,-1.4798211
2978,2026-05-11 16:08:31.419158,0.5661306,0.28898028,-0.617719,0.6406449,-0.14553864,-1.4798211
2979,2026-05-11 16:08:31.421847,0.5661306,0.28898028,-0.617719,0.6406449,-0.14553864,-1.4798211
2980,2026-05-11 16:08:31.424567,0.5661306,0.28898028,-0.617719,0.6406449,-0.14553864,-1.4798211
2981,2026-05-11 16:08:31.427309,0.4378914,0.29891986,-0.65320885,0.3118467,-0.12339478,-1.3800973
2982,2026-05-11 16:08:31.429947,0.4378914,0.29891986,-0.65320885,0.3118467,-0.12339478,-1.3800973
2983,2026-05-11 16:08:31.432512,0.4378914,0.29891986,-0.65320885,0.3118467,-0.12339478,-1.3800973
2984,2026-05-11 16:08:31.435738,0.29434645,0.33672696,-0.638147,0.3118467,-0.12339478,-1.3800973
2985,2026-05-11 16:08:31.438564,0.19513334,0.34282488,-0.57131386,-0.40408736,0.044135015,-1.0545062
2986,2026-05-11 16:08:31.441382,0.19513334,0.34282488,-0.57131386,-0.40408736,0.044135015,-1.0545062
2987,2026-05-11 16:08:31.444116,0.19513334,0.34282488,-0.57131386,-0.40408736,0.044135015,-1.0545062
2988,2026-05-11 16:08:31.446730,0.19513334,0.34282488,-0.57131386,-0.40408736,0.044135015,-1.0545062
2989,2026-05-11 16:08:31.449438,0.19513334,0.34282488,-0.57131386,-0.40408736,0.044135015,-1.0545062
2990,2026-05-11 16:08:31.452503,0.19513334,0.34282488,-0.57131386,-0.5012149,0.22449298,-0.8669705
2991,2026-05-11 16:08:31.455318,0.092932254,0.35404503,-0.47136897,-0.5012149,0.22449298,-0.8669705
2992,2026-05-11 16:08:31.458056,0.092932254,0.35404503,-0.47136897,-0.5012149,0.22449298,-0.8669705
2993,2026-05-11 16:08:31.460669,0.092932254,0.35404503,-0.47136897,-0.5012149,0.22449298,-0.8669705
2994,2026-05-11 16:08:31.463389,0.092932254,0.35404503,-0.47136897,-0.5012149,0.22449298,-0.8669705
2995,2026-05-11 16:08:31.466015,0.092932254,0.35404503,-0.47136897,-0.5012149,0.22449298,-0.8669705
2996,2026-05-11 16:08:31.469112,0.092932254,0.35404503,-0.47136897,-0.5012149,0.22449298,-0.8669705
2997,2026-05-11 16:08:31.471971,0.092932254,0.35404503,-0.47136897,-0.5012149,0.22449298,-0.8669705
2998,2026-05-11 16:08:31.474652,0.092932254,0.35404503,-0.47136897,-0.5012149,0.22449298,-0.8669705
2999,2026-05-11 16:08:31.477382,-0.05847902,0.41740242,-0.4177683,-0.5012149,0.22449298,-0.8669705
3000,2026-05-11 16:08:31.480168,-0.05847902,0.41740242,-0.4177683,-0.23747386,0.420428,-0.45998153
3001,2026-05-11 16:08:31.483203,-0.05847902,0.41740242,-0.4177683,-0.23747386,0.420428,-0.45998153
3002,2026-05-11 16:08:31.486065,-0.05847902,0.41740242,-0.4177683,-0.23747386,0.420428,-0.45998153
3003,2026-05-11 16:08:31.488755,-0.05847902,0.41740242,-0.4177683,-0.10262536,0.4120286,-0.33948836
3004,2026-05-11 16:08:31.491472,-0.05847902,0.41740242,-0.4177683,-0.10262536,0.4120286,-0.33948836
3005,2026-05-11 16:08:31.494074,-0.05847902,0.41740242,-0.4177683,-0.10262536,0.4120286,-0.33948836
3006,2026-05-11 16:08:31.496772,-0.06384519,0.43453756,-0.42411014,-0.10262536,0.4120286,-0.33948836
3007,2026-05-11 16:08:31.499800,-0.06384519,0.43453756,-0.42411014,-0.10262536,0.4120286,-0.33948836
3008,2026-05-11 16:08:31.502587,-0.06384519,0.43453756,-0.42411014,-0.10262536,0.4120286,-0.33948836
3009,2026-05-11 16:08:31.505193,-0.06384519,0.43453756,-0.42411014,-0.10262536,0.4120286,-0.33948836
3010,2026-05-11 16:08:31.507994,-0.09640807,0.5721066,-0.5173473,-0.10262536,0.4120286,-0.33948836
3011,2026-05-11 16:08:31.510666,-0.09640807,0.5721066,-0.5173473,0.45249844,0.11071932,-0.032223143
3012,2026-05-11 16:08:31.513487,-0.09640807,0.5721066,-0.5173473,0.45249844,0.11071932,-0.032223143
3013,2026-05-11 16:08:31.516144,-0.09640807,0.5721066,-0.5173473,0.45249844,0.11071932,-0.032223143
3014,2026-05-11 16:08:31.519349,-0.2502585,0.60314494,-0.6697342,0.7673995,-0.24113905,0.13469578
3015,2026-05-11 16:08:31.522179,-0.2502585,0.60314494,-0.6697342,0.7673995,-0.24113905,0.13469578
3016,2026-05-11 16:08:31.524825,-0.2502585,0.60314494,-0.6697342,0.7673995,-0.24113905,0.13469578
3017,2026-05-11 16:08:31.527610,-0.2502585,0.60314494,-0.6697342,0.7673995,-0.24113905,0.13469578
3018,2026-05-11 16:08:31.530268,-0.2502585,0.60314494,-0.6697342,0.7673995,-0.24113905,0.13469578
3019,2026-05-11 16:08:31.533078,-0.2502585,0.60314494,-0.6697342,0.7673995,-0.24113905,0.13469578
3020,2026-05-11 16:08:31.536300,-0.2502585,0.60314494,-0.6697342,0.7673995,-0.24113905,0.13469578
3021,2026-05-11 16:08:31.539117,-0.37355837,0.63467115,-0.7714474,0.7673995,-0.24113905,0.13469578
3022,2026-05-11 16:08:31.541777,-0.37355837,0.63467115,-0.7714474,0.7673995,-0.24113905,0.13469578
3023,2026-05-11 16:08:31.544600,-0.37355837,0.63467115,-0.7714474,0.8342892,-0.45982882,0.30207285
3024,2026-05-11 16:08:31.547230,-0.37355837,0.63467115,-0.7714474,0.6753115,-0.7144069,0.821461
3025,2026-05-11 16:08:31.550400,-0.37355837,0.63467115,-0.7714474,0.6753115,-0.7144069,0.821461
3026,2026-05-11 16:08:31.553081,-0.37355837,0.63467115,-0.7714474,0.6753115,-0.7144069,0.821461
3027,2026-05-11 16:08:31.555678,-0.5494223,0.7260789,-0.9043211,0.6753115,-0.7144069,0.821461
3028,2026-05-11 16:08:31.558280,-0.5494223,0.7260789,-0.9043211,0.6753115,-0.7144069,0.821461
3029,2026-05-11 16:08:31.560803,-0.5494223,0.7260789,-0.9043211,0.6753115,-0.7144069,0.821461
3030,2026-05-11 16:08:31.563386,-0.62009716,0.7807773,-0.9682272,0.19593503,-0.6771441,1.42973
3031,2026-05-11 16:08:31.566527,-0.62009716,0.7807773,-0.9682272,-0.30589077,-0.5148067,1.8280143
3032,2026-05-11 16:08:31.569400,-0.62009716,0.7807773,-0.9682272,-0.30589077,-0.5148067,1.8280143
3033,2026-05-11 16:08:31.572181,-0.62009716,0.7807773,-0.9682272,-0.30589077,-0.5148067,1.8280143
3034,2026-05-11 16:08:31.574872,-0.67503935,0.81754774,-1.0423169,-0.30589077,-0.5148067,1.8280143
3035,2026-05-11 16:08:31.577590,-0.67503935,0.81754774,-1.0423169,-0.30589077,-0.5148067,1.8280143
3036,2026-05-11 16:08:31.580331,-0.67503935,0.81754774,-1.0423169,-0.30589077,-0.5148067,1.8280143
3037,2026-05-11 16:08:31.583054,-0.67503935,0.81754774,-1.0423169,-0.30589077,-0.5148067,1.8280143
3038,2026-05-11 16:08:31.586547,-0.67888105,0.8493178,-1.0982348,-0.30589077,-0.5148067,1.8280143
3039,2026-05-11 16:08:31.589333,-0.67888105,0.8493178,-1.0982348,-0.30589077,-0.5148067,1.8280143
3040,2026-05-11 16:08:31.591964,-0.67888105,0.8493178,-1.0982348,-0.30589077,-0.5148067,1.8280143
3041,2026-05-11 16:08:31.594673,-0.67888105,0.8493178,-1.0982348,-1.1531608,-0.16508633,2.336407
3042,2026-05-11 16:08:31.597448,-0.67888105,0.8493178,-1.0982348,-1.1531608,-0.16508633,2.336407
3043,2026-05-11 16:08:31.600645,-0.67888105,0.8493178,-1.0982348,-1.1531608,-0.16508633,2.336407
3044,2026-05-11 16:08:31.603474,-0.6651608,0.9091384,-1.1223825,-1.1531608,-0.16508633,2.336407
3045,2026-05-11 16:08:31.606093,-0.6651608,0.9091384,-1.1223825,-1.1531608,-0.16508633,2.336407
3046,2026-05-11 16:08:31.608684,-0.6651608,0.9091384,-1.1223825,-1.7420349,0.064751714,2.6342037
3047,2026-05-11 16:08:31.611407,-0.6651608,0.9091384,-1.1223825,-1.7420349,0.064751714,2.6342037
3048,2026-05-11 16:08:31.614092,-0.6651608,0.9091384,-1.1223825,-1.7420349,0.064751714,2.6342037
3049,2026-05-11 16:08:31.617057,-0.6651608,0.9091384,-1.1223825,-1.7420349,0.064751714,2.6342037
3050,2026-05-11 16:08:31.619919,-0.6651608,0.9091384,-1.1223825,-1.7420349,0.064751714,2.6342037
3051,2026-05-11 16:08:31.622478,-0.6651608,0.9091384,-1.1223825,-1.7420349,0.064751714,2.6342037
3052,2026-05-11 16:08:31.625320,-0.6651608,0.9091384,-1.1223825,-2.9213104,0.39461896,3.1845932
3053,2026-05-11 16:08:31.627990,-0.6651608,0.9091384,-1.1223825,-2.9213104,0.39461896,3.1845932
3054,2026-05-11 16:08:31.630669,-0.6327199,0.9591413,-1.0325602,-2.9213104,0.39461896,3.1845932
3055,2026-05-11 16:08:31.633696,-0.6327199,0.9591413,-1.0325602,-2.9213104,0.39461896,3.1845932
3056,2026-05-11 16:08:31.636731,-0.6327199,0.9591413,-1.0325602,-2.9213104,0.39461896,3.1845932
3057,2026-05-11 16:08:31.639538,-0.6327199,0.9591413,-1.0325602,-2.9213104,0.39461896,3.1845932
3058,2026-05-11 16:08:31.642202,-0.6327199,0.9591413,-1.0325602,-2.9213104,0.39461896,3.1845932
3059,2026-05-11 16:08:31.644907,-0.6327199,0.9591413,-1.0325602,-2.9213104,0.39461896,3.1845932
3060,2026-05-11 16:08:31.647628,-0.6327199,0.9591413,-1.0325602,-3.751018,0.51893,3.5906658
3061,2026-05-11 16:08:31.650823,-0.59113204,0.96877605,-0.8483422,-3.751018,0.51893,3.5906658
3062,2026-05-11 16:08:31.653779,-0.59113204,0.96877605,-0.8483422,-3.751018,0.51893,3.5906658
3063,2026-05-11 16:08:31.656427,-0.59113204,0.96877605,-0.8483422,-3.751018,0.51893,3.5906658
3064,2026-05-11 16:08:31.659191,-0.51015174,1.033414,-0.63942754,-3.751018,0.51893,3.5906658
3065,2026-05-11 16:08:31.661960,-0.51015174,1.033414,-0.63942754,-3.751018,0.51893,3.5906658
3066,2026-05-11 16:08:31.664583,-0.51015174,1.033414,-0.63942754,-3.751018,0.51893,3.5906658
3067,2026-05-11 16:08:31.667401,-0.51015174,1.033414,-0.63942754,-4.1856484,0.47219884,3.9025126
3068,2026-05-11 16:08:31.670661,-0.51015174,1.033414,-0.63942754,-4.1856484,0.47219884,3.9025126
3069,2026-05-11 16:08:31.673428,-0.51015174,1.033414,-0.63942754,-4.1856484,0.47219884,3.9025126
3070,2026-05-11 16:08:31.676237,-0.51015174,1.033414,-0.63942754,-4.1856484,0.47219884,3.9025126
3071,2026-05-11 16:08:31.678975,-0.51015174,1.033414,-0.63942754,-4.3890667,0.27076602,4.1573963
3072,2026-05-11 16:08:31.681886,-0.3901447,1.1040888,-0.44600162,-4.3890667,0.27076602,4.1573963
3073,2026-05-11 16:08:31.684700,-0.3901447,1.1040888,-0.44600162,-4.3890667,0.27076602,4.1573963
3074,2026-05-11 16:08:31.687983,-0.19147459,1.1906792,-0.27605268,-4.398688,-0.10308351,4.321108
3075,2026-05-11 16:08:31.690902,-0.19147459,1.1906792,-0.27605268,-4.398688,-0.10308351,4.321108
3076,2026-05-11 16:08:31.693559,-0.19147459,1.1906792,-0.27605268,-4.398688,-0.10308351,4.321108
3077,2026-05-11 16:08:31.696184,-0.19147459,1.1906792,-0.27605268,-4.398688,-0.10308351,4.321108
3078,2026-05-11 16:08:31.698765,-0.19147459,1.1906792,-0.27605268,-4.398688,-0.10308351,4.321108
3079,2026-05-11 16:08:31.701909,-0.19147459,1.1906792,-0.27605268,-4.398688,-0.10308351,4.321108
3080,2026-05-11 16:08:31.704627,-0.19147459,1.1906792,-0.27605268,-4.398688,-0.10308351,4.321108
3081,2026-05-11 16:08:31.707500,-0.19147459,1.1906792,-0.27605268,-4.398688,-0.10308351,4.321108
3082,2026-05-11 16:08:31.710199,-0.19147459,1.1906792,-0.27605268,-4.271017,-0.3943135,4.2922444
3083,2026-05-11 16:08:31.712943,0.018537667,1.3048931,-0.17994952,-4.271017,-0.3943135,4.2922444
3084,2026-05-11 16:08:31.716017,0.018537667,1.3048931,-0.17994952,-4.093408,-0.50961435,4.0365977
3085,2026-05-11 16:08:31.718883,0.018537667,1.3048931,-0.17994952,-4.093408,-0.50961435,4.0365977
3086,2026-05-11 16:08:31.721540,0.14647196,1.5069782,-0.040124293,-4.093408,-0.50961435,4.0365977
3087,2026-05-11 16:08:31.724367,0.14647196,1.5069782,-0.040124293,-3.8531852,-0.5288566,3.7759109
3088,2026-05-11 16:08:31.727091,0.019452354,1.5885073,0.0014635,-3.8531852,-0.5288566,3.7759109
3089,2026-05-11 16:08:31.729803,0.019452354,1.5885073,0.0014635,-3.8531852,-0.5288566,3.7759109
3090,2026-05-11 16:08:31.732510,0.019452354,1.5885073,0.0014635,-3.8531852,-0.5288566,3.7759109
3091,2026-05-11 16:08:31.735701,0.019452354,1.5885073,0.0014635,-3.8531852,-0.5288566,3.7759109
3092,2026-05-11 16:08:31.738491,0.019452354,1.5885073,0.0014635,-3.50881,-0.42638394,3.44528
3093,2026-05-11 16:08:31.741168,0.019452354,1.5885073,0.0014635,-3.50881,-0.42638394,3.44528
3094,2026-05-11 16:08:31.743762,0.019452354,1.5885073,0.0014635,-3.50881,-0.42638394,3.44528
3095,2026-05-11 16:08:31.746601,0.019452354,1.5885073,0.0014635,-3.1771102,-0.3465133,3.2817209
3096,2026-05-11 16:08:31.749667,-0.102566965,1.645401,0.015732625,-3.1771102,-0.3465133,3.2817209
3097,2026-05-11 16:08:31.752618,-0.102566965,1.645401,0.015732625,-3.1771102,-0.3465133,3.2817209
3098,2026-05-11 16:08:31.755275,-0.102566965,1.645401,0.015732625,-3.1771102,-0.3465133,3.2817209
3099,2026-05-11 16:08:31.757936,-0.102566965,1.645401,0.015732625,-3.1771102,-0.3465133,3.2817209
3100,2026-05-11 16:08:31.760617,-0.102566965,1.645401,0.015732625,-3.1771102,-0.3465133,3.2817209
3101,2026-05-11 16:08:31.763205,-0.102566965,1.645401,0.015732625,-3.1771102,-0.3465133,3.2817209
3102,2026-05-11 16:08:31.766125,-0.102566965,1.645401,0.015732625,-3.1771102,-0.3465133,3.2817209
3103,2026-05-11 16:08:31.768979,-0.102566965,1.645401,0.015732625,-3.1771102,-0.3465133,3.2817209
3104,2026-05-11 16:08:31.771799,-0.17452239,1.7233932,0.07994369,-3.1771102,-0.3465133,3.2817209
3105,2026-05-11 16:08:31.774421,-0.17452239,1.7233932,0.07994369,-3.1771102,-0.3465133,3.2817209
3106,2026-05-11 16:08:31.777306,-0.17452239,1.7233932,0.07994369,-2.5659394,-0.44333544,3.1341968
3107,2026-05-11 16:08:31.780042,-0.17452239,1.7233932,0.07994369,-2.5659394,-0.44333544,3.1341968
3108,2026-05-11 16:08:31.782629,-0.17452239,1.7233932,0.07994369,-2.5659394,-0.44333544,3.1341968
3109,2026-05-11 16:08:31.785904,-0.17452239,1.7233932,0.07994369,-2.0212004,-0.7086037,2.9898798
3110,2026-05-11 16:08:31.788695,-0.10823802,1.7674812,0.12653178,-2.0212004,-0.7086037,2.9898798
3111,2026-05-11 16:08:31.791376,-0.10823802,1.7674812,0.12653178,-2.0212004,-0.7086037,2.9898798
3112,2026-05-11 16:08:31.794179,-0.10823802,1.7674812,0.12653178,-2.0212004,-0.7086037,2.9898798
3113,2026-05-11 16:08:31.796795,-0.10823802,1.7674812,0.12653178,-2.0212004,-0.7086037,2.9898798
3114,2026-05-11 16:08:31.799580,-0.10823802,1.7674812,0.12653178,-2.0212004,-0.7086037,2.9898798
3115,2026-05-11 16:08:31.802691,-0.10823802,1.7674812,0.12653178,-2.0212004,-0.7086037,2.9898798
3116,2026-05-11 16:08:31.805577,-0.043417167,1.8103495,0.14933798,-1.3881912,-0.93477654,2.7629435
3117,2026-05-11 16:08:31.808406,-0.043417167,1.8103495,0.14933798,-1.3881912,-0.93477654,2.7629435
3118,2026-05-11 16:08:31.811144,-0.043417167,1.8103495,0.14933798,-0.5386304,-0.9990701,2.3758078
3119,2026-05-11 16:08:31.813871,0.09896919,2.0006654,-0.08183405,-0.5386304,-0.9990701,2.3758078
3120,2026-05-11 16:08:31.816581,0.09896919,2.0006654,-0.08183405,-0.5386304,-0.9990701,2.3758078
3121,2026-05-11 16:08:31.820176,0.034026377,2.0085318,-0.2587956,-0.5386304,-0.9990701,2.3758078
3122,2026-05-11 16:08:31.822885,0.034026377,2.0085318,-0.2587956,-0.5386304,-0.9990701,2.3758078
3123,2026-05-11 16:08:31.825667,0.034026377,2.0085318,-0.2587956,0.7119634,-0.784351,1.287093
3124,2026-05-11 16:08:31.828282,0.034026377,2.0085318,-0.2587956,0.7119634,-0.784351,1.287093
3125,2026-05-11 16:08:31.831081,-0.050063897,1.9785299,-0.40526757,0.7119634,-0.784351,1.287093
3126,2026-05-11 16:08:31.834251,-0.050063897,1.9785299,-0.40526757,0.7119634,-0.784351,1.287093
3127,2026-05-11 16:08:31.837244,-0.050063897,1.9785299,-0.40526757,0.90010995,-0.6899723,0.9958631
3128,2026-05-11 16:08:31.839989,-0.050063897,1.9785299,-0.40526757,0.90010995,-0.6899723,0.9958631
3129,2026-05-11 16:08:31.842673,-0.050063897,1.9785299,-0.40526757,0.90010995,-0.6899723,0.9958631
3130,2026-05-11 16:08:31.845515,-0.13080032,1.929137,-0.5216158,1.4541647,-0.57726765,0.024892759
3131,2026-05-11 16:08:31.848200,-0.13080032,1.929137,-0.5216158,1.4541647,-0.57726765,0.024892759
3132,2026-05-11 16:08:31.851336,-0.13080032,1.929137,-0.5216158,1.4541647,-0.57726765,0.024892759
3133,2026-05-11 16:08:31.854199,-0.13080032,1.929137,-0.5216158,1.4541647,-0.57726765,0.024892759
3134,2026-05-11 16:08:31.856895,-0.18281554,1.8250456,-0.573692,1.4541647,-0.57726765,0.024892759
3135,2026-05-11 16:08:31.859524,-0.18281554,1.8250456,-0.573692,1.4541647,-0.57726765,0.024892759
3136,2026-05-11 16:08:31.862182,-0.18281554,1.8250456,-0.573692,1.7631098,-0.75609845,-0.40378192
3137,2026-05-11 16:08:31.864888,-0.18281554,1.8250456,-0.573692,1.7631098,-0.75609845,-0.40378192
3138,2026-05-11 16:08:31.867867,-0.18281554,1.8250456,-0.573692,1.7631098,-0.75609845,-0.40378192
3139,2026-05-11 16:08:31.870619,-0.16604628,1.7322961,-0.6313173,1.7631098,-0.75609845,-0.40378192
3140,2026-05-11 16:08:31.873457,-0.16604628,1.7322961,-0.6313173,1.7631098,-0.75609845,-0.40378192
3141,2026-05-11 16:08:31.876098,-0.13512984,1.653755,-0.69473565,1.7631098,-0.75609845,-0.40378192
3142,2026-05-11 16:08:31.878834,-0.13512984,1.653755,-0.69473565,1.7631098,-0.75609845,-0.40378192
3143,2026-05-11 16:08:31.881494,-0.13512984,1.653755,-0.69473565,1.7631098,-0.75609845,-0.40378192
3144,2026-05-11 16:08:31.884456,-0.13512984,1.653755,-0.69473565,1.7631098,-0.75609845,-0.40378192
3145,2026-05-11 16:08:31.887357,-0.13512984,1.653755,-0.69473565,1.7631098,-0.75609845,-0.40378192
3146,2026-05-11 16:08:31.889957,-0.13512984,1.653755,-0.69473565,1.7631098,-0.75609845,-0.40378192
3147,2026-05-11 16:08:31.892646,-0.13512984,1.653755,-0.69473565,1.7631098,-0.75609845,-0.40378192
3148,2026-05-11 16:08:31.895438,-0.13512984,1.653755,-0.69473565,1.7631098,-0.75609845,-0.40378192
3149,2026-05-11 16:08:31.898033,-0.13512984,1.653755,-0.69473565,1.7631098,-0.75609845,-0.40378192
3150,2026-05-11 16:08:31.900984,-0.13512984,1.653755,-0.69473565,1.7631098,-0.75609845,-0.40378192
3151,2026-05-11 16:08:31.903748,-0.13512984,1.653755,-0.69473565,1.7631098,-0.75609845,-0.40378192
3152,2026-05-11 16:08:31.906516,-0.13512984,1.653755,-0.69473565,1.7631098,-0.75609845,-0.40378192
3153,2026-05-11 16:08:31.909220,-0.15171617,1.2901363,-0.83791476,1.7631098,-0.75609845,-0.40378192
3154,2026-05-11 16:08:31.911989,-0.15171617,1.2901363,-0.83791476,1.7631098,-0.75609845,-0.40378192
3155,2026-05-11 16:08:31.914605,-0.15171617,1.2901363,-0.83791476,1.7631098,-0.75609845,-0.40378192
3156,2026-05-11 16:08:31.917570,-0.15171617,1.2901363,-0.83791476,1.7631098,-0.75609845,-0.40378192
3157,2026-05-11 16:08:31.920290,-0.15171617,1.2901363,-0.83791476,1.7631098,-0.75609845,-0.40378192
3158,2026-05-11 16:08:31.922998,-0.15171617,1.2901363,-0.83791476,1.297325,-0.51083606,-2.1284072
3159,2026-05-11 16:08:31.925748,-0.15171617,1.2901363,-0.83791476,1.297325,-0.51083606,-2.1284072
3160,2026-05-11 16:08:31.928682,0.05213719,1.2535487,-0.55045897,0.7652614,-0.25579983,-2.8906143
3161,2026-05-11 16:08:31.931358,0.12854409,1.2287303,-0.44551378,1.2090551,-0.7286095,-3.4359643
3162,2026-05-11 16:08:31.934455,0.12854409,1.2287303,-0.44551378,1.2090551,-0.7286095,-3.4359643
3163,2026-05-11 16:08:31.937285,0.100127794,1.1225046,-0.3699606,1.2090551,-0.7286095,-3.4359643
3164,2026-05-11 16:08:31.939948,0.100127794,1.1225046,-0.3699606,1.393689,-0.8382598,-3.7024543
3165,2026-05-11 16:08:31.942712,0.100127794,1.1225046,-0.3699606,1.393689,-0.8382598,-3.7024543
3166,2026-05-11 16:08:31.945428,-0.100005835,1.0613425,-0.33099493,1.393689,-0.8382598,-3.7024543
3167,2026-05-11 16:08:31.948321,-0.9822524,1.0628669,-0.1188484,1.7476854,-0.6479753,-3.4191656
3168,2026-05-11 16:08:31.951665,-0.86633104,1.065733,-0.0453685,1.8043432,-0.1375974,-1.8022052
3169,2026-05-11 16:08:31.954488,-0.86633104,1.065733,-0.0453685,1.8043432,-0.1375974,-1.8022052
3170,2026-05-11 16:08:31.957217,-0.86633104,1.065733,-0.0453685,1.8043432,-0.1375974,-1.8022052
3171,2026-05-11 16:08:31.959965,-0.86633104,1.065733,-0.0453685,1.8043432,-0.1375974,-1.8022052
3172,2026-05-11 16:08:31.962680,-0.04701494,1.0794532,-0.054210484,1.9230038,0.204029,-1.1163563
3173,2026-05-11 16:08:31.965409,-0.04701494,1.0794532,-0.054210484,1.9230038,0.204029,-1.1163563
3174,2026-05-11 16:08:31.968507,-0.04701494,1.0794532,-0.054210484,1.9230038,0.204029,-1.1163563
3175,2026-05-11 16:08:31.971242,-0.04701494,1.0794532,-0.054210484,1.9230038,0.204029,-1.1163563
3176,2026-05-11 16:08:31.973985,-0.04701494,1.0794532,-0.054210484,1.9230038,0.204029,-1.1163563
3177,2026-05-11 16:08:31.976630,-0.04701494,1.0794532,-0.054210484,1.9230038,0.204029,-1.1163563
3178,2026-05-11 16:08:31.979373,-0.04701494,1.0794532,-0.054210484,1.9230038,0.204029,-1.1163563
3179,2026-05-11 16:08:31.982015,-0.04701494,1.0794532,-0.054210484,1.9230038,0.204029,-1.1163563
3180,2026-05-11 16:08:31.985027,-0.04701494,1.0794532,-0.054210484,2.4323127,0.27152961,-1.1876748
3181,2026-05-11 16:08:31.987992,-0.04701494,1.0794532,-0.054210484,2.4323127,0.27152961,-1.1876748
3182,2026-05-11 16:08:31.990811,0.40221858,0.86852634,-0.5549714,2.4323127,0.27152961,-1.1876748
3183,2026-05-11 16:08:31.993524,0.40221858,0.86852634,-0.5549714,2.4323127,0.27152961,-1.1876748
3184,2026-05-11 16:08:31.996129,0.40221858,0.86852634,-0.5549714,2.4323127,0.27152961,-1.1876748
3185,2026-05-11 16:08:31.999007,0.40221858,0.86852634,-0.5549714,2.3967297,0.107359566,-2.0221167
3186,2026-05-11 16:08:32.002085,0.40221858,0.86852634,-0.5549714,2.3967297,0.107359566,-2.0221167
3187,2026-05-11 16:08:32.004789,0.40221858,0.86852634,-0.5549714,2.3112087,0.02275473,-2.1375701
3188,2026-05-11 16:08:32.007414,0.40221858,0.86852634,-0.5549714,2.3112087,0.02275473,-2.1375701
3189,2026-05-11 16:08:32.010208,0.40221858,0.86852634,-0.5549714,2.3112087,0.02275473,-2.1375701
3190,2026-05-11 16:08:32.012846,0.40221858,0.86852634,-0.5549714,2.3112087,0.02275473,-2.1375701
3191,2026-05-11 16:08:32.015545,0.40221858,0.86852634,-0.5549714,2.3112087,0.02275473,-2.1375701
3192,2026-05-11 16:08:32.018597,0.40221858,0.86852634,-0.5549714,2.3112087,0.02275473,-2.1375701
3193,2026-05-11 16:08:32.021450,0.40221858,0.86852634,-0.5549714,2.3112087,0.02275473,-2.1375701
3194,2026-05-11 16:08:32.024177,0.25531977,0.91096777,-0.5632036,2.3112087,0.02275473,-2.1375701
3195,2026-05-11 16:08:32.026783,0.25531977,0.91096777,-0.5632036,2.3112087,0.02275473,-2.1375701
3196,2026-05-11 16:08:32.029533,0.25531977,0.91096777,-0.5632036,2.3112087,0.02275473,-2.1375701
3197,2026-05-11 16:08:32.032147,0.25531977,0.91096777,-0.5632036,2.3112087,0.02275473,-2.1375701
3198,2026-05-11 16:08:32.035370,0.25531977,0.91096777,-0.5632036,2.3112087,0.02275473,-2.1375701
3199,2026-05-11 16:08:32.038296,-0.19068186,0.8069983,-0.7356527,1.7939585,-0.08093964,-2.0920608
3200,2026-05-11 16:08:32.040987,-0.19068186,0.8069983,-0.7356527,1.7939585,-0.08093964,-2.0920608
3201,2026-05-11 16:08:32.043646,-0.19068186,0.8069983,-0.7356527,1.7939585,-0.08093964,-2.0920608
3202,2026-05-11 16:08:32.046331,-0.19068186,0.8069983,-0.7356527,1.7939585,-0.08093964,-2.0920608
3203,2026-05-11 16:08:32.048929,-0.19068186,0.8069983,-0.7356527,1.7939585,-0.08093964,-2.0920608
3204,2026-05-11 16:08:32.052265,-0.42959824,0.6665633,-0.79492444,1.4416419,-0.04596761,-2.0131063
3205,2026-05-11 16:08:32.055218,-0.42959824,0.6665633,-0.79492444,1.4416419,-0.04596761,-2.0131063
3206,2026-05-11 16:08:32.057972,-0.42959824,0.6665633,-0.79492444,0.44241914,0.3323107,-1.4601207
3207,2026-05-11 16:08:32.060678,-0.42959824,0.6665633,-0.79492444,0.44241914,0.3323107,-1.4601207
3208,2026-05-11 16:08:32.063364,-0.42959824,0.6665633,-0.79492444,0.44241914,0.3323107,-1.4601207
3209,2026-05-11 16:08:32.066055,-0.5416169,0.5302139,-0.6404642,0.44241914,0.3323107,-1.4601207
3210,2026-05-11 16:08:32.069268,-0.5416169,0.5302139,-0.6404642,0.44241914,0.3323107,-1.4601207
3211,2026-05-11 16:08:32.072108,-0.5416169,0.5302139,-0.6404642,0.44241914,0.3323107,-1.4601207
3212,2026-05-11 16:08:32.074881,-0.5416169,0.5302139,-0.6404642,-0.48288897,0.84681195,-0.6250679
3213,2026-05-11 16:08:32.077592,-0.5416169,0.5302139,-0.6404642,-0.48288897,0.84681195,-0.6250679
3214,2026-05-11 16:08:32.085712,-0.5416169,0.5302139,-0.6404642,-0.48288897,0.84681195,-0.6250679
3215,2026-05-11 16:08:32.106660,0.7455313,0.010915271,-0.6946747,1.4946345,-1.4071281,-1.7664696
3216,2026-05-11 16:08:32.111711,0.7455313,0.010915271,-0.6946747,1.2270756,-1.4437801,-1.5354098
3217,2026-05-11 16:08:32.119462,0.7455313,0.010915271,-0.6946747,1.2270756,-1.4437801,-1.5354098
3218,2026-05-11 16:08:32.122266,0.7455313,0.010915271,-0.6946747,1.2270756,-1.4437801,-1.5354098
3219,2026-05-11 16:08:32.124873,0.7455313,0.010915271,-0.6946747,1.2270756,-1.4437801,-1.5354098
3220,2026-05-11 16:08:32.127558,0.7455313,0.010915271,-0.6946747,1.2270756,-1.4437801,-1.5354098
3221,2026-05-11 16:08:32.130253,0.60515726,0.02555027,-0.76528853,1.2270756,-1.4437801,-1.5354098
3222,2026-05-11 16:08:32.133086,0.60515726,0.02555027,-0.76528853,1.2270756,-1.4437801,-1.5354098
3223,2026-05-11 16:08:32.136207,0.60515726,0.02555027,-0.76528853,1.2270756,-1.4437801,-1.5354098
3224,2026-05-11 16:08:32.138932,0.60515726,0.02555027,-0.76528853,1.2270756,-1.4437801,-1.5354098
3225,2026-05-11 16:08:32.141827,0.60515726,0.02555027,-0.76528853,0.98822725,-1.2641857,-1.4086553
3226,2026-05-11 16:08:32.144669,0.60515726,0.02555027,-0.76528853,0.98822725,-1.2641857,-1.4086553
3227,2026-05-11 16:08:32.147349,0.5441781,0.043661084,-0.775716,0.98822725,-1.2641857,-1.4086553
3228,2026-05-11 16:08:32.150598,0.3325194,0.20056048,-0.64711094,0.46731192,-0.9418015,-1.0758864
3229,2026-05-11 16:08:32.153365,0.3325194,0.20056048,-0.64711094,0.46731192,-0.9418015,-1.0758864
3230,2026-05-11 16:08:32.156128,0.3325194,0.20056048,-0.64711094,0.46731192,-0.9418015,-1.0758864
3231,2026-05-11 16:08:32.158918,0.3325194,0.20056048,-0.64711094,0.46731192,-0.9418015,-1.0758864
3232,2026-05-11 16:08:32.161700,0.42807376,0.08921252,-0.80279076,0.46731192,-0.9418015,-1.0758864
3233,2026-05-11 16:08:32.164338,0.42807376,0.08921252,-0.80279076,0.46731192,-0.9418015,-1.0758864
3234,2026-05-11 16:08:32.167516,0.42807376,0.08921252,-0.80279076,0.46731192,-0.9418015,-1.0758864
3235,2026-05-11 16:08:32.170407,0.42807376,0.08921252,-0.80279076,0.46731192,-0.9418015,-1.0758864
3236,2026-05-11 16:08:32.173035,0.42807376,0.08921252,-0.80279076,0.46731192,-0.9418015,-1.0758864
3237,2026-05-11 16:08:32.175776,0.42807376,0.08921252,-0.80279076,0.16172658,-1.161102,-0.8196284
3238,2026-05-11 16:08:32.178504,0.42807376,0.08921252,-0.80279076,0.16172658,-1.161102,-0.8196284
3239,2026-05-11 16:08:32.181256,0.42807376,0.08921252,-0.80279076,0.16172658,-1.161102,-0.8196284
3240,2026-05-11 16:08:32.184568,0.42807376,0.08921252,-0.80279076,0.25534168,-0.95462966,-0.9228647
3241,2026-05-11 16:08:32.187404,0.30020046,0.28032124,-0.6158286,0.25534168,-0.95462966,-0.9228647
3242,2026-05-11 16:08:32.190143,0.30020046,0.28032124,-0.6158286,0.18280143,-1.0569496,-0.8333729
3243,2026-05-11 16:08:32.192825,0.34800813,0.2622714,-0.6132675,-0.25488353,-0.84207773,-0.819323
3244,2026-05-11 16:08:32.195505,0.34800813,0.2622714,-0.6132675,-0.25488353,-0.84207773,-0.819323
3245,2026-05-11 16:08:32.198228,0.34800813,0.2622714,-0.6132675,-0.25488353,-0.84207773,-0.819323
3246,2026-05-11 16:08:32.201459,0.34800813,0.2622714,-0.6132675,-0.25488353,-0.84207773,-0.819323
3247,2026-05-11 16:08:32.204210,0.34800813,0.2622714,-0.6132675,-0.59391373,-0.59666264,-0.63789606
3248,2026-05-11 16:08:32.206884,0.10031073,0.26086888,-0.69949204,0.11010846,-1.1508701,-0.8512407
3249,2026-05-11 16:08:32.209846,-0.058174126,0.2939196,-0.7569954,0.11010846,-1.1508701,-0.8512407
3250,2026-05-11 16:08:32.212493,-0.058174126,0.2939196,-0.7569954,0.11010846,-1.1508701,-0.8512407
3251,2026-05-11 16:08:32.215280,-0.20799993,0.28727287,-0.7424823,0.11010846,-1.1508701,-0.8512407
3252,2026-05-11 16:08:32.218233,-0.20799993,0.28727287,-0.7424823,0.11010846,-1.1508701,-0.8512407
3253,2026-05-11 16:08:32.221160,-0.20799993,0.28727287,-0.7424823,0.11010846,-1.1508701,-0.8512407
3254,2026-05-11 16:08:32.223914,-0.20799993,0.28727287,-0.7424823,0.11010846,-1.1508701,-0.8512407
3255,2026-05-11 16:08:32.226608,-0.20799993,0.28727287,-0.7424823,0.11010846,-1.1508701,-0.8512407
3256,2026-05-11 16:08:32.229364,-0.20799993,0.28727287,-0.7424823,-0.97600996,-0.24846944,-0.3051272
3257,2026-05-11 16:08:32.232179,-0.20799993,0.28727287,-0.7424823,-0.97600996,-0.24846944,-0.3051272
3258,2026-05-11 16:08:32.235537,-0.20799993,0.28727287,-0.7424823,-0.97600996,-0.24846944,-0.3051272
3259,2026-05-11 16:08:32.238239,-0.20799993,0.28727287,-0.7424823,-0.97600996,-0.24846944,-0.3051272
3260,2026-05-11 16:08:32.240975,-0.20799993,0.28727287,-0.7424823,-0.97600996,-0.24846944,-0.3051272
3261,2026-05-11 16:08:32.243624,-0.20799993,0.28727287,-0.7424823,-0.97600996,-0.24846944,-0.3051272
3262,2026-05-11 16:08:32.246380,-0.20799993,0.28727287,-0.7424823,-0.97600996,-0.24846944,-0.3051272
3263,2026-05-11 16:08:32.248992,-0.20799993,0.28727287,-0.7424823,-0.97600996,-0.24846944,-0.3051272
3264,2026-05-11 16:08:32.252069,-0.47557652,0.2470876,-0.6545504,-0.97600996,-0.24846944,-0.3051272
3265,2026-05-11 16:08:32.254904,-0.47557652,0.2470876,-0.6545504,-0.97600996,-0.24846944,-0.3051272
3266,2026-05-11 16:08:32.257559,-0.47557652,0.2470876,-0.6545504,-1.1867584,0.037873644,0.160963
3267,2026-05-11 16:08:32.260223,-0.47557652,0.2470876,-0.6545504,-1.1867584,0.037873644,0.160963
3268,2026-05-11 16:08:32.262907,-0.6269268,0.27440625,-0.61467,-1.2507466,0.10888673,0.5025894
3269,2026-05-11 16:08:32.265661,-0.6269268,0.27440625,-0.61467,-1.2507466,0.10888673,0.5025894
3270,2026-05-11 16:08:32.268734,-0.6269268,0.27440625,-0.61467,-1.2507466,0.10888673,0.5025894
3271,2026-05-11 16:08:32.271430,-0.6269268,0.27440625,-0.61467,-1.2507466,0.10888673,0.5025894
3272,2026-05-11 16:08:32.274252,-0.69150376,0.35849655,-0.57478964,-1.2507466,0.10888673,0.5025894
3273,2026-05-11 16:08:32.276955,-0.69150376,0.35849655,-0.57478964,-1.2507466,0.10888673,0.5025894
3274,2026-05-11 16:08:32.279592,-0.69150376,0.35849655,-0.57478964,-1.2507466,0.10888673,0.5025894
3275,2026-05-11 16:08:32.282295,-0.69150376,0.35849655,-0.57478964,-1.2507466,0.10888673,0.5025894
3276,2026-05-11 16:08:32.285409,-0.69150376,0.35849655,-0.57478964,-1.2507466,0.10888673,0.5025894
3277,2026-05-11 16:08:32.288195,-0.69150376,0.35849655,-0.57478964,-1.3019066,0.06383542,1.2496775
3278,2026-05-11 16:08:32.290946,-0.69150376,0.35849655,-0.57478964,-1.3019066,0.06383542,1.2496775
3279,2026-05-11 16:08:32.293634,-0.5643012,0.44514793,-0.52686,-1.3019066,0.06383542,1.2496775
3280,2026-05-11 16:08:32.296268,-0.5643012,0.44514793,-0.52686,-1.2286028,0.0047342055,1.8022052
3281,2026-05-11 16:08:32.298885,-0.5643012,0.44514793,-0.52686,-1.2286028,0.0047342055,1.8022052
3282,2026-05-11 16:08:32.301919,-0.5643012,0.44514793,-0.52686,-1.2286028,0.0047342055,1.8022052
3283,2026-05-11 16:08:32.304824,-0.5643012,0.44514793,-0.52686,-1.2286028,0.0047342055,1.8022052
3284,2026-05-11 16:08:32.307518,-0.5643012,0.44514793,-0.52686,-1.2286028,0.0047342055,1.8022052
3285,2026-05-11 16:08:32.310182,-0.5643012,0.44514793,-0.52686,-1.2286028,0.0047342055,1.8022052
3286,2026-05-11 16:08:32.312947,-0.5643012,0.44514793,-0.52686,-1.2286028,0.0047342055,1.8022052
3287,2026-05-11 16:08:32.315660,-0.5643012,0.44514793,-0.52686,-1.2286028,0.0047342055,1.8022052
3288,2026-05-11 16:08:32.318866,-0.5643012,0.44514793,-0.52686,-1.2286028,0.0047342055,1.8022052
3289,2026-05-11 16:08:32.321491,-0.5643012,0.44514793,-0.52686,-1.2286028,0.0047342055,1.8022052
3290,2026-05-11 16:08:32.324410,-0.5643012,0.44514793,-0.52686,-1.2286028,0.0047342055,1.8022052
3291,2026-05-11 16:08:32.327160,-0.37172902,0.6214387,-0.4973461,-1.0706941,-0.03436117,2.0981693
3292,2026-05-11 16:08:32.329923,-0.37172902,0.6214387,-0.4973461,-0.91690874,-0.06490443,2.2710443
3293,2026-05-11 16:08:32.332721,-0.41136545,0.71937126,-0.47142997,-0.73975784,-0.103847094,2.477822
3294,2026-05-11 16:08:32.335987,-0.3468495,0.87834394,-0.5374704,-0.5111415,-0.056199603,2.8893926
3295,2026-05-11 16:08:32.338696,-0.3468495,0.87834394,-0.5374704,-0.5111415,-0.056199603,2.8893926
3296,2026-05-11 16:08:32.341338,-0.3468495,0.87834394,-0.5374704,-0.5111415,-0.056199603,2.8893926
3297,2026-05-11 16:08:32.343935,-0.3468495,0.87834394,-0.5374704,-0.5111415,-0.056199603,2.8893926
3298,2026-05-11 16:08:32.346825,-0.3468495,0.87834394,-0.5374704,-0.5111415,-0.056199603,2.8893926
3299,2026-05-11 16:08:32.350090,-0.3468495,0.87834394,-0.5374704,-0.5111415,-0.056199603,2.8893926
3300,2026-05-11 16:08:32.353140,-0.29263905,0.94017684,-0.5687527,-0.41309762,0.03145956,3.2088752
3301,2026-05-11 16:08:32.356024,-0.29263905,0.94017684,-0.5687527,-0.41309762,0.03145956,3.2088752
3302,2026-05-11 16:08:32.358728,-0.29263905,0.94017684,-0.5687527,-0.41309762,0.03145956,3.2088752
3303,2026-05-11 16:08:32.361612,-0.29263905,0.94017684,-0.5687527,-0.41309762,0.03145956,3.2088752
3304,2026-05-11 16:08:32.364306,-0.29263905,0.94017684,-0.5687527,-0.41309762,0.03145956,3.2088752
3305,2026-05-11 16:08:32.367465,-0.17165637,1.0400606,-0.57430184,-0.41309762,0.03145956,3.2088752
3306,2026-05-11 16:08:32.370371,-0.17165637,1.0400606,-0.57430184,-0.3810272,0.11301007,3.4074063
3307,2026-05-11 16:08:32.373057,-0.17165637,1.0400606,-0.57430184,-0.3810272,0.11301007,3.4074063
3308,2026-05-11 16:08:32.375738,-0.17165637,1.0400606,-0.57430184,-0.3810272,0.11301007,3.4074063
3309,2026-05-11 16:08:32.378580,-0.17165637,1.0400606,-0.57430184,-0.3810272,0.11301007,3.4074063
3310,2026-05-11 16:08:32.381276,-0.17165637,1.0400606,-0.57430184,-0.3810272,0.11301007,3.4074063
3311,2026-05-11 16:08:32.384628,-0.10878683,1.1205531,-0.5568008,-0.36117408,0.37720928,3.5967746
3312,2026-05-11 16:08:32.387470,-0.10878683,1.1205531,-0.5568008,-0.36117408,0.37720928,3.5967746
3313,2026-05-11 16:08:32.390359,-0.073175006,1.1803738,-0.57546043,-0.38224894,0.59803706,3.668704
3314,2026-05-11 16:08:32.393146,-0.073175006,1.1803738,-0.57546043,-0.38224894,0.59803706,3.668704
3315,2026-05-11 16:08:32.395819,0.009817646,1.2785501,-0.6186946,-0.46486846,1.2345587,3.7643044
3316,2026-05-11 16:08:32.398652,0.009817646,1.2785501,-0.6186946,-0.46486846,1.2345587,3.7643044
3317,2026-05-11 16:08:32.401856,0.15781409,1.384532,-0.71034634,-0.54321194,1.9260582,3.49644
3318,2026-05-11 16:08:32.404614,0.15781409,1.384532,-0.71034634,-0.54321194,1.9260582,3.49644
3319,2026-05-11 16:08:32.407390,0.15781409,1.384532,-0.71034634,-0.54321194,1.9260582,3.49644
3320,2026-05-11 16:08:32.410119,0.15781409,1.384532,-0.71034634,-0.54321194,1.9260582,3.49644
3321,2026-05-11 16:08:32.412740,0.15781409,1.384532,-0.71034634,-0.54321194,1.9260582,3.49644
3322,2026-05-11 16:08:32.415398,0.15781409,1.384532,-0.71034634,-0.54321194,1.9260582,3.49644
3323,2026-05-11 16:08:32.418325,0.15781409,1.384532,-0.71034634,-0.54321194,1.9260582,3.49644
3324,2026-05-11 16:08:32.421303,0.15781409,1.384532,-0.71034634,-0.54321194,1.9260582,3.49644
3325,2026-05-11 16:08:32.423967,0.15781409,1.384532,-0.71034634,-0.54321194,1.9260582,3.49644
3326,2026-05-11 16:08:32.426600,0.22092752,1.601008,-1.0318285,-0.54321194,1.9260582,3.49644
3327,2026-05-11 16:08:32.429331,0.22092752,1.601008,-1.0318285,-0.54321194,1.9260582,3.49644
3328,2026-05-11 16:08:32.431972,0.22092752,1.601008,-1.0318285,-0.5047274,1.8506162,3.1902437
3329,2026-05-11 16:08:32.435113,0.22092752,1.601008,-1.0318285,-0.5047274,1.8506162,3.1902437
3330,2026-05-11 16:08:32.437949,0.22092752,1.601008,-1.0318285,-0.5047274,1.8506162,3.1902437
3331,2026-05-11 16:08:32.440641,0.22092752,1.601008,-1.0318285,-0.5047274,1.8506162,3.1902437
3332,2026-05-11 16:08:32.443396,-0.23733091,1.7280887,-1.2592199,-0.5317582,0.24037547,2.7091873
3333,2026-05-11 16:08:32.446156,-0.23733091,1.7280887,-1.2592199,-0.5317582,0.24037547,2.7091873
3334,2026-05-11 16:08:32.448825,-0.23733091,1.7280887,-1.2592199,-0.5317582,0.24037547,2.7091873
3335,2026-05-11 16:08:32.452158,-0.22995245,1.7043067,-1.2719035,-0.5317582,0.24037547,2.7091873
3336,2026-05-11 16:08:32.454856,-0.22995245,1.7043067,-1.2719035,-0.5317582,0.24037547,2.7091873
3337,2026-05-11 16:08:32.457623,-0.22995245,1.7043067,-1.2719035,-0.81229806,0.2649628,2.6429086
3338,2026-05-11 16:08:32.460208,-0.22995245,1.7043067,-1.2719035,-0.81229806,0.2649628,2.6429086
3339,2026-05-11 16:08:32.463080,-0.24391668,1.6496694,-1.1206752,-1.1407908,0.5514586,2.410627
3340,2026-05-11 16:08:32.466094,-0.24391668,1.6496694,-1.1206752,-1.1407908,0.5514586,2.410627
3341,2026-05-11 16:08:32.469260,-0.24391668,1.6496694,-1.1206752,-1.2502885,0.6942484,2.2046127
3342,2026-05-11 16:08:32.472152,-0.44655046,1.5266135,-1.0458537,-1.1058189,0.82879144,1.3446671
3343,2026-05-11 16:08:32.474776,-0.44655046,1.5266135,-1.0458537,-1.1058189,0.82879144,1.3446671
3344,2026-05-11 16:08:32.477584,-0.48990667,1.5131981,-1.0776848,-1.1058189,0.82879144,1.3446671
3345,2026-05-11 16:08:32.480217,-0.48990667,1.5131981,-1.0776848,-1.1058189,0.82879144,1.3446671
3346,2026-05-11 16:08:32.483258,-0.48990667,1.5131981,-1.0776848,-1.0128145,0.7959574,1.1450669
3347,2026-05-11 16:08:32.486220,-0.48990667,1.5131981,-1.0776848,-1.0128145,0.7959574,1.1450669
3348,2026-05-11 16:08:32.488938,-0.48990667,1.5131981,-1.0776848,-1.0128145,0.7959574,1.1450669
3349,2026-05-11 16:08:32.491575,-0.61107224,1.4102043,-1.2109243,-0.95172805,0.7493789,0.7866417
3350,2026-05-11 16:08:32.494330,-0.61107224,1.4102043,-1.2109243,-0.9970848,0.73975784,0.69027776
3351,2026-05-11 16:08:32.497081,-0.6932722,1.3165402,-1.2912949,-0.9970848,0.73975784,0.69027776
3352,2026-05-11 16:08:32.499848,-0.6932722,1.3165402,-1.2912949,-0.9970848,0.73975784,0.69027776
3353,2026-05-11 16:08:32.503153,-0.6932722,1.3165402,-1.2912949,-0.9970848,0.73975784,0.69027776
3354,2026-05-11 16:08:32.505796,-0.6932722,1.3165402,-1.2912949,-0.9970848,0.73975784,0.69027776
3355,2026-05-11 16:08:32.508581,-0.6932722,1.3165402,-1.2912949,-1.1038336,0.61483586,0.54626626
3356,2026-05-11 16:08:32.511348,-0.6635753,1.2670251,-1.2665373,-1.1038336,0.61483586,0.54626626
3357,2026-05-11 16:08:32.514060,-0.6635753,1.2670251,-1.2665373,-1.1038336,0.61483586,0.54626626
3358,2026-05-11 16:08:32.517016,-0.6635753,1.2670251,-1.2665373,-1.1038336,0.61483586,0.54626626
3359,2026-05-11 16:08:32.520126,-0.58405846,1.2223884,-1.2322061,-1.1284208,0.5390886,0.4014912
3360,2026-05-11 16:08:32.522894,-0.58405846,1.2223884,-1.2322061,-1.1284208,0.5390886,0.4014912
3361,2026-05-11 16:08:32.525637,-0.25428313,1.2573295,-1.2170222,-1.1470522,0.52748215,0.18524489
3362,2026-05-11 16:08:32.528404,-0.25428313,1.2573295,-1.2170222,-1.1470522,0.52748215,0.18524489
3363,2026-05-11 16:08:32.531099,-0.25428313,1.2573295,-1.2170222,-1.1470522,0.52748215,0.18524489
3364,2026-05-11 16:08:32.534255,-0.25428313,1.2573295,-1.2170222,-1.2313516,0.4810564,-0.19853121
3365,2026-05-11 16:08:32.537075,-0.25428313,1.2573295,-1.2170222,-1.2313516,0.4810564,-0.19853121
3366,2026-05-11 16:08:32.539670,-0.25428313,1.2573295,-1.2170222,-1.2313516,0.4810564,-0.19853121
3367,2026-05-11 16:08:32.542492,-0.25428313,1.2573295,-1.2170222,-1.2313516,0.4810564,-0.19853121
3368,2026-05-11 16:08:32.545137,-0.10396948,1.2730621,-1.2131195,-1.2313516,0.4810564,-0.19853121
3369,2026-05-11 16:08:32.547741,-0.10396948,1.2730621,-1.2131195,-1.2313516,0.4810564,-0.19853121
3370,2026-05-11 16:08:32.550903,-0.10396948,1.2730621,-1.2131195,-1.2313516,0.4810564,-0.19853121
3371,2026-05-11 16:08:32.553677,-0.10396948,1.2730621,-1.2131195,-1.2313516,0.4810564,-0.19853121
3372,2026-05-11 16:08:32.556525,-0.10396948,1.2730621,-1.2131195,-1.3095424,0.44791695,-0.44532076
3373,2026-05-11 16:08:32.559196,-0.10396948,1.2730621,-1.2131195,-1.3095424,0.44791695,-0.44532076
3374,2026-05-11 16:08:32.561947,0.08494398,1.3778853,-1.0606717,-1.5932893,0.27382034,-1.3745996
3375,2026-05-11 16:08:32.564683,0.08494398,1.3778853,-1.0606717,-1.5932893,0.27382034,-1.3745996
3376,2026-05-11 16:08:32.567606,0.08494398,1.3778853,-1.0606717,-1.5932893,0.27382034,-1.3745996
3377,2026-05-11 16:08:32.570605,0.09299323,1.3734337,-0.94383556,-1.5932893,0.27382034,-1.3745996
3378,2026-05-11 16:08:32.573274,0.09299323,1.3734337,-0.94383556,-1.5932893,0.27382034,-1.3745996
3379,2026-05-11 16:08:32.575886,0.09299323,1.3734337,-0.94383556,-1.5932893,0.27382034,-1.3745996
3380,2026-05-11 16:08:32.578740,0.091224834,1.3653845,-0.81388897,-1.815797,-0.010995574,-2.0755675
3381,2026-05-11 16:08:32.581330,0.091224834,1.3653845,-0.81388897,-1.815797,-0.010995574,-2.0755675
3382,2026-05-11 16:08:32.584603,0.10348164,1.3151987,-0.61387724,-1.8591684,-0.0012217305,-2.274404
3383,2026-05-11 16:08:32.587549,0.10348164,1.3151987,-0.61387724,-1.8591684,-0.0012217305,-2.274404
3384,2026-05-11 16:08:32.590466,0.060491335,1.2283643,-0.3577038,-1.8591684,-0.0012217305,-2.274404
3385,2026-05-11 16:08:32.593247,0.060491335,1.2283643,-0.3577038,-1.7527251,0.21487185,-2.5864034
3386,2026-05-11 16:08:32.596003,0.060491335,1.2283643,-0.3577038,-1.7527251,0.21487185,-2.5864034
3387,2026-05-11 16:08:32.598763,0.010549396,1.1967162,-0.2669058,-1.8064812,0.1498147,-2.5269969
3388,2026-05-11 16:08:32.602160,-0.19653587,1.1278707,0.028050419,-1.4057536,0.4089743,-2.5692992
3389,2026-05-11 16:08:32.605142,-0.19653587,1.1278707,0.028050419,-1.4057536,0.4089743,-2.5692992
3390,2026-05-11 16:08:32.607873,-0.19653587,1.1278707,0.028050419,-1.4057536,0.4089743,-2.5692992
3391,2026-05-11 16:08:32.610609,-0.102384016,1.1815324,0.25983223,-1.4057536,0.4089743,-2.5692992
3392,2026-05-11 16:08:32.613266,-0.102384016,1.1815324,0.25983223,-1.4057536,0.4089743,-2.5692992
3393,2026-05-11 16:08:32.616131,0.20879267,1.2998929,0.28379703,0.7292204,-0.056046885,-2.0861049
3394,2026-05-11 16:08:32.619323,0.33782458,1.3301386,0.19970676,0.7292204,-0.056046885,-2.0861049
3395,2026-05-11 16:08:32.622243,0.33782458,1.3301386,0.19970676,1.310306,-0.2875648,-2.1164954
3396,2026-05-11 16:08:32.624963,0.33782458,1.3301386,0.19970676,1.310306,-0.2875648,-2.1164954
3397,2026-05-11 16:08:32.627623,0.386303,1.2379991,0.12903193,1.6528486,-0.3277292,-2.2201898
3398,2026-05-11 16:08:32.630245,0.386303,1.2379991,0.12903193,1.6528486,-0.3277292,-2.2201898
3399,2026-05-11 16:08:32.632998,0.386303,1.2379991,0.12903193,1.6528486,-0.3277292,-2.2201898
3400,2026-05-11 16:08:32.636408,0.386303,1.2379991,0.12903193,1.7991508,-0.18860464,-2.3241894
3401,2026-05-11 16:08:32.639142,0.386303,1.2379991,0.12903193,1.7991508,-0.18860464,-2.3241894
3402,2026-05-11 16:08:32.641851,0.2686742,1.0889659,0.17000991,1.7991508,-0.18860464,-2.3241894
3403,2026-05-11 16:08:32.644621,0.2686742,1.0889659,0.17000991,2.0819814,0.37888917,-2.199573
3404,2026-05-11 16:08:32.647372,0.2686742,1.0889659,0.17000991,2.0819814,0.37888917,-2.199573
3405,2026-05-11 16:08:32.650467,0.2686742,1.0889659,0.17000991,2.0819814,0.37888917,-2.199573
3406,2026-05-11 16:08:32.653508,0.2686742,1.0889659,0.17000991,2.0819814,0.37888917,-2.199573
3407,2026-05-11 16:08:32.656278,0.2646496,1.0282917,0.23897736,2.0819814,0.37888917,-2.199573
3408,2026-05-11 16:08:32.659063,0.2646496,1.0282917,0.23897736,2.0819814,0.37888917,-2.199573
3409,2026-05-11 16:08:32.661638,0.2646496,1.0282917,0.23897736,2.0819814,0.37888917,-2.199573
3410,2026-05-11 16:08:32.664279,0.33117786,0.9187731,0.20440216,2.5454755,0.5093089,-2.0551033
3411,2026-05-11 16:08:32.667262,0.33117786,0.9187731,0.20440216,2.5454755,0.5093089,-2.0551033
3412,2026-05-11 16:08:32.670007,0.33117786,0.9187731,0.20440216,2.5454755,0.5093089,-2.0551033
3413,2026-05-11 16:08:32.672673,0.4293543,0.84980565,-0.04469773,2.790127,0.4286747,-2.0819814
3414,2026-05-11 16:08:32.675294,0.4293543,0.84980565,-0.04469773,2.790127,0.4286747,-2.0819814
3415,2026-05-11 16:08:32.678042,0.4293543,0.84980565,-0.04469773,2.790127,0.4286747,-2.0819814
3416,2026-05-11 16:08:32.680654,0.4293543,0.84980565,-0.04469773,2.790127,0.4286747,-2.0819814
3417,2026-05-11 16:08:32.683922,0.4293543,0.84980565,-0.04469773,2.790127,0.4286747,-2.0819814
3418,2026-05-11 16:08:32.686768,0.4293543,0.84980565,-0.04469773,2.790127,0.4286747,-2.0819814
3419,2026-05-11 16:08:32.689506,0.42618343,0.77492326,-0.3530694,2.5940392,0.17333302,-2.2661574
3420,2026-05-11 16:08:32.692182,0.2719671,0.7120538,-0.5490564,2.5940392,0.17333302,-2.2661574
3421,2026-05-11 16:08:32.694777,0.2719671,0.7120538,-0.5490564,2.5940392,0.17333302,-2.2661574
3422,2026-05-11 16:08:32.697531,0.2719671,0.7120538,-0.5490564,2.5940392,0.17333302,-2.2661574
3423,2026-05-11 16:08:32.700681,0.2719671,0.7120538,-0.5490564,2.5940392,0.17333302,-2.2661574
3424,2026-05-11 16:08:32.703603,0.2719671,0.7120538,-0.5490564,2.5940392,0.17333302,-2.2661574
3425,2026-05-11 16:08:32.706281,0.02872119,0.7213836,-0.64400095,2.5940392,0.17333302,-2.2661574
3426,2026-05-11 16:08:32.708943,0.02274523,0.65820915,-0.57015526,1.5265522,0.049632803,-1.5421293
3427,2026-05-11 16:08:32.711746,0.1595215,0.40752378,-0.37898555,0.9966267,0.49098295,-0.9334021
3428,2026-05-11 16:08:32.714350,0.1595215,0.40752378,-0.37898555,0.9966267,0.49098295,-0.9334021
3429,2026-05-11 16:08:32.717500,0.17988855,0.27288178,-0.28965104,0.9966267,0.49098295,-0.9334021
3430,2026-05-11 16:08:32.720442,0.17988855,0.27288178,-0.28965104,0.90133166,0.8046622,-0.52824575
3431,2026-05-11 16:08:32.723211,0.17988855,0.27288178,-0.28965104,0.90133166,0.8046622,-0.52824575
3432,2026-05-11 16:08:32.725850,0.17988855,0.27288178,-0.28965104,0.90133166,0.8046622,-0.52824575
3433,2026-05-11 16:08:32.728765,0.30538365,0.27776012,-0.3266654,0.7699956,0.8384125,-0.004886922
3434,2026-05-11 16:08:32.731430,0.47661316,0.36782634,-0.76047117,0.7699956,0.8384125,-0.004886922
3435,2026-05-11 16:08:32.734495,0.47661316,0.36782634,-0.76047117,0.7699956,0.8384125,-0.004886922
3436,2026-05-11 16:08:32.737260,0.47661316,0.36782634,-0.76047117,0.7699956,0.8384125,-0.004886922
3437,2026-05-11 16:08:32.740030,0.47661316,0.36782634,-0.76047117,0.7699956,0.8384125,-0.004886922
3438,2026-05-11 16:08:32.742664,0.47661316,0.36782634,-0.76047117,0.7699956,0.8384125,-0.004886922
3439,2026-05-11 16:08:32.745326,0.47661316,0.36782634,-0.76047117,0.7699956,0.8384125,-0.004886922
3440,2026-05-11 16:08:32.747938,0.47661316,0.36782634,-0.76047117,0.7699956,0.8384125,-0.004886922
3441,2026-05-11 16:08:32.750923,0.6320491,0.34361762,-1.3042225,0.7699956,0.8384125,-0.004886922
3442,2026-05-11 16:08:32.753794,0.6320491,0.34361762,-1.3042225,0.7699956,0.8384125,-0.004886922
3443,2026-05-11 16:08:32.756637,0.85108626,0.26214942,-1.668756,-1.5728253,1.7632625,0.4437936
3444,2026-05-11 16:08:32.759366,0.85108626,0.26214942,-1.668756,-1.5728253,1.7632625,0.4437936
3445,2026-05-11 16:08:32.761957,0.85108626,0.26214942,-1.668756,-1.5728253,1.7632625,0.4437936
3446,2026-05-11 16:08:32.764691,1.0335358,0.20598765,-1.4359374,-1.5728253,1.7632625,0.4437936
3447,2026-05-11 16:08:32.767707,1.0335358,0.20598765,-1.4359374,-3.571271,2.2739458,0.6423248
3448,2026-05-11 16:08:32.770595,1.0335358,0.20598765,-1.4359374,-3.571271,2.2739458,0.6423248
3449,2026-05-11 16:08:32.773235,1.0335358,0.20598765,-1.4359374,-3.571271,2.2739458,0.6423248
3450,2026-05-11 16:08:32.775990,1.0335358,0.20598765,-1.4359374,-3.571271,2.2739458,0.6423248
3451,2026-05-11 16:08:32.778799,1.2368405,0.104152426,-0.4616733,-4.4921503,1.936901,0.7997753
3452,2026-05-11 16:08:32.781443,1.2223275,0.051710334,-0.28806558,-4.4921503,1.936901,0.7997753
3453,2026-05-11 16:08:32.784584,1.2223275,0.051710334,-0.28806558,-4.3143883,1.7873917,0.829555
3454,2026-05-11 16:08:32.787528,1.2223275,0.051710334,-0.28806558,-4.3143883,1.7873917,0.829555
3455,2026-05-11 16:08:32.790269,1.2223275,0.051710334,-0.28806558,-4.3143883,1.7873917,0.829555
3456,2026-05-11 16:08:32.792977,1.2223275,0.051710334,-0.28806558,-4.3143883,1.7873917,0.829555
3457,2026-05-11 16:08:32.795659,1.2223275,0.051710334,-0.28806558,-4.3143883,1.7873917,0.829555
3458,2026-05-11 16:08:32.798406,1.2223275,0.051710334,-0.28806558,-4.3143883,1.7873917,0.829555
3459,2026-05-11 16:08:32.801437,1.223547,0.07482144,0.019208437,-3.254232,1.3300064,1.1050552
3460,2026-05-11 16:08:32.804365,1.223547,0.07482144,0.019208437,-3.254232,1.3300064,1.1050552
3461,2026-05-11 16:08:32.807073,1.4139849,0.11238461,-0.2695889,-2.2826507,1.0273226,1.3600914
3462,2026-05-11 16:08:32.809659,1.4139849,0.11238461,-0.2695889,-2.2826507,1.0273226,1.3600914
3463,2026-05-11 16:08:32.812440,1.4139849,0.11238461,-0.2695889,-2.2826507,1.0273226,1.3600914
3464,2026-05-11 16:08:32.815052,1.4139849,0.11238461,-0.2695889,-2.2826507,1.0273226,1.3600914
3465,2026-05-11 16:08:32.818058,1.4139849,0.11238461,-0.2695889,-2.2826507,1.0273226,1.3600914
3466,2026-05-11 16:08:32.820884,1.4139849,0.11238461,-0.2695889,-2.2826507,1.0273226,1.3600914
3467,2026-05-11 16:08:32.823492,1.4139849,0.11238461,-0.2695889,-2.2826507,1.0273226,1.3600914
3468,2026-05-11 16:08:32.826129,1.4139849,0.11238461,-0.2695889,-2.2826507,1.0273226,1.3600914
3469,2026-05-11 16:08:32.828971,1.4139849,0.11238461,-0.2695889,-2.1244366,0.9370673,1.4138476
