id,timestamp,acc_x,acc_y,acc_z,gyro_x,gyro_y,gyro_z
1,2026-05-11 16:18:29.012576,0.6737588,-0.29105356,0.5171033,0.090713486,0.17104226,-0.13225232
2,2026-05-11 16:18:29.023793,0.75809306,-0.26769856,0.5418609,0.0050396384,0.106137834,-0.14737125
3,2026-05-11 16:18:29.026925,0.75809306,-0.26769856,0.5418609,0.0050396384,0.106137834,-0.14737125
4,2026-05-11 16:18:29.029769,0.75809306,-0.26769856,0.5418609,0.0050396384,0.106137834,-0.14737125
5,2026-05-11 16:18:29.032679,0.75809306,-0.26769856,0.5418609,0.0050396384,0.106137834,-0.14737125
6,2026-05-11 16:18:29.035416,0.75809306,-0.26769856,0.5418609,0.0050396384,0.106137834,-0.14737125
7,2026-05-11 16:18:29.038251,0.75809306,-0.26769856,0.5418609,0.0050396384,0.106137834,-0.14737125
8,2026-05-11 16:18:29.041419,0.75809306,-0.26769856,0.5418609,0.0050396384,0.106137834,-0.14737125
9,2026-05-11 16:18:29.044237,0.75809306,-0.26769856,0.5418609,0.0050396384,0.106137834,-0.14737125
10,2026-05-11 16:18:29.046915,0.75809306,-0.26769856,0.5418609,0.0050396384,0.106137834,-0.14737125
11,2026-05-11 16:18:29.049610,0.75809306,-0.26769856,0.5418609,0.0050396384,0.106137834,-0.14737125
12,2026-05-11 16:18:29.052329,0.75809306,-0.26769856,0.5418609,-0.035277467,0.08506299,-0.3061962
13,2026-05-11 16:18:29.055319,0.75809306,-0.26769856,0.5418609,-0.035277467,0.08506299,-0.3061962
14,2026-05-11 16:18:29.058430,0.75809306,-0.26769856,0.5418609,-0.035277467,0.08506299,-0.3061962
15,2026-05-11 16:18:29.061126,0.75809306,-0.26769856,0.5418609,-0.035277467,0.08506299,-0.3061962
16,2026-05-11 16:18:29.063696,0.75809306,-0.26769856,0.5418609,-0.035277467,0.08506299,-0.3061962
17,2026-05-11 16:18:29.066490,0.75809306,-0.26769856,0.5418609,-0.035277467,0.08506299,-0.3061962
18,2026-05-11 16:18:29.069187,0.75809306,-0.26769856,0.5418609,-0.035277467,0.08506299,-0.3061962
19,2026-05-11 16:18:29.072059,0.75809306,-0.26769856,0.5418609,-0.035277467,0.08506299,-0.3061962
20,2026-05-11 16:18:29.075010,0.89108855,-0.23861149,0.6315613,-0.035277467,0.08506299,-0.3061962
21,2026-05-11 16:18:29.077725,0.89108855,-0.23861149,0.6315613,-0.035277467,0.08506299,-0.3061962
22,2026-05-11 16:18:29.080307,0.89108855,-0.23861149,0.6315613,-0.035277467,0.08506299,-0.3061962
23,2026-05-11 16:18:29.083035,0.89108855,-0.23861149,0.6315613,-0.035277467,0.08506299,-0.3061962
24,2026-05-11 16:18:29.085600,0.89108855,-0.23861149,0.6315613,-0.035277467,0.08506299,-0.3061962
25,2026-05-11 16:18:29.088764,0.89108855,-0.23861149,0.6315613,-0.035277467,0.08506299,-0.3061962
26,2026-05-11 16:18:29.091721,0.89108855,-0.23861149,0.6315613,-0.035277467,0.08506299,-0.3061962
27,2026-05-11 16:18:29.094455,0.89108855,-0.23861149,0.6315613,-0.035277467,0.08506299,-0.3061962
28,2026-05-11 16:18:29.097037,0.89108855,-0.23861149,0.6315613,-0.035277467,0.08506299,-0.3061962
29,2026-05-11 16:18:29.099833,0.89108855,-0.23861149,0.6315613,-0.035277467,0.08506299,-0.3061962
30,2026-05-11 16:18:29.102447,0.89108855,-0.23861149,0.6315613,-0.035277467,0.08506299,-0.3061962
31,2026-05-11 16:18:29.105608,0.89108855,-0.23861149,0.6315613,-0.035277467,0.08506299,-0.3061962
32,2026-05-11 16:18:29.108301,0.89108855,-0.23861149,0.6315613,-0.035277467,0.08506299,-0.3061962
33,2026-05-11 16:18:29.110893,0.89108855,-0.23861149,0.6315613,-0.035277467,0.08506299,-0.3061962
34,2026-05-11 16:18:29.113599,0.89108855,-0.23861149,0.6315613,-0.035277467,0.08506299,-0.3061962
35,2026-05-11 16:18:29.116247,0.89108855,-0.23861149,0.6315613,-0.035277467,0.08506299,-0.3061962
36,2026-05-11 16:18:29.119022,0.89108855,-0.23861149,0.6315613,-0.035277467,0.08506299,-0.3061962
37,2026-05-11 16:18:29.121884,0.89108855,-0.23861149,0.6315613,-0.035277467,0.08506299,-0.3061962
38,2026-05-11 16:18:29.124766,0.89108855,-0.23861149,0.6315613,-0.035277467,0.08506299,-0.3061962
39,2026-05-11 16:18:29.127377,0.89108855,-0.23861149,0.6315613,-0.035277467,0.08506299,-0.3061962
40,2026-05-11 16:18:29.129951,0.89108855,-0.23861149,0.6315613,-0.035277467,0.08506299,-0.3061962
41,2026-05-11 16:18:29.132504,0.89108855,-0.23861149,0.6315613,-0.035277467,0.08506299,-0.3061962
42,2026-05-11 16:18:29.135244,0.89108855,-0.23861149,0.6315613,-0.035277467,0.08506299,-0.3061962
43,2026-05-11 16:18:29.138120,0.9845696,-0.18842563,0.71437097,0.023518313,0.11636983,-0.5233588
44,2026-05-11 16:18:29.141249,0.9845696,-0.18842563,0.71437097,0.023518313,0.11636983,-0.5233588
45,2026-05-11 16:18:29.143951,0.9845696,-0.18842563,0.71437097,0.023518313,0.11636983,-0.5233588
46,2026-05-11 16:18:29.146587,0.9845696,-0.18842563,0.71437097,0.023518313,0.11636983,-0.5233588
47,2026-05-11 16:18:29.149270,0.9845696,-0.18842563,0.71437097,0.023518313,0.11636983,-0.5233588
48,2026-05-11 16:18:29.151935,0.9845696,-0.18842563,0.71437097,0.023518313,0.11636983,-0.5233588
49,2026-05-11 16:18:29.154699,0.9845696,-0.18842563,0.71437097,0.023518313,0.11636983,-0.5233588
50,2026-05-11 16:18:29.157712,0.9845696,-0.18842563,0.71437097,0.023518313,0.11636983,-0.5233588
51,2026-05-11 16:18:29.160551,0.9845696,-0.18842563,0.71437097,0.023518313,0.11636983,-0.5233588
52,2026-05-11 16:18:29.163235,0.9845696,-0.18842563,0.71437097,0.023518313,0.11636983,-0.5233588
53,2026-05-11 16:18:29.165858,0.9845696,-0.18842563,0.71437097,0.023518313,0.11636983,-0.5233588
54,2026-05-11 16:18:29.168437,0.9845696,-0.18842563,0.71437097,0.023518313,0.11636983,-0.5233588
55,2026-05-11 16:18:29.171497,1.0196327,-0.13092227,0.73510385,0.13439035,0.23197608,-0.77534074
56,2026-05-11 16:18:29.174422,1.0196327,-0.13092227,0.73510385,0.13439035,0.23197608,-0.77534074
57,2026-05-11 16:18:29.177057,1.0196327,-0.13092227,0.73510385,0.13439035,0.23197608,-0.77534074
58,2026-05-11 16:18:29.179754,1.0196327,-0.13092227,0.73510385,0.13439035,0.23197608,-0.77534074
59,2026-05-11 16:18:29.182367,1.0196327,-0.13092227,0.73510385,0.13439035,0.23197608,-0.77534074
60,2026-05-11 16:18:29.185072,1.0196327,-0.13092227,0.73510385,0.13439035,0.23197608,-0.77534074
61,2026-05-11 16:18:29.187654,1.0196327,-0.13092227,0.73510385,0.13439035,0.23197608,-0.77534074
62,2026-05-11 16:18:29.190814,1.0196327,-0.13092227,0.73510385,0.13439035,0.23197608,-0.77534074
63,2026-05-11 16:18:29.193668,1.0196327,-0.13092227,0.73510385,0.13439035,0.23197608,-0.77534074
64,2026-05-11 16:18:29.196332,1.0196327,-0.13092227,0.73510385,0.13439035,0.23197608,-0.77534074
65,2026-05-11 16:18:29.198985,1.0196327,-0.13092227,0.73510385,0.13439035,0.23197608,-0.77534074
66,2026-05-11 16:18:29.201823,1.0196327,-0.13092227,0.73510385,0.13439035,0.23197608,-0.77534074
67,2026-05-11 16:18:29.204628,1.0196327,-0.13092227,0.73510385,0.13439035,0.23197608,-0.77534074
68,2026-05-11 16:18:29.207626,1.0196327,-0.13092227,0.73510385,0.13439035,0.23197608,-0.77534074
69,2026-05-11 16:18:29.210229,1.0196327,-0.13092227,0.73510385,0.13439035,0.23197608,-0.77534074
70,2026-05-11 16:18:29.213074,1.0196327,-0.13092227,0.73510385,0.13439035,0.23197608,-0.77534074
71,2026-05-11 16:18:29.215780,1.0196327,-0.13092227,0.73510385,0.13439035,0.23197608,-0.77534074
72,2026-05-11 16:18:29.218629,1.0196327,-0.13092227,0.73510385,0.13439035,0.23197608,-0.77534074
73,2026-05-11 16:18:29.221675,1.0196327,-0.13092227,0.73510385,0.18829921,0.33322698,-0.92347556
74,2026-05-11 16:18:29.224800,1.0196327,-0.13092227,0.73510385,0.18829921,0.33322698,-0.92347556
75,2026-05-11 16:18:29.227395,1.0196327,-0.13092227,0.73510385,0.18829921,0.33322698,-0.92347556
76,2026-05-11 16:18:29.230113,1.0196327,-0.13092227,0.73510385,0.18829921,0.33322698,-0.92347556
77,2026-05-11 16:18:29.232723,1.0196327,-0.13092227,0.73510385,0.18829921,0.33322698,-0.92347556
78,2026-05-11 16:18:29.235496,1.0196327,-0.13092227,0.73510385,0.18829921,0.33322698,-0.92347556
79,2026-05-11 16:18:29.238539,1.0055465,-0.077809416,0.6913818,0.18829921,0.33322698,-0.92347556
80,2026-05-11 16:18:29.241519,1.0055465,-0.077809416,0.6913818,0.18829921,0.33322698,-0.92347556
81,2026-05-11 16:18:29.244121,1.0055465,-0.077809416,0.6913818,0.18829921,0.33322698,-0.92347556
82,2026-05-11 16:18:29.246943,1.0055465,-0.077809416,0.6913818,0.18829921,0.33322698,-0.92347556
83,2026-05-11 16:18:29.249765,1.0055465,-0.077809416,0.6913818,0.18829921,0.33322698,-0.92347556
84,2026-05-11 16:18:29.252560,1.0055465,-0.077809416,0.6913818,0.18829921,0.33322698,-0.92347556
85,2026-05-11 16:18:29.255698,1.0055465,-0.077809416,0.6913818,0.18829921,0.33322698,-0.92347556
86,2026-05-11 16:18:29.258475,1.0055465,-0.077809416,0.6913818,0.18829921,0.33322698,-0.92347556
87,2026-05-11 16:18:29.261098,1.0055465,-0.077809416,0.6913818,0.18829921,0.33322698,-0.92347556
88,2026-05-11 16:18:29.263766,1.0055465,-0.077809416,0.6913818,0.18829921,0.33322698,-0.92347556
89,2026-05-11 16:18:29.266327,1.0055465,-0.077809416,0.6913818,0.18829921,0.33322698,-0.92347556
90,2026-05-11 16:18:29.269014,1.0055465,-0.077809416,0.6913818,0.18829921,0.33322698,-0.92347556
91,2026-05-11 16:18:29.271696,1.0055465,-0.077809416,0.6913818,0.18829921,0.33322698,-0.92347556
92,2026-05-11 16:18:29.274610,1.0055465,-0.077809416,0.6913818,0.18829921,0.33322698,-0.92347556
93,2026-05-11 16:18:29.277317,1.0055465,-0.077809416,0.6913818,0.18829921,0.33322698,-0.92347556
94,2026-05-11 16:18:29.279867,1.0055465,-0.077809416,0.6913818,0.18829921,0.33322698,-0.92347556
95,2026-05-11 16:18:29.282439,1.0055465,-0.077809416,0.6913818,0.18829921,0.33322698,-0.92347556
96,2026-05-11 16:18:29.285249,1.0055465,-0.077809416,0.6913818,0.18829921,0.33322698,-0.92347556
97,2026-05-11 16:18:29.287966,0.9750569,-0.037624147,0.5643012,0.18829921,0.33322698,-0.92347556
98,2026-05-11 16:18:29.291084,0.9750569,-0.037624147,0.5643012,0.18829921,0.33322698,-0.92347556
99,2026-05-11 16:18:29.293786,0.9750569,-0.037624147,0.5643012,0.18829921,0.33322698,-0.92347556
100,2026-05-11 16:18:29.296381,0.9750569,-0.037624147,0.5643012,0.18829921,0.33322698,-0.92347556
101,2026-05-11 16:18:29.299175,0.9750569,-0.037624147,0.5643012,0.18829921,0.33322698,-0.92347556
102,2026-05-11 16:18:29.301792,0.9750569,-0.037624147,0.5643012,0.15225816,0.41645738,-1.0201449
103,2026-05-11 16:18:29.304474,0.9750569,-0.037624147,0.5643012,0.15225816,0.41645738,-1.0201449
104,2026-05-11 16:18:29.321927,2.1702487,0.8132182,2.4544725,3.4782667,2.5697575,-3.530343
105,2026-05-11 16:18:29.333593,2.1702487,0.8132182,2.4544725,3.73819,2.5734227,-3.6566393
106,2026-05-11 16:18:29.337465,2.1702487,0.8132182,2.4544725,3.73819,2.5734227,-3.6566393
107,2026-05-11 16:18:29.342613,2.1702487,0.8132182,2.4544725,3.73819,2.5734227,-3.6566393
108,2026-05-11 16:18:29.351196,2.1702487,0.8132182,2.4544725,3.73819,2.5734227,-3.6566393
109,2026-05-11 16:18:29.354064,2.1702487,0.8132182,2.4544725,3.73819,2.5734227,-3.6566393
110,2026-05-11 16:18:29.357176,2.1702487,0.8132182,2.4544725,3.73819,2.5734227,-3.6566393
111,2026-05-11 16:18:29.360004,2.1702487,0.8132182,2.4544725,3.73819,2.5734227,-3.6566393
112,2026-05-11 16:18:29.362727,2.1702487,0.8132182,2.4544725,3.73819,2.5734227,-3.6566393
113,2026-05-11 16:18:29.365336,2.1702487,0.8132182,2.4544725,3.73819,2.5734227,-3.6566393
114,2026-05-11 16:18:29.368126,2.1702487,0.8132182,2.4544725,3.73819,2.5734227,-3.6566393
115,2026-05-11 16:18:29.370730,2.1702487,0.8132182,2.4544725,3.73819,2.5734227,-3.6566393
116,2026-05-11 16:18:29.373714,2.1702487,0.8132182,2.4544725,3.73819,2.5734227,-3.6566393
117,2026-05-11 16:18:29.376385,2.1702487,0.8132182,2.4544725,3.73819,2.5734227,-3.6566393
118,2026-05-11 16:18:29.378951,2.1702487,0.8132182,2.4544725,3.73819,2.5734227,-3.6566393
119,2026-05-11 16:18:29.381519,2.1702487,0.8132182,2.4544725,3.73819,2.5734227,-3.6566393
120,2026-05-11 16:18:29.384336,2.1702487,0.8132182,2.4544725,3.73819,2.5734227,-3.6566393
121,2026-05-11 16:18:29.386994,2.1702487,0.8132182,2.4544725,3.73819,2.5734227,-3.6566393
122,2026-05-11 16:18:29.390161,2.1702487,0.8132182,2.4544725,3.73819,2.5734227,-3.6566393
123,2026-05-11 16:18:29.392877,2.1702487,0.8132182,2.4544725,3.73819,2.5734227,-3.6566393
124,2026-05-11 16:18:29.395643,2.1702487,0.8132182,2.4544725,3.73819,2.5734227,-3.6566393
125,2026-05-11 16:18:29.398250,2.1702487,0.8132182,2.4544725,3.73819,2.5734227,-3.6566393
126,2026-05-11 16:18:29.400932,2.1702487,0.8132182,2.4544725,3.73819,2.5734227,-3.6566393
127,2026-05-11 16:18:29.403515,2.1702487,0.8132182,2.4544725,3.73819,2.5734227,-3.6566393
128,2026-05-11 16:18:29.406554,2.1702487,0.8132182,2.4544725,3.73819,2.5734227,-3.6566393
129,2026-05-11 16:18:29.409254,2.1702487,0.8132182,2.4544725,3.73819,2.5734227,-3.6566393
130,2026-05-11 16:18:29.411812,2.1702487,0.8132182,2.4544725,3.73819,2.5734227,-3.6566393
131,2026-05-11 16:18:29.414374,2.1702487,0.8132182,2.4544725,3.73819,2.5734227,-3.6566393
132,2026-05-11 16:18:29.417139,2.1702487,0.8132182,2.4544725,3.73819,2.5734227,-3.6566393
133,2026-05-11 16:18:29.419738,2.1702487,0.8132182,2.4544725,3.73819,2.5734227,-3.6566393
134,2026-05-11 16:18:29.422759,2.1702487,0.8132182,2.4544725,3.73819,2.5734227,-3.6566393
135,2026-05-11 16:18:29.425537,2.1702487,0.8132182,2.4544725,3.73819,2.5734227,-3.6566393
136,2026-05-11 16:18:29.428410,2.1702487,0.8132182,2.4544725,3.73819,2.5734227,-3.6566393
137,2026-05-11 16:18:29.431007,2.1008542,0.67772245,2.5186226,3.73819,2.5734227,-3.6566393
138,2026-05-11 16:18:29.433645,2.1008542,0.67772245,2.5186226,3.73819,2.5734227,-3.6566393
139,2026-05-11 16:18:29.436169,2.1008542,0.67772245,2.5186226,3.73819,2.5734227,-3.6566393
140,2026-05-11 16:18:29.439156,2.1008542,0.67772245,2.5186226,3.73819,2.5734227,-3.6566393
141,2026-05-11 16:18:29.441850,2.1008542,0.67772245,2.5186226,3.73819,2.5734227,-3.6566393
142,2026-05-11 16:18:29.444449,2.1008542,0.67772245,2.5186226,3.73819,2.5734227,-3.6566393
143,2026-05-11 16:18:29.447051,2.1008542,0.67772245,2.5186226,3.73819,2.5734227,-3.6566393
144,2026-05-11 16:18:29.449666,2.1008542,0.67772245,2.5186226,3.73819,2.5734227,-3.6566393
145,2026-05-11 16:18:29.452229,2.1008542,0.67772245,2.5186226,3.73819,2.5734227,-3.6566393
146,2026-05-11 16:18:29.455309,2.1008542,0.67772245,2.5186226,3.73819,2.5734227,-3.6566393
147,2026-05-11 16:18:29.458112,2.1008542,0.67772245,2.5186226,3.73819,2.5734227,-3.6566393
148,2026-05-11 16:18:29.460759,2.1008542,0.67772245,2.5186226,3.73819,2.5734227,-3.6566393
149,2026-05-11 16:18:29.463382,2.1008542,0.67772245,2.5186226,3.73819,2.5734227,-3.6566393
150,2026-05-11 16:18:29.465965,2.1008542,0.67772245,2.5186226,3.73819,2.5734227,-3.6566393
151,2026-05-11 16:18:29.468704,2.1008542,0.67772245,2.5186226,3.73819,2.5734227,-3.6566393
152,2026-05-11 16:18:29.471695,2.1008542,0.67772245,2.5186226,3.73819,2.5734227,-3.6566393
153,2026-05-11 16:18:29.474725,2.1008542,0.67772245,2.5186226,3.73819,2.5734227,-3.6566393
154,2026-05-11 16:18:29.477334,2.1008542,0.67772245,2.5186226,3.73819,2.5734227,-3.6566393
155,2026-05-11 16:18:29.479942,2.1008542,0.67772245,2.5186226,3.73819,2.5734227,-3.6566393
156,2026-05-11 16:18:29.482510,2.1008542,0.67772245,2.5186226,3.73819,2.5734227,-3.6566393
157,2026-05-11 16:18:29.485261,2.1008542,0.67772245,2.5186226,3.73819,2.5734227,-3.6566393
158,2026-05-11 16:18:29.488110,2.1008542,0.67772245,2.5186226,3.73819,2.5734227,-3.6566393
159,2026-05-11 16:18:29.491057,2.1008542,0.67772245,2.5186226,3.73819,2.5734227,-3.6566393
160,2026-05-11 16:18:29.493636,2.1008542,0.67772245,2.5186226,3.73819,2.5734227,-3.6566393
161,2026-05-11 16:18:29.496233,2.1008542,0.67772245,2.5186226,3.73819,2.5734227,-3.6566393
162,2026-05-11 16:18:29.498797,2.1008542,0.67772245,2.5186226,3.73819,2.5734227,-3.6566393
163,2026-05-11 16:18:29.501335,2.1008542,0.67772245,2.5186226,3.73819,2.5734227,-3.6566393
164,2026-05-11 16:18:29.503860,2.1008542,0.67772245,2.5186226,3.73819,2.5734227,-3.6566393
165,2026-05-11 16:18:29.506723,2.1008542,0.67772245,2.5186226,3.73819,2.5734227,-3.6566393
166,2026-05-11 16:18:29.509358,2.1008542,0.67772245,2.5186226,3.73819,2.5734227,-3.6566393
167,2026-05-11 16:18:29.512000,2.1008542,0.67772245,2.5186226,3.73819,2.5734227,-3.6566393
168,2026-05-11 16:18:29.514513,2.1008542,0.67772245,2.5186226,3.73819,2.5734227,-3.6566393
169,2026-05-11 16:18:29.517263,2.1008542,0.67772245,2.5186226,3.73819,2.5734227,-3.6566393
170,2026-05-11 16:18:29.519853,2.1008542,0.67772245,2.5186226,3.73819,2.5734227,-3.6566393
171,2026-05-11 16:18:29.523013,2.1008542,0.67772245,2.5186226,3.73819,2.5734227,-3.6566393
172,2026-05-11 16:18:29.525922,2.1008542,0.67772245,2.5186226,3.73819,2.5734227,-3.6566393
173,2026-05-11 16:18:29.528528,2.1008542,0.67772245,2.5186226,3.73819,2.5734227,-3.6566393
174,2026-05-11 16:18:29.531378,2.1008542,0.67772245,2.5186226,3.73819,2.5734227,-3.6566393
175,2026-05-11 16:18:29.533977,2.1008542,0.67772245,2.5186226,3.73819,2.5734227,-3.6566393
176,2026-05-11 16:18:29.536550,2.1008542,0.67772245,2.5186226,3.73819,2.5734227,-3.6566393
177,2026-05-11 16:18:29.539508,2.1008542,0.67772245,2.5186226,3.73819,2.5734227,-3.6566393
178,2026-05-11 16:18:29.542530,2.1008542,0.67772245,2.5186226,3.73819,2.5734227,-3.6566393
179,2026-05-11 16:18:29.545168,2.1008542,0.67772245,2.5186226,3.73819,2.5734227,-3.6566393
180,2026-05-11 16:18:29.547756,2.1008542,0.67772245,2.5186226,3.73819,2.5734227,-3.6566393
181,2026-05-11 16:18:29.550458,2.1008542,0.67772245,2.5186226,3.73819,2.5734227,-3.6566393
182,2026-05-11 16:18:29.553027,2.1008542,0.67772245,2.5186226,3.73819,2.5734227,-3.6566393
183,2026-05-11 16:18:29.556037,2.1008542,0.67772245,2.5186226,3.73819,2.5734227,-3.6566393
184,2026-05-11 16:18:29.558786,2.1008542,0.67772245,2.5186226,3.73819,2.5734227,-3.6566393
185,2026-05-11 16:18:29.561400,2.1008542,0.67772245,2.5186226,3.73819,2.5734227,-3.6566393
186,2026-05-11 16:18:29.563998,2.1008542,0.67772245,2.5186226,3.73819,2.5734227,-3.6566393
187,2026-05-11 16:18:29.566699,2.1008542,0.67772245,2.5186226,3.73819,2.5734227,-3.6566393
188,2026-05-11 16:18:29.569275,2.1008542,0.67772245,2.5186226,3.73819,2.5734227,-3.6566393
189,2026-05-11 16:18:29.572388,2.1008542,0.67772245,2.5186226,3.73819,2.5734227,-3.6566393
190,2026-05-11 16:18:29.575056,2.1008542,0.67772245,2.5186226,3.73819,2.5734227,-3.6566393
191,2026-05-11 16:18:29.577642,2.1008542,0.67772245,2.5186226,3.73819,2.5734227,-3.6566393
192,2026-05-11 16:18:29.580500,2.1008542,0.67772245,2.5186226,3.73819,2.5734227,-3.6566393
193,2026-05-11 16:18:29.583268,2.1008542,0.67772245,2.5186226,3.73819,2.5734227,-3.6566393
194,2026-05-11 16:18:29.585965,2.1008542,0.67772245,2.5186226,3.73819,2.5734227,-3.6566393
195,2026-05-11 16:18:29.588923,2.1008542,0.67772245,2.5186226,3.73819,2.5734227,-3.6566393
196,2026-05-11 16:18:29.591728,2.1008542,0.67772245,2.5186226,3.73819,2.5734227,-3.6566393
197,2026-05-11 16:18:29.594323,2.1008542,0.67772245,2.5186226,3.73819,2.5734227,-3.6566393
198,2026-05-11 16:18:29.597003,2.1153674,0.56271577,2.5986881,3.73819,2.5734227,-3.6566393
199,2026-05-11 16:18:29.599559,2.1153674,0.56271577,2.5986881,3.73819,2.5734227,-3.6566393
200,2026-05-11 16:18:29.602312,2.1153674,0.56271577,2.5986881,3.73819,2.5734227,-3.6566393
201,2026-05-11 16:18:29.605390,2.1153674,0.56271577,2.5986881,3.73819,2.5734227,-3.6566393
202,2026-05-11 16:18:29.608173,2.1153674,0.56271577,2.5986881,3.73819,2.5734227,-3.6566393
203,2026-05-11 16:18:29.610753,2.1153674,0.56271577,2.5986881,3.73819,2.5734227,-3.6566393
204,2026-05-11 16:18:29.613572,2.1153674,0.56271577,2.5986881,3.73819,2.5734227,-3.6566393
205,2026-05-11 16:18:29.616158,2.1153674,0.56271577,2.5986881,3.73819,2.5734227,-3.6566393
206,2026-05-11 16:18:29.619005,2.1153674,0.56271577,2.5986881,3.73819,2.5734227,-3.6566393
207,2026-05-11 16:18:29.622311,2.1153674,0.56271577,2.5986881,3.73819,2.5734227,-3.6566393
208,2026-05-11 16:18:29.625252,2.1153674,0.56271577,2.5986881,3.73819,2.5734227,-3.6566393
209,2026-05-11 16:18:29.627872,2.1153674,0.56271577,2.5986881,3.73819,2.5734227,-3.6566393
210,2026-05-11 16:18:29.630601,2.1153674,0.56271577,2.5986881,3.73819,2.5734227,-3.6566393
211,2026-05-11 16:18:29.633182,2.1153674,0.56271577,2.5986881,3.73819,2.5734227,-3.6566393
212,2026-05-11 16:18:29.635914,2.1153674,0.56271577,2.5986881,3.73819,2.5734227,-3.6566393
213,2026-05-11 16:18:29.638778,2.1153674,0.56271577,2.5986881,3.73819,2.5734227,-3.6566393
214,2026-05-11 16:18:29.641577,2.1153674,0.56271577,2.5986881,3.73819,2.5734227,-3.6566393
215,2026-05-11 16:18:29.644350,2.1153674,0.56271577,2.5986881,3.73819,2.5734227,-3.6566393
216,2026-05-11 16:18:29.646938,2.1153674,0.56271577,2.5986881,3.73819,2.5734227,-3.6566393
217,2026-05-11 16:18:29.649548,2.1153674,0.56271577,2.5986881,3.73819,2.5734227,-3.6566393
218,2026-05-11 16:18:29.652247,2.1153674,0.56271577,2.5986881,3.73819,2.5734227,-3.6566393
219,2026-05-11 16:18:29.655332,2.1153674,0.56271577,2.5986881,3.73819,2.5734227,-3.6566393
220,2026-05-11 16:18:29.658138,2.1153674,0.56271577,2.5986881,3.73819,2.5734227,-3.6566393
221,2026-05-11 16:18:29.660857,2.1153674,0.56271577,2.5986881,4.1040983,2.3348796,-3.7501018
222,2026-05-11 16:18:29.663454,2.1153674,0.56271577,2.5986881,4.1040983,2.3348796,-3.7501018
223,2026-05-11 16:18:29.666219,2.2708032,0.3070301,2.7510142,4.8560734,1.5673275,-4.0022364
224,2026-05-11 16:18:29.668975,2.2708032,0.3070301,2.7510142,4.8560734,1.5673275,-4.0022364
225,2026-05-11 16:18:29.672134,2.2708032,0.3070301,2.7510142,4.8560734,1.5673275,-4.0022364
226,2026-05-11 16:18:29.674859,2.2708032,0.3070301,2.7510142,4.8560734,1.5673275,-4.0022364
227,2026-05-11 16:18:29.677432,2.2708032,0.3070301,2.7510142,4.8560734,1.5673275,-4.0022364
228,2026-05-11 16:18:29.680231,2.2708032,0.3070301,2.7510142,4.8560734,1.5673275,-4.0022364
229,2026-05-11 16:18:29.682899,2.2708032,0.3070301,2.7510142,4.8560734,1.5673275,-4.0022364
230,2026-05-11 16:18:29.685577,2.2708032,0.3070301,2.7510142,4.8560734,1.5673275,-4.0022364
231,2026-05-11 16:18:29.688541,2.2944021,0.19104773,2.7186344,5.357899,1.0329732,-4.261396
232,2026-05-11 16:18:29.691413,2.2944021,0.19104773,2.7186344,5.357899,1.0329732,-4.261396
233,2026-05-11 16:18:29.694020,2.2944021,0.19104773,2.7186344,5.357899,1.0329732,-4.261396
234,2026-05-11 16:18:29.696862,2.2944021,0.19104773,2.7186344,5.357899,1.0329732,-4.261396
235,2026-05-11 16:18:29.699576,2.2944021,0.19104773,2.7186344,5.357899,1.0329732,-4.261396
236,2026-05-11 16:18:29.702215,2.2944021,0.19104773,2.7186344,5.357899,1.0329732,-4.261396
237,2026-05-11 16:18:29.705093,2.2944021,0.19104773,2.7186344,5.357899,1.0329732,-4.261396
238,2026-05-11 16:18:29.708110,2.2944021,0.19104773,2.7186344,5.357899,1.0329732,-4.261396
239,2026-05-11 16:18:29.710781,2.2944021,0.19104773,2.7186344,5.357899,1.0329732,-4.261396
240,2026-05-11 16:18:29.713576,2.2944021,0.19104773,2.7186344,5.357899,1.0329732,-4.261396
241,2026-05-11 16:18:29.716312,2.2944021,0.19104773,2.7186344,5.7939043,0.6000224,-4.6561675
242,2026-05-11 16:18:29.718989,2.2944021,0.19104773,2.7186344,5.7939043,0.6000224,-4.6561675
243,2026-05-11 16:18:29.722122,2.1748831,-0.039392542,2.7453432,5.974109,0.33460143,-4.969389
244,2026-05-11 16:18:29.725515,2.1748831,-0.039392542,2.7453432,5.974109,0.33460143,-4.969389
245,2026-05-11 16:18:29.728270,2.1748831,-0.039392542,2.7453432,5.974109,0.33460143,-4.969389
246,2026-05-11 16:18:29.730963,2.1748831,-0.039392542,2.7453432,5.974109,0.33460143,-4.969389
247,2026-05-11 16:18:29.733558,2.1748831,-0.039392542,2.7453432,5.974109,0.33460143,-4.969389
248,2026-05-11 16:18:29.736254,2.1748831,-0.039392542,2.7453432,5.974109,0.33460143,-4.969389
249,2026-05-11 16:18:29.739919,1.9539555,-0.42154896,3.006334,6.3421555,0.24617869,-5.07965
250,2026-05-11 16:18:29.743225,1.9539555,-0.42154896,3.006334,6.3421555,0.24617869,-5.07965
251,2026-05-11 16:18:29.746027,1.9539555,-0.42154896,3.006334,6.3421555,0.24617869,-5.07965
252,2026-05-11 16:18:29.748679,1.9539555,-0.42154896,3.006334,6.3421555,0.24617869,-5.07965
253,2026-05-11 16:18:29.751279,1.9539555,-0.42154896,3.006334,6.3421555,0.24617869,-5.07965
254,2026-05-11 16:18:29.754101,1.9539555,-0.42154896,3.006334,6.3421555,0.24617869,-5.07965
255,2026-05-11 16:18:29.757207,1.9539555,-0.42154896,3.006334,6.3421555,0.24617869,-5.07965
256,2026-05-11 16:18:29.760035,2.0536563,-0.26153967,2.8795583,6.3421555,0.24617869,-5.07965
257,2026-05-11 16:18:29.762635,2.0536563,-0.26153967,2.8795583,6.3421555,0.24617869,-5.07965
258,2026-05-11 16:18:29.765208,2.0536563,-0.26153967,2.8795583,6.3421555,0.24617869,-5.07965
259,2026-05-11 16:18:29.768089,2.0536563,-0.26153967,2.8795583,6.3421555,0.24617869,-5.07965
260,2026-05-11 16:18:29.770717,2.0536563,-0.26153967,2.8795583,6.3421555,0.24617869,-5.07965
261,2026-05-11 16:18:29.773848,2.0536563,-0.26153967,2.8795583,6.3421555,0.24617869,-5.07965
262,2026-05-11 16:18:29.776547,2.0536563,-0.26153967,2.8795583,6.3421555,0.24617869,-5.07965
263,2026-05-11 16:18:29.779110,2.0536563,-0.26153967,2.8795583,6.3421555,0.24617869,-5.07965
264,2026-05-11 16:18:29.781734,2.0536563,-0.26153967,2.8795583,6.3421555,0.24617869,-5.07965
265,2026-05-11 16:18:29.784596,2.0536563,-0.26153967,2.8795583,6.3421555,0.24617869,-5.07965
266,2026-05-11 16:18:29.787382,2.0536563,-0.26153967,2.8795583,6.3421555,0.24617869,-5.07965
267,2026-05-11 16:18:29.790562,2.0536563,-0.26153967,2.8795583,6.3421555,0.24617869,-5.07965
268,2026-05-11 16:18:29.793225,2.0536563,-0.26153967,2.8795583,6.3421555,0.24617869,-5.07965
269,2026-05-11 16:18:29.795880,2.0536563,-0.26153967,2.8795583,6.3421555,0.24617869,-5.07965
270,2026-05-11 16:18:29.798495,2.0536563,-0.26153967,2.8795583,6.09613,0.26236662,-5.0863695
271,2026-05-11 16:18:29.801274,2.0536563,-0.26153967,2.8795583,6.09613,0.26236662,-5.0863695
272,2026-05-11 16:18:29.803927,2.0536563,-0.26153967,2.8795583,6.09613,0.26236662,-5.0863695
273,2026-05-11 16:18:29.807282,2.0536563,-0.26153967,2.8795583,6.09613,0.26236662,-5.0863695
274,2026-05-11 16:18:29.810298,2.0536563,-0.26153967,2.8795583,6.09613,0.26236662,-5.0863695
275,2026-05-11 16:18:29.812929,2.0536563,-0.26153967,2.8795583,6.09613,0.26236662,-5.0863695
276,2026-05-11 16:18:29.815698,1.8116301,-0.6515624,3.1998818,6.09613,0.26236662,-5.0863695
277,2026-05-11 16:18:29.818321,1.8116301,-0.6515624,3.1998818,6.09613,0.26236662,-5.0863695
278,2026-05-11 16:18:29.821118,1.8116301,-0.6515624,3.1998818,6.09613,0.26236662,-5.0863695
279,2026-05-11 16:18:29.824545,1.8116301,-0.6515624,3.1998818,6.09613,0.26236662,-5.0863695
280,2026-05-11 16:18:29.827393,1.8116301,-0.6515624,3.1998818,6.09613,0.26236662,-5.0863695
281,2026-05-11 16:18:29.830016,1.8116301,-0.6515624,3.1998818,6.09613,0.26236662,-5.0863695
282,2026-05-11 16:18:29.832604,1.8116301,-0.6515624,3.1998818,6.09613,0.26236662,-5.0863695
283,2026-05-11 16:18:29.835381,1.8116301,-0.6515624,3.1998818,6.09613,0.26236662,-5.0863695
284,2026-05-11 16:18:29.838630,1.7369306,-1.1206142,3.0887778,7.8528256,-0.38453966,-4.794681
285,2026-05-11 16:18:29.841536,1.7369306,-1.1206142,3.0887778,7.8528256,-0.38453966,-4.794681
286,2026-05-11 16:18:29.844224,1.7369306,-1.1206142,3.0887778,7.8528256,-0.38453966,-4.794681
287,2026-05-11 16:18:29.846895,1.7369306,-1.1206142,3.0887778,7.8528256,-0.38453966,-4.794681
288,2026-05-11 16:18:29.849616,1.7369306,-1.1206142,3.0887778,7.8528256,-0.38453966,-4.794681
289,2026-05-11 16:18:29.852256,1.7369306,-1.1206142,3.0887778,7.8528256,-0.38453966,-4.794681
290,2026-05-11 16:18:29.855294,1.7369306,-1.1206142,3.0887778,7.8528256,-0.38453966,-4.794681
291,2026-05-11 16:18:29.858125,1.7369306,-1.1206142,3.0887778,7.8528256,-0.38453966,-4.794681
292,2026-05-11 16:18:29.860739,1.7369306,-1.1206142,3.0887778,8.701776,-0.7510588,-4.7256536
293,2026-05-11 16:18:29.863603,1.7369306,-1.1206142,3.0887778,8.701776,-0.7510588,-4.7256536
294,2026-05-11 16:18:29.866180,1.7369306,-1.1206142,3.0887778,8.701776,-0.7510588,-4.7256536
295,2026-05-11 16:18:29.868825,1.7369306,-1.1206142,3.0887778,8.701776,-0.7510588,-4.7256536
296,2026-05-11 16:18:29.871879,1.7369306,-1.1206142,3.0887778,8.701776,-0.7510588,-4.7256536
297,2026-05-11 16:18:29.874837,1.7369306,-1.1206142,3.0887778,8.701776,-0.7510588,-4.7256536
298,2026-05-11 16:18:29.877564,1.7369306,-1.1206142,3.0887778,8.701776,-0.7510588,-4.7256536
299,2026-05-11 16:18:29.880273,1.7369306,-1.1206142,3.0887778,8.701776,-0.7510588,-4.7256536
300,2026-05-11 16:18:29.882927,1.7369306,-1.1206142,3.0887778,8.701776,-0.7510588,-4.7256536
301,2026-05-11 16:18:29.885490,1.7369306,-1.1206142,3.0887778,8.701776,-0.7510588,-4.7256536
302,2026-05-11 16:18:29.888238,1.7369306,-1.1206142,3.0887778,8.701776,-0.7510588,-4.7256536
303,2026-05-11 16:18:29.891394,1.7369306,-1.1206142,3.0887778,8.701776,-0.7510588,-4.7256536
304,2026-05-11 16:18:29.894002,1.7369306,-1.1206142,3.0887778,8.701776,-0.7510588,-4.7256536
305,2026-05-11 16:18:29.896833,1.7369306,-1.1206142,3.0887778,8.701776,-0.7510588,-4.7256536
306,2026-05-11 16:18:29.899539,1.7369306,-1.1206142,3.0887778,8.701776,-0.7510588,-4.7256536
307,2026-05-11 16:18:29.902224,1.7369306,-1.1206142,3.0887778,8.701776,-0.7510588,-4.7256536
308,2026-05-11 16:18:29.905275,1.7369306,-1.1206142,3.0887778,8.701776,-0.7510588,-4.7256536
309,2026-05-11 16:18:29.908136,1.7369306,-1.1206142,3.0887778,8.701776,-0.7510588,-4.7256536
310,2026-05-11 16:18:29.910831,1.7369306,-1.1206142,3.0887778,8.701776,-0.7510588,-4.7256536
311,2026-05-11 16:18:29.913397,1.7369306,-1.1206142,3.0887778,8.701776,-0.7510588,-4.7256536
312,2026-05-11 16:18:29.916000,1.7369306,-1.1206142,3.0887778,8.701776,-0.7510588,-4.7256536
313,2026-05-11 16:18:29.918800,1.7369306,-1.1206142,3.0887778,8.701776,-0.7510588,-4.7256536
314,2026-05-11 16:18:29.921599,1.7369306,-1.1206142,3.0887778,8.701776,-0.7510588,-4.7256536
315,2026-05-11 16:18:29.924901,1.7369306,-1.1206142,3.0887778,8.701776,-0.7510588,-4.7256536
316,2026-05-11 16:18:29.927778,1.7369306,-1.1206142,3.0887778,8.701776,-0.7510588,-4.7256536
317,2026-05-11 16:18:29.930465,1.7369306,-1.1206142,3.0887778,8.701776,-0.7510588,-4.7256536
318,2026-05-11 16:18:29.933287,1.7369306,-1.1206142,3.0887778,8.701776,-0.7510588,-4.7256536
319,2026-05-11 16:18:29.935962,1.7369306,-1.1206142,3.0887778,8.701776,-0.7510588,-4.7256536
320,2026-05-11 16:18:29.939063,1.7369306,-1.1206142,3.0887778,8.701776,-0.7510588,-4.7256536
321,2026-05-11 16:18:29.942328,1.7369306,-1.1206142,3.0887778,8.701776,-0.7510588,-4.7256536
322,2026-05-11 16:18:29.945086,1.7369306,-1.1206142,3.0887778,8.701776,-0.7510588,-4.7256536
323,2026-05-11 16:18:29.947816,1.7369306,-1.1206142,3.0887778,8.701776,-0.7510588,-4.7256536
324,2026-05-11 16:18:29.950475,1.7369306,-1.1206142,3.0887778,8.701776,-0.7510588,-4.7256536
325,2026-05-11 16:18:29.953176,1.7369306,-1.1206142,3.0887778,8.701776,-0.7510588,-4.7256536
326,2026-05-11 16:18:29.956259,1.7369306,-1.1206142,3.0887778,8.701776,-0.7510588,-4.7256536
327,2026-05-11 16:18:29.958996,1.7369306,-1.1206142,3.0887778,8.701776,-0.7510588,-4.7256536
328,2026-05-11 16:18:29.961585,1.7369306,-1.1206142,3.0887778,8.701776,-0.7510588,-4.7256536
329,2026-05-11 16:18:29.964177,1.7369306,-1.1206142,3.0887778,8.701776,-0.7510588,-4.7256536
330,2026-05-11 16:18:29.966774,1.7369306,-1.1206142,3.0887778,8.701776,-0.7510588,-4.7256536
331,2026-05-11 16:18:29.969314,1.7369306,-1.1206142,3.0887778,8.701776,-0.7510588,-4.7256536
332,2026-05-11 16:18:29.972329,1.7369306,-1.1206142,3.0887778,8.701776,-0.7510588,-4.7256536
333,2026-05-11 16:18:29.975173,1.7369306,-1.1206142,3.0887778,8.701776,-0.7510588,-4.7256536
334,2026-05-11 16:18:29.977906,1.7369306,-1.1206142,3.0887778,8.701776,-0.7510588,-4.7256536
335,2026-05-11 16:18:29.980612,1.7369306,-1.1206142,3.0887778,8.701776,-0.7510588,-4.7256536
336,2026-05-11 16:18:29.983206,1.7369306,-1.1206142,3.0887778,8.701776,-0.7510588,-4.7256536
337,2026-05-11 16:18:29.985818,1.7369306,-1.1206142,3.0887778,8.701776,-0.7510588,-4.7256536
338,2026-05-11 16:18:29.988712,1.7369306,-1.1206142,3.0887778,8.701776,-0.7510588,-4.7256536
339,2026-05-11 16:18:29.991498,1.7369306,-1.1206142,3.0887778,8.701776,-0.7510588,-4.7256536
340,2026-05-11 16:18:29.994299,1.7369306,-1.1206142,3.0887778,8.701776,-0.7510588,-4.7256536
341,2026-05-11 16:18:29.996905,1.7369306,-1.1206142,3.0887778,8.701776,-0.7510588,-4.7256536
342,2026-05-11 16:18:29.999542,1.7369306,-1.1206142,3.0887778,8.701776,-0.7510588,-4.7256536
343,2026-05-11 16:18:30.002174,1.7369306,-1.1206142,3.0887778,8.701776,-0.7510588,-4.7256536
344,2026-05-11 16:18:30.005211,1.7369306,-1.1206142,3.0887778,8.701776,-0.7510588,-4.7256536
345,2026-05-11 16:18:30.008124,1.7369306,-1.1206142,3.0887778,8.701776,-0.7510588,-4.7256536
346,2026-05-11 16:18:30.010752,1.7369306,-1.1206142,3.0887778,9.160077,-1.0175488,-4.786587
347,2026-05-11 16:18:30.013585,1.7369306,-1.1206142,3.0887778,9.160077,-1.0175488,-4.786587
348,2026-05-11 16:18:30.016429,1.7369306,-1.1206142,3.0887778,9.160077,-1.0175488,-4.786587
349,2026-05-11 16:18:30.019587,1.7369306,-1.1206142,3.0887778,9.160077,-1.0175488,-4.786587
350,2026-05-11 16:18:30.023222,1.7369306,-1.1206142,3.0887778,9.160077,-1.0175488,-4.786587
351,2026-05-11 16:18:30.026855,1.7369306,-1.1206142,3.0887778,9.160077,-1.0175488,-4.786587
352,2026-05-11 16:18:30.030209,1.7850431,-1.1963502,2.772296,9.160077,-1.0175488,-4.786587
353,2026-05-11 16:18:30.033246,1.7850431,-1.1963502,2.772296,9.160077,-1.0175488,-4.786587
354,2026-05-11 16:18:30.036089,1.7850431,-1.1963502,2.772296,9.160077,-1.0175488,-4.786587
355,2026-05-11 16:18:30.039539,1.7850431,-1.1963502,2.772296,9.160077,-1.0175488,-4.786587
356,2026-05-11 16:18:30.042949,1.7850431,-1.1963502,2.772296,9.160077,-1.0175488,-4.786587
357,2026-05-11 16:18:30.045957,1.7850431,-1.1963502,2.772296,9.160077,-1.0175488,-4.786587
358,2026-05-11 16:18:30.048990,1.7850431,-1.1963502,2.772296,9.160077,-1.0175488,-4.786587
359,2026-05-11 16:18:30.051964,1.7850431,-1.1963502,2.772296,9.160077,-1.0175488,-4.786587
360,2026-05-11 16:18:30.055573,1.7850431,-1.1963502,2.772296,9.160077,-1.0175488,-4.786587
361,2026-05-11 16:18:30.058462,1.7850431,-1.1963502,2.772296,9.160077,-1.0175488,-4.786587
362,2026-05-11 16:18:30.061214,1.7850431,-1.1963502,2.772296,9.160077,-1.0175488,-4.786587
363,2026-05-11 16:18:30.063837,1.7850431,-1.1963502,2.772296,9.160077,-1.0175488,-4.786587
364,2026-05-11 16:18:30.066456,1.7850431,-1.1963502,2.772296,9.160077,-1.0175488,-4.786587
365,2026-05-11 16:18:30.069169,1.7850431,-1.1963502,2.772296,9.160077,-1.0175488,-4.786587
366,2026-05-11 16:18:30.072130,1.7850431,-1.1963502,2.772296,9.160077,-1.0175488,-4.786587
367,2026-05-11 16:18:30.074931,1.7850431,-1.1963502,2.772296,9.160077,-1.0175488,-4.786587
368,2026-05-11 16:18:30.077683,1.7940072,-1.2102536,2.6939378,9.227272,-1.0855075,-4.814229
369,2026-05-11 16:18:30.080468,1.7940072,-1.2102536,2.6939378,9.227272,-1.0855075,-4.814229
370,2026-05-11 16:18:30.083239,1.7940072,-1.2102536,2.6939378,9.227272,-1.0855075,-4.814229
371,2026-05-11 16:18:30.085863,1.7940072,-1.2102536,2.6939378,9.227272,-1.0855075,-4.814229
372,2026-05-11 16:18:30.088932,1.7940072,-1.2102536,2.6939378,9.227272,-1.0855075,-4.814229
373,2026-05-11 16:18:30.091660,1.7940072,-1.2102536,2.6939378,9.227272,-1.0855075,-4.814229
374,2026-05-11 16:18:30.094229,1.7940072,-1.2102536,2.6939378,9.227272,-1.0855075,-4.814229
375,2026-05-11 16:18:30.097029,1.7940072,-1.2102536,2.6939378,9.227272,-1.0855075,-4.814229
376,2026-05-11 16:18:30.099679,1.7940072,-1.2102536,2.6939378,9.227272,-1.0855075,-4.814229
377,2026-05-11 16:18:30.102242,1.7940072,-1.2102536,2.6939378,9.227272,-1.0855075,-4.814229
378,2026-05-11 16:18:30.105435,1.7940072,-1.2102536,2.6939378,9.227272,-1.0855075,-4.814229
379,2026-05-11 16:18:30.108123,1.7940072,-1.2102536,2.6939378,9.227272,-1.0855075,-4.814229
380,2026-05-11 16:18:30.110739,1.7940072,-1.2102536,2.6939378,9.227272,-1.0855075,-4.814229
381,2026-05-11 16:18:30.113530,1.7940072,-1.2102536,2.6939378,9.227272,-1.0855075,-4.814229
382,2026-05-11 16:18:30.116177,1.7940072,-1.2102536,2.6939378,9.227272,-1.0855075,-4.814229
383,2026-05-11 16:18:30.118804,1.7940072,-1.2102536,2.6939378,9.227272,-1.0855075,-4.814229
384,2026-05-11 16:18:30.121939,1.4327055,-1.1420178,1.4740494,9.023243,-1.5963436,-5.207168
385,2026-05-11 16:18:30.124877,1.4327055,-1.1420178,1.4740494,9.023243,-1.5963436,-5.207168
386,2026-05-11 16:18:30.127685,1.4327055,-1.1420178,1.4740494,9.023243,-1.5963436,-5.207168
387,2026-05-11 16:18:30.130368,1.4327055,-1.1420178,1.4740494,9.023243,-1.5963436,-5.207168
388,2026-05-11 16:18:30.132954,1.4327055,-1.1420178,1.4740494,9.023243,-1.5963436,-5.207168
389,2026-05-11 16:18:30.135608,1.4327055,-1.1420178,1.4740494,9.023243,-1.5963436,-5.207168
390,2026-05-11 16:18:30.138584,1.4327055,-1.1420178,1.4740494,9.023243,-1.5963436,-5.207168
391,2026-05-11 16:18:30.141375,1.4327055,-1.1420178,1.4740494,9.023243,-1.5963436,-5.207168
392,2026-05-11 16:18:30.143989,1.4327055,-1.1420178,1.4740494,9.023243,-1.5963436,-5.207168
393,2026-05-11 16:18:30.146658,1.4327055,-1.1420178,1.4740494,9.023243,-1.5963436,-5.207168
394,2026-05-11 16:18:30.149217,1.4327055,-1.1420178,1.4740494,9.023243,-1.5963436,-5.207168
395,2026-05-11 16:18:30.151952,1.4327055,-1.1420178,1.4740494,9.023243,-1.5963436,-5.207168
396,2026-05-11 16:18:30.154667,1.4327055,-1.1420178,1.4740494,8.361371,-1.3541355,-5.1827335
397,2026-05-11 16:18:30.157686,1.4327055,-1.1420178,1.4740494,8.361371,-1.3541355,-5.1827335
398,2026-05-11 16:18:30.160283,1.4327055,-1.1420178,1.4740494,8.361371,-1.3541355,-5.1827335
399,2026-05-11 16:18:30.162815,1.4327055,-1.1420178,1.4740494,8.361371,-1.3541355,-5.1827335
400,2026-05-11 16:18:30.165380,1.4327055,-1.1420178,1.4740494,8.361371,-1.3541355,-5.1827335
401,2026-05-11 16:18:30.168177,1.4327055,-1.1420178,1.4740494,8.361371,-1.3541355,-5.1827335
402,2026-05-11 16:18:30.170870,1.4327055,-1.1420178,1.4740494,8.361371,-1.3541355,-5.1827335
403,2026-05-11 16:18:30.173993,1.4327055,-1.1420178,1.4740494,8.361371,-1.3541355,-5.1827335
404,2026-05-11 16:18:30.176592,1.4327055,-1.1420178,1.4740494,8.361371,-1.3541355,-5.1827335
405,2026-05-11 16:18:30.179158,1.4327055,-1.1420178,1.4740494,8.361371,-1.3541355,-5.1827335
406,2026-05-11 16:18:30.181755,1.4327055,-1.1420178,1.4740494,8.361371,-1.3541355,-5.1827335
407,2026-05-11 16:18:30.184303,1.4327055,-1.1420178,1.4740494,8.361371,-1.3541355,-5.1827335
408,2026-05-11 16:18:30.186872,1.4327055,-1.1420178,1.4740494,8.361371,-1.3541355,-5.1827335
409,2026-05-11 16:18:30.189848,1.4327055,-1.1420178,1.4740494,8.361371,-1.3541355,-5.1827335
410,2026-05-11 16:18:30.192529,1.4327055,-1.1420178,1.4740494,8.361371,-1.3541355,-5.1827335
411,2026-05-11 16:18:30.195150,1.4327055,-1.1420178,1.4740494,8.361371,-1.3541355,-5.1827335
412,2026-05-11 16:18:30.197717,1.4327055,-1.1420178,1.4740494,8.361371,-1.3541355,-5.1827335
413,2026-05-11 16:18:30.200422,1.4327055,-1.1420178,1.4740494,8.361371,-1.3541355,-5.1827335
414,2026-05-11 16:18:30.202961,1.4327055,-1.1420178,1.4740494,8.361371,-1.3541355,-5.1827335
415,2026-05-11 16:18:30.206021,1.4327055,-1.1420178,1.4740494,8.361371,-1.3541355,-5.1827335
416,2026-05-11 16:18:30.208784,1.4327055,-1.1420178,1.4740494,8.361371,-1.3541355,-5.1827335
417,2026-05-11 16:18:30.211401,1.4327055,-1.1420178,1.4740494,8.361371,-1.3541355,-5.1827335
418,2026-05-11 16:18:30.214176,1.4327055,-1.1420178,1.4740494,8.361371,-1.3541355,-5.1827335
419,2026-05-11 16:18:30.216865,1.4327055,-1.1420178,1.4740494,8.361371,-1.3541355,-5.1827335
420,2026-05-11 16:18:30.219438,1.4327055,-1.1420178,1.4740494,8.361371,-1.3541355,-5.1827335
421,2026-05-11 16:18:30.222661,1.4327055,-1.1420178,1.4740494,8.361371,-1.3541355,-5.1827335
422,2026-05-11 16:18:30.225527,1.4327055,-1.1420178,1.4740494,8.361371,-1.3541355,-5.1827335
423,2026-05-11 16:18:30.228156,1.4327055,-1.1420178,1.4740494,8.361371,-1.3541355,-5.1827335
424,2026-05-11 16:18:30.230766,1.4327055,-1.1420178,1.4740494,8.361371,-1.3541355,-5.1827335
425,2026-05-11 16:18:30.233600,1.4327055,-1.1420178,1.4740494,8.361371,-1.3541355,-5.1827335
426,2026-05-11 16:18:30.236217,1.4327055,-1.1420178,1.4740494,8.361371,-1.3541355,-5.1827335
427,2026-05-11 16:18:30.239538,1.4327055,-1.1420178,1.4740494,8.361371,-1.3541355,-5.1827335
428,2026-05-11 16:18:30.242267,1.4327055,-1.1420178,1.4740494,8.361371,-1.3541355,-5.1827335
429,2026-05-11 16:18:30.244891,1.4327055,-1.1420178,1.4740494,8.361371,-1.3541355,-5.1827335
430,2026-05-11 16:18:30.247463,1.4327055,-1.1420178,1.4740494,8.361371,-1.3541355,-5.1827335
431,2026-05-11 16:18:30.249966,1.4327055,-1.1420178,1.4740494,8.361371,-1.3541355,-5.1827335
432,2026-05-11 16:18:30.252692,1.4327055,-1.1420178,1.4740494,8.361371,-1.3541355,-5.1827335
433,2026-05-11 16:18:30.255579,1.4327055,-1.1420178,1.4740494,8.361371,-1.3541355,-5.1827335
434,2026-05-11 16:18:30.258317,1.4327055,-1.1420178,1.4740494,8.361371,-1.3541355,-5.1827335
435,2026-05-11 16:18:30.260899,1.4327055,-1.1420178,1.4740494,8.361371,-1.3541355,-5.1827335
436,2026-05-11 16:18:30.263504,1.4327055,-1.1420178,1.4740494,8.361371,-1.3541355,-5.1827335
437,2026-05-11 16:18:30.266124,1.4327055,-1.1420178,1.4740494,8.361371,-1.3541355,-5.1827335
438,2026-05-11 16:18:30.268636,1.4327055,-1.1420178,1.4740494,8.361371,-1.3541355,-5.1827335
439,2026-05-11 16:18:30.271493,1.4327055,-1.1420178,1.4740494,8.361371,-1.3541355,-5.1827335
440,2026-05-11 16:18:30.274250,1.4327055,-1.1420178,1.4740494,8.361371,-1.3541355,-5.1827335
441,2026-05-11 16:18:30.276866,1.4327055,-1.1420178,1.4740494,8.361371,-1.3541355,-5.1827335
442,2026-05-11 16:18:30.279639,1.4327055,-1.1420178,1.4740494,8.361371,-1.3541355,-5.1827335
443,2026-05-11 16:18:30.282189,1.4327055,-1.1420178,1.4740494,8.361371,-1.3541355,-5.1827335
444,2026-05-11 16:18:30.304752,1.483867,-0.9906676,1.0598788,6.0741386,-1.0273226,-5.5385623
445,2026-05-11 16:18:30.308398,1.483867,-0.9906676,1.0598788,6.0741386,-1.0273226,-5.5385623
446,2026-05-11 16:18:30.312498,1.483867,-0.9906676,1.0598788,6.0741386,-1.0273226,-5.5385623
447,2026-05-11 16:18:30.319505,1.483867,-0.9906676,1.0598788,6.0741386,-1.0273226,-5.5385623
448,2026-05-11 16:18:30.325115,1.483867,-0.9906676,1.0598788,6.0741386,-1.0273226,-5.5385623
449,2026-05-11 16:18:30.327947,1.483867,-0.9906676,1.0598788,6.0741386,-1.0273226,-5.5385623
450,2026-05-11 16:18:30.330599,1.483867,-0.9906676,1.0598788,6.0741386,-1.0273226,-5.5385623
451,2026-05-11 16:18:30.333452,1.3055639,-1.0419511,1.1437253,6.0741386,-1.0273226,-5.5385623
452,2026-05-11 16:18:30.336032,1.3055639,-1.0419511,1.1437253,6.0741386,-1.0273226,-5.5385623
453,2026-05-11 16:18:30.339302,1.3055639,-1.0419511,1.1437253,6.0741386,-1.0273226,-5.5385623
454,2026-05-11 16:18:30.342205,1.150433,-1.1219556,1.1647631,5.9308906,-1.4824172,-5.660125
455,2026-05-11 16:18:30.344919,1.150433,-1.1219556,1.1647631,5.9308906,-1.4824172,-5.660125
456,2026-05-11 16:18:30.347534,1.150433,-1.1219556,1.1647631,5.9308906,-1.4824172,-5.660125
457,2026-05-11 16:18:30.350316,1.150433,-1.1219556,1.1647631,5.9308906,-1.4824172,-5.660125
458,2026-05-11 16:18:30.352872,1.150433,-1.1219556,1.1647631,5.9308906,-1.4824172,-5.660125
459,2026-05-11 16:18:30.356152,1.150433,-1.1219556,1.1647631,5.9308906,-1.4824172,-5.660125
460,2026-05-11 16:18:30.358970,1.150433,-1.1219556,1.1647631,5.9308906,-1.4824172,-5.660125
461,2026-05-11 16:18:30.361693,1.150433,-1.1219556,1.1647631,5.9308906,-1.4824172,-5.660125
462,2026-05-11 16:18:30.364285,1.150433,-1.1219556,1.1647631,5.9308906,-1.4824172,-5.660125
463,2026-05-11 16:18:30.367084,1.150433,-1.1219556,1.1647631,5.9308906,-1.4824172,-5.660125
464,2026-05-11 16:18:30.369723,1.150433,-1.1219556,1.1647631,5.9308906,-1.4824172,-5.660125
465,2026-05-11 16:18:30.372730,1.150433,-1.1219556,1.1647631,5.9308906,-1.4824172,-5.660125
466,2026-05-11 16:18:30.375452,1.150433,-1.1219556,1.1647631,5.9308906,-1.4824172,-5.660125
467,2026-05-11 16:18:30.378021,1.150433,-1.1219556,1.1647631,5.9308906,-1.4824172,-5.660125
468,2026-05-11 16:18:30.380607,1.150433,-1.1219556,1.1647631,5.9308906,-1.4824172,-5.660125
469,2026-05-11 16:18:30.383342,1.150433,-1.1219556,1.1647631,5.9308906,-1.4824172,-5.660125
470,2026-05-11 16:18:30.385946,1.150433,-1.1219556,1.1647631,5.9308906,-1.4824172,-5.660125
471,2026-05-11 16:18:30.388885,1.150433,-1.1219556,1.1647631,5.9308906,-1.4824172,-5.660125
472,2026-05-11 16:18:30.391770,1.150433,-1.1219556,1.1647631,5.9504385,-1.8781052,-5.6908207
473,2026-05-11 16:18:30.394393,1.150433,-1.1219556,1.1647631,5.9504385,-1.8781052,-5.6908207
474,2026-05-11 16:18:30.396988,1.150433,-1.1219556,1.1647631,5.9504385,-1.8781052,-5.6908207
475,2026-05-11 16:18:30.399752,1.150433,-1.1219556,1.1647631,5.9504385,-1.8781052,-5.6908207
476,2026-05-11 16:18:30.402317,1.150433,-1.1219556,1.1647631,5.9504385,-1.8781052,-5.6908207
477,2026-05-11 16:18:30.405439,1.150433,-1.1219556,1.1647631,5.9504385,-1.8781052,-5.6908207
478,2026-05-11 16:18:30.408375,1.150433,-1.1219556,1.1647631,5.9504385,-1.8781052,-5.6908207
479,2026-05-11 16:18:30.411112,1.150433,-1.1219556,1.1647631,5.9504385,-1.8781052,-5.6908207
480,2026-05-11 16:18:30.413783,1.150433,-1.1219556,1.1647631,5.9504385,-1.8781052,-5.6908207
481,2026-05-11 16:18:30.416487,1.150433,-1.1219556,1.1647631,5.9504385,-1.8781052,-5.6908207
482,2026-05-11 16:18:30.419057,1.150433,-1.1219556,1.1647631,5.9504385,-1.8781052,-5.6908207
483,2026-05-11 16:18:30.422177,1.150433,-1.1219556,1.1647631,5.9504385,-1.8781052,-5.6908207
484,2026-05-11 16:18:30.424911,1.150433,-1.1219556,1.1647631,5.9504385,-1.8781052,-5.6908207
485,2026-05-11 16:18:30.427497,1.150433,-1.1219556,1.1647631,5.9504385,-1.8781052,-5.6908207
486,2026-05-11 16:18:30.430187,1.150433,-1.1219556,1.1647631,5.9504385,-1.8781052,-5.6908207
487,2026-05-11 16:18:30.432754,1.150433,-1.1219556,1.1647631,5.9504385,-1.8781052,-5.6908207
488,2026-05-11 16:18:30.435404,1.150433,-1.1219556,1.1647631,5.9504385,-1.8781052,-5.6908207
489,2026-05-11 16:18:30.438336,1.150433,-1.1219556,1.1647631,6.046497,-2.1730003,-5.6549325
490,2026-05-11 16:18:30.441292,1.150433,-1.1219556,1.1647631,6.046497,-2.1730003,-5.6549325
491,2026-05-11 16:18:30.444066,1.150433,-1.1219556,1.1647631,6.046497,-2.1730003,-5.6549325
492,2026-05-11 16:18:30.446781,1.150433,-1.1219556,1.1647631,6.046497,-2.1730003,-5.6549325
493,2026-05-11 16:18:30.449405,1.150433,-1.1219556,1.1647631,6.046497,-2.1730003,-5.6549325
494,2026-05-11 16:18:30.452017,1.150433,-1.1219556,1.1647631,6.046497,-2.1730003,-5.6549325
495,2026-05-11 16:18:30.454935,0.9142607,-1.1993992,0.9509091,6.0562706,-2.2974641,-5.625611
496,2026-05-11 16:18:30.457836,0.9142607,-1.1993992,0.9509091,6.0562706,-2.2974641,-5.625611
497,2026-05-11 16:18:30.460594,0.9142607,-1.1993992,0.9509091,6.0562706,-2.2974641,-5.625611
498,2026-05-11 16:18:30.463392,0.9142607,-1.1993992,0.9509091,6.0562706,-2.2974641,-5.625611
499,2026-05-11 16:18:30.466066,0.9142607,-1.1993992,0.9509091,6.0562706,-2.2974641,-5.625611
500,2026-05-11 16:18:30.468664,0.9142607,-1.1993992,0.9509091,6.0562706,-2.2974641,-5.625611
501,2026-05-11 16:18:30.471774,0.9142607,-1.1993992,0.9509091,6.0562706,-2.2974641,-5.625611
502,2026-05-11 16:18:30.474770,0.9142607,-1.1993992,0.9509091,6.0562706,-2.2974641,-5.625611
503,2026-05-11 16:18:30.477529,0.9142607,-1.1993992,0.9509091,6.0562706,-2.2974641,-5.625611
504,2026-05-11 16:18:30.480190,0.9142607,-1.1993992,0.9509091,6.0562706,-2.2974641,-5.625611
505,2026-05-11 16:18:30.482933,0.9142607,-1.1993992,0.9509091,6.0562706,-2.2974641,-5.625611
506,2026-05-11 16:18:30.485678,0.9142607,-1.1993992,0.9509091,5.730832,-2.2563834,-5.4730473
507,2026-05-11 16:18:30.488607,0.9142607,-1.1993992,0.9509091,5.730832,-2.2563834,-5.4730473
508,2026-05-11 16:18:30.491498,0.9142607,-1.1993992,0.9509091,5.730832,-2.2563834,-5.4730473
509,2026-05-11 16:18:30.494098,0.9142607,-1.1993992,0.9509091,5.730832,-2.2563834,-5.4730473
510,2026-05-11 16:18:30.496693,0.9142607,-1.1993992,0.9509091,5.730832,-2.2563834,-5.4730473
511,2026-05-11 16:18:30.499255,0.9142607,-1.1993992,0.9509091,5.730832,-2.2563834,-5.4730473
512,2026-05-11 16:18:30.501833,0.9142607,-1.1993992,0.9509091,5.730832,-2.2563834,-5.4730473
513,2026-05-11 16:18:30.504727,0.9142607,-1.1993992,0.9509091,5.730832,-2.2563834,-5.4730473
514,2026-05-11 16:18:30.507843,0.9142607,-1.1993992,0.9509091,5.730832,-2.2563834,-5.4730473
515,2026-05-11 16:18:30.510554,0.9142607,-1.1993992,0.9509091,5.730832,-2.2563834,-5.4730473
516,2026-05-11 16:18:30.513167,0.9142607,-1.1993992,0.9509091,5.730832,-2.2563834,-5.4730473
517,2026-05-11 16:18:30.516067,0.6952235,-1.1745807,0.5050904,5.730832,-2.2563834,-5.4730473
518,2026-05-11 16:18:30.518845,0.6959552,-1.0971981,0.37581462,4.493372,-1.4535538,-5.1413474
519,2026-05-11 16:18:30.522095,0.6959552,-1.0971981,0.37581462,4.493372,-1.4535538,-5.1413474
520,2026-05-11 16:18:30.524971,0.6959552,-1.0971981,0.37581462,4.493372,-1.4535538,-5.1413474
521,2026-05-11 16:18:30.527618,0.6959552,-1.0971981,0.37581462,4.493372,-1.4535538,-5.1413474
522,2026-05-11 16:18:30.530321,0.6959552,-1.0971981,0.37581462,4.493372,-1.4535538,-5.1413474
523,2026-05-11 16:18:30.533042,0.6959552,-1.0971981,0.37581462,4.493372,-1.4535538,-5.1413474
524,2026-05-11 16:18:30.535702,0.6959552,-1.0971981,0.37581462,4.493372,-1.4535538,-5.1413474
525,2026-05-11 16:18:30.538838,0.6959552,-1.0971981,0.37581462,4.493372,-1.4535538,-5.1413474
526,2026-05-11 16:18:30.541594,0.6959552,-1.0971981,0.37581462,4.493372,-1.4535538,-5.1413474
527,2026-05-11 16:18:30.544195,0.6959552,-1.0971981,0.37581462,4.493372,-1.4535538,-5.1413474
528,2026-05-11 16:18:30.546999,0.6959552,-1.0971981,0.37581462,4.493372,-1.4535538,-5.1413474
529,2026-05-11 16:18:30.549844,0.6959552,-1.0971981,0.37581462,3.6774087,-0.81000733,-5.0466633
530,2026-05-11 16:18:30.552482,0.6959552,-1.0971981,0.37581462,3.6774087,-0.81000733,-5.0466633
531,2026-05-11 16:18:30.555397,0.6959552,-1.0971981,0.37581462,3.6774087,-0.81000733,-5.0466633
532,2026-05-11 16:18:30.558426,0.5998521,-1.0580496,0.35020337,3.6774087,-0.81000733,-5.0466633
533,2026-05-11 16:18:30.561126,0.5998521,-1.0580496,0.35020337,3.349374,-0.5152648,-5.012455
534,2026-05-11 16:18:30.563989,0.5998521,-1.0580496,0.35020337,3.349374,-0.5152648,-5.012455
535,2026-05-11 16:18:30.566729,0.5998521,-1.0580496,0.35020337,3.349374,-0.5152648,-5.012455
536,2026-05-11 16:18:30.569334,0.5998521,-1.0580496,0.35020337,3.349374,-0.5152648,-5.012455
537,2026-05-11 16:18:30.572532,0.5998521,-1.0580496,0.35020337,3.349374,-0.5152648,-5.012455
538,2026-05-11 16:18:30.575363,0.5998521,-1.0580496,0.35020337,3.349374,-0.5152648,-5.012455
539,2026-05-11 16:18:30.578097,0.5998521,-1.0580496,0.35020337,3.349374,-0.5152648,-5.012455
540,2026-05-11 16:18:30.580705,0.5998521,-1.0580496,0.35020337,3.349374,-0.5152648,-5.012455
541,2026-05-11 16:18:30.583494,0.5998521,-1.0580496,0.35020337,3.349374,-0.5152648,-5.012455
542,2026-05-11 16:18:30.586101,0.5998521,-1.0580496,0.35020337,3.349374,-0.5152648,-5.012455
543,2026-05-11 16:18:30.589218,0.5998521,-1.0580496,0.35020337,3.349374,-0.5152648,-5.012455
544,2026-05-11 16:18:30.591981,0.5998521,-1.0580496,0.35020337,3.349374,-0.5152648,-5.012455
545,2026-05-11 16:18:30.594597,0.5998521,-1.0580496,0.35020337,3.349374,-0.5152648,-5.012455
546,2026-05-11 16:18:30.597362,0.5998521,-1.0580496,0.35020337,3.349374,-0.5152648,-5.012455
547,2026-05-11 16:18:30.599999,0.5998521,-1.0580496,0.35020337,3.349374,-0.5152648,-5.012455
548,2026-05-11 16:18:30.602776,0.5998521,-1.0580496,0.35020337,3.349374,-0.5152648,-5.012455
549,2026-05-11 16:18:30.605802,0.5998521,-1.0580496,0.35020337,3.349374,-0.5152648,-5.012455
550,2026-05-11 16:18:30.608565,0.5998521,-1.0580496,0.35020337,3.349374,-0.5152648,-5.012455
551,2026-05-11 16:18:30.611159,0.5998521,-1.0580496,0.35020337,3.349374,-0.5152648,-5.012455
552,2026-05-11 16:18:30.613858,0.5998521,-1.0580496,0.35020337,3.349374,-0.5152648,-5.012455
553,2026-05-11 16:18:30.616442,0.5998521,-1.0580496,0.35020337,3.349374,-0.5152648,-5.012455
554,2026-05-11 16:18:30.619005,0.5998521,-1.0580496,0.35020337,3.349374,-0.5152648,-5.012455
555,2026-05-11 16:18:30.621900,0.5998521,-1.0580496,0.35020337,3.349374,-0.5152648,-5.012455
556,2026-05-11 16:18:30.624627,0.5998521,-1.0580496,0.35020337,3.349374,-0.5152648,-5.012455
557,2026-05-11 16:18:30.627218,0.5998521,-1.0580496,0.35020337,3.349374,-0.5152648,-5.012455
558,2026-05-11 16:18:30.629800,0.5998521,-1.0580496,0.35020337,3.349374,-0.5152648,-5.012455
559,2026-05-11 16:18:30.632342,0.5998521,-1.0580496,0.35020337,3.349374,-0.5152648,-5.012455
560,2026-05-11 16:18:30.634899,0.5998521,-1.0580496,0.35020337,3.349374,-0.5152648,-5.012455
561,2026-05-11 16:18:30.637790,0.5998521,-1.0580496,0.35020337,3.349374,-0.5152648,-5.012455
562,2026-05-11 16:18:30.640804,0.4744789,-1.1045157,0.34227607,3.349374,-0.5152648,-5.012455
563,2026-05-11 16:18:30.643512,0.4744789,-1.1045157,0.34227607,3.349374,-0.5152648,-5.012455
564,2026-05-11 16:18:30.646163,0.4744789,-1.1045157,0.34227607,3.349374,-0.5152648,-5.012455
565,2026-05-11 16:18:30.648782,0.4744789,-1.1045157,0.34227607,2.903137,-0.0421497,-4.9800787
566,2026-05-11 16:18:30.651578,0.4744789,-1.1045157,0.34227607,2.903137,-0.0421497,-4.9800787
567,2026-05-11 16:18:30.654415,0.4744789,-1.1045157,0.34227607,2.903137,-0.0421497,-4.9800787
568,2026-05-11 16:18:30.657489,0.4744789,-1.1045157,0.34227607,2.903137,-0.0421497,-4.9800787
569,2026-05-11 16:18:30.660420,0.4744789,-1.1045157,0.34227607,2.903137,-0.0421497,-4.9800787
570,2026-05-11 16:18:30.663085,0.4744789,-1.1045157,0.34227607,2.903137,-0.0421497,-4.9800787
571,2026-05-11 16:18:30.665686,0.4744789,-1.1045157,0.34227607,2.903137,-0.0421497,-4.9800787
572,2026-05-11 16:18:30.668415,0.4744789,-1.1045157,0.34227607,2.903137,-0.0421497,-4.9800787
573,2026-05-11 16:18:30.671413,0.4744789,-1.1045157,0.34227607,2.903137,-0.0421497,-4.9800787
574,2026-05-11 16:18:30.674408,0.4744789,-1.1045157,0.34227607,2.903137,-0.0421497,-4.9800787
575,2026-05-11 16:18:30.677012,0.4744789,-1.1045157,0.34227607,2.903137,-0.0421497,-4.9800787
576,2026-05-11 16:18:30.679916,0.3702045,-1.1500671,0.2920902,2.903137,-0.0421497,-4.9800787
577,2026-05-11 16:18:30.682679,0.3702045,-1.1500671,0.2920902,2.903137,-0.0421497,-4.9800787
578,2026-05-11 16:18:30.685324,0.3702045,-1.1500671,0.2920902,2.903137,-0.0421497,-4.9800787
579,2026-05-11 16:18:30.688110,0.3702045,-1.1500671,0.2920902,2.903137,-0.0421497,-4.9800787
580,2026-05-11 16:18:30.691135,0.3702045,-1.1500671,0.2920902,2.903137,-0.0421497,-4.9800787
581,2026-05-11 16:18:30.693753,0.3702045,-1.1500671,0.2920902,2.903137,-0.0421497,-4.9800787
582,2026-05-11 16:18:30.696418,0.3702045,-1.1500671,0.2920902,2.903137,-0.0421497,-4.9800787
583,2026-05-11 16:18:30.699047,0.3702045,-1.1500671,0.2920902,2.903137,-0.0421497,-4.9800787
584,2026-05-11 16:18:30.701717,0.3702045,-1.1500671,0.2920902,2.7612636,0.16233744,-4.969236
585,2026-05-11 16:18:30.704357,0.3702045,-1.1500671,0.2920902,2.7612636,0.16233744,-4.969236
586,2026-05-11 16:18:30.707659,0.3702045,-1.1500671,0.2920902,2.7612636,0.16233744,-4.969236
587,2026-05-11 16:18:30.710544,0.3702045,-1.1500671,0.2920902,2.7612636,0.16233744,-4.969236
588,2026-05-11 16:18:30.713195,0.3702045,-1.1500671,0.2920902,2.7612636,0.16233744,-4.969236
589,2026-05-11 16:18:30.715882,0.3702045,-1.1500671,0.2920902,2.7612636,0.16233744,-4.969236
590,2026-05-11 16:18:30.718514,0.3702045,-1.1500671,0.2920902,2.7612636,0.16233744,-4.969236
591,2026-05-11 16:18:30.721425,0.3702045,-1.1500671,0.2920902,2.7612636,0.16233744,-4.969236
592,2026-05-11 16:18:30.724846,0.3702045,-1.1500671,0.2920902,2.7612636,0.16233744,-4.969236
593,2026-05-11 16:18:30.727688,0.3702045,-1.1500671,0.2920902,2.7612636,0.16233744,-4.969236
594,2026-05-11 16:18:30.730389,-0.13677627,-1.5171617,-0.067321,2.673299,0.35338554,-4.9732065
595,2026-05-11 16:18:30.732979,-0.13677627,-1.5171617,-0.067321,2.673299,0.35338554,-4.9732065
596,2026-05-11 16:18:30.735800,-0.13677627,-1.5171617,-0.067321,2.673299,0.35338554,-4.9732065
597,2026-05-11 16:18:30.738709,-0.13677627,-1.5171617,-0.067321,2.673299,0.35338554,-4.9732065
598,2026-05-11 16:18:30.741634,-0.13677627,-1.5171617,-0.067321,2.673299,0.35338554,-4.9732065
599,2026-05-11 16:18:30.744376,-0.13677627,-1.5171617,-0.067321,2.673299,0.35338554,-4.9732065
600,2026-05-11 16:18:30.747016,-0.13677627,-1.5171617,-0.067321,2.673299,0.35338554,-4.9732065
601,2026-05-11 16:18:30.749604,-0.13677627,-1.5171617,-0.067321,2.673299,0.35338554,-4.9732065
602,2026-05-11 16:18:30.752418,-0.13677627,-1.5171617,-0.067321,2.673299,0.35338554,-4.9732065
603,2026-05-11 16:18:30.755316,-0.13677627,-1.5171617,-0.067321,2.673299,0.35338554,-4.9732065
604,2026-05-11 16:18:30.758222,-0.13677627,-1.5171617,-0.067321,2.673299,0.35338554,-4.9732065
605,2026-05-11 16:18:30.760815,-0.13677627,-1.5171617,-0.067321,2.673299,0.35338554,-4.9732065
606,2026-05-11 16:18:30.763654,-0.13677627,-1.5171617,-0.067321,2.673299,0.35338554,-4.9732065
607,2026-05-11 16:18:30.766366,-0.13677627,-1.5171617,-0.067321,2.673299,0.35338554,-4.9732065
608,2026-05-11 16:18:30.769140,-0.13677627,-1.5171617,-0.067321,2.673299,0.35338554,-4.9732065
609,2026-05-11 16:18:30.771962,-0.13677627,-1.5171617,-0.067321,2.673299,0.35338554,-4.9732065
610,2026-05-11 16:18:30.774766,-0.13677627,-1.5171617,-0.067321,2.673757,0.40515637,-4.90311
611,2026-05-11 16:18:30.777529,-0.13677627,-1.5171617,-0.067321,2.673757,0.40515637,-4.90311
612,2026-05-11 16:18:30.780165,-0.13677627,-1.5171617,-0.067321,2.673757,0.40515637,-4.90311
613,2026-05-11 16:18:30.782789,-0.13677627,-1.5171617,-0.067321,2.673757,0.40515637,-4.90311
614,2026-05-11 16:18:30.785380,-0.13677627,-1.5171617,-0.067321,2.673757,0.40515637,-4.90311
615,2026-05-11 16:18:30.788557,-0.13677627,-1.5171617,-0.067321,2.673757,0.40515637,-4.90311
616,2026-05-11 16:18:30.791418,-0.13677627,-1.5171617,-0.067321,2.7458394,0.28619036,-4.8177414
617,2026-05-11 16:18:30.794285,-0.13677627,-1.5171617,-0.067321,2.7458394,0.28619036,-4.8177414
618,2026-05-11 16:18:30.797028,-0.13677627,-1.5171617,-0.067321,2.7458394,0.28619036,-4.8177414
619,2026-05-11 16:18:30.799726,-0.13677627,-1.5171617,-0.067321,2.7458394,0.28619036,-4.8177414
620,2026-05-11 16:18:30.802486,-0.13677627,-1.5171617,-0.067321,2.7458394,0.28619036,-4.8177414
621,2026-05-11 16:18:30.805785,-0.13677627,-1.5171617,-0.067321,2.7458394,0.28619036,-4.8177414
622,2026-05-11 16:18:30.808645,-0.13677627,-1.5171617,-0.067321,2.7458394,0.28619036,-4.8177414
623,2026-05-11 16:18:30.811419,-0.13677627,-1.5171617,-0.067321,2.7458394,0.28619036,-4.8177414
624,2026-05-11 16:18:30.814302,-0.13677627,-1.5171617,-0.067321,2.7458394,0.28619036,-4.8177414
625,2026-05-11 16:18:30.816983,-0.13677627,-1.5171617,-0.067321,2.7458394,0.28619036,-4.8177414
626,2026-05-11 16:18:30.819607,-0.13677627,-1.5171617,-0.067321,2.7458394,0.28619036,-4.8177414
627,2026-05-11 16:18:30.823160,-0.13677627,-1.5171617,-0.067321,2.7458394,0.28619036,-4.8177414
628,2026-05-11 16:18:30.826041,-0.13677627,-1.5171617,-0.067321,2.7458394,0.28619036,-4.8177414
629,2026-05-11 16:18:30.828654,-0.13677627,-1.5171617,-0.067321,2.7458394,0.28619036,-4.8177414
630,2026-05-11 16:18:30.831291,-0.13677627,-1.5171617,-0.067321,2.7458394,0.28619036,-4.8177414
631,2026-05-11 16:18:30.834013,-0.13677627,-1.5171617,-0.067321,2.7458394,0.28619036,-4.8177414
632,2026-05-11 16:18:30.836604,-0.13677627,-1.5171617,-0.067321,2.7458394,0.28619036,-4.8177414
633,2026-05-11 16:18:30.839954,-0.13677627,-1.5171617,-0.067321,2.7458394,0.28619036,-4.8177414
634,2026-05-11 16:18:30.842765,-0.13677627,-1.5171617,-0.067321,2.7458394,0.28619036,-4.8177414
635,2026-05-11 16:18:30.845385,-0.13677627,-1.5171617,-0.067321,2.7458394,0.28619036,-4.8177414
636,2026-05-11 16:18:30.848056,-0.13677627,-1.5171617,-0.067321,2.7458394,0.28619036,-4.8177414
637,2026-05-11 16:18:30.850785,-0.13677627,-1.5171617,-0.067321,2.7458394,0.28619036,-4.8177414
638,2026-05-11 16:18:30.853360,-0.13677627,-1.5171617,-0.067321,2.7458394,0.28619036,-4.8177414
639,2026-05-11 16:18:30.856700,-0.13677627,-1.5171617,-0.067321,2.7458394,0.28619036,-4.8177414
640,2026-05-11 16:18:30.859722,-0.13677627,-1.5171617,-0.067321,2.7458394,0.28619036,-4.8177414
641,2026-05-11 16:18:30.862364,-0.13677627,-1.5171617,-0.067321,2.7458394,0.28619036,-4.8177414
642,2026-05-11 16:18:30.865096,-0.13677627,-1.5171617,-0.067321,2.7458394,0.28619036,-4.8177414
643,2026-05-11 16:18:30.867884,-0.13677627,-1.5171617,-0.067321,2.7458394,0.28619036,-4.8177414
644,2026-05-11 16:18:30.870492,-0.13677627,-1.5171617,-0.067321,2.7458394,0.28619036,-4.8177414
645,2026-05-11 16:18:30.874103,-0.40093803,-1.6291804,-0.19037697,2.7458394,0.28619036,-4.8177414
646,2026-05-11 16:18:30.877074,-0.40093803,-1.6291804,-0.19037697,2.7458394,0.28619036,-4.8177414
647,2026-05-11 16:18:30.879748,-0.40093803,-1.6291804,-0.19037697,2.7458394,0.28619036,-4.8177414
648,2026-05-11 16:18:30.882499,-0.40093803,-1.6291804,-0.19037697,2.7458394,0.28619036,-4.8177414
649,2026-05-11 16:18:30.885245,-1.337761,-2.0387166,-0.55984974,3.4547484,-1.3755158,-4.036903
650,2026-05-11 16:18:30.888381,-1.337761,-2.0387166,-0.55984974,3.4547484,-1.3755158,-4.036903
651,2026-05-11 16:18:30.891234,-1.337761,-2.0387166,-0.55984974,3.4547484,-1.3755158,-4.036903
652,2026-05-11 16:18:30.894034,-1.337761,-2.0387166,-0.55984974,3.4547484,-1.3755158,-4.036903
653,2026-05-11 16:18:30.896875,-1.337761,-2.0387166,-0.55984974,3.7971385,-2.1691825,-3.5446982
654,2026-05-11 16:18:30.899820,-1.697721,-2.2765353,-0.77224016,3.9461894,-2.6215281,-3.0498974
655,2026-05-11 16:18:30.902536,-1.697721,-2.2765353,-0.77224016,3.9461894,-2.6215281,-3.0498974
656,2026-05-11 16:18:30.905953,-1.697721,-2.2765353,-0.77224016,3.9461894,-2.6215281,-3.0498974
657,2026-05-11 16:18:30.908824,-1.697721,-2.2765353,-0.77224016,3.9461894,-2.6215281,-3.0498974
658,2026-05-11 16:18:30.911477,-1.697721,-2.2765353,-0.77224016,3.9461894,-2.6215281,-3.0498974
659,2026-05-11 16:18:30.914177,-1.697721,-2.2765353,-0.77224016,3.9461894,-2.6215281,-3.0498974
660,2026-05-11 16:18:30.917042,-1.697721,-2.2765353,-0.77224016,3.9461894,-2.6215281,-3.0498974
661,2026-05-11 16:18:30.919677,-1.697721,-2.2765353,-0.77224016,3.9461894,-2.6215281,-3.0498974
662,2026-05-11 16:18:30.923177,-1.697721,-2.2765353,-0.77224016,3.9461894,-2.6215281,-3.0498974
663,2026-05-11 16:18:30.925916,-1.697721,-2.2765353,-0.77224016,3.9461894,-2.6215281,-3.0498974
664,2026-05-11 16:18:30.928637,-1.697721,-2.2765353,-0.77224016,3.9461894,-2.6215281,-3.0498974
665,2026-05-11 16:18:30.931253,-1.697721,-2.2765353,-0.77224016,3.9461894,-2.6215281,-3.0498974
666,2026-05-11 16:18:30.933958,-1.697721,-2.2765353,-0.77224016,3.9461894,-2.6215281,-3.0498974
667,2026-05-11 16:18:30.936734,-1.697721,-2.2765353,-0.77224016,3.9461894,-2.6215281,-3.0498974
668,2026-05-11 16:18:30.940185,-1.697721,-2.2765353,-0.77224016,3.9461894,-2.6215281,-3.0498974
669,2026-05-11 16:18:30.943066,-1.697721,-2.2765353,-0.77224016,3.9461894,-2.6215281,-3.0498974
670,2026-05-11 16:18:30.945884,-1.8690724,-2.3791633,-0.9528605,3.9461894,-2.6215281,-3.0498974
671,2026-05-11 16:18:30.948804,-1.8690724,-2.3791633,-0.9528605,3.7669005,-2.6451993,-2.593123
672,2026-05-11 16:18:30.951503,-1.8690724,-2.3791633,-0.9528605,3.7669005,-2.6451993,-2.593123
673,2026-05-11 16:18:30.954570,-1.8690724,-2.3791633,-0.9528605,3.195436,-2.312125,-1.8570304
674,2026-05-11 16:18:30.957764,-1.8690724,-2.3791633,-0.9528605,3.195436,-2.312125,-1.8570304
675,2026-05-11 16:18:30.960554,-1.8690724,-2.3791633,-0.9528605,3.195436,-2.312125,-1.8570304
676,2026-05-11 16:18:30.963210,-1.8690724,-2.3791633,-0.9528605,3.195436,-2.312125,-1.8570304
677,2026-05-11 16:18:30.966113,-1.8690724,-2.3791633,-0.9528605,3.195436,-2.312125,-1.8570304
678,2026-05-11 16:18:30.968873,-1.8690724,-2.3791633,-0.9528605,3.195436,-2.312125,-1.8570304
679,2026-05-11 16:18:30.972260,-1.8690724,-2.3791633,-0.9528605,3.195436,-2.312125,-1.8570304
680,2026-05-11 16:18:30.975172,-1.8690724,-2.3791633,-0.9528605,3.195436,-2.312125,-1.8570304
681,2026-05-11 16:18:30.977858,-1.8690724,-2.3791633,-0.9528605,3.195436,-2.312125,-1.8570304
682,2026-05-11 16:18:30.980662,-1.8690724,-2.3791633,-0.9528605,3.195436,-2.312125,-1.8570304
683,2026-05-11 16:18:30.983307,-1.8690724,-2.3791633,-0.9528605,3.195436,-2.312125,-1.8570304
684,2026-05-11 16:18:30.986135,-1.8690724,-2.3791633,-0.9528605,3.195436,-2.312125,-1.8570304
685,2026-05-11 16:18:30.989404,-1.8690724,-2.3791633,-0.9528605,3.195436,-2.312125,-1.8570304
686,2026-05-11 16:18:30.992434,-1.8690724,-2.3791633,-0.9528605,3.195436,-2.312125,-1.8570304
687,2026-05-11 16:18:30.995220,-1.8690724,-2.3791633,-0.9528605,3.195436,-2.312125,-1.8570304
688,2026-05-11 16:18:30.997934,-1.8690724,-2.3791633,-0.9528605,3.195436,-2.312125,-1.8570304
689,2026-05-11 16:18:31.000732,-1.8690724,-2.3791633,-0.9528605,3.195436,-2.312125,-1.8570304
690,2026-05-11 16:18:31.003839,-2.1059763,-2.385932,-1.0404875,3.195436,-2.312125,-1.8570304
691,2026-05-11 16:18:31.007005,-2.1059763,-2.385932,-1.0404875,3.195436,-2.312125,-1.8570304
692,2026-05-11 16:18:31.009648,-2.1059763,-2.385932,-1.0404875,3.195436,-2.312125,-1.8570304
693,2026-05-11 16:18:31.012563,-2.1059763,-2.385932,-1.0404875,3.195436,-2.312125,-1.8570304
694,2026-05-11 16:18:31.015152,-2.1059763,-2.385932,-1.0404875,3.195436,-2.312125,-1.8570304
695,2026-05-11 16:18:31.017881,-2.1059763,-2.385932,-1.0404875,3.195436,-2.312125,-1.8570304
696,2026-05-11 16:18:31.020422,-2.1059763,-2.385932,-1.0404875,3.195436,-2.312125,-1.8570304
697,2026-05-11 16:18:31.023381,-2.1059763,-2.385932,-1.0404875,3.195436,-2.312125,-1.8570304
698,2026-05-11 16:18:31.026044,-2.1059763,-2.385932,-1.0404875,3.195436,-2.312125,-1.8570304
699,2026-05-11 16:18:31.028589,-2.1059763,-2.385932,-1.0404875,3.195436,-2.312125,-1.8570304
700,2026-05-11 16:18:31.031118,-2.1059763,-2.385932,-1.0404875,3.195436,-2.312125,-1.8570304
701,2026-05-11 16:18:31.033697,-2.1059763,-2.385932,-1.0404875,3.195436,-2.312125,-1.8570304
702,2026-05-11 16:18:31.036359,-2.1059763,-2.385932,-1.0404875,3.195436,-2.312125,-1.8570304
703,2026-05-11 16:18:31.039212,-2.1059763,-2.385932,-1.0404875,3.195436,-2.312125,-1.8570304
704,2026-05-11 16:18:31.041928,-2.1059763,-2.385932,-1.0404875,3.195436,-2.312125,-1.8570304
705,2026-05-11 16:18:31.044624,-2.1059763,-2.385932,-1.0404875,3.195436,-2.312125,-1.8570304
706,2026-05-11 16:18:31.047208,-2.1059763,-2.385932,-1.0404875,3.195436,-2.312125,-1.8570304
707,2026-05-11 16:18:31.049865,-2.1059763,-2.385932,-1.0404875,3.195436,-2.312125,-1.8570304
708,2026-05-11 16:18:31.052483,-2.1059763,-2.385932,-1.0404875,3.195436,-2.312125,-1.8570304
709,2026-05-11 16:18:31.055482,-2.1059763,-2.385932,-1.0404875,3.195436,-2.312125,-1.8570304
710,2026-05-11 16:18:31.058205,-2.1059763,-2.385932,-1.0404875,3.195436,-2.312125,-1.8570304
711,2026-05-11 16:18:31.060786,-2.1059763,-2.385932,-1.0404875,3.195436,-2.312125,-1.8570304
712,2026-05-11 16:18:31.063377,-2.1059763,-2.385932,-1.0404875,3.195436,-2.312125,-1.8570304
713,2026-05-11 16:18:31.066184,-2.110001,-2.371053,-1.0103029,1.4278975,-0.94974273,-0.07391469
714,2026-05-11 16:18:31.068752,-2.110001,-2.371053,-1.0103029,1.4278975,-0.94974273,-0.07391469
715,2026-05-11 16:18:31.071873,-2.110001,-2.371053,-1.0103029,1.4278975,-0.94974273,-0.07391469
716,2026-05-11 16:18:31.074843,-2.110001,-2.371053,-1.0103029,1.4278975,-0.94974273,-0.07391469
717,2026-05-11 16:18:31.077502,-2.110001,-2.371053,-1.0103029,1.4278975,-0.94974273,-0.07391469
718,2026-05-11 16:18:31.080098,-2.110001,-2.371053,-1.0103029,1.4278975,-0.94974273,-0.07391469
719,2026-05-11 16:18:31.082736,-2.110001,-2.371053,-1.0103029,1.4278975,-0.94974273,-0.07391469
720,2026-05-11 16:18:31.085285,-2.110001,-2.371053,-1.0103029,1.4278975,-0.94974273,-0.07391469
721,2026-05-11 16:18:31.087901,-2.110001,-2.371053,-1.0103029,1.4278975,-0.94974273,-0.07391469
722,2026-05-11 16:18:31.091036,-2.110001,-2.371053,-1.0103029,1.4278975,-0.94974273,-0.07391469
723,2026-05-11 16:18:31.094010,-2.110001,-2.371053,-1.0103029,0.28069258,0.15225816,0.9859365
724,2026-05-11 16:18:31.096689,-2.110001,-2.371053,-1.0103029,0.28069258,0.15225816,0.9859365
725,2026-05-11 16:18:31.099275,-2.110001,-2.371053,-1.0103029,0.28069258,0.15225816,0.9859365
726,2026-05-11 16:18:31.101975,-2.110001,-2.371053,-1.0103029,0.28069258,0.15225816,0.9859365
727,2026-05-11 16:18:31.105367,-1.9298077,-2.3441002,-0.83907336,0.28069258,0.15225816,0.9859365
728,2026-05-11 16:18:31.108203,-1.7345525,-2.2954998,-0.6775395,-0.5143485,0.94791013,1.7574593
729,2026-05-11 16:18:31.110780,-1.7345525,-2.2954998,-0.6775395,-0.5143485,0.94791013,1.7574593
730,2026-05-11 16:18:31.113513,-1.7345525,-2.2954998,-0.6775395,-0.5143485,0.94791013,1.7574593
731,2026-05-11 16:18:31.116133,-1.7345525,-2.2954998,-0.6775395,-0.5143485,0.94791013,1.7574593
732,2026-05-11 16:18:31.118722,-1.7345525,-2.2954998,-0.6775395,-0.5143485,0.94791013,1.7574593
733,2026-05-11 16:18:31.121327,-1.7345525,-2.2954998,-0.6775395,-0.5143485,0.94791013,1.7574593
734,2026-05-11 16:18:31.124358,-1.7345525,-2.2954998,-0.6775395,-0.5143485,0.94791013,1.7574593
735,2026-05-11 16:18:31.127025,-1.7345525,-2.2954998,-0.6775395,-0.5143485,0.94791013,1.7574593
736,2026-05-11 16:18:31.129764,-1.7345525,-2.2954998,-0.6775395,-0.5143485,0.94791013,1.7574593
737,2026-05-11 16:18:31.132489,-1.7345525,-2.2954998,-0.6775395,-0.5143485,0.94791013,1.7574593
738,2026-05-11 16:18:31.135153,-1.7345525,-2.2954998,-0.6775395,-0.5143485,0.94791013,1.7574593
739,2026-05-11 16:18:31.138160,-1.7345525,-2.2954998,-0.6775395,-0.5143485,0.94791013,1.7574593
740,2026-05-11 16:18:31.141229,-1.7345525,-2.2954998,-0.6775395,-0.5143485,0.94791013,1.7574593
741,2026-05-11 16:18:31.143998,-1.255439,-2.225252,-0.44709927,-1.4894422,1.983174,2.7491992
742,2026-05-11 16:18:31.146785,-1.255439,-2.225252,-0.44709927,-1.4894422,1.983174,2.7491992
743,2026-05-11 16:18:31.149579,-1.255439,-2.225252,-0.44709927,-1.4894422,1.983174,2.7491992
744,2026-05-11 16:18:31.152194,-1.255439,-2.225252,-0.44709927,-1.4894422,1.983174,2.7491992
745,2026-05-11 16:18:31.155443,-1.255439,-2.225252,-0.44709927,-1.4894422,1.983174,2.7491992
746,2026-05-11 16:18:31.158334,-1.255439,-2.225252,-0.44709927,-1.4894422,1.983174,2.7491992
747,2026-05-11 16:18:31.161177,-1.255439,-2.225252,-0.44709927,-1.4894422,1.983174,2.7491992
748,2026-05-11 16:18:31.163889,-0.6231461,-1.9205998,-0.24025792,-1.8758144,2.4298692,3.0877712
749,2026-05-11 16:18:31.166546,-0.6231461,-1.9205998,-0.24025792,-1.8758144,2.4298692,3.0877712
750,2026-05-11 16:18:31.169219,-0.6231461,-1.9205998,-0.24025792,-1.8758144,2.4298692,3.0877712
751,2026-05-11 16:18:31.172121,-0.6231461,-1.9205998,-0.24025792,-1.8758144,2.4298692,3.0877712
752,2026-05-11 16:18:31.175056,-0.6231461,-1.9205998,-0.24025792,-1.8758144,2.4298692,3.0877712
753,2026-05-11 16:18:31.177812,-0.6231461,-1.9205998,-0.24025792,-3.0870075,3.3783903,3.7737727
754,2026-05-11 16:18:31.180477,-0.6231461,-1.9205998,-0.24025792,-3.0870075,3.3783903,3.7737727
755,2026-05-11 16:18:31.183097,-0.6231461,-1.9205998,-0.24025792,-3.0870075,3.3783903,3.7737727
756,2026-05-11 16:18:31.185839,-0.6231461,-1.9205998,-0.24025792,-3.0870075,3.3783903,3.7737727
757,2026-05-11 16:18:31.188650,-0.6231461,-1.9205998,-0.24025792,-3.0870075,3.3783903,3.7737727
758,2026-05-11 16:18:31.191570,-0.6231461,-1.9205998,-0.24025792,-3.0870075,3.3783903,3.7737727
759,2026-05-11 16:18:31.194190,-0.6231461,-1.9205998,-0.24025792,-3.0870075,3.3783903,3.7737727
760,2026-05-11 16:18:31.196868,-0.6231461,-1.9205998,-0.24025792,-3.0870075,3.3783903,3.7737727
761,2026-05-11 16:18:31.199590,-0.6231461,-1.9205998,-0.24025792,-3.0870075,3.3783903,3.7737727
762,2026-05-11 16:18:31.202185,-0.6231461,-1.9205998,-0.24025792,-3.0870075,3.3783903,3.7737727
763,2026-05-11 16:18:31.205339,-0.6231461,-1.9205998,-0.24025792,-3.0870075,3.3783903,3.7737727
764,2026-05-11 16:18:31.208119,-0.36489934,-1.7549195,-0.11171384,-3.0870075,3.3783903,3.7737727
765,2026-05-11 16:18:31.210747,-0.36489934,-1.7549195,-0.11171384,-3.0870075,3.3783903,3.7737727
766,2026-05-11 16:18:31.213512,-0.36489934,-1.7549195,-0.11171384,-3.0870075,3.3783903,3.7737727
767,2026-05-11 16:18:31.216193,-0.36489934,-1.7549195,-0.11171384,-3.0870075,3.3783903,3.7737727
768,2026-05-11 16:18:31.218797,-0.36489934,-1.7549195,-0.11171384,-3.0870075,3.3783903,3.7737727
769,2026-05-11 16:18:31.221548,-0.36489934,-1.7549195,-0.11171384,-3.0870075,3.3783903,3.7737727
770,2026-05-11 16:18:31.224571,-0.16189969,-1.6096061,0.048234522,-3.653585,3.8362339,4.0005565
771,2026-05-11 16:18:31.227292,-0.16189969,-1.6096061,0.048234522,-3.653585,3.8362339,4.0005565
772,2026-05-11 16:18:31.229995,-0.00024391667,-1.551249,0.2087317,-3.653585,3.8362339,4.0005565
773,2026-05-11 16:18:31.232601,-0.00024391667,-1.551249,0.2087317,-3.653585,3.8362339,4.0005565
774,2026-05-11 16:18:31.235232,-0.00024391667,-1.551249,0.2087317,-3.653585,3.8362339,4.0005565
775,2026-05-11 16:18:31.238101,-0.00024391667,-1.551249,0.2087317,-3.653585,3.8362339,4.0005565
776,2026-05-11 16:18:31.241202,-0.00024391667,-1.551249,0.2087317,-3.653585,3.8362339,4.0005565
777,2026-05-11 16:18:31.243968,-0.00024391667,-1.551249,0.2087317,-3.653585,3.8362339,4.0005565
778,2026-05-11 16:18:31.246767,-0.00024391667,-1.551249,0.2087317,-3.653585,3.8362339,4.0005565
779,2026-05-11 16:18:31.249491,-0.00024391667,-1.551249,0.2087317,-3.653585,3.8362339,4.0005565
780,2026-05-11 16:18:31.252187,-0.00024391667,-1.551249,0.2087317,-3.653585,3.8362339,4.0005565
781,2026-05-11 16:18:31.255380,-0.00024391667,-1.551249,0.2087317,-3.653585,3.8362339,4.0005565
782,2026-05-11 16:18:31.258324,-0.00024391667,-1.551249,0.2087317,-4.1123447,4.3385177,4.1297545
783,2026-05-11 16:18:31.261111,-0.00024391667,-1.551249,0.2087317,-4.1123447,4.3385177,4.1297545
784,2026-05-11 16:18:31.263847,-0.00024391667,-1.551249,0.2087317,-4.1123447,4.3385177,4.1297545
785,2026-05-11 16:18:31.266562,-0.00024391667,-1.551249,0.2087317,-4.1123447,4.3385177,4.1297545
786,2026-05-11 16:18:31.269380,0.048722353,-1.4976484,0.3322145,-5.086064,5.2076263,4.4273987
787,2026-05-11 16:18:31.272202,0.048722353,-1.4976484,0.3322145,-5.086064,5.2076263,4.4273987
788,2026-05-11 16:18:31.274971,0.048722353,-1.4976484,0.3322145,-5.086064,5.2076263,4.4273987
789,2026-05-11 16:18:31.277586,0.048722353,-1.4976484,0.3322145,-5.086064,5.2076263,4.4273987
790,2026-05-11 16:18:31.280413,0.048722353,-1.4976484,0.3322145,-5.086064,5.2076263,4.4273987
791,2026-05-11 16:18:31.283268,-0.021403689,-1.3644698,0.45691693,-5.086064,5.2076263,4.4273987
792,2026-05-11 16:18:31.285985,-0.021403689,-1.3644698,0.45691693,-5.086064,5.2076263,4.4273987
793,2026-05-11 16:18:31.289057,-0.021403689,-1.3644698,0.45691693,-5.086064,5.2076263,4.4273987
794,2026-05-11 16:18:31.292024,0.06079623,-1.0921369,0.9214562,-5.921117,4.3295074,4.94923
795,2026-05-11 16:18:31.294656,0.06079623,-1.0921369,0.9214562,-5.921117,4.3295074,4.94923
796,2026-05-11 16:18:31.297356,0.06079623,-1.0921369,0.9214562,-5.921117,4.3295074,4.94923
797,2026-05-11 16:18:31.299933,0.06079623,-1.0921369,0.9214562,-5.921117,4.3295074,4.94923
798,2026-05-11 16:18:31.302810,0.06079623,-1.0921369,0.9214562,-5.921117,4.3295074,4.94923
799,2026-05-11 16:18:31.306042,0.06079623,-1.0921369,0.9214562,-6.3859854,3.2727106,5.6030087
800,2026-05-11 16:18:31.308901,0.06079623,-1.0921369,0.9214562,-6.3859854,3.2727106,5.6030087
801,2026-05-11 16:18:31.311517,0.06079623,-1.0921369,0.9214562,-6.3859854,3.2727106,5.6030087
802,2026-05-11 16:18:31.314130,0.06079623,-1.0921369,0.9214562,-6.3859854,3.2727106,5.6030087
803,2026-05-11 16:18:31.316763,0.06079623,-1.0921369,0.9214562,-6.3859854,3.2727106,5.6030087
804,2026-05-11 16:18:31.319506,0.06079623,-1.0921369,0.9214562,-6.3859854,3.2727106,5.6030087
805,2026-05-11 16:18:31.322526,0.06079623,-1.0921369,0.9214562,-6.3859854,3.2727106,5.6030087
806,2026-05-11 16:18:31.325343,0.06079623,-1.0921369,0.9214562,-6.3859854,3.2727106,5.6030087
807,2026-05-11 16:18:31.327943,0.06079623,-1.0921369,0.9214562,-6.3859854,3.2727106,5.6030087
808,2026-05-11 16:18:31.330564,0.06079623,-1.0921369,0.9214562,-6.3859854,3.2727106,5.6030087
809,2026-05-11 16:18:31.333475,0.19464551,-1.0645744,1.0764043,-6.3859854,3.2727106,5.6030087
810,2026-05-11 16:18:31.336154,0.19464551,-1.0645744,1.0764043,-6.3859854,3.2727106,5.6030087
811,2026-05-11 16:18:31.339218,0.19464551,-1.0645744,1.0764043,-6.3859854,3.2727106,5.6030087
812,2026-05-11 16:18:31.342070,0.19464551,-1.0645744,1.0764043,-6.3859854,3.2727106,5.6030087
813,2026-05-11 16:18:31.344720,0.19464551,-1.0645744,1.0764043,-6.3859854,3.2727106,5.6030087
814,2026-05-11 16:18:31.347333,0.19464551,-1.0645744,1.0764043,-6.3859854,3.2727106,5.6030087
815,2026-05-11 16:18:31.350164,0.19464551,-1.0645744,1.0764043,-6.3859854,3.2727106,5.6030087
816,2026-05-11 16:18:31.352898,0.19464551,-1.0645744,1.0764043,-6.3859854,3.2727106,5.6030087
817,2026-05-11 16:18:31.355943,0.19464551,-1.0645744,1.0764043,-6.3859854,3.2727106,5.6030087
818,2026-05-11 16:18:31.358754,0.19464551,-1.0645744,1.0764043,-6.3859854,3.2727106,5.6030087
819,2026-05-11 16:18:31.361520,0.19464551,-1.0645744,1.0764043,-6.3859854,3.2727106,5.6030087
820,2026-05-11 16:18:31.364091,0.19464551,-1.0645744,1.0764043,-6.3859854,3.2727106,5.6030087
821,2026-05-11 16:18:31.366884,0.19464551,-1.0645744,1.0764043,-6.3859854,3.2727106,5.6030087
822,2026-05-11 16:18:31.369500,0.19464551,-1.0645744,1.0764043,-6.3859854,3.2727106,5.6030087
823,2026-05-11 16:18:31.372397,0.19464551,-1.0645744,1.0764043,-6.3859854,3.2727106,5.6030087
824,2026-05-11 16:18:31.375198,0.19464551,-1.0645744,1.0764043,-6.3859854,3.2727106,5.6030087
825,2026-05-11 16:18:31.377829,0.19464551,-1.0645744,1.0764043,-6.3859854,3.2727106,5.6030087
826,2026-05-11 16:18:31.380552,0.19464551,-1.0645744,1.0764043,-6.3859854,3.2727106,5.6030087
827,2026-05-11 16:18:31.383187,0.19464551,-1.0645744,1.0764043,-6.3859854,3.2727106,5.6030087
828,2026-05-11 16:18:31.385774,0.19464551,-1.0645744,1.0764043,-6.3859854,3.2727106,5.6030087
829,2026-05-11 16:18:31.388843,0.19464551,-1.0645744,1.0764043,-6.3859854,3.2727106,5.6030087
830,2026-05-11 16:18:31.391636,0.19464551,-1.0645744,1.0764043,-6.3859854,3.2727106,5.6030087
831,2026-05-11 16:18:31.394370,0.19464551,-1.0645744,1.0764043,-6.3859854,3.2727106,5.6030087
832,2026-05-11 16:18:31.396972,0.19464551,-1.0645744,1.0764043,-6.3859854,3.2727106,5.6030087
833,2026-05-11 16:18:31.399663,0.19464551,-1.0645744,1.0764043,-6.3859854,3.2727106,5.6030087
834,2026-05-11 16:18:31.402218,0.19464551,-1.0645744,1.0764043,-6.3859854,3.2727106,5.6030087
835,2026-05-11 16:18:31.405345,0.19464551,-1.0645744,1.0764043,-6.3859854,3.2727106,5.6030087
836,2026-05-11 16:18:31.408208,0.19464551,-1.0645744,1.0764043,-6.3859854,3.2727106,5.6030087
837,2026-05-11 16:18:31.410976,0.91962683,-1.0075588,1.5594813,-6.840622,2.24157,6.639189
838,2026-05-11 16:18:31.413595,0.91962683,-1.0075588,1.5594813,-6.840622,2.24157,6.639189
839,2026-05-11 16:18:31.416343,0.91962683,-1.0075588,1.5594813,-6.840622,2.24157,6.639189
840,2026-05-11 16:18:31.418925,0.91962683,-1.0075588,1.5594813,-6.840622,2.24157,6.639189
841,2026-05-11 16:18:31.421996,0.91962683,-1.0075588,1.5594813,-6.840622,2.24157,6.639189
842,2026-05-11 16:18:31.424757,0.91962683,-1.0075588,1.5594813,-6.840622,2.24157,6.639189
843,2026-05-11 16:18:31.427361,0.91962683,-1.0075588,1.5594813,-6.840622,2.24157,6.639189
844,2026-05-11 16:18:31.430196,0.91962683,-1.0075588,1.5594813,-6.840622,2.24157,6.639189
845,2026-05-11 16:18:31.432891,0.91962683,-1.0075588,1.5594813,-6.840622,2.24157,6.639189
846,2026-05-11 16:18:31.435547,0.91962683,-1.0075588,1.5594813,-6.840622,2.24157,6.639189
847,2026-05-11 16:18:31.438391,0.91962683,-1.0075588,1.5594813,-6.840622,2.24157,6.639189
848,2026-05-11 16:18:31.466466,1.3716043,-0.8881616,1.6999164,-6.8693323,2.2886066,6.7593765
849,2026-05-11 16:18:31.470899,1.3716043,-0.8881616,1.6999164,-6.8693323,2.2886066,6.7593765
850,2026-05-11 16:18:31.478213,1.3716043,-0.8881616,1.6999164,-6.8693323,2.2886066,6.7593765
851,2026-05-11 16:18:31.481086,1.3716043,-0.8881616,1.6999164,-6.8693323,2.2886066,6.7593765
852,2026-05-11 16:18:31.483704,1.3716043,-0.8881616,1.6999164,-6.8693323,2.2886066,6.7593765
853,2026-05-11 16:18:31.486512,1.3716043,-0.8881616,1.6999164,-6.8693323,2.2886066,6.7593765
854,2026-05-11 16:18:31.489467,1.5994226,-0.6950405,1.6594261,-7.0292263,2.53112,6.727917
855,2026-05-11 16:18:31.492245,1.5994226,-0.6950405,1.6594261,-7.0292263,2.53112,6.727917
856,2026-05-11 16:18:31.494857,1.5994226,-0.6950405,1.6594261,-7.0292263,2.53112,6.727917
857,2026-05-11 16:18:31.497737,1.5994226,-0.6950405,1.6594261,-7.0292263,2.53112,6.727917
858,2026-05-11 16:18:31.500378,1.5994226,-0.6950405,1.6594261,-7.0292263,2.53112,6.727917
859,2026-05-11 16:18:31.503063,1.5994226,-0.6950405,1.6594261,-7.0292263,2.53112,6.727917
860,2026-05-11 16:18:31.506281,1.5994226,-0.6950405,1.6594261,-7.0292263,2.53112,6.727917
861,2026-05-11 16:18:31.509037,1.5994226,-0.6950405,1.6594261,-7.0292263,2.53112,6.727917
862,2026-05-11 16:18:31.511735,1.5994226,-0.6950405,1.6594261,-7.0292263,2.53112,6.727917
863,2026-05-11 16:18:31.514455,1.5994226,-0.6950405,1.6594261,-7.0292263,2.53112,6.727917
864,2026-05-11 16:18:31.517073,1.5994226,-0.6950405,1.6594261,-7.0292263,2.53112,6.727917
865,2026-05-11 16:18:31.519814,1.5994226,-0.6950405,1.6594261,-7.0292263,2.53112,6.727917
866,2026-05-11 16:18:31.522798,1.5994226,-0.6950405,1.6594261,-7.0292263,2.53112,6.727917
867,2026-05-11 16:18:31.525587,1.5829582,-0.6236949,1.6021057,-7.0292263,2.53112,6.727917
868,2026-05-11 16:18:31.528375,1.5829582,-0.6236949,1.6021057,-7.3731437,2.5546384,6.655682
869,2026-05-11 16:18:31.530984,1.5829582,-0.6236949,1.6021057,-7.3731437,2.5546384,6.655682
870,2026-05-11 16:18:31.533787,1.5829582,-0.6236949,1.6021057,-7.3731437,2.5546384,6.655682
871,2026-05-11 16:18:31.536464,1.5829582,-0.6236949,1.6021057,-7.3731437,2.5546384,6.655682
872,2026-05-11 16:18:31.539661,1.5829582,-0.6236949,1.6021057,-7.3731437,2.5546384,6.655682
873,2026-05-11 16:18:31.542517,1.5829582,-0.6236949,1.6021057,-7.3731437,2.5546384,6.655682
874,2026-05-11 16:18:31.545306,1.5829582,-0.6236949,1.6021057,-7.3731437,2.5546384,6.655682
875,2026-05-11 16:18:31.547897,1.5829582,-0.6236949,1.6021057,-7.3731437,2.5546384,6.655682
876,2026-05-11 16:18:31.550661,1.5829582,-0.6236949,1.6021057,-7.3731437,2.5546384,6.655682
877,2026-05-11 16:18:31.553352,1.5829582,-0.6236949,1.6021057,-7.3731437,2.5546384,6.655682
878,2026-05-11 16:18:31.556443,1.5829582,-0.6236949,1.6021057,-7.3731437,2.5546384,6.655682
879,2026-05-11 16:18:31.559301,1.5829582,-0.6236949,1.6021057,-7.3731437,2.5546384,6.655682
880,2026-05-11 16:18:31.562058,1.6252168,-0.61607254,1.6782686,-7.531052,2.3677137,6.6309423
881,2026-05-11 16:18:31.564769,1.6252168,-0.61607254,1.6782686,-7.531052,2.3677137,6.6309423
882,2026-05-11 16:18:31.567547,1.6252168,-0.61607254,1.6782686,-7.531052,2.3677137,6.6309423
883,2026-05-11 16:18:31.570165,1.6252168,-0.61607254,1.6782686,-7.531052,2.3677137,6.6309423
884,2026-05-11 16:18:31.573309,1.6252168,-0.61607254,1.6782686,-7.531052,2.3677137,6.6309423
885,2026-05-11 16:18:31.575924,1.6252168,-0.61607254,1.6782686,-7.531052,2.3677137,6.6309423
886,2026-05-11 16:18:31.578731,1.6252168,-0.61607254,1.6782686,-7.531052,2.3677137,6.6309423
887,2026-05-11 16:18:31.581340,1.6252168,-0.61607254,1.6782686,-7.531052,2.3677137,6.6309423
888,2026-05-11 16:18:31.583877,1.6252168,-0.61607254,1.6782686,-7.531052,2.3677137,6.6309423
889,2026-05-11 16:18:31.586428,1.6252168,-0.61607254,1.6782686,-7.531052,2.3677137,6.6309423
890,2026-05-11 16:18:31.589344,1.6252168,-0.61607254,1.6782686,-7.531052,2.3677137,6.6309423
891,2026-05-11 16:18:31.592074,1.6252168,-0.61607254,1.6782686,-7.531052,2.3677137,6.6309423
892,2026-05-11 16:18:31.594705,1.6252168,-0.61607254,1.6782686,-7.531052,2.3677137,6.6309423
893,2026-05-11 16:18:31.597267,1.6252168,-0.61607254,1.6782686,-7.531052,2.3677137,6.6309423
894,2026-05-11 16:18:31.600032,1.6252168,-0.61607254,1.6782686,-7.531052,2.3677137,6.6309423
895,2026-05-11 16:18:31.602654,1.6252168,-0.61607254,1.6782686,-7.531052,2.3677137,6.6309423
896,2026-05-11 16:18:31.605463,1.6252168,-0.61607254,1.6782686,-7.531052,2.3677137,6.6309423
897,2026-05-11 16:18:31.608156,1.6252168,-0.61607254,1.6782686,-7.531052,2.3677137,6.6309423
898,2026-05-11 16:18:31.610776,1.6252168,-0.61607254,1.6782686,-7.531052,2.3677137,6.6309423
899,2026-05-11 16:18:31.613398,1.6252168,-0.61607254,1.6782686,-7.531052,2.3677137,6.6309423
900,2026-05-11 16:18:31.615971,1.6252168,-0.61607254,1.6782686,-7.531052,2.3677137,6.6309423
901,2026-05-11 16:18:31.618526,1.6252168,-0.61607254,1.6782686,-7.531052,2.3677137,6.6309423
902,2026-05-11 16:18:31.621505,1.6252168,-0.61607254,1.6782686,-7.531052,2.3677137,6.6309423
903,2026-05-11 16:18:31.624296,1.6252168,-0.61607254,1.6782686,-7.531052,2.3677137,6.6309423
904,2026-05-11 16:18:31.626878,1.6252168,-0.61607254,1.6782686,-7.531052,2.3677137,6.6309423
905,2026-05-11 16:18:31.629533,1.6252168,-0.61607254,1.6782686,-7.531052,2.3677137,6.6309423
906,2026-05-11 16:18:31.632184,1.6252168,-0.61607254,1.6782686,-7.531052,2.3677137,6.6309423
907,2026-05-11 16:18:31.634769,1.6252168,-0.61607254,1.6782686,-7.531052,2.3677137,6.6309423
908,2026-05-11 16:18:31.637596,1.6252168,-0.61607254,1.6782686,-7.531052,2.3677137,6.6309423
909,2026-05-11 16:18:31.640624,1.6252168,-0.61607254,1.6782686,-7.531052,2.3677137,6.6309423
910,2026-05-11 16:18:31.643311,1.6252168,-0.61607254,1.6782686,-7.531052,2.3677137,6.6309423
911,2026-05-11 16:18:31.646000,1.8399245,-0.5669843,2.1120746,-7.1700306,1.5260941,6.354373
912,2026-05-11 16:18:31.648868,1.8399245,-0.5669843,2.1120746,-7.1700306,1.5260941,6.354373
913,2026-05-11 16:18:31.651478,1.8399245,-0.5669843,2.1120746,-7.1700306,1.5260941,6.354373
914,2026-05-11 16:18:31.654392,1.8399245,-0.5669843,2.1120746,-7.1700306,1.5260941,6.354373
915,2026-05-11 16:18:31.657358,1.8399245,-0.5669843,2.1120746,-7.1700306,1.5260941,6.354373
916,2026-05-11 16:18:31.659941,1.8399245,-0.5669843,2.1120746,-7.1700306,1.5260941,6.354373
917,2026-05-11 16:18:31.662551,1.8399245,-0.5669843,2.1120746,-7.1700306,1.5260941,6.354373
918,2026-05-11 16:18:31.665173,1.8399245,-0.5669843,2.1120746,-7.1700306,1.5260941,6.354373
919,2026-05-11 16:18:31.667764,1.8399245,-0.5669843,2.1120746,-7.1700306,1.5260941,6.354373
920,2026-05-11 16:18:31.670573,1.8399245,-0.5669843,2.1120746,-6.6323166,1.0372492,6.123771
921,2026-05-11 16:18:31.673835,1.8399245,-0.5669843,2.1120746,-6.6323166,1.0372492,6.123771
922,2026-05-11 16:18:31.676509,1.8399245,-0.5669843,2.1120746,-6.6323166,1.0372492,6.123771
923,2026-05-11 16:18:31.679079,1.8399245,-0.5669843,2.1120746,-6.6323166,1.0372492,6.123771
924,2026-05-11 16:18:31.681674,1.8399245,-0.5669843,2.1120746,-6.6323166,1.0372492,6.123771
925,2026-05-11 16:18:31.684426,1.8399245,-0.5669843,2.1120746,-6.6323166,1.0372492,6.123771
926,2026-05-11 16:18:31.687079,1.8399245,-0.5669843,2.1120746,-6.6323166,1.0372492,6.123771
927,2026-05-11 16:18:31.690264,1.8399245,-0.5669843,2.1120746,-6.6323166,1.0372492,6.123771
928,2026-05-11 16:18:31.692983,1.8399245,-0.5669843,2.1120746,-6.6323166,1.0372492,6.123771
929,2026-05-11 16:18:31.695667,1.9512113,-0.4804549,2.2841575,-6.6323166,1.0372492,6.123771
930,2026-05-11 16:18:31.698277,1.9512113,-0.4804549,2.2841575,-6.6323166,1.0372492,6.123771
931,2026-05-11 16:18:31.700841,1.9512113,-0.4804549,2.2841575,-6.6323166,1.0372492,6.123771
932,2026-05-11 16:18:31.703439,1.9512113,-0.4804549,2.2841575,-6.6323166,1.0372492,6.123771
933,2026-05-11 16:18:31.706408,1.9512113,-0.4804549,2.2841575,-6.6323166,1.0372492,6.123771
934,2026-05-11 16:18:31.709192,1.9512113,-0.4804549,2.2841575,-6.6323166,1.0372492,6.123771
935,2026-05-11 16:18:31.711897,1.9512113,-0.4804549,2.2841575,-6.6323166,1.0372492,6.123771
936,2026-05-11 16:18:31.714486,1.9512113,-0.4804549,2.2841575,-6.6323166,1.0372492,6.123771
937,2026-05-11 16:18:31.717170,1.9512113,-0.4804549,2.2841575,-6.6323166,1.0372492,6.123771
938,2026-05-11 16:18:31.719745,1.9512113,-0.4804549,2.2841575,-6.6323166,1.0372492,6.123771
939,2026-05-11 16:18:31.722798,1.9512113,-0.4804549,2.2841575,-6.6323166,1.0372492,6.123771
940,2026-05-11 16:18:31.725487,1.9512113,-0.4804549,2.2841575,-6.6323166,1.0372492,6.123771
941,2026-05-11 16:18:31.728079,1.9512113,-0.4804549,2.2841575,-6.6323166,1.0372492,6.123771
942,2026-05-11 16:18:31.730857,1.9512113,-0.4804549,2.2841575,-6.6323166,1.0372492,6.123771
943,2026-05-11 16:18:31.733500,1.9512113,-0.4804549,2.2841575,-6.6323166,1.0372492,6.123771
944,2026-05-11 16:18:31.736098,1.9512113,-0.4804549,2.2841575,-6.6323166,1.0372492,6.123771
945,2026-05-11 16:18:31.739213,1.9512113,-0.4804549,2.2841575,-6.6323166,1.0372492,6.123771
946,2026-05-11 16:18:31.741883,1.9512113,-0.4804549,2.2841575,-6.6323166,1.0372492,6.123771
947,2026-05-11 16:18:31.744502,1.9512113,-0.4804549,2.2841575,-6.6323166,1.0372492,6.123771
948,2026-05-11 16:18:31.747173,1.9512113,-0.4804549,2.2841575,-6.6323166,1.0372492,6.123771
949,2026-05-11 16:18:31.749832,1.9512113,-0.4804549,2.2841575,-6.6323166,1.0372492,6.123771
950,2026-05-11 16:18:31.752445,1.9512113,-0.4804549,2.2841575,-6.6323166,1.0372492,6.123771
951,2026-05-11 16:18:31.755326,1.9512113,-0.4804549,2.2841575,-6.6323166,1.0372492,6.123771
952,2026-05-11 16:18:31.758132,1.9512113,-0.4804549,2.2841575,-6.6323166,1.0372492,6.123771
953,2026-05-11 16:18:31.760727,1.9512113,-0.4804549,2.2841575,-6.6323166,1.0372492,6.123771
954,2026-05-11 16:18:31.763392,1.9512113,-0.4804549,2.2841575,-6.6323166,1.0372492,6.123771
955,2026-05-11 16:18:31.765973,1.9512113,-0.4804549,2.2841575,-6.6323166,1.0372492,6.123771
956,2026-05-11 16:18:31.768801,1.9512113,-0.4804549,2.2841575,-6.6323166,1.0372492,6.123771
957,2026-05-11 16:18:31.771680,1.9512113,-0.4804549,2.2841575,-6.6323166,1.0372492,6.123771
958,2026-05-11 16:18:31.774537,1.9512113,-0.4804549,2.2841575,-6.6323166,1.0372492,6.123771
959,2026-05-11 16:18:31.777228,1.9512113,-0.4804549,2.2841575,-6.6323166,1.0372492,6.123771
960,2026-05-11 16:18:31.779947,1.9512113,-0.4804549,2.2841575,-6.6323166,1.0372492,6.123771
961,2026-05-11 16:18:31.782641,1.9512113,-0.4804549,2.2841575,-6.6323166,1.0372492,6.123771
962,2026-05-11 16:18:31.785307,1.8787681,-0.2836141,2.3291605,-6.6323166,1.0372492,6.123771
963,2026-05-11 16:18:31.788261,1.8787681,-0.2836141,2.3291605,-6.6323166,1.0372492,6.123771
964,2026-05-11 16:18:31.791066,1.8787681,-0.2836141,2.3291605,-5.212666,0.07269296,5.595831
965,2026-05-11 16:18:31.793715,1.8787681,-0.2836141,2.3291605,-5.212666,0.07269296,5.595831
966,2026-05-11 16:18:31.796293,1.8787681,-0.2836141,2.3291605,-5.212666,0.07269296,5.595831
967,2026-05-11 16:18:31.799128,1.8787681,-0.2836141,2.3291605,-5.212666,0.07269296,5.595831
968,2026-05-11 16:18:31.801899,1.8787681,-0.2836141,2.3291605,-5.212666,0.07269296,5.595831
969,2026-05-11 16:18:31.804637,1.8787681,-0.2836141,2.3291605,-5.212666,0.07269296,5.595831
970,2026-05-11 16:18:31.807602,1.8787681,-0.2836141,2.3291605,-5.212666,0.07269296,5.595831
971,2026-05-11 16:18:31.810246,1.8787681,-0.2836141,2.3291605,-5.212666,0.07269296,5.595831
972,2026-05-11 16:18:31.813074,1.8787681,-0.2836141,2.3291605,-5.212666,0.07269296,5.595831
973,2026-05-11 16:18:31.815742,1.8787681,-0.2836141,2.3291605,-5.212666,0.07269296,5.595831
974,2026-05-11 16:18:31.818337,1.8787681,-0.2836141,2.3291605,-5.212666,0.07269296,5.595831
975,2026-05-11 16:18:31.821306,1.7772378,-0.17147341,2.1240873,-5.212666,0.07269296,5.595831
976,2026-05-11 16:18:31.824132,1.7772378,-0.17147341,2.1240873,-5.212666,0.07269296,5.595831
977,2026-05-11 16:18:31.826751,1.7772378,-0.17147341,2.1240873,-5.212666,0.07269296,5.595831
978,2026-05-11 16:18:31.829308,1.7772378,-0.17147341,2.1240873,-5.212666,0.07269296,5.595831
979,2026-05-11 16:18:31.832094,1.7772378,-0.17147341,2.1240873,-5.212666,0.07269296,5.595831
980,2026-05-11 16:18:31.834697,1.7772378,-0.17147341,2.1240873,-5.212666,0.07269296,5.595831
981,2026-05-11 16:18:31.837519,1.7772378,-0.17147341,2.1240873,-4.376544,-0.3594942,5.3846245
982,2026-05-11 16:18:31.840574,1.7772378,-0.17147341,2.1240873,-4.376544,-0.3594942,5.3846245
983,2026-05-11 16:18:31.843236,1.7772378,-0.17147341,2.1240873,-4.376544,-0.3594942,5.3846245
984,2026-05-11 16:18:31.845930,1.7772378,-0.17147341,2.1240873,-4.376544,-0.3594942,5.3846245
985,2026-05-11 16:18:31.848552,1.7772378,-0.17147341,2.1240873,-4.376544,-0.3594942,5.3846245
986,2026-05-11 16:18:31.851329,1.7772378,-0.17147341,2.1240873,-4.376544,-0.3594942,5.3846245
987,2026-05-11 16:18:31.853950,1.7772378,-0.17147341,2.1240873,-4.376544,-0.3594942,5.3846245
988,2026-05-11 16:18:31.857142,1.7772378,-0.17147341,2.1240873,-4.376544,-0.3594942,5.3846245
989,2026-05-11 16:18:31.859764,1.7772378,-0.17147341,2.1240873,-4.376544,-0.3594942,5.3846245
990,2026-05-11 16:18:31.862641,1.7772378,-0.17147341,2.1240873,-4.376544,-0.3594942,5.3846245
991,2026-05-11 16:18:31.865409,1.5428948,0.024086772,1.2672691,-3.887852,-0.5025894,5.2455
992,2026-05-11 16:18:31.868108,1.5428948,0.024086772,1.2672691,-3.887852,-0.5025894,5.2455
993,2026-05-11 16:18:31.870964,1.5428948,0.024086772,1.2672691,-3.887852,-0.5025894,5.2455
994,2026-05-11 16:18:31.874471,1.5428948,0.024086772,1.2672691,-3.887852,-0.5025894,5.2455
995,2026-05-11 16:18:31.877342,1.390386,-0.024635585,0.9661539,-4.7090073,0.50976706,5.0361257
996,2026-05-11 16:18:31.880217,1.390386,-0.024635585,0.9661539,-4.7090073,0.50976706,5.0361257
997,2026-05-11 16:18:31.883144,1.390386,-0.024635585,0.9661539,-4.7090073,0.50976706,5.0361257
998,2026-05-11 16:18:31.885915,1.390386,-0.024635585,0.9661539,-4.7090073,0.50976706,5.0361257
999,2026-05-11 16:18:31.889048,1.390386,-0.024635585,0.9661539,-4.7090073,0.50976706,5.0361257
1000,2026-05-11 16:18:31.891774,1.390386,-0.024635585,0.9661539,-4.7090073,0.50976706,5.0361257
1001,2026-05-11 16:18:31.894421,1.390386,-0.024635585,0.9661539,-4.7090073,0.50976706,5.0361257
1002,2026-05-11 16:18:31.897175,1.390386,-0.024635585,0.9661539,-4.7090073,0.50976706,5.0361257
1003,2026-05-11 16:18:31.899796,1.390386,-0.024635585,0.9661539,-4.7090073,0.50976706,5.0361257
1004,2026-05-11 16:18:31.902737,1.252695,-0.11872645,0.8159013,-4.7090073,0.50976706,5.0361257
1005,2026-05-11 16:18:31.905851,1.252695,-0.11872645,0.8159013,-5.67616,1.2483032,4.9770246
1006,2026-05-11 16:18:31.908636,1.252695,-0.11872645,0.8159013,-5.67616,1.2483032,4.9770246
1007,2026-05-11 16:18:31.911284,1.252695,-0.11872645,0.8159013,-5.67616,1.2483032,4.9770246
1008,2026-05-11 16:18:31.913931,1.252695,-0.11872645,0.8159013,-5.67616,1.2483032,4.9770246
1009,2026-05-11 16:18:31.916688,1.211595,-0.2423312,0.8713923,-6.5356474,1.6523905,4.918076
1010,2026-05-11 16:18:31.919338,1.2421457,-0.30532268,0.97603256,-6.8642926,1.6433803,4.845383
1011,2026-05-11 16:18:31.922379,1.3587378,-0.35032532,1.212022,-6.9565334,1.1233811,4.5987463
1012,2026-05-11 16:18:31.925433,1.3587378,-0.35032532,1.212022,-6.9565334,1.1233811,4.5987463
1013,2026-05-11 16:18:31.928096,1.3587378,-0.35032532,1.212022,-6.9565334,1.1233811,4.5987463
1014,2026-05-11 16:18:31.930704,1.3587378,-0.35032532,1.212022,-6.9565334,1.1233811,4.5987463
1015,2026-05-11 16:18:31.933305,1.3587378,-0.35032532,1.212022,-6.9565334,1.1233811,4.5987463
1016,2026-05-11 16:18:31.936123,1.3587378,-0.35032532,1.212022,-6.9565334,1.1233811,4.5987463
1017,2026-05-11 16:18:31.939096,1.565762,-0.2889193,1.3614819,-6.9565334,1.1233811,4.5987463
1018,2026-05-11 16:18:31.941874,1.565762,-0.2889193,1.3614819,-6.9565334,1.1233811,4.5987463
1019,2026-05-11 16:18:31.944493,1.565762,-0.2889193,1.3614819,-6.9565334,1.1233811,4.5987463
1020,2026-05-11 16:18:31.947356,1.565762,-0.2889193,1.3614819,-6.9565334,1.1233811,4.5987463
1021,2026-05-11 16:18:31.950111,1.565762,-0.2889193,1.3614819,-6.9565334,1.1233811,4.5987463
1022,2026-05-11 16:18:31.952769,1.565762,-0.2889193,1.3614819,-6.8325276,0.81000733,4.467105
1023,2026-05-11 16:18:31.955773,1.565762,-0.2889193,1.3614819,-6.8325276,0.81000733,4.467105
1024,2026-05-11 16:18:31.958575,1.565762,-0.2889193,1.3614819,-6.8325276,0.81000733,4.467105
1025,2026-05-11 16:18:31.961330,1.565762,-0.2889193,1.3614819,-6.8325276,0.81000733,4.467105
1026,2026-05-11 16:18:31.964078,1.7108924,-0.07591906,1.647962,-5.7303743,-0.71853024,3.6436584
1027,2026-05-11 16:18:31.966949,1.7108924,-0.07591906,1.647962,-5.102863,-1.2967142,3.4926221
1028,2026-05-11 16:18:31.969607,1.7108924,-0.07591906,1.647962,-5.102863,-1.2967142,3.4926221
1029,2026-05-11 16:18:31.972706,1.4760008,0.05860098,1.7067459,-4.714658,-1.4622587,3.5779905
1030,2026-05-11 16:18:31.975417,1.4760008,0.05860098,1.7067459,-4.714658,-1.4622587,3.5779905
1031,2026-05-11 16:18:31.978056,1.3567865,0.114823766,1.7424798,-4.714658,-1.4622587,3.5779905
1032,2026-05-11 16:18:31.980856,1.3870931,0.38130274,1.8840125,-3.722002,-0.80557853,4.2701006
1033,2026-05-11 16:18:31.983436,1.3870931,0.38130274,1.8840125,-3.722002,-0.80557853,4.2701006
1034,2026-05-11 16:18:31.985987,1.3870931,0.38130274,1.8840125,-3.722002,-0.80557853,4.2701006
1035,2026-05-11 16:18:31.989067,1.3870931,0.38130274,1.8840125,-3.722002,-0.80557853,4.2701006
1036,2026-05-11 16:18:31.991738,1.3870931,0.38130274,1.8840125,-3.722002,-0.80557853,4.2701006
1037,2026-05-11 16:18:31.994419,2.5812483,1.1578114,1.6702803,-3.1597004,0.007788532,4.1022654
1038,2026-05-11 16:18:31.997293,3.1096935,1.5527126,1.3886176,-3.1597004,0.007788532,4.1022654
1039,2026-05-11 16:18:32.000048,3.1096935,1.5527126,1.3886176,-3.1597004,0.007788532,4.1022654
1040,2026-05-11 16:18:32.002723,3.1096935,1.5527126,1.3886176,-3.1597004,0.007788532,4.1022654
1041,2026-05-11 16:18:32.005769,3.1096935,1.5527126,1.3886176,-3.1597004,0.007788532,4.1022654
1042,2026-05-11 16:18:32.008574,3.1096935,1.5527126,1.3886176,-3.1597004,0.007788532,4.1022654
1043,2026-05-11 16:18:32.011229,3.1096935,1.5527126,1.3886176,-3.1597004,0.007788532,4.1022654
1044,2026-05-11 16:18:32.014046,3.1096935,1.5527126,1.3886176,-3.1597004,0.007788532,4.1022654
1045,2026-05-11 16:18:32.016816,3.1096935,1.5527126,1.3886176,-3.1597004,0.007788532,4.1022654
1046,2026-05-11 16:18:32.019599,3.1096935,1.5527126,1.3886176,-3.2462907,0.30008754,2.4162774
1047,2026-05-11 16:18:32.022700,3.1096935,1.5527126,1.3886176,-3.2462907,0.30008754,2.4162774
1048,2026-05-11 16:18:32.025444,3.1096935,1.5527126,1.3886176,-3.2462907,0.30008754,2.4162774
1049,2026-05-11 16:18:32.028037,3.1096935,1.5527126,1.3886176,-3.2462907,0.30008754,2.4162774
1050,2026-05-11 16:18:32.030850,3.1096935,1.5527126,1.3886176,-3.2462907,0.30008754,2.4162774
1051,2026-05-11 16:18:32.033583,3.1096935,1.5527126,1.3886176,-3.2462907,0.30008754,2.4162774
1052,2026-05-11 16:18:32.036225,3.1096935,1.5527126,1.3886176,-3.2462907,0.30008754,2.4162774
1053,2026-05-11 16:18:32.039165,3.1096935,1.5527126,1.3886176,-3.2462907,0.30008754,2.4162774
1054,2026-05-11 16:18:32.041995,3.3097055,1.800105,1.1218338,-3.2462907,0.30008754,2.4162774
1055,2026-05-11 16:18:32.044687,3.3097055,1.800105,1.1218338,-3.2462907,0.30008754,2.4162774
1056,2026-05-11 16:18:32.047408,3.3097055,1.800105,1.1218338,-3.2462907,0.30008754,2.4162774
1057,2026-05-11 16:18:32.050028,3.3097055,1.800105,1.1218338,-3.2462907,0.30008754,2.4162774
1058,2026-05-11 16:18:32.052644,3.3097055,1.800105,1.1218338,-3.2462907,0.30008754,2.4162774
1059,2026-05-11 16:18:32.055588,3.3277552,1.9576751,0.87791705,-3.2462907,0.30008754,2.4162774
1060,2026-05-11 16:18:32.058327,3.3277552,1.9576751,0.87791705,-3.2462907,0.30008754,2.4162774
1061,2026-05-11 16:18:32.061052,3.3277552,1.9576751,0.87791705,-3.2462907,0.30008754,2.4162774
1062,2026-05-11 16:18:32.063718,3.3277552,1.9576751,0.87791705,-3.2462907,0.30008754,2.4162774
1063,2026-05-11 16:18:32.066336,3.3277552,1.9576751,0.87791705,-3.2462907,0.30008754,2.4162774
1064,2026-05-11 16:18:32.068903,3.3277552,1.9576751,0.87791705,-3.2462907,0.30008754,2.4162774
1065,2026-05-11 16:18:32.072340,3.3277552,1.9576751,0.87791705,-3.2462907,0.30008754,2.4162774
1066,2026-05-11 16:18:32.075111,3.3277552,1.9576751,0.87791705,-3.2462907,0.30008754,2.4162774
1067,2026-05-11 16:18:32.077727,3.3277552,1.9576751,0.87791705,-3.2462907,0.30008754,2.4162774
1068,2026-05-11 16:18:32.080348,3.3277552,1.9576751,0.87791705,-3.2462907,0.30008754,2.4162774
1069,2026-05-11 16:18:32.082943,3.3277552,1.9576751,0.87791705,-3.2462907,0.30008754,2.4162774
1070,2026-05-11 16:18:32.085674,3.3277552,1.9576751,0.87791705,-3.2462907,0.30008754,2.4162774
1071,2026-05-11 16:18:32.088577,3.3277552,1.9576751,0.87791705,-3.2462907,0.30008754,2.4162774
1072,2026-05-11 16:18:32.091414,3.3277552,1.9576751,0.87791705,-3.2462907,0.30008754,2.4162774
1073,2026-05-11 16:18:32.094204,3.3277552,1.9576751,0.87791705,-3.9267945,0.29810223,1.4749341
1074,2026-05-11 16:18:32.096920,3.3277552,1.9576751,0.87791705,-3.9267945,0.29810223,1.4749341
1075,2026-05-11 16:18:32.099668,3.3277552,1.9576751,0.87791705,-3.9267945,0.29810223,1.4749341
1076,2026-05-11 16:18:32.102267,3.3277552,1.9576751,0.87791705,-3.9267945,0.29810223,1.4749341
1077,2026-05-11 16:18:32.105422,3.3277552,1.9576751,0.87791705,-3.9267945,0.29810223,1.4749341
1078,2026-05-11 16:18:32.108315,3.3277552,1.9576751,0.87791705,-3.9267945,0.29810223,1.4749341
1079,2026-05-11 16:18:32.111039,3.3277552,1.9576751,0.87791705,-3.9267945,0.29810223,1.4749341
1080,2026-05-11 16:18:32.113933,2.6799734,2.2781816,1.7671763,-5.2995615,0.8593347,1.0839803
1081,2026-05-11 16:18:32.116733,2.6799734,2.2781816,1.7671763,-5.2995615,0.8593347,1.0839803
1082,2026-05-11 16:18:32.119538,2.6799734,2.2781816,1.7671763,-4.8192687,1.0781772,1.3171781
1083,2026-05-11 16:18:32.122678,2.6799734,2.2781816,1.7671763,-4.8192687,1.0781772,1.3171781
1084,2026-05-11 16:18:32.125512,2.6799734,2.2781816,1.7671763,-4.8192687,1.0781772,1.3171781
1085,2026-05-11 16:18:32.128274,2.6799734,2.2781816,1.7671763,-4.8192687,1.0781772,1.3171781
1086,2026-05-11 16:18:32.130896,2.6799734,2.2781816,1.7671763,-4.8192687,1.0781772,1.3171781
1087,2026-05-11 16:18:32.133521,2.6799734,2.2781816,1.7671763,-4.8192687,1.0781772,1.3171781
1088,2026-05-11 16:18:32.136144,2.6799734,2.2781816,1.7671763,-4.8192687,1.0781772,1.3171781
1089,2026-05-11 16:18:32.139561,2.6799734,2.2781816,1.7671763,-4.8192687,1.0781772,1.3171781
1090,2026-05-11 16:18:32.142598,2.6799734,2.2781816,1.7671763,-4.8192687,1.0781772,1.3171781
1091,2026-05-11 16:18:32.145334,2.6799734,2.2781816,1.7671763,-4.8192687,1.0781772,1.3171781
1092,2026-05-11 16:18:32.147961,2.6799734,2.2781816,1.7671763,-4.8192687,1.0781772,1.3171781
1093,2026-05-11 16:18:32.150703,2.6799734,2.2781816,1.7671763,-4.8192687,1.0781772,1.3171781
1094,2026-05-11 16:18:32.153413,2.6799734,2.2781816,1.7671763,-4.8192687,1.0781772,1.3171781
1095,2026-05-11 16:18:32.156670,2.6799734,2.2781816,1.7671763,-4.8192687,1.0781772,1.3171781
1096,2026-05-11 16:18:32.159985,2.9759665,2.5070975,2.2529364,-4.8192687,1.0781772,1.3171781
1097,2026-05-11 16:18:32.162668,2.9759665,2.5070975,2.2529364,-4.8192687,1.0781772,1.3171781
1098,2026-05-11 16:18:32.165511,2.9759665,2.5070975,2.2529364,-4.8192687,1.0781772,1.3171781
1099,2026-05-11 16:18:32.168154,2.9759665,2.5070975,2.2529364,-4.8192687,1.0781772,1.3171781
1100,2026-05-11 16:18:32.171162,2.9759665,2.5070975,2.2529364,-4.8192687,1.0781772,1.3171781
1101,2026-05-11 16:18:32.174042,2.9759665,2.5070975,2.2529364,-4.8192687,1.0781772,1.3171781
1102,2026-05-11 16:18:32.176916,3.3004367,2.7654052,2.628812,-3.706425,1.0186177,1.1737776
1103,2026-05-11 16:18:32.179632,3.3004367,2.7654052,2.628812,-3.706425,1.0186177,1.1737776
1104,2026-05-11 16:18:32.182306,3.5369136,3.0371284,2.8607767,-2.1972823,0.70112056,0.74006325
1105,2026-05-11 16:18:32.184925,3.5369136,3.0371284,2.8607767,-2.1972823,0.70112056,0.74006325
1106,2026-05-11 16:18:32.187644,3.740462,3.3828804,3.170673,-2.1972823,0.70112056,0.74006325
1107,2026-05-11 16:18:32.190659,3.740462,3.3828804,3.170673,-0.39354995,0.34391713,0.08674286
1108,2026-05-11 16:18:32.193321,3.740462,3.3828804,3.170673,-0.39354995,0.34391713,0.08674286
1109,2026-05-11 16:18:32.196094,3.740462,3.3828804,3.170673,-0.39354995,0.34391713,0.08674286
1110,2026-05-11 16:18:32.198740,3.740462,3.3828804,3.170673,-0.39354995,0.34391713,0.08674286
1111,2026-05-11 16:18:32.201352,3.740462,3.3828804,3.170673,-0.39354995,0.34391713,0.08674286
1112,2026-05-11 16:18:32.204158,3.7794278,3.4691656,3.1895764,-0.39354995,0.34391713,0.08674286
1113,2026-05-11 16:18:32.207577,3.7794278,3.4691656,3.1895764,-0.39354995,0.34391713,0.08674286
1114,2026-05-11 16:18:32.210473,3.7794278,3.4691656,3.1895764,1.181108,0.033292156,-0.5363397
1115,2026-05-11 16:18:32.213146,3.7794278,3.4691656,3.1895764,1.181108,0.033292156,-0.5363397
1116,2026-05-11 16:18:32.215823,3.7794278,3.4691656,3.1895764,1.181108,0.033292156,-0.5363397
1117,2026-05-11 16:18:32.218608,3.7534509,3.421663,3.0413358,2.9567406,-0.52274793,-1.2454015
1118,2026-05-11 16:18:32.221663,3.7534509,3.421663,3.0413358,2.9567406,-0.52274793,-1.2454015
1119,2026-05-11 16:18:32.224596,3.7534509,3.421663,3.0413358,2.9567406,-0.52274793,-1.2454015
1120,2026-05-11 16:18:32.227340,3.7534509,3.421663,3.0413358,2.9567406,-0.52274793,-1.2454015
1121,2026-05-11 16:18:32.230070,3.7534509,3.421663,3.0413358,2.9567406,-0.52274793,-1.2454015
1122,2026-05-11 16:18:32.232718,3.7534509,3.421663,3.0413358,2.9567406,-0.52274793,-1.2454015
1123,2026-05-11 16:18:32.235387,3.7534509,3.421663,3.0413358,2.9567406,-0.52274793,-1.2454015
1124,2026-05-11 16:18:32.238305,3.7534509,3.421663,3.0413358,2.9567406,-0.52274793,-1.2454015
1125,2026-05-11 16:18:32.241275,3.7534509,3.421663,3.0413358,2.9567406,-0.52274793,-1.2454015
1126,2026-05-11 16:18:32.243893,3.7534509,3.421663,3.0413358,2.9567406,-0.52274793,-1.2454015
1127,2026-05-11 16:18:32.246514,3.7534509,3.421663,3.0413358,2.9567406,-0.52274793,-1.2454015
1128,2026-05-11 16:18:32.249155,3.7534509,3.421663,3.0413358,2.9567406,-0.52274793,-1.2454015
1129,2026-05-11 16:18:32.251717,3.7534509,3.421663,3.0413358,2.9567406,-0.52274793,-1.2454015
1130,2026-05-11 16:18:32.254848,3.7534509,3.421663,3.0413358,4.3020186,-0.98792183,-1.8524488
1131,2026-05-11 16:18:32.257705,3.7568653,3.2917166,2.7742472,4.3020186,-0.98792183,-1.8524488
1132,2026-05-11 16:18:32.260349,3.7568653,3.2917166,2.7742472,4.3020186,-0.98792183,-1.8524488
1133,2026-05-11 16:18:32.262940,3.7568653,3.2917166,2.7742472,4.3020186,-0.98792183,-1.8524488
1134,2026-05-11 16:18:32.265497,3.7568653,3.2917166,2.7742472,4.3020186,-0.98792183,-1.8524488
1135,2026-05-11 16:18:32.268237,3.7568653,3.2917166,2.7742472,4.3020186,-0.98792183,-1.8524488
1136,2026-05-11 16:18:32.271127,3.7568653,3.2917166,2.7742472,4.3020186,-0.98792183,-1.8524488
1137,2026-05-11 16:18:32.274517,3.8352847,3.187015,2.4247756,4.3020186,-0.98792183,-1.8524488
1138,2026-05-11 16:18:32.277207,3.8352847,3.187015,2.4247756,4.3020186,-0.98792183,-1.8524488
1139,2026-05-11 16:18:32.279980,3.8352847,3.187015,2.4247756,4.3020186,-0.98792183,-1.8524488
1140,2026-05-11 16:18:32.282588,3.8352847,3.187015,2.4247756,4.3020186,-0.98792183,-1.8524488
1141,2026-05-11 16:18:32.285266,3.8352847,3.187015,2.4247756,4.3020186,-0.98792183,-1.8524488
1142,2026-05-11 16:18:32.287932,3.8352847,3.187015,2.4247756,4.3020186,-0.98792183,-1.8524488
1143,2026-05-11 16:18:32.291083,3.8352847,3.187015,2.4247756,4.3020186,-0.98792183,-1.8524488
1144,2026-05-11 16:18:32.293656,3.8352847,3.187015,2.4247756,4.3020186,-0.98792183,-1.8524488
1145,2026-05-11 16:18:32.296483,3.8352847,3.187015,2.4247756,4.3020186,-0.98792183,-1.8524488
1146,2026-05-11 16:18:32.299248,3.8352847,3.187015,2.4247756,4.8582115,-0.9958631,-2.3263276
1147,2026-05-11 16:18:32.301950,3.9298637,3.0430434,1.9295027,4.1022654,-0.3837761,-3.9613085
1148,2026-05-11 16:18:32.305096,3.9298637,3.0430434,1.9295027,4.1022654,-0.3837761,-3.9613085
1149,2026-05-11 16:18:32.307944,3.9298637,3.0430434,1.9295027,4.1022654,-0.3837761,-3.9613085
1150,2026-05-11 16:18:32.310556,3.9298637,3.0430434,1.9295027,4.1022654,-0.3837761,-3.9613085
1151,2026-05-11 16:18:32.313414,3.9298637,3.0430434,1.9295027,4.1022654,-0.3837761,-3.9613085
1152,2026-05-11 16:18:32.316066,3.9298637,3.0430434,1.9295027,4.1022654,-0.3837761,-3.9613085
1153,2026-05-11 16:18:32.318891,3.9298637,3.0430434,1.9295027,4.1022654,-0.3837761,-3.9613085
1154,2026-05-11 16:18:32.321762,3.9298637,3.0430434,1.9295027,4.1022654,-0.3837761,-3.9613085
1155,2026-05-11 16:18:32.324701,3.9298637,3.0430434,1.9295027,4.1022654,-0.3837761,-3.9613085
1156,2026-05-11 16:18:32.327370,3.9298637,3.0430434,1.9295027,4.1022654,-0.3837761,-3.9613085
1157,2026-05-11 16:18:32.329964,3.9298637,3.0430434,1.9295027,4.1022654,-0.3837761,-3.9613085
1158,2026-05-11 16:18:32.332804,3.9298637,3.0430434,1.9295027,4.1022654,-0.3837761,-3.9613085
1159,2026-05-11 16:18:32.335399,3.9298637,3.0430434,1.9295027,4.1022654,-0.3837761,-3.9613085
1160,2026-05-11 16:18:32.338288,3.9298637,3.0430434,1.9295027,4.1022654,-0.3837761,-3.9613085
1161,2026-05-11 16:18:32.341254,3.9298637,3.0430434,1.9295027,4.1022654,-0.3837761,-3.9613085
1162,2026-05-11 16:18:32.344009,3.709058,2.7826624,1.4756349,4.1022654,-0.3837761,-3.9613085
1163,2026-05-11 16:18:32.346703,3.709058,2.7826624,1.4756349,4.1022654,-0.3837761,-3.9613085
1164,2026-05-11 16:18:32.349322,3.709058,2.7826624,1.4756349,4.1022654,-0.3837761,-3.9613085
1165,2026-05-11 16:18:32.351908,3.709058,2.7826624,1.4756349,4.1022654,-0.3837761,-3.9613085
1166,2026-05-11 16:18:32.355176,3.709058,2.7826624,1.4756349,4.1022654,-0.3837761,-3.9613085
1167,2026-05-11 16:18:32.357912,3.709058,2.7826624,1.4756349,4.1022654,-0.3837761,-3.9613085
1168,2026-05-11 16:18:32.360533,3.709058,2.7826624,1.4756349,4.1022654,-0.3837761,-3.9613085
1169,2026-05-11 16:18:32.363171,3.709058,2.7826624,1.4756349,4.1022654,-0.3837761,-3.9613085
1170,2026-05-11 16:18:32.365929,3.709058,2.7826624,1.4756349,4.1022654,-0.3837761,-3.9613085
1171,2026-05-11 16:18:32.368689,3.709058,2.7826624,1.4756349,4.1022654,-0.3837761,-3.9613085
1172,2026-05-11 16:18:32.371540,3.709058,2.7826624,1.4756349,4.1022654,-0.3837761,-3.9613085
1173,2026-05-11 16:18:32.374244,3.709058,2.7826624,1.4756349,4.1022654,-0.3837761,-3.9613085
1174,2026-05-11 16:18:32.376871,3.709058,2.7826624,1.4756349,4.1022654,-0.3837761,-3.9613085
1175,2026-05-11 16:18:32.379506,3.709058,2.7826624,1.4756349,4.1022654,-0.3837761,-3.9613085
1176,2026-05-11 16:18:32.382312,3.709058,2.7826624,1.4756349,2.9964468,-0.08536842,-4.6350927
1177,2026-05-11 16:18:32.384994,3.709058,2.7826624,1.4756349,2.9964468,-0.08536842,-4.6350927
1178,2026-05-11 16:18:32.387753,3.2339082,2.5165493,1.2412919,2.9964468,-0.08536842,-4.6350927
1179,2026-05-11 16:18:32.390707,3.2339082,2.5165493,1.2412919,2.9964468,-0.08536842,-4.6350927
1180,2026-05-11 16:18:32.393513,3.2339082,2.5165493,1.2412919,2.9964468,-0.08536842,-4.6350927
1181,2026-05-11 16:18:32.396134,3.2339082,2.5165493,1.2412919,2.9964468,-0.08536842,-4.6350927
1182,2026-05-11 16:18:32.398971,3.2339082,2.5165493,1.2412919,2.9964468,-0.08536842,-4.6350927
1183,2026-05-11 16:18:32.401918,3.2339082,2.5165493,1.2412919,2.9964468,-0.08536842,-4.6350927
1184,2026-05-11 16:18:32.405096,3.2339082,2.5165493,1.2412919,2.9964468,-0.08536842,-4.6350927
1185,2026-05-11 16:18:32.407956,3.2339082,2.5165493,1.2412919,2.9964468,-0.08536842,-4.6350927
1186,2026-05-11 16:18:32.410772,2.596127,1.9665782,1.5824704,0.97524637,0.52412236,-5.4492235
1187,2026-05-11 16:18:32.413394,2.596127,1.9665782,1.5824704,0.97524637,0.52412236,-5.4492235
1188,2026-05-11 16:18:32.416222,2.596127,1.9665782,1.5824704,0.97524637,0.52412236,-5.4492235
1189,2026-05-11 16:18:32.418967,2.596127,1.9665782,1.5824704,0.8168796,0.6753115,-5.6170588
1190,2026-05-11 16:18:32.422015,2.596127,1.9665782,1.5824704,0.8168796,0.6753115,-5.6170588
1191,2026-05-11 16:18:32.424789,2.596127,1.9665782,1.5824704,0.8168796,0.6753115,-5.6170588
1192,2026-05-11 16:18:32.427608,2.415202,1.7464434,1.8158376,0.8168796,0.6753115,-5.6170588
1193,2026-05-11 16:18:32.430386,2.415202,1.7464434,1.8158376,0.8168796,0.6753115,-5.6170588
1194,2026-05-11 16:18:32.433201,2.415202,1.7464434,1.8158376,0.8168796,0.6753115,-5.6170588
1195,2026-05-11 16:18:32.435831,2.415202,1.7464434,1.8158376,0.8168796,0.6753115,-5.6170588
1196,2026-05-11 16:18:32.439025,2.415202,1.7464434,1.8158376,0.8168796,0.6753115,-5.6170588
1197,2026-05-11 16:18:32.442007,2.2430577,1.4462429,2.0368261,0.9465357,0.75976366,-5.8998895
1198,2026-05-11 16:18:32.444708,2.1315267,1.2115341,2.210007,1.4442382,0.6389651,-6.1769166
1199,2026-05-11 16:18:32.447283,2.1315267,1.2115341,2.210007,1.4442382,0.6389651,-6.1769166
1200,2026-05-11 16:18:32.450035,2.1315267,1.2115341,2.210007,1.4442382,0.6389651,-6.1769166
1201,2026-05-11 16:18:32.452767,1.9659684,0.8813319,2.3545277,2.010663,0.6478226,-6.3685756
1202,2026-05-11 16:18:32.455911,1.8054101,0.5336287,2.425995,2.010663,0.6478226,-6.3685756
1203,2026-05-11 16:18:32.458823,1.8054101,0.5336287,2.425995,2.010663,0.6478226,-6.3685756
1204,2026-05-11 16:18:32.461623,1.8054101,0.5336287,2.425995,2.010663,0.6478226,-6.3685756
1205,2026-05-11 16:18:32.464246,1.8054101,0.5336287,2.425995,2.010663,0.6478226,-6.3685756
1206,2026-05-11 16:18:32.467048,1.8054101,0.5336287,2.425995,2.010663,0.6478226,-6.3685756
1207,2026-05-11 16:18:32.469756,1.7666274,0.20714624,2.3898954,2.8237245,0.73471814,-6.4597473
1208,2026-05-11 16:18:32.472969,1.7666274,0.20714624,2.3898954,2.8237245,0.73471814,-6.4597473
1209,2026-05-11 16:18:32.475861,1.7666274,0.20714624,2.3898954,2.8237245,0.73471814,-6.4597473
1210,2026-05-11 16:18:32.478676,1.7666274,0.20714624,2.3898954,3.7244453,0.8622363,-6.443254
1211,2026-05-11 16:18:32.481452,1.7666274,0.20714624,2.3898954,3.7244453,0.8622363,-6.443254
1212,2026-05-11 16:18:32.484283,1.7666274,0.20714624,2.3898954,3.7244453,0.8622363,-6.443254
1213,2026-05-11 16:18:32.486972,1.7666274,0.20714624,2.3898954,3.7244453,0.8622363,-6.443254
1214,2026-05-11 16:18:32.489915,1.9266369,-0.0035367915,2.2614734,3.7244453,0.8622363,-6.443254
1215,2026-05-11 16:18:32.492604,1.9266369,-0.0035367915,2.2614734,3.7244453,0.8622363,-6.443254
1216,2026-05-11 16:18:32.495360,1.9266369,-0.0035367915,2.2614734,3.7244453,0.8622363,-6.443254
1217,2026-05-11 16:18:32.497969,1.9266369,-0.0035367915,2.2614734,3.7244453,0.8622363,-6.443254
1218,2026-05-11 16:18:32.500736,1.9266369,-0.0035367915,2.2614734,3.7244453,0.8622363,-6.443254
1219,2026-05-11 16:18:32.503336,1.9266369,-0.0035367915,2.2614734,3.7244453,0.8622363,-6.443254
1220,2026-05-11 16:18:32.506490,1.9266369,-0.0035367915,2.2614734,4.3640213,0.9034697,-6.4331746
1221,2026-05-11 16:18:32.509210,1.9266369,-0.0035367915,2.2614734,4.3640213,0.9034697,-6.4331746
1222,2026-05-11 16:18:32.511803,1.9266369,-0.0035367915,2.2614734,4.3640213,0.9034697,-6.4331746
1223,2026-05-11 16:18:32.514417,1.9266369,-0.0035367915,2.2614734,4.3640213,0.9034697,-6.4331746
1224,2026-05-11 16:18:32.517003,1.9266369,-0.0035367915,2.2614734,4.3640213,0.9034697,-6.4331746
1225,2026-05-11 16:18:32.519569,1.9266369,-0.0035367915,2.2614734,4.3640213,0.9034697,-6.4331746
1226,2026-05-11 16:18:32.522689,1.9266369,-0.0035367915,2.2614734,4.3640213,0.9034697,-6.4331746
1227,2026-05-11 16:18:32.525588,1.9389546,-0.5605205,1.8919396,5.4519725,0.8378017,-6.7401342
1228,2026-05-11 16:18:32.528322,1.9389546,-0.5605205,1.8919396,5.4519725,0.8378017,-6.7401342
1229,2026-05-11 16:18:32.531115,1.9389546,-0.5605205,1.8919396,5.4519725,0.8378017,-6.7401342
1230,2026-05-11 16:18:32.533710,1.9389546,-0.5605205,1.8919396,5.4519725,0.8378017,-6.7401342
1231,2026-05-11 16:18:32.536314,1.9389546,-0.5605205,1.8919396,5.4519725,0.8378017,-6.7401342
1232,2026-05-11 16:18:32.539272,1.9389546,-0.5605205,1.8919396,5.4519725,0.8378017,-6.7401342
1233,2026-05-11 16:18:32.542021,1.9389546,-0.5605205,1.8919396,5.4519725,0.8378017,-6.7401342
1234,2026-05-11 16:18:32.544641,1.9389546,-0.5605205,1.8919396,5.4519725,0.8378017,-6.7401342
1235,2026-05-11 16:18:32.547234,1.9389546,-0.5605205,1.8919396,5.4519725,0.8378017,-6.7401342
1236,2026-05-11 16:18:32.550051,1.9286491,-0.6866255,1.7377235,5.6521835,0.71883565,-6.7833533
1237,2026-05-11 16:18:32.552630,1.9286491,-0.6866255,1.7377235,5.6521835,0.71883565,-6.7833533
1238,2026-05-11 16:18:32.555806,1.9286491,-0.6866255,1.7377235,5.6521835,0.71883565,-6.7833533
1239,2026-05-11 16:18:32.558666,2.0362163,-0.76541054,1.6605237,5.727778,0.44944412,-6.894836
1240,2026-05-11 16:18:32.561471,2.0362163,-0.76541054,1.6605237,5.727778,0.44944412,-6.894836
1241,2026-05-11 16:18:32.564082,2.0362163,-0.76541054,1.6605237,5.727778,0.44944412,-6.894836
1242,2026-05-11 16:18:32.566882,2.0362163,-0.76541054,1.6605237,5.727778,0.44944412,-6.894836
1243,2026-05-11 16:18:32.569785,1.9902381,-0.9185292,1.7339426,5.742133,-0.017562376,-7.1254377
1244,2026-05-11 16:18:32.572852,1.9902381,-0.9185292,1.7339426,5.742133,-0.017562376,-7.1254377
1245,2026-05-11 16:18:32.575484,1.9902381,-0.9185292,1.7339426,5.742133,-0.017562376,-7.1254377
1246,2026-05-11 16:18:32.578262,1.9902381,-0.9185292,1.7339426,5.6757016,-0.1386664,-7.2094316
1247,2026-05-11 16:18:32.580879,1.9902381,-0.9185292,1.7339426,5.6757016,-0.1386664,-7.2094316
1248,2026-05-11 16:18:32.583582,1.9902381,-0.9185292,1.7339426,5.6757016,-0.1386664,-7.2094316
1249,2026-05-11 16:18:32.586318,1.9902381,-0.9185292,1.7339426,5.6757016,-0.1386664,-7.2094316
1250,2026-05-11 16:18:32.589180,1.9902381,-0.9185292,1.7339426,5.6757016,-0.1386664,-7.2094316
1251,2026-05-11 16:18:32.591936,1.9902381,-0.9185292,1.7339426,5.6757016,-0.1386664,-7.2094316
1252,2026-05-11 16:18:32.594507,1.9902381,-0.9185292,1.7339426,5.6757016,-0.1386664,-7.2094316
1253,2026-05-11 16:18:32.597108,1.9902381,-0.9185292,1.7339426,5.6757016,-0.1386664,-7.2094316
1254,2026-05-11 16:18:32.599797,1.9902381,-0.9185292,1.7339426,5.6757016,-0.1386664,-7.2094316
1255,2026-05-11 16:18:32.602360,1.9902381,-0.9185292,1.7339426,5.6757016,-0.1386664,-7.2094316
1256,2026-05-11 16:18:32.605500,1.9902381,-0.9185292,1.7339426,5.6757016,-0.1386664,-7.2094316
1257,2026-05-11 16:18:32.633452,2.157626,-1.1703732,1.7801647,5.3104043,1.7592919,-6.5964284
1258,2026-05-11 16:18:32.637517,1.8587061,-1.3603842,1.7433944,5.3104043,1.7592919,-6.5964284
1259,2026-05-11 16:18:32.646555,1.8587061,-1.3603842,1.7433944,5.3104043,1.7592919,-6.5964284
1260,2026-05-11 16:18:32.649561,1.8587061,-1.3603842,1.7433944,5.907067,1.568702,-6.9122458
1261,2026-05-11 16:18:32.652159,1.8587061,-1.3603842,1.7433944,5.907067,1.568702,-6.9122458
1262,2026-05-11 16:18:32.655099,1.8587061,-1.3603842,1.7433944,5.907067,1.568702,-6.9122458
1263,2026-05-11 16:18:32.657986,1.5816166,-1.5694817,1.5538102,6.4379086,1.1404854,-6.9982247
1264,2026-05-11 16:18:32.660854,1.5816166,-1.5694817,1.5538102,6.4379086,1.1404854,-6.9982247
1265,2026-05-11 16:18:32.663701,1.2202542,-1.8837684,0.8816368,7.2934256,0.28069258,-7.0951996
1266,2026-05-11 16:18:32.666399,1.2202542,-1.8837684,0.8816368,7.2934256,0.28069258,-7.0951996
1267,2026-05-11 16:18:32.669019,1.2202542,-1.8837684,0.8816368,7.2934256,0.28069258,-7.0951996
1268,2026-05-11 16:18:32.672312,1.2202542,-1.8837684,0.8816368,7.2934256,0.28069258,-7.0951996
1269,2026-05-11 16:18:32.675079,1.2202542,-1.8837684,0.8816368,7.2934256,0.28069258,-7.0951996
1270,2026-05-11 16:18:32.677708,1.2202542,-1.8837684,0.8816368,7.2934256,0.28069258,-7.0951996
1271,2026-05-11 16:18:32.680558,0.9449942,-2.1377468,0.29849303,7.332979,0.061850104,-7.091229
1272,2026-05-11 16:18:32.683388,0.9449942,-2.1377468,0.29849303,7.332979,0.061850104,-7.091229
1273,2026-05-11 16:18:32.686069,0.9449942,-2.1377468,0.29849303,7.332979,0.061850104,-7.091229
1274,2026-05-11 16:18:32.689160,0.9449942,-2.1377468,0.29849303,7.332979,0.061850104,-7.091229
1275,2026-05-11 16:18:32.692053,0.9449942,-2.1377468,0.29849303,7.332979,0.061850104,-7.091229
1276,2026-05-11 16:18:32.694705,0.9449942,-2.1377468,0.29849303,7.332979,0.061850104,-7.091229
1277,2026-05-11 16:18:32.697335,0.9449942,-2.1377468,0.29849303,7.332979,0.061850104,-7.091229
1278,2026-05-11 16:18:32.699949,0.9449942,-2.1377468,0.29849303,7.332979,0.061850104,-7.091229
1279,2026-05-11 16:18:32.702755,0.9449942,-2.1377468,0.29849303,7.332979,0.061850104,-7.091229
1280,2026-05-11 16:18:32.705802,0.9449942,-2.1377468,0.29849303,7.332979,0.061850104,-7.091229
1281,2026-05-11 16:18:32.708522,0.9449942,-2.1377468,0.29849303,7.332979,0.061850104,-7.091229
1282,2026-05-11 16:18:32.711315,0.4816135,-2.5395384,-0.32367742,6.8349714,0.30955598,-6.946149
1283,2026-05-11 16:18:32.713928,0.4816135,-2.5395384,-0.32367742,6.8349714,0.30955598,-6.946149
1284,2026-05-11 16:18:32.716693,0.4816135,-2.5395384,-0.32367742,6.8349714,0.30955598,-6.946149
1285,2026-05-11 16:18:32.719267,0.4816135,-2.5395384,-0.32367742,6.8349714,0.30955598,-6.946149
1286,2026-05-11 16:18:32.722316,0.4816135,-2.5395384,-0.32367742,6.8349714,0.30955598,-6.946149
1287,2026-05-11 16:18:32.725099,0.4816135,-2.5395384,-0.32367742,6.8349714,0.30955598,-6.946149
1288,2026-05-11 16:18:32.727672,0.4816135,-2.5395384,-0.32367742,6.8349714,0.30955598,-6.946149
1289,2026-05-11 16:18:32.730251,0.4816135,-2.5395384,-0.32367742,6.8349714,0.30955598,-6.946149
1290,2026-05-11 16:18:32.733085,0.4816135,-2.5395384,-0.32367742,6.1107903,0.6626361,-6.5307603
1291,2026-05-11 16:18:32.735842,-0.12903193,-2.9488306,-0.78632635,6.1107903,0.6626361,-6.5307603
1292,2026-05-11 16:18:32.738889,-0.12903193,-2.9488306,-0.78632635,6.1107903,0.6626361,-6.5307603
1293,2026-05-11 16:18:32.741605,-0.12903193,-2.9488306,-0.78632635,6.1107903,0.6626361,-6.5307603
1294,2026-05-11 16:18:32.744341,-0.12903193,-2.9488306,-0.78632635,6.1107903,0.6626361,-6.5307603
1295,2026-05-11 16:18:32.746947,-0.12903193,-2.9488306,-0.78632635,6.1107903,0.6626361,-6.5307603
1296,2026-05-11 16:18:32.749690,-0.12903193,-2.9488306,-0.78632635,6.1107903,0.6626361,-6.5307603
1297,2026-05-11 16:18:32.752280,-0.12903193,-2.9488306,-0.78632635,6.1107903,0.6626361,-6.5307603
1298,2026-05-11 16:18:32.755248,-0.12903193,-2.9488306,-0.78632635,6.1107903,0.6626361,-6.5307603
1299,2026-05-11 16:18:32.757989,-0.12903193,-2.9488306,-0.78632635,6.1107903,0.6626361,-6.5307603
1300,2026-05-11 16:18:32.760608,-0.12903193,-2.9488306,-0.78632635,6.1107903,0.6626361,-6.5307603
1301,2026-05-11 16:18:32.763425,-0.12903193,-2.9488306,-0.78632635,6.1107903,0.6626361,-6.5307603
1302,2026-05-11 16:18:32.766056,-0.12903193,-2.9488306,-0.78632635,6.1107903,0.6626361,-6.5307603
1303,2026-05-11 16:18:32.768773,-0.12903193,-2.9488306,-0.78632635,6.1107903,0.6626361,-6.5307603
1304,2026-05-11 16:18:32.771987,-0.12903193,-2.9488306,-0.78632635,6.1107903,0.6626361,-6.5307603
1305,2026-05-11 16:18:32.774878,-0.12903193,-2.9488306,-0.78632635,6.1107903,0.6626361,-6.5307603
1306,2026-05-11 16:18:32.777573,-0.12903193,-2.9488306,-0.78632635,6.1107903,0.6626361,-6.5307603
1307,2026-05-11 16:18:32.780177,-0.12903193,-2.9488306,-0.78632635,6.1107903,0.6626361,-6.5307603
1308,2026-05-11 16:18:32.782894,-0.12903193,-2.9488306,-0.78632635,6.1107903,0.6626361,-6.5307603
1309,2026-05-11 16:18:32.785609,-0.12903193,-2.9488306,-0.78632635,6.1107903,0.6626361,-6.5307603
1310,2026-05-11 16:18:32.788618,-0.12903193,-2.9488306,-0.78632635,6.1107903,0.6626361,-6.5307603
1311,2026-05-11 16:18:32.791477,-0.12903193,-2.9488306,-0.78632635,6.1107903,0.6626361,-6.5307603
1312,2026-05-11 16:18:32.794140,-0.46521008,-3.1800635,-0.9674345,6.1107903,0.6626361,-6.5307603
1313,2026-05-11 16:18:32.796757,-0.46521008,-3.1800635,-0.9674345,6.1107903,0.6626361,-6.5307603
1314,2026-05-11 16:18:32.799532,-0.46521008,-3.1800635,-0.9674345,6.1107903,0.6626361,-6.5307603
1315,2026-05-11 16:18:32.802159,-0.46521008,-3.1800635,-0.9674345,6.1107903,0.6626361,-6.5307603
1316,2026-05-11 16:18:32.805374,-0.46521008,-3.1800635,-0.9674345,5.5784216,0.7142542,-5.985716
1317,2026-05-11 16:18:32.808181,-0.46521008,-3.1800635,-0.9674345,5.5784216,0.7142542,-5.985716
1318,2026-05-11 16:18:32.810983,-0.46521008,-3.1800635,-0.9674345,5.5784216,0.7142542,-5.985716
1319,2026-05-11 16:18:32.813751,-0.46521008,-3.1800635,-0.9674345,5.5784216,0.7142542,-5.985716
1320,2026-05-11 16:18:32.816396,-0.46521008,-3.1800635,-0.9674345,5.5784216,0.7142542,-5.985716
1321,2026-05-11 16:18:32.818983,-0.46521008,-3.1800635,-0.9674345,5.5784216,0.7142542,-5.985716
1322,2026-05-11 16:18:32.821965,-0.46521008,-3.1800635,-0.9674345,5.5784216,0.7142542,-5.985716
1323,2026-05-11 16:18:32.824660,-0.46521008,-3.1800635,-0.9674345,5.5784216,0.7142542,-5.985716
1324,2026-05-11 16:18:32.827266,-0.46521008,-3.1800635,-0.9674345,5.5784216,0.7142542,-5.985716
1325,2026-05-11 16:18:32.830065,-1.0754286,-3.5725257,-1.1788493,5.5784216,0.7142542,-5.985716
1326,2026-05-11 16:18:32.832831,-1.0754286,-3.5725257,-1.1788493,5.5784216,0.7142542,-5.985716
1327,2026-05-11 16:18:32.835515,-1.0754286,-3.5725257,-1.1788493,5.5784216,0.7142542,-5.985716
1328,2026-05-11 16:18:32.838697,-1.0754286,-3.5725257,-1.1788493,5.5784216,0.7142542,-5.985716
1329,2026-05-11 16:18:32.841564,-1.0754286,-3.5725257,-1.1788493,5.5784216,0.7142542,-5.985716
1330,2026-05-11 16:18:32.844298,-1.0754286,-3.5725257,-1.1788493,5.5784216,0.7142542,-5.985716
1331,2026-05-11 16:18:32.847144,-1.0754286,-3.5725257,-1.1788493,5.5784216,0.7142542,-5.985716
1332,2026-05-11 16:18:32.849921,-1.0754286,-3.5725257,-1.1788493,5.1027102,0.5184719,-5.109735
1333,2026-05-11 16:18:32.852635,-1.0754286,-3.5725257,-1.1788493,4.5495715,0.3903429,-3.9484801
1334,2026-05-11 16:18:32.855745,-1.0754286,-3.5725257,-1.1788493,4.5495715,0.3903429,-3.9484801
1335,2026-05-11 16:18:32.858486,-1.0754286,-3.5725257,-1.1788493,4.5495715,0.3903429,-3.9484801
1336,2026-05-11 16:18:32.861153,-1.0754286,-3.5725257,-1.1788493,4.5495715,0.3903429,-3.9484801
1337,2026-05-11 16:18:32.863814,-1.0754286,-3.5725257,-1.1788493,4.5495715,0.3903429,-3.9484801
1338,2026-05-11 16:18:32.866420,-1.0754286,-3.5725257,-1.1788493,4.5495715,0.3903429,-3.9484801
1339,2026-05-11 16:18:32.869188,-1.4939896,-3.7916238,-1.4196559,4.5495715,0.3903429,-3.9484801
1340,2026-05-11 16:18:32.872114,-1.4939896,-3.7916238,-1.4196559,4.5495715,0.3903429,-3.9484801
1341,2026-05-11 16:18:32.875277,-1.4939896,-3.7916238,-1.4196559,4.5495715,0.3903429,-3.9484801
1342,2026-05-11 16:18:32.877932,-1.4939896,-3.7916238,-1.4196559,4.5495715,0.3903429,-3.9484801
1343,2026-05-11 16:18:32.880585,-1.4939896,-3.7916238,-1.4196559,4.5495715,0.3903429,-3.9484801
1344,2026-05-11 16:18:32.883337,-1.4939896,-3.7916238,-1.4196559,4.5495715,0.3903429,-3.9484801
1345,2026-05-11 16:18:32.886007,-1.4939896,-3.7916238,-1.4196559,3.7420077,0.43875396,-2.5076017
1346,2026-05-11 16:18:32.889118,-1.4939896,-3.7916238,-1.4196559,3.7420077,0.43875396,-2.5076017
1347,2026-05-11 16:18:32.891972,-1.4939896,-3.7916238,-1.4196559,3.7420077,0.43875396,-2.5076017
1348,2026-05-11 16:18:32.894625,-1.4939896,-3.7916238,-1.4196559,3.7420077,0.43875396,-2.5076017
1349,2026-05-11 16:18:32.897304,-1.4939896,-3.7916238,-1.4196559,3.7420077,0.43875396,-2.5076017
1350,2026-05-11 16:18:32.899869,-1.4939896,-3.7916238,-1.4196559,3.7420077,0.43875396,-2.5076017
1351,2026-05-11 16:18:32.902696,-1.6702803,-3.827845,-1.5431387,3.7420077,0.43875396,-2.5076017
1352,2026-05-11 16:18:32.905734,-1.6702803,-3.827845,-1.5431387,3.7420077,0.43875396,-2.5076017
1353,2026-05-11 16:18:32.908471,-1.6702803,-3.827845,-1.5431387,3.7420077,0.43875396,-2.5076017
1354,2026-05-11 16:18:32.911226,-1.6702803,-3.827845,-1.5431387,3.7420077,0.43875396,-2.5076017
1355,2026-05-11 16:18:32.913855,-1.6702803,-3.827845,-1.5431387,3.7420077,0.43875396,-2.5076017
1356,2026-05-11 16:18:32.916551,-1.6702803,-3.827845,-1.5431387,3.7420077,0.43875396,-2.5076017
1357,2026-05-11 16:18:32.919212,-1.5642376,-3.8280895,-1.6103989,3.7420077,0.43875396,-2.5076017
1358,2026-05-11 16:18:32.922447,-1.5642376,-3.8280895,-1.6103989,3.7420077,0.43875396,-2.5076017
1359,2026-05-11 16:18:32.925386,-1.5642376,-3.8280895,-1.6103989,3.7420077,0.43875396,-2.5076017
1360,2026-05-11 16:18:32.928106,-1.5642376,-3.8280895,-1.6103989,3.7420077,0.43875396,-2.5076017
1361,2026-05-11 16:18:32.930811,-1.5642376,-3.8280895,-1.6103989,3.7420077,0.43875396,-2.5076017
1362,2026-05-11 16:18:32.933562,-1.5642376,-3.8280895,-1.6103989,3.7420077,0.43875396,-2.5076017
1363,2026-05-11 16:18:32.936300,-1.5642376,-3.8280895,-1.6103989,3.7420077,0.43875396,-2.5076017
1364,2026-05-11 16:18:32.939363,-1.3978255,-3.7593048,-1.6363149,3.7420077,0.43875396,-2.5076017
1365,2026-05-11 16:18:32.942161,-1.3978255,-3.7593048,-1.6363149,3.7420077,0.43875396,-2.5076017
1366,2026-05-11 16:18:32.944857,-1.3978255,-3.7593048,-1.6363149,3.7420077,0.43875396,-2.5076017
1367,2026-05-11 16:18:32.947606,-1.3978255,-3.7593048,-1.6363149,3.7420077,0.43875396,-2.5076017
1368,2026-05-11 16:18:32.950315,-1.3978255,-3.7593048,-1.6363149,3.7420077,0.43875396,-2.5076017
1369,2026-05-11 16:18:32.952908,-1.3978255,-3.7593048,-1.6363149,3.7420077,0.43875396,-2.5076017
1370,2026-05-11 16:18:32.956025,-1.3978255,-3.7593048,-1.6363149,3.7420077,0.43875396,-2.5076017
1371,2026-05-11 16:18:32.958821,-1.3978255,-3.7593048,-1.6363149,3.7420077,0.43875396,-2.5076017
1372,2026-05-11 16:18:32.961472,-1.3978255,-3.7593048,-1.6363149,3.7420077,0.43875396,-2.5076017
1373,2026-05-11 16:18:32.964166,-1.3978255,-3.7593048,-1.6363149,3.7420077,0.43875396,-2.5076017
1374,2026-05-11 16:18:32.966741,-1.3978255,-3.7593048,-1.6363149,3.7420077,0.43875396,-2.5076017
1375,2026-05-11 16:18:32.969441,-1.3978255,-3.7593048,-1.6363149,3.7420077,0.43875396,-2.5076017
1376,2026-05-11 16:18:32.972360,-1.3978255,-3.7593048,-1.6363149,3.7420077,0.43875396,-2.5076017
1377,2026-05-11 16:18:32.975114,-1.3978255,-3.7593048,-1.6363149,2.0465512,0.783282,-0.14370605
1378,2026-05-11 16:18:32.977877,-1.3978255,-3.7593048,-1.6363149,2.0465512,0.783282,-0.14370605
1379,2026-05-11 16:18:32.980514,-1.3978255,-3.7593048,-1.6363149,2.0465512,0.783282,-0.14370605
1380,2026-05-11 16:18:32.983138,-1.3978255,-3.7593048,-1.6363149,2.0465512,0.783282,-0.14370605
1381,2026-05-11 16:18:32.986010,-1.3978255,-3.7593048,-1.6363149,-0.24862215,1.6659822,1.5563319
1382,2026-05-11 16:18:32.988947,-1.3978255,-3.7593048,-1.6363149,-0.24862215,1.6659822,1.5563319
1383,2026-05-11 16:18:32.991716,-1.3978255,-3.7593048,-1.6363149,-0.24862215,1.6659822,1.5563319
1384,2026-05-11 16:18:32.994417,-0.6963821,-3.4516647,-1.5883853,-0.24862215,1.6659822,1.5563319
1385,2026-05-11 16:18:32.997180,-0.6963821,-3.4516647,-1.5883853,-0.24862215,1.6659822,1.5563319
1386,2026-05-11 16:18:32.999802,-0.6963821,-3.4516647,-1.5883853,-0.24862215,1.6659822,1.5563319
1387,2026-05-11 16:18:33.002582,-0.6963821,-3.4516647,-1.5883853,-0.24862215,1.6659822,1.5563319
1388,2026-05-11 16:18:33.005681,-0.6963821,-3.4516647,-1.5883853,-0.24862215,1.6659822,1.5563319
1389,2026-05-11 16:18:33.008407,-0.6963821,-3.4516647,-1.5883853,-0.24862215,1.6659822,1.5563319
1390,2026-05-11 16:18:33.011010,-0.6963821,-3.4516647,-1.5883853,-0.24862215,1.6659822,1.5563319
1391,2026-05-11 16:18:33.013935,-0.6963821,-3.4516647,-1.5883853,-0.24862215,1.6659822,1.5563319
1392,2026-05-11 16:18:33.016658,-0.32392135,-3.296412,-1.4822817,-0.24862215,1.6659822,1.5563319
1393,2026-05-11 16:18:33.019329,-0.32392135,-3.296412,-1.4822817,-0.24862215,1.6659822,1.5563319
1394,2026-05-11 16:18:33.022340,-0.32392135,-3.296412,-1.4822817,-1.171945,2.0793853,1.9055941
1395,2026-05-11 16:18:33.025155,-0.32392135,-3.296412,-1.4822817,-1.171945,2.0793853,1.9055941
1396,2026-05-11 16:18:33.027705,-0.32392135,-3.296412,-1.4822817,-1.171945,2.0793853,1.9055941
1397,2026-05-11 16:18:33.030513,0.06652827,-3.0038948,-1.1528112,-1.171945,2.0793853,1.9055941
1398,2026-05-11 16:18:33.033193,0.06652827,-3.0038948,-1.1528112,-1.171945,2.0793853,1.9055941
1399,2026-05-11 16:18:33.035780,0.06652827,-3.0038948,-1.1528112,-1.171945,2.0793853,1.9055941
1400,2026-05-11 16:18:33.038946,0.06652827,-3.0038948,-1.1528112,-1.171945,2.0793853,1.9055941
1401,2026-05-11 16:18:33.041620,0.06652827,-3.0038948,-1.1528112,-1.171945,2.0793853,1.9055941
1402,2026-05-11 16:18:33.044227,0.06652827,-3.0038948,-1.1528112,-1.171945,2.0793853,1.9055941
1403,2026-05-11 16:18:33.046996,0.06652827,-3.0038948,-1.1528112,-1.171945,2.0793853,1.9055941
1404,2026-05-11 16:18:33.049708,0.06652827,-3.0038948,-1.1528112,-2.470492,2.6505444,1.9920316
1405,2026-05-11 16:18:33.052463,0.06652827,-3.0038948,-1.1528112,-2.470492,2.6505444,1.9920316
1406,2026-05-11 16:18:33.055729,0.06652827,-3.0038948,-1.1528112,-2.470492,2.6505444,1.9920316
1407,2026-05-11 16:18:33.058492,0.06652827,-3.0038948,-1.1528112,-2.470492,2.6505444,1.9920316
1408,2026-05-11 16:18:33.061131,0.06652827,-3.0038948,-1.1528112,-2.470492,2.6505444,1.9920316
1409,2026-05-11 16:18:33.063956,-0.032562874,-2.7588196,-0.77034986,-3.1813862,2.7484355,1.8529071
1410,2026-05-11 16:18:33.066717,-0.032562874,-2.7588196,-0.77034986,-3.1813862,2.7484355,1.8529071
1411,2026-05-11 16:18:33.069469,-0.032562874,-2.7588196,-0.77034986,-3.1813862,2.7484355,1.8529071
1412,2026-05-11 16:18:33.072645,-0.032562874,-2.7588196,-0.77034986,-3.1813862,2.7484355,1.8529071
1413,2026-05-11 16:18:33.075447,-0.032562874,-2.7588196,-0.77034986,-3.1813862,2.7484355,1.8529071
1414,2026-05-11 16:18:33.078163,-0.032562874,-2.7588196,-0.77034986,-3.1813862,2.7484355,1.8529071
1415,2026-05-11 16:18:33.080860,-0.032562874,-2.7588196,-0.77034986,-3.1813862,2.7484355,1.8529071
1416,2026-05-11 16:18:33.083465,-0.032562874,-2.7588196,-0.77034986,-3.1813862,2.7484355,1.8529071
1417,2026-05-11 16:18:33.086256,-0.032562874,-2.7588196,-0.77034986,-3.1813862,2.7484355,1.8529071
1418,2026-05-11 16:18:33.089150,-0.032562874,-2.7588196,-0.77034986,-3.435506,2.437505,1.9798143
1419,2026-05-11 16:18:33.091941,-0.032562874,-2.7588196,-0.77034986,-3.435506,2.437505,1.9798143
1420,2026-05-11 16:18:33.094720,-0.032562874,-2.7588196,-0.77034986,-3.435506,2.437505,1.9798143
1421,2026-05-11 16:18:33.097484,-0.032562874,-2.7588196,-0.77034986,-3.435506,2.437505,1.9798143
1422,2026-05-11 16:18:33.100079,-0.032562874,-2.7588196,-0.77034986,-3.435506,2.437505,1.9798143
1423,2026-05-11 16:18:33.102875,-0.032562874,-2.7588196,-0.77034986,-3.435506,2.437505,1.9798143
1424,2026-05-11 16:18:33.106089,-0.24806325,-2.5189884,-0.4730764,-3.435506,2.437505,1.9798143
1425,2026-05-11 16:18:33.108850,-0.24806325,-2.5189884,-0.4730764,-3.435506,2.437505,1.9798143
1426,2026-05-11 16:18:33.111523,-0.24806325,-2.5189884,-0.4730764,-3.435506,2.437505,1.9798143
1427,2026-05-11 16:18:33.114201,-0.24806325,-2.5189884,-0.4730764,-3.435506,2.437505,1.9798143
1428,2026-05-11 16:18:33.116807,-0.24806325,-2.5189884,-0.4730764,-3.435506,2.437505,1.9798143
1429,2026-05-11 16:18:33.119642,-0.24806325,-2.5189884,-0.4730764,-3.435506,2.437505,1.9798143
1430,2026-05-11 16:18:33.122598,-0.24806325,-2.5189884,-0.4730764,-3.435506,2.437505,1.9798143
1431,2026-05-11 16:18:33.125443,-0.24806325,-2.5189884,-0.4730764,-3.5330918,2.210874,2.2586741
1432,2026-05-11 16:18:33.128125,-0.24806325,-2.5189884,-0.4730764,-3.5330918,2.210874,2.2586741
1433,2026-05-11 16:18:33.130892,-0.24806325,-2.5189884,-0.4730764,-3.5330918,2.210874,2.2586741
1434,2026-05-11 16:18:33.133644,-0.24806325,-2.5189884,-0.4730764,-3.5330918,2.210874,2.2586741
1435,2026-05-11 16:18:33.136335,-0.24806325,-2.5189884,-0.4730764,-3.5330918,2.210874,2.2586741
1436,2026-05-11 16:18:33.139424,-0.30959123,-2.3331847,-0.28196767,-3.5330918,2.210874,2.2586741
1437,2026-05-11 16:18:33.142221,-0.30959123,-2.3331847,-0.28196767,-3.5330918,2.210874,2.2586741
1438,2026-05-11 16:18:33.145093,-0.30959123,-2.3331847,-0.28196767,-3.5330918,2.210874,2.2586741
1439,2026-05-11 16:18:33.147720,-0.30959123,-2.3331847,-0.28196767,-3.5330918,2.210874,2.2586741
1440,2026-05-11 16:18:33.150532,-0.30959123,-2.3331847,-0.28196767,-3.5330918,2.210874,2.2586741
1441,2026-05-11 16:18:33.153158,-0.30959123,-2.3331847,-0.28196767,-3.5330918,2.210874,2.2586741
1442,2026-05-11 16:18:33.156304,-0.30959123,-2.3331847,-0.28196767,-3.5330918,2.210874,2.2586741
1443,2026-05-11 16:18:33.159111,-0.30959123,-2.3331847,-0.28196767,-3.5330918,2.210874,2.2586741
1444,2026-05-11 16:18:33.161798,-0.30959123,-2.3331847,-0.28196767,-3.5330918,2.210874,2.2586741
1445,2026-05-11 16:18:33.164486,-0.30959123,-2.3331847,-0.28196767,-3.5330918,2.210874,2.2586741
1446,2026-05-11 16:18:33.167215,-0.30959123,-2.3331847,-0.28196767,-3.5330918,2.210874,2.2586741
1447,2026-05-11 16:18:33.169795,-0.30959123,-2.3331847,-0.28196767,-3.5330918,2.210874,2.2586741
1448,2026-05-11 16:18:33.172826,-0.30959123,-2.3331847,-0.28196767,-3.5330918,2.210874,2.2586741
1449,2026-05-11 16:18:33.175528,-0.30959123,-2.3331847,-0.28196767,-3.5330918,2.210874,2.2586741
1450,2026-05-11 16:18:33.178235,-0.30959123,-2.3331847,-0.28196767,-3.5330918,2.210874,2.2586741
1451,2026-05-11 16:18:33.180994,-0.2976393,-2.1021957,-0.0032928751,-3.7614028,2.7594311,3.0680707
1452,2026-05-11 16:18:33.183765,-0.37624148,-1.8849881,0.17074168,-3.7614028,2.7594311,3.0680707
1453,2026-05-11 16:18:33.186428,-0.37624148,-1.8849881,0.17074168,-3.7614028,2.7594311,3.0680707
1454,2026-05-11 16:18:33.189529,-0.6022912,-1.7061361,0.18836464,-3.7614028,2.7594311,3.0680707
1455,2026-05-11 16:18:33.192274,-0.6022912,-1.7061361,0.18836464,-3.7614028,2.7594311,3.0680707
1456,2026-05-11 16:18:33.194863,-0.6022912,-1.7061361,0.18836464,-3.7614028,2.7594311,3.0680707
1457,2026-05-11 16:18:33.197760,-0.6022912,-1.7061361,0.18836464,-3.7614028,2.7594311,3.0680707
1458,2026-05-11 16:18:33.200540,-0.6022912,-1.7061361,0.18836464,-3.7614028,2.7594311,3.0680707
1459,2026-05-11 16:18:33.203183,-0.6022912,-1.7061361,0.18836464,-3.9251146,3.2123876,3.5674531
1460,2026-05-11 16:18:33.206252,-0.6022912,-1.7061361,0.18836464,-4.100891,3.31822,3.9891028
1461,2026-05-11 16:18:33.209244,-0.5909491,-1.3286141,0.03945352,-4.8372893,2.9290988,5.170211
1462,2026-05-11 16:18:33.211986,-0.5909491,-1.3286141,0.03945352,-4.8372893,2.9290988,5.170211
1463,2026-05-11 16:18:33.214637,-0.5909491,-1.3286141,0.03945352,-5.148067,2.7278187,5.460677
1464,2026-05-11 16:18:33.217494,-0.52015233,-1.3016003,0.03152623,-5.148067,2.7278187,5.460677
1465,2026-05-11 16:18:33.220184,-0.52015233,-1.3016003,0.03152623,-5.148067,2.7278187,5.460677
1466,2026-05-11 16:18:33.223531,-0.52015233,-1.3016003,0.03152623,-5.148067,2.7278187,5.460677
1467,2026-05-11 16:18:33.226587,-0.52015233,-1.3016003,0.03152623,-5.148067,2.7278187,5.460677
1468,2026-05-11 16:18:33.229253,-0.52015233,-1.3016003,0.03152623,-5.148067,2.7278187,5.460677
1469,2026-05-11 16:18:33.231863,-0.52015233,-1.3016003,0.03152623,-5.148067,2.7278187,5.460677
1470,2026-05-11 16:18:33.234800,-0.52015233,-1.3016003,0.03152623,-5.148067,2.7278187,5.460677
1471,2026-05-11 16:18:33.237996,1.123785,-0.65906286,0.5378972,-8.259204,1.5851953,5.6159897
1472,2026-05-11 16:18:33.241047,1.123785,-0.65906286,0.5378972,-8.259204,1.5851953,5.6159897
1473,2026-05-11 16:18:33.243716,1.1581774,-0.6873572,0.86364794,-9.3796835,1.5169312,5.108361
1474,2026-05-11 16:18:33.246495,1.0399387,-0.7855336,1.1720805,-9.952216,1.4579827,4.9367075
1475,2026-05-11 16:18:33.249297,1.0399387,-0.7855336,1.1720805,-9.952216,1.4579827,4.9367075
1476,2026-05-11 16:18:33.251891,1.0399387,-0.7855336,1.1720805,-9.952216,1.4579827,4.9367075
1477,2026-05-11 16:18:33.255222,1.0399387,-0.7855336,1.1720805,-9.952216,1.4579827,4.9367075
1478,2026-05-11 16:18:33.257994,1.0399387,-0.7855336,1.1720805,-9.952216,1.4579827,4.9367075
1479,2026-05-11 16:18:33.260610,1.0399387,-0.7855336,1.1720805,-9.952216,1.4579827,4.9367075
1480,2026-05-11 16:18:33.263392,0.89096665,-0.90169895,1.8975497,-9.952216,1.4579827,4.9367075
1481,2026-05-11 16:18:33.266157,0.89096665,-0.90169895,1.8975497,-9.952216,1.4579827,4.9367075
1482,2026-05-11 16:18:33.268947,0.89096665,-0.90169895,1.8975497,-9.952216,1.4579827,4.9367075
1483,2026-05-11 16:18:33.271981,0.89096665,-0.90169895,1.8975497,-10.1371565,1.2921327,4.9538116
1484,2026-05-11 16:18:33.274892,0.8859054,-0.8602331,2.6089327,-9.496358,0.82802784,5.115233
1485,2026-05-11 16:18:33.277512,0.8859054,-0.8602331,2.6089327,-9.496358,0.82802784,5.115233
1486,2026-05-11 16:18:33.280345,0.8859054,-0.8602331,2.6089327,-9.496358,0.82802784,5.115233
1487,2026-05-11 16:18:33.282935,0.8859054,-0.8602331,2.6089327,-9.496358,0.82802784,5.115233
1488,2026-05-11 16:18:33.285704,0.8859054,-0.8602331,2.6089327,-9.496358,0.82802784,5.115233
1489,2026-05-11 16:18:33.288530,0.8859054,-0.8602331,2.6089327,-9.496358,0.82802784,5.115233
1490,2026-05-11 16:18:33.291234,0.8859054,-0.8602331,2.6089327,-9.496358,0.82802784,5.115233
1491,2026-05-11 16:18:33.293910,0.8859054,-0.8602331,2.6089327,-9.496358,0.82802784,5.115233
1492,2026-05-11 16:18:33.296491,0.8859054,-0.8602331,2.6089327,-9.496358,0.82802784,5.115233
1493,2026-05-11 16:18:33.299366,0.8859054,-0.8602331,2.6089327,-9.496358,0.82802784,5.115233
1494,2026-05-11 16:18:33.302156,1.0201205,-0.5838755,3.1764657,-7.794793,-0.19608775,5.4655643
1495,2026-05-11 16:18:33.305308,1.0201205,-0.5838755,3.1764657,-7.794793,-0.19608775,5.4655643
1496,2026-05-11 16:18:33.308033,1.0201205,-0.5838755,3.1764657,-7.794793,-0.19608775,5.4655643
1497,2026-05-11 16:18:33.310787,1.0201205,-0.5838755,3.1764657,-5.3542337,-1.2188289,5.6983037
1498,2026-05-11 16:18:33.313405,1.0201205,-0.5838755,3.1764657,-5.3542337,-1.2188289,5.6983037
1499,2026-05-11 16:18:33.316145,1.3593476,-0.22525704,3.2678738,-5.3542337,-1.2188289,5.6983037
1500,2026-05-11 16:18:33.318713,1.3593476,-0.22525704,3.2678738,-5.3542337,-1.2188289,5.6983037
1501,2026-05-11 16:18:33.321808,1.3593476,-0.22525704,3.2678738,-5.3542337,-1.2188289,5.6983037
1502,2026-05-11 16:18:33.324507,1.3593476,-0.22525704,3.2678738,-5.3542337,-1.2188289,5.6983037
1503,2026-05-11 16:18:33.327306,1.3593476,-0.22525704,3.2678738,-5.3542337,-1.2188289,5.6983037
1504,2026-05-11 16:18:33.330037,1.4089236,-0.050978586,2.9053524,-3.6404514,-1.3264939,5.6447005
1505,2026-05-11 16:18:33.332759,1.4089236,-0.050978586,2.9053524,-3.6404514,-1.3264939,5.6447005
1506,2026-05-11 16:18:33.335496,1.4089236,-0.050978586,2.9053524,-3.6404514,-1.3264939,5.6447005
1507,2026-05-11 16:18:33.338423,1.3586768,0.067503944,2.438069,-3.6404514,-1.3264939,5.6447005
1508,2026-05-11 16:18:33.341321,1.3586768,0.067503944,2.438069,-3.6404514,-1.3264939,5.6447005
1509,2026-05-11 16:18:33.344091,1.3586768,0.067503944,2.438069,-3.6404514,-1.3264939,5.6447005
1510,2026-05-11 16:18:33.346943,1.3586768,0.067503944,2.438069,-2.7108672,-1.0630583,5.5599427
1511,2026-05-11 16:18:33.349735,1.3586768,0.067503944,2.438069,-2.7108672,-1.0630583,5.5599427
1512,2026-05-11 16:18:33.352388,1.3586768,0.067503944,2.438069,-2.7108672,-1.0630583,5.5599427
1513,2026-05-11 16:18:33.355504,1.3586768,0.067503944,2.438069,-2.7108672,-1.0630583,5.5599427
1514,2026-05-11 16:18:33.358238,1.3586768,0.067503944,2.438069,-2.7108672,-1.0630583,5.5599427
1515,2026-05-11 16:18:33.360828,1.3586768,0.067503944,2.438069,-2.7108672,-1.0630583,5.5599427
1516,2026-05-11 16:18:33.363535,1.3586768,0.067503944,2.438069,-2.7108672,-1.0630583,5.5599427
1517,2026-05-11 16:18:33.366291,1.3586768,0.067503944,2.438069,-2.7108672,-1.0630583,5.5599427
1518,2026-05-11 16:18:33.368930,1.3586768,0.067503944,2.438069,-2.7108672,-1.0630583,5.5599427
1519,2026-05-11 16:18:33.371833,1.3586768,0.067503944,2.438069,-2.7108672,-1.0630583,5.5599427
1520,2026-05-11 16:18:33.374520,1.3586768,0.067503944,2.438069,-2.7108672,-1.0630583,5.5599427
1521,2026-05-11 16:18:33.377239,1.3586768,0.067503944,2.438069,-2.2296581,-0.67103547,5.424789
1522,2026-05-11 16:18:33.379888,1.2739158,0.13214186,1.9223074,-2.2296581,-0.67103547,5.424789
1523,2026-05-11 16:18:33.382546,1.2739158,0.13214186,1.9223074,-2.2061398,-0.13454308,5.233435
1524,2026-05-11 16:18:33.385493,1.1352491,0.14232537,1.3175769,-2.2061398,-0.13454308,5.233435
1525,2026-05-11 16:18:33.388596,0.9621903,0.1247024,0.81638914,-2.7200303,0.34025195,5.086522
1526,2026-05-11 16:18:33.391437,0.9621903,0.1247024,0.81638914,-2.7200303,0.34025195,5.086522
1527,2026-05-11 16:18:33.394087,0.9621903,0.1247024,0.81638914,-2.7200303,0.34025195,5.086522
1528,2026-05-11 16:18:33.396855,0.9621903,0.1247024,0.81638914,-2.7200303,0.34025195,5.086522
1529,2026-05-11 16:18:33.399710,0.9621903,0.1247024,0.81638914,-2.7200303,0.34025195,5.086522
1530,2026-05-11 16:18:33.402416,0.9621903,0.1247024,0.81638914,-2.7200303,0.34025195,5.086522
1531,2026-05-11 16:18:33.405548,0.9621903,0.1247024,0.81638914,-2.7200303,0.34025195,5.086522
1532,2026-05-11 16:18:33.408295,0.9621903,0.1247024,0.81638914,-2.7200303,0.34025195,5.086522
1533,2026-05-11 16:18:33.410867,0.9621903,0.1247024,0.81638914,-2.7200303,0.34025195,5.086522
1534,2026-05-11 16:18:33.413724,0.9621903,0.1247024,0.81638914,-2.7200303,0.34025195,5.086522
1535,2026-05-11 16:18:33.416574,1.3017833,0.23117203,0.15878975,-7.5110464,0.93477654,3.7748418
1536,2026-05-11 16:18:33.419193,1.3017833,0.23117203,0.15878975,-7.5110464,0.93477654,3.7748418
1537,2026-05-11 16:18:33.422478,1.3017833,0.23117203,0.15878975,-7.5110464,0.93477654,3.7748418
1538,2026-05-11 16:18:33.425263,1.3017833,0.23117203,0.15878975,-7.5110464,0.93477654,3.7748418
1539,2026-05-11 16:18:33.428107,1.3017833,0.23117203,0.15878975,-7.5110464,0.93477654,3.7748418
1540,2026-05-11 16:18:33.430782,1.3017833,0.23117203,0.15878975,-7.5110464,0.93477654,3.7748418
1541,2026-05-11 16:18:33.433434,1.3017833,0.23117203,0.15878975,-7.5110464,0.93477654,3.7748418
1542,2026-05-11 16:18:33.436262,1.2609272,0.030367626,0.15519199,-8.793558,0.73471814,3.4605515
1543,2026-05-11 16:18:33.439234,1.2609272,0.030367626,0.15519199,-8.793558,0.73471814,3.4605515
1544,2026-05-11 16:18:33.442155,1.2609272,0.030367626,0.15519199,-9.279501,-0.07162395,3.4229834
1545,2026-05-11 16:18:33.444887,1.2609272,0.030367626,0.15519199,-9.279501,-0.07162395,3.4229834
1546,2026-05-11 16:18:33.447585,1.050854,-0.07835823,1.1365297,-9.279501,-0.07162395,3.4229834
1547,2026-05-11 16:18:33.450371,1.050854,-0.07835823,1.1365297,-9.279501,-0.07162395,3.4229834
1548,2026-05-11 16:18:33.453034,1.050854,-0.07835823,1.1365297,-9.279501,-0.07162395,3.4229834
1549,2026-05-11 16:18:33.456224,1.050854,-0.07835823,1.1365297,-9.279501,-0.07162395,3.4229834
1550,2026-05-11 16:18:33.458915,1.050854,-0.07835823,1.1365297,-9.279501,-0.07162395,3.4229834
1551,2026-05-11 16:18:33.461571,1.050854,-0.07835823,1.1365297,-9.279501,-0.07162395,3.4229834
1552,2026-05-11 16:18:33.464153,1.050854,-0.07835823,1.1365297,-9.279501,-0.07162395,3.4229834
1553,2026-05-11 16:18:33.466902,1.050854,-0.07835823,1.1365297,-9.279501,-0.07162395,3.4229834
1554,2026-05-11 16:18:33.469570,1.050854,-0.07835823,1.1365297,-9.279501,-0.07162395,3.4229834
1555,2026-05-11 16:18:33.472671,1.050854,-0.07835823,1.1365297,-9.279501,-0.07162395,3.4229834
1556,2026-05-11 16:18:33.475631,1.0207913,-0.030184686,1.9087089,-9.279501,-0.07162395,3.4229834
1557,2026-05-11 16:18:33.478481,1.0207913,-0.030184686,1.9087089,-8.729723,-0.8894198,3.5579846
1558,2026-05-11 16:18:33.481295,1.0207913,-0.030184686,1.9087089,-8.729723,-0.8894198,3.5579846
1559,2026-05-11 16:18:33.484045,1.0207913,-0.030184686,1.9087089,-8.729723,-0.8894198,3.5579846
1560,2026-05-11 16:18:33.486637,1.0207913,-0.030184686,1.9087089,-8.729723,-0.8894198,3.5579846
1561,2026-05-11 16:18:33.489859,0.98896015,0.22202514,2.3191597,-7.157966,-1.6485726,3.8585303
1562,2026-05-11 16:18:33.492632,0.98896015,0.22202514,2.3191597,-7.157966,-1.6485726,3.8585303
1563,2026-05-11 16:18:33.495340,0.98896015,0.22202514,2.3191597,-7.157966,-1.6485726,3.8585303
1564,2026-05-11 16:18:33.498061,0.98896015,0.22202514,2.3191597,-7.157966,-1.6485726,3.8585303
1565,2026-05-11 16:18:33.500750,1.2391577,0.5873514,1.8766339,-7.157966,-1.6485726,3.8585303
1566,2026-05-11 16:18:33.503425,1.2391577,0.5873514,1.8766339,-7.157966,-1.6485726,3.8585303
1567,2026-05-11 16:18:33.506432,1.2391577,0.5873514,1.8766339,-7.157966,-1.6485726,3.8585303
1568,2026-05-11 16:18:33.509129,1.2391577,0.5873514,1.8766339,-7.157966,-1.6485726,3.8585303
1569,2026-05-11 16:18:33.511912,1.2391577,0.5873514,1.8766339,-7.157966,-1.6485726,3.8585303
1570,2026-05-11 16:18:33.514617,1.2391577,0.5873514,1.8766339,-7.157966,-1.6485726,3.8585303
1571,2026-05-11 16:18:33.517262,1.2391577,0.5873514,1.8766339,-7.157966,-1.6485726,3.8585303
1572,2026-05-11 16:18:33.519843,1.2391577,0.5873514,1.8766339,-7.157966,-1.6485726,3.8585303
1573,2026-05-11 16:18:33.522947,1.2391577,0.5873514,1.8766339,-7.157966,-1.6485726,3.8585303
1574,2026-05-11 16:18:33.525736,1.2391577,0.5873514,1.8766339,-5.9162297,-1.8602374,4.2971315
1575,2026-05-11 16:18:33.528420,1.2391577,0.5873514,1.8766339,-5.9162297,-1.8602374,4.2971315
1576,2026-05-11 16:18:33.531148,1.2391577,0.5873514,1.8766339,-5.9162297,-1.8602374,4.2971315
1577,2026-05-11 16:18:33.533748,1.2391577,0.5873514,1.8766339,-5.9162297,-1.8602374,4.2971315
1578,2026-05-11 16:18:33.536442,1.2391577,0.5873514,1.8766339,-5.9162297,-1.8602374,4.2971315
1579,2026-05-11 16:18:33.539246,1.2391577,0.5873514,1.8766339,-5.9162297,-1.8602374,4.2971315
1580,2026-05-11 16:18:33.541957,1.2391577,0.5873514,1.8766339,-5.9162297,-1.8602374,4.2971315
1581,2026-05-11 16:18:33.544565,1.2391577,0.5873514,1.8766339,-5.9162297,-1.8602374,4.2971315
1582,2026-05-11 16:18:33.547151,1.2391577,0.5873514,1.8766339,-5.9162297,-1.8602374,4.2971315
1583,2026-05-11 16:18:33.549902,1.2391577,0.5873514,1.8766339,-5.9162297,-1.8602374,4.2971315
1584,2026-05-11 16:18:33.552765,1.2391577,0.5873514,1.8766339,-5.9162297,-1.8602374,4.2971315
1585,2026-05-11 16:18:33.555704,1.2391577,0.5873514,1.8766339,-5.9162297,-1.8602374,4.2971315
1586,2026-05-11 16:18:33.558525,1.2391577,0.5873514,1.8766339,-5.9162297,-1.8602374,4.2971315
1587,2026-05-11 16:18:33.561292,1.5540541,0.8045591,1.3385537,-5.924324,-1.4912748,4.3374486
1588,2026-05-11 16:18:33.563875,1.5540541,0.8045591,1.3385537,-5.924324,-1.4912748,4.3374486
1589,2026-05-11 16:18:33.566714,1.5540541,0.8045591,1.3385537,-5.924324,-1.4912748,4.3374486
1590,2026-05-11 16:18:33.569314,1.5540541,0.8045591,1.3385537,-5.924324,-1.4912748,4.3374486
1591,2026-05-11 16:18:33.572237,1.5540541,0.8045591,1.3385537,-5.924324,-1.4912748,4.3374486
1592,2026-05-11 16:18:33.575023,1.5540541,0.8045591,1.3385537,-5.924324,-1.4912748,4.3374486
1593,2026-05-11 16:18:33.577609,1.5540541,0.8045591,1.3385537,-5.924324,-1.4912748,4.3374486
1594,2026-05-11 16:18:33.580219,1.5540541,0.8045591,1.3385537,-5.924324,-1.4912748,4.3374486
1595,2026-05-11 16:18:33.582992,1.5540541,0.8045591,1.3385537,-5.924324,-1.4912748,4.3374486
1596,2026-05-11 16:18:33.585595,1.5540541,0.8045591,1.3385537,-5.924324,-1.4912748,4.3374486
1597,2026-05-11 16:18:33.588703,1.5540541,0.8045591,1.3385537,-5.924324,-1.4912748,4.3374486
1598,2026-05-11 16:18:33.591532,1.5540541,0.8045591,1.3385537,-5.924324,-1.4912748,4.3374486
1599,2026-05-11 16:18:33.594275,1.5540541,0.8045591,1.3385537,-5.924324,-1.4912748,4.3374486
1600,2026-05-11 16:18:33.596868,1.5540541,0.8045591,1.3385537,-5.924324,-1.4912748,4.3374486
1601,2026-05-11 16:18:33.599701,1.5540541,0.8045591,1.3385537,-5.924324,-1.4912748,4.3374486
1602,2026-05-11 16:18:33.602336,1.5540541,0.8045591,1.3385537,-5.924324,-1.4912748,4.3374486
1603,2026-05-11 16:18:33.605556,1.5540541,0.8045591,1.3385537,-5.924324,-1.4912748,4.3374486
1604,2026-05-11 16:18:33.608400,1.5306381,0.7526659,1.343676,-5.924324,-1.4912748,4.3374486
1605,2026-05-11 16:18:33.611080,1.5306381,0.7526659,1.343676,-5.924324,-1.4912748,4.3374486
1606,2026-05-11 16:18:33.613736,1.5306381,0.7526659,1.343676,-5.924324,-1.4912748,4.3374486
1607,2026-05-11 16:18:33.616438,1.5306381,0.7526659,1.343676,-6.7396765,-0.82726425,4.3310347
1608,2026-05-11 16:18:33.619196,1.5644205,0.8051689,2.136588,-6.7396765,-0.82726425,4.3310347
1609,2026-05-11 16:18:33.622405,1.5644205,0.8051689,2.136588,-6.7396765,-0.82726425,4.3310347
1610,2026-05-11 16:18:33.625438,1.5644205,0.8051689,2.136588,-6.7396765,-0.82726425,4.3310347
1611,2026-05-11 16:18:33.628134,1.5644205,0.8051689,2.136588,-6.7396765,-0.82726425,4.3310347
1612,2026-05-11 16:18:33.630870,1.5644205,0.8051689,2.136588,-6.7396765,-0.82726425,4.3310347
1613,2026-05-11 16:18:33.633464,1.5644205,0.8051689,2.136588,-6.7396765,-0.82726425,4.3310347
1614,2026-05-11 16:18:33.636202,1.5644205,0.8051689,2.136588,-6.7396765,-0.82726425,4.3310347
1615,2026-05-11 16:18:33.639351,1.5644205,0.8051689,2.136588,-6.7396765,-0.82726425,4.3310347
1616,2026-05-11 16:18:33.642084,1.5644205,0.8051689,2.136588,-6.7396765,-0.82726425,4.3310347
1617,2026-05-11 16:18:33.644717,1.5644205,0.8051689,2.136588,-6.7396765,-0.82726425,4.3310347
1618,2026-05-11 16:18:33.647406,1.5644205,0.8051689,2.136588,-6.8514647,-0.6478226,4.4771843
1619,2026-05-11 16:18:33.650093,1.5644205,0.8051689,2.136588,-6.8514647,-0.6478226,4.4771843
1620,2026-05-11 16:18:33.652660,1.5644205,0.8051689,2.136588,-6.8514647,-0.6478226,4.4771843
1621,2026-05-11 16:18:33.655810,1.5644205,0.8051689,2.136588,-6.8514647,-0.6478226,4.4771843
1622,2026-05-11 16:18:33.658668,1.5644205,0.8051689,2.136588,-6.8514647,-0.6478226,4.4771843
1623,2026-05-11 16:18:33.661355,1.5644205,0.8051689,2.136588,-6.8514647,-0.6478226,4.4771843
1624,2026-05-11 16:18:33.663981,1.5644205,0.8051689,2.136588,-6.8514647,-0.6478226,4.4771843
1625,2026-05-11 16:18:33.666596,1.5644205,0.8051689,2.136588,-6.8514647,-0.6478226,4.4771843
1626,2026-05-11 16:18:33.669366,1.5644205,0.8051689,2.136588,-6.8514647,-0.6478226,4.4771843
1627,2026-05-11 16:18:33.672485,1.5644205,0.8051689,2.136588,-6.8514647,-0.6478226,4.4771843
1628,2026-05-11 16:18:33.675376,1.5644205,0.8051689,2.136588,-6.8514647,-0.6478226,4.4771843
1629,2026-05-11 16:18:33.678134,1.5644205,0.8051689,2.136588,-5.4727416,-0.8943067,4.7491717
1630,2026-05-11 16:18:33.680750,1.5644205,0.8051689,2.136588,-5.4727416,-0.8943067,4.7491717
1631,2026-05-11 16:18:33.683420,1.5644205,0.8051689,2.136588,-5.4727416,-0.8943067,4.7491717
1632,2026-05-11 16:18:33.686081,1.5644205,0.8051689,2.136588,-5.4727416,-0.8943067,4.7491717
1633,2026-05-11 16:18:33.689296,1.5644205,0.8051689,2.136588,-5.4727416,-0.8943067,4.7491717
1634,2026-05-11 16:18:33.692091,1.5644205,0.8051689,2.136588,-5.4727416,-0.8943067,4.7491717
1635,2026-05-11 16:18:33.694747,1.5644205,0.8051689,2.136588,-5.4727416,-0.8943067,4.7491717
1636,2026-05-11 16:18:33.697430,1.5644205,0.8051689,2.136588,-5.4727416,-0.8943067,4.7491717
1637,2026-05-11 16:18:33.700083,1.5644205,0.8051689,2.136588,-5.4727416,-0.8943067,4.7491717
1638,2026-05-11 16:18:33.702663,1.5644205,0.8051689,2.136588,-5.4727416,-0.8943067,4.7491717
1639,2026-05-11 16:18:33.705923,1.5644205,0.8051689,2.136588,-5.4727416,-0.8943067,4.7491717
1640,2026-05-11 16:18:33.708622,1.5644205,0.8051689,2.136588,-5.4727416,-0.8943067,4.7491717
1641,2026-05-11 16:18:33.711252,1.9217584,1.0765262,3.0710938,-5.4727416,-0.8943067,4.7491717
1642,2026-05-11 16:18:33.713887,1.9217584,1.0765262,3.0710938,-5.4727416,-0.8943067,4.7491717
1643,2026-05-11 16:18:33.716741,3.6371636,2.6480813,2.842117,-1.8408424,-0.04153884,4.9183817
1644,2026-05-11 16:18:33.719508,4.109203,3.0135295,3.1122549,-1.6893479,1.0856602,4.07554
1645,2026-05-11 16:18:33.722456,4.109203,3.0135295,3.1122549,-1.6893479,1.0856602,4.07554
1646,2026-05-11 16:18:33.725378,4.109203,3.0135295,3.1122549,-1.6893479,1.0856602,4.07554
1647,2026-05-11 16:18:33.728049,4.109203,3.0135295,3.1122549,-1.6893479,1.0856602,4.07554
1648,2026-05-11 16:18:33.730637,4.109203,3.0135295,3.1122549,-1.6893479,1.0856602,4.07554
1649,2026-05-11 16:18:33.733374,4.039992,3.3122056,3.454043,-0.63224554,1.2800682,3.072652
1650,2026-05-11 16:18:33.735972,4.039992,3.3122056,3.454043,-0.63224554,1.2800682,3.072652
1651,2026-05-11 16:18:33.739015,4.039992,3.3122056,3.454043,-0.63224554,1.2800682,3.072652
1652,2026-05-11 16:18:33.741946,4.039992,3.3122056,3.454043,-0.63224554,1.2800682,3.072652
1653,2026-05-11 16:18:33.744599,4.039992,3.3122056,3.454043,-0.63224554,1.2800682,3.072652
1654,2026-05-11 16:18:33.747246,4.039992,3.3122056,3.454043,0.7276932,1.0714576,2.4619396
1655,2026-05-11 16:18:33.749887,4.039992,3.3122056,3.454043,0.7276932,1.0714576,2.4619396
1656,2026-05-11 16:18:33.752468,4.039992,3.3122056,3.454043,0.7276932,1.0714576,2.4619396
1657,2026-05-11 16:18:33.755455,4.039992,3.3122056,3.454043,0.7276932,1.0714576,2.4619396
1658,2026-05-11 16:18:33.758275,4.039992,3.3122056,3.454043,0.7276932,1.0714576,2.4619396
1659,2026-05-11 16:18:33.760938,4.039992,3.3122056,3.454043,0.7276932,1.0714576,2.4619396
1660,2026-05-11 16:18:33.763754,4.039992,3.3122056,3.454043,0.7276932,1.0714576,2.4619396
1661,2026-05-11 16:18:33.766477,4.039992,3.3122056,3.454043,0.7276932,1.0714576,2.4619396
1662,2026-05-11 16:18:33.769169,3.9266315,3.501119,3.460446,0.7276932,1.0714576,2.4619396
1663,2026-05-11 16:18:33.772055,3.9266315,3.501119,3.460446,0.7276932,1.0714576,2.4619396
1664,2026-05-11 16:18:33.774935,3.9266315,3.501119,3.460446,0.7276932,1.0714576,2.4619396
1665,2026-05-11 16:18:33.777611,3.9266315,3.501119,3.460446,0.7276932,1.0714576,2.4619396
1666,2026-05-11 16:18:33.780476,3.9266315,3.501119,3.460446,0.7276932,1.0714576,2.4619396
1667,2026-05-11 16:18:33.783259,3.9266315,3.501119,3.460446,0.7276932,1.0714576,2.4619396
1668,2026-05-11 16:18:33.785931,3.9266315,3.501119,3.460446,0.7276932,1.0714576,2.4619396
1669,2026-05-11 16:18:33.788976,3.9959037,3.6165526,3.0165174,0.7276932,1.0714576,2.4619396
1670,2026-05-11 16:18:33.791774,3.9959037,3.6165526,3.0165174,0.7276932,1.0714576,2.4619396
1671,2026-05-11 16:18:33.794484,3.9959037,3.6165526,3.0165174,0.7276932,1.0714576,2.4619396
1672,2026-05-11 16:18:33.810944,3.9959037,3.6165526,3.0165174,0.7276932,1.0714576,2.4619396
1673,2026-05-11 16:18:33.821583,4.171219,3.6283214,2.3293433,2.4721715,0.8147415,1.7524197
1674,2026-05-11 16:18:33.826004,4.171219,3.6283214,2.3293433,2.4721715,0.8147415,1.7524197
1675,2026-05-11 16:18:33.833505,4.171219,3.6283214,2.3293433,3.7044396,0.8126035,0.9877691
1676,2026-05-11 16:18:33.838013,4.171219,3.6283214,2.3293433,3.7044396,0.8126035,0.9877691
1677,2026-05-11 16:18:33.840828,4.171219,3.6283214,2.3293433,3.7044396,0.8126035,0.9877691
1678,2026-05-11 16:18:33.843437,4.171219,3.6283214,2.3293433,3.7044396,0.8126035,0.9877691
1679,2026-05-11 16:18:33.846120,4.171219,3.6283214,2.3293433,3.7044396,0.8126035,0.9877691
1680,2026-05-11 16:18:33.848733,4.171219,3.6283214,2.3293433,3.7044396,0.8126035,0.9877691
1681,2026-05-11 16:18:33.851316,4.171219,3.6283214,2.3293433,3.7044396,0.8126035,0.9877691
1682,2026-05-11 16:18:33.854478,4.171219,3.6283214,2.3293433,3.7044396,0.8126035,0.9877691
1683,2026-05-11 16:18:33.857422,4.171219,3.6283214,2.3293433,4.3377542,0.86590147,0.013591751
1684,2026-05-11 16:18:33.860061,4.171219,3.6283214,2.3293433,4.3377542,0.86590147,0.013591751
1685,2026-05-11 16:18:33.862652,4.171219,3.6283214,2.3293433,4.3377542,0.86590147,0.013591751
1686,2026-05-11 16:18:33.865396,4.171219,3.6283214,2.3293433,4.3377542,0.86590147,0.013591751
1687,2026-05-11 16:18:33.868063,4.2203684,3.5290475,1.5376507,4.327369,0.8533788,-0.818254
1688,2026-05-11 16:18:33.870936,4.2203684,3.5290475,1.5376507,4.327369,0.8533788,-0.818254
1689,2026-05-11 16:18:33.873830,4.2203684,3.5290475,1.5376507,4.327369,0.8533788,-0.818254
1690,2026-05-11 16:18:33.876598,3.3208644,3.4132478,0.3530694,2.5135577,0.4720461,-1.9149098
1691,2026-05-11 16:18:33.879211,3.3208644,3.4132478,0.3530694,2.5135577,0.4720461,-1.9149098
1692,2026-05-11 16:18:33.881963,2.6310072,3.3644037,0.10287185,2.5135577,0.4720461,-1.9149098
1693,2026-05-11 16:18:33.884765,2.6310072,3.3644037,0.10287185,2.5135577,0.4720461,-1.9149098
1694,2026-05-11 16:18:33.887990,2.6310072,3.3644037,0.10287185,2.5135577,0.4720461,-1.9149098
1695,2026-05-11 16:18:33.890910,2.6310072,3.3644037,0.10287185,2.5135577,0.4720461,-1.9149098
1696,2026-05-11 16:18:33.893658,2.6310072,3.3644037,0.10287185,2.5135577,0.4720461,-1.9149098
1697,2026-05-11 16:18:33.896352,2.6310072,3.3644037,0.10287185,2.5135577,0.4720461,-1.9149098
1698,2026-05-11 16:18:33.899182,2.6310072,3.3644037,0.10287185,2.5135577,0.4720461,-1.9149098
1699,2026-05-11 16:18:33.901868,2.6310072,3.3644037,0.10287185,2.5135577,0.4720461,-1.9149098
1700,2026-05-11 16:18:33.904878,2.6310072,3.3644037,0.10287185,2.5135577,0.4720461,-1.9149098
1701,2026-05-11 16:18:33.907678,2.6310072,3.3644037,0.10287185,2.5135577,0.4720461,-1.9149098
1702,2026-05-11 16:18:33.910445,2.6310072,3.3644037,0.10287185,2.5135577,0.4720461,-1.9149098
1703,2026-05-11 16:18:33.913230,2.6310072,3.3644037,0.10287185,1.5121969,0.28695396,-2.1015291
1704,2026-05-11 16:18:33.915930,2.53527,3.283545,0.38953492,1.5121969,0.28695396,-2.1015291
1705,2026-05-11 16:18:33.918534,2.53527,3.283545,0.38953492,1.5121969,0.28695396,-2.1015291
1706,2026-05-11 16:18:33.921730,2.53527,3.283545,0.38953492,1.5121969,0.28695396,-2.1015291
1707,2026-05-11 16:18:33.924549,2.53527,3.283545,0.38953492,1.5121969,0.28695396,-2.1015291
1708,2026-05-11 16:18:33.927285,2.53527,3.283545,0.38953492,1.5121969,0.28695396,-2.1015291
1709,2026-05-11 16:18:33.929956,2.5867364,3.1916494,0.725896,1.0424415,0.12629639,-2.516154
1710,2026-05-11 16:18:33.932639,2.5867364,3.1916494,0.725896,1.0424415,0.12629639,-2.516154
1711,2026-05-11 16:18:33.935260,2.5649056,2.950355,1.156043,1.0276281,-0.068264194,-3.0822732
1712,2026-05-11 16:18:33.938413,2.5649056,2.950355,1.156043,1.0276281,-0.068264194,-3.0822732
1713,2026-05-11 16:18:33.941206,2.5649056,2.950355,1.156043,1.0276281,-0.068264194,-3.0822732
1714,2026-05-11 16:18:33.943793,2.5649056,2.950355,1.156043,1.0276281,-0.068264194,-3.0822732
1715,2026-05-11 16:18:33.946376,2.5649056,2.950355,1.156043,1.0276281,-0.068264194,-3.0822732
1716,2026-05-11 16:18:33.949231,2.5649056,2.950355,1.156043,1.0276281,-0.068264194,-3.0822732
1717,2026-05-11 16:18:33.951868,2.5649056,2.950355,1.156043,1.0276281,-0.068264194,-3.0822732
1718,2026-05-11 16:18:33.954829,2.5649056,2.950355,1.156043,1.0276281,-0.068264194,-3.0822732
1719,2026-05-11 16:18:33.957675,2.5649056,2.950355,1.156043,1.0276281,-0.068264194,-3.0822732
1720,2026-05-11 16:18:33.960423,2.5049632,2.754246,1.3889835,1.0276281,-0.068264194,-3.0822732
1721,2026-05-11 16:18:33.963362,2.5049632,2.754246,1.3889835,1.0276281,-0.068264194,-3.0822732
1722,2026-05-11 16:18:33.966104,2.5049632,2.754246,1.3889835,1.1957687,-0.23380867,-3.5347717
1723,2026-05-11 16:18:33.968877,2.5049632,2.754246,1.3889835,1.1957687,-0.23380867,-3.5347717
1724,2026-05-11 16:18:33.971877,2.5049632,2.754246,1.3889835,1.4850134,-0.34605515,-4.07386
1725,2026-05-11 16:18:33.974774,2.418129,2.5134394,1.6440594,1.7895297,-0.1601994,-4.5367436
1726,2026-05-11 16:18:33.977389,2.418129,2.5134394,1.6440594,1.7895297,-0.1601994,-4.5367436
1727,2026-05-11 16:18:33.980211,2.418129,2.5134394,1.6440594,1.7895297,-0.1601994,-4.5367436
1728,2026-05-11 16:18:33.982882,2.418129,2.5134394,1.6440594,1.7895297,-0.1601994,-4.5367436
1729,2026-05-11 16:18:33.985607,2.418129,2.5134394,1.6440594,1.7895297,-0.1601994,-4.5367436
1730,2026-05-11 16:18:33.988649,2.418129,2.5134394,1.6440594,1.7895297,-0.1601994,-4.5367436
1731,2026-05-11 16:18:33.991466,2.2639735,2.2467775,1.8871223,1.7895297,-0.1601994,-4.5367436
1732,2026-05-11 16:18:33.994122,2.2639735,2.2467775,1.8871223,1.7895297,-0.1601994,-4.5367436
1733,2026-05-11 16:18:33.996744,2.2639735,2.2467775,1.8871223,1.7895297,-0.1601994,-4.5367436
1734,2026-05-11 16:18:33.999479,2.2639735,2.2467775,1.8871223,1.7895297,-0.1601994,-4.5367436
1735,2026-05-11 16:18:34.002094,2.2639735,2.2467775,1.8871223,1.7895297,-0.1601994,-4.5367436
1736,2026-05-11 16:18:34.004911,2.2639735,2.2467775,1.8871223,1.7895297,-0.1601994,-4.5367436
1737,2026-05-11 16:18:34.007748,2.2639735,2.2467775,1.8871223,1.7895297,-0.1601994,-4.5367436
1738,2026-05-11 16:18:34.010415,2.2639735,2.2467775,1.8871223,1.7895297,-0.1601994,-4.5367436
1739,2026-05-11 16:18:34.013170,2.2639735,2.2467775,1.8871223,1.7895297,-0.1601994,-4.5367436
1740,2026-05-11 16:18:34.015771,2.2639735,2.2467775,1.8871223,1.7895297,-0.1601994,-4.5367436
1741,2026-05-11 16:18:34.018563,2.2639735,2.2467775,1.8871223,1.7895297,-0.1601994,-4.5367436
1742,2026-05-11 16:18:34.021634,2.110367,1.9945066,2.107379,1.7895297,-0.1601994,-4.5367436
1743,2026-05-11 16:18:34.024578,2.110367,1.9945066,2.107379,1.7895297,-0.1601994,-4.5367436
1744,2026-05-11 16:18:34.027350,1.9241368,1.5745431,2.341661,3.2453744,0.70631295,-5.1639495
1745,2026-05-11 16:18:34.030131,1.9241368,1.5745431,2.341661,3.2453744,0.70631295,-5.1639495
1746,2026-05-11 16:18:34.032843,1.9241368,1.5745431,2.341661,3.2453744,0.70631295,-5.1639495
1747,2026-05-11 16:18:34.036003,1.9241368,1.5745431,2.341661,3.2453744,0.70631295,-5.1639495
1748,2026-05-11 16:18:34.039879,1.9241368,1.5745431,2.341661,3.2453744,0.70631295,-5.1639495
1749,2026-05-11 16:18:34.043204,1.9241368,1.5745431,2.341661,3.2453744,0.70631295,-5.1639495
1750,2026-05-11 16:18:34.046279,1.9251124,1.2886727,2.4056282,3.2453744,0.70631295,-5.1639495
1751,2026-05-11 16:18:34.049310,1.9251124,1.2886727,2.4056282,3.2453744,0.70631295,-5.1639495
1752,2026-05-11 16:18:34.052517,1.9251124,1.2886727,2.4056282,3.8829648,0.7706065,-5.278181
1753,2026-05-11 16:18:34.056467,1.9251124,1.2886727,2.4056282,3.8829648,0.7706065,-5.278181
1754,2026-05-11 16:18:34.059824,1.8418758,0.5257014,2.0643888,5.030781,0.7189884,-5.5362716
1755,2026-05-11 16:18:34.063465,1.8418758,0.5257014,2.0643888,5.9880066,0.46838093,-5.75206
1756,2026-05-11 16:18:34.066578,1.8418758,0.5257014,2.0643888,5.9880066,0.46838093,-5.75206
1757,2026-05-11 16:18:34.070550,1.8418758,0.5257014,2.0643888,6.4515004,0.236863,-5.8872137
1758,2026-05-11 16:18:34.073793,1.8418758,0.5257014,2.0643888,6.4515004,0.236863,-5.8872137
1759,2026-05-11 16:18:34.077137,1.7702252,0.12592198,1.6983918,6.4515004,0.236863,-5.8872137
1760,2026-05-11 16:18:34.080255,1.7702252,0.12592198,1.6983918,6.4515004,0.236863,-5.8872137
1761,2026-05-11 16:18:34.083952,1.7702252,0.12592198,1.6983918,6.4515004,0.236863,-5.8872137
1762,2026-05-11 16:18:34.088272,1.7702252,0.12592198,1.6983918,6.4515004,0.236863,-5.8872137
1763,2026-05-11 16:18:34.092086,1.7221128,-0.13720313,1.457463,6.573979,-0.056963183,-6.0295453
1764,2026-05-11 16:18:34.095775,1.7221128,-0.13720313,1.457463,6.573979,-0.056963183,-6.0295453
1765,2026-05-11 16:18:34.101298,1.7700424,-0.48228425,1.2678179,6.3647575,-0.31474832,-6.1233134
1766,2026-05-11 16:18:34.105482,1.7700424,-0.48228425,1.2678179,5.765957,-0.45891252,-6.2431955
1767,2026-05-11 16:18:34.108927,1.7700424,-0.48228425,1.2678179,5.765957,-0.45891252,-6.2431955
1768,2026-05-11 16:18:34.112542,1.7700424,-0.48228425,1.2678179,4.9819117,-0.43860126,-6.439131
1769,2026-05-11 16:18:34.115587,1.7700424,-0.48228425,1.2678179,4.9819117,-0.43860126,-6.439131
1770,2026-05-11 16:18:34.118685,1.7700424,-0.48228425,1.2678179,4.9819117,-0.43860126,-6.439131
1771,2026-05-11 16:18:34.122460,1.7852261,-0.55015403,1.4824035,4.9819117,-0.43860126,-6.439131
1772,2026-05-11 16:18:34.125987,1.5732626,-0.6566237,2.0002387,4.478711,-0.40882155,-6.5770335
1773,2026-05-11 16:18:34.129251,1.5732626,-0.6566237,2.0002387,4.478711,-0.40882155,-6.5770335
1774,2026-05-11 16:18:34.133145,1.5732626,-0.6566237,2.0002387,4.478711,-0.40882155,-6.5770335
1775,2026-05-11 16:18:34.136605,1.3450785,-0.76150787,2.6047251,4.606382,-0.48151454,-6.3862906
1776,2026-05-11 16:18:34.140458,1.3450785,-0.76150787,2.6047251,4.606382,-0.48151454,-6.3862906
1777,2026-05-11 16:18:34.143564,1.3450785,-0.76150787,2.6047251,4.606382,-0.48151454,-6.3862906
1778,2026-05-11 16:18:34.146911,1.3450785,-0.76150787,2.6047251,4.606382,-0.48151454,-6.3862906
1779,2026-05-11 16:18:34.149902,1.3450785,-0.76150787,2.6047251,5.5376463,-0.9605856,-6.0156484
1780,2026-05-11 16:18:34.153155,1.3489811,-0.79260725,3.2351277,5.5376463,-0.9605856,-6.0156484
1781,2026-05-11 16:18:34.156466,1.3489811,-0.79260725,3.2351277,5.5376463,-0.9605856,-6.0156484
1782,2026-05-11 16:18:34.159573,1.3489811,-0.79260725,3.2351277,6.8120637,-1.515404,-5.834374
1783,2026-05-11 16:18:34.162402,1.7529682,-0.98145974,3.3175106,6.8120637,-1.515404,-5.834374
1784,2026-05-11 16:18:34.165123,1.7529682,-0.98145974,3.3175106,6.8120637,-1.515404,-5.834374
1785,2026-05-11 16:18:34.167897,1.7529682,-0.98145974,3.3175106,7.7909756,-1.9095647,-5.81223
1786,2026-05-11 16:18:34.170930,1.7529682,-0.98145974,3.3175106,7.7909756,-1.9095647,-5.81223
1787,2026-05-11 16:18:34.174027,1.9984702,-0.7599224,1.3156865,7.240891,-1.401783,-7.47806
1788,2026-05-11 16:18:34.176914,1.9984702,-0.7599224,1.3156865,7.240891,-1.401783,-7.47806
1789,2026-05-11 16:18:34.179567,1.9984702,-0.7599224,1.3156865,7.240891,-1.401783,-7.47806
1790,2026-05-11 16:18:34.182256,1.5228328,-0.7968757,1.6715,4.0607266,0.9944886,-7.3207617
1791,2026-05-11 16:18:34.184884,1.5228328,-0.7968757,1.6715,4.0607266,0.9944886,-7.3207617
1792,2026-05-11 16:18:34.187885,1.5228328,-0.7968757,1.6715,4.0607266,0.9944886,-7.3207617
1793,2026-05-11 16:18:34.191011,1.5228328,-0.7968757,1.6715,4.0607266,0.9944886,-7.3207617
1794,2026-05-11 16:18:34.193839,1.5228328,-0.7968757,1.6715,4.0607266,0.9944886,-7.3207617
1795,2026-05-11 16:18:34.196630,1.5228328,-0.7968757,1.6715,4.0607266,0.9944886,-7.3207617
1796,2026-05-11 16:18:34.199322,1.3183696,-0.83974415,1.6866837,4.0607266,0.9944886,-7.3207617
1797,2026-05-11 16:18:34.201945,1.2640373,-0.89053977,1.574848,4.681977,0.600786,-6.6712594
1798,2026-05-11 16:18:34.204934,1.2640373,-0.89053977,1.574848,4.681977,0.600786,-6.6712594
1799,2026-05-11 16:18:34.208192,1.2640373,-0.89053977,1.574848,4.681977,0.600786,-6.6712594
1800,2026-05-11 16:18:34.210970,1.2640373,-0.89053977,1.574848,4.681977,0.600786,-6.6712594
1801,2026-05-11 16:18:34.213801,1.2640373,-0.89053977,1.574848,4.681977,0.600786,-6.6712594
1802,2026-05-11 16:18:34.216647,1.2640373,-0.89053977,1.574848,4.681977,0.600786,-6.6712594
1803,2026-05-11 16:18:34.219485,1.1261632,-1.0023755,1.2833066,5.1659346,0.2275473,-6.5026608
1804,2026-05-11 16:18:34.223094,0.99011874,-1.1014667,1.0429877,5.1659346,0.2275473,-6.5026608
1805,2026-05-11 16:18:34.225905,0.99011874,-1.1014667,1.0429877,5.3511796,0.07498371,-6.387207
1806,2026-05-11 16:18:34.228625,0.99011874,-1.1014667,1.0429877,5.3511796,0.07498371,-6.387207
1807,2026-05-11 16:18:34.231348,0.66662425,-1.3925812,0.46057564,5.3511796,0.07498371,-6.387207
1808,2026-05-11 16:18:34.234093,0.66662425,-1.3925812,0.46057564,5.3511796,0.07498371,-6.387207
1809,2026-05-11 16:18:34.237146,0.66662425,-1.3925812,0.46057564,5.3511796,0.07498371,-6.387207
1810,2026-05-11 16:18:34.239985,0.66662425,-1.3925812,0.46057564,5.3511796,0.07498371,-6.387207
1811,2026-05-11 16:18:34.242645,0.66662425,-1.3925812,0.46057564,5.3511796,0.07498371,-6.387207
1812,2026-05-11 16:18:34.245326,0.66662425,-1.3925812,0.46057564,5.3511796,0.07498371,-6.387207
1813,2026-05-11 16:18:34.248082,0.66662425,-1.3925812,0.46057564,5.3511796,0.07498371,-6.387207
1814,2026-05-11 16:18:34.250734,0.66662425,-1.3925812,0.46057564,5.3511796,0.07498371,-6.387207
1815,2026-05-11 16:18:34.253755,0.66662425,-1.3925812,0.46057564,5.3511796,0.07498371,-6.387207
1816,2026-05-11 16:18:34.256641,0.66662425,-1.3925812,0.46057564,5.3511796,0.07498371,-6.387207
1817,2026-05-11 16:18:34.259443,0.66662425,-1.3925812,0.46057564,5.401118,-0.13576481,-6.0645175
1818,2026-05-11 16:18:34.262145,0.66662425,-1.3925812,0.46057564,5.401118,-0.13576481,-6.0645175
1819,2026-05-11 16:18:34.264759,0.66662425,-1.3925812,0.46057564,5.401118,-0.13576481,-6.0645175
1820,2026-05-11 16:18:34.267520,0.66662425,-1.3925812,0.46057564,5.401118,-0.13576481,-6.0645175
1821,2026-05-11 16:18:34.270411,0.66662425,-1.3925812,0.46057564,5.401118,-0.13576481,-6.0645175
1822,2026-05-11 16:18:34.273300,0.66662425,-1.3925812,0.46057564,5.401118,-0.13576481,-6.0645175
1823,2026-05-11 16:18:34.276038,0.66662425,-1.3925812,0.46057564,5.401118,-0.13576481,-6.0645175
1824,2026-05-11 16:18:34.278642,0.66662425,-1.3925812,0.46057564,5.401118,-0.13576481,-6.0645175
1825,2026-05-11 16:18:34.281294,0.35117903,-1.7575415,-0.004695396,5.401118,-0.13576481,-6.0645175
1826,2026-05-11 16:18:34.283906,0.35117903,-1.7575415,-0.004695396,5.401118,-0.13576481,-6.0645175
1827,2026-05-11 16:18:34.286508,0.35117903,-1.7575415,-0.004695396,5.401118,-0.13576481,-6.0645175
1828,2026-05-11 16:18:34.289545,0.35117903,-1.7575415,-0.004695396,5.401118,-0.13576481,-6.0645175
1829,2026-05-11 16:18:34.292407,0.35117903,-1.7575415,-0.004695396,5.401118,-0.13576481,-6.0645175
1830,2026-05-11 16:18:34.295169,0.35117903,-1.7575415,-0.004695396,5.401118,-0.13576481,-6.0645175
1831,2026-05-11 16:18:34.297915,0.35117903,-1.7575415,-0.004695396,5.019327,-0.10980303,-5.60927
1832,2026-05-11 16:18:34.300718,0.35117903,-1.7575415,-0.004695396,5.019327,-0.10980303,-5.60927
1833,2026-05-11 16:18:34.303445,0.35117903,-1.7575415,-0.004695396,5.019327,-0.10980303,-5.60927
1834,2026-05-11 16:18:34.306509,0.028355313,-2.188847,-0.21306121,5.019327,-0.10980303,-5.60927
1835,2026-05-11 16:18:34.309289,0.028355313,-2.188847,-0.21306121,5.019327,-0.10980303,-5.60927
1836,2026-05-11 16:18:34.312044,0.028355313,-2.188847,-0.21306121,5.019327,-0.10980303,-5.60927
1837,2026-05-11 16:18:34.314731,0.028355313,-2.188847,-0.21306121,5.019327,-0.10980303,-5.60927
1838,2026-05-11 16:18:34.317509,0.028355313,-2.188847,-0.21306121,5.019327,-0.10980303,-5.60927
1839,2026-05-11 16:18:34.320122,0.028355313,-2.188847,-0.21306121,5.019327,-0.10980303,-5.60927
1840,2026-05-11 16:18:34.323132,0.028355313,-2.188847,-0.21306121,5.019327,-0.10980303,-5.60927
1841,2026-05-11 16:18:34.326094,0.028355313,-2.188847,-0.21306121,5.019327,-0.10980303,-5.60927
1842,2026-05-11 16:18:34.328824,0.028355313,-2.188847,-0.21306121,5.019327,-0.10980303,-5.60927
1843,2026-05-11 16:18:34.331592,-0.16555844,-2.453497,-0.30361527,5.019327,-0.10980303,-5.60927
1844,2026-05-11 16:18:34.334322,-0.16555844,-2.453497,-0.30361527,4.5372014,-0.5856671,-4.0472875
1845,2026-05-11 16:18:34.336941,-0.16555844,-2.453497,-0.30361527,4.5372014,-0.5856671,-4.0472875
1846,2026-05-11 16:18:34.340060,-0.40051118,-2.906633,-0.51173717,4.5372014,-0.5856671,-4.0472875
1847,2026-05-11 16:18:34.342892,-0.40051118,-2.906633,-0.51173717,4.5372014,-0.5856671,-4.0472875
1848,2026-05-11 16:18:34.345519,-0.40051118,-2.906633,-0.51173717,4.5372014,-0.5856671,-4.0472875
1849,2026-05-11 16:18:34.348192,-0.56363046,-3.4169066,-0.772789,4.5372014,-0.5856671,-4.0472875
1850,2026-05-11 16:18:34.351022,-0.56363046,-3.4169066,-0.772789,4.5372014,-0.5856671,-4.0472875
1851,2026-05-11 16:18:34.353962,-0.56363046,-3.4169066,-0.772789,4.3493605,-0.7049385,-3.3334916
1852,2026-05-11 16:18:34.357029,-0.56363046,-3.4169066,-0.772789,4.3493605,-0.7049385,-3.3334916
1853,2026-05-11 16:18:34.359816,-0.6991871,-3.6697872,-0.9721299,3.954589,-0.88453287,-2.7104092
1854,2026-05-11 16:18:34.362666,-0.6991871,-3.6697872,-0.9721299,3.954589,-0.88453287,-2.7104092
1855,2026-05-11 16:18:34.365544,-0.89236915,-3.7974777,-1.1864717,3.954589,-0.88453287,-2.7104092
1856,2026-05-11 16:18:34.368144,-0.89236915,-3.7974777,-1.1864717,3.954589,-0.88453287,-2.7104092
1857,2026-05-11 16:18:34.371041,-0.89236915,-3.7974777,-1.1864717,3.954589,-0.88453287,-2.7104092
1858,2026-05-11 16:18:34.374074,-0.89236915,-3.7974777,-1.1864717,3.954589,-0.88453287,-2.7104092
1859,2026-05-11 16:18:34.376700,-0.89236915,-3.7974777,-1.1864717,3.954589,-0.88453287,-2.7104092
1860,2026-05-11 16:18:34.379356,-0.89236915,-3.7974777,-1.1864717,3.954589,-0.88453287,-2.7104092
1861,2026-05-11 16:18:34.382085,-0.89236915,-3.7974777,-1.1864717,3.3324227,-1.0592403,-2.1294763
1862,2026-05-11 16:18:34.384841,-0.89236915,-3.7974777,-1.1864717,3.3324227,-1.0592403,-2.1294763
1863,2026-05-11 16:18:34.387916,-0.89236915,-3.7974777,-1.1864717,3.3324227,-1.0592403,-2.1294763
1864,2026-05-11 16:18:34.390654,-0.89236915,-3.7974777,-1.1864717,3.3324227,-1.0592403,-2.1294763
1865,2026-05-11 16:18:34.393348,-0.89236915,-3.7974777,-1.1864717,3.3324227,-1.0592403,-2.1294763
1866,2026-05-11 16:18:34.396106,-0.89236915,-3.7974777,-1.1864717,3.3324227,-1.0592403,-2.1294763
1867,2026-05-11 16:18:34.398749,-0.89236915,-3.7974777,-1.1864717,3.3324227,-1.0592403,-2.1294763
1868,2026-05-11 16:18:34.401562,-0.89236915,-3.7974777,-1.1864717,3.3324227,-1.0592403,-2.1294763
1869,2026-05-11 16:18:34.404604,-0.89236915,-3.7974777,-1.1864717,3.3324227,-1.0592403,-2.1294763
1870,2026-05-11 16:18:34.407636,-1.0074978,-3.7746105,-1.1903133,3.3324227,-1.0592403,-2.1294763
1871,2026-05-11 16:18:34.410410,-1.0074978,-3.7746105,-1.1903133,2.132836,-0.9660834,-1.260215
1872,2026-05-11 16:18:34.413200,-1.0074978,-3.7746105,-1.1903133,2.132836,-0.9660834,-1.260215
1873,2026-05-11 16:18:34.415915,-1.0074978,-3.7746105,-1.1903133,2.132836,-0.9660834,-1.260215
1874,2026-05-11 16:18:34.418512,-1.0074978,-3.7746105,-1.1903133,2.132836,-0.9660834,-1.260215
1875,2026-05-11 16:18:34.421690,-1.0074978,-3.7746105,-1.1903133,2.132836,-0.9660834,-1.260215
1876,2026-05-11 16:18:34.424847,-1.0074978,-3.7746105,-1.1903133,2.132836,-0.9660834,-1.260215
1877,2026-05-11 16:18:34.427659,-1.0297552,-3.667104,-1.0873805,2.132836,-0.9660834,-1.260215
1878,2026-05-11 16:18:34.430290,-1.0297552,-3.667104,-1.0873805,2.132836,-0.9660834,-1.260215
1879,2026-05-11 16:18:34.433036,-1.0297552,-3.667104,-1.0873805,2.132836,-0.9660834,-1.260215
1880,2026-05-11 16:18:34.435617,-1.0297552,-3.667104,-1.0873805,2.132836,-0.9660834,-1.260215
1881,2026-05-11 16:18:34.439136,-1.0297552,-3.667104,-1.0873805,2.132836,-0.9660834,-1.260215
1882,2026-05-11 16:18:34.442086,-1.0297552,-3.667104,-1.0873805,2.132836,-0.9660834,-1.260215
1883,2026-05-11 16:18:34.444917,-1.0297552,-3.667104,-1.0873805,0.9660834,-0.49403727,-0.5326745
1884,2026-05-11 16:18:34.447790,-1.0297552,-3.667104,-1.0873805,0.9660834,-0.49403727,-0.5326745
1885,2026-05-11 16:18:34.450477,-1.0297552,-3.667104,-1.0873805,0.9660834,-0.49403727,-0.5326745
1886,2026-05-11 16:18:34.453351,-1.0297552,-3.667104,-1.0873805,0.9660834,-0.49403727,-0.5326745
1887,2026-05-11 16:18:34.456515,-1.0297552,-3.667104,-1.0873805,0.9660834,-0.49403727,-0.5326745
1888,2026-05-11 16:18:34.459307,-1.0297552,-3.667104,-1.0873805,0.9660834,-0.49403727,-0.5326745
1889,2026-05-11 16:18:34.461941,-1.0297552,-3.667104,-1.0873805,0.9660834,-0.49403727,-0.5326745
1890,2026-05-11 16:18:34.464744,-0.8954181,-3.5381331,-0.7539464,0.9660834,-0.49403727,-0.5326745
1891,2026-05-11 16:18:34.467452,-0.8954181,-3.5381331,-0.7539464,0.9660834,-0.49403727,-0.5326745
1892,2026-05-11 16:18:34.470210,-0.8954181,-3.5381331,-0.7539464,0.9660834,-0.49403727,-0.5326745
1893,2026-05-11 16:18:34.473310,-0.8954181,-3.5381331,-0.7539464,0.9660834,-0.49403727,-0.5326745
1894,2026-05-11 16:18:34.476115,-0.8954181,-3.5381331,-0.7539464,0.9660834,-0.49403727,-0.5326745
1895,2026-05-11 16:18:34.478733,-0.8954181,-3.5381331,-0.7539464,0.9660834,-0.49403727,-0.5326745
1896,2026-05-11 16:18:34.481391,-0.8954181,-3.5381331,-0.7539464,0.9660834,-0.49403727,-0.5326745
1897,2026-05-11 16:18:34.484064,-0.8954181,-3.5381331,-0.7539464,0.9660834,-0.49403727,-0.5326745
1898,2026-05-11 16:18:34.486655,-0.8954181,-3.5381331,-0.7539464,0.9660834,-0.49403727,-0.5326745
1899,2026-05-11 16:18:34.489869,-0.6726002,-3.2664711,-0.0834195,-1.2649492,1.0300715,0.80970186
1900,2026-05-11 16:18:34.492629,-0.6726002,-3.2664711,-0.0834195,-2.2531765,1.7140878,1.6563611
1901,2026-05-11 16:18:34.495298,-0.6726002,-3.2664711,-0.0834195,-2.2531765,1.7140878,1.6563611
1902,2026-05-11 16:18:34.498085,-0.6726002,-3.2664711,-0.0834195,-2.2531765,1.7140878,1.6563611
1903,2026-05-11 16:18:34.500712,-0.6726002,-3.2664711,-0.0834195,-2.2531765,1.7140878,1.6563611
1904,2026-05-11 16:18:34.503467,-0.6726002,-3.2664711,-0.0834195,-2.2531765,1.7140878,1.6563611
1905,2026-05-11 16:18:34.506491,-0.6726002,-3.2664711,-0.0834195,-2.2531765,1.7140878,1.6563611
1906,2026-05-11 16:18:34.509377,-0.6726002,-3.2664711,-0.0834195,-2.2531765,1.7140878,1.6563611
1907,2026-05-11 16:18:34.512044,-0.6726002,-3.2664711,-0.0834195,-2.2531765,1.7140878,1.6563611
1908,2026-05-11 16:18:34.514666,-0.6726002,-3.2664711,-0.0834195,-2.2531765,1.7140878,1.6563611
1909,2026-05-11 16:18:34.517300,-0.6726002,-3.2664711,-0.0834195,-2.2531765,1.7140878,1.6563611
1910,2026-05-11 16:18:34.520034,-0.6726002,-3.2664711,-0.0834195,-2.2531765,1.7140878,1.6563611
1911,2026-05-11 16:18:34.523109,-0.6726002,-3.2664711,-0.0834195,-2.2531765,1.7140878,1.6563611
1912,2026-05-11 16:18:34.526021,-0.6726002,-3.2664711,-0.0834195,-2.2531765,1.7140878,1.6563611
1913,2026-05-11 16:18:34.528668,-0.6726002,-3.2664711,-0.0834195,-2.2531765,1.7140878,1.6563611
1914,2026-05-11 16:18:34.531276,-0.6726002,-3.2664711,-0.0834195,-2.2531765,1.7140878,1.6563611
1915,2026-05-11 16:18:34.533984,-0.6726002,-3.2664711,-0.0834195,-2.6439774,1.9703459,2.2446244
1916,2026-05-11 16:18:34.536582,-0.6726002,-3.2664711,-0.0834195,-2.6439774,1.9703459,2.2446244
1917,2026-05-11 16:18:34.539749,-0.6726002,-3.2664711,-0.0834195,-2.6439774,1.9703459,2.2446244
1918,2026-05-11 16:18:34.542502,-0.55863017,-3.07085,0.17805916,-2.6439774,1.9703459,2.2446244
1919,2026-05-11 16:18:34.545288,-0.6577213,-2.6657043,0.523933,-3.3379204,3.1803172,3.606243
1920,2026-05-11 16:18:34.548002,-0.6577213,-2.6657043,0.523933,-3.3379204,3.1803172,3.606243
1921,2026-05-11 16:18:34.550778,-0.6577213,-2.6657043,0.523933,-3.3379204,3.1803172,3.606243
1922,2026-05-11 16:18:34.553808,-0.5991203,-2.0008485,0.36916786,-5.890421,4.902652,6.454555
1923,2026-05-11 16:18:34.557001,-0.5991203,-2.0008485,0.36916786,-5.890421,4.902652,6.454555
1924,2026-05-11 16:18:34.559735,-0.5991203,-2.0008485,0.36916786,-5.890421,4.902652,6.454555
1925,2026-05-11 16:18:34.562454,-0.5991203,-2.0008485,0.36916786,-5.890421,4.902652,6.454555
1926,2026-05-11 16:18:34.565273,-0.5991203,-2.0008485,0.36916786,-5.890421,4.902652,6.454555
1927,2026-05-11 16:18:34.567948,-0.5991203,-2.0008485,0.36916786,-5.890421,4.902652,6.454555
1928,2026-05-11 16:18:34.570947,-0.26702777,-1.846998,0.40788963,-6.9134674,5.010775,7.1417785
1929,2026-05-11 16:18:34.573963,-0.26702777,-1.846998,0.40788963,-6.9134674,5.010775,7.1417785
1930,2026-05-11 16:18:34.576633,-0.26702777,-1.846998,0.40788963,-6.9134674,5.010775,7.1417785
1931,2026-05-11 16:18:34.579252,-0.26702777,-1.846998,0.40788963,-6.9134674,5.010775,7.1417785
1932,2026-05-11 16:18:34.582115,-0.26702777,-1.846998,0.40788963,-8.2396555,4.8447723,7.7156863
1933,2026-05-11 16:18:34.584739,-0.26702777,-1.846998,0.40788963,-8.2396555,4.8447723,7.7156863
1934,2026-05-11 16:18:34.587669,-0.26702777,-1.846998,0.40788963,-8.2396555,4.8447723,7.7156863
1935,2026-05-11 16:18:34.590490,0.1791568,-1.7362598,0.53265303,-8.2396555,4.8447723,7.7156863
1936,2026-05-11 16:18:34.593118,0.1791568,-1.7362598,0.53265303,-8.2396555,4.8447723,7.7156863
1937,2026-05-11 16:18:34.595759,0.1791568,-1.7362598,0.53265303,-8.2396555,4.8447723,7.7156863
1938,2026-05-11 16:18:34.598395,0.1791568,-1.7362598,0.53265303,-8.2396555,4.8447723,7.7156863
1939,2026-05-11 16:18:34.601168,0.1791568,-1.7362598,0.53265303,-8.2396555,4.8447723,7.7156863
1940,2026-05-11 16:18:34.604107,0.1791568,-1.7362598,0.53265303,-9.000336,4.6465464,7.9498005
1941,2026-05-11 16:18:34.607444,0.1791568,-1.7362598,0.53265303,-9.000336,4.6465464,7.9498005
1942,2026-05-11 16:18:34.610321,0.51692045,-1.6996723,0.69333315,-9.000336,4.6465464,7.9498005
1943,2026-05-11 16:18:34.613032,0.51692045,-1.6996723,0.69333315,-9.000336,4.6465464,7.9498005
1944,2026-05-11 16:18:34.615705,0.51692045,-1.6996723,0.69333315,-10.11486,3.8802161,7.982329
1945,2026-05-11 16:18:34.618447,0.51692045,-1.6996723,0.69333315,-10.11486,3.8802161,7.982329
1946,2026-05-11 16:18:34.621416,0.51692045,-1.6996723,0.69333315,-10.11486,3.8802161,7.982329
1947,2026-05-11 16:18:34.624368,0.51692045,-1.6996723,0.69333315,-10.11486,3.8802161,7.982329
1948,2026-05-11 16:18:34.627097,0.51692045,-1.6996723,0.69333315,-10.11486,3.8802161,7.982329
1949,2026-05-11 16:18:34.629711,0.51692045,-1.6996723,0.69333315,-10.11486,3.8802161,7.982329
1950,2026-05-11 16:18:34.632474,0.51692045,-1.6996723,0.69333315,-10.11486,3.8802161,7.982329
1951,2026-05-11 16:18:34.635102,0.51692045,-1.6996723,0.69333315,-10.11486,3.8802161,7.982329
1952,2026-05-11 16:18:34.637929,0.51692045,-1.6996723,0.69333315,-10.11486,3.8802161,7.982329
1953,2026-05-11 16:18:34.640870,0.51692045,-1.6996723,0.69333315,-10.11486,3.8802161,7.982329
1954,2026-05-11 16:18:34.643518,0.51692045,-1.6996723,0.69333315,-10.11486,3.8802161,7.982329
1955,2026-05-11 16:18:34.646189,0.51692045,-1.6996723,0.69333315,-10.11486,3.8802161,7.982329
1956,2026-05-11 16:18:34.648858,0.51692045,-1.6996723,0.69333315,-10.11486,3.8802161,7.982329
1957,2026-05-11 16:18:34.651535,0.51692045,-1.6996723,0.69333315,-10.11486,3.8802161,7.982329
1958,2026-05-11 16:18:34.654474,0.51692045,-1.6996723,0.69333315,-10.11486,3.8802161,7.982329
1959,2026-05-11 16:18:34.657557,0.51692045,-1.6996723,0.69333315,-10.11486,3.8802161,7.982329
1960,2026-05-11 16:18:34.660370,0.51692045,-1.6996723,0.69333315,-10.11486,3.8802161,7.982329
1961,2026-05-11 16:18:34.663006,0.51692045,-1.6996723,0.69333315,-10.11486,3.8802161,7.982329
1962,2026-05-11 16:18:34.665915,0.51692045,-1.6996723,0.69333315,-10.11486,3.8802161,7.982329
1963,2026-05-11 16:18:34.668733,1.9547482,-1.1324441,1.5077709,-10.574383,2.8446467,7.5225
1964,2026-05-11 16:18:34.671705,1.9547482,-1.1324441,1.5077709,-10.574383,2.8446467,7.5225
1965,2026-05-11 16:18:34.674653,1.9547482,-1.1324441,1.5077709,-10.574383,2.8446467,7.5225
1966,2026-05-11 16:18:34.677451,1.9547482,-1.1324441,1.5077709,-10.757795,1.6113098,6.978219
1967,2026-05-11 16:18:34.680243,2.1093304,-0.8606599,1.9351128,-10.757795,1.6113098,6.978219
1968,2026-05-11 16:18:34.683094,2.1093304,-0.8606599,1.9351128,-10.757795,1.6113098,6.978219
1969,2026-05-11 16:18:34.685727,2.1093304,-0.8606599,1.9351128,-10.757795,1.6113098,6.978219
1970,2026-05-11 16:18:34.689085,2.1093304,-0.8606599,1.9351128,-10.757795,1.6113098,6.978219
1971,2026-05-11 16:18:34.691780,2.1093304,-0.8606599,1.9351128,-10.757795,1.6113098,6.978219
1972,2026-05-11 16:18:34.694423,2.1093304,-0.8606599,1.9351128,-10.757795,1.6113098,6.978219
1973,2026-05-11 16:18:34.697280,2.1093304,-0.8606599,1.9351128,-10.757795,1.6113098,6.978219
1974,2026-05-11 16:18:34.700008,2.1093304,-0.8606599,1.9351128,-10.757795,1.6113098,6.978219
1975,2026-05-11 16:18:34.702700,2.1093304,-0.8606599,1.9351128,-10.757795,1.6113098,6.978219
1976,2026-05-11 16:18:34.705948,1.8812073,-0.8626113,2.883095,-10.645244,0.7122689,6.6028423
1977,2026-05-11 16:18:34.708702,1.8812073,-0.8626113,2.883095,-10.645244,0.7122689,6.6028423
1978,2026-05-11 16:18:34.711308,1.8812073,-0.8626113,2.883095,-10.645244,0.7122689,6.6028423
1979,2026-05-11 16:18:34.714106,1.8812073,-0.8626113,2.883095,-10.322554,0.37048978,6.5058675
1980,2026-05-11 16:18:34.716740,1.8812073,-0.8626113,2.883095,-10.322554,0.37048978,6.5058675
1981,2026-05-11 16:18:34.719548,1.8812073,-0.8626113,2.883095,-10.322554,0.37048978,6.5058675
1982,2026-05-11 16:18:34.722692,1.8812073,-0.8626113,2.883095,-10.322554,0.37048978,6.5058675
1983,2026-05-11 16:18:34.725456,1.8812073,-0.8626113,2.883095,-10.322554,0.37048978,6.5058675
1984,2026-05-11 16:18:34.728219,1.8812073,-0.8626113,2.883095,-10.322554,0.37048978,6.5058675
1985,2026-05-11 16:18:34.730950,1.7109535,-0.77492326,3.699606,-10.322554,0.37048978,6.5058675
1986,2026-05-11 16:18:34.733746,1.7109535,-0.77492326,3.699606,-10.322554,0.37048978,6.5058675
1987,2026-05-11 16:18:34.736364,1.7109535,-0.77492326,3.699606,-10.322554,0.37048978,6.5058675
1988,2026-05-11 16:18:34.739709,1.7109535,-0.77492326,3.699606,-10.322554,0.37048978,6.5058675
1989,2026-05-11 16:18:34.742530,1.7109535,-0.77492326,3.699606,-10.322554,0.37048978,6.5058675
1990,2026-05-11 16:18:34.745378,1.5413705,-0.6782713,3.7921724,-6.487847,-0.33078352,6.731582
1991,2026-05-11 16:18:34.748007,1.5413705,-0.6782713,3.7921724,-6.487847,-0.33078352,6.731582
1992,2026-05-11 16:18:34.750763,1.5413705,-0.6782713,3.7921724,-4.5017715,-0.37232238,7.0200634
1993,2026-05-11 16:18:34.753387,1.5413705,-0.6782713,3.7921724,-4.5017715,-0.37232238,7.0200634
1994,2026-05-11 16:18:34.756537,1.5413705,-0.6782713,3.7921724,-4.5017715,-0.37232238,7.0200634
1995,2026-05-11 16:18:34.759284,1.5413705,-0.6782713,3.7921724,-4.5017715,-0.37232238,7.0200634
1996,2026-05-11 16:18:34.761995,1.5413705,-0.6782713,3.7921724,-4.5017715,-0.37232238,7.0200634
1997,2026-05-11 16:18:34.764638,1.5413705,-0.6782713,3.7921724,-4.5017715,-0.37232238,7.0200634
1998,2026-05-11 16:18:34.767213,1.5413705,-0.6782713,3.7921724,-4.5017715,-0.37232238,7.0200634
1999,2026-05-11 16:18:34.769983,1.5480171,-0.5196035,3.2103703,-4.5017715,-0.37232238,7.0200634
2000,2026-05-11 16:18:34.772995,1.5480171,-0.5196035,3.2103703,-4.5017715,-0.37232238,7.0200634
2001,2026-05-11 16:18:34.775944,1.5480171,-0.5196035,3.2103703,-4.5017715,-0.37232238,7.0200634
2002,2026-05-11 16:18:34.778651,1.717844,-0.39599872,2.745465,-4.5017715,-0.37232238,7.0200634
2003,2026-05-11 16:18:34.781272,1.717844,-0.39599872,2.745465,-4.5017715,-0.37232238,7.0200634
2004,2026-05-11 16:18:34.783993,1.717844,-0.39599872,2.745465,-4.5017715,-0.37232238,7.0200634
2005,2026-05-11 16:18:34.786919,1.717844,-0.39599872,2.745465,-3.5619552,-0.36575556,7.1550646
2006,2026-05-11 16:18:34.789871,1.717844,-0.39599872,2.745465,-3.5619552,-0.36575556,7.1550646
2007,2026-05-11 16:18:34.792490,1.717844,-0.39599872,2.745465,-3.5619552,-0.36575556,7.1550646
2008,2026-05-11 16:18:34.795101,1.717844,-0.39599872,2.745465,-3.5619552,-0.36575556,7.1550646
2009,2026-05-11 16:18:34.797698,1.717844,-0.39599872,2.745465,-3.5619552,-0.36575556,7.1550646
2010,2026-05-11 16:18:34.800495,1.717844,-0.39599872,2.745465,-3.5619552,-0.36575556,7.1550646
2011,2026-05-11 16:18:34.803120,1.717844,-0.39599872,2.745465,-3.5619552,-0.36575556,7.1550646
2012,2026-05-11 16:18:34.806338,1.717844,-0.39599872,2.745465,-3.5619552,-0.36575556,7.1550646
2013,2026-05-11 16:18:34.809267,1.717844,-0.39599872,2.745465,-3.5619552,-0.36575556,7.1550646
2014,2026-05-11 16:18:34.811938,1.717844,-0.39599872,2.745465,-3.5619552,-0.36575556,7.1550646
2015,2026-05-11 16:18:34.814532,1.717844,-0.39599872,2.745465,-3.5619552,-0.36575556,7.1550646
2016,2026-05-11 16:18:34.817336,1.717844,-0.39599872,2.745465,-3.5619552,-0.36575556,7.1550646
2017,2026-05-11 16:18:34.819959,1.717844,-0.39599872,2.745465,-3.5619552,-0.36575556,7.1550646
2018,2026-05-11 16:18:34.823112,1.717844,-0.39599872,2.745465,-3.5619552,-0.36575556,7.1550646
2019,2026-05-11 16:18:34.825903,1.717844,-0.39599872,2.745465,-3.5619552,-0.36575556,7.1550646
2020,2026-05-11 16:18:34.828579,2.1245751,-0.13702019,1.9210877,-3.2985196,-0.18203785,6.838789
2021,2026-05-11 16:18:34.831231,2.1245751,-0.13702019,1.9210877,-3.2985196,-0.18203785,6.838789
2022,2026-05-11 16:18:34.833881,2.1245751,-0.13702019,1.9210877,-3.2985196,-0.18203785,6.838789
2023,2026-05-11 16:18:34.836455,2.1245751,-0.13702019,1.9210877,-3.2985196,-0.18203785,6.838789
2024,2026-05-11 16:18:34.839552,2.1245751,-0.13702019,1.9210877,-3.2985196,-0.18203785,6.838789
2025,2026-05-11 16:18:34.842369,2.1245751,-0.13702019,1.9210877,-3.2985196,-0.18203785,6.838789
2026,2026-05-11 16:18:34.845094,2.1245751,-0.13702019,1.9210877,-3.2985196,-0.18203785,6.838789
2027,2026-05-11 16:18:34.847786,2.1245751,-0.13702019,1.9210877,-3.2985196,-0.18203785,6.838789
2028,2026-05-11 16:18:34.850497,2.1245751,-0.13702019,1.9210877,-3.2985196,-0.18203785,6.838789
2029,2026-05-11 16:18:34.853153,2.1245751,-0.13702019,1.9210877,-3.2985196,-0.18203785,6.838789
2030,2026-05-11 16:18:34.855993,2.1245751,-0.13702019,1.9210877,-3.2985196,-0.18203785,6.838789
2031,2026-05-11 16:18:34.858882,2.1245751,-0.13702019,1.9210877,-3.2985196,-0.18203785,6.838789
2032,2026-05-11 16:18:34.861626,2.2090313,0.15299673,1.1928744,-4.564538,0.6041457,5.853769
2033,2026-05-11 16:18:34.864346,2.2090313,0.15299673,1.1928744,-4.564538,0.6041457,5.853769
2034,2026-05-11 16:18:34.867048,1.8150449,0.18007149,1.0657939,-4.564538,0.6041457,5.853769
2035,2026-05-11 16:18:34.869611,1.8150449,0.18007149,1.0657939,-4.564538,0.6041457,5.853769
2036,2026-05-11 16:18:34.872983,1.8150449,0.18007149,1.0657939,-5.9090524,1.0916162,5.4498343
2037,2026-05-11 16:18:34.875714,1.8150449,0.18007149,1.0657939,-5.9090524,1.0916162,5.4498343
2038,2026-05-11 16:18:34.878461,1.7126609,0.07305304,1.2719644,-5.9090524,1.0916162,5.4498343
2039,2026-05-11 16:18:34.881228,1.7126609,0.07305304,1.2719644,-7.2053084,1.3938417,5.3750033
2040,2026-05-11 16:18:34.883975,1.8833417,-0.02414775,1.5616155,-7.2053084,1.3938417,5.3750033
2041,2026-05-11 16:18:34.886646,1.8833417,-0.02414775,1.5616155,-7.2053084,1.3938417,5.3750033
2042,2026-05-11 16:18:34.889693,1.8833417,-0.02414775,1.5616155,-7.2053084,1.3938417,5.3750033
2043,2026-05-11 16:18:34.892538,1.8833417,-0.02414775,1.5616155,-7.2053084,1.3938417,5.3750033
2044,2026-05-11 16:18:34.895261,1.8833417,-0.02414775,1.5616155,-7.2053084,1.3938417,5.3750033
2045,2026-05-11 16:18:34.897998,1.8833417,-0.02414775,1.5616155,-7.2053084,1.3938417,5.3750033
2046,2026-05-11 16:18:34.900709,1.8833417,-0.02414775,1.5616155,-7.2053084,1.3938417,5.3750033
2047,2026-05-11 16:18:34.903414,1.8833417,-0.02414775,1.5616155,-7.2053084,1.3938417,5.3750033
2048,2026-05-11 16:18:34.906501,1.8833417,-0.02414775,1.5616155,-7.2053084,1.3938417,5.3750033
2049,2026-05-11 16:18:34.909275,1.8833417,-0.02414775,1.5616155,-7.2053084,1.3938417,5.3750033
2050,2026-05-11 16:18:34.912039,1.8833417,-0.02414775,1.5616155,-7.2053084,1.3938417,5.3750033
2051,2026-05-11 16:18:34.914927,1.9025501,-0.16427788,1.9342593,-7.685143,0.34972036,4.0173554
2052,2026-05-11 16:18:34.917656,1.9025501,-0.16427788,1.9342593,-7.1628532,-0.1600467,3.7841575
2053,2026-05-11 16:18:34.920326,1.9025501,-0.16427788,1.9342593,-7.1628532,-0.1600467,3.7841575
2054,2026-05-11 16:18:34.923546,1.9025501,-0.16427788,1.9342593,-7.1628532,-0.1600467,3.7841575
2055,2026-05-11 16:18:34.926184,1.9025501,-0.16427788,1.9342593,-7.1628532,-0.1600467,3.7841575
2056,2026-05-11 16:18:34.928897,1.9025501,-0.16427788,1.9342593,-7.1628532,-0.1600467,3.7841575
2057,2026-05-11 16:18:34.931529,1.9025501,-0.16427788,1.9342593,-7.1628532,-0.1600467,3.7841575
2058,2026-05-11 16:18:34.934123,1.9025501,-0.16427788,1.9342593,-7.1628532,-0.1600467,3.7841575
2059,2026-05-11 16:18:34.936893,1.9025501,-0.16427788,1.9342593,-7.1628532,-0.1600467,3.7841575
2060,2026-05-11 16:18:34.940316,1.9025501,-0.16427788,1.9342593,-7.1628532,-0.1600467,3.7841575
2061,2026-05-11 16:18:34.943073,1.9025501,-0.16427788,1.9342593,-7.1628532,-0.1600467,3.7841575
2062,2026-05-11 16:18:34.945723,1.9025501,-0.16427788,1.9342593,-7.1628532,-0.1600467,3.7841575
2063,2026-05-11 16:18:34.948514,1.9025501,-0.16427788,1.9342593,-7.1628532,-0.1600467,3.7841575
2064,2026-05-11 16:18:34.951254,1.9025501,-0.16427788,1.9342593,-7.1628532,-0.1600467,3.7841575
2065,2026-05-11 16:18:34.973209,3.606308,1.9597485,1.7602856,-4.190994,-1.0615311,2.9092457
2066,2026-05-11 16:18:34.976240,3.606308,1.9597485,1.7602856,-4.190994,-1.0615311,2.9092457
2067,2026-05-11 16:18:34.979694,3.606308,1.9597485,1.7602856,-4.190994,-1.0615311,2.9092457
2068,2026-05-11 16:18:34.983002,3.606308,1.9597485,1.7602856,-4.190994,-1.0615311,2.9092457
2069,2026-05-11 16:18:34.992122,3.606308,1.9597485,1.7602856,-4.190994,-1.0615311,2.9092457
2070,2026-05-11 16:18:34.995182,3.606308,1.9597485,1.7602856,-4.190994,-1.0615311,2.9092457
2071,2026-05-11 16:18:34.998148,3.7834523,2.2760475,1.7054045,-4.030947,-0.93034774,2.410627
2072,2026-05-11 16:18:35.000953,5.134873,3.5715501,3.217139,0.41783184,-0.31658092,0.4558582
2073,2026-05-11 16:18:35.004071,5.134873,3.5715501,3.217139,0.41783184,-0.31658092,0.4558582
2074,2026-05-11 16:18:35.006876,5.134873,3.5715501,3.217139,0.41783184,-0.31658092,0.4558582
2075,2026-05-11 16:18:35.009597,5.134873,3.5715501,3.217139,0.41783184,-0.31658092,0.4558582
2076,2026-05-11 16:18:35.012399,5.134873,3.5715501,3.217139,0.41783184,-0.31658092,0.4558582
2077,2026-05-11 16:18:35.015189,5.134873,3.5715501,3.217139,0.41783184,-0.31658092,0.4558582
2078,2026-05-11 16:18:35.018570,5.3937902,3.3326943,3.141098,1.1786644,-0.29000828,-0.52732944
2079,2026-05-11 16:18:35.022361,4.7288737,2.6658263,2.7977853,1.1786644,-0.29000828,-0.52732944
2080,2026-05-11 16:18:35.025342,4.7288737,2.6658263,2.7977853,3.046385,-0.49739704,-2.8695395
2081,2026-05-11 16:18:35.028422,4.7288737,2.6658263,2.7977853,3.046385,-0.49739704,-2.8695395
2082,2026-05-11 16:18:35.031406,4.7288737,2.6658263,2.7977853,3.046385,-0.49739704,-2.8695395
2083,2026-05-11 16:18:35.034472,4.7288737,2.6658263,2.7977853,3.046385,-0.49739704,-2.8695395
2084,2026-05-11 16:18:35.038204,4.7288737,2.6658263,2.7977853,3.5756998,-0.70539665,-3.3893857
2085,2026-05-11 16:18:35.041610,4.7288737,2.6658263,2.7977853,3.5756998,-0.70539665,-3.3893857
2086,2026-05-11 16:18:35.044523,4.7288737,2.6658263,2.7977853,3.5756998,-0.70539665,-3.3893857
2087,2026-05-11 16:18:35.047533,4.7288737,2.6658263,2.7977853,3.5756998,-0.70539665,-3.3893857
2088,2026-05-11 16:18:35.050420,4.3703766,2.447155,2.5660036,3.5756998,-0.70539665,-3.3893857
2089,2026-05-11 16:18:35.053819,4.3703766,2.447155,2.5660036,3.5756998,-0.70539665,-3.3893857
2090,2026-05-11 16:18:35.056813,4.3703766,2.447155,2.5660036,3.5756998,-0.70539665,-3.3893857
2091,2026-05-11 16:18:35.059562,4.3703766,2.447155,2.5660036,3.5756998,-0.70539665,-3.3893857
2092,2026-05-11 16:18:35.062302,4.3703766,2.447155,2.5660036,3.5756998,-0.70539665,-3.3893857
2093,2026-05-11 16:18:35.065202,3.8389435,2.2541559,1.9693832,3.5756998,-0.70539665,-3.3893857
2094,2026-05-11 16:18:35.067882,3.8389435,2.2541559,1.9693832,3.5756998,-0.70539665,-3.3893857
2095,2026-05-11 16:18:35.070924,3.8389435,2.2541559,1.9693832,3.5756998,-0.70539665,-3.3893857
2096,2026-05-11 16:18:35.073919,3.8389435,2.2541559,1.9693832,3.5756998,-0.70539665,-3.3893857
2097,2026-05-11 16:18:35.076578,3.8389435,2.2541559,1.9693832,3.5756998,-0.70539665,-3.3893857
2098,2026-05-11 16:18:35.079288,3.8389435,2.2541559,1.9693832,3.5756998,-0.70539665,-3.3893857
2099,2026-05-11 16:18:35.082301,3.647286,2.1447592,1.2920876,1.7854064,-0.123547494,-4.4301476
2100,2026-05-11 16:18:35.084953,3.647286,2.1447592,1.2920876,1.7854064,-0.123547494,-4.4301476
2101,2026-05-11 16:18:35.087827,3.647286,2.1447592,1.2920876,0.055283304,1.161102,-5.0159674
2102,2026-05-11 16:18:35.090771,3.647286,2.1447592,1.2920876,0.055283304,1.161102,-5.0159674
2103,2026-05-11 16:18:35.093615,3.647286,2.1447592,1.2920876,0.055283304,1.161102,-5.0159674
2104,2026-05-11 16:18:35.096288,3.647286,2.1447592,1.2920876,0.055283304,1.161102,-5.0159674
2105,2026-05-11 16:18:35.099005,3.647286,2.1447592,1.2920876,0.055283304,1.161102,-5.0159674
2106,2026-05-11 16:18:35.101658,3.647286,2.1447592,1.2920876,0.055283304,1.161102,-5.0159674
2107,2026-05-11 16:18:35.104627,3.474959,1.9915797,1.5767384,0.055283304,1.161102,-5.0159674
2108,2026-05-11 16:18:35.107335,3.474959,1.9915797,1.5767384,0.055283304,1.161102,-5.0159674
2109,2026-05-11 16:18:35.109904,3.474959,1.9915797,1.5767384,0.055283304,1.161102,-5.0159674
2110,2026-05-11 16:18:35.112772,3.474959,1.9915797,1.5767384,0.055283304,1.161102,-5.0159674
2111,2026-05-11 16:18:35.115510,3.2443357,1.8857199,1.9626147,-0.2501493,1.4584408,-5.1955614
2112,2026-05-11 16:18:35.118194,2.6292999,1.5465536,2.985052,-0.2501493,1.4584408,-5.1955614
2113,2026-05-11 16:18:35.121190,2.6292999,1.5465536,2.985052,0.3135266,1.7084373,-5.5998015
2114,2026-05-11 16:18:35.124191,2.6292999,1.5465536,2.985052,0.3135266,1.7084373,-5.5998015
2115,2026-05-11 16:18:35.126948,2.6292999,1.5465536,2.985052,0.3135266,1.7084373,-5.5998015
2116,2026-05-11 16:18:35.129681,2.4195313,1.2868433,3.4256268,2.048384,1.2541064,-5.7140336
2117,2026-05-11 16:18:35.132319,2.4195313,1.2868433,3.4256268,2.048384,1.2541064,-5.7140336
2118,2026-05-11 16:18:35.134938,2.4195313,1.2868433,3.4256268,2.048384,1.2541064,-5.7140336
2119,2026-05-11 16:18:35.138099,2.4195313,1.2868433,3.4256268,2.048384,1.2541064,-5.7140336
2120,2026-05-11 16:18:35.141260,2.4195313,1.2868433,3.4256268,2.048384,1.2541064,-5.7140336
2121,2026-05-11 16:18:35.144091,2.4195313,1.2868433,3.4256268,2.048384,1.2541064,-5.7140336
2122,2026-05-11 16:18:35.146868,2.4195313,1.2868433,3.4256268,2.048384,1.2541064,-5.7140336
2123,2026-05-11 16:18:35.149568,2.4195313,1.2868433,3.4256268,2.048384,1.2541064,-5.7140336
2124,2026-05-11 16:18:35.152255,2.4195313,1.2868433,3.4256268,2.048384,1.2541064,-5.7140336
2125,2026-05-11 16:18:35.155354,2.4195313,1.2868433,3.4256268,3.791335,0.82344633,-5.856365
2126,2026-05-11 16:18:35.158420,2.4195313,1.2868433,3.4256268,3.791335,0.82344633,-5.856365
2127,2026-05-11 16:18:35.161216,2.4361787,1.0162787,3.474593,3.791335,0.82344633,-5.856365
2128,2026-05-11 16:18:35.163807,2.4361787,1.0162787,3.474593,3.791335,0.82344633,-5.856365
2129,2026-05-11 16:18:35.166547,2.4361787,1.0162787,3.474593,3.791335,0.82344633,-5.856365
2130,2026-05-11 16:18:35.169174,2.4361787,1.0162787,3.474593,3.791335,0.82344633,-5.856365
2131,2026-05-11 16:18:35.172570,2.4361787,1.0162787,3.474593,3.791335,0.82344633,-5.856365
2132,2026-05-11 16:18:35.175516,2.4361787,1.0162787,3.474593,3.791335,0.82344633,-5.856365
2133,2026-05-11 16:18:35.178253,2.4361787,1.0162787,3.474593,3.791335,0.82344633,-5.856365
2134,2026-05-11 16:18:35.180961,2.5916758,0.6358298,3.2112849,3.791335,0.82344633,-5.856365
2135,2026-05-11 16:18:35.183771,2.5916758,0.6358298,3.2112849,3.791335,0.82344633,-5.856365
2136,2026-05-11 16:18:35.186765,2.5916758,0.6358298,3.2112849,6.196617,0.35353827,-6.3142085
2137,2026-05-11 16:18:35.189933,2.5916758,0.6358298,3.2112849,6.196617,0.35353827,-6.3142085
2138,2026-05-11 16:18:35.192631,2.5916758,0.6358298,3.2112849,6.196617,0.35353827,-6.3142085
2139,2026-05-11 16:18:35.195352,2.5916758,0.6358298,3.2112849,6.196617,0.35353827,-6.3142085
2140,2026-05-11 16:18:35.197946,2.5916758,0.6358298,3.2112849,6.196617,0.35353827,-6.3142085
2141,2026-05-11 16:18:35.200661,2.5916758,0.6358298,3.2112849,7.0696964,0.21685717,-6.6190305
2142,2026-05-11 16:18:35.203248,2.5916758,0.6358298,3.2112849,7.0696964,0.21685717,-6.6190305
2143,2026-05-11 16:18:35.206403,2.5916758,0.6358298,3.2112849,7.0696964,0.21685717,-6.6190305
2144,2026-05-11 16:18:35.209220,2.3397708,-0.17787623,2.1438446,7.96385,0.18692477,-6.9667654
2145,2026-05-11 16:18:35.212126,2.2879384,-0.4487457,1.8390707,8.076402,0.23151793,-7.059464
2146,2026-05-11 16:18:35.214946,2.2879384,-0.4487457,1.8390707,8.076402,0.23151793,-7.059464
2147,2026-05-11 16:18:35.217626,2.2879384,-0.4487457,1.8390707,8.076402,0.23151793,-7.059464
2148,2026-05-11 16:18:35.220326,2.2879384,-0.4487457,1.8390707,8.022188,0.11224649,-7.1788883
2149,2026-05-11 16:18:35.223726,2.2879384,-0.4487457,1.8390707,8.022188,0.11224649,-7.1788883
2150,2026-05-11 16:18:35.226533,2.2177513,-0.7333965,1.6525356,8.022188,0.11224649,-7.1788883
2151,2026-05-11 16:18:35.229378,2.2177513,-0.7333965,1.6525356,8.022188,0.11224649,-7.1788883
2152,2026-05-11 16:18:35.232200,2.2177513,-0.7333965,1.6525356,8.022188,0.11224649,-7.1788883
2153,2026-05-11 16:18:35.234901,2.2177513,-0.7333965,1.6525356,8.022188,0.11224649,-7.1788883
2154,2026-05-11 16:18:35.238129,2.2177513,-0.7333965,1.6525356,8.022188,0.11224649,-7.1788883
2155,2026-05-11 16:18:35.241046,2.2177513,-0.7333965,1.6525356,8.022188,0.11224649,-7.1788883
2156,2026-05-11 16:18:35.243990,2.2177513,-0.7333965,1.6525356,8.022188,0.11224649,-7.1788883
2157,2026-05-11 16:18:35.246749,2.2177513,-0.7333965,1.6525356,8.022188,0.11224649,-7.1788883
2158,2026-05-11 16:18:35.249533,2.2177513,-0.7333965,1.6525356,8.022188,0.11224649,-7.1788883
2159,2026-05-11 16:18:35.252238,2.2177513,-0.7333965,1.6525356,8.022188,0.11224649,-7.1788883
2160,2026-05-11 16:18:35.255164,2.1701877,-0.92529786,1.5841779,8.022188,0.11224649,-7.1788883
2161,2026-05-11 16:18:35.257964,2.1701877,-0.92529786,1.5841779,7.9603376,-0.25030205,-7.2654786
2162,2026-05-11 16:18:35.260761,2.1701877,-0.92529786,1.5841779,7.9603376,-0.25030205,-7.2654786
2163,2026-05-11 16:18:35.263474,2.1701877,-0.92529786,1.5841779,7.9603376,-0.25030205,-7.2654786
2164,2026-05-11 16:18:35.266091,2.1701877,-0.92529786,1.5841779,7.9603376,-0.25030205,-7.2654786
2165,2026-05-11 16:18:35.268799,2.1701877,-0.92529786,1.5841779,7.9603376,-0.25030205,-7.2654786
2166,2026-05-11 16:18:35.271877,2.1701877,-0.92529786,1.5841779,7.909178,-0.8622363,-7.391011
2167,2026-05-11 16:18:35.274627,2.1701877,-0.92529786,1.5841779,7.909178,-0.8622363,-7.391011
2168,2026-05-11 16:18:35.277373,2.1701877,-0.92529786,1.5841779,7.909178,-0.8622363,-7.391011
2169,2026-05-11 16:18:35.280181,2.1940916,-1.0455488,1.5971054,7.909178,-0.8622363,-7.391011
2170,2026-05-11 16:18:35.282962,2.1940916,-1.0455488,1.5971054,7.909178,-0.8622363,-7.391011
2171,2026-05-11 16:18:35.285636,2.1940916,-1.0455488,1.5971054,7.909178,-0.8622363,-7.391011
2172,2026-05-11 16:18:35.288599,2.1940916,-1.0455488,1.5971054,7.6746054,-2.0117319,-7.7547817
2173,2026-05-11 16:18:35.291344,2.1940916,-1.0455488,1.5971054,7.6746054,-2.0117319,-7.7547817
2174,2026-05-11 16:18:35.293924,2.1940916,-1.0455488,1.5971054,7.6746054,-2.0117319,-7.7547817
2175,2026-05-11 16:18:35.296644,2.295012,-1.0884172,1.644608,7.6746054,-2.0117319,-7.7547817
2176,2026-05-11 16:18:35.299435,2.3517227,-1.0017658,1.7964462,7.0357933,-2.5877779,-8.041277
2177,2026-05-11 16:18:35.302129,2.3517227,-1.0017658,1.7964462,7.0357933,-2.5877779,-8.041277
2178,2026-05-11 16:18:35.305164,2.3517227,-1.0017658,1.7964462,7.0357933,-2.5877779,-8.041277
2179,2026-05-11 16:18:35.307955,2.3517227,-1.0017658,1.7964462,6.1877594,-2.4889705,-8.2827215
2180,2026-05-11 16:18:35.310770,2.4189827,-0.96920294,2.040241,6.1877594,-2.4889705,-8.2827215
2181,2026-05-11 16:18:35.313484,2.4189827,-0.96920294,2.040241,6.1877594,-2.4889705,-8.2827215
2182,2026-05-11 16:18:35.316258,2.5152688,-0.89017385,3.0350552,5.520542,-1.4627168,-8.381224
2183,2026-05-11 16:18:35.319029,2.5152688,-0.89017385,3.0350552,5.520542,-1.4627168,-8.381224
2184,2026-05-11 16:18:35.321885,2.5152688,-0.89017385,3.0350552,5.520542,-1.4627168,-8.381224
2185,2026-05-11 16:18:35.324718,2.5152688,-0.89017385,3.0350552,5.520542,-1.4627168,-8.381224
2186,2026-05-11 16:18:35.327386,2.5152688,-0.89017385,3.0350552,5.520542,-1.4627168,-8.381224
2187,2026-05-11 16:18:35.329995,2.5152688,-0.89017385,3.0350552,5.520542,-1.4627168,-8.381224
2188,2026-05-11 16:18:35.332652,2.5152688,-0.89017385,3.0350552,5.520542,-1.4627168,-8.381224
2189,2026-05-11 16:18:35.335375,2.5152688,-0.89017385,3.0350552,5.520542,-1.4627168,-8.381224
2190,2026-05-11 16:18:35.338382,2.5152688,-0.89017385,3.0350552,5.520542,-1.4627168,-8.381224
2191,2026-05-11 16:18:35.341388,2.4220924,-0.9624342,3.453677,6.969362,-1.3607023,-8.318458
2192,2026-05-11 16:18:35.344140,2.4220924,-0.9624342,3.453677,6.969362,-1.3607023,-8.318458
2193,2026-05-11 16:18:35.346858,2.4220924,-0.9624342,3.453677,6.969362,-1.3607023,-8.318458
2194,2026-05-11 16:18:35.349674,2.3351972,-1.0529273,3.2914116,6.969362,-1.3607023,-8.318458
2195,2026-05-11 16:18:35.352354,2.3351972,-1.0529273,3.2914116,6.969362,-1.3607023,-8.318458
2196,2026-05-11 16:18:35.355392,2.3351972,-1.0529273,3.2914116,6.969362,-1.3607023,-8.318458
2197,2026-05-11 16:18:35.358148,2.3351972,-1.0529273,3.2914116,7.675522,-1.6905695,-8.395274
2198,2026-05-11 16:18:35.360813,2.3351972,-1.0529273,3.2914116,7.675522,-1.6905695,-8.395274
2199,2026-05-11 16:18:35.363580,2.3351972,-1.0529273,3.2914116,7.675522,-1.6905695,-8.395274
2200,2026-05-11 16:18:35.366507,2.3351972,-1.0529273,3.2914116,7.675522,-1.6905695,-8.395274
2201,2026-05-11 16:18:35.369190,2.3351972,-1.0529273,3.2914116,7.675522,-1.6905695,-8.395274
2202,2026-05-11 16:18:35.372275,2.0417044,-1.1364688,2.7715032,8.423068,-1.9976821,-8.369312
2203,2026-05-11 16:18:35.375130,2.0417044,-1.1364688,2.7715032,8.702081,-2.0702224,-8.263174
2204,2026-05-11 16:18:35.377820,2.0417044,-1.1364688,2.7715032,8.702081,-2.0702224,-8.263174
2205,2026-05-11 16:18:35.380579,2.0417044,-1.1364688,2.7715032,8.702081,-2.0702224,-8.263174
2206,2026-05-11 16:18:35.383295,2.0417044,-1.1364688,2.7715032,8.702081,-2.0702224,-8.263174
2207,2026-05-11 16:18:35.385994,2.0417044,-1.1364688,2.7715032,8.702081,-2.0702224,-8.263174
2208,2026-05-11 16:18:35.388999,2.0417044,-1.1364688,2.7715032,8.702081,-2.0702224,-8.263174
2209,2026-05-11 16:18:35.391874,2.0417044,-1.1364688,2.7715032,9.096395,-2.193617,-7.8780236
2210,2026-05-11 16:18:35.394599,2.0417044,-1.1364688,2.7715032,9.096395,-2.193617,-7.8780236
2211,2026-05-11 16:18:35.397310,2.0121295,-1.1464083,2.2489727,9.096395,-2.193617,-7.8780236
2212,2026-05-11 16:18:35.400131,2.01652,-1.1234802,2.031887,9.16527,-2.3918428,-7.6907935
2213,2026-05-11 16:18:35.402830,2.01652,-1.1234802,2.031887,9.16527,-2.3918428,-7.6907935
2214,2026-05-11 16:18:35.405854,2.01652,-1.1234802,2.031887,9.16527,-2.3918428,-7.6907935
2215,2026-05-11 16:18:35.408736,2.01652,-1.1234802,2.031887,9.16527,-2.3918428,-7.6907935
2216,2026-05-11 16:18:35.411490,2.01652,-1.1234802,2.031887,9.16527,-2.3918428,-7.6907935
2217,2026-05-11 16:18:35.414168,2.01652,-1.1234802,2.031887,9.16527,-2.3918428,-7.6907935
2218,2026-05-11 16:18:35.417004,2.01652,-1.1234802,2.031887,9.16527,-2.3918428,-7.6907935
2219,2026-05-11 16:18:35.419682,2.01652,-1.1234802,2.031887,9.16527,-2.3918428,-7.6907935
2220,2026-05-11 16:18:35.422778,2.01652,-1.1234802,2.031887,9.16527,-2.3918428,-7.6907935
2221,2026-05-11 16:18:35.425646,2.01652,-1.1234802,2.031887,8.854033,-3.0040824,-7.2859426
2222,2026-05-11 16:18:35.428457,1.8103495,-0.9068822,1.2342184,8.079609,-3.4793358,-6.8224483
2223,2026-05-11 16:18:35.431183,1.6843665,-0.69308925,0.79852223,8.079609,-3.4793358,-6.8224483
2224,2026-05-11 16:18:35.433945,1.744431,-0.6829667,0.55344695,8.079609,-3.4793358,-6.8224483
2225,2026-05-11 16:18:35.436697,1.744431,-0.6829667,0.55344695,8.079609,-3.4793358,-6.8224483
2226,2026-05-11 16:18:35.439775,1.744431,-0.6829667,0.55344695,8.079609,-3.4793358,-6.8224483
2227,2026-05-11 16:18:35.442529,1.744431,-0.6829667,0.55344695,8.079609,-3.4793358,-6.8224483
2228,2026-05-11 16:18:35.445386,1.744431,-0.6829667,0.55344695,7.1837754,-3.755905,-6.464176
2229,2026-05-11 16:18:35.448040,1.7717497,-0.804986,0.3852054,7.1837754,-3.755905,-6.464176
2230,2026-05-11 16:18:35.450753,1.7717497,-0.804986,0.3852054,5.7528234,-3.7259727,-6.2679358
2231,2026-05-11 16:18:35.453602,1.6524745,-1.2092779,0.5657647,4.296215,-3.136335,-6.250526
2232,2026-05-11 16:18:35.456521,1.6524745,-1.2092779,0.5657647,4.296215,-3.136335,-6.250526
2233,2026-05-11 16:18:35.459141,1.6524745,-1.2092779,0.5657647,4.296215,-3.136335,-6.250526
2234,2026-05-11 16:18:35.461761,1.6524745,-1.2092779,0.5657647,4.296215,-3.136335,-6.250526
2235,2026-05-11 16:18:35.464289,1.6524745,-1.2092779,0.5657647,4.296215,-3.136335,-6.250526
2236,2026-05-11 16:18:35.466950,1.252878,-1.8243138,0.8974914,3.3571627,-2.5329528,-6.381862
2237,2026-05-11 16:18:35.469592,1.252878,-1.8243138,0.8974914,3.3571627,-2.5329528,-6.381862
2238,2026-05-11 16:18:35.472531,1.252878,-1.8243138,0.8974914,3.3571627,-2.5329528,-6.381862
2239,2026-05-11 16:18:35.475202,1.252878,-1.8243138,0.8974914,3.3571627,-2.5329528,-6.381862
2240,2026-05-11 16:18:35.477914,0.58655864,-2.5617347,1.1693976,3.3571627,-2.5329528,-6.381862
2241,2026-05-11 16:18:35.480549,0.58655864,-2.5617347,1.1693976,3.3571627,-2.5329528,-6.381862
2242,2026-05-11 16:18:35.483151,0.58655864,-2.5617347,1.1693976,3.3571627,-2.5329528,-6.381862
2243,2026-05-11 16:18:35.485766,0.58655864,-2.5617347,1.1693976,3.3571627,-2.5329528,-6.381862
2244,2026-05-11 16:18:35.488643,0.58655864,-2.5617347,1.1693976,3.3571627,-2.5329528,-6.381862
2245,2026-05-11 16:18:35.491436,0.06457694,-3.1271336,1.2363527,3.1989486,-2.0074558,-6.0698624
2246,2026-05-11 16:18:35.494071,0.06457694,-3.1271336,1.2363527,3.1989486,-2.0074558,-6.0698624
2247,2026-05-11 16:18:35.496767,-0.66314846,-3.691008,1.2173271,3.4805574,-1.9060522,-5.5639133
2248,2026-05-11 16:18:35.499441,-0.66314846,-3.691008,1.2173271,3.4805574,-1.9060522,-5.5639133
2249,2026-05-11 16:18:35.501995,-0.66314846,-3.691008,1.2173271,3.4805574,-1.9060522,-5.5639133
2250,2026-05-11 16:18:35.504871,-0.66314846,-3.691008,1.2173271,3.747811,-1.7986927,-4.829348
2251,2026-05-11 16:18:35.507577,-0.66314846,-3.691008,1.2173271,3.747811,-1.7986927,-4.829348
2252,2026-05-11 16:18:35.510142,-0.66314846,-3.691008,1.2173271,3.747811,-1.7986927,-4.829348
2253,2026-05-11 16:18:35.512801,-0.66314846,-3.691008,1.2173271,3.747811,-1.7986927,-4.829348
2254,2026-05-11 16:18:35.515573,-0.66314846,-3.691008,1.2173271,3.747811,-1.7986927,-4.829348
2255,2026-05-11 16:18:35.518328,-0.66314846,-3.691008,1.2173271,3.747811,-1.7986927,-4.829348
2256,2026-05-11 16:18:35.521323,-1.1618971,-4.0740185,1.109638,3.747811,-1.7986927,-4.829348
2257,2026-05-11 16:18:35.524114,-1.1618971,-4.0740185,1.109638,3.747811,-1.7986927,-4.829348
2258,2026-05-11 16:18:35.526820,-1.1618971,-4.0740185,1.109638,3.747811,-1.7986927,-4.829348
2259,2026-05-11 16:18:35.529433,-1.1618971,-4.0740185,1.109638,3.747811,-1.7986927,-4.829348
2260,2026-05-11 16:18:35.532172,-1.1618971,-4.0740185,1.109638,3.747811,-1.7986927,-4.829348
2261,2026-05-11 16:18:35.534826,-1.5177104,-4.387024,0.56161815,3.5651622,-1.629483,-3.3202052
2262,2026-05-11 16:18:35.537739,-1.5177104,-4.387024,0.56161815,3.5651622,-1.629483,-3.3202052
2263,2026-05-11 16:18:35.540762,-1.5177104,-4.387024,0.56161815,3.5651622,-1.629483,-3.3202052
2264,2026-05-11 16:18:35.543571,-1.5177104,-4.387024,0.56161815,3.5651622,-1.629483,-3.3202052
2265,2026-05-11 16:18:35.546280,-1.5177104,-4.387024,0.56161815,3.5651622,-1.629483,-3.3202052
2266,2026-05-11 16:18:35.549185,-1.5177104,-4.387024,0.56161815,2.641534,-1.1053606,-2.2214115
2267,2026-05-11 16:18:35.551967,-1.3446517,-4.3214107,0.1920234,0.88040954,0.053450707,-0.9202685
2268,2026-05-11 16:18:35.555446,-1.0351824,-4.1856103,0.5514346,-0.6394232,1.210735,0.14095716
2269,2026-05-11 16:18:35.558365,-1.0351824,-4.1856103,0.5514346,-0.6394232,1.210735,0.14095716
2270,2026-05-11 16:18:35.561003,-1.0351824,-4.1856103,0.5514346,-0.6394232,1.210735,0.14095716
2271,2026-05-11 16:18:35.563751,-1.0351824,-4.1856103,0.5514346,-0.6394232,1.210735,0.14095716
2272,2026-05-11 16:18:35.566397,-1.0351824,-4.1856103,0.5514346,-0.6394232,1.210735,0.14095716
2273,2026-05-11 16:18:35.569034,-0.804925,-4.016149,0.74754363,-0.6394232,1.210735,0.14095716
2274,2026-05-11 16:18:35.572059,-0.804925,-4.016149,0.74754363,-0.6394232,1.210735,0.14095716
2275,2026-05-11 16:18:35.574857,-0.804925,-4.016149,0.74754363,-0.6394232,1.210735,0.14095716
2276,2026-05-11 16:18:35.577452,-0.804925,-4.016149,0.74754363,-1.196685,1.6699529,0.6094908
2277,2026-05-11 16:18:35.580102,-0.804925,-4.016149,0.74754363,-1.196685,1.6699529,0.6094908
2278,2026-05-11 16:18:35.582812,-0.804925,-4.016149,0.74754363,-1.196685,1.6699529,0.6094908
2279,2026-05-11 16:18:35.585519,-0.804925,-4.016149,0.74754363,-1.196685,1.6699529,0.6094908
2280,2026-05-11 16:18:35.588662,-0.804925,-4.016149,0.74754363,-1.196685,1.6699529,0.6094908
2281,2026-05-11 16:18:35.591479,-0.804925,-4.016149,0.74754363,-1.8266398,2.17972,1.26556
2282,2026-05-11 16:18:35.594263,-0.58405846,-3.4522743,0.9188951,-1.8266398,2.17972,1.26556
2283,2026-05-11 16:18:35.597023,-0.58405846,-3.4522743,0.9188951,-1.8266398,2.17972,1.26556
2284,2026-05-11 16:18:35.599839,-0.58405846,-3.4522743,0.9188951,-1.8266398,2.17972,1.26556
2285,2026-05-11 16:18:35.602532,-0.58405846,-3.4522743,0.9188951,-1.8266398,2.17972,1.26556
2286,2026-05-11 16:18:35.605690,-0.58405846,-3.4522743,0.9188951,-1.8266398,2.17972,1.26556
2287,2026-05-11 16:18:35.608517,-0.48399165,-2.9811497,1.0154861,-2.477975,2.7882943,1.9872974
2288,2026-05-11 16:18:35.611274,-0.48399165,-2.9811497,1.0154861,-2.477975,2.7882943,1.9872974
2289,2026-05-11 16:18:35.613939,-0.48399165,-2.9811497,1.0154861,-2.9075658,3.3527339,2.5384505
2290,2026-05-11 16:18:35.616805,-0.25922245,-2.2096412,1.1333588,-3.6975672,4.515974,3.7496436
2291,2026-05-11 16:18:35.619460,-0.25922245,-2.2096412,1.1333588,-3.6975672,4.515974,3.7496436
2292,2026-05-11 16:18:35.622455,-0.25922245,-2.2096412,1.1333588,-3.6975672,4.515974,3.7496436
2293,2026-05-11 16:18:35.625358,-0.25922245,-2.2096412,1.1333588,-3.6975672,4.515974,3.7496436
2294,2026-05-11 16:18:35.628096,-0.25922245,-2.2096412,1.1333588,-3.6975672,4.515974,3.7496436
2295,2026-05-11 16:18:35.630799,-0.25922245,-2.2096412,1.1333588,-4.4419065,5.4486127,4.7487135
2296,2026-05-11 16:18:35.633625,-0.18299848,-1.9405401,1.0404266,-5.602856,6.136447,5.7483945
2297,2026-05-11 16:18:35.636631,0.07805333,-1.3248944,0.8970645,-6.5599294,6.5005226,6.2702265
2298,2026-05-11 16:18:35.639795,0.07805333,-1.3248944,0.8970645,-6.5599294,6.5005226,6.2702265
2299,2026-05-11 16:18:35.642622,0.07805333,-1.3248944,0.8970645,-6.5599294,6.5005226,6.2702265
2300,2026-05-11 16:18:35.645353,0.07805333,-1.3248944,0.8970645,-6.5599294,6.5005226,6.2702265
2301,2026-05-11 16:18:35.648140,0.4486847,-1.1165286,0.96334887,-7.897724,6.8439813,6.984786
2302,2026-05-11 16:18:35.650874,0.6679048,-1.0261574,1.0983567,-7.897724,6.8439813,6.984786
2303,2026-05-11 16:18:35.653997,0.6679048,-1.0261574,1.0983567,-7.897724,6.8439813,6.984786
2304,2026-05-11 16:18:35.657355,1.8130937,-0.6149749,2.1176846,-10.086454,6.2572455,7.507381
2305,2026-05-11 16:18:35.660274,1.8130937,-0.6149749,2.1176846,-10.086454,6.2572455,7.507381
2306,2026-05-11 16:18:35.663009,2.0306063,-0.1823277,2.490694,-9.524764,5.20335,7.144222
2307,2026-05-11 16:18:35.665739,2.0306063,-0.1823277,2.490694,-9.524764,5.20335,7.144222
2308,2026-05-11 16:18:35.668401,2.0306063,-0.1823277,2.490694,-9.524764,5.20335,7.144222
2309,2026-05-11 16:18:35.671376,2.0306063,-0.1823277,2.490694,-9.524764,5.20335,7.144222
2310,2026-05-11 16:18:35.674252,2.0306063,-0.1823277,2.490694,-9.524764,5.20335,7.144222
2311,2026-05-11 16:18:35.676938,2.0306063,-0.1823277,2.490694,-9.524764,5.20335,7.144222
2312,2026-05-11 16:18:35.679713,2.1155503,0.0954324,2.626129,-9.524764,5.20335,7.144222
2313,2026-05-11 16:18:35.682617,2.157992,0.069638215,2.6223483,-9.052717,4.2504005,6.984786
2314,2026-05-11 16:18:35.685315,2.157992,0.069638215,2.6223483,-8.728043,3.7357464,6.8655143
2315,2026-05-11 16:18:35.688450,2.157992,0.069638215,2.6223483,-8.728043,3.7357464,6.8655143
2316,2026-05-11 16:18:35.691192,2.157992,0.069638215,2.6223483,-8.728043,3.7357464,6.8655143
2317,2026-05-11 16:18:35.693801,2.157992,0.069638215,2.6223483,-8.728043,3.7357464,6.8655143
2318,2026-05-11 16:18:35.696671,2.157992,0.069638215,2.6223483,-8.524166,3.6709948,6.7728157
2319,2026-05-11 16:18:35.699512,2.028472,0.15275282,2.707231,-7.975151,3.173445,7.062366
2320,2026-05-11 16:18:35.702132,2.028472,0.15275282,2.707231,-7.975151,3.173445,7.062366
2321,2026-05-11 16:18:35.705285,2.330685,0.20312162,2.628751,-7.975151,3.173445,7.062366
2322,2026-05-11 16:18:35.708123,2.330685,0.20312162,2.628751,-7.975151,3.173445,7.062366
2323,2026-05-11 16:18:35.710751,2.330685,0.20312162,2.628751,-7.975151,3.173445,7.062366
2324,2026-05-11 16:18:35.713674,2.330685,0.20312162,2.628751,-7.8048725,3.10289,6.7474647
2325,2026-05-11 16:18:35.716359,2.330685,0.20312162,2.628751,-7.8048725,3.10289,6.7474647
2326,2026-05-11 16:18:35.719054,2.330685,0.20312162,2.628751,-7.8048725,3.10289,6.7474647
2327,2026-05-11 16:18:35.722049,2.330685,0.20312162,2.628751,-7.8048725,3.10289,6.7474647
2328,2026-05-11 16:18:35.725022,2.391847,0.19269417,2.550088,-7.8048725,3.10289,6.7474647
2329,2026-05-11 16:18:35.727898,2.391847,0.19269417,2.550088,-7.6978183,3.1456506,6.345821
2330,2026-05-11 16:18:35.730572,2.391847,0.19269417,2.550088,-7.6978183,3.1456506,6.345821
2331,2026-05-11 16:18:35.733349,2.391847,0.19269417,2.550088,-7.6978183,3.1456506,6.345821
2332,2026-05-11 16:18:35.736157,2.391847,0.19269417,2.550088,-7.6978183,3.1456506,6.345821
2333,2026-05-11 16:18:35.739236,2.391847,0.19269417,2.550088,-7.6978183,3.1456506,6.345821
2334,2026-05-11 16:18:35.741956,2.391847,0.19269417,2.550088,-7.6978183,3.1456506,6.345821
2335,2026-05-11 16:18:35.744617,2.391847,0.19269417,2.550088,-7.6978183,3.1456506,6.345821
2336,2026-05-11 16:18:35.747501,2.391847,0.19269417,2.550088,-7.3586354,3.012024,5.5842247
2337,2026-05-11 16:18:35.750133,2.391847,0.19269417,2.550088,-7.3586354,3.012024,5.5842247
2338,2026-05-11 16:18:35.752865,2.144942,0.21007323,2.3222697,-7.3586354,3.012024,5.5842247
2339,2026-05-11 16:18:35.756203,2.144942,0.21007323,2.3222697,-7.3586354,3.012024,5.5842247
2340,2026-05-11 16:18:35.759007,2.144942,0.21007323,2.3222697,-7.3586354,3.012024,5.5842247
2341,2026-05-11 16:18:35.761737,2.144942,0.21007323,2.3222697,-7.3586354,3.012024,5.5842247
2342,2026-05-11 16:18:35.764406,2.144942,0.21007323,2.3222697,-7.3586354,3.012024,5.5842247
2343,2026-05-11 16:18:35.767023,2.144942,0.21007323,2.3222697,-7.3586354,3.012024,5.5842247
2344,2026-05-11 16:18:35.769637,2.144942,0.21007323,2.3222697,-7.3586354,3.012024,5.5842247
2345,2026-05-11 16:18:35.772711,2.144942,0.21007323,2.3222697,-7.3586354,3.012024,5.5842247
2346,2026-05-11 16:18:35.775534,2.144942,0.21007323,2.3222697,-7.3586354,3.012024,5.5842247
2347,2026-05-11 16:18:35.778224,2.144942,0.21007323,2.3222697,-7.3586354,3.012024,5.5842247
2348,2026-05-11 16:18:35.781095,1.9084041,0.19854817,2.0564613,-7.3586354,3.012024,5.5842247
2349,2026-05-11 16:18:35.784051,1.9084041,0.19854817,2.0564613,-7.3586354,3.012024,5.5842247
2350,2026-05-11 16:18:35.787002,1.6445472,0.21830542,1.7823601,-6.923394,1.9344575,4.8875327
2351,2026-05-11 16:18:35.790187,1.6445472,0.21830542,1.7823601,-6.923394,1.9344575,4.8875327
2352,2026-05-11 16:18:35.792921,1.6445472,0.21830542,1.7823601,-6.923394,1.9344575,4.8875327
2353,2026-05-11 16:18:35.795634,1.6445472,0.21830542,1.7823601,-6.923394,1.9344575,4.8875327
2354,2026-05-11 16:18:35.798416,1.6445472,0.21830542,1.7823601,-7.2100425,1.3351988,5.011691
2355,2026-05-11 16:18:35.801230,1.47533,0.1504356,1.1101258,-7.619933,1.31672,5.1234794
2356,2026-05-11 16:18:35.804370,1.47533,0.1504356,1.1101258,-8.548142,1.5596917,5.185177
2357,2026-05-11 16:18:35.807250,1.47533,0.1504356,1.1101258,-8.548142,1.5596917,5.185177
2358,2026-05-11 16:18:35.810062,1.4788668,-0.021891521,1.0999422,-9.016982,1.725847,5.1303515
2359,2026-05-11 16:18:35.812668,1.4788668,-0.021891521,1.0999422,-9.016982,1.725847,5.1303515
2360,2026-05-11 16:18:35.815373,1.4788668,-0.021891521,1.0999422,-9.016982,1.725847,5.1303515
2361,2026-05-11 16:18:35.818112,1.4525847,-0.034819108,1.2818431,-8.943373,1.5761851,5.1214943
2362,2026-05-11 16:18:35.821077,1.4525847,-0.034819108,1.2818431,-8.499732,1.1739303,5.077512
2363,2026-05-11 16:18:35.823846,1.4525847,-0.034819108,1.2818431,-8.499732,1.1739303,5.077512
2364,2026-05-11 16:18:35.826457,1.6850983,0.098603316,1.361055,-8.499732,1.1739303,5.077512
2365,2026-05-11 16:18:35.829406,1.6850983,0.098603316,1.361055,-8.499732,1.1739303,5.077512
2366,2026-05-11 16:18:35.832184,2.2879384,0.47838157,1.4126434,-7.8427463,0.4578435,4.8577533
2367,2026-05-11 16:18:35.834936,2.2879384,0.47838157,1.4126434,-7.8427463,0.4578435,4.8577533
2368,2026-05-11 16:18:35.837900,2.2879384,0.47838157,1.4126434,-7.8427463,0.4578435,4.8577533
2369,2026-05-11 16:18:35.840711,2.2879384,0.47838157,1.4126434,-7.8427463,0.4578435,4.8577533
2370,2026-05-11 16:18:35.843271,2.2879384,0.47838157,1.4126434,-7.8427463,0.4578435,4.8577533
2371,2026-05-11 16:18:35.845996,2.2879384,0.47838157,1.4126434,-6.7347894,-0.8032878,3.544851
2372,2026-05-11 16:18:35.848614,2.2879384,0.47838157,1.4126434,-6.7347894,-0.8032878,3.544851
2373,2026-05-11 16:18:35.851415,2.2879384,0.47838157,1.4126434,-6.7347894,-0.8032878,3.544851
2374,2026-05-11 16:18:35.854513,2.2879384,0.47838157,1.4126434,-6.7347894,-0.8032878,3.544851
2375,2026-05-11 16:18:35.857588,3.0914,1.0579885,1.3721533,-6.7347894,-0.8032878,3.544851
2376,2026-05-11 16:18:35.860304,3.0914,1.0579885,1.3721533,-6.7347894,-0.8032878,3.544851
2377,2026-05-11 16:18:35.862931,3.0914,1.0579885,1.3721533,-6.7347894,-0.8032878,3.544851
2378,2026-05-11 16:18:35.865666,3.0914,1.0579885,1.3721533,-6.7347894,-0.8032878,3.544851
2379,2026-05-11 16:18:35.868356,3.0914,1.0579885,1.3721533,-6.7347894,-0.8032878,3.544851
2380,2026-05-11 16:18:35.871324,3.0914,1.0579885,1.3721533,-6.7347894,-0.8032878,3.544851
2381,2026-05-11 16:18:35.874141,2.9824302,1.2678179,1.1668364,-6.7347894,-0.8032878,3.544851
2382,2026-05-11 16:18:35.876901,2.9824302,1.2678179,1.1668364,-6.7347894,-0.8032878,3.544851
2383,2026-05-11 16:18:35.879687,2.9824302,1.2678179,1.1668364,-6.263812,-1.3613132,2.434298
2384,2026-05-11 16:18:35.882489,2.9824302,1.2678179,1.1668364,-6.263812,-1.3613132,2.434298
2385,2026-05-11 16:18:35.885295,2.3903832,1.358006,0.7888265,-6.454402,-1.4563028,1.7033978
2386,2026-05-11 16:18:35.888188,2.3903832,1.358006,0.7888265,-6.454402,-1.4563028,1.7033978
2387,2026-05-11 16:18:35.890964,2.3903832,1.358006,0.7888265,-6.454402,-1.4563028,1.7033978
2388,2026-05-11 16:18:35.893713,2.3903832,1.358006,0.7888265,-6.454402,-1.4563028,1.7033978
2389,2026-05-11 16:18:35.896434,2.3903832,1.358006,0.7888265,-6.454402,-1.4563028,1.7033978
2390,2026-05-11 16:18:35.899202,2.3903832,1.358006,0.7888265,-6.454402,-1.4563028,1.7033978
2391,2026-05-11 16:18:35.901793,2.3903832,1.358006,0.7888265,-6.454402,-1.4563028,1.7033978
2392,2026-05-11 16:18:35.904988,2.3903832,1.358006,0.7888265,-6.454402,-1.4563028,1.7033978
2393,2026-05-11 16:18:35.907716,2.3903832,1.358006,0.7888265,-6.454402,-1.4563028,1.7033978
2394,2026-05-11 16:18:35.910529,2.3903832,1.358006,0.7888265,-6.454402,-1.4563028,1.7033978
2395,2026-05-11 16:18:35.913286,1.8738898,1.3101374,0.67613703,-8.290205,-0.39675698,2.1879666
2396,2026-05-11 16:18:35.916110,1.850413,1.2955633,0.9330422,-8.290205,-0.39675698,2.1879666
2397,2026-05-11 16:18:35.918843,1.850413,1.2955633,0.9330422,-8.882897,0.032986723,2.4901922
2398,2026-05-11 16:18:35.922008,2.3759315,1.384715,1.5610057,-8.882897,0.032986723,2.4901922
2399,2026-05-11 16:18:35.924726,2.3759315,1.384715,1.5610057,-8.882897,0.032986723,2.4901922
2400,2026-05-11 16:18:35.927474,2.3759315,1.384715,1.5610057,-8.882897,0.032986723,2.4901922
2401,2026-05-11 16:18:35.930329,2.9304757,1.4714884,2.0799994,-7.776009,-0.50610185,1.7669277
2402,2026-05-11 16:18:35.933018,2.9304757,1.4714884,2.0799994,-7.776009,-0.50610185,1.7669277
2403,2026-05-11 16:18:35.935692,3.7627196,1.9665172,3.5705743,-7.776009,-0.50610185,1.7669277
2404,2026-05-11 16:18:35.938712,3.7627196,1.9665172,3.5705743,-7.776009,-0.50610185,1.7669277
2405,2026-05-11 16:18:35.941404,3.7627196,1.9665172,3.5705743,-7.776009,-0.50610185,1.7669277
2406,2026-05-11 16:18:35.944047,3.7627196,1.9665172,3.5705743,-7.776009,-0.50610185,1.7669277
2407,2026-05-11 16:18:35.946853,3.6520424,2.2006772,3.9140086,-4.808426,-1.1531608,0.5635232
2408,2026-05-11 16:18:35.949670,3.3478782,2.613872,4.3189716,-4.808426,-1.1531608,0.5635232
2409,2026-05-11 16:18:35.952277,3.3478782,2.613872,4.3189716,-4.808426,-1.1531608,0.5635232
2410,2026-05-11 16:18:35.957882,3.3478782,2.613872,4.3189716,-4.808426,-1.1531608,0.5635232
2411,2026-05-11 16:18:35.984175,0.14763056,-1.8373024,0.4665516,-7.064351,4.4177775,8.827614
2412,2026-05-11 16:18:35.990593,0.14763056,-1.8373024,0.4665516,-7.064351,4.4177775,8.827614
2413,2026-05-11 16:18:35.995950,0.14763056,-1.8373024,0.4665516,-7.064351,4.4177775,8.827614
2414,2026-05-11 16:18:35.998799,0.14763056,-1.8373024,0.4665516,-8.825476,0.7480045,8.488584
2415,2026-05-11 16:18:36.001425,0.14763056,-1.8373024,0.4665516,-8.825476,0.7480045,8.488584
2416,2026-05-11 16:18:36.004466,0.14763056,-1.8373024,0.4665516,-8.825476,0.7480045,8.488584
2417,2026-05-11 16:18:36.007213,0.14763056,-1.8373024,0.4665516,-8.825476,0.7480045,8.488584
2418,2026-05-11 16:18:36.010031,0.14763056,-1.8373024,0.4665516,-7.835874,0.7602218,8.512407
2419,2026-05-11 16:18:36.012815,0.14763056,-1.8373024,0.4665516,-7.835874,0.7602218,8.512407
2420,2026-05-11 16:18:36.015574,2.125429,0.23056222,1.674732,-2.786309,0.86009824,6.993338
2421,2026-05-11 16:18:36.018149,2.125429,0.23056222,1.674732,-2.786309,0.86009824,6.993338
2422,2026-05-11 16:18:36.021231,2.125429,0.23056222,1.674732,-2.786309,0.86009824,6.993338
2423,2026-05-11 16:18:36.023955,2.125429,0.23056222,1.674732,-2.786309,0.86009824,6.993338
2424,2026-05-11 16:18:36.026524,2.125429,0.23056222,1.674732,-2.786309,0.86009824,6.993338
2425,2026-05-11 16:18:36.029232,2.125429,0.23056222,1.674732,-2.786309,0.86009824,6.993338
2426,2026-05-11 16:18:36.031937,2.125429,0.23056222,1.674732,-2.786309,0.86009824,6.993338
2427,2026-05-11 16:18:36.034529,1.8365095,0.1349469,1.0817704,-3.6384661,1.7185167,6.8752885
2428,2026-05-11 16:18:36.037682,2.575699,0.24013597,0.88980806,-4.5376596,2.095726,6.869943
2429,2026-05-11 16:18:36.040694,1.7085752,0.36008197,1.2917217,-6.2280765,0.40591997,4.6572366
2430,2026-05-11 16:18:36.043505,1.7085752,0.36008197,1.2917217,-6.2280765,0.40591997,4.6572366
2431,2026-05-11 16:18:36.046361,2.0259109,1.1929355,1.4427671,-5.0866747,0.37522396,5.466786
2432,2026-05-11 16:18:36.049227,2.0259109,1.1929355,1.4427671,-5.0866747,0.37522396,5.466786
2433,2026-05-11 16:18:36.051962,2.0259109,1.1929355,1.4427671,-5.0866747,0.37522396,5.466786
2434,2026-05-11 16:18:36.055005,2.0259109,1.1929355,1.4427671,-5.0866747,0.37522396,5.466786
2435,2026-05-11 16:18:36.057852,2.0259109,1.1929355,1.4427671,-5.3029213,1.1879802,4.7607784
2436,2026-05-11 16:18:36.060465,2.0259109,1.1929355,1.4427671,-5.3029213,1.1879802,4.7607784
2437,2026-05-11 16:18:36.063251,2.0259109,1.1929355,1.4427671,-5.3029213,1.1879802,4.7607784
2438,2026-05-11 16:18:36.065992,3.3553178,1.9977994,1.4102652,-5.199532,1.2545645,3.5570683
2439,2026-05-11 16:18:36.068669,3.3553178,1.9977994,1.4102652,-5.199532,1.2545645,3.5570683
2440,2026-05-11 16:18:36.071905,2.944623,2.2232394,1.493014,-5.199532,1.2545645,3.5570683
2441,2026-05-11 16:18:36.074608,2.944623,2.2232394,1.493014,-5.199532,1.2545645,3.5570683
2442,2026-05-11 16:18:36.077485,2.944623,2.2232394,1.493014,-5.199532,1.2545645,3.5570683
2443,2026-05-11 16:18:36.080237,2.944623,2.2232394,1.493014,-4.8857,1.0238101,2.7139215
2444,2026-05-11 16:18:36.082969,2.944623,2.2232394,1.493014,-4.8857,1.0238101,2.7139215
2445,2026-05-11 16:18:36.085674,2.944623,2.2232394,1.493014,-4.8857,1.0238101,2.7139215
2446,2026-05-11 16:18:36.088723,2.944623,2.2232394,1.493014,-4.8857,1.0238101,2.7139215
2447,2026-05-11 16:18:36.091479,2.944623,2.2232394,1.493014,-4.8857,1.0238101,2.7139215
2448,2026-05-11 16:18:36.094407,4.02121,3.9496818,3.3997107,-1.5190692,1.9359847,3.7441459
2449,2026-05-11 16:18:36.097074,4.02121,3.9496818,3.3997107,-1.5190692,1.9359847,3.7441459
2450,2026-05-11 16:18:36.099845,4.02121,3.9496818,3.3997107,-1.5190692,1.9359847,3.7441459
2451,2026-05-11 16:18:36.102497,4.02121,3.9496818,3.3997107,-1.5190692,1.9359847,3.7441459
2452,2026-05-11 16:18:36.105544,4.02121,3.9496818,3.3997107,-1.5190692,1.9359847,3.7441459
2453,2026-05-11 16:18:36.108362,4.02121,3.9496818,3.3997107,-1.5190692,1.9359847,3.7441459
2454,2026-05-11 16:18:36.111149,4.02121,3.9496818,3.3997107,-1.5190692,1.9359847,3.7441459
2455,2026-05-11 16:18:36.113821,4.02121,3.9496818,3.3997107,-1.5190692,1.9359847,3.7441459
2456,2026-05-11 16:18:36.116589,4.02121,3.9496818,3.3997107,-1.5190692,1.9359847,3.7441459
2457,2026-05-11 16:18:36.119375,4.02121,3.9496818,3.3997107,-1.5190692,1.9359847,3.7441459
2458,2026-05-11 16:18:36.122364,5.3800087,3.6428955,2.268425,-1.5190692,1.9359847,3.7441459
2459,2026-05-11 16:18:36.125149,5.3800087,3.6428955,2.268425,5.0912566,-0.7119634,-1.2589933
2460,2026-05-11 16:18:36.128088,4.0018797,2.9637706,1.1963502,6.0193133,-1.8080084,-2.4723244
2461,2026-05-11 16:18:36.130787,4.112679,2.8598619,0.5455806,6.0193133,-1.8080084,-2.4723244
2462,2026-05-11 16:18:36.133682,4.112679,2.8598619,0.5455806,5.277112,-2.6096163,-2.8522825
2463,2026-05-11 16:18:36.136316,4.112679,2.8598619,0.5455806,5.277112,-2.6096163,-2.8522825
2464,2026-05-11 16:18:36.139275,4.112679,2.8598619,0.5455806,5.277112,-2.6096163,-2.8522825
2465,2026-05-11 16:18:36.142090,4.112679,2.8598619,0.5455806,5.277112,-2.6096163,-2.8522825
2466,2026-05-11 16:18:36.144971,4.1636577,2.9557211,0.21159773,5.277112,-2.6096163,-2.8522825
2467,2026-05-11 16:18:36.147694,4.1636577,2.9557211,0.21159773,5.277112,-2.6096163,-2.8522825
2468,2026-05-11 16:18:36.150302,4.1636577,2.9557211,0.21159773,5.277112,-2.6096163,-2.8522825
2469,2026-05-11 16:18:36.153194,4.1636577,2.9557211,0.21159773,2.7444649,-2.1412354,-3.5569155
2470,2026-05-11 16:18:36.156236,4.1636577,2.9557211,0.21159773,2.7444649,-2.1412354,-3.5569155
2471,2026-05-11 16:18:36.159053,4.1636577,2.9557211,0.21159773,2.7444649,-2.1412354,-3.5569155
2472,2026-05-11 16:18:36.161645,4.1636577,2.9557211,0.21159773,2.7444649,-2.1412354,-3.5569155
2473,2026-05-11 16:18:36.164465,3.95767,2.8951688,0.45886827,2.7444649,-2.1412354,-3.5569155
2474,2026-05-11 16:18:36.167190,3.95767,2.8951688,0.45886827,2.7444649,-2.1412354,-3.5569155
2475,2026-05-11 16:18:36.170041,2.8943152,2.5187445,2.086585,-1.2325734,0.1919644,-5.389206
2476,2026-05-11 16:18:36.172883,2.8943152,2.5187445,2.086585,-1.2325734,0.1919644,-5.389206
2477,2026-05-11 16:18:36.175800,2.8943152,2.5187445,2.086585,-1.2325734,0.1919644,-5.389206
2478,2026-05-11 16:18:36.178428,2.8943152,2.5187445,2.086585,-1.2325734,0.1919644,-5.389206
2479,2026-05-11 16:18:36.181243,2.8943152,2.5187445,2.086585,-1.2325734,0.1919644,-5.389206
2480,2026-05-11 16:18:36.183908,2.8943152,2.5187445,2.086585,-1.2325734,0.1919644,-5.389206
2481,2026-05-11 16:18:36.186725,2.8943152,2.5187445,2.086585,-1.2325734,0.1919644,-5.389206
2482,2026-05-11 16:18:36.189635,2.561186,0.12238518,1.4824035,-1.2325734,0.1919644,-5.389206
2483,2026-05-11 16:18:36.192267,2.561186,0.12238518,1.4824035,-1.2325734,0.1919644,-5.389206
2484,2026-05-11 16:18:36.195040,2.23885,-0.4323423,1.0984178,7.3196926,-1.9208658,-8.231868
2485,2026-05-11 16:18:36.197855,2.23885,-0.4323423,1.0984178,6.656293,-2.4468207,-8.219803
2486,2026-05-11 16:18:36.200586,2.23885,-0.4323423,1.0984178,6.656293,-2.4468207,-8.219803
2487,2026-05-11 16:18:36.203343,1.9990191,-0.5558861,1.8746215,6.11583,-3.1247284,-8.142376
2488,2026-05-11 16:18:36.206385,1.9990191,-0.5558861,1.8746215,6.11583,-3.1247284,-8.142376
2489,2026-05-11 16:18:36.209108,1.9990191,-0.5558861,1.8746215,6.11583,-3.1247284,-8.142376
2490,2026-05-11 16:18:36.211806,1.9990191,-0.5558861,1.8746215,5.574451,-4.2685738,-7.946135
2491,2026-05-11 16:18:36.214570,1.9990191,-0.5558861,1.8746215,5.574451,-4.2685738,-7.946135
2492,2026-05-11 16:18:36.217209,1.9990191,-0.5558861,1.8746215,5.574451,-4.2685738,-7.946135
2493,2026-05-11 16:18:36.219956,2.1643946,-0.42606148,2.4969141,5.574451,-4.2685738,-7.946135
2494,2026-05-11 16:18:36.222855,2.1643946,-0.42606148,2.4969141,5.48389,-4.0453024,-7.755545
2495,2026-05-11 16:18:36.225812,2.1643946,-0.42606148,2.4969141,5.48389,-4.0453024,-7.755545
2496,2026-05-11 16:18:36.228547,2.4511795,-0.29757833,2.5368555,5.350263,-3.684892,-7.7005672
2497,2026-05-11 16:18:36.231209,2.4511795,-0.29757833,2.5368555,5.350263,-3.684892,-7.7005672
2498,2026-05-11 16:18:36.234024,2.4511795,-0.29757833,2.5368555,5.350263,-3.684892,-7.7005672
2499,2026-05-11 16:18:36.236851,3.1015835,-0.324958,2.9965162,3.0896037,-2.9749138,-9.255677
2500,2026-05-11 16:18:36.239959,3.1015835,-0.324958,2.9965162,3.0896037,-2.9749138,-9.255677
2501,2026-05-11 16:18:36.242672,3.1015835,-0.324958,2.9965162,3.0896037,-2.9749138,-9.255677
2502,2026-05-11 16:18:36.245507,2.8381534,-0.42136607,3.1938448,3.0833423,-2.2985332,-9.099907
2503,2026-05-11 16:18:36.248269,2.6830225,-0.48313794,3.199394,3.503923,-1.4026994,-8.635344
2504,2026-05-11 16:18:36.250886,2.6830225,-0.48313794,3.199394,3.503923,-1.4026994,-8.635344
2505,2026-05-11 16:18:36.254138,2.649179,-0.53173834,3.0603616,3.9080105,-1.0870347,-8.34839
2506,2026-05-11 16:18:36.257004,2.649179,-0.53173834,3.0603616,3.9080105,-1.0870347,-8.34839
2507,2026-05-11 16:18:36.259728,2.649179,-0.53173834,3.0603616,3.9080105,-1.0870347,-8.34839
2508,2026-05-11 16:18:36.262488,2.649179,-0.53173834,3.0603616,3.9080105,-1.0870347,-8.34839
2509,2026-05-11 16:18:36.265187,2.649179,-0.53173834,3.0603616,3.9080105,-1.0870347,-8.34839
2510,2026-05-11 16:18:36.268063,2.5680766,-0.65857506,2.707719,4.640285,-0.8568912,-7.9313216
2511,2026-05-11 16:18:36.270978,2.4191656,-0.92792004,2.1737852,4.640285,-0.8568912,-7.9313216
2512,2026-05-11 16:18:36.273881,2.4191656,-0.92792004,2.1737852,4.640285,-0.8568912,-7.9313216
2513,2026-05-11 16:18:36.276741,2.4191656,-0.92792004,2.1737852,4.640285,-0.8568912,-7.9313216
2514,2026-05-11 16:18:36.279394,2.4191656,-0.92792004,2.1737852,5.464495,-0.7826711,-7.591528
2515,2026-05-11 16:18:36.282166,2.4191656,-0.92792004,2.1737852,5.464495,-0.7826711,-7.591528
2516,2026-05-11 16:18:36.285213,1.8166304,-1.9415158,1.0693307,6.355747,-1.1023064,-7.385208
2517,2026-05-11 16:18:36.288249,1.8166304,-1.9415158,1.0693307,6.355747,-1.1023064,-7.385208
2518,2026-05-11 16:18:36.291222,1.8166304,-1.9415158,1.0693307,6.355747,-1.1023064,-7.385208
2519,2026-05-11 16:18:36.293914,1.8166304,-1.9415158,1.0693307,6.355747,-1.1023064,-7.385208
2520,2026-05-11 16:18:36.296640,1.1704341,-2.4791691,0.5861928,6.458984,-1.8400788,-7.3097663
2521,2026-05-11 16:18:36.299548,1.1704341,-2.4791691,0.5861928,6.458984,-1.8400788,-7.3097663
2522,2026-05-11 16:18:36.302263,0.67339295,-2.7742472,0.36776537,6.223495,-2.7505734,-6.7027187
2523,2026-05-11 16:18:36.305710,0.67339295,-2.7742472,0.36776537,6.223495,-2.7505734,-6.7027187
2524,2026-05-11 16:18:36.308494,0.67339295,-2.7742472,0.36776537,6.223495,-2.7505734,-6.7027187
2525,2026-05-11 16:18:36.311276,0.67339295,-2.7742472,0.36776537,6.223495,-2.7505734,-6.7027187
2526,2026-05-11 16:18:36.313993,-0.1642169,-3.354708,-0.045612417,6.223495,-2.7505734,-6.7027187
2527,2026-05-11 16:18:36.316680,-0.1642169,-3.354708,-0.045612417,6.223495,-2.7505734,-6.7027187
2528,2026-05-11 16:18:36.319515,-0.1642169,-3.354708,-0.045612417,5.760154,-3.0575333,-6.1538563
2529,2026-05-11 16:18:36.322697,-0.49911448,-3.5525854,-0.13122717,5.760154,-3.0575333,-6.1538563
2530,2026-05-11 16:18:36.325585,-1.1617141,-3.781074,-0.12372673,5.760154,-3.0575333,-6.1538563
2531,2026-05-11 16:18:36.328236,-1.1617141,-3.781074,-0.12372673,5.760154,-3.0575333,-6.1538563
2532,2026-05-11 16:18:36.330828,-1.1617141,-3.781074,-0.12372673,5.760154,-3.0575333,-6.1538563
2533,2026-05-11 16:18:36.333561,-1.1617141,-3.781074,-0.12372673,5.760154,-3.0575333,-6.1538563
2534,2026-05-11 16:18:36.336462,-1.1617141,-3.781074,-0.12372673,5.760154,-3.0575333,-6.1538563
2535,2026-05-11 16:18:36.339347,-1.1617141,-3.781074,-0.12372673,5.760154,-3.0575333,-6.1538563
2536,2026-05-11 16:18:36.342131,-1.1617141,-3.781074,-0.12372673,5.0269628,-3.0569224,-5.153412
2537,2026-05-11 16:18:36.344775,-1.1617141,-3.781074,-0.12372673,5.0269628,-3.0569224,-5.153412
2538,2026-05-11 16:18:36.347456,-1.1617141,-3.781074,-0.12372673,5.0269628,-3.0569224,-5.153412
2539,2026-05-11 16:18:36.350313,-1.3808123,-3.9066305,-0.3055666,4.0123158,-2.5211935,-3.6829066
2540,2026-05-11 16:18:36.353329,-1.3808123,-3.9066305,-0.3055666,4.0123158,-2.5211935,-3.6829066
2541,2026-05-11 16:18:36.356249,-1.3808123,-3.9066305,-0.3055666,4.0123158,-2.5211935,-3.6829066
2542,2026-05-11 16:18:36.358967,-1.3808123,-3.9066305,-0.3055666,4.0123158,-2.5211935,-3.6829066
2543,2026-05-11 16:18:36.361648,-1.3808123,-3.9066305,-0.3055666,4.0123158,-2.5211935,-3.6829066
2544,2026-05-11 16:18:36.364326,-1.3808123,-3.9066305,-0.3055666,4.0123158,-2.5211935,-3.6829066
2545,2026-05-11 16:18:36.367018,-1.3808123,-3.9066305,-0.3055666,3.1467197,-2.041359,-2.683531
2546,2026-05-11 16:18:36.369961,-1.3808123,-3.9066305,-0.3055666,3.1467197,-2.041359,-2.683531
2547,2026-05-11 16:18:36.372894,-1.3223332,-3.9244974,-0.48990667,0.47861293,-0.5873469,-0.754724
2548,2026-05-11 16:18:36.375739,-1.3223332,-3.9244974,-0.48990667,0.47861293,-0.5873469,-0.754724
2549,2026-05-11 16:18:36.378529,-1.3223332,-3.9244974,-0.48990667,0.47861293,-0.5873469,-0.754724
2550,2026-05-11 16:18:36.381299,-1.3223332,-3.9244974,-0.48990667,-1.3275629,0.28985557,-0.0364992
2551,2026-05-11 16:18:36.383968,-0.53533614,-3.9382174,-0.8738925,-1.3275629,0.28985557,-0.0364992
2552,2026-05-11 16:18:36.387095,-0.29849303,-3.8796165,-0.73546976,-3.8143952,1.3610078,0.6436992
2553,2026-05-11 16:18:36.390033,-0.036465544,-3.8503463,-0.09854234,-3.8143952,1.3610078,0.6436992
2554,2026-05-11 16:18:36.392713,-0.036465544,-3.8503463,-0.09854234,-5.8157425,2.4291058,0.9454667
2555,2026-05-11 16:18:36.395554,-0.036465544,-3.8503463,-0.09854234,-5.8157425,2.4291058,0.9454667
2556,2026-05-11 16:18:36.398311,-0.036465544,-3.8503463,-0.09854234,-5.8157425,2.4291058,0.9454667
2557,2026-05-11 16:18:36.401000,-0.036465544,-3.8503463,-0.09854234,-6.467383,3.0906727,0.8958339
2558,2026-05-11 16:18:36.403632,-0.036465544,-3.8503463,-0.09854234,-6.467383,3.0906727,0.8958339
2559,2026-05-11 16:18:36.407036,-0.036465544,-3.8503463,-0.09854234,-6.467383,3.0906727,0.8958339
2560,2026-05-11 16:18:36.409874,0.025001459,-3.86114,0.34373957,-6.467383,3.0906727,0.8958339
2561,2026-05-11 16:18:36.412549,0.025001459,-3.86114,0.34373957,-6.467383,3.0906727,0.8958339
2562,2026-05-11 16:18:36.415455,0.025001459,-3.86114,0.34373957,-6.467383,3.0906727,0.8958339
2563,2026-05-11 16:18:36.418233,-0.44002566,-3.679056,0.9475553,-6.464634,4.094477,0.75670934
2564,2026-05-11 16:18:36.421150,-0.44002566,-3.679056,0.9475553,-6.464634,4.094477,0.75670934
2565,2026-05-11 16:18:36.424030,-0.44002566,-3.679056,0.9475553,-6.464634,4.094477,0.75670934
2566,2026-05-11 16:18:36.426662,-0.44002566,-3.679056,0.9475553,-6.464634,4.094477,0.75670934
2567,2026-05-11 16:18:36.429349,-0.8086447,-3.3943443,1.1786054,-6.464634,4.094477,0.75670934
2568,2026-05-11 16:18:36.432078,-0.8086447,-3.3943443,1.1786054,-6.464634,4.094477,0.75670934
2569,2026-05-11 16:18:36.434724,-0.8086447,-3.3943443,1.1786054,-6.464634,4.094477,0.75670934
2570,2026-05-11 16:18:36.437797,-0.8086447,-3.3943443,1.1786054,-6.464634,4.094477,0.75670934
2571,2026-05-11 16:18:36.440557,-0.8086447,-3.3943443,1.1786054,-6.464634,4.094477,0.75670934
2572,2026-05-11 16:18:36.443223,-0.8086447,-3.3943443,1.1786054,-5.658292,4.045455,1.3054191
2573,2026-05-11 16:18:36.445998,-0.8086447,-3.3943443,1.1786054,-5.658292,4.045455,1.3054191
2574,2026-05-11 16:18:36.448699,-0.8211454,-3.1620748,1.2648909,-4.5205555,3.573409,2.2093468
2575,2026-05-11 16:18:36.451526,-0.6855278,-2.8936446,1.1984847,-4.5205555,3.573409,2.2093468
2576,2026-05-11 16:18:36.454642,-0.6855278,-2.8936446,1.1984847,-3.6528215,3.1439707,2.9972103
2577,2026-05-11 16:18:36.457478,-0.6855278,-2.8936446,1.1984847,-3.6528215,3.1439707,2.9972103
2578,2026-05-11 16:18:36.460250,-0.3529474,-2.5154517,1.0153031,-3.0546317,2.9078712,3.92542
2579,2026-05-11 16:18:36.463000,-0.3529474,-2.5154517,1.0153031,-3.0546317,2.9078712,3.92542
2580,2026-05-11 16:18:36.465715,-0.3529474,-2.5154517,1.0153031,-3.0546317,2.9078712,3.92542
2581,2026-05-11 16:18:36.468620,-0.3529474,-2.5154517,1.0153031,-3.0546317,2.9078712,3.92542
2582,2026-05-11 16:18:36.471565,-0.028904125,-2.1848836,0.90596753,-3.0424144,3.1221323,4.591874
2583,2026-05-11 16:18:36.474335,-0.028904125,-2.1848836,0.90596753,-3.0424144,3.1221323,4.591874
2584,2026-05-11 16:18:36.477047,-0.028904125,-2.1848836,0.90596753,-3.0424144,3.1221323,4.591874
2585,2026-05-11 16:18:36.479765,-0.028904125,-2.1848836,0.90596753,-3.0424144,3.1221323,4.591874
2586,2026-05-11 16:18:36.482516,-0.028904125,-2.1848836,0.90596753,-3.0424144,3.1221323,4.591874
2587,2026-05-11 16:18:36.485399,-0.028904125,-2.1848836,0.90596753,-3.5280523,3.59876,5.053077
2588,2026-05-11 16:18:36.488327,-0.028904125,-2.1848836,0.90596753,-3.5280523,3.59876,5.053077
2589,2026-05-11 16:18:36.491237,0.09268834,-1.896574,0.8044982,-3.5280523,3.59876,5.053077
2590,2026-05-11 16:18:36.493994,0.09268834,-1.896574,0.8044982,-3.5280523,3.59876,5.053077
2591,2026-05-11 16:18:36.496640,0.09268834,-1.896574,0.8044982,-3.5280523,3.59876,5.053077
2592,2026-05-11 16:18:36.499536,0.17818113,-1.645157,0.7218104,-5.417306,4.2797217,5.7367883
2593,2026-05-11 16:18:36.502236,0.21653701,-1.3945936,0.7304085,-5.417306,4.2797217,5.7367883
2594,2026-05-11 16:18:36.505398,0.21653701,-1.3945936,0.7304085,-5.417306,4.2797217,5.7367883
2595,2026-05-11 16:18:36.508162,0.21653701,-1.3945936,0.7304085,-5.417306,4.2797217,5.7367883
2596,2026-05-11 16:18:36.510797,0.21653701,-1.3945936,0.7304085,-5.417306,4.2797217,5.7367883
2597,2026-05-11 16:18:36.513546,0.21653701,-1.3945936,0.7304085,-5.417306,4.2797217,5.7367883
2598,2026-05-11 16:18:36.516432,0.21653701,-1.3945936,0.7304085,-5.417306,4.2797217,5.7367883
2599,2026-05-11 16:18:36.519142,0.24452646,-1.1708001,0.83389014,-5.417306,4.2797217,5.7367883
2600,2026-05-11 16:18:36.522409,0.24452646,-1.1708001,0.83389014,-6.471201,4.1114287,6.2050166
2601,2026-05-11 16:18:36.525246,0.24452646,-1.1708001,0.83389014,-6.471201,4.1114287,6.2050166
2602,2026-05-11 16:18:36.527991,0.24452646,-1.1708001,0.83389014,-6.471201,4.1114287,6.2050166
2603,2026-05-11 16:18:36.530819,0.24452646,-1.1708001,0.83389014,-6.471201,4.1114287,6.2050166
2604,2026-05-11 16:18:36.533610,0.24452646,-1.1708001,0.83389014,-6.471201,4.1114287,6.2050166
2605,2026-05-11 16:18:36.536362,0.24452646,-1.1708001,0.83389014,-7.9695005,3.1215215,7.015482
2606,2026-05-11 16:18:36.539304,0.8240115,-0.8380368,1.2752573,-7.9695005,3.1215215,7.015482
2607,2026-05-11 16:18:36.542197,1.0929296,-0.74516547,1.4615487,-8.60984,2.6387851,7.2612023
2608,2026-05-11 16:18:36.544896,1.0929296,-0.74516547,1.4615487,-8.60984,2.6387851,7.2612023
2609,2026-05-11 16:18:36.547598,1.0929296,-0.74516547,1.4615487,-9.647853,2.4295638,7.4603443
2610,2026-05-11 16:18:36.550368,1.7146122,-0.6027791,2.2658029,-9.647853,2.4295638,7.4603443
2611,2026-05-11 16:18:36.553347,1.7146122,-0.6027791,2.2658029,-9.647853,2.4295638,7.4603443
2612,2026-05-11 16:18:36.556379,1.7146122,-0.6027791,2.2658029,-9.647853,2.4295638,7.4603443
2613,2026-05-11 16:18:36.559164,1.7146122,-0.6027791,2.2658029,-9.647853,2.4295638,7.4603443
2614,2026-05-11 16:18:36.561953,1.7146122,-0.6027791,2.2658029,-9.647853,2.4295638,7.4603443
2615,2026-05-11 16:18:36.564651,1.7146122,-0.6027791,2.2658029,-9.647853,2.4295638,7.4603443
2616,2026-05-11 16:18:36.567269,1.7146122,-0.6027791,2.2658029,-9.957104,2.9669726,7.541895
2617,2026-05-11 16:18:36.570203,1.6849765,-0.5665574,3.5028875,-9.957104,2.9669726,7.541895
2618,2026-05-11 16:18:36.573157,1.6849765,-0.5665574,3.5028875,-9.5611105,3.2528574,7.7344704
2619,2026-05-11 16:18:36.575794,1.6849765,-0.5665574,3.5028875,-9.5611105,3.2528574,7.7344704
2620,2026-05-11 16:18:36.578437,1.6849765,-0.5665574,3.5028875,-9.5611105,3.2528574,7.7344704
2621,2026-05-11 16:18:36.581091,1.6849765,-0.5665574,3.5028875,-9.5611105,3.2528574,7.7344704
2622,2026-05-11 16:18:36.583848,1.6849765,-0.5665574,3.5028875,-9.5611105,3.2528574,7.7344704
2623,2026-05-11 16:18:36.586463,1.6849765,-0.5665574,3.5028875,-9.5611105,3.2528574,7.7344704
2624,2026-05-11 16:18:36.589496,1.6849765,-0.5665574,3.5028875,-9.5611105,3.2528574,7.7344704
2625,2026-05-11 16:18:36.592221,1.8930982,-0.3473983,3.763817,-8.35679,2.9123,7.947204
2626,2026-05-11 16:18:36.594946,1.8930982,-0.3473983,3.763817,-8.35679,2.9123,7.947204
2627,2026-05-11 16:18:36.597744,2.2720838,-0.08591965,3.7898552,-8.35679,2.9123,7.947204
2628,2026-05-11 16:18:36.600499,2.2720838,-0.08591965,3.7898552,-5.414404,1.4633276,7.24532
2629,2026-05-11 16:18:36.603247,2.2720838,-0.08591965,3.7898552,-5.414404,1.4633276,7.24532
2630,2026-05-11 16:18:36.606392,2.2720838,-0.08591965,3.7898552,-5.414404,1.4633276,7.24532
2631,2026-05-11 16:18:36.609171,2.2720838,-0.08591965,3.7898552,-5.414404,1.4633276,7.24532
2632,2026-05-11 16:18:36.611793,2.2720838,-0.08591965,3.7898552,-5.414404,1.4633276,7.24532
2633,2026-05-11 16:18:36.614597,2.2720838,-0.08591965,3.7898552,-5.414404,1.4633276,7.24532
2634,2026-05-11 16:18:36.617467,2.6977794,0.38276625,3.3877587,-5.414404,1.4633276,7.24532
2635,2026-05-11 16:18:36.620153,2.6977794,0.38276625,3.3877587,-5.414404,1.4633276,7.24532
2636,2026-05-11 16:18:36.623216,2.6977794,0.38276625,3.3877587,-5.414404,1.4633276,7.24532
2637,2026-05-11 16:18:36.625968,2.6977794,0.38276625,3.3877587,-5.414404,1.4633276,7.24532
2638,2026-05-11 16:18:36.628595,2.6977794,0.38276625,3.3877587,-5.414404,1.4633276,7.24532
2639,2026-05-11 16:18:36.631412,2.6977794,0.38276625,3.3877587,-5.414404,1.4633276,7.24532
2640,2026-05-11 16:18:36.634133,2.6977794,0.38276625,3.3877587,-5.414404,1.4633276,7.24532
2641,2026-05-11 16:18:36.637152,2.1320755,0.7838872,2.2838528,-4.881119,1.5598444,6.164394
2642,2026-05-11 16:18:36.640156,2.1320755,0.7838872,2.2838528,-4.881119,1.5598444,6.164394
2643,2026-05-11 16:18:36.642886,2.1320755,0.7838872,2.2838528,-4.881119,1.5598444,6.164394
2644,2026-05-11 16:18:36.645570,2.1320755,0.7838872,2.2838528,-4.881119,1.5598444,6.164394
2645,2026-05-11 16:18:36.648471,2.1320755,0.7838872,2.2838528,-4.881119,1.5598444,6.164394
2646,2026-05-11 16:18:36.651181,2.1320755,0.7838872,2.2838528,-4.881119,1.5598444,6.164394
2647,2026-05-11 16:18:36.654291,2.1320755,0.7838872,2.2838528,-4.881119,1.5598444,6.164394
2648,2026-05-11 16:18:36.657274,1.8509008,0.8954181,1.8565108,-6.190661,1.7145461,6.0501623
2649,2026-05-11 16:18:36.659977,1.8509008,0.8954181,1.8565108,-6.190661,1.7145461,6.0501623
2650,2026-05-11 16:18:36.662719,1.8509008,0.8954181,1.8565108,-6.190661,1.7145461,6.0501623
2651,2026-05-11 16:18:36.665336,1.7922388,0.8620625,1.6979648,-6.190661,1.7145461,6.0501623
2652,2026-05-11 16:18:36.668111,1.7922388,0.8620625,1.6979648,-6.190661,1.7145461,6.0501623
2653,2026-05-11 16:18:36.671145,1.7922388,0.8620625,1.6979648,-6.190661,1.7145461,6.0501623
2654,2026-05-11 16:18:36.673939,1.7922388,0.8620625,1.6979648,-6.190661,1.7145461,6.0501623
2655,2026-05-11 16:18:36.676610,1.642047,0.68741816,1.7095511,-6.190661,1.7145461,6.0501623
2656,2026-05-11 16:18:36.679374,1.642047,0.68741816,1.7095511,-6.190661,1.7145461,6.0501623
2657,2026-05-11 16:18:36.682156,1.642047,0.68741816,1.7095511,-7.7314157,2.2127066,5.909205
2658,2026-05-11 16:18:36.684816,1.642047,0.68741816,1.7095511,-7.7314157,2.2127066,5.909205
2659,2026-05-11 16:18:36.687865,1.642047,0.68741816,1.7095511,-8.332202,2.3672554,5.7984858
2660,2026-05-11 16:18:36.690814,1.642047,0.68741816,1.7095511,-8.332202,2.3672554,5.7984858
2661,2026-05-11 16:18:36.693423,1.642047,0.68741816,1.7095511,-8.332202,2.3672554,5.7984858
2662,2026-05-11 16:18:36.696197,1.642047,0.68741816,1.7095511,-8.332202,2.3672554,5.7984858
2663,2026-05-11 16:18:36.698926,1.4956361,0.5927785,1.7345525,-8.332202,2.3672554,5.7984858
2664,2026-05-11 16:18:36.701511,1.4956361,0.5927785,1.7345525,-8.332202,2.3672554,5.7984858
2665,2026-05-11 16:18:36.704673,1.4956361,0.5927785,1.7345525,-8.332202,2.3672554,5.7984858
2666,2026-05-11 16:18:36.707361,1.4956361,0.5927785,1.7345525,-8.332202,2.3672554,5.7984858
2667,2026-05-11 16:18:36.710134,1.847059,0.49374834,1.7083925,-8.921381,1.8871155,5.517793
2668,2026-05-11 16:18:36.712805,1.847059,0.49374834,1.7083925,-8.921381,1.8871155,5.517793
2669,2026-05-11 16:18:36.715410,1.847059,0.49374834,1.7083925,-8.921381,1.8871155,5.517793
2670,2026-05-11 16:18:36.718211,1.847059,0.49374834,1.7083925,-8.78638,1.4779885,5.100572
2671,2026-05-11 16:18:36.721180,1.847059,0.49374834,1.7083925,-8.78638,1.4779885,5.100572
2672,2026-05-11 16:18:36.724027,1.847059,0.49374834,1.7083925,-8.78638,1.4779885,5.100572
2673,2026-05-11 16:18:36.726713,1.847059,0.49374834,1.7083925,-8.78638,1.4779885,5.100572
2674,2026-05-11 16:18:36.729401,1.847059,0.49374834,1.7083925,-8.78638,1.4779885,5.100572
2675,2026-05-11 16:18:36.732283,1.847059,0.49374834,1.7083925,-8.78638,1.4779885,5.100572
2676,2026-05-11 16:18:36.734974,2.195616,0.6249145,1.8338265,-8.78638,1.4779885,5.100572
2677,2026-05-11 16:18:36.737894,2.195616,0.6249145,1.8338265,-8.78638,1.4779885,5.100572
2678,2026-05-11 16:18:36.740742,2.195616,0.6249145,1.8338265,-8.78638,1.4779885,5.100572
2679,2026-05-11 16:18:36.743439,2.195616,0.6249145,1.8338265,-8.78638,1.4779885,5.100572
2680,2026-05-11 16:18:36.746190,2.195616,0.6249145,1.8338265,-8.78638,1.4779885,5.100572
2681,2026-05-11 16:18:36.748874,2.195616,0.6249145,1.8338265,-8.78638,1.4779885,5.100572
2682,2026-05-11 16:18:36.751685,2.1379297,0.7319939,1.8655356,-8.066934,0.77396625,4.0602684
2683,2026-05-11 16:18:36.754774,2.1379297,0.7319939,1.8655356,-8.066934,0.77396625,4.0602684
2684,2026-05-11 16:18:36.757616,2.1379297,0.7319939,1.8655356,-8.066934,0.77396625,4.0602684
2685,2026-05-11 16:18:36.760252,2.0506074,0.77059376,1.856023,-7.9368196,0.72265357,3.9385536
2686,2026-05-11 16:18:36.762781,2.0506074,0.77059376,1.856023,-7.9368196,0.72265357,3.9385536
2687,2026-05-11 16:18:36.765447,2.0506074,0.77059376,1.856023,-7.9368196,0.72265357,3.9385536
2688,2026-05-11 16:18:36.768005,2.0506074,0.77059376,1.856023,-7.9368196,0.72265357,3.9385536
2689,2026-05-11 16:18:36.771013,2.0506074,0.77059376,1.856023,-7.9368196,0.72265357,3.9385536
2690,2026-05-11 16:18:36.774682,2.0506074,0.77059376,1.856023,-7.9368196,0.72265357,3.9385536
2691,2026-05-11 16:18:36.777448,2.0506074,0.77059376,1.856023,-7.9368196,0.72265357,3.9385536
2692,2026-05-11 16:18:36.780153,2.0506074,0.77059376,1.856023,-7.9368196,0.72265357,3.9385536
2693,2026-05-11 16:18:36.782929,1.4831964,0.9495066,1.7700424,-7.9368196,0.72265357,3.9385536
2694,2026-05-11 16:18:36.785601,1.4831964,0.9495066,1.7700424,-7.9368196,0.72265357,3.9385536
2695,2026-05-11 16:18:36.789239,1.5333822,1.1925696,1.5313089,-6.135072,0.2938262,3.3748777
2696,2026-05-11 16:18:36.792208,1.5333822,1.1925696,1.5313089,-6.135072,0.2938262,3.3748777
2697,2026-05-11 16:18:36.794873,1.5333822,1.1925696,1.5313089,-6.135072,0.2938262,3.3748777
2698,2026-05-11 16:18:36.797707,1.5333822,1.1925696,1.5313089,-6.135072,0.2938262,3.3748777
2699,2026-05-11 16:18:36.800369,1.5333822,1.1925696,1.5313089,-6.135072,0.2938262,3.3748777
2700,2026-05-11 16:18:36.803038,1.5333822,1.1925696,1.5313089,-6.135072,0.2938262,3.3748777
2701,2026-05-11 16:18:36.806363,1.5333822,1.1925696,1.5313089,-6.135072,0.2938262,3.3748777
2702,2026-05-11 16:18:36.809099,1.5333822,1.1925696,1.5313089,-6.135072,0.2938262,3.3748777
2703,2026-05-11 16:18:36.812084,1.5333822,1.1925696,1.5313089,-5.8485765,0.21533,3.4565809
2704,2026-05-11 16:18:36.814944,1.5333822,1.1925696,1.5313089,-5.8485765,0.21533,3.4565809
2705,2026-05-11 16:18:36.817678,1.5333822,1.1925696,1.5313089,-5.8485765,0.21533,3.4565809
2706,2026-05-11 16:18:36.820768,2.092683,1.4888673,1.4097164,-5.8485765,0.21533,3.4565809
2707,2026-05-11 16:18:36.823542,2.092683,1.4888673,1.4097164,-5.381112,-0.10338894,3.2777503
2708,2026-05-11 16:18:36.826169,2.092683,1.4888673,1.4097164,-5.381112,-0.10338894,3.2777503
2709,2026-05-11 16:18:36.828910,2.092683,1.4888673,1.4097164,-5.381112,-0.10338894,3.2777503
2710,2026-05-11 16:18:36.831522,2.092683,1.4888673,1.4097164,-5.381112,-0.10338894,3.2777503
2711,2026-05-11 16:18:36.834337,2.092683,1.4888673,1.4097164,-5.381112,-0.10338894,3.2777503
2712,2026-05-11 16:18:36.837143,2.092683,1.4888673,1.4097164,-5.381112,-0.10338894,3.2777503
2713,2026-05-11 16:18:36.840276,2.3284895,1.6344855,1.3219674,-5.2616878,-0.20922135,2.8637362
2714,2026-05-11 16:18:36.843044,2.3284895,1.6344855,1.3219674,-5.2616878,-0.20922135,2.8637362
2715,2026-05-11 16:18:36.845867,2.3284895,1.6344855,1.3219674,-5.2616878,-0.20922135,2.8637362
2716,2026-05-11 16:18:36.848543,2.3284895,1.6344855,1.3219674,-5.2616878,-0.20922135,2.8637362
2717,2026-05-11 16:18:36.851285,2.3284895,1.6344855,1.3219674,-5.2616878,-0.20922135,2.8637362
2718,2026-05-11 16:18:36.854286,2.3284895,1.6344855,1.3219674,-5.2616878,-0.20922135,2.8637362
2719,2026-05-11 16:18:36.857122,2.382456,1.7565049,1.1778736,-5.2616878,-0.20922135,2.8637362
2720,2026-05-11 16:18:36.859855,2.382456,1.7565049,1.1778736,-5.5448236,-0.1207986,2.1641428
2721,2026-05-11 16:18:36.862448,2.382456,1.7565049,1.1778736,-5.5448236,-0.1207986,2.1641428
2722,2026-05-11 16:18:36.865099,2.382456,1.7565049,1.1778736,-5.5448236,-0.1207986,2.1641428
2723,2026-05-11 16:18:36.867760,2.382456,1.7565049,1.1778736,-5.5448236,-0.1207986,2.1641428
2724,2026-05-11 16:18:36.870610,2.382456,1.7565049,1.1778736,-5.5448236,-0.1207986,2.1641428
2725,2026-05-11 16:18:36.873630,2.382456,1.7565049,1.1778736,-5.5448236,-0.1207986,2.1641428
2726,2026-05-11 16:18:36.876254,2.382456,1.7565049,1.1778736,-5.5448236,-0.1207986,2.1641428
2727,2026-05-11 16:18:36.878898,2.382456,1.7565049,1.1778736,-5.5448236,-0.1207986,2.1641428
2728,2026-05-11 16:18:36.881532,2.382456,1.7565049,1.1778736,-5.5448236,-0.1207986,2.1641428
2729,2026-05-11 16:18:36.884430,2.382456,1.7565049,1.1778736,-5.5448236,-0.1207986,2.1641428
2730,2026-05-11 16:18:36.887432,1.8513886,1.7288203,1.4741714,-5.5448236,-0.1207986,2.1641428
2731,2026-05-11 16:18:36.890233,1.8513886,1.7288203,1.4741714,-5.5448236,-0.1207986,2.1641428
2732,2026-05-11 16:18:36.892994,1.8513886,1.7288203,1.4741714,-5.5448236,-0.1207986,2.1641428
2733,2026-05-11 16:18:36.895752,1.8513886,1.7288203,1.4741714,-5.5448236,-0.1207986,2.1641428
2734,2026-05-11 16:18:36.898482,1.8513886,1.7288203,1.4741714,-6.457304,0.34972036,1.9423988
2735,2026-05-11 16:18:36.901110,1.8513886,1.7288203,1.4741714,-6.457304,0.34972036,1.9423988
2736,2026-05-11 16:18:36.904293,1.8513886,1.7288203,1.4741714,-6.457304,0.34972036,1.9423988
2737,2026-05-11 16:18:36.907018,1.8513886,1.7288203,1.4741714,-6.457304,0.34972036,1.9423988
2738,2026-05-11 16:18:36.909631,1.8513886,1.7288203,1.4741714,-6.457304,0.34972036,1.9423988
2739,2026-05-11 16:18:36.912408,1.6682682,1.8324239,2.3636746,-6.457304,0.34972036,1.9423988
2740,2026-05-11 16:18:36.915100,1.6682682,1.8324239,2.3636746,-6.457304,0.34972036,1.9423988
2741,2026-05-11 16:18:36.917822,1.6682682,1.8324239,2.3636746,-6.457304,0.34972036,1.9423988
2742,2026-05-11 16:18:36.920741,1.6682682,1.8324239,2.3636746,-6.7525043,0.61361414,2.682004
2743,2026-05-11 16:18:36.923871,1.6682682,1.8324239,2.3636746,-6.7525043,0.61361414,2.682004
2744,2026-05-11 16:18:36.926691,2.177566,2.9540749,4.742167,-5.4733524,0.7099781,3.8417315
2745,2026-05-11 16:18:36.929372,2.177566,2.9540749,4.742167,-3.0740266,0.3145956,4.565454
2746,2026-05-11 16:18:36.932202,4.7116165,4.529837,4.800829,0.43478334,-0.6430884,4.9335003
2747,2026-05-11 16:18:36.934956,4.7116165,4.529837,4.800829,0.43478334,-0.6430884,4.9335003
2748,2026-05-11 16:18:36.937980,4.7116165,4.529837,4.800829,0.43478334,-0.6430884,4.9335003
2749,2026-05-11 16:18:36.941037,4.7116165,4.529837,4.800829,0.43478334,-0.6430884,4.9335003
2750,2026-05-11 16:18:36.943711,4.7116165,4.529837,4.800829,0.43478334,-0.6430884,4.9335003
2751,2026-05-11 16:18:36.946394,4.7116165,4.529837,4.800829,0.43478334,-0.6430884,4.9335003
2752,2026-05-11 16:18:36.949077,4.7116165,4.529837,4.800829,3.7239873,-1.5601498,4.2470407
2753,2026-05-11 16:18:36.951695,5.227622,4.8023534,3.7860744,3.7239873,-1.5601498,4.2470407
2754,2026-05-11 16:18:36.954645,5.227622,4.8023534,3.7860744,3.7239873,-1.5601498,4.2470407
2755,2026-05-11 16:18:36.957577,5.227622,4.8023534,3.7860744,3.7239873,-1.5601498,4.2470407
2756,2026-05-11 16:18:36.960369,5.227622,4.8023534,3.7860744,6.4828076,-1.8822285,2.1094704
2757,2026-05-11 16:18:36.963090,5.227622,4.8023534,3.7860744,6.4828076,-1.8822285,2.1094704
2758,2026-05-11 16:18:36.965708,5.227622,4.8023534,3.7860744,6.4828076,-1.8822285,2.1094704
2759,2026-05-11 16:18:36.968465,5.227622,4.8023534,3.7860744,6.4828076,-1.8822285,2.1094704
2760,2026-05-11 16:18:36.971620,5.227622,4.8023534,3.7860744,6.4828076,-1.8822285,2.1094704
2761,2026-05-11 16:18:36.974411,5.227622,4.8023534,3.7860744,6.4828076,-1.8822285,2.1094704
2762,2026-05-11 16:18:36.977110,5.227622,4.8023534,3.7860744,6.4828076,-1.8822285,2.1094704
2763,2026-05-11 16:18:36.979855,5.227622,4.8023534,3.7860744,6.4828076,-1.8822285,2.1094704
2764,2026-05-11 16:18:36.982506,5.227622,4.8023534,3.7860744,6.4828076,-1.8822285,2.1094704
2765,2026-05-11 16:18:36.985221,5.227622,4.8023534,3.7860744,6.4828076,-1.8822285,2.1094704
2766,2026-05-11 16:18:36.988325,4.2602487,4.3069587,2.0573761,7.531358,-2.0216584,-1.9498819
2767,2026-05-11 16:18:36.991190,4.2602487,4.3069587,2.0573761,7.531358,-2.0216584,-1.9498819
2768,2026-05-11 16:18:36.993908,3.9087646,4.115911,-0.19427963,2.1774292,-0.7883216,-4.16885
2769,2026-05-11 16:18:36.996681,3.3666599,3.700826,0.529787,-0.74220127,0.37018433,-4.8632507
2770,2026-05-11 16:18:36.999602,3.3666599,3.700826,0.529787,-0.74220127,0.37018433,-4.8632507
2771,2026-05-11 16:18:37.002300,3.3666599,3.700826,0.529787,-0.74220127,0.37018433,-4.8632507
2772,2026-05-11 16:18:37.005401,2.5890536,2.640276,2.8149812,-1.5749633,1.161713,-5.5669675
2773,2026-05-11 16:18:37.008222,2.5890536,2.640276,2.8149812,-1.5749633,1.161713,-5.5669675
2774,2026-05-11 16:18:37.010970,2.5890536,2.640276,2.8149812,-1.5749633,1.161713,-5.5669675
2775,2026-05-11 16:18:37.013682,2.5890536,2.640276,2.8149812,-1.5749633,1.161713,-5.5669675
2776,2026-05-11 16:18:37.016465,2.291841,2.1521988,3.5983198,-1.5749633,1.161713,-5.5669675
2777,2026-05-11 16:18:37.019194,2.291841,2.1521988,3.5983198,-1.5749633,1.161713,-5.5669675
2778,2026-05-11 16:18:37.022241,2.291841,2.1521988,3.5983198,-1.5749633,1.161713,-5.5669675
2779,2026-05-11 16:18:37.025254,2.1135988,1.6841227,3.7516212,0.31490102,0.57696223,-5.7464094
2780,2026-05-11 16:18:37.028000,2.1135988,1.6841227,3.7516212,2.8921416,-0.29061913,-5.88981
2781,2026-05-11 16:18:37.030777,2.1135988,1.6841227,3.7516212,2.8921416,-0.29061913,-5.88981
2782,2026-05-11 16:18:37.033434,2.1135988,1.6841227,3.7516212,2.8921416,-0.29061913,-5.88981
2783,2026-05-11 16:18:37.036419,2.1135988,1.6841227,3.7516212,2.8921416,-0.29061913,-5.88981
2784,2026-05-11 16:18:37.039336,1.9674318,1.1873864,3.3470857,2.8921416,-0.29061913,-5.88981
2785,2026-05-11 16:18:37.042160,1.9674318,1.1873864,3.3470857,5.1505103,-0.72586066,-6.011983
2786,2026-05-11 16:18:37.044816,1.9674318,1.1873864,3.3470857,5.1505103,-0.72586066,-6.011983
2787,2026-05-11 16:18:37.047598,1.9674318,1.1873864,3.3470857,5.1505103,-0.72586066,-6.011983
2788,2026-05-11 16:18:37.050321,1.9674318,1.1873864,3.3470857,5.1505103,-0.72586066,-6.011983
2789,2026-05-11 16:18:37.052980,1.9674318,1.1873864,3.3470857,5.1505103,-0.72586066,-6.011983
2790,2026-05-11 16:18:37.056151,1.9674318,1.1873864,3.3470857,5.1505103,-0.72586066,-6.011983
2791,2026-05-11 16:18:37.059016,1.8962692,0.79791236,2.754734,5.1505103,-0.72586066,-6.011983
2792,2026-05-11 16:18:37.061754,1.8962692,0.79791236,2.754734,5.1505103,-0.72586066,-6.011983
2793,2026-05-11 16:18:37.064504,1.8962692,0.79791236,2.754734,5.1505103,-0.72586066,-6.011983
2794,2026-05-11 16:18:37.067160,1.8962692,0.79791236,2.754734,6.570772,-0.73456544,-6.0753603
2795,2026-05-11 16:18:37.070082,1.8962692,0.79791236,2.754734,6.570772,-0.73456544,-6.0753603
2796,2026-05-11 16:18:37.072914,1.8962692,0.79791236,2.754734,6.570772,-0.73456544,-6.0753603
2797,2026-05-11 16:18:37.075640,1.8962692,0.79791236,2.754734,6.570772,-0.73456544,-6.0753603
2798,2026-05-11 16:18:37.078372,1.8962692,0.79791236,2.754734,7.173085,-0.73823065,-6.168212
2799,2026-05-11 16:18:37.080987,1.8962692,0.79791236,2.754734,7.173085,-0.73823065,-6.168212
2800,2026-05-11 16:18:37.083566,1.8962692,0.79791236,2.754734,7.173085,-0.73823065,-6.168212
2801,2026-05-11 16:18:37.086351,1.7919338,0.48490632,2.3527591,7.173085,-0.73823065,-6.168212
2802,2026-05-11 16:18:37.089351,1.7919338,0.48490632,2.3527591,7.173085,-0.73823065,-6.168212
2803,2026-05-11 16:18:37.092170,1.7919338,0.48490632,2.3527591,7.173085,-0.73823065,-6.168212
2804,2026-05-11 16:18:37.094891,1.7919338,0.48490632,2.3527591,7.173085,-0.73823065,-6.168212
2805,2026-05-11 16:18:37.097541,1.7919338,0.48490632,2.3527591,7.173085,-0.73823065,-6.168212
2806,2026-05-11 16:18:37.100212,1.7919338,0.48490632,2.3527591,7.173085,-0.73823065,-6.168212
2807,2026-05-11 16:18:37.102976,1.7919338,0.48490632,2.3527591,7.173085,-0.73823065,-6.168212
2808,2026-05-11 16:18:37.106016,1.7919338,0.48490632,2.3527591,7.173085,-0.73823065,-6.168212
2809,2026-05-11 16:18:37.108807,1.7919338,0.48490632,2.3527591,7.173085,-0.73823065,-6.168212
2810,2026-05-11 16:18:37.111417,1.7919338,0.48490632,2.3527591,7.173085,-0.73823065,-6.168212
2811,2026-05-11 16:18:37.114292,1.7919338,0.48490632,2.3527591,7.173085,-0.73823065,-6.168212
2812,2026-05-11 16:18:37.117066,1.6142405,-0.18623038,1.8945618,7.5681624,-0.7696902,-6.1973805
2813,2026-05-11 16:18:37.119801,1.6142405,-0.18623038,1.8945618,7.885659,-1.1476631,-6.211583
2814,2026-05-11 16:18:37.122777,1.5993006,-0.29282197,1.8518764,8.012567,-1.396438,-6.222884
2815,2026-05-11 16:18:37.125473,1.5993006,-0.29282197,1.8518764,8.012567,-1.396438,-6.222884
2816,2026-05-11 16:18:37.128225,1.5993006,-0.29282197,1.8518764,8.012567,-1.396438,-6.222884
2817,2026-05-11 16:18:37.130840,1.5993006,-0.29282197,1.8518764,8.012567,-1.396438,-6.222884
2818,2026-05-11 16:18:37.133566,1.5993006,-0.29282197,1.8518764,8.012567,-1.396438,-6.222884
2819,2026-05-11 16:18:37.136158,1.5993006,-0.29282197,1.8518764,8.012567,-1.396438,-6.222884
2820,2026-05-11 16:18:37.139410,1.5993006,-0.29282197,1.8518764,8.012567,-1.396438,-6.222884
2821,2026-05-11 16:18:37.169241,1.601435,-0.5617401,1.6047888,8.012567,-1.396438,-6.222884
2822,2026-05-11 16:18:37.177786,1.6669874,-0.60857207,1.5557615,7.9146757,-2.9743028,-6.4165287
2823,2026-05-11 16:18:37.181486,1.6669874,-0.60857207,1.5557615,7.9146757,-2.9743028,-6.4165287
2824,2026-05-11 16:18:37.184430,1.6669874,-0.60857207,1.5557615,7.9146757,-2.9743028,-6.4165287
2825,2026-05-11 16:18:37.187279,1.6669874,-0.60857207,1.5557615,7.9146757,-2.9743028,-6.4165287
2826,2026-05-11 16:18:37.190250,1.6669874,-0.60857207,1.5557615,7.9146757,-2.9743028,-6.4165287
2827,2026-05-11 16:18:37.192924,1.6669874,-0.60857207,1.5557615,7.9146757,-2.9743028,-6.4165287
2828,2026-05-11 16:18:37.195682,1.6669874,-0.60857207,1.5557615,7.4776015,-3.4020612,-6.5358
2829,2026-05-11 16:18:37.198580,1.7065021,-0.62753665,1.7657129,7.4776015,-3.4020612,-6.5358
2830,2026-05-11 16:18:37.201206,1.7065021,-0.62753665,1.7657129,7.4776015,-3.4020612,-6.5358
2831,2026-05-11 16:18:37.204390,1.7065021,-0.62753665,1.7657129,7.061144,-3.6247218,-6.6312475
2832,2026-05-11 16:18:37.207165,1.7065021,-0.62753665,1.7657129,7.061144,-3.6247218,-6.6312475
2833,2026-05-11 16:18:37.209871,1.7065021,-0.62753665,1.7657129,7.061144,-3.6247218,-6.6312475
2834,2026-05-11 16:18:37.212563,1.9074893,-0.5780215,2.1989696,5.7355666,-3.1038063,-7.051981
2835,2026-05-11 16:18:37.215251,1.9074893,-0.5780215,2.1989696,5.7355666,-3.1038063,-7.051981
2836,2026-05-11 16:18:37.217947,1.9074893,-0.5780215,2.1989696,5.7355666,-3.1038063,-7.051981
2837,2026-05-11 16:18:37.220915,1.9074893,-0.5780215,2.1989696,5.7355666,-3.1038063,-7.051981
2838,2026-05-11 16:18:37.223712,1.9074893,-0.5780215,2.1989696,5.7355666,-3.1038063,-7.051981
2839,2026-05-11 16:18:37.226560,1.9719443,-0.40697494,2.5764918,4.7171016,-1.9103284,-7.078401
2840,2026-05-11 16:18:37.229251,1.9719443,-0.40697494,2.5764918,4.7171016,-1.9103284,-7.078401
2841,2026-05-11 16:18:37.231981,1.9719443,-0.40697494,2.5764918,4.7171016,-1.9103284,-7.078401
2842,2026-05-11 16:18:37.234689,1.9719443,-0.40697494,2.5764918,4.7171016,-1.9103284,-7.078401
2843,2026-05-11 16:18:37.237581,2.0935369,-0.36727753,2.9573069,4.7171016,-1.9103284,-7.078401
2844,2026-05-11 16:18:37.240504,2.0935369,-0.36727753,2.9573069,4.7171016,-1.9103284,-7.078401
2845,2026-05-11 16:18:37.243227,2.0935369,-0.36727753,2.9573069,4.6418123,-1.7907515,-6.985397
2846,2026-05-11 16:18:37.245922,2.0935369,-0.36727753,2.9573069,4.6418123,-1.7907515,-6.985397
2847,2026-05-11 16:18:37.248553,2.0935369,-0.36727753,2.9573069,4.6418123,-1.7907515,-6.985397
2848,2026-05-11 16:18:37.251230,2.0935369,-0.36727753,2.9573069,4.6418123,-1.7907515,-6.985397
2849,2026-05-11 16:18:37.254395,2.0935369,-0.36727753,2.9573069,4.6418123,-1.7907515,-6.985397
2850,2026-05-11 16:18:37.257491,2.1528087,-0.36038688,3.0700572,4.7624583,-1.8420641,-6.992269
2851,2026-05-11 16:18:37.260205,2.1528087,-0.36038688,3.0700572,4.7624583,-1.8420641,-6.992269
2852,2026-05-11 16:18:37.262962,2.213239,-0.37398523,3.1189625,5.3948565,-1.7583756,-7.1100135
2853,2026-05-11 16:18:37.265837,2.2226298,-0.4170365,2.8588862,5.776189,-1.2493721,-7.175376
2854,2026-05-11 16:18:37.268623,2.2226298,-0.4170365,2.8588862,5.776189,-1.2493721,-7.175376
2855,2026-05-11 16:18:37.271559,2.2226298,-0.4170365,2.8588862,5.776189,-1.2493721,-7.175376
2856,2026-05-11 16:18:37.274353,2.2226298,-0.4170365,2.8588862,5.8971405,-0.9957104,-7.1854553
2857,2026-05-11 16:18:37.277011,2.1211603,-0.45173368,2.6280801,5.8971405,-0.9957104,-7.1854553
2858,2026-05-11 16:18:37.279836,2.1211603,-0.45173368,2.6280801,5.8971405,-0.9957104,-7.1854553
2859,2026-05-11 16:18:37.282655,2.1211603,-0.45173368,2.6280801,5.8971405,-0.9957104,-7.1854553
2860,2026-05-11 16:18:37.285424,2.1211603,-0.45173368,2.6280801,5.8971405,-0.9957104,-7.1854553
2861,2026-05-11 16:18:37.288495,2.1211603,-0.45173368,2.6280801,5.8971405,-0.9957104,-7.1854553
2862,2026-05-11 16:18:37.291240,1.8862077,-0.51417637,2.3202572,6.0457335,-0.7620544,-7.113831
2863,2026-05-11 16:18:37.293818,1.8862077,-0.51417637,2.3202572,6.0457335,-0.7620544,-7.113831
2864,2026-05-11 16:18:37.296537,1.8862077,-0.51417637,2.3202572,6.1092634,-0.7461719,-6.9965453
2865,2026-05-11 16:18:37.299259,1.8862077,-0.51417637,2.3202572,6.1092634,-0.7461719,-6.9965453
2866,2026-05-11 16:18:37.301979,1.7465653,-0.55186146,2.1511621,6.1092634,-0.7461719,-6.9965453
2867,2026-05-11 16:18:37.305017,1.7465653,-0.55186146,2.1511621,6.1092634,-0.7461719,-6.9965453
2868,2026-05-11 16:18:37.307741,1.7465653,-0.55186146,2.1511621,6.1092634,-0.7461719,-6.9965453
2869,2026-05-11 16:18:37.310351,1.4895991,-0.6332077,1.8753533,6.1092634,-0.7461719,-6.9965453
2870,2026-05-11 16:18:37.312997,1.4895991,-0.6332077,1.8753533,6.1092634,-0.7461719,-6.9965453
2871,2026-05-11 16:18:37.315564,1.4895991,-0.6332077,1.8753533,6.1092634,-0.7461719,-6.9965453
2872,2026-05-11 16:18:37.318117,1.4895991,-0.6332077,1.8753533,6.1092634,-0.7461719,-6.9965453
2873,2026-05-11 16:18:37.320952,1.4895991,-0.6332077,1.8753533,6.1092634,-0.7461719,-6.9965453
2874,2026-05-11 16:18:37.323636,1.4895991,-0.6332077,1.8753533,6.1092634,-0.7461719,-6.9965453
2875,2026-05-11 16:18:37.326240,1.4895991,-0.6332077,1.8753533,6.1092634,-0.7461719,-6.9965453
2876,2026-05-11 16:18:37.328899,1.3412977,-0.74864125,1.6597309,6.4062967,-0.92057395,-6.324746
2877,2026-05-11 16:18:37.331462,1.3412977,-0.74864125,1.6597309,6.4062967,-0.92057395,-6.324746
2878,2026-05-11 16:18:37.334046,1.3412977,-0.74864125,1.6597309,6.4062967,-0.92057395,-6.324746
2879,2026-05-11 16:18:37.336802,1.2655616,-0.9288347,1.3171501,6.5764227,-1.0348058,-6.0391665
2880,2026-05-11 16:18:37.339831,1.2655616,-0.9288347,1.3171501,6.5764227,-1.0348058,-6.0391665
2881,2026-05-11 16:18:37.342455,1.2655616,-0.9288347,1.3171501,6.5764227,-1.0348058,-6.0391665
2882,2026-05-11 16:18:37.345201,1.2655616,-0.9288347,1.3171501,6.5764227,-1.0348058,-6.0391665
2883,2026-05-11 16:18:37.347874,1.211595,-1.2214128,1.0912222,6.6561403,-1.0285443,-5.914703
2884,2026-05-11 16:18:37.350630,1.211595,-1.2214128,1.0912222,6.6561403,-1.0285443,-5.914703
2885,2026-05-11 16:18:37.353330,1.211595,-1.2214128,1.0912222,6.6561403,-1.0285443,-5.914703
2886,2026-05-11 16:18:37.356598,1.211595,-1.2214128,1.0912222,6.6561403,-1.0285443,-5.914703
2887,2026-05-11 16:18:37.359224,1.211595,-1.2214128,1.0912222,6.6561403,-1.0285443,-5.914703
2888,2026-05-11 16:18:37.362102,1.211595,-1.2214128,1.0912222,6.6561403,-1.0285443,-5.914703
2889,2026-05-11 16:18:37.364934,1.0068271,-1.5827752,0.89029586,6.6561403,-1.0285443,-5.914703
2890,2026-05-11 16:18:37.367861,0.41740242,-2.2896457,0.6056451,6.7793827,-1.0250319,-5.9137864
2891,2026-05-11 16:18:37.370653,0.41740242,-2.2896457,0.6056451,7.082677,-1.0784826,-5.7280836
2892,2026-05-11 16:18:37.373793,0.41740242,-2.2896457,0.6056451,7.082677,-1.0784826,-5.7280836
2893,2026-05-11 16:18:37.376395,0.41740242,-2.2896457,0.6056451,7.082677,-1.0784826,-5.7280836
2894,2026-05-11 16:18:37.379279,-0.52582335,-3.3194008,-0.04549046,7.355428,-1.2209669,-5.2537465
2895,2026-05-11 16:18:37.382136,-0.52582335,-3.3194008,-0.04549046,7.355428,-1.2209669,-5.2537465
2896,2026-05-11 16:18:37.384875,-0.9629831,-3.7299738,-0.4013039,7.2569265,-1.5201381,-3.8203511
2897,2026-05-11 16:18:37.387795,-0.9629831,-3.7299738,-0.4013039,7.2569265,-1.5201381,-3.8203511
2898,2026-05-11 16:18:37.390797,-0.9629831,-3.7299738,-0.4013039,7.2569265,-1.5201381,-3.8203511
2899,2026-05-11 16:18:37.393493,-0.9629831,-3.7299738,-0.4013039,7.2569265,-1.5201381,-3.8203511
2900,2026-05-11 16:18:37.396144,-0.9629831,-3.7299738,-0.4013039,7.2569265,-1.5201381,-3.8203511
2901,2026-05-11 16:18:37.399000,-0.9629831,-3.7299738,-0.4013039,7.2569265,-1.5201381,-3.8203511
2902,2026-05-11 16:18:37.401784,-0.9629831,-3.7299738,-0.4013039,7.2569265,-1.5201381,-3.8203511
2903,2026-05-11 16:18:37.404923,-0.9629831,-3.7299738,-0.4013039,7.2569265,-1.5201381,-3.8203511
2904,2026-05-11 16:18:37.407707,-0.9629831,-3.7299738,-0.4013039,7.2569265,-1.5201381,-3.8203511
2905,2026-05-11 16:18:37.410470,-0.9629831,-3.7299738,-0.4013039,7.2569265,-1.5201381,-3.8203511
2906,2026-05-11 16:18:37.413229,-1.0875634,-3.901508,-0.73577464,6.9704304,-1.721571,-3.1267138
2907,2026-05-11 16:18:37.415911,-1.0875634,-3.901508,-0.73577464,6.9704304,-1.721571,-3.1267138
2908,2026-05-11 16:18:37.418510,-1.0875634,-3.901508,-0.73577464,6.9704304,-1.721571,-3.1267138
2909,2026-05-11 16:18:37.421484,-1.0875634,-3.901508,-0.73577464,6.9704304,-1.721571,-3.1267138
2910,2026-05-11 16:18:37.424205,-1.0875634,-3.901508,-0.73577464,6.9704304,-1.721571,-3.1267138
2911,2026-05-11 16:18:37.427143,-1.0875634,-3.901508,-0.73577464,4.847979,-1.890628,-1.413084
2912,2026-05-11 16:18:37.429806,-1.0875634,-3.901508,-0.73577464,4.847979,-1.890628,-1.413084
2913,2026-05-11 16:18:37.432526,-1.0875634,-3.901508,-0.73577464,4.847979,-1.890628,-1.413084
2914,2026-05-11 16:18:37.435310,-1.0875634,-3.901508,-0.73577464,4.847979,-1.890628,-1.413084
2915,2026-05-11 16:18:37.438338,-0.5435683,-3.9351077,-1.9722492,1.7466165,-1.3788756,-0.4549419
2916,2026-05-11 16:18:37.441125,-0.5435683,-3.9351077,-1.9722492,1.7466165,-1.3788756,-0.4549419
2917,2026-05-11 16:18:37.443823,-0.19799936,-3.861079,-1.8022393,1.7466165,-1.3788756,-0.4549419
2918,2026-05-11 16:18:37.446484,-0.19799936,-3.861079,-1.8022393,-1.2179126,-0.41493022,-0.07284568
2919,2026-05-11 16:18:37.449399,-0.19799936,-3.861079,-1.8022393,-1.2179126,-0.41493022,-0.07284568
2920,2026-05-11 16:18:37.452125,-0.19799936,-3.861079,-1.8022393,-1.2179126,-0.41493022,-0.07284568
2921,2026-05-11 16:18:37.455365,-0.19799936,-3.861079,-1.8022393,-1.2179126,-0.41493022,-0.07284568
2922,2026-05-11 16:18:37.458148,-0.19799936,-3.861079,-1.8022393,-1.2179126,-0.41493022,-0.07284568
2923,2026-05-11 16:18:37.460937,-0.19799936,-3.861079,-1.8022393,-1.2179126,-0.41493022,-0.07284568
2924,2026-05-11 16:18:37.463630,-0.19799936,-3.861079,-1.8022393,-1.2179126,-0.41493022,-0.07284568
2925,2026-05-11 16:18:37.466335,-0.31123766,-3.9087646,-1.1338466,-1.2179126,-0.41493022,-0.07284568
2926,2026-05-11 16:18:37.469092,-0.31123766,-3.9087646,-1.1338466,-1.2179126,-0.41493022,-0.07284568
2927,2026-05-11 16:18:37.472024,-0.31123766,-3.9087646,-1.1338466,-1.2179126,-0.41493022,-0.07284568
2928,2026-05-11 16:18:37.474902,-0.31123766,-3.9087646,-1.1338466,-1.2179126,-0.41493022,-0.07284568
2929,2026-05-11 16:18:37.477560,-0.31123766,-3.9087646,-1.1338466,-1.2179126,-0.41493022,-0.07284568
2930,2026-05-11 16:18:37.480284,-0.31123766,-3.9087646,-1.1338466,-4.467563,1.0627528,0.11209377
2931,2026-05-11 16:18:37.482981,-0.31123766,-3.9087646,-1.1338466,-6.1501913,2.0659463,0.3013093
2932,2026-05-11 16:18:37.485799,-0.31123766,-3.9087646,-1.1338466,-6.1501913,2.0659463,0.3013093
2933,2026-05-11 16:18:37.488818,-0.31123766,-3.9087646,-1.1338466,-6.1501913,2.0659463,0.3013093
2934,2026-05-11 16:18:37.491492,-0.31123766,-3.9087646,-1.1338466,-6.1501913,2.0659463,0.3013093
2935,2026-05-11 16:18:37.494157,-0.31123766,-3.9087646,-1.1338466,-6.1501913,2.0659463,0.3013093
2936,2026-05-11 16:18:37.496934,-0.5413121,-4.0340767,-0.37368035,-6.1501913,2.0659463,0.3013093
2937,2026-05-11 16:18:37.499597,-0.5413121,-4.0340767,-0.37368035,-6.1501913,2.0659463,0.3013093
2938,2026-05-11 16:18:37.502377,-0.5413121,-4.0340767,-0.37368035,-6.1501913,2.0659463,0.3013093
2939,2026-05-11 16:18:37.505433,-0.5413121,-4.0340767,-0.37368035,-6.1501913,2.0659463,0.3013093
2940,2026-05-11 16:18:37.508455,-0.8258409,-4.0298085,0.5195425,-6.1501913,2.0659463,0.3013093
2941,2026-05-11 16:18:37.511242,-0.8258409,-4.0298085,0.5195425,-6.1501913,2.0659463,0.3013093
2942,2026-05-11 16:18:37.514110,-0.8258409,-4.0298085,0.5195425,-6.5420613,2.4953845,0.7716755
2943,2026-05-11 16:18:37.516787,-0.8258409,-4.0298085,0.5195425,-6.5420613,2.4953845,0.7716755
2944,2026-05-11 16:18:37.519439,-0.8258409,-4.0298085,0.5195425,-6.5420613,2.4953845,0.7716755
2945,2026-05-11 16:18:37.522954,-1.021706,-3.907179,0.98310614,-5.80154,2.2461514,1.3429873
2946,2026-05-11 16:18:37.526106,-0.9970704,-3.5797212,1.4538654,-4.2636867,1.6131424,2.2627976
2947,2026-05-11 16:18:37.528777,-0.9970704,-3.5797212,1.4538654,-4.2636867,1.6131424,2.2627976
2948,2026-05-11 16:18:37.531510,-0.9970704,-3.5797212,1.4538654,-4.2636867,1.6131424,2.2627976
2949,2026-05-11 16:18:37.534254,-0.72613996,-3.1443908,1.5311259,-2.6137397,1.054048,3.0709722
2950,2026-05-11 16:18:37.537387,-0.72613996,-3.1443908,1.5311259,-2.6137397,1.054048,3.0709722
2951,2026-05-11 16:18:37.540328,-0.72613996,-3.1443908,1.5311259,-2.6137397,1.054048,3.0709722
2952,2026-05-11 16:18:37.543107,-0.72613996,-3.1443908,1.5311259,-2.6137397,1.054048,3.0709722
2953,2026-05-11 16:18:37.545917,-0.49624845,-2.4787421,0.93109095,-1.7655532,1.0546589,3.612657
2954,2026-05-11 16:18:37.548608,-0.49624845,-2.4787421,0.93109095,-1.5212072,1.459357,4.2120686
2955,2026-05-11 16:18:37.551211,-0.49624845,-2.4787421,0.93109095,-1.5212072,1.459357,4.2120686
2956,2026-05-11 16:18:37.554242,-0.61942637,-1.8507787,0.45905116,-3.3673947,2.7178922,5.5045066
2957,2026-05-11 16:18:37.557303,-0.58546096,-1.674305,0.50155365,-4.565607,3.0524936,6.2674775
2958,2026-05-11 16:18:37.559956,-0.58546096,-1.674305,0.50155365,-4.565607,3.0524936,6.2674775
2959,2026-05-11 16:18:37.562715,-0.58546096,-1.674305,0.50155365,-4.565607,3.0524936,6.2674775
2960,2026-05-11 16:18:37.565493,-0.58546096,-1.674305,0.50155365,-4.565607,3.0524936,6.2674775
2961,2026-05-11 16:18:37.568418,-0.58546096,-1.674305,0.50155365,-4.565607,3.0524936,6.2674775
2962,2026-05-11 16:18:37.571729,-0.58546096,-1.674305,0.50155365,-4.565607,3.0524936,6.2674775
2963,2026-05-11 16:18:37.574596,-0.58546096,-1.674305,0.50155365,-4.565607,3.0524936,6.2674775
2964,2026-05-11 16:18:37.577395,-0.58546096,-1.674305,0.50155365,-4.565607,3.0524936,6.2674775
2965,2026-05-11 16:18:37.580056,-0.58546096,-1.674305,0.50155365,-4.565607,3.0524936,6.2674775
2966,2026-05-11 16:18:37.582691,-0.58546096,-1.674305,0.50155365,-4.565607,3.0524936,6.2674775
2967,2026-05-11 16:18:37.585346,-0.58546096,-1.674305,0.50155365,-4.565607,3.0524936,6.2674775
2968,2026-05-11 16:18:37.588448,-0.58546096,-1.674305,0.50155365,-4.565607,3.0524936,6.2674775
2969,2026-05-11 16:18:37.591255,-0.58546096,-1.674305,0.50155365,-6.051689,3.0644054,7.2929673
2970,2026-05-11 16:18:37.594057,0.4463675,-1.2304376,0.9201756,-6.051689,3.0644054,7.2929673
2971,2026-05-11 16:18:37.596729,-0.26184455,-1.4204488,0.6121089,-6.051689,3.0644054,7.2929673
2972,2026-05-11 16:18:37.599362,-0.26184455,-1.4204488,0.6121089,-6.051689,3.0644054,7.2929673
2973,2026-05-11 16:18:37.602197,-0.26184455,-1.4204488,0.6121089,-6.051689,3.0644054,7.2929673
2974,2026-05-11 16:18:37.605217,-0.26184455,-1.4204488,0.6121089,-7.4948583,2.7000244,7.9798856
2975,2026-05-11 16:18:37.608046,-0.26184455,-1.4204488,0.6121089,-7.4948583,2.7000244,7.9798856
2976,2026-05-11 16:18:37.610684,-0.26184455,-1.4204488,0.6121089,-7.4948583,2.7000244,7.9798856
2977,2026-05-11 16:18:37.613263,-0.26184455,-1.4204488,0.6121089,-7.4948583,2.7000244,7.9798856
2978,2026-05-11 16:18:37.616155,0.8668798,-1.1154919,1.1714709,-8.272796,2.5011878,8.116414
2979,2026-05-11 16:18:37.619063,0.8668798,-1.1154919,1.1714709,-8.272796,2.5011878,8.116414
2980,2026-05-11 16:18:37.622055,0.8668798,-1.1154919,1.1714709,-8.272796,2.5011878,8.116414
2981,2026-05-11 16:18:37.624838,0.8668798,-1.1154919,1.1714709,-8.272796,2.5011878,8.116414
2982,2026-05-11 16:18:37.627661,0.8668798,-1.1154919,1.1714709,-8.272796,2.5011878,8.116414
2983,2026-05-11 16:18:37.630483,0.8668798,-1.1154919,1.1714709,-8.272796,2.5011878,8.116414
2984,2026-05-11 16:18:37.633257,2.259949,-0.32947046,2.739489,-9.612728,2.4596488,8.054106
2985,2026-05-11 16:18:37.635982,2.259949,-0.32947046,2.739489,-9.612728,2.4596488,8.054106
2986,2026-05-11 16:18:37.638979,2.259949,-0.32947046,2.739489,-9.612728,2.4596488,8.054106
2987,2026-05-11 16:18:37.641750,2.259949,-0.32947046,2.739489,-10.329884,2.2782218,7.664221
2988,2026-05-11 16:18:37.644394,2.259949,-0.32947046,2.739489,-10.329884,2.2782218,7.664221
2989,2026-05-11 16:18:37.647143,2.259949,-0.32947046,2.739489,-10.329884,2.2782218,7.664221
2990,2026-05-11 16:18:37.649771,2.259949,-0.32947046,2.739489,-10.329884,2.2782218,7.664221
2991,2026-05-11 16:18:37.652641,2.259949,-0.32947046,2.739489,-10.329884,2.2782218,7.664221
2992,2026-05-11 16:18:37.655851,2.259949,-0.32947046,2.739489,-10.247417,2.1288655,7.275405
2993,2026-05-11 16:18:37.658497,2.259949,-0.32947046,2.739489,-10.247417,2.1288655,7.275405
2994,2026-05-11 16:18:37.661310,2.6982062,-0.024696562,3.720644,-10.247417,2.1288655,7.275405
2995,2026-05-11 16:18:37.664012,2.6982062,-0.024696562,3.720644,-10.247417,2.1288655,7.275405
2996,2026-05-11 16:18:37.666896,2.6907668,0.17525412,4.3482413,-10.247417,2.1288655,7.275405
2997,2026-05-11 16:18:37.669579,2.6907668,0.17525412,4.3482413,-10.247417,2.1288655,7.275405
2998,2026-05-11 16:18:37.672508,2.6907668,0.17525412,4.3482413,-10.247417,2.1288655,7.275405
2999,2026-05-11 16:18:37.675261,2.6907668,0.17525412,4.3482413,-9.727723,2.3167064,6.906137
3000,2026-05-11 16:18:37.677979,2.444655,0.33483663,4.821379,-9.727723,2.3167064,6.906137
3001,2026-05-11 16:18:37.680721,2.444655,0.33483663,4.821379,-9.727723,2.3167064,6.906137
3002,2026-05-11 16:18:37.683329,2.444655,0.33483663,4.821379,-9.727723,2.3167064,6.906137
3003,2026-05-11 16:18:37.686020,2.444655,0.33483663,4.821379,-9.727723,2.3167064,6.906137
3004,2026-05-11 16:18:37.688897,2.444655,0.33483663,4.821379,-9.727723,2.3167064,6.906137
3005,2026-05-11 16:18:37.691847,2.444655,0.33483663,4.821379,-8.2845545,3.0068314,6.6802697
3006,2026-05-11 16:18:37.694527,2.444655,0.33483663,4.821379,-8.2845545,3.0068314,6.6802697
3007,2026-05-11 16:18:37.697294,2.1501865,0.6159506,5.0858455,-6.7900724,3.128852,6.6637764
3008,2026-05-11 16:18:37.699946,2.1501865,0.6159506,5.0858455,-6.7900724,3.128852,6.6637764
3009,2026-05-11 16:18:37.702576,2.1501865,0.6159506,5.0858455,-4.7729955,2.8877127,6.6254444
3010,2026-05-11 16:18:37.705818,2.1501865,0.6159506,5.0858455,-4.7729955,2.8877127,6.6254444
3011,2026-05-11 16:18:37.708651,2.1501865,0.6159506,5.0858455,-4.7729955,2.8877127,6.6254444
3012,2026-05-11 16:18:37.711451,2.0799384,0.87877077,4.5872188,-3.2641585,2.7444649,6.44249
3013,2026-05-11 16:18:37.714282,2.0799384,0.87877077,4.5872188,-3.2641585,2.7444649,6.44249
3014,2026-05-11 16:18:37.716983,2.0799384,0.87877077,4.5872188,-3.2641585,2.7444649,6.44249
3015,2026-05-11 16:18:37.719951,2.031887,1.0443293,3.7807693,-3.2641585,2.7444649,6.44249
3016,2026-05-11 16:18:37.722884,2.031887,1.0443293,3.7807693,-3.2641585,2.7444649,6.44249
3017,2026-05-11 16:18:37.725553,2.031887,1.0443293,3.7807693,-3.2641585,2.7444649,6.44249
3018,2026-05-11 16:18:37.728260,2.031887,1.0443293,3.7807693,-3.2641585,2.7444649,6.44249
3019,2026-05-11 16:18:37.731110,2.031887,1.0443293,3.7807693,-3.2641585,2.7444649,6.44249
3020,2026-05-11 16:18:37.733797,2.031887,1.0443293,3.7807693,-3.2641585,2.7444649,6.44249
3021,2026-05-11 16:18:37.736469,2.031887,1.0443293,3.7807693,-3.2641585,2.7444649,6.44249
3022,2026-05-11 16:18:37.739692,1.9557849,1.0848193,3.123292,-3.2641585,2.7444649,6.44249
3023,2026-05-11 16:18:37.742386,1.9557849,1.0848193,3.123292,-3.2641585,2.7444649,6.44249
3024,2026-05-11 16:18:37.745052,1.9557849,1.0848193,3.123292,-3.2641585,2.7444649,6.44249
3025,2026-05-11 16:18:37.747758,1.9557849,1.0848193,3.123292,-2.605951,2.870914,6.2519
3026,2026-05-11 16:18:37.750351,1.9557849,1.0848193,3.123292,-2.605951,2.870914,6.2519
3027,2026-05-11 16:18:37.753603,1.9557849,1.0848193,3.123292,-2.605951,2.870914,6.2519
3028,2026-05-11 16:18:37.756435,1.9557849,1.0848193,3.123292,-2.605951,2.870914,6.2519
3029,2026-05-11 16:18:37.759168,1.9557849,1.0848193,3.123292,-2.605951,2.870914,6.2519
3030,2026-05-11 16:18:37.761944,1.9557849,1.0848193,3.123292,-2.605951,2.870914,6.2519
3031,2026-05-11 16:18:37.764591,1.9557849,1.0848193,3.123292,-2.362674,3.1009047,6.0326
3032,2026-05-11 16:18:37.767228,1.9557849,1.0848193,3.123292,-2.362674,3.1009047,6.0326
3033,2026-05-11 16:18:37.769862,1.9557849,1.0848193,3.123292,-2.362674,3.1009047,6.0326
3034,2026-05-11 16:18:37.772985,1.9557849,1.0848193,3.123292,-2.362674,3.1009047,6.0326
3035,2026-05-11 16:18:37.775875,1.9386497,1.085917,2.5151467,-2.362674,3.1009047,6.0326
3036,2026-05-11 16:18:37.778565,1.9386497,1.085917,2.5151467,-2.362674,3.1009047,6.0326
3037,2026-05-11 16:18:37.781283,1.9917016,1.0873805,1.7091241,-2.362674,3.1009047,6.0326
3038,2026-05-11 16:18:37.784013,1.9917016,1.0873805,1.7091241,-2.598926,3.4396296,5.4916787
3039,2026-05-11 16:18:37.786897,1.9917016,1.0873805,1.7091241,-2.598926,3.4396296,5.4916787
3040,2026-05-11 16:18:37.789884,1.9917016,1.0873805,1.7091241,-2.598926,3.4396296,5.4916787
3041,2026-05-11 16:18:37.792506,1.9917016,1.0873805,1.7091241,-2.598926,3.4396296,5.4916787
3042,2026-05-11 16:18:37.795369,1.9953604,1.0854901,1.5961907,-2.6957483,3.5025487,5.3692
3043,2026-05-11 16:18:37.798095,1.9953604,1.0854901,1.5961907,-4.5007024,4.1129556,4.0197988
3044,2026-05-11 16:18:37.800899,1.4508163,0.83023137,0.8031566,-4.5007024,4.1129556,4.0197988
3045,2026-05-11 16:18:37.804137,1.4508163,0.83023137,0.8031566,-4.5007024,4.1129556,4.0197988
3046,2026-05-11 16:18:37.807123,1.1273218,0.6161335,0.62015814,-4.5007024,4.1129556,4.0197988
3047,2026-05-11 16:18:37.809935,1.1273218,0.6161335,0.62015814,-4.5007024,4.1129556,4.0197988
3048,2026-05-11 16:18:37.812645,1.1273218,0.6161335,0.62015814,-4.5007024,4.1129556,4.0197988
3049,2026-05-11 16:18:37.815275,1.1273218,0.6161335,0.62015814,-4.5007024,4.1129556,4.0197988
3050,2026-05-11 16:18:37.818084,1.1273218,0.6161335,0.62015814,-4.5007024,4.1129556,4.0197988
3051,2026-05-11 16:18:37.821003,1.1273218,0.6161335,0.62015814,-4.7812424,3.8136318,3.9159517
3052,2026-05-11 16:18:37.824051,1.1273218,0.6161335,0.62015814,-4.7812424,3.8136318,3.9159517
3053,2026-05-11 16:18:37.826731,1.0078027,0.5345434,0.3886812,-4.7812424,3.8136318,3.9159517
3054,2026-05-11 16:18:37.829341,1.0078027,0.5345434,0.3886812,-4.7812424,3.8136318,3.9159517
3055,2026-05-11 16:18:37.832173,1.0078027,0.5345434,0.3886812,-4.871345,3.2143729,3.9127445
3056,2026-05-11 16:18:37.834849,0.9448112,0.5286284,0.005793021,-4.871345,3.2143729,3.9127445
3057,2026-05-11 16:18:37.837830,0.9448112,0.5286284,0.005793021,-4.871345,3.2143729,3.9127445
3058,2026-05-11 16:18:37.840843,0.9448112,0.5286284,0.005793021,-5.066364,2.6166413,4.051411
3059,2026-05-11 16:18:37.843543,1.1331758,0.63119537,-0.23666015,-5.066364,2.6166413,4.051411
3060,2026-05-11 16:18:37.846214,1.1331758,0.63119537,-0.23666015,-5.066364,2.6166413,4.051411
3061,2026-05-11 16:18:37.848893,1.1331758,0.63119537,-0.23666015,-5.066364,2.6166413,4.051411
3062,2026-05-11 16:18:37.851513,1.1331758,0.63119537,-0.23666015,-5.066364,2.6166413,4.051411
3063,2026-05-11 16:18:37.854641,1.1331758,0.63119537,-0.23666015,-5.4713674,1.9561433,4.221537
3064,2026-05-11 16:18:37.857716,1.1331758,0.63119537,-0.23666015,-5.4713674,1.9561433,4.221537
3065,2026-05-11 16:18:37.860480,1.1331758,0.63119537,-0.23666015,-5.4713674,1.9561433,4.221537
3066,2026-05-11 16:18:37.863093,1.1331758,0.63119537,-0.23666015,-5.4713674,1.9561433,4.221537
3067,2026-05-11 16:18:37.865928,1.1331758,0.63119537,-0.23666015,-5.4713674,1.9561433,4.221537
3068,2026-05-11 16:18:37.868519,1.1331758,0.63119537,-0.23666015,-5.4713674,1.9561433,4.221537
3069,2026-05-11 16:18:37.871769,1.1331758,0.63119537,-0.23666015,-5.9579215,1.2586879,4.279264
3070,2026-05-11 16:18:37.874894,1.4172778,0.79760754,-0.3445933,-5.9579215,1.2586879,4.279264
3071,2026-05-11 16:18:37.877731,1.4172778,0.79760754,-0.3445933,-5.9579215,1.2586879,4.279264
3072,2026-05-11 16:18:37.880520,1.4172778,0.79760754,-0.3445933,-5.9579215,1.2586879,4.279264
3073,2026-05-11 16:18:37.883133,1.4172778,0.79760754,-0.3445933,-5.9579215,1.2586879,4.279264
3074,2026-05-11 16:18:37.885837,1.9182216,1.0806118,-0.73864067,-6.4434066,0.9398162,4.1549525
3075,2026-05-11 16:18:37.888973,1.9182216,1.0806118,-0.73864067,-6.4434066,0.9398162,4.1549525
3076,2026-05-11 16:18:37.891847,1.9182216,1.0806118,-0.73864067,-7.463399,0.8098546,3.7942367
3077,2026-05-11 16:18:37.894561,1.9182216,1.0806118,-0.73864067,-7.463399,0.8098546,3.7942367
3078,2026-05-11 16:18:37.897154,1.9182216,1.0806118,-0.73864067,-7.463399,0.8098546,3.7942367
3079,2026-05-11 16:18:37.899823,1.9182216,1.0806118,-0.73864067,-7.463399,0.8098546,3.7942367
3080,2026-05-11 16:18:37.902390,1.9182216,1.0806118,-0.73864067,-7.463399,0.8098546,3.7942367
3081,2026-05-11 16:18:37.905442,1.9182216,1.0806118,-0.73864067,-7.463399,0.8098546,3.7942367
3082,2026-05-11 16:18:37.908177,1.9182216,1.0806118,-0.73864067,-7.463399,0.8098546,3.7942367
3083,2026-05-11 16:18:37.910926,1.9792618,1.0729895,-0.75254387,-9.287901,0.9625709,3.4136677
3084,2026-05-11 16:18:37.913730,1.9792618,1.0729895,-0.75254387,-9.287901,0.9625709,3.4136677
3085,2026-05-11 16:18:37.916470,1.9792618,1.0729895,-0.75254387,-9.287901,0.9625709,3.4136677
3086,2026-05-11 16:18:37.919197,1.9371252,0.9719469,-0.22519606,-9.287901,0.9625709,3.4136677
3087,2026-05-11 16:18:37.922259,1.9371252,0.9719469,-0.22519606,-9.287901,0.9625709,3.4136677
3088,2026-05-11 16:18:37.925050,1.9371252,0.9719469,-0.22519606,-10.400287,1.0317514,3.3202052
3089,2026-05-11 16:18:37.927652,1.9371252,0.9719469,-0.22519606,-10.400287,1.0317514,3.3202052
3090,2026-05-11 16:18:37.930560,1.9285882,1.0215839,0.7135782,-10.909442,0.82970774,3.428023
3091,2026-05-11 16:18:37.933420,1.9285882,1.0215839,0.7135782,-10.909442,0.82970774,3.428023
3092,2026-05-11 16:18:37.936114,1.9285882,1.0215839,0.7135782,-10.909442,0.82970774,3.428023
3093,2026-05-11 16:18:37.939148,1.9285882,1.0215839,0.7135782,-10.909442,0.82970774,3.428023
3094,2026-05-11 16:18:37.942004,1.9285882,1.0215839,0.7135782,-10.909442,0.82970774,3.428023
3095,2026-05-11 16:18:37.944675,1.9285882,1.0215839,0.7135782,-10.909442,0.82970774,3.428023
3096,2026-05-11 16:18:37.947280,1.9285882,1.0215839,0.7135782,-10.909442,0.82970774,3.428023
3097,2026-05-11 16:18:37.950085,2.244704,1.191289,1.3778853,-10.909442,0.82970774,3.428023
3098,2026-05-11 16:18:37.952785,2.244704,1.191289,1.3778853,-10.909442,0.82970774,3.428023
3099,2026-05-11 16:18:37.956007,2.244704,1.191289,1.3778853,-10.909442,0.82970774,3.428023
3100,2026-05-11 16:18:37.958803,2.244704,1.191289,1.3778853,-10.909442,0.82970774,3.428023
3101,2026-05-11 16:18:37.961414,2.244704,1.191289,1.3778853,-10.909442,0.82970774,3.428023
3102,2026-05-11 16:18:37.964256,2.244704,1.191289,1.3778853,-10.909442,0.82970774,3.428023
3103,2026-05-11 16:18:37.966881,2.244704,1.191289,1.3778853,-10.909442,0.82970774,3.428023
3104,2026-05-11 16:18:37.969509,2.244704,1.191289,1.3778853,-10.50001,0.26847526,3.5999815
3105,2026-05-11 16:18:37.972642,2.244704,1.191289,1.3778853,-10.50001,0.26847526,3.5999815
3106,2026-05-11 16:18:37.975542,2.9118161,1.5458219,2.1225019,-10.50001,0.26847526,3.5999815
3107,2026-05-11 16:18:37.978259,2.9118161,1.5458219,2.1225019,-10.50001,0.26847526,3.5999815
3108,2026-05-11 16:18:37.980867,2.9118161,1.5458219,2.1225019,-10.50001,0.26847526,3.5999815
3109,2026-05-11 16:18:37.983701,2.9118161,1.5458219,2.1225019,-10.50001,0.26847526,3.5999815
3110,2026-05-11 16:18:37.986356,2.9118161,1.5458219,2.1225019,-10.50001,0.26847526,3.5999815
3111,2026-05-11 16:18:37.989619,2.9118161,1.5458219,2.1225019,-9.35922,-0.6114761,3.6071594
3112,2026-05-11 16:18:37.992332,2.9118161,1.5458219,2.1225019,-9.35922,-0.6114761,3.6071594
3113,2026-05-11 16:18:37.995030,2.9118161,1.5458219,2.1225019,-9.35922,-0.6114761,3.6071594
3114,2026-05-11 16:18:37.997818,3.343488,2.0042632,2.7452211,-9.35922,-0.6114761,3.6071594
3115,2026-05-11 16:18:38.000435,3.343488,2.0042632,2.7452211,-9.35922,-0.6114761,3.6071594
3116,2026-05-11 16:18:38.003210,3.343488,2.0042632,2.7452211,-9.35922,-0.6114761,3.6071594
3117,2026-05-11 16:18:38.006146,3.343488,2.0042632,2.7452211,-9.35922,-0.6114761,3.6071594
3118,2026-05-11 16:18:38.009040,3.343488,2.0042632,2.7452211,-9.35922,-0.6114761,3.6071594
3119,2026-05-11 16:18:38.011717,3.343488,2.0042632,2.7452211,-9.35922,-0.6114761,3.6071594
3120,2026-05-11 16:18:38.014398,3.343488,2.0042632,2.7452211,-7.9076505,-1.1430815,3.5023959
3121,2026-05-11 16:18:38.017144,3.567769,2.5050242,3.1418297,-7.9076505,-1.1430815,3.5023959
3122,2026-05-11 16:18:38.019997,3.567769,2.5050242,3.1418297,-6.5281644,-1.2038627,3.49644
3123,2026-05-11 16:18:38.022939,3.567769,2.5050242,3.1418297,-6.5281644,-1.2038627,3.49644
3124,2026-05-11 16:18:38.025617,3.567769,2.5050242,3.1418297,-6.5281644,-1.2038627,3.49644
3125,2026-05-11 16:18:38.028204,3.567769,2.5050242,3.1418297,-6.5281644,-1.2038627,3.49644
3126,2026-05-11 16:18:38.030988,3.5892947,2.906267,3.6668603,-6.5281644,-1.2038627,3.49644
3127,2026-05-11 16:18:38.033610,3.5892947,2.906267,3.6668603,-5.32873,-1.1798862,3.4588718
3128,2026-05-11 16:18:38.036376,3.5892947,2.906267,3.6668603,-5.32873,-1.1798862,3.4588718
3129,2026-05-11 16:18:38.039573,3.5892947,2.906267,3.6668603,-5.32873,-1.1798862,3.4588718
3130,2026-05-11 16:18:38.042345,3.5892947,2.906267,3.6668603,-5.32873,-1.1798862,3.4588718
3131,2026-05-11 16:18:38.045079,3.5892947,2.906267,3.6668603,-5.32873,-1.1798862,3.4588718
3132,2026-05-11 16:18:38.047886,3.5892947,2.906267,3.6668603,-5.32873,-1.1798862,3.4588718
3133,2026-05-11 16:18:38.050507,3.6857638,3.3361704,4.2686634,-5.32873,-1.1798862,3.4588718
3134,2026-05-11 16:18:38.053492,4.144754,3.992367,4.4173307,-5.32873,-1.1798862,3.4588718
3135,2026-05-11 16:18:38.056554,4.144754,3.992367,4.4173307,-3.5611916,-1.1571314,3.3954945
3136,2026-05-11 16:18:38.059293,4.144754,3.992367,4.4173307,0.05100725,-1.8171713,2.8513663
3137,2026-05-11 16:18:38.062004,4.144754,3.992367,4.4173307,0.05100725,-1.8171713,2.8513663
3138,2026-05-11 16:18:38.064679,4.144754,3.992367,4.4173307,0.05100725,-1.8171713,2.8513663
3139,2026-05-11 16:18:38.067289,4.144754,3.992367,4.4173307,0.05100725,-1.8171713,2.8513663
3140,2026-05-11 16:18:38.070116,4.144754,3.992367,4.4173307,0.05100725,-1.8171713,2.8513663
3141,2026-05-11 16:18:38.073191,4.144754,3.992367,4.4173307,0.05100725,-1.8171713,2.8513663
3142,2026-05-11 16:18:38.075925,4.487457,4.1522546,3.9006546,0.05100725,-1.8171713,2.8513663
3143,2026-05-11 16:18:38.078621,4.487457,4.1522546,3.9006546,0.05100725,-1.8171713,2.8513663
3144,2026-05-11 16:18:38.081297,4.487457,4.1522546,3.9006546,0.05100725,-1.8171713,2.8513663
3145,2026-05-11 16:18:38.083921,4.487457,4.1522546,3.9006546,0.05100725,-1.8171713,2.8513663
3146,2026-05-11 16:18:38.086485,4.487457,4.1522546,3.9006546,0.05100725,-1.8171713,2.8513663
3147,2026-05-11 16:18:38.089796,4.487457,4.1522546,3.9006546,2.795014,-2.6487117,1.7518088
3148,2026-05-11 16:18:38.092538,4.4090986,4.1457295,3.3740382,4.2626176,-2.7792842,0.73746705
3149,2026-05-11 16:18:38.095250,4.4090986,4.1457295,3.3740382,4.2626176,-2.7792842,0.73746705
3150,2026-05-11 16:18:38.097929,4.4090986,4.1457295,3.3740382,4.2626176,-2.7792842,0.73746705
3151,2026-05-11 16:18:38.100552,4.4090986,4.1457295,3.3740382,4.2626176,-2.7792842,0.73746705
3152,2026-05-11 16:18:38.103139,4.4090986,4.1457295,3.3740382,4.2626176,-2.7792842,0.73746705
3153,2026-05-11 16:18:38.106355,4.4090986,4.1457295,3.3740382,4.2626176,-2.7792842,0.73746705
3154,2026-05-11 16:18:38.109314,4.4090986,4.1457295,3.3740382,4.2626176,-2.7792842,0.73746705
3155,2026-05-11 16:18:38.112033,4.4090986,4.1457295,3.3740382,4.2626176,-2.7792842,0.73746705
3156,2026-05-11 16:18:38.115055,4.1338387,3.9763293,2.7891872,4.2626176,-2.7792842,0.73746705
3157,2026-05-11 16:18:38.117770,4.1338387,3.9763293,2.7891872,4.2626176,-2.7792842,0.73746705
3158,2026-05-11 16:18:38.120780,4.1338387,3.9763293,2.7891872,4.2626176,-2.7792842,0.73746705
3159,2026-05-11 16:18:38.123864,4.1338387,3.9763293,2.7891872,5.3501105,-2.5298984,-0.33948836
3160,2026-05-11 16:18:38.126720,4.1338387,3.9763293,2.7891872,5.3501105,-2.5298984,-0.33948836
3161,2026-05-11 16:18:38.129463,3.980598,3.8647988,2.1884813,5.7033434,-2.490803,-1.0201449
3162,2026-05-11 16:18:38.132104,3.980598,3.8647988,2.1884813,5.7033434,-2.490803,-1.0201449
3163,2026-05-11 16:18:38.134830,3.9205337,3.822601,1.3414807,4.884326,-2.5262332,-1.934763
3164,2026-05-11 16:18:38.137807,3.9205337,3.822601,1.3414807,4.884326,-2.5262332,-1.934763
3165,2026-05-11 16:18:38.140769,3.9205337,3.822601,1.3414807,4.884326,-2.5262332,-1.934763
3166,2026-05-11 16:18:38.143491,3.7955875,3.775098,0.7419945,0.70509124,-1.2991576,-3.532023
3167,2026-05-11 16:18:38.146344,3.5263643,3.4953868,0.74260426,0.70509124,-1.2991576,-3.532023
3168,2026-05-11 16:18:38.149028,3.5263643,3.4953868,0.74260426,0.70509124,-1.2991576,-3.532023
3169,2026-05-11 16:18:38.151855,2.5510635,2.4356909,2.4194705,-2.026851,1.129948,-4.702899
3170,2026-05-11 16:18:38.154959,2.5510635,2.4356909,2.4194705,-0.6114761,1.2032518,-4.999474
3171,2026-05-11 16:18:38.157889,2.0417044,1.9412109,3.3474514,-0.6114761,1.2032518,-4.999474
3172,2026-05-11 16:18:38.160666,1.853401,0.9837769,3.7506456,4.020715,0.52671856,-5.2746687
3173,2026-05-11 16:18:38.163316,1.853401,0.9837769,3.7506456,4.020715,0.52671856,-5.2746687
3174,2026-05-11 16:18:38.166020,1.853401,0.9837769,3.7506456,4.020715,0.52671856,-5.2746687
3175,2026-05-11 16:18:38.168623,1.853401,0.9837769,3.7506456,4.020715,0.52671856,-5.2746687
3176,2026-05-11 16:18:38.171806,1.853401,0.9837769,3.7506456,4.020715,0.52671856,-5.2746687
3177,2026-05-11 16:18:38.174617,1.853401,0.9837769,3.7506456,4.020715,0.52671856,-5.2746687
3178,2026-05-11 16:18:38.177382,1.7754084,0.5986935,3.3792827,5.978691,0.3472769,-5.5028267
3179,2026-05-11 16:18:38.180027,1.7754084,0.5986935,3.3792827,5.978691,0.3472769,-5.5028267
3180,2026-05-11 16:18:38.182866,1.6629629,0.13421515,2.714,7.793113,0.12767084,-5.7555723
3181,2026-05-11 16:18:38.185807,1.6282657,-0.14622805,2.1683583,7.793113,0.12767084,-5.7555723
3182,2026-05-11 16:18:38.188815,1.6282657,-0.14622805,2.1683583,7.793113,0.12767084,-5.7555723
3183,2026-05-11 16:18:38.191577,1.6282657,-0.14622805,2.1683583,7.793113,0.12767084,-5.7555723
3184,2026-05-11 16:18:38.194332,1.6282657,-0.14622805,2.1683583,8.806691,-0.11866058,-5.9298215
3185,2026-05-11 16:18:38.197208,1.6282657,-0.14622805,2.1683583,8.806691,-0.11866058,-5.9298215
3186,2026-05-11 16:18:38.199909,1.6039351,-0.43167153,1.5389313,9.126174,-0.43386704,-6.12652
3187,2026-05-11 16:18:38.202680,1.6039351,-0.43167153,1.5389313,9.126174,-0.43386704,-6.12652
3188,2026-05-11 16:18:38.205819,1.6039351,-0.43167153,1.5389313,9.126174,-0.43386704,-6.12652
3189,2026-05-11 16:18:38.208488,1.6039351,-0.43167153,1.5389313,9.126174,-0.43386704,-6.12652
3190,2026-05-11 16:18:38.211177,1.6039351,-0.43167153,1.5389313,9.126174,-0.43386704,-6.12652
3191,2026-05-11 16:18:38.213985,1.5606399,-0.53057975,1.2326329,9.126174,-0.43386704,-6.12652
3192,2026-05-11 16:18:38.216703,1.5606399,-0.53057975,1.2326329,9.126174,-0.43386704,-6.12652
3193,2026-05-11 16:18:38.219323,1.5606399,-0.53057975,1.2326329,8.98766,-0.75900006,-6.306573
3194,2026-05-11 16:18:38.222369,1.5606399,-0.53057975,1.2326329,8.98766,-0.75900006,-6.306573
3195,2026-05-11 16:18:38.225254,1.5606399,-0.53057975,1.2326329,8.98766,-0.75900006,-6.306573
3196,2026-05-11 16:18:38.228042,1.5606399,-0.53057975,1.2326329,8.98766,-0.75900006,-6.306573
3197,2026-05-11 16:18:38.230849,1.4946604,-0.5928395,1.1412861,8.98766,-0.75900006,-6.306573
3198,2026-05-11 16:18:38.233648,1.4946604,-0.5928395,1.1412861,8.834639,-0.8761335,-6.354984
3199,2026-05-11 16:18:38.236264,1.4946604,-0.5928395,1.1412861,8.834639,-0.8761335,-6.354984
3200,2026-05-11 16:18:38.239414,1.355506,-0.6173531,0.9712152,8.834639,-0.8761335,-6.354984
3201,2026-05-11 16:18:38.242259,1.355506,-0.6173531,0.9712152,8.834639,-0.8761335,-6.354984
3202,2026-05-11 16:18:38.244975,1.355506,-0.6173531,0.9712152,8.834639,-0.8761335,-6.354984
3203,2026-05-11 16:18:38.247742,1.355506,-0.6173531,0.9712152,7.9797325,-1.2924381,-6.320623
3204,2026-05-11 16:18:38.250416,1.355506,-0.6173531,0.9712152,7.9797325,-1.2924381,-6.320623
3205,2026-05-11 16:18:38.253357,1.3590428,-0.56594765,1.1184189,7.352985,-1.6723963,-6.2071543
3206,2026-05-11 16:18:38.256282,1.3590428,-0.56594765,1.1184189,7.124063,-1.9744692,-6.1827197
3207,2026-05-11 16:18:38.259183,1.4541702,-0.5354581,1.3276994,7.124063,-1.9744692,-6.1827197
3208,2026-05-11 16:18:38.261845,1.750407,-0.45777062,1.5243572,7.124063,-1.9744692,-6.1827197
3209,2026-05-11 16:18:38.264428,1.750407,-0.45777062,1.5243572,7.124063,-1.9744692,-6.1827197
3210,2026-05-11 16:18:38.267208,1.750407,-0.45777062,1.5243572,6.838178,-2.641992,-6.3035183
3211,2026-05-11 16:18:38.270061,1.9175508,-0.4364279,1.6171066,6.838178,-2.641992,-6.3035183
3212,2026-05-11 16:18:38.297984,1.9175508,-0.4364279,1.6171066,6.838178,-2.641992,-6.3035183
3213,2026-05-11 16:18:38.301399,1.9175508,-0.4364279,1.6171066,6.558402,-3.0143147,-6.655835
3214,2026-05-11 16:18:38.310603,1.6232654,-0.28501663,2.4459355,4.9953504,-1.7273742,-6.329786
3215,2026-05-11 16:18:38.313673,1.6739391,-0.35575247,2.2819014,4.9953504,-1.7273742,-6.329786
3216,2026-05-11 16:18:38.316656,1.6739391,-0.35575247,2.2819014,5.7861156,-2.0702224,-6.414085
3217,2026-05-11 16:18:38.319335,1.6739391,-0.35575247,2.2819014,5.7861156,-2.0702224,-6.414085
3218,2026-05-11 16:18:38.322260,1.6739391,-0.35575247,2.2819014,5.7861156,-2.0702224,-6.414085
3219,2026-05-11 16:18:38.325038,1.6739391,-0.35575247,2.2819014,5.7861156,-2.0702224,-6.414085
3220,2026-05-11 16:18:38.328060,1.6739391,-0.35575247,2.2819014,5.7861156,-2.0702224,-6.414085
3221,2026-05-11 16:18:38.330795,1.5767384,-0.4170975,1.9210266,5.7861156,-2.0702224,-6.414085
3222,2026-05-11 16:18:38.333445,1.5767384,-0.4170975,1.9210266,6.6335382,-2.7678304,-6.5400763
3223,2026-05-11 16:18:38.336324,1.4191072,-0.49374834,1.516125,6.6335382,-2.7678304,-6.5400763
3224,2026-05-11 16:18:38.339427,1.4191072,-0.49374834,1.516125,6.7977085,-3.0569224,-6.5823784
3225,2026-05-11 16:18:38.342239,1.4191072,-0.49374834,1.516125,6.7977085,-3.0569224,-6.5823784
3226,2026-05-11 16:18:38.345025,1.4191072,-0.49374834,1.516125,6.7977085,-3.0569224,-6.5823784
3227,2026-05-11 16:18:38.347943,1.1695803,-0.58814406,1.1784225,6.6242228,-3.0567696,-6.558707
3228,2026-05-11 16:18:38.350658,0.9710933,-0.7075413,0.95676315,6.6242228,-3.0567696,-6.558707
3229,2026-05-11 16:18:38.353481,0.9710933,-0.7075413,0.95676315,6.202726,-2.7116308,-6.3798766
3230,2026-05-11 16:18:38.356735,0.9710933,-0.7075413,0.95676315,6.202726,-2.7116308,-6.3798766
3231,2026-05-11 16:18:38.359642,0.7657154,-0.9344448,0.7469948,6.202726,-2.7116308,-6.3798766
3232,2026-05-11 16:18:38.362350,0.7657154,-0.9344448,0.7469948,6.202726,-2.7116308,-6.3798766
3233,2026-05-11 16:18:38.365333,0.7657154,-0.9344448,0.7469948,5.556583,-2.0172298,-5.9234076
3234,2026-05-11 16:18:38.368105,0.09756667,-1.5671645,0.08439517,5.117982,-2.1027508,-5.520389
3235,2026-05-11 16:18:38.371281,0.09756667,-1.5671645,0.08439517,5.117982,-2.1027508,-5.520389
3236,2026-05-11 16:18:38.374251,0.09756667,-1.5671645,0.08439517,5.117982,-2.1027508,-5.520389
3237,2026-05-11 16:18:38.377178,0.09756667,-1.5671645,0.08439517,5.117982,-2.1027508,-5.520389
3238,2026-05-11 16:18:38.379972,0.09756667,-1.5671645,0.08439517,5.117982,-2.1027508,-5.520389
3239,2026-05-11 16:18:38.382877,-0.23873344,-1.8606575,-0.022440333,5.117982,-2.1027508,-5.520389
3240,2026-05-11 16:18:38.385593,-0.23873344,-1.8606575,-0.022440333,5.117982,-2.1027508,-5.520389
3241,2026-05-11 16:18:38.388561,-0.23873344,-1.8606575,-0.022440333,5.117982,-2.1027508,-5.520389
3242,2026-05-11 16:18:38.391392,-0.23873344,-1.8606575,-0.022440333,4.541936,-2.5271494,-5.0152035
3243,2026-05-11 16:18:38.394121,-0.23873344,-1.8606575,-0.022440333,4.541936,-2.5271494,-5.0152035
3244,2026-05-11 16:18:38.397030,-0.23873344,-1.8606575,-0.022440333,4.541936,-2.5271494,-5.0152035
3245,2026-05-11 16:18:38.399808,-0.39240095,-2.1367712,0.02201348,4.128533,-3.2896621,-4.5297184
3246,2026-05-11 16:18:38.402441,-0.39240095,-2.1367712,0.02201348,4.128533,-3.2896621,-4.5297184
3247,2026-05-11 16:18:38.405433,-0.39240095,-2.1367712,0.02201348,4.128533,-3.2896621,-4.5297184
3248,2026-05-11 16:18:38.408301,-0.40240154,-2.4639244,0.008902958,4.128533,-3.2896621,-4.5297184
3249,2026-05-11 16:18:38.411080,-0.40240154,-2.4639244,0.008902958,4.128533,-3.2896621,-4.5297184
3250,2026-05-11 16:18:38.413763,-0.40240154,-2.4639244,0.008902958,4.128533,-3.2896621,-4.5297184
3251,2026-05-11 16:18:38.416447,-0.40240154,-2.4639244,0.008902958,3.7140608,-3.6885571,-4.1993933
3252,2026-05-11 16:18:38.419241,-0.40240154,-2.4639244,0.008902958,3.7140608,-3.6885571,-4.1993933
3253,2026-05-11 16:18:38.422138,-0.40240154,-2.4639244,0.008902958,3.7140608,-3.6885571,-4.1993933
3254,2026-05-11 16:18:38.425113,-0.50216347,-2.9179752,-0.03164819,2.6868908,-3.1874948,-3.6696203
3255,2026-05-11 16:18:38.427776,-0.50216347,-2.9179752,-0.03164819,2.6868908,-3.1874948,-3.6696203
3256,2026-05-11 16:18:38.430388,-0.50216347,-2.9179752,-0.03164819,2.6868908,-3.1874948,-3.6696203
3257,2026-05-11 16:18:38.433228,-0.5932663,-3.0815823,-0.047075916,2.4646885,-2.9917126,-3.537826
3258,2026-05-11 16:18:38.436165,-0.5932663,-3.0815823,-0.047075916,2.4646885,-2.9917126,-3.537826
3259,2026-05-11 16:18:38.439122,-0.5932663,-3.0815823,-0.047075916,2.4646885,-2.9917126,-3.537826
3260,2026-05-11 16:18:38.441804,-0.5932663,-3.0815823,-0.047075916,2.4646885,-2.9917126,-3.537826
3261,2026-05-11 16:18:38.444572,-0.5932663,-3.0815823,-0.047075916,2.4646885,-2.9917126,-3.537826
3262,2026-05-11 16:18:38.447303,-0.5932663,-3.0815823,-0.047075916,2.4646885,-2.9917126,-3.537826
3263,2026-05-11 16:18:38.450057,-0.5932663,-3.0815823,-0.047075916,2.4646885,-2.9917126,-3.537826
3264,2026-05-11 16:18:38.452848,-0.5932663,-3.0815823,-0.047075916,2.4646885,-2.9917126,-3.537826
3265,2026-05-11 16:18:38.455866,-0.5932663,-3.0815823,-0.047075916,2.4646885,-2.9917126,-3.537826
3266,2026-05-11 16:18:38.458830,-0.5932663,-3.0815823,-0.047075916,2.4646885,-2.9917126,-3.537826
3267,2026-05-11 16:18:38.461484,-0.5932663,-3.0815823,-0.047075916,2.4646885,-2.9917126,-3.537826
3268,2026-05-11 16:18:38.464307,-0.9331032,-3.5442312,-0.088114895,2.4646885,-2.9917126,-3.537826
3269,2026-05-11 16:18:38.467009,-0.9331032,-3.5442312,-0.088114895,0.11453723,-0.18005253,-1.55847
3270,2026-05-11 16:18:38.469828,-0.9331032,-3.5442312,-0.088114895,0.11453723,-0.18005253,-1.55847
3271,2026-05-11 16:18:38.472959,-0.9331032,-3.5442312,-0.088114895,0.11453723,-0.18005253,-1.55847
3272,2026-05-11 16:18:38.475803,-0.9331032,-3.5442312,-0.088114895,0.11453723,-0.18005253,-1.55847
3273,2026-05-11 16:18:38.478550,-0.9331032,-3.5442312,-0.088114895,0.11453723,-0.18005253,-1.55847
3274,2026-05-11 16:18:38.481236,-0.9331032,-3.5442312,-0.088114895,0.11453723,-0.18005253,-1.55847
3275,2026-05-11 16:18:38.483889,-0.7603492,-3.6650312,-0.026221042,0.11453723,-0.18005253,-1.55847
3276,2026-05-11 16:18:38.486598,-0.7603492,-3.6650312,-0.026221042,0.11453723,-0.18005253,-1.55847
3277,2026-05-11 16:18:38.489936,-0.7603492,-3.6650312,-0.026221042,-1.6604844,1.7777706,0.18280143
3278,2026-05-11 16:18:38.492580,-0.7603492,-3.6650312,-0.026221042,-1.6604844,1.7777706,0.18280143
3279,2026-05-11 16:18:38.495329,-0.7603492,-3.6650312,-0.026221042,-1.6604844,1.7777706,0.18280143
3280,2026-05-11 16:18:38.498138,-0.62259734,-3.6613724,0.10464026,-2.5819747,3.0586023,0.9839512
3281,2026-05-11 16:18:38.500901,-0.62259734,-3.6613724,0.10464026,-2.5819747,3.0586023,0.9839512
3282,2026-05-11 16:18:38.503893,-1.0174373,-3.4383712,0.08024859,-2.9399416,3.7528505,1.8634444
3283,2026-05-11 16:18:38.507038,-1.0174373,-3.4383712,0.08024859,-2.9399416,3.7528505,1.8634444
3284,2026-05-11 16:18:38.509765,-1.1481158,-3.3064733,0.011951917,-2.9399416,3.7528505,1.8634444
3285,2026-05-11 16:18:38.512585,-1.1481158,-3.3064733,0.011951917,-2.9399416,3.7528505,1.8634444
3286,2026-05-11 16:18:38.515327,-1.1481158,-3.3064733,0.011951917,-3.0407345,3.6905425,2.654515
3287,2026-05-11 16:18:38.518070,-1.1378103,-3.1695752,-0.054759294,-3.0407345,3.6905425,2.654515
3288,2026-05-11 16:18:38.521112,-1.1378103,-3.1695752,-0.054759294,-3.0407345,3.6905425,2.654515
3289,2026-05-11 16:18:38.524040,-1.1378103,-3.1695752,-0.054759294,-3.0407345,3.6905425,2.654515
3290,2026-05-11 16:18:38.526759,-1.1378103,-3.1695752,-0.054759294,-3.0407345,3.6905425,2.654515
3291,2026-05-11 16:18:38.529527,-1.1378103,-3.1695752,-0.054759294,-3.0407345,3.6905425,2.654515
3292,2026-05-11 16:18:38.532311,-1.1378103,-3.1695752,-0.054759294,-3.0407345,3.6905425,2.654515
3293,2026-05-11 16:18:38.534943,-1.1378103,-3.1695752,-0.054759294,-3.155119,3.451694,3.520722
3294,2026-05-11 16:18:38.538104,-1.1378103,-3.1695752,-0.054759294,-3.155119,3.451694,3.520722
3295,2026-05-11 16:18:38.540889,-1.1378103,-3.1695752,-0.054759294,-3.155119,3.451694,3.520722
3296,2026-05-11 16:18:38.543747,-1.1378103,-3.1695752,-0.054759294,-3.155119,3.451694,3.520722
3297,2026-05-11 16:18:38.546537,-1.030304,-3.006151,-0.17311986,-3.5121698,3.277292,4.545601
3298,2026-05-11 16:18:38.549290,-1.030304,-3.006151,-0.17311986,-3.5121698,3.277292,4.545601
3299,2026-05-11 16:18:38.551964,-0.91456556,-2.8874855,-0.21385394,-3.5121698,3.277292,4.545601
3300,2026-05-11 16:18:38.554954,-0.91456556,-2.8874855,-0.21385394,-4.0570617,3.2375858,5.2925363
3301,2026-05-11 16:18:38.557767,-0.91456556,-2.8874855,-0.21385394,-4.0570617,3.2375858,5.2925363
3302,2026-05-11 16:18:38.560506,-0.91456556,-2.8874855,-0.21385394,-4.8145347,3.2533157,5.9621973
3303,2026-05-11 16:18:38.563361,-0.7029678,-2.7091825,-0.18720604,-4.8145347,3.2533157,5.9621973
3304,2026-05-11 16:18:38.565992,-0.7029678,-2.7091825,-0.18720604,-4.8145347,3.2533157,5.9621973
3305,2026-05-11 16:18:38.568623,-0.7029678,-2.7091825,-0.18720604,-4.8145347,3.2533157,5.9621973
3306,2026-05-11 16:18:38.571687,-0.22976951,-2.596249,0.07543123,-7.4160566,3.7591121,7.3429055
3307,2026-05-11 16:18:38.574620,-0.22976951,-2.596249,0.07543123,-7.4160566,3.7591121,7.3429055
3308,2026-05-11 16:18:38.577365,-0.22976951,-2.596249,0.07543123,-7.4160566,3.7591121,7.3429055
3309,2026-05-11 16:18:38.580130,0.6905281,-2.461973,0.67930794,-9.41603,3.6654968,8.318305
3310,2026-05-11 16:18:38.582975,0.6905281,-2.461973,0.67930794,-9.41603,3.6654968,8.318305
3311,2026-05-11 16:18:38.586125,1.355506,-2.359528,1.1578724,-11.594986,2.2661574,9.416793
3312,2026-05-11 16:18:38.589170,1.355506,-2.359528,1.1578724,-11.594986,2.2661574,9.416793
3313,2026-05-11 16:18:38.592122,2.6188114,-2.0595713,2.3891637,-11.594986,2.2661574,9.416793
3314,2026-05-11 16:18:38.594964,2.7674785,-1.8741337,2.8576057,-11.254581,0.48395798,8.525388
3315,2026-05-11 16:18:38.597852,2.6536915,-1.6194848,3.2604952,-10.302547,0.15989397,8.0903
3316,2026-05-11 16:18:38.600569,2.6480205,-1.3459932,3.758756,-10.302547,0.15989397,8.0903
3317,2026-05-11 16:18:38.603643,2.652167,-1.1628118,4.0290155,-7.695833,-0.86330533,7.8403025
3318,2026-05-11 16:18:38.606689,2.652167,-1.1628118,4.0290155,-7.695833,-0.86330533,7.8403025
3319,2026-05-11 16:18:38.609488,2.652167,-1.1628118,4.0290155,-7.695833,-0.86330533,7.8403025
3320,2026-05-11 16:18:38.612192,2.652167,-1.1628118,4.0290155,-7.695833,-0.86330533,7.8403025
3321,2026-05-11 16:18:38.614934,2.6600332,-0.44856274,2.9949307,-3.6282341,-1.8768835,7.8803144
3322,2026-05-11 16:18:38.617614,2.6600332,-0.44856274,2.9949307,-3.6282341,-1.8768835,7.8803144
3323,2026-05-11 16:18:38.620413,2.6600332,-0.44856274,2.9949307,-3.6282341,-1.8768835,7.8803144
3324,2026-05-11 16:18:38.623260,2.6600332,-0.44856274,2.9949307,-3.6282341,-1.8768835,7.8803144
3325,2026-05-11 16:18:38.625849,2.6600332,-0.44856274,2.9949307,-3.6282341,-1.8768835,7.8803144
3326,2026-05-11 16:18:38.628476,2.7771742,-0.27647954,2.5045974,-3.6282341,-1.8768835,7.8803144
3327,2026-05-11 16:18:38.631149,2.7771742,-0.27647954,2.5045974,-4.4904704,-0.16920967,7.710952
3328,2026-05-11 16:18:38.633724,3.035543,-0.03506302,2.367516,-4.4904704,-0.16920967,7.710952
3329,2026-05-11 16:18:38.636717,3.035543,-0.03506302,2.367516,-4.4904704,-0.16920967,7.710952
3330,2026-05-11 16:18:38.639525,3.035543,-0.03506302,2.367516,-4.4904704,-0.16920967,7.710952
3331,2026-05-11 16:18:38.642242,3.035543,-0.03506302,2.367516,-4.4904704,-0.16920967,7.710952
3332,2026-05-11 16:18:38.644904,3.035543,-0.03506302,2.367516,-4.4904704,-0.16920967,7.710952
3333,2026-05-11 16:18:38.647502,3.035543,-0.03506302,2.367516,-4.4904704,-0.16920967,7.710952
3334,2026-05-11 16:18:38.650208,2.9991384,0.0024391667,2.4814253,-4.4904704,-0.16920967,7.710952
3335,2026-05-11 16:18:38.653208,2.9991384,0.0024391667,2.4814253,-4.824919,0.35537085,7.426136
3336,2026-05-11 16:18:38.656015,2.9991384,0.0024391667,2.4814253,-4.824919,0.35537085,7.426136
3337,2026-05-11 16:18:38.658619,2.6295435,-0.01536675,2.5724063,-4.824919,0.35537085,7.426136
3338,2026-05-11 16:18:38.661432,2.6295435,-0.01536675,2.5724063,-4.963891,1.1695015,6.8543663
3339,2026-05-11 16:18:38.664132,2.6295435,-0.01536675,2.5724063,-4.963891,1.1695015,6.8543663
3340,2026-05-11 16:18:38.666767,2.6295435,-0.01536675,2.5724063,-4.963891,1.1695015,6.8543663
3341,2026-05-11 16:18:38.669526,2.6295435,-0.01536675,2.5724063,-4.963891,1.1695015,6.8543663
3342,2026-05-11 16:18:38.672557,2.6295435,-0.01536675,2.5724063,-4.963891,1.1695015,6.8543663
3343,2026-05-11 16:18:38.675276,2.2728765,-0.022928167,2.3338556,-4.963891,1.1695015,6.8543663
3344,2026-05-11 16:18:38.678000,2.2728765,-0.022928167,2.3338556,-4.963891,1.1695015,6.8543663
3345,2026-05-11 16:18:38.680700,2.2728765,-0.022928167,2.3338556,-4.801248,1.5758796,6.5270953
3346,2026-05-11 16:18:38.683462,1.9648097,-0.0515274,2.0009704,-4.801248,1.5758796,6.5270953
3347,2026-05-11 16:18:38.686780,1.9648097,-0.0515274,2.0009704,-4.801248,1.5758796,6.5270953
3348,2026-05-11 16:18:38.689801,1.9648097,-0.0515274,2.0009704,-4.667621,1.7322611,6.391483
3349,2026-05-11 16:18:38.692561,1.9648097,-0.0515274,2.0009704,-4.667621,1.7322611,6.391483
3350,2026-05-11 16:18:38.695399,1.9648097,-0.0515274,2.0009704,-4.667621,1.7322611,6.391483
3351,2026-05-11 16:18:38.698207,1.9648097,-0.0515274,2.0009704,-4.667621,1.7322611,6.391483
3352,2026-05-11 16:18:38.700942,1.9648097,-0.0515274,2.0009704,-4.522541,1.6216946,6.370561
3353,2026-05-11 16:18:38.703802,1.8656577,-0.056283772,1.815106,-4.522541,1.6216946,6.370561
3354,2026-05-11 16:18:38.706885,1.8656577,-0.056283772,1.815106,-4.522541,1.6216946,6.370561
3355,2026-05-11 16:18:38.709624,1.8656577,-0.056283772,1.815106,-4.522541,1.6216946,6.370561
3356,2026-05-11 16:18:38.712334,1.8137034,0.03664848,1.6856471,-4.522541,1.6216946,6.370561
3357,2026-05-11 16:18:38.714953,1.8137034,0.03664848,1.6856471,-4.522541,1.6216946,6.370561
3358,2026-05-11 16:18:38.717723,1.8137034,0.03664848,1.6856471,-4.1734314,1.3067935,6.3166523
3359,2026-05-11 16:18:38.720719,1.8137034,0.03664848,1.6856471,-4.1734314,1.3067935,6.3166523
3360,2026-05-11 16:18:38.723772,1.6993064,0.31190842,1.4863062,-3.2209396,0.6780604,6.2108197
3361,2026-05-11 16:18:38.726418,1.6993064,0.31190842,1.4863062,-3.2209396,0.6780604,6.2108197
3362,2026-05-11 16:18:38.729294,1.6993064,0.31190842,1.4863062,-3.2209396,0.6780604,6.2108197
3363,2026-05-11 16:18:38.731946,1.6993064,0.31190842,1.4863062,-3.2209396,0.6780604,6.2108197
3364,2026-05-11 16:18:38.734553,1.6993064,0.31190842,1.4863062,-3.2209396,0.6780604,6.2108197
3365,2026-05-11 16:18:38.737639,1.7016847,0.51509106,1.2716596,-3.2209396,0.6780604,6.2108197
3366,2026-05-11 16:18:38.740433,1.7016847,0.51509106,1.2716596,-2.3597724,0.16691893,6.137974
3367,2026-05-11 16:18:38.743080,1.7016847,0.51509106,1.2716596,-2.3597724,0.16691893,6.137974
3368,2026-05-11 16:18:38.745702,1.7016847,0.51509106,1.2716596,-2.3597724,0.16691893,6.137974
3369,2026-05-11 16:18:38.748382,1.9387107,0.80370545,0.608816,-2.3597724,0.16691893,6.137974
3370,2026-05-11 16:18:38.751237,1.9387107,0.80370545,0.608816,-2.3597724,0.16691893,6.137974
3371,2026-05-11 16:18:38.754450,2.5621617,1.1164066,-0.24428254,-1.750129,-0.6545421,5.2835264
3372,2026-05-11 16:18:38.757349,2.5621617,1.1164066,-0.24428254,-1.750129,-0.6545421,5.2835264
3373,2026-05-11 16:18:38.760075,2.5621617,1.1164066,-0.24428254,-1.750129,-0.6545421,5.2835264
3374,2026-05-11 16:18:38.762804,2.9228535,1.3549571,-0.7563246,-1.750129,-0.6545421,5.2835264
3375,2026-05-11 16:18:38.765677,2.9228535,1.3549571,-0.7563246,-2.837927,-0.8197812,4.4084616
3376,2026-05-11 16:18:38.768497,2.9228535,1.3549571,-0.7563246,-5.572313,-0.9950995,3.1876476
3377,2026-05-11 16:18:38.771625,2.9228535,1.3549571,-0.7563246,-5.572313,-0.9950995,3.1876476
3378,2026-05-11 16:18:38.774527,2.9228535,1.3549571,-0.7563246,-5.572313,-0.9950995,3.1876476
3379,2026-05-11 16:18:38.777223,2.9228535,1.3549571,-0.7563246,-5.572313,-0.9950995,3.1876476
3380,2026-05-11 16:18:38.779906,2.9228535,1.3549571,-0.7563246,-5.572313,-0.9950995,3.1876476
3381,2026-05-11 16:18:38.782606,2.9228535,1.3549571,-0.7563246,-5.572313,-0.9950995,3.1876476
3382,2026-05-11 16:18:38.785347,2.6642408,1.3473347,-0.96816623,-5.572313,-0.9950995,3.1876476
3383,2026-05-11 16:18:38.788520,2.6642408,1.3473347,-0.96816623,-5.572313,-0.9950995,3.1876476
3384,2026-05-11 16:18:38.791221,2.6642408,1.3473347,-0.96816623,-5.572313,-0.9950995,3.1876476
3385,2026-05-11 16:18:38.793821,2.6642408,1.3473347,-0.96816623,-5.572313,-0.9950995,3.1876476
3386,2026-05-11 16:18:38.796485,2.6642408,1.3473347,-0.96816623,-7.7251544,-0.5140431,3.0088167
3387,2026-05-11 16:18:38.799103,2.4175801,1.09793,-0.5895466,-7.7251544,-0.5140431,3.0088167
3388,2026-05-11 16:18:38.801869,2.4175801,1.09793,-0.5895466,-7.7251544,-0.5140431,3.0088167
3389,2026-05-11 16:18:38.804912,2.4175801,1.09793,-0.5895466,-7.7251544,-0.5140431,3.0088167
3390,2026-05-11 16:18:38.807818,2.4175801,1.09793,-0.5895466,-7.7251544,-0.5140431,3.0088167
3391,2026-05-11 16:18:38.810511,2.4175801,1.09793,-0.5895466,-7.7251544,-0.5140431,3.0088167
3392,2026-05-11 16:18:38.813148,2.4175801,1.09793,-0.5895466,-7.7251544,-0.5140431,3.0088167
3393,2026-05-11 16:18:38.815891,2.4175801,1.09793,-0.5895466,-7.7251544,-0.5140431,3.0088167
3394,2026-05-11 16:18:38.818522,2.4175801,1.09793,-0.5895466,-7.7251544,-0.5140431,3.0088167
3395,2026-05-11 16:18:38.821537,2.4175801,1.09793,-0.5895466,-7.7251544,-0.5140431,3.0088167
3396,2026-05-11 16:18:38.824356,2.4787421,0.9784107,0.4235003,-7.7251544,-0.5140431,3.0088167
3397,2026-05-11 16:18:38.826966,2.4787421,0.9784107,0.4235003,-9.88945,0.48915035,3.1697798
3398,2026-05-11 16:18:38.829590,2.4787421,0.9784107,0.4235003,-9.88945,0.48915035,3.1697798
3399,2026-05-11 16:18:38.832448,2.4787421,0.9784107,0.4235003,-9.88945,0.48915035,3.1697798
3400,2026-05-11 16:18:38.835156,2.4787421,0.9784107,0.4235003,-9.88945,0.48915035,3.1697798
3401,2026-05-11 16:18:38.838098,2.8008342,1.1948868,1.6415592,-10.632415,1.1959214,3.0586023
3402,2026-05-11 16:18:38.840980,2.8008342,1.1948868,1.6415592,-10.216569,1.1325442,2.7249172
3403,2026-05-11 16:18:38.843660,2.8008342,1.1948868,1.6415592,-10.216569,1.1325442,2.7249172
3404,2026-05-11 16:18:38.846303,2.8008342,1.1948868,1.6415592,-10.216569,1.1325442,2.7249172
3405,2026-05-11 16:18:38.849118,3.1339023,1.3642869,2.3468442,-10.216569,1.1325442,2.7249172
3406,2026-05-11 16:18:38.851715,3.1339023,1.3642869,2.3468442,-10.216569,1.1325442,2.7249172
3407,2026-05-11 16:18:38.854790,3.1339023,1.3642869,2.3468442,-10.216569,1.1325442,2.7249172
3408,2026-05-11 16:18:38.857678,3.1339023,1.3642869,2.3468442,-8.522334,0.6469063,2.2682953
3409,2026-05-11 16:18:38.860311,3.1339023,1.3642869,2.3468442,-8.522334,0.6469063,2.2682953
3410,2026-05-11 16:18:38.862973,3.1339023,1.3642869,2.3468442,-8.522334,0.6469063,2.2682953
3411,2026-05-11 16:18:38.865670,3.1339023,1.3642869,2.3468442,-8.522334,0.6469063,2.2682953
3412,2026-05-11 16:18:38.868274,3.2361033,1.7020506,3.0365796,-8.522334,0.6469063,2.2682953
3413,2026-05-11 16:18:38.871478,3.2361033,1.7020506,3.0365796,-8.522334,0.6469063,2.2682953
3414,2026-05-11 16:18:38.874321,3.2361033,1.7020506,3.0365796,-8.522334,0.6469063,2.2682953
3415,2026-05-11 16:18:38.876960,3.2361033,1.7020506,3.0365796,-8.522334,0.6469063,2.2682953
3416,2026-05-11 16:18:38.879657,3.0617032,2.0296307,3.4671538,-8.522334,0.6469063,2.2682953
3417,2026-05-11 16:18:38.882269,3.0617032,2.0296307,3.4671538,-7.6585703,0.4552473,2.1986568
3418,2026-05-11 16:18:38.885055,3.0617032,2.0296307,3.4671538,-7.6585703,0.4552473,2.1986568
3419,2026-05-11 16:18:38.888010,3.0617032,2.0296307,3.4671538,-7.6585703,0.4552473,2.1986568
3420,2026-05-11 16:18:38.890826,3.0617032,2.0296307,3.4671538,-7.6585703,0.4552473,2.1986568
3421,2026-05-11 16:18:38.893578,3.4921548,3.8018072,4.3392773,0.9421069,-1.7457001,2.9857566
3422,2026-05-11 16:18:38.896541,5.22067,4.092129,3.3473904,0.9421069,-1.7457001,2.9857566
3423,2026-05-11 16:18:38.899275,5.22067,4.092129,3.3473904,0.9421069,-1.7457001,2.9857566
3424,2026-05-11 16:18:38.902006,5.22067,4.092129,3.3473904,0.9421069,-1.7457001,2.9857566
3425,2026-05-11 16:18:38.905152,5.22067,4.092129,3.3473904,3.4744487,-2.4510968,2.283567
3426,2026-05-11 16:18:38.907937,5.22067,4.092129,3.3473904,3.4744487,-2.4510968,2.283567
3427,2026-05-11 16:18:38.910645,5.22067,4.092129,3.3473904,3.4744487,-2.4510968,2.283567
3428,2026-05-11 16:18:38.913389,5.22067,4.092129,3.3473904,3.4744487,-2.4510968,2.283567
3429,2026-05-11 16:18:38.916154,5.22067,4.092129,3.3473904,3.4744487,-2.4510968,2.283567
3430,2026-05-11 16:18:38.918874,5.22067,4.092129,3.3473904,3.4744487,-2.4510968,2.283567
3431,2026-05-11 16:18:38.922072,6.105783,3.893581,2.3479419,3.4744487,-2.4510968,2.283567
3432,2026-05-11 16:18:38.924876,6.105783,3.893581,2.3479419,5.0593386,-2.6554313,0.20693061
3433,2026-05-11 16:18:38.927595,6.105783,3.893581,2.3479419,5.0593386,-2.6554313,0.20693061
3434,2026-05-11 16:18:38.930308,6.105783,3.893581,2.3479419,5.0593386,-2.6554313,0.20693061
3435,2026-05-11 16:18:38.933006,6.105783,3.893581,2.3479419,5.0593386,-2.6554313,0.20693061
3436,2026-05-11 16:18:38.935636,6.105783,3.893581,2.3479419,5.0593386,-2.6554313,0.20693061
3437,2026-05-11 16:18:38.938581,6.105783,3.893581,2.3479419,5.0593386,-2.6554313,0.20693061
3438,2026-05-11 16:18:38.941492,6.105783,3.893581,2.3479419,5.0593386,-2.6554313,0.20693061
3439,2026-05-11 16:18:38.944137,6.105783,3.893581,2.3479419,5.0593386,-2.6554313,0.20693061
3440,2026-05-11 16:18:38.946730,6.105783,3.893581,2.3479419,5.0593386,-2.6554313,0.20693061
3441,2026-05-11 16:18:38.949394,6.105783,3.893581,2.3479419,5.2479434,-2.404671,-1.702176
3442,2026-05-11 16:18:38.951992,5.8791842,3.4499571,1.4583168,5.2479434,-2.404671,-1.702176
3443,2026-05-11 16:18:38.955284,5.8791842,3.4499571,1.4583168,5.2479434,-2.404671,-1.702176
3444,2026-05-11 16:18:38.958054,5.8791842,3.4499571,1.4583168,5.2479434,-2.404671,-1.702176
3445,2026-05-11 16:18:38.960677,5.8791842,3.4499571,1.4583168,5.2479434,-2.404671,-1.702176
3446,2026-05-11 16:18:38.963453,5.8791842,3.4499571,1.4583168,5.2479434,-2.404671,-1.702176
3447,2026-05-11 16:18:38.966091,5.8791842,3.4499571,1.4583168,5.2479434,-2.404671,-1.702176
3448,2026-05-11 16:18:38.968950,5.8791842,3.4499571,1.4583168,5.2479434,-2.404671,-1.702176
3449,2026-05-11 16:18:38.972122,5.4303775,3.073472,0.8479153,4.305073,-1.9843957,-2.7904325
3450,2026-05-11 16:18:38.974861,5.4303775,3.073472,0.8479153,4.305073,-1.9843957,-2.7904325
3451,2026-05-11 16:18:38.977676,5.4303775,3.073472,0.8479153,4.305073,-1.9843957,-2.7904325
3452,2026-05-11 16:18:38.980353,5.4303775,3.073472,0.8479153,4.305073,-1.9843957,-2.7904325
3453,2026-05-11 16:18:38.983069,4.8358307,2.6060057,0.3934376,0.72097373,-1.3836098,-4.1911464
3454,2026-05-11 16:18:38.985866,4.8358307,2.6060057,0.3934376,0.72097373,-1.3836098,-4.1911464
3455,2026-05-11 16:18:38.988805,4.8358307,2.6060057,0.3934376,0.72097373,-1.3836098,-4.1911464
3456,2026-05-11 16:18:38.991588,4.8358307,2.6060057,0.3934376,0.72097373,-1.3836098,-4.1911464
3457,2026-05-11 16:18:38.994272,4.8358307,2.6060057,0.3934376,-1.8947513,-0.45051312,-4.812855
3458,2026-05-11 16:18:38.997069,4.2103677,2.3135495,0.62534136,-1.8947513,-0.45051312,-4.812855
3459,2026-05-11 16:18:38.999779,4.2103677,2.3135495,0.62534136,-1.8947513,-0.45051312,-4.812855
3460,2026-05-11 16:18:39.002390,4.2103677,2.3135495,0.62534136,-1.8947513,-0.45051312,-4.812855
3461,2026-05-11 16:18:39.005407,4.2103677,2.3135495,0.62534136,-1.8947513,-0.45051312,-4.812855
3462,2026-05-11 16:18:39.008134,4.2103677,2.3135495,0.62534136,-1.8947513,-0.45051312,-4.812855
3463,2026-05-11 16:18:39.010828,4.2103677,2.3135495,0.62534136,-1.8947513,-0.45051312,-4.812855
