id,timestamp,acc_x,acc_y,acc_z,gyro_x,gyro_y,gyro_z
1,2026-05-11 16:17:10.681733,2.6537523,1.4579508,2.0676208,-1.1908818,2.9460504,-4.148233
2,2026-05-11 16:17:10.692026,2.6537523,1.4579508,2.0676208,-1.1908818,2.9460504,-4.148233
3,2026-05-11 16:17:10.695156,2.6537523,1.4579508,2.0676208,-1.1908818,2.9460504,-4.148233
4,2026-05-11 16:17:10.697935,2.6537523,1.4579508,2.0676208,-1.1908818,2.9460504,-4.148233
5,2026-05-11 16:17:10.700744,2.6537523,1.4579508,2.0676208,-1.1908818,2.9460504,-4.148233
6,2026-05-11 16:17:10.703451,2.6537523,1.4579508,2.0676208,-1.1908818,2.9460504,-4.148233
7,2026-05-11 16:17:10.706329,2.6537523,1.4579508,2.0676208,-1.1908818,2.9460504,-4.148233
8,2026-05-11 16:17:10.709099,2.807237,1.2457434,2.2171416,-0.72219545,3.008206,-4.363563
9,2026-05-11 16:17:10.711701,2.807237,1.2457434,2.2171416,-0.72219545,3.008206,-4.363563
10,2026-05-11 16:17:10.714256,2.807237,1.2457434,2.2171416,-0.72219545,3.008206,-4.363563
11,2026-05-11 16:17:10.717688,2.807237,1.2457434,2.2171416,-0.72219545,3.008206,-4.363563
12,2026-05-11 16:17:10.720441,2.807237,1.2457434,2.2171416,-0.72219545,3.008206,-4.363563
13,2026-05-11 16:17:10.723228,2.807237,1.2457434,2.2171416,-0.72219545,3.008206,-4.363563
14,2026-05-11 16:17:10.725865,2.807237,1.2457434,2.2171416,-0.72219545,3.008206,-4.363563
15,2026-05-11 16:17:10.728743,2.807237,1.2457434,2.2171416,-0.72219545,3.008206,-4.363563
16,2026-05-11 16:17:10.731621,2.807237,1.2457434,2.2171416,-0.72219545,3.008206,-4.363563
17,2026-05-11 16:17:10.734692,2.807237,1.2457434,2.2171416,-0.72219545,3.008206,-4.363563
18,2026-05-11 16:17:10.737278,2.807237,1.2457434,2.2171416,-0.72219545,3.008206,-4.363563
19,2026-05-11 16:17:10.740179,2.807237,1.2457434,2.2171416,-0.72219545,3.008206,-4.363563
20,2026-05-11 16:17:10.742958,2.807237,1.2457434,2.2171416,-0.72219545,3.008206,-4.363563
21,2026-05-11 16:17:10.745586,2.807237,1.2457434,2.2171416,-0.72219545,3.008206,-4.363563
22,2026-05-11 16:17:10.748631,2.807237,1.2457434,2.2171416,-0.72219545,3.008206,-4.363563
23,2026-05-11 16:17:10.751563,2.807237,1.2457434,2.2171416,-0.72219545,3.008206,-4.363563
24,2026-05-11 16:17:10.754131,2.807237,1.2457434,2.2171416,-0.72219545,3.008206,-4.363563
25,2026-05-11 16:17:10.756834,2.807237,1.2457434,2.2171416,-0.72219545,3.008206,-4.363563
26,2026-05-11 16:17:10.759369,2.807237,1.2457434,2.2171416,-0.72219545,3.008206,-4.363563
27,2026-05-11 16:17:10.762213,2.807237,1.2457434,2.2171416,-0.72219545,3.008206,-4.363563
28,2026-05-11 16:17:10.764955,2.807237,1.2457434,2.2171416,-0.72219545,3.008206,-4.363563
29,2026-05-11 16:17:10.768158,2.807237,1.2457434,2.2171416,-0.72219545,3.008206,-4.363563
30,2026-05-11 16:17:10.770866,2.807237,1.2457434,2.2171416,-0.72219545,3.008206,-4.363563
31,2026-05-11 16:17:10.773416,2.807237,1.2457434,2.2171416,-0.72219545,3.008206,-4.363563
32,2026-05-11 16:17:10.776173,2.807237,1.2457434,2.2171416,-0.72219545,3.008206,-4.363563
33,2026-05-11 16:17:10.778767,2.807237,1.2457434,2.2171416,-0.72219545,3.008206,-4.363563
34,2026-05-11 16:17:10.781811,2.807237,1.2457434,2.2171416,-0.72219545,3.008206,-4.363563
35,2026-05-11 16:17:10.784551,2.807237,1.2457434,2.2171416,-0.72219545,3.008206,-4.363563
36,2026-05-11 16:17:10.787262,2.807237,1.2457434,2.2171416,-0.72219545,3.008206,-4.363563
37,2026-05-11 16:17:10.789836,2.807237,1.2457434,2.2171416,-0.72219545,3.008206,-4.363563
38,2026-05-11 16:17:10.792528,2.807237,1.2457434,2.2171416,-0.72219545,3.008206,-4.363563
39,2026-05-11 16:17:10.795085,2.807237,1.2457434,2.2171416,-0.72219545,3.008206,-4.363563
40,2026-05-11 16:17:10.797867,2.807237,1.2457434,2.2171416,-0.72219545,3.008206,-4.363563
41,2026-05-11 16:17:10.800794,2.807237,1.2457434,2.2171416,-0.72219545,3.008206,-4.363563
42,2026-05-11 16:17:10.803692,2.807237,1.2457434,2.2171416,-0.72219545,3.008206,-4.363563
43,2026-05-11 16:17:10.806271,2.807237,1.2457434,2.2171416,-0.72219545,3.008206,-4.363563
44,2026-05-11 16:17:10.808859,2.807237,1.2457434,2.2171416,-0.72219545,3.008206,-4.363563
45,2026-05-11 16:17:10.811547,2.807237,1.2457434,2.2171416,-0.72219545,3.008206,-4.363563
46,2026-05-11 16:17:10.814249,2.807237,1.2457434,2.2171416,-0.72219545,3.008206,-4.363563
47,2026-05-11 16:17:10.817449,2.807237,1.2457434,2.2171416,-0.72219545,3.008206,-4.363563
48,2026-05-11 16:17:10.820216,2.807237,1.2457434,2.2171416,-0.72219545,3.008206,-4.363563
49,2026-05-11 16:17:10.822955,2.807237,1.2457434,2.2171416,-0.72219545,3.008206,-4.363563
50,2026-05-11 16:17:10.825546,2.807237,1.2457434,2.2171416,-0.72219545,3.008206,-4.363563
51,2026-05-11 16:17:10.828380,2.807237,1.2457434,2.2171416,-0.72219545,3.008206,-4.363563
52,2026-05-11 16:17:10.831167,2.807237,1.2457434,2.2171416,-0.72219545,3.008206,-4.363563
53,2026-05-11 16:17:10.834271,2.807237,1.2457434,2.2171416,-0.72219545,3.008206,-4.363563
54,2026-05-11 16:17:10.836999,2.807237,1.2457434,2.2171416,-0.72219545,3.008206,-4.363563
55,2026-05-11 16:17:10.839631,2.807237,1.2457434,2.2171416,-0.72219545,3.008206,-4.363563
56,2026-05-11 16:17:10.842257,2.807237,1.2457434,2.2171416,-0.72219545,3.008206,-4.363563
57,2026-05-11 16:17:10.844903,2.807237,1.2457434,2.2171416,-0.72219545,3.008206,-4.363563
58,2026-05-11 16:17:10.847417,2.807237,1.2457434,2.2171416,-0.72219545,3.008206,-4.363563
59,2026-05-11 16:17:10.850436,2.807237,1.2457434,2.2171416,-0.72219545,3.008206,-4.363563
60,2026-05-11 16:17:10.853085,2.807237,1.2457434,2.2171416,-0.72219545,3.008206,-4.363563
61,2026-05-11 16:17:10.855759,2.807237,1.2457434,2.2171416,-0.72219545,3.008206,-4.363563
62,2026-05-11 16:17:10.858386,2.807237,1.2457434,2.2171416,-0.72219545,3.008206,-4.363563
63,2026-05-11 16:17:10.860934,2.807237,1.2457434,2.2171416,-0.72219545,3.008206,-4.363563
64,2026-05-11 16:17:10.863513,2.807237,1.2457434,2.2171416,-0.72219545,3.008206,-4.363563
65,2026-05-11 16:17:10.866450,2.807237,1.2457434,2.2171416,-0.72219545,3.008206,-4.363563
66,2026-05-11 16:17:10.869188,2.807237,1.2457434,2.2171416,-0.72219545,3.008206,-4.363563
67,2026-05-11 16:17:10.871734,2.807237,1.2457434,2.2171416,-0.72219545,3.008206,-4.363563
68,2026-05-11 16:17:10.874216,2.807237,1.2457434,2.2171416,-0.72219545,3.008206,-4.363563
69,2026-05-11 16:17:10.876715,2.807237,1.2457434,2.2171416,-0.72219545,3.008206,-4.363563
70,2026-05-11 16:17:10.879303,2.807237,1.2457434,2.2171416,-0.72219545,3.008206,-4.363563
71,2026-05-11 16:17:10.882332,2.807237,1.2457434,2.2171416,-0.72219545,3.008206,-4.363563
72,2026-05-11 16:17:10.885126,2.807237,1.2457434,2.2171416,-0.72219545,3.008206,-4.363563
73,2026-05-11 16:17:10.887685,2.807237,1.2457434,2.2171416,-0.72219545,3.008206,-4.363563
74,2026-05-11 16:17:10.890321,2.807237,1.2457434,2.2171416,-0.72219545,3.008206,-4.363563
75,2026-05-11 16:17:10.892835,2.807237,1.2457434,2.2171416,-0.72219545,3.008206,-4.363563
76,2026-05-11 16:17:10.895322,2.807237,1.2457434,2.2171416,-0.72219545,3.008206,-4.363563
77,2026-05-11 16:17:10.898365,2.807237,1.2457434,2.2171416,-0.72219545,3.008206,-4.363563
78,2026-05-11 16:17:10.901070,2.807237,1.2457434,2.2171416,-0.72219545,3.008206,-4.363563
79,2026-05-11 16:17:10.903638,2.807237,1.2457434,2.2171416,-0.72219545,3.008206,-4.363563
80,2026-05-11 16:17:10.906401,2.807237,1.2457434,2.2171416,-0.72219545,3.008206,-4.363563
81,2026-05-11 16:17:10.908999,2.807237,1.2457434,2.2171416,-0.72219545,3.008206,-4.363563
82,2026-05-11 16:17:10.911579,2.807237,1.2457434,2.2171416,-0.72219545,3.008206,-4.363563
83,2026-05-11 16:17:10.914292,2.807237,1.2457434,2.2171416,-0.72219545,3.008206,-4.363563
84,2026-05-11 16:17:10.917350,2.807237,1.2457434,2.2171416,-0.72219545,3.008206,-4.363563
85,2026-05-11 16:17:10.920188,2.807237,1.2457434,2.2171416,-0.4027129,3.414584,-4.525137
86,2026-05-11 16:17:10.922815,2.807237,1.2457434,2.2171416,-0.4027129,3.414584,-4.525137
87,2026-05-11 16:17:10.925395,2.807237,1.2457434,2.2171416,-0.4027129,3.414584,-4.525137
88,2026-05-11 16:17:10.928134,2.807237,1.2457434,2.2171416,-0.4027129,3.414584,-4.525137
89,2026-05-11 16:17:10.930715,2.807237,1.2457434,2.2171416,-0.4027129,3.414584,-4.525137
90,2026-05-11 16:17:10.933769,2.807237,1.2457434,2.2171416,-0.4027129,3.414584,-4.525137
91,2026-05-11 16:17:10.936541,2.807237,1.2457434,2.2171416,-0.4027129,3.414584,-4.525137
92,2026-05-11 16:17:10.939121,2.807237,1.2457434,2.2171416,-0.4027129,3.414584,-4.525137
93,2026-05-11 16:17:10.941683,2.807237,1.2457434,2.2171416,-0.4027129,3.414584,-4.525137
94,2026-05-11 16:17:10.944396,2.807237,1.2457434,2.2171416,-0.4027129,3.414584,-4.525137
95,2026-05-11 16:17:10.946989,2.807237,1.2457434,2.2171416,-0.4027129,3.414584,-4.525137
96,2026-05-11 16:17:10.949995,2.807237,1.2457434,2.2171416,-0.4027129,3.414584,-4.525137
97,2026-05-11 16:17:10.952647,2.807237,1.2457434,2.2171416,-0.4027129,3.414584,-4.525137
98,2026-05-11 16:17:10.955349,2.807237,1.2457434,2.2171416,-0.4027129,3.414584,-4.525137
99,2026-05-11 16:17:10.957970,2.807237,1.2457434,2.2171416,-0.4027129,3.414584,-4.525137
100,2026-05-11 16:17:10.960692,2.807237,1.2457434,2.2171416,-0.4027129,3.414584,-4.525137
101,2026-05-11 16:17:10.963272,2.807237,1.2457434,2.2171416,-0.4027129,3.414584,-4.525137
102,2026-05-11 16:17:10.966519,2.807237,1.2457434,2.2171416,-0.4027129,3.414584,-4.525137
103,2026-05-11 16:17:10.969237,2.807237,1.2457434,2.2171416,-0.4027129,3.414584,-4.525137
104,2026-05-11 16:17:10.971988,2.807237,1.2457434,2.2171416,-0.4027129,3.414584,-4.525137
105,2026-05-11 16:17:10.974610,2.807237,1.2457434,2.2171416,-0.4027129,3.414584,-4.525137
106,2026-05-11 16:17:10.977142,2.807237,1.2457434,2.2171416,-0.4027129,3.414584,-4.525137
107,2026-05-11 16:17:10.979895,2.807237,1.2457434,2.2171416,-0.4027129,3.414584,-4.525137
108,2026-05-11 16:17:10.982974,2.807237,1.2457434,2.2171416,-0.4027129,3.414584,-4.525137
109,2026-05-11 16:17:10.985692,2.807237,1.2457434,2.2171416,-0.4027129,3.414584,-4.525137
110,2026-05-11 16:17:10.988240,2.807237,1.2457434,2.2171416,-0.4027129,3.414584,-4.525137
111,2026-05-11 16:17:10.990786,2.807237,1.2457434,2.2171416,-0.4027129,3.414584,-4.525137
112,2026-05-11 16:17:10.993520,2.807237,1.2457434,2.2171416,-0.4027129,3.414584,-4.525137
113,2026-05-11 16:17:10.996096,2.807237,1.2457434,2.2171416,-0.4027129,3.414584,-4.525137
114,2026-05-11 16:17:10.999156,2.807237,1.2457434,2.2171416,-0.4027129,3.414584,-4.525137
115,2026-05-11 16:17:11.001965,2.807237,1.2457434,2.2171416,-0.4027129,3.414584,-4.525137
116,2026-05-11 16:17:11.004736,2.807237,1.2457434,2.2171416,-0.4027129,3.414584,-4.525137
117,2026-05-11 16:17:11.007439,2.807237,1.2457434,2.2171416,-0.4027129,3.414584,-4.525137
118,2026-05-11 16:17:11.010182,2.807237,1.2457434,2.2171416,-0.4027129,3.414584,-4.525137
119,2026-05-11 16:17:11.012749,2.807237,1.2457434,2.2171416,-0.4027129,3.414584,-4.525137
120,2026-05-11 16:17:11.015867,2.807237,1.2457434,2.2171416,-0.4027129,3.414584,-4.525137
121,2026-05-11 16:17:11.018621,2.807237,1.2457434,2.2171416,-0.4027129,3.414584,-4.525137
122,2026-05-11 16:17:11.021249,2.807237,1.2457434,2.2171416,-0.4027129,3.414584,-4.525137
123,2026-05-11 16:17:11.023847,2.8141274,1.0471343,2.4658756,-0.4027129,3.414584,-4.525137
124,2026-05-11 16:17:11.026567,2.8141274,1.0471343,2.4658756,-0.4027129,3.414584,-4.525137
125,2026-05-11 16:17:11.029102,2.8141274,1.0471343,2.4658756,-0.4027129,3.414584,-4.525137
126,2026-05-11 16:17:11.032264,2.8141274,1.0471343,2.4658756,-0.4027129,3.414584,-4.525137
127,2026-05-11 16:17:11.035089,2.8141274,1.0471343,2.4658756,-0.4027129,3.414584,-4.525137
128,2026-05-11 16:17:11.037741,2.8141274,1.0471343,2.4658756,-0.4027129,3.414584,-4.525137
129,2026-05-11 16:17:11.040332,2.8141274,1.0471343,2.4658756,-0.4027129,3.414584,-4.525137
130,2026-05-11 16:17:11.042932,2.8141274,1.0471343,2.4658756,-0.4027129,3.414584,-4.525137
131,2026-05-11 16:17:11.045452,2.8141274,1.0471343,2.4658756,-0.4027129,3.414584,-4.525137
132,2026-05-11 16:17:11.048018,2.8141274,1.0471343,2.4658756,-0.4027129,3.414584,-4.525137
133,2026-05-11 16:17:11.051968,2.8141274,1.0471343,2.4658756,-0.4027129,3.414584,-4.525137
134,2026-05-11 16:17:11.054848,2.8141274,1.0471343,2.4658756,-0.4027129,3.414584,-4.525137
135,2026-05-11 16:17:11.057480,2.8141274,1.0471343,2.4658756,-0.4027129,3.414584,-4.525137
136,2026-05-11 16:17:11.060099,2.8141274,1.0471343,2.4658756,-0.016340645,3.8530326,-4.5937066
137,2026-05-11 16:17:11.062689,2.8141274,1.0471343,2.4658756,-0.016340645,3.8530326,-4.5937066
138,2026-05-11 16:17:11.065527,2.8141274,1.0471343,2.4658756,-0.016340645,3.8530326,-4.5937066
139,2026-05-11 16:17:11.068929,2.8141274,1.0471343,2.4658756,-0.016340645,3.8530326,-4.5937066
140,2026-05-11 16:17:11.071708,2.8141274,1.0471343,2.4658756,-0.016340645,3.8530326,-4.5937066
141,2026-05-11 16:17:11.074294,2.8141274,1.0471343,2.4658756,-0.016340645,3.8530326,-4.5937066
142,2026-05-11 16:17:11.076827,2.8141274,1.0471343,2.4658756,-0.016340645,3.8530326,-4.5937066
143,2026-05-11 16:17:11.079521,2.8141274,1.0471343,2.4658756,-0.016340645,3.8530326,-4.5937066
144,2026-05-11 16:17:11.082255,2.8751678,0.7954732,2.6991208,-0.016340645,3.8530326,-4.5937066
145,2026-05-11 16:17:11.085795,2.8751678,0.7954732,2.6991208,-0.016340645,3.8530326,-4.5937066
146,2026-05-11 16:17:11.088555,2.8751678,0.7954732,2.6991208,-0.016340645,3.8530326,-4.5937066
147,2026-05-11 16:17:11.091165,2.8751678,0.7954732,2.6991208,-0.016340645,3.8530326,-4.5937066
148,2026-05-11 16:17:11.093735,2.8751678,0.7954732,2.6991208,-0.016340645,3.8530326,-4.5937066
149,2026-05-11 16:17:11.096439,2.8751678,0.7954732,2.6991208,-0.016340645,3.8530326,-4.5937066
150,2026-05-11 16:17:11.099547,2.8751678,0.7954732,2.6991208,-0.016340645,3.8530326,-4.5937066
151,2026-05-11 16:17:11.102383,2.8751678,0.7954732,2.6991208,-0.016340645,3.8530326,-4.5937066
152,2026-05-11 16:17:11.104990,2.8751678,0.7954732,2.6991208,-0.016340645,3.8530326,-4.5937066
153,2026-05-11 16:17:11.107791,2.8751678,0.7954732,2.6991208,-0.016340645,3.8530326,-4.5937066
154,2026-05-11 16:17:11.110402,2.8751678,0.7954732,2.6991208,-0.016340645,3.8530326,-4.5937066
155,2026-05-11 16:17:11.112994,2.8751678,0.7954732,2.6991208,-0.016340645,3.8530326,-4.5937066
156,2026-05-11 16:17:11.115897,2.8751678,0.7954732,2.6991208,-0.016340645,3.8530326,-4.5937066
157,2026-05-11 16:17:11.118593,2.8751678,0.7954732,2.6991208,-0.016340645,3.8530326,-4.5937066
158,2026-05-11 16:17:11.121297,2.8751678,0.7954732,2.6991208,-0.016340645,3.8530326,-4.5937066
159,2026-05-11 16:17:11.123868,2.8751678,0.7954732,2.6991208,-0.016340645,3.8530326,-4.5937066
160,2026-05-11 16:17:11.126495,2.8751678,0.7954732,2.6991208,-0.016340645,3.8530326,-4.5937066
161,2026-05-11 16:17:11.129251,2.8751678,0.7954732,2.6991208,-0.016340645,3.8530326,-4.5937066
162,2026-05-11 16:17:11.132372,2.8751678,0.7954732,2.6991208,-0.016340645,3.8530326,-4.5937066
163,2026-05-11 16:17:11.135340,2.8751678,0.7954732,2.6991208,-0.016340645,3.8530326,-4.5937066
164,2026-05-11 16:17:11.138066,2.8751678,0.7954732,2.6991208,-0.016340645,3.8530326,-4.5937066
165,2026-05-11 16:17:11.140656,2.8751678,0.7954732,2.6991208,-0.016340645,3.8530326,-4.5937066
166,2026-05-11 16:17:11.143269,2.8751678,0.7954732,2.6991208,-0.016340645,3.8530326,-4.5937066
167,2026-05-11 16:17:11.145857,2.8751678,0.7954732,2.6991208,-0.016340645,3.8530326,-4.5937066
168,2026-05-11 16:17:11.149003,2.8751678,0.7954732,2.6991208,-0.016340645,3.8530326,-4.5937066
169,2026-05-11 16:17:11.151981,2.8751678,0.7954732,2.6991208,-0.016340645,3.8530326,-4.5937066
170,2026-05-11 16:17:11.154629,2.8751678,0.7954732,2.6991208,-0.016340645,3.8530326,-4.5937066
171,2026-05-11 16:17:11.157214,2.8751678,0.7954732,2.6991208,-0.016340645,3.8530326,-4.5937066
172,2026-05-11 16:17:11.159998,2.8751678,0.7954732,2.6991208,-0.016340645,3.8530326,-4.5937066
173,2026-05-11 16:17:11.162721,2.8751678,0.7954732,2.6991208,-0.016340645,3.8530326,-4.5937066
174,2026-05-11 16:17:11.165777,2.8751678,0.7954732,2.6991208,-0.016340645,3.8530326,-4.5937066
175,2026-05-11 16:17:11.168497,2.8751678,0.7954732,2.6991208,-0.016340645,3.8530326,-4.5937066
176,2026-05-11 16:17:11.171256,2.8751678,0.7954732,2.6991208,-0.016340645,3.8530326,-4.5937066
177,2026-05-11 16:17:11.173837,2.8751678,0.7954732,2.6991208,-0.016340645,3.8530326,-4.5937066
178,2026-05-11 16:17:11.176536,2.8751678,0.7954732,2.6991208,-0.016340645,3.8530326,-4.5937066
179,2026-05-11 16:17:11.179095,2.8751678,0.7954732,2.6991208,-0.016340645,3.8530326,-4.5937066
180,2026-05-11 16:17:11.182107,2.8751678,0.7954732,2.6991208,-0.016340645,3.8530326,-4.5937066
181,2026-05-11 16:17:11.184941,2.8751678,0.7954732,2.6991208,-0.016340645,3.8530326,-4.5937066
182,2026-05-11 16:17:11.187521,2.8751678,0.7954732,2.6991208,-0.016340645,3.8530326,-4.5937066
183,2026-05-11 16:17:11.190113,2.8751678,0.7954732,2.6991208,-0.016340645,3.8530326,-4.5937066
184,2026-05-11 16:17:11.192703,2.8751678,0.7954732,2.6991208,-0.016340645,3.8530326,-4.5937066
185,2026-05-11 16:17:11.195238,2.8751678,0.7954732,2.6991208,-0.016340645,3.8530326,-4.5937066
186,2026-05-11 16:17:11.198204,2.8751678,0.7954732,2.6991208,-0.016340645,3.8530326,-4.5937066
187,2026-05-11 16:17:11.200936,2.8751678,0.7954732,2.6991208,-0.016340645,3.8530326,-4.5937066
188,2026-05-11 16:17:11.203523,2.8751678,0.7954732,2.6991208,-0.016340645,3.8530326,-4.5937066
189,2026-05-11 16:17:11.206301,2.8751678,0.7954732,2.6991208,-0.016340645,3.8530326,-4.5937066
190,2026-05-11 16:17:11.208914,2.8751678,0.7954732,2.6991208,-0.016340645,3.8530326,-4.5937066
191,2026-05-11 16:17:11.211605,2.8751678,0.7954732,2.6991208,-0.016340645,3.8530326,-4.5937066
192,2026-05-11 16:17:11.214183,2.8751678,0.7954732,2.6991208,-0.016340645,3.8530326,-4.5937066
193,2026-05-11 16:17:11.217183,2.8751678,0.7954732,2.6991208,-0.016340645,3.8530326,-4.5937066
194,2026-05-11 16:17:11.219814,2.8751678,0.7954732,2.6991208,-0.016340645,3.8530326,-4.5937066
195,2026-05-11 16:17:11.222562,2.8751678,0.7954732,2.6991208,-0.016340645,3.8530326,-4.5937066
196,2026-05-11 16:17:11.225422,2.8751678,0.7954732,2.6991208,-0.016340645,3.8530326,-4.5937066
197,2026-05-11 16:17:11.228052,2.8751678,0.7954732,2.6991208,-0.016340645,3.8530326,-4.5937066
198,2026-05-11 16:17:11.230703,2.8751678,0.7954732,2.6991208,-0.016340645,3.8530326,-4.5937066
199,2026-05-11 16:17:11.233893,2.8751678,0.7954732,2.6991208,-0.016340645,3.8530326,-4.5937066
200,2026-05-11 16:17:11.236547,2.8751678,0.7954732,2.6991208,-0.016340645,3.8530326,-4.5937066
201,2026-05-11 16:17:11.239290,2.8751678,0.7954732,2.6991208,-0.016340645,3.8530326,-4.5937066
202,2026-05-11 16:17:11.241871,2.8751678,0.7954732,2.6991208,-0.016340645,3.8530326,-4.5937066
203,2026-05-11 16:17:11.244498,2.8751678,0.7954732,2.6991208,-0.016340645,3.8530326,-4.5937066
204,2026-05-11 16:17:11.247084,2.8751678,0.7954732,2.6991208,-0.016340645,3.8530326,-4.5937066
205,2026-05-11 16:17:11.250159,2.8751678,0.7954732,2.6991208,-0.016340645,3.8530326,-4.5937066
206,2026-05-11 16:17:11.252877,2.8751678,0.7954732,2.6991208,-0.016340645,3.8530326,-4.5937066
207,2026-05-11 16:17:11.255461,2.8751678,0.7954732,2.6991208,-0.016340645,3.8530326,-4.5937066
208,2026-05-11 16:17:11.258036,2.8751678,0.7954732,2.6991208,-0.016340645,3.8530326,-4.5937066
209,2026-05-11 16:17:11.260822,2.8751678,0.7954732,2.6991208,-0.016340645,3.8530326,-4.5937066
210,2026-05-11 16:17:11.263398,2.8751678,0.7954732,2.6991208,-0.016340645,3.8530326,-4.5937066
211,2026-05-11 16:17:11.266426,2.8751678,0.7954732,2.6991208,-0.016340645,3.8530326,-4.5937066
212,2026-05-11 16:17:11.269129,2.8751678,0.7954732,2.6991208,-0.016340645,3.8530326,-4.5937066
213,2026-05-11 16:17:11.271733,2.8751678,0.7954732,2.6991208,-0.016340645,3.8530326,-4.5937066
214,2026-05-11 16:17:11.274440,2.8751678,0.7954732,2.6991208,-0.016340645,3.8530326,-4.5937066
215,2026-05-11 16:17:11.276999,2.8751678,0.7954732,2.6991208,-0.016340645,3.8530326,-4.5937066
216,2026-05-11 16:17:11.279629,2.8751678,0.7954732,2.6991208,-0.016340645,3.8530326,-4.5937066
217,2026-05-11 16:17:11.282498,2.8751678,0.7954732,2.6991208,-0.016340645,3.8530326,-4.5937066
218,2026-05-11 16:17:11.285319,2.8751678,0.7954732,2.6991208,-0.016340645,3.8530326,-4.5937066
219,2026-05-11 16:17:11.287885,2.8751678,0.7954732,2.6991208,-0.016340645,3.8530326,-4.5937066
220,2026-05-11 16:17:11.290441,2.8751678,0.7954732,2.6991208,-0.016340645,3.8530326,-4.5937066
221,2026-05-11 16:17:11.293187,2.8751678,0.7954732,2.6991208,-0.016340645,3.8530326,-4.5937066
222,2026-05-11 16:17:11.295760,2.8751678,0.7954732,2.6991208,-0.016340645,3.8530326,-4.5937066
223,2026-05-11 16:17:11.298765,2.9935894,0.3954499,3.0846312,2.3047945,4.15648,-4.9838967
224,2026-05-11 16:17:11.301670,2.9935894,0.3954499,3.0846312,2.3047945,4.15648,-4.9838967
225,2026-05-11 16:17:11.304262,2.9935894,0.3954499,3.0846312,2.3047945,4.15648,-4.9838967
226,2026-05-11 16:17:11.307097,2.9935894,0.3954499,3.0846312,2.3047945,4.15648,-4.9838967
227,2026-05-11 16:17:11.309782,2.9935894,0.3954499,3.0846312,2.3047945,4.15648,-4.9838967
228,2026-05-11 16:17:11.312474,2.9935894,0.3954499,3.0846312,2.3047945,4.15648,-4.9838967
229,2026-05-11 16:17:11.315554,3.067557,0.14653294,3.234213,2.3047945,4.15648,-4.9838967
230,2026-05-11 16:17:11.318480,3.067557,0.14653294,3.234213,2.3047945,4.15648,-4.9838967
231,2026-05-11 16:17:11.321051,3.067557,0.14653294,3.234213,2.3047945,4.15648,-4.9838967
232,2026-05-11 16:17:11.323678,3.067557,0.14653294,3.234213,2.3047945,4.15648,-4.9838967
233,2026-05-11 16:17:11.326257,3.067557,0.14653294,3.234213,2.3047945,4.15648,-4.9838967
234,2026-05-11 16:17:11.329032,3.067557,0.14653294,3.234213,2.3047945,4.15648,-4.9838967
235,2026-05-11 16:17:11.332144,3.067557,0.14653294,3.234213,2.3047945,4.15648,-4.9838967
236,2026-05-11 16:17:11.335064,3.067557,0.14653294,3.234213,2.3047945,4.15648,-4.9838967
237,2026-05-11 16:17:11.337702,3.067557,0.14653294,3.234213,2.3047945,4.15648,-4.9838967
238,2026-05-11 16:17:11.340260,3.067557,0.14653294,3.234213,2.3047945,4.15648,-4.9838967
239,2026-05-11 16:17:11.342869,3.067557,0.14653294,3.234213,2.3047945,4.15648,-4.9838967
240,2026-05-11 16:17:11.345410,3.067557,0.14653294,3.234213,2.3047945,4.15648,-4.9838967
241,2026-05-11 16:17:11.348063,3.067557,0.14653294,3.234213,2.3047945,4.15648,-4.9838967
242,2026-05-11 16:17:11.351173,3.067557,0.14653294,3.234213,2.3047945,4.15648,-4.9838967
243,2026-05-11 16:17:11.353788,3.067557,0.14653294,3.234213,2.3047945,4.15648,-4.9838967
244,2026-05-11 16:17:11.356577,3.067557,0.14653294,3.234213,2.3047945,4.15648,-4.9838967
245,2026-05-11 16:17:11.359317,3.067557,0.14653294,3.234213,2.3047945,4.15648,-4.9838967
246,2026-05-11 16:17:11.361956,3.067557,0.14653294,3.234213,2.3047945,4.15648,-4.9838967
247,2026-05-11 16:17:11.364542,3.067557,0.14653294,3.234213,2.3047945,4.15648,-4.9838967
248,2026-05-11 16:17:11.367691,3.067557,0.14653294,3.234213,2.3047945,4.15648,-4.9838967
249,2026-05-11 16:17:11.370352,3.067557,0.14653294,3.234213,2.3047945,4.15648,-4.9838967
250,2026-05-11 16:17:11.373171,3.067557,0.14653294,3.234213,2.3047945,4.15648,-4.9838967
251,2026-05-11 16:17:11.375801,3.067557,0.14653294,3.234213,2.3047945,4.15648,-4.9838967
252,2026-05-11 16:17:11.378506,3.067557,0.14653294,3.234213,2.3047945,4.15648,-4.9838967
253,2026-05-11 16:17:11.381099,3.067557,0.14653294,3.234213,2.3047945,4.15648,-4.9838967
254,2026-05-11 16:17:11.384402,3.067557,0.14653294,3.234213,2.3047945,4.15648,-4.9838967
255,2026-05-11 16:17:11.387145,3.067557,0.14653294,3.234213,2.3047945,4.15648,-4.9838967
256,2026-05-11 16:17:11.389895,3.067557,0.14653294,3.234213,2.3047945,4.15648,-4.9838967
257,2026-05-11 16:17:11.392555,3.067557,0.14653294,3.234213,2.3047945,4.15648,-4.9838967
258,2026-05-11 16:17:11.395163,3.067557,0.14653294,3.234213,2.3047945,4.15648,-4.9838967
259,2026-05-11 16:17:11.398144,3.067557,0.14653294,3.234213,2.3047945,4.15648,-4.9838967
260,2026-05-11 16:17:11.401633,3.067557,0.14653294,3.234213,2.3047945,4.15648,-4.9838967
261,2026-05-11 16:17:11.404436,3.067557,0.14653294,3.234213,2.3047945,4.15648,-4.9838967
262,2026-05-11 16:17:11.407038,3.067557,0.14653294,3.234213,2.3047945,4.15648,-4.9838967
263,2026-05-11 16:17:11.409830,3.067557,0.14653294,3.234213,2.3047945,4.15648,-4.9838967
264,2026-05-11 16:17:11.412474,3.067557,0.14653294,3.234213,2.3047945,4.15648,-4.9838967
265,2026-05-11 16:17:11.415262,3.067557,0.14653294,3.234213,2.3047945,4.15648,-4.9838967
266,2026-05-11 16:17:11.420799,3.0787773,0.077077664,3.245738,2.3047945,4.15648,-4.9838967
267,2026-05-11 16:17:11.445362,3.0787773,0.077077664,3.245738,2.3047945,4.15648,-4.9838967
268,2026-05-11 16:17:11.449500,3.0787773,0.077077664,3.245738,2.3047945,4.15648,-4.9838967
269,2026-05-11 16:17:11.457643,3.0787773,0.077077664,3.245738,2.3047945,4.15648,-4.9838967
270,2026-05-11 16:17:11.460396,3.0787773,0.077077664,3.245738,2.3047945,4.15648,-4.9838967
271,2026-05-11 16:17:11.463005,3.0787773,0.077077664,3.245738,2.3047945,4.15648,-4.9838967
272,2026-05-11 16:17:11.465961,3.0787773,0.077077664,3.245738,2.3047945,4.15648,-4.9838967
273,2026-05-11 16:17:11.468798,3.0787773,0.077077664,3.245738,2.3047945,4.15648,-4.9838967
274,2026-05-11 16:17:11.471620,3.0787773,0.077077664,3.245738,2.3047945,4.15648,-4.9838967
275,2026-05-11 16:17:11.474222,3.0787773,0.077077664,3.245738,2.3047945,4.15648,-4.9838967
276,2026-05-11 16:17:11.476989,3.0787773,0.077077664,3.245738,2.3047945,4.15648,-4.9838967
277,2026-05-11 16:17:11.479568,3.0787773,0.077077664,3.245738,2.3047945,4.15648,-4.9838967
278,2026-05-11 16:17:11.482524,3.0787773,0.077077664,3.245738,2.3047945,4.15648,-4.9838967
279,2026-05-11 16:17:11.485767,3.0787773,0.077077664,3.245738,2.3047945,4.15648,-4.9838967
280,2026-05-11 16:17:11.488509,3.0787773,0.077077664,3.245738,2.3047945,4.15648,-4.9838967
281,2026-05-11 16:17:11.491131,3.0787773,0.077077664,3.245738,2.3047945,4.15648,-4.9838967
282,2026-05-11 16:17:11.493855,3.0787773,0.077077664,3.245738,2.3047945,4.15648,-4.9838967
283,2026-05-11 16:17:11.496425,3.0787773,0.077077664,3.245738,2.3047945,4.15648,-4.9838967
284,2026-05-11 16:17:11.499364,3.0787773,0.077077664,3.245738,2.3047945,4.15648,-4.9838967
285,2026-05-11 16:17:11.502430,3.0787773,0.077077664,3.245738,2.3047945,4.15648,-4.9838967
286,2026-05-11 16:17:11.505111,3.0787773,0.077077664,3.245738,2.3047945,4.15648,-4.9838967
287,2026-05-11 16:17:11.507921,3.0787773,0.077077664,3.245738,2.3047945,4.15648,-4.9838967
288,2026-05-11 16:17:11.510511,3.0787773,0.077077664,3.245738,2.3047945,4.15648,-4.9838967
289,2026-05-11 16:17:11.513163,3.0787773,0.077077664,3.245738,2.3047945,4.15648,-4.9838967
290,2026-05-11 16:17:11.516216,3.0787773,0.077077664,3.245738,2.3047945,4.15648,-4.9838967
291,2026-05-11 16:17:11.519018,3.0787773,0.077077664,3.245738,2.3047945,4.15648,-4.9838967
292,2026-05-11 16:17:11.521687,3.0787773,0.077077664,3.245738,2.3047945,4.15648,-4.9838967
293,2026-05-11 16:17:11.524259,3.0787773,0.077077664,3.245738,2.3047945,4.15648,-4.9838967
294,2026-05-11 16:17:11.527064,3.0787773,0.077077664,3.245738,2.3047945,4.15648,-4.9838967
295,2026-05-11 16:17:11.529639,3.0787773,0.077077664,3.245738,2.3047945,4.15648,-4.9838967
296,2026-05-11 16:17:11.532610,3.0787773,0.077077664,3.245738,2.3047945,4.15648,-4.9838967
297,2026-05-11 16:17:11.535394,3.0787773,0.077077664,3.245738,2.3047945,4.15648,-4.9838967
298,2026-05-11 16:17:11.537988,3.0787773,0.077077664,3.245738,2.3047945,4.15648,-4.9838967
299,2026-05-11 16:17:11.540558,3.0787773,0.077077664,3.245738,2.3047945,4.15648,-4.9838967
300,2026-05-11 16:17:11.543168,3.0787773,0.077077664,3.245738,2.3047945,4.15648,-4.9838967
301,2026-05-11 16:17:11.545716,3.0787773,0.077077664,3.245738,2.3047945,4.15648,-4.9838967
302,2026-05-11 16:17:11.548505,3.0787773,0.077077664,3.245738,2.3047945,4.15648,-4.9838967
303,2026-05-11 16:17:11.551394,3.0787773,0.077077664,3.245738,2.3047945,4.15648,-4.9838967
304,2026-05-11 16:17:11.553988,3.0787773,0.077077664,3.245738,2.3047945,4.15648,-4.9838967
305,2026-05-11 16:17:11.556779,3.0787773,0.077077664,3.245738,2.3047945,4.15648,-4.9838967
306,2026-05-11 16:17:11.559408,3.0787773,0.077077664,3.245738,2.3047945,4.15648,-4.9838967
307,2026-05-11 16:17:11.562144,3.0787773,0.077077664,3.245738,2.3047945,4.15648,-4.9838967
308,2026-05-11 16:17:11.565039,3.0787773,0.077077664,3.245738,2.3047945,4.15648,-4.9838967
309,2026-05-11 16:17:11.568074,3.0787773,0.077077664,3.245738,2.3047945,4.15648,-4.9838967
310,2026-05-11 16:17:11.570662,3.0787773,0.077077664,3.245738,2.3047945,4.15648,-4.9838967
311,2026-05-11 16:17:11.573198,3.0787773,0.077077664,3.245738,2.3047945,4.15648,-4.9838967
312,2026-05-11 16:17:11.575846,3.0787773,0.077077664,3.245738,2.3047945,4.15648,-4.9838967
313,2026-05-11 16:17:11.578372,3.0787773,0.077077664,3.245738,2.3047945,4.15648,-4.9838967
314,2026-05-11 16:17:11.581049,3.0787773,0.077077664,3.245738,2.8115072,4.164421,-5.0788865
315,2026-05-11 16:17:11.584172,3.0787773,0.077077664,3.245738,2.8115072,4.164421,-5.0788865
316,2026-05-11 16:17:11.586827,3.0787773,0.077077664,3.245738,2.8115072,4.164421,-5.0788865
317,2026-05-11 16:17:11.589419,3.0787773,0.077077664,3.245738,2.8115072,4.164421,-5.0788865
318,2026-05-11 16:17:11.592027,3.0787773,0.077077664,3.245738,2.8115072,4.164421,-5.0788865
319,2026-05-11 16:17:11.594877,3.0787773,0.077077664,3.245738,2.8115072,4.164421,-5.0788865
320,2026-05-11 16:17:11.597453,3.0787773,0.077077664,3.245738,2.8115072,4.164421,-5.0788865
321,2026-05-11 16:17:11.600644,3.0787773,0.077077664,3.245738,2.8115072,4.164421,-5.0788865
322,2026-05-11 16:17:11.603341,3.0787773,0.077077664,3.245738,2.8115072,4.164421,-5.0788865
323,2026-05-11 16:17:11.605943,3.0787773,0.077077664,3.245738,2.8115072,4.164421,-5.0788865
324,2026-05-11 16:17:11.608740,3.0787773,0.077077664,3.245738,2.8115072,4.164421,-5.0788865
325,2026-05-11 16:17:11.611341,3.0787773,0.077077664,3.245738,2.8115072,4.164421,-5.0788865
326,2026-05-11 16:17:11.614175,3.0787773,0.077077664,3.245738,2.8115072,4.164421,-5.0788865
327,2026-05-11 16:17:11.617183,3.0787773,0.077077664,3.245738,2.8115072,4.164421,-5.0788865
328,2026-05-11 16:17:11.619958,3.0787773,0.077077664,3.245738,2.8115072,4.164421,-5.0788865
329,2026-05-11 16:17:11.622585,3.0787773,0.077077664,3.245738,2.8115072,4.164421,-5.0788865
330,2026-05-11 16:17:11.625208,3.0787773,0.077077664,3.245738,2.8115072,4.164421,-5.0788865
331,2026-05-11 16:17:11.627916,3.0787773,0.077077664,3.245738,2.8115072,4.164421,-5.0788865
332,2026-05-11 16:17:11.630505,3.0787773,0.077077664,3.245738,2.8115072,4.164421,-5.0788865
333,2026-05-11 16:17:11.633510,3.0787773,0.077077664,3.245738,2.8115072,4.164421,-5.0788865
334,2026-05-11 16:17:11.636166,3.0787773,0.077077664,3.245738,2.8115072,4.164421,-5.0788865
335,2026-05-11 16:17:11.638769,3.0787773,0.077077664,3.245738,2.8115072,4.164421,-5.0788865
336,2026-05-11 16:17:11.641507,3.0787773,0.077077664,3.245738,2.8115072,4.164421,-5.0788865
337,2026-05-11 16:17:11.644119,3.035421,-0.7730329,2.9842596,2.8115072,4.164421,-5.0788865
338,2026-05-11 16:17:11.646834,3.035421,-0.7730329,2.9842596,2.8115072,4.164421,-5.0788865
339,2026-05-11 16:17:11.649769,3.035421,-0.7730329,2.9842596,2.8115072,4.164421,-5.0788865
340,2026-05-11 16:17:11.652487,3.035421,-0.7730329,2.9842596,2.8115072,4.164421,-5.0788865
341,2026-05-11 16:17:11.655017,3.035421,-0.7730329,2.9842596,2.8115072,4.164421,-5.0788865
342,2026-05-11 16:17:11.657587,3.035421,-0.7730329,2.9842596,2.8115072,4.164421,-5.0788865
343,2026-05-11 16:17:11.660176,3.035421,-0.7730329,2.9842596,2.8115072,4.164421,-5.0788865
344,2026-05-11 16:17:11.662665,3.035421,-0.7730329,2.9842596,2.8115072,4.164421,-5.0788865
345,2026-05-11 16:17:11.665761,3.035421,-0.7730329,2.9842596,2.8115072,4.164421,-5.0788865
346,2026-05-11 16:17:11.668569,3.035421,-0.7730329,2.9842596,2.8115072,4.164421,-5.0788865
347,2026-05-11 16:17:11.671223,3.035421,-0.7730329,2.9842596,2.8115072,4.164421,-5.0788865
348,2026-05-11 16:17:11.673883,3.035421,-0.7730329,2.9842596,5.371949,3.9078577,-5.370116
349,2026-05-11 16:17:11.676438,3.035421,-0.7730329,2.9842596,5.371949,3.9078577,-5.370116
350,2026-05-11 16:17:11.679196,3.035421,-0.7730329,2.9842596,5.371949,3.9078577,-5.370116
351,2026-05-11 16:17:11.682085,3.035421,-0.7730329,2.9842596,5.371949,3.9078577,-5.370116
352,2026-05-11 16:17:11.685034,3.035421,-0.7730329,2.9842596,5.371949,3.9078577,-5.370116
353,2026-05-11 16:17:11.687672,3.035421,-0.7730329,2.9842596,5.371949,3.9078577,-5.370116
354,2026-05-11 16:17:11.690233,3.035421,-0.7730329,2.9842596,5.371949,3.9078577,-5.370116
355,2026-05-11 16:17:11.693104,3.035421,-0.7730329,2.9842596,5.371949,3.9078577,-5.370116
356,2026-05-11 16:17:11.695706,3.035421,-0.7730329,2.9842596,5.371949,3.9078577,-5.370116
357,2026-05-11 16:17:11.698630,3.035421,-0.7730329,2.9842596,5.371949,3.9078577,-5.370116
358,2026-05-11 16:17:11.701659,3.035421,-0.7730329,2.9842596,5.371949,3.9078577,-5.370116
359,2026-05-11 16:17:11.704251,3.035421,-0.7730329,2.9842596,5.371949,3.9078577,-5.370116
360,2026-05-11 16:17:11.706849,3.035421,-0.7730329,2.9842596,5.371949,3.9078577,-5.370116
361,2026-05-11 16:17:11.709430,3.035421,-0.7730329,2.9842596,5.371949,3.9078577,-5.370116
362,2026-05-11 16:17:11.712238,3.035421,-0.7730329,2.9842596,5.371949,3.9078577,-5.370116
363,2026-05-11 16:17:11.715151,3.035421,-0.7730329,2.9842596,5.371949,3.9078577,-5.370116
364,2026-05-11 16:17:11.718206,3.035421,-0.7730329,2.9842596,5.371949,3.9078577,-5.370116
365,2026-05-11 16:17:11.720808,3.035421,-0.7730329,2.9842596,5.371949,3.9078577,-5.370116
366,2026-05-11 16:17:11.723384,3.035421,-0.7730329,2.9842596,5.371949,3.9078577,-5.370116
367,2026-05-11 16:17:11.725980,3.035421,-0.7730329,2.9842596,5.371949,3.9078577,-5.370116
368,2026-05-11 16:17:11.728517,3.035421,-0.7730329,2.9842596,5.371949,3.9078577,-5.370116
369,2026-05-11 16:17:11.731343,3.035421,-0.7730329,2.9842596,5.371949,3.9078577,-5.370116
370,2026-05-11 16:17:11.734276,3.035421,-0.7730329,2.9842596,5.371949,3.9078577,-5.370116
371,2026-05-11 16:17:11.736871,3.035421,-0.7730329,2.9842596,5.371949,3.9078577,-5.370116
372,2026-05-11 16:17:11.739529,3.035421,-0.7730329,2.9842596,5.371949,3.9078577,-5.370116
373,2026-05-11 16:17:11.742132,3.035421,-0.7730329,2.9842596,5.371949,3.9078577,-5.370116
374,2026-05-11 16:17:11.744892,3.035421,-0.7730329,2.9842596,5.371949,3.9078577,-5.370116
375,2026-05-11 16:17:11.747467,3.035421,-0.7730329,2.9842596,5.371949,3.9078577,-5.370116
376,2026-05-11 16:17:11.750664,3.035421,-0.7730329,2.9842596,5.371949,3.9078577,-5.370116
377,2026-05-11 16:17:11.753368,3.035421,-0.7730329,2.9842596,5.371949,3.9078577,-5.370116
378,2026-05-11 16:17:11.756171,2.9603555,-1.0757335,2.7947361,6.2131104,3.492011,-5.3918023
379,2026-05-11 16:17:11.758800,2.9603555,-1.0757335,2.7947361,6.2131104,3.492011,-5.3918023
380,2026-05-11 16:17:11.761340,2.9603555,-1.0757335,2.7947361,6.2131104,3.492011,-5.3918023
381,2026-05-11 16:17:11.764047,2.9603555,-1.0757335,2.7947361,6.2131104,3.492011,-5.3918023
382,2026-05-11 16:17:11.767011,2.9603555,-1.0757335,2.7947361,6.2131104,3.492011,-5.3918023
383,2026-05-11 16:17:11.769642,2.9603555,-1.0757335,2.7947361,6.2131104,3.492011,-5.3918023
384,2026-05-11 16:17:11.772347,2.9603555,-1.0757335,2.7947361,6.2131104,3.492011,-5.3918023
385,2026-05-11 16:17:11.774914,2.9603555,-1.0757335,2.7947361,6.2131104,3.492011,-5.3918023
386,2026-05-11 16:17:11.777806,2.9603555,-1.0757335,2.7947361,6.2131104,3.492011,-5.3918023
387,2026-05-11 16:17:11.780408,2.9603555,-1.0757335,2.7947361,6.2131104,3.492011,-5.3918023
388,2026-05-11 16:17:11.783583,2.9603555,-1.0757335,2.7947361,6.2131104,3.492011,-5.3918023
389,2026-05-11 16:17:11.786447,2.9603555,-1.0757335,2.7947361,6.2131104,3.492011,-5.3918023
390,2026-05-11 16:17:11.789122,2.9603555,-1.0757335,2.7947361,6.2131104,3.492011,-5.3918023
391,2026-05-11 16:17:11.791805,2.9603555,-1.0757335,2.7947361,6.2131104,3.492011,-5.3918023
392,2026-05-11 16:17:11.794373,2.9603555,-1.0757335,2.7947361,6.2131104,3.492011,-5.3918023
393,2026-05-11 16:17:11.797069,2.9603555,-1.0757335,2.7947361,6.2131104,3.492011,-5.3918023
394,2026-05-11 16:17:11.799984,2.9603555,-1.0757335,2.7947361,6.2131104,3.492011,-5.3918023
395,2026-05-11 16:17:11.802771,2.9603555,-1.0757335,2.7947361,6.2131104,3.492011,-5.3918023
396,2026-05-11 16:17:11.805379,2.9603555,-1.0757335,2.7947361,6.2131104,3.492011,-5.3918023
397,2026-05-11 16:17:11.807939,2.9603555,-1.0757335,2.7947361,6.2131104,3.492011,-5.3918023
398,2026-05-11 16:17:11.810640,2.9603555,-1.0757335,2.7947361,6.2131104,3.492011,-5.3918023
399,2026-05-11 16:17:11.813194,2.9603555,-1.0757335,2.7947361,6.2131104,3.492011,-5.3918023
400,2026-05-11 16:17:11.816195,2.9603555,-1.0757335,2.7947361,6.2131104,3.492011,-5.3918023
401,2026-05-11 16:17:11.818854,2.9603555,-1.0757335,2.7947361,6.2131104,3.492011,-5.3918023
402,2026-05-11 16:17:11.821419,2.9603555,-1.0757335,2.7947361,6.2131104,3.492011,-5.3918023
403,2026-05-11 16:17:11.824142,2.9603555,-1.0757335,2.7947361,6.2131104,3.492011,-5.3918023
404,2026-05-11 16:17:11.826719,2.9603555,-1.0757335,2.7947361,6.2131104,3.492011,-5.3918023
405,2026-05-11 16:17:11.829507,2.9603555,-1.0757335,2.7947361,6.2131104,3.492011,-5.3918023
406,2026-05-11 16:17:11.832360,2.9603555,-1.0757335,2.7947361,6.2131104,3.492011,-5.3918023
407,2026-05-11 16:17:11.835761,2.9603555,-1.0757335,2.7947361,6.2131104,3.492011,-5.3918023
408,2026-05-11 16:17:11.838532,2.9603555,-1.0757335,2.7947361,6.2131104,3.492011,-5.3918023
409,2026-05-11 16:17:11.841333,2.9603555,-1.0757335,2.7947361,6.2131104,3.492011,-5.3918023
410,2026-05-11 16:17:11.843943,2.9603555,-1.0757335,2.7947361,6.2131104,3.492011,-5.3918023
411,2026-05-11 16:17:11.846627,2.9603555,-1.0757335,2.7947361,6.2131104,3.492011,-5.3918023
412,2026-05-11 16:17:11.849498,2.9603555,-1.0757335,2.7947361,6.2131104,3.492011,-5.3918023
413,2026-05-11 16:17:11.852871,2.9603555,-1.0757335,2.7947361,6.2131104,3.492011,-5.3918023
414,2026-05-11 16:17:11.855734,2.9603555,-1.0757335,2.7947361,6.4967046,3.2876768,-5.404172
415,2026-05-11 16:17:11.858494,2.9603555,-1.0757335,2.7947361,6.4967046,3.2876768,-5.404172
416,2026-05-11 16:17:11.861134,2.9603555,-1.0757335,2.7947361,6.4967046,3.2876768,-5.404172
417,2026-05-11 16:17:11.863755,2.9603555,-1.0757335,2.7947361,6.4967046,3.2876768,-5.404172
418,2026-05-11 16:17:11.866637,2.9603555,-1.0757335,2.7947361,6.4967046,3.2876768,-5.404172
419,2026-05-11 16:17:11.869448,2.9603555,-1.0757335,2.7947361,6.4967046,3.2876768,-5.404172
420,2026-05-11 16:17:11.872132,2.9603555,-1.0757335,2.7947361,6.4967046,3.2876768,-5.404172
421,2026-05-11 16:17:11.874975,2.9603555,-1.0757335,2.7947361,6.4967046,3.2876768,-5.404172
422,2026-05-11 16:17:11.877683,2.9585874,-1.135676,2.7244883,6.4967046,3.2876768,-5.404172
423,2026-05-11 16:17:11.880323,2.9585874,-1.135676,2.7244883,6.4967046,3.2876768,-5.404172
424,2026-05-11 16:17:11.883306,2.9585874,-1.135676,2.7244883,6.4967046,3.2876768,-5.404172
425,2026-05-11 16:17:11.885994,2.9585874,-1.135676,2.7244883,6.4967046,3.2876768,-5.404172
426,2026-05-11 16:17:11.888644,2.9585874,-1.135676,2.7244883,6.4967046,3.2876768,-5.404172
427,2026-05-11 16:17:11.891361,2.9585874,-1.135676,2.7244883,6.4967046,3.2876768,-5.404172
428,2026-05-11 16:17:11.894130,2.9585874,-1.135676,2.7244883,6.4967046,3.2876768,-5.404172
429,2026-05-11 16:17:11.896765,2.9585874,-1.135676,2.7244883,6.4967046,3.2876768,-5.404172
430,2026-05-11 16:17:11.899800,2.9585874,-1.135676,2.7244883,6.4967046,3.2876768,-5.404172
431,2026-05-11 16:17:11.902578,2.9585874,-1.135676,2.7244883,6.4967046,3.2876768,-5.404172
432,2026-05-11 16:17:11.905133,2.9585874,-1.135676,2.7244883,6.4967046,3.2876768,-5.404172
433,2026-05-11 16:17:11.907715,2.9585874,-1.135676,2.7244883,6.4967046,3.2876768,-5.404172
434,2026-05-11 16:17:11.910477,2.9585874,-1.135676,2.7244883,6.4967046,3.2876768,-5.404172
435,2026-05-11 16:17:11.913208,2.9585874,-1.135676,2.7244883,7.184539,2.7568347,-5.545282
436,2026-05-11 16:17:11.916422,2.9585874,-1.135676,2.7244883,7.184539,2.7568347,-5.545282
437,2026-05-11 16:17:11.919365,2.842178,-1.2633665,2.461729,7.184539,2.7568347,-5.545282
438,2026-05-11 16:17:11.922017,2.842178,-1.2633665,2.461729,7.184539,2.7568347,-5.545282
439,2026-05-11 16:17:11.924612,2.842178,-1.2633665,2.461729,7.184539,2.7568347,-5.545282
440,2026-05-11 16:17:11.927357,2.842178,-1.2633665,2.461729,7.184539,2.7568347,-5.545282
441,2026-05-11 16:17:11.930077,2.6659484,-1.2991002,2.2847066,7.2667003,2.6755898,-5.5547504
442,2026-05-11 16:17:11.932956,2.6659484,-1.2991002,2.2847066,7.2667003,2.6755898,-5.5547504
443,2026-05-11 16:17:11.936245,2.6659484,-1.2991002,2.2847066,7.2667003,2.6755898,-5.5547504
444,2026-05-11 16:17:11.938975,2.6659484,-1.2991002,2.2847066,7.2667003,2.6755898,-5.5547504
445,2026-05-11 16:17:11.941760,2.6659484,-1.2991002,2.2847066,7.2667003,2.6755898,-5.5547504
446,2026-05-11 16:17:11.944519,2.6659484,-1.2991002,2.2847066,7.2667003,2.6755898,-5.5547504
447,2026-05-11 16:17:11.947154,2.6659484,-1.2991002,2.2847066,7.2667003,2.6755898,-5.5547504
448,2026-05-11 16:17:11.950188,2.6659484,-1.2991002,2.2847066,7.2667003,2.6755898,-5.5547504
449,2026-05-11 16:17:11.953467,2.6659484,-1.2991002,2.2847066,7.2667003,2.6755898,-5.5547504
450,2026-05-11 16:17:11.956277,2.6659484,-1.2991002,2.2847066,7.2667003,2.6755898,-5.5547504
451,2026-05-11 16:17:11.958974,2.6659484,-1.2991002,2.2847066,7.2667003,2.6755898,-5.5547504
452,2026-05-11 16:17:11.962041,2.6659484,-1.2991002,2.2847066,7.2667003,2.6755898,-5.5547504
453,2026-05-11 16:17:11.965626,2.6659484,-1.2991002,2.2847066,7.2667003,2.6755898,-5.5547504
454,2026-05-11 16:17:11.968922,2.6659484,-1.2991002,2.2847066,7.2667003,2.6755898,-5.5547504
455,2026-05-11 16:17:11.972119,2.6659484,-1.2991002,2.2847066,7.2667003,2.6755898,-5.5547504
456,2026-05-11 16:17:11.975046,2.6659484,-1.2991002,2.2847066,7.2667003,2.6755898,-5.5547504
457,2026-05-11 16:17:11.977925,2.6659484,-1.2991002,2.2847066,7.2667003,2.6755898,-5.5547504
458,2026-05-11 16:17:11.980854,2.6659484,-1.2991002,2.2847066,7.2667003,2.6755898,-5.5547504
459,2026-05-11 16:17:11.984548,2.6659484,-1.2991002,2.2847066,7.2667003,2.6755898,-5.5547504
460,2026-05-11 16:17:11.987434,2.6659484,-1.2991002,2.2847066,7.2667003,2.6755898,-5.5547504
461,2026-05-11 16:17:11.990443,2.6659484,-1.2991002,2.2847066,7.2667003,2.6755898,-5.5547504
462,2026-05-11 16:17:11.993320,2.6659484,-1.2991002,2.2847066,7.2667003,2.6755898,-5.5547504
463,2026-05-11 16:17:11.996239,2.6659484,-1.2991002,2.2847066,7.2572317,2.5360072,-5.5158076
464,2026-05-11 16:17:11.999445,2.6659484,-1.2991002,2.2847066,7.2572317,2.5360072,-5.5158076
465,2026-05-11 16:17:12.002289,2.6659484,-1.2991002,2.2847066,7.2572317,2.5360072,-5.5158076
466,2026-05-11 16:17:12.004884,2.6659484,-1.2991002,2.2847066,7.2572317,2.5360072,-5.5158076
467,2026-05-11 16:17:12.007443,2.6659484,-1.2991002,2.2847066,7.2572317,2.5360072,-5.5158076
468,2026-05-11 16:17:12.010309,2.6659484,-1.2991002,2.2847066,7.2572317,2.5360072,-5.5158076
469,2026-05-11 16:17:12.012893,2.6659484,-1.2991002,2.2847066,7.2572317,2.5360072,-5.5158076
470,2026-05-11 16:17:12.015906,2.6659484,-1.2991002,2.2847066,7.2572317,2.5360072,-5.5158076
471,2026-05-11 16:17:12.018689,2.6659484,-1.2991002,2.2847066,7.2572317,2.5360072,-5.5158076
472,2026-05-11 16:17:12.021287,2.6659484,-1.2991002,2.2847066,7.2572317,2.5360072,-5.5158076
473,2026-05-11 16:17:12.023886,2.6659484,-1.2991002,2.2847066,7.2572317,2.5360072,-5.5158076
474,2026-05-11 16:17:12.026697,2.6659484,-1.2991002,2.2847066,7.2572317,2.5360072,-5.5158076
475,2026-05-11 16:17:12.029302,2.6659484,-1.2991002,2.2847066,7.2572317,2.5360072,-5.5158076
476,2026-05-11 16:17:12.032572,2.6659484,-1.2991002,2.2847066,7.2572317,2.5360072,-5.5158076
477,2026-05-11 16:17:12.035363,2.6659484,-1.2991002,2.2847066,7.2572317,2.5360072,-5.5158076
478,2026-05-11 16:17:12.038024,2.6659484,-1.2991002,2.2847066,7.2572317,2.5360072,-5.5158076
479,2026-05-11 16:17:12.040589,2.6659484,-1.2991002,2.2847066,7.2572317,2.5360072,-5.5158076
480,2026-05-11 16:17:12.043305,2.6659484,-1.2991002,2.2847066,7.2572317,2.5360072,-5.5158076
481,2026-05-11 16:17:12.045982,2.6659484,-1.2991002,2.2847066,7.2572317,2.5360072,-5.5158076
482,2026-05-11 16:17:12.048925,2.6659484,-1.2991002,2.2847066,7.2572317,2.5360072,-5.5158076
483,2026-05-11 16:17:12.051781,2.6659484,-1.2991002,2.2847066,7.2572317,2.5360072,-5.5158076
484,2026-05-11 16:17:12.054493,2.6659484,-1.2991002,2.2847066,7.2572317,2.5360072,-5.5158076
485,2026-05-11 16:17:12.057067,2.6659484,-1.2991002,2.2847066,7.2572317,2.5360072,-5.5158076
486,2026-05-11 16:17:12.059710,2.6659484,-1.2991002,2.2847066,7.2572317,2.5360072,-5.5158076
487,2026-05-11 16:17:12.062274,2.6659484,-1.2991002,2.2847066,7.2572317,2.5360072,-5.5158076
488,2026-05-11 16:17:12.065457,2.6659484,-1.2991002,2.2847066,7.2572317,2.5360072,-5.5158076
489,2026-05-11 16:17:12.068154,2.6659484,-1.2991002,2.2847066,7.2572317,2.5360072,-5.5158076
490,2026-05-11 16:17:12.070781,2.6659484,-1.2991002,2.2847066,7.2572317,2.5360072,-5.5158076
491,2026-05-11 16:17:12.073556,2.6659484,-1.2991002,2.2847066,7.2572317,2.5360072,-5.5158076
492,2026-05-11 16:17:12.076326,2.6659484,-1.2991002,2.2847066,7.2572317,2.5360072,-5.5158076
493,2026-05-11 16:17:12.078946,2.6659484,-1.2991002,2.2847066,7.2572317,2.5360072,-5.5158076
494,2026-05-11 16:17:12.081938,2.6659484,-1.2991002,2.2847066,7.2572317,2.5360072,-5.5158076
495,2026-05-11 16:17:12.084754,2.6659484,-1.2991002,2.2847066,7.2572317,2.5360072,-5.5158076
496,2026-05-11 16:17:12.087367,2.6659484,-1.2991002,2.2847066,7.2572317,2.5360072,-5.5158076
497,2026-05-11 16:17:12.090073,2.6659484,-1.2991002,2.2847066,7.2572317,2.5360072,-5.5158076
498,2026-05-11 16:17:12.092631,2.6659484,-1.2991002,2.2847066,7.2572317,2.5360072,-5.5158076
499,2026-05-11 16:17:12.095498,2.6659484,-1.2991002,2.2847066,7.2572317,2.5360072,-5.5158076
500,2026-05-11 16:17:12.098534,2.4569116,-1.4105701,2.163297,7.262424,2.132225,-5.494122
501,2026-05-11 16:17:12.101587,2.4569116,-1.4105701,2.163297,7.262424,2.132225,-5.494122
502,2026-05-11 16:17:12.104327,2.4569116,-1.4105701,2.163297,7.262424,2.132225,-5.494122
503,2026-05-11 16:17:12.106960,2.4569116,-1.4105701,2.163297,7.262424,2.132225,-5.494122
504,2026-05-11 16:17:12.109851,2.4569116,-1.4105701,2.163297,7.262424,2.132225,-5.494122
505,2026-05-11 16:17:12.112496,2.4569116,-1.4105701,2.163297,7.262424,2.132225,-5.494122
506,2026-05-11 16:17:12.115605,2.4569116,-1.4105701,2.163297,7.262424,2.132225,-5.494122
507,2026-05-11 16:17:12.118403,2.4569116,-1.4105701,2.163297,7.262424,2.132225,-5.494122
508,2026-05-11 16:17:12.121222,2.4569116,-1.4105701,2.163297,7.295869,1.9781344,-5.5116844
509,2026-05-11 16:17:12.124012,2.4027622,-1.4336202,2.1649435,7.295869,1.9781344,-5.5116844
510,2026-05-11 16:17:12.126786,2.4027622,-1.4336202,2.1649435,7.295869,1.9781344,-5.5116844
511,2026-05-11 16:17:12.129525,2.4027622,-1.4336202,2.1649435,7.295869,1.9781344,-5.5116844
512,2026-05-11 16:17:12.132742,2.4027622,-1.4336202,2.1649435,7.295869,1.9781344,-5.5116844
513,2026-05-11 16:17:12.135567,2.4027622,-1.4336202,2.1649435,7.295869,1.9781344,-5.5116844
514,2026-05-11 16:17:12.138260,2.4027622,-1.4336202,2.1649435,7.295869,1.9781344,-5.5116844
515,2026-05-11 16:17:12.140874,2.4027622,-1.4336202,2.1649435,7.295869,1.9781344,-5.5116844
516,2026-05-11 16:17:12.143604,2.1966524,-1.4917943,2.0359726,7.295869,1.9781344,-5.5116844
517,2026-05-11 16:17:12.146446,2.1966524,-1.4917943,2.0359726,7.295869,1.9781344,-5.5116844
518,2026-05-11 16:17:12.149465,2.1966524,-1.4917943,2.0359726,7.295869,1.9781344,-5.5116844
519,2026-05-11 16:17:12.152236,2.1966524,-1.4917943,2.0359726,7.295869,1.9781344,-5.5116844
520,2026-05-11 16:17:12.154905,2.1966524,-1.4917943,2.0359726,7.295869,1.9781344,-5.5116844
521,2026-05-11 16:17:12.157470,2.1966524,-1.4917943,2.0359726,7.295869,1.9781344,-5.5116844
522,2026-05-11 16:17:12.160311,2.1966524,-1.4917943,2.0359726,7.295869,1.9781344,-5.5116844
523,2026-05-11 16:17:12.162941,2.1966524,-1.4917943,2.0359726,7.295869,1.9781344,-5.5116844
524,2026-05-11 16:17:12.166026,2.1966524,-1.4917943,2.0359726,7.295869,1.9781344,-5.5116844
525,2026-05-11 16:17:12.168839,2.1966524,-1.4917943,2.0359726,7.295869,1.9781344,-5.5116844
526,2026-05-11 16:17:12.171470,2.1966524,-1.4917943,2.0359726,7.295869,1.9781344,-5.5116844
527,2026-05-11 16:17:12.174265,2.1966524,-1.4917943,2.0359726,7.295869,1.9781344,-5.5116844
528,2026-05-11 16:17:12.176940,2.1966524,-1.4917943,2.0359726,7.295869,1.9781344,-5.5116844
529,2026-05-11 16:17:12.179698,2.1966524,-1.4917943,2.0359726,7.295869,1.9781344,-5.5116844
530,2026-05-11 16:17:12.182915,2.1966524,-1.4917943,2.0359726,7.295869,1.9781344,-5.5116844
531,2026-05-11 16:17:12.185697,2.1966524,-1.4917943,2.0359726,7.295869,1.9781344,-5.5116844
532,2026-05-11 16:17:12.188309,2.1966524,-1.4917943,2.0359726,7.295869,1.9781344,-5.5116844
533,2026-05-11 16:17:12.191030,2.1966524,-1.4917943,2.0359726,7.295869,1.9781344,-5.5116844
534,2026-05-11 16:17:12.193651,2.1966524,-1.4917943,2.0359726,7.295869,1.9781344,-5.5116844
535,2026-05-11 16:17:12.196471,2.1966524,-1.4917943,2.0359726,7.295869,1.9781344,-5.5116844
536,2026-05-11 16:17:12.199222,2.1966524,-1.4917943,2.0359726,7.295869,1.9781344,-5.5116844
537,2026-05-11 16:17:12.202693,2.1966524,-1.4917943,2.0359726,7.401243,1.4897476,-5.627749
538,2026-05-11 16:17:12.205535,2.1966524,-1.4917943,2.0359726,7.401243,1.4897476,-5.627749
539,2026-05-11 16:17:12.208149,2.1966524,-1.4917943,2.0359726,7.401243,1.4897476,-5.627749
540,2026-05-11 16:17:12.210732,2.1966524,-1.4917943,2.0359726,7.401243,1.4897476,-5.627749
541,2026-05-11 16:17:12.213458,2.1966524,-1.4917943,2.0359726,7.401243,1.4897476,-5.627749
542,2026-05-11 16:17:12.216226,2.1966524,-1.4917943,2.0359726,7.401243,1.4897476,-5.627749
543,2026-05-11 16:17:12.219694,2.1966524,-1.4917943,2.0359726,7.401243,1.4897476,-5.627749
544,2026-05-11 16:17:12.222419,2.1966524,-1.4917943,2.0359726,7.401243,1.4897476,-5.627749
545,2026-05-11 16:17:12.225126,2.1966524,-1.4917943,2.0359726,7.401243,1.4897476,-5.627749
546,2026-05-11 16:17:12.227715,2.1966524,-1.4917943,2.0359726,7.401243,1.4897476,-5.627749
547,2026-05-11 16:17:12.230366,2.1966524,-1.4917943,2.0359726,7.401243,1.4897476,-5.627749
548,2026-05-11 16:17:12.234007,2.1966524,-1.4917943,2.0359726,7.401243,1.4897476,-5.627749
549,2026-05-11 16:17:12.236756,2.1966524,-1.4917943,2.0359726,7.401243,1.4897476,-5.627749
550,2026-05-11 16:17:12.239348,2.1966524,-1.4917943,2.0359726,7.401243,1.4897476,-5.627749
551,2026-05-11 16:17:12.242003,2.1966524,-1.4917943,2.0359726,7.401243,1.4897476,-5.627749
552,2026-05-11 16:17:12.244580,2.1966524,-1.4917943,2.0359726,7.401243,1.4897476,-5.627749
553,2026-05-11 16:17:12.247309,2.011154,-1.4880747,1.8726094,7.295411,1.3944527,-5.6822686
554,2026-05-11 16:17:12.250379,2.011154,-1.4880747,1.8726094,7.295411,1.3944527,-5.6822686
555,2026-05-11 16:17:12.253031,2.011154,-1.4880747,1.8726094,7.295411,1.3944527,-5.6822686
556,2026-05-11 16:17:12.255632,2.011154,-1.4880747,1.8726094,7.295411,1.3944527,-5.6822686
557,2026-05-11 16:17:12.258254,2.011154,-1.4880747,1.8726094,7.295411,1.3944527,-5.6822686
558,2026-05-11 16:17:12.260827,2.011154,-1.4880747,1.8726094,7.295411,1.3944527,-5.6822686
559,2026-05-11 16:17:12.263596,2.011154,-1.4880747,1.8726094,7.295411,1.3944527,-5.6822686
560,2026-05-11 16:17:12.266706,2.011154,-1.4880747,1.8726094,7.295411,1.3944527,-5.6822686
561,2026-05-11 16:17:12.269486,2.011154,-1.4880747,1.8726094,7.295411,1.3944527,-5.6822686
562,2026-05-11 16:17:12.272082,2.011154,-1.4880747,1.8726094,7.295411,1.3944527,-5.6822686
563,2026-05-11 16:17:12.274815,2.011154,-1.4880747,1.8726094,7.295411,1.3944527,-5.6822686
564,2026-05-11 16:17:12.277367,2.011154,-1.4880747,1.8726094,7.295411,1.3944527,-5.6822686
565,2026-05-11 16:17:12.280154,2.011154,-1.4880747,1.8726094,7.295411,1.3944527,-5.6822686
566,2026-05-11 16:17:12.283126,2.011154,-1.4880747,1.8726094,7.295411,1.3944527,-5.6822686
567,2026-05-11 16:17:12.285829,2.011154,-1.4880747,1.8726094,7.295411,1.3944527,-5.6822686
568,2026-05-11 16:17:12.288449,2.011154,-1.4880747,1.8726094,7.295411,1.3944527,-5.6822686
569,2026-05-11 16:17:12.290988,2.011154,-1.4880747,1.8726094,7.295411,1.3944527,-5.6822686
570,2026-05-11 16:17:12.293842,2.011154,-1.4880747,1.8726094,7.295411,1.3944527,-5.6822686
571,2026-05-11 16:17:12.296430,2.011154,-1.4880747,1.8726094,7.295411,1.3944527,-5.6822686
572,2026-05-11 16:17:12.299497,2.011154,-1.4880747,1.8726094,7.295411,1.3944527,-5.6822686
573,2026-05-11 16:17:12.302163,2.011154,-1.4880747,1.8726094,7.295411,1.3944527,-5.6822686
574,2026-05-11 16:17:12.304801,2.011154,-1.4880747,1.8726094,7.295411,1.3944527,-5.6822686
575,2026-05-11 16:17:12.307599,2.011154,-1.4880747,1.8726094,7.295411,1.3944527,-5.6822686
576,2026-05-11 16:17:12.310216,2.011154,-1.4880747,1.8726094,7.295411,1.3944527,-5.6822686
577,2026-05-11 16:17:12.312853,2.011154,-1.4880747,1.8726094,7.295411,1.3944527,-5.6822686
578,2026-05-11 16:17:12.315903,2.011154,-1.4880747,1.8726094,7.295411,1.3944527,-5.6822686
579,2026-05-11 16:17:12.318903,2.011154,-1.4880747,1.8726094,7.295411,1.3944527,-5.6822686
580,2026-05-11 16:17:12.321517,2.011154,-1.4880747,1.8726094,7.295411,1.3944527,-5.6822686
581,2026-05-11 16:17:12.324105,2.011154,-1.4880747,1.8726094,7.295411,1.3944527,-5.6822686
582,2026-05-11 16:17:12.326759,2.011154,-1.4880747,1.8726094,7.295411,1.3944527,-5.6822686
583,2026-05-11 16:17:12.329317,2.011154,-1.4880747,1.8726094,7.295411,1.3944527,-5.6822686
584,2026-05-11 16:17:12.332306,2.011154,-1.4880747,1.8726094,7.295411,1.3944527,-5.6822686
585,2026-05-11 16:17:12.335035,2.011154,-1.4880747,1.8726094,7.295411,1.3944527,-5.6822686
586,2026-05-11 16:17:12.337600,2.011154,-1.4880747,1.8726094,7.295411,1.3944527,-5.6822686
587,2026-05-11 16:17:12.340297,2.011154,-1.4880747,1.8726094,7.295411,1.3944527,-5.6822686
588,2026-05-11 16:17:12.342870,2.011154,-1.4880747,1.8726094,7.295411,1.3944527,-5.6822686
589,2026-05-11 16:17:12.345521,2.011154,-1.4880747,1.8726094,7.295411,1.3944527,-5.6822686
590,2026-05-11 16:17:12.348129,2.011154,-1.4880747,1.8726094,7.295411,1.3944527,-5.6822686
591,2026-05-11 16:17:12.351351,2.011154,-1.4880747,1.8726094,7.295411,1.3944527,-5.6822686
592,2026-05-11 16:17:12.354172,2.011154,-1.4880747,1.8726094,7.295411,1.3944527,-5.6822686
593,2026-05-11 16:17:12.356831,2.011154,-1.4880747,1.8726094,7.295411,1.3944527,-5.6822686
594,2026-05-11 16:17:12.359440,2.011154,-1.4880747,1.8726094,7.295411,1.3944527,-5.6822686
595,2026-05-11 16:17:12.362094,2.011154,-1.4880747,1.8726094,7.295411,1.3944527,-5.6822686
596,2026-05-11 16:17:12.364681,2.011154,-1.4880747,1.8726094,7.295411,1.3944527,-5.6822686
597,2026-05-11 16:17:12.367898,2.011154,-1.4880747,1.8726094,7.295411,1.3944527,-5.6822686
598,2026-05-11 16:17:12.370616,2.011154,-1.4880747,1.8726094,7.295411,1.3944527,-5.6822686
599,2026-05-11 16:17:12.373209,2.011154,-1.4880747,1.8726094,7.295411,1.3944527,-5.6822686
600,2026-05-11 16:17:12.375822,2.011154,-1.4880747,1.8726094,7.295411,1.3944527,-5.6822686
601,2026-05-11 16:17:12.378421,2.011154,-1.4880747,1.8726094,7.295411,1.3944527,-5.6822686
602,2026-05-11 16:17:12.381023,2.011154,-1.4880747,1.8726094,7.295411,1.3944527,-5.6822686
603,2026-05-11 16:17:12.384348,1.668146,-1.434413,1.6235703,6.6546135,1.625207,-5.5637608
604,2026-05-11 16:17:12.387073,1.668146,-1.434413,1.6235703,6.6546135,1.625207,-5.5637608
605,2026-05-11 16:17:12.389632,1.668146,-1.434413,1.6235703,6.6546135,1.625207,-5.5637608
606,2026-05-11 16:17:12.392418,1.668146,-1.434413,1.6235703,6.6546135,1.625207,-5.5637608
607,2026-05-11 16:17:12.394963,1.668146,-1.434413,1.6235703,6.6546135,1.625207,-5.5637608
608,2026-05-11 16:17:12.397496,1.668146,-1.434413,1.6235703,6.6546135,1.625207,-5.5637608
609,2026-05-11 16:17:12.400583,1.668146,-1.434413,1.6235703,6.6546135,1.625207,-5.5637608
610,2026-05-11 16:17:12.403269,1.668146,-1.434413,1.6235703,6.6546135,1.625207,-5.5637608
611,2026-05-11 16:17:12.405876,1.668146,-1.434413,1.6235703,6.6546135,1.625207,-5.5637608
612,2026-05-11 16:17:12.408436,1.668146,-1.434413,1.6235703,6.6546135,1.625207,-5.5637608
613,2026-05-11 16:17:12.410974,1.668146,-1.434413,1.6235703,6.6546135,1.625207,-5.5637608
614,2026-05-11 16:17:12.413648,1.668146,-1.434413,1.6235703,6.6546135,1.625207,-5.5637608
615,2026-05-11 16:17:12.416627,1.668146,-1.434413,1.6235703,6.6546135,1.625207,-5.5637608
616,2026-05-11 16:17:12.419572,1.668146,-1.434413,1.6235703,6.6546135,1.625207,-5.5637608
617,2026-05-11 16:17:12.422204,1.668146,-1.434413,1.6235703,6.6546135,1.625207,-5.5637608
618,2026-05-11 16:17:12.424794,1.668146,-1.434413,1.6235703,6.6546135,1.625207,-5.5637608
619,2026-05-11 16:17:12.427511,1.668146,-1.434413,1.6235703,6.6546135,1.625207,-5.5637608
620,2026-05-11 16:17:12.430364,1.5862511,-1.4238636,1.5833851,6.3884287,1.8289305,-5.4586916
621,2026-05-11 16:17:12.433505,1.5862511,-1.4238636,1.5833851,6.3884287,1.8289305,-5.4586916
622,2026-05-11 16:17:12.436143,1.5862511,-1.4238636,1.5833851,6.3884287,1.8289305,-5.4586916
623,2026-05-11 16:17:12.438954,1.5862511,-1.4238636,1.5833851,6.3884287,1.8289305,-5.4586916
624,2026-05-11 16:17:12.441566,1.5862511,-1.4238636,1.5833851,6.3884287,1.8289305,-5.4586916
625,2026-05-11 16:17:12.444345,1.5862511,-1.4238636,1.5833851,6.3884287,1.8289305,-5.4586916
626,2026-05-11 16:17:12.447015,1.5862511,-1.4238636,1.5833851,6.3884287,1.8289305,-5.4586916
627,2026-05-11 16:17:12.450047,1.5862511,-1.4238636,1.5833851,6.3884287,1.8289305,-5.4586916
628,2026-05-11 16:17:12.452729,1.5862511,-1.4238636,1.5833851,6.3884287,1.8289305,-5.4586916
629,2026-05-11 16:17:12.455525,1.5862511,-1.4238636,1.5833851,6.3884287,1.8289305,-5.4586916
630,2026-05-11 16:17:12.458140,1.5862511,-1.4238636,1.5833851,6.3884287,1.8289305,-5.4586916
631,2026-05-11 16:17:12.460738,1.5862511,-1.4238636,1.5833851,6.3884287,1.8289305,-5.4586916
632,2026-05-11 16:17:12.463279,1.5862511,-1.4238636,1.5833851,6.3884287,1.8289305,-5.4586916
633,2026-05-11 16:17:12.466552,1.5862511,-1.4238636,1.5833851,6.3884287,1.8289305,-5.4586916
634,2026-05-11 16:17:12.469217,1.5862511,-1.4238636,1.5833851,6.3884287,1.8289305,-5.4586916
635,2026-05-11 16:17:12.471866,1.5862511,-1.4238636,1.5833851,6.3884287,1.8289305,-5.4586916
636,2026-05-11 16:17:12.474591,1.5862511,-1.4238636,1.5833851,6.3884287,1.8289305,-5.4586916
637,2026-05-11 16:17:12.477314,1.5862511,-1.4238636,1.5833851,6.3884287,1.8289305,-5.4586916
638,2026-05-11 16:17:12.479936,1.5862511,-1.4238636,1.5833851,6.3884287,1.8289305,-5.4586916
639,2026-05-11 16:17:12.482962,1.5862511,-1.4238636,1.5833851,6.3884287,1.8289305,-5.4586916
640,2026-05-11 16:17:12.485639,1.5862511,-1.4238636,1.5833851,6.3884287,1.8289305,-5.4586916
641,2026-05-11 16:17:12.488178,1.5862511,-1.4238636,1.5833851,6.3884287,1.8289305,-5.4586916
642,2026-05-11 16:17:12.491035,1.5862511,-1.4238636,1.5833851,6.225633,1.9811887,-5.37256
643,2026-05-11 16:17:12.493866,1.5862511,-1.4238636,1.5833851,6.225633,1.9811887,-5.37256
644,2026-05-11 16:17:12.496515,1.5862511,-1.4238636,1.5833851,6.225633,1.9811887,-5.37256
645,2026-05-11 16:17:12.499590,1.5862511,-1.4238636,1.5833851,6.225633,1.9811887,-5.37256
646,2026-05-11 16:17:12.502333,1.5862511,-1.4238636,1.5833851,6.225633,1.9811887,-5.37256
647,2026-05-11 16:17:12.504941,1.5862511,-1.4238636,1.5833851,6.225633,1.9811887,-5.37256
648,2026-05-11 16:17:12.507636,1.5862511,-1.4238636,1.5833851,6.225633,1.9811887,-5.37256
649,2026-05-11 16:17:12.510201,1.5862511,-1.4238636,1.5833851,6.225633,1.9811887,-5.37256
650,2026-05-11 16:17:12.512773,1.5862511,-1.4238636,1.5833851,6.225633,1.9811887,-5.37256
651,2026-05-11 16:17:12.515644,1.5862511,-1.4238636,1.5833851,6.225633,1.9811887,-5.37256
652,2026-05-11 16:17:12.518665,1.4824646,-1.4151436,1.525028,6.225633,1.9811887,-5.37256
653,2026-05-11 16:17:12.521378,1.4824646,-1.4151436,1.525028,6.225633,1.9811887,-5.37256
654,2026-05-11 16:17:12.524152,1.4824646,-1.4151436,1.525028,6.225633,1.9811887,-5.37256
655,2026-05-11 16:17:12.526782,1.4824646,-1.4151436,1.525028,6.225633,1.9811887,-5.37256
656,2026-05-11 16:17:12.529333,1.4824646,-1.4151436,1.525028,6.225633,1.9811887,-5.37256
657,2026-05-11 16:17:12.532466,1.3051372,-1.4038014,1.3778243,5.8246,2.4958427,-5.0258937
658,2026-05-11 16:17:12.535201,1.3051372,-1.4038014,1.3778243,5.8246,2.4958427,-5.0258937
659,2026-05-11 16:17:12.537796,1.3051372,-1.4038014,1.3778243,5.8246,2.4958427,-5.0258937
660,2026-05-11 16:17:12.540394,1.3051372,-1.4038014,1.3778243,5.8246,2.4958427,-5.0258937
661,2026-05-11 16:17:12.542960,1.3051372,-1.4038014,1.3778243,5.8246,2.4958427,-5.0258937
662,2026-05-11 16:17:12.545543,1.3051372,-1.4038014,1.3778243,5.8246,2.4958427,-5.0258937
663,2026-05-11 16:17:12.548752,1.3051372,-1.4038014,1.3778243,5.8246,2.4958427,-5.0258937
664,2026-05-11 16:17:12.551686,1.3051372,-1.4038014,1.3778243,5.8246,2.4958427,-5.0258937
665,2026-05-11 16:17:12.554328,1.3051372,-1.4038014,1.3778243,5.8246,2.4958427,-5.0258937
666,2026-05-11 16:17:12.557040,1.3051372,-1.4038014,1.3778243,5.8246,2.4958427,-5.0258937
667,2026-05-11 16:17:12.559839,1.3051372,-1.4038014,1.3778243,5.8246,2.4958427,-5.0258937
668,2026-05-11 16:17:12.562443,1.3051372,-1.4038014,1.3778243,5.8246,2.4958427,-5.0258937
669,2026-05-11 16:17:12.565423,1.3051372,-1.4038014,1.3778243,5.8246,2.4958427,-5.0258937
670,2026-05-11 16:17:12.568351,1.3051372,-1.4038014,1.3778243,5.8246,2.4958427,-5.0258937
671,2026-05-11 16:17:12.570979,1.3051372,-1.4038014,1.3778243,5.8246,2.4958427,-5.0258937
672,2026-05-11 16:17:12.573748,1.3051372,-1.4038014,1.3778243,5.8246,2.4958427,-5.0258937
673,2026-05-11 16:17:12.576467,1.3051372,-1.4038014,1.3778243,5.8246,2.4958427,-5.0258937
674,2026-05-11 16:17:12.579174,1.3051372,-1.4038014,1.3778243,5.8246,2.4958427,-5.0258937
675,2026-05-11 16:17:12.582047,1.3051372,-1.4038014,1.3778243,5.8246,2.4958427,-5.0258937
676,2026-05-11 16:17:12.584769,1.3051372,-1.4038014,1.3778243,5.8246,2.4958427,-5.0258937
677,2026-05-11 16:17:12.587396,1.3051372,-1.4038014,1.3778243,5.8246,2.4958427,-5.0258937
678,2026-05-11 16:17:12.590038,1.3051372,-1.4038014,1.3778243,5.8246,2.4958427,-5.0258937
679,2026-05-11 16:17:12.592901,1.3051372,-1.4038014,1.3778243,5.8246,2.4958427,-5.0258937
680,2026-05-11 16:17:12.595507,1.3051372,-1.4038014,1.3778243,5.8246,2.4958427,-5.0258937
681,2026-05-11 16:17:12.598327,1.3051372,-1.4038014,1.3778243,5.6984563,2.6656632,-4.8102584
682,2026-05-11 16:17:12.601282,1.3051372,-1.4038014,1.3778243,5.6984563,2.6656632,-4.8102584
683,2026-05-11 16:17:12.604085,1.1810445,-1.3742266,1.229401,5.6984563,2.6656632,-4.8102584
684,2026-05-11 16:17:12.606696,1.1810445,-1.3742266,1.229401,5.6984563,2.6656632,-4.8102584
685,2026-05-11 16:17:12.609334,1.1810445,-1.3742266,1.229401,5.6984563,2.6656632,-4.8102584
686,2026-05-11 16:17:12.612036,1.1810445,-1.3742266,1.229401,5.6984563,2.6656632,-4.8102584
687,2026-05-11 16:17:12.614802,1.1810445,-1.3742266,1.229401,5.6984563,2.6656632,-4.8102584
688,2026-05-11 16:17:12.618136,1.1810445,-1.3742266,1.229401,5.6984563,2.6656632,-4.8102584
689,2026-05-11 16:17:12.620897,1.1810445,-1.3742266,1.229401,5.6984563,2.6656632,-4.8102584
690,2026-05-11 16:17:12.623501,1.1810445,-1.3742266,1.229401,5.6984563,2.6656632,-4.8102584
691,2026-05-11 16:17:12.626202,1.1810445,-1.3742266,1.229401,5.6984563,2.6656632,-4.8102584
692,2026-05-11 16:17:12.628843,1.1810445,-1.3742266,1.229401,5.6984563,2.6656632,-4.8102584
693,2026-05-11 16:17:12.631446,1.1810445,-1.3742266,1.229401,5.6984563,2.6656632,-4.8102584
694,2026-05-11 16:17:12.634832,1.1810445,-1.3742266,1.229401,5.6984563,2.6656632,-4.8102584
695,2026-05-11 16:17:12.637673,1.0691477,-1.3305044,1.0776238,5.6984563,2.6656632,-4.8102584
696,2026-05-11 16:17:12.640524,1.0691477,-1.3305044,1.0776238,5.6984563,2.6656632,-4.8102584
697,2026-05-11 16:17:12.643261,1.0691477,-1.3305044,1.0776238,5.6984563,2.6656632,-4.8102584
698,2026-05-11 16:17:12.645905,1.0691477,-1.3305044,1.0776238,5.6984563,2.6656632,-4.8102584
699,2026-05-11 16:17:12.648883,1.0691477,-1.3305044,1.0776238,5.6984563,2.6656632,-4.8102584
700,2026-05-11 16:17:12.651790,1.0691477,-1.3305044,1.0776238,5.6984563,2.6656632,-4.8102584
701,2026-05-11 16:17:12.654626,1.0691477,-1.3305044,1.0776238,5.604994,2.7307203,-4.5468225
702,2026-05-11 16:17:12.657365,1.0691477,-1.3305044,1.0776238,5.604994,2.7307203,-4.5468225
703,2026-05-11 16:17:12.659970,1.0691477,-1.3305044,1.0776238,5.604994,2.7307203,-4.5468225
704,2026-05-11 16:17:12.662586,1.0691477,-1.3305044,1.0776238,5.604994,2.7307203,-4.5468225
705,2026-05-11 16:17:12.665328,1.0691477,-1.3305044,1.0776238,5.604994,2.7307203,-4.5468225
706,2026-05-11 16:17:12.668732,1.0691477,-1.3305044,1.0776238,5.604994,2.7307203,-4.5468225
707,2026-05-11 16:17:12.671646,1.0045099,-1.2800747,0.9499944,5.604994,2.7307203,-4.5468225
708,2026-05-11 16:17:12.674351,1.0045099,-1.2800747,0.9499944,5.604994,2.7307203,-4.5468225
709,2026-05-11 16:17:12.677008,1.0045099,-1.2800747,0.9499944,5.604994,2.7307203,-4.5468225
710,2026-05-11 16:17:12.679586,1.0045099,-1.2800747,0.9499944,5.604994,2.7307203,-4.5468225
711,2026-05-11 16:17:12.682611,1.0045099,-1.2800747,0.9499944,5.604994,2.7307203,-4.5468225
712,2026-05-11 16:17:12.685816,1.0045099,-1.2800747,0.9499944,5.604994,2.7307203,-4.5468225
713,2026-05-11 16:17:12.688611,1.0045099,-1.2800747,0.9499944,5.604994,2.7307203,-4.5468225
714,2026-05-11 16:17:12.691222,1.0045099,-1.2800747,0.9499944,5.604994,2.7307203,-4.5468225
715,2026-05-11 16:17:12.693990,1.0045099,-1.2800747,0.9499944,5.604994,2.7307203,-4.5468225
716,2026-05-11 16:17:12.696640,1.0045099,-1.2800747,0.9499944,5.604994,2.7307203,-4.5468225
717,2026-05-11 16:17:12.699853,1.0045099,-1.2800747,0.9499944,5.604994,2.7307203,-4.5468225
718,2026-05-11 16:17:12.702594,1.0045099,-1.2800747,0.9499944,5.604994,2.7307203,-4.5468225
719,2026-05-11 16:17:12.705397,1.0045099,-1.2800747,0.9499944,5.604994,2.7307203,-4.5468225
720,2026-05-11 16:17:12.708101,1.0045099,-1.2800747,0.9499944,5.557041,2.6458101,-4.320497
721,2026-05-11 16:17:12.710779,1.0045099,-1.2800747,0.9499944,5.557041,2.6458101,-4.320497
722,2026-05-11 16:17:12.713427,0.9460917,-1.1685438,0.6535137,5.51031,2.4226916,-4.1686974
723,2026-05-11 16:17:12.716517,0.9460917,-1.1685438,0.6535137,5.51031,2.4226916,-4.1686974
724,2026-05-11 16:17:12.719413,0.9460917,-1.1685438,0.6535137,5.4495287,2.217288,-4.1082215
725,2026-05-11 16:17:12.722031,0.9460917,-1.1685438,0.6535137,5.4495287,2.217288,-4.1082215
726,2026-05-11 16:17:12.724862,0.9460917,-1.1685438,0.6535137,5.4495287,2.217288,-4.1082215
727,2026-05-11 16:17:12.727487,0.9460917,-1.1685438,0.6535137,5.4495287,2.217288,-4.1082215
728,2026-05-11 16:17:12.730200,0.9460917,-1.1685438,0.6535137,5.4495287,2.217288,-4.1082215
729,2026-05-11 16:17:12.733180,0.9460917,-1.1685438,0.6535137,5.4495287,2.217288,-4.1082215
730,2026-05-11 16:17:12.735987,0.9460917,-1.1685438,0.6535137,5.4495287,2.217288,-4.1082215
731,2026-05-11 16:17:12.738594,0.9460917,-1.1685438,0.6535137,5.4495287,2.217288,-4.1082215
732,2026-05-11 16:17:12.741157,0.9460917,-1.1685438,0.6535137,5.4495287,2.217288,-4.1082215
733,2026-05-11 16:17:12.743843,0.9460917,-1.1685438,0.6535137,5.4495287,2.217288,-4.1082215
734,2026-05-11 16:17:12.746387,0.9460917,-1.1685438,0.6535137,5.4495287,2.217288,-4.1082215
735,2026-05-11 16:17:12.749334,0.9460917,-1.1685438,0.6535137,5.4495287,2.217288,-4.1082215
736,2026-05-11 16:17:12.752032,0.9460917,-1.1685438,0.6535137,5.4495287,2.217288,-4.1082215
737,2026-05-11 16:17:12.754629,0.9460917,-1.1685438,0.6535137,5.4495287,2.217288,-4.1082215
738,2026-05-11 16:17:12.757351,0.9460917,-1.1685438,0.6535137,5.4495287,2.217288,-4.1082215
739,2026-05-11 16:17:12.760016,0.9460917,-1.1685438,0.6535137,5.4495287,2.217288,-4.1082215
740,2026-05-11 16:17:12.762783,0.9460917,-1.1685438,0.6535137,5.4495287,2.217288,-4.1082215
741,2026-05-11 16:17:12.765782,0.9460917,-1.1685438,0.6535137,5.4495287,2.217288,-4.1082215
742,2026-05-11 16:17:12.768490,0.9460917,-1.1685438,0.6535137,5.4495287,2.217288,-4.1082215
743,2026-05-11 16:17:12.771073,0.9460917,-1.1685438,0.6535137,5.4495287,2.217288,-4.1082215
744,2026-05-11 16:17:12.773629,0.9460917,-1.1685438,0.6535137,5.4495287,2.217288,-4.1082215
745,2026-05-11 16:17:12.776484,0.9460917,-1.1685438,0.6535137,5.4495287,2.217288,-4.1082215
746,2026-05-11 16:17:12.779185,0.9460917,-1.1685438,0.6535137,5.4495287,2.217288,-4.1082215
747,2026-05-11 16:17:12.782145,0.9460917,-1.1685438,0.6535137,5.4495287,2.217288,-4.1082215
748,2026-05-11 16:17:12.784969,0.9460917,-1.1685438,0.6535137,5.4495287,2.217288,-4.1082215
749,2026-05-11 16:17:12.787745,0.9460917,-1.1685438,0.6535137,5.4495287,2.217288,-4.1082215
750,2026-05-11 16:17:12.790360,0.9460917,-1.1685438,0.6535137,5.4495287,2.217288,-4.1082215
751,2026-05-11 16:17:12.793109,0.9460917,-1.1685438,0.6535137,5.4495287,2.217288,-4.1082215
752,2026-05-11 16:17:12.795690,0.9460917,-1.1685438,0.6535137,5.4495287,2.217288,-4.1082215
753,2026-05-11 16:17:12.798670,0.9460917,-1.1685438,0.6535137,5.4495287,2.217288,-4.1082215
754,2026-05-11 16:17:12.801620,0.9460917,-1.1685438,0.6535137,5.4495287,2.217288,-4.1082215
755,2026-05-11 16:17:12.804175,0.9460917,-1.1685438,0.6535137,5.4495287,2.217288,-4.1082215
756,2026-05-11 16:17:12.806938,0.9460917,-1.1685438,0.6535137,5.4495287,2.217288,-4.1082215
757,2026-05-11 16:17:12.809549,0.9460917,-1.1685438,0.6535137,5.4495287,2.217288,-4.1082215
758,2026-05-11 16:17:12.812362,0.9460917,-1.1685438,0.6535137,5.4495287,2.217288,-4.1082215
759,2026-05-11 16:17:12.815428,0.9460917,-1.1685438,0.6535137,5.4495287,2.217288,-4.1082215
760,2026-05-11 16:17:12.818299,0.9460917,-1.1685438,0.6535137,5.4495287,2.217288,-4.1082215
761,2026-05-11 16:17:12.820908,0.9460917,-1.1685438,0.6535137,5.4495287,2.217288,-4.1082215
762,2026-05-11 16:17:12.823646,0.9460917,-1.1685438,0.6535137,5.4495287,2.217288,-4.1082215
763,2026-05-11 16:17:12.826218,0.9460917,-1.1685438,0.6535137,5.4495287,2.217288,-4.1082215
764,2026-05-11 16:17:12.828890,0.9460917,-1.1685438,0.6535137,5.4495287,2.217288,-4.1082215
765,2026-05-11 16:17:12.831488,0.9460917,-1.1685438,0.6535137,5.4495287,2.217288,-4.1082215
766,2026-05-11 16:17:12.834689,0.9460917,-1.1685438,0.6535137,5.4495287,2.217288,-4.1082215
767,2026-05-11 16:17:12.837317,0.9460917,-1.1685438,0.6535137,5.4495287,2.217288,-4.1082215
768,2026-05-11 16:17:12.839943,0.9460917,-1.1685438,0.6535137,5.4495287,2.217288,-4.1082215
769,2026-05-11 16:17:12.842797,0.9460917,-1.1685438,0.6535137,5.4495287,2.217288,-4.1082215
770,2026-05-11 16:17:12.845398,0.9460917,-1.1685438,0.6535137,5.4495287,2.217288,-4.1082215
771,2026-05-11 16:17:12.848458,0.9460917,-1.1685438,0.6535137,5.4495287,2.217288,-4.1082215
772,2026-05-11 16:17:12.851126,0.9460917,-1.1685438,0.6535137,5.4495287,2.217288,-4.1082215
773,2026-05-11 16:17:12.853893,0.9460917,-1.1685438,0.6535137,5.4495287,2.217288,-4.1082215
774,2026-05-11 16:17:12.856567,0.9460917,-1.1685438,0.6535137,5.4495287,2.217288,-4.1082215
775,2026-05-11 16:17:12.859250,0.9460917,-1.1685438,0.6535137,5.311626,1.945453,-4.127769
776,2026-05-11 16:17:12.861952,0.8970645,-1.1357371,0.5307627,5.311626,1.945453,-4.127769
777,2026-05-11 16:17:12.864650,0.8970645,-1.1357371,0.5307627,5.311626,1.945453,-4.127769
778,2026-05-11 16:17:12.867928,0.8970645,-1.1357371,0.5307627,5.311626,1.945453,-4.127769
779,2026-05-11 16:17:12.870555,0.8970645,-1.1357371,0.5307627,5.311626,1.945453,-4.127769
780,2026-05-11 16:17:12.873171,0.8970645,-1.1357371,0.5307627,5.311626,1.945453,-4.127769
781,2026-05-11 16:17:12.875734,0.8970645,-1.1357371,0.5307627,5.311626,1.945453,-4.127769
782,2026-05-11 16:17:12.878329,0.8970645,-1.1357371,0.5307627,5.311626,1.945453,-4.127769
783,2026-05-11 16:17:12.880944,0.8970645,-1.1357371,0.5307627,5.311626,1.945453,-4.127769
784,2026-05-11 16:17:12.884249,0.8970645,-1.1357371,0.5307627,5.311626,1.945453,-4.127769
785,2026-05-11 16:17:12.887105,0.807913,-1.129822,0.46466127,5.311626,1.945453,-4.127769
786,2026-05-11 16:17:12.889725,0.807913,-1.129822,0.46466127,5.311626,1.945453,-4.127769
787,2026-05-11 16:17:12.892346,0.807913,-1.129822,0.46466127,5.311626,1.945453,-4.127769
788,2026-05-11 16:17:12.894903,0.807913,-1.129822,0.46466127,5.311626,1.945453,-4.127769
789,2026-05-11 16:17:12.915499,0.807913,-1.129822,0.46466127,5.311626,1.945453,-4.127769
790,2026-05-11 16:17:12.925681,0.807913,-1.129822,0.46466127,5.311626,1.945453,-4.127769
791,2026-05-11 16:17:12.929975,0.807913,-1.129822,0.46466127,5.311626,1.945453,-4.127769
792,2026-05-11 16:17:12.935500,0.807913,-1.129822,0.46466127,5.311626,1.945453,-4.127769
793,2026-05-11 16:17:12.938256,0.807913,-1.129822,0.46466127,5.311626,1.945453,-4.127769
794,2026-05-11 16:17:12.941007,0.807913,-1.129822,0.46466127,5.1696,1.8330538,-4.1383066
795,2026-05-11 16:17:12.943670,0.807913,-1.129822,0.46466127,5.1696,1.8330538,-4.1383066
796,2026-05-11 16:17:12.946475,0.807913,-1.129822,0.46466127,5.1696,1.8330538,-4.1383066
797,2026-05-11 16:17:12.949630,0.807913,-1.129822,0.46466127,5.1696,1.8330538,-4.1383066
798,2026-05-11 16:17:12.952502,0.807913,-1.129822,0.46466127,5.1696,1.8330538,-4.1383066
799,2026-05-11 16:17:12.955209,0.807913,-1.129822,0.46466127,5.1696,1.8330538,-4.1383066
800,2026-05-11 16:17:12.957920,0.807913,-1.129822,0.46466127,5.1696,1.8330538,-4.1383066
801,2026-05-11 16:17:12.960525,0.807913,-1.129822,0.46466127,5.1696,1.8330538,-4.1383066
802,2026-05-11 16:17:12.963400,0.807913,-1.129822,0.46466127,5.1696,1.8330538,-4.1383066
803,2026-05-11 16:17:12.966515,0.807913,-1.129822,0.46466127,5.1696,1.8330538,-4.1383066
804,2026-05-11 16:17:12.969234,0.807913,-1.129822,0.46466127,5.1696,1.8330538,-4.1383066
805,2026-05-11 16:17:12.971927,0.807913,-1.129822,0.46466127,5.1696,1.8330538,-4.1383066
806,2026-05-11 16:17:12.974482,0.807913,-1.129822,0.46466127,5.1696,1.8330538,-4.1383066
807,2026-05-11 16:17:12.977397,0.807913,-1.129822,0.46466127,5.1696,1.8330538,-4.1383066
808,2026-05-11 16:17:12.980107,0.807913,-1.129822,0.46466127,5.1696,1.8330538,-4.1383066
809,2026-05-11 16:17:12.983277,0.807913,-1.129822,0.46466127,5.1696,1.8330538,-4.1383066
810,2026-05-11 16:17:12.986118,0.807913,-1.129822,0.46466127,4.955644,1.7811303,-4.099364
811,2026-05-11 16:17:12.988802,0.6943698,-1.1204922,0.38831535,4.955644,1.7811303,-4.099364
812,2026-05-11 16:17:12.991370,0.6943698,-1.1204922,0.38831535,4.955644,1.7811303,-4.099364
813,2026-05-11 16:17:12.993967,0.6943698,-1.1204922,0.38831535,4.955644,1.7811303,-4.099364
814,2026-05-11 16:17:12.996609,0.6066208,-1.1192117,0.34703246,4.799568,1.766775,-4.0527854
815,2026-05-11 16:17:12.999601,0.6066208,-1.1192117,0.34703246,4.799568,1.766775,-4.0527854
816,2026-05-11 16:17:13.002329,0.6066208,-1.1192117,0.34703246,4.799568,1.766775,-4.0527854
817,2026-05-11 16:17:13.004905,0.6066208,-1.1192117,0.34703246,4.799568,1.766775,-4.0527854
818,2026-05-11 16:17:13.007461,0.6066208,-1.1192117,0.34703246,4.799568,1.766775,-4.0527854
819,2026-05-11 16:17:13.010269,0.6066208,-1.1192117,0.34703246,4.799568,1.766775,-4.0527854
820,2026-05-11 16:17:13.012863,0.6066208,-1.1192117,0.34703246,4.799568,1.766775,-4.0527854
821,2026-05-11 16:17:13.016007,0.6066208,-1.1192117,0.34703246,4.799568,1.766775,-4.0527854
822,2026-05-11 16:17:13.018813,0.6066208,-1.1192117,0.34703246,4.799568,1.766775,-4.0527854
823,2026-05-11 16:17:13.021388,0.6066208,-1.1192117,0.34703246,4.799568,1.766775,-4.0527854
824,2026-05-11 16:17:13.023942,0.6066208,-1.1192117,0.34703246,4.799568,1.766775,-4.0527854
825,2026-05-11 16:17:13.026698,0.6066208,-1.1192117,0.34703246,4.799568,1.766775,-4.0527854
826,2026-05-11 16:17:13.029280,0.6066208,-1.1192117,0.34703246,4.799568,1.766775,-4.0527854
827,2026-05-11 16:17:13.032386,0.6066208,-1.1192117,0.34703246,4.799568,1.766775,-4.0527854
828,2026-05-11 16:17:13.035171,0.6066208,-1.1192117,0.34703246,4.799568,1.766775,-4.0527854
829,2026-05-11 16:17:13.037745,0.6066208,-1.1192117,0.34703246,4.799568,1.766775,-4.0527854
830,2026-05-11 16:17:13.040646,0.6066208,-1.1192117,0.34703246,4.799568,1.766775,-4.0527854
831,2026-05-11 16:17:13.043428,0.6066208,-1.1192117,0.34703246,4.799568,1.766775,-4.0527854
832,2026-05-11 16:17:13.046065,0.42709813,-1.1021374,0.32447016,4.799568,1.766775,-4.0527854
833,2026-05-11 16:17:13.049228,0.42709813,-1.1021374,0.32447016,4.799568,1.766775,-4.0527854
834,2026-05-11 16:17:13.052054,0.42709813,-1.1021374,0.32447016,4.799568,1.766775,-4.0527854
835,2026-05-11 16:17:13.054656,0.42709813,-1.1021374,0.32447016,4.799568,1.766775,-4.0527854
836,2026-05-11 16:17:13.057273,0.42709813,-1.1021374,0.32447016,4.799568,1.766775,-4.0527854
837,2026-05-11 16:17:13.059849,0.42709813,-1.1021374,0.32447016,4.799568,1.766775,-4.0527854
838,2026-05-11 16:17:13.062422,0.42709813,-1.1021374,0.32447016,4.799568,1.766775,-4.0527854
839,2026-05-11 16:17:13.065126,0.42709813,-1.1021374,0.32447016,4.5271225,1.7880026,-3.8822014
840,2026-05-11 16:17:13.068669,0.42709813,-1.1021374,0.32447016,4.5271225,1.7880026,-3.8822014
841,2026-05-11 16:17:13.071569,0.42709813,-1.1021374,0.32447016,4.5271225,1.7880026,-3.8822014
842,2026-05-11 16:17:13.074273,0.42709813,-1.1021374,0.32447016,4.5271225,1.7880026,-3.8822014
843,2026-05-11 16:17:13.077002,0.42709813,-1.1021374,0.32447016,4.5271225,1.7880026,-3.8822014
844,2026-05-11 16:17:13.079799,0.42709813,-1.1021374,0.32447016,4.5271225,1.7880026,-3.8822014
845,2026-05-11 16:17:13.082542,0.42709813,-1.1021374,0.32447016,4.5271225,1.7880026,-3.8822014
846,2026-05-11 16:17:13.086025,0.42709813,-1.1021374,0.32447016,4.5271225,1.7880026,-3.8822014
847,2026-05-11 16:17:13.088976,0.42709813,-1.1021374,0.32447016,4.5271225,1.7880026,-3.8822014
848,2026-05-11 16:17:13.091700,0.42709813,-1.1021374,0.32447016,4.5271225,1.7880026,-3.8822014
849,2026-05-11 16:17:13.094299,0.42709813,-1.1021374,0.32447016,4.5271225,1.7880026,-3.8822014
850,2026-05-11 16:17:13.096953,0.42709813,-1.1021374,0.32447016,4.5271225,1.7880026,-3.8822014
851,2026-05-11 16:17:13.099951,0.42709813,-1.1021374,0.32447016,4.5271225,1.7880026,-3.8822014
852,2026-05-11 16:17:13.102834,0.42709813,-1.1021374,0.32447016,4.5271225,1.7880026,-3.8822014
853,2026-05-11 16:17:13.105489,0.42709813,-1.1021374,0.32447016,4.5271225,1.7880026,-3.8822014
854,2026-05-11 16:17:13.108108,0.42709813,-1.1021374,0.32447016,4.5271225,1.7880026,-3.8822014
855,2026-05-11 16:17:13.110829,0.42709813,-1.1021374,0.32447016,4.5271225,1.7880026,-3.8822014
856,2026-05-11 16:17:13.113402,0.42709813,-1.1021374,0.32447016,4.5271225,1.7880026,-3.8822014
857,2026-05-11 16:17:13.116480,0.42709813,-1.1021374,0.32447016,4.5271225,1.7880026,-3.8822014
858,2026-05-11 16:17:13.119192,0.42709813,-1.1021374,0.32447016,4.5271225,1.7880026,-3.8822014
859,2026-05-11 16:17:13.121809,0.2816018,-1.0551835,0.35471582,4.5271225,1.7880026,-3.8822014
860,2026-05-11 16:17:13.124549,0.2816018,-1.0551835,0.35471582,4.288732,1.8376354,-3.5575266
861,2026-05-11 16:17:13.127134,0.2816018,-1.0551835,0.35471582,4.288732,1.8376354,-3.5575266
862,2026-05-11 16:17:13.129897,0.2816018,-1.0551835,0.35471582,4.288732,1.8376354,-3.5575266
863,2026-05-11 16:17:13.132931,0.2816018,-1.0551835,0.35471582,4.288732,1.8376354,-3.5575266
864,2026-05-11 16:17:13.135908,0.2816018,-1.0551835,0.35471582,4.288732,1.8376354,-3.5575266
865,2026-05-11 16:17:13.138576,0.2816018,-1.0551835,0.35471582,4.288732,1.8376354,-3.5575266
866,2026-05-11 16:17:13.141229,0.2816018,-1.0551835,0.35471582,4.288732,1.8376354,-3.5575266
867,2026-05-11 16:17:13.143986,0.2816018,-1.0551835,0.35471582,4.288732,1.8376354,-3.5575266
868,2026-05-11 16:17:13.146696,0.2816018,-1.0551835,0.35471582,4.288732,1.8376354,-3.5575266
869,2026-05-11 16:17:13.149755,0.2816018,-1.0551835,0.35471582,4.288732,1.8376354,-3.5575266
870,2026-05-11 16:17:13.152635,0.2816018,-1.0551835,0.35471582,4.288732,1.8376354,-3.5575266
871,2026-05-11 16:17:13.155282,0.2816018,-1.0551835,0.35471582,4.288732,1.8376354,-3.5575266
872,2026-05-11 16:17:13.157854,0.2816018,-1.0551835,0.35471582,4.288732,1.8376354,-3.5575266
873,2026-05-11 16:17:13.160753,0.2816018,-1.0551835,0.35471582,4.288732,1.8376354,-3.5575266
874,2026-05-11 16:17:13.163508,0.2816018,-1.0551835,0.35471582,4.288732,1.8376354,-3.5575266
875,2026-05-11 16:17:13.166594,0.2816018,-1.0551835,0.35471582,4.288732,1.8376354,-3.5575266
876,2026-05-11 16:17:13.169511,0.2816018,-1.0551835,0.35471582,4.288732,1.8376354,-3.5575266
877,2026-05-11 16:17:13.172175,0.2816018,-1.0551835,0.35471582,4.288732,1.8376354,-3.5575266
878,2026-05-11 16:17:13.174769,0.2816018,-1.0551835,0.35471582,4.288732,1.8376354,-3.5575266
879,2026-05-11 16:17:13.177607,0.2816018,-1.0551835,0.35471582,4.288732,1.8376354,-3.5575266
880,2026-05-11 16:17:13.180226,0.2816018,-1.0551835,0.35471582,4.288732,1.8376354,-3.5575266
881,2026-05-11 16:17:13.183434,0.2816018,-1.0551835,0.35471582,4.288732,1.8376354,-3.5575266
882,2026-05-11 16:17:13.186201,0.2816018,-1.0551835,0.35471582,4.288732,1.8376354,-3.5575266
883,2026-05-11 16:17:13.189018,0.2816018,-1.0551835,0.35471582,4.288732,1.8376354,-3.5575266
884,2026-05-11 16:17:13.191761,0.25281963,-1.0395119,0.3497765,4.1636577,1.982105,-3.122285
885,2026-05-11 16:17:13.194354,0.25281963,-1.0395119,0.3497765,4.1636577,1.982105,-3.122285
886,2026-05-11 16:17:13.197102,0.2426361,-1.0245719,0.31129867,4.1636577,1.982105,-3.122285
887,2026-05-11 16:17:13.200043,0.2426361,-1.0245719,0.31129867,4.1636577,1.982105,-3.122285
888,2026-05-11 16:17:13.202877,0.2426361,-1.0245719,0.31129867,4.1636577,1.982105,-3.122285
889,2026-05-11 16:17:13.205614,0.2426361,-1.0245719,0.31129867,4.1636577,1.982105,-3.122285
890,2026-05-11 16:17:13.208265,0.2426361,-1.0245719,0.31129867,4.1636577,1.982105,-3.122285
891,2026-05-11 16:17:13.210897,0.2426361,-1.0245719,0.31129867,4.1636577,1.982105,-3.122285
892,2026-05-11 16:17:13.213468,0.2426361,-1.0245719,0.31129867,4.1636577,1.982105,-3.122285
893,2026-05-11 16:17:13.216483,0.2426361,-1.0245719,0.31129867,4.1636577,1.982105,-3.122285
894,2026-05-11 16:17:13.219116,0.2426361,-1.0245719,0.31129867,4.1636577,1.982105,-3.122285
895,2026-05-11 16:17:13.221674,0.2426361,-1.0245719,0.31129867,4.1636577,1.982105,-3.122285
896,2026-05-11 16:17:13.224222,0.2426361,-1.0245719,0.31129867,4.1636577,1.982105,-3.122285
897,2026-05-11 16:17:13.226774,0.2426361,-1.0245719,0.31129867,4.1636577,1.982105,-3.122285
898,2026-05-11 16:17:13.229339,0.2426361,-1.0245719,0.31129867,4.1636577,1.982105,-3.122285
899,2026-05-11 16:17:13.232347,0.2426361,-1.0245719,0.31129867,4.1636577,1.982105,-3.122285
900,2026-05-11 16:17:13.235209,0.19397473,-1.0117663,0.24440451,4.1636577,1.982105,-3.122285
901,2026-05-11 16:17:13.237823,0.19397473,-1.0117663,0.24440451,4.1636577,1.982105,-3.122285
902,2026-05-11 16:17:13.240480,0.19397473,-1.0117663,0.24440451,4.1636577,1.982105,-3.122285
903,2026-05-11 16:17:13.243060,0.19397473,-1.0117663,0.24440451,4.1636577,1.982105,-3.122285
904,2026-05-11 16:17:13.245829,0.19397473,-1.0117663,0.24440451,4.1636577,1.982105,-3.122285
905,2026-05-11 16:17:13.248898,0.19397473,-1.0117663,0.24440451,4.2137485,1.9329304,-2.9837713
906,2026-05-11 16:17:13.251842,0.19397473,-1.0117663,0.24440451,4.2137485,1.9329304,-2.9837713
907,2026-05-11 16:17:13.254442,0.19397473,-1.0117663,0.24440451,4.2137485,1.9329304,-2.9837713
908,2026-05-11 16:17:13.257170,0.19397473,-1.0117663,0.24440451,4.2137485,1.9329304,-2.9837713
909,2026-05-11 16:17:13.259776,0.19397473,-1.0117663,0.24440451,4.2137485,1.9329304,-2.9837713
910,2026-05-11 16:17:13.262337,0.19397473,-1.0117663,0.24440451,4.2137485,1.9329304,-2.9837713
911,2026-05-11 16:17:13.265365,0.19397473,-1.0117663,0.24440451,4.2137485,1.9329304,-2.9837713
912,2026-05-11 16:17:13.268075,0.19397473,-1.0117663,0.24440451,4.2137485,1.9329304,-2.9837713
913,2026-05-11 16:17:13.270909,0.19397473,-1.0117663,0.24440451,4.2137485,1.9329304,-2.9837713
914,2026-05-11 16:17:13.273571,0.19397473,-1.0117663,0.24440451,4.2137485,1.9329304,-2.9837713
915,2026-05-11 16:17:13.276359,0.19397473,-1.0117663,0.24440451,4.2137485,1.9329304,-2.9837713
916,2026-05-11 16:17:13.278950,0.19397473,-1.0117663,0.24440451,4.2137485,1.9329304,-2.9837713
917,2026-05-11 16:17:13.282081,0.19397473,-1.0117663,0.24440451,4.2137485,1.9329304,-2.9837713
918,2026-05-11 16:17:13.285007,0.19397473,-1.0117663,0.24440451,4.2137485,1.9329304,-2.9837713
919,2026-05-11 16:17:13.287714,0.19397473,-1.0117663,0.24440451,4.2137485,1.9329304,-2.9837713
920,2026-05-11 16:17:13.290411,0.19397473,-1.0117663,0.24440451,4.2137485,1.9329304,-2.9837713
921,2026-05-11 16:17:13.293216,0.19397473,-1.0117663,0.24440451,4.2137485,1.9329304,-2.9837713
922,2026-05-11 16:17:13.295843,0.19397473,-1.0117663,0.24440451,4.2137485,1.9329304,-2.9837713
923,2026-05-11 16:17:13.298778,0.19397473,-1.0117663,0.24440451,4.2137485,1.9329304,-2.9837713
924,2026-05-11 16:17:13.301797,0.19397473,-1.0117663,0.24440451,4.2137485,1.9329304,-2.9837713
925,2026-05-11 16:17:13.304601,0.19397473,-1.0117663,0.24440451,4.2137485,1.9329304,-2.9837713
926,2026-05-11 16:17:13.307260,0.19397473,-1.0117663,0.24440451,4.2137485,1.9329304,-2.9837713
927,2026-05-11 16:17:13.309833,0.19397473,-1.0117663,0.24440451,4.2137485,1.9329304,-2.9837713
928,2026-05-11 16:17:13.312608,0.19397473,-1.0117663,0.24440451,4.2137485,1.9329304,-2.9837713
929,2026-05-11 16:17:13.315695,0.19397473,-1.0117663,0.24440451,4.2137485,1.9329304,-2.9837713
930,2026-05-11 16:17:13.318600,0.16781467,-1.0092052,0.17519315,4.2137485,1.9329304,-2.9837713
931,2026-05-11 16:17:13.321386,0.16781467,-1.0092052,0.17519315,4.333173,1.7081319,-2.8469374
932,2026-05-11 16:17:13.324007,0.16781467,-1.0092052,0.17519315,4.333173,1.7081319,-2.8469374
933,2026-05-11 16:17:13.326593,0.16781467,-1.0092052,0.17519315,4.333173,1.7081319,-2.8469374
934,2026-05-11 16:17:13.329467,0.16781467,-1.0092052,0.17519315,4.333173,1.7081319,-2.8469374
935,2026-05-11 16:17:13.332465,0.16781467,-1.0092052,0.17519315,4.333173,1.7081319,-2.8469374
936,2026-05-11 16:17:13.335285,0.16781467,-1.0092052,0.17519315,4.333173,1.7081319,-2.8469374
937,2026-05-11 16:17:13.337850,0.16781467,-1.0092052,0.17519315,4.333173,1.7081319,-2.8469374
938,2026-05-11 16:17:13.340496,0.16781467,-1.0092052,0.17519315,4.333173,1.7081319,-2.8469374
939,2026-05-11 16:17:13.343034,0.16781467,-1.0092052,0.17519315,4.333173,1.7081319,-2.8469374
940,2026-05-11 16:17:13.345792,0.16781467,-1.0092052,0.17519315,4.333173,1.7081319,-2.8469374
941,2026-05-11 16:17:13.348824,0.014513042,-1.039024,-0.0041465834,4.333173,1.7081319,-2.8469374
942,2026-05-11 16:17:13.351897,0.014513042,-1.039024,-0.0041465834,4.333173,1.7081319,-2.8469374
943,2026-05-11 16:17:13.354613,0.014513042,-1.039024,-0.0041465834,4.333173,1.7081319,-2.8469374
944,2026-05-11 16:17:13.357207,0.014513042,-1.039024,-0.0041465834,4.333173,1.7081319,-2.8469374
945,2026-05-11 16:17:13.359866,0.014513042,-1.039024,-0.0041465834,4.333173,1.7081319,-2.8469374
946,2026-05-11 16:17:13.362428,0.014513042,-1.039024,-0.0041465834,4.333173,1.7081319,-2.8469374
947,2026-05-11 16:17:13.365225,0.014513042,-1.039024,-0.0041465834,4.333173,1.7081319,-2.8469374
948,2026-05-11 16:17:13.368052,0.014513042,-1.039024,-0.0041465834,4.333173,1.7081319,-2.8469374
949,2026-05-11 16:17:13.370661,0.014513042,-1.039024,-0.0041465834,4.333173,1.7081319,-2.8469374
950,2026-05-11 16:17:13.373480,0.014513042,-1.039024,-0.0041465834,4.6292896,0.9970848,-2.6555839
951,2026-05-11 16:17:13.376103,0.014513042,-1.039024,-0.0041465834,4.6292896,0.9970848,-2.6555839
952,2026-05-11 16:17:13.378688,0.014513042,-1.039024,-0.0041465834,4.6292896,0.9970848,-2.6555839
953,2026-05-11 16:17:13.381258,0.014513042,-1.039024,-0.0041465834,4.6292896,0.9970848,-2.6555839
954,2026-05-11 16:17:13.384640,0.014513042,-1.039024,-0.0041465834,4.6292896,0.9970848,-2.6555839
955,2026-05-11 16:17:13.387317,0.014513042,-1.039024,-0.0041465834,4.6292896,0.9970848,-2.6555839
956,2026-05-11 16:17:13.390209,0.014513042,-1.039024,-0.0041465834,4.6292896,0.9970848,-2.6555839
957,2026-05-11 16:17:13.393062,-0.102262065,-1.1302489,-0.17537609,4.6292896,0.9970848,-2.6555839
958,2026-05-11 16:17:13.395679,-0.102262065,-1.1302489,-0.17537609,4.6292896,0.9970848,-2.6555839
959,2026-05-11 16:17:13.398754,-0.102262065,-1.1302489,-0.17537609,4.6292896,0.9970848,-2.6555839
960,2026-05-11 16:17:13.401794,-0.102262065,-1.1302489,-0.17537609,4.9640436,0.3145956,-2.4394903
961,2026-05-11 16:17:13.404458,-0.14793546,-1.1584822,-0.2154394,4.9640436,0.3145956,-2.4394903
962,2026-05-11 16:17:13.407253,-0.14793546,-1.1584822,-0.2154394,4.9640436,0.3145956,-2.4394903
963,2026-05-11 16:17:13.409883,-0.14793546,-1.1584822,-0.2154394,4.9640436,0.3145956,-2.4394903
964,2026-05-11 16:17:13.412753,-0.14793546,-1.1584822,-0.2154394,4.9640436,0.3145956,-2.4394903
965,2026-05-11 16:17:13.415916,-0.14793546,-1.1584822,-0.2154394,4.9640436,0.3145956,-2.4394903
966,2026-05-11 16:17:13.418724,-0.14793546,-1.1584822,-0.2154394,4.9640436,0.3145956,-2.4394903
967,2026-05-11 16:17:13.421488,-0.14793546,-1.1584822,-0.2154394,4.9640436,0.3145956,-2.4394903
968,2026-05-11 16:17:13.424221,-0.2830043,-1.2365966,-0.4494165,5.1150804,0.1600467,-2.3081543
969,2026-05-11 16:17:13.426835,-0.2830043,-1.2365966,-0.4494165,5.1150804,0.1600467,-2.3081543
970,2026-05-11 16:17:13.429711,-0.2830043,-1.2365966,-0.4494165,5.1150804,0.1600467,-2.3081543
971,2026-05-11 16:17:13.432872,-0.2830043,-1.2365966,-0.4494165,5.1150804,0.1600467,-2.3081543
972,2026-05-11 16:17:13.435773,-0.2830043,-1.2365966,-0.4494165,5.1150804,0.1600467,-2.3081543
973,2026-05-11 16:17:13.438526,-0.2830043,-1.2365966,-0.4494165,5.1150804,0.1600467,-2.3081543
974,2026-05-11 16:17:13.441255,-0.2830043,-1.2365966,-0.4494165,5.1150804,0.1600467,-2.3081543
975,2026-05-11 16:17:13.443846,-0.2830043,-1.2365966,-0.4494165,5.1150804,0.1600467,-2.3081543
976,2026-05-11 16:17:13.446639,-0.2830043,-1.2365966,-0.4494165,5.1150804,0.1600467,-2.3081543
977,2026-05-11 16:17:13.449720,-0.2830043,-1.2365966,-0.4494165,5.1150804,0.1600467,-2.3081543
978,2026-05-11 16:17:13.452556,-0.2830043,-1.2365966,-0.4494165,5.1150804,0.1600467,-2.3081543
979,2026-05-11 16:17:13.455178,-0.2830043,-1.2365966,-0.4494165,5.1150804,0.1600467,-2.3081543
980,2026-05-11 16:17:13.458003,-0.2830043,-1.2365966,-0.4494165,5.1150804,0.1600467,-2.3081543
981,2026-05-11 16:17:13.460801,-0.2830043,-1.2365966,-0.4494165,5.1150804,0.1600467,-2.3081543
982,2026-05-11 16:17:13.463548,-0.2830043,-1.2365966,-0.4494165,5.1150804,0.1600467,-2.3081543
983,2026-05-11 16:17:13.466491,-0.2830043,-1.2365966,-0.4494165,5.1150804,0.1600467,-2.3081543
984,2026-05-11 16:17:13.469317,-0.2830043,-1.2365966,-0.4494165,5.1150804,0.1600467,-2.3081543
985,2026-05-11 16:17:13.472028,-0.2830043,-1.2365966,-0.4494165,5.176625,0.16050485,-2.118939
986,2026-05-11 16:17:13.474677,-0.7104073,-1.6228997,-1.1769589,5.18762,0.013286319,-1.7773124
987,2026-05-11 16:17:13.477309,-0.9691419,-1.7389429,-1.3828856,5.2253413,-0.31688634,-1.381319
988,2026-05-11 16:17:13.480134,-0.9691419,-1.7389429,-1.3828856,5.2253413,-0.31688634,-1.381319
989,2026-05-11 16:17:13.483140,-0.9691419,-1.7389429,-1.3828856,5.2253413,-0.31688634,-1.381319
990,2026-05-11 16:17:13.485892,-0.9691419,-1.7389429,-1.3828856,5.2253413,-0.31688634,-1.381319
991,2026-05-11 16:17:13.488533,-0.9691419,-1.7389429,-1.3828856,5.2253413,-0.31688634,-1.381319
992,2026-05-11 16:17:13.491101,-0.9691419,-1.7389429,-1.3828856,5.2253413,-0.31688634,-1.381319
993,2026-05-11 16:17:13.494001,-0.9691419,-1.7389429,-1.3828856,5.2253413,-0.31688634,-1.381319
994,2026-05-11 16:17:13.496645,-0.9691419,-1.7389429,-1.3828856,5.2253413,-0.31688634,-1.381319
995,2026-05-11 16:17:13.499915,-0.9691419,-1.7389429,-1.3828856,5.2253413,-0.31688634,-1.381319
996,2026-05-11 16:17:13.502757,-0.9691419,-1.7389429,-1.3828856,5.2253413,-0.31688634,-1.381319
997,2026-05-11 16:17:13.505463,-0.9691419,-1.7389429,-1.3828856,5.2253413,-0.31688634,-1.381319
998,2026-05-11 16:17:13.508049,-0.9691419,-1.7389429,-1.3828856,5.2253413,-0.31688634,-1.381319
999,2026-05-11 16:17:13.510792,-0.9691419,-1.7389429,-1.3828856,5.2253413,-0.31688634,-1.381319
1000,2026-05-11 16:17:13.513357,-0.9691419,-1.7389429,-1.3828856,5.2253413,-0.31688634,-1.381319
1001,2026-05-11 16:17:13.516309,-0.9691419,-1.7389429,-1.3828856,5.2253413,-0.31688634,-1.381319
1002,2026-05-11 16:17:13.518952,-0.9691419,-1.7389429,-1.3828856,5.2253413,-0.31688634,-1.381319
1003,2026-05-11 16:17:13.521730,-0.9691419,-1.7389429,-1.3828856,5.2253413,-0.31688634,-1.381319
1004,2026-05-11 16:17:13.524472,-1.1222606,-1.8659626,-1.6102768,5.3166656,-0.947452,-0.8344419
1005,2026-05-11 16:17:13.527174,-1.1222606,-1.8659626,-1.6102768,5.3166656,-0.947452,-0.8344419
1006,2026-05-11 16:17:13.529971,-1.1222606,-1.8659626,-1.6102768,5.3166656,-0.947452,-0.8344419
1007,2026-05-11 16:17:13.533168,-1.1222606,-1.8659626,-1.6102768,5.3166656,-0.947452,-0.8344419
1008,2026-05-11 16:17:13.535898,-1.1222606,-1.8659626,-1.6102768,5.3166656,-0.947452,-0.8344419
1009,2026-05-11 16:17:13.538488,-1.1222606,-1.8659626,-1.6102768,5.3166656,-0.947452,-0.8344419
1010,2026-05-11 16:17:13.541202,-1.1222606,-1.8659626,-1.6102768,5.3166656,-0.947452,-0.8344419
1011,2026-05-11 16:17:13.543790,-1.1222606,-1.8659626,-1.6102768,5.3166656,-0.947452,-0.8344419
1012,2026-05-11 16:17:13.546362,-1.1222606,-1.8659626,-1.6102768,5.3166656,-0.947452,-0.8344419
1013,2026-05-11 16:17:13.549475,-1.1222606,-1.8659626,-1.6102768,5.3166656,-0.947452,-0.8344419
1014,2026-05-11 16:17:13.552184,-1.1222606,-1.8659626,-1.6102768,5.3166656,-0.947452,-0.8344419
1015,2026-05-11 16:17:13.554804,-1.1222606,-1.8659626,-1.6102768,5.3166656,-0.947452,-0.8344419
1016,2026-05-11 16:17:13.557384,-1.1222606,-1.8659626,-1.6102768,5.3166656,-0.947452,-0.8344419
1017,2026-05-11 16:17:13.560261,-1.1726295,-1.9829205,-1.7612003,5.526956,-2.3985624,0.027641652
1018,2026-05-11 16:17:13.563025,-1.1726295,-1.9829205,-1.7612003,5.526956,-2.3985624,0.027641652
1019,2026-05-11 16:17:13.566063,-1.1726295,-1.9829205,-1.7612003,5.526956,-2.3985624,0.027641652
1020,2026-05-11 16:17:13.568774,-1.1726295,-1.9829205,-1.7612003,5.526956,-2.3985624,0.027641652
1021,2026-05-11 16:17:13.571365,-1.1726295,-1.9829205,-1.7612003,5.526956,-2.3985624,0.027641652
1022,2026-05-11 16:17:13.574193,-1.1726295,-1.9829205,-1.7612003,5.526956,-2.3985624,0.027641652
1023,2026-05-11 16:17:13.576802,-1.1726295,-1.9829205,-1.7612003,5.526956,-2.3985624,0.027641652
1024,2026-05-11 16:17:13.579369,-1.1726295,-1.9829205,-1.7612003,5.526956,-2.3985624,0.027641652
1025,2026-05-11 16:17:13.582471,-1.1726295,-1.9829205,-1.7612003,5.526956,-2.3985624,0.027641652
1026,2026-05-11 16:17:13.585216,-1.1726295,-1.9829205,-1.7612003,5.526956,-2.3985624,0.027641652
1027,2026-05-11 16:17:13.587913,-1.2364745,-2.0859754,-1.9827987,5.526956,-2.3985624,0.027641652
1028,2026-05-11 16:17:13.590585,-1.2364745,-2.0859754,-1.9827987,5.526956,-2.3985624,0.027641652
1029,2026-05-11 16:17:13.593171,-1.2364745,-2.0859754,-1.9827987,5.526956,-2.3985624,0.027641652
1030,2026-05-11 16:17:13.595881,-1.2364745,-2.0859754,-1.9827987,5.526956,-2.3985624,0.027641652
1031,2026-05-11 16:17:13.599058,-1.2364745,-2.0859754,-1.9827987,5.526956,-2.3985624,0.027641652
1032,2026-05-11 16:17:13.601973,-1.2364745,-2.0859754,-1.9827987,5.526956,-2.3985624,0.027641652
1033,2026-05-11 16:17:13.604542,-1.2364745,-2.0859754,-1.9827987,5.526956,-2.3985624,0.027641652
1034,2026-05-11 16:17:13.607451,-1.2364745,-2.0859754,-1.9827987,5.526956,-2.3985624,0.027641652
1035,2026-05-11 16:17:13.610137,-1.2364745,-2.0859754,-1.9827987,5.526956,-2.3985624,0.027641652
1036,2026-05-11 16:17:13.612888,-1.2364745,-2.0859754,-1.9827987,5.526956,-2.3985624,0.027641652
1037,2026-05-11 16:17:13.615830,-1.2364745,-2.0859754,-1.9827987,5.526956,-2.3985624,0.027641652
1038,2026-05-11 16:17:13.618730,-1.2364745,-2.0859754,-1.9827987,5.526956,-2.3985624,0.027641652
1039,2026-05-11 16:17:13.621347,-1.2364745,-2.0859754,-1.9827987,5.526956,-2.3985624,0.027641652
1040,2026-05-11 16:17:13.624129,-1.2364745,-2.0859754,-1.9827987,5.526956,-2.3985624,0.027641652
1041,2026-05-11 16:17:13.626872,-1.2364745,-2.0859754,-1.9827987,5.526956,-2.3985624,0.027641652
1042,2026-05-11 16:17:13.629531,-1.2649518,-2.0931098,-2.1187212,5.526956,-2.3985624,0.027641652
1043,2026-05-11 16:17:13.632760,-1.2055582,-2.0789018,-2.2786694,5.3995905,-3.063642,0.32055154
1044,2026-05-11 16:17:13.635541,-1.2055582,-2.0789018,-2.2786694,5.3995905,-3.063642,0.32055154
1045,2026-05-11 16:17:13.638169,-1.2055582,-2.0789018,-2.2786694,5.3995905,-3.063642,0.32055154
1046,2026-05-11 16:17:13.641029,-1.2055582,-2.0789018,-2.2786694,5.3995905,-3.063642,0.32055154
1047,2026-05-11 16:17:13.643789,-1.2055582,-2.0789018,-2.2786694,4.8123965,-3.6409097,0.60918534
1048,2026-05-11 16:17:13.646522,-1.2055582,-2.0789018,-2.2786694,4.8123965,-3.6409097,0.60918534
1049,2026-05-11 16:17:13.649733,-1.2055582,-2.0789018,-2.2786694,4.8123965,-3.6409097,0.60918534
1050,2026-05-11 16:17:13.652600,-1.2055582,-2.0789018,-2.2786694,4.8123965,-3.6409097,0.60918534
1051,2026-05-11 16:17:13.655292,-1.2055582,-2.0789018,-2.2786694,4.8123965,-3.6409097,0.60918534
1052,2026-05-11 16:17:13.657977,-1.2055582,-2.0789018,-2.2786694,4.8123965,-3.6409097,0.60918534
1053,2026-05-11 16:17:13.660608,-1.2055582,-2.0789018,-2.2786694,4.8123965,-3.6409097,0.60918534
1054,2026-05-11 16:17:13.663285,-1.1202483,-2.0355456,-2.2562902,3.7024543,-3.6483927,0.8593347
1055,2026-05-11 16:17:13.666480,-1.1202483,-2.0355456,-2.2562902,3.7024543,-3.6483927,0.8593347
1056,2026-05-11 16:17:13.669159,-1.1202483,-2.0355456,-2.2562902,3.7024543,-3.6483927,0.8593347
1057,2026-05-11 16:17:13.671814,-1.1202483,-2.0355456,-2.2562902,3.7024543,-3.6483927,0.8593347
1058,2026-05-11 16:17:13.674602,-1.1202483,-2.0355456,-2.2562902,2.1299343,-2.9721649,1.1527027
1059,2026-05-11 16:17:13.677177,-1.1202483,-2.0355456,-2.2562902,2.1299343,-2.9721649,1.1527027
1060,2026-05-11 16:17:13.679884,-1.0610375,-1.9403572,-2.1326244,2.1299343,-2.9721649,1.1527027
1061,2026-05-11 16:17:13.682896,-1.0610375,-1.9403572,-2.1326244,2.1299343,-2.9721649,1.1527027
1062,2026-05-11 16:17:13.685675,-1.0610375,-1.9403572,-2.1326244,2.1299343,-2.9721649,1.1527027
1063,2026-05-11 16:17:13.688207,-1.0610375,-1.9403572,-2.1326244,2.1299343,-2.9721649,1.1527027
1064,2026-05-11 16:17:13.690778,-1.0610375,-1.9403572,-2.1326244,2.1299343,-2.9721649,1.1527027
1065,2026-05-11 16:17:13.693456,-1.0610375,-1.9403572,-2.1326244,2.1299343,-2.9721649,1.1527027
1066,2026-05-11 16:17:13.695981,-1.0610375,-1.9403572,-2.1326244,2.1299343,-2.9721649,1.1527027
1067,2026-05-11 16:17:13.699119,-1.0610375,-1.9403572,-2.1326244,2.1299343,-2.9721649,1.1527027
1068,2026-05-11 16:17:13.701953,-1.0610375,-1.9403572,-2.1326244,2.1299343,-2.9721649,1.1527027
1069,2026-05-11 16:17:13.704550,-1.0610375,-1.9403572,-2.1326244,2.1299343,-2.9721649,1.1527027
1070,2026-05-11 16:17:13.707644,-1.0610375,-1.9403572,-2.1326244,2.1299343,-2.9721649,1.1527027
1071,2026-05-11 16:17:13.710307,-0.9639587,-1.8699262,-1.9090749,2.1299343,-2.9721649,1.1527027
1072,2026-05-11 16:17:13.713043,-0.9639587,-1.8699262,-1.9090749,2.1299343,-2.9721649,1.1527027
1073,2026-05-11 16:17:13.716110,-0.9639587,-1.8699262,-1.9090749,2.1299343,-2.9721649,1.1527027
1074,2026-05-11 16:17:13.718889,-0.9639587,-1.8699262,-1.9090749,2.1299343,-2.9721649,1.1527027
1075,2026-05-11 16:17:13.721474,-0.9639587,-1.8699262,-1.9090749,2.1299343,-2.9721649,1.1527027
1076,2026-05-11 16:17:13.724323,-0.9639587,-1.8699262,-1.9090749,2.1299343,-2.9721649,1.1527027
1077,2026-05-11 16:17:13.726994,-0.9639587,-1.8699262,-1.9090749,0.34116822,-1.8332067,1.4753923
1078,2026-05-11 16:17:13.729556,-0.9639587,-1.8699262,-1.9090749,0.34116822,-1.8332067,1.4753923
1079,2026-05-11 16:17:13.732570,-0.9639587,-1.8699262,-1.9090749,0.34116822,-1.8332067,1.4753923
1080,2026-05-11 16:17:13.735327,-0.9639587,-1.8699262,-1.9090749,0.34116822,-1.8332067,1.4753923
1081,2026-05-11 16:17:13.738027,-0.9639587,-1.8699262,-1.9090749,0.34116822,-1.8332067,1.4753923
1082,2026-05-11 16:17:13.740807,-0.8756608,-1.8556571,-1.6939404,-1.3790283,-0.64461553,1.7252362
1083,2026-05-11 16:17:13.743544,-0.8756608,-1.8556571,-1.6939404,-1.3790283,-0.64461553,1.7252362
1084,2026-05-11 16:17:13.746150,-0.8756608,-1.8556571,-1.6939404,-1.3790283,-0.64461553,1.7252362
1085,2026-05-11 16:17:13.749416,-0.8756608,-1.8556571,-1.6939404,-1.3790283,-0.64461553,1.7252362
1086,2026-05-11 16:17:13.752244,-0.8756608,-1.8556571,-1.6939404,-1.3790283,-0.64461553,1.7252362
1087,2026-05-11 16:17:13.754877,-0.8756608,-1.8556571,-1.6939404,-1.3790283,-0.64461553,1.7252362
1088,2026-05-11 16:17:13.757454,-0.8756608,-1.8556571,-1.6939404,-1.3790283,-0.64461553,1.7252362
1089,2026-05-11 16:17:13.760311,-0.8756608,-1.8556571,-1.6939404,-1.3790283,-0.64461553,1.7252362
1090,2026-05-11 16:17:13.762906,-0.8756608,-1.8556571,-1.6939404,-1.3790283,-0.64461553,1.7252362
1091,2026-05-11 16:17:13.765901,-0.8756608,-1.8556571,-1.6939404,-1.3790283,-0.64461553,1.7252362
1092,2026-05-11 16:17:13.768804,-0.8756608,-1.8556571,-1.6939404,-1.3790283,-0.64461553,1.7252362
1093,2026-05-11 16:17:13.771413,-0.8756608,-1.8556571,-1.6939404,-1.3790283,-0.64461553,1.7252362
1094,2026-05-11 16:17:13.774121,-0.8756608,-1.8556571,-1.6939404,-2.8043296,0.31703907,1.9184223
1095,2026-05-11 16:17:13.776850,-0.8756608,-1.8556571,-1.6939404,-2.8043296,0.31703907,1.9184223
1096,2026-05-11 16:17:13.779442,-0.8756608,-1.8556571,-1.6939404,-2.8043296,0.31703907,1.9184223
1097,2026-05-11 16:17:13.782463,-0.8756608,-1.8556571,-1.6939404,-2.8043296,0.31703907,1.9184223
1098,2026-05-11 16:17:13.785173,-0.8756608,-1.8556571,-1.6939404,-2.8043296,0.31703907,1.9184223
1099,2026-05-11 16:17:13.787764,-0.8756608,-1.8556571,-1.6939404,-2.8043296,0.31703907,1.9184223
1100,2026-05-11 16:17:13.790366,-0.8756608,-1.8556571,-1.6939404,-2.8043296,0.31703907,1.9184223
1101,2026-05-11 16:17:13.792946,-0.8756608,-1.8556571,-1.6939404,-2.8043296,0.31703907,1.9184223
1102,2026-05-11 16:17:13.795697,-0.8756608,-1.8556571,-1.6939404,-2.8043296,0.31703907,1.9184223
1103,2026-05-11 16:17:13.798751,-0.80571777,-1.8597426,-1.346542,-2.8043296,0.31703907,1.9184223
1104,2026-05-11 16:17:13.801925,-0.80571777,-1.8597426,-1.346542,-2.8043296,0.31703907,1.9184223
1105,2026-05-11 16:17:13.804607,-0.80571777,-1.8597426,-1.346542,-2.8043296,0.31703907,1.9184223
1106,2026-05-11 16:17:13.807255,-0.80571777,-1.8597426,-1.346542,-2.8043296,0.31703907,1.9184223
1107,2026-05-11 16:17:13.809850,-0.80571777,-1.8597426,-1.346542,-2.8043296,0.31703907,1.9184223
1108,2026-05-11 16:17:13.812566,-0.80571777,-1.8597426,-1.346542,-2.8043296,0.31703907,1.9184223
1109,2026-05-11 16:17:13.815605,-0.80571777,-1.8597426,-1.346542,-2.8043296,0.31703907,1.9184223
1110,2026-05-11 16:17:13.818591,-0.80571777,-1.8597426,-1.346542,-2.8043296,0.31703907,1.9184223
1111,2026-05-11 16:17:13.821222,-0.80571777,-1.8597426,-1.346542,-2.8043296,0.31703907,1.9184223
1112,2026-05-11 16:17:13.824018,-0.80571777,-1.8597426,-1.346542,-2.8043296,0.31703907,1.9184223
1113,2026-05-11 16:17:13.826613,-0.80571777,-1.8597426,-1.346542,-2.8043296,0.31703907,1.9184223
1114,2026-05-11 16:17:13.829346,-0.80571777,-1.8597426,-1.346542,-3.6885571,0.82924956,2.0841196
1115,2026-05-11 16:17:13.832411,-0.80571777,-1.8597426,-1.346542,-3.6885571,0.82924956,2.0841196
1116,2026-05-11 16:17:13.835211,-0.71760285,-1.8246796,-0.83639026,-4.4926085,1.1261301,2.357329
1117,2026-05-11 16:17:13.837799,-0.71760285,-1.8246796,-0.83639026,-4.4926085,1.1261301,2.357329
1118,2026-05-11 16:17:13.840531,-0.5499101,-1.7826041,-0.55417866,-5.0118437,1.2153164,2.597399
1119,2026-05-11 16:17:13.843118,-0.5499101,-1.7826041,-0.55417866,-5.0118437,1.2153164,2.597399
1120,2026-05-11 16:17:13.845869,-0.5499101,-1.7826041,-0.55417866,-5.0118437,1.2153164,2.597399
1121,2026-05-11 16:17:13.848897,-0.5499101,-1.7826041,-0.55417866,-5.0118437,1.2153164,2.597399
1122,2026-05-11 16:17:13.851763,-0.5499101,-1.7826041,-0.55417866,-5.0118437,1.2153164,2.597399
1123,2026-05-11 16:17:13.854378,-0.4551485,-1.7370527,-0.39057156,-5.204419,1.2116512,2.7249172
1124,2026-05-11 16:17:13.857177,-0.4551485,-1.7370527,-0.39057156,-5.204419,1.2116512,2.7249172
1125,2026-05-11 16:17:13.859790,-0.4551485,-1.7370527,-0.39057156,-5.204419,1.2116512,2.7249172
1126,2026-05-11 16:17:13.862361,-0.4551485,-1.7370527,-0.39057156,-5.204419,1.2116512,2.7249172
1127,2026-05-11 16:17:13.865459,-0.25721014,-1.6578407,-0.10476221,-5.444184,1.1267409,2.9578094
1128,2026-05-11 16:17:13.868353,-0.25721014,-1.6578407,-0.10476221,-5.444184,1.1267409,2.9578094
1129,2026-05-11 16:17:13.870969,-0.25721014,-1.6578407,-0.10476221,-5.444184,1.1267409,2.9578094
1130,2026-05-11 16:17:13.873568,-0.25721014,-1.6578407,-0.10476221,-5.444184,1.1267409,2.9578094
1131,2026-05-11 16:17:13.876130,-0.25721014,-1.6578407,-0.10476221,-5.444184,1.1267409,2.9578094
1132,2026-05-11 16:17:13.878708,-0.25721014,-1.6578407,-0.10476221,-5.444184,1.1267409,2.9578094
1133,2026-05-11 16:17:13.881487,-0.25721014,-1.6578407,-0.10476221,-5.4967184,1.0713049,3.0343204
1134,2026-05-11 16:17:13.884959,-0.25721014,-1.6578407,-0.10476221,-5.4967184,1.0713049,3.0343204
1135,2026-05-11 16:17:13.887802,-0.25721014,-1.6578407,-0.10476221,-5.4967184,1.0713049,3.0343204
1136,2026-05-11 16:17:13.890393,-0.25721014,-1.6578407,-0.10476221,-5.4967184,1.0713049,3.0343204
1137,2026-05-11 16:17:13.892993,-0.25721014,-1.6578407,-0.10476221,-5.4967184,1.0713049,3.0343204
1138,2026-05-11 16:17:13.895565,-0.25721014,-1.6578407,-0.10476221,-5.4967184,1.0713049,3.0343204
1139,2026-05-11 16:17:13.898594,-0.25721014,-1.6578407,-0.10476221,-5.4967184,1.0713049,3.0343204
1140,2026-05-11 16:17:13.902105,-0.18836464,-1.5885073,0.06756492,-5.4967184,1.0713049,3.0343204
1141,2026-05-11 16:17:13.904799,-0.18836464,-1.5885073,0.06756492,-5.4967184,1.0713049,3.0343204
1142,2026-05-11 16:17:13.907367,-0.18836464,-1.5885073,0.06756492,-5.4967184,1.0713049,3.0343204
1143,2026-05-11 16:17:13.910181,-0.18836464,-1.5885073,0.06756492,-5.4967184,1.0713049,3.0343204
1144,2026-05-11 16:17:13.912792,-0.18836464,-1.5885073,0.06756492,-5.4967184,1.0713049,3.0343204
1145,2026-05-11 16:17:13.915708,-0.18836464,-1.5885073,0.06756492,-5.4967184,1.0713049,3.0343204
1146,2026-05-11 16:17:13.918555,-0.18836464,-1.5885073,0.06756492,-5.4967184,1.0713049,3.0343204
1147,2026-05-11 16:17:13.921130,-0.18836464,-1.5885073,0.06756492,-5.4967184,1.0713049,3.0343204
1148,2026-05-11 16:17:13.924075,-0.18836464,-1.5885073,0.06756492,-5.4967184,1.0713049,3.0343204
1149,2026-05-11 16:17:13.926805,-0.18836464,-1.5885073,0.06756492,-5.4967184,1.0713049,3.0343204
1150,2026-05-11 16:17:13.929648,-0.18836464,-1.5885073,0.06756492,-5.4967184,1.0713049,3.0343204
1151,2026-05-11 16:17:13.932791,-0.18836464,-1.5885073,0.06756492,-5.4967184,1.0713049,3.0343204
1152,2026-05-11 16:17:13.935599,-0.18836464,-1.5885073,0.06756492,-5.4967184,1.0713049,3.0343204
1153,2026-05-11 16:17:13.938491,-0.19964579,-1.554542,0.31007907,-5.5381045,0.96776325,3.302032
1154,2026-05-11 16:17:13.941308,-0.19964579,-1.554542,0.31007907,-5.5381045,0.96776325,3.302032
1155,2026-05-11 16:17:13.943926,-0.19964579,-1.554542,0.31007907,-5.5381045,0.96776325,3.302032
1156,2026-05-11 16:17:13.946626,-0.19964579,-1.554542,0.31007907,-5.5381045,0.96776325,3.302032
1157,2026-05-11 16:17:13.949566,-0.19964579,-1.554542,0.31007907,-5.5381045,0.96776325,3.302032
1158,2026-05-11 16:17:13.952328,-0.19964579,-1.554542,0.31007907,-5.5381045,0.96776325,3.302032
1159,2026-05-11 16:17:13.954875,-0.19964579,-1.554542,0.31007907,-5.5381045,0.96776325,3.302032
1160,2026-05-11 16:17:13.957427,-0.19964579,-1.554542,0.31007907,-5.5381045,0.96776325,3.302032
1161,2026-05-11 16:17:13.960292,-0.19964579,-1.554542,0.31007907,-5.5381045,0.96776325,3.302032
1162,2026-05-11 16:17:13.963048,-0.21739073,-1.5522857,0.59722996,-5.448918,0.8929323,3.7530034
1163,2026-05-11 16:17:13.966137,-0.21739073,-1.5522857,0.59722996,-5.448918,0.8929323,3.7530034
1164,2026-05-11 16:17:13.968937,-0.21739073,-1.5522857,0.59722996,-5.448918,0.8929323,3.7530034
1165,2026-05-11 16:17:13.971549,-0.21739073,-1.5522857,0.59722996,-5.448918,0.8929323,3.7530034
1166,2026-05-11 16:17:13.974365,-0.21739073,-1.5522857,0.59722996,-5.448918,0.8929323,3.7530034
1167,2026-05-11 16:17:13.977009,-0.21739073,-1.5522857,0.59722996,-5.448918,0.8929323,3.7530034
1168,2026-05-11 16:17:13.979952,-0.21739073,-1.5522857,0.59722996,-5.448918,0.8929323,3.7530034
1169,2026-05-11 16:17:13.982764,-0.21739073,-1.5522857,0.59722996,-5.448918,0.8929323,3.7530034
1170,2026-05-11 16:17:14.012098,-0.16379005,-1.5617375,0.8364513,-5.1758614,0.88040954,4.9087605
1171,2026-05-11 16:17:14.015664,-0.03469715,-1.4974654,0.93163973,-5.1758614,0.88040954,4.9087605
1172,2026-05-11 16:17:14.022276,0.17848602,-1.4043502,0.9244442,-5.1758614,0.88040954,4.9087605
1173,2026-05-11 16:17:14.026117,0.17848602,-1.4043502,0.9244442,-5.1758614,0.88040954,4.9087605
1174,2026-05-11 16:17:14.028988,0.17848602,-1.4043502,0.9244442,-5.1758614,0.88040954,4.9087605
1175,2026-05-11 16:17:14.031973,0.17848602,-1.4043502,0.9244442,-5.1758614,0.88040954,4.9087605
1176,2026-05-11 16:17:14.034972,0.17848602,-1.4043502,0.9244442,-5.1758614,0.88040954,4.9087605
1177,2026-05-11 16:17:14.037635,0.17848602,-1.4043502,0.9244442,-5.1758614,0.88040954,4.9087605
1178,2026-05-11 16:17:14.040239,0.17848602,-1.4043502,0.9244442,-5.1758614,0.88040954,4.9087605
1179,2026-05-11 16:17:14.043021,0.17848602,-1.4043502,0.9244442,-5.1758614,0.88040954,4.9087605
1180,2026-05-11 16:17:14.045685,0.17848602,-1.4043502,0.9244442,-5.222745,0.8561276,5.533981
1181,2026-05-11 16:17:14.048612,0.17848602,-1.4043502,0.9244442,-5.222745,0.8561276,5.533981
1182,2026-05-11 16:17:14.051682,0.17848602,-1.4043502,0.9244442,-5.222745,0.8561276,5.533981
1183,2026-05-11 16:17:14.054405,0.17848602,-1.4043502,0.9244442,-5.222745,0.8561276,5.533981
1184,2026-05-11 16:17:14.057196,0.17848602,-1.4043502,0.9244442,-5.222745,0.8561276,5.533981
1185,2026-05-11 16:17:14.059953,0.43319598,-1.3146499,0.921822,-5.222745,0.8561276,5.533981
1186,2026-05-11 16:17:14.062697,0.43319598,-1.3146499,0.921822,-5.222745,0.8561276,5.533981
1187,2026-05-11 16:17:14.065860,0.43319598,-1.3146499,0.921822,-5.222745,0.8561276,5.533981
1188,2026-05-11 16:17:14.068637,0.43319598,-1.3146499,0.921822,-5.222745,0.8561276,5.533981
1189,2026-05-11 16:17:14.071375,0.43319598,-1.3146499,0.921822,-5.475949,0.8003862,5.98709
1190,2026-05-11 16:17:14.074104,0.43319598,-1.3146499,0.921822,-5.475949,0.8003862,5.98709
1191,2026-05-11 16:17:14.076901,0.89200324,-1.1775687,1.0529882,-5.964641,0.7122689,6.3255095
1192,2026-05-11 16:17:14.079673,0.89200324,-1.1775687,1.0529882,-5.964641,0.7122689,6.3255095
1193,2026-05-11 16:17:14.082835,0.89200324,-1.1775687,1.0529882,-5.964641,0.7122689,6.3255095
1194,2026-05-11 16:17:14.085555,0.89200324,-1.1775687,1.0529882,-5.964641,0.7122689,6.3255095
1195,2026-05-11 16:17:14.088258,0.89200324,-1.1775687,1.0529882,-5.964641,0.7122689,6.3255095
1196,2026-05-11 16:17:14.091052,1.1590921,-1.1195775,1.1574455,-5.964641,0.7122689,6.3255095
1197,2026-05-11 16:17:14.093641,1.1590921,-1.1195775,1.1574455,-5.964641,0.7122689,6.3255095
1198,2026-05-11 16:17:14.096410,1.1590921,-1.1195775,1.1574455,-6.2984786,0.6606508,6.3525405
1199,2026-05-11 16:17:14.099527,1.1590921,-1.1195775,1.1574455,-6.2984786,0.6606508,6.3525405
1200,2026-05-11 16:17:14.102317,1.5604569,-1.0309747,1.4533165,-6.2984786,0.6606508,6.3525405
1201,2026-05-11 16:17:14.104905,1.5604569,-1.0309747,1.4533165,-6.2984786,0.6606508,6.3525405
1202,2026-05-11 16:17:14.107554,1.5604569,-1.0309747,1.4533165,-6.2984786,0.6606508,6.3525405
1203,2026-05-11 16:17:14.110122,1.5604569,-1.0309747,1.4533165,-6.2984786,0.6606508,6.3525405
1204,2026-05-11 16:17:14.113020,1.5604569,-1.0309747,1.4533165,-6.2984786,0.6606508,6.3525405
1205,2026-05-11 16:17:14.116070,1.5604569,-1.0309747,1.4533165,-6.2984786,0.6606508,6.3525405
1206,2026-05-11 16:17:14.118859,1.5604569,-1.0309747,1.4533165,-6.2984786,0.6606508,6.3525405
1207,2026-05-11 16:17:14.121531,1.5604569,-1.0309747,1.4533165,-6.2984786,0.6606508,6.3525405
1208,2026-05-11 16:17:14.124111,1.5604569,-1.0309747,1.4533165,-6.2984786,0.6606508,6.3525405
1209,2026-05-11 16:17:14.126912,1.5604569,-1.0309747,1.4533165,-6.2984786,0.6606508,6.3525405
1210,2026-05-11 16:17:14.129605,1.5604569,-1.0309747,1.4533165,-7.03732,0.6693556,6.0585613
1211,2026-05-11 16:17:14.132675,1.5604569,-1.0309747,1.4533165,-7.03732,0.6693556,6.0585613
1212,2026-05-11 16:17:14.135408,1.5604569,-1.0309747,1.4533165,-7.03732,0.6693556,6.0585613
1213,2026-05-11 16:17:14.138023,1.5604569,-1.0309747,1.4533165,-7.03732,0.6693556,6.0585613
1214,2026-05-11 16:17:14.140756,1.5604569,-1.0309747,1.4533165,-7.03732,0.6693556,6.0585613
1215,2026-05-11 16:17:14.143414,1.5604569,-1.0309747,1.4533165,-7.03732,0.6693556,6.0585613
1216,2026-05-11 16:17:14.146155,1.5604569,-1.0309747,1.4533165,-7.03732,0.6693556,6.0585613
1217,2026-05-11 16:17:14.149125,1.5604569,-1.0309747,1.4533165,-7.03732,0.6693556,6.0585613
1218,2026-05-11 16:17:14.151970,1.5604569,-1.0309747,1.4533165,-7.03732,0.6693556,6.0585613
1219,2026-05-11 16:17:14.154599,1.5604569,-1.0309747,1.4533165,-7.03732,0.6693556,6.0585613
1220,2026-05-11 16:17:14.157184,1.5604569,-1.0309747,1.4533165,-7.03732,0.6693556,6.0585613
1221,2026-05-11 16:17:14.159948,1.5604569,-1.0309747,1.4533165,-7.03732,0.6693556,6.0585613
1222,2026-05-11 16:17:14.162506,1.5604569,-1.0309747,1.4533165,-7.03732,0.6693556,6.0585613
1223,2026-05-11 16:17:14.165469,1.5604569,-1.0309747,1.4533165,-7.03732,0.6693556,6.0585613
1224,2026-05-11 16:17:14.168397,1.5604569,-1.0309747,1.4533165,-7.03732,0.6693556,6.0585613
1225,2026-05-11 16:17:14.171328,1.5604569,-1.0309747,1.4533165,-7.2578425,0.7255552,5.7641244
1226,2026-05-11 16:17:14.174153,1.5604569,-1.0309747,1.4533165,-7.2578425,0.7255552,5.7641244
1227,2026-05-11 16:17:14.176809,1.5604569,-1.0309747,1.4533165,-7.2578425,0.7255552,5.7641244
1228,2026-05-11 16:17:14.179629,1.5604569,-1.0309747,1.4533165,-7.2578425,0.7255552,5.7641244
1229,2026-05-11 16:17:14.182815,1.5604569,-1.0309747,1.4533165,-7.2578425,0.7255552,5.7641244
1230,2026-05-11 16:17:14.185740,1.5604569,-1.0309747,1.4533165,-7.2578425,0.7255552,5.7641244
1231,2026-05-11 16:17:14.188444,1.5604569,-1.0309747,1.4533165,-7.2578425,0.7255552,5.7641244
1232,2026-05-11 16:17:14.191088,1.5604569,-1.0309747,1.4533165,-7.2578425,0.7255552,5.7641244
1233,2026-05-11 16:17:14.193669,1.5604569,-1.0309747,1.4533165,-7.2578425,0.7255552,5.7641244
1234,2026-05-11 16:17:14.196470,1.5534443,-1.0729284,1.7730912,-7.2578425,0.7255552,5.7641244
1235,2026-05-11 16:17:14.199578,1.5534443,-1.0729284,1.7730912,-7.2578425,0.7255552,5.7641244
1236,2026-05-11 16:17:14.202430,1.5534443,-1.0729284,1.7730912,-7.2578425,0.7255552,5.7641244
1237,2026-05-11 16:17:14.205043,1.5534443,-1.0729284,1.7730912,-7.2578425,0.7255552,5.7641244
1238,2026-05-11 16:17:14.207673,1.5534443,-1.0729284,1.7730912,-7.2578425,0.7255552,5.7641244
1239,2026-05-11 16:17:14.210247,1.5534443,-1.0729284,1.7730912,-7.2578425,0.7255552,5.7641244
1240,2026-05-11 16:17:14.212971,1.5534443,-1.0729284,1.7730912,-7.2578425,0.7255552,5.7641244
1241,2026-05-11 16:17:14.215989,1.5534443,-1.0729284,1.7730912,-7.2578425,0.7255552,5.7641244
1242,2026-05-11 16:17:14.218772,1.5534443,-1.0729284,1.7730912,-7.2578425,0.7255552,5.7641244
1243,2026-05-11 16:17:14.221449,1.5534443,-1.0729284,1.7730912,-7.2578425,0.7255552,5.7641244
1244,2026-05-11 16:17:14.224010,1.5534443,-1.0729284,1.7730912,-7.2578425,0.7255552,5.7641244
1245,2026-05-11 16:17:14.226671,1.5534443,-1.0729284,1.7730912,-7.2578425,0.7255552,5.7641244
1246,2026-05-11 16:17:14.229207,1.5534443,-1.0729284,1.7730912,-7.2578425,0.7255552,5.7641244
1247,2026-05-11 16:17:14.232385,1.3516033,-1.1522623,2.1454911,-7.1385713,0.66675943,5.6472964
1248,2026-05-11 16:17:14.235101,1.3516033,-1.1522623,2.1454911,-7.1385713,0.66675943,5.6472964
1249,2026-05-11 16:17:14.237661,1.3516033,-1.1522623,2.1454911,-7.1385713,0.66675943,5.6472964
1250,2026-05-11 16:17:14.240314,1.3516033,-1.1522623,2.1454911,-7.1385713,0.66675943,5.6472964
1251,2026-05-11 16:17:14.242901,1.3516033,-1.1522623,2.1454911,-7.1385713,0.66675943,5.6472964
1252,2026-05-11 16:17:14.245519,1.3516033,-1.1522623,2.1454911,-7.1385713,0.66675943,5.6472964
1253,2026-05-11 16:17:14.248134,1.3516033,-1.1522623,2.1454911,-7.1385713,0.66675943,5.6472964
1254,2026-05-11 16:17:14.251613,1.3516033,-1.1522623,2.1454911,-7.1385713,0.66675943,5.6472964
1255,2026-05-11 16:17:14.254411,1.3516033,-1.1522623,2.1454911,-7.1385713,0.66675943,5.6472964
1256,2026-05-11 16:17:14.257133,1.3516033,-1.1522623,2.1454911,-7.1385713,0.66675943,5.6472964
1257,2026-05-11 16:17:14.259760,1.3516033,-1.1522623,2.1454911,-7.1385713,0.66675943,5.6472964
1258,2026-05-11 16:17:14.262574,1.3516033,-1.1522623,2.1454911,-7.1385713,0.66675943,5.6472964
1259,2026-05-11 16:17:14.265706,1.3516033,-1.1522623,2.1454911,-7.1385713,0.66675943,5.6472964
1260,2026-05-11 16:17:14.268660,1.206107,-1.1839105,2.38581,-7.1385713,0.66675943,5.6472964
1261,2026-05-11 16:17:14.271470,1.206107,-1.1839105,2.38581,-6.6648455,0.453262,5.8041363
1262,2026-05-11 16:17:14.274334,1.1625068,-1.1954966,2.4742296,-6.6648455,0.453262,5.8041363
1263,2026-05-11 16:17:14.277105,1.1625068,-1.1954966,2.4742296,-6.6648455,0.453262,5.8041363
1264,2026-05-11 16:17:14.279923,1.1625068,-1.1954966,2.4742296,-6.6648455,0.453262,5.8041363
1265,2026-05-11 16:17:14.282980,1.1625068,-1.1954966,2.4742296,-6.6648455,0.453262,5.8041363
1266,2026-05-11 16:17:14.285870,1.1625068,-1.1954966,2.4742296,-6.6648455,0.453262,5.8041363
1267,2026-05-11 16:17:14.288521,1.1625068,-1.1954966,2.4742296,-6.6648455,0.453262,5.8041363
1268,2026-05-11 16:17:14.291144,1.1625068,-1.1954966,2.4742296,-6.6648455,0.453262,5.8041363
1269,2026-05-11 16:17:14.293889,1.1625068,-1.1954966,2.4742296,-6.6648455,0.453262,5.8041363
1270,2026-05-11 16:17:14.296486,1.1625068,-1.1954966,2.4742296,-6.6648455,0.453262,5.8041363
1271,2026-05-11 16:17:14.299587,1.1625068,-1.1954966,2.4742296,-6.6648455,0.453262,5.8041363
1272,2026-05-11 16:17:14.302324,1.1625068,-1.1954966,2.4742296,-6.6648455,0.453262,5.8041363
1273,2026-05-11 16:17:14.305129,1.1625068,-1.1954966,2.4742296,-5.962503,0.17455475,6.085745
1274,2026-05-11 16:17:14.307816,1.1625068,-1.1954966,2.4742296,-5.962503,0.17455475,6.085745
1275,2026-05-11 16:17:14.310468,1.3222723,-1.1282976,2.3567228,-4.737718,-0.22983804,6.6066604
1276,2026-05-11 16:17:14.313053,1.3222723,-1.1282976,2.3567228,-4.737718,-0.22983804,6.6066604
1277,2026-05-11 16:17:14.315930,1.3222723,-1.1282976,2.3567228,-4.737718,-0.22983804,6.6066604
1278,2026-05-11 16:17:14.318674,1.3222723,-1.1282976,2.3567228,-4.737718,-0.22983804,6.6066604
1279,2026-05-11 16:17:14.321330,1.3222723,-1.1282976,2.3567228,-4.737718,-0.22983804,6.6066604
1280,2026-05-11 16:17:14.324077,1.3222723,-1.1282976,2.3567228,-4.737718,-0.22983804,6.6066604
1281,2026-05-11 16:17:14.326743,1.3222723,-1.1282976,2.3567228,-4.737718,-0.22983804,6.6066604
1282,2026-05-11 16:17:14.329350,1.3222723,-1.1282976,2.3567228,-4.737718,-0.22983804,6.6066604
1283,2026-05-11 16:17:14.332595,1.3222723,-1.1282976,2.3567228,-4.737718,-0.22983804,6.6066604
1284,2026-05-11 16:17:14.335314,1.3222723,-1.1282976,2.3567228,-4.737718,-0.22983804,6.6066604
1285,2026-05-11 16:17:14.338031,1.3222723,-1.1282976,2.3567228,-4.737718,-0.22983804,6.6066604
1286,2026-05-11 16:17:14.340753,1.3222723,-1.1282976,2.3567228,-4.737718,-0.22983804,6.6066604
1287,2026-05-11 16:17:14.343380,1.3222723,-1.1282976,2.3567228,-4.737718,-0.22983804,6.6066604
1288,2026-05-11 16:17:14.346046,1.3222723,-1.1282976,2.3567228,-4.737718,-0.22983804,6.6066604
1289,2026-05-11 16:17:14.349166,1.3222723,-1.1282976,2.3567228,-4.737718,-0.22983804,6.6066604
1290,2026-05-11 16:17:14.352068,1.3222723,-1.1282976,2.3567228,-4.737718,-0.22983804,6.6066604
1291,2026-05-11 16:17:14.354695,1.3222723,-1.1282976,2.3567228,-4.737718,-0.22983804,6.6066604
1292,2026-05-11 16:17:14.357393,1.3222723,-1.1282976,2.3567228,-4.737718,-0.22983804,6.6066604
1293,2026-05-11 16:17:14.360045,1.3222723,-1.1282976,2.3567228,-4.737718,-0.22983804,6.6066604
1294,2026-05-11 16:17:14.362671,1.665707,-0.9673125,2.1501255,-4.310876,-0.30207285,6.6992064
1295,2026-05-11 16:17:14.365437,1.9319421,-0.8073032,1.9929212,-4.310876,-0.30207285,6.6992064
1296,2026-05-11 16:17:14.368357,1.9319421,-0.8073032,1.9929212,-4.310876,-0.30207285,6.6992064
1297,2026-05-11 16:17:14.370942,1.9319421,-0.8073032,1.9929212,-4.310876,-0.30207285,6.6992064
1298,2026-05-11 16:17:14.373710,1.9319421,-0.8073032,1.9929212,-4.310876,-0.30207285,6.6992064
1299,2026-05-11 16:17:14.376337,1.9319421,-0.8073032,1.9929212,-4.310876,-0.30207285,6.6992064
1300,2026-05-11 16:17:14.378923,1.9319421,-0.8073032,1.9929212,-4.310876,-0.30207285,6.6992064
1301,2026-05-11 16:17:14.381889,1.9319421,-0.8073032,1.9929212,-4.1105123,-0.1386664,6.474408
1302,2026-05-11 16:17:14.384930,1.9319421,-0.8073032,1.9929212,-4.1105123,-0.1386664,6.474408
1303,2026-05-11 16:17:14.387647,1.9319421,-0.8073032,1.9929212,-4.1105123,-0.1386664,6.474408
1304,2026-05-11 16:17:14.390240,1.9319421,-0.8073032,1.9929212,-4.1105123,-0.1386664,6.474408
1305,2026-05-11 16:17:14.393061,1.9319421,-0.8073032,1.9929212,-4.1105123,-0.1386664,6.474408
1306,2026-05-11 16:17:14.395732,1.9319421,-0.8073032,1.9929212,-4.1105123,-0.1386664,6.474408
1307,2026-05-11 16:17:14.398808,1.9319421,-0.8073032,1.9929212,-4.1105123,-0.1386664,6.474408
1308,2026-05-11 16:17:14.401807,1.9319421,-0.8073032,1.9929212,-4.1105123,-0.1386664,6.474408
1309,2026-05-11 16:17:14.404462,1.9319421,-0.8073032,1.9929212,-4.1105123,-0.1386664,6.474408
1310,2026-05-11 16:17:14.407162,1.9319421,-0.8073032,1.9929212,-4.1105123,-0.1386664,6.474408
1311,2026-05-11 16:17:14.409798,1.9319421,-0.8073032,1.9929212,-4.1105123,-0.1386664,6.474408
1312,2026-05-11 16:17:14.412464,1.9452964,-0.7195542,1.9051111,-4.1105123,-0.1386664,6.474408
1313,2026-05-11 16:17:14.415543,1.9452964,-0.7195542,1.9051111,-4.1105123,-0.1386664,6.474408
1314,2026-05-11 16:17:14.418433,1.9452964,-0.7195542,1.9051111,-4.1105123,-0.1386664,6.474408
1315,2026-05-11 16:17:14.421045,1.9452964,-0.7195542,1.9051111,-4.1105123,-0.1386664,6.474408
1316,2026-05-11 16:17:14.423839,1.9452964,-0.7195542,1.9051111,-4.1105123,-0.1386664,6.474408
1317,2026-05-11 16:17:14.426666,1.9452964,-0.7195542,1.9051111,-4.0862303,0.36651915,5.761223
1318,2026-05-11 16:17:14.429338,1.9452964,-0.7195542,1.9051111,-4.0862303,0.36651915,5.761223
1319,2026-05-11 16:17:14.432298,1.9452964,-0.7195542,1.9051111,-4.0862303,0.36651915,5.761223
1320,2026-05-11 16:17:14.435174,1.9452964,-0.7195542,1.9051111,-4.0862303,0.36651915,5.761223
1321,2026-05-11 16:17:14.437825,1.9452964,-0.7195542,1.9051111,-4.0862303,0.36651915,5.761223
1322,2026-05-11 16:17:14.440425,1.9452964,-0.7195542,1.9051111,-4.0862303,0.36651915,5.761223
1323,2026-05-11 16:17:14.443211,1.9452964,-0.7195542,1.9051111,-4.0862303,0.36651915,5.761223
1324,2026-05-11 16:17:14.445799,1.9452964,-0.7195542,1.9051111,-4.0862303,0.36651915,5.761223
1325,2026-05-11 16:17:14.448840,1.9452964,-0.7195542,1.9051111,-4.0862303,0.36651915,5.761223
1326,2026-05-11 16:17:14.451779,1.9452964,-0.7195542,1.9051111,-4.0862303,0.36651915,5.761223
1327,2026-05-11 16:17:14.454394,1.9452964,-0.7195542,1.9051111,-4.0862303,0.36651915,5.761223
1328,2026-05-11 16:17:14.456991,1.9452964,-0.7195542,1.9051111,-4.0862303,0.36651915,5.761223
1329,2026-05-11 16:17:14.459835,1.9452964,-0.7195542,1.9051111,-4.0862303,0.36651915,5.761223
1330,2026-05-11 16:17:14.462442,1.9452964,-0.7195542,1.9051111,-4.0862303,0.36651915,5.761223
1331,2026-05-11 16:17:14.465585,1.9452964,-0.7195542,1.9051111,-4.0862303,0.36651915,5.761223
1332,2026-05-11 16:17:14.468311,1.9452964,-0.7195542,1.9051111,-4.0862303,0.36651915,5.761223
1333,2026-05-11 16:17:14.471128,1.9452964,-0.7195542,1.9051111,-4.0862303,0.36651915,5.761223
1334,2026-05-11 16:17:14.473781,1.9452964,-0.7195542,1.9051111,-4.0862303,0.36651915,5.761223
1335,2026-05-11 16:17:14.476449,1.9452964,-0.7195542,1.9051111,-4.0862303,0.36651915,5.761223
1336,2026-05-11 16:17:14.479289,1.7801039,-0.6688805,1.7906532,-4.0862303,0.36651915,5.761223
1337,2026-05-11 16:17:14.482231,1.7801039,-0.6688805,1.7906532,-4.0862303,0.36651915,5.761223
1338,2026-05-11 16:17:14.485253,1.7801039,-0.6688805,1.7906532,-4.0862303,0.36651915,5.761223
1339,2026-05-11 16:17:14.487973,1.7801039,-0.6688805,1.7906532,-4.0862303,0.36651915,5.761223
1340,2026-05-11 16:17:14.490773,1.4799033,-0.65089166,1.6030204,-4.141819,0.49266282,5.484195
1341,2026-05-11 16:17:14.493577,1.3299557,-0.6600385,1.2426335,-4.3440156,0.57971114,5.429218
1342,2026-05-11 16:17:14.496164,1.3299557,-0.6600385,1.2426335,-4.3440156,0.57971114,5.429218
1343,2026-05-11 16:17:14.499529,1.3299557,-0.6600385,1.2426335,-4.3440156,0.57971114,5.429218
1344,2026-05-11 16:17:14.502472,1.3299557,-0.6600385,1.2426335,-4.3440156,0.57971114,5.429218
1345,2026-05-11 16:17:14.505241,1.3299557,-0.6600385,1.2426335,-4.3440156,0.57971114,5.429218
1346,2026-05-11 16:17:14.507819,1.3299557,-0.6600385,1.2426335,-4.3440156,0.57971114,5.429218
1347,2026-05-11 16:17:14.510534,1.3299557,-0.6600385,1.2426335,-4.3440156,0.57971114,5.429218
1348,2026-05-11 16:17:14.513142,1.3299557,-0.6600385,1.2426335,-4.3440156,0.57971114,5.429218
1349,2026-05-11 16:17:14.516172,1.3299557,-0.6600385,1.2426335,-4.3440156,0.57971114,5.429218
1350,2026-05-11 16:17:14.519203,1.3299557,-0.6600385,1.2426335,-4.631428,0.714865,5.4006596
1351,2026-05-11 16:17:14.521871,1.3299557,-0.6600385,1.2426335,-4.631428,0.714865,5.4006596
1352,2026-05-11 16:17:14.524447,1.3299557,-0.6600385,1.2426335,-4.631428,0.714865,5.4006596
1353,2026-05-11 16:17:14.527323,1.3299557,-0.6600385,1.2426335,-4.631428,0.714865,5.4006596
1354,2026-05-11 16:17:14.530045,1.3299557,-0.6600385,1.2426335,-4.631428,0.714865,5.4006596
1355,2026-05-11 16:17:14.533106,1.3299557,-0.6600385,1.2426335,-4.631428,0.714865,5.4006596
1356,2026-05-11 16:17:14.535911,1.3299557,-0.6600385,1.2426335,-4.631428,0.714865,5.4006596
1357,2026-05-11 16:17:14.538542,1.3299557,-0.6600385,1.2426335,-4.631428,0.714865,5.4006596
1358,2026-05-11 16:17:14.541340,1.3299557,-0.6600385,1.2426335,-4.631428,0.714865,5.4006596
1359,2026-05-11 16:17:14.544122,1.375812,-0.6854668,1.0348165,-5.6414933,1.2379184,5.1123314
1360,2026-05-11 16:17:14.546784,1.375812,-0.6854668,1.0348165,-5.6414933,1.2379184,5.1123314
1361,2026-05-11 16:17:14.549771,1.375812,-0.6854668,1.0348165,-5.6414933,1.2379184,5.1123314
1362,2026-05-11 16:17:14.552647,1.375812,-0.6854668,1.0348165,-5.6414933,1.2379184,5.1123314
1363,2026-05-11 16:17:14.555227,1.375812,-0.6854668,1.0348165,-5.6414933,1.2379184,5.1123314
1364,2026-05-11 16:17:14.557832,1.375812,-0.6854668,1.0348165,-5.6414933,1.2379184,5.1123314
1365,2026-05-11 16:17:14.560437,1.375812,-0.6854668,1.0348165,-5.6414933,1.2379184,5.1123314
1366,2026-05-11 16:17:14.563037,1.375812,-0.6854668,1.0348165,-5.6414933,1.2379184,5.1123314
1367,2026-05-11 16:17:14.566272,1.4578899,-0.6810763,0.9957288,-5.6414933,1.2379184,5.1123314
1368,2026-05-11 16:17:14.569274,1.4578899,-0.6810763,0.9957288,-5.6414933,1.2379184,5.1123314
1369,2026-05-11 16:17:14.571971,1.4578899,-0.6810763,0.9957288,-5.6414933,1.2379184,5.1123314
1370,2026-05-11 16:17:14.574529,1.4578899,-0.6810763,0.9957288,-5.6414933,1.2379184,5.1123314
1371,2026-05-11 16:17:14.577249,1.4578899,-0.6810763,0.9957288,-5.6414933,1.2379184,5.1123314
1372,2026-05-11 16:17:14.579828,1.4578899,-0.6810763,0.9957288,-5.6414933,1.2379184,5.1123314
1373,2026-05-11 16:17:14.583003,1.4578899,-0.6810763,0.9957288,-5.6414933,1.2379184,5.1123314
1374,2026-05-11 16:17:14.585790,1.6285096,-0.71150494,1.0854292,-6.272059,1.1727085,4.6001205
1375,2026-05-11 16:17:14.588548,1.6346077,-0.790351,1.2137903,-6.49869,0.8174904,4.0903535
1376,2026-05-11 16:17:14.591139,1.6346077,-0.790351,1.2137903,-6.49869,0.8174904,4.0903535
1377,2026-05-11 16:17:14.593757,1.6346077,-0.790351,1.2137903,-6.49869,0.8174904,4.0903535
1378,2026-05-11 16:17:14.596313,1.6346077,-0.790351,1.2137903,-6.49869,0.8174904,4.0903535
1379,2026-05-11 16:17:14.599409,1.6346077,-0.790351,1.2137903,-6.49869,0.8174904,4.0903535
1380,2026-05-11 16:17:14.602071,1.6346077,-0.790351,1.2137903,-6.49869,0.8174904,4.0903535
1381,2026-05-11 16:17:14.604701,1.6346077,-0.790351,1.2137903,-6.49869,0.8174904,4.0903535
1382,2026-05-11 16:17:14.607382,1.6346077,-0.790351,1.2137903,-6.49869,0.8174904,4.0903535
1383,2026-05-11 16:17:14.609990,1.6346077,-0.790351,1.2137903,-6.49869,0.8174904,4.0903535
1384,2026-05-11 16:17:14.612829,1.6346077,-0.790351,1.2137903,-6.49869,0.8174904,4.0903535
1385,2026-05-11 16:17:14.615804,1.6346077,-0.790351,1.2137903,-6.49869,0.8174904,4.0903535
1386,2026-05-11 16:17:14.618677,1.6346077,-0.790351,1.2137903,-6.49869,0.8174904,4.0903535
1387,2026-05-11 16:17:14.621600,1.6725366,-0.8978573,1.279343,-6.485251,0.3831652,3.7733147
1388,2026-05-11 16:17:14.624266,1.6725366,-0.8978573,1.279343,-6.485251,0.3831652,3.7733147
1389,2026-05-11 16:17:14.626852,1.6725366,-0.8978573,1.279343,-6.485251,0.3831652,3.7733147
1390,2026-05-11 16:17:14.629550,1.6725366,-0.8978573,1.279343,-6.485251,0.3831652,3.7733147
1391,2026-05-11 16:17:14.632638,1.6725366,-0.8978573,1.279343,-6.485251,0.3831652,3.7733147
1392,2026-05-11 16:17:14.635468,1.6725366,-0.8978573,1.279343,-6.4263024,-0.18509217,3.5220964
1393,2026-05-11 16:17:14.638043,1.6725366,-0.8978573,1.279343,-6.4263024,-0.18509217,3.5220964
1394,2026-05-11 16:17:14.640845,1.6725366,-0.8978573,1.279343,-6.4263024,-0.18509217,3.5220964
1395,2026-05-11 16:17:14.643505,1.6725366,-0.8978573,1.279343,-6.4263024,-0.18509217,3.5220964
1396,2026-05-11 16:17:14.646229,1.6725366,-0.8978573,1.279343,-6.4263024,-0.18509217,3.5220964
1397,2026-05-11 16:17:14.649223,1.6725366,-0.8978573,1.279343,-6.4263024,-0.18509217,3.5220964
1398,2026-05-11 16:17:14.652060,1.744492,-1.0467074,1.2154977,-6.4263024,-0.18509217,3.5220964
1399,2026-05-11 16:17:14.654784,1.744492,-1.0467074,1.2154977,-6.4263024,-0.18509217,3.5220964
1400,2026-05-11 16:17:14.657354,1.744492,-1.0467074,1.2154977,-6.4263024,-0.18509217,3.5220964
1401,2026-05-11 16:17:14.660161,1.744492,-1.0467074,1.2154977,-6.4263024,-0.18509217,3.5220964
1402,2026-05-11 16:17:14.662728,1.744492,-1.0467074,1.2154977,-6.4263024,-0.18509217,3.5220964
1403,2026-05-11 16:17:14.665667,1.744492,-1.0467074,1.2154977,-6.4263024,-0.18509217,3.5220964
1404,2026-05-11 16:17:14.668535,1.744492,-1.0467074,1.2154977,-6.4263024,-0.18509217,3.5220964
1405,2026-05-11 16:17:14.671184,1.744492,-1.0467074,1.2154977,-6.4263024,-0.18509217,3.5220964
1406,2026-05-11 16:17:14.673959,1.744492,-1.0467074,1.2154977,-6.4263024,-0.18509217,3.5220964
1407,2026-05-11 16:17:14.676571,1.744492,-1.0467074,1.2154977,-6.4263024,-0.18509217,3.5220964
1408,2026-05-11 16:17:14.679407,1.744492,-1.0467074,1.2154977,-6.600399,-0.5525276,3.4797938
1409,2026-05-11 16:17:14.682432,1.744492,-1.0467074,1.2154977,-6.600399,-0.5525276,3.4797938
1410,2026-05-11 16:17:14.685228,1.744492,-1.0467074,1.2154977,-6.600399,-0.5525276,3.4797938
1411,2026-05-11 16:17:14.687814,1.744492,-1.0467074,1.2154977,-6.600399,-0.5525276,3.4797938
1412,2026-05-11 16:17:14.690415,1.744492,-1.0467074,1.2154977,-6.600399,-0.5525276,3.4797938
1413,2026-05-11 16:17:14.692990,1.744492,-1.0467074,1.2154977,-6.600399,-0.5525276,3.4797938
1414,2026-05-11 16:17:14.695831,1.744492,-1.0467074,1.2154977,-6.600399,-0.5525276,3.4797938
1415,2026-05-11 16:17:14.699453,1.7931534,-0.89017385,1.2550122,-7.196909,-0.763887,3.7391062
1416,2026-05-11 16:17:14.702511,1.7931534,-0.89017385,1.2550122,-7.196909,-0.763887,3.7391062
1417,2026-05-11 16:17:14.705296,1.7931534,-0.89017385,1.2550122,-7.196909,-0.763887,3.7391062
1418,2026-05-11 16:17:14.708037,1.7931534,-0.89017385,1.2550122,-7.196909,-0.763887,3.7391062
1419,2026-05-11 16:17:14.710765,1.7931534,-0.89017385,1.2550122,-7.196909,-0.763887,3.7391062
1420,2026-05-11 16:17:14.713427,1.7931534,-0.89017385,1.2550122,-7.196909,-0.763887,3.7391062
1421,2026-05-11 16:17:14.716481,1.8659016,-0.638208,1.5943613,-7.196909,-0.763887,3.7391062
1422,2026-05-11 16:17:14.719246,1.8659016,-0.638208,1.5943613,-7.196909,-0.763887,3.7391062
1423,2026-05-11 16:17:14.722060,1.8659016,-0.638208,1.5943613,-7.196909,-0.763887,3.7391062
1424,2026-05-11 16:17:14.724757,1.8659016,-0.638208,1.5943613,-7.196909,-0.763887,3.7391062
1425,2026-05-11 16:17:14.727370,1.8659016,-0.638208,1.5943613,-7.196909,-0.763887,3.7391062
1426,2026-05-11 16:17:14.730122,1.8659016,-0.638208,1.5943613,-7.196909,-0.763887,3.7391062
1427,2026-05-11 16:17:14.733183,2.3603816,-0.32233587,2.1112816,-7.3351173,-1.3185526,4.428773
1428,2026-05-11 16:17:14.736012,2.3603816,-0.32233587,2.1112816,-7.3351173,-1.3185526,4.428773
1429,2026-05-11 16:17:14.738756,2.3603816,-0.32233587,2.1112816,-7.3351173,-1.3185526,4.428773
1430,2026-05-11 16:17:14.741329,2.3603816,-0.32233587,2.1112816,-7.3351173,-1.3185526,4.428773
1431,2026-05-11 16:17:14.744017,2.3603816,-0.32233587,2.1112816,-7.3351173,-1.3185526,4.428773
1432,2026-05-11 16:17:14.746596,2.3603816,-0.32233587,2.1112816,-7.3351173,-1.3185526,4.428773
1433,2026-05-11 16:17:14.749698,2.3603816,-0.32233587,2.1112816,-7.3351173,-1.3185526,4.428773
1434,2026-05-11 16:17:14.752455,2.3603816,-0.32233587,2.1112816,-7.3351173,-1.3185526,4.428773
1435,2026-05-11 16:17:14.755037,2.3603816,-0.32233587,2.1112816,-7.3351173,-1.3185526,4.428773
1436,2026-05-11 16:17:14.757887,2.3603816,-0.32233587,2.1112816,-7.3351173,-1.3185526,4.428773
1437,2026-05-11 16:17:14.760579,2.3603816,-0.32233587,2.1112816,-7.3351173,-1.3185526,4.428773
1438,2026-05-11 16:17:14.763196,2.3603816,-0.32233587,2.1112816,-7.3351173,-1.3185526,4.428773
1439,2026-05-11 16:17:14.766297,2.3603816,-0.32233587,2.1112816,-7.3351173,-1.3185526,4.428773
1440,2026-05-11 16:17:14.769171,2.3603816,-0.32233587,2.1112816,-7.3351173,-1.3185526,4.428773
1441,2026-05-11 16:17:14.771896,2.3603816,-0.32233587,2.1112816,-7.3351173,-1.3185526,4.428773
1442,2026-05-11 16:17:14.774487,2.3603816,-0.32233587,2.1112816,-7.3351173,-1.3185526,4.428773
1443,2026-05-11 16:17:14.777176,2.3603816,-0.32233587,2.1112816,-7.3351173,-1.3185526,4.428773
1444,2026-05-11 16:17:14.779754,2.3603816,-0.32233587,2.1112816,-7.3351173,-1.3185526,4.428773
1445,2026-05-11 16:17:14.782848,2.3603816,-0.32233587,2.1112816,-7.3351173,-1.3185526,4.428773
1446,2026-05-11 16:17:14.785565,2.3603816,-0.32233587,2.1112816,-7.3351173,-1.3185526,4.428773
1447,2026-05-11 16:17:14.788107,2.3603816,-0.32233587,2.1112816,-7.3351173,-1.3185526,4.428773
1448,2026-05-11 16:17:14.790905,2.3603816,-0.32233587,2.1112816,-7.3351173,-1.3185526,4.428773
1449,2026-05-11 16:17:14.793565,2.3603816,-0.32233587,2.1112816,-7.3351173,-1.3185526,4.428773
1450,2026-05-11 16:17:14.796155,2.3603816,-0.32233587,2.1112816,-7.3351173,-1.3185526,4.428773
1451,2026-05-11 16:17:14.799574,2.3603816,-0.32233587,2.1112816,-7.3351173,-1.3185526,4.428773
1452,2026-05-11 16:17:14.802532,2.3603816,-0.32233587,2.1112816,-7.3351173,-1.3185526,4.428773
1453,2026-05-11 16:17:14.805176,2.3603816,-0.32233587,2.1112816,-7.3351173,-1.3185526,4.428773
1454,2026-05-11 16:17:14.807767,2.3603816,-0.32233587,2.1112816,-6.792363,-1.5911512,4.4139595
1455,2026-05-11 16:17:14.810597,2.3603816,-0.32233587,2.1112816,-6.792363,-1.5911512,4.4139595
1456,2026-05-11 16:17:14.813307,2.3603816,-0.32233587,2.1112816,-6.792363,-1.5911512,4.4139595
1457,2026-05-11 16:17:14.816467,3.8164423,0.41465837,2.7943704,-5.7700806,-1.9252945,3.642895
1458,2026-05-11 16:17:14.819277,3.8164423,0.41465837,2.7943704,-5.7700806,-1.9252945,3.642895
1459,2026-05-11 16:17:14.822075,3.8164423,0.41465837,2.7943704,-5.7700806,-1.9252945,3.642895
1460,2026-05-11 16:17:14.824715,3.8164423,0.41465837,2.7943704,-5.7700806,-1.9252945,3.642895
1461,2026-05-11 16:17:14.827324,3.8164423,0.41465837,2.7943704,-5.7700806,-1.9252945,3.642895
1462,2026-05-11 16:17:14.829904,3.8164423,0.41465837,2.7943704,-5.7700806,-1.9252945,3.642895
1463,2026-05-11 16:17:14.833129,3.8164423,0.41465837,2.7943704,-5.7700806,-1.9252945,3.642895
1464,2026-05-11 16:17:14.835775,3.8164423,0.41465837,2.7943704,-5.7700806,-1.9252945,3.642895
1465,2026-05-11 16:17:14.838561,3.8164423,0.41465837,2.7943704,-5.7700806,-1.9252945,3.642895
1466,2026-05-11 16:17:14.841270,3.8164423,0.41465837,2.7943704,-5.7700806,-1.9252945,3.642895
1467,2026-05-11 16:17:14.844052,4.004624,0.55350786,2.8563251,-4.8036914,-2.2580633,2.5079072
1468,2026-05-11 16:17:14.846783,4.004624,0.55350786,2.8563251,-4.8036914,-2.2580633,2.5079072
1469,2026-05-11 16:17:14.850051,4.004624,0.55350786,2.8563251,-4.8036914,-2.2580633,2.5079072
1470,2026-05-11 16:17:14.852945,3.7683907,0.5794241,2.8793144,-4.210847,-2.4153612,1.9091066
1471,2026-05-11 16:17:14.855554,3.7683907,0.5794241,2.8793144,-4.210847,-2.4153612,1.9091066
1472,2026-05-11 16:17:14.858227,3.0764601,0.80986434,3.023713,-3.5220964,-2.5604417,2.10046
1473,2026-05-11 16:17:14.860922,3.0764601,0.80986434,3.023713,-3.5220964,-2.5604417,2.10046
1474,2026-05-11 16:17:14.863503,3.0764601,0.80986434,3.023713,-3.5220964,-2.5604417,2.10046
1475,2026-05-11 16:17:14.866497,3.0764601,0.80986434,3.023713,-3.5220964,-2.5604417,2.10046
1476,2026-05-11 16:17:14.869176,3.0764601,0.80986434,3.023713,-3.5220964,-2.5604417,2.10046
1477,2026-05-11 16:17:14.871772,3.0764601,0.80986434,3.023713,-3.5220964,-2.5604417,2.10046
1478,2026-05-11 16:17:14.874526,3.0764601,0.80986434,3.023713,-3.5220964,-2.5604417,2.10046
1479,2026-05-11 16:17:14.877222,3.0764601,0.80986434,3.023713,-3.5220964,-2.5604417,2.10046
1480,2026-05-11 16:17:14.879844,3.0764601,0.80986434,3.023713,-3.5220964,-2.5604417,2.10046
1481,2026-05-11 16:17:14.882917,3.2145777,1.203119,3.363733,-3.0311134,-2.6418395,2.855795
1482,2026-05-11 16:17:14.885757,3.2145777,1.203119,3.363733,-3.0311134,-2.6418395,2.855795
1483,2026-05-11 16:17:14.888355,3.2145777,1.203119,3.363733,-3.0311134,-2.6418395,2.855795
1484,2026-05-11 16:17:14.890934,3.2145777,1.203119,3.363733,-3.0311134,-2.6418395,2.855795
1485,2026-05-11 16:17:14.893688,4.3844633,1.8994402,4.1871953,-2.5216517,-2.519361,3.26874
1486,2026-05-11 16:17:14.896259,4.3844633,1.8994402,4.1871953,-2.5216517,-2.519361,3.26874
1487,2026-05-11 16:17:14.899361,4.3844633,1.8994402,4.1871953,-2.5216517,-2.519361,3.26874
1488,2026-05-11 16:17:14.902081,4.3844633,1.8994402,4.1871953,-2.5216517,-2.519361,3.26874
1489,2026-05-11 16:17:14.904665,4.3844633,1.8994402,4.1871953,-2.5216517,-2.519361,3.26874
1490,2026-05-11 16:17:14.907425,4.3844633,1.8994402,4.1871953,-1.5169312,-1.9631681,3.18047
1491,2026-05-11 16:17:14.910188,4.3844633,1.8994402,4.1871953,-1.5169312,-1.9631681,3.18047
1492,2026-05-11 16:17:14.912797,4.3844633,1.8994402,4.1871953,-1.5169312,-1.9631681,3.18047
1493,2026-05-11 16:17:14.915764,4.3844633,1.8994402,4.1871953,-1.5169312,-1.9631681,3.18047
1494,2026-05-11 16:17:14.918692,4.3844633,1.8994402,4.1871953,-1.5169312,-1.9631681,3.18047
1495,2026-05-11 16:17:14.921317,4.3844633,1.8994402,4.1871953,-1.5169312,-1.9631681,3.18047
1496,2026-05-11 16:17:14.923914,4.3844633,1.8994402,4.1871953,-1.5169312,-1.9631681,3.18047
1497,2026-05-11 16:17:14.926636,4.3844633,1.8994402,4.1871953,-1.5169312,-1.9631681,3.18047
1498,2026-05-11 16:17:14.929433,4.3844633,1.8994402,4.1871953,-1.5169312,-1.9631681,3.18047
1499,2026-05-11 16:17:14.932389,4.3844633,1.8994402,4.1871953,-1.5169312,-1.9631681,3.18047
1500,2026-05-11 16:17:14.935193,4.3844633,1.8994402,4.1871953,-1.5169312,-1.9631681,3.18047
1501,2026-05-11 16:17:14.937986,4.3844633,1.8994402,4.1871953,-1.5169312,-1.9631681,3.18047
1502,2026-05-11 16:17:14.940800,4.3844633,1.8994402,4.1871953,-1.5169312,-1.9631681,3.18047
1503,2026-05-11 16:17:14.943533,4.3844633,1.8994402,4.1871953,-1.5169312,-1.9631681,3.18047
1504,2026-05-11 16:17:14.946152,4.3844633,1.8994402,4.1871953,-1.5169312,-1.9631681,3.18047
1505,2026-05-11 16:17:14.949310,4.552034,2.1531134,4.2430525,-0.2848159,-1.2802209,2.5618162
1506,2026-05-11 16:17:14.952562,4.552034,2.1531134,4.2430525,-0.2848159,-1.2802209,2.5618162
1507,2026-05-11 16:17:14.955375,4.552034,2.1531134,4.2430525,-0.2848159,-1.2802209,2.5618162
1508,2026-05-11 16:17:14.957992,4.552034,2.1531134,4.2430525,-0.2848159,-1.2802209,2.5618162
1509,2026-05-11 16:17:14.961029,4.552034,2.1531134,4.2430525,-0.2848159,-1.2802209,2.5618162
1510,2026-05-11 16:17:14.963741,4.552034,2.1531134,4.2430525,-0.2848159,-1.2802209,2.5618162
1511,2026-05-11 16:17:14.966566,4.552034,2.1531134,4.2430525,-0.2848159,-1.2802209,2.5618162
1512,2026-05-11 16:17:14.969900,4.552034,2.1531134,4.2430525,-0.2848159,-1.2802209,2.5618162
1513,2026-05-11 16:17:14.972614,4.552034,2.1531134,4.2430525,-0.2848159,-1.2802209,2.5618162
1514,2026-05-11 16:17:14.975293,4.552034,2.1531134,4.2430525,-0.2848159,-1.2802209,2.5618162
1515,2026-05-11 16:17:14.978031,4.552034,2.1531134,4.2430525,-0.2848159,-1.2802209,2.5618162
1516,2026-05-11 16:17:14.980637,4.3050685,2.6924744,4.1539617,-0.2848159,-1.2802209,2.5618162
1517,2026-05-11 16:17:14.983907,4.3050685,2.6924744,4.1539617,0.66538495,-0.9987647,2.048384
1518,2026-05-11 16:17:14.986560,4.3050685,2.6924744,4.1539617,0.66538495,-0.9987647,2.048384
1519,2026-05-11 16:17:14.989204,4.191647,3.383063,3.8832142,1.6736181,-0.73746705,1.5908458
1520,2026-05-11 16:17:14.991880,4.191647,3.383063,3.8832142,1.6736181,-0.73746705,1.5908458
1521,2026-05-11 16:17:14.994563,4.191647,3.383063,3.8832142,1.6736181,-0.73746705,1.5908458
1522,2026-05-11 16:17:14.997177,4.191647,3.383063,3.8832142,1.6736181,-0.73746705,1.5908458
1523,2026-05-11 16:17:15.000235,4.191647,3.383063,3.8832142,1.6736181,-0.73746705,1.5908458
1524,2026-05-11 16:17:15.002860,4.191647,3.383063,3.8832142,1.6736181,-0.73746705,1.5908458
1525,2026-05-11 16:17:15.005533,4.191647,3.383063,3.8832142,1.6736181,-0.73746705,1.5908458
1526,2026-05-11 16:17:15.008060,4.191647,3.383063,3.8832142,1.6736181,-0.73746705,1.5908458
1527,2026-05-11 16:17:15.010898,4.191647,3.383063,3.8832142,1.6736181,-0.73746705,1.5908458
1528,2026-05-11 16:17:15.013571,4.191647,3.383063,3.8832142,1.6736181,-0.73746705,1.5908458
1529,2026-05-11 16:17:15.016695,4.191647,3.383063,3.8832142,1.6736181,-0.73746705,1.5908458
1530,2026-05-11 16:17:15.019417,4.191647,3.383063,3.8832142,1.6736181,-0.73746705,1.5908458
1531,2026-05-11 16:17:15.022181,4.191647,3.383063,3.8832142,1.6888897,-0.088422745,0.8584184
1532,2026-05-11 16:17:15.024978,4.191647,3.383063,3.8832142,1.6888897,-0.088422745,0.8584184
1533,2026-05-11 16:17:15.027613,4.191647,3.383063,3.8832142,1.6888897,-0.088422745,0.8584184
1534,2026-05-11 16:17:15.030389,4.683383,3.7771106,3.4256878,1.6888897,-0.088422745,0.8584184
1535,2026-05-11 16:17:15.033426,4.683383,3.7771106,3.4256878,1.6888897,-0.088422745,0.8584184
1536,2026-05-11 16:17:15.036193,4.683383,3.7771106,3.4256878,1.6888897,-0.088422745,0.8584184
1537,2026-05-11 16:17:15.038950,4.683383,3.7771106,3.4256878,1.6888897,-0.088422745,0.8584184
1538,2026-05-11 16:17:15.041891,4.9396176,2.6416175,3.140305,1.9474384,1.1047498,-2.2079725
1539,2026-05-11 16:17:15.044747,4.109569,2.0457292,2.9396226,1.9474384,1.1047498,-2.2079725
1540,2026-05-11 16:17:15.047604,3.044324,1.5173447,2.408677,2.4236078,2.2047653,-4.352415
1541,2026-05-11 16:17:15.050777,3.044324,1.5173447,2.408677,2.4236078,2.2047653,-4.352415
1542,2026-05-11 16:17:15.053454,3.044324,1.5173447,2.408677,2.4236078,2.2047653,-4.352415
1543,2026-05-11 16:17:15.056130,3.044324,1.5173447,2.408677,2.4236078,2.2047653,-4.352415
1544,2026-05-11 16:17:15.058709,3.044324,1.5173447,2.408677,2.4236078,2.2047653,-4.352415
1545,2026-05-11 16:17:15.061251,3.044324,1.5173447,2.408677,2.4236078,2.2047653,-4.352415
1546,2026-05-11 16:17:15.064004,3.044324,1.5173447,2.408677,2.4236078,2.2047653,-4.352415
1547,2026-05-11 16:17:15.066964,3.044324,1.5173447,2.408677,2.4236078,2.2047653,-4.352415
1548,2026-05-11 16:17:15.069801,2.3449538,1.1875693,1.8991352,2.1062634,2.2867742,-4.6196685
1549,2026-05-11 16:17:15.072406,2.3449538,1.1875693,1.8991352,2.1062634,2.2867742,-4.6196685
1550,2026-05-11 16:17:15.074963,2.3449538,1.1875693,1.8991352,2.1062634,2.2867742,-4.6196685
1551,2026-05-11 16:17:15.077671,2.3449538,1.1875693,1.8991352,2.1062634,2.2867742,-4.6196685
1552,2026-05-11 16:17:15.080423,1.9391985,1.045244,1.8109595,2.1062634,2.2867742,-4.6196685
1553,2026-05-11 16:17:15.083447,1.9391985,1.045244,1.8109595,2.1062634,2.2867742,-4.6196685
1554,2026-05-11 16:17:15.086107,1.9391985,1.045244,1.8109595,2.1062634,2.2867742,-4.6196685
1555,2026-05-11 16:17:15.088693,1.9391985,1.045244,1.8109595,2.1062634,2.2867742,-4.6196685
1556,2026-05-11 16:17:15.091360,1.9391985,1.045244,1.8109595,2.1062634,2.2867742,-4.6196685
1557,2026-05-11 16:17:15.093930,1.9391985,1.045244,1.8109595,2.1062634,2.2867742,-4.6196685
1558,2026-05-11 16:17:15.096481,1.9391985,1.045244,1.8109595,2.1062634,2.2867742,-4.6196685
1559,2026-05-11 16:17:15.099539,1.9391985,1.045244,1.8109595,2.1062634,2.2867742,-4.6196685
1560,2026-05-11 16:17:15.102235,1.9391985,1.045244,1.8109595,2.1062634,2.2867742,-4.6196685
1561,2026-05-11 16:17:15.105112,1.9391985,1.045244,1.8109595,2.1062634,2.2867742,-4.6196685
1562,2026-05-11 16:17:15.107802,1.9391985,1.045244,1.8109595,2.1062634,2.2867742,-4.6196685
1563,2026-05-11 16:17:15.110431,1.9391985,1.045244,1.8109595,2.1062634,2.2867742,-4.6196685
1564,2026-05-11 16:17:15.113119,1.9391985,1.045244,1.8109595,2.1062634,2.2867742,-4.6196685
1565,2026-05-11 16:17:15.116064,1.9391985,1.045244,1.8109595,2.1062634,2.2867742,-4.6196685
1566,2026-05-11 16:17:15.118921,1.9391985,1.045244,1.8109595,1.3984233,2.3722951,-4.6014953
1567,2026-05-11 16:17:15.121713,1.9391985,1.045244,1.8109595,1.016327,2.4839308,-4.532315
1568,2026-05-11 16:17:15.124405,1.9391985,1.045244,1.8109595,1.016327,2.4839308,-4.532315
1569,2026-05-11 16:17:15.127195,1.9391985,1.045244,1.8109595,1.016327,2.4839308,-4.532315
1570,2026-05-11 16:17:15.129803,1.9391985,1.045244,1.8109595,1.016327,2.4839308,-4.532315
1571,2026-05-11 16:17:15.132849,1.9391985,1.045244,1.8109595,1.016327,2.4839308,-4.532315
1572,2026-05-11 16:17:15.135622,1.8488274,1.0368288,1.8680358,1.016327,2.4839308,-4.532315
1573,2026-05-11 16:17:15.138246,1.8488274,1.0368288,1.8680358,1.016327,2.4839308,-4.532315
1574,2026-05-11 16:17:15.140933,1.8488274,1.0368288,1.8680358,1.016327,2.4839308,-4.532315
1575,2026-05-11 16:17:15.143667,1.8488274,1.0368288,1.8680358,1.016327,2.4839308,-4.532315
1576,2026-05-11 16:17:15.146256,1.8488274,1.0368288,1.8680358,1.016327,2.4839308,-4.532315
1577,2026-05-11 16:17:15.149471,1.8488274,1.0368288,1.8680358,1.016327,2.4839308,-4.532315
1578,2026-05-11 16:17:15.152292,1.8488274,1.0368288,1.8680358,1.016327,2.4839308,-4.532315
1579,2026-05-11 16:17:15.154902,1.8488274,1.0368288,1.8680358,1.016327,2.4839308,-4.532315
1580,2026-05-11 16:17:15.157530,1.7954096,0.9502994,2.4084942,0.68554354,2.67223,-4.468785
1581,2026-05-11 16:17:15.160287,1.7954096,0.9502994,2.4084942,0.68554354,2.67223,-4.468785
1582,2026-05-11 16:17:15.162988,1.7190636,0.7810212,2.7504654,1.9230038,2.5331054,-4.71084
1583,2026-05-11 16:17:15.165992,1.7190636,0.7810212,2.7504654,1.9230038,2.5331054,-4.71084
1584,2026-05-11 16:17:15.168897,1.7190636,0.7810212,2.7504654,1.9230038,2.5331054,-4.71084
1585,2026-05-11 16:17:15.171599,1.7190636,0.7810212,2.7504654,1.9230038,2.5331054,-4.71084
1586,2026-05-11 16:17:15.174337,1.7190636,0.7810212,2.7504654,1.9230038,2.5331054,-4.71084
1587,2026-05-11 16:17:15.177003,1.7190636,0.7810212,2.7504654,1.9230038,2.5331054,-4.71084
1588,2026-05-11 16:17:15.205671,-0.95133597,-3.3185472,-0.913346,2.2105687,1.29198,-0.09392053
1589,2026-05-11 16:17:15.211992,0.884015,-0.045551438,1.7332718,-5.681352,1.7518088,4.2687263
1590,2026-05-11 16:17:15.217059,0.9257858,0.06799178,1.5579567,-5.681352,1.7518088,4.2687263
1591,2026-05-11 16:17:15.219835,0.9257858,0.06799178,1.5579567,-5.681352,1.7518088,4.2687263
1592,2026-05-11 16:17:15.222429,0.9257858,0.06799178,1.5579567,-5.681352,1.7518088,4.2687263
1593,2026-05-11 16:17:15.225044,0.9257858,0.06799178,1.5579567,-5.681352,1.7518088,4.2687263
1594,2026-05-11 16:17:15.227610,0.9257858,0.06799178,1.5579567,-5.681352,1.7518088,4.2687263
1595,2026-05-11 16:17:15.230200,0.9257858,0.06799178,1.5579567,-5.681352,1.7518088,4.2687263
1596,2026-05-11 16:17:15.233245,0.9257858,0.06799178,1.5579567,-5.681352,1.7518088,4.2687263
1597,2026-05-11 16:17:15.235901,0.9257858,0.06799178,1.5579567,-5.681352,1.7518088,4.2687263
1598,2026-05-11 16:17:15.238493,0.9257858,0.06799178,1.5579567,-5.681352,1.7518088,4.2687263
1599,2026-05-11 16:17:15.241339,0.9257858,0.06799178,1.5579567,-5.681352,1.7518088,4.2687263
1600,2026-05-11 16:17:15.244014,0.9257858,0.06799178,1.5579567,-5.681352,1.7518088,4.2687263
1601,2026-05-11 16:17:15.246618,0.9257858,0.06799178,1.5579567,-5.681352,1.7518088,4.2687263
1602,2026-05-11 16:17:15.249784,0.9257858,0.06799178,1.5579567,-5.681352,1.7518088,4.2687263
1603,2026-05-11 16:17:15.252740,1.056769,0.18537667,1.4482552,-6.2523584,2.0271564,4.1981716
1604,2026-05-11 16:17:15.255610,1.056769,0.18537667,1.4482552,-6.2523584,2.0271564,4.1981716
1605,2026-05-11 16:17:15.258259,1.056769,0.18537667,1.4482552,-6.2523584,2.0271564,4.1981716
1606,2026-05-11 16:17:15.261075,1.2648299,0.29019985,1.3334924,-6.2523584,2.0271564,4.1981716
1607,2026-05-11 16:17:15.263795,1.2648299,0.29019985,1.3334924,-6.2523584,2.0271564,4.1981716
1608,2026-05-11 16:17:15.267047,1.2648299,0.29019985,1.3334924,-6.2523584,2.0271564,4.1981716
1609,2026-05-11 16:17:15.269934,1.2648299,0.29019985,1.3334924,-6.2523584,2.0271564,4.1981716
1610,2026-05-11 16:17:15.272601,1.2648299,0.29019985,1.3334924,-6.2523584,2.0271564,4.1981716
1611,2026-05-11 16:17:15.275186,1.2648299,0.29019985,1.3334924,-6.2523584,2.0271564,4.1981716
1612,2026-05-11 16:17:15.277996,1.2648299,0.29019985,1.3334924,-6.9149947,2.3356433,3.9449677
1613,2026-05-11 16:17:15.280702,1.2648299,0.29019985,1.3334924,-6.9149947,2.3356433,3.9449677
1614,2026-05-11 16:17:15.283949,1.2648299,0.29019985,1.3334924,-6.9149947,2.3356433,3.9449677
1615,2026-05-11 16:17:15.286865,1.2648299,0.29019985,1.3334924,-6.9149947,2.3356433,3.9449677
1616,2026-05-11 16:17:15.289650,1.2648299,0.29019985,1.3334924,-6.9149947,2.3356433,3.9449677
1617,2026-05-11 16:17:15.292323,1.2648299,0.29019985,1.3334924,-6.9149947,2.3356433,3.9449677
1618,2026-05-11 16:17:15.295024,1.2648299,0.29019985,1.3334924,-6.9149947,2.3356433,3.9449677
1619,2026-05-11 16:17:15.297744,1.2648299,0.29019985,1.3334924,-8.019591,2.8163943,3.1972687
1620,2026-05-11 16:17:15.301109,1.4244733,0.35032532,1.2944047,-8.019591,2.8163943,3.1972687
1621,2026-05-11 16:17:15.303970,1.4244733,0.35032532,1.2944047,-8.019591,2.8163943,3.1972687
1622,2026-05-11 16:17:15.306709,1.4244733,0.35032532,1.2944047,-8.019591,2.8163943,3.1972687
1623,2026-05-11 16:17:15.309340,1.4244733,0.35032532,1.2944047,-8.019591,2.8163943,3.1972687
1624,2026-05-11 16:17:15.312124,1.0738431,0.16330221,1.24428,-9.208946,3.1007519,1.7040086
1625,2026-05-11 16:17:15.314805,1.0738431,0.16330221,1.24428,-9.208946,3.1007519,1.7040086
1626,2026-05-11 16:17:15.318106,1.0738431,0.16330221,1.24428,-9.208946,3.1007519,1.7040086
1627,2026-05-11 16:17:15.320888,0.63686645,-0.038965687,1.1903743,-9.208946,3.1007519,1.7040086
1628,2026-05-11 16:17:15.323589,0.63686645,-0.038965687,1.1903743,-9.208946,3.1007519,1.7040086
1629,2026-05-11 16:17:15.326222,0.63686645,-0.038965687,1.1903743,-9.61395,3.1422908,1.3132075
1630,2026-05-11 16:17:15.328976,0.63686645,-0.038965687,1.1903743,-9.61395,3.1422908,1.3132075
1631,2026-05-11 16:17:15.331987,0.63686645,-0.038965687,1.1903743,-9.61395,3.1422908,1.3132075
1632,2026-05-11 16:17:15.334813,0.63686645,-0.038965687,1.1903743,-9.61395,3.1422908,1.3132075
1633,2026-05-11 16:17:15.337421,0.63686645,-0.038965687,1.1903743,-9.61395,3.1422908,1.3132075
1634,2026-05-11 16:17:15.340171,0.3577038,-0.113299295,1.2187907,-9.61395,3.1422908,1.3132075
1635,2026-05-11 16:17:15.342866,0.3577038,-0.113299295,1.2187907,-9.756129,2.9678888,1.289842
1636,2026-05-11 16:17:15.345541,0.3577038,-0.113299295,1.2187907,-9.756129,2.9678888,1.289842
1637,2026-05-11 16:17:15.348883,0.3577038,-0.113299295,1.2187907,-9.756129,2.9678888,1.289842
1638,2026-05-11 16:17:15.351715,0.3577038,-0.113299295,1.2187907,-9.756129,2.9678888,1.289842
1639,2026-05-11 16:17:15.354375,0.3577038,-0.113299295,1.2187907,-9.756129,2.9678888,1.289842
1640,2026-05-11 16:17:15.357022,0.3577038,-0.113299295,1.2187907,-9.756129,2.9678888,1.289842
1641,2026-05-11 16:17:15.359798,0.20312162,-0.12775135,1.3963009,-9.528276,2.2514966,1.5228871
1642,2026-05-11 16:17:15.362487,0.4913701,0.18842563,2.0103002,-7.340615,-0.06688975,2.313652
1643,2026-05-11 16:17:15.365706,0.4913701,0.18842563,2.0103002,-7.340615,-0.06688975,2.313652
1644,2026-05-11 16:17:15.368538,0.4913701,0.18842563,2.0103002,-7.340615,-0.06688975,2.313652
1645,2026-05-11 16:17:15.371306,0.4913701,0.18842563,2.0103002,-7.340615,-0.06688975,2.313652
1646,2026-05-11 16:17:15.374065,0.4913701,0.18842563,2.0103002,-7.340615,-0.06688975,2.313652
1647,2026-05-11 16:17:15.376702,0.4913701,0.18842563,2.0103002,-7.340615,-0.06688975,2.313652
1648,2026-05-11 16:17:15.379369,0.4913701,0.18842563,2.0103002,-7.340615,-0.06688975,2.313652
1649,2026-05-11 16:17:15.382406,0.99231404,0.4812476,2.0524979,-7.340615,-0.06688975,2.313652
1650,2026-05-11 16:17:15.385312,0.99231404,0.4812476,2.0524979,-7.340615,-0.06688975,2.313652
1651,2026-05-11 16:17:15.388000,0.99231404,0.4812476,2.0524979,-7.340615,-0.06688975,2.313652
1652,2026-05-11 16:17:15.390834,0.99231404,0.4812476,2.0524979,-6.187912,-0.7867944,2.4397957
1653,2026-05-11 16:17:15.393526,0.99231404,0.4812476,2.0524979,-6.187912,-0.7867944,2.4397957
1654,2026-05-11 16:17:15.396207,0.99231404,0.4812476,2.0524979,-6.187912,-0.7867944,2.4397957
1655,2026-05-11 16:17:15.399235,0.99231404,0.4812476,2.0524979,-6.187912,-0.7867944,2.4397957
1656,2026-05-11 16:17:15.402569,0.99231404,0.4812476,2.0524979,-6.187912,-0.7867944,2.4397957
1657,2026-05-11 16:17:15.405353,0.99231404,0.4812476,2.0524979,-6.187912,-0.7867944,2.4397957
1658,2026-05-11 16:17:15.408137,0.99231404,0.4812476,2.0524979,-6.187912,-0.7867944,2.4397957
1659,2026-05-11 16:17:15.410890,0.99231404,0.4812476,2.0524979,-6.187912,-0.7867944,2.4397957
1660,2026-05-11 16:17:15.413494,0.99231404,0.4812476,2.0524979,-6.187912,-0.7867944,2.4397957
1661,2026-05-11 16:17:15.416464,0.99231404,0.4812476,2.0524979,-6.187912,-0.7867944,2.4397957
1662,2026-05-11 16:17:15.419524,0.99231404,0.4812476,2.0524979,-6.187912,-0.7867944,2.4397957
1663,2026-05-11 16:17:15.422291,1.4805741,0.7374211,1.87017,-6.187912,-0.7867944,2.4397957
1664,2026-05-11 16:17:15.425106,1.4805741,0.7374211,1.87017,-6.187912,-0.7867944,2.4397957
1665,2026-05-11 16:17:15.427722,1.4805741,0.7374211,1.87017,-6.187912,-0.7867944,2.4397957
1666,2026-05-11 16:17:15.430538,1.4805741,0.7374211,1.87017,-6.187912,-0.7867944,2.4397957
1667,2026-05-11 16:17:15.433652,1.4805741,0.7374211,1.87017,-6.187912,-0.7867944,2.4397957
1668,2026-05-11 16:17:15.436405,1.4805741,0.7374211,1.87017,-6.187912,-0.7867944,2.4397957
1669,2026-05-11 16:17:15.439017,1.4805741,0.7374211,1.87017,-6.187912,-0.7867944,2.4397957
1670,2026-05-11 16:17:15.441844,1.4805741,0.7374211,1.87017,-6.187912,-0.7867944,2.4397957
1671,2026-05-11 16:17:15.444515,1.4805741,0.7374211,1.87017,-6.187912,-0.7867944,2.4397957
1672,2026-05-11 16:17:15.447208,1.4805741,0.7374211,1.87017,-6.187912,-0.7867944,2.4397957
1673,2026-05-11 16:17:15.450160,1.4805741,0.7374211,1.87017,-6.187912,-0.7867944,2.4397957
1674,2026-05-11 16:17:15.452946,1.4805741,0.7374211,1.87017,-6.187912,-0.7867944,2.4397957
1675,2026-05-11 16:17:15.455635,1.79419,0.9439575,1.6504622,-5.1341696,-1.2226468,2.251344
1676,2026-05-11 16:17:15.458221,1.79419,0.9439575,1.6504622,-5.1341696,-1.2226468,2.251344
1677,2026-05-11 16:17:15.461065,1.79419,0.9439575,1.6504622,-4.614323,-1.2550226,1.7198911
1678,2026-05-11 16:17:15.463858,1.7979708,0.97999614,1.5035024,-4.9496884,-0.5542075,0.8933904
1679,2026-05-11 16:17:15.466922,1.7979708,0.97999614,1.5035024,-4.9496884,-0.5542075,0.8933904
1680,2026-05-11 16:17:15.469739,1.4742934,0.96786135,1.3449565,-4.9496884,-0.5542075,0.8933904
1681,2026-05-11 16:17:15.472478,1.4742934,0.96786135,1.3449565,-4.9496884,-0.5542075,0.8933904
1682,2026-05-11 16:17:15.475261,1.4642928,0.95365316,1.4558775,-4.9496884,-0.5542075,0.8933904
1683,2026-05-11 16:17:15.478034,1.4642928,0.95365316,1.4558775,-4.9496884,-0.5542075,0.8933904
1684,2026-05-11 16:17:15.480718,1.4642928,0.95365316,1.4558775,-4.9496884,-0.5542075,0.8933904
1685,2026-05-11 16:17:15.483872,1.4642928,0.95365316,1.4558775,-4.9496884,-0.5542075,0.8933904
1686,2026-05-11 16:17:15.486588,1.4642928,0.95365316,1.4558775,-4.9496884,-0.5542075,0.8933904
1687,2026-05-11 16:17:15.489328,1.4642928,0.95365316,1.4558775,-5.2571063,-0.30405816,1.0283916
1688,2026-05-11 16:17:15.492134,1.6674752,0.94389653,1.5910075,-5.2571063,-0.30405816,1.0283916
1689,2026-05-11 16:17:15.494797,1.6674752,0.94389653,1.5910075,-5.2571063,-0.30405816,1.0283916
1690,2026-05-11 16:17:15.497387,1.6674752,0.94389653,1.5910075,-5.2571063,-0.30405816,1.0283916
1691,2026-05-11 16:17:15.500622,1.6674752,0.94389653,1.5910075,-5.4287596,-0.18112154,1.2266175
1692,2026-05-11 16:17:15.503530,1.6674752,0.94389653,1.5910075,-5.4287596,-0.18112154,1.2266175
1693,2026-05-11 16:17:15.506225,1.6674752,0.94389653,1.5910075,-5.4287596,-0.18112154,1.2266175
1694,2026-05-11 16:17:15.508874,1.6674752,0.94389653,1.5910075,-5.4287596,-0.18112154,1.2266175
1695,2026-05-11 16:17:15.511600,2.0834143,0.98310614,1.7296131,-5.5234437,-0.71944654,1.3448198
1696,2026-05-11 16:17:15.514432,2.0834143,0.98310614,1.7296131,-5.5234437,-0.71944654,1.3448198
1697,2026-05-11 16:17:15.517468,2.0834143,0.98310614,1.7296131,-5.5234437,-0.71944654,1.3448198
1698,2026-05-11 16:17:15.520160,2.0834143,0.98310614,1.7296131,-5.5234437,-0.71944654,1.3448198
1699,2026-05-11 16:17:15.522738,2.0834143,0.98310614,1.7296131,-5.5234437,-0.71944654,1.3448198
1700,2026-05-11 16:17:15.525315,2.0834143,0.98310614,1.7296131,-5.5234437,-0.71944654,1.3448198
1701,2026-05-11 16:17:15.528028,2.7312567,1.1628727,2.1922622,-5.5234437,-0.71944654,1.3448198
1702,2026-05-11 16:17:15.530578,2.7312567,1.1628727,2.1922622,-5.5234437,-0.71944654,1.3448198
1703,2026-05-11 16:17:15.533624,2.7312567,1.1628727,2.1922622,-5.5234437,-0.71944654,1.3448198
1704,2026-05-11 16:17:15.536290,2.7312567,1.1628727,2.1922622,-5.5234437,-0.71944654,1.3448198
1705,2026-05-11 16:17:15.538857,2.7312567,1.1628727,2.1922622,-5.528941,-1.2971723,1.173014
1706,2026-05-11 16:17:15.541353,2.7312567,1.1628727,2.1922622,-5.528941,-1.2971723,1.173014
1707,2026-05-11 16:17:15.543860,2.7312567,1.1628727,2.1922622,-5.528941,-1.2971723,1.173014
1708,2026-05-11 16:17:15.546479,2.7312567,1.1628727,2.1922622,-5.528941,-1.2971723,1.173014
1709,2026-05-11 16:17:15.549595,2.7312567,1.1628727,2.1922622,-5.528941,-1.2971723,1.173014
1710,2026-05-11 16:17:15.552290,2.7312567,1.1628727,2.1922622,-5.528941,-1.2971723,1.173014
1711,2026-05-11 16:17:15.554775,2.7312567,1.1628727,2.1922622,-5.528941,-1.2971723,1.173014
1712,2026-05-11 16:17:15.557369,2.7312567,1.1628727,2.1922622,-5.386915,-1.3771957,1.1585059
1713,2026-05-11 16:17:15.560018,2.8258965,1.3161134,2.5966148,-5.386915,-1.3771957,1.1585059
1714,2026-05-11 16:17:15.562576,2.8258965,1.3161134,2.5966148,-5.386915,-1.3771957,1.1585059
1715,2026-05-11 16:17:15.565729,2.8258965,1.3161134,2.5966148,-5.386915,-1.3771957,1.1585059
1716,2026-05-11 16:17:15.568568,2.8258965,1.3161134,2.5966148,-5.386915,-1.3771957,1.1585059
1717,2026-05-11 16:17:15.571366,2.8258965,1.3161134,2.5966148,-5.386915,-1.3771957,1.1585059
1718,2026-05-11 16:17:15.574053,2.8258965,1.3161134,2.5966148,-5.386915,-1.3771957,1.1585059
1719,2026-05-11 16:17:15.576858,2.8258965,1.3161134,2.5966148,-5.386915,-1.3771957,1.1585059
1720,2026-05-11 16:17:15.579518,2.8258965,1.3161134,2.5966148,-5.386915,-1.3771957,1.1585059
1721,2026-05-11 16:17:15.582495,2.8258965,1.3161134,2.5966148,-5.386915,-1.3771957,1.1585059
1722,2026-05-11 16:17:15.585245,2.8258965,1.3161134,2.5966148,-5.386915,-1.3771957,1.1585059
1723,2026-05-11 16:17:15.588087,2.8258965,1.3161134,2.5966148,-5.386915,-1.3771957,1.1585059
1724,2026-05-11 16:17:15.590727,2.8258965,1.3161134,2.5966148,-4.9732065,-1.2056953,1.2447907
1725,2026-05-11 16:17:15.593517,2.8258965,1.3161134,2.5966148,-4.9732065,-1.2056953,1.2447907
1726,2026-05-11 16:17:15.596106,2.8258965,1.3161134,2.5966148,-4.9732065,-1.2056953,1.2447907
1727,2026-05-11 16:17:15.599257,2.8258965,1.3161134,2.5966148,-4.9732065,-1.2056953,1.2447907
1728,2026-05-11 16:17:15.602004,2.8258965,1.3161134,2.5966148,-4.9732065,-1.2056953,1.2447907
1729,2026-05-11 16:17:15.604689,2.8258965,1.3161134,2.5966148,-4.9732065,-1.2056953,1.2447907
1730,2026-05-11 16:17:15.607272,2.8258965,1.3161134,2.5966148,-4.9732065,-1.2056953,1.2447907
1731,2026-05-11 16:17:15.610093,2.8258965,1.3161134,2.5966148,-4.9732065,-1.2056953,1.2447907
1732,2026-05-11 16:17:15.612690,2.8258965,1.3161134,2.5966148,-4.9732065,-1.2056953,1.2447907
1733,2026-05-11 16:17:15.615560,2.8258965,1.3161134,2.5966148,-4.9732065,-1.2056953,1.2447907
1734,2026-05-11 16:17:15.618541,2.8258965,1.3161134,2.5966148,-4.9732065,-1.2056953,1.2447907
1735,2026-05-11 16:17:15.621149,2.8258965,1.3161134,2.5966148,-4.9732065,-1.2056953,1.2447907
1736,2026-05-11 16:17:15.623838,2.8344338,1.6197896,3.0517635,-4.9732065,-1.2056953,1.2447907
1737,2026-05-11 16:17:15.626526,2.8344338,1.6197896,3.0517635,-4.9732065,-1.2056953,1.2447907
1738,2026-05-11 16:17:15.629108,2.8344338,1.6197896,3.0517635,-4.9732065,-1.2056953,1.2447907
1739,2026-05-11 16:17:15.632191,2.8344338,1.6197896,3.0517635,-4.9732065,-1.2056953,1.2447907
1740,2026-05-11 16:17:15.634906,2.8344338,1.6197896,3.0517635,-4.9732065,-1.2056953,1.2447907
1741,2026-05-11 16:17:15.637660,2.8344338,1.6197896,3.0517635,-4.9732065,-1.2056953,1.2447907
1742,2026-05-11 16:17:15.640399,2.854008,1.9333445,3.4898987,-4.9732065,-1.2056953,1.2447907
1743,2026-05-11 16:17:15.643010,2.854008,1.9333445,3.4898987,-4.9732065,-1.2056953,1.2447907
1744,2026-05-11 16:17:15.645847,2.9179752,2.1039033,3.7568653,-3.2629366,-1.0974194,1.4095715
1745,2026-05-11 16:17:15.648864,2.9179752,2.1039033,3.7568653,-3.2629366,-1.0974194,1.4095715
1746,2026-05-11 16:17:15.651895,2.9179752,2.1039033,3.7568653,-3.2629366,-1.0974194,1.4095715
1747,2026-05-11 16:17:15.654594,2.9179752,2.1039033,3.7568653,-3.2629366,-1.0974194,1.4095715
1748,2026-05-11 16:17:15.657336,3.0815213,2.4162385,4.080665,-0.9445504,-1.7762434,1.3089315
1749,2026-05-11 16:17:15.660090,3.0815213,2.4162385,4.080665,-0.9445504,-1.7762434,1.3089315
1750,2026-05-11 16:17:15.662670,3.0815213,2.4162385,4.080665,-0.9445504,-1.7762434,1.3089315
1751,2026-05-11 16:17:15.665856,3.0815213,2.4162385,4.080665,-0.9445504,-1.7762434,1.3089315
1752,2026-05-11 16:17:15.668644,3.0815213,2.4162385,4.080665,-0.9445504,-1.7762434,1.3089315
1753,2026-05-11 16:17:15.671321,3.0815213,2.4162385,4.080665,-0.9445504,-1.7762434,1.3089315
1754,2026-05-11 16:17:15.674089,3.0815213,2.4162385,4.080665,-0.9445504,-1.7762434,1.3089315
1755,2026-05-11 16:17:15.676913,3.0815213,2.4162385,4.080665,-0.9445504,-1.7762434,1.3089315
1756,2026-05-11 16:17:15.679513,3.0815213,2.4162385,4.080665,-0.9445504,-1.7762434,1.3089315
1757,2026-05-11 16:17:15.682505,3.0815213,2.4162385,4.080665,-0.9445504,-1.7762434,1.3089315
1758,2026-05-11 16:17:15.685217,3.0815213,2.4162385,4.080665,-0.9445504,-1.7762434,1.3089315
1759,2026-05-11 16:17:15.687829,3.0815213,2.4162385,4.080665,1.1392636,-2.6013696,1.1253664
1760,2026-05-11 16:17:15.690429,3.0815213,2.4162385,4.080665,1.1392636,-2.6013696,1.1253664
1761,2026-05-11 16:17:15.692994,3.0815213,2.4162385,4.080665,1.1392636,-2.6013696,1.1253664
1762,2026-05-11 16:17:15.695800,3.185003,2.5891755,4.0382237,1.1392636,-2.6013696,1.1253664
1763,2026-05-11 16:17:15.698786,3.185003,2.5891755,4.0382237,1.1392636,-2.6013696,1.1253664
1764,2026-05-11 16:17:15.701727,3.185003,2.5891755,4.0382237,1.1392636,-2.6013696,1.1253664
1765,2026-05-11 16:17:15.704358,3.185003,2.5891755,4.0382237,1.1392636,-2.6013696,1.1253664
1766,2026-05-11 16:17:15.706959,3.185003,2.5891755,4.0382237,1.1392636,-2.6013696,1.1253664
1767,2026-05-11 16:17:15.709603,3.185003,2.5891755,4.0382237,1.1392636,-2.6013696,1.1253664
1768,2026-05-11 16:17:15.712182,3.185003,2.5891755,4.0382237,1.1392636,-2.6013696,1.1253664
1769,2026-05-11 16:17:15.715077,3.185003,2.5891755,4.0382237,1.1392636,-2.6013696,1.1253664
1770,2026-05-11 16:17:15.718147,3.185003,2.5891755,4.0382237,1.1392636,-2.6013696,1.1253664
1771,2026-05-11 16:17:15.720911,3.185003,2.5891755,4.0382237,1.1392636,-2.6013696,1.1253664
1772,2026-05-11 16:17:15.723564,3.185003,2.5891755,4.0382237,1.1392636,-2.6013696,1.1253664
1773,2026-05-11 16:17:15.726257,3.185003,2.5891755,4.0382237,1.1392636,-2.6013696,1.1253664
1774,2026-05-11 16:17:15.729004,3.185003,2.5891755,4.0382237,1.1392636,-2.6013696,1.1253664
1775,2026-05-11 16:17:15.732088,3.185003,2.5891755,4.0382237,1.1392636,-2.6013696,1.1253664
1776,2026-05-11 16:17:15.734923,3.185003,2.5891755,4.0382237,1.1392636,-2.6013696,1.1253664
1777,2026-05-11 16:17:15.737498,3.185003,2.5891755,4.0382237,1.1392636,-2.6013696,1.1253664
1778,2026-05-11 16:17:15.740328,3.185003,2.5891755,4.0382237,1.1392636,-2.6013696,1.1253664
1779,2026-05-11 16:17:15.743036,3.3453171,2.7553437,3.8888853,2.562427,-3.1262555,0.914618
1780,2026-05-11 16:17:15.745595,3.3453171,2.7553437,3.8888853,2.562427,-3.1262555,0.914618
1781,2026-05-11 16:17:15.748777,3.3453171,2.7553437,3.8888853,2.562427,-3.1262555,0.914618
1782,2026-05-11 16:17:15.751531,3.3453171,2.7553437,3.8888853,2.562427,-3.1262555,0.914618
1783,2026-05-11 16:17:15.754371,3.6407003,2.9510868,3.5633786,3.7727036,-3.221856,0.42256603
1784,2026-05-11 16:17:15.757065,3.6407003,2.9510868,3.5633786,3.7727036,-3.221856,0.42256603
1785,2026-05-11 16:17:15.759707,3.6407003,2.9510868,3.5633786,3.7727036,-3.221856,0.42256603
1786,2026-05-11 16:17:15.762428,3.6407003,2.9510868,3.5633786,3.7727036,-3.221856,0.42256603
1787,2026-05-11 16:17:15.765423,3.6407003,2.9510868,3.5633786,3.7727036,-3.221856,0.42256603
1788,2026-05-11 16:17:15.768361,3.6407003,2.9510868,3.5633786,3.7727036,-3.221856,0.42256603
1789,2026-05-11 16:17:15.770969,3.6407003,2.9510868,3.5633786,3.7727036,-3.221856,0.42256603
1790,2026-05-11 16:17:15.773851,3.6407003,2.9510868,3.5633786,4.2769732,-2.967278,-0.30879238
1791,2026-05-11 16:17:15.776658,3.8353457,3.0652397,3.3322675,4.2769732,-2.967278,-0.30879238
1792,2026-05-11 16:17:15.779376,3.8353457,3.0652397,3.3322675,4.2769732,-2.967278,-0.30879238
1793,2026-05-11 16:17:15.782552,3.8353457,3.0652397,3.3322675,4.2769732,-2.967278,-0.30879238
1794,2026-05-11 16:17:15.785480,3.8353457,3.0652397,3.3322675,4.2769732,-2.967278,-0.30879238
1795,2026-05-11 16:17:15.788274,3.8353457,3.0652397,3.3322675,4.2769732,-2.967278,-0.30879238
1796,2026-05-11 16:17:15.791009,3.7017405,3.0927415,2.4374592,4.2030582,-2.3658812,-1.919644
1797,2026-05-11 16:17:15.793597,3.7017405,3.0927415,2.4374592,4.2030582,-2.3658812,-1.919644
1798,2026-05-11 16:17:15.796528,3.7017405,3.0927415,2.4374592,4.2030582,-2.3658812,-1.919644
1799,2026-05-11 16:17:15.799837,3.7017405,3.0927415,2.4374592,4.2030582,-2.3658812,-1.919644
1800,2026-05-11 16:17:15.802569,3.7017405,3.0927415,2.4374592,4.2030582,-2.3658812,-1.919644
1801,2026-05-11 16:17:15.805317,3.7017405,3.0927415,2.4374592,4.2030582,-2.3658812,-1.919644
1802,2026-05-11 16:17:15.807953,3.7017405,3.0927415,2.4374592,4.2030582,-2.3658812,-1.919644
1803,2026-05-11 16:17:15.810517,3.7017405,3.0927415,2.4374592,4.2030582,-2.3658812,-1.919644
1804,2026-05-11 16:17:15.813379,3.7017405,3.0927415,2.4374592,4.2030582,-2.3658812,-1.919644
1805,2026-05-11 16:17:15.816429,3.7017405,3.0927415,2.4374592,4.2030582,-2.3658812,-1.919644
1806,2026-05-11 16:17:15.819369,3.7017405,3.0927415,2.4374592,4.2030582,-2.3658812,-1.919644
1807,2026-05-11 16:17:15.822142,3.7017405,3.0927415,2.4374592,4.2030582,-2.3658812,-1.919644
1808,2026-05-11 16:17:15.824887,3.7017405,3.0927415,2.4374592,4.2030582,-2.3658812,-1.919644
1809,2026-05-11 16:17:15.827624,3.7017405,3.0927415,2.4374592,4.2030582,-2.3658812,-1.919644
1810,2026-05-11 16:17:15.830300,3.7017405,3.0927415,2.4374592,4.2030582,-2.3658812,-1.919644
1811,2026-05-11 16:17:15.833437,3.7017405,3.0927415,2.4374592,4.2030582,-2.3658812,-1.919644
1812,2026-05-11 16:17:15.836099,3.7017405,3.0927415,2.4374592,4.2030582,-2.3658812,-1.919644
1813,2026-05-11 16:17:15.838977,3.7017405,3.0927415,2.4374592,4.2030582,-2.3658812,-1.919644
1814,2026-05-11 16:17:15.841874,3.2248833,2.9959674,1.8471199,3.0140092,-1.4702,-3.0929635
1815,2026-05-11 16:17:15.844564,3.2248833,2.9959674,1.8471199,3.0140092,-1.4702,-3.0929635
1816,2026-05-11 16:17:15.847302,3.2248833,2.9959674,1.8471199,3.0140092,-1.4702,-3.0929635
1817,2026-05-11 16:17:15.850455,3.2248833,2.9959674,1.8471199,3.0140092,-1.4702,-3.0929635
1818,2026-05-11 16:17:15.853141,3.2248833,2.9959674,1.8471199,3.0140092,-1.4702,-3.0929635
1819,2026-05-11 16:17:15.855846,3.2248833,2.9959674,1.8471199,3.0140092,-1.4702,-3.0929635
1820,2026-05-11 16:17:15.858444,3.2248833,2.9959674,1.8471199,3.0140092,-1.4702,-3.0929635
1821,2026-05-11 16:17:15.861226,3.2248833,2.9959674,1.8471199,3.0140092,-1.4702,-3.0929635
1822,2026-05-11 16:17:15.863853,3.2248833,2.9959674,1.8471199,3.0140092,-1.4702,-3.0929635
1823,2026-05-11 16:17:15.866986,3.2248833,2.9959674,1.8471199,3.0140092,-1.4702,-3.0929635
1824,2026-05-11 16:17:15.869768,3.2248833,2.9959674,1.8471199,3.0140092,-1.4702,-3.0929635
1825,2026-05-11 16:17:15.872403,3.2248833,2.9959674,1.8471199,3.0140092,-1.4702,-3.0929635
1826,2026-05-11 16:17:15.875017,3.2248833,2.9959674,1.8471199,3.0140092,-1.4702,-3.0929635
1827,2026-05-11 16:17:15.877674,3.2248833,2.9959674,1.8471199,3.0140092,-1.4702,-3.0929635
1828,2026-05-11 16:17:15.880255,3.2248833,2.9959674,1.8471199,3.0140092,-1.4702,-3.0929635
1829,2026-05-11 16:17:15.883338,3.2248833,2.9959674,1.8471199,3.0140092,-1.4702,-3.0929635
1830,2026-05-11 16:17:15.886018,3.2248833,2.9959674,1.8471199,3.0140092,-1.4702,-3.0929635
1831,2026-05-11 16:17:15.888744,3.2248833,2.9959674,1.8471199,3.0140092,-1.4702,-3.0929635
1832,2026-05-11 16:17:15.891560,2.582102,2.798456,1.5158811,1.6027577,-0.58169645,-3.714977
1833,2026-05-11 16:17:15.894187,2.582102,2.798456,1.5158811,1.6027577,-0.58169645,-3.714977
1834,2026-05-11 16:17:15.896913,2.582102,2.798456,1.5158811,1.6027577,-0.58169645,-3.714977
1835,2026-05-11 16:17:15.899800,2.582102,2.798456,1.5158811,1.6027577,-0.58169645,-3.714977
1836,2026-05-11 16:17:15.902720,2.582102,2.798456,1.5158811,1.6027577,-0.58169645,-3.714977
1837,2026-05-11 16:17:15.905381,2.582102,2.798456,1.5158811,1.6027577,-0.58169645,-3.714977
1838,2026-05-11 16:17:15.908249,2.1799443,2.4867306,1.6356441,-0.004428773,0.59864795,-4.263076
1839,2026-05-11 16:17:15.910906,2.1799443,2.4867306,1.6356441,-0.004428773,0.59864795,-4.263076
1840,2026-05-11 16:17:15.913498,2.1799443,2.4867306,1.6356441,-0.004428773,0.59864795,-4.263076
1841,2026-05-11 16:17:15.916588,2.1799443,2.4867306,1.6356441,-0.004428773,0.59864795,-4.263076
1842,2026-05-11 16:17:15.919401,2.1799443,2.4867306,1.6356441,-0.004428773,0.59864795,-4.263076
1843,2026-05-11 16:17:15.922144,1.996519,2.2827551,1.8563887,-0.7593055,1.3680327,-4.6825876
1844,2026-05-11 16:17:15.924782,1.996519,2.2827551,1.8563887,-0.7593055,1.3680327,-4.6825876
1845,2026-05-11 16:17:15.927459,1.5752748,1.8768167,2.4568505,-0.7593055,1.3680327,-4.6825876
1846,2026-05-11 16:17:15.930070,1.5752748,1.8768167,2.4568505,-0.7593055,1.3680327,-4.6825876
1847,2026-05-11 16:17:15.933059,1.5752748,1.8768167,2.4568505,-0.7593055,1.3680327,-4.6825876
1848,2026-05-11 16:17:15.935816,1.5752748,1.8768167,2.4568505,-0.7593055,1.3680327,-4.6825876
1849,2026-05-11 16:17:15.938491,1.5752748,1.8768167,2.4568505,-0.7593055,1.3680327,-4.6825876
1850,2026-05-11 16:17:15.941089,1.5752748,1.8768167,2.4568505,-0.7593055,1.3680327,-4.6825876
1851,2026-05-11 16:17:15.943911,1.5752748,1.8768167,2.4568505,-0.7593055,1.3680327,-4.6825876
1852,2026-05-11 16:17:15.946502,1.5752748,1.8768167,2.4568505,-0.7593055,1.3680327,-4.6825876
1853,2026-05-11 16:17:15.949350,1.5752748,1.8768167,2.4568505,-0.7593055,1.3680327,-4.6825876
1854,2026-05-11 16:17:15.952043,1.5752748,1.8768167,2.4568505,-0.7593055,1.3680327,-4.6825876
1855,2026-05-11 16:17:15.954840,1.5752748,1.8768167,2.4568505,-0.7593055,1.3680327,-4.6825876
1856,2026-05-11 16:17:15.957598,1.5752748,1.8768167,2.4568505,-0.7593055,1.3680327,-4.6825876
1857,2026-05-11 16:17:15.960425,1.5752748,1.8768167,2.4568505,-0.7301367,1.7767016,-5.123174
1858,2026-05-11 16:17:15.963154,1.3383707,1.5874707,2.8202865,0.21991149,1.6423112,-5.39394
1859,2026-05-11 16:17:15.966164,1.3383707,1.5874707,2.8202865,0.21991149,1.6423112,-5.39394
1860,2026-05-11 16:17:15.968888,1.3383707,1.5874707,2.8202865,0.21991149,1.6423112,-5.39394
1861,2026-05-11 16:17:15.971456,1.3383707,1.5874707,2.8202865,0.21991149,1.6423112,-5.39394
1862,2026-05-11 16:17:15.974298,1.3383707,1.5874707,2.8202865,0.21991149,1.6423112,-5.39394
1863,2026-05-11 16:17:15.976987,1.3383707,1.5874707,2.8202865,0.21991149,1.6423112,-5.39394
1864,2026-05-11 16:17:15.979607,1.080246,1.1231143,3.146647,1.7296649,1.4770721,-5.43777
1865,2026-05-11 16:17:15.982493,1.080246,1.1231143,3.146647,1.7296649,1.4770721,-5.43777
1866,2026-05-11 16:17:15.986160,1.080246,1.1231143,3.146647,1.7296649,1.4770721,-5.43777
1867,2026-05-11 16:17:15.988994,1.080246,1.1231143,3.146647,1.7296649,1.4770721,-5.43777
1868,2026-05-11 16:17:15.991775,1.080246,1.1231143,3.146647,1.7296649,1.4770721,-5.43777
1869,2026-05-11 16:17:15.994476,1.080246,1.1231143,3.146647,1.7296649,1.4770721,-5.43777
1870,2026-05-11 16:17:15.997187,1.0367068,0.75211704,3.0539587,3.3470833,1.5160148,-5.3345337
1871,2026-05-11 16:17:16.000037,1.0898806,0.5288723,2.8991935,3.3470833,1.5160148,-5.3345337
1872,2026-05-11 16:17:16.003340,1.0898806,0.5288723,2.8991935,3.3470833,1.5160148,-5.3345337
1873,2026-05-11 16:17:16.006140,1.0898806,0.5288723,2.8991935,3.3470833,1.5160148,-5.3345337
1874,2026-05-11 16:17:16.008869,1.0898806,0.5288723,2.8991935,3.3470833,1.5160148,-5.3345337
1875,2026-05-11 16:17:16.011695,1.0898806,0.5288723,2.8991935,4.2154284,1.5497651,-5.2578697
1876,2026-05-11 16:17:16.014651,1.0898806,0.5288723,2.8991935,4.2154284,1.5497651,-5.2578697
1877,2026-05-11 16:17:16.017741,1.0898806,0.5288723,2.8991935,4.2154284,1.5497651,-5.2578697
1878,2026-05-11 16:17:16.020364,1.0898806,0.5288723,2.8991935,4.2154284,1.5497651,-5.2578697
1879,2026-05-11 16:17:16.023084,1.2661715,0.08848077,2.5150857,4.2154284,1.5497651,-5.2578697
1880,2026-05-11 16:17:16.025885,1.2661715,0.08848077,2.5150857,4.2154284,1.5497651,-5.2578697
1881,2026-05-11 16:17:16.028650,1.2661715,0.08848077,2.5150857,4.2154284,1.5497651,-5.2578697
1882,2026-05-11 16:17:16.031513,1.2661715,0.08848077,2.5150857,5.5817814,1.5476271,-5.1838026
1883,2026-05-11 16:17:16.034761,1.2661715,0.08848077,2.5150857,5.5817814,1.5476271,-5.1838026
1884,2026-05-11 16:17:16.037734,1.2661715,0.08848077,2.5150857,6.2054744,1.4534011,-5.203045
1885,2026-05-11 16:17:16.040539,1.2661715,0.08848077,2.5150857,6.2054744,1.4534011,-5.203045
1886,2026-05-11 16:17:16.043269,1.2661715,0.08848077,2.5150857,6.2054744,1.4534011,-5.203045
1887,2026-05-11 16:17:16.046064,1.2661715,0.08848077,2.5150857,6.2054744,1.4534011,-5.203045
1888,2026-05-11 16:17:16.049252,1.2661715,0.08848077,2.5150857,6.2054744,1.4534011,-5.203045
1889,2026-05-11 16:17:16.052051,1.399045,-0.13945936,2.2964144,6.2054744,1.4534011,-5.203045
1890,2026-05-11 16:17:16.054661,1.399045,-0.13945936,2.2964144,6.2054744,1.4534011,-5.203045
1891,2026-05-11 16:17:16.057477,1.399045,-0.13945936,2.2964144,6.2054744,1.4534011,-5.203045
1892,2026-05-11 16:17:16.060263,1.4777691,-0.38386387,2.0535955,6.2054744,1.4534011,-5.203045
1893,2026-05-11 16:17:16.062986,1.4777691,-0.38386387,2.0535955,6.7068424,1.2212723,-5.318804
1894,2026-05-11 16:17:16.066215,1.4777691,-0.38386387,2.0535955,6.7068424,1.2212723,-5.318804
1895,2026-05-11 16:17:16.068996,1.4777691,-0.38386387,2.0535955,6.7068424,1.2212723,-5.318804
1896,2026-05-11 16:17:16.071810,1.4777691,-0.38386387,2.0535955,6.7068424,1.2212723,-5.318804
1897,2026-05-11 16:17:16.074430,1.4777691,-0.38386387,2.0535955,6.7068424,1.2212723,-5.318804
1898,2026-05-11 16:17:16.077052,1.4777691,-0.38386387,2.0535955,6.7068424,1.2212723,-5.318804
1899,2026-05-11 16:17:16.079832,1.4777691,-0.38386387,2.0535955,6.7068424,1.2212723,-5.318804
1900,2026-05-11 16:17:16.082900,1.4777691,-0.38386387,2.0535955,6.7068424,1.2212723,-5.318804
1901,2026-05-11 16:17:16.085786,1.4777691,-0.38386387,2.0535955,6.7068424,1.2212723,-5.318804
1902,2026-05-11 16:17:16.088398,1.4777691,-0.38386387,2.0535955,6.7068424,1.2212723,-5.318804
1903,2026-05-11 16:17:16.091002,1.4777691,-0.38386387,2.0535955,6.7068424,1.2212723,-5.318804
1904,2026-05-11 16:17:16.093770,1.4529507,-0.570704,1.8606575,6.7068424,1.2212723,-5.318804
1905,2026-05-11 16:17:16.096483,1.4529507,-0.570704,1.8606575,6.898959,1.0004445,-5.431203
1906,2026-05-11 16:17:16.099621,1.4529507,-0.570704,1.8606575,6.882008,0.8576548,-5.458234
1907,2026-05-11 16:17:16.102590,1.4529507,-0.570704,1.8606575,6.882008,0.8576548,-5.458234
1908,2026-05-11 16:17:16.105293,1.4529507,-0.570704,1.8606575,6.882008,0.8576548,-5.458234
1909,2026-05-11 16:17:16.107875,1.4529507,-0.570704,1.8606575,6.882008,0.8576548,-5.458234
1910,2026-05-11 16:17:16.110611,1.4529507,-0.570704,1.8606575,6.882008,0.8576548,-5.458234
1911,2026-05-11 16:17:16.113228,1.4529507,-0.570704,1.8606575,6.882008,0.8576548,-5.458234
1912,2026-05-11 16:17:16.116341,1.4529507,-0.570704,1.8606575,6.882008,0.8576548,-5.458234
1913,2026-05-11 16:17:16.119037,1.4529507,-0.570704,1.8606575,6.882008,0.8576548,-5.458234
1914,2026-05-11 16:17:16.121826,1.4117287,-0.6958943,1.7593709,6.882008,0.8576548,-5.458234
1915,2026-05-11 16:17:16.124463,1.4117287,-0.6958943,1.7593709,6.882008,0.8576548,-5.458234
1916,2026-05-11 16:17:16.127096,1.4117287,-0.6958943,1.7593709,6.882008,0.8576548,-5.458234
1917,2026-05-11 16:17:16.129712,1.4117287,-0.6958943,1.7593709,6.882008,0.8576548,-5.458234
1918,2026-05-11 16:17:16.132881,1.4117287,-0.6958943,1.7593709,6.882008,0.8576548,-5.458234
1919,2026-05-11 16:17:16.135807,1.492709,-0.78169197,1.8101057,6.7697616,0.5224425,-5.430897
1920,2026-05-11 16:17:16.138478,1.492709,-0.78169197,1.8101057,6.7697616,0.5224425,-5.430897
1921,2026-05-11 16:17:16.141092,1.492709,-0.78169197,1.8101057,6.7697616,0.5224425,-5.430897
1922,2026-05-11 16:17:16.143754,1.8490714,-0.99152124,2.2038481,6.832375,0.10644327,-5.5461984
1923,2026-05-11 16:17:16.146393,2.1942744,-1.0491467,2.3492224,7.0222015,-0.08368854,-5.820782
1924,2026-05-11 16:17:16.149747,2.1942744,-1.0491467,2.3492224,7.316486,0.26984972,-6.7033296
1925,2026-05-11 16:17:16.152482,2.1942744,-1.0491467,2.3492224,7.316486,0.26984972,-6.7033296
1926,2026-05-11 16:17:16.155112,2.1942744,-1.0491467,2.3492224,7.316486,0.26984972,-6.7033296
1927,2026-05-11 16:17:16.158005,2.1362832,-1.2504388,2.3523324,7.4837103,0.7884743,-7.2799864
1928,2026-05-11 16:17:16.160751,2.1362832,-1.2504388,2.3523324,7.4837103,0.7884743,-7.2799864
1929,2026-05-11 16:17:16.163426,1.946699,-1.3006856,2.2613516,7.539604,0.9949468,-7.3354225
1930,2026-05-11 16:17:16.166629,1.946699,-1.3006856,2.2613516,7.539604,0.9949468,-7.3354225
1931,2026-05-11 16:17:16.169417,1.946699,-1.3006856,2.2613516,7.539604,0.9949468,-7.3354225
1932,2026-05-11 16:17:16.172286,1.5872267,-1.3867272,2.0128613,7.6367316,1.0511464,-7.1616316
1933,2026-05-11 16:17:16.174982,1.5872267,-1.3867272,2.0128613,7.6367316,1.0511464,-7.1616316
1934,2026-05-11 16:17:16.177934,1.4742323,-1.3637991,1.8941958,7.6367316,1.0511464,-7.1616316
1935,2026-05-11 16:17:16.180622,1.4742323,-1.3637991,1.8941958,7.6367316,1.0511464,-7.1616316
1936,2026-05-11 16:17:16.183681,1.4742323,-1.3637991,1.8941958,7.6367316,1.0511464,-7.1616316
1937,2026-05-11 16:17:16.186544,1.4742323,-1.3637991,1.8941958,7.6367316,1.0511464,-7.1616316
1938,2026-05-11 16:17:16.189218,1.4742323,-1.3637991,1.8941958,7.6367316,1.0511464,-7.1616316
1939,2026-05-11 16:17:16.191841,1.4742323,-1.3637991,1.8941958,7.6367316,1.0511464,-7.1616316
1940,2026-05-11 16:17:16.194478,1.4351448,-1.3392854,1.7158928,7.7230167,0.8417723,-6.9171324
1941,2026-05-11 16:17:16.197275,1.4351448,-1.3392854,1.7158928,7.7230167,0.8417723,-6.9171324
1942,2026-05-11 16:17:16.200232,1.4351448,-1.3392854,1.7158928,7.7230167,0.8417723,-6.9171324
1943,2026-05-11 16:17:16.202992,1.4351448,-1.3392854,1.7158928,7.778758,0.45448375,-6.625597
1944,2026-05-11 16:17:16.205754,1.1814104,-1.3037345,1.4837451,7.727445,0.15958855,-6.3829308
1945,2026-05-11 16:17:16.208370,1.1814104,-1.3037345,1.4837451,7.727445,0.15958855,-6.3829308
1946,2026-05-11 16:17:16.211164,1.1814104,-1.3037345,1.4837451,7.727445,0.15958855,-6.3829308
1947,2026-05-11 16:17:16.213780,1.1814104,-1.3037345,1.4837451,7.727445,0.15958855,-6.3829308
1948,2026-05-11 16:17:16.216937,1.1814104,-1.3037345,1.4837451,7.7095776,0.095294975,-6.197839
1949,2026-05-11 16:17:16.219808,1.1814104,-1.3037345,1.4837451,7.7095776,0.095294975,-6.197839
1950,2026-05-11 16:17:16.222505,1.1814104,-1.3037345,1.4837451,7.7095776,0.095294975,-6.197839
1951,2026-05-11 16:17:16.225102,1.1814104,-1.3037345,1.4837451,7.7095776,0.095294975,-6.197839
1952,2026-05-11 16:17:16.227857,0.9185292,-1.3719703,1.2181199,7.7095776,0.095294975,-6.197839
1953,2026-05-11 16:17:16.230579,0.9185292,-1.3719703,1.2181199,7.7095776,0.095294975,-6.197839
1954,2026-05-11 16:17:16.233865,0.9185292,-1.3719703,1.2181199,7.7095776,0.095294975,-6.197839
1955,2026-05-11 16:17:16.236582,0.9185292,-1.3719703,1.2181199,7.7095776,0.095294975,-6.197839
1956,2026-05-11 16:17:16.239230,0.9185292,-1.3719703,1.2181199,7.7095776,0.095294975,-6.197839
1957,2026-05-11 16:17:16.241871,0.9185292,-1.3719703,1.2181199,7.7095776,0.095294975,-6.197839
1958,2026-05-11 16:17:16.244462,0.9185292,-1.3719703,1.2181199,7.7095776,0.095294975,-6.197839
1959,2026-05-11 16:17:16.247240,0.9185292,-1.3719703,1.2181199,7.7095776,0.095294975,-6.197839
1960,2026-05-11 16:17:16.250200,0.9185292,-1.3719703,1.2181199,7.7095776,0.095294975,-6.197839
1961,2026-05-11 16:17:16.253100,0.9185292,-1.3719703,1.2181199,7.721031,-0.11728613,-5.6564593
1962,2026-05-11 16:17:16.255730,0.9185292,-1.3719703,1.2181199,7.721031,-0.11728613,-5.6564593
1963,2026-05-11 16:17:16.258326,0.9185292,-1.3719703,1.2181199,7.721031,-0.11728613,-5.6564593
1964,2026-05-11 16:17:16.286436,0.9185292,-1.3719703,1.2181199,7.721031,-0.11728613,-5.6564593
1965,2026-05-11 16:17:16.289789,0.9185292,-1.3719703,1.2181199,7.721031,-0.11728613,-5.6564593
1966,2026-05-11 16:17:16.297170,0.67814934,-1.4147167,0.94200623,7.721031,-0.11728613,-5.6564593
1967,2026-05-11 16:17:16.300634,0.67814934,-1.4147167,0.94200623,7.721031,-0.11728613,-5.6564593
1968,2026-05-11 16:17:16.303440,0.67814934,-1.4147167,0.94200623,7.674911,-0.28191432,-5.265964
1969,2026-05-11 16:17:16.306093,0.67814934,-1.4147167,0.94200623,7.674911,-0.28191432,-5.265964
1970,2026-05-11 16:17:16.308681,0.67814934,-1.4147167,0.94200623,7.674911,-0.28191432,-5.265964
1971,2026-05-11 16:17:16.311274,0.67814934,-1.4147167,0.94200623,7.674911,-0.28191432,-5.265964
1972,2026-05-11 16:17:16.314219,0.4777108,-1.4997216,0.7019312,7.639328,-0.40103304,-4.766429
1973,2026-05-11 16:17:16.317301,0.4777108,-1.4997216,0.7019312,7.6949167,-0.50442195,-4.3192754
1974,2026-05-11 16:17:16.320263,0.21007323,-1.609972,0.38459563,7.6949167,-0.50442195,-4.3192754
1975,2026-05-11 16:17:16.322908,0.01597654,-1.6680242,0.13531277,7.6949167,-0.50442195,-4.3192754
1976,2026-05-11 16:17:16.325517,0.01597654,-1.6680242,0.13531277,7.6949167,-0.50442195,-4.3192754
1977,2026-05-11 16:17:16.328210,-0.3996575,-1.7837017,-0.30672523,7.6240563,-1.234406,-3.4165692
1978,2026-05-11 16:17:16.330757,-0.3996575,-1.7837017,-0.30672523,7.6240563,-1.234406,-3.4165692
1979,2026-05-11 16:17:16.333767,-0.3996575,-1.7837017,-0.30672523,7.6240563,-1.234406,-3.4165692
1980,2026-05-11 16:17:16.336465,-0.3996575,-1.7837017,-0.30672523,7.6240563,-1.234406,-3.4165692
1981,2026-05-11 16:17:16.339119,-0.3996575,-1.7837017,-0.30672523,7.6240563,-1.234406,-3.4165692
1982,2026-05-11 16:17:16.341691,-0.3996575,-1.7837017,-0.30672523,7.6240563,-1.234406,-3.4165692
1983,2026-05-11 16:17:16.344300,-0.3996575,-1.7837017,-0.30672523,7.6240563,-1.234406,-3.4165692
1984,2026-05-11 16:17:16.346803,-0.3996575,-1.7837017,-0.30672523,7.6240563,-1.234406,-3.4165692
1985,2026-05-11 16:17:16.350189,-0.3996575,-1.7837017,-0.30672523,7.6240563,-1.234406,-3.4165692
1986,2026-05-11 16:17:16.352928,-0.3996575,-1.7837017,-0.30672523,7.6240563,-1.234406,-3.4165692
1987,2026-05-11 16:17:16.355560,-0.3996575,-1.7837017,-0.30672523,7.6240563,-1.234406,-3.4165692
1988,2026-05-11 16:17:16.358417,-0.3996575,-1.7837017,-0.30672523,7.6240563,-1.234406,-3.4165692
1989,2026-05-11 16:17:16.361046,-0.3996575,-1.7837017,-0.30672523,7.6240563,-1.234406,-3.4165692
1990,2026-05-11 16:17:16.363737,-0.65955067,-1.8647429,-0.6093648,7.6240563,-1.234406,-3.4165692
1991,2026-05-11 16:17:16.366912,-0.65955067,-1.8647429,-0.6093648,7.390553,-1.7353154,-2.794403
1992,2026-05-11 16:17:16.369640,-0.65955067,-1.8647429,-0.6093648,7.390553,-1.7353154,-2.794403
1993,2026-05-11 16:17:16.372354,-0.65955067,-1.8647429,-0.6093648,7.390553,-1.7353154,-2.794403
1994,2026-05-11 16:17:16.375001,-0.65955067,-1.8647429,-0.6093648,7.390553,-1.7353154,-2.794403
1995,2026-05-11 16:17:16.377808,-0.65955067,-1.8647429,-0.6093648,7.390553,-1.7353154,-2.794403
1996,2026-05-11 16:17:16.380785,-0.65955067,-1.8647429,-0.6093648,7.390553,-1.7353154,-2.794403
1997,2026-05-11 16:17:16.384029,-0.65955067,-1.8647429,-0.6093648,7.390553,-1.7353154,-2.794403
1998,2026-05-11 16:17:16.386832,-0.82986546,-1.9606023,-1.2125708,5.865528,-2.375655,-1.7423404
1999,2026-05-11 16:17:16.389678,-0.82986546,-1.9606023,-1.2125708,5.865528,-2.375655,-1.7423404
2000,2026-05-11 16:17:16.392462,-0.70327276,-2.0717063,-1.0667696,2.1423044,-1.1522446,-0.8017606
2001,2026-05-11 16:17:16.395103,-0.70327276,-2.0717063,-1.0667696,2.1423044,-1.1522446,-0.8017606
2002,2026-05-11 16:17:16.397812,-0.70327276,-2.0717063,-1.0667696,2.1423044,-1.1522446,-0.8017606
2003,2026-05-11 16:17:16.401149,-0.70327276,-2.0717063,-1.0667696,2.1423044,-1.1522446,-0.8017606
2004,2026-05-11 16:17:16.403862,-0.70327276,-2.0717063,-1.0667696,2.1423044,-1.1522446,-0.8017606
2005,2026-05-11 16:17:16.406668,-0.70327276,-2.0717063,-1.0667696,2.1423044,-1.1522446,-0.8017606
2006,2026-05-11 16:17:16.409330,-0.70327276,-2.0717063,-1.0667696,2.1423044,-1.1522446,-0.8017606
2007,2026-05-11 16:17:16.412042,-0.70327276,-2.0717063,-1.0667696,2.1423044,-1.1522446,-0.8017606
2008,2026-05-11 16:17:16.414783,-0.70327276,-2.0717063,-1.0667696,2.1423044,-1.1522446,-0.8017606
2009,2026-05-11 16:17:16.418032,-0.70327276,-2.0717063,-1.0667696,0.33460143,0.1611157,-0.3904956
2010,2026-05-11 16:17:16.420856,-0.8024249,-2.1332953,-0.801998,0.33460143,0.1611157,-0.3904956
2011,2026-05-11 16:17:16.423484,-0.8024249,-2.1332953,-0.801998,0.33460143,0.1611157,-0.3904956
2012,2026-05-11 16:17:16.426221,-0.88047814,-2.1936646,-0.5697284,-0.9990701,1.4271339,0.15103643
2013,2026-05-11 16:17:16.428980,-0.83023137,-2.3637965,-0.32800692,-1.9515617,2.3868032,0.80863285
2014,2026-05-11 16:17:16.432185,-0.83023137,-2.3637965,-0.32800692,-1.9515617,2.3868032,0.80863285
2015,2026-05-11 16:17:16.434919,-0.83023137,-2.3637965,-0.32800692,-1.9515617,2.3868032,0.80863285
2016,2026-05-11 16:17:16.437572,-1.0409753,-2.4303858,-0.11921428,-2.0572414,2.4973698,0.89904094
2017,2026-05-11 16:17:16.440451,-1.0409753,-2.4303858,-0.11921428,-2.0572414,2.4973698,0.89904094
2018,2026-05-11 16:17:16.443190,-1.1442741,-2.3676991,-0.20903657,-2.0112739,2.8115072,2.1209242
2019,2026-05-11 16:17:16.445809,-1.1442741,-2.3676991,-0.20903657,-2.0112739,2.8115072,2.1209242
2020,2026-05-11 16:17:16.448820,-1.1442741,-2.3676991,-0.20903657,-2.0112739,2.8115072,2.1209242
2021,2026-05-11 16:17:16.451768,-1.1442741,-2.3676991,-0.20903657,-2.0112739,2.8115072,2.1209242
2022,2026-05-11 16:17:16.454441,-1.1442741,-2.3676991,-0.20903657,-2.0112739,2.8115072,2.1209242
2023,2026-05-11 16:17:16.457150,-1.1442741,-2.3676991,-0.20903657,-2.0112739,2.8115072,2.1209242
2024,2026-05-11 16:17:16.459796,-1.1442741,-2.3676991,-0.20903657,-2.0112739,2.8115072,2.1209242
2025,2026-05-11 16:17:16.462350,-1.1442741,-2.3676991,-0.20903657,-2.0112739,2.8115072,2.1209242
2026,2026-05-11 16:17:16.465296,-0.94968957,-2.0509124,-0.4279518,-1.9886718,2.4190264,2.8728993
2027,2026-05-11 16:17:16.468282,-0.94968957,-2.0509124,-0.4279518,-1.9886718,2.4190264,2.8728993
2028,2026-05-11 16:17:16.470928,-0.94968957,-2.0509124,-0.4279518,-1.9886718,2.4190264,2.8728993
2029,2026-05-11 16:17:16.473716,-0.94968957,-2.0509124,-0.4279518,-2.3432791,1.7502817,3.591277
2030,2026-05-11 16:17:16.476478,-0.94968957,-2.0509124,-0.4279518,-2.3432791,1.7502817,3.591277
2031,2026-05-11 16:17:16.479202,-0.94968957,-2.0509124,-0.4279518,-2.3432791,1.7502817,3.591277
2032,2026-05-11 16:17:16.482356,-0.94968957,-2.0509124,-0.4279518,-2.3432791,1.7502817,3.591277
2033,2026-05-11 16:17:16.485160,-0.94968957,-2.0509124,-0.4279518,-2.3432791,1.7502817,3.591277
2034,2026-05-11 16:17:16.487749,-0.94968957,-2.0509124,-0.4279518,-2.3432791,1.7502817,3.591277
2035,2026-05-11 16:17:16.490614,-0.94968957,-2.0509124,-0.4279518,-2.6401596,1.454012,3.8698313
2036,2026-05-11 16:17:16.493303,-0.94968957,-2.0509124,-0.4279518,-2.6401596,1.454012,3.8698313
2037,2026-05-11 16:17:16.495905,-0.94968957,-2.0509124,-0.4279518,-2.6401596,1.454012,3.8698313
2038,2026-05-11 16:17:16.499042,-0.94968957,-2.0509124,-0.4279518,-2.6401596,1.454012,3.8698313
2039,2026-05-11 16:17:16.501839,-0.94968957,-2.0509124,-0.4279518,-2.6401596,1.454012,3.8698313
2040,2026-05-11 16:17:16.504417,-0.94968957,-2.0509124,-0.4279518,-2.6401596,1.454012,3.8698313
2041,2026-05-11 16:17:16.507003,-0.94968957,-2.0509124,-0.4279518,-2.6401596,1.454012,3.8698313
2042,2026-05-11 16:17:16.509606,-0.94968957,-2.0509124,-0.4279518,-2.6401596,1.454012,3.8698313
2043,2026-05-11 16:17:16.512187,-0.94968957,-2.0509124,-0.4279518,-2.6401596,1.454012,3.8698313
2044,2026-05-11 16:17:16.515248,-0.94968957,-2.0509124,-0.4279518,-2.6401596,1.454012,3.8698313
2045,2026-05-11 16:17:16.518163,-0.94968957,-2.0509124,-0.4279518,-2.6401596,1.454012,3.8698313
2046,2026-05-11 16:17:16.520858,-0.8849907,-1.9560287,-0.3787416,-2.6401596,1.454012,3.8698313
2047,2026-05-11 16:17:16.523585,-0.8849907,-1.9560287,-0.3787416,-2.6401596,1.454012,3.8698313
2048,2026-05-11 16:17:16.526280,-0.8849907,-1.9560287,-0.3787416,-2.6401596,1.454012,3.8698313
2049,2026-05-11 16:17:16.529165,-0.8849907,-1.9560287,-0.3787416,-2.6401596,1.454012,3.8698313
2050,2026-05-11 16:17:16.532399,-0.7859605,-1.8524251,-0.15561883,-3.4257324,1.3197744,4.355011
2051,2026-05-11 16:17:16.535413,-0.6972968,-1.8033979,0.10683551,-4.1221185,1.6143641,4.703815
2052,2026-05-11 16:17:16.538135,-0.6972968,-1.8033979,0.10683551,-4.1221185,1.6143641,4.703815
2053,2026-05-11 16:17:16.540849,-0.6972968,-1.8033979,0.10683551,-4.1221185,1.6143641,4.703815
2054,2026-05-11 16:17:16.543510,-0.6972968,-1.8033979,0.10683551,-4.1221185,1.6143641,4.703815
2055,2026-05-11 16:17:16.546206,-0.6972968,-1.8033979,0.10683551,-4.1221185,1.6143641,4.703815
2056,2026-05-11 16:17:16.549123,-0.6972968,-1.8033979,0.10683551,-4.1221185,1.6143641,4.703815
2057,2026-05-11 16:17:16.551951,-0.6972968,-1.8033979,0.10683551,-4.1221185,1.6143641,4.703815
2058,2026-05-11 16:17:16.554686,-0.6972968,-1.8033979,0.10683551,-4.1221185,1.6143641,4.703815
2059,2026-05-11 16:17:16.557474,-0.6972968,-1.8033979,0.10683551,-4.1221185,1.6143641,4.703815
2060,2026-05-11 16:17:16.560197,-0.6972968,-1.8033979,0.10683551,-4.1221185,1.6143641,4.703815
2061,2026-05-11 16:17:16.562809,-0.6972968,-1.8033979,0.10683551,-4.1221185,1.6143641,4.703815
2062,2026-05-11 16:17:16.565786,-0.6972968,-1.8033979,0.10683551,-4.1221185,1.6143641,4.703815
2063,2026-05-11 16:17:16.569319,-0.6972968,-1.8033979,0.10683551,-4.682282,2.0069978,4.988478
2064,2026-05-11 16:17:16.572086,-0.6972968,-1.8033979,0.10683551,-4.682282,2.0069978,4.988478
2065,2026-05-11 16:17:16.574829,-0.5100907,-1.7372354,0.37648538,-5.764735,2.7673724,5.472131
2066,2026-05-11 16:17:16.577604,-0.5100907,-1.7372354,0.37648538,-5.764735,2.7673724,5.472131
2067,2026-05-11 16:17:16.580404,-0.5100907,-1.7372354,0.37648538,-5.764735,2.7673724,5.472131
2068,2026-05-11 16:17:16.583360,-0.5100907,-1.7372354,0.37648538,-6.175695,3.0031662,5.630345
2069,2026-05-11 16:17:16.586864,-0.5100907,-1.7372354,0.37648538,-6.175695,3.0031662,5.630345
2070,2026-05-11 16:17:16.589593,-0.5100907,-1.7372354,0.37648538,-6.175695,3.0031662,5.630345
2071,2026-05-11 16:17:16.592463,0.070735835,-1.7060751,0.9499944,-7.5910697,3.3452508,6.086203
2072,2026-05-11 16:17:16.595160,0.070735835,-1.7060751,0.9499944,-7.5910697,3.3452508,6.086203
2073,2026-05-11 16:17:16.598003,0.070735835,-1.7060751,0.9499944,-7.5910697,3.3452508,6.086203
2074,2026-05-11 16:17:16.601263,0.070735835,-1.7060751,0.9499944,-7.5910697,3.3452508,6.086203
2075,2026-05-11 16:17:16.604114,0.070735835,-1.7060751,0.9499944,-8.382904,2.865416,6.372546
2076,2026-05-11 16:17:16.606970,0.84230524,-1.6416812,1.96981,-8.627708,2.3154848,6.5128927
2077,2026-05-11 16:17:16.609778,0.84230524,-1.6416812,1.96981,-8.359233,1.0509937,6.637967
2078,2026-05-11 16:17:16.612432,0.84230524,-1.6416812,1.96981,-8.359233,1.0509937,6.637967
2079,2026-05-11 16:17:16.615612,0.84230524,-1.6416812,1.96981,-8.359233,1.0509937,6.637967
2080,2026-05-11 16:17:16.618575,1.1946429,-1.5823485,2.3637354,-8.359233,1.0509937,6.637967
2081,2026-05-11 16:17:16.621245,1.1946429,-1.5823485,2.3637354,-8.359233,1.0509937,6.637967
2082,2026-05-11 16:17:16.624041,1.1946429,-1.5823485,2.3637354,-8.359233,1.0509937,6.637967
2083,2026-05-11 16:17:16.626675,1.1946429,-1.5823485,2.3637354,-8.359233,1.0509937,6.637967
2084,2026-05-11 16:17:16.629380,1.1946429,-1.5823485,2.3637354,-8.359233,1.0509937,6.637967
2085,2026-05-11 16:17:16.632439,1.1946429,-1.5823485,2.3637354,-8.359233,1.0509937,6.637967
2086,2026-05-11 16:17:16.635147,1.1946429,-1.5823485,2.3637354,-8.359233,1.0509937,6.637967
2087,2026-05-11 16:17:16.637998,1.1946429,-1.5823485,2.3637354,-7.865501,0.5297729,6.634149
2088,2026-05-11 16:17:16.640628,1.1946429,-1.5823485,2.3637354,-7.865501,0.5297729,6.634149
2089,2026-05-11 16:17:16.643387,1.8305335,-1.273611,2.710829,-5.43273,-0.07742717,6.4154596
2090,2026-05-11 16:17:16.646022,1.8305335,-1.273611,2.710829,-5.43273,-0.07742717,6.4154596
2091,2026-05-11 16:17:16.649282,1.8305335,-1.273611,2.710829,-5.43273,-0.07742717,6.4154596
2092,2026-05-11 16:17:16.652045,1.8305335,-1.273611,2.710829,-5.43273,-0.07742717,6.4154596
2093,2026-05-11 16:17:16.654704,1.8305335,-1.273611,2.710829,-5.43273,-0.07742717,6.4154596
2094,2026-05-11 16:17:16.657400,1.8305335,-1.273611,2.710829,-5.43273,-0.07742717,6.4154596
2095,2026-05-11 16:17:16.660125,1.8305335,-1.273611,2.710829,-5.43273,-0.07742717,6.4154596
2096,2026-05-11 16:17:16.662777,1.8305335,-1.273611,2.710829,-5.43273,-0.07742717,6.4154596
2097,2026-05-11 16:17:16.665712,1.8305335,-1.273611,2.710829,-5.43273,-0.07742717,6.4154596
2098,2026-05-11 16:17:16.668524,1.8305335,-1.273611,2.710829,-5.43273,-0.07742717,6.4154596
2099,2026-05-11 16:17:16.671129,1.8305335,-1.273611,2.710829,-5.43273,-0.07742717,6.4154596
2100,2026-05-11 16:17:16.673963,1.8305335,-1.273611,2.710829,-5.43273,-0.07742717,6.4154596
2101,2026-05-11 16:17:16.677030,1.5780799,-0.7938878,1.814313,-4.8379,0.5716171,6.7686925
2102,2026-05-11 16:17:16.679739,1.5780799,-0.7938878,1.814313,-4.8379,0.5716171,6.7686925
2103,2026-05-11 16:17:16.682790,1.5780799,-0.7938878,1.814313,-4.8379,0.5716171,6.7686925
2104,2026-05-11 16:17:16.685613,1.5780799,-0.7938878,1.814313,-4.8379,0.5716171,6.7686925
2105,2026-05-11 16:17:16.688289,1.5780799,-0.7938878,1.814313,-5.2111387,0.68126744,6.933015
2106,2026-05-11 16:17:16.690875,1.5780799,-0.7938878,1.814313,-5.2111387,0.68126744,6.933015
2107,2026-05-11 16:17:16.693690,1.5986909,-0.6949796,1.5206375,-5.2111387,0.68126744,6.933015
2108,2026-05-11 16:17:16.696290,1.5986909,-0.6949796,1.5206375,-5.2111387,0.68126744,6.933015
2109,2026-05-11 16:17:16.699538,1.5986909,-0.6949796,1.5206375,-5.2111387,0.68126744,6.933015
2110,2026-05-11 16:17:16.702416,1.8800488,-0.65729445,1.3840442,-5.2111387,0.68126744,6.933015
2111,2026-05-11 16:17:16.705088,1.8800488,-0.65729445,1.3840442,-6.563747,1.0467176,7.2471523
2112,2026-05-11 16:17:16.707977,1.8800488,-0.65729445,1.3840442,-6.563747,1.0467176,7.2471523
2113,2026-05-11 16:17:16.710708,1.8800488,-0.65729445,1.3840442,-6.563747,1.0467176,7.2471523
2114,2026-05-11 16:17:16.713289,1.8800488,-0.65729445,1.3840442,-6.563747,1.0467176,7.2471523
2115,2026-05-11 16:17:16.716418,1.8800488,-0.65729445,1.3840442,-6.563747,1.0467176,7.2471523
2116,2026-05-11 16:17:16.719336,2.154455,-0.67296606,1.5355164,-6.563747,1.0467176,7.2471523
2117,2026-05-11 16:17:16.722044,2.154455,-0.67296606,1.5355164,-6.563747,1.0467176,7.2471523
2118,2026-05-11 16:17:16.724647,2.154455,-0.67296606,1.5355164,-6.563747,1.0467176,7.2471523
2119,2026-05-11 16:17:16.727449,2.154455,-0.67296606,1.5355164,-6.563747,1.0467176,7.2471523
2120,2026-05-11 16:17:16.730233,2.154455,-0.67296606,1.5355164,-7.6087847,1.3744467,7.1573553
2121,2026-05-11 16:17:16.733222,2.154455,-0.67296606,1.5355164,-7.6087847,1.3744467,7.1573553
2122,2026-05-11 16:17:16.736188,2.4427645,-0.6465621,2.2159219,-7.6087847,1.3744467,7.1573553
2123,2026-05-11 16:17:16.738911,2.4427645,-0.6465621,2.2159219,-7.6087847,1.3744467,7.1573553
2124,2026-05-11 16:17:16.741551,2.4427645,-0.6465621,2.2159219,-7.6087847,1.3744467,7.1573553
2125,2026-05-11 16:17:16.744337,2.4427645,-0.6465621,2.2159219,-8.296008,1.561677,6.4278297
2126,2026-05-11 16:17:16.747128,2.1969573,-0.4686249,2.5503926,-7.4957747,1.2544118,5.002834
2127,2026-05-11 16:17:16.750147,2.1969573,-0.4686249,2.5503926,-7.4957747,1.2544118,5.002834
2128,2026-05-11 16:17:16.752903,2.1969573,-0.4686249,2.5503926,-7.4957747,1.2544118,5.002834
2129,2026-05-11 16:17:16.755664,2.1969573,-0.4686249,2.5503926,-7.4957747,1.2544118,5.002834
2130,2026-05-11 16:17:16.758251,2.1969573,-0.4686249,2.5503926,-7.4957747,1.2544118,5.002834
2131,2026-05-11 16:17:16.761083,2.1969573,-0.4686249,2.5503926,-7.4957747,1.2544118,5.002834
2132,2026-05-11 16:17:16.763801,2.1969573,-0.4686249,2.5503926,-7.4957747,1.2544118,5.002834
2133,2026-05-11 16:17:16.766769,2.1969573,-0.4686249,2.5503926,-7.4957747,1.2544118,5.002834
2134,2026-05-11 16:17:16.769608,1.6499133,-0.42032942,2.5425262,-6.80397,0.8782715,4.6422706
2135,2026-05-11 16:17:16.772274,1.6499133,-0.42032942,2.5425262,-6.80397,0.8782715,4.6422706
2136,2026-05-11 16:17:16.774956,1.6499133,-0.42032942,2.5425262,-6.80397,0.8782715,4.6422706
2137,2026-05-11 16:17:16.777587,1.6499133,-0.42032942,2.5425262,-6.80397,0.8782715,4.6422706
2138,2026-05-11 16:17:16.780396,1.3898982,-0.4531362,2.5170372,-6.80397,0.8782715,4.6422706
2139,2026-05-11 16:17:16.783540,1.3898982,-0.4531362,2.5170372,-6.80397,0.8782715,4.6422706
2140,2026-05-11 16:17:16.786460,1.3898982,-0.4531362,2.5170372,-6.257398,0.81581056,4.831028
2141,2026-05-11 16:17:16.789131,1.3898982,-0.4531362,2.5170372,-6.257398,0.81581056,4.831028
2142,2026-05-11 16:17:16.791802,1.3898982,-0.4531362,2.5170372,-6.257398,0.81581056,4.831028
2143,2026-05-11 16:17:16.794486,1.3898982,-0.4531362,2.5170372,-6.257398,0.81581056,4.831028
2144,2026-05-11 16:17:16.797078,1.3898982,-0.4531362,2.5170372,-6.257398,0.81581056,4.831028
2145,2026-05-11 16:17:16.800181,1.3898982,-0.4531362,2.5170372,-6.257398,0.81581056,4.831028
2146,2026-05-11 16:17:16.803125,1.3411148,-0.2572711,2.4594119,-6.257398,0.81581056,4.831028
2147,2026-05-11 16:17:16.805820,1.3411148,-0.2572711,2.4594119,-6.257398,0.81581056,4.831028
2148,2026-05-11 16:17:16.808450,1.9033427,0.05640573,2.3626988,-4.374559,0.6038403,5.6347737
2149,2026-05-11 16:17:16.811293,1.9033427,0.05640573,2.3626988,-4.374559,0.6038403,5.6347737
2150,2026-05-11 16:17:16.813919,1.9033427,0.05640573,2.3626988,-4.374559,0.6038403,5.6347737
2151,2026-05-11 16:17:16.817096,1.9033427,0.05640573,2.3626988,-4.374559,0.6038403,5.6347737
2152,2026-05-11 16:17:16.819907,1.9033427,0.05640573,2.3626988,-4.374559,0.6038403,5.6347737
2153,2026-05-11 16:17:16.822504,1.9033427,0.05640573,2.3626988,-4.374559,0.6038403,5.6347737
2154,2026-05-11 16:17:16.825097,1.9033427,0.05640573,2.3626988,-4.374559,0.6038403,5.6347737
2155,2026-05-11 16:17:16.827848,2.2934875,0.3196528,2.1999454,-4.374559,0.6038403,5.6347737
2156,2026-05-11 16:17:16.830445,2.2934875,0.3196528,2.1999454,-4.374559,0.6038403,5.6347737
2157,2026-05-11 16:17:16.833841,2.2934875,0.3196528,2.1999454,-4.374559,0.6038403,5.6347737
2158,2026-05-11 16:17:16.836621,2.2934875,0.3196528,2.1999454,-4.374559,0.6038403,5.6347737
2159,2026-05-11 16:17:16.839400,2.2934875,0.3196528,2.1999454,-4.374559,0.6038403,5.6347737
2160,2026-05-11 16:17:16.842169,2.2934875,0.3196528,2.1999454,-3.6749654,0.4014912,5.351638
2161,2026-05-11 16:17:16.844946,2.462278,0.60857207,1.922856,-3.094796,0.25289822,4.5953865
2162,2026-05-11 16:17:16.847766,2.462278,0.60857207,1.922856,-3.094796,0.25289822,4.5953865
2163,2026-05-11 16:17:16.851002,2.5592957,0.76638615,1.6726586,-3.0976977,0.40317106,4.0802746
2164,2026-05-11 16:17:16.853697,2.5592957,0.76638615,1.6726586,-3.0976977,0.40317106,4.0802746
2165,2026-05-11 16:17:16.856387,2.5592957,0.76638615,1.6726586,-3.0976977,0.40317106,4.0802746
2166,2026-05-11 16:17:16.859171,2.5592957,0.76638615,1.6726586,-3.0976977,0.40317106,4.0802746
2167,2026-05-11 16:17:16.861873,2.5592957,0.76638615,1.6726586,-3.0976977,0.40317106,4.0802746
2168,2026-05-11 16:17:16.864684,2.5592957,0.76638615,1.6726586,-3.0976977,0.40317106,4.0802746
2169,2026-05-11 16:17:16.867841,2.5592957,0.76638615,1.6726586,-3.0976977,0.40317106,4.0802746
2170,2026-05-11 16:17:16.870533,2.6239946,0.9389573,1.5510051,-3.289204,0.58032197,3.5634825
2171,2026-05-11 16:17:16.873150,2.6239946,0.9389573,1.5510051,-3.289204,0.58032197,3.5634825
2172,2026-05-11 16:17:16.875936,2.6239946,0.9389573,1.5510051,-3.664886,0.7828238,2.8699977
2173,2026-05-11 16:17:16.878699,2.6239946,0.9389573,1.5510051,-3.664886,0.7828238,2.8699977
2174,2026-05-11 16:17:16.881612,2.6894863,1.2261691,1.4512432,-3.664886,0.7828238,2.8699977
2175,2026-05-11 16:17:16.884907,2.6894863,1.2261691,1.4512432,-3.664886,0.7828238,2.8699977
2176,2026-05-11 16:17:16.887592,2.6894863,1.2261691,1.4512432,-3.664886,0.7828238,2.8699977
2177,2026-05-11 16:17:16.890210,2.6894863,1.2261691,1.4512432,-3.664886,0.7828238,2.8699977
2178,2026-05-11 16:17:16.892825,2.6894863,1.2261691,1.4512432,-3.664886,0.7828238,2.8699977
2179,2026-05-11 16:17:16.895709,2.6894863,1.2261691,1.4512432,-3.664886,0.7828238,2.8699977
2180,2026-05-11 16:17:16.898946,2.8226647,1.3858736,1.4191072,-3.9964333,0.8009971,2.3921483
2181,2026-05-11 16:17:16.901834,2.8226647,1.3858736,1.4191072,-3.9964333,0.8009971,2.3921483
2182,2026-05-11 16:17:16.904438,2.8226647,1.3858736,1.4191072,-3.9964333,0.8009971,2.3921483
2183,2026-05-11 16:17:16.907233,3.0873754,1.4601462,1.7188199,-4.6879325,0.88208944,1.5273159
2184,2026-05-11 16:17:16.909931,3.0873754,1.4601462,1.7188199,-4.6879325,0.88208944,1.5273159
2185,2026-05-11 16:17:16.912670,3.0873754,1.4601462,1.7188199,-4.6879325,0.88208944,1.5273159
2186,2026-05-11 16:17:16.915728,3.0873754,1.4601462,1.7188199,-4.6879325,0.88208944,1.5273159
2187,2026-05-11 16:17:16.918527,3.0873754,1.4601462,1.7188199,-4.6879325,0.88208944,1.5273159
2188,2026-05-11 16:17:16.921391,3.0873754,1.4601462,1.7188199,-4.6879325,0.88208944,1.5273159
2189,2026-05-11 16:17:16.924121,3.0873754,1.4601462,1.7188199,-4.6879325,0.88208944,1.5273159
2190,2026-05-11 16:17:16.926829,3.1598186,1.4772204,2.052132,-4.6879325,0.88208944,1.5273159
2191,2026-05-11 16:17:16.929628,3.1598186,1.4772204,2.052132,-4.9290714,1.2935071,1.033584
2192,2026-05-11 16:17:16.932859,3.1598186,1.4772204,2.052132,-4.9290714,1.2935071,1.033584
2193,2026-05-11 16:17:16.935664,3.1598186,1.4772204,2.052132,-4.9290714,1.2935071,1.033584
2194,2026-05-11 16:17:16.938290,3.1598186,1.4772204,2.052132,-4.9290714,1.2935071,1.033584
2195,2026-05-11 16:17:16.941085,2.959624,1.5694817,2.3076956,-4.4023533,1.1855367,1.2281445
2196,2026-05-11 16:17:16.943788,2.959624,1.5694817,2.3076956,-4.4023533,1.1855367,1.2281445
2197,2026-05-11 16:17:16.946469,2.8283358,1.5859462,2.7415016,-4.4023533,1.1855367,1.2281445
2198,2026-05-11 16:17:16.949445,2.8283358,1.5859462,2.7415016,-4.4023533,1.1855367,1.2281445
2199,2026-05-11 16:17:16.952315,2.8283358,1.5859462,2.7415016,-4.4023533,1.1855367,1.2281445
2200,2026-05-11 16:17:16.954914,2.8283358,1.5859462,2.7415016,-4.4023533,1.1855367,1.2281445
2201,2026-05-11 16:17:16.957549,2.8283358,1.5859462,2.7415016,-4.4023533,1.1855367,1.2281445
2202,2026-05-11 16:17:16.960307,2.9202313,1.7555293,3.284216,-3.317151,0.88193667,1.91155
2203,2026-05-11 16:17:16.963524,2.9202313,1.7555293,3.284216,-3.317151,0.88193667,1.91155
2204,2026-05-11 16:17:16.967233,2.9202313,1.7555293,3.284216,-3.317151,0.88193667,1.91155
2205,2026-05-11 16:17:16.970190,2.9202313,1.7555293,3.284216,-3.317151,0.88193667,1.91155
2206,2026-05-11 16:17:16.973316,2.9202313,1.7555293,3.284216,-3.317151,0.88193667,1.91155
2207,2026-05-11 16:17:16.976393,2.9202313,1.7555293,3.284216,-2.2745566,0.79336125,2.3420575
2208,2026-05-11 16:17:16.979353,2.9802349,1.9724932,3.6628356,-2.2745566,0.79336125,2.3420575
2209,2026-05-11 16:17:16.982652,2.9802349,1.9724932,3.6628356,-2.2745566,0.79336125,2.3420575
2210,2026-05-11 16:17:16.985774,2.9802349,1.9724932,3.6628356,-2.2745566,0.79336125,2.3420575
2211,2026-05-11 16:17:16.988711,2.9802349,1.9724932,3.6628356,-2.2745566,0.79336125,2.3420575
2212,2026-05-11 16:17:16.991802,2.9802349,1.9724932,3.6628356,-2.2745566,0.79336125,2.3420575
2213,2026-05-11 16:17:16.994777,2.9802349,1.9724932,3.6628356,-2.2745566,0.79336125,2.3420575
2214,2026-05-11 16:17:16.997924,2.9802349,1.9724932,3.6628356,-2.2745566,0.79336125,2.3420575
2215,2026-05-11 16:17:17.001034,2.9802349,1.9724932,3.6628356,-2.2745566,0.79336125,2.3420575
2216,2026-05-11 16:17:17.003892,2.9802349,1.9724932,3.6628356,0.9656252,0.72143185,3.1418326
2217,2026-05-11 16:17:17.006545,3.1899424,2.599664,4.232503,0.9656252,0.72143185,3.1418326
2218,2026-05-11 16:17:17.009314,3.1899424,2.599664,4.232503,0.9656252,0.72143185,3.1418326
2219,2026-05-11 16:17:17.011978,3.1899424,2.599664,4.232503,0.9656252,0.72143185,3.1418326
2220,2026-05-11 16:17:17.015172,3.1899424,2.599664,4.232503,4.7456594,0.30680707,3.1274774
2221,2026-05-11 16:17:17.018190,3.1899424,2.599664,4.232503,4.7456594,0.30680707,3.1274774
2222,2026-05-11 16:17:17.020984,3.787965,2.9448671,3.6380782,4.7456594,0.30680707,3.1274774
2223,2026-05-11 16:17:17.023694,3.787965,2.9448671,3.6380782,4.7456594,0.30680707,3.1274774
2224,2026-05-11 16:17:17.026450,3.787965,2.9448671,3.6380782,6.197686,-0.17989981,2.5566237
2225,2026-05-11 16:17:17.029142,3.787965,2.9448671,3.6380782,6.197686,-0.17989981,2.5566237
2226,2026-05-11 16:17:17.032285,4.2847013,2.8931568,2.9732833,6.197686,-0.17989981,2.5566237
2227,2026-05-11 16:17:17.035049,4.2847013,2.8931568,2.9732833,6.197686,-0.17989981,2.5566237
2228,2026-05-11 16:17:17.037736,4.2847013,2.8931568,2.9732833,6.197686,-0.17989981,2.5566237
2229,2026-05-11 16:17:17.040599,4.2847013,2.8931568,2.9732833,6.197686,-0.17989981,2.5566237
2230,2026-05-11 16:17:17.043434,4.2847013,2.8931568,2.9732833,6.197686,-0.17989981,2.5566237
2231,2026-05-11 16:17:17.046113,4.2847013,2.8931568,2.9732833,6.197686,-0.17989981,2.5566237
2232,2026-05-11 16:17:17.049377,4.177683,2.7791257,1.7919338,7.405214,-0.8194757,1.2202033
2233,2026-05-11 16:17:17.052161,4.177683,2.7791257,1.7919338,7.405214,-0.8194757,1.2202033
2234,2026-05-11 16:17:17.054776,4.177683,2.7791257,1.7919338,7.405214,-0.8194757,1.2202033
2235,2026-05-11 16:17:17.057647,4.177683,2.7791257,1.7919338,7.405214,-0.8194757,1.2202033
2236,2026-05-11 16:17:17.060376,4.177683,2.7791257,1.7919338,7.405214,-0.8194757,1.2202033
2237,2026-05-11 16:17:17.063082,4.177683,2.7791257,1.7919338,7.405214,-0.8194757,1.2202033
2238,2026-05-11 16:17:17.066607,4.177683,2.7791257,1.7919338,7.405214,-0.8194757,1.2202033
2239,2026-05-11 16:17:17.069428,4.177683,2.7791257,1.7919338,7.405214,-0.8194757,1.2202033
2240,2026-05-11 16:17:17.072225,4.177683,2.7791257,1.7919338,7.405214,-0.8194757,1.2202033
2241,2026-05-11 16:17:17.074996,4.177683,2.7791257,1.7919338,7.2769322,-0.93279123,0.37675115
2242,2026-05-11 16:17:17.077737,3.772476,2.683876,1.0432316,7.2769322,-0.93279123,0.37675115
2243,2026-05-11 16:17:17.080385,3.772476,2.683876,1.0432316,7.2769322,-0.93279123,0.37675115
2244,2026-05-11 16:17:17.083445,3.772476,2.683876,1.0432316,7.2769322,-0.93279123,0.37675115
2245,2026-05-11 16:17:17.086337,3.4346519,2.5776503,0.48167443,6.0683355,-0.84513205,-0.5187773
2246,2026-05-11 16:17:17.088947,3.4346519,2.5776503,0.48167443,6.0683355,-0.84513205,-0.5187773
2247,2026-05-11 16:17:17.091668,3.4346519,2.5776503,0.48167443,6.0683355,-0.84513205,-0.5187773
2248,2026-05-11 16:17:17.094346,3.4346519,2.5776503,0.48167443,6.0683355,-0.84513205,-0.5187773
2249,2026-05-11 16:17:17.096971,3.4346519,2.5776503,0.48167443,6.0683355,-0.84513205,-0.5187773
2250,2026-05-11 16:17:17.099821,3.4346519,2.5776503,0.48167443,6.0683355,-0.84513205,-0.5187773
2251,2026-05-11 16:17:17.102438,3.4346519,2.5776503,0.48167443,6.0683355,-0.84513205,-0.5187773
2252,2026-05-11 16:17:17.105101,3.4346519,2.5776503,0.48167443,6.0683355,-0.84513205,-0.5187773
2253,2026-05-11 16:17:17.107693,3.4346519,2.5776503,0.48167443,4.9205194,-1.0668762,-1.3391694
2254,2026-05-11 16:17:17.110378,3.494411,2.6089327,0.16458277,4.9205194,-1.0668762,-1.3391694
2255,2026-05-11 16:17:17.112971,3.494411,2.6089327,0.16458277,4.9205194,-1.0668762,-1.3391694
2256,2026-05-11 16:17:17.115852,3.494411,2.6089327,0.16458277,4.9205194,-1.0668762,-1.3391694
2257,2026-05-11 16:17:17.118525,3.494411,2.6089327,0.16458277,4.9205194,-1.0668762,-1.3391694
2258,2026-05-11 16:17:17.121213,3.462397,2.5852728,-0.13842271,4.9205194,-1.0668762,-1.3391694
2259,2026-05-11 16:17:17.123751,3.462397,2.5852728,-0.13842271,4.9205194,-1.0668762,-1.3391694
2260,2026-05-11 16:17:17.126303,3.462397,2.5852728,-0.13842271,2.2576053,-1.1262828,-2.9205468
2261,2026-05-11 16:17:17.128995,3.462397,2.5852728,-0.13842271,2.2576053,-1.1262828,-2.9205468
2262,2026-05-11 16:17:17.131969,3.462397,2.5852728,-0.13842271,2.2576053,-1.1262828,-2.9205468
2263,2026-05-11 16:17:17.134774,3.462397,2.5852728,-0.13842271,2.2576053,-1.1262828,-2.9205468
2264,2026-05-11 16:17:17.137304,3.462397,2.5852728,-0.13842271,2.2576053,-1.1262828,-2.9205468
2265,2026-05-11 16:17:17.140068,3.369282,2.4813643,0.050307814,0.67073005,-0.7322747,-3.6913059
2266,2026-05-11 16:17:17.142657,3.369282,2.4813643,0.050307814,0.67073005,-0.7322747,-3.6913059
2267,2026-05-11 16:17:17.145262,3.369282,2.4813643,0.050307814,0.67073005,-0.7322747,-3.6913059
2268,2026-05-11 16:17:17.148001,3.369282,2.4813643,0.050307814,0.67073005,-0.7322747,-3.6913059
2269,2026-05-11 16:17:17.151126,3.369282,2.4813643,0.050307814,0.67073005,-0.7322747,-3.6913059
2270,2026-05-11 16:17:17.153791,3.369282,2.4813643,0.050307814,0.67073005,-0.7322747,-3.6913059
2271,2026-05-11 16:17:17.156582,3.369282,2.4813643,0.050307814,0.67073005,-0.7322747,-3.6913059
2272,2026-05-11 16:17:17.159456,3.1569526,2.1200018,0.6020473,0.67073005,-0.7322747,-3.6913059
2273,2026-05-11 16:17:17.162154,3.1569526,2.1200018,0.6020473,0.67073005,-0.7322747,-3.6913059
2274,2026-05-11 16:17:17.165196,3.1569526,2.1200018,0.6020473,0.67073005,-0.7322747,-3.6913059
2275,2026-05-11 16:17:17.168143,3.1569526,2.1200018,0.6020473,0.67073005,-0.7322747,-3.6913059
2276,2026-05-11 16:17:17.171141,3.1569526,2.1200018,0.6020473,-3.3250923,1.4908166,-6.129269
2277,2026-05-11 16:17:17.173804,3.1569526,2.1200018,0.6020473,-3.3250923,1.4908166,-6.129269
2278,2026-05-11 16:17:17.176487,2.608384,1.7060751,1.5792994,-3.3250923,1.4908166,-6.129269
2279,2026-05-11 16:17:17.179358,2.608384,1.7060751,1.5792994,-3.3250923,1.4908166,-6.129269
2280,2026-05-11 16:17:17.182660,2.195189,1.337822,2.2797062,-3.3458617,1.8819231,-6.618725
2281,2026-05-11 16:17:17.185577,1.6924769,0.9757277,3.0391407,-2.154827,1.9428569,-6.82703
2282,2026-05-11 16:17:17.188313,1.6924769,0.9757277,3.0391407,-2.154827,1.9428569,-6.82703
2283,2026-05-11 16:17:17.190972,1.6924769,0.9757277,3.0391407,-2.154827,1.9428569,-6.82703
2284,2026-05-11 16:17:17.193703,1.6924769,0.9757277,3.0391407,-2.154827,1.9428569,-6.82703
2285,2026-05-11 16:17:17.196428,1.2800747,0.66869754,3.3404388,-2.154827,1.9428569,-6.82703
2286,2026-05-11 16:17:17.199483,1.2800747,0.66869754,3.3404388,-0.17608191,1.9494237,-6.588029
2287,2026-05-11 16:17:17.202245,1.2800747,0.66869754,3.3404388,-0.17608191,1.9494237,-6.588029
2288,2026-05-11 16:17:17.204949,1.2800747,0.66869754,3.3404388,-0.17608191,1.9494237,-6.588029
2289,2026-05-11 16:17:17.207575,1.2800747,0.66869754,3.3404388,-0.17608191,1.9494237,-6.588029
2290,2026-05-11 16:17:17.210431,1.2800747,0.66869754,3.3404388,-0.17608191,1.9494237,-6.588029
2291,2026-05-11 16:17:17.213048,1.2800747,0.66869754,3.3404388,-0.17608191,1.9494237,-6.588029
2292,2026-05-11 16:17:17.216158,1.2800747,0.66869754,3.3404388,-0.17608191,1.9494237,-6.588029
2293,2026-05-11 16:17:17.218881,1.2800747,0.66869754,3.3404388,-0.17608191,1.9494237,-6.588029
2294,2026-05-11 16:17:17.221615,1.2800747,0.66869754,3.3404388,-0.17608191,1.9494237,-6.588029
2295,2026-05-11 16:17:17.224335,1.2800747,0.66869754,3.3404388,-0.17608191,1.9494237,-6.588029
2296,2026-05-11 16:17:17.226880,1.2800747,0.66869754,3.3404388,-0.17608191,1.9494237,-6.588029
2297,2026-05-11 16:17:17.229633,1.2800747,0.66869754,3.3404388,-0.17608191,1.9494237,-6.588029
2298,2026-05-11 16:17:17.232687,1.2800747,0.66869754,3.3404388,-0.17608191,1.9494237,-6.588029
2299,2026-05-11 16:17:17.235581,1.1636655,0.48136955,3.2990952,1.4407257,2.1183279,-6.1929517
2300,2026-05-11 16:17:17.238211,1.1451279,0.29983455,3.1149988,1.4407257,2.1183279,-6.1929517
2301,2026-05-11 16:17:17.240824,1.1451279,0.29983455,3.1149988,1.4407257,2.1183279,-6.1929517
2302,2026-05-11 16:17:17.243509,1.1451279,0.29983455,3.1149988,1.4407257,2.1183279,-6.1929517
2303,2026-05-11 16:17:17.246236,1.1451279,0.29983455,3.1149988,1.4407257,2.1183279,-6.1929517
2304,2026-05-11 16:17:17.249225,1.1451279,0.29983455,3.1149988,1.4407257,2.1183279,-6.1929517
2305,2026-05-11 16:17:17.252101,1.1451279,0.29983455,3.1149988,1.4407257,2.1183279,-6.1929517
2306,2026-05-11 16:17:17.254824,1.1451279,0.29983455,3.1149988,1.4407257,2.1183279,-6.1929517
2307,2026-05-11 16:17:17.257433,1.1451279,0.29983455,3.1149988,1.4407257,2.1183279,-6.1929517
2308,2026-05-11 16:17:17.260397,1.1029302,0.10384752,2.850898,2.893516,2.3087652,-5.8154373
2309,2026-05-11 16:17:17.263039,1.1029302,0.10384752,2.850898,2.893516,2.3087652,-5.8154373
2310,2026-05-11 16:17:17.266067,1.1029302,0.10384752,2.850898,2.893516,2.3087652,-5.8154373
2311,2026-05-11 16:17:17.268886,1.1029302,0.10384752,2.850898,2.893516,2.3087652,-5.8154373
2312,2026-05-11 16:17:17.271522,1.1029302,0.10384752,2.850898,2.893516,2.3087652,-5.8154373
2313,2026-05-11 16:17:17.274362,1.1029302,0.10384752,2.850898,2.893516,2.3087652,-5.8154373
2314,2026-05-11 16:17:17.277066,1.1029302,0.10384752,2.850898,2.893516,2.3087652,-5.8154373
2315,2026-05-11 16:17:17.279792,1.1029302,0.10384752,2.850898,2.893516,2.3087652,-5.8154373
2316,2026-05-11 16:17:17.282899,1.1106745,-0.17720546,2.2766573,5.8336105,2.222786,-4.912578
2317,2026-05-11 16:17:17.285780,1.1106745,-0.17720546,2.2766573,5.8336105,2.222786,-4.912578
2318,2026-05-11 16:17:17.288484,1.1106745,-0.17720546,2.2766573,5.8336105,2.222786,-4.912578
2319,2026-05-11 16:17:17.291068,1.1106745,-0.17720546,2.2766573,5.8336105,2.222786,-4.912578
2320,2026-05-11 16:17:17.293940,1.1106745,-0.17720546,2.2766573,5.8336105,2.222786,-4.912578
2321,2026-05-11 16:17:17.296569,1.1106745,-0.17720546,2.2766573,6.703788,1.6702583,-4.623181
2322,2026-05-11 16:17:17.299684,1.1106745,-0.17720546,2.2766573,6.703788,1.6702583,-4.623181
2323,2026-05-11 16:17:17.302570,1.2367795,-0.34965453,2.0215814,7.3117514,1.1235338,-4.5417833
2324,2026-05-11 16:17:17.305359,1.3781292,-0.4613074,1.9103554,7.3117514,1.1235338,-4.5417833
2325,2026-05-11 16:17:17.307959,1.3781292,-0.4613074,1.9103554,7.3117514,1.1235338,-4.5417833
2326,2026-05-11 16:17:17.310826,1.4966726,-0.5778996,1.7405893,8.10664,0.22785273,-4.7025933
2327,2026-05-11 16:17:17.313431,1.4966726,-0.5778996,1.7405893,8.10664,0.22785273,-4.7025933
2328,2026-05-11 16:17:17.316611,1.4966726,-0.5778996,1.7405893,8.278446,-0.088728175,-4.807357
2329,2026-05-11 16:17:17.319374,1.4966726,-0.5778996,1.7405893,8.278446,-0.088728175,-4.807357
2330,2026-05-11 16:17:17.321996,1.4966726,-0.5778996,1.7405893,8.278446,-0.088728175,-4.807357
2331,2026-05-11 16:17:17.324789,1.5442973,-0.63418335,1.601374,8.278446,-0.088728175,-4.807357
2332,2026-05-11 16:17:17.327379,1.5442973,-0.63418335,1.601374,8.278446,-0.088728175,-4.807357
2333,2026-05-11 16:17:17.330062,1.5210034,-0.7057729,1.3581281,8.278446,-0.088728175,-4.807357
2334,2026-05-11 16:17:17.333165,1.5210034,-0.7057729,1.3581281,8.278446,-0.088728175,-4.807357
2335,2026-05-11 16:17:17.335970,1.5210034,-0.7057729,1.3581281,8.36076,-0.75228053,-5.2366424
2336,2026-05-11 16:17:17.338691,1.5210034,-0.7057729,1.3581281,8.36076,-0.75228053,-5.2366424
2337,2026-05-11 16:17:17.341611,1.4959409,-0.8337072,1.4541093,7.658112,-0.8023715,-5.680283
2338,2026-05-11 16:17:17.344303,1.4959409,-0.8337072,1.4541093,7.658112,-0.8023715,-5.680283
2339,2026-05-11 16:17:17.347070,1.4959409,-0.8337072,1.4541093,7.658112,-0.8023715,-5.680283
2340,2026-05-11 16:17:17.350307,1.4959409,-0.8337072,1.4541093,7.658112,-0.8023715,-5.680283
2341,2026-05-11 16:17:17.353049,1.6400347,-0.8043152,1.6227167,7.658112,-0.8023715,-5.680283
2342,2026-05-11 16:17:17.355823,1.6400347,-0.8043152,1.6227167,8.02738,-2.1186333,-6.656293
2343,2026-05-11 16:17:17.358462,1.6400347,-0.8043152,1.6227167,8.02738,-2.1186333,-6.656293
2344,2026-05-11 16:17:17.361247,1.6400347,-0.8043152,1.6227167,8.02738,-2.1186333,-6.656293
2345,2026-05-11 16:17:17.363937,1.5481391,-0.6302807,1.4378278,5.5895696,-2.5392141,-7.441866
2346,2026-05-11 16:17:17.367198,1.5481391,-0.6302807,1.4378278,5.5895696,-2.5392141,-7.441866
2347,2026-05-11 16:17:17.370139,1.5481391,-0.6302807,1.4378278,5.5895696,-2.5392141,-7.441866
2348,2026-05-11 16:17:17.372838,0.5052124,-1.264769,0.7625445,6.223495,-1.5749633,-5.820477
2349,2026-05-11 16:17:17.375454,0.5052124,-1.264769,0.7625445,6.223495,-1.5749633,-5.820477
2350,2026-05-11 16:17:17.378230,0.34416643,-1.3694092,0.37599754,6.214943,-1.6841555,-5.4440312
2351,2026-05-11 16:17:17.380862,0.34416643,-1.3694092,0.37599754,6.214943,-1.6841555,-5.4440312
2352,2026-05-11 16:17:17.383928,0.34416643,-1.3694092,0.37599754,6.214943,-1.6841555,-5.4440312
2353,2026-05-11 16:17:17.386704,0.34416643,-1.3694092,0.37599754,6.214943,-1.6841555,-5.4440312
2354,2026-05-11 16:17:17.389439,0.34416643,-1.3694092,0.37599754,6.214943,-1.6841555,-5.4440312
2355,2026-05-11 16:17:17.392179,0.34416643,-1.3694092,0.37599754,6.214943,-1.6841555,-5.4440312
2356,2026-05-11 16:17:17.394841,0.34416643,-1.3694092,0.37599754,5.6411877,-1.8391626,-4.9205194
2357,2026-05-11 16:17:17.397440,0.34416643,-1.3694092,0.37599754,5.6411877,-1.8391626,-4.9205194
2358,2026-05-11 16:17:17.400691,0.34416643,-1.3694092,0.37599754,5.6411877,-1.8391626,-4.9205194
2359,2026-05-11 16:17:17.403455,0.34416643,-1.3694092,0.37599754,5.6411877,-1.8391626,-4.9205194
2360,2026-05-11 16:17:17.406068,0.34416643,-1.3694092,0.37599754,5.6411877,-1.8391626,-4.9205194
2361,2026-05-11 16:17:17.408759,0.34416643,-1.3694092,0.37599754,5.6411877,-1.8391626,-4.9205194
2362,2026-05-11 16:17:17.411530,0.23763582,-1.5492977,-0.16385102,5.6411877,-1.8391626,-4.9205194
2363,2026-05-11 16:17:17.414325,0.23763582,-1.5492977,-0.16385102,5.6411877,-1.8391626,-4.9205194
2364,2026-05-11 16:17:17.417330,0.23763582,-1.5492977,-0.16385102,4.666705,-1.6972891,-4.5921793
2365,2026-05-11 16:17:17.420147,0.23763582,-1.5492977,-0.16385102,4.666705,-1.6972891,-4.5921793
2366,2026-05-11 16:17:17.422778,0.23763582,-1.5492977,-0.16385102,4.666705,-1.6972891,-4.5921793
2367,2026-05-11 16:17:17.425429,0.14360595,-1.6755246,-0.42063433,4.666705,-1.6972891,-4.5921793
2368,2026-05-11 16:17:17.428184,0.14360595,-1.6755246,-0.42063433,4.666705,-1.6972891,-4.5921793
2369,2026-05-11 16:17:17.430787,0.14360595,-1.6755246,-0.42063433,4.666705,-1.6972891,-4.5921793
2370,2026-05-11 16:17:17.433946,0.14360595,-1.6755246,-0.42063433,4.666705,-1.6972891,-4.5921793
2371,2026-05-11 16:17:17.436829,0.14360595,-1.6755246,-0.42063433,4.666705,-1.6972891,-4.5921793
2372,2026-05-11 16:17:17.439477,0.14360595,-1.6755246,-0.42063433,4.666705,-1.6972891,-4.5921793
2373,2026-05-11 16:17:17.442206,-0.14952092,-1.9661512,-0.62564623,4.666705,-1.6972891,-4.5921793
2374,2026-05-11 16:17:17.444885,-0.14952092,-1.9661512,-0.62564623,3.1149547,-1.2689198,-4.2329907
2375,2026-05-11 16:17:17.447461,-0.14952092,-1.9661512,-0.62564623,3.1149547,-1.2689198,-4.2329907
2376,2026-05-11 16:17:17.450656,-0.14952092,-1.9661512,-0.62564623,3.1149547,-1.2689198,-4.2329907
2377,2026-05-11 16:17:17.453388,-0.14952092,-1.9661512,-0.62564623,3.1149547,-1.2689198,-4.2329907
2378,2026-05-11 16:17:17.456051,-0.5456416,-2.1956768,-0.62393886,3.1149547,-1.2689198,-4.2329907
2379,2026-05-11 16:17:17.458850,-0.5456416,-2.1956768,-0.62393886,-1.3289373,0.8060367,-2.1235204
2380,2026-05-11 16:17:17.461458,-0.5456416,-2.1956768,-0.62393886,-1.3289373,0.8060367,-2.1235204
2381,2026-05-11 16:17:17.489224,-0.8868201,-2.6321657,-0.04756375,0.93126404,1.95034,2.5141687
2382,2026-05-11 16:17:17.492995,-0.8868201,-2.6321657,-0.04756375,0.93126404,1.95034,2.5141687
2383,2026-05-11 16:17:17.498598,-0.8868201,-2.6321657,-0.04756375,0.93126404,1.95034,2.5141687
2384,2026-05-11 16:17:17.502762,-0.3041031,-1.7147342,-0.7341282,-1.6389514,2.238363,5.584072
2385,2026-05-11 16:17:17.505667,-0.3041031,-1.7147342,-0.7341282,-1.6389514,2.238363,5.584072
2386,2026-05-11 16:17:17.508321,-0.3041031,-1.7147342,-0.7341282,-3.853338,3.0243938,6.505104
2387,2026-05-11 16:17:17.510981,-0.3041031,-1.7147342,-0.7341282,-3.853338,3.0243938,6.505104
2388,2026-05-11 16:17:17.513701,-0.3041031,-1.7147342,-0.7341282,-3.853338,3.0243938,6.505104
2389,2026-05-11 16:17:17.516687,-0.3041031,-1.7147342,-0.7341282,-7.2815137,3.8026361,7.755851
2390,2026-05-11 16:17:17.519565,-0.3041031,-1.7147342,-0.7341282,-7.2815137,3.8026361,7.755851
2391,2026-05-11 16:17:17.522205,-0.3041031,-1.7147342,-0.7341282,-7.2815137,3.8026361,7.755851
2392,2026-05-11 16:17:17.524840,-0.3041031,-1.7147342,-0.7341282,-7.2815137,3.8026361,7.755851
2393,2026-05-11 16:17:17.527614,-0.3041031,-1.7147342,-0.7341282,-7.2815137,3.8026361,7.755851
2394,2026-05-11 16:17:17.530374,-0.3041031,-1.7147342,-0.7341282,-7.2815137,3.8026361,7.755851
2395,2026-05-11 16:17:17.533415,-0.3041031,-1.7147342,-0.7341282,-7.2815137,3.8026361,7.755851
2396,2026-05-11 16:17:17.536269,-0.3041031,-1.7147342,-0.7341282,-7.2815137,3.8026361,7.755851
2397,2026-05-11 16:17:17.538925,1.0562202,-1.3677016,0.112567544,-7.2815137,3.8026361,7.755851
2398,2026-05-11 16:17:17.541637,1.0562202,-1.3677016,0.112567544,-7.2815137,3.8026361,7.755851
2399,2026-05-11 16:17:17.544395,1.0562202,-1.3677016,0.112567544,-7.2815137,3.8026361,7.755851
2400,2026-05-11 16:17:17.546999,1.0562202,-1.3677016,0.112567544,-7.2815137,3.8026361,7.755851
2401,2026-05-11 16:17:17.550038,1.6346685,-1.2125098,0.41514617,-7.2815137,3.8026361,7.755851
2402,2026-05-11 16:17:17.552814,1.6346685,-1.2125098,0.41514617,-12.539689,2.4596488,6.379724
2403,2026-05-11 16:17:17.555425,1.6346685,-1.2125098,0.41514617,-12.539689,2.4596488,6.379724
2404,2026-05-11 16:17:17.558230,1.6346685,-1.2125098,0.41514617,-10.325302,3.6903896,7.9271984
2405,2026-05-11 16:17:17.560858,1.6346685,-1.2125098,0.41514617,-10.325302,3.6903896,7.9271984
2406,2026-05-11 16:17:17.563453,1.6346685,-1.2125098,0.41514617,-10.325302,3.6903896,7.9271984
2407,2026-05-11 16:17:17.566619,1.6346685,-1.2125098,0.41514617,-10.325302,3.6903896,7.9271984
2408,2026-05-11 16:17:17.569373,2.0267036,-1.0104858,1.1368346,-12.244183,2.7763824,6.719212
2409,2026-05-11 16:17:17.572138,1.7752866,-1.1434203,1.6486328,-12.244183,2.7763824,6.719212
2410,2026-05-11 16:17:17.574847,1.7752866,-1.1434203,1.6486328,-12.244183,2.7763824,6.719212
2411,2026-05-11 16:17:17.577448,1.7752866,-1.1434203,1.6486328,-12.244183,2.7763824,6.719212
2412,2026-05-11 16:17:17.580145,1.7752866,-1.1434203,1.6486328,-12.244183,2.7763824,6.719212
2413,2026-05-11 16:17:17.583201,1.7752866,-1.1434203,1.6486328,-3.2291863,-0.2817616,4.998252
2414,2026-05-11 16:17:17.585963,1.6341197,0.06988213,1.4337422,-3.2291863,-0.2817616,4.998252
2415,2026-05-11 16:17:17.588766,1.6341197,0.06988213,1.4337422,-3.2291863,-0.2817616,4.998252
2416,2026-05-11 16:17:17.591583,1.6341197,0.06988213,1.4337422,-3.2291863,-0.2817616,4.998252
2417,2026-05-11 16:17:17.594187,1.6341197,0.06988213,1.4337422,-3.2291863,-0.2817616,4.998252
2418,2026-05-11 16:17:17.596814,1.6341197,0.06988213,1.4337422,-3.2291863,-0.2817616,4.998252
2419,2026-05-11 16:17:17.599701,1.6341197,0.06988213,1.4337422,-3.2291863,-0.2817616,4.998252
2420,2026-05-11 16:17:17.602494,1.6341197,0.06988213,1.4337422,-3.2291863,-0.2817616,4.998252
2421,2026-05-11 16:17:17.605135,1.6341197,0.06988213,1.4337422,-3.2291863,-0.2817616,4.998252
2422,2026-05-11 16:17:17.607889,1.6341197,0.06988213,1.4337422,-3.2291863,-0.2817616,4.998252
2423,2026-05-11 16:17:17.610572,1.6341197,0.06988213,1.4337422,-3.2291863,-0.2817616,4.998252
2424,2026-05-11 16:17:17.613296,1.6341197,0.06988213,1.4337422,-3.2291863,-0.2817616,4.998252
2425,2026-05-11 16:17:17.616241,1.6341197,0.06988213,1.4337422,-3.2291863,-0.2817616,4.998252
2426,2026-05-11 16:17:17.619139,1.6341197,0.06988213,1.4337422,-3.2291863,-0.2817616,4.998252
2427,2026-05-11 16:17:17.621874,1.2782453,0.6779054,2.2159219,-3.2291863,-0.2817616,4.998252
2428,2026-05-11 16:17:17.624477,1.2782453,0.6779054,2.2159219,-3.2291863,-0.2817616,4.998252
2429,2026-05-11 16:17:17.627207,1.2782453,0.6779054,2.2159219,-5.4157786,-0.2593123,2.4640777
2430,2026-05-11 16:17:17.629834,1.367092,0.7446776,2.1876278,-5.0281844,-0.19853121,2.4810293
2431,2026-05-11 16:17:17.632820,1.367092,0.7446776,2.1876278,-5.0281844,-0.19853121,2.4810293
2432,2026-05-11 16:17:17.635763,1.367092,0.7446776,2.1876278,-4.7154217,-0.5401576,1.3814718
2433,2026-05-11 16:17:17.638493,2.5176468,1.1539698,1.9090139,-4.9541173,-0.8339838,0.9419542
2434,2026-05-11 16:17:17.641278,2.6387515,2.1326244,4.0075507,-3.3840408,-0.6113234,2.5686884
2435,2026-05-11 16:17:17.643976,2.6387515,2.1326244,4.0075507,-3.3840408,-0.6113234,2.5686884
2436,2026-05-11 16:17:17.646790,3.4916673,2.9571238,4.7152143,5.69189,-1.6410894,-0.6441574
2437,2026-05-11 16:17:17.649827,1.9863964,1.428132,2.637898,-0.22968534,0.44516805,-4.5706463
2438,2026-05-11 16:17:17.652789,1.9863964,1.428132,2.637898,-0.22968534,0.44516805,-4.5706463
2439,2026-05-11 16:17:17.655399,1.9863964,1.428132,2.637898,-0.22968534,0.44516805,-4.5706463
2440,2026-05-11 16:17:17.658114,1.9863964,1.428132,2.637898,-0.22968534,0.44516805,-4.5706463
2441,2026-05-11 16:17:17.660829,1.9863964,1.428132,2.637898,-0.22968534,0.44516805,-4.5706463
2442,2026-05-11 16:17:17.663491,1.9863964,1.428132,2.637898,0.6925685,0.9077458,-5.679367
2443,2026-05-11 16:17:17.666754,1.9863964,1.428132,2.637898,0.6925685,0.9077458,-5.679367
2444,2026-05-11 16:17:17.669462,1.9863964,1.428132,2.637898,0.6925685,0.9077458,-5.679367
2445,2026-05-11 16:17:17.672030,1.9863964,1.428132,2.637898,0.6925685,0.9077458,-5.679367
2446,2026-05-11 16:17:17.674766,1.9863964,1.428132,2.637898,0.6925685,0.9077458,-5.679367
2447,2026-05-11 16:17:17.677560,1.7067459,0.48423555,2.8874245,2.176971,0.8173377,-5.9397483
2448,2026-05-11 16:17:17.680203,1.7067459,0.48423555,2.8874245,2.176971,0.8173377,-5.9397483
2449,2026-05-11 16:17:17.683162,1.7067459,0.48423555,2.8874245,2.176971,0.8173377,-5.9397483
2450,2026-05-11 16:17:17.685913,1.7067459,0.48423555,2.8874245,2.176971,0.8173377,-5.9397483
2451,2026-05-11 16:17:17.688686,1.7067459,0.48423555,2.8874245,2.176971,0.8173377,-5.9397483
2452,2026-05-11 16:17:17.691297,1.7067459,0.48423555,2.8874245,2.176971,0.8173377,-5.9397483
2453,2026-05-11 16:17:17.694087,1.7067459,0.48423555,2.8874245,2.176971,0.8173377,-5.9397483
2454,2026-05-11 16:17:17.696685,1.7067459,0.48423555,2.8874245,7.417584,0.98837996,-6.294661
2455,2026-05-11 16:17:17.699768,1.7067459,0.48423555,2.8874245,7.417584,0.98837996,-6.294661
2456,2026-05-11 16:17:17.702616,1.7067459,0.48423555,2.8874245,7.417584,0.98837996,-6.294661
2457,2026-05-11 16:17:17.705288,2.4874012,-0.93974996,2.1768343,8.41696,-0.44440445,-7.3661184
2458,2026-05-11 16:17:17.707937,2.736684,-0.9469455,2.1934206,8.41696,-0.44440445,-7.3661184
2459,2026-05-11 16:17:17.710731,2.736684,-0.9469455,2.1934206,8.41696,-0.44440445,-7.3661184
2460,2026-05-11 16:17:17.713340,2.736684,-0.9469455,2.1934206,8.41696,-0.44440445,-7.3661184
2461,2026-05-11 16:17:17.716585,2.736684,-0.9469455,2.1934206,8.41696,-0.44440445,-7.3661184
2462,2026-05-11 16:17:17.719348,2.736684,-0.9469455,2.1934206,8.41696,-0.44440445,-7.3661184
2463,2026-05-11 16:17:17.722054,2.736684,-0.9469455,2.1934206,8.41696,-0.44440445,-7.3661184
2464,2026-05-11 16:17:17.724765,2.736684,-0.9469455,2.1934206,10.6150055,-0.9437868,-10.861032
2465,2026-05-11 16:17:17.727521,2.736684,-0.9469455,2.1934206,10.825448,-0.64736444,-10.964878
2466,2026-05-11 16:17:17.730203,2.736684,-0.9469455,2.1934206,10.825448,-0.64736444,-10.964878
2467,2026-05-11 16:17:17.733271,2.736684,-0.9469455,2.1934206,10.825448,-0.64736444,-10.964878
2468,2026-05-11 16:17:17.736179,2.736684,-0.9469455,2.1934206,10.825448,-0.64736444,-10.964878
2469,2026-05-11 16:17:17.738890,2.736684,-0.9469455,2.1934206,10.825448,-0.64736444,-10.964878
2470,2026-05-11 16:17:17.741523,2.736684,-0.9469455,2.1934206,10.825448,-0.64736444,-10.964878
2471,2026-05-11 16:17:17.744157,2.736684,-0.9469455,2.1934206,10.825448,-0.64736444,-10.964878
2472,2026-05-11 16:17:17.746846,2.736684,-0.9469455,2.1934206,10.825448,-0.64736444,-10.964878
2473,2026-05-11 16:17:17.749708,2.736684,-0.9469455,2.1934206,10.825448,-0.64736444,-10.964878
2474,2026-05-11 16:17:17.752468,2.736684,-0.9469455,2.1934206,10.825448,-0.64736444,-10.964878
2475,2026-05-11 16:17:17.755421,2.736684,-0.9469455,2.1934206,10.825448,-0.64736444,-10.964878
2476,2026-05-11 16:17:17.758778,1.823887,-1.3648967,0.921822,5.378974,-0.960891,-8.948718
2477,2026-05-11 16:17:17.761635,1.823887,-1.3648967,0.921822,5.378974,-0.960891,-8.948718
2478,2026-05-11 16:17:17.764392,1.823887,-1.3648967,0.921822,5.378974,-0.960891,-8.948718
2479,2026-05-11 16:17:17.767609,1.823887,-1.3648967,0.921822,5.378974,-0.960891,-8.948718
2480,2026-05-11 16:17:17.770280,1.823887,-1.3648967,0.921822,5.378974,-0.960891,-8.948718
2481,2026-05-11 16:17:17.772909,1.823887,-1.3648967,0.921822,5.378974,-0.960891,-8.948718
2482,2026-05-11 16:17:17.775615,1.823887,-1.3648967,0.921822,5.378974,-0.960891,-8.948718
2483,2026-05-11 16:17:17.778345,1.823887,-1.3648967,0.921822,5.378974,-0.960891,-8.948718
2484,2026-05-11 16:17:17.781142,0.81626713,-2.242631,1.1101867,5.378974,-0.960891,-8.948718
2485,2026-05-11 16:17:17.784442,0.81626713,-2.242631,1.1101867,3.7684276,-0.33124167,-7.612908
2486,2026-05-11 16:17:17.787155,0.81626713,-2.242631,1.1101867,3.7684276,-0.33124167,-7.612908
2487,2026-05-11 16:17:17.789796,0.81626713,-2.242631,1.1101867,3.7684276,-0.33124167,-7.612908
2488,2026-05-11 16:17:17.792535,0.81626713,-2.242631,1.1101867,3.7684276,-0.33124167,-7.612908
2489,2026-05-11 16:17:17.795132,0.81626713,-2.242631,1.1101867,3.7684276,-0.33124167,-7.612908
2490,2026-05-11 16:17:17.797949,0.81626713,-2.242631,1.1101867,3.7684276,-0.33124167,-7.612908
2491,2026-05-11 16:17:17.801063,0.81626713,-2.242631,1.1101867,4.314694,-0.5555819,-3.8169916
2492,2026-05-11 16:17:17.803822,0.81626713,-2.242631,1.1101867,4.314694,-0.5555819,-3.8169916
2493,2026-05-11 16:17:17.806544,0.81626713,-2.242631,1.1101867,4.314694,-0.5555819,-3.8169916
2494,2026-05-11 16:17:17.809233,0.81626713,-2.242631,1.1101867,4.314694,-0.5555819,-3.8169916
2495,2026-05-11 16:17:17.811906,0.81626713,-2.242631,1.1101867,4.314694,-0.5555819,-3.8169916
2496,2026-05-11 16:17:17.814559,0.81626713,-2.242631,1.1101867,4.314694,-0.5555819,-3.8169916
2497,2026-05-11 16:17:17.817760,0.81626713,-2.242631,1.1101867,4.314694,-0.5555819,-3.8169916
2498,2026-05-11 16:17:17.820636,-0.23629428,-3.0828629,0.44209895,-1.8332067,3.2717943,1.0601566
2499,2026-05-11 16:17:17.823456,-0.4251468,-2.827604,0.39093745,-1.8332067,3.2717943,1.0601566
2500,2026-05-11 16:17:17.826254,-0.4251468,-2.827604,0.39093745,-1.724778,3.3692272,1.6360499
2501,2026-05-11 16:17:17.828879,-0.4251468,-2.827604,0.39093745,-1.724778,3.3692272,1.6360499
2502,2026-05-11 16:17:17.831644,-0.4251468,-2.827604,0.39093745,-1.724778,3.3692272,1.6360499
2503,2026-05-11 16:17:17.834872,-0.4251468,-2.827604,0.39093745,-1.724778,3.3692272,1.6360499
2504,2026-05-11 16:17:17.837723,-0.4251468,-2.827604,0.39093745,-1.724778,3.3692272,1.6360499
2505,2026-05-11 16:17:17.840381,-0.4251468,-2.827604,0.39093745,-1.724778,3.3692272,1.6360499
2506,2026-05-11 16:17:17.843284,-0.41526812,-2.388066,0.24659975,-1.724778,3.3692272,1.6360499
2507,2026-05-11 16:17:17.845940,-0.41526812,-2.388066,0.24659975,-1.7528778,3.2572863,2.7743971
2508,2026-05-11 16:17:17.849108,-0.41526812,-2.388066,0.24659975,-1.7528778,3.2572863,2.7743971
2509,2026-05-11 16:17:17.852021,-0.41526812,-2.388066,0.24659975,-1.7528778,3.2572863,2.7743971
2510,2026-05-11 16:17:17.854631,-0.41526812,-2.388066,0.24659975,-1.7528778,3.2572863,2.7743971
2511,2026-05-11 16:17:17.857252,-0.41526812,-2.388066,0.24659975,-2.196977,3.6766453,3.3009632
2512,2026-05-11 16:17:17.860029,-0.41526812,-2.388066,0.24659975,-2.196977,3.6766453,3.3009632
2513,2026-05-11 16:17:17.862641,-0.46472222,-2.1910424,0.06043036,-2.196977,3.6766453,3.3009632
2514,2026-05-11 16:17:17.865722,-0.46472222,-2.1910424,0.06043036,-2.196977,3.6766453,3.3009632
2515,2026-05-11 16:17:17.868649,-0.46472222,-2.1910424,0.06043036,-2.196977,3.6766453,3.3009632
2516,2026-05-11 16:17:17.871275,-0.46472222,-2.1910424,0.06043036,-2.196977,3.6766453,3.3009632
2517,2026-05-11 16:17:17.874005,-0.46472222,-2.1910424,0.06043036,-2.196977,3.6766453,3.3009632
2518,2026-05-11 16:17:17.876676,-0.46472222,-2.1910424,0.06043036,-2.196977,3.6766453,3.3009632
2519,2026-05-11 16:17:17.879414,-0.46472222,-2.1910424,0.06043036,-2.196977,3.6766453,3.3009632
2520,2026-05-11 16:17:17.882604,-0.46472222,-2.1910424,0.06043036,-2.196977,3.6766453,3.3009632
2521,2026-05-11 16:17:17.885352,-0.46472222,-2.1910424,0.06043036,-2.196977,3.6766453,3.3009632
2522,2026-05-11 16:17:17.888105,-0.66455096,-1.8154716,-0.33611718,-2.196977,3.6766453,3.3009632
2523,2026-05-11 16:17:17.890956,-0.66455096,-1.8154716,-0.33611718,-2.196977,3.6766453,3.3009632
2524,2026-05-11 16:17:17.893728,-0.66455096,-1.8154716,-0.33611718,-2.196977,3.6766453,3.3009632
2525,2026-05-11 16:17:17.896482,-0.66455096,-1.8154716,-0.33611718,-2.196977,3.6766453,3.3009632
2526,2026-05-11 16:17:17.899719,-0.66455096,-1.8154716,-0.33611718,-2.196977,3.6766453,3.3009632
2527,2026-05-11 16:17:17.902478,-0.66455096,-1.8154716,-0.33611718,-2.196977,3.6766453,3.3009632
2528,2026-05-11 16:17:17.905315,-0.66455096,-1.8154716,-0.33611718,-2.196977,3.6766453,3.3009632
2529,2026-05-11 16:17:17.907953,-0.66455096,-1.8154716,-0.33611718,-2.196977,3.6766453,3.3009632
2530,2026-05-11 16:17:17.910743,-0.66455096,-1.8154716,-0.33611718,-2.196977,3.6766453,3.3009632
2531,2026-05-11 16:17:17.913539,-0.66455096,-1.8154716,-0.33611718,-2.196977,3.6766453,3.3009632
2532,2026-05-11 16:17:17.916753,-0.66455096,-1.8154716,-0.33611718,-9.089522,3.9524508,6.1184263
2533,2026-05-11 16:17:17.919614,0.25714916,-1.4084358,0.25141713,-11.70204,3.223994,6.511213
2534,2026-05-11 16:17:17.922296,0.25714916,-1.4084358,0.25141713,-11.70204,3.223994,6.511213
2535,2026-05-11 16:17:17.925029,1.8566327,-0.7322379,2.4889257,-11.70204,3.223994,6.511213
2536,2026-05-11 16:17:17.927701,1.8566327,-0.7322379,2.4889257,-11.70204,3.223994,6.511213
2537,2026-05-11 16:17:17.930397,1.8566327,-0.7322379,2.4889257,-11.70204,3.223994,6.511213
2538,2026-05-11 16:17:17.933598,1.8566327,-0.7322379,2.4889257,-11.70204,3.223994,6.511213
2539,2026-05-11 16:17:17.936428,1.8566327,-0.7322379,2.4889257,-10.889589,1.5054774,5.7378573
2540,2026-05-11 16:17:17.939214,1.9387716,-0.5939371,2.8153472,-10.889589,1.5054774,5.7378573
2541,2026-05-11 16:17:17.941850,1.9387716,-0.5939371,2.8153472,-10.889589,1.5054774,5.7378573
2542,2026-05-11 16:17:17.944587,1.9387716,-0.5939371,2.8153472,-10.889589,1.5054774,5.7378573
2543,2026-05-11 16:17:17.947462,1.9387716,-0.5939371,2.8153472,-10.889589,1.5054774,5.7378573
2544,2026-05-11 16:17:17.950517,1.3351998,-0.34867886,2.95627,-10.889589,1.5054774,5.7378573
2545,2026-05-11 16:17:17.953326,1.3351998,-0.34867886,2.95627,-10.889589,1.5054774,5.7378573
2546,2026-05-11 16:17:17.955973,1.3351998,-0.34867886,2.95627,-10.889589,1.5054774,5.7378573
2547,2026-05-11 16:17:17.958579,1.3351998,-0.34867886,2.95627,-10.889589,1.5054774,5.7378573
2548,2026-05-11 16:17:17.961492,1.4292297,-0.24818522,2.5503316,-5.853616,-0.17760907,5.8878245
2549,2026-05-11 16:17:17.964250,1.4292297,-0.24818522,2.5503316,-5.853616,-0.17760907,5.8878245
2550,2026-05-11 16:17:17.967495,1.4292297,-0.24818522,2.5503316,-5.853616,-0.17760907,5.8878245
2551,2026-05-11 16:17:17.970208,1.4292297,-0.24818522,2.5503316,-5.853616,-0.17760907,5.8878245
2552,2026-05-11 16:17:17.972981,1.4292297,-0.24818522,2.5503316,-5.853616,-0.17760907,5.8878245
2553,2026-05-11 16:17:17.975678,1.448743,-0.21050009,2.3261113,-5.853616,-0.17760907,5.8878245
2554,2026-05-11 16:17:17.978332,1.448743,-0.21050009,2.3261113,-4.599357,-0.28725937,5.791308
2555,2026-05-11 16:17:17.981412,1.448743,-0.21050009,2.3261113,-4.599357,-0.28725937,5.791308
2556,2026-05-11 16:17:17.984607,1.448743,-0.21050009,2.3261113,-4.599357,-0.28725937,5.791308
2557,2026-05-11 16:17:17.987425,1.4915504,-0.16257046,1.9451746,-4.599357,-0.28725937,5.791308
2558,2026-05-11 16:17:17.990167,1.4915504,-0.16257046,1.9451746,-4.599357,-0.28725937,5.791308
2559,2026-05-11 16:17:17.992773,1.4915504,-0.16257046,1.9451746,-4.599357,-0.28725937,5.791308
2560,2026-05-11 16:17:17.995413,1.5231377,-0.114701815,1.5725309,-4.599357,-0.28725937,5.791308
2561,2026-05-11 16:17:17.998437,1.5231377,-0.114701815,1.5725309,-4.599357,-0.28725937,5.791308
2562,2026-05-11 16:17:18.001594,1.5231377,-0.114701815,1.5725309,-4.2233696,-0.29718593,5.5400896
2563,2026-05-11 16:17:18.004512,1.3996549,-0.08963938,1.1655558,-4.230242,-0.23457226,5.2415295
2564,2026-05-11 16:17:18.007180,1.3996549,-0.08963938,1.1655558,-4.230242,-0.23457226,5.2415295
2565,2026-05-11 16:17:18.010005,1.3996549,-0.08963938,1.1655558,-4.230242,-0.23457226,5.2415295
2566,2026-05-11 16:17:18.012690,1.3945326,0.028843146,0.8113888,-4.230242,-0.23457226,5.2415295
2567,2026-05-11 16:17:18.015643,1.3945326,0.028843146,0.8113888,-4.230242,-0.23457226,5.2415295
2568,2026-05-11 16:17:18.018626,1.3945326,0.028843146,0.8113888,-4.230242,-0.23457226,5.2415295
2569,2026-05-11 16:17:18.021385,1.4161192,-0.23452587,0.81956,-8.255692,0.59681535,3.9807034
2570,2026-05-11 16:17:18.024131,1.4161192,-0.23452587,0.81956,-8.255692,0.59681535,3.9807034
2571,2026-05-11 16:17:18.026881,0.591193,-0.597169,1.6532061,-9.990396,1.7368426,3.9380956
2572,2026-05-11 16:17:18.029595,0.591193,-0.597169,1.6532061,-9.220552,1.0045679,4.327369
2573,2026-05-11 16:17:18.032767,0.94225013,-0.45819747,2.1607969,-9.220552,1.0045679,4.327369
2574,2026-05-11 16:17:18.035548,0.94225013,-0.45819747,2.1607969,-9.220552,1.0045679,4.327369
2575,2026-05-11 16:17:18.038249,0.94225013,-0.45819747,2.1607969,-9.220552,1.0045679,4.327369
2576,2026-05-11 16:17:18.040896,0.94225013,-0.45819747,2.1607969,-9.220552,1.0045679,4.327369
2577,2026-05-11 16:17:18.043493,0.94225013,-0.45819747,2.1607969,-9.220552,1.0045679,4.327369
2578,2026-05-11 16:17:18.046093,0.94225013,-0.45819747,2.1607969,-9.220552,1.0045679,4.327369
2579,2026-05-11 16:17:18.048999,0.94225013,-0.45819747,2.1607969,-9.220552,1.0045679,4.327369
2580,2026-05-11 16:17:18.051870,1.4452063,-0.16055815,2.5837483,-9.220552,1.0045679,4.327369
2581,2026-05-11 16:17:18.054480,1.4452063,-0.16055815,2.5837483,-9.220552,1.0045679,4.327369
2582,2026-05-11 16:17:18.057248,1.4452063,-0.16055815,2.5837483,-4.370435,-1.5129606,4.03843
2583,2026-05-11 16:17:18.059888,1.4452063,-0.16055815,2.5837483,-4.370435,-1.5129606,4.03843
2584,2026-05-11 16:17:18.062550,1.4452063,-0.16055815,2.5837483,-4.370435,-1.5129606,4.03843
2585,2026-05-11 16:17:18.065639,2.3044028,0.9744471,2.177871,-4.370435,-1.5129606,4.03843
2586,2026-05-11 16:17:18.068529,2.3044028,0.9744471,2.177871,-4.370435,-1.5129606,4.03843
2587,2026-05-11 16:17:18.071234,2.3044028,0.9744471,2.177871,-4.370435,-1.5129606,4.03843
2588,2026-05-11 16:17:18.073871,2.3044028,0.9744471,2.177871,-4.370435,-1.5129606,4.03843
2589,2026-05-11 16:17:18.076642,2.3044028,0.9744471,2.177871,-4.370435,-1.5129606,4.03843
2590,2026-05-11 16:17:18.079410,2.3044028,0.9744471,2.177871,-4.370435,-1.5129606,4.03843
2591,2026-05-11 16:17:18.082571,2.3044028,0.9744471,2.177871,-4.370435,-1.5129606,4.03843
2592,2026-05-11 16:17:18.085386,2.3044028,0.9744471,2.177871,-4.370435,-1.5129606,4.03843
2593,2026-05-11 16:17:18.088143,2.3044028,0.9744471,2.177871,-4.8444667,0.07696902,4.2786527
2594,2026-05-11 16:17:18.090855,2.3044028,0.9744471,2.177871,-4.8444667,0.07696902,4.2786527
2595,2026-05-11 16:17:18.093575,2.3044028,0.9744471,2.177871,-4.8444667,0.07696902,4.2786527
2596,2026-05-11 16:17:18.096335,2.3044028,0.9744471,2.177871,-4.8444667,0.07696902,4.2786527
2597,2026-05-11 16:17:18.099408,2.2819624,1.1159797,2.3500152,-4.8444667,0.07696902,4.2786527
2598,2026-05-11 16:17:18.102330,2.2819624,1.1159797,2.3500152,-4.8444667,0.07696902,4.2786527
2599,2026-05-11 16:17:18.105071,2.2819624,1.1159797,2.3500152,-4.9725957,0.6719518,4.418999
2600,2026-05-11 16:17:18.107682,2.2819624,1.1159797,2.3500152,-4.9725957,0.6719518,4.418999
2601,2026-05-11 16:17:18.110470,2.3702602,1.2232422,2.5458803,-4.9725957,0.6719518,4.418999
2602,2026-05-11 16:17:18.113360,2.9865158,1.6183262,3.3386092,-4.3446264,0.82833326,4.5889726
2603,2026-05-11 16:17:18.116357,2.9865158,1.6183262,3.3386092,-4.3446264,0.82833326,4.5889726
2604,2026-05-11 16:17:18.119142,2.9865158,1.6183262,3.3386092,-4.3446264,0.82833326,4.5889726
2605,2026-05-11 16:17:18.121893,2.9865158,1.6183262,3.3386092,-4.3446264,0.82833326,4.5889726
2606,2026-05-11 16:17:18.124538,2.9865158,1.6183262,3.3386092,-4.3446264,0.82833326,4.5889726
2607,2026-05-11 16:17:18.127343,2.9865158,1.6183262,3.3386092,-4.3446264,0.82833326,4.5889726
2608,2026-05-11 16:17:18.130044,2.9865158,1.6183262,3.3386092,-3.5393531,0.49754974,4.5388813
2609,2026-05-11 16:17:18.133036,2.9865158,1.6183262,3.3386092,-3.5393531,0.49754974,4.5388813
2610,2026-05-11 16:17:18.135790,2.9865158,1.6183262,3.3386092,-3.5393531,0.49754974,4.5388813
2611,2026-05-11 16:17:18.138351,2.9865158,1.6183262,3.3386092,-3.5393531,0.49754974,4.5388813
2612,2026-05-11 16:17:18.141068,3.3167179,2.1667118,3.7245467,-3.5393531,0.49754974,4.5388813
2613,2026-05-11 16:17:18.143841,3.3167179,2.1667118,3.7245467,-1.2524265,-0.45982882,3.9432878
2614,2026-05-11 16:17:18.146469,3.3167179,2.1667118,3.7245467,-1.2524265,-0.45982882,3.9432878
2615,2026-05-11 16:17:18.149673,3.3167179,2.1667118,3.7245467,-1.2524265,-0.45982882,3.9432878
2616,2026-05-11 16:17:18.152486,3.3167179,2.1667118,3.7245467,-1.2524265,-0.45982882,3.9432878
2617,2026-05-11 16:17:18.155265,3.3167179,2.1667118,3.7245467,-1.2524265,-0.45982882,3.9432878
2618,2026-05-11 16:17:18.158060,3.3167179,2.1667118,3.7245467,-1.2524265,-0.45982882,3.9432878
2619,2026-05-11 16:17:18.160928,3.16116,2.4753275,3.6113083,-1.2524265,-0.45982882,3.9432878
2620,2026-05-11 16:17:18.163643,3.16116,2.4753275,3.6113083,0.6226244,-0.7901542,3.6540432
2621,2026-05-11 16:17:18.166709,3.16116,2.4753275,3.6113083,0.6226244,-0.7901542,3.6540432
2622,2026-05-11 16:17:18.169565,3.4084918,2.775467,3.1316462,3.1117475,0.27183503,3.3209689
2623,2026-05-11 16:17:18.172230,3.4084918,2.775467,3.1316462,4.2649083,0.49877146,2.9165761
2624,2026-05-11 16:17:18.174970,3.4084918,2.775467,3.1316462,4.2649083,0.49877146,2.9165761
2625,2026-05-11 16:17:18.177848,3.940047,3.219578,1.6777807,5.1095824,0.3454443,2.3857343
2626,2026-05-11 16:17:18.180515,3.940047,3.219578,1.6777807,5.1095824,0.3454443,2.3857343
2627,2026-05-11 16:17:18.183581,3.940047,3.219578,1.6777807,5.733276,-0.0693332,1.3776538
2628,2026-05-11 16:17:18.186420,3.940047,3.219578,1.6777807,5.733276,-0.0693332,1.3776538
2629,2026-05-11 16:17:18.189048,3.940047,3.219578,1.6777807,5.733276,-0.0693332,1.3776538
2630,2026-05-11 16:17:18.191856,3.8415656,3.3590987,0.7648617,5.2933,-0.20143281,0.35995236
2631,2026-05-11 16:17:18.194459,3.8415656,3.3590987,0.7648617,5.2933,-0.20143281,0.35995236
2632,2026-05-11 16:17:18.197368,3.8415656,3.3590987,0.7648617,5.2933,-0.20143281,0.35995236
2633,2026-05-11 16:17:18.200405,3.8415656,3.3590987,0.7648617,5.2933,-0.20143281,0.35995236
2634,2026-05-11 16:17:18.203206,3.561732,3.4606287,-0.01835473,2.9025261,0.18463401,-0.9868528
2635,2026-05-11 16:17:18.205811,3.561732,3.4606287,-0.01835473,2.9025261,0.18463401,-0.9868528
2636,2026-05-11 16:17:18.208441,3.421663,3.474593,-0.010122542,2.9025261,0.18463401,-0.9868528
2637,2026-05-11 16:17:18.211340,3.421663,3.474593,-0.010122542,2.9025261,0.18463401,-0.9868528
2638,2026-05-11 16:17:18.213983,3.421663,3.474593,-0.010122542,2.9025261,0.18463401,-0.9868528
2639,2026-05-11 16:17:18.217201,3.421663,3.474593,-0.010122542,2.9025261,0.18463401,-0.9868528
2640,2026-05-11 16:17:18.220013,3.421663,3.474593,-0.010122542,2.9025261,0.18463401,-0.9868528
2641,2026-05-11 16:17:18.222679,3.421663,3.474593,-0.010122542,2.9025261,0.18463401,-0.9868528
2642,2026-05-11 16:17:18.225360,3.421663,3.474593,-0.010122542,2.9025261,0.18463401,-0.9868528
2643,2026-05-11 16:17:18.228018,3.421663,3.474593,-0.010122542,1.4703526,0.36361754,-1.5658003
2644,2026-05-11 16:17:18.230787,3.421663,3.474593,-0.010122542,1.4703526,0.36361754,-1.5658003
2645,2026-05-11 16:17:18.233738,3.421663,3.474593,-0.010122542,1.4703526,0.36361754,-1.5658003
2646,2026-05-11 16:17:18.236603,3.421663,3.474593,-0.010122542,1.4703526,0.36361754,-1.5658003
2647,2026-05-11 16:17:18.239329,3.421663,3.474593,-0.010122542,1.4703526,0.36361754,-1.5658003
2648,2026-05-11 16:17:18.241943,3.421663,3.474593,-0.010122542,1.4703526,0.36361754,-1.5658003
2649,2026-05-11 16:17:18.244781,3.421663,3.474593,-0.010122542,1.4703526,0.36361754,-1.5658003
2650,2026-05-11 16:17:18.247444,3.2498848,3.3056197,0.8777341,1.4703526,0.36361754,-1.5658003
2651,2026-05-11 16:17:18.250627,3.2498848,3.3056197,0.8777341,-0.65316767,0.46593747,-2.7070494
2652,2026-05-11 16:17:18.253481,3.2498848,3.3056197,0.8777341,-1.2762502,0.42913285,-3.4755177
2653,2026-05-11 16:17:18.256243,3.1635993,3.1531107,1.5323455,-1.2762502,0.42913285,-3.4755177
2654,2026-05-11 16:17:18.258947,3.1635993,3.1531107,1.5323455,-1.2762502,0.42913285,-3.4755177
2655,2026-05-11 16:17:18.261556,3.1635993,3.1531107,1.5323455,-1.2762502,0.42913285,-3.4755177
2656,2026-05-11 16:17:18.264357,2.9056573,2.8285797,2.1628702,-1.3171781,0.3379612,-4.4252605
2657,2026-05-11 16:17:18.267441,2.9056573,2.8285797,2.1628702,-1.3171781,0.3379612,-4.4252605
2658,2026-05-11 16:17:18.270293,2.9056573,2.8285797,2.1628702,-1.3171781,0.3379612,-4.4252605
2659,2026-05-11 16:17:18.273005,2.4711196,2.4371543,2.5573444,-1.3171781,0.3379612,-4.4252605
2660,2026-05-11 16:17:18.275787,2.4711196,2.4371543,2.5573444,-1.3171781,0.3379612,-4.4252605
2661,2026-05-11 16:17:18.278599,2.4711196,2.4371543,2.5573444,-0.95737857,0.54076844,-5.1250067
2662,2026-05-11 16:17:18.281351,2.4711196,2.4371543,2.5573444,-0.95737857,0.54076844,-5.1250067
2663,2026-05-11 16:17:18.285029,2.4711196,2.4371543,2.5573444,-0.95737857,0.54076844,-5.1250067
2664,2026-05-11 16:17:18.287733,2.4711196,2.4371543,2.5573444,-0.95737857,0.54076844,-5.1250067
2665,2026-05-11 16:17:18.290453,2.2053726,2.1977503,2.745526,-0.95737857,0.54076844,-5.1250067
2666,2026-05-11 16:17:18.293211,2.2053726,2.1977503,2.745526,-0.63514715,0.7846564,-5.3699636
2667,2026-05-11 16:17:18.295896,2.2053726,2.1977503,2.745526,-0.63514715,0.7846564,-5.3699636
2668,2026-05-11 16:17:18.298925,2.2053726,2.1977503,2.745526,-0.63514715,0.7846564,-5.3699636
2669,2026-05-11 16:17:18.301945,2.2053726,2.1977503,2.745526,-0.63514715,0.7846564,-5.3699636
2670,2026-05-11 16:17:18.304664,1.8477907,1.7196126,3.0164566,-0.63514715,0.7846564,-5.3699636
2671,2026-05-11 16:17:18.307535,1.8477907,1.7196126,3.0164566,0.473726,1.5039502,-5.594915
2672,2026-05-11 16:17:18.310234,1.8477907,1.7196126,3.0164566,0.473726,1.5039502,-5.594915
2673,2026-05-11 16:17:18.312914,1.8477907,1.7196126,3.0164566,0.473726,1.5039502,-5.594915
2674,2026-05-11 16:17:18.316085,1.8477907,1.7196126,3.0164566,0.473726,1.5039502,-5.594915
2675,2026-05-11 16:17:18.318906,1.6223507,1.3599575,3.1119497,1.3374895,1.8408424,-5.5946093
2676,2026-05-11 16:17:18.321510,1.501551,1.0998813,3.061581,1.3374895,1.8408424,-5.5946093
2677,2026-05-11 16:17:18.324082,1.501551,1.0998813,3.061581,1.3374895,1.8408424,-5.5946093
2678,2026-05-11 16:17:18.326859,1.501551,1.0998813,3.061581,2.2884538,2.1615467,-5.523749
2679,2026-05-11 16:17:18.329480,1.501551,1.0998813,3.061581,2.2884538,2.1615467,-5.523749
2680,2026-05-11 16:17:18.332640,1.501551,1.0998813,3.061581,2.2884538,2.1615467,-5.523749
2681,2026-05-11 16:17:18.335459,1.501551,1.0998813,3.061581,2.2884538,2.1615467,-5.523749
2682,2026-05-11 16:17:18.338071,1.501551,1.0998813,3.061581,2.2884538,2.1615467,-5.523749
2683,2026-05-11 16:17:18.340852,1.501551,1.0998813,3.061581,2.2884538,2.1615467,-5.523749
2684,2026-05-11 16:17:18.343599,1.4267296,0.6144871,2.821445,3.9903245,2.4666739,-5.2934527
2685,2026-05-11 16:17:18.346329,1.4267296,0.6144871,2.821445,3.9903245,2.4666739,-5.2934527
2686,2026-05-11 16:17:18.349321,1.443072,0.47496673,2.7490628,3.9903245,2.4666739,-5.2934527
2687,2026-05-11 16:17:18.352271,1.443072,0.47496673,2.7490628,4.4716864,2.413834,-5.211902
2688,2026-05-11 16:17:18.354911,1.443072,0.47496673,2.7490628,4.4716864,2.413834,-5.211902
2689,2026-05-11 16:17:18.357619,1.443072,0.47496673,2.7490628,4.4716864,2.413834,-5.211902
2690,2026-05-11 16:17:18.360436,1.443072,0.47496673,2.7490628,4.4716864,2.413834,-5.211902
2691,2026-05-11 16:17:18.363071,1.443072,0.47496673,2.7490628,4.4716864,2.413834,-5.211902
2692,2026-05-11 16:17:18.366171,1.443072,0.47496673,2.7490628,5.879578,1.9701931,-5.049565
2693,2026-05-11 16:17:18.368940,1.443072,0.47496673,2.7490628,5.879578,1.9701931,-5.049565
2694,2026-05-11 16:17:18.371698,1.6890619,0.11079915,2.5849679,5.879578,1.9701931,-5.049565
2695,2026-05-11 16:17:18.374572,1.952431,-0.18501079,2.4864256,5.879578,1.9701931,-5.049565
2696,2026-05-11 16:17:18.377387,2.0227401,-0.43905002,2.3365388,6.9898257,1.4030048,-5.1563134
2697,2026-05-11 16:17:18.380042,2.0227401,-0.43905002,2.3365388,6.9898257,1.4030048,-5.1563134
2698,2026-05-11 16:17:18.383173,2.0227401,-0.43905002,2.3365388,6.9898257,1.4030048,-5.1563134
2699,2026-05-11 16:17:18.385974,2.0227401,-0.43905002,2.3365388,6.9898257,1.4030048,-5.1563134
2700,2026-05-11 16:17:18.388640,2.0227401,-0.43905002,2.3365388,6.9898257,1.4030048,-5.1563134
2701,2026-05-11 16:17:18.391294,2.0227401,-0.43905002,2.3365388,6.9898257,1.4030048,-5.1563134
2702,2026-05-11 16:17:18.394001,2.0227401,-0.43905002,2.3365388,6.9898257,1.4030048,-5.1563134
2703,2026-05-11 16:17:18.396718,2.0227401,-0.43905002,2.3365388,6.9898257,1.4030048,-5.1563134
2704,2026-05-11 16:17:18.399659,2.0227401,-0.43905002,2.3365388,7.958047,0.87674433,-5.4799194
2705,2026-05-11 16:17:18.402334,2.0227401,-0.43905002,2.3365388,7.958047,0.87674433,-5.4799194
2706,2026-05-11 16:17:18.405084,2.0227401,-0.43905002,2.3365388,8.4940815,0.5410739,-5.781076
2707,2026-05-11 16:17:18.407697,1.9126726,-0.77266705,1.8834025,8.4940815,0.5410739,-5.781076
2708,2026-05-11 16:17:18.410327,1.9126726,-0.77266705,1.8834025,8.4940815,0.5410739,-5.781076
2709,2026-05-11 16:17:18.413106,1.8354731,-0.9845696,1.3241017,7.671551,0.37507126,-6.090021
2710,2026-05-11 16:17:18.416132,1.8354731,-0.9845696,1.3241017,7.671551,0.37507126,-6.090021
2711,2026-05-11 16:17:18.418794,1.8354731,-0.9845696,1.3241017,7.671551,0.37507126,-6.090021
2712,2026-05-11 16:17:18.421514,1.8354731,-0.9845696,1.3241017,7.671551,0.37507126,-6.090021
2713,2026-05-11 16:17:18.424283,1.9388326,-0.9618245,1.361055,7.067405,0.24510968,-6.282902
2714,2026-05-11 16:17:18.426869,1.9388326,-0.9618245,1.361055,7.067405,0.24510968,-6.282902
2715,2026-05-11 16:17:18.429411,1.9388326,-0.9618245,1.361055,7.067405,0.24510968,-6.282902
2716,2026-05-11 16:17:18.432372,1.9388326,-0.9618245,1.361055,7.067405,0.24510968,-6.282902
2717,2026-05-11 16:17:18.435057,1.9388326,-0.9618245,1.361055,7.067405,0.24510968,-6.282902
2718,2026-05-11 16:17:18.437639,1.9380399,-1.0135348,1.5167348,7.067405,0.24510968,-6.282902
2719,2026-05-11 16:17:18.440258,1.9380399,-1.0135348,1.5167348,7.067405,0.24510968,-6.282902
2720,2026-05-11 16:17:18.442842,1.9380399,-1.0135348,1.5167348,7.067405,0.24510968,-6.282902
2721,2026-05-11 16:17:18.445816,1.9101114,-1.0388411,1.5535662,6.3670483,0.32696563,-6.760598
2722,2026-05-11 16:17:18.449120,1.9101114,-1.0388411,1.5535662,6.3670483,0.32696563,-6.760598
2723,2026-05-11 16:17:18.452033,1.9101114,-1.0388411,1.5535662,6.3670483,0.32696563,-6.760598
2724,2026-05-11 16:17:18.454688,1.9101114,-1.0388411,1.5535662,6.3670483,0.32696563,-6.760598
2725,2026-05-11 16:17:18.457428,1.9101114,-1.0388411,1.5535662,6.3670483,0.32696563,-6.760598
2726,2026-05-11 16:17:18.460083,1.9101114,-1.0388411,1.5535662,5.8201714,0.72692966,-7.119329
2727,2026-05-11 16:17:18.462926,1.9101114,-1.0388411,1.5535662,5.8201714,0.72692966,-7.119329
2728,2026-05-11 16:17:18.465948,1.9101114,-1.0388411,1.5535662,5.8201714,0.72692966,-7.119329
2729,2026-05-11 16:17:18.468874,1.7672372,-1.0807338,1.5270404,5.8201714,0.72692966,-7.119329
2730,2026-05-11 16:17:18.471669,1.7672372,-1.0807338,1.5270404,5.8201714,0.72692966,-7.119329
2731,2026-05-11 16:17:18.474404,1.7672372,-1.0807338,1.5270404,5.8201714,0.72692966,-7.119329
2732,2026-05-11 16:17:18.477179,1.7672372,-1.0807338,1.5270404,5.8201714,0.72692966,-7.119329
2733,2026-05-11 16:17:18.480003,1.7672372,-1.0807338,1.5270404,5.8201714,0.72692966,-7.119329
2734,2026-05-11 16:17:18.483030,1.7672372,-1.0807338,1.5270404,5.8201714,0.72692966,-7.119329
2735,2026-05-11 16:17:18.485978,1.7672372,-1.0807338,1.5270404,5.8201714,0.72692966,-7.119329
2736,2026-05-11 16:17:18.488623,1.7672372,-1.0807338,1.5270404,5.8201714,0.72692966,-7.119329
2737,2026-05-11 16:17:18.491343,1.7672372,-1.0807338,1.5270404,5.2273264,1.1531608,-7.226383
2738,2026-05-11 16:17:18.494179,1.6312537,-1.1263462,1.475269,4.5219297,1.9440787,-7.2708235
2739,2026-05-11 16:17:18.496799,1.4494748,-1.1607385,1.3683115,4.5219297,1.9440787,-7.2708235
2740,2026-05-11 16:17:18.499701,1.4494748,-1.1607385,1.3683115,4.5219297,1.9440787,-7.2708235
2741,2026-05-11 16:17:18.502441,1.4494748,-1.1607385,1.3683115,4.5219297,1.9440787,-7.2708235
2742,2026-05-11 16:17:18.505101,1.2468411,-1.2113512,1.2140342,3.6496143,2.9926288,-7.1659074
2743,2026-05-11 16:17:18.507839,1.2468411,-1.2113512,1.2140342,3.6496143,2.9926288,-7.1659074
2744,2026-05-11 16:17:18.510534,0.638086,-1.2078143,1.3425784,2.57159,4.412738,-6.3265786
2745,2026-05-11 16:17:18.513125,0.638086,-1.2078143,1.3425784,2.57159,4.412738,-6.3265786
2746,2026-05-11 16:17:18.516198,0.5533859,-1.2696472,1.4735006,2.57159,4.412738,-6.3265786
2747,2026-05-11 16:17:18.519160,0.5533859,-1.2696472,1.4735006,2.6772697,4.346459,-6.0855923
2748,2026-05-11 16:17:18.521933,0.5533859,-1.2696472,1.4735006,3.8374555,3.3186781,-5.294522
2749,2026-05-11 16:17:18.524525,0.5533859,-1.2696472,1.4735006,3.8374555,3.3186781,-5.294522
2750,2026-05-11 16:17:18.527314,0.5533859,-1.2696472,1.4735006,3.8374555,3.3186781,-5.294522
2751,2026-05-11 16:17:18.529938,0.5533859,-1.2696472,1.4735006,3.8374555,3.3186781,-5.294522
2752,2026-05-11 16:17:18.533043,0.5880831,-1.2312304,1.6533891,3.8374555,3.3186781,-5.294522
2753,2026-05-11 16:17:18.535947,0.5880831,-1.2312304,1.6533891,3.8374555,3.3186781,-5.294522
2754,2026-05-11 16:17:18.538645,0.5950347,-1.2626346,1.6202774,5.072625,2.144137,-4.920367
2755,2026-05-11 16:17:18.541392,0.45685592,-1.2808064,1.45167,5.072625,2.144137,-4.920367
2756,2026-05-11 16:17:18.544088,0.45685592,-1.2808064,1.45167,5.072625,2.144137,-4.920367
2757,2026-05-11 16:17:18.546871,0.45685592,-1.2808064,1.45167,5.072625,2.144137,-4.920367
2758,2026-05-11 16:17:18.550147,0.45685592,-1.2808064,1.45167,5.778327,1.4915802,-4.6912923
2759,2026-05-11 16:17:18.552995,0.45685592,-1.2808064,1.45167,5.778327,1.4915802,-4.6912923
2760,2026-05-11 16:17:18.555717,0.45685592,-1.2808064,1.45167,6.65049,0.6805039,-4.0391936
2761,2026-05-11 16:17:18.558534,0.45685592,-1.2808064,1.45167,6.65049,0.6805039,-4.0391936
2762,2026-05-11 16:17:18.561169,0.28818756,-1.2959293,0.94023776,6.65049,0.6805039,-4.0391936
2763,2026-05-11 16:17:18.563980,0.28818756,-1.2959293,0.94023776,6.65049,0.6805039,-4.0391936
2764,2026-05-11 16:17:18.567342,0.28818756,-1.2959293,0.94023776,6.65049,0.6805039,-4.0391936
2765,2026-05-11 16:17:18.570035,0.28818756,-1.2959293,0.94023776,6.65049,0.6805039,-4.0391936
2766,2026-05-11 16:17:18.572783,0.28818756,-1.2959293,0.94023776,6.65049,0.6805039,-4.0391936
2767,2026-05-11 16:17:18.575418,0.28818756,-1.2959293,0.94023776,6.65049,0.6805039,-4.0391936
2768,2026-05-11 16:17:18.578153,0.19976775,-1.3048322,0.56545985,6.65049,0.6805039,-4.0391936
2769,2026-05-11 16:17:18.580890,0.19976775,-1.3048322,0.56545985,6.776939,0.5342017,-3.438866
2770,2026-05-11 16:17:18.584066,0.19976775,-1.3048322,0.56545985,6.776939,0.5342017,-3.438866
2771,2026-05-11 16:17:18.586840,0.16964404,-1.3836783,0.31099376,6.776939,0.5342017,-3.438866
2772,2026-05-11 16:17:18.589452,0.16964404,-1.3836783,0.31099376,6.776939,0.5342017,-3.438866
2773,2026-05-11 16:17:18.592186,0.16964404,-1.3836783,0.31099376,6.663318,0.73914695,-2.823572
2774,2026-05-11 16:17:18.594766,0.16964404,-1.3836783,0.31099376,6.663318,0.73914695,-2.823572
2775,2026-05-11 16:17:18.597531,0.16964404,-1.3836783,0.31099376,6.663318,0.73914695,-2.823572
2776,2026-05-11 16:17:18.600667,0.13415417,-1.4948434,-0.14708175,6.663318,0.73914695,-2.823572
2777,2026-05-11 16:17:18.603485,0.13415417,-1.4948434,-0.14708175,6.663318,0.73914695,-2.823572
2778,2026-05-11 16:17:18.606098,0.13415417,-1.4948434,-0.14708175,6.663318,0.73914695,-2.823572
2779,2026-05-11 16:17:18.608862,0.13415417,-1.4948434,-0.14708175,6.4542494,0.9967794,-2.3832908
2780,2026-05-11 16:17:18.611594,0.13415417,-1.4948434,-0.14708175,6.4542494,0.9967794,-2.3832908
2781,2026-05-11 16:17:18.614348,0.13415417,-1.4948434,-0.14708175,6.4542494,0.9967794,-2.3832908
2782,2026-05-11 16:17:18.617511,0.08238286,-1.5968006,-0.54923934,6.0365705,1.1081096,-1.9807305
2783,2026-05-11 16:17:18.620263,0.08238286,-1.5968006,-0.54923934,6.0365705,1.1081096,-1.9807305
2784,2026-05-11 16:17:18.623023,0.08238286,-1.5968006,-0.54923934,6.0365705,1.1081096,-1.9807305
2785,2026-05-11 16:17:18.625774,0.08238286,-1.5968006,-0.54923934,6.0365705,1.1081096,-1.9807305
2786,2026-05-11 16:17:18.628504,0.08238286,-1.5968006,-0.54923934,6.0365705,1.1081096,-1.9807305
2787,2026-05-11 16:17:18.631236,-0.013354438,-1.7451628,-0.8971255,6.0365705,1.1081096,-1.9807305
2788,2026-05-11 16:17:18.653023,-0.013354438,-1.7451628,-0.8971255,6.0365705,1.1081096,-1.9807305
2789,2026-05-11 16:17:18.660811,-0.013354438,-1.7451628,-0.8971255,6.0365705,1.1081096,-1.9807305
2790,2026-05-11 16:17:18.670267,-0.013354438,-1.7451628,-0.8971255,5.102863,0.9228647,-1.4286611
2791,2026-05-11 16:17:18.674143,-0.013354438,-1.7451628,-0.8971255,5.102863,0.9228647,-1.4286611
2792,2026-05-11 16:17:18.677005,-0.013354438,-1.7451628,-0.8971255,5.102863,0.9228647,-1.4286611
2793,2026-05-11 16:17:18.679800,-0.07732158,-1.8884639,-1.0525614,4.1858015,0.61621034,-1.0144944
2794,2026-05-11 16:17:18.683015,-0.093785964,-2.019935,-1.0963445,4.1858015,0.61621034,-1.0144944
2795,2026-05-11 16:17:18.685913,-0.093785964,-2.019935,-1.0963445,4.1858015,0.61621034,-1.0144944
2796,2026-05-11 16:17:18.688551,-0.093785964,-2.019935,-1.0963445,4.1858015,0.61621034,-1.0144944
2797,2026-05-11 16:17:18.691163,-0.093785964,-2.019935,-1.0963445,4.1858015,0.61621034,-1.0144944
2798,2026-05-11 16:17:18.694001,-0.093785964,-2.019935,-1.0963445,3.351054,0.5329799,-0.72418076
2799,2026-05-11 16:17:18.696822,-0.093785964,-2.019935,-1.0963445,3.351054,0.5329799,-0.72418076
2800,2026-05-11 16:17:18.700003,-0.093785964,-2.019935,-1.0963445,3.351054,0.5329799,-0.72418076
2801,2026-05-11 16:17:18.702809,-0.08104131,-2.1290267,-1.0785995,3.351054,0.5329799,-0.72418076
2802,2026-05-11 16:17:18.705479,-0.08104131,-2.1290267,-1.0785995,3.351054,0.5329799,-0.72418076
2803,2026-05-11 16:17:18.708233,-0.08104131,-2.1290267,-1.0785995,3.351054,0.5329799,-0.72418076
2804,2026-05-11 16:17:18.711034,0.03445323,-2.3815415,-0.74919003,1.1467468,1.1488848,0.027794369
2805,2026-05-11 16:17:18.713699,0.03445323,-2.3815415,-0.74919003,1.1467468,1.1488848,0.027794369
2806,2026-05-11 16:17:18.717259,0.03445323,-2.3815415,-0.74919003,-0.06505715,2.1096232,0.5881105
2807,2026-05-11 16:17:18.720146,0.03445323,-2.3815415,-0.74919003,-0.06505715,2.1096232,0.5881105
2808,2026-05-11 16:17:18.722895,0.03445323,-2.3815415,-0.74919003,-0.06505715,2.1096232,0.5881105
2809,2026-05-11 16:17:18.725532,0.03445323,-2.3815415,-0.74919003,-0.06505715,2.1096232,0.5881105
2810,2026-05-11 16:17:18.728318,0.03445323,-2.3815415,-0.74919003,-0.5874997,2.908482,0.9439395
2811,2026-05-11 16:17:18.731084,0.03445323,-2.3815415,-0.74919003,-0.5874997,2.908482,0.9439395
2812,2026-05-11 16:17:18.734401,0.031892106,-2.4564238,-0.6758931,-0.5874997,2.908482,0.9439395
2813,2026-05-11 16:17:18.737220,0.031892106,-2.4564238,-0.6758931,-0.5874997,2.908482,0.9439395
2814,2026-05-11 16:17:18.739886,0.031892106,-2.4564238,-0.6758931,-0.5874997,2.908482,0.9439395
2815,2026-05-11 16:17:18.742759,0.031892106,-2.4564238,-0.6758931,-0.5874997,2.908482,0.9439395
2816,2026-05-11 16:17:18.745554,0.031892106,-2.4564238,-0.6758931,-0.5874997,2.908482,0.9439395
2817,2026-05-11 16:17:18.748545,0.031892106,-2.4564238,-0.6758931,-0.81290895,3.1671836,1.2327261
2818,2026-05-11 16:17:18.751389,0.031892106,-2.4564238,-0.6758931,-0.81290895,3.1671836,1.2327261
2819,2026-05-11 16:17:18.754057,0.031892106,-2.4564238,-0.6758931,-0.81290895,3.1671836,1.2327261
2820,2026-05-11 16:17:18.756667,0.031892106,-2.4564238,-0.6758931,-0.81290895,3.1671836,1.2327261
2821,2026-05-11 16:17:18.759555,0.031892106,-2.4564238,-0.6758931,-0.81290895,3.1671836,1.2327261
2822,2026-05-11 16:17:18.762304,-0.22172025,-2.3759315,-0.74821436,-0.81290895,3.1671836,1.2327261
2823,2026-05-11 16:17:18.765336,-0.22172025,-2.3759315,-0.74821436,-0.81290895,3.1671836,1.2327261
2824,2026-05-11 16:17:18.768365,-0.22172025,-2.3759315,-0.74821436,-0.81290895,3.1671836,1.2327261
2825,2026-05-11 16:17:18.771043,-0.22172025,-2.3759315,-0.74821436,-1.0160216,3.0036244,1.8361082
2826,2026-05-11 16:17:18.773624,-0.22172025,-2.3759315,-0.74821436,-1.0160216,3.0036244,1.8361082
2827,2026-05-11 16:17:18.776477,-0.54551965,-2.2888532,-0.8559036,-1.0160216,3.0036244,1.8361082
2828,2026-05-11 16:17:18.779101,-0.54551965,-2.2888532,-0.8559036,-1.0160216,3.0036244,1.8361082
2829,2026-05-11 16:17:18.782108,-0.54551965,-2.2888532,-0.8559036,-1.2305881,2.6099217,2.50806
2830,2026-05-11 16:17:18.785008,-0.54551965,-2.2888532,-0.8559036,-1.2305881,2.6099217,2.50806
2831,2026-05-11 16:17:18.787650,-0.54551965,-2.2888532,-0.8559036,-1.2305881,2.6099217,2.50806
2832,2026-05-11 16:17:18.790256,-0.54551965,-2.2888532,-0.8559036,-1.2305881,2.6099217,2.50806
2833,2026-05-11 16:17:18.793035,-0.54551965,-2.2888532,-0.8559036,-1.2305881,2.6099217,2.50806
2834,2026-05-11 16:17:18.795740,-0.54551965,-2.2888532,-0.8559036,-1.2305881,2.6099217,2.50806
2835,2026-05-11 16:17:18.799047,-0.54551965,-2.2888532,-0.8559036,-1.2305881,2.6099217,2.50806
2836,2026-05-11 16:17:18.802015,-0.6796128,-2.1905546,-0.9394451,-1.2305881,2.6099217,2.50806
2837,2026-05-11 16:17:18.804736,-0.6796128,-2.1905546,-0.9394451,-1.2305881,2.6099217,2.50806
2838,2026-05-11 16:17:18.807496,-0.6796128,-2.1905546,-0.9394451,-1.2305881,2.6099217,2.50806
2839,2026-05-11 16:17:18.810263,-0.6796128,-2.1905546,-0.9394451,-1.2305881,2.6099217,2.50806
2840,2026-05-11 16:17:18.813010,-0.6796128,-2.1905546,-0.9394451,-1.2305881,2.6099217,2.50806
2841,2026-05-11 16:17:18.816116,-0.6663194,-2.063962,-0.99847287,-1.2305881,2.6099217,2.50806
2842,2026-05-11 16:17:18.818973,-0.6663194,-2.063962,-0.99847287,-1.2305881,2.6099217,2.50806
2843,2026-05-11 16:17:18.821670,-0.6663194,-2.063962,-0.99847287,-1.2305881,2.6099217,2.50806
2844,2026-05-11 16:17:18.824273,-0.6663194,-2.063962,-0.99847287,-1.6757561,2.0893118,3.3696854
2845,2026-05-11 16:17:18.826834,-0.6663194,-2.063962,-0.99847287,-1.6757561,2.0893118,3.3696854
2846,2026-05-11 16:17:18.829588,-0.602962,-1.9946285,-0.98877716,-2.1989622,1.7951802,3.9883392
2847,2026-05-11 16:17:18.832679,-0.602962,-1.9946285,-0.98877716,-2.1989622,1.7951802,3.9883392
2848,2026-05-11 16:17:18.835625,-0.43825728,-1.8439492,-0.9385304,-2.1989622,1.7951802,3.9883392
2849,2026-05-11 16:17:18.838286,-0.43825728,-1.8439492,-0.9385304,-3.2082644,1.559539,4.6842675
2850,2026-05-11 16:17:18.840878,-0.43825728,-1.8439492,-0.9385304,-3.2082644,1.559539,4.6842675
2851,2026-05-11 16:17:18.843514,-0.43825728,-1.8439492,-0.9385304,-3.2082644,1.559539,4.6842675
2852,2026-05-11 16:17:18.846414,-0.43825728,-1.8439492,-0.9385304,-3.2082644,1.559539,4.6842675
2853,2026-05-11 16:17:18.849441,-0.43825728,-1.8439492,-0.9385304,-3.2082644,1.559539,4.6842675
2854,2026-05-11 16:17:18.852364,-0.43825728,-1.8439492,-0.9385304,-3.2082644,1.559539,4.6842675
2855,2026-05-11 16:17:18.855168,-0.21391493,-1.7317475,-0.8949912,-4.3377542,1.4280503,5.002834
2856,2026-05-11 16:17:18.857858,-0.21391493,-1.7317475,-0.8949912,-4.3377542,1.4280503,5.002834
2857,2026-05-11 16:17:18.860576,-0.21391493,-1.7317475,-0.8949912,-4.3377542,1.4280503,5.002834
2858,2026-05-11 16:17:18.863247,-0.21391493,-1.7317475,-0.8949912,-4.3377542,1.4280503,5.002834
2859,2026-05-11 16:17:18.866346,-0.21391493,-1.7317475,-0.8949912,-5.4622045,1.4544702,5.126381
2860,2026-05-11 16:17:18.869103,-0.21391493,-1.7317475,-0.8949912,-5.4622045,1.4544702,5.126381
2861,2026-05-11 16:17:18.871799,-0.21391493,-1.7317475,-0.8949912,-5.4622045,1.4544702,5.126381
2862,2026-05-11 16:17:18.874414,-0.21391493,-1.7317475,-0.8949912,-5.4622045,1.4544702,5.126381
2863,2026-05-11 16:17:18.877145,-0.09994486,-1.7060751,-0.80486405,-5.4622045,1.4544702,5.126381
2864,2026-05-11 16:17:18.879743,-0.09994486,-1.7060751,-0.80486405,-5.4622045,1.4544702,5.126381
2865,2026-05-11 16:17:18.882897,0.014939896,-1.6997334,-0.6772956,-5.4622045,1.4544702,5.126381
2866,2026-05-11 16:17:18.885704,0.014939896,-1.6997334,-0.6772956,-5.4622045,1.4544702,5.126381
2867,2026-05-11 16:17:18.888471,0.014939896,-1.6997334,-0.6772956,-6.7350945,1.5819882,5.2413764
2868,2026-05-11 16:17:18.891107,0.014939896,-1.6997334,-0.6772956,-6.7350945,1.5819882,5.2413764
2869,2026-05-11 16:17:18.893812,0.014939896,-1.6997334,-0.6772956,-6.7350945,1.5819882,5.2413764
2870,2026-05-11 16:17:18.896467,0.014939896,-1.6997334,-0.6772956,-6.7350945,1.5819882,5.2413764
2871,2026-05-11 16:17:18.899501,0.014939896,-1.6997334,-0.6772956,-6.7350945,1.5819882,5.2413764
2872,2026-05-11 16:17:18.902270,0.014939896,-1.6997334,-0.6772956,-6.7350945,1.5819882,5.2413764
2873,2026-05-11 16:17:18.904944,0.014939896,-1.6997334,-0.6772956,-6.7350945,1.5819882,5.2413764
2874,2026-05-11 16:17:18.907586,0.13122717,-1.709246,-0.53375065,-8.459567,1.6163495,5.4200544
2875,2026-05-11 16:17:18.910151,0.13122717,-1.709246,-0.53375065,-8.459567,1.6163495,5.4200544
2876,2026-05-11 16:17:18.912882,0.13122717,-1.709246,-0.53375065,-8.459567,1.6163495,5.4200544
2877,2026-05-11 16:17:18.915990,0.13122717,-1.709246,-0.53375065,-8.459567,1.6163495,5.4200544
2878,2026-05-11 16:17:18.918941,0.13122717,-1.709246,-0.53375065,-8.459567,1.6163495,5.4200544
2879,2026-05-11 16:17:18.921598,0.13122717,-1.709246,-0.53375065,-8.459567,1.6163495,5.4200544
2880,2026-05-11 16:17:18.924353,0.4003892,-1.7552243,-0.2250741,-8.459567,1.6163495,5.4200544
2881,2026-05-11 16:17:18.927018,0.4003892,-1.7552243,-0.2250741,-8.459567,1.6163495,5.4200544
2882,2026-05-11 16:17:18.929745,0.4003892,-1.7552243,-0.2250741,-10.194272,1.3009902,5.657376
2883,2026-05-11 16:17:18.932937,0.4003892,-1.7552243,-0.2250741,-10.194272,1.3009902,5.657376
2884,2026-05-11 16:17:18.935717,0.4003892,-1.7552243,-0.2250741,-10.194272,1.3009902,5.657376
2885,2026-05-11 16:17:18.938394,0.4003892,-1.7552243,-0.2250741,-10.194272,1.3009902,5.657376
2886,2026-05-11 16:17:18.940991,0.4003892,-1.7552243,-0.2250741,-10.194272,1.3009902,5.657376
2887,2026-05-11 16:17:18.943889,1.3037956,-1.6887571,1.1847032,-11.724489,0.6414085,5.95334
2888,2026-05-11 16:17:18.946548,1.3037956,-1.6887571,1.1847032,-11.724489,0.6414085,5.95334
2889,2026-05-11 16:17:18.949792,1.3037956,-1.6887571,1.1847032,-11.724489,0.6414085,5.95334
2890,2026-05-11 16:17:18.952740,1.3037956,-1.6887571,1.1847032,-11.724489,0.6414085,5.95334
2891,2026-05-11 16:17:18.955365,1.3037956,-1.6887571,1.1847032,-11.724489,0.6414085,5.95334
2892,2026-05-11 16:17:18.958074,1.6877815,-1.6454618,2.0598154,-12.7388315,-0.5917757,5.9151607
2893,2026-05-11 16:17:18.960796,1.6877815,-1.6454618,2.0598154,-12.7388315,-0.5917757,5.9151607
2894,2026-05-11 16:17:18.963366,1.6877815,-1.6454618,2.0598154,-12.7388315,-0.5917757,5.9151607
2895,2026-05-11 16:17:18.966553,1.6877815,-1.6454618,2.0598154,-12.7388315,-0.5917757,5.9151607
2896,2026-05-11 16:17:18.969315,1.6877815,-1.6454618,2.0598154,-12.7388315,-0.5917757,5.9151607
2897,2026-05-11 16:17:18.971950,1.6877815,-1.6454618,2.0598154,-12.7388315,-0.5917757,5.9151607
2898,2026-05-11 16:17:18.974691,1.6877815,-1.6454618,2.0598154,-12.444089,-0.62980205,5.7554197
2899,2026-05-11 16:17:18.977292,1.8541325,-1.5611277,2.4769738,-12.444089,-0.62980205,5.7554197
2900,2026-05-11 16:17:18.980002,1.8541325,-1.5611277,2.4769738,-12.444089,-0.62980205,5.7554197
2901,2026-05-11 16:17:18.983200,1.8541325,-1.5611277,2.4769738,-12.444089,-0.62980205,5.7554197
2902,2026-05-11 16:17:18.985974,1.8541325,-1.5611277,2.4769738,-12.444089,-0.62980205,5.7554197
2903,2026-05-11 16:17:18.988587,1.8541325,-1.5611277,2.4769738,-12.444089,-0.62980205,5.7554197
2904,2026-05-11 16:17:18.991478,2.227386,-1.197021,2.8294945,-11.355985,-0.52778757,5.2790976
2905,2026-05-11 16:17:18.994077,2.227386,-1.197021,2.8294945,-11.355985,-0.52778757,5.2790976
2906,2026-05-11 16:17:18.996912,2.227386,-1.197021,2.8294945,-11.355985,-0.52778757,5.2790976
2907,2026-05-11 16:17:18.999844,2.227386,-1.197021,2.8294945,-11.355985,-0.52778757,5.2790976
2908,2026-05-11 16:17:19.002650,2.227386,-1.197021,2.8294945,-11.355985,-0.52778757,5.2790976
2909,2026-05-11 16:17:19.005248,2.227386,-1.197021,2.8294945,-11.355985,-0.52778757,5.2790976
2910,2026-05-11 16:17:19.007891,2.148418,-0.8865761,2.7355256,-11.355985,-0.52778757,5.2790976
2911,2026-05-11 16:17:19.010734,2.148418,-0.8865761,2.7355256,-11.355985,-0.52778757,5.2790976
2912,2026-05-11 16:17:19.013335,2.148418,-0.8865761,2.7355256,-11.355985,-0.52778757,5.2790976
2913,2026-05-11 16:17:19.016526,2.148418,-0.8865761,2.7355256,-11.355985,-0.52778757,5.2790976
2914,2026-05-11 16:17:19.019310,2.148418,-0.8865761,2.7355256,-10.414184,-0.67347896,4.532009
2915,2026-05-11 16:17:19.021922,2.148418,-0.8865761,2.7355256,-10.414184,-0.67347896,4.532009
2916,2026-05-11 16:17:19.024633,2.148418,-0.8865761,2.7355256,-10.414184,-0.67347896,4.532009
2917,2026-05-11 16:17:19.027408,1.7057703,-0.766874,2.7360742,-9.807594,-1.073901,4.1225767
2918,2026-05-11 16:17:19.030259,1.2027531,-0.7479095,2.9001083,-8.793711,-1.8799378,4.310265
2919,2026-05-11 16:17:19.033400,1.159153,-0.7390065,2.9881012,-8.793711,-1.8799378,4.310265
2920,2026-05-11 16:17:19.036192,1.159153,-0.7390065,2.9881012,-8.793711,-1.8799378,4.310265
2921,2026-05-11 16:17:19.038873,1.159153,-0.7390065,2.9881012,-8.793711,-1.8799378,4.310265
2922,2026-05-11 16:17:19.041564,1.159153,-0.7390065,2.9881012,-8.793711,-1.8799378,4.310265
2923,2026-05-11 16:17:19.044332,1.3560548,-0.45277032,3.0163956,-6.7068424,-2.6015224,5.1134005
2924,2026-05-11 16:17:19.046998,1.3560548,-0.45277032,3.0163956,-5.6801305,-2.5880833,5.3238435
2925,2026-05-11 16:17:19.050135,1.5816166,-0.24507529,2.710158,-5.6801305,-2.5880833,5.3238435
2926,2026-05-11 16:17:19.052897,1.5816166,-0.24507529,2.710158,-5.6801305,-2.5880833,5.3238435
2927,2026-05-11 16:17:19.055498,1.5816166,-0.24507529,2.710158,-5.6801305,-2.5880833,5.3238435
2928,2026-05-11 16:17:19.058252,1.5816166,-0.24507529,2.710158,-5.6801305,-2.5880833,5.3238435
2929,2026-05-11 16:17:19.060865,1.5816166,-0.24507529,2.710158,-5.6801305,-2.5880833,5.3238435
2930,2026-05-11 16:17:19.063447,1.5816166,-0.24507529,2.710158,-5.6801305,-2.5880833,5.3238435
2931,2026-05-11 16:17:19.066523,1.5816166,-0.24507529,2.710158,-4.399757,-2.247526,5.35515
2932,2026-05-11 16:17:19.069411,1.5816166,-0.24507529,2.710158,-4.399757,-2.247526,5.35515
2933,2026-05-11 16:17:19.072148,1.9278563,0.08037054,2.0882926,-4.165032,-1.315651,4.568814
2934,2026-05-11 16:17:19.074867,1.9278563,0.08037054,2.0882926,-4.165032,-1.315651,4.568814
2935,2026-05-11 16:17:19.077531,1.7905924,0.23861149,1.2648909,-4.165032,-1.315651,4.568814
2936,2026-05-11 16:17:19.080194,1.7905924,0.23861149,1.2648909,-5.019938,-0.4709771,3.7606392
2937,2026-05-11 16:17:19.083163,1.7905924,0.23861149,1.2648909,-5.019938,-0.4709771,3.7606392
2938,2026-05-11 16:17:19.086113,1.7905924,0.23861149,1.2648909,-5.019938,-0.4709771,3.7606392
2939,2026-05-11 16:17:19.088804,1.7905924,0.23861149,1.2648909,-5.019938,-0.4709771,3.7606392
2940,2026-05-11 16:17:19.091368,1.7905924,0.23861149,1.2648909,-5.019938,-0.4709771,3.7606392
2941,2026-05-11 16:17:19.094103,1.7905924,0.23861149,1.2648909,-5.8895044,0.029321533,3.320358
2942,2026-05-11 16:17:19.096775,1.1131138,0.22208612,1.1243339,-6.8250446,0.3587306,3.0276008
2943,2026-05-11 16:17:19.099815,1.1131138,0.22208612,1.1243339,-6.8250446,0.3587306,3.0276008
2944,2026-05-11 16:17:19.102547,0.9862771,0.25239277,1.3216015,-6.8250446,0.3587306,3.0276008
2945,2026-05-11 16:17:19.105105,0.9862771,0.25239277,1.3216015,-6.8250446,0.3587306,3.0276008
2946,2026-05-11 16:17:19.107977,1.0911613,0.3606308,1.516064,-7.232339,-0.14492778,3.0063734
2947,2026-05-11 16:17:19.110777,1.0911613,0.3606308,1.516064,-7.232339,-0.14492778,3.0063734
2948,2026-05-11 16:17:19.113397,1.0911613,0.3606308,1.516064,-7.232339,-0.14492778,3.0063734
2949,2026-05-11 16:17:19.116409,1.4379498,0.5605815,1.7565659,-7.232339,-0.14492778,3.0063734
2950,2026-05-11 16:17:19.119133,1.4379498,0.5605815,1.7565659,-7.232339,-0.14492778,3.0063734
2951,2026-05-11 16:17:19.121790,1.4379498,0.5605815,1.7565659,-7.232339,-0.14492778,3.0063734
2952,2026-05-11 16:17:19.124572,1.8346193,0.7626055,1.9373691,-6.862766,-0.3979787,2.7856982
2953,2026-05-11 16:17:19.127329,1.8346193,0.7626055,1.9373691,-6.862766,-0.3979787,2.7856982
2954,2026-05-11 16:17:19.129942,1.8346193,0.7626055,1.9373691,-6.862766,-0.3979787,2.7856982
2955,2026-05-11 16:17:19.132998,1.8346193,0.7626055,1.9373691,-6.493803,-0.2753475,2.191479
2956,2026-05-11 16:17:19.135954,1.8346193,0.7626055,1.9373691,-6.493803,-0.2753475,2.191479
2957,2026-05-11 16:17:19.138702,1.8346193,0.7626055,1.9373691,-6.493803,-0.2753475,2.191479
2958,2026-05-11 16:17:19.141315,1.8346193,0.7626055,1.9373691,-6.493803,-0.2753475,2.191479
2959,2026-05-11 16:17:19.144040,1.8346193,0.7626055,1.9373691,-6.493803,-0.2753475,2.191479
2960,2026-05-11 16:17:19.146643,1.8346193,0.7626055,1.9373691,-6.493803,-0.2753475,2.191479
2961,2026-05-11 16:17:19.149785,1.8346193,0.7626055,1.9373691,-6.493803,-0.2753475,2.191479
2962,2026-05-11 16:17:19.152514,1.8346193,0.7626055,1.9373691,-6.493803,-0.2753475,2.191479
2963,2026-05-11 16:17:19.155323,1.8346193,0.7626055,1.9373691,-6.493803,-0.2753475,2.191479
2964,2026-05-11 16:17:19.157967,1.8346193,0.7626055,1.9373691,-6.250526,0.022143865,1.5599971
2965,2026-05-11 16:17:19.160655,1.8346193,0.7626055,1.9373691,-6.250526,0.022143865,1.5599971
2966,2026-05-11 16:17:19.163245,1.8346193,0.7626055,1.9373691,-6.250526,0.022143865,1.5599971
2967,2026-05-11 16:17:19.166389,1.996336,0.8877957,2.0503025,-6.250526,0.022143865,1.5599971
2968,2026-05-11 16:17:19.169155,1.996336,0.8877957,2.0503025,-6.250526,0.022143865,1.5599971
2969,2026-05-11 16:17:19.171790,1.996336,0.8877957,2.0503025,-6.250526,0.022143865,1.5599971
2970,2026-05-11 16:17:19.174606,1.996336,0.8877957,2.0503025,-6.250526,0.022143865,1.5599971
2971,2026-05-11 16:17:19.177368,1.91749,0.95371425,2.1553087,-5.846133,0.36651915,0.6918049
2972,2026-05-11 16:17:19.180057,1.91749,0.95371425,2.1553087,-5.6665387,0.34269542,0.473726
2973,2026-05-11 16:17:19.183178,1.91749,0.95371425,2.1553087,-5.6665387,0.34269542,0.473726
2974,2026-05-11 16:17:19.186077,1.91749,0.95371425,2.1553087,-5.6665387,0.34269542,0.473726
2975,2026-05-11 16:17:19.189071,1.91749,0.95371425,2.1553087,-5.6665387,0.34269542,0.473726
2976,2026-05-11 16:17:19.191748,1.91749,0.95371425,2.1553087,-5.6665387,0.34269542,0.473726
2977,2026-05-11 16:17:19.194488,1.7885801,0.97810584,2.1957989,-5.6665387,0.34269542,0.473726
2978,2026-05-11 16:17:19.197294,1.7885801,0.97810584,2.1957989,-5.6665387,0.34269542,0.473726
2979,2026-05-11 16:17:19.200309,1.7885801,0.97810584,2.1957989,-4.97,-0.27000242,0.23793201
2980,2026-05-11 16:17:19.203082,1.7885801,0.97810584,2.1957989,-4.97,-0.27000242,0.23793201
2981,2026-05-11 16:17:19.205865,1.7885801,0.97810584,2.1957989,-4.97,-0.27000242,0.23793201
2982,2026-05-11 16:17:19.208572,1.7885801,0.97810584,2.1957989,-4.97,-0.27000242,0.23793201
2983,2026-05-11 16:17:19.211288,1.5202717,0.96786135,2.3743458,-4.97,-0.27000242,0.23793201
2984,2026-05-11 16:17:19.213895,1.5202717,0.96786135,2.3743458,-4.97,-0.27000242,0.23793201
2985,2026-05-11 16:17:19.217096,1.5202717,0.96786135,2.3743458,-4.97,-0.27000242,0.23793201
2986,2026-05-11 16:17:19.219984,1.5202717,0.96786135,2.3743458,-4.97,-0.27000242,0.23793201
2987,2026-05-11 16:17:19.222628,1.5202717,0.96786135,2.3743458,-4.97,-0.27000242,0.23793201
2988,2026-05-11 16:17:19.225522,1.5202717,0.96786135,2.3743458,-4.97,-0.27000242,0.23793201
2989,2026-05-11 16:17:19.228258,1.5202717,0.96786135,2.3743458,-4.2114577,-1.1939361,0.5190827
2990,2026-05-11 16:17:19.231076,1.6002153,0.99274087,2.6069813,-4.2114577,-1.1939361,0.5190827
2991,2026-05-11 16:17:19.234239,1.6002153,0.99274087,2.6069813,-4.2114577,-1.1939361,0.5190827
2992,2026-05-11 16:17:19.237051,1.6002153,0.99274087,2.6069813,-4.2114577,-1.1939361,0.5190827
2993,2026-05-11 16:17:19.239824,1.6002153,0.99274087,2.6069813,-4.2114577,-1.1939361,0.5190827
2994,2026-05-11 16:17:19.242502,1.6002153,0.99274087,2.6069813,-4.2114577,-1.1939361,0.5190827
2995,2026-05-11 16:17:19.245258,1.6002153,0.99274087,2.6069813,-4.2114577,-1.1939361,0.5190827
2996,2026-05-11 16:17:19.248003,1.6002153,0.99274087,2.6069813,-3.5984545,-1.9091066,0.8503244
2997,2026-05-11 16:17:19.251270,1.6002153,0.99274087,2.6069813,-3.5984545,-1.9091066,0.8503244
2998,2026-05-11 16:17:19.253968,1.6002153,0.99274087,2.6069813,-3.5984545,-1.9091066,0.8503244
2999,2026-05-11 16:17:19.256902,1.8647429,1.0365849,2.8140666,-3.5984545,-1.9091066,0.8503244
3000,2026-05-11 16:17:19.259654,1.8647429,1.0365849,2.8140666,-3.5984545,-1.9091066,0.8503244
3001,2026-05-11 16:17:19.262278,1.8647429,1.0365849,2.8140666,-3.5984545,-1.9091066,0.8503244
3002,2026-05-11 16:17:19.265405,1.8647429,1.0365849,2.8140666,-3.5984545,-1.9091066,0.8503244
3003,2026-05-11 16:17:19.268347,1.8647429,1.0365849,2.8140666,-3.5984545,-1.9091066,0.8503244
3004,2026-05-11 16:17:19.271097,2.48795,1.2373892,3.1545134,-3.5984545,-1.9091066,0.8503244
3005,2026-05-11 16:17:19.273765,2.48795,1.2373892,3.1545134,-2.8000536,-2.3426683,1.1850786
3006,2026-05-11 16:17:19.276557,2.48795,1.2373892,3.1545134,-2.8000536,-2.3426683,1.1850786
3007,2026-05-11 16:17:19.279183,2.48795,1.2373892,3.1545134,-2.8000536,-2.3426683,1.1850786
3008,2026-05-11 16:17:19.282252,2.48795,1.2373892,3.1545134,-2.8000536,-2.3426683,1.1850786
3009,2026-05-11 16:17:19.285189,2.48795,1.2373892,3.1545134,-2.450333,-2.2299635,1.1855367
3010,2026-05-11 16:17:19.287950,2.6681435,1.3536766,3.2825694,-2.450333,-2.2299635,1.1855367
3011,2026-05-11 16:17:19.290574,2.599481,1.7223566,3.5613053,-2.450333,-2.2299635,1.1855367
3012,2026-05-11 16:17:19.293318,2.599481,1.7223566,3.5613053,-2.450333,-2.2299635,1.1855367
3013,2026-05-11 16:17:19.296117,2.599481,1.7223566,3.5613053,-1.7235563,-1.681712,1.255328
3014,2026-05-11 16:17:19.299153,2.599481,1.7223566,3.5613053,-1.7235563,-1.681712,1.255328
3015,2026-05-11 16:17:19.301895,2.599481,1.7223566,3.5613053,-1.7235563,-1.681712,1.255328
3016,2026-05-11 16:17:19.304455,2.599481,1.7223566,3.5613053,-1.7235563,-1.681712,1.255328
3017,2026-05-11 16:17:19.307095,2.599481,1.7223566,3.5613053,-1.7235563,-1.681712,1.255328
3018,2026-05-11 16:17:19.309710,2.599481,1.7223566,3.5613053,-1.7235563,-1.681712,1.255328
3019,2026-05-11 16:17:19.312448,2.599481,1.7223566,3.5613053,-1.7235563,-1.681712,1.255328
3020,2026-05-11 16:17:19.315473,2.6111279,2.0163372,3.732535,-1.7235563,-1.681712,1.255328
3021,2026-05-11 16:17:19.318346,2.6111279,2.0163372,3.732535,-1.7235563,-1.681712,1.255328
3022,2026-05-11 16:17:19.321054,2.6111279,2.0163372,3.732535,-1.7235563,-1.681712,1.255328
3023,2026-05-11 16:17:19.323764,2.6111279,2.0163372,3.732535,-1.7235563,-1.681712,1.255328
3024,2026-05-11 16:17:19.326388,2.6111279,2.0163372,3.732535,-1.7235563,-1.681712,1.255328
3025,2026-05-11 16:17:19.329018,2.6111279,2.0163372,3.732535,-1.2861768,-1.4691309,1.415222
3026,2026-05-11 16:17:19.331930,2.6111279,2.0163372,3.732535,-1.2861768,-1.4691309,1.415222
3027,2026-05-11 16:17:19.334929,2.6111279,2.0163372,3.732535,-1.2861768,-1.4691309,1.415222
3028,2026-05-11 16:17:19.337569,2.6111279,2.0163372,3.732535,-1.2861768,-1.4691309,1.415222
3029,2026-05-11 16:17:19.340322,2.6111279,2.0163372,3.732535,-0.089491755,-1.1010846,1.356579
3030,2026-05-11 16:17:19.343061,2.6111279,2.0163372,3.732535,-0.089491755,-1.1010846,1.356579
3031,2026-05-11 16:17:19.345790,3.1437201,2.464107,3.9846227,-0.089491755,-1.1010846,1.356579
3032,2026-05-11 16:17:19.348919,3.1437201,2.464107,3.9846227,-0.089491755,-1.1010846,1.356579
3033,2026-05-11 16:17:19.351801,3.1437201,2.464107,3.9846227,-0.089491755,-1.1010846,1.356579
3034,2026-05-11 16:17:19.354465,3.565025,2.7204638,4.0434675,0.8194757,-0.798859,0.65286225
3035,2026-05-11 16:17:19.357242,3.7600365,2.622958,3.9393153,0.8194757,-0.798859,0.65286225
3036,2026-05-11 16:17:19.359863,3.7600365,2.622958,3.9393153,1.3058772,-0.5508477,0.058337633
3037,2026-05-11 16:17:19.362460,3.7600365,2.622958,3.9393153,1.3058772,-0.5508477,0.058337633
3038,2026-05-11 16:17:19.365528,3.7600365,2.622958,3.9393153,1.3058772,-0.5508477,0.058337633
3039,2026-05-11 16:17:19.368354,3.7600365,2.622958,3.9393153,1.3058772,-0.5508477,0.058337633
3040,2026-05-11 16:17:19.371219,3.7600365,2.622958,3.9393153,1.3058772,-0.5508477,0.058337633
3041,2026-05-11 16:17:19.373958,3.7600365,2.622958,3.9393153,1.3058772,-0.5508477,0.058337633
3042,2026-05-11 16:17:19.376683,3.6394198,2.3641014,3.8086367,1.3058772,-0.5508477,0.058337633
3043,2026-05-11 16:17:19.379358,3.6394198,2.3641014,3.8086367,1.3058772,-0.5508477,0.058337633
3044,2026-05-11 16:17:19.382315,3.6394198,2.3641014,3.8086367,2.1589506,-0.24129178,-1.0065532
3045,2026-05-11 16:17:19.385185,3.6394198,2.3641014,3.8086367,2.1589506,-0.24129178,-1.0065532
3046,2026-05-11 16:17:19.387891,3.6394198,2.3641014,3.8086367,2.1589506,-0.24129178,-1.0065532
3047,2026-05-11 16:17:19.390486,3.6394198,2.3641014,3.8086367,2.1589506,-0.24129178,-1.0065532
3048,2026-05-11 16:17:19.393265,3.6394198,2.3641014,3.8086367,2.1589506,-0.24129178,-1.0065532
3049,2026-05-11 16:17:19.395861,3.6394198,2.3641014,3.8086367,2.1589506,-0.24129178,-1.0065532
3050,2026-05-11 16:17:19.398813,3.6394198,2.3641014,3.8086367,2.1589506,-0.24129178,-1.0065532
3051,2026-05-11 16:17:19.401783,3.6394198,2.3641014,3.8086367,3.2520938,-0.22907446,-2.1261165
3052,2026-05-11 16:17:19.404480,3.6394198,2.3641014,3.8086367,3.2520938,-0.22907446,-2.1261165
3053,2026-05-11 16:17:19.407165,2.93883,1.7875433,3.0413969,3.6407568,0.013439035,-3.2065845
3054,2026-05-11 16:17:19.409834,2.93883,1.7875433,3.0413969,3.6407568,0.013439035,-3.2065845
3055,2026-05-11 16:17:19.412663,2.93883,1.7875433,3.0413969,3.6407568,0.013439035,-3.2065845
3056,2026-05-11 16:17:19.415915,2.5571613,1.601191,2.4770346,3.6407568,0.013439035,-3.2065845
3057,2026-05-11 16:17:19.418726,2.5571613,1.601191,2.4770346,3.6407568,0.013439035,-3.2065845
3058,2026-05-11 16:17:19.421689,2.2842185,1.5571641,2.125307,3.6407568,0.013439035,-3.2065845
3059,2026-05-11 16:17:19.424416,2.2842185,1.5571641,2.125307,2.0766363,1.1241448,-3.6564867
3060,2026-05-11 16:17:19.427154,2.2842185,1.5571641,2.125307,2.0766363,1.1241448,-3.6564867
3061,2026-05-11 16:17:19.429878,2.092927,1.5412484,1.920051,1.1962268,1.9651535,-3.912592
3062,2026-05-11 16:17:19.432894,2.092927,1.5412484,1.920051,1.1962268,1.9651535,-3.912592
3063,2026-05-11 16:17:19.435818,2.092927,1.5412484,1.920051,0.9680687,2.5714374,-4.116163
3064,2026-05-11 16:17:19.438430,2.092927,1.5412484,1.920051,0.9680687,2.5714374,-4.116163
3065,2026-05-11 16:17:19.441006,2.092927,1.5412484,1.920051,0.9680687,2.5714374,-4.116163
3066,2026-05-11 16:17:19.443849,2.092927,1.5412484,1.920051,1.4659239,2.8064678,-4.124715
3067,2026-05-11 16:17:19.446535,2.092927,1.5412484,1.920051,1.4659239,2.8064678,-4.124715
3068,2026-05-11 16:17:19.449550,1.2509876,1.1197605,2.7218053,1.4659239,2.8064678,-4.124715
3069,2026-05-11 16:17:19.452614,1.2509876,1.1197605,2.7218053,1.4659239,2.8064678,-4.124715
3070,2026-05-11 16:17:19.455443,1.2509876,1.1197605,2.7218053,1.4659239,2.8064678,-4.124715
3071,2026-05-11 16:17:19.458184,1.2509876,1.1197605,2.7218053,1.4659239,2.8064678,-4.124715
3072,2026-05-11 16:17:19.460922,1.2509876,1.1197605,2.7218053,2.3228152,2.7339275,-4.055076
3073,2026-05-11 16:17:19.463728,1.2509876,1.1197605,2.7218053,2.3228152,2.7339275,-4.055076
3074,2026-05-11 16:17:19.467150,1.2523901,0.9403598,2.7947972,3.8131735,2.4346035,-4.020868
3075,2026-05-11 16:17:19.470049,1.2337916,0.7422384,2.6622896,5.3962307,2.1398609,-4.018577
3076,2026-05-11 16:17:19.472722,1.2337916,0.7422384,2.6622896,5.3962307,2.1398609,-4.018577
3077,2026-05-11 16:17:19.475398,1.2337916,0.7422384,2.6622896,5.3962307,2.1398609,-4.018577
3078,2026-05-11 16:17:19.478009,1.2337916,0.7422384,2.6622896,5.3962307,2.1398609,-4.018577
3079,2026-05-11 16:17:19.480709,1.2337916,0.7422384,2.6622896,5.3962307,2.1398609,-4.018577
3080,2026-05-11 16:17:19.483924,1.2337916,0.7422384,2.6622896,5.3962307,2.1398609,-4.018577
3081,2026-05-11 16:17:19.487031,1.5446633,0.1314101,1.9096847,7.507992,1.730123,-4.1002803
3082,2026-05-11 16:17:19.489739,1.5446633,0.1314101,1.9096847,7.507992,1.730123,-4.1002803
3083,2026-05-11 16:17:19.492421,1.5446633,0.1314101,1.9096847,7.507992,1.730123,-4.1002803
3084,2026-05-11 16:17:19.495275,1.7657129,-0.4612464,1.4070333,8.1677265,1.1024591,-4.9736648
3085,2026-05-11 16:17:19.497984,1.6386932,-0.70967555,1.314284,8.1677265,1.1024591,-4.9736648
3086,2026-05-11 16:17:19.501229,1.6386932,-0.70967555,1.314284,8.1677265,1.1024591,-4.9736648
3087,2026-05-11 16:17:19.504059,1.6386932,-0.70967555,1.314284,8.1677265,1.1024591,-4.9736648
3088,2026-05-11 16:17:19.506875,1.6386932,-0.70967555,1.314284,8.092284,0.8709411,-5.138293
3089,2026-05-11 16:17:19.509557,1.6386932,-0.70967555,1.314284,8.092284,0.8709411,-5.138293
3090,2026-05-11 16:17:19.512380,1.6386932,-0.70967555,1.314284,7.9691954,0.44791695,-5.25451
3091,2026-05-11 16:17:19.515383,1.6386932,-0.70967555,1.314284,7.9691954,0.44791695,-5.25451
3092,2026-05-11 16:17:19.518308,1.5039291,-0.822304,1.3835564,7.9691954,0.44791695,-5.25451
3093,2026-05-11 16:17:19.520931,1.5039291,-0.822304,1.3835564,7.9691954,0.44791695,-5.25451
3094,2026-05-11 16:17:19.523649,1.5900928,-0.9134679,1.9138312,7.5646496,-0.40622538,-5.362328
3095,2026-05-11 16:17:19.526476,1.5900928,-0.9134679,1.9138312,7.5646496,-0.40622538,-5.362328
3096,2026-05-11 16:17:19.529125,1.5900928,-0.9134679,1.9138312,7.5646496,-0.40622538,-5.362328
3097,2026-05-11 16:17:19.532314,1.5900928,-0.9134679,1.9138312,7.5646496,-0.40622538,-5.362328
3098,2026-05-11 16:17:19.535195,1.5900928,-0.9134679,1.9138312,7.5646496,-0.40622538,-5.362328
3099,2026-05-11 16:17:19.537978,1.5900928,-0.9134679,1.9138312,7.4430876,-0.5299256,-5.5353556
3100,2026-05-11 16:17:19.540814,1.6573527,-0.8820027,2.1698217,7.5640388,-0.77274454,-5.8922534
3101,2026-05-11 16:17:19.543438,1.6573527,-0.8820027,2.1698217,7.686823,-0.82253003,-6.048024
3102,2026-05-11 16:17:19.546257,1.6573527,-0.8820027,2.1698217,7.686823,-0.82253003,-6.048024
3103,2026-05-11 16:17:19.549328,1.6178383,-0.91480947,2.1759195,7.686823,-0.82253003,-6.048024
3104,2026-05-11 16:17:19.552172,1.5160031,-0.91724867,2.1078057,7.686823,-0.82253003,-6.048024
3105,2026-05-11 16:17:19.554939,1.5160031,-0.91724867,2.1078057,7.686823,-0.82253003,-6.048024
3106,2026-05-11 16:17:19.557698,1.5160031,-0.91724867,2.1078057,7.686823,-0.82253003,-6.048024
3107,2026-05-11 16:17:19.560479,1.5160031,-0.91724867,2.1078057,7.686823,-0.82253003,-6.048024
3108,2026-05-11 16:17:19.563164,1.5160031,-0.91724867,2.1078057,7.719657,-0.81581056,-6.052911
3109,2026-05-11 16:17:19.566336,1.4192902,-0.7900461,1.9086479,7.719657,-0.81581056,-6.052911
3110,2026-05-11 16:17:19.569052,1.4192902,-0.7900461,1.9086479,7.719657,-0.81581056,-6.052911
3111,2026-05-11 16:17:19.571855,1.4192902,-0.7900461,1.9086479,7.558694,-0.80939645,-5.8974457
3112,2026-05-11 16:17:19.574689,1.4192902,-0.7900461,1.9086479,7.558694,-0.80939645,-5.8974457
3113,2026-05-11 16:17:19.577397,1.4192902,-0.7900461,1.9086479,7.558694,-0.80939645,-5.8974457
3114,2026-05-11 16:17:19.580099,1.4111799,-0.6922965,1.7998002,7.558694,-0.80939645,-5.8974457
3115,2026-05-11 16:17:19.583096,1.4111799,-0.6922965,1.7998002,7.558694,-0.80939645,-5.8974457
3116,2026-05-11 16:17:19.585905,1.4111799,-0.6922965,1.7998002,7.558694,-0.80939645,-5.8974457
3117,2026-05-11 16:17:19.588525,1.4111799,-0.6922965,1.7998002,7.558694,-0.80939645,-5.8974457
3118,2026-05-11 16:17:19.591325,1.4111799,-0.6922965,1.7998002,6.8745246,-1.187522,-5.22076
3119,2026-05-11 16:17:19.594058,1.4111799,-0.6922965,1.7998002,6.8745246,-1.187522,-5.22076
3120,2026-05-11 16:17:19.596709,1.4111799,-0.6922965,1.7998002,6.8745246,-1.187522,-5.22076
3121,2026-05-11 16:17:19.599804,1.653816,-0.5260063,1.698026,6.8745246,-1.187522,-5.22076
3122,2026-05-11 16:17:19.602784,1.653816,-0.5260063,1.698026,6.8745246,-1.187522,-5.22076
3123,2026-05-11 16:17:19.605428,1.653816,-0.5260063,1.698026,6.8745246,-1.187522,-5.22076
3124,2026-05-11 16:17:19.608249,1.653816,-0.5260063,1.698026,6.7198234,-1.5456418,-5.3131533
3125,2026-05-11 16:17:19.610917,1.653816,-0.5260063,1.698026,6.7198234,-1.5456418,-5.3131533
3126,2026-05-11 16:17:19.613511,1.653816,-0.5260063,1.698026,6.7198234,-1.5456418,-5.3131533
3127,2026-05-11 16:17:19.616536,1.653816,-0.5260063,1.698026,6.7198234,-1.5456418,-5.3131533
3128,2026-05-11 16:17:19.619216,1.653816,-0.5260063,1.698026,6.7198234,-1.5456418,-5.3131533
3129,2026-05-11 16:17:19.621958,1.653816,-0.5260063,1.698026,6.7198234,-1.5456418,-5.3131533
3130,2026-05-11 16:17:19.624586,1.6705244,-0.60442555,1.4563655,6.7198234,-1.5456418,-5.3131533
3131,2026-05-11 16:17:19.627270,1.6705244,-0.60442555,1.4563655,6.7198234,-1.5456418,-5.3131533
3132,2026-05-11 16:17:19.629976,1.6705244,-0.60442555,1.4563655,6.7198234,-1.5456418,-5.3131533
3133,2026-05-11 16:17:19.633097,1.6705244,-0.60442555,1.4563655,6.7198234,-1.5456418,-5.3131533
3134,2026-05-11 16:17:19.635876,1.6705244,-0.60442555,1.4563655,6.7198234,-1.5456418,-5.3131533
3135,2026-05-11 16:17:19.638614,1.6356441,-0.65253806,1.3699579,6.7198234,-1.5456418,-5.3131533
3136,2026-05-11 16:17:19.641462,1.6356441,-0.65253806,1.3699579,6.7198234,-1.5456418,-5.3131533
3137,2026-05-11 16:17:19.644110,1.6356441,-0.65253806,1.3699579,6.5548897,-1.5590808,-5.366604
3138,2026-05-11 16:17:19.646852,1.6356441,-0.65253806,1.3699579,6.5548897,-1.5590808,-5.366604
3139,2026-05-11 16:17:19.649867,1.6356441,-0.65253806,1.3699579,6.5548897,-1.5590808,-5.366604
3140,2026-05-11 16:17:19.652839,1.6356441,-0.65253806,1.3699579,6.5548897,-1.5590808,-5.366604
3141,2026-05-11 16:17:19.655455,1.6356441,-0.65253806,1.3699579,6.5548897,-1.5590808,-5.366604
3142,2026-05-11 16:17:19.658166,1.6356441,-0.65253806,1.3699579,6.5548897,-1.5590808,-5.366604
3143,2026-05-11 16:17:19.660940,1.0200596,-1.510332,0.59497374,6.5548897,-1.5590808,-5.366604
3144,2026-05-11 16:17:19.663580,1.0200596,-1.510332,0.59497374,5.331174,-1.2628112,-5.811772
3145,2026-05-11 16:17:19.666738,0.7274205,-1.7381502,0.35855752,5.331174,-1.2628112,-5.811772
3146,2026-05-11 16:17:19.669446,0.7274205,-1.7381502,0.35855752,5.331174,-1.2628112,-5.811772
3147,2026-05-11 16:17:19.672205,0.7274205,-1.7381502,0.35855752,5.331174,-1.2628112,-5.811772
3148,2026-05-11 16:17:19.674880,0.7274205,-1.7381502,0.35855752,4.618141,-1.6018413,-5.6805887
3149,2026-05-11 16:17:19.677523,0.7274205,-1.7381502,0.35855752,4.618141,-1.6018413,-5.6805887
3150,2026-05-11 16:17:19.680418,0.12445848,-2.1684802,-0.042807378,4.618141,-1.6018413,-5.6805887
3151,2026-05-11 16:17:19.683509,-0.072870106,-2.29428,-0.14177656,4.1378484,-1.7698293,-5.516266
3152,2026-05-11 16:17:19.686419,-0.072870106,-2.29428,-0.14177656,4.1378484,-1.7698293,-5.516266
3153,2026-05-11 16:17:19.689144,-0.072870106,-2.29428,-0.14177656,4.1378484,-1.7698293,-5.516266
3154,2026-05-11 16:17:19.691825,-0.82974356,-2.6703386,-0.24855109,4.1378484,-1.7698293,-5.516266
3155,2026-05-11 16:17:19.694552,-0.82974356,-2.6703386,-0.24855109,4.1378484,-1.7698293,-5.516266
3156,2026-05-11 16:17:19.697187,-0.82974356,-2.6703386,-0.24855109,2.760042,-1.3833044,-4.797583
3157,2026-05-11 16:17:19.700193,-1.0698795,-2.851386,-0.18860857,2.760042,-1.3833044,-4.797583
3158,2026-05-11 16:17:19.702904,-1.0698795,-2.851386,-0.18860857,2.047315,-0.8184067,-4.08959
3159,2026-05-11 16:17:19.705631,-1.0698795,-2.851386,-0.18860857,2.047315,-0.8184067,-4.08959
3160,2026-05-11 16:17:19.708229,-1.0698795,-2.851386,-0.18860857,2.047315,-0.8184067,-4.08959
3161,2026-05-11 16:17:19.710880,-1.0698795,-2.851386,-0.18860857,2.047315,-0.8184067,-4.08959
3162,2026-05-11 16:17:19.713408,-1.0698795,-2.851386,-0.18860857,2.047315,-0.8184067,-4.08959
3163,2026-05-11 16:17:19.716661,-1.1685438,-3.0045047,-0.1203119,1.5273159,-0.2874121,-3.2905784
3164,2026-05-11 16:17:19.719378,-1.1403714,-3.2137241,0.002927,1.1751521,0.3979787,-2.1277964
3165,2026-05-11 16:17:19.721924,-1.1403714,-3.2137241,0.002927,1.1751521,0.3979787,-2.1277964
3166,2026-05-11 16:17:19.724708,-1.1403714,-3.2137241,0.002927,1.1751521,0.3979787,-2.1277964
3167,2026-05-11 16:17:19.727304,-1.1403714,-3.2137241,0.002927,1.1751521,0.3979787,-2.1277964
3168,2026-05-11 16:17:19.729921,-1.1080525,-3.3091564,-0.08000467,1.1751521,0.3979787,-2.1277964
3169,2026-05-11 16:17:19.733043,-1.1080525,-3.3091564,-0.08000467,1.1751521,0.3979787,-2.1277964
3170,2026-05-11 16:17:19.735814,-1.1080525,-3.3091564,-0.08000467,1.1751521,0.3979787,-2.1277964
3171,2026-05-11 16:17:19.738379,-1.1080525,-3.3091564,-0.08000467,1.1751521,0.3979787,-2.1277964
3172,2026-05-11 16:17:19.740916,-1.1080525,-3.3091564,-0.08000467,1.1682798,1.3871223,-0.33628133
3173,2026-05-11 16:17:19.743626,-1.1080525,-3.3091564,-0.08000467,1.1682798,1.3871223,-0.33628133
3174,2026-05-11 16:17:19.746334,-1.1080525,-3.3091564,-0.08000467,0.8358164,1.6514742,0.65011334
3175,2026-05-11 16:17:19.749436,-1.1292123,-3.0142612,-0.4463675,0.8358164,1.6514742,0.65011334
3176,2026-05-11 16:17:19.752122,-1.1292123,-3.0142612,-0.4463675,0.8358164,1.6514742,0.65011334
3177,2026-05-11 16:17:19.775308,1.4531946,0.14970386,1.1683608,-7.0987124,1.653154,5.0071096
3178,2026-05-11 16:17:19.778338,1.4531946,0.14970386,1.1683608,-7.0987124,1.653154,5.0071096
3179,2026-05-11 16:17:19.782283,1.4531946,0.14970386,1.1683608,-7.0987124,1.653154,5.0071096
3180,2026-05-11 16:17:19.790143,1.4531946,0.14970386,1.1683608,-6.9197288,1.5396858,4.3742533
3181,2026-05-11 16:17:19.794235,1.4531946,0.14970386,1.1683608,-6.9197288,1.5396858,4.3742533
3182,2026-05-11 16:17:19.797119,1.4531946,0.14970386,1.1683608,-6.9197288,1.5396858,4.3742533
3183,2026-05-11 16:17:19.800315,1.331724,0.28355312,1.5343578,-6.9197288,1.5396858,4.3742533
3184,2026-05-11 16:17:19.803162,1.314284,0.4483798,1.6719878,-5.1277556,0.42180246,3.5534031
3185,2026-05-11 16:17:19.805948,1.3233699,0.8035835,1.2319012,-5.1277556,0.42180246,3.5534031
3186,2026-05-11 16:17:19.808986,1.3233699,0.8035835,1.2319012,-5.1277556,0.42180246,3.5534031
3187,2026-05-11 16:17:19.811859,1.3233699,0.8035835,1.2319012,-5.1277556,0.42180246,3.5534031
3188,2026-05-11 16:17:19.814770,1.3233699,0.8035835,1.2319012,-5.1277556,0.42180246,3.5534031
3189,2026-05-11 16:17:19.817995,1.3233699,0.8035835,1.2319012,-5.1277556,0.42180246,3.5534031
3190,2026-05-11 16:17:19.820721,1.3233699,0.8035835,1.2319012,-3.7464366,-0.46792278,3.3904548
3191,2026-05-11 16:17:19.823478,1.3233699,0.8035835,1.2319012,-3.7464366,-0.46792278,3.3904548
3192,2026-05-11 16:17:19.826206,1.5498465,0.9204195,0.9794474,-3.7464366,-0.46792278,3.3904548
3193,2026-05-11 16:17:19.828856,1.5498465,0.9204195,0.9794474,-3.7464366,-0.46792278,3.3904548
3194,2026-05-11 16:17:19.832204,1.5498465,0.9204195,0.9794474,-4.3214135,-0.30757064,3.35533
3195,2026-05-11 16:17:19.835200,1.8943788,1.0089004,0.9740813,-4.3214135,-0.30757064,3.35533
3196,2026-05-11 16:17:19.837945,1.8943788,1.0089004,0.9740813,-4.3214135,-0.30757064,3.35533
3197,2026-05-11 16:17:19.840777,1.8943788,1.0089004,0.9740813,-4.692056,-0.17180584,3.2426255
3198,2026-05-11 16:17:19.843484,1.8943788,1.0089004,0.9740813,-4.692056,-0.17180584,3.2426255
3199,2026-05-11 16:17:19.846252,2.2184832,1.0706112,1.0911003,-4.692056,-0.17180584,3.2426255
3200,2026-05-11 16:17:19.849285,2.9985895,1.4192902,1.741687,-4.692056,-0.17180584,3.2426255
3201,2026-05-11 16:17:19.852170,2.9985895,1.4192902,1.741687,-4.692056,-0.17180584,3.2426255
3202,2026-05-11 16:17:19.854813,2.9985895,1.4192902,1.741687,-4.692056,-0.17180584,3.2426255
3203,2026-05-11 16:17:19.857680,2.9985895,1.4192902,1.741687,-4.692056,-0.17180584,3.2426255
3204,2026-05-11 16:17:19.860403,2.9985895,1.4192902,1.741687,-4.692056,-0.17180584,3.2426255
3205,2026-05-11 16:17:19.863086,2.9985895,1.4192902,1.741687,-5.288413,-0.3915646,2.5248587
3206,2026-05-11 16:17:19.866385,2.9985895,1.4192902,1.741687,-5.288413,-0.3915646,2.5248587
3207,2026-05-11 16:17:19.869211,2.9985895,1.4192902,1.741687,-5.288413,-0.3915646,2.5248587
3208,2026-05-11 16:17:19.871891,2.9985895,1.4192902,1.741687,-5.288413,-0.3915646,2.5248587
3209,2026-05-11 16:17:19.874536,3.0753624,1.674732,2.0235937,-5.288413,-0.3915646,2.5248587
3210,2026-05-11 16:17:19.877232,3.1354878,1.9268807,2.7826014,-5.0054297,-0.3678936,1.5352571
3211,2026-05-11 16:17:19.879994,3.0867045,2.0890243,3.3709285,-5.0054297,-0.3678936,1.5352571
3212,2026-05-11 16:17:19.883065,3.0867045,2.0890243,3.3709285,-3.7441459,-0.39522982,1.3918564
3213,2026-05-11 16:17:19.885931,3.0867045,2.0890243,3.3709285,-3.7441459,-0.39522982,1.3918564
3214,2026-05-11 16:17:19.888541,3.0867045,2.0890243,3.3709285,-3.7441459,-0.39522982,1.3918564
3215,2026-05-11 16:17:19.891357,3.0898755,2.4464233,3.8261378,-3.7441459,-0.39522982,1.3918564
3216,2026-05-11 16:17:19.893964,3.0898755,2.4464233,3.8261378,-3.7441459,-0.39522982,1.3918564
3217,2026-05-11 16:17:19.896655,3.0898755,2.4464233,3.8261378,-3.7441459,-0.39522982,1.3918564
3218,2026-05-11 16:17:19.899726,3.0898755,2.4464233,3.8261378,0.7284568,-0.9129381,1.0268645
3219,2026-05-11 16:17:19.902670,4.112008,2.8649232,3.8036363,1.0276281,-0.92255926,0.84665924
3220,2026-05-11 16:17:19.905406,4.112008,2.8649232,3.8036363,1.0276281,-0.92255926,0.84665924
3221,2026-05-11 16:17:19.908019,4.112008,2.8649232,3.8036363,1.0276281,-0.92255926,0.84665924
3222,2026-05-11 16:17:19.910806,4.112008,2.8649232,3.8036363,1.0276281,-0.92255926,0.84665924
3223,2026-05-11 16:17:19.913554,2.7642465,1.8421806,2.1095133,1.0276281,-0.92255926,0.84665924
3224,2026-05-11 16:17:19.916610,2.7642465,1.8421806,2.1095133,1.0276281,-0.92255926,0.84665924
3225,2026-05-11 16:17:19.919335,2.7642465,1.8421806,2.1095133,3.3018794,-0.65393126,-2.474768
3226,2026-05-11 16:17:19.922180,2.5512464,1.8173622,1.7979708,3.3018794,-0.65393126,-2.474768
3227,2026-05-11 16:17:19.924832,2.5512464,1.8173622,1.7979708,2.6288586,-0.366061,-2.6439774
3228,2026-05-11 16:17:19.927393,2.5512464,1.8173622,1.7979708,2.6288586,-0.366061,-2.6439774
3229,2026-05-11 16:17:19.930163,2.5512464,1.8173622,1.7979708,2.6288586,-0.366061,-2.6439774
3230,2026-05-11 16:17:19.933231,2.5512464,1.8173622,1.7979708,2.6288586,-0.366061,-2.6439774
3231,2026-05-11 16:17:19.936169,2.5512464,1.8173622,1.7979708,2.6288586,-0.366061,-2.6439774
3232,2026-05-11 16:17:19.938845,2.5512464,1.8173622,1.7979708,2.6288586,-0.366061,-2.6439774
3233,2026-05-11 16:17:19.941474,2.4509966,1.864377,1.6672314,2.6288586,-0.366061,-2.6439774
3234,2026-05-11 16:17:19.944169,2.4509966,1.864377,1.6672314,1.4840971,0.18432859,-2.8632782
3235,2026-05-11 16:17:19.946811,2.4509966,1.864377,1.6672314,1.4840971,0.18432859,-2.8632782
3236,2026-05-11 16:17:19.949883,2.4509966,1.864377,1.6672314,1.4840971,0.18432859,-2.8632782
3237,2026-05-11 16:17:19.952705,2.4509966,1.864377,1.6672314,1.4840971,0.18432859,-2.8632782
3238,2026-05-11 16:17:19.955375,2.4509966,1.864377,1.6672314,1.4840971,0.18432859,-2.8632782
3239,2026-05-11 16:17:19.957976,2.4509966,1.864377,1.6672314,0.46731192,0.9204212,-3.247207
3240,2026-05-11 16:17:19.960646,2.4509966,1.864377,1.6672314,0.46731192,0.9204212,-3.247207
3241,2026-05-11 16:17:19.963349,2.406177,1.8093739,1.8591939,0.46731192,0.9204212,-3.247207
3242,2026-05-11 16:17:19.966385,2.406177,1.8093739,1.8591939,0.46731192,0.9204212,-3.247207
3243,2026-05-11 16:17:19.969287,2.406177,1.8093739,1.8591939,0.46731192,0.9204212,-3.247207
3244,2026-05-11 16:17:19.971931,2.406177,1.8093739,1.8591939,0.46731192,0.9204212,-3.247207
3245,2026-05-11 16:17:19.974635,2.406177,1.8093739,1.8591939,0.46731192,0.9204212,-3.247207
3246,2026-05-11 16:17:19.977288,2.406177,1.8093739,1.8591939,0.46731192,0.9204212,-3.247207
3247,2026-05-11 16:17:19.979976,2.406177,1.8093739,1.8591939,0.46731192,0.9204212,-3.247207
3248,2026-05-11 16:17:19.982992,2.406177,1.8093739,1.8591939,0.46731192,0.9204212,-3.247207
3249,2026-05-11 16:17:19.985835,2.406177,1.8093739,1.8591939,0.46731192,0.9204212,-3.247207
3250,2026-05-11 16:17:19.988502,2.2595832,1.7110754,2.177261,0.46731192,0.9204212,-3.247207
3251,2026-05-11 16:17:19.991084,2.2595832,1.7110754,2.177261,0.10644327,1.4114041,-3.6262488
3252,2026-05-11 16:17:19.993995,2.2595832,1.7110754,2.177261,0.10644327,1.4114041,-3.6262488
3253,2026-05-11 16:17:19.996794,2.2595832,1.7110754,2.177261,0.10644327,1.4114041,-3.6262488
3254,2026-05-11 16:17:19.999957,2.2595832,1.7110754,2.177261,0.10644327,1.4114041,-3.6262488
3255,2026-05-11 16:17:20.002799,2.2595832,1.7110754,2.177261,0.10644327,1.4114041,-3.6262488
3256,2026-05-11 16:17:20.005476,2.2595832,1.7110754,2.177261,0.10644327,1.4114041,-3.6262488
3257,2026-05-11 16:17:20.008126,2.2595832,1.7110754,2.177261,0.10644327,1.4114041,-3.6262488
3258,2026-05-11 16:17:20.011046,2.2595832,1.7110754,2.177261,0.10644327,1.4114041,-3.6262488
3259,2026-05-11 16:17:20.013675,2.2595832,1.7110754,2.177261,0.10644327,1.4114041,-3.6262488
3260,2026-05-11 16:17:20.016773,2.2595832,1.7110754,2.177261,0.10644327,1.4114041,-3.6262488
3261,2026-05-11 16:17:20.019772,1.3717264,-0.120738745,1.4102652,5.9180627,1.3854424,-4.8038445
3262,2026-05-11 16:17:20.022531,1.3717264,-0.120738745,1.4102652,5.9180627,1.3854424,-4.8038445
3263,2026-05-11 16:17:20.025456,1.3717264,-0.120738745,1.4102652,5.9180627,1.3854424,-4.8038445
3264,2026-05-11 16:17:20.028201,1.3717264,-0.120738745,1.4102652,5.9180627,1.3854424,-4.8038445
3265,2026-05-11 16:17:20.031173,1.3717264,-0.120738745,1.4102652,5.9180627,1.3854424,-4.8038445
3266,2026-05-11 16:17:20.034541,1.3717264,-0.120738745,1.4102652,6.3398647,1.114371,-4.829348
3267,2026-05-11 16:17:20.037247,1.3717264,-0.120738745,1.4102652,6.3398647,1.114371,-4.829348
3268,2026-05-11 16:17:20.040143,1.3717264,-0.120738745,1.4102652,6.3398647,1.114371,-4.829348
3269,2026-05-11 16:17:20.043084,1.4092286,-0.3017249,1.2789161,6.399119,0.88300574,-4.8672214
3270,2026-05-11 16:17:20.045850,1.4555118,-0.6196093,1.1657997,6.4240117,0.64919704,-4.98069
3271,2026-05-11 16:17:20.049150,1.4555118,-0.6196093,1.1657997,6.428593,0.50854534,-5.17128
3272,2026-05-11 16:17:20.052274,1.4555118,-0.6196093,1.1657997,6.428593,0.50854534,-5.17128
3273,2026-05-11 16:17:20.055034,1.4555118,-0.6196093,1.1657997,6.428593,0.50854534,-5.17128
3274,2026-05-11 16:17:20.057879,1.4025208,-0.67973477,1.1118941,6.3949957,0.4616614,-5.297576
3275,2026-05-11 16:17:20.060540,1.4025208,-0.67973477,1.1118941,6.3949957,0.4616614,-5.297576
3276,2026-05-11 16:17:20.063213,1.4025208,-0.67973477,1.1118941,6.3949957,0.4616614,-5.297576
3277,2026-05-11 16:17:20.066439,1.4025208,-0.67973477,1.1118941,6.3949957,0.4616614,-5.297576
3278,2026-05-11 16:17:20.069475,1.4025208,-0.67973477,1.1118941,6.3949957,0.4616614,-5.297576
3279,2026-05-11 16:17:20.072217,1.2856238,-0.83504874,1.0394509,6.2062383,0.47051895,-5.447238
3280,2026-05-11 16:17:20.074966,1.2856238,-0.83504874,1.0394509,6.2062383,0.47051895,-5.447238
3281,2026-05-11 16:17:20.077789,1.2856238,-0.83504874,1.0394509,6.2062383,0.47051895,-5.447238
3282,2026-05-11 16:17:20.080557,1.2856238,-0.83504874,1.0394509,5.9976277,0.50869805,-5.500231
3283,2026-05-11 16:17:20.084209,1.2859286,-0.89066166,1.1342125,5.8516307,0.5320636,-5.5594845
3284,2026-05-11 16:17:20.087432,1.2859286,-0.89066166,1.1342125,5.8516307,0.5320636,-5.5594845
3285,2026-05-11 16:17:20.090226,1.2859286,-0.89066166,1.1342125,5.8516307,0.5320636,-5.5594845
3286,2026-05-11 16:17:20.093051,1.2828797,-0.93133485,1.2037288,5.825211,0.49357912,-5.6575284
3287,2026-05-11 16:17:20.095694,1.2828797,-0.93133485,1.2037288,5.825211,0.49357912,-5.6575284
3288,2026-05-11 16:17:20.099152,1.3136132,-0.92541987,1.2004359,5.825211,0.49357912,-5.6575284
3289,2026-05-11 16:17:20.102195,1.3136132,-0.92541987,1.2004359,5.825211,0.49357912,-5.6575284
3290,2026-05-11 16:17:20.104798,1.3136132,-0.92541987,1.2004359,5.825211,0.49357912,-5.6575284
3291,2026-05-11 16:17:20.107635,1.3136132,-0.92541987,1.2004359,5.641035,0.2724459,-5.714339
3292,2026-05-11 16:17:20.110507,1.3136132,-0.92541987,1.2004359,5.641035,0.2724459,-5.714339
3293,2026-05-11 16:17:20.113167,1.3136132,-0.92541987,1.2004359,5.641035,0.2724459,-5.714339
3294,2026-05-11 16:17:20.116510,1.323187,-0.8860273,1.2750744,5.641035,0.2724459,-5.714339
3295,2026-05-11 16:17:20.119319,1.323187,-0.8860273,1.2750744,5.641035,0.2724459,-5.714339
3296,2026-05-11 16:17:20.122176,1.3514203,-0.85687923,1.5181984,5.615837,0.052687127,-5.735872
3297,2026-05-11 16:17:20.124836,1.3514203,-0.85687923,1.5181984,5.615837,0.052687127,-5.735872
3298,2026-05-11 16:17:20.127514,1.3514203,-0.85687923,1.5181984,5.615837,0.052687127,-5.735872
3299,2026-05-11 16:17:20.130419,1.3514203,-0.85687923,1.5181984,5.615837,0.052687127,-5.735872
3300,2026-05-11 16:17:20.133702,1.4127043,-0.901577,1.8191916,5.615837,0.052687127,-5.735872
3301,2026-05-11 16:17:20.136611,1.4127043,-0.901577,1.8191916,5.9217277,-0.30787608,-5.8195605
3302,2026-05-11 16:17:20.139498,1.4250832,-0.948287,1.9627974,6.462038,-0.6630942,-5.9852576
3303,2026-05-11 16:17:20.142397,1.0221329,-0.7544343,1.6491206,6.92599,-0.9202685,-6.112165
3304,2026-05-11 16:17:20.145119,1.0221329,-0.7544343,1.6491206,6.92599,-0.9202685,-6.112165
3305,2026-05-11 16:17:20.148003,1.0221329,-0.7544343,1.6491206,6.92599,-0.9202685,-6.112165
3306,2026-05-11 16:17:20.151472,1.0221329,-0.7544343,1.6491206,6.92599,-0.9202685,-6.112165
3307,2026-05-11 16:17:20.154316,1.0221329,-0.7544343,1.6491206,6.92599,-0.9202685,-6.112165
3308,2026-05-11 16:17:20.157209,0.95755583,-0.67546624,0.85254973,6.7744956,-1.596649,-5.3528595
3309,2026-05-11 16:17:20.159926,0.95755583,-0.67546624,0.85254973,6.7744956,-1.596649,-5.3528595
3310,2026-05-11 16:17:20.162718,0.95755583,-0.67546624,0.85254973,6.7744956,-1.596649,-5.3528595
3311,2026-05-11 16:17:20.166099,0.95755583,-0.67546624,0.85254973,5.105612,-0.4260785,-4.6746464
3312,2026-05-11 16:17:20.169026,0.95755583,-0.67546624,0.85254973,5.0046663,-0.067500606,-4.7392454
3313,2026-05-11 16:17:20.171976,0.5587521,-1.4787447,0.22757424,5.0961432,-0.27870727,-4.918687
3314,2026-05-11 16:17:20.174661,0.5587521,-1.4787447,0.22757424,5.0961432,-0.27870727,-4.918687
3315,2026-05-11 16:17:20.177470,0.5587521,-1.4787447,0.22757424,5.0961432,-0.27870727,-4.918687
3316,2026-05-11 16:17:20.180236,0.5587521,-1.4787447,0.22757424,5.0961432,-0.27870727,-4.918687
3317,2026-05-11 16:17:20.183788,0.20696329,-1.7277228,-0.15275282,4.6405907,-1.6891952,-5.2051826
3318,2026-05-11 16:17:20.186622,0.20696329,-1.7277228,-0.15275282,4.6405907,-1.6891952,-5.2051826
3319,2026-05-11 16:17:20.189480,0.20696329,-1.7277228,-0.15275282,4.6405907,-1.6891952,-5.2051826
3320,2026-05-11 16:17:20.192395,-1.1217728,-2.648935,-0.81096196,4.114177,-2.025171,-5.147456
3321,2026-05-11 16:17:20.195300,-1.1217728,-2.648935,-0.81096196,4.114177,-2.025171,-5.147456
3322,2026-05-11 16:17:20.198240,-1.5723479,-2.9551115,-0.6611971,2.3345742,-1.6530013,-4.4733663
3323,2026-05-11 16:17:20.201531,-1.5723479,-2.9551115,-0.6611971,2.3345742,-1.6530013,-4.4733663
3324,2026-05-11 16:17:20.204269,-1.5723479,-2.9551115,-0.6611971,2.3345742,-1.6530013,-4.4733663
3325,2026-05-11 16:17:20.207171,-1.5723479,-2.9551115,-0.6611971,2.3345742,-1.6530013,-4.4733663
3326,2026-05-11 16:17:20.210032,-1.5723479,-2.9551115,-0.6611971,2.3345742,-1.6530013,-4.4733663
3327,2026-05-11 16:17:20.212950,-1.5723479,-2.9551115,-0.6611971,0.33826664,-0.026267206,-2.8531988
3328,2026-05-11 16:17:20.216222,-1.5723479,-2.9551115,-0.6611971,0.33826664,-0.026267206,-2.8531988
3329,2026-05-11 16:17:20.219329,-1.5723479,-2.9551115,-0.6611971,0.33826664,-0.026267206,-2.8531988
3330,2026-05-11 16:17:20.222005,-1.5723479,-2.9551115,-0.6611971,0.33826664,-0.026267206,-2.8531988
3331,2026-05-11 16:17:20.224643,-1.5723479,-2.9551115,-0.6611971,0.33826664,-0.026267206,-2.8531988
3332,2026-05-11 16:17:20.227533,-1.5723479,-2.9551115,-0.6611971,0.33826664,-0.026267206,-2.8531988
3333,2026-05-11 16:17:20.230396,-1.8565108,-2.9699292,-0.57619214,-0.5523749,0.04627304,-0.20173825
3334,2026-05-11 16:17:20.234037,-1.9372473,-2.8386414,-0.51387143,-0.5523749,0.04627304,-0.20173825
3335,2026-05-11 16:17:20.237271,-1.9372473,-2.8386414,-0.51387143,-0.5523749,0.04627304,-0.20173825
3336,2026-05-11 16:17:20.240109,-1.9372473,-2.8386414,-0.51387143,-0.5523749,0.04627304,-0.20173825
3337,2026-05-11 16:17:20.242937,-1.8724872,-2.7236955,-0.46850294,-0.7629707,-0.21273382,1.1505647
3338,2026-05-11 16:17:20.245665,-1.8724872,-2.7236955,-0.46850294,-0.7629707,-0.21273382,1.1505647
3339,2026-05-11 16:17:20.248983,-1.8724872,-2.7236955,-0.46850294,-0.7629707,-0.21273382,1.1505647
3340,2026-05-11 16:17:20.251904,-1.8724872,-2.7236955,-0.46850294,-0.7629707,-0.21273382,1.1505647
3341,2026-05-11 16:17:20.254527,-1.8724872,-2.7236955,-0.46850294,-0.7629707,-0.21273382,1.1505647
3342,2026-05-11 16:17:20.257464,-1.8724872,-2.7236955,-0.46850294,-1.1099422,-0.010537425,3.1878002
3343,2026-05-11 16:17:20.260387,-1.4270955,-2.4227023,-0.25995418,-1.1099422,-0.010537425,3.1878002
3344,2026-05-11 16:17:20.263138,-1.4270955,-2.4227023,-0.25995418,-1.1099422,-0.010537425,3.1878002
3345,2026-05-11 16:17:20.266369,-1.4270955,-2.4227023,-0.25995418,-1.1099422,-0.010537425,3.1878002
3346,2026-05-11 16:17:20.269184,-1.012986,-2.2389112,-0.22324473,-1.1099422,-0.010537425,3.1878002
3347,2026-05-11 16:17:20.272075,-1.012986,-2.2389112,-0.22324473,-1.1099422,-0.010537425,3.1878002
3348,2026-05-11 16:17:20.274800,-1.012986,-2.2389112,-0.22324473,-1.1099422,-0.010537425,3.1878002
3349,2026-05-11 16:17:20.277447,-1.012986,-2.2389112,-0.22324473,-1.1099422,-0.010537425,3.1878002
3350,2026-05-11 16:17:20.280214,-1.012986,-2.2389112,-0.22324473,-1.1099422,-0.010537425,3.1878002
3351,2026-05-11 16:17:20.283306,-1.012986,-2.2389112,-0.22324473,-1.3581061,0.32436943,4.2261186
3352,2026-05-11 16:17:20.286074,-1.012986,-2.2389112,-0.22324473,-1.3581061,0.32436943,4.2261186
3353,2026-05-11 16:17:20.288798,-1.012986,-2.2389112,-0.22324473,-1.3581061,0.32436943,4.2261186
3354,2026-05-11 16:17:20.291472,-1.012986,-2.2389112,-0.22324473,-1.3581061,0.32436943,4.2261186
3355,2026-05-11 16:17:20.294106,-1.012986,-2.2389112,-0.22324473,-1.3581061,0.32436943,4.2261186
3356,2026-05-11 16:17:20.296886,-0.8476104,-2.157077,-0.23068418,-1.5485435,0.5119051,4.7461176
3357,2026-05-11 16:17:20.299821,-0.8476104,-2.157077,-0.23068418,-1.5485435,0.5119051,4.7461176
3358,2026-05-11 16:17:20.302719,-0.8476104,-2.157077,-0.23068418,-1.5485435,0.5119051,4.7461176
3359,2026-05-11 16:17:20.305382,-0.8476104,-2.157077,-0.23068418,-2.2127066,0.8211556,5.869193
3360,2026-05-11 16:17:20.308012,-0.8476104,-2.157077,-0.23068418,-2.2127066,0.8211556,5.869193
3361,2026-05-11 16:17:20.310759,-0.5596668,-1.9407231,-0.30343235,-2.8196013,0.95829487,6.6242228
3362,2026-05-11 16:17:20.313354,-0.5596668,-1.9407231,-0.30343235,-2.8196013,0.95829487,6.6242228
3363,2026-05-11 16:17:20.316660,-0.2591005,-1.8919396,-0.3108718,-3.628845,1.2084441,7.574118
3364,2026-05-11 16:17:20.319601,-0.2591005,-1.8919396,-0.3108718,-3.628845,1.2084441,7.574118
3365,2026-05-11 16:17:20.322400,0.39941353,-1.7591269,-0.22269592,-8.4126835,2.6476426,9.529803
3366,2026-05-11 16:17:20.325109,0.39941353,-1.7591269,-0.22269592,-8.4126835,2.6476426,9.529803
3367,2026-05-11 16:17:20.327825,1.5927149,-1.5708233,0.27477214,-9.851271,3.004999,9.654878
3368,2026-05-11 16:17:20.330612,1.5927149,-1.5708233,0.27477214,-9.851271,3.004999,9.654878
3369,2026-05-11 16:17:20.333806,1.5927149,-1.5708233,0.27477214,-9.851271,3.004999,9.654878
3370,2026-05-11 16:17:20.336618,1.5927149,-1.5708233,0.27477214,-9.851271,3.004999,9.654878
3371,2026-05-11 16:17:20.339499,1.9952384,-1.6151552,0.7441288,-11.667526,3.374725,9.278738
3372,2026-05-11 16:17:20.342219,1.9952384,-1.6151552,0.7441288,-11.667526,3.374725,9.278738
3373,2026-05-11 16:17:20.344830,1.9952384,-1.6151552,0.7441288,-11.667526,3.374725,9.278738
3374,2026-05-11 16:17:20.347664,1.9952384,-1.6151552,0.7441288,-12.489598,3.3637295,8.846856
3375,2026-05-11 16:17:20.350736,2.0068245,-1.6710122,1.0312797,-12.489598,3.3637295,8.846856
3376,2026-05-11 16:17:20.353512,2.0068245,-1.6710122,1.0312797,-12.489598,3.3637295,8.846856
3377,2026-05-11 16:17:20.356335,1.9367595,-1.7552854,1.5960077,-12.869098,3.0934217,8.467661
3378,2026-05-11 16:17:20.359100,2.0469487,-1.7319913,2.2727544,-12.288776,2.183996,7.9383464
3379,2026-05-11 16:17:20.361925,2.400323,-1.0776238,3.3665378,-10.443199,0.8362745,7.261813
3380,2026-05-11 16:17:20.364800,2.400323,-1.0776238,3.3665378,-8.192619,-0.6580546,6.6378145
3381,2026-05-11 16:17:20.367951,2.400323,-1.0776238,3.3665378,-8.192619,-0.6580546,6.6378145
3382,2026-05-11 16:17:20.370711,2.339283,-0.7666911,3.330621,-5.706703,-2.173764,6.1474423
3383,2026-05-11 16:17:20.373459,2.339283,-0.7666911,3.330621,-5.706703,-2.173764,6.1474423
3384,2026-05-11 16:17:20.376146,2.339283,-0.7666911,3.330621,-5.706703,-2.173764,6.1474423
3385,2026-05-11 16:17:20.378863,2.1610408,-0.4952728,2.894376,-1.5259414,-3.4541376,5.531385
3386,2026-05-11 16:17:20.381876,1.6089354,-0.059576645,1.8091301,-0.9300423,-2.397188,5.462357
3387,2026-05-11 16:17:20.384998,1.3836783,-0.031343292,1.5230157,-1.0836749,-1.3642148,5.5400896
3388,2026-05-11 16:17:20.387828,1.3836783,-0.031343292,1.5230157,-1.5027285,-0.1693624,5.7651935
3389,2026-05-11 16:17:20.390553,1.3836783,-0.031343292,1.5230157,-1.5027285,-0.1693624,5.7651935
3390,2026-05-11 16:17:20.393215,1.3836783,-0.031343292,1.5230157,-1.5027285,-0.1693624,5.7651935
3391,2026-05-11 16:17:20.395968,1.3836783,-0.031343292,1.5230157,-1.5027285,-0.1693624,5.7651935
3392,2026-05-11 16:17:20.398912,1.3836783,-0.031343292,1.5230157,-1.5027285,-0.1693624,5.7651935
3393,2026-05-11 16:17:20.401854,1.3836783,-0.031343292,1.5230157,-1.5027285,-0.1693624,5.7651935
3394,2026-05-11 16:17:20.404546,1.2269009,-0.024696562,1.3583109,-1.5027285,-0.1693624,5.7651935
3395,2026-05-11 16:17:20.407154,1.2269009,-0.024696562,1.3583109,-1.5027285,-0.1693624,5.7651935
3396,2026-05-11 16:17:20.409862,1.5204545,0.029087063,1.012986,-1.7227927,0.36560285,5.8771343
3397,2026-05-11 16:17:20.412614,1.7756524,0.23397705,0.75455624,-2.6514606,0.9816604,5.5848355
3398,2026-05-11 16:17:20.415729,1.7756524,0.23397705,0.75455624,-2.6514606,0.9816604,5.5848355
3399,2026-05-11 16:17:20.418608,1.7756524,0.23397705,0.75455624,-3.3224962,0.8730792,5.189453
3400,2026-05-11 16:17:20.421415,1.7756524,0.23397705,0.75455624,-3.3224962,0.8730792,5.189453
3401,2026-05-11 16:17:20.424122,1.7756524,0.23397705,0.75455624,-3.3224962,0.8730792,5.189453
3402,2026-05-11 16:17:20.426868,1.7756524,0.23397705,0.75455624,-3.3224962,0.8730792,5.189453
3403,2026-05-11 16:17:20.429511,1.7462604,0.2628812,0.79248524,-3.873191,0.8098546,4.8785224
3404,2026-05-11 16:17:20.432699,1.7462604,0.2628812,0.79248524,-3.873191,0.8098546,4.8785224
3405,2026-05-11 16:17:20.435519,1.7462604,0.2628812,0.79248524,-3.873191,0.8098546,4.8785224
3406,2026-05-11 16:17:20.438260,1.6430838,0.2490999,0.89871097,-4.4918447,0.8651379,4.658153
3407,2026-05-11 16:17:20.440978,1.6430838,0.2490999,0.89871097,-4.4918447,0.8651379,4.658153
3408,2026-05-11 16:17:20.443736,2.1671386,0.45100194,1.2737938,-5.224425,1.3400856,4.5727844
3409,2026-05-11 16:17:20.446422,2.1671386,0.45100194,1.2737938,-5.5318427,1.5986344,4.2571197
3410,2026-05-11 16:17:20.449556,2.1671386,0.45100194,1.2737938,-5.5318427,1.5986344,4.2571197
3411,2026-05-11 16:17:20.452320,2.1671386,0.45100194,1.2737938,-5.5318427,1.5986344,4.2571197
3412,2026-05-11 16:17:20.455256,2.1671386,0.45100194,1.2737938,-5.5318427,1.5986344,4.2571197
3413,2026-05-11 16:17:20.457988,2.1671386,0.45100194,1.2737938,-5.5318427,1.5986344,4.2571197
3414,2026-05-11 16:17:20.460603,2.1671386,0.45100194,1.2737938,-5.5318427,1.5986344,4.2571197
3415,2026-05-11 16:17:20.463593,2.5102074,0.60546213,1.4644147,-5.4255524,1.3220651,3.577685
3416,2026-05-11 16:17:20.466766,2.5102074,0.60546213,1.4644147,-5.4255524,1.3220651,3.577685
3417,2026-05-11 16:17:20.469537,2.6864371,0.72613996,1.5944833,-5.4255524,1.3220651,3.577685
3418,2026-05-11 16:17:20.472381,2.6864371,0.72613996,1.5944833,-5.4255524,1.3220651,3.577685
3419,2026-05-11 16:17:20.475105,2.6864371,0.72613996,1.5944833,-5.4255524,1.3220651,3.577685
3420,2026-05-11 16:17:20.477734,2.6864371,0.72613996,1.5944833,-5.4255524,1.3220651,3.577685
3421,2026-05-11 16:17:20.480404,2.6864371,0.72613996,1.5944833,-5.0709453,0.7725918,2.9681942
3422,2026-05-11 16:17:20.483523,2.6864371,0.72613996,1.5944833,-5.0709453,0.7725918,2.9681942
3423,2026-05-11 16:17:20.486248,2.9872475,1.059574,1.6580235,-4.133267,-0.6983717,1.8232801
3424,2026-05-11 16:17:20.488814,2.9872475,1.059574,1.6580235,-4.133267,-0.6983717,1.8232801
3425,2026-05-11 16:17:20.491344,2.9872475,1.059574,1.6580235,-4.133267,-0.6983717,1.8232801
3426,2026-05-11 16:17:20.493915,2.9872475,1.059574,1.6580235,-4.133267,-0.6983717,1.8232801
3427,2026-05-11 16:17:20.496620,2.9872475,1.059574,1.6580235,-4.133267,-0.6983717,1.8232801
3428,2026-05-11 16:17:20.499718,2.9872475,1.059574,1.6580235,-4.133267,-0.6983717,1.8232801
3429,2026-05-11 16:17:20.502579,2.9872475,1.059574,1.6580235,-4.2282567,-0.54244834,1.1826351
3430,2026-05-11 16:17:20.505327,3.3273892,1.3224553,2.2286665,-4.5161266,0.11102476,0.9149234
3431,2026-05-11 16:17:20.507885,3.3273892,1.3224553,2.2286665,-4.5161266,0.11102476,0.9149234
3432,2026-05-11 16:17:20.510551,3.3273892,1.3224553,2.2286665,-4.5161266,0.11102476,0.9149234
3433,2026-05-11 16:17:20.513114,3.3273892,1.3224553,2.2286665,-4.5161266,0.11102476,0.9149234
3434,2026-05-11 16:17:20.516269,3.3273892,1.3224553,2.2286665,-4.4376307,0.15439619,0.86758137
3435,2026-05-11 16:17:20.519037,3.3273892,1.3224553,2.2286665,-4.4376307,0.15439619,0.86758137
3436,2026-05-11 16:17:20.521828,3.4132478,1.3266017,2.4291053,-4.4376307,0.15439619,0.86758137
3437,2026-05-11 16:17:20.524690,3.4132478,1.3266017,2.4291053,-4.4376307,0.15439619,0.86758137
3438,2026-05-11 16:17:20.527494,3.4132478,1.3266017,2.4291053,-4.4376307,0.15439619,0.86758137
3439,2026-05-11 16:17:20.530196,3.4132478,1.3266017,2.4291053,-4.4376307,0.15439619,0.86758137
3440,2026-05-11 16:17:20.533174,3.4132478,1.3266017,2.4291053,-4.4376307,0.15439619,0.86758137
3441,2026-05-11 16:17:20.535962,3.5570366,1.4009354,2.9196217,-3.640146,0.02397646,0.64476824
3442,2026-05-11 16:17:20.538578,3.5570366,1.4009354,2.9196217,-3.640146,0.02397646,0.64476824
3443,2026-05-11 16:17:20.541421,3.5570366,1.4009354,2.9196217,-3.640146,0.02397646,0.64476824
3444,2026-05-11 16:17:20.544223,3.600698,1.5718601,3.2002478,-2.7895162,-0.21059579,0.4476115
3445,2026-05-11 16:17:20.547028,3.442152,1.9852989,3.5380723,-2.7895162,-0.21059579,0.4476115
3446,2026-05-11 16:17:20.550087,3.442152,1.9852989,3.5380723,-1.4046847,-0.72295904,0.13439035
3447,2026-05-11 16:17:20.552888,3.442152,1.9852989,3.5380723,-1.4046847,-0.72295904,0.13439035
3448,2026-05-11 16:17:20.555604,3.442152,1.9852989,3.5380723,-1.4046847,-0.72295904,0.13439035
3449,2026-05-11 16:17:20.558324,3.442152,1.9852989,3.5380723,-1.4046847,-0.72295904,0.13439035
3450,2026-05-11 16:17:20.560947,3.442152,1.9852989,3.5380723,-1.4046847,-0.72295904,0.13439035
3451,2026-05-11 16:17:20.563598,3.231469,2.4330077,3.3773315,0.074067414,-1.0302242,-0.15500705
3452,2026-05-11 16:17:20.567072,3.231469,2.4330077,3.3773315,0.074067414,-1.0302242,-0.15500705
3453,2026-05-11 16:17:20.569838,3.231469,2.4330077,3.3773315,0.8038987,-1.075581,-0.3585779
3454,2026-05-11 16:17:20.572456,3.231469,2.4330077,3.3773315,0.8038987,-1.075581,-0.3585779
3455,2026-05-11 16:17:20.575104,3.231469,2.4330077,3.3773315,0.8038987,-1.075581,-0.3585779
3456,2026-05-11 16:17:20.577659,3.231469,2.4330077,3.3773315,0.8038987,-1.075581,-0.3585779
3457,2026-05-11 16:17:20.580424,3.231469,2.4330077,3.3773315,0.8038987,-1.075581,-0.3585779
3458,2026-05-11 16:17:20.583479,3.231469,2.4330077,3.3773315,0.8038987,-1.075581,-0.3585779
3459,2026-05-11 16:17:20.586215,3.2159193,2.5477707,2.8946202,1.8574885,-0.6200282,-1.2623531
3460,2026-05-11 16:17:20.588848,3.2159193,2.5477707,2.8946202,1.8574885,-0.6200282,-1.2623531
3461,2026-05-11 16:17:20.591581,3.2159193,2.5477707,2.8946202,1.8574885,-0.6200282,-1.2623531
3462,2026-05-11 16:17:20.594271,3.2159193,2.5477707,2.8946202,1.8574885,-0.6200282,-1.2623531
3463,2026-05-11 16:17:20.597080,3.2159193,2.5477707,2.8946202,2.0743456,0.40668353,-2.6511552
3464,2026-05-11 16:17:20.600067,3.2159193,2.5477707,2.8946202,2.0743456,0.40668353,-2.6511552
3465,2026-05-11 16:17:20.602898,3.2159193,2.5477707,2.8946202,2.0743456,0.40668353,-2.6511552
3466,2026-05-11 16:17:20.605573,2.5310013,2.2995245,2.0124345,2.0743456,0.40668353,-2.6511552
3467,2026-05-11 16:17:20.608377,2.5310013,2.2995245,2.0124345,2.0743456,0.40668353,-2.6511552
3468,2026-05-11 16:17:20.611170,2.5310013,2.2995245,2.0124345,2.0743456,0.40668353,-2.6511552
3469,2026-05-11 16:17:20.613924,2.253729,2.204336,1.8654748,2.0743456,0.40668353,-2.6511552
3470,2026-05-11 16:17:20.616882,2.253729,2.204336,1.8654748,2.0743456,0.40668353,-2.6511552
3471,2026-05-11 16:17:20.619675,1.7851043,2.0156662,1.9770665,1.4442382,1.3348932,-4.32966
3472,2026-05-11 16:17:20.622342,1.7851043,2.0156662,1.9770665,1.4442382,1.3348932,-4.32966
3473,2026-05-11 16:17:20.625099,1.5169178,1.8222406,2.1618943,1.4442382,1.3348932,-4.32966
3474,2026-05-11 16:17:20.627862,1.5169178,1.8222406,2.1618943,1.6655241,1.6285667,-4.498259
3475,2026-05-11 16:17:20.630648,1.5169178,1.8222406,2.1618943,1.6655241,1.6285667,-4.498259
3476,2026-05-11 16:17:20.633739,1.5169178,1.8222406,2.1618943,1.6655241,1.6285667,-4.498259
3477,2026-05-11 16:17:20.636482,1.5169178,1.8222406,2.1618943,1.6655241,1.6285667,-4.498259
3478,2026-05-11 16:17:20.639095,1.5169178,1.8222406,2.1618943,1.6655241,1.6285667,-4.498259
3479,2026-05-11 16:17:20.641887,1.5169178,1.8222406,2.1618943,1.6655241,1.6285667,-4.498259
3480,2026-05-11 16:17:20.644491,1.5169178,1.8222406,2.1618943,1.6655241,1.6285667,-4.498259
3481,2026-05-11 16:17:20.647214,1.5169178,1.8222406,2.1618943,2.2886066,1.8246545,-4.5194864
3482,2026-05-11 16:17:20.650328,1.4975873,1.6379005,2.3380632,3.0631838,1.8321376,-4.560109
3483,2026-05-11 16:17:20.653221,1.9815791,1.2667812,2.6544843,4.0508003,1.7962493,-4.732373
3484,2026-05-11 16:17:20.655883,1.9815791,1.2667812,2.6544843,4.0508003,1.7962493,-4.732373
3485,2026-05-11 16:17:20.658467,1.9815791,1.2667812,2.6544843,4.0508003,1.7962493,-4.732373
3486,2026-05-11 16:17:20.661281,1.9815791,1.2667812,2.6544843,4.0508003,1.7962493,-4.732373
3487,2026-05-11 16:17:20.663971,1.9815791,1.2667812,2.6544843,4.0508003,1.7962493,-4.732373
3488,2026-05-11 16:17:20.667410,2.3853831,0.82614577,2.6475935,5.6900573,1.7679968,-5.178152
3489,2026-05-11 16:17:20.670188,2.4678879,0.49594358,2.4961212,5.6900573,1.7679968,-5.178152
3490,2026-05-11 16:17:20.672895,2.4678879,0.49594358,2.4961212,6.9774556,1.5418239,-5.649587
3491,2026-05-11 16:17:20.675537,2.4678879,0.49594358,2.4961212,6.9774556,1.5418239,-5.649587
3492,2026-05-11 16:17:20.678257,2.3165376,0.16061912,2.1752489,7.8198385,1.2800682,-5.944635
3493,2026-05-11 16:17:20.681020,2.3165376,0.16061912,2.1752489,7.8198385,1.2800682,-5.944635
