id,timestamp,acc_x,acc_y,acc_z,gyro_x,gyro_y,gyro_z
1,2026-05-11 16:19:00.798614,0.85279363,-0.18458393,0.47813767,0.21685717,0.28160888,0.38621956
2,2026-05-11 16:19:00.808928,0.9487139,-0.15452121,0.56478906,0.19211712,0.3462079,0.22327125
3,2026-05-11 16:19:00.812120,0.9487139,-0.15452121,0.56478906,0.19211712,0.3462079,0.22327125
4,2026-05-11 16:19:00.814941,0.9487139,-0.15452121,0.56478906,0.19211712,0.3462079,0.22327125
5,2026-05-11 16:19:00.817867,0.9487139,-0.15452121,0.56478906,0.19211712,0.3462079,0.22327125
6,2026-05-11 16:19:00.821245,0.9487139,-0.15452121,0.56478906,0.19211712,0.3462079,0.22327125
7,2026-05-11 16:19:00.824111,0.9487139,-0.15452121,0.56478906,0.19211712,0.3462079,0.22327125
8,2026-05-11 16:19:00.826783,0.9487139,-0.15452121,0.56478906,0.19211712,0.3462079,0.22327125
9,2026-05-11 16:19:00.829555,0.9487139,-0.15452121,0.56478906,0.19211712,0.3462079,0.22327125
10,2026-05-11 16:19:00.832162,0.9487139,-0.15452121,0.56478906,0.19211712,0.3462079,0.22327125
11,2026-05-11 16:19:00.835045,0.9487139,-0.15452121,0.56478906,0.19211712,0.3462079,0.22327125
12,2026-05-11 16:19:00.838179,0.9487139,-0.15452121,0.56478906,0.19211712,0.3462079,0.22327125
13,2026-05-11 16:19:00.840912,0.9487139,-0.15452121,0.56478906,0.19211712,0.3462079,0.22327125
14,2026-05-11 16:19:00.843519,0.9487139,-0.15452121,0.56478906,0.19211712,0.3462079,0.22327125
15,2026-05-11 16:19:00.846094,0.9487139,-0.15452121,0.56478906,0.19211712,0.3462079,0.22327125
16,2026-05-11 16:19:00.848718,0.9487139,-0.15452121,0.56478906,0.19211712,0.3462079,0.22327125
17,2026-05-11 16:19:00.851248,0.9487139,-0.15452121,0.56478906,0.19211712,0.3462079,0.22327125
18,2026-05-11 16:19:00.854475,0.9487139,-0.15452121,0.56478906,0.19211712,0.3462079,0.22327125
19,2026-05-11 16:19:00.857228,0.9487139,-0.15452121,0.56478906,0.19211712,0.3462079,0.22327125
20,2026-05-11 16:19:00.859786,0.9487139,-0.15452121,0.56478906,0.19211712,0.3462079,0.22327125
21,2026-05-11 16:19:00.862382,0.9487139,-0.15452121,0.56478906,0.19211712,0.3462079,0.22327125
22,2026-05-11 16:19:00.865032,0.9487139,-0.15452121,0.56478906,0.19211712,0.3462079,0.22327125
23,2026-05-11 16:19:00.867583,0.9487139,-0.15452121,0.56478906,0.19211712,0.3462079,0.22327125
24,2026-05-11 16:19:00.870800,0.9487139,-0.15452121,0.56478906,0.19211712,0.3462079,0.22327125
25,2026-05-11 16:19:00.873489,0.9487139,-0.15452121,0.56478906,0.19211712,0.3462079,0.22327125
26,2026-05-11 16:19:00.876052,0.9487139,-0.15452121,0.56478906,0.19211712,0.3462079,0.22327125
27,2026-05-11 16:19:00.878827,0.9487139,-0.15452121,0.56478906,0.19211712,0.3462079,0.22327125
28,2026-05-11 16:19:00.881433,0.9487139,-0.15452121,0.56478906,0.19211712,0.3462079,0.22327125
29,2026-05-11 16:19:00.884050,0.9487139,-0.15452121,0.56478906,0.19211712,0.3462079,0.22327125
30,2026-05-11 16:19:00.887128,0.9487139,-0.15452121,0.56478906,0.19211712,0.3462079,0.22327125
31,2026-05-11 16:19:00.889797,0.9487139,-0.15452121,0.56478906,0.19211712,0.3462079,0.22327125
32,2026-05-11 16:19:00.892706,0.9487139,-0.15452121,0.56478906,0.19211712,0.3462079,0.22327125
33,2026-05-11 16:19:00.895314,0.9487139,-0.15452121,0.56478906,0.19211712,0.3462079,0.22327125
34,2026-05-11 16:19:00.897890,0.9487139,-0.15452121,0.56478906,0.19211712,0.3462079,0.22327125
35,2026-05-11 16:19:00.900594,0.9487139,-0.15452121,0.56478906,0.19211712,0.3462079,0.22327125
36,2026-05-11 16:19:00.903815,0.9487139,-0.15452121,0.56478906,0.19211712,0.3462079,0.22327125
37,2026-05-11 16:19:00.906606,0.9487139,-0.15452121,0.56478906,0.19211712,0.3462079,0.22327125
38,2026-05-11 16:19:00.909212,0.9487139,-0.15452121,0.56478906,0.19211712,0.3462079,0.22327125
39,2026-05-11 16:19:00.911765,0.9487139,-0.15452121,0.56478906,0.19211712,0.3462079,0.22327125
40,2026-05-11 16:19:00.915040,0.9487139,-0.15452121,0.56478906,0.19211712,0.3462079,0.22327125
41,2026-05-11 16:19:00.917829,0.9487139,-0.15452121,0.56478906,0.19211712,0.3462079,0.22327125
42,2026-05-11 16:19:00.921001,0.9487139,-0.15452121,0.56478906,0.19211712,0.3462079,0.22327125
43,2026-05-11 16:19:00.923742,0.9487139,-0.15452121,0.56478906,0.19211712,0.3462079,0.22327125
44,2026-05-11 16:19:00.926374,0.9487139,-0.15452121,0.56478906,0.19211712,0.3462079,0.22327125
45,2026-05-11 16:19:00.928954,0.9487139,-0.15452121,0.56478906,0.19211712,0.3462079,0.22327125
46,2026-05-11 16:19:00.931510,0.9487139,-0.15452121,0.56478906,0.19211712,0.3462079,0.22327125
47,2026-05-11 16:19:00.934044,0.9487139,-0.15452121,0.56478906,0.19211712,0.3462079,0.22327125
48,2026-05-11 16:19:00.937082,0.9487139,-0.15452121,0.56478906,0.19211712,0.3462079,0.22327125
49,2026-05-11 16:19:00.939795,0.9487139,-0.15452121,0.56478906,0.19211712,0.3462079,0.22327125
50,2026-05-11 16:19:00.942362,0.9487139,-0.15452121,0.56478906,0.19211712,0.3462079,0.22327125
51,2026-05-11 16:19:00.945087,0.9487139,-0.15452121,0.56478906,0.19211712,0.3462079,0.22327125
52,2026-05-11 16:19:00.947642,0.9487139,-0.15452121,0.56478906,0.19211712,0.3462079,0.22327125
53,2026-05-11 16:19:00.950450,0.9487139,-0.15452121,0.56478906,0.19211712,0.3462079,0.22327125
54,2026-05-11 16:19:00.953780,0.9487139,-0.15452121,0.56478906,0.19211712,0.3462079,0.22327125
55,2026-05-11 16:19:00.956555,0.9487139,-0.15452121,0.56478906,0.19211712,0.3462079,0.22327125
56,2026-05-11 16:19:00.959193,0.9487139,-0.15452121,0.56478906,0.19211712,0.3462079,0.22327125
57,2026-05-11 16:19:00.961925,0.9487139,-0.15452121,0.56478906,0.19211712,0.3462079,0.22327125
58,2026-05-11 16:19:00.964530,0.9487139,-0.15452121,0.56478906,0.19211712,0.3462079,0.22327125
59,2026-05-11 16:19:00.967079,0.9487139,-0.15452121,0.56478906,0.19211712,0.3462079,0.22327125
60,2026-05-11 16:19:00.970194,0.9487139,-0.15452121,0.56478906,0.19211712,0.3462079,0.22327125
61,2026-05-11 16:19:00.972899,0.9487139,-0.15452121,0.56478906,0.19211712,0.3462079,0.22327125
62,2026-05-11 16:19:00.975522,0.9487139,-0.15452121,0.56478906,0.19211712,0.3462079,0.22327125
63,2026-05-11 16:19:00.978217,0.9487139,-0.15452121,0.56478906,0.19211712,0.3462079,0.22327125
64,2026-05-11 16:19:00.980812,0.9487139,-0.15452121,0.56478906,0.19211712,0.3462079,0.22327125
65,2026-05-11 16:19:00.983659,0.9487139,-0.15452121,0.56478906,0.19211712,0.3462079,0.22327125
66,2026-05-11 16:19:00.986316,0.9487139,-0.15452121,0.56478906,0.19211712,0.3462079,0.22327125
67,2026-05-11 16:19:00.989817,0.9487139,-0.15452121,0.56478906,0.19211712,0.3462079,0.22327125
68,2026-05-11 16:19:00.992622,0.9487139,-0.15452121,0.56478906,0.19211712,0.3462079,0.22327125
69,2026-05-11 16:19:00.995229,0.9487139,-0.15452121,0.56478906,0.19211712,0.3462079,0.22327125
70,2026-05-11 16:19:00.997821,0.9487139,-0.15452121,0.56478906,0.19211712,0.3462079,0.22327125
71,2026-05-11 16:19:01.000510,0.9487139,-0.15452121,0.56478906,0.19211712,0.3462079,0.22327125
72,2026-05-11 16:19:01.003336,0.9487139,-0.15452121,0.56478906,0.19211712,0.3462079,0.22327125
73,2026-05-11 16:19:01.006774,0.9487139,-0.15452121,0.56478906,0.19211712,0.3462079,0.22327125
74,2026-05-11 16:19:01.009673,0.9487139,-0.15452121,0.56478906,0.19211712,0.3462079,0.22327125
75,2026-05-11 16:19:01.012368,0.9487139,-0.15452121,0.56478906,0.19211712,0.3462079,0.22327125
76,2026-05-11 16:19:01.014949,0.9487139,-0.15452121,0.56478906,0.19211712,0.3462079,0.22327125
77,2026-05-11 16:19:01.017610,0.9487139,-0.15452121,0.56478906,0.19211712,0.3462079,0.22327125
78,2026-05-11 16:19:01.020500,0.9487139,-0.15452121,0.56478906,0.19211712,0.3462079,0.22327125
79,2026-05-11 16:19:01.023280,0.9487139,-0.15452121,0.56478906,0.19211712,0.3462079,0.22327125
80,2026-05-11 16:19:01.025987,0.91212636,-0.13830076,0.55344695,0.258396,0.24419338,0.06093381
81,2026-05-11 16:19:01.028555,0.91212636,-0.13830076,0.55344695,0.258396,0.24419338,0.06093381
82,2026-05-11 16:19:01.031405,0.91212636,-0.13830076,0.55344695,0.258396,0.24419338,0.06093381
83,2026-05-11 16:19:01.034012,0.91212636,-0.13830076,0.55344695,0.258396,0.24419338,0.06093381
84,2026-05-11 16:19:01.037098,0.91212636,-0.13830076,0.55344695,0.258396,0.24419338,0.06093381
85,2026-05-11 16:19:01.039973,0.91212636,-0.13830076,0.55344695,0.258396,0.24419338,0.06093381
86,2026-05-11 16:19:01.042611,0.91212636,-0.13830076,0.55344695,0.258396,0.24419338,0.06093381
87,2026-05-11 16:19:01.045160,0.91212636,-0.13830076,0.55344695,0.258396,0.24419338,0.06093381
88,2026-05-11 16:19:01.047795,0.91212636,-0.13830076,0.55344695,0.258396,0.24419338,0.06093381
89,2026-05-11 16:19:01.050326,0.91212636,-0.13830076,0.55344695,0.258396,0.24419338,0.06093381
90,2026-05-11 16:19:01.053345,0.91212636,-0.13830076,0.55344695,0.258396,0.24419338,0.06093381
91,2026-05-11 16:19:01.056069,0.91212636,-0.13830076,0.55344695,0.258396,0.24419338,0.06093381
92,2026-05-11 16:19:01.058618,0.91212636,-0.13830076,0.55344695,0.258396,0.24419338,0.06093381
93,2026-05-11 16:19:01.061190,0.91212636,-0.13830076,0.55344695,0.258396,0.24419338,0.06093381
94,2026-05-11 16:19:01.063999,0.91212636,-0.13830076,0.55344695,0.258396,0.24419338,0.06093381
95,2026-05-11 16:19:01.066617,0.91212636,-0.13830076,0.55344695,0.258396,0.24419338,0.06093381
96,2026-05-11 16:19:01.069609,0.91212636,-0.13830076,0.55344695,0.258396,0.24419338,0.06093381
97,2026-05-11 16:19:01.072634,0.91212636,-0.13830076,0.55344695,0.258396,0.24419338,0.06093381
98,2026-05-11 16:19:01.075272,0.91212636,-0.13830076,0.55344695,0.258396,0.24419338,0.06093381
99,2026-05-11 16:19:01.078070,0.91212636,-0.13830076,0.55344695,0.258396,0.24419338,0.06093381
100,2026-05-11 16:19:01.080683,0.91212636,-0.13830076,0.55344695,0.258396,0.24419338,0.06093381
101,2026-05-11 16:19:01.083348,0.91212636,-0.13830076,0.55344695,0.258396,0.24419338,0.06093381
102,2026-05-11 16:19:01.086435,0.91212636,-0.13830076,0.55344695,0.258396,0.24419338,0.06093381
103,2026-05-11 16:19:01.089189,0.91212636,-0.13830076,0.55344695,0.258396,0.24419338,0.06093381
104,2026-05-11 16:19:01.091790,0.91212636,-0.13830076,0.55344695,0.258396,0.24419338,0.06093381
105,2026-05-11 16:19:01.094328,0.91212636,-0.13830076,0.55344695,0.258396,0.24419338,0.06093381
106,2026-05-11 16:19:01.096891,0.91212636,-0.13830076,0.55344695,0.258396,0.24419338,0.06093381
107,2026-05-11 16:19:01.099671,0.91212636,-0.13830076,0.55344695,0.258396,0.24419338,0.06093381
108,2026-05-11 16:19:01.102303,0.91212636,-0.13830076,0.55344695,0.258396,0.24419338,0.06093381
109,2026-05-11 16:19:01.105907,0.91212636,-0.13830076,0.55344695,0.258396,0.24419338,0.06093381
110,2026-05-11 16:19:01.108547,0.91212636,-0.13830076,0.55344695,0.258396,0.24419338,0.06093381
111,2026-05-11 16:19:01.111136,0.91212636,-0.13830076,0.55344695,0.258396,0.24419338,0.06093381
112,2026-05-11 16:19:01.113869,0.91212636,-0.13830076,0.55344695,0.258396,0.24419338,0.06093381
113,2026-05-11 16:19:01.116398,0.91212636,-0.13830076,0.55344695,0.258396,0.24419338,0.06093381
114,2026-05-11 16:19:01.119546,0.91212636,-0.13830076,0.55344695,0.258396,0.24419338,0.06093381
115,2026-05-11 16:19:01.122495,0.91212636,-0.13830076,0.55344695,0.258396,0.24419338,0.06093381
116,2026-05-11 16:19:01.125151,0.91212636,-0.13830076,0.55344695,0.258396,0.24419338,0.06093381
117,2026-05-11 16:19:01.127758,0.91212636,-0.13830076,0.55344695,0.258396,0.24419338,0.06093381
118,2026-05-11 16:19:01.130530,0.91212636,-0.13830076,0.55344695,0.258396,0.24419338,0.06093381
119,2026-05-11 16:19:01.133086,0.91212636,-0.13830076,0.55344695,0.258396,0.24419338,0.06093381
120,2026-05-11 16:19:01.136077,0.91212636,-0.13830076,0.55344695,0.258396,0.24419338,0.06093381
121,2026-05-11 16:19:01.138786,0.91212636,-0.13830076,0.55344695,0.258396,0.24419338,0.06093381
122,2026-05-11 16:19:01.141386,0.91212636,-0.13830076,0.55344695,0.258396,0.24419338,0.06093381
123,2026-05-11 16:19:01.144008,0.91212636,-0.13830076,0.55344695,0.258396,0.24419338,0.06093381
124,2026-05-11 16:19:01.146579,0.91212636,-0.13830076,0.55344695,0.258396,0.24419338,0.06093381
125,2026-05-11 16:19:01.149301,0.91212636,-0.13830076,0.55344695,0.258396,0.24419338,0.06093381
126,2026-05-11 16:19:01.151964,0.91212636,-0.13830076,0.55344695,0.258396,0.24419338,0.06093381
127,2026-05-11 16:19:01.155238,0.91212636,-0.13830076,0.55344695,0.258396,0.24419338,0.06093381
128,2026-05-11 16:19:01.157950,0.91212636,-0.13830076,0.55344695,0.258396,0.24419338,0.06093381
129,2026-05-11 16:19:01.160629,0.91212636,-0.13830076,0.55344695,0.258396,0.24419338,0.06093381
130,2026-05-11 16:19:01.163191,0.91212636,-0.13830076,0.55344695,0.258396,0.24419338,0.06093381
131,2026-05-11 16:19:01.165943,0.91212636,-0.13830076,0.55344695,0.258396,0.24419338,0.06093381
132,2026-05-11 16:19:01.168597,0.91212636,-0.13830076,0.55344695,0.258396,0.24419338,0.06093381
133,2026-05-11 16:19:01.171790,0.91212636,-0.13830076,0.55344695,0.258396,0.24419338,0.06093381
134,2026-05-11 16:19:01.174592,0.91212636,-0.13830076,0.55344695,0.258396,0.24419338,0.06093381
135,2026-05-11 16:19:01.177146,0.91212636,-0.13830076,0.55344695,0.258396,0.24419338,0.06093381
136,2026-05-11 16:19:01.179766,0.91212636,-0.13830076,0.55344695,0.258396,0.24419338,0.06093381
137,2026-05-11 16:19:01.182502,0.91212636,-0.13830076,0.55344695,0.258396,0.24419338,0.06093381
138,2026-05-11 16:19:01.185176,0.91212636,-0.13830076,0.55344695,0.29733866,0.041080687,-0.04016439
139,2026-05-11 16:19:01.188267,0.91212636,-0.13830076,0.55344695,0.29733866,0.041080687,-0.04016439
140,2026-05-11 16:19:01.190967,0.91212636,-0.13830076,0.55344695,0.29733866,0.041080687,-0.04016439
141,2026-05-11 16:19:01.193539,0.91212636,-0.13830076,0.55344695,0.29733866,0.041080687,-0.04016439
142,2026-05-11 16:19:01.196284,0.91212636,-0.13830076,0.55344695,0.29733866,0.041080687,-0.04016439
143,2026-05-11 16:19:01.198868,0.91212636,-0.13830076,0.55344695,0.29733866,0.041080687,-0.04016439
144,2026-05-11 16:19:01.201463,0.91212636,-0.13830076,0.55344695,0.29733866,0.041080687,-0.04016439
145,2026-05-11 16:19:01.204319,0.91212636,-0.13830076,0.55344695,0.29733866,0.041080687,-0.04016439
146,2026-05-11 16:19:01.207130,0.91212636,-0.13830076,0.55344695,0.29733866,0.041080687,-0.04016439
147,2026-05-11 16:19:01.209710,0.91212636,-0.13830076,0.55344695,0.29733866,0.041080687,-0.04016439
148,2026-05-11 16:19:01.212270,0.91212636,-0.13830076,0.55344695,0.29733866,0.041080687,-0.04016439
149,2026-05-11 16:19:01.215029,0.91212636,-0.13830076,0.55344695,0.29733866,0.041080687,-0.04016439
150,2026-05-11 16:19:01.217633,0.91212636,-0.13830076,0.55344695,0.29733866,0.041080687,-0.04016439
151,2026-05-11 16:19:01.220487,0.91212636,-0.13830076,0.55344695,0.29733866,0.041080687,-0.04016439
152,2026-05-11 16:19:01.223273,0.91212636,-0.13830076,0.55344695,0.29733866,0.041080687,-0.04016439
153,2026-05-11 16:19:01.225827,0.91212636,-0.13830076,0.55344695,0.29733866,0.041080687,-0.04016439
154,2026-05-11 16:19:01.228394,0.91212636,-0.13830076,0.55344695,0.29733866,0.041080687,-0.04016439
155,2026-05-11 16:19:01.231160,0.91212636,-0.13830076,0.55344695,0.29733866,0.041080687,-0.04016439
156,2026-05-11 16:19:01.233832,0.91212636,-0.13830076,0.55344695,0.29733866,0.041080687,-0.04016439
157,2026-05-11 16:19:01.237497,0.91212636,-0.13830076,0.55344695,0.29733866,0.041080687,-0.04016439
158,2026-05-11 16:19:01.240419,0.91212636,-0.13830076,0.55344695,0.29733866,0.041080687,-0.04016439
159,2026-05-11 16:19:01.243134,0.91212636,-0.13830076,0.55344695,0.29733866,0.041080687,-0.04016439
160,2026-05-11 16:19:01.245775,0.799132,-0.12634884,0.456673,0.29733866,0.041080687,-0.04016439
161,2026-05-11 16:19:01.248449,0.799132,-0.12634884,0.456673,0.29733866,0.041080687,-0.04016439
162,2026-05-11 16:19:01.251013,0.799132,-0.12634884,0.456673,0.29733866,0.041080687,-0.04016439
163,2026-05-11 16:19:01.254189,0.799132,-0.12634884,0.456673,0.29733866,0.041080687,-0.04016439
164,2026-05-11 16:19:01.256896,0.799132,-0.12634884,0.456673,0.29733866,0.041080687,-0.04016439
165,2026-05-11 16:19:01.259476,0.799132,-0.12634884,0.456673,0.29733866,0.041080687,-0.04016439
166,2026-05-11 16:19:01.262210,0.799132,-0.12634884,0.456673,0.29733866,0.041080687,-0.04016439
167,2026-05-11 16:19:01.264817,0.799132,-0.12634884,0.456673,0.29733866,0.041080687,-0.04016439
168,2026-05-11 16:19:01.267699,0.799132,-0.12634884,0.456673,0.29733866,0.041080687,-0.04016439
169,2026-05-11 16:19:01.270791,0.799132,-0.12634884,0.456673,0.29733866,0.041080687,-0.04016439
170,2026-05-11 16:19:01.273554,0.799132,-0.12634884,0.456673,0.29733866,0.041080687,-0.04016439
171,2026-05-11 16:19:01.276121,0.799132,-0.12634884,0.456673,0.29733866,0.041080687,-0.04016439
172,2026-05-11 16:19:01.278659,0.799132,-0.12634884,0.456673,0.29733866,0.041080687,-0.04016439
173,2026-05-11 16:19:01.281139,0.799132,-0.12634884,0.456673,0.29733866,0.041080687,-0.04016439
174,2026-05-11 16:19:01.283880,0.799132,-0.12634884,0.456673,0.29733866,0.041080687,-0.04016439
175,2026-05-11 16:19:01.286726,0.799132,-0.12634884,0.456673,0.29733866,0.041080687,-0.04016439
176,2026-05-11 16:19:01.289365,0.799132,-0.12634884,0.456673,0.29733866,0.041080687,-0.04016439
177,2026-05-11 16:19:01.292040,0.799132,-0.12634884,0.456673,0.29733866,0.041080687,-0.04016439
178,2026-05-11 16:19:01.294544,0.799132,-0.12634884,0.456673,0.29733866,0.041080687,-0.04016439
179,2026-05-11 16:19:01.297131,0.799132,-0.12634884,0.456673,0.29733866,0.041080687,-0.04016439
180,2026-05-11 16:19:01.299611,0.799132,-0.12634884,0.456673,0.29733866,0.041080687,-0.04016439
181,2026-05-11 16:19:01.302313,0.799132,-0.12634884,0.456673,0.29733866,0.041080687,-0.04016439
182,2026-05-11 16:19:01.305308,0.799132,-0.12634884,0.456673,0.29733866,0.041080687,-0.04016439
183,2026-05-11 16:19:01.307831,0.799132,-0.12634884,0.456673,0.29733866,0.041080687,-0.04016439
184,2026-05-11 16:19:01.310347,0.799132,-0.12634884,0.456673,0.29733866,0.041080687,-0.04016439
185,2026-05-11 16:19:01.312946,0.799132,-0.12634884,0.456673,0.29733866,0.041080687,-0.04016439
186,2026-05-11 16:19:01.315536,0.799132,-0.12634884,0.456673,0.29733866,0.041080687,-0.04016439
187,2026-05-11 16:19:01.318076,0.799132,-0.12634884,0.456673,0.29733866,0.041080687,-0.04016439
188,2026-05-11 16:19:01.321058,0.799132,-0.12634884,0.456673,0.29733866,0.041080687,-0.04016439
189,2026-05-11 16:19:01.323699,0.799132,-0.12634884,0.456673,0.29733866,0.041080687,-0.04016439
190,2026-05-11 16:19:01.326353,0.799132,-0.12634884,0.456673,0.29733866,0.041080687,-0.04016439
191,2026-05-11 16:19:01.328917,0.799132,-0.12634884,0.456673,0.29733866,0.041080687,-0.04016439
192,2026-05-11 16:19:01.331483,0.799132,-0.12634884,0.456673,0.29733866,0.041080687,-0.04016439
193,2026-05-11 16:19:01.334150,0.799132,-0.12634884,0.456673,0.29733866,0.041080687,-0.04016439
194,2026-05-11 16:19:01.337269,0.799132,-0.12634884,0.456673,0.29733866,0.041080687,-0.04016439
195,2026-05-11 16:19:01.340104,0.799132,-0.12634884,0.456673,0.29733866,0.041080687,-0.04016439
196,2026-05-11 16:19:01.342821,0.799132,-0.12634884,0.456673,0.29733866,0.041080687,-0.04016439
197,2026-05-11 16:19:01.345468,0.799132,-0.12634884,0.456673,0.29733866,0.041080687,-0.04016439
198,2026-05-11 16:19:01.348022,0.799132,-0.12634884,0.456673,0.29733866,0.041080687,-0.04016439
199,2026-05-11 16:19:01.350598,0.799132,-0.12634884,0.456673,0.29733866,0.041080687,-0.04016439
200,2026-05-11 16:19:01.353525,0.799132,-0.12634884,0.456673,0.29733866,0.041080687,-0.04016439
201,2026-05-11 16:19:01.356258,0.799132,-0.12634884,0.456673,0.29733866,0.041080687,-0.04016439
202,2026-05-11 16:19:01.358974,0.799132,-0.12634884,0.456673,0.29733866,0.041080687,-0.04016439
203,2026-05-11 16:19:01.361547,0.799132,-0.12634884,0.456673,0.29733866,0.041080687,-0.04016439
204,2026-05-11 16:19:01.364487,0.799132,-0.12634884,0.456673,0.29733866,0.041080687,-0.04016439
205,2026-05-11 16:19:01.367127,0.799132,-0.12634884,0.456673,0.29733866,0.041080687,-0.04016439
206,2026-05-11 16:19:01.370264,0.799132,-0.12634884,0.456673,0.29733866,0.041080687,-0.04016439
207,2026-05-11 16:19:01.373165,0.7213836,-0.1009815,0.28989497,0.02687807,-0.40301836,-0.1611157
208,2026-05-11 16:19:01.375905,0.7213836,-0.1009815,0.28989497,0.02687807,-0.40301836,-0.1611157
209,2026-05-11 16:19:01.378465,0.7213836,-0.1009815,0.28989497,0.02687807,-0.40301836,-0.1611157
210,2026-05-11 16:19:01.381228,0.7213836,-0.1009815,0.28989497,0.02687807,-0.40301836,-0.1611157
211,2026-05-11 16:19:01.383795,0.7213836,-0.1009815,0.28989497,0.02687807,-0.40301836,-0.1611157
212,2026-05-11 16:19:01.386850,0.7213836,-0.1009815,0.28989497,0.02687807,-0.40301836,-0.1611157
213,2026-05-11 16:19:01.389643,0.7213836,-0.1009815,0.28989497,0.02687807,-0.40301836,-0.1611157
214,2026-05-11 16:19:01.392238,0.7213836,-0.1009815,0.28989497,0.02687807,-0.40301836,-0.1611157
215,2026-05-11 16:19:01.394920,0.7213836,-0.1009815,0.28989497,0.02687807,-0.40301836,-0.1611157
216,2026-05-11 16:19:01.397471,0.7213836,-0.1009815,0.28989497,0.02687807,-0.40301836,-0.1611157
217,2026-05-11 16:19:01.400179,0.7213836,-0.1009815,0.28989497,0.02687807,-0.40301836,-0.1611157
218,2026-05-11 16:19:01.403237,0.7213836,-0.1009815,0.28989497,0.02687807,-0.40301836,-0.1611157
219,2026-05-11 16:19:01.406001,0.7213836,-0.1009815,0.28989497,0.02687807,-0.40301836,-0.1611157
220,2026-05-11 16:19:01.408556,0.7213836,-0.1009815,0.28989497,0.02687807,-0.40301836,-0.1611157
221,2026-05-11 16:19:01.411290,0.7213836,-0.1009815,0.28989497,0.02687807,-0.40301836,-0.1611157
222,2026-05-11 16:19:01.413877,0.7213836,-0.1009815,0.28989497,0.02687807,-0.40301836,-0.1611157
223,2026-05-11 16:19:01.416631,0.7213836,-0.1009815,0.28989497,0.02687807,-0.40301836,-0.1611157
224,2026-05-11 16:19:01.419598,0.7213836,-0.1009815,0.28989497,0.02687807,-0.40301836,-0.1611157
225,2026-05-11 16:19:01.422706,0.7213836,-0.1009815,0.28989497,0.02687807,-0.40301836,-0.1611157
226,2026-05-11 16:19:01.425294,0.7213836,-0.1009815,0.28989497,0.02687807,-0.40301836,-0.1611157
227,2026-05-11 16:19:01.428038,0.7213836,-0.1009815,0.28989497,0.02687807,-0.40301836,-0.1611157
228,2026-05-11 16:19:01.430803,0.690711,-0.14098383,0.27702835,0.02687807,-0.40301836,-0.1611157
229,2026-05-11 16:19:01.433389,0.690711,-0.14098383,0.27702835,0.02687807,-0.40301836,-0.1611157
230,2026-05-11 16:19:01.436313,0.690711,-0.14098383,0.27702835,-0.34498614,-0.3933972,-0.23472497
231,2026-05-11 16:19:01.439244,0.690711,-0.14098383,0.27702835,-0.34498614,-0.3933972,-0.23472497
232,2026-05-11 16:19:01.441826,0.690711,-0.14098383,0.27702835,-0.34498614,-0.3933972,-0.23472497
233,2026-05-11 16:19:01.444547,0.690711,-0.14098383,0.27702835,-0.34498614,-0.3933972,-0.23472497
234,2026-05-11 16:19:01.447183,0.690711,-0.14098383,0.27702835,-0.34498614,-0.3933972,-0.23472497
235,2026-05-11 16:19:01.449823,0.690711,-0.14098383,0.27702835,-0.34498614,-0.3933972,-0.23472497
236,2026-05-11 16:19:01.452847,0.690711,-0.14098383,0.27702835,-0.34498614,-0.3933972,-0.23472497
237,2026-05-11 16:19:01.455677,0.690711,-0.14098383,0.27702835,-0.34498614,-0.3933972,-0.23472497
238,2026-05-11 16:19:01.458233,0.690711,-0.14098383,0.27702835,-0.34498614,-0.3933972,-0.23472497
239,2026-05-11 16:19:01.460798,0.690711,-0.14098383,0.27702835,-0.34498614,-0.3933972,-0.23472497
240,2026-05-11 16:19:01.463564,0.690711,-0.14098383,0.27702835,-0.34498614,-0.3933972,-0.23472497
241,2026-05-11 16:19:01.466113,0.690711,-0.14098383,0.27702835,-0.34498614,-0.3933972,-0.23472497
242,2026-05-11 16:19:01.469032,0.690711,-0.14098383,0.27702835,-0.34498614,-0.3933972,-0.23472497
243,2026-05-11 16:19:01.472119,0.690711,-0.14098383,0.27702835,-0.34498614,-0.3933972,-0.23472497
244,2026-05-11 16:19:01.474728,0.690711,-0.14098383,0.27702835,-0.34498614,-0.3933972,-0.23472497
245,2026-05-11 16:19:01.477336,0.690711,-0.14098383,0.27702835,-0.34498614,-0.3933972,-0.23472497
246,2026-05-11 16:19:01.479905,0.690711,-0.14098383,0.27702835,-0.34498614,-0.3933972,-0.23472497
247,2026-05-11 16:19:01.482666,0.690711,-0.14098383,0.27702835,-0.34498614,-0.3933972,-0.23472497
248,2026-05-11 16:19:01.485260,0.690711,-0.14098383,0.27702835,-0.34498614,-0.3933972,-0.23472497
249,2026-05-11 16:19:01.488318,0.690711,-0.14098383,0.27702835,-0.34498614,-0.3933972,-0.23472497
250,2026-05-11 16:19:01.490933,0.690711,-0.14098383,0.27702835,-0.34498614,-0.3933972,-0.23472497
251,2026-05-11 16:19:01.493452,0.690711,-0.14098383,0.27702835,-0.34498614,-0.3933972,-0.23472497
252,2026-05-11 16:19:01.496438,0.690711,-0.14098383,0.27702835,-0.34498614,-0.3933972,-0.23472497
253,2026-05-11 16:19:01.499060,0.690711,-0.14098383,0.27702835,-0.34498614,-0.3933972,-0.23472497
254,2026-05-11 16:19:01.501805,0.6501599,-0.17122951,0.32251883,-0.5458081,-0.31138855,-0.27259862
255,2026-05-11 16:19:01.504777,0.6501599,-0.17122951,0.32251883,-0.5458081,-0.31138855,-0.27259862
256,2026-05-11 16:19:01.507406,0.6501599,-0.17122951,0.32251883,-0.5458081,-0.31138855,-0.27259862
257,2026-05-11 16:19:01.510181,0.6501599,-0.17122951,0.32251883,-0.5458081,-0.31138855,-0.27259862
258,2026-05-11 16:19:01.512876,0.6501599,-0.17122951,0.32251883,-0.5458081,-0.31138855,-0.27259862
259,2026-05-11 16:19:01.515787,0.6501599,-0.17122951,0.32251883,-0.5458081,-0.31138855,-0.27259862
260,2026-05-11 16:19:01.518602,0.6501599,-0.17122951,0.32251883,-0.5458081,-0.31138855,-0.27259862
261,2026-05-11 16:19:01.521567,0.6501599,-0.17122951,0.32251883,-0.5458081,-0.31138855,-0.27259862
262,2026-05-11 16:19:01.524200,0.6501599,-0.17122951,0.32251883,-0.5458081,-0.31138855,-0.27259862
263,2026-05-11 16:19:01.526802,0.6501599,-0.17122951,0.32251883,-0.5458081,-0.31138855,-0.27259862
264,2026-05-11 16:19:01.529382,0.6501599,-0.17122951,0.32251883,-0.5458081,-0.31138855,-0.27259862
265,2026-05-11 16:19:01.532137,0.6501599,-0.17122951,0.32251883,-0.5458081,-0.31138855,-0.27259862
266,2026-05-11 16:19:01.534804,0.6501599,-0.17122951,0.32251883,-0.5458081,-0.31138855,-0.27259862
267,2026-05-11 16:19:01.537986,0.6501599,-0.17122951,0.32251883,-0.5458081,-0.31138855,-0.27259862
268,2026-05-11 16:19:01.540731,0.6501599,-0.17122951,0.32251883,-0.5458081,-0.31138855,-0.27259862
269,2026-05-11 16:19:01.543427,0.6501599,-0.17122951,0.32251883,-0.5458081,-0.31138855,-0.27259862
270,2026-05-11 16:19:01.546019,0.6501599,-0.17122951,0.32251883,-0.5458081,-0.31138855,-0.27259862
271,2026-05-11 16:19:01.548787,0.6501599,-0.17122951,0.32251883,-0.5458081,-0.31138855,-0.27259862
272,2026-05-11 16:19:01.551756,0.6501599,-0.17122951,0.32251883,-0.5458081,-0.31138855,-0.27259862
273,2026-05-11 16:19:01.554821,0.6501599,-0.17122951,0.32251883,-0.6575964,-0.2817616,-0.27580565
274,2026-05-11 16:19:01.557680,0.6501599,-0.17122951,0.32251883,-0.6575964,-0.2817616,-0.27580565
275,2026-05-11 16:19:01.560279,0.6501599,-0.17122951,0.32251883,-0.6575964,-0.2817616,-0.27580565
276,2026-05-11 16:19:01.563074,0.6501599,-0.17122951,0.32251883,-0.6575964,-0.2817616,-0.27580565
277,2026-05-11 16:19:01.565722,0.6501599,-0.17122951,0.32251883,-0.6575964,-0.2817616,-0.27580565
278,2026-05-11 16:19:01.568341,0.6501599,-0.17122951,0.32251883,-0.6575964,-0.2817616,-0.27580565
279,2026-05-11 16:19:01.571385,0.6144871,-0.18360828,0.33941004,-0.6575964,-0.2817616,-0.27580565
280,2026-05-11 16:19:01.574166,0.6144871,-0.18360828,0.33941004,-0.6575964,-0.2817616,-0.27580565
281,2026-05-11 16:19:01.576761,0.6144871,-0.18360828,0.33941004,-0.6575964,-0.2817616,-0.27580565
282,2026-05-11 16:19:01.579460,0.6144871,-0.18360828,0.33941004,-0.6575964,-0.2817616,-0.27580565
283,2026-05-11 16:19:01.582033,0.6144871,-0.18360828,0.33941004,-0.6575964,-0.2817616,-0.27580565
284,2026-05-11 16:19:01.584642,0.6144871,-0.18360828,0.33941004,-0.6575964,-0.2817616,-0.27580565
285,2026-05-11 16:19:01.587635,0.6144871,-0.18360828,0.33941004,-0.6575964,-0.2817616,-0.27580565
286,2026-05-11 16:19:01.590507,0.6144871,-0.18360828,0.33941004,-0.6575964,-0.2817616,-0.27580565
287,2026-05-11 16:19:01.593284,0.6144871,-0.18360828,0.33941004,-0.6575964,-0.2817616,-0.27580565
288,2026-05-11 16:19:01.595901,0.6144871,-0.18360828,0.33941004,-0.6575964,-0.2817616,-0.27580565
289,2026-05-11 16:19:01.598593,0.6144871,-0.18360828,0.33941004,-0.6575964,-0.2817616,-0.27580565
290,2026-05-11 16:19:01.601173,0.6144871,-0.18360828,0.33941004,-0.6575964,-0.2817616,-0.27580565
291,2026-05-11 16:19:01.604297,0.6144871,-0.18360828,0.33941004,-0.6575964,-0.2817616,-0.27580565
292,2026-05-11 16:19:01.606990,0.6144871,-0.18360828,0.33941004,-0.6575964,-0.2817616,-0.27580565
293,2026-05-11 16:19:01.609576,0.6144871,-0.18360828,0.33941004,-0.6575964,-0.2817616,-0.27580565
294,2026-05-11 16:19:01.612365,0.6144871,-0.18360828,0.33941004,-0.6575964,-0.2817616,-0.27580565
295,2026-05-11 16:19:01.615085,0.6144871,-0.18360828,0.33941004,-0.6575964,-0.2817616,-0.27580565
296,2026-05-11 16:19:01.617870,0.6144871,-0.18360828,0.33941004,-0.6575964,-0.2817616,-0.27580565
297,2026-05-11 16:19:01.621202,0.6144871,-0.18360828,0.33941004,-0.6575964,-0.2817616,-0.27580565
298,2026-05-11 16:19:01.623957,0.6144871,-0.18360828,0.33941004,-0.6575964,-0.2817616,-0.27580565
299,2026-05-11 16:19:01.626689,0.5670453,-0.18251066,0.37477797,-0.6575964,-0.2817616,-0.27580565
300,2026-05-11 16:19:01.629470,0.5670453,-0.18251066,0.37477797,-0.6575964,-0.2817616,-0.27580565
301,2026-05-11 16:19:01.632052,0.5670453,-0.18251066,0.37477797,-0.6575964,-0.2817616,-0.27580565
302,2026-05-11 16:19:01.634690,0.5670453,-0.18251066,0.37477797,-0.6575964,-0.2817616,-0.27580565
303,2026-05-11 16:19:01.637779,0.5670453,-0.18251066,0.37477797,-0.6575964,-0.2817616,-0.27580565
304,2026-05-11 16:19:01.640422,0.5670453,-0.18251066,0.37477797,-0.6575964,-0.2817616,-0.27580565
305,2026-05-11 16:19:01.642975,0.5670453,-0.18251066,0.37477797,-0.6575964,-0.2817616,-0.27580565
306,2026-05-11 16:19:01.645713,0.5670453,-0.18251066,0.37477797,-0.6575964,-0.2817616,-0.27580565
307,2026-05-11 16:19:01.648300,0.5670453,-0.18251066,0.37477797,-0.6575964,-0.2817616,-0.27580565
308,2026-05-11 16:19:01.650871,0.5670453,-0.18251066,0.37477797,-0.6575964,-0.2817616,-0.27580565
309,2026-05-11 16:19:01.653743,0.5670453,-0.18251066,0.37477797,-0.6575964,-0.2817616,-0.27580565
310,2026-05-11 16:19:01.656381,0.5670453,-0.18251066,0.37477797,-0.6575964,-0.2817616,-0.27580565
311,2026-05-11 16:19:01.658931,0.5670453,-0.18251066,0.37477797,-0.6575964,-0.2817616,-0.27580565
312,2026-05-11 16:19:01.661707,0.5670453,-0.18251066,0.37477797,-0.6575964,-0.2817616,-0.27580565
313,2026-05-11 16:19:01.664290,0.5670453,-0.18251066,0.37477797,-0.6575964,-0.2817616,-0.27580565
314,2026-05-11 16:19:01.666852,0.5670453,-0.18251066,0.37477797,-0.6575964,-0.2817616,-0.27580565
315,2026-05-11 16:19:01.669830,0.5670453,-0.18251066,0.37477797,-0.6575964,-0.2817616,-0.27580565
316,2026-05-11 16:19:01.672521,0.5670453,-0.18251066,0.37477797,-0.6575964,-0.2817616,-0.27580565
317,2026-05-11 16:19:01.675078,0.5670453,-0.18251066,0.37477797,-0.6575964,-0.2817616,-0.27580565
318,2026-05-11 16:19:01.677647,0.5670453,-0.18251066,0.37477797,-0.6575964,-0.2817616,-0.27580565
319,2026-05-11 16:19:01.680205,0.5670453,-0.18251066,0.37477797,-0.6575964,-0.2817616,-0.27580565
320,2026-05-11 16:19:01.682728,0.5670453,-0.18251066,0.37477797,-0.6575964,-0.2817616,-0.27580565
321,2026-05-11 16:19:01.685862,0.5670453,-0.18251066,0.37477797,-0.6575964,-0.2817616,-0.27580565
322,2026-05-11 16:19:01.688661,0.5670453,-0.18251066,0.37477797,-0.80939645,-0.3277292,-0.23441954
323,2026-05-11 16:19:01.691408,0.5670453,-0.18251066,0.37477797,-0.80939645,-0.3277292,-0.23441954
324,2026-05-11 16:19:01.694014,0.5670453,-0.18251066,0.37477797,-0.80939645,-0.3277292,-0.23441954
325,2026-05-11 16:19:01.696569,0.5670453,-0.18251066,0.37477797,-0.80939645,-0.3277292,-0.23441954
326,2026-05-11 16:19:01.699145,0.5670453,-0.18251066,0.37477797,-0.80939645,-0.3277292,-0.23441954
327,2026-05-11 16:19:01.701945,0.5670453,-0.18251066,0.37477797,-0.80939645,-0.3277292,-0.23441954
328,2026-05-11 16:19:01.704847,0.5670453,-0.18251066,0.37477797,-0.80939645,-0.3277292,-0.23441954
329,2026-05-11 16:19:01.707480,0.5670453,-0.18251066,0.37477797,-0.80939645,-0.3277292,-0.23441954
330,2026-05-11 16:19:01.710073,0.5670453,-0.18251066,0.37477797,-0.80939645,-0.3277292,-0.23441954
331,2026-05-11 16:19:01.712630,0.5670453,-0.18251066,0.37477797,-0.80939645,-0.3277292,-0.23441954
332,2026-05-11 16:19:01.715559,0.5670453,-0.18251066,0.37477797,-0.80939645,-0.3277292,-0.23441954
333,2026-05-11 16:19:01.718190,0.5670453,-0.18251066,0.37477797,-0.80939645,-0.3277292,-0.23441954
334,2026-05-11 16:19:01.721256,0.5670453,-0.18251066,0.37477797,-0.80939645,-0.3277292,-0.23441954
335,2026-05-11 16:19:01.723902,0.5670453,-0.18251066,0.37477797,-0.80939645,-0.3277292,-0.23441954
336,2026-05-11 16:19:01.726486,0.5670453,-0.18251066,0.37477797,-0.80939645,-0.3277292,-0.23441954
337,2026-05-11 16:19:01.729296,0.5670453,-0.18251066,0.37477797,-0.80939645,-0.3277292,-0.23441954
338,2026-05-11 16:19:01.731879,0.5670453,-0.18251066,0.37477797,-0.80939645,-0.3277292,-0.23441954
339,2026-05-11 16:19:01.734729,0.5670453,-0.18251066,0.37477797,-0.80939645,-0.3277292,-0.23441954
340,2026-05-11 16:19:01.737960,0.5670453,-0.18251066,0.37477797,-0.80939645,-0.3277292,-0.23441954
341,2026-05-11 16:19:01.740647,0.5670453,-0.18251066,0.37477797,-0.80939645,-0.3277292,-0.23441954
342,2026-05-11 16:19:01.743219,0.5670453,-0.18251066,0.37477797,-0.80939645,-0.3277292,-0.23441954
343,2026-05-11 16:19:01.745984,0.5670453,-0.18251066,0.37477797,-0.80939645,-0.3277292,-0.23441954
344,2026-05-11 16:19:01.748544,0.5670453,-0.18251066,0.37477797,-0.80939645,-0.3277292,-0.23441954
345,2026-05-11 16:19:01.751105,0.5670453,-0.18251066,0.37477797,-0.80939645,-0.3277292,-0.23441954
346,2026-05-11 16:19:01.754158,0.5670453,-0.18251066,0.37477797,-0.80939645,-0.3277292,-0.23441954
347,2026-05-11 16:19:01.756829,0.5670453,-0.18251066,0.37477797,-0.80939645,-0.3277292,-0.23441954
348,2026-05-11 16:19:01.759407,0.5670453,-0.18251066,0.37477797,-0.80939645,-0.3277292,-0.23441954
349,2026-05-11 16:19:01.762141,0.5670453,-0.18251066,0.37477797,-0.80939645,-0.3277292,-0.23441954
350,2026-05-11 16:19:01.764734,0.5670453,-0.18251066,0.37477797,-0.80939645,-0.3277292,-0.23441954
351,2026-05-11 16:19:01.793988,0.80346155,0.11092111,0.8492569,-3.947106,0.2602286,3.3819027
352,2026-05-11 16:19:01.797509,0.80346155,0.11092111,0.8492569,-3.947106,0.2602286,3.3819027
353,2026-05-11 16:19:01.801269,0.80346155,0.11092111,0.8492569,-3.947106,0.2602286,3.3819027
354,2026-05-11 16:19:01.806873,0.80346155,0.11092111,0.8492569,-3.947106,0.2602286,3.3819027
355,2026-05-11 16:19:01.809665,0.80346155,0.11092111,0.8492569,-3.947106,0.2602286,3.3819027
356,2026-05-11 16:19:01.812291,0.80346155,0.11092111,0.8492569,-3.947106,0.2602286,3.3819027
357,2026-05-11 16:19:01.815035,0.80346155,0.11092111,0.8492569,-3.947106,0.2602286,3.3819027
358,2026-05-11 16:19:01.817618,0.80346155,0.11092111,0.8492569,-3.947106,0.2602286,3.3819027
359,2026-05-11 16:19:01.820733,0.80346155,0.11092111,0.8492569,-3.947106,0.2602286,3.3819027
360,2026-05-11 16:19:01.823652,0.80346155,0.11092111,0.8492569,-3.947106,0.2602286,3.3819027
361,2026-05-11 16:19:01.826260,0.80346155,0.11092111,0.8492569,-3.947106,0.2602286,3.3819027
362,2026-05-11 16:19:01.829051,1.0475001,0.1920234,0.39374247,-6.2544966,0.29978213,3.5214853
363,2026-05-11 16:19:01.831833,1.0475001,0.1920234,0.39374247,-6.2544966,0.29978213,3.5214853
364,2026-05-11 16:19:01.834632,1.3651406,0.19129165,0.18958424,-6.2544966,0.29978213,3.5214853
365,2026-05-11 16:19:01.837754,1.3651406,0.19129165,0.18958424,-6.2544966,0.29978213,3.5214853
366,2026-05-11 16:19:01.840634,1.3651406,0.19129165,0.18958424,-6.2544966,0.29978213,3.5214853
367,2026-05-11 16:19:01.843335,1.3651406,0.19129165,0.18958424,-6.2544966,0.29978213,3.5214853
368,2026-05-11 16:19:01.845922,1.3651406,0.19129165,0.18958424,-6.2544966,0.29978213,3.5214853
369,2026-05-11 16:19:01.848519,1.3651406,0.19129165,0.18958424,-6.2544966,0.29978213,3.5214853
370,2026-05-11 16:19:01.851054,1.3651406,0.19129165,0.18958424,-6.2544966,0.29978213,3.5214853
371,2026-05-11 16:19:01.854239,1.3651406,0.19129165,0.18958424,-6.2544966,0.29978213,3.5214853
372,2026-05-11 16:19:01.856972,1.3651406,0.19129165,0.18958424,-6.2544966,0.29978213,3.5214853
373,2026-05-11 16:19:01.859578,1.3651406,0.19129165,0.18958424,-6.2544966,0.29978213,3.5214853
374,2026-05-11 16:19:01.862255,1.3651406,0.19129165,0.18958424,-6.2544966,0.29978213,3.5214853
375,2026-05-11 16:19:01.864820,1.3651406,0.19129165,0.18958424,-6.2544966,0.29978213,3.5214853
376,2026-05-11 16:19:01.867572,1.3651406,0.19129165,0.18958424,-6.2544966,0.29978213,3.5214853
377,2026-05-11 16:19:01.870456,1.3651406,0.19129165,0.18958424,-6.2544966,0.29978213,3.5214853
378,2026-05-11 16:19:01.873310,1.3651406,0.19129165,0.18958424,-6.2544966,0.29978213,3.5214853
379,2026-05-11 16:19:01.875864,1.3651406,0.19129165,0.18958424,-6.2544966,0.29978213,3.5214853
380,2026-05-11 16:19:01.878383,1.3651406,0.19129165,0.18958424,-6.2544966,0.29978213,3.5214853
381,2026-05-11 16:19:01.880990,1.3651406,0.19129165,0.18958424,-6.2544966,0.29978213,3.5214853
382,2026-05-11 16:19:01.883581,1.3651406,0.19129165,0.18958424,-6.2544966,0.29978213,3.5214853
383,2026-05-11 16:19:01.886487,1.3651406,0.19129165,0.18958424,-6.2544966,0.29978213,3.5214853
384,2026-05-11 16:19:01.889330,1.3651406,0.19129165,0.18958424,-6.2544966,0.29978213,3.5214853
385,2026-05-11 16:19:01.892102,1.3651406,0.19129165,0.18958424,-6.2544966,0.29978213,3.5214853
386,2026-05-11 16:19:01.894859,1.3651406,0.19129165,0.18958424,-6.2544966,0.29978213,3.5214853
387,2026-05-11 16:19:01.897464,1.3651406,0.19129165,0.18958424,-6.2544966,0.29978213,3.5214853
388,2026-05-11 16:19:01.900175,1.3651406,0.19129165,0.18958424,-6.2544966,0.29978213,3.5214853
389,2026-05-11 16:19:01.903169,1.3651406,0.19129165,0.18958424,-6.2544966,0.29978213,3.5214853
390,2026-05-11 16:19:01.906026,1.3651406,0.19129165,0.18958424,-6.2544966,0.29978213,3.5214853
391,2026-05-11 16:19:01.908605,1.3651406,0.19129165,0.18958424,-6.2544966,0.29978213,3.5214853
392,2026-05-11 16:19:01.911285,1.3651406,0.19129165,0.18958424,-6.2544966,0.29978213,3.5214853
393,2026-05-11 16:19:01.913877,1.3651406,0.19129165,0.18958424,-6.2544966,0.29978213,3.5214853
394,2026-05-11 16:19:01.916704,1.6393639,0.0717115,0.21367101,-6.2544966,0.29978213,3.5214853
395,2026-05-11 16:19:01.920029,1.6393639,0.0717115,0.21367101,-6.2544966,0.29978213,3.5214853
396,2026-05-11 16:19:01.922883,1.6393639,0.0717115,0.21367101,-6.2544966,0.29978213,3.5214853
397,2026-05-11 16:19:01.925468,1.6393639,0.0717115,0.21367101,-6.2544966,0.29978213,3.5214853
398,2026-05-11 16:19:01.928335,1.6393639,0.0717115,0.21367101,-6.2544966,0.29978213,3.5214853
399,2026-05-11 16:19:01.930933,1.6393639,0.0717115,0.21367101,-6.2544966,0.29978213,3.5214853
400,2026-05-11 16:19:01.933561,1.6393639,0.0717115,0.21367101,-6.2544966,0.29978213,3.5214853
401,2026-05-11 16:19:01.936461,1.6393639,0.0717115,0.21367101,-8.067086,0.9265299,3.1943672
402,2026-05-11 16:19:01.939452,1.6393639,0.0717115,0.21367101,-8.067086,0.9265299,3.1943672
403,2026-05-11 16:19:01.942153,1.6393639,0.0717115,0.21367101,-8.067086,0.9265299,3.1943672
404,2026-05-11 16:19:01.944873,1.6393639,0.0717115,0.21367101,-8.067086,0.9265299,3.1943672
405,2026-05-11 16:19:01.947475,1.6393639,0.0717115,0.21367101,-8.067086,0.9265299,3.1943672
406,2026-05-11 16:19:01.950181,1.6393639,0.0717115,0.21367101,-8.067086,0.9265299,3.1943672
407,2026-05-11 16:19:01.953239,1.6393639,0.0717115,0.21367101,-8.067086,0.9265299,3.1943672
408,2026-05-11 16:19:01.956006,1.6393639,0.0717115,0.21367101,-8.067086,0.9265299,3.1943672
409,2026-05-11 16:19:01.958595,1.6393639,0.0717115,0.21367101,-8.067086,0.9265299,3.1943672
410,2026-05-11 16:19:01.961390,1.6393639,0.0717115,0.21367101,-8.067086,0.9265299,3.1943672
411,2026-05-11 16:19:01.964101,1.6393639,0.0717115,0.21367101,-8.067086,0.9265299,3.1943672
412,2026-05-11 16:19:01.966839,1.6393639,0.0717115,0.21367101,-8.067086,0.9265299,3.1943672
413,2026-05-11 16:19:01.969881,1.6393639,0.0717115,0.21367101,-8.067086,0.9265299,3.1943672
414,2026-05-11 16:19:01.972625,1.6393639,0.0717115,0.21367101,-8.067086,0.9265299,3.1943672
415,2026-05-11 16:19:01.975181,1.6393639,0.0717115,0.21367101,-8.067086,0.9265299,3.1943672
416,2026-05-11 16:19:01.977881,1.6393639,0.0717115,0.21367101,-8.067086,0.9265299,3.1943672
417,2026-05-11 16:19:01.980493,1.6393639,0.0717115,0.21367101,-8.067086,0.9265299,3.1943672
418,2026-05-11 16:19:01.983076,1.6393639,0.0717115,0.21367101,-8.067086,0.9265299,3.1943672
419,2026-05-11 16:19:01.986019,1.6393639,0.0717115,0.21367101,-8.067086,0.9265299,3.1943672
420,2026-05-11 16:19:01.988698,1.6393639,0.0717115,0.21367101,-8.067086,0.9265299,3.1943672
421,2026-05-11 16:19:01.991265,1.6393639,0.0717115,0.21367101,-8.067086,0.9265299,3.1943672
422,2026-05-11 16:19:01.993997,1.6393639,0.0717115,0.21367101,-8.067086,0.9265299,3.1943672
423,2026-05-11 16:19:01.996574,1.6393639,0.0717115,0.21367101,-8.067086,0.9265299,3.1943672
424,2026-05-11 16:19:01.999134,1.6393639,0.0717115,0.21367101,-8.067086,0.9265299,3.1943672
425,2026-05-11 16:19:02.002260,1.6393639,0.0717115,0.21367101,-8.067086,0.9265299,3.1943672
426,2026-05-11 16:19:02.005058,1.6393639,0.0717115,0.21367101,-8.067086,0.9265299,3.1943672
427,2026-05-11 16:19:02.007688,1.6393639,0.0717115,0.21367101,-8.067086,0.9265299,3.1943672
428,2026-05-11 16:19:02.010317,1.6393639,0.0717115,0.21367101,-8.067086,0.9265299,3.1943672
429,2026-05-11 16:19:02.012879,1.6393639,0.0717115,0.21367101,-8.067086,0.9265299,3.1943672
430,2026-05-11 16:19:02.015591,1.6393639,0.0717115,0.21367101,-8.067086,0.9265299,3.1943672
431,2026-05-11 16:19:02.018178,1.6393639,0.0717115,0.21367101,-8.067086,0.9265299,3.1943672
432,2026-05-11 16:19:02.021304,1.6393639,0.0717115,0.21367101,-8.067086,0.9265299,3.1943672
433,2026-05-11 16:19:02.024009,1.6393639,0.0717115,0.21367101,-8.067086,0.9265299,3.1943672
434,2026-05-11 16:19:02.026610,1.6393639,0.0717115,0.21367101,-8.067086,0.9265299,3.1943672
435,2026-05-11 16:19:02.029385,1.6393639,0.0717115,0.21367101,-8.067086,0.9265299,3.1943672
436,2026-05-11 16:19:02.031972,1.6393639,0.0717115,0.21367101,-8.067086,0.9265299,3.1943672
437,2026-05-11 16:19:02.034648,1.6393639,0.0717115,0.21367101,-8.067086,0.9265299,3.1943672
438,2026-05-11 16:19:02.037576,1.6393639,0.0717115,0.21367101,-8.067086,0.9265299,3.1943672
439,2026-05-11 16:19:02.040397,1.6393639,0.0717115,0.21367101,-8.067086,0.9265299,3.1943672
440,2026-05-11 16:19:02.042962,1.6393639,0.0717115,0.21367101,-8.067086,0.9265299,3.1943672
441,2026-05-11 16:19:02.045559,1.5580177,-0.037014354,0.39416936,-8.067086,0.9265299,3.1943672
442,2026-05-11 16:19:02.048160,1.5580177,-0.037014354,0.39416936,-8.067086,0.9265299,3.1943672
443,2026-05-11 16:19:02.050715,1.5580177,-0.037014354,0.39416936,-9.390678,1.664455,2.796541
444,2026-05-11 16:19:02.053905,1.5580177,-0.037014354,0.39416936,-9.390678,1.664455,2.796541
445,2026-05-11 16:19:02.056631,1.5580177,-0.037014354,0.39416936,-9.390678,1.664455,2.796541
446,2026-05-11 16:19:02.059315,1.5580177,-0.037014354,0.39416936,-9.390678,1.664455,2.796541
447,2026-05-11 16:19:02.061894,1.5580177,-0.037014354,0.39416936,-9.390678,1.664455,2.796541
448,2026-05-11 16:19:02.064541,1.5580177,-0.037014354,0.39416936,-9.390678,1.664455,2.796541
449,2026-05-11 16:19:02.067064,1.5580177,-0.037014354,0.39416936,-9.390678,1.664455,2.796541
450,2026-05-11 16:19:02.070185,1.5580177,-0.037014354,0.39416936,-9.390678,1.664455,2.796541
451,2026-05-11 16:19:02.072892,1.5580177,-0.037014354,0.39416936,-9.390678,1.664455,2.796541
452,2026-05-11 16:19:02.075481,1.5580177,-0.037014354,0.39416936,-9.390678,1.664455,2.796541
453,2026-05-11 16:19:02.078175,1.5580177,-0.037014354,0.39416936,-9.390678,1.664455,2.796541
454,2026-05-11 16:19:02.080754,1.5580177,-0.037014354,0.39416936,-9.390678,1.664455,2.796541
455,2026-05-11 16:19:02.083722,1.5580177,-0.037014354,0.39416936,-9.390678,1.664455,2.796541
456,2026-05-11 16:19:02.086779,1.5580177,-0.037014354,0.39416936,-9.390678,1.664455,2.796541
457,2026-05-11 16:19:02.089522,1.5580177,-0.037014354,0.39416936,-9.390678,1.664455,2.796541
458,2026-05-11 16:19:02.092090,1.5580177,-0.037014354,0.39416936,-9.390678,1.664455,2.796541
459,2026-05-11 16:19:02.094881,1.5580177,-0.037014354,0.39416936,-9.390678,1.664455,2.796541
460,2026-05-11 16:19:02.097490,1.5580177,-0.037014354,0.39416936,-9.390678,1.664455,2.796541
461,2026-05-11 16:19:02.100032,1.5580177,-0.037014354,0.39416936,-9.390678,1.664455,2.796541
462,2026-05-11 16:19:02.103231,1.5580177,-0.037014354,0.39416936,-9.390678,1.664455,2.796541
463,2026-05-11 16:19:02.105980,1.5580177,-0.037014354,0.39416936,-9.390678,1.664455,2.796541
464,2026-05-11 16:19:02.108546,1.5580177,-0.037014354,0.39416936,-9.390678,1.664455,2.796541
465,2026-05-11 16:19:02.111313,1.5580177,-0.037014354,0.39416936,-9.390678,1.664455,2.796541
466,2026-05-11 16:19:02.114043,1.5580177,-0.037014354,0.39416936,-9.390678,1.664455,2.796541
467,2026-05-11 16:19:02.116754,1.5580177,-0.037014354,0.39416936,-9.390678,1.664455,2.796541
468,2026-05-11 16:19:02.119736,1.5580177,-0.037014354,0.39416936,-9.390678,1.664455,2.796541
469,2026-05-11 16:19:02.122455,1.5580177,-0.037014354,0.39416936,-9.390678,1.664455,2.796541
470,2026-05-11 16:19:02.125007,1.5580177,-0.037014354,0.39416936,-9.390678,1.664455,2.796541
471,2026-05-11 16:19:02.127742,1.5580177,-0.037014354,0.39416936,-9.390678,1.664455,2.796541
472,2026-05-11 16:19:02.130398,1.5580177,-0.037014354,0.39416936,-9.390678,1.664455,2.796541
473,2026-05-11 16:19:02.132965,1.5580177,-0.037014354,0.39416936,-9.390678,1.664455,2.796541
474,2026-05-11 16:19:02.136074,1.5580177,-0.037014354,0.39416936,-9.390678,1.664455,2.796541
475,2026-05-11 16:19:02.138784,1.5580177,-0.037014354,0.39416936,-9.390678,1.664455,2.796541
476,2026-05-11 16:19:02.141412,1.5580177,-0.037014354,0.39416936,-9.390678,1.664455,2.796541
477,2026-05-11 16:19:02.144155,1.5580177,-0.037014354,0.39416936,-9.390678,1.664455,2.796541
478,2026-05-11 16:19:02.146757,1.5580177,-0.037014354,0.39416936,-9.390678,1.664455,2.796541
479,2026-05-11 16:19:02.149475,1.5580177,-0.037014354,0.39416936,-9.390678,1.664455,2.796541
480,2026-05-11 16:19:02.152690,1.5580177,-0.037014354,0.39416936,-9.390678,1.664455,2.796541
481,2026-05-11 16:19:02.155550,1.5580177,-0.037014354,0.39416936,-9.390678,1.664455,2.796541
482,2026-05-11 16:19:02.158127,1.5580177,-0.037014354,0.39416936,-9.390678,1.664455,2.796541
483,2026-05-11 16:19:02.160706,1.5580177,-0.037014354,0.39416936,-9.390678,1.664455,2.796541
484,2026-05-11 16:19:02.163436,1.5580177,-0.037014354,0.39416936,-9.390678,1.664455,2.796541
485,2026-05-11 16:19:02.166010,1.5580177,-0.037014354,0.39416936,-9.390678,1.664455,2.796541
486,2026-05-11 16:19:02.168864,1.5580177,-0.037014354,0.39416936,-9.390678,1.664455,2.796541
487,2026-05-11 16:19:02.171837,1.5580177,-0.037014354,0.39416936,-9.390678,1.664455,2.796541
488,2026-05-11 16:19:02.174489,1.5580177,-0.037014354,0.39416936,-9.390678,1.664455,2.796541
489,2026-05-11 16:19:02.177225,1.5580177,-0.037014354,0.39416936,-9.390678,1.664455,2.796541
490,2026-05-11 16:19:02.179945,1.5580177,-0.037014354,0.39416936,-9.390678,1.664455,2.796541
491,2026-05-11 16:19:02.182829,1.5580177,-0.037014354,0.39416936,-9.390678,1.664455,2.796541
492,2026-05-11 16:19:02.186306,1.5580177,-0.037014354,0.39416936,-9.390678,1.664455,2.796541
493,2026-05-11 16:19:02.189099,1.5580177,-0.037014354,0.39416936,-9.390678,1.664455,2.796541
494,2026-05-11 16:19:02.191667,1.5580177,-0.037014354,0.39416936,-9.390678,1.664455,2.796541
495,2026-05-11 16:19:02.194417,1.5580177,-0.037014354,0.39416936,-9.390678,1.664455,2.796541
496,2026-05-11 16:19:02.196999,1.5580177,-0.037014354,0.39416936,-9.390678,1.664455,2.796541
497,2026-05-11 16:19:02.199638,1.5580177,-0.037014354,0.39416936,-9.390678,1.664455,2.796541
498,2026-05-11 16:19:02.202508,1.2195224,-0.07939488,0.77492326,-9.390678,1.664455,2.796541
499,2026-05-11 16:19:02.205612,1.2195224,-0.07939488,0.77492326,-9.390678,1.664455,2.796541
500,2026-05-11 16:19:02.208223,1.2195224,-0.07939488,0.77492326,-9.390678,1.664455,2.796541
501,2026-05-11 16:19:02.210818,1.2195224,-0.07939488,0.77492326,-9.390678,1.664455,2.796541
502,2026-05-11 16:19:02.213734,1.2195224,-0.07939488,0.77492326,-10.547047,2.3525949,2.428342
503,2026-05-11 16:19:02.216493,1.2195224,-0.07939488,0.77492326,-10.547047,2.3525949,2.428342
504,2026-05-11 16:19:02.219534,1.2195224,-0.07939488,0.77492326,-10.547047,2.3525949,2.428342
505,2026-05-11 16:19:02.222517,1.2195224,-0.07939488,0.77492326,-10.547047,2.3525949,2.428342
506,2026-05-11 16:19:02.225230,1.2195224,-0.07939488,0.77492326,-10.547047,2.3525949,2.428342
507,2026-05-11 16:19:02.227871,1.2195224,-0.07939488,0.77492326,-10.547047,2.3525949,2.428342
508,2026-05-11 16:19:02.230633,1.2195224,-0.07939488,0.77492326,-10.547047,2.3525949,2.428342
509,2026-05-11 16:19:02.233206,1.2195224,-0.07939488,0.77492326,-10.547047,2.3525949,2.428342
510,2026-05-11 16:19:02.236243,1.2195224,-0.07939488,0.77492326,-10.547047,2.3525949,2.428342
511,2026-05-11 16:19:02.238943,1.2195224,-0.07939488,0.77492326,-10.547047,2.3525949,2.428342
512,2026-05-11 16:19:02.241785,1.2195224,-0.07939488,0.77492326,-10.547047,2.3525949,2.428342
513,2026-05-11 16:19:02.244512,1.2195224,-0.07939488,0.77492326,-10.547047,2.3525949,2.428342
514,2026-05-11 16:19:02.247157,1.2195224,-0.07939488,0.77492326,-10.547047,2.3525949,2.428342
515,2026-05-11 16:19:02.249845,1.2195224,-0.07939488,0.77492326,-10.547047,2.3525949,2.428342
516,2026-05-11 16:19:02.252823,1.2195224,-0.07939488,0.77492326,-10.547047,2.3525949,2.428342
517,2026-05-11 16:19:02.255627,1.2195224,-0.07939488,0.77492326,-10.547047,2.3525949,2.428342
518,2026-05-11 16:19:02.258214,1.2195224,-0.07939488,0.77492326,-10.547047,2.3525949,2.428342
519,2026-05-11 16:19:02.261102,1.027499,-0.032623854,1.0863439,-10.813842,2.4326181,2.3429737
520,2026-05-11 16:19:02.263763,1.027499,-0.032623854,1.0863439,-10.813842,2.4326181,2.3429737
521,2026-05-11 16:19:02.266346,1.027499,-0.032623854,1.0863439,-10.813842,2.4326181,2.3429737
522,2026-05-11 16:19:02.269247,1.027499,-0.032623854,1.0863439,-10.813842,2.4326181,2.3429737
523,2026-05-11 16:19:02.272329,1.027499,-0.032623854,1.0863439,-10.813842,2.4326181,2.3429737
524,2026-05-11 16:19:02.275062,1.4029477,0.3936815,1.9565775,-9.896934,1.2261592,2.262034
525,2026-05-11 16:19:02.277655,1.4029477,0.3936815,1.9565775,-9.896934,1.2261592,2.262034
526,2026-05-11 16:19:02.280481,1.4029477,0.3936815,1.9565775,-9.896934,1.2261592,2.262034
527,2026-05-11 16:19:02.283060,1.4029477,0.3936815,1.9565775,-9.896934,1.2261592,2.262034
528,2026-05-11 16:19:02.286107,1.4029477,0.3936815,1.9565775,-8.489958,-0.019394971,1.8901697
529,2026-05-11 16:19:02.289002,1.4029477,0.3936815,1.9565775,-8.489958,-0.019394971,1.8901697
530,2026-05-11 16:19:02.291617,1.4029477,0.3936815,1.9565775,-8.489958,-0.019394971,1.8901697
531,2026-05-11 16:19:02.294234,1.4029477,0.3936815,1.9565775,-8.489958,-0.019394971,1.8901697
532,2026-05-11 16:19:02.296832,1.4029477,0.3936815,1.9565775,-8.489958,-0.019394971,1.8901697
533,2026-05-11 16:19:02.299621,1.4029477,0.3936815,1.9565775,-8.489958,-0.019394971,1.8901697
534,2026-05-11 16:19:02.302620,1.8824269,0.85261077,2.3696504,-8.489958,-0.019394971,1.8901697
535,2026-05-11 16:19:02.305643,1.8824269,0.85261077,2.3696504,-8.489958,-0.019394971,1.8901697
536,2026-05-11 16:19:02.308392,2.871692,1.6100329,2.137076,-5.911954,-2.2165246,0.821461
537,2026-05-11 16:19:02.311033,2.871692,1.6100329,2.137076,-5.911954,-2.2165246,0.821461
538,2026-05-11 16:19:02.313692,2.871692,1.6100329,2.137076,-5.911954,-2.2165246,0.821461
539,2026-05-11 16:19:02.316248,2.871692,1.6100329,2.137076,-5.911954,-2.2165246,0.821461
540,2026-05-11 16:19:02.319272,2.871692,1.6100329,2.137076,-5.911954,-2.2165246,0.821461
541,2026-05-11 16:19:02.321993,2.871692,1.6100329,2.137076,-5.911954,-2.2165246,0.821461
542,2026-05-11 16:19:02.324603,2.871692,1.6100329,2.137076,-5.911954,-2.2165246,0.821461
543,2026-05-11 16:19:02.327396,2.871692,1.6100329,2.137076,-5.911954,-2.2165246,0.821461
544,2026-05-11 16:19:02.330143,2.871692,1.6100329,2.137076,-5.5448236,-2.7204883,0.1965459
545,2026-05-11 16:19:02.332765,2.871692,1.6100329,2.137076,-5.5448236,-2.7204883,0.1965459
546,2026-05-11 16:19:02.335409,2.871692,1.6100329,2.137076,-5.5448236,-2.7204883,0.1965459
547,2026-05-11 16:19:02.338569,2.871692,1.6100329,2.137076,-5.5448236,-2.7204883,0.1965459
548,2026-05-11 16:19:02.341404,2.871692,1.6100329,2.137076,-5.5448236,-2.7204883,0.1965459
549,2026-05-11 16:19:02.344022,2.871692,1.6100329,2.137076,-5.5448236,-2.7204883,0.1965459
550,2026-05-11 16:19:02.346775,3.26641,1.7833967,1.7068069,-5.5448236,-2.7204883,0.1965459
551,2026-05-11 16:19:02.349557,3.4295294,1.8605353,1.1929965,-5.5448236,-2.7204883,0.1965459
552,2026-05-11 16:19:02.352612,3.4295294,1.8605353,1.1929965,-5.5448236,-2.7204883,0.1965459
553,2026-05-11 16:19:02.355395,3.4295294,1.8605353,1.1929965,-5.5448236,-2.7204883,0.1965459
554,2026-05-11 16:19:02.358004,3.4295294,1.8605353,1.1929965,-5.5448236,-2.7204883,0.1965459
555,2026-05-11 16:19:02.360736,3.4295294,1.8605353,1.1929965,-5.5448236,-2.7204883,0.1965459
556,2026-05-11 16:19:02.363365,3.4295294,1.8605353,1.1929965,-6.2818327,-2.40574,-0.9419542
557,2026-05-11 16:19:02.366086,3.4295294,1.8605353,1.1929965,-6.2818327,-2.40574,-0.9419542
558,2026-05-11 16:19:02.368807,3.4295294,1.8605353,1.1929965,-6.2818327,-2.40574,-0.9419542
559,2026-05-11 16:19:02.372229,3.4295294,1.8605353,1.1929965,-6.2818327,-2.40574,-0.9419542
560,2026-05-11 16:19:02.375050,3.4295294,1.8605353,1.1929965,-6.2818327,-2.40574,-0.9419542
561,2026-05-11 16:19:02.377759,3.4295294,1.8605353,1.1929965,-6.2818327,-2.40574,-0.9419542
562,2026-05-11 16:19:02.380505,3.4295294,1.8605353,1.1929965,-6.2818327,-2.40574,-0.9419542
563,2026-05-11 16:19:02.383121,3.4295294,1.8605353,1.1929965,-6.2818327,-2.40574,-0.9419542
564,2026-05-11 16:19:02.386052,3.4295294,1.8605353,1.1929965,-6.2818327,-2.40574,-0.9419542
565,2026-05-11 16:19:02.389558,3.4295294,1.8605353,1.1929965,-6.2818327,-2.40574,-0.9419542
566,2026-05-11 16:19:02.392376,3.4295294,1.8605353,1.1929965,-6.2818327,-2.40574,-0.9419542
567,2026-05-11 16:19:02.395034,3.4295294,1.8605353,1.1929965,-6.2818327,-2.40574,-0.9419542
568,2026-05-11 16:19:02.397595,3.4295294,1.8605353,1.1929965,-6.2818327,-2.40574,-0.9419542
569,2026-05-11 16:19:02.400190,3.4295294,1.8605353,1.1929965,-6.2818327,-2.40574,-0.9419542
570,2026-05-11 16:19:02.403327,3.4295294,1.8605353,1.1929965,-6.2818327,-2.40574,-0.9419542
571,2026-05-11 16:19:02.406160,3.4295294,1.8605353,1.1929965,-6.2818327,-2.40574,-0.9419542
572,2026-05-11 16:19:02.408833,3.4295294,1.8605353,1.1929965,-6.2818327,-2.40574,-0.9419542
573,2026-05-11 16:19:02.411599,3.4295294,1.8605353,1.1929965,-6.2818327,-2.40574,-0.9419542
574,2026-05-11 16:19:02.414239,3.4295294,1.8605353,1.1929965,-6.2818327,-2.40574,-0.9419542
575,2026-05-11 16:19:02.416977,3.4295294,1.8605353,1.1929965,-6.2818327,-2.40574,-0.9419542
576,2026-05-11 16:19:02.419914,3.4295294,1.8605353,1.1929965,-7.967363,-0.86849767,-1.8356501
577,2026-05-11 16:19:02.422797,3.4295294,1.8605353,1.1929965,-7.967363,-0.86849767,-1.8356501
578,2026-05-11 16:19:02.425397,3.4295294,1.8605353,1.1929965,-7.967363,-0.86849767,-1.8356501
579,2026-05-11 16:19:02.428036,3.4188578,1.5886903,1.2161076,-7.967363,-0.86849767,-1.8356501
580,2026-05-11 16:19:02.430867,3.4188578,1.5886903,1.2161076,-7.967363,-0.86849767,-1.8356501
581,2026-05-11 16:19:02.433494,3.4188578,1.5886903,1.2161076,-7.967363,-0.86849767,-1.8356501
582,2026-05-11 16:19:02.436378,3.4188578,1.5886903,1.2161076,-7.967363,-0.86849767,-1.8356501
583,2026-05-11 16:19:02.439168,3.4188578,1.5886903,1.2161076,-7.967363,-0.86849767,-1.8356501
584,2026-05-11 16:19:02.441759,3.4188578,1.5886903,1.2161076,-7.967363,-0.86849767,-1.8356501
585,2026-05-11 16:19:02.444460,3.4188578,1.5886903,1.2161076,-7.967363,-0.86849767,-1.8356501
586,2026-05-11 16:19:02.447257,3.4188578,1.5886903,1.2161076,-7.967363,-0.86849767,-1.8356501
587,2026-05-11 16:19:02.450024,3.4188578,1.5886903,1.2161076,-7.967363,-0.86849767,-1.8356501
588,2026-05-11 16:19:02.452923,3.4188578,1.5886903,1.2161076,-7.967363,-0.86849767,-1.8356501
589,2026-05-11 16:19:02.455787,2.82486,1.3044664,1.7850431,-7.967363,-0.86849767,-1.8356501
590,2026-05-11 16:19:02.458534,2.82486,1.3044664,1.7850431,-7.967363,-0.86849767,-1.8356501
591,2026-05-11 16:19:02.461142,2.82486,1.3044664,1.7850431,-7.967363,-0.86849767,-1.8356501
592,2026-05-11 16:19:02.463887,2.82486,1.3044664,1.7850431,-7.967363,-0.86849767,-1.8356501
593,2026-05-11 16:19:02.466467,2.82486,1.3044664,1.7850431,-7.967363,-0.86849767,-1.8356501
594,2026-05-11 16:19:02.469372,2.82486,1.3044664,1.7850431,-7.967363,-0.86849767,-1.8356501
595,2026-05-11 16:19:02.472191,2.82486,1.3044664,1.7850431,-7.967363,-0.86849767,-1.8356501
596,2026-05-11 16:19:02.474771,2.82486,1.3044664,1.7850431,-7.967363,-0.86849767,-1.8356501
597,2026-05-11 16:19:02.477383,2.82486,1.3044664,1.7850431,-7.967363,-0.86849767,-1.8356501
598,2026-05-11 16:19:02.480145,2.82486,1.3044664,1.7850431,-7.967363,-0.86849767,-1.8356501
599,2026-05-11 16:19:02.482894,2.82486,1.3044664,1.7850431,-7.967363,-0.86849767,-1.8356501
600,2026-05-11 16:19:02.485781,2.82486,1.3044664,1.7850431,-7.967363,-0.86849767,-1.8356501
601,2026-05-11 16:19:02.489044,2.82486,1.3044664,1.7850431,-7.967363,-0.86849767,-1.8356501
602,2026-05-11 16:19:02.491743,2.82486,1.3044664,1.7850431,-7.967363,-0.86849767,-1.8356501
603,2026-05-11 16:19:02.494336,2.82486,1.3044664,1.7850431,-7.967363,-0.86849767,-1.8356501
604,2026-05-11 16:19:02.497094,2.82486,1.3044664,1.7850431,-7.967363,-0.86849767,-1.8356501
605,2026-05-11 16:19:02.499833,2.82486,1.3044664,1.7850431,-7.967363,-0.86849767,-1.8356501
606,2026-05-11 16:19:02.502785,2.82486,1.3044664,1.7850431,-7.967363,-0.86849767,-1.8356501
607,2026-05-11 16:19:02.505690,2.82486,1.3044664,1.7850431,-9.486737,0.81290895,-2.5607471
608,2026-05-11 16:19:02.508305,2.82486,1.3044664,1.7850431,-9.486737,0.81290895,-2.5607471
609,2026-05-11 16:19:02.510872,2.82486,1.3044664,1.7850431,-9.486737,0.81290895,-2.5607471
610,2026-05-11 16:19:02.513729,2.82486,1.3044664,1.7850431,-9.486737,0.81290895,-2.5607471
611,2026-05-11 16:19:02.516347,2.82486,1.3044664,1.7850431,-9.486737,0.81290895,-2.5607471
612,2026-05-11 16:19:02.519344,2.82486,1.3044664,1.7850431,-9.486737,0.81290895,-2.5607471
613,2026-05-11 16:19:02.522236,2.82486,1.3044664,1.7850431,-9.486737,0.81290895,-2.5607471
614,2026-05-11 16:19:02.524851,2.82486,1.3044664,1.7850431,-9.486737,0.81290895,-2.5607471
615,2026-05-11 16:19:02.527442,2.82486,1.3044664,1.7850431,-9.486737,0.81290895,-2.5607471
616,2026-05-11 16:19:02.530242,2.82486,1.3044664,1.7850431,-9.486737,0.81290895,-2.5607471
617,2026-05-11 16:19:02.532848,2.82486,1.3044664,1.7850431,-9.486737,0.81290895,-2.5607471
618,2026-05-11 16:19:02.535621,2.82486,1.3044664,1.7850431,-9.486737,0.81290895,-2.5607471
619,2026-05-11 16:19:02.538720,2.82486,1.3044664,1.7850431,-9.486737,0.81290895,-2.5607471
620,2026-05-11 16:19:02.541362,2.82486,1.3044664,1.7850431,-9.486737,0.81290895,-2.5607471
621,2026-05-11 16:19:02.543981,2.82486,1.3044664,1.7850431,-9.486737,0.81290895,-2.5607471
622,2026-05-11 16:19:02.546550,2.82486,1.3044664,1.7850431,-9.486737,0.81290895,-2.5607471
623,2026-05-11 16:19:02.549286,2.82486,1.3044664,1.7850431,-9.486737,0.81290895,-2.5607471
624,2026-05-11 16:19:02.552143,2.82486,1.3044664,1.7850431,-9.486737,0.81290895,-2.5607471
625,2026-05-11 16:19:02.555334,2.82486,1.3044664,1.7850431,-9.486737,0.81290895,-2.5607471
626,2026-05-11 16:19:02.558004,2.82486,1.3044664,1.7850431,-9.486737,0.81290895,-2.5607471
627,2026-05-11 16:19:02.560828,2.82486,1.3044664,1.7850431,-9.486737,0.81290895,-2.5607471
628,2026-05-11 16:19:02.563507,2.82486,1.3044664,1.7850431,-9.486737,0.81290895,-2.5607471
629,2026-05-11 16:19:02.566135,2.82486,1.3044664,1.7850431,-9.486737,0.81290895,-2.5607471
630,2026-05-11 16:19:02.568853,2.82486,1.3044664,1.7850431,-9.486737,0.81290895,-2.5607471
631,2026-05-11 16:19:02.572261,2.82486,1.3044664,1.7850431,-9.486737,0.81290895,-2.5607471
632,2026-05-11 16:19:02.574981,2.82486,1.3044664,1.7850431,-9.486737,0.81290895,-2.5607471
633,2026-05-11 16:19:02.577645,2.82486,1.3044664,1.7850431,-9.486737,0.81290895,-2.5607471
634,2026-05-11 16:19:02.580255,2.82486,1.3044664,1.7850431,-9.486737,0.81290895,-2.5607471
635,2026-05-11 16:19:02.583063,2.82486,1.3044664,1.7850431,-9.486737,0.81290895,-2.5607471
636,2026-05-11 16:19:02.586215,2.82486,1.3044664,1.7850431,-9.486737,0.81290895,-2.5607471
637,2026-05-11 16:19:02.589057,2.82486,1.3044664,1.7850431,-9.486737,0.81290895,-2.5607471
638,2026-05-11 16:19:02.591798,2.82486,1.3044664,1.7850431,-9.486737,0.81290895,-2.5607471
639,2026-05-11 16:19:02.594472,2.82486,1.3044664,1.7850431,-9.486737,0.81290895,-2.5607471
640,2026-05-11 16:19:02.597255,2.82486,1.3044664,1.7850431,-9.486737,0.81290895,-2.5607471
641,2026-05-11 16:19:02.599841,2.82486,1.3044664,1.7850431,-9.486737,0.81290895,-2.5607471
642,2026-05-11 16:19:02.602945,2.82486,1.3044664,1.7850431,-9.486737,0.81290895,-2.5607471
643,2026-05-11 16:19:02.605832,2.82486,1.3044664,1.7850431,-9.486737,0.81290895,-2.5607471
644,2026-05-11 16:19:02.608540,2.82486,1.3044664,1.7850431,-9.486737,0.81290895,-2.5607471
645,2026-05-11 16:19:02.611124,2.82486,1.3044664,1.7850431,-9.486737,0.81290895,-2.5607471
646,2026-05-11 16:19:02.613885,1.9911526,1.2212907,2.558503,-9.486737,0.81290895,-2.5607471
647,2026-05-11 16:19:02.616645,1.7745547,1.150433,3.4011743,-9.898613,1.3300064,-2.59633
648,2026-05-11 16:19:02.619639,1.7745547,1.150433,3.4011743,-9.898613,1.3300064,-2.59633
649,2026-05-11 16:19:02.622454,1.7745547,1.150433,3.4011743,-9.898613,1.3300064,-2.59633
650,2026-05-11 16:19:02.625050,1.7745547,1.150433,3.4011743,-9.898613,1.3300064,-2.59633
651,2026-05-11 16:19:02.627667,1.7745547,1.150433,3.4011743,-9.898613,1.3300064,-2.59633
652,2026-05-11 16:19:02.630480,1.7745547,1.150433,3.4011743,-9.898613,1.3300064,-2.59633
653,2026-05-11 16:19:02.633120,1.7745547,1.150433,3.4011743,-9.898613,1.3300064,-2.59633
654,2026-05-11 16:19:02.636326,1.7745547,1.150433,3.4011743,-9.898613,1.3300064,-2.59633
655,2026-05-11 16:19:02.639055,1.7745547,1.150433,3.4011743,-9.898613,1.3300064,-2.59633
656,2026-05-11 16:19:02.641658,1.7745547,1.150433,3.4011743,-9.898613,1.3300064,-2.59633
657,2026-05-11 16:19:02.644262,1.7745547,1.150433,3.4011743,-9.898613,1.3300064,-2.59633
658,2026-05-11 16:19:02.646825,1.7745547,1.150433,3.4011743,-9.898613,1.3300064,-2.59633
659,2026-05-11 16:19:02.649584,1.7745547,1.150433,3.4011743,-9.898613,1.3300064,-2.59633
660,2026-05-11 16:19:02.652507,1.7745547,1.150433,3.4011743,-9.898613,1.3300064,-2.59633
661,2026-05-11 16:19:02.655350,1.7745547,1.150433,3.4011743,-9.898613,1.3300064,-2.59633
662,2026-05-11 16:19:02.658150,1.7745547,1.150433,3.4011743,-9.898613,1.3300064,-2.59633
663,2026-05-11 16:19:02.660902,1.7745547,1.150433,3.4011743,-9.898613,1.3300064,-2.59633
664,2026-05-11 16:19:02.663757,1.7745547,1.150433,3.4011743,-9.204823,0.6068946,-1.8061758
665,2026-05-11 16:19:02.666489,1.7745547,1.150433,3.4011743,-9.204823,0.6068946,-1.8061758
666,2026-05-11 16:19:02.669539,1.7745547,1.150433,3.4011743,-9.204823,0.6068946,-1.8061758
667,2026-05-11 16:19:02.672381,1.7745547,1.150433,3.4011743,-9.204823,0.6068946,-1.8061758
668,2026-05-11 16:19:02.675142,1.7745547,1.150433,3.4011743,-9.204823,0.6068946,-1.8061758
669,2026-05-11 16:19:02.677748,1.7745547,1.150433,3.4011743,-9.204823,0.6068946,-1.8061758
670,2026-05-11 16:19:02.680529,1.7745547,1.150433,3.4011743,-9.204823,0.6068946,-1.8061758
671,2026-05-11 16:19:02.683201,1.6222898,1.4000207,3.977732,-8.366715,-0.15393804,-1.2281445
672,2026-05-11 16:19:02.686140,1.6222898,1.4000207,3.977732,-8.366715,-0.15393804,-1.2281445
673,2026-05-11 16:19:02.688918,1.6222898,1.4000207,3.977732,-8.366715,-0.15393804,-1.2281445
674,2026-05-11 16:19:02.691522,1.6222898,1.4000207,3.977732,-8.366715,-0.15393804,-1.2281445
675,2026-05-11 16:19:02.694102,1.6222898,1.4000207,3.977732,-8.366715,-0.15393804,-1.2281445
676,2026-05-11 16:19:02.696690,1.6222898,1.4000207,3.977732,-8.366715,-0.15393804,-1.2281445
677,2026-05-11 16:19:02.699432,1.6222898,1.4000207,3.977732,-8.366715,-0.15393804,-1.2281445
678,2026-05-11 16:19:02.702453,1.6222898,1.4000207,3.977732,-8.366715,-0.15393804,-1.2281445
679,2026-05-11 16:19:02.705366,1.6222898,1.4000207,3.977732,-8.366715,-0.15393804,-1.2281445
680,2026-05-11 16:19:02.707976,1.6222898,1.4000207,3.977732,-8.366715,-0.15393804,-1.2281445
681,2026-05-11 16:19:02.710567,1.6222898,1.4000207,3.977732,-8.366715,-0.15393804,-1.2281445
682,2026-05-11 16:19:02.713279,1.6222898,1.4000207,3.977732,-8.366715,-0.15393804,-1.2281445
683,2026-05-11 16:19:02.715956,1.6222898,1.4000207,3.977732,-8.366715,-0.15393804,-1.2281445
684,2026-05-11 16:19:02.718610,1.6222898,1.4000207,3.977732,-8.366715,-0.15393804,-1.2281445
685,2026-05-11 16:19:02.721942,1.6222898,1.4000207,3.977732,-5.10607,-1.4585935,0.43020186
686,2026-05-11 16:19:02.724704,1.6222898,1.4000207,3.977732,-5.10607,-1.4585935,0.43020186
687,2026-05-11 16:19:02.727290,1.6222898,1.4000207,3.977732,-5.10607,-1.4585935,0.43020186
688,2026-05-11 16:19:02.729889,1.6222898,1.4000207,3.977732,-5.10607,-1.4585935,0.43020186
689,2026-05-11 16:19:02.732750,1.6222898,1.4000207,3.977732,-5.10607,-1.4585935,0.43020186
690,2026-05-11 16:19:02.736054,1.4833792,2.4481306,5.3884854,-5.10607,-1.4585935,0.43020186
691,2026-05-11 16:19:02.739762,1.4833792,2.4481306,5.3884854,-5.10607,-1.4585935,0.43020186
692,2026-05-11 16:19:02.742532,1.4833792,2.4481306,5.3884854,-5.10607,-1.4585935,0.43020186
693,2026-05-11 16:19:02.745139,1.4833792,2.4481306,5.3884854,-5.10607,-1.4585935,0.43020186
694,2026-05-11 16:19:02.747939,1.4833792,2.4481306,5.3884854,-5.10607,-1.4585935,0.43020186
695,2026-05-11 16:19:02.750703,1.4833792,2.4481306,5.3884854,-5.10607,-1.4585935,0.43020186
696,2026-05-11 16:19:02.753970,1.4833792,2.4481306,5.3884854,-5.10607,-1.4585935,0.43020186
697,2026-05-11 16:19:02.756878,1.4833792,2.4481306,5.3884854,-5.10607,-1.4585935,0.43020186
698,2026-05-11 16:19:02.759593,1.4833792,2.4481306,5.3884854,-5.10607,-1.4585935,0.43020186
699,2026-05-11 16:19:02.762195,1.4833792,2.4481306,5.3884854,-5.10607,-1.4585935,0.43020186
700,2026-05-11 16:19:02.764918,1.4833792,2.4481306,5.3884854,-5.10607,-1.4585935,0.43020186
701,2026-05-11 16:19:02.767523,1.4833792,2.4481306,5.3884854,-5.10607,-1.4585935,0.43020186
702,2026-05-11 16:19:02.770475,1.4833792,2.4481306,5.3884854,-5.10607,-1.4585935,0.43020186
703,2026-05-11 16:19:02.773182,1.4833792,2.4481306,5.3884854,-5.10607,-1.4585935,0.43020186
704,2026-05-11 16:19:02.775918,1.4833792,2.4481306,5.3884854,-5.10607,-1.4585935,0.43020186
705,2026-05-11 16:19:02.778524,1.4833792,2.4481306,5.3884854,-5.10607,-1.4585935,0.43020186
706,2026-05-11 16:19:02.781270,1.4833792,2.4481306,5.3884854,-5.10607,-1.4585935,0.43020186
707,2026-05-11 16:19:02.783971,1.4833792,2.4481306,5.3884854,-5.10607,-1.4585935,0.43020186
708,2026-05-11 16:19:02.787133,1.4833792,2.4481306,5.3884854,-5.10607,-1.4585935,0.43020186
709,2026-05-11 16:19:02.789967,1.4833792,2.4481306,5.3884854,-5.10607,-1.4585935,0.43020186
710,2026-05-11 16:19:02.792707,1.4833792,2.4481306,5.3884854,-5.10607,-1.4585935,0.43020186
711,2026-05-11 16:19:02.795665,4.273481,3.5434995,6.255487,-2.330451,-1.984243,1.1007792
712,2026-05-11 16:19:02.798446,5.2297564,3.1673799,5.7758245,1.3278683,-2.0387628,0.5856671
713,2026-05-11 16:19:02.801158,5.2297564,3.1673799,5.7758245,1.3278683,-2.0387628,0.5856671
714,2026-05-11 16:19:02.804321,5.2297564,3.1673799,5.7758245,1.3278683,-2.0387628,0.5856671
715,2026-05-11 16:19:02.807201,5.2297564,3.1673799,5.7758245,5.9545617,-1.8872682,-2.598926
716,2026-05-11 16:19:02.809950,5.2297564,3.1673799,5.7758245,5.9545617,-1.8872682,-2.598926
717,2026-05-11 16:19:02.812555,5.2297564,3.1673799,5.7758245,5.9545617,-1.8872682,-2.598926
718,2026-05-11 16:19:02.815192,5.2297564,3.1673799,5.7758245,5.9545617,-1.8872682,-2.598926
719,2026-05-11 16:19:02.817888,5.2297564,3.1673799,5.7758245,5.9545617,-1.8872682,-2.598926
720,2026-05-11 16:19:02.821179,5.2297564,3.1673799,5.7758245,5.9545617,-1.8872682,-2.598926
721,2026-05-11 16:19:02.823974,5.2297564,3.1673799,5.7758245,5.9545617,-1.8872682,-2.598926
722,2026-05-11 16:19:02.826759,5.2297564,3.1673799,5.7758245,5.9545617,-1.8872682,-2.598926
723,2026-05-11 16:19:02.829344,5.2297564,3.1673799,5.7758245,5.9545617,-1.8872682,-2.598926
724,2026-05-11 16:19:02.832213,5.4315367,2.4626436,4.9684606,5.9545617,-1.8872682,-2.598926
725,2026-05-11 16:19:02.835369,4.2437234,1.147628,3.146647,7.0249505,-2.0570886,-5.4166946
726,2026-05-11 16:19:02.838157,4.2437234,1.147628,3.146647,7.0249505,-2.0570886,-5.4166946
727,2026-05-11 16:19:02.840740,4.2437234,1.147628,3.146647,7.0249505,-2.0570886,-5.4166946
728,2026-05-11 16:19:02.843684,4.0359063,1.071221,2.929927,7.0249505,-2.0570886,-5.4166946
729,2026-05-11 16:19:02.846493,2.2354963,0.8462689,1.8223624,3.1213686,-0.05497787,-5.237253
730,2026-05-11 16:19:02.849174,2.2354963,0.8462689,1.8223624,3.1213686,-0.05497787,-5.237253
731,2026-05-11 16:19:02.851970,2.2354963,0.8462689,1.8223624,3.1213686,-0.05497787,-5.237253
732,2026-05-11 16:19:02.855107,2.2354963,0.8462689,1.8223624,1.4694363,1.0920744,-4.867069
733,2026-05-11 16:19:02.857891,2.2354963,0.8462689,1.8223624,1.4694363,1.0920744,-4.867069
734,2026-05-11 16:19:02.860627,2.0185935,0.8619405,1.9495649,1.4694363,1.0920744,-4.867069
735,2026-05-11 16:19:02.863237,2.0185935,0.8619405,1.9495649,1.4694363,1.0920744,-4.867069
736,2026-05-11 16:19:02.865873,2.0185935,0.8619405,1.9495649,1.4694363,1.0920744,-4.867069
737,2026-05-11 16:19:02.868592,2.0185935,0.8619405,1.9495649,1.4694363,1.0920744,-4.867069
738,2026-05-11 16:19:02.871864,2.0185935,0.8619405,1.9495649,1.4694363,1.0920744,-4.867069
739,2026-05-11 16:19:02.874717,2.0185935,0.8619405,1.9495649,1.4694363,1.0920744,-4.867069
740,2026-05-11 16:19:02.877360,2.0185935,0.8619405,1.9495649,1.4694363,1.0920744,-4.867069
741,2026-05-11 16:19:02.880007,2.0185935,0.8619405,1.9495649,1.4694363,1.0920744,-4.867069
742,2026-05-11 16:19:02.882918,1.7304667,0.81151074,3.117255,1.7939585,1.6471981,-4.2858305
743,2026-05-11 16:19:02.885926,1.7304667,0.81151074,3.117255,1.7939585,1.6471981,-4.2858305
744,2026-05-11 16:19:02.888746,1.3889225,0.646745,4.009807,1.7939585,1.6471981,-4.2858305
745,2026-05-11 16:19:02.891574,1.3889225,0.646745,4.009807,1.7939585,1.6471981,-4.2858305
746,2026-05-11 16:19:02.894192,1.3889225,0.646745,4.009807,1.7939585,1.6471981,-4.2858305
747,2026-05-11 16:19:02.896948,1.3889225,0.646745,4.009807,1.7939585,1.6471981,-4.2858305
748,2026-05-11 16:19:02.899577,1.3889225,0.646745,4.009807,1.7939585,1.6471981,-4.2858305
749,2026-05-11 16:19:02.902321,1.3889225,0.646745,4.009807,1.7939585,1.6471981,-4.2858305
750,2026-05-11 16:19:02.905504,1.3889225,0.646745,4.009807,1.7939585,1.6471981,-4.2858305
751,2026-05-11 16:19:02.908070,1.3889225,0.646745,4.009807,1.7939585,1.6471981,-4.2858305
752,2026-05-11 16:19:02.910777,1.3889225,0.646745,4.009807,1.7939585,1.6471981,-4.2858305
753,2026-05-11 16:19:02.913361,1.3889225,0.646745,4.009807,1.7939585,1.6471981,-4.2858305
754,2026-05-11 16:19:02.915924,1.3889225,0.646745,4.009807,1.7939585,1.6471981,-4.2858305
755,2026-05-11 16:19:02.918472,1.3889225,0.646745,4.009807,1.7939585,1.6471981,-4.2858305
756,2026-05-11 16:19:02.921752,1.3889225,0.646745,4.009807,1.7939585,1.6471981,-4.2858305
757,2026-05-11 16:19:02.924412,1.3889225,0.646745,4.009807,1.7939585,1.6471981,-4.2858305
758,2026-05-11 16:19:02.927005,1.3889225,0.646745,4.009807,1.7939585,1.6471981,-4.2858305
759,2026-05-11 16:19:02.929688,1.3889225,0.646745,4.009807,1.7939585,1.6471981,-4.2858305
760,2026-05-11 16:19:02.932285,1.3889225,0.646745,4.009807,1.7939585,1.6471981,-4.2858305
761,2026-05-11 16:19:02.934818,1.3889225,0.646745,4.009807,1.7939585,1.6471981,-4.2858305
762,2026-05-11 16:19:02.937855,1.3889225,0.646745,4.009807,1.7939585,1.6471981,-4.2858305
763,2026-05-11 16:19:02.940577,1.3889225,0.646745,4.009807,1.7939585,1.6471981,-4.2858305
764,2026-05-11 16:19:02.943208,1.3889225,0.646745,4.009807,1.7939585,1.6471981,-4.2858305
765,2026-05-11 16:19:02.945873,1.3889225,0.646745,4.009807,1.7939585,1.6471981,-4.2858305
766,2026-05-11 16:19:02.948445,1.3889225,0.646745,4.009807,1.7939585,1.6471981,-4.2858305
767,2026-05-11 16:19:02.951022,1.3889225,0.646745,4.009807,1.7939585,1.6471981,-4.2858305
768,2026-05-11 16:19:02.960487,1.3889225,0.646745,4.009807,1.7939585,1.6471981,-4.2858305
769,2026-05-11 16:19:02.982786,2.4445329,2.1590283,1.87639,-1.3539828,-0.60139686,-5.1844134
770,2026-05-11 16:19:02.992010,2.0501196,1.7102216,2.2518997,-0.24740042,-0.6786713,-5.513517
771,2026-05-11 16:19:02.995084,2.0501196,1.7102216,2.2518997,-0.24740042,-0.6786713,-5.513517
772,2026-05-11 16:19:02.997763,2.0501196,1.7102216,2.2518997,-0.24740042,-0.6786713,-5.513517
773,2026-05-11 16:19:03.000431,2.0501196,1.7102216,2.2518997,-0.24740042,-0.6786713,-5.513517
774,2026-05-11 16:19:03.003515,2.0501196,1.7102216,2.2518997,-0.24740042,-0.6786713,-5.513517
775,2026-05-11 16:19:03.006467,2.0501196,1.7102216,2.2518997,-0.24740042,-0.6786713,-5.513517
776,2026-05-11 16:19:03.009097,2.0501196,1.7102216,2.2518997,-0.24740042,-0.6786713,-5.513517
777,2026-05-11 16:19:03.012037,2.0501196,1.7102216,2.2518997,-0.24740042,-0.6786713,-5.513517
778,2026-05-11 16:19:03.014671,2.0501196,1.7102216,2.2518997,-0.24740042,-0.6786713,-5.513517
779,2026-05-11 16:19:03.017271,2.0501196,1.7102216,2.2518997,-0.24740042,-0.6786713,-5.513517
780,2026-05-11 16:19:03.020478,2.0501196,1.7102216,2.2518997,-0.24740042,-0.6786713,-5.513517
781,2026-05-11 16:19:03.023253,2.0501196,1.7102216,2.2518997,-0.24740042,-0.6786713,-5.513517
782,2026-05-11 16:19:03.026077,2.0501196,1.7102216,2.2518997,-0.24740042,-0.6786713,-5.513517
783,2026-05-11 16:19:03.028839,2.0501196,1.7102216,2.2518997,-0.24740042,-0.6786713,-5.513517
784,2026-05-11 16:19:03.031651,2.0501196,1.7102216,2.2518997,-0.24740042,-0.6786713,-5.513517
785,2026-05-11 16:19:03.034369,2.0501196,1.7102216,2.2518997,-0.24740042,-0.6786713,-5.513517
786,2026-05-11 16:19:03.037344,2.0501196,1.7102216,2.2518997,-0.24740042,-0.6786713,-5.513517
787,2026-05-11 16:19:03.040309,1.8300457,1.4094115,2.320806,0.79519385,-0.5833763,-5.6442423
788,2026-05-11 16:19:03.043083,1.7658348,1.244036,2.283609,0.79519385,-0.5833763,-5.6442423
789,2026-05-11 16:19:03.045843,1.701075,0.9118215,2.285865,2.3758078,-0.31322116,-5.809787
790,2026-05-11 16:19:03.048462,1.701075,0.9118215,2.285865,2.3758078,-0.31322116,-5.809787
791,2026-05-11 16:19:03.051049,1.701075,0.9118215,2.285865,2.3758078,-0.31322116,-5.809787
792,2026-05-11 16:19:03.054100,1.701075,0.9118215,2.285865,2.3758078,-0.31322116,-5.809787
793,2026-05-11 16:19:03.056831,1.701075,0.9118215,2.285865,2.3758078,-0.31322116,-5.809787
794,2026-05-11 16:19:03.059469,1.701075,0.9118215,2.285865,2.3758078,-0.31322116,-5.809787
795,2026-05-11 16:19:03.062159,1.701075,0.9118215,2.285865,2.3758078,-0.31322116,-5.809787
796,2026-05-11 16:19:03.064735,1.701075,0.9118215,2.285865,2.3758078,-0.31322116,-5.809787
797,2026-05-11 16:19:03.067529,1.6561941,0.6816861,2.335685,3.1309898,-0.39522982,-5.948911
798,2026-05-11 16:19:03.070564,1.6561941,0.6816861,2.335685,3.1309898,-0.39522982,-5.948911
799,2026-05-11 16:19:03.073356,1.6561941,0.6816861,2.335685,3.1309898,-0.39522982,-5.948911
800,2026-05-11 16:19:03.076014,1.6561941,0.6816861,2.335685,3.1309898,-0.39522982,-5.948911
801,2026-05-11 16:19:03.078597,1.6561941,0.6816861,2.335685,3.1309898,-0.39522982,-5.948911
802,2026-05-11 16:19:03.081374,1.6561941,0.6816861,2.335685,4.348902,-0.72234815,-6.0865088
803,2026-05-11 16:19:03.083952,1.6561941,0.6816861,2.335685,4.348902,-0.72234815,-6.0865088
804,2026-05-11 16:19:03.086928,1.6561941,0.6816861,2.335685,4.348902,-0.72234815,-6.0865088
805,2026-05-11 16:19:03.089595,1.6561941,0.6816861,2.335685,4.348902,-0.72234815,-6.0865088
806,2026-05-11 16:19:03.092155,1.6561941,0.6816861,2.335685,4.348902,-0.72234815,-6.0865088
807,2026-05-11 16:19:03.094962,1.6561941,0.6816861,2.335685,4.348902,-0.72234815,-6.0865088
808,2026-05-11 16:19:03.097593,1.6561941,0.6816861,2.335685,4.348902,-0.72234815,-6.0865088
809,2026-05-11 16:19:03.100187,1.6561941,0.6816861,2.335685,4.348902,-0.72234815,-6.0865088
810,2026-05-11 16:19:03.103507,1.493014,0.30483487,2.2843406,4.348902,-0.72234815,-6.0865088
811,2026-05-11 16:19:03.106226,1.493014,0.30483487,2.2843406,4.348902,-0.72234815,-6.0865088
812,2026-05-11 16:19:03.108876,1.4313639,0.10342067,2.1910424,4.348902,-0.72234815,-6.0865088
813,2026-05-11 16:19:03.111750,1.4313639,0.10342067,2.1910424,4.348902,-0.72234815,-6.0865088
814,2026-05-11 16:19:03.114487,1.4313639,0.10342067,2.1910424,5.0384164,-0.8688031,-6.1248403
815,2026-05-11 16:19:03.117244,1.4313639,0.10342067,2.1910424,5.0384164,-0.8688031,-6.1248403
816,2026-05-11 16:19:03.120517,1.4313639,0.10342067,2.1910424,5.0384164,-0.8688031,-6.1248403
817,2026-05-11 16:19:03.123313,1.4313639,0.10342067,2.1910424,5.0384164,-0.8688031,-6.1248403
818,2026-05-11 16:19:03.126045,1.4313639,0.10342067,2.1910424,5.0384164,-0.8688031,-6.1248403
819,2026-05-11 16:19:03.128851,1.4313639,0.10342067,2.1910424,5.0384164,-0.8688031,-6.1248403
820,2026-05-11 16:19:03.131818,1.4313639,0.10342067,2.1910424,5.671426,-0.88315845,-6.192341
821,2026-05-11 16:19:03.135322,1.3402001,-0.14360595,2.0016413,5.671426,-0.88315845,-6.192341
822,2026-05-11 16:19:03.139417,1.3402001,-0.14360595,2.0016413,5.671426,-0.88315845,-6.192341
823,2026-05-11 16:19:03.142350,1.3402001,-0.14360595,2.0016413,5.671426,-0.88315845,-6.192341
824,2026-05-11 16:19:03.145206,1.3402001,-0.14360595,2.0016413,5.671426,-0.88315845,-6.192341
825,2026-05-11 16:19:03.148226,1.3402001,-0.14360595,2.0016413,5.671426,-0.88315845,-6.192341
826,2026-05-11 16:19:03.151348,1.3028809,-0.30623737,1.7205882,5.671426,-0.88315845,-6.192341
827,2026-05-11 16:19:03.155420,1.3028809,-0.30623737,1.7205882,5.930738,-0.63224554,-6.157369
828,2026-05-11 16:19:03.158579,1.3028809,-0.30623737,1.7205882,5.867208,-0.35979962,-6.0886464
829,2026-05-11 16:19:03.161457,1.3028809,-0.30623737,1.7205882,5.867208,-0.35979962,-6.0886464
830,2026-05-11 16:19:03.164438,1.3028809,-0.30623737,1.7205882,5.867208,-0.35979962,-6.0886464
831,2026-05-11 16:19:03.167149,1.3028809,-0.30623737,1.7205882,5.867208,-0.35979962,-6.0886464
832,2026-05-11 16:19:03.170435,1.2808673,-0.39203507,1.5328333,5.867208,-0.35979962,-6.0886464
833,2026-05-11 16:19:03.173178,1.2808673,-0.39203507,1.5328333,5.867208,-0.35979962,-6.0886464
834,2026-05-11 16:19:03.175950,1.2808673,-0.39203507,1.5328333,5.867208,-0.35979962,-6.0886464
835,2026-05-11 16:19:03.178617,1.3161743,-0.24891695,1.43112,5.4814467,-0.6020077,-5.76779
836,2026-05-11 16:19:03.181240,1.3161743,-0.24891695,1.43112,5.4814467,-0.6020077,-5.76779
837,2026-05-11 16:19:03.184146,1.3161743,-0.24891695,1.43112,5.4814467,-0.6020077,-5.76779
838,2026-05-11 16:19:03.187258,1.3161743,-0.24891695,1.43112,5.4814467,-0.6020077,-5.76779
839,2026-05-11 16:19:03.190085,1.3161743,-0.24891695,1.43112,5.4814467,-0.6020077,-5.76779
840,2026-05-11 16:19:03.192876,1.7655299,0.07500438,1.3773364,4.96496,-1.1899655,-5.622251
841,2026-05-11 16:19:03.195480,1.7655299,0.07500438,1.3773364,4.96496,-1.1899655,-5.622251
842,2026-05-11 16:19:03.198167,1.7655299,0.07500438,1.3773364,4.96496,-1.1899655,-5.622251
843,2026-05-11 16:19:03.200942,1.7655299,0.07500438,1.3773364,4.96496,-1.1899655,-5.622251
844,2026-05-11 16:19:03.204680,1.7655299,0.07500438,1.3773364,4.96496,-1.1899655,-5.622251
845,2026-05-11 16:19:03.207590,1.7655299,0.07500438,1.3773364,4.96496,-1.1899655,-5.622251
846,2026-05-11 16:19:03.210433,1.7655299,0.07500438,1.3773364,4.96496,-1.1899655,-5.622251
847,2026-05-11 16:19:03.213131,1.7655299,0.07500438,1.3773364,4.96496,-1.1899655,-5.622251
848,2026-05-11 16:19:03.215965,1.7655299,0.07500438,1.3773364,4.96496,-1.1899655,-5.622251
849,2026-05-11 16:19:03.218677,1.7655299,0.07500438,1.3773364,4.96496,-1.1899655,-5.622251
850,2026-05-11 16:19:03.221964,1.7655299,0.07500438,1.3773364,4.96496,-1.1899655,-5.622251
851,2026-05-11 16:19:03.224660,1.7655299,0.07500438,1.3773364,4.96496,-1.1899655,-5.622251
852,2026-05-11 16:19:03.227557,1.7655299,0.07500438,1.3773364,4.96496,-1.1899655,-5.622251
853,2026-05-11 16:19:03.230318,1.7655299,0.07500438,1.3773364,3.6771033,-1.4598153,-5.6650114
854,2026-05-11 16:19:03.232950,1.7655299,0.07500438,1.3773364,3.6771033,-1.4598153,-5.6650114
855,2026-05-11 16:19:03.235948,1.7655299,0.07500438,1.3773364,3.6771033,-1.4598153,-5.6650114
856,2026-05-11 16:19:03.238976,1.7655299,0.07500438,1.3773364,3.6771033,-1.4598153,-5.6650114
857,2026-05-11 16:19:03.241783,1.7655299,0.07500438,1.3773364,3.6771033,-1.4598153,-5.6650114
858,2026-05-11 16:19:03.244621,1.7655299,0.07500438,1.3773364,3.6771033,-1.4598153,-5.6650114
859,2026-05-11 16:19:03.247261,1.7655299,0.07500438,1.3773364,3.6771033,-1.4598153,-5.6650114
860,2026-05-11 16:19:03.250019,1.7655299,0.07500438,1.3773364,3.6771033,-1.4598153,-5.6650114
861,2026-05-11 16:19:03.253006,1.7655299,0.07500438,1.3773364,3.6771033,-1.4598153,-5.6650114
862,2026-05-11 16:19:03.255766,1.7655299,0.07500438,1.3773364,3.6771033,-1.4598153,-5.6650114
863,2026-05-11 16:19:03.258404,1.7655299,0.07500438,1.3773364,3.6771033,-1.4598153,-5.6650114
864,2026-05-11 16:19:03.260975,1.7655299,0.07500438,1.3773364,3.6771033,-1.4598153,-5.6650114
865,2026-05-11 16:19:03.263676,1.7655299,0.07500438,1.3773364,3.6771033,-1.4598153,-5.6650114
866,2026-05-11 16:19:03.266248,1.7655299,0.07500438,1.3773364,3.6771033,-1.4598153,-5.6650114
867,2026-05-11 16:19:03.269288,1.7655299,0.07500438,1.3773364,3.6771033,-1.4598153,-5.6650114
868,2026-05-11 16:19:03.272021,1.9964579,0.14561825,1.5386264,3.6771033,-1.4598153,-5.6650114
869,2026-05-11 16:19:03.274580,1.9964579,0.14561825,1.5386264,3.6771033,-1.4598153,-5.6650114
870,2026-05-11 16:19:03.277454,1.9964579,0.14561825,1.5386264,3.6771033,-1.4598153,-5.6650114
871,2026-05-11 16:19:03.280060,1.9964579,0.14561825,1.5386264,3.6771033,-1.4598153,-5.6650114
872,2026-05-11 16:19:03.282666,1.9964579,0.14561825,1.5386264,3.6771033,-1.4598153,-5.6650114
873,2026-05-11 16:19:03.285747,1.9964579,0.14561825,1.5386264,3.6771033,-1.4598153,-5.6650114
874,2026-05-11 16:19:03.288633,1.9964579,0.14561825,1.5386264,3.6771033,-1.4598153,-5.6650114
875,2026-05-11 16:19:03.291320,1.9964579,0.14561825,1.5386264,3.6771033,-1.4598153,-5.6650114
876,2026-05-11 16:19:03.293937,1.9964579,0.14561825,1.5386264,3.6771033,-1.4598153,-5.6650114
877,2026-05-11 16:19:03.296589,2.49106,0.08573671,2.0613399,3.6771033,-1.4598153,-5.6650114
878,2026-05-11 16:19:03.299164,2.49106,0.08573671,2.0613399,3.6771033,-1.4598153,-5.6650114
879,2026-05-11 16:19:03.302384,2.49106,0.08573671,2.0613399,3.6771033,-1.4598153,-5.6650114
880,2026-05-11 16:19:03.305130,2.49106,0.08573671,2.0613399,3.6771033,-1.4598153,-5.6650114
881,2026-05-11 16:19:03.307820,2.49106,0.08573671,2.0613399,3.6771033,-1.4598153,-5.6650114
882,2026-05-11 16:19:03.310453,2.49106,0.08573671,2.0613399,3.6771033,-1.4598153,-5.6650114
883,2026-05-11 16:19:03.313019,2.49106,0.08573671,2.0613399,3.6771033,-1.4598153,-5.6650114
884,2026-05-11 16:19:03.315684,2.49106,0.08573671,2.0613399,3.6771033,-1.4598153,-5.6650114
885,2026-05-11 16:19:03.318242,2.49106,0.08573671,2.0613399,3.6771033,-1.4598153,-5.6650114
886,2026-05-11 16:19:03.321339,2.49106,0.08573671,2.0613399,3.6771033,-1.4598153,-5.6650114
887,2026-05-11 16:19:03.324121,2.49106,0.08573671,2.0613399,3.6771033,-1.4598153,-5.6650114
888,2026-05-11 16:19:03.326734,2.49106,0.08573671,2.0613399,3.6771033,-1.4598153,-5.6650114
889,2026-05-11 16:19:03.329306,2.49106,0.08573671,2.0613399,3.6771033,-1.4598153,-5.6650114
890,2026-05-11 16:19:03.332076,2.49106,0.08573671,2.0613399,3.6771033,-1.4598153,-5.6650114
891,2026-05-11 16:19:03.335062,2.49106,0.08573671,2.0613399,3.6771033,-1.4598153,-5.6650114
892,2026-05-11 16:19:03.338146,2.49106,0.08573671,2.0613399,2.9093986,-0.52122074,-6.0828433
893,2026-05-11 16:19:03.340840,2.49106,0.08573671,2.0613399,2.9093986,-0.52122074,-6.0828433
894,2026-05-11 16:19:03.343623,2.49106,0.08573671,2.0613399,2.9093986,-0.52122074,-6.0828433
895,2026-05-11 16:19:03.346347,2.49106,0.08573671,2.0613399,2.9093986,-0.52122074,-6.0828433
896,2026-05-11 16:19:03.348934,2.49106,0.08573671,2.0613399,2.9093986,-0.52122074,-6.0828433
897,2026-05-11 16:19:03.352076,2.49106,0.08573671,2.0613399,2.9093986,-0.52122074,-6.0828433
898,2026-05-11 16:19:03.355018,2.49106,0.08573671,2.0613399,2.9093986,-0.52122074,-6.0828433
899,2026-05-11 16:19:03.357877,2.49106,0.08573671,2.0613399,2.9093986,-0.52122074,-6.0828433
900,2026-05-11 16:19:03.360547,2.49106,0.08573671,2.0613399,2.9093986,-0.52122074,-6.0828433
901,2026-05-11 16:19:03.363224,2.49106,0.08573671,2.0613399,2.9093986,-0.52122074,-6.0828433
902,2026-05-11 16:19:03.365931,2.49106,0.08573671,2.0613399,2.9093986,-0.52122074,-6.0828433
903,2026-05-11 16:19:03.369033,2.49106,0.08573671,2.0613399,2.9093986,-0.52122074,-6.0828433
904,2026-05-11 16:19:03.371894,2.49106,0.08573671,2.0613399,2.9093986,-0.52122074,-6.0828433
905,2026-05-11 16:19:03.374511,2.49106,0.08573671,2.0613399,2.9093986,-0.52122074,-6.0828433
906,2026-05-11 16:19:03.377092,2.49106,0.08573671,2.0613399,2.9093986,-0.52122074,-6.0828433
907,2026-05-11 16:19:03.379864,2.49106,0.08573671,2.0613399,2.8232665,0.66966105,-6.660722
908,2026-05-11 16:19:03.382494,2.49106,0.08573671,2.0613399,2.8232665,0.66966105,-6.660722
909,2026-05-11 16:19:03.385099,2.49106,0.08573671,2.0613399,2.8232665,0.66966105,-6.660722
910,2026-05-11 16:19:03.388339,2.49106,0.08573671,2.0613399,2.8232665,0.66966105,-6.660722
911,2026-05-11 16:19:03.391028,2.49106,0.08573671,2.0613399,2.8232665,0.66966105,-6.660722
912,2026-05-11 16:19:03.393803,2.49106,0.08573671,2.0613399,2.8232665,0.66966105,-6.660722
913,2026-05-11 16:19:03.396417,2.49106,0.08573671,2.0613399,2.8232665,0.66966105,-6.660722
914,2026-05-11 16:19:03.399326,2.7416234,-0.24458744,2.5297818,2.8232665,0.66966105,-6.660722
915,2026-05-11 16:19:03.401995,2.7416234,-0.24458744,2.5297818,2.8232665,0.66966105,-6.660722
916,2026-05-11 16:19:03.405187,2.7416234,-0.24458744,2.5297818,2.8232665,0.66966105,-6.660722
917,2026-05-11 16:19:03.407819,2.7416234,-0.24458744,2.5297818,2.8232665,0.66966105,-6.660722
918,2026-05-11 16:19:03.410563,2.7416234,-0.24458744,2.5297818,2.8232665,0.66966105,-6.660722
919,2026-05-11 16:19:03.413178,2.7416234,-0.24458744,2.5297818,2.8232665,0.66966105,-6.660722
920,2026-05-11 16:19:03.415962,2.7416234,-0.24458744,2.5297818,2.8232665,0.66966105,-6.660722
921,2026-05-11 16:19:03.418635,2.7416234,-0.24458744,2.5297818,2.8232665,0.66966105,-6.660722
922,2026-05-11 16:19:03.421783,2.7416234,-0.24458744,2.5297818,2.8232665,0.66966105,-6.660722
923,2026-05-11 16:19:03.424493,2.7416234,-0.24458744,2.5297818,2.8232665,0.66966105,-6.660722
924,2026-05-11 16:19:03.427089,2.7416234,-0.24458744,2.5297818,2.8232665,0.66966105,-6.660722
925,2026-05-11 16:19:03.429936,2.2896457,-0.60021794,2.801627,2.8232665,0.66966105,-6.660722
926,2026-05-11 16:19:03.432526,2.2896457,-0.60021794,2.801627,2.8232665,0.66966105,-6.660722
927,2026-05-11 16:19:03.435620,2.2896457,-0.60021794,2.801627,2.8232665,0.66966105,-6.660722
928,2026-05-11 16:19:03.438480,2.2896457,-0.60021794,2.801627,2.8232665,0.66966105,-6.660722
929,2026-05-11 16:19:03.441086,2.2896457,-0.60021794,2.801627,2.8232665,0.66966105,-6.660722
930,2026-05-11 16:19:03.443683,2.2896457,-0.60021794,2.801627,2.8232665,0.66966105,-6.660722
931,2026-05-11 16:19:03.446456,2.2896457,-0.60021794,2.801627,2.8232665,0.66966105,-6.660722
932,2026-05-11 16:19:03.449055,2.2896457,-0.60021794,2.801627,2.8232665,0.66966105,-6.660722
933,2026-05-11 16:19:03.451763,2.2896457,-0.60021794,2.801627,2.8232665,0.66966105,-6.660722
934,2026-05-11 16:19:03.454803,2.2896457,-0.60021794,2.801627,3.3238704,1.7953329,-7.190495
935,2026-05-11 16:19:03.457638,2.2896457,-0.60021794,2.801627,3.3238704,1.7953329,-7.190495
936,2026-05-11 16:19:03.460392,2.2896457,-0.60021794,2.801627,3.3238704,1.7953329,-7.190495
937,2026-05-11 16:19:03.463084,2.2896457,-0.60021794,2.801627,3.3238704,1.7953329,-7.190495
938,2026-05-11 16:19:03.465844,2.2896457,-0.60021794,2.801627,3.3238704,1.7953329,-7.190495
939,2026-05-11 16:19:03.468550,2.2896457,-0.60021794,2.801627,3.3238704,1.7953329,-7.190495
940,2026-05-11 16:19:03.471687,2.2896457,-0.60021794,2.801627,3.3238704,1.7953329,-7.190495
941,2026-05-11 16:19:03.474644,1.8581573,-0.8478543,2.9122431,3.3238704,1.7953329,-7.190495
942,2026-05-11 16:19:03.477273,1.8581573,-0.8478543,2.9122431,3.3238704,1.7953329,-7.190495
943,2026-05-11 16:19:03.479872,1.8581573,-0.8478543,2.9122431,3.3238704,1.7953329,-7.190495
944,2026-05-11 16:19:03.482552,1.8581573,-0.8478543,2.9122431,3.3238704,1.7953329,-7.190495
945,2026-05-11 16:19:03.485102,1.8581573,-0.8478543,2.9122431,3.3238704,1.7953329,-7.190495
946,2026-05-11 16:19:03.488529,1.8581573,-0.8478543,2.9122431,4.227951,1.8602374,-7.249138
947,2026-05-11 16:19:03.491151,1.8581573,-0.8478543,2.9122431,4.227951,1.8602374,-7.249138
948,2026-05-11 16:19:03.493716,1.8581573,-0.8478543,2.9122431,4.227951,1.8602374,-7.249138
949,2026-05-11 16:19:03.496307,1.8581573,-0.8478543,2.9122431,4.227951,1.8602374,-7.249138
950,2026-05-11 16:19:03.498819,1.8581573,-0.8478543,2.9122431,4.227951,1.8602374,-7.249138
951,2026-05-11 16:19:03.501420,1.8581573,-0.8478543,2.9122431,5.7474785,1.0761919,-6.976692
952,2026-05-11 16:19:03.504290,1.8581573,-0.8478543,2.9122431,5.7474785,1.0761919,-6.976692
953,2026-05-11 16:19:03.506925,1.8581573,-0.8478543,2.9122431,5.7474785,1.0761919,-6.976692
954,2026-05-11 16:19:03.509579,1.8581573,-0.8478543,2.9122431,5.7474785,1.0761919,-6.976692
955,2026-05-11 16:19:03.512159,1.5008802,-1.1437863,2.7994926,5.7474785,1.0761919,-6.976692
956,2026-05-11 16:19:03.514926,1.5008802,-1.1437863,2.7994926,5.7474785,1.0761919,-6.976692
957,2026-05-11 16:19:03.517528,1.5008802,-1.1437863,2.7994926,5.7474785,1.0761919,-6.976692
958,2026-05-11 16:19:03.520479,1.5008802,-1.1437863,2.7994926,5.7474785,1.0761919,-6.976692
959,2026-05-11 16:19:03.523239,1.5008802,-1.1437863,2.7994926,5.7474785,1.0761919,-6.976692
960,2026-05-11 16:19:03.525817,1.5008802,-1.1437863,2.7994926,5.7474785,1.0761919,-6.976692
961,2026-05-11 16:19:03.528390,1.5008802,-1.1437863,2.7994926,5.7474785,1.0761919,-6.976692
962,2026-05-11 16:19:03.531029,1.5008802,-1.1437863,2.7994926,5.7474785,1.0761919,-6.976692
963,2026-05-11 16:19:03.533592,1.5008802,-1.1437863,2.7994926,5.7474785,1.0761919,-6.976692
964,2026-05-11 16:19:03.536803,1.5008802,-1.1437863,2.7994926,5.7474785,1.0761919,-6.976692
965,2026-05-11 16:19:03.539646,1.5008802,-1.1437863,2.7994926,5.7474785,1.0761919,-6.976692
966,2026-05-11 16:19:03.542438,1.5008802,-1.1437863,2.7994926,5.7474785,1.0761919,-6.976692
967,2026-05-11 16:19:03.545096,1.5008802,-1.1437863,2.7994926,5.7474785,1.0761919,-6.976692
968,2026-05-11 16:19:03.547740,1.5008802,-1.1437863,2.7994926,5.7474785,1.0761919,-6.976692
969,2026-05-11 16:19:03.550508,1.5008802,-1.1437863,2.7994926,5.7474785,1.0761919,-6.976692
970,2026-05-11 16:19:03.553529,1.4203877,-1.2436701,2.3860538,7.127881,-0.03145956,-6.6814914
971,2026-05-11 16:19:03.556297,1.4203877,-1.2436701,2.3860538,7.127881,-0.03145956,-6.6814914
972,2026-05-11 16:19:03.559074,1.4203877,-1.2436701,2.3860538,7.127881,-0.03145956,-6.6814914
973,2026-05-11 16:19:03.561702,1.4203877,-1.2436701,2.3860538,7.127881,-0.03145956,-6.6814914
974,2026-05-11 16:19:03.564542,1.4203877,-1.2436701,2.3860538,7.127881,-0.03145956,-6.6814914
975,2026-05-11 16:19:03.567154,1.4203877,-1.2436701,2.3860538,7.127881,-0.03145956,-6.6814914
976,2026-05-11 16:19:03.570207,1.4689271,-1.264464,1.8774267,7.127881,-0.03145956,-6.6814914
977,2026-05-11 16:19:03.572885,1.4689271,-1.264464,1.8774267,7.127881,-0.03145956,-6.6814914
978,2026-05-11 16:19:03.575731,1.4689271,-1.264464,1.8774267,7.856643,-0.82253003,-6.590778
979,2026-05-11 16:19:03.578318,1.4689271,-1.264464,1.8774267,7.856643,-0.82253003,-6.590778
980,2026-05-11 16:19:03.580897,1.4689271,-1.264464,1.8774267,7.856643,-0.82253003,-6.590778
981,2026-05-11 16:19:03.583720,1.4689271,-1.264464,1.8774267,7.856643,-0.82253003,-6.590778
982,2026-05-11 16:19:03.586785,1.4689271,-1.264464,1.8774267,7.856643,-0.82253003,-6.590778
983,2026-05-11 16:19:03.589476,1.4689271,-1.264464,1.8774267,7.856643,-0.82253003,-6.590778
984,2026-05-11 16:19:03.592046,1.4689271,-1.264464,1.8774267,7.856643,-0.82253003,-6.590778
985,2026-05-11 16:19:03.594621,1.4689271,-1.264464,1.8774267,7.856643,-0.82253003,-6.590778
986,2026-05-11 16:19:03.597422,1.4689271,-1.264464,1.8774267,7.856643,-0.82253003,-6.590778
987,2026-05-11 16:19:03.600116,1.4161192,-1.311418,1.5031365,7.9647665,-1.0587822,-6.665303
988,2026-05-11 16:19:03.603290,1.4161192,-1.311418,1.5031365,7.9647665,-1.0587822,-6.665303
989,2026-05-11 16:19:03.605985,1.4161192,-1.311418,1.5031365,7.9647665,-1.0587822,-6.665303
990,2026-05-11 16:19:03.608610,1.4161192,-1.311418,1.5031365,7.9647665,-1.0587822,-6.665303
991,2026-05-11 16:19:03.611420,1.1804347,-1.4066675,1.0954298,7.9647665,-1.0587822,-6.665303
992,2026-05-11 16:19:03.614030,1.1804347,-1.4066675,1.0954298,7.9647665,-1.0587822,-6.665303
993,2026-05-11 16:19:03.616726,1.1804347,-1.4066675,1.0954298,7.9647665,-1.0587822,-6.665303
994,2026-05-11 16:19:03.619589,1.1804347,-1.4066675,1.0954298,7.9647665,-1.0587822,-6.665303
995,2026-05-11 16:19:03.622466,1.1804347,-1.4066675,1.0954298,7.9647665,-1.0587822,-6.665303
996,2026-05-11 16:19:03.625158,1.1804347,-1.4066675,1.0954298,7.9647665,-1.0587822,-6.665303
997,2026-05-11 16:19:03.627748,1.1804347,-1.4066675,1.0954298,7.9647665,-1.0587822,-6.665303
998,2026-05-11 16:19:03.630381,1.1804347,-1.4066675,1.0954298,7.9647665,-1.0587822,-6.665303
999,2026-05-11 16:19:03.633187,1.1804347,-1.4066675,1.0954298,7.9647665,-1.0587822,-6.665303
1000,2026-05-11 16:19:03.636334,1.1804347,-1.4066675,1.0954298,7.9647665,-1.0587822,-6.665303
1001,2026-05-11 16:19:03.639144,1.1804347,-1.4066675,1.0954298,7.7976947,-1.0858129,-6.704246
1002,2026-05-11 16:19:03.641773,1.1804347,-1.4066675,1.0954298,7.7976947,-1.0858129,-6.704246
1003,2026-05-11 16:19:03.644562,1.1804347,-1.4066675,1.0954298,7.7976947,-1.0858129,-6.704246
1004,2026-05-11 16:19:03.647167,1.1804347,-1.4066675,1.0954298,7.7976947,-1.0858129,-6.704246
1005,2026-05-11 16:19:03.649910,1.1804347,-1.4066675,1.0954298,7.7976947,-1.0858129,-6.704246
1006,2026-05-11 16:19:03.652855,1.1804347,-1.4066675,1.0954298,7.7976947,-1.0858129,-6.704246
1007,2026-05-11 16:19:03.655580,1.1804347,-1.4066675,1.0954298,7.7976947,-1.0858129,-6.704246
1008,2026-05-11 16:19:03.658329,1.1804347,-1.4066675,1.0954298,7.7976947,-1.0858129,-6.704246
1009,2026-05-11 16:19:03.661045,1.1804347,-1.4066675,1.0954298,7.7976947,-1.0858129,-6.704246
1010,2026-05-11 16:19:03.663776,1.1804347,-1.4066675,1.0954298,7.7976947,-1.0858129,-6.704246
1011,2026-05-11 16:19:03.666556,0.8977353,-1.6385713,0.7748013,7.4985237,-1.2173017,-6.6781316
1012,2026-05-11 16:19:03.669554,0.8977353,-1.6385713,0.7748013,7.4985237,-1.2173017,-6.6781316
1013,2026-05-11 16:19:03.672469,0.8977353,-1.6385713,0.7748013,7.3199983,-1.6453656,-6.5267897
1014,2026-05-11 16:19:03.675224,0.8977353,-1.6385713,0.7748013,7.3199983,-1.6453656,-6.5267897
1015,2026-05-11 16:19:03.677970,0.5914369,-1.8816952,0.5577155,7.3199983,-1.6453656,-6.5267897
1016,2026-05-11 16:19:03.680696,0.20324357,-2.0883536,0.30050534,7.3199983,-1.6453656,-6.5267897
1017,2026-05-11 16:19:03.683387,0.20324357,-2.0883536,0.30050534,7.3199983,-1.6453656,-6.5267897
1018,2026-05-11 16:19:03.686464,0.20324357,-2.0883536,0.30050534,7.3199983,-1.6453656,-6.5267897
1019,2026-05-11 16:19:03.689255,0.20324357,-2.0883536,0.30050534,7.3199983,-1.6453656,-6.5267897
1020,2026-05-11 16:19:03.691993,0.20324357,-2.0883536,0.30050534,7.3199983,-1.6453656,-6.5267897
1021,2026-05-11 16:19:03.694582,0.20324357,-2.0883536,0.30050534,7.3199983,-1.6453656,-6.5267897
1022,2026-05-11 16:19:03.697391,0.20324357,-2.0883536,0.30050534,7.3199983,-1.6453656,-6.5267897
1023,2026-05-11 16:19:03.699983,0.20324357,-2.0883536,0.30050534,7.3199983,-1.6453656,-6.5267897
1024,2026-05-11 16:19:03.702836,0.20324357,-2.0883536,0.30050534,7.3199983,-1.6453656,-6.5267897
1025,2026-05-11 16:19:03.705616,0.20324357,-2.0883536,0.30050534,7.3199983,-1.6453656,-6.5267897
1026,2026-05-11 16:19:03.708435,0.20324357,-2.0883536,0.30050534,7.3199983,-1.6453656,-6.5267897
1027,2026-05-11 16:19:03.711205,0.20324357,-2.0883536,0.30050534,7.3199983,-1.6453656,-6.5267897
1028,2026-05-11 16:19:03.713882,0.20324357,-2.0883536,0.30050534,7.3199983,-1.6453656,-6.5267897
1029,2026-05-11 16:19:03.716649,0.20324357,-2.0883536,0.30050534,7.262119,-2.118939,-6.3470426
1030,2026-05-11 16:19:03.719705,-0.27721128,-2.2868407,-0.17562,6.7460904,-3.111442,-5.630345
1031,2026-05-11 16:19:03.722645,-0.27721128,-2.2868407,-0.17562,6.7460904,-3.111442,-5.630345
1032,2026-05-11 16:19:03.725290,-0.27721128,-2.2868407,-0.17562,6.7460904,-3.111442,-5.630345
1033,2026-05-11 16:19:03.727970,-0.27721128,-2.2868407,-0.17562,6.7460904,-3.111442,-5.630345
1034,2026-05-11 16:19:03.730612,-0.27721128,-2.2868407,-0.17562,6.7460904,-3.111442,-5.630345
1035,2026-05-11 16:19:03.733194,-0.27721128,-2.2868407,-0.17562,6.7460904,-3.111442,-5.630345
1036,2026-05-11 16:19:03.736227,-0.27721128,-2.2868407,-0.17562,6.7460904,-3.111442,-5.630345
1037,2026-05-11 16:19:03.738955,-0.27721128,-2.2868407,-0.17562,6.7460904,-3.111442,-5.630345
1038,2026-05-11 16:19:03.741594,-0.27721128,-2.2868407,-0.17562,6.7460904,-3.111442,-5.630345
1039,2026-05-11 16:19:03.744433,-0.27721128,-2.2868407,-0.17562,6.7460904,-3.111442,-5.630345
1040,2026-05-11 16:19:03.747130,-0.27721128,-2.2868407,-0.17562,5.7149496,-3.1054862,-4.979621
1041,2026-05-11 16:19:03.749891,-0.27721128,-2.2868407,-0.17562,5.7149496,-3.1054862,-4.979621
1042,2026-05-11 16:19:03.752886,-0.27721128,-2.2868407,-0.17562,5.7149496,-3.1054862,-4.979621
1043,2026-05-11 16:19:03.755853,-0.36666775,-2.4422157,-0.289834,5.7149496,-3.1054862,-4.979621
1044,2026-05-11 16:19:03.758497,-0.36666775,-2.4422157,-0.289834,5.7149496,-3.1054862,-4.979621
1045,2026-05-11 16:19:03.761087,-0.36666775,-2.4422157,-0.289834,5.7149496,-3.1054862,-4.979621
1046,2026-05-11 16:19:03.763953,-0.36666775,-2.4422157,-0.289834,5.7149496,-3.1054862,-4.979621
1047,2026-05-11 16:19:03.766619,-0.36666775,-2.4422157,-0.289834,5.7149496,-3.1054862,-4.979621
1048,2026-05-11 16:19:03.769973,-0.36666775,-2.4422157,-0.289834,5.7149496,-3.1054862,-4.979621
1049,2026-05-11 16:19:03.772932,-0.36666775,-2.4422157,-0.289834,5.7149496,-3.1054862,-4.979621
1050,2026-05-11 16:19:03.775536,-0.36666775,-2.4422157,-0.289834,5.7149496,-3.1054862,-4.979621
1051,2026-05-11 16:19:03.778413,-0.36666775,-2.4422157,-0.289834,5.7149496,-3.1054862,-4.979621
1052,2026-05-11 16:19:03.781369,-0.47167388,-2.652289,-0.1934869,4.8441615,-2.4915667,-4.597983
1053,2026-05-11 16:19:03.783995,-0.47167388,-2.652289,-0.1934869,4.8441615,-2.4915667,-4.597983
1054,2026-05-11 16:19:03.787141,-0.47167388,-2.652289,-0.1934869,4.8441615,-2.4915667,-4.597983
1055,2026-05-11 16:19:03.789899,-0.47167388,-2.652289,-0.1934869,4.8441615,-2.4915667,-4.597983
1056,2026-05-11 16:19:03.792472,-0.47167388,-2.652289,-0.1934869,4.8441615,-2.4915667,-4.597983
1057,2026-05-11 16:19:03.795429,-0.47167388,-2.652289,-0.1934869,3.9272528,-1.5474744,-4.006665
1058,2026-05-11 16:19:03.798218,-0.47167388,-2.652289,-0.1934869,3.9272528,-1.5474744,-4.006665
1059,2026-05-11 16:19:03.800955,-0.47167388,-2.652289,-0.1934869,3.9272528,-1.5474744,-4.006665
1060,2026-05-11 16:19:03.803872,-0.47167388,-2.652289,-0.1934869,3.9272528,-1.5474744,-4.006665
1061,2026-05-11 16:19:03.806719,-0.8153525,-2.9871256,-0.048234522,3.9272528,-1.5474744,-4.006665
1062,2026-05-11 16:19:03.809330,-0.8153525,-2.9871256,-0.048234522,3.9272528,-1.5474744,-4.006665
1063,2026-05-11 16:19:03.812238,-0.8153525,-2.9871256,-0.048234522,3.9272528,-1.5474744,-4.006665
1064,2026-05-11 16:19:03.815023,-1.1453718,-3.2454944,0.068052754,3.9272528,-1.5474744,-4.006665
1065,2026-05-11 16:19:03.817652,-1.1453718,-3.2454944,0.068052754,3.9272528,-1.5474744,-4.006665
1066,2026-05-11 16:19:03.820676,-1.1453718,-3.2454944,0.068052754,3.9272528,-1.5474744,-4.006665
1067,2026-05-11 16:19:03.823383,-1.1453718,-3.2454944,0.068052754,3.9272528,-1.5474744,-4.006665
1068,2026-05-11 16:19:03.825947,-1.1453718,-3.2454944,0.068052754,3.9272528,-1.5474744,-4.006665
1069,2026-05-11 16:19:03.828812,-1.1453718,-3.2454944,0.068052754,3.9272528,-1.5474744,-4.006665
1070,2026-05-11 16:19:03.831431,-1.1453718,-3.2454944,0.068052754,3.9272528,-1.5474744,-4.006665
1071,2026-05-11 16:19:03.834035,-1.1453718,-3.2454944,0.068052754,3.9272528,-1.5474744,-4.006665
1072,2026-05-11 16:19:03.837233,-1.1453718,-3.2454944,0.068052754,3.9272528,-1.5474744,-4.006665
1073,2026-05-11 16:19:03.840005,-1.1453718,-3.2454944,0.068052754,3.9272528,-1.5474744,-4.006665
1074,2026-05-11 16:19:03.842821,-1.1453718,-3.2454944,0.068052754,3.7061195,-1.2997686,-3.59708
1075,2026-05-11 16:19:03.845525,-1.1453718,-3.2454944,0.068052754,3.7061195,-1.2997686,-3.59708
1076,2026-05-11 16:19:03.848209,-1.1453718,-3.2454944,0.068052754,3.7061195,-1.2997686,-3.59708
1077,2026-05-11 16:19:03.850960,-1.1453718,-3.2454944,0.068052754,3.7061195,-1.2997686,-3.59708
1078,2026-05-11 16:19:03.854121,-1.1453718,-3.2454944,0.068052754,3.451694,-1.0850494,-2.5001187
1079,2026-05-11 16:19:03.856816,-1.4888064,-3.5308156,0.084456146,3.451694,-1.0850494,-2.5001187
1080,2026-05-11 16:19:03.859642,-1.4888064,-3.5308156,0.084456146,3.451694,-1.0850494,-2.5001187
1081,2026-05-11 16:19:03.862319,-1.4888064,-3.5308156,0.084456146,3.451694,-1.0850494,-2.5001187
1082,2026-05-11 16:19:03.865052,-1.4888064,-3.5308156,0.084456146,3.451694,-1.0850494,-2.5001187
1083,2026-05-11 16:19:03.867657,-1.4888064,-3.5308156,0.084456146,3.451694,-1.0850494,-2.5001187
1084,2026-05-11 16:19:03.870620,-1.4888064,-3.5308156,0.084456146,3.451694,-1.0850494,-2.5001187
1085,2026-05-11 16:19:03.873438,-1.4888064,-3.5308156,0.084456146,3.451694,-1.0850494,-2.5001187
1086,2026-05-11 16:19:03.876210,-1.4888064,-3.5308156,0.084456146,3.451694,-1.0850494,-2.5001187
1087,2026-05-11 16:19:03.878948,-1.7553463,-3.6496031,-0.04549046,3.451694,-1.0850494,-2.5001187
1088,2026-05-11 16:19:03.881639,-1.7553463,-3.6496031,-0.04549046,3.451694,-1.0850494,-2.5001187
1089,2026-05-11 16:19:03.884348,-1.7553463,-3.6496031,-0.04549046,3.451694,-1.0850494,-2.5001187
1090,2026-05-11 16:19:03.887366,-1.7553463,-3.6496031,-0.04549046,3.451694,-1.0850494,-2.5001187
1091,2026-05-11 16:19:03.890179,-1.7553463,-3.6496031,-0.04549046,3.451694,-1.0850494,-2.5001187
1092,2026-05-11 16:19:03.892856,-1.7553463,-3.6496031,-0.04549046,3.451694,-1.0850494,-2.5001187
1093,2026-05-11 16:19:03.895434,-1.7553463,-3.6496031,-0.04549046,3.451694,-1.0850494,-2.5001187
1094,2026-05-11 16:19:03.898147,-1.7553463,-3.6496031,-0.04549046,3.451694,-1.0850494,-2.5001187
1095,2026-05-11 16:19:03.900814,-1.7553463,-3.6496031,-0.04549046,2.8556423,-0.6348417,-0.95814216
1096,2026-05-11 16:19:03.903960,-1.7553463,-3.6496031,-0.04549046,2.8556423,-0.6348417,-0.95814216
1097,2026-05-11 16:19:03.906718,-1.7553463,-3.6496031,-0.04549046,2.8556423,-0.6348417,-0.95814216
1098,2026-05-11 16:19:03.909403,-1.6488768,-3.6198454,-0.086834334,2.3585508,-0.22296582,-0.15195273
1099,2026-05-11 16:19:03.911983,-1.6488768,-3.6198454,-0.086834334,2.3585508,-0.22296582,-0.15195273
1100,2026-05-11 16:19:03.914782,-1.6488768,-3.6198454,-0.086834334,2.3585508,-0.22296582,-0.15195273
1101,2026-05-11 16:19:03.917387,-1.6488768,-3.6198454,-0.086834334,2.3585508,-0.22296582,-0.15195273
1102,2026-05-11 16:19:03.920509,-1.6488768,-3.6198454,-0.086834334,2.3585508,-0.22296582,-0.15195273
1103,2026-05-11 16:19:03.923360,-1.6488768,-3.6198454,-0.086834334,2.3585508,-0.22296582,-0.15195273
1104,2026-05-11 16:19:03.925969,-1.6488768,-3.6198454,-0.086834334,2.3585508,-0.22296582,-0.15195273
1105,2026-05-11 16:19:03.928569,-1.6488768,-3.6198454,-0.086834334,2.3585508,-0.22296582,-0.15195273
1106,2026-05-11 16:19:03.931236,-1.4209975,-3.5867338,-0.09994486,2.3585508,-0.22296582,-0.15195273
1107,2026-05-11 16:19:03.933816,-1.4209975,-3.5867338,-0.09994486,2.3585508,-0.22296582,-0.15195273
1108,2026-05-11 16:19:03.936800,-1.4209975,-3.5867338,-0.09994486,2.3585508,-0.22296582,-0.15195273
1109,2026-05-11 16:19:03.939838,-1.4209975,-3.5867338,-0.09994486,2.3585508,-0.22296582,-0.15195273
1110,2026-05-11 16:19:03.942533,-1.4209975,-3.5867338,-0.09994486,2.3585508,-0.22296582,-0.15195273
1111,2026-05-11 16:19:03.945107,-1.4209975,-3.5867338,-0.09994486,2.3585508,-0.22296582,-0.15195273
1112,2026-05-11 16:19:03.947909,-1.4209975,-3.5867338,-0.09994486,2.3585508,-0.22296582,-0.15195273
1113,2026-05-11 16:19:03.950475,-1.4209975,-3.5867338,-0.09994486,2.3585508,-0.22296582,-0.15195273
1114,2026-05-11 16:19:03.953499,-1.4209975,-3.5867338,-0.09994486,2.3585508,-0.22296582,-0.15195273
1115,2026-05-11 16:19:03.956298,-1.4209975,-3.5867338,-0.09994486,1.5515977,0.5154176,0.83169305
1116,2026-05-11 16:19:03.958866,-1.4209975,-3.5867338,-0.09994486,1.5515977,0.5154176,0.83169305
1117,2026-05-11 16:19:03.961436,-1.4209975,-3.5867338,-0.09994486,1.5515977,0.5154176,0.83169305
1118,2026-05-11 16:19:03.964155,-1.4209975,-3.5867338,-0.09994486,1.5515977,0.5154176,0.83169305
1119,2026-05-11 16:19:03.966787,-1.4209975,-3.5867338,-0.09994486,1.5515977,0.5154176,0.83169305
1120,2026-05-11 16:19:03.969907,-1.4209975,-3.5867338,-0.09994486,1.5515977,0.5154176,0.83169305
1121,2026-05-11 16:19:03.972704,-1.4209975,-3.5867338,-0.09994486,1.5515977,0.5154176,0.83169305
1122,2026-05-11 16:19:03.975465,-1.4209975,-3.5867338,-0.09994486,1.5515977,0.5154176,0.83169305
1123,2026-05-11 16:19:03.978089,-1.4209975,-3.5867338,-0.09994486,1.5515977,0.5154176,0.83169305
1124,2026-05-11 16:19:03.980810,-1.4209975,-3.5867338,-0.09994486,1.5515977,0.5154176,0.83169305
1125,2026-05-11 16:19:03.983406,-1.4209975,-3.5867338,-0.09994486,1.5515977,0.5154176,0.83169305
1126,2026-05-11 16:19:03.986460,-1.4209975,-3.5867338,-0.09994486,1.5515977,0.5154176,0.83169305
1127,2026-05-11 16:19:03.989284,-1.4209975,-3.5867338,-0.09994486,1.5515977,0.5154176,0.83169305
1128,2026-05-11 16:19:03.992028,-0.9740202,-3.4886794,-0.13732508,-0.98471475,2.611907,2.6565003
1129,2026-05-11 16:19:03.994758,-0.9740202,-3.4886794,-0.13732508,-0.98471475,2.611907,2.6565003
1130,2026-05-11 16:19:03.997579,-0.32123825,-3.3239746,-0.12067777,-0.98471475,2.611907,2.6565003
1131,2026-05-11 16:19:04.000282,-0.32123825,-3.3239746,-0.12067777,-0.98471475,2.611907,2.6565003
1132,2026-05-11 16:19:04.003343,0.18135203,-3.10573,0.062076796,-0.98471475,2.611907,2.6565003
1133,2026-05-11 16:19:04.006103,0.18135203,-3.10573,0.062076796,-0.98471475,2.611907,2.6565003
1134,2026-05-11 16:19:04.008700,0.18135203,-3.10573,0.062076796,-0.98471475,2.611907,2.6565003
1135,2026-05-11 16:19:04.011464,0.18135203,-3.10573,0.062076796,-0.98471475,2.611907,2.6565003
1136,2026-05-11 16:19:04.014294,0.18135203,-3.10573,0.062076796,-1.9816469,3.278972,2.8580859
1137,2026-05-11 16:19:04.017018,0.18135203,-3.10573,0.062076796,-1.9816469,3.278972,2.8580859
1138,2026-05-11 16:19:04.020082,0.18135203,-3.10573,0.062076796,-1.9816469,3.278972,2.8580859
1139,2026-05-11 16:19:04.022815,0.18135203,-3.10573,0.062076796,-1.9816469,3.278972,2.8580859
1140,2026-05-11 16:19:04.025409,0.18135203,-3.10573,0.062076796,-1.9816469,3.278972,2.8580859
1141,2026-05-11 16:19:04.027952,0.18135203,-3.10573,0.062076796,-1.9816469,3.278972,2.8580859
1142,2026-05-11 16:19:04.030658,0.18135203,-3.10573,0.062076796,-1.9816469,3.278972,2.8580859
1143,2026-05-11 16:19:04.033226,0.18135203,-3.10573,0.062076796,-1.9816469,3.278972,2.8580859
1144,2026-05-11 16:19:04.036184,0.18135203,-3.10573,0.062076796,-1.9816469,3.278972,2.8580859
1145,2026-05-11 16:19:04.039224,0.18135203,-3.10573,0.062076796,-2.8855748,4.133267,2.5680776
1146,2026-05-11 16:19:04.041984,0.18135203,-3.10573,0.062076796,-2.8855748,4.133267,2.5680776
1147,2026-05-11 16:19:04.044752,0.11708001,-2.5697231,0.743397,-3.0337095,4.5906525,2.420248
1148,2026-05-11 16:19:04.047634,-0.10555494,-2.3419049,0.7469948,-3.010344,4.732984,2.6096163
1149,2026-05-11 16:19:04.050434,-0.27672347,-2.0323138,0.6336955,-3.2302554,4.749325,3.2391129
1150,2026-05-11 16:19:04.053536,-0.27672347,-2.0323138,0.6336955,-3.2302554,4.749325,3.2391129
1151,2026-05-11 16:19:04.056392,-0.27672347,-2.0323138,0.6336955,-3.2302554,4.749325,3.2391129
1152,2026-05-11 16:19:04.059102,-0.27672347,-2.0323138,0.6336955,-3.2302554,4.749325,3.2391129
1153,2026-05-11 16:19:04.061861,-0.27672347,-2.0323138,0.6336955,-3.2302554,4.749325,3.2391129
1154,2026-05-11 16:19:04.064552,-0.28062615,-1.8785853,0.591254,-3.2302554,4.749325,3.2391129
1155,2026-05-11 16:19:04.067330,-0.28062615,-1.8785853,0.591254,-4.568661,5.0469685,4.3843327
1156,2026-05-11 16:19:04.070591,-0.28062615,-1.8785853,0.591254,-4.568661,5.0469685,4.3843327
1157,2026-05-11 16:19:04.073378,-0.28062615,-1.8785853,0.591254,-4.568661,5.0469685,4.3843327
1158,2026-05-11 16:19:04.076039,-0.28062615,-1.8785853,0.591254,-4.568661,5.0469685,4.3843327
1159,2026-05-11 16:19:04.078740,-0.28062615,-1.8785853,0.591254,-4.568661,5.0469685,4.3843327
1160,2026-05-11 16:19:04.081337,-0.28062615,-1.8785853,0.591254,-4.568661,5.0469685,4.3843327
1161,2026-05-11 16:19:04.084043,-0.28062615,-1.8785853,0.591254,-4.568661,5.0469685,4.3843327
1162,2026-05-11 16:19:04.087180,-0.38715672,-1.6359491,0.600279,-4.568661,5.0469685,4.3843327
1163,2026-05-11 16:19:04.089957,-0.38715672,-1.6359491,0.600279,-4.568661,5.0469685,4.3843327
1164,2026-05-11 16:19:04.092557,-0.38715672,-1.6359491,0.600279,-4.568661,5.0469685,4.3843327
1165,2026-05-11 16:19:04.095364,-0.38715672,-1.6359491,0.600279,-4.568661,5.0469685,4.3843327
1166,2026-05-11 16:19:04.098133,-0.38715672,-1.6359491,0.600279,-4.568661,5.0469685,4.3843327
1167,2026-05-11 16:19:04.108067,-0.38715672,-1.6359491,0.600279,-4.568661,5.0469685,4.3843327
1168,2026-05-11 16:19:04.127591,-0.38715672,-1.6359491,0.600279,-4.568661,5.0469685,4.3843327
1169,2026-05-11 16:19:04.131371,-0.38715672,-1.6359491,0.600279,-4.568661,5.0469685,4.3843327
1170,2026-05-11 16:19:04.138481,-0.4344156,-1.3841052,0.72638386,-4.568661,5.0469685,4.3843327
1171,2026-05-11 16:19:04.141810,-0.4344156,-1.3841052,0.72638386,-4.568661,5.0469685,4.3843327
1172,2026-05-11 16:19:04.144925,-0.4344156,-1.3841052,0.72638386,-4.568661,5.0469685,4.3843327
1173,2026-05-11 16:19:04.147684,-0.4344156,-1.3841052,0.72638386,-4.568661,5.0469685,4.3843327
1174,2026-05-11 16:19:04.150308,-0.4344156,-1.3841052,0.72638386,-4.568661,5.0469685,4.3843327
1175,2026-05-11 16:19:04.153572,-0.4344156,-1.3841052,0.72638386,-4.568661,5.0469685,4.3843327
1176,2026-05-11 16:19:04.156502,-0.4344156,-1.3841052,0.72638386,-4.568661,5.0469685,4.3843327
1177,2026-05-11 16:19:04.159194,-0.4344156,-1.3841052,0.72638386,-4.568661,5.0469685,4.3843327
1178,2026-05-11 16:19:04.162113,-0.4344156,-1.3841052,0.72638386,-4.568661,5.0469685,4.3843327
1179,2026-05-11 16:19:04.164922,-0.4344156,-1.3841052,0.72638386,-4.568661,5.0469685,4.3843327
1180,2026-05-11 16:19:04.167520,-0.4344156,-1.3841052,0.72638386,-4.568661,5.0469685,4.3843327
1181,2026-05-11 16:19:04.170808,-0.4344156,-1.3841052,0.72638386,-5.788254,5.159673,5.2209125
1182,2026-05-11 16:19:04.173519,-0.4344156,-1.3841052,0.72638386,-5.788254,5.159673,5.2209125
1183,2026-05-11 16:19:04.176299,-0.4344156,-1.3841052,0.72638386,-5.788254,5.159673,5.2209125
1184,2026-05-11 16:19:04.179043,-0.4344156,-1.3841052,0.72638386,-5.788254,5.159673,5.2209125
1185,2026-05-11 16:19:04.181641,-0.4344156,-1.3841052,0.72638386,-5.788254,5.159673,5.2209125
1186,2026-05-11 16:19:04.184239,-0.4344156,-1.3841052,0.72638386,-5.788254,5.159673,5.2209125
1187,2026-05-11 16:19:04.187427,-0.4344156,-1.3841052,0.72638386,-5.788254,5.159673,5.2209125
1188,2026-05-11 16:19:04.190316,-0.13012955,-1.1379322,0.97847176,-6.87651,4.957477,5.8427734
1189,2026-05-11 16:19:04.193106,-0.13012955,-1.1379322,0.97847176,-6.87651,4.957477,5.8427734
1190,2026-05-11 16:19:04.196011,0.8291947,-1.1589091,2.0674376,-9.291261,4.376544,6.854519
1191,2026-05-11 16:19:04.198688,0.8291947,-1.1589091,2.0674376,-9.291261,4.376544,6.854519
1192,2026-05-11 16:19:04.201299,0.8291947,-1.1589091,2.0674376,-9.291261,4.376544,6.854519
1193,2026-05-11 16:19:04.204324,0.8291947,-1.1589091,2.0674376,-9.291261,4.376544,6.854519
1194,2026-05-11 16:19:04.207126,0.8291947,-1.1589091,2.0674376,-9.291261,4.376544,6.854519
1195,2026-05-11 16:19:04.209939,0.8291947,-1.1589091,2.0674376,-9.291261,4.376544,6.854519
1196,2026-05-11 16:19:04.212744,1.249951,-1.1803128,2.6508863,-9.777204,4.2928557,7.3676457
1197,2026-05-11 16:19:04.215545,1.697843,-1.0078636,3.2952533,-9.175043,3.9639046,8.208349
1198,2026-05-11 16:19:04.218152,1.697843,-1.0078636,3.2952533,-9.175043,3.9639046,8.208349
1199,2026-05-11 16:19:04.221246,1.697843,-1.0078636,3.2952533,-9.175043,3.9639046,8.208349
1200,2026-05-11 16:19:04.224000,1.697843,-1.0078636,3.2952533,-9.175043,3.9639046,8.208349
1201,2026-05-11 16:19:04.226631,1.697843,-1.0078636,3.2952533,-9.175043,3.9639046,8.208349
1202,2026-05-11 16:19:04.229203,1.697843,-1.0078636,3.2952533,-9.175043,3.9639046,8.208349
1203,2026-05-11 16:19:04.231765,1.697843,-1.0078636,3.2952533,-9.175043,3.9639046,8.208349
1204,2026-05-11 16:19:04.234509,1.697843,-1.0078636,3.2952533,-9.175043,3.9639046,8.208349
1205,2026-05-11 16:19:04.237386,1.697843,-1.0078636,3.2952533,-9.175043,3.9639046,8.208349
1206,2026-05-11 16:19:04.240316,1.697843,-1.0078636,3.2952533,-9.175043,3.9639046,8.208349
1207,2026-05-11 16:19:04.243037,1.697843,-1.0078636,3.2952533,-9.175043,3.9639046,8.208349
1208,2026-05-11 16:19:04.245727,1.697843,-1.0078636,3.2952533,-9.175043,3.9639046,8.208349
1209,2026-05-11 16:19:04.248401,1.697843,-1.0078636,3.2952533,-9.175043,3.9639046,8.208349
1210,2026-05-11 16:19:04.250996,1.697843,-1.0078636,3.2952533,-9.175043,3.9639046,8.208349
1211,2026-05-11 16:19:04.254064,1.697843,-1.0078636,3.2952533,-9.175043,3.9639046,8.208349
1212,2026-05-11 16:19:04.256731,1.697843,-1.0078636,3.2952533,-9.175043,3.9639046,8.208349
1213,2026-05-11 16:19:04.259410,1.697843,-1.0078636,3.2952533,-9.175043,3.9639046,8.208349
1214,2026-05-11 16:19:04.262051,1.697843,-1.0078636,3.2952533,-9.175043,3.9639046,8.208349
1215,2026-05-11 16:19:04.264688,1.697843,-1.0078636,3.2952533,-9.175043,3.9639046,8.208349
1216,2026-05-11 16:19:04.267318,2.1674435,-0.81766963,3.6034417,-9.175043,3.9639046,8.208349
1217,2026-05-11 16:19:04.270326,2.1674435,-0.81766963,3.6034417,-9.175043,3.9639046,8.208349
1218,2026-05-11 16:19:04.273083,2.1674435,-0.81766963,3.6034417,-9.175043,3.9639046,8.208349
1219,2026-05-11 16:19:04.275670,2.1674435,-0.81766963,3.6034417,-9.175043,3.9639046,8.208349
1220,2026-05-11 16:19:04.278297,2.1674435,-0.81766963,3.6034417,-9.175043,3.9639046,8.208349
1221,2026-05-11 16:19:04.281025,2.1674435,-0.81766963,3.6034417,-9.175043,3.9639046,8.208349
1222,2026-05-11 16:19:04.283604,2.1674435,-0.81766963,3.6034417,-9.175043,3.9639046,8.208349
1223,2026-05-11 16:19:04.286738,2.1674435,-0.81766963,3.6034417,-9.175043,3.9639046,8.208349
1224,2026-05-11 16:19:04.289573,2.1674435,-0.81766963,3.6034417,-9.175043,3.9639046,8.208349
1225,2026-05-11 16:19:04.292368,2.1674435,-0.81766963,3.6034417,-9.175043,3.9639046,8.208349
1226,2026-05-11 16:19:04.295097,2.1674435,-0.81766963,3.6034417,-9.175043,3.9639046,8.208349
1227,2026-05-11 16:19:04.297903,2.1674435,-0.81766963,3.6034417,-9.175043,3.9639046,8.208349
1228,2026-05-11 16:19:04.300501,2.1674435,-0.81766963,3.6034417,-9.175043,3.9639046,8.208349
1229,2026-05-11 16:19:04.303759,2.1674435,-0.81766963,3.6034417,-9.175043,3.9639046,8.208349
1230,2026-05-11 16:19:04.306481,2.1674435,-0.81766963,3.6034417,-9.175043,3.9639046,8.208349
1231,2026-05-11 16:19:04.309285,2.1674435,-0.81766963,3.6034417,-9.175043,3.9639046,8.208349
1232,2026-05-11 16:19:04.312102,2.8844976,0.1606801,3.4881303,-6.6872945,3.1626022,7.496691
1233,2026-05-11 16:19:04.314897,2.8844976,0.1606801,3.4881303,-6.6872945,3.1626022,7.496691
1234,2026-05-11 16:19:04.317669,2.8844976,0.1606801,3.4881303,-6.6872945,3.1626022,7.496691
1235,2026-05-11 16:19:04.320912,2.8844976,0.1606801,3.4881303,-6.6872945,3.1626022,7.496691
1236,2026-05-11 16:19:04.323740,2.8844976,0.1606801,3.4881303,-6.6872945,3.1626022,7.496691
1237,2026-05-11 16:19:04.326423,2.8844976,0.1606801,3.4881303,-6.6872945,3.1626022,7.496691
1238,2026-05-11 16:19:04.329015,2.8844976,0.1606801,3.4881303,-6.6872945,3.1626022,7.496691
1239,2026-05-11 16:19:04.331719,2.8844976,0.1606801,3.4881303,-6.6872945,3.1626022,7.496691
1240,2026-05-11 16:19:04.334466,2.8844976,0.1606801,3.4881303,-6.6872945,3.1626022,7.496691
1241,2026-05-11 16:19:04.337444,2.8844976,0.1606801,3.4881303,-6.6872945,3.1626022,7.496691
1242,2026-05-11 16:19:04.340215,2.8844976,0.1606801,3.4881303,-6.6872945,3.1626022,7.496691
1243,2026-05-11 16:19:04.342860,2.8844976,0.1606801,3.4881303,-6.6872945,3.1626022,7.496691
1244,2026-05-11 16:19:04.345486,2.8844976,0.1606801,3.4881303,-6.6872945,3.1626022,7.496691
1245,2026-05-11 16:19:04.348328,2.8844976,0.1606801,3.4881303,-6.6872945,3.1626022,7.496691
1246,2026-05-11 16:19:04.351002,2.8844976,0.1606801,3.4881303,-6.6872945,3.1626022,7.496691
1247,2026-05-11 16:19:04.354314,2.8844976,0.1606801,3.4881303,-6.6872945,3.1626022,7.496691
1248,2026-05-11 16:19:04.357139,2.8844976,0.1606801,3.4881303,-6.6872945,3.1626022,7.496691
1249,2026-05-11 16:19:04.359835,2.8844976,0.1606801,3.4881303,-6.6872945,3.1626022,7.496691
1250,2026-05-11 16:19:04.362426,2.8844976,0.1606801,3.4881303,-6.6872945,3.1626022,7.496691
1251,2026-05-11 16:19:04.365335,2.8844976,0.1606801,3.4881303,-6.6872945,3.1626022,7.496691
1252,2026-05-11 16:19:04.368062,2.8844976,0.1606801,3.4881303,-6.6872945,3.1626022,7.496691
1253,2026-05-11 16:19:04.371406,2.8844976,0.1606801,3.4881303,-6.6872945,3.1626022,7.496691
1254,2026-05-11 16:19:04.374196,2.8844976,0.1606801,3.4881303,-5.611408,2.7450757,7.000516
1255,2026-05-11 16:19:04.376985,2.8844976,0.1606801,3.4881303,-5.611408,2.7450757,7.000516
1256,2026-05-11 16:19:04.379636,2.8844976,0.1606801,3.4881303,-5.611408,2.7450757,7.000516
1257,2026-05-11 16:19:04.382315,2.8844976,0.1606801,3.4881303,-5.611408,2.7450757,7.000516
1258,2026-05-11 16:19:04.384905,2.8844976,0.1606801,3.4881303,-5.611408,2.7450757,7.000516
1259,2026-05-11 16:19:04.388180,2.8844976,0.1606801,3.4881303,-5.611408,2.7450757,7.000516
1260,2026-05-11 16:19:04.391042,2.7305863,0.46411243,3.085241,-3.780187,2.6403122,6.0235896
1261,2026-05-11 16:19:04.393883,2.7305863,0.46411243,3.085241,-3.780187,2.6403122,6.0235896
1262,2026-05-11 16:19:04.396508,2.7305863,0.46411243,3.085241,-3.780187,2.6403122,6.0235896
1263,2026-05-11 16:19:04.399172,2.7305863,0.46411243,3.085241,-3.780187,2.6403122,6.0235896
1264,2026-05-11 16:19:04.402199,2.7305863,0.46411243,3.085241,-3.780187,2.6403122,6.0235896
1265,2026-05-11 16:19:04.405142,2.7305863,0.46411243,3.085241,-3.780187,2.6403122,6.0235896
1266,2026-05-11 16:19:04.407805,2.7305863,0.46411243,3.085241,-3.780187,2.6403122,6.0235896
1267,2026-05-11 16:19:04.410431,2.7305863,0.46411243,3.085241,-3.780187,2.6403122,6.0235896
1268,2026-05-11 16:19:04.413047,2.7305863,0.46411243,3.085241,-3.780187,2.6403122,6.0235896
1269,2026-05-11 16:19:04.415877,2.7305863,0.46411243,3.085241,-3.780187,2.6403122,6.0235896
1270,2026-05-11 16:19:04.418848,2.7305863,0.46411243,3.085241,-3.780187,2.6403122,6.0235896
1271,2026-05-11 16:19:04.421645,2.7305863,0.46411243,3.085241,-3.780187,2.6403122,6.0235896
1272,2026-05-11 16:19:04.424420,2.6164942,0.608877,2.5666742,-3.780187,2.6403122,6.0235896
1273,2026-05-11 16:19:04.427081,2.6164942,0.608877,2.5666742,-3.780187,2.6403122,6.0235896
1274,2026-05-11 16:19:04.429742,2.6164942,0.608877,2.5666742,-3.780187,2.6403122,6.0235896
1275,2026-05-11 16:19:04.432327,2.6164942,0.608877,2.5666742,-3.780187,2.6403122,6.0235896
1276,2026-05-11 16:19:04.435229,2.6164942,0.608877,2.5666742,-3.389844,2.69865,5.6801305
1277,2026-05-11 16:19:04.438358,2.6164942,0.608877,2.5666742,-3.389844,2.69865,5.6801305
1278,2026-05-11 16:19:04.441141,2.4217267,0.6541845,2.175066,-3.389844,2.69865,5.6801305
1279,2026-05-11 16:19:04.443930,2.4217267,0.6541845,2.175066,-3.389844,2.69865,5.6801305
1280,2026-05-11 16:19:04.446613,2.4217267,0.6541845,2.175066,-3.389844,2.69865,5.6801305
1281,2026-05-11 16:19:04.449230,2.4217267,0.6541845,2.175066,-3.389844,2.69865,5.6801305
1282,2026-05-11 16:19:04.452257,2.4217267,0.6541845,2.175066,-3.389844,2.69865,5.6801305
1283,2026-05-11 16:19:04.455165,1.8385218,0.7540074,1.1121382,-3.389844,2.69865,5.6801305
1284,2026-05-11 16:19:04.457903,1.8385218,0.7540074,1.1121382,-3.3615913,2.903137,5.2876496
1285,2026-05-11 16:19:04.460492,1.8385218,0.7540074,1.1121382,-3.3615913,2.903137,5.2876496
1286,2026-05-11 16:19:04.463245,1.8385218,0.7540074,1.1121382,-3.3615913,2.903137,5.2876496
1287,2026-05-11 16:19:04.465945,1.5867999,0.7221153,0.4494165,-3.3615913,2.903137,5.2876496
1288,2026-05-11 16:19:04.468933,1.5867999,0.7221153,0.4494165,-3.3615913,2.903137,5.2876496
1289,2026-05-11 16:19:04.471896,1.5867999,0.7221153,0.4494165,-3.3615913,2.903137,5.2876496
1290,2026-05-11 16:19:04.474565,1.5867999,0.7221153,0.4494165,-3.3615913,2.903137,5.2876496
1291,2026-05-11 16:19:04.477171,1.5867999,0.7221153,0.4494165,-3.3615913,2.903137,5.2876496
1292,2026-05-11 16:19:04.479963,1.5867999,0.7221153,0.4494165,-3.3615913,2.903137,5.2876496
1293,2026-05-11 16:19:04.482586,1.5867999,0.7221153,0.4494165,-3.3615913,2.903137,5.2876496
1294,2026-05-11 16:19:04.485266,1.5867999,0.7221153,0.4494165,-4.211305,3.0645583,5.365535
1295,2026-05-11 16:19:04.488603,1.5867999,0.7221153,0.4494165,-4.211305,3.0645583,5.365535
1296,2026-05-11 16:19:04.491399,1.5867999,0.7221153,0.4494165,-4.211305,3.0645583,5.365535
1297,2026-05-11 16:19:04.494174,1.5867999,0.7221153,0.4494165,-4.211305,3.0645583,5.365535
1298,2026-05-11 16:19:04.496783,1.5867999,0.7221153,0.4494165,-4.211305,3.0645583,5.365535
1299,2026-05-11 16:19:04.499545,1.7281495,0.6707099,0.10366459,-5.509852,3.1813862,5.3962307
1300,2026-05-11 16:19:04.502185,1.7281495,0.6707099,0.10366459,-5.509852,3.1813862,5.3962307
1301,2026-05-11 16:19:04.505465,1.7281495,0.6707099,0.10366459,-5.509852,3.1813862,5.3962307
1302,2026-05-11 16:19:04.508106,1.7281495,0.6707099,0.10366459,-5.509852,3.1813862,5.3962307
1303,2026-05-11 16:19:04.510853,1.8878541,0.5775337,0.052442085,-6.7047043,3.048523,4.9932127
1304,2026-05-11 16:19:04.513511,1.8878541,0.5775337,0.052442085,-6.7047043,3.048523,4.9932127
1305,2026-05-11 16:19:04.516257,1.8878541,0.5775337,0.052442085,-6.7047043,3.048523,4.9932127
1306,2026-05-11 16:19:04.519422,1.8878541,0.5775337,0.052442085,-6.7047043,3.048523,4.9932127
1307,2026-05-11 16:19:04.522338,1.8878541,0.5775337,0.052442085,-6.7047043,3.048523,4.9932127
1308,2026-05-11 16:19:04.525057,1.8624257,0.49216285,0.08915155,-7.22058,2.819296,4.6390634
1309,2026-05-11 16:19:04.527858,1.8624257,0.49216285,0.08915155,-7.22058,2.819296,4.6390634
1310,2026-05-11 16:19:04.530780,1.7393088,0.50307816,0.3817296,-7.6526146,2.1326833,4.075082
1311,2026-05-11 16:19:04.533461,1.7393088,0.50307816,0.3817296,-7.6526146,2.1326833,4.075082
1312,2026-05-11 16:19:04.536469,1.7393088,0.50307816,0.3817296,-7.6526146,2.1326833,4.075082
1313,2026-05-11 16:19:04.539370,1.7393088,0.50307816,0.3817296,-7.6526146,2.1326833,4.075082
1314,2026-05-11 16:19:04.541992,1.7393088,0.50307816,0.3817296,-7.6526146,2.1326833,4.075082
1315,2026-05-11 16:19:04.544790,1.7393088,0.50307816,0.3817296,-7.6526146,2.1326833,4.075082
1316,2026-05-11 16:19:04.547695,1.6415592,0.5830828,0.6513185,-7.2031703,1.4495832,3.7157407
1317,2026-05-11 16:19:04.550328,1.6415592,0.5830828,0.6513185,-7.2031703,1.4495832,3.7157407
1318,2026-05-11 16:19:04.553209,1.6415592,0.5830828,0.6513185,-7.2031703,1.4495832,3.7157407
1319,2026-05-11 16:19:04.556043,1.6415592,0.5830828,0.6513185,-7.2031703,1.4495832,3.7157407
1320,2026-05-11 16:19:04.558736,1.6415592,0.5830828,0.6513185,-7.2031703,1.4495832,3.7157407
1321,2026-05-11 16:19:04.561487,1.6415592,0.5830828,0.6513185,-7.2031703,1.4495832,3.7157407
1322,2026-05-11 16:19:04.564116,1.6415592,0.5830828,0.6513185,-7.2031703,1.4495832,3.7157407
1323,2026-05-11 16:19:04.566773,1.4363034,0.81919414,0.930603,-6.3299384,0.68279463,3.6183076
1324,2026-05-11 16:19:04.569732,1.4363034,0.81919414,0.930603,-6.3299384,0.68279463,3.6183076
1325,2026-05-11 16:19:04.572511,1.4363034,0.81919414,0.930603,-4.986493,-0.4868596,3.827529
1326,2026-05-11 16:19:04.575247,1.4363034,0.81919414,0.930603,-4.986493,-0.4868596,3.827529
1327,2026-05-11 16:19:04.577924,2.058169,1.2606224,0.32715324,-4.517043,-0.93447113,3.968639
1328,2026-05-11 16:19:04.580641,2.058169,1.2606224,0.32715324,-4.517043,-0.93447113,3.968639
1329,2026-05-11 16:19:04.583393,2.058169,1.2606224,0.32715324,-4.517043,-0.93447113,3.968639
1330,2026-05-11 16:19:04.586387,2.058169,1.2606224,0.32715324,-4.517043,-0.93447113,3.968639
1331,2026-05-11 16:19:04.589412,2.058169,1.2606224,0.32715324,-5.6950965,-0.73945236,3.9681807
1332,2026-05-11 16:19:04.592224,2.058169,1.2606224,0.32715324,-5.6950965,-0.73945236,3.9681807
1333,2026-05-11 16:19:04.594861,2.058169,1.2606224,0.32715324,-5.6950965,-0.73945236,3.9681807
1334,2026-05-11 16:19:04.597490,2.058169,1.2606224,0.32715324,-5.6950965,-0.73945236,3.9681807
1335,2026-05-11 16:19:04.600059,2.058169,1.2606224,0.32715324,-5.6950965,-0.73945236,3.9681807
1336,2026-05-11 16:19:04.603083,2.058169,1.2606224,0.32715324,-5.6950965,-0.73945236,3.9681807
1337,2026-05-11 16:19:04.606006,3.7154,1.5849096,-1.0855511,-5.6950965,-0.73945236,3.9681807
1338,2026-05-11 16:19:04.608654,3.7154,1.5849096,-1.0855511,-5.6950965,-0.73945236,3.9681807
1339,2026-05-11 16:19:04.611443,3.7154,1.5849096,-1.0855511,-5.6950965,-0.73945236,3.9681807
1340,2026-05-11 16:19:04.614102,3.7154,1.5849096,-1.0855511,-5.6950965,-0.73945236,3.9681807
1341,2026-05-11 16:19:04.616922,3.7154,1.5849096,-1.0855511,-8.279362,0.10720685,3.5153768
1342,2026-05-11 16:19:04.619921,3.7154,1.5849096,-1.0855511,-8.279362,0.10720685,3.5153768
1343,2026-05-11 16:19:04.622730,3.7154,1.5849096,-1.0855511,-8.279362,0.10720685,3.5153768
1344,2026-05-11 16:19:04.625388,3.7154,1.5849096,-1.0855511,-8.279362,0.10720685,3.5153768
1345,2026-05-11 16:19:04.627997,3.7154,1.5849096,-1.0855511,-8.279362,0.10720685,3.5153768
1346,2026-05-11 16:19:04.630754,3.7154,1.5849096,-1.0855511,-8.279362,0.10720685,3.5153768
1347,2026-05-11 16:19:04.633336,3.7154,1.5849096,-1.0855511,-8.279362,0.10720685,3.5153768
1348,2026-05-11 16:19:04.636200,3.7154,1.5849096,-1.0855511,-8.279362,0.10720685,3.5153768
1349,2026-05-11 16:19:04.639297,3.7154,1.5849096,-1.0855511,-8.279362,0.10720685,3.5153768
1350,2026-05-11 16:19:04.642017,3.7154,1.5849096,-1.0855511,-8.279362,0.10720685,3.5153768
1351,2026-05-11 16:19:04.644727,3.7154,1.5849096,-1.0855511,-8.279362,0.10720685,3.5153768
1352,2026-05-11 16:19:04.647329,3.7154,1.5849096,-1.0855511,-8.279362,0.10720685,3.5153768
1353,2026-05-11 16:19:04.650180,3.7154,1.5849096,-1.0855511,-8.279362,0.10720685,3.5153768
1354,2026-05-11 16:19:04.653398,3.641066,1.5483221,-0.12683667,-10.522918,0.9114109,2.6902506
1355,2026-05-11 16:19:04.656169,3.2598853,1.6344247,1.5938735,-10.522918,0.9114109,2.6902506
1356,2026-05-11 16:19:04.658778,3.2598853,1.6344247,1.5938735,-10.522918,0.9114109,2.6902506
1357,2026-05-11 16:19:04.661492,3.2598853,1.6344247,1.5938735,-11.116526,1.1178834,2.3942864
1358,2026-05-11 16:19:04.664158,3.2598853,1.6344247,1.5938735,-11.116526,1.1178834,2.3942864
1359,2026-05-11 16:19:04.666917,3.2598853,1.6344247,1.5938735,-11.116526,1.1178834,2.3942864
1360,2026-05-11 16:19:04.669858,3.2598853,1.6344247,1.5938735,-11.116526,1.1178834,2.3942864
1361,2026-05-11 16:19:04.672761,3.2598853,1.6344247,1.5938735,-11.116526,1.1178834,2.3942864
1362,2026-05-11 16:19:04.675456,3.2598853,1.6344247,1.5938735,-11.116526,1.1178834,2.3942864
1363,2026-05-11 16:19:04.678074,3.2598853,1.6344247,1.5938735,-11.116526,1.1178834,2.3942864
1364,2026-05-11 16:19:04.680699,3.2598853,1.6344247,1.5938735,-11.116526,1.1178834,2.3942864
1365,2026-05-11 16:19:04.683267,3.2598853,1.6344247,1.5938735,-11.116526,1.1178834,2.3942864
1366,2026-05-11 16:19:04.686281,3.2598853,1.6344247,1.5938735,-11.116526,1.1178834,2.3942864
1367,2026-05-11 16:19:04.689042,3.2598853,1.6344247,1.5938735,-11.116526,1.1178834,2.3942864
1368,2026-05-11 16:19:04.691606,3.2598853,1.6344247,1.5938735,-11.116526,1.1178834,2.3942864
1369,2026-05-11 16:19:04.694188,3.2598853,1.6344247,1.5938735,-11.116526,1.1178834,2.3942864
1370,2026-05-11 16:19:04.696995,3.2598853,1.6344247,1.5938735,-11.116526,1.1178834,2.3942864
1371,2026-05-11 16:19:04.699740,3.2598853,1.6344247,1.5938735,-11.116526,1.1178834,2.3942864
1372,2026-05-11 16:19:04.702622,3.2949483,1.776811,2.6582038,-10.387,0.93187493,2.485
1373,2026-05-11 16:19:04.705676,3.2949483,1.776811,2.6582038,-10.387,0.93187493,2.485
1374,2026-05-11 16:19:04.708352,3.2949483,1.776811,2.6582038,-10.387,0.93187493,2.485
1375,2026-05-11 16:19:04.710993,3.2949483,1.776811,2.6582038,-10.387,0.93187493,2.485
1376,2026-05-11 16:19:04.713818,3.2949483,1.776811,2.6582038,-10.387,0.93187493,2.485
1377,2026-05-11 16:19:04.716448,3.2949483,1.776811,2.6582038,-10.387,0.93187493,2.485
1378,2026-05-11 16:19:04.719384,4.177378,2.2529364,3.7564998,-6.963864,0.46929723,2.5697575
1379,2026-05-11 16:19:04.722434,4.177378,2.2529364,3.7564998,-6.963864,0.46929723,2.5697575
1380,2026-05-11 16:19:04.725129,4.177378,2.2529364,3.7564998,-6.963864,0.46929723,2.5697575
1381,2026-05-11 16:19:04.727859,4.177378,2.2529364,3.7564998,-6.963864,0.46929723,2.5697575
1382,2026-05-11 16:19:04.730494,4.177378,2.2529364,3.7564998,-6.963864,0.46929723,2.5697575
1383,2026-05-11 16:19:04.733111,4.177378,2.2529364,3.7564998,-6.963864,0.46929723,2.5697575
1384,2026-05-11 16:19:04.736209,4.177378,2.2529364,3.7564998,-6.963864,0.46929723,2.5697575
1385,2026-05-11 16:19:04.739159,4.177378,2.2529364,3.7564998,-6.963864,0.46929723,2.5697575
1386,2026-05-11 16:19:04.741789,4.177378,2.2529364,3.7564998,-6.963864,0.46929723,2.5697575
1387,2026-05-11 16:19:04.744594,4.177378,2.2529364,3.7564998,-6.963864,0.46929723,2.5697575
1388,2026-05-11 16:19:04.747257,4.177378,2.2529364,3.7564998,-3.6728272,0.15317446,1.7988454
1389,2026-05-11 16:19:04.750043,4.177378,2.2529364,3.7564998,-3.6728272,0.15317446,1.7988454
1390,2026-05-11 16:19:04.753042,4.603744,2.950416,3.4348345,-3.6728272,0.15317446,1.7988454
1391,2026-05-11 16:19:04.756000,4.603744,2.950416,3.4348345,-3.6728272,0.15317446,1.7988454
1392,2026-05-11 16:19:04.758643,4.603744,2.950416,3.4348345,-3.6728272,0.15317446,1.7988454
1393,2026-05-11 16:19:04.761231,4.603744,2.950416,3.4348345,-3.6728272,0.15317446,1.7988454
1394,2026-05-11 16:19:04.764014,4.603744,2.950416,3.4348345,-3.6728272,0.15317446,1.7988454
1395,2026-05-11 16:19:04.766641,4.603744,2.950416,3.4348345,-1.3100005,-0.06688975,0.91247994
1396,2026-05-11 16:19:04.769584,4.603744,2.950416,3.4348345,-1.3100005,-0.06688975,0.91247994
1397,2026-05-11 16:19:04.772843,4.603744,2.950416,3.4348345,-1.3100005,-0.06688975,0.91247994
1398,2026-05-11 16:19:04.775731,4.603744,2.950416,3.4348345,-1.3100005,-0.06688975,0.91247994
1399,2026-05-11 16:19:04.778425,4.603744,2.950416,3.4348345,-1.3100005,-0.06688975,0.91247994
1400,2026-05-11 16:19:04.781192,4.603744,2.950416,3.4348345,-1.3100005,-0.06688975,0.91247994
1401,2026-05-11 16:19:04.783835,4.603744,2.950416,3.4348345,-1.3100005,-0.06688975,0.91247994
1402,2026-05-11 16:19:04.786745,4.603744,2.950416,3.4348345,-1.3100005,-0.06688975,0.91247994
1403,2026-05-11 16:19:04.790061,4.603744,2.950416,3.4348345,-1.3100005,-0.06688975,0.91247994
1404,2026-05-11 16:19:04.793001,4.603744,2.950416,3.4348345,-1.3100005,-0.06688975,0.91247994
1405,2026-05-11 16:19:04.795731,4.603744,2.950416,3.4348345,-1.3100005,-0.06688975,0.91247994
1406,2026-05-11 16:19:04.798463,4.603744,2.950416,3.4348345,-1.3100005,-0.06688975,0.91247994
1407,2026-05-11 16:19:04.801091,4.603744,2.950416,3.4348345,-1.3100005,-0.06688975,0.91247994
1408,2026-05-11 16:19:04.805007,4.603744,2.950416,3.4348345,-1.3100005,-0.06688975,0.91247994
1409,2026-05-11 16:19:04.808328,3.9851718,3.1864054,3.0887778,-1.3100005,-0.06688975,0.91247994
1410,2026-05-11 16:19:04.811228,3.9851718,3.1864054,3.0887778,-1.3100005,-0.06688975,0.91247994
1411,2026-05-11 16:19:04.814027,3.9851718,3.1864054,3.0887778,-1.3100005,-0.06688975,0.91247994
1412,2026-05-11 16:19:04.816939,3.9851718,3.1864054,3.0887778,-1.3100005,-0.06688975,0.91247994
1413,2026-05-11 16:19:04.820106,3.9851718,3.1864054,3.0887778,-1.3100005,-0.06688975,0.91247994
1414,2026-05-11 16:19:04.823254,3.9851718,3.1864054,3.0887778,1.2678508,-0.61086524,0.016340645
1415,2026-05-11 16:19:04.826098,3.9851718,3.1864054,3.0887778,1.2678508,-0.61086524,0.016340645
1416,2026-05-11 16:19:04.828809,3.6921668,3.2188463,2.7566242,1.2678508,-0.61086524,0.016340645
1417,2026-05-11 16:19:04.831567,3.6921668,3.2188463,2.7566242,1.2678508,-0.61086524,0.016340645
1418,2026-05-11 16:19:04.834244,4.0802994,3.3272674,2.2175684,2.9776626,-0.9932669,-0.2658791
1419,2026-05-11 16:19:04.837805,4.0802994,3.3272674,2.2175684,2.9776626,-0.9932669,-0.2658791
1420,2026-05-11 16:19:04.840507,4.0802994,3.3272674,2.2175684,2.9776626,-0.9932669,-0.2658791
1421,2026-05-11 16:19:04.843365,4.0802994,3.3272674,2.2175684,5.8359013,-2.0700696,-1.2014192
1422,2026-05-11 16:19:04.846055,4.0802994,3.3272674,2.2175684,5.8359013,-2.0700696,-1.2014192
1423,2026-05-11 16:19:04.848671,4.0802994,3.3272674,2.2175684,5.8359013,-2.0700696,-1.2014192
1424,2026-05-11 16:19:04.852001,4.0802994,3.3272674,2.2175684,5.8359013,-2.0700696,-1.2014192
1425,2026-05-11 16:19:04.855229,4.0802994,3.3272674,2.2175684,5.8359013,-2.0700696,-1.2014192
1426,2026-05-11 16:19:04.858110,4.0802994,3.3272674,2.2175684,5.8359013,-2.0700696,-1.2014192
1427,2026-05-11 16:19:04.860931,4.0802994,3.3272674,2.2175684,5.8359013,-2.0700696,-1.2014192
1428,2026-05-11 16:19:04.863982,4.0802994,3.3272674,2.2175684,5.8359013,-2.0700696,-1.2014192
1429,2026-05-11 16:19:04.866732,4.0802994,3.3272674,2.2175684,5.8359013,-2.0700696,-1.2014192
1430,2026-05-11 16:19:04.869870,4.0802994,3.3272674,2.2175684,5.8359013,-2.0700696,-1.2014192
1431,2026-05-11 16:19:04.872743,4.0802994,3.3272674,2.2175684,5.8359013,-2.0700696,-1.2014192
1432,2026-05-11 16:19:04.875544,4.6502714,3.5394747,1.0762823,5.8359013,-2.0700696,-1.2014192
1433,2026-05-11 16:19:04.878346,4.6502714,3.5394747,1.0762823,5.8359013,-2.0700696,-1.2014192
1434,2026-05-11 16:19:04.880968,4.6502714,3.5394747,1.0762823,5.8359013,-2.0700696,-1.2014192
1435,2026-05-11 16:19:04.883606,4.6502714,3.5394747,1.0762823,5.8359013,-2.0700696,-1.2014192
1436,2026-05-11 16:19:04.886875,3.6332607,2.7611978,1.5039291,1.4251486,-1.9262109,-3.741397
1437,2026-05-11 16:19:04.889777,3.6332607,2.7611978,1.5039291,-1.0094548,-0.95554596,-4.972443
1438,2026-05-11 16:19:04.892417,3.6332607,2.7611978,1.5039291,-1.0094548,-0.95554596,-4.972443
1439,2026-05-11 16:19:04.895150,3.6332607,2.7611978,1.5039291,-1.0094548,-0.95554596,-4.972443
1440,2026-05-11 16:19:04.897827,3.6332607,2.7611978,1.5039291,-1.0094548,-0.95554596,-4.972443
1441,2026-05-11 16:19:04.900417,3.6332607,2.7611978,1.5039291,-1.0094548,-0.95554596,-4.972443
1442,2026-05-11 16:19:04.903531,3.6332607,2.7611978,1.5039291,-1.0094548,-0.95554596,-4.972443
1443,2026-05-11 16:19:04.906558,3.6332607,2.7611978,1.5039291,-1.0094548,-0.95554596,-4.972443
1444,2026-05-11 16:19:04.909198,3.6332607,2.7611978,1.5039291,-1.0094548,-0.95554596,-4.972443
1445,2026-05-11 16:19:04.911793,3.6332607,2.7611978,1.5039291,-1.0094548,-0.95554596,-4.972443
1446,2026-05-11 16:19:04.914499,3.3552568,2.426178,2.1626263,-1.0094548,-0.95554596,-4.972443
1447,2026-05-11 16:19:04.917058,3.3552568,2.426178,2.1626263,-1.0094548,-0.95554596,-4.972443
1448,2026-05-11 16:19:04.919963,3.3552568,2.426178,2.1626263,-1.0094548,-0.95554596,-4.972443
1449,2026-05-11 16:19:04.922613,3.3552568,2.426178,2.1626263,-1.0094548,-0.95554596,-4.972443
1450,2026-05-11 16:19:04.925172,3.3552568,2.426178,2.1626263,-1.0094548,-0.95554596,-4.972443
1451,2026-05-11 16:19:04.927958,3.3552568,2.426178,2.1626263,-1.0094548,-0.95554596,-4.972443
1452,2026-05-11 16:19:04.930641,3.3552568,2.426178,2.1626263,-1.0094548,-0.95554596,-4.972443
1453,2026-05-11 16:19:04.933296,3.3552568,2.426178,2.1626263,-1.0094548,-0.95554596,-4.972443
1454,2026-05-11 16:19:04.936425,3.3552568,2.426178,2.1626263,-1.0094548,-0.95554596,-4.972443
1455,2026-05-11 16:19:04.939336,3.3552568,2.426178,2.1626263,-1.0094548,-0.95554596,-4.972443
1456,2026-05-11 16:19:04.942038,3.3552568,2.426178,2.1626263,-1.0094548,-0.95554596,-4.972443
1457,2026-05-11 16:19:04.944783,3.3552568,2.426178,2.1626263,-1.0094548,-0.95554596,-4.972443
1458,2026-05-11 16:19:04.947400,3.3552568,2.426178,2.1626263,-1.0094548,-0.95554596,-4.972443
1459,2026-05-11 16:19:04.950209,3.3552568,2.426178,2.1626263,-1.0094548,-0.95554596,-4.972443
1460,2026-05-11 16:19:04.953243,3.3552568,2.426178,2.1626263,-1.0094548,-0.95554596,-4.972443
1461,2026-05-11 16:19:04.956008,3.3552568,2.426178,2.1626263,-1.0094548,-0.95554596,-4.972443
1462,2026-05-11 16:19:04.958714,3.3552568,2.426178,2.1626263,-1.0094548,-0.95554596,-4.972443
1463,2026-05-11 16:19:04.961520,3.3552568,2.426178,2.1626263,-1.0094548,-0.95554596,-4.972443
1464,2026-05-11 16:19:04.964108,3.3552568,2.426178,2.1626263,-1.0094548,-0.95554596,-4.972443
1465,2026-05-11 16:19:04.966679,3.3552568,2.426178,2.1626263,-1.0094548,-0.95554596,-4.972443
1466,2026-05-11 16:19:04.969624,2.8525445,2.007983,2.7524776,-1.0094548,-0.95554596,-4.972443
1467,2026-05-11 16:19:04.972480,2.8525445,2.007983,2.7524776,-1.0094548,-0.95554596,-4.972443
1468,2026-05-11 16:19:04.975114,2.8525445,2.007983,2.7524776,-1.0094548,-0.95554596,-4.972443
1469,2026-05-11 16:19:04.977824,2.8525445,2.007983,2.7524776,-1.0094548,-0.95554596,-4.972443
1470,2026-05-11 16:19:04.980529,2.8525445,2.007983,2.7524776,0.22693644,-0.77442443,-6.139501
1471,2026-05-11 16:19:04.983086,2.8525445,2.007983,2.7524776,0.22693644,-0.77442443,-6.139501
1472,2026-05-11 16:19:04.986073,2.8525445,2.007983,2.7524776,0.22693644,-0.77442443,-6.139501
1473,2026-05-11 16:19:04.988803,2.8525445,2.007983,2.7524776,0.22693644,-0.77442443,-6.139501
1474,2026-05-11 16:19:04.991414,2.8525445,2.007983,2.7524776,0.22693644,-0.77442443,-6.139501
1475,2026-05-11 16:19:04.994230,2.8525445,2.007983,2.7524776,1.7902933,-0.8961393,-6.4127107
1476,2026-05-11 16:19:04.997002,2.8525445,2.007983,2.7524776,1.7902933,-0.8961393,-6.4127107
1477,2026-05-11 16:19:04.999634,2.8525445,2.007983,2.7524776,1.7902933,-0.8961393,-6.4127107
1478,2026-05-11 16:19:05.002930,2.8525445,2.007983,2.7524776,1.7902933,-0.8961393,-6.4127107
1479,2026-05-11 16:19:05.005745,2.8525445,2.007983,2.7524776,1.7902933,-0.8961393,-6.4127107
1480,2026-05-11 16:19:05.008518,2.8525445,2.007983,2.7524776,2.8516717,-1.1436925,-6.495483
1481,2026-05-11 16:19:05.011302,2.8525445,2.007983,2.7524776,2.8516717,-1.1436925,-6.495483
1482,2026-05-11 16:19:05.014284,2.8525445,2.007983,2.7524776,2.8516717,-1.1436925,-6.495483
1483,2026-05-11 16:19:05.016991,2.8525445,2.007983,2.7524776,2.8516717,-1.1436925,-6.495483
1484,2026-05-11 16:19:05.019954,2.8525445,2.007983,2.7524776,2.8516717,-1.1436925,-6.495483
1485,2026-05-11 16:19:05.022697,2.8525445,2.007983,2.7524776,2.8516717,-1.1436925,-6.495483
1486,2026-05-11 16:19:05.025347,2.8525445,2.007983,2.7524776,2.8516717,-1.1436925,-6.495483
1487,2026-05-11 16:19:05.028184,2.8525445,2.007983,2.7524776,2.8516717,-1.1436925,-6.495483
1488,2026-05-11 16:19:05.030991,2.8525445,2.007983,2.7524776,2.8516717,-1.1436925,-6.495483
1489,2026-05-11 16:19:05.033685,2.8525445,2.007983,2.7524776,2.8516717,-1.1436925,-6.495483
1490,2026-05-11 16:19:05.036824,2.8525445,2.007983,2.7524776,2.8516717,-1.1436925,-6.495483
1491,2026-05-11 16:19:05.039619,4.3279357,3.5760012,0.34239805,2.8516717,-1.1436925,-6.495483
1492,2026-05-11 16:19:05.042228,4.3279357,3.5760012,0.34239805,2.8516717,-1.1436925,-6.495483
1493,2026-05-11 16:19:05.045091,4.3279357,3.5760012,0.34239805,2.8516717,-1.1436925,-6.495483
1494,2026-05-11 16:19:05.047698,4.3279357,3.5760012,0.34239805,2.8516717,-1.1436925,-6.495483
1495,2026-05-11 16:19:05.050397,4.3279357,3.5760012,0.34239805,2.8516717,-1.1436925,-6.495483
1496,2026-05-11 16:19:05.053480,4.3279357,3.5760012,0.34239805,2.8516717,-1.1436925,-6.495483
1497,2026-05-11 16:19:05.056420,4.3279357,3.5760012,0.34239805,2.8516717,-1.1436925,-6.495483
1498,2026-05-11 16:19:05.059063,4.3279357,3.5760012,0.34239805,2.8516717,-1.1436925,-6.495483
1499,2026-05-11 16:19:05.061676,4.3279357,3.5760012,0.34239805,2.8516717,-1.1436925,-6.495483
1500,2026-05-11 16:19:05.064486,4.3279357,3.5760012,0.34239805,2.8516717,-1.1436925,-6.495483
1501,2026-05-11 16:19:05.067156,3.8566272,3.421907,0.14537434,2.8516717,-1.1436925,-6.495483
1502,2026-05-11 16:19:05.070143,3.8566272,3.421907,0.14537434,2.8516717,-1.1436925,-6.495483
1503,2026-05-11 16:19:05.072811,3.8566272,3.421907,0.14537434,2.8516717,-1.1436925,-6.495483
1504,2026-05-11 16:19:05.075446,3.8566272,3.421907,0.14537434,2.8516717,-1.1436925,-6.495483
1505,2026-05-11 16:19:05.078111,3.8566272,3.421907,0.14537434,2.8516717,-1.1436925,-6.495483
1506,2026-05-11 16:19:05.080696,3.8566272,3.421907,0.14537434,2.8516717,-1.1436925,-6.495483
1507,2026-05-11 16:19:05.083500,3.8566272,3.421907,0.14537434,-0.2930626,-1.2750285,-4.2675047
1508,2026-05-11 16:19:05.086633,3.7807693,3.1274385,0.72120064,-0.2930626,-1.2750285,-4.2675047
1509,2026-05-11 16:19:05.089639,3.7807693,3.1274385,0.72120064,-0.2930626,-1.2750285,-4.2675047
1510,2026-05-11 16:19:05.092225,3.7807693,3.1274385,0.72120064,-0.2930626,-1.2750285,-4.2675047
1511,2026-05-11 16:19:05.094770,3.7807693,3.1274385,0.72120064,-0.2930626,-1.2750285,-4.2675047
1512,2026-05-11 16:19:05.097590,3.7807693,3.1274385,0.72120064,-0.2930626,-1.2750285,-4.2675047
1513,2026-05-11 16:19:05.100193,3.7807693,3.1274385,0.72120064,-0.8206975,-0.8717047,-5.572771
1514,2026-05-11 16:19:05.103279,3.7807693,3.1274385,0.72120064,-0.8206975,-0.8717047,-5.572771
1515,2026-05-11 16:19:05.106088,3.7807693,3.1274385,0.72120064,-0.8206975,-0.8717047,-5.572771
1516,2026-05-11 16:19:05.108668,3.7807693,3.1274385,0.72120064,-0.8206975,-0.8717047,-5.572771
1517,2026-05-11 16:19:05.111461,3.7807693,3.1274385,0.72120064,-0.8206975,-0.8717047,-5.572771
1518,2026-05-11 16:19:05.114049,3.7807693,3.1274385,0.72120064,-0.8206975,-0.8717047,-5.572771
1519,2026-05-11 16:19:05.116658,3.7807693,3.1274385,0.72120064,-0.8206975,-0.8717047,-5.572771
1520,2026-05-11 16:19:05.119827,2.4384348,1.5760067,2.9852962,-0.8206975,-0.8717047,-5.572771
1521,2026-05-11 16:19:05.122593,2.2754986,1.320199,3.0020044,-0.8206975,-0.8717047,-5.572771
1522,2026-05-11 16:19:05.125162,2.2754986,1.320199,3.0020044,-0.8206975,-0.8717047,-5.572771
1523,2026-05-11 16:19:05.127710,2.2754986,1.320199,3.0020044,-0.8206975,-0.8717047,-5.572771
1524,2026-05-11 16:19:05.130288,2.2754986,1.320199,3.0020044,-0.8206975,-0.8717047,-5.572771
1525,2026-05-11 16:19:05.132795,2.2754986,1.320199,3.0020044,-0.8206975,-0.8717047,-5.572771
1526,2026-05-11 16:19:05.135901,2.2754986,1.320199,3.0020044,-0.8206975,-0.8717047,-5.572771
1527,2026-05-11 16:19:05.138557,2.2754986,1.320199,3.0020044,-0.8206975,-0.8717047,-5.572771
1528,2026-05-11 16:19:05.141154,2.2754986,1.320199,3.0020044,5.47152,-1.6326901,-6.7354
1529,2026-05-11 16:19:05.143765,2.2754986,1.320199,3.0020044,5.47152,-1.6326901,-6.7354
1530,2026-05-11 16:19:05.146453,2.2754986,1.320199,3.0020044,5.47152,-1.6326901,-6.7354
1531,2026-05-11 16:19:05.149125,2.1003664,0.6822959,2.7040603,5.47152,-1.6326901,-6.7354
1532,2026-05-11 16:19:05.151800,2.1003664,0.6822959,2.7040603,5.47152,-1.6326901,-6.7354
1533,2026-05-11 16:19:05.155021,2.1003664,0.6822959,2.7040603,5.47152,-1.6326901,-6.7354
1534,2026-05-11 16:19:05.157838,2.1003664,0.6822959,2.7040603,5.47152,-1.6326901,-6.7354
1535,2026-05-11 16:19:05.160510,2.1003664,0.6822959,2.7040603,5.47152,-1.6326901,-6.7354
1536,2026-05-11 16:19:05.163130,2.1003664,0.6822959,2.7040603,5.47152,-1.6326901,-6.7354
1537,2026-05-11 16:19:05.165911,2.1003664,0.6822959,2.7040603,5.47152,-1.6326901,-6.7354
1538,2026-05-11 16:19:05.168676,2.1003664,0.6822959,2.7040603,5.47152,-1.6326901,-6.7354
1539,2026-05-11 16:19:05.172195,1.8732802,0.0629305,1.8577303,6.5486283,-1.8075503,-6.8676524
1540,2026-05-11 16:19:05.174875,1.8732802,0.0629305,1.8577303,6.5486283,-1.8075503,-6.8676524
1541,2026-05-11 16:19:05.177588,1.8732802,0.0629305,1.8577303,6.5486283,-1.8075503,-6.8676524
1542,2026-05-11 16:19:05.180305,1.8732802,0.0629305,1.8577303,6.5486283,-1.8075503,-6.8676524
1543,2026-05-11 16:19:05.183025,1.8732802,0.0629305,1.8577303,6.5486283,-1.8075503,-6.8676524
1544,2026-05-11 16:19:05.186008,1.8732802,0.0629305,1.8577303,6.5486283,-1.8075503,-6.8676524
1545,2026-05-11 16:19:05.189203,1.8732802,0.0629305,1.8577303,6.5486283,-1.8075503,-6.8676524
1546,2026-05-11 16:19:05.191925,1.8732802,0.0629305,1.8577303,6.5486283,-1.8075503,-6.8676524
1547,2026-05-11 16:19:05.194744,1.8732802,0.0629305,1.8577303,6.916369,-1.9992093,-6.8861313
1548,2026-05-11 16:19:05.204797,1.8628525,-0.14982581,1.5621033,7.2473054,-2.576935,-6.9084277
1549,2026-05-11 16:19:05.215412,1.8628525,-0.14982581,1.5621033,7.2473054,-2.576935,-6.9084277
1550,2026-05-11 16:19:05.226775,1.8490103,-0.19891405,1.4241076,7.2473054,-2.576935,-6.9084277
1551,2026-05-11 16:19:05.233460,-0.7128465,-2.180432,0.16080207,1.9877555,-1.2945762,-4.138154
1552,2026-05-11 16:19:05.238091,-0.7128465,-2.180432,0.16080207,1.9877555,-1.2945762,-4.138154
1553,2026-05-11 16:19:05.240974,-0.7128465,-2.180432,0.16080207,1.9877555,-1.2945762,-4.138154
1554,2026-05-11 16:19:05.243719,-1.2184248,-2.6561306,0.3001395,1.4993688,-0.8023715,-2.7094927
1555,2026-05-11 16:19:05.246411,-1.2184248,-2.6561306,0.3001395,1.4993688,-0.8023715,-2.7094927
1556,2026-05-11 16:19:05.249170,-1.1260413,-2.681376,0.4591731,1.4993688,-0.8023715,-2.7094927
1557,2026-05-11 16:19:05.252355,-1.1260413,-2.681376,0.4591731,1.4993688,-0.8023715,-2.7094927
1558,2026-05-11 16:19:05.255231,-1.1260413,-2.681376,0.4591731,1.4993688,-0.8023715,-2.7094927
1559,2026-05-11 16:19:05.258003,-1.1260413,-2.681376,0.4591731,1.4993688,-0.8023715,-2.7094927
1560,2026-05-11 16:19:05.260742,-1.1260413,-2.681376,0.4591731,2.2693644,-0.679893,-1.2064588
1561,2026-05-11 16:19:05.263484,-1.1260413,-2.681376,0.4591731,2.2693644,-0.679893,-1.2064588
1562,2026-05-11 16:19:05.266285,-1.132993,-2.6872299,0.29404154,2.313652,-0.46395215,-0.8906415
1563,2026-05-11 16:19:05.269278,-0.73193294,-2.6766195,-0.13080032,1.3735305,0.70631295,0.4381431
1564,2026-05-11 16:19:05.272301,-0.73193294,-2.6766195,-0.13080032,1.3735305,0.70631295,0.4381431
1565,2026-05-11 16:19:05.275214,-0.6278415,-2.69906,-0.17476629,1.3735305,0.70631295,0.4381431
1566,2026-05-11 16:19:05.277963,-0.6278415,-2.69906,-0.17476629,1.3735305,0.70631295,0.4381431
1567,2026-05-11 16:19:05.280563,-0.6278415,-2.69906,-0.17476629,1.3735305,0.70631295,0.4381431
1568,2026-05-11 16:19:05.283387,-0.6278415,-2.69906,-0.17476629,1.3735305,0.70631295,0.4381431
1569,2026-05-11 16:19:05.286436,-0.6278415,-2.69906,-0.17476629,1.3735305,0.70631295,0.4381431
1570,2026-05-11 16:19:05.289247,-0.6278415,-2.69906,-0.17476629,1.3735305,0.70631295,0.4381431
1571,2026-05-11 16:19:05.291966,-0.013537374,-2.6711924,-0.5860708,1.3735305,0.70631295,0.4381431
1572,2026-05-11 16:19:05.294659,-0.013537374,-2.6711924,-0.5860708,1.3735305,0.70631295,0.4381431
1573,2026-05-11 16:19:05.297242,-0.013537374,-2.6711924,-0.5860708,1.3735305,0.70631295,0.4381431
1574,2026-05-11 16:19:05.299934,-0.013537374,-2.6711924,-0.5860708,1.3735305,0.70631295,0.4381431
1575,2026-05-11 16:19:05.303081,-0.013537374,-2.6711924,-0.5860708,1.3735305,0.70631295,0.4381431
1576,2026-05-11 16:19:05.305792,-0.013537374,-2.6711924,-0.5860708,1.3735305,0.70631295,0.4381431
1577,2026-05-11 16:19:05.308404,-0.013537374,-2.6711924,-0.5860708,-1.7293595,2.8110492,0.98929626
1578,2026-05-11 16:19:05.311149,-0.013537374,-2.6711924,-0.5860708,-1.7293595,2.8110492,0.98929626
1579,2026-05-11 16:19:05.313931,-0.013537374,-2.6711924,-0.5860708,-1.7293595,2.8110492,0.98929626
1580,2026-05-11 16:19:05.316762,-0.013537374,-2.6711924,-0.5860708,-1.7293595,2.8110492,0.98929626
1581,2026-05-11 16:19:05.319882,-0.013537374,-2.6711924,-0.5860708,-1.7293595,2.8110492,0.98929626
1582,2026-05-11 16:19:05.322722,-0.013537374,-2.6711924,-0.5860708,-1.7293595,2.8110492,0.98929626
1583,2026-05-11 16:19:05.325315,-0.013537374,-2.6711924,-0.5860708,-1.7293595,2.8110492,0.98929626
1584,2026-05-11 16:19:05.328065,-0.013537374,-2.6711924,-0.5860708,-0.04505131,1.6569719,0.77411896
1585,2026-05-11 16:19:05.330766,-0.013537374,-2.6711924,-0.5860708,-0.04505131,1.6569719,0.77411896
1586,2026-05-11 16:19:05.333557,-0.1943406,-2.7027187,-0.46905175,-2.852588,3.4701726,0.9078985
1587,2026-05-11 16:19:05.336590,-0.1943406,-2.7027187,-0.46905175,-2.852588,3.4701726,0.9078985
1588,2026-05-11 16:19:05.339407,-0.1943406,-2.7027187,-0.46905175,-2.852588,3.4701726,0.9078985
1589,2026-05-11 16:19:05.342004,-0.1943406,-2.7027187,-0.46905175,-2.852588,3.4701726,0.9078985
1590,2026-05-11 16:19:05.344663,-0.1943406,-2.7027187,-0.46905175,-2.852588,3.4701726,0.9078985
1591,2026-05-11 16:19:05.347232,-0.1943406,-2.7027187,-0.46905175,-2.852588,3.4701726,0.9078985
1592,2026-05-11 16:19:05.349949,-0.1943406,-2.7027187,-0.46905175,-2.852588,3.4701726,0.9078985
1593,2026-05-11 16:19:05.353036,-0.1943406,-2.7027187,-0.46905175,-2.852588,3.4701726,0.9078985
1594,2026-05-11 16:19:05.355773,-0.1943406,-2.7027187,-0.46905175,-2.852588,3.4701726,0.9078985
1595,2026-05-11 16:19:05.358391,-0.1943406,-2.7027187,-0.46905175,-2.852588,3.4701726,0.9078985
1596,2026-05-11 16:19:05.361033,-0.1943406,-2.7027187,-0.46905175,-2.852588,3.4701726,0.9078985
1597,2026-05-11 16:19:05.363665,-0.1943406,-2.7027187,-0.46905175,-2.852588,3.4701726,0.9078985
1598,2026-05-11 16:19:05.366449,-0.1943406,-2.7027187,-0.46905175,-2.852588,3.4701726,0.9078985
1599,2026-05-11 16:19:05.369598,-0.1943406,-2.7027187,-0.46905175,-2.852588,3.4701726,0.9078985
1600,2026-05-11 16:19:05.372716,0.071772486,-2.69345,-0.54728806,-2.852588,3.4701726,0.9078985
1601,2026-05-11 16:19:05.375563,0.093785964,-2.6132014,-0.08085837,-3.8709004,4.0834813,0.4897612
1602,2026-05-11 16:19:05.378315,0.093785964,-2.6132014,-0.08085837,-3.8709004,4.0834813,0.4897612
1603,2026-05-11 16:19:05.380933,0.093785964,-2.6132014,-0.08085837,-3.8709004,4.0834813,0.4897612
1604,2026-05-11 16:19:05.383687,0.093785964,-2.6132014,-0.08085837,-3.8709004,4.0834813,0.4897612
1605,2026-05-11 16:19:05.386706,0.093785964,-2.6132014,-0.08085837,-3.8709004,4.0834813,0.4897612
1606,2026-05-11 16:19:05.389575,0.093785964,-2.6132014,-0.08085837,-3.8709004,4.0834813,0.4897612
1607,2026-05-11 16:19:05.392224,0.093785964,-2.6132014,-0.08085837,-4.041179,3.9639046,0.41447207
1608,2026-05-11 16:19:05.394993,0.093785964,-2.6132014,-0.08085837,-4.041179,3.9639046,0.41447207
1609,2026-05-11 16:19:05.397707,0.093785964,-2.6132014,-0.08085837,-4.041179,3.9639046,0.41447207
1610,2026-05-11 16:19:05.400302,0.093785964,-2.6132014,-0.08085837,-4.041179,3.9639046,0.41447207
1611,2026-05-11 16:19:05.403532,0.093785964,-2.6132014,-0.08085837,-4.041179,3.9639046,0.41447207
1612,2026-05-11 16:19:05.406387,0.093785964,-2.6132014,-0.08085837,-4.041179,3.9639046,0.41447207
1613,2026-05-11 16:19:05.409023,0.093785964,-2.6132014,-0.08085837,-4.041179,3.9639046,0.41447207
1614,2026-05-11 16:19:05.411644,-0.33471465,-2.4623387,0.26428372,-4.041179,3.9639046,0.41447207
1615,2026-05-11 16:19:05.414390,-0.33471465,-2.4623387,0.26428372,-4.041179,3.9639046,0.41447207
1616,2026-05-11 16:19:05.416987,-0.33471465,-2.4623387,0.26428372,-4.041179,3.9639046,0.41447207
1617,2026-05-11 16:19:05.420184,-0.33471465,-2.4623387,0.26428372,-4.041179,3.9639046,0.41447207
1618,2026-05-11 16:19:05.422927,-0.33471465,-2.4623387,0.26428372,-4.041179,3.9639046,0.41447207
1619,2026-05-11 16:19:05.425516,-0.33471465,-2.4623387,0.26428372,-4.041179,3.9639046,0.41447207
1620,2026-05-11 16:19:05.428242,-0.33471465,-2.4623387,0.26428372,-4.041179,3.9639046,0.41447207
1621,2026-05-11 16:19:05.430914,-0.33471465,-2.4623387,0.26428372,-4.041179,3.9639046,0.41447207
1622,2026-05-11 16:19:05.433843,-0.33471465,-2.4623387,0.26428372,-4.041179,3.9639046,0.41447207
1623,2026-05-11 16:19:05.437032,-0.33471465,-2.4623387,0.26428372,-4.041179,3.9639046,0.41447207
1624,2026-05-11 16:19:05.439820,-0.33471465,-2.4623387,0.26428372,-4.041179,3.9639046,0.41447207
1625,2026-05-11 16:19:05.442515,-0.5977788,-2.2194588,0.6538186,-4.041179,3.9639046,0.41447207
1626,2026-05-11 16:19:05.445317,-0.5977788,-2.2194588,0.6538186,-4.041179,3.9639046,0.41447207
1627,2026-05-11 16:19:05.448087,-0.5977788,-2.2194588,0.6538186,-3.8093557,3.5689802,0.7104363
1628,2026-05-11 16:19:05.450812,-0.64967203,-1.967005,0.8734046,-3.0448577,3.1143436,1.5007432
1629,2026-05-11 16:19:05.453859,-0.64967203,-1.967005,0.8734046,-3.0448577,3.1143436,1.5007432
1630,2026-05-11 16:19:05.456658,-0.64967203,-1.967005,0.8734046,-3.0448577,3.1143436,1.5007432
1631,2026-05-11 16:19:05.459409,-0.64967203,-1.967005,0.8734046,-3.0448577,3.1143436,1.5007432
1632,2026-05-11 16:19:05.462112,-0.64967203,-1.967005,0.8734046,-3.0448577,3.1143436,1.5007432
1633,2026-05-11 16:19:05.464771,-0.64967203,-1.967005,0.8734046,-3.0448577,3.1143436,1.5007432
1634,2026-05-11 16:19:05.467522,-0.64967203,-1.967005,0.8734046,-3.0448577,3.1143436,1.5007432
1635,2026-05-11 16:19:05.470783,-0.64619625,-1.6721708,0.78900945,-2.4405594,2.923143,2.339003
1636,2026-05-11 16:19:05.474147,-0.64619625,-1.6721708,0.78900945,-2.4405594,2.923143,2.339003
1637,2026-05-11 16:19:05.476895,-0.64619625,-1.6721708,0.78900945,-2.4405594,2.923143,2.339003
1638,2026-05-11 16:19:05.479623,-0.734738,-1.4969776,0.6401593,-2.4405594,2.923143,2.339003
1639,2026-05-11 16:19:05.482349,-0.734738,-1.4969776,0.6401593,-2.368172,2.8452575,2.8254044
1640,2026-05-11 16:19:05.485084,-0.734738,-1.4969776,0.6401593,-2.368172,2.8452575,2.8254044
1641,2026-05-11 16:19:05.488508,-0.69132084,-1.2457434,0.57088697,-2.5428793,2.4911084,3.6465602
1642,2026-05-11 16:19:05.491543,-0.69132084,-1.2457434,0.57088697,-2.5428793,2.4911084,3.6465602
1643,2026-05-11 16:19:05.494287,-0.69132084,-1.2457434,0.57088697,-2.5428793,2.4911084,3.6465602
1644,2026-05-11 16:19:05.497133,-0.570765,-1.077075,0.51923764,-2.5428793,2.4911084,3.6465602
1645,2026-05-11 16:19:05.499933,-0.570765,-1.077075,0.51923764,-2.5428793,2.4911084,3.6465602
1646,2026-05-11 16:19:05.503008,-0.570765,-1.077075,0.51923764,-2.5428793,2.4911084,3.6465602
1647,2026-05-11 16:19:05.505894,-0.570765,-1.077075,0.51923764,-2.5428793,2.4911084,3.6465602
1648,2026-05-11 16:19:05.508547,-0.570765,-1.077075,0.51923764,-2.5428793,2.4911084,3.6465602
1649,2026-05-11 16:19:05.511142,-0.570765,-1.077075,0.51923764,-2.5428793,2.4911084,3.6465602
1650,2026-05-11 16:19:05.513940,-0.570765,-1.077075,0.51923764,-2.5428793,2.4911084,3.6465602
1651,2026-05-11 16:19:05.516640,-0.570765,-1.077075,0.51923764,-2.8221974,2.2800546,4.21665
1652,2026-05-11 16:19:05.519742,-0.570765,-1.077075,0.51923764,-2.8221974,2.2800546,4.21665
1653,2026-05-11 16:19:05.522583,-0.570765,-1.077075,0.51923764,-2.8221974,2.2800546,4.21665
1654,2026-05-11 16:19:05.525312,-0.570765,-1.077075,0.51923764,-2.8221974,2.2800546,4.21665
1655,2026-05-11 16:19:05.528186,-0.570765,-1.077075,0.51923764,-2.8221974,2.2800546,4.21665
1656,2026-05-11 16:19:05.530961,-0.570765,-1.077075,0.51923764,-2.8221974,2.2800546,4.21665
1657,2026-05-11 16:19:05.533671,-0.570765,-1.077075,0.51923764,-2.8221974,2.2800546,4.21665
1658,2026-05-11 16:19:05.536747,-0.50246835,-0.90060127,0.5112493,-2.8221974,2.2800546,4.21665
1659,2026-05-11 16:19:05.539601,-0.50246835,-0.90060127,0.5112493,-2.8221974,2.2800546,4.21665
1660,2026-05-11 16:19:05.542330,-0.50246835,-0.90060127,0.5112493,-3.6801577,2.349235,5.2059464
1661,2026-05-11 16:19:05.545085,-0.50246835,-0.90060127,0.5112493,-3.6801577,2.349235,5.2059464
1662,2026-05-11 16:19:05.547865,-0.36459443,-0.82876784,0.579668,-4.045913,2.4862216,5.573229
1663,2026-05-11 16:19:05.550504,-0.36459443,-0.82876784,0.579668,-5.4898458,3.218191,6.862002
1664,2026-05-11 16:19:05.553590,0.31562817,-0.5069808,0.73071337,-5.4898458,3.218191,6.862002
1665,2026-05-11 16:19:05.556401,0.31562817,-0.5069808,0.73071337,-5.4898458,3.218191,6.862002
1666,2026-05-11 16:19:05.558977,0.31562817,-0.5069808,0.73071337,-5.4898458,3.218191,6.862002
1667,2026-05-11 16:19:05.561543,0.31562817,-0.5069808,0.73071337,-5.4898458,3.218191,6.862002
1668,2026-05-11 16:19:05.564313,0.31562817,-0.5069808,0.73071337,-5.4898458,3.218191,6.862002
1669,2026-05-11 16:19:05.566869,0.31562817,-0.5069808,0.73071337,-5.4898458,3.218191,6.862002
1670,2026-05-11 16:19:05.569941,0.31562817,-0.5069808,0.73071337,-5.4898458,3.218191,6.862002
1671,2026-05-11 16:19:05.572756,0.31562817,-0.5069808,0.73071337,-5.4898458,3.218191,6.862002
1672,2026-05-11 16:19:05.575357,0.31562817,-0.5069808,0.73071337,-5.4898458,3.218191,6.862002
1673,2026-05-11 16:19:05.578236,0.31562817,-0.5069808,0.73071337,-5.4898458,3.218191,6.862002
1674,2026-05-11 16:19:05.580869,0.31562817,-0.5069808,0.73071337,-5.4898458,3.218191,6.862002
1675,2026-05-11 16:19:05.583526,0.31562817,-0.5069808,0.73071337,-5.4898458,3.218191,6.862002
1676,2026-05-11 16:19:05.586495,0.31562817,-0.5069808,0.73071337,-5.4898458,3.218191,6.862002
1677,2026-05-11 16:19:05.589382,0.31562817,-0.5069808,0.73071337,-5.4898458,3.218191,6.862002
1678,2026-05-11 16:19:05.592044,0.31562817,-0.5069808,0.73071337,-5.4898458,3.218191,6.862002
1679,2026-05-11 16:19:05.594790,0.31562817,-0.5069808,0.73071337,-5.4898458,3.218191,6.862002
1680,2026-05-11 16:19:05.597611,1.080002,-0.32654345,0.80827886,-7.329772,4.035223,7.327023
1681,2026-05-11 16:19:05.600309,1.9268198,0.0066467295,1.2837944,-7.9247546,4.0474405,6.9473705
1682,2026-05-11 16:19:05.603413,1.9268198,0.0066467295,1.2837944,-7.9247546,4.0474405,6.9473705
1683,2026-05-11 16:19:05.606249,1.9268198,0.0066467295,1.2837944,-7.9247546,4.0474405,6.9473705
1684,2026-05-11 16:19:05.608870,1.9268198,0.0066467295,1.2837944,-7.9247546,4.0474405,6.9473705
1685,2026-05-11 16:19:05.611476,1.9268198,0.0066467295,1.2837944,-7.9247546,4.0474405,6.9473705
1686,2026-05-11 16:19:05.614108,1.9268198,0.0066467295,1.2837944,-7.9247546,4.0474405,6.9473705
1687,2026-05-11 16:19:05.616922,1.9268198,0.0066467295,1.2837944,-7.9247546,4.0474405,6.9473705
1688,2026-05-11 16:19:05.619947,1.9268198,0.0066467295,1.2837944,-7.9247546,4.0474405,6.9473705
1689,2026-05-11 16:19:05.622777,1.9268198,0.0066467295,1.2837944,-7.9247546,4.0474405,6.9473705
1690,2026-05-11 16:19:05.625427,1.9268198,0.0066467295,1.2837944,-7.9247546,4.0474405,6.9473705
1691,2026-05-11 16:19:05.628024,1.9268198,0.0066467295,1.2837944,-7.9247546,4.0474405,6.9473705
1692,2026-05-11 16:19:05.630945,1.7940072,0.1671439,1.7252836,-7.8732896,3.4715471,6.597192
1693,2026-05-11 16:19:05.633606,1.7940072,0.1671439,1.7252836,-7.538535,3.0140092,6.508922
1694,2026-05-11 16:19:05.636629,1.7940072,0.1671439,1.7252836,-7.538535,3.0140092,6.508922
1695,2026-05-11 16:19:05.639404,1.7940072,0.1671439,1.7252836,-7.538535,3.0140092,6.508922
1696,2026-05-11 16:19:05.642205,1.8188866,0.2157443,1.9188316,-7.538535,3.0140092,6.508922
1697,2026-05-11 16:19:05.645063,1.8188866,0.2157443,1.9188316,-7.538535,3.0140092,6.508922
1698,2026-05-11 16:19:05.647757,1.8808415,0.2667229,2.122685,-7.538535,3.0140092,6.508922
1699,2026-05-11 16:19:05.650392,1.8808415,0.2667229,2.122685,-7.538535,3.0140092,6.508922
1700,2026-05-11 16:19:05.653375,1.8808415,0.2667229,2.122685,-6.644534,2.2269092,6.2783203
1701,2026-05-11 16:19:05.656155,1.8808415,0.2667229,2.122685,-6.644534,2.2269092,6.2783203
1702,2026-05-11 16:19:05.658903,1.8808415,0.2667229,2.122685,-6.644534,2.2269092,6.2783203
1703,2026-05-11 16:19:05.661723,1.8808415,0.2667229,2.122685,-6.644534,2.2269092,6.2783203
1704,2026-05-11 16:19:05.664402,1.8808415,0.2667229,2.122685,-6.644534,2.2269092,6.2783203
1705,2026-05-11 16:19:05.667176,1.8808415,0.2667229,2.122685,-6.644534,2.2269092,6.2783203
1706,2026-05-11 16:19:05.670429,1.4005086,0.28971204,1.7863847,-3.7148242,1.1160508,5.519931
1707,2026-05-11 16:19:05.673193,1.4005086,0.28971204,1.7863847,-3.7148242,1.1160508,5.519931
1708,2026-05-11 16:19:05.675936,1.4005086,0.28971204,1.7863847,-3.7148242,1.1160508,5.519931
1709,2026-05-11 16:19:05.678674,1.4005086,0.28971204,1.7863847,-3.7148242,1.1160508,5.519931
1710,2026-05-11 16:19:05.681246,1.249951,0.28849244,1.2594638,-3.7148242,1.1160508,5.519931
1711,2026-05-11 16:19:05.683994,1.249951,0.28849244,1.2594638,-3.7148242,1.1160508,5.519931
1712,2026-05-11 16:19:05.687065,1.249951,0.28849244,1.2594638,-3.7148242,1.1160508,5.519931
1713,2026-05-11 16:19:05.689711,1.249951,0.28849244,1.2594638,-3.7148242,1.1160508,5.519931
1714,2026-05-11 16:19:05.692282,1.249951,0.28849244,1.2594638,-3.7148242,1.1160508,5.519931
1715,2026-05-11 16:19:05.694912,1.249951,0.28849244,1.2594638,-3.7148242,1.1160508,5.519931
1716,2026-05-11 16:19:05.697456,1.249951,0.28849244,1.2594638,-3.7148242,1.1160508,5.519931
1717,2026-05-11 16:19:05.700097,1.249951,0.28849244,1.2594638,-3.7148242,1.1160508,5.519931
1718,2026-05-11 16:19:05.703068,1.249951,0.28849244,1.2594638,-2.7963884,0.6834055,5.5051174
1719,2026-05-11 16:19:05.705896,1.2517194,0.2992248,0.8227309,-2.5702155,0.48533243,5.4965653
1720,2026-05-11 16:19:05.708576,1.2517194,0.2992248,0.8227309,-2.5702155,0.48533243,5.4965653
1721,2026-05-11 16:19:05.711238,1.1064061,0.42221975,0.38971785,-2.5702155,0.48533243,5.4965653
1722,2026-05-11 16:19:05.713998,1.1064061,0.42221975,0.38971785,-2.8918362,0.453262,5.6520305
1723,2026-05-11 16:19:05.716572,1.1064061,0.42221975,0.38971785,-2.8918362,0.453262,5.6520305
1724,2026-05-11 16:19:05.719628,1.1064061,0.42221975,0.38971785,-2.8918362,0.453262,5.6520305
1725,2026-05-11 16:19:05.722563,1.1064061,0.42221975,0.38971785,-2.8918362,0.453262,5.6520305
1726,2026-05-11 16:19:05.725169,1.1064061,0.42221975,0.38971785,-2.8918362,0.453262,5.6520305
1727,2026-05-11 16:19:05.727728,1.1064061,0.42221975,0.38971785,-2.8918362,0.453262,5.6520305
1728,2026-05-11 16:19:05.730435,1.1064061,0.42221975,0.38971785,-2.8918362,0.453262,5.6520305
1729,2026-05-11 16:19:05.733015,1.1598238,0.5145422,0.07079682,-2.8918362,0.453262,5.6520305
1730,2026-05-11 16:19:05.735988,1.1598238,0.5145422,0.07079682,-2.8918362,0.453262,5.6520305
1731,2026-05-11 16:19:05.738659,1.1598238,0.5145422,0.07079682,-2.8918362,0.453262,5.6520305
1732,2026-05-11 16:19:05.741234,1.1598238,0.5145422,0.07079682,-3.5992181,0.5468771,5.945093
1733,2026-05-11 16:19:05.743894,1.1598238,0.5145422,0.07079682,-3.5992181,0.5468771,5.945093
1734,2026-05-11 16:19:05.747052,1.1598238,0.5145422,0.07079682,-3.5992181,0.5468771,5.945093
1735,2026-05-11 16:19:05.749747,1.1598238,0.5145422,0.07079682,-3.5992181,0.5468771,5.945093
1736,2026-05-11 16:19:05.753311,1.1598238,0.5145422,0.07079682,-3.5992181,0.5468771,5.945093
1737,2026-05-11 16:19:05.756461,1.1598238,0.5145422,0.07079682,-3.5992181,0.5468771,5.945093
1738,2026-05-11 16:19:05.759451,1.1598238,0.5145422,0.07079682,-3.5992181,0.5468771,5.945093
1739,2026-05-11 16:19:05.762583,1.2520242,0.51204205,-0.12695862,-3.5992181,0.5468771,5.945093
1740,2026-05-11 16:19:05.765543,1.2520242,0.51204205,-0.12695862,-3.5992181,0.5468771,5.945093
1741,2026-05-11 16:19:05.768502,1.2520242,0.51204205,-0.12695862,-3.5992181,0.5468771,5.945093
1742,2026-05-11 16:19:05.771468,1.2520242,0.51204205,-0.12695862,-4.3779187,0.7817548,6.1274366
1743,2026-05-11 16:19:05.774096,1.2520242,0.51204205,-0.12695862,-4.3779187,0.7817548,6.1274366
1744,2026-05-11 16:19:05.776768,1.3788,0.38307112,-0.2733696,-6.7283754,1.7724255,6.4510427
1745,2026-05-11 16:19:05.779575,1.3788,0.38307112,-0.2733696,-6.7283754,1.7724255,6.4510427
1746,2026-05-11 16:19:05.782265,1.3788,0.38307112,-0.2733696,-6.7283754,1.7724255,6.4510427
1747,2026-05-11 16:19:05.785258,1.3788,0.38307112,-0.2733696,-6.7283754,1.7724255,6.4510427
1748,2026-05-11 16:19:05.788144,1.3788,0.38307112,-0.2733696,-6.7283754,1.7724255,6.4510427
1749,2026-05-11 16:19:05.790808,1.3788,0.38307112,-0.2733696,-6.7283754,1.7724255,6.4510427
1750,2026-05-11 16:19:05.793578,1.6224728,0.39148626,-0.14628904,-6.7283754,1.7724255,6.4510427
1751,2026-05-11 16:19:05.796358,1.6224728,0.39148626,-0.14628904,-6.7283754,1.7724255,6.4510427
1752,2026-05-11 16:19:05.799038,1.6224728,0.39148626,-0.14628904,-6.7283754,1.7724255,6.4510427
1753,2026-05-11 16:19:05.801944,1.6224728,0.39148626,-0.14628904,-6.7283754,1.7724255,6.4510427
1754,2026-05-11 16:19:05.804837,1.6224728,0.39148626,-0.14628904,-6.7283754,1.7724255,6.4510427
1755,2026-05-11 16:19:05.807584,1.6224728,0.39148626,-0.14628904,-6.7283754,1.7724255,6.4510427
1756,2026-05-11 16:19:05.810323,1.6224728,0.39148626,-0.14628904,-6.7283754,1.7724255,6.4510427
1757,2026-05-11 16:19:05.813070,1.6224728,0.39148626,-0.14628904,-6.7283754,1.7724255,6.4510427
1758,2026-05-11 16:19:05.815662,1.6224728,0.39148626,-0.14628904,-6.7283754,1.7724255,6.4510427
1759,2026-05-11 16:19:05.818392,1.6224728,0.39148626,-0.14628904,-8.302728,2.378404,6.443254
1760,2026-05-11 16:19:05.821317,1.6224728,0.39148626,-0.14628904,-8.302728,2.378404,6.443254
1761,2026-05-11 16:19:05.824068,1.6224728,0.39148626,-0.14628904,-8.302728,2.378404,6.443254
1762,2026-05-11 16:19:05.826661,1.6224728,0.39148626,-0.14628904,-8.302728,2.378404,6.443254
1763,2026-05-11 16:19:05.829219,1.6224728,0.39148626,-0.14628904,-8.302728,2.378404,6.443254
1764,2026-05-11 16:19:05.831972,1.6224728,0.39148626,-0.14628904,-8.302728,2.378404,6.443254
1765,2026-05-11 16:19:05.834591,1.6224728,0.39148626,-0.14628904,-8.302728,2.378404,6.443254
1766,2026-05-11 16:19:05.837884,1.6224728,0.39148626,-0.14628904,-8.302728,2.378404,6.443254
1767,2026-05-11 16:19:05.840644,1.6224728,0.39148626,-0.14628904,-8.302728,2.378404,6.443254
1768,2026-05-11 16:19:05.843324,1.6224728,0.39148626,-0.14628904,-8.302728,2.378404,6.443254
1769,2026-05-11 16:19:05.845936,1.6224728,0.39148626,-0.14628904,-8.302728,2.378404,6.443254
1770,2026-05-11 16:19:05.848541,1.6224728,0.39148626,-0.14628904,-8.302728,2.378404,6.443254
1771,2026-05-11 16:19:05.851308,1.6224728,0.39148626,-0.14628904,-8.302728,2.378404,6.443254
1772,2026-05-11 16:19:05.854040,1.6224728,0.39148626,-0.14628904,-8.302728,2.378404,6.443254
1773,2026-05-11 16:19:05.857576,1.7576635,0.3501424,0.06250364,-8.302728,2.378404,6.443254
1774,2026-05-11 16:19:05.860505,1.7576635,0.3501424,0.06250364,-9.446267,2.5132523,6.075666
1775,2026-05-11 16:19:05.863242,1.7576635,0.3501424,0.06250364,-9.446267,2.5132523,6.075666
1776,2026-05-11 16:19:05.865838,1.7576635,0.3501424,0.06250364,-9.976346,2.133294,5.7690115
1777,2026-05-11 16:19:05.868481,1.7576635,0.3501424,0.06250364,-9.976346,2.133294,5.7690115
1778,2026-05-11 16:19:05.871733,1.7576635,0.3501424,0.06250364,-9.976346,2.133294,5.7690115
1779,2026-05-11 16:19:05.874531,1.7576635,0.3501424,0.06250364,-9.976346,2.133294,5.7690115
1780,2026-05-11 16:19:05.877094,1.7576635,0.3501424,0.06250364,-9.976346,2.133294,5.7690115
1781,2026-05-11 16:19:05.879770,1.7576635,0.3501424,0.06250364,-9.976346,2.133294,5.7690115
1782,2026-05-11 16:19:05.882529,1.7576635,0.3501424,0.06250364,-9.976346,2.133294,5.7690115
1783,2026-05-11 16:19:05.885441,1.7809577,0.4016088,0.32032356,-9.976346,2.133294,5.7690115
1784,2026-05-11 16:19:05.888731,1.7809577,0.4016088,0.32032356,-9.976346,2.133294,5.7690115
1785,2026-05-11 16:19:05.891524,1.7809577,0.4016088,0.32032356,-9.976346,2.133294,5.7690115
1786,2026-05-11 16:19:05.894193,1.7809577,0.4016088,0.32032356,-9.976346,2.133294,5.7690115
1787,2026-05-11 16:19:05.896797,1.7809577,0.4016088,0.32032356,-10.0356,1.5451837,5.446933
1788,2026-05-11 16:19:05.899559,2.2528143,1.0190228,1.0317676,-9.50827,0.7076874,4.8099527
1789,2026-05-11 16:19:05.902601,2.2528143,1.0190228,1.0317676,-9.50827,0.7076874,4.8099527
1790,2026-05-11 16:19:05.905586,2.2528143,1.0190228,1.0317676,-9.50827,0.7076874,4.8099527
1791,2026-05-11 16:19:05.908205,2.2528143,1.0190228,1.0317676,-9.50827,0.7076874,4.8099527
1792,2026-05-11 16:19:05.910796,2.2528143,1.0190228,1.0317676,-9.50827,0.7076874,4.8099527
1793,2026-05-11 16:19:05.913422,2.2528143,1.0190228,1.0317676,-9.50827,0.7076874,4.8099527
1794,2026-05-11 16:19:05.916250,2.2528143,1.0190228,1.0317676,-9.50827,0.7076874,4.8099527
1795,2026-05-11 16:19:05.919291,2.2528143,1.0190228,1.0317676,-9.50827,0.7076874,4.8099527
1796,2026-05-11 16:19:05.922387,2.2528143,1.0190228,1.0317676,-9.50827,0.7076874,4.8099527
1797,2026-05-11 16:19:05.925156,2.2528143,1.0190228,1.0317676,-9.50827,0.7076874,4.8099527
1798,2026-05-11 16:19:05.928077,2.1825054,1.56875,1.1634215,-8.543256,-0.053450707,3.8356228
1799,2026-05-11 16:19:05.930913,1.9718834,1.9248075,0.980484,-8.077318,-0.22785273,3.1245756
1800,2026-05-11 16:19:05.933553,2.054632,2.17159,1.0398778,-8.077318,-0.22785273,3.1245756
1801,2026-05-11 16:19:05.936592,2.054632,2.17159,1.0398778,-8.077318,-0.22785273,3.1245756
1802,2026-05-11 16:19:05.939457,2.054632,2.17159,1.0398778,-8.077318,-0.22785273,3.1245756
1803,2026-05-11 16:19:05.942108,2.054632,2.17159,1.0398778,-8.077318,-0.22785273,3.1245756
1804,2026-05-11 16:19:05.944868,2.054632,2.17159,1.0398778,-8.077318,-0.22785273,3.1245756
1805,2026-05-11 16:19:05.947615,2.3630037,2.4107504,1.4191072,-8.095644,0.050701816,2.7951667
1806,2026-05-11 16:19:05.950221,2.3630037,2.4107504,1.4191072,-8.095644,0.050701816,2.7951667
1807,2026-05-11 16:19:05.953400,2.3630037,2.4107504,1.4191072,-8.095644,0.050701816,2.7951667
1808,2026-05-11 16:19:05.956290,2.0682304,3.364038,3.3611104,-7.5701475,0.2733622,2.0060816
1809,2026-05-11 16:19:05.959018,2.0682304,3.364038,3.3611104,-6.1926465,0.29749137,1.8116736
1810,2026-05-11 16:19:05.961605,2.0682304,3.364038,3.3611104,-6.1926465,0.29749137,1.8116736
1811,2026-05-11 16:19:05.964439,2.0682304,3.364038,3.3611104,-6.1926465,0.29749137,1.8116736
1812,2026-05-11 16:19:05.967175,2.0682304,3.364038,3.3611104,-6.1926465,0.29749137,1.8116736
1813,2026-05-11 16:19:05.970427,2.0682304,3.364038,3.3611104,-6.1926465,0.29749137,1.8116736
1814,2026-05-11 16:19:05.973153,2.0682304,3.364038,3.3611104,-6.1926465,0.29749137,1.8116736
1815,2026-05-11 16:19:05.975904,2.0682304,3.364038,3.3611104,-6.1926465,0.29749137,1.8116736
1816,2026-05-11 16:19:05.978551,2.0682304,3.364038,3.3611104,-6.1926465,0.29749137,1.8116736
1817,2026-05-11 16:19:05.981238,2.2411673,4.087556,4.184573,-4.97733,0.2660318,1.8515326
1818,2026-05-11 16:19:05.983869,2.2411673,4.087556,4.184573,-4.97733,0.2660318,1.8515326
1819,2026-05-11 16:19:05.987071,2.9015718,4.417514,4.024503,-2.4335344,0.21594086,1.8603901
1820,2026-05-11 16:19:05.989837,2.9015718,4.417514,4.024503,-2.4335344,0.21594086,1.8603901
1821,2026-05-11 16:19:05.992510,2.9015718,4.417514,4.024503,0.3866777,0.09941832,1.4760032
1822,2026-05-11 16:19:05.995099,2.9015718,4.417514,4.024503,0.3866777,0.09941832,1.4760032
1823,2026-05-11 16:19:05.998012,2.9015718,4.417514,4.024503,0.3866777,0.09941832,1.4760032
1824,2026-05-11 16:19:06.000675,2.9015718,4.417514,4.024503,0.3866777,0.09941832,1.4760032
1825,2026-05-11 16:19:06.003703,2.9015718,4.417514,4.024503,0.3866777,0.09941832,1.4760032
1826,2026-05-11 16:19:06.006670,2.9015718,4.417514,4.024503,0.3866777,0.09941832,1.4760032
1827,2026-05-11 16:19:06.009278,2.9015718,4.417514,4.024503,0.3866777,0.09941832,1.4760032
1828,2026-05-11 16:19:06.012081,2.9015718,4.417514,4.024503,0.3866777,0.09941832,1.4760032
1829,2026-05-11 16:19:06.014647,2.9015718,4.417514,4.024503,0.3866777,0.09941832,1.4760032
1830,2026-05-11 16:19:06.017489,2.9015718,4.417514,4.024503,0.3866777,0.09941832,1.4760032
1831,2026-05-11 16:19:06.020500,2.9015718,4.417514,4.024503,0.3866777,0.09941832,1.4760032
1832,2026-05-11 16:19:06.023203,2.9015718,4.417514,4.024503,0.3866777,0.09941832,1.4760032
1833,2026-05-11 16:19:06.025767,2.9015718,4.417514,4.024503,0.3866777,0.09941832,1.4760032
1834,2026-05-11 16:19:06.028345,2.9015718,4.417514,4.024503,0.3866777,0.09941832,1.4760032
1835,2026-05-11 16:19:06.030987,2.9015718,4.417514,4.024503,0.3866777,0.09941832,1.4760032
1836,2026-05-11 16:19:06.033534,2.9015718,4.417514,4.024503,0.3866777,0.09941832,1.4760032
1837,2026-05-11 16:19:06.036738,2.9015718,4.417514,4.024503,0.3866777,0.09941832,1.4760032
1838,2026-05-11 16:19:06.039444,2.9015718,4.417514,4.024503,0.3866777,0.09941832,1.4760032
1839,2026-05-11 16:19:06.042057,2.9015718,4.417514,4.024503,0.3866777,0.09941832,1.4760032
1840,2026-05-11 16:19:06.044815,2.9015718,4.417514,4.024503,0.3866777,0.09941832,1.4760032
1841,2026-05-11 16:19:06.047648,2.9015718,4.417514,4.024503,0.3866777,0.09941832,1.4760032
1842,2026-05-11 16:19:06.050289,2.9015718,4.417514,4.024503,0.3866777,0.09941832,1.4760032
1843,2026-05-11 16:19:06.053341,2.9015718,4.417514,4.024503,0.3866777,0.09941832,1.4760032
1844,2026-05-11 16:19:06.056073,2.9015718,4.417514,4.024503,0.3866777,0.09941832,1.4760032
1845,2026-05-11 16:19:06.058667,2.9015718,4.417514,4.024503,0.3866777,0.09941832,1.4760032
1846,2026-05-11 16:19:06.061228,2.9015718,4.417514,4.024503,0.3866777,0.09941832,1.4760032
1847,2026-05-11 16:19:06.063976,2.9015718,4.417514,4.024503,0.3866777,0.09941832,1.4760032
1848,2026-05-11 16:19:06.066636,3.5199003,4.533557,3.5306938,2.91398,-0.17348573,0.44089198
1849,2026-05-11 16:19:06.069935,3.550146,4.456053,3.1362195,4.4764204,-0.28848112,-0.61743206
1850,2026-05-11 16:19:06.072744,3.550146,4.456053,3.1362195,4.4764204,-0.28848112,-0.61743206
1851,2026-05-11 16:19:06.075467,3.550146,4.456053,3.1362195,4.4764204,-0.28848112,-0.61743206
1852,2026-05-11 16:19:06.078222,3.550146,4.456053,3.1362195,5.997017,-0.539394,-1.8223637
1853,2026-05-11 16:19:06.080951,3.550146,4.456053,3.1362195,5.997017,-0.539394,-1.8223637
1854,2026-05-11 16:19:06.083599,3.550146,4.456053,3.1362195,5.997017,-0.539394,-1.8223637
1855,2026-05-11 16:19:06.086780,3.550146,4.456053,3.1362195,5.997017,-0.539394,-1.8223637
1856,2026-05-11 16:19:06.089549,3.550146,4.456053,3.1362195,5.997017,-0.539394,-1.8223637
1857,2026-05-11 16:19:06.092154,3.550146,4.456053,3.1362195,5.997017,-0.539394,-1.8223637
1858,2026-05-11 16:19:06.094895,3.550146,4.456053,3.1362195,5.997017,-0.539394,-1.8223637
1859,2026-05-11 16:19:06.097591,3.2249444,3.9416935,2.0658524,5.997017,-0.539394,-1.8223637
1860,2026-05-11 16:19:06.100348,3.119755,3.6385052,1.3854467,5.997017,-0.539394,-1.8223637
1861,2026-05-11 16:19:06.103593,3.119755,3.6385052,1.3854467,5.997017,-0.539394,-1.8223637
1862,2026-05-11 16:19:06.106373,3.119755,3.6385052,1.3854467,5.997017,-0.539394,-1.8223637
1863,2026-05-11 16:19:06.109023,3.119755,3.6385052,1.3854467,5.997017,-0.539394,-1.8223637
1864,2026-05-11 16:19:06.111712,3.119755,3.6385052,1.3854467,5.997017,-0.539394,-1.8223637
1865,2026-05-11 16:19:06.114389,3.119755,3.6385052,1.3854467,6.3672013,-0.98272943,-2.279291
1866,2026-05-11 16:19:06.117218,3.119755,3.6385052,1.3854467,6.3672013,-0.98272943,-2.279291
1867,2026-05-11 16:19:06.120307,3.119755,3.6385052,1.3854467,6.3672013,-0.98272943,-2.279291
1868,2026-05-11 16:19:06.123180,3.0159078,3.4517868,0.73803085,6.3672013,-0.98272943,-2.279291
1869,2026-05-11 16:19:06.125976,3.0159078,3.4517868,0.73803085,6.3672013,-0.98272943,-2.279291
1870,2026-05-11 16:19:06.128689,3.0159078,3.4517868,0.73803085,6.3672013,-0.98272943,-2.279291
1871,2026-05-11 16:19:06.131555,2.848703,3.2577512,0.083480485,6.1114016,-1.5903877,-2.5998425
1872,2026-05-11 16:19:06.134307,2.848703,3.2577512,0.083480485,6.1114016,-1.5903877,-2.5998425
1873,2026-05-11 16:19:06.137665,2.848703,3.2577512,0.083480485,6.1114016,-1.5903877,-2.5998425
1874,2026-05-11 16:19:06.140427,2.848703,3.2577512,0.083480485,6.1114016,-1.5903877,-2.5998425
1875,2026-05-11 16:19:06.143049,2.848703,3.2577512,0.083480485,6.1114016,-1.5903877,-2.5998425
1876,2026-05-11 16:19:06.145695,2.848703,3.2577512,0.083480485,6.1114016,-1.5903877,-2.5998425
1877,2026-05-11 16:19:06.148357,2.848703,3.2577512,0.083480485,6.1114016,-1.5903877,-2.5998425
1878,2026-05-11 16:19:06.150961,2.848703,3.2577512,0.083480485,6.1114016,-1.5903877,-2.5998425
1879,2026-05-11 16:19:06.154000,2.848703,3.2577512,0.083480485,6.1114016,-1.5903877,-2.5998425
1880,2026-05-11 16:19:06.156866,2.848703,3.2577512,0.083480485,4.3843327,-1.9927951,-2.9116893
1881,2026-05-11 16:19:06.159556,2.848703,3.2577512,0.083480485,4.3843327,-1.9927951,-2.9116893
1882,2026-05-11 16:19:06.162161,2.848703,3.2577512,0.083480485,4.3843327,-1.9927951,-2.9116893
1883,2026-05-11 16:19:06.164968,2.848703,3.2577512,0.083480485,4.3843327,-1.9927951,-2.9116893
1884,2026-05-11 16:19:06.167571,2.848703,3.2577512,0.083480485,4.3843327,-1.9927951,-2.9116893
1885,2026-05-11 16:19:06.170891,2.848703,3.2577512,0.083480485,4.3843327,-1.9927951,-2.9116893
1886,2026-05-11 16:19:06.173656,2.848703,3.2577512,0.083480485,4.3843327,-1.9927951,-2.9116893
1887,2026-05-11 16:19:06.176324,2.8212013,3.1042666,0.19684075,4.3843327,-1.9927951,-2.9116893
1888,2026-05-11 16:19:06.178932,2.8212013,3.1042666,0.19684075,4.3843327,-1.9927951,-2.9116893
1889,2026-05-11 16:19:06.181495,2.8212013,3.1042666,0.19684075,4.3843327,-1.9927951,-2.9116893
1890,2026-05-11 16:19:06.184274,2.8212013,3.1042666,0.19684075,4.3843327,-1.9927951,-2.9116893
1891,2026-05-11 16:19:06.187408,2.8212013,3.1042666,0.19684075,4.3843327,-1.9927951,-2.9116893
1892,2026-05-11 16:19:06.190158,2.8212013,3.1042666,0.19684075,4.3843327,-1.9927951,-2.9116893
1893,2026-05-11 16:19:06.192774,2.8212013,3.1042666,0.19684075,4.3843327,-1.9927951,-2.9116893
1894,2026-05-11 16:19:06.195428,2.8212013,3.1042666,0.19684075,2.2808182,-1.5416712,-3.165351
1895,2026-05-11 16:19:06.198001,2.8212013,3.1042666,0.19684075,2.2808182,-1.5416712,-3.165351
1896,2026-05-11 16:19:06.200745,2.6362514,2.9059014,0.66345334,0.8194757,-0.87109387,-3.4341316
1897,2026-05-11 16:19:06.203846,2.6362514,2.9059014,0.66345334,0.8194757,-0.87109387,-3.4341316
1898,2026-05-11 16:19:06.206507,2.6362514,2.9059014,0.66345334,0.8194757,-0.87109387,-3.4341316
1899,2026-05-11 16:19:06.209135,2.6362514,2.9059014,0.66345334,0.8194757,-0.87109387,-3.4341316
1900,2026-05-11 16:19:06.211694,2.6362514,2.9059014,0.66345334,0.8194757,-0.87109387,-3.4341316
1901,2026-05-11 16:19:06.214467,2.367577,2.6719244,1.2781234,0.8194757,-0.87109387,-3.4341316
1902,2026-05-11 16:19:06.217052,2.367577,2.6719244,1.2781234,0.8194757,-0.87109387,-3.4341316
1903,2026-05-11 16:19:06.220051,2.367577,2.6719244,1.2781234,0.8194757,-0.87109387,-3.4341316
1904,2026-05-11 16:19:06.222766,2.367577,2.6719244,1.2781234,0.8194757,-0.87109387,-3.4341316
1905,2026-05-11 16:19:06.225334,2.367577,2.6719244,1.2781234,0.8194757,-0.87109387,-3.4341316
1906,2026-05-11 16:19:06.228190,2.367577,2.6719244,1.2781234,0.8194757,-0.87109387,-3.4341316
1907,2026-05-11 16:19:06.230906,2.367577,2.6719244,1.2781234,0.8194757,-0.87109387,-3.4341316
1908,2026-05-11 16:19:06.233734,2.367577,2.6719244,1.2781234,-0.06856962,-0.17837265,-3.7097847
1909,2026-05-11 16:19:06.236902,2.367577,2.6719244,1.2781234,-0.06856962,-0.17837265,-3.7097847
1910,2026-05-11 16:19:06.239763,2.367577,2.6719244,1.2781234,-0.06856962,-0.17837265,-3.7097847
1911,2026-05-11 16:19:06.242506,2.367577,2.6719244,1.2781234,-0.06856962,-0.17837265,-3.7097847
1912,2026-05-11 16:19:06.245220,2.367577,2.6719244,1.2781234,-0.06856962,-0.17837265,-3.7097847
1913,2026-05-11 16:19:06.247989,2.367577,2.6719244,1.2781234,-0.06856962,-0.17837265,-3.7097847
1914,2026-05-11 16:19:06.250731,2.367577,2.6719244,1.2781234,-0.06856962,-0.17837265,-3.7097847
1915,2026-05-11 16:19:06.253826,2.367577,2.6719244,1.2781234,-0.06856962,-0.17837265,-3.7097847
1916,2026-05-11 16:19:06.256602,2.367577,2.6719244,1.2781234,-0.06856962,-0.17837265,-3.7097847
1917,2026-05-11 16:19:06.259227,2.367577,2.6719244,1.2781234,-0.06856962,-0.17837265,-3.7097847
1918,2026-05-11 16:19:06.261986,2.367577,2.6719244,1.2781234,-0.06856962,-0.17837265,-3.7097847
1919,2026-05-11 16:19:06.264745,2.1467714,2.400079,2.0910368,-0.08124508,-0.1441642,-3.9014437
1920,2026-05-11 16:19:06.267479,2.1467714,2.400079,2.0910368,-0.08124508,-0.1441642,-3.9014437
1921,2026-05-11 16:19:06.270450,2.1467714,2.400079,2.0910368,-0.08124508,-0.1441642,-3.9014437
1922,2026-05-11 16:19:06.273474,2.1467714,2.400079,2.0910368,-0.08124508,-0.1441642,-3.9014437
1923,2026-05-11 16:19:06.276134,2.1467714,2.400079,2.0910368,1.9982929,-1.1510228,-4.212374
1924,2026-05-11 16:19:06.278730,2.1467714,2.400079,2.0910368,1.9982929,-1.1510228,-4.212374
1925,2026-05-11 16:19:06.281537,2.1467714,2.400079,2.0910368,1.9982929,-1.1510228,-4.212374
1926,2026-05-11 16:19:06.284215,2.1467714,2.400079,2.0910368,1.9982929,-1.1510228,-4.212374
1927,2026-05-11 16:19:06.287409,2.1467714,2.400079,2.0910368,1.9982929,-1.1510228,-4.212374
1928,2026-05-11 16:19:06.290166,2.1467714,2.400079,2.0910368,1.9982929,-1.1510228,-4.212374
1929,2026-05-11 16:19:06.292956,1.8994402,2.154516,2.7427819,3.6879463,-1.2950343,-4.4603853
1930,2026-05-11 16:19:06.295699,1.8994402,2.154516,2.7427819,3.6879463,-1.2950343,-4.4603853
1931,2026-05-11 16:19:06.298447,1.8994402,2.154516,2.7427819,3.6879463,-1.2950343,-4.4603853
1932,2026-05-11 16:19:06.301128,1.8994402,2.154516,2.7427819,3.6879463,-1.2950343,-4.4603853
1933,2026-05-11 16:19:06.304133,1.8994402,2.154516,2.7427819,3.6879463,-1.2950343,-4.4603853
1934,2026-05-11 16:19:06.306927,1.8994402,2.154516,2.7427819,3.6879463,-1.2950343,-4.4603853
1935,2026-05-11 16:19:06.309623,1.8994402,2.154516,2.7427819,3.6879463,-1.2950343,-4.4603853
1936,2026-05-11 16:19:06.312323,1.8994402,2.154516,2.7427819,3.6879463,-1.2950343,-4.4603853
1937,2026-05-11 16:19:06.314922,1.8994402,2.154516,2.7427819,3.6879463,-1.2950343,-4.4603853
1938,2026-05-11 16:19:06.317630,1.8994402,2.154516,2.7427819,3.6879463,-1.2950343,-4.4603853
1939,2026-05-11 16:19:06.320564,1.8994402,2.154516,2.7427819,3.6879463,-1.2950343,-4.4603853
1940,2026-05-11 16:19:06.323269,1.8994402,2.154516,2.7427819,3.6879463,-1.2950343,-4.4603853
1941,2026-05-11 16:19:06.325972,1.8994402,2.154516,2.7427819,3.6879463,-1.2950343,-4.4603853
1942,2026-05-11 16:19:06.328573,1.8994402,2.154516,2.7427819,3.6879463,-1.2950343,-4.4603853
1943,2026-05-11 16:19:06.331313,1.8994402,2.154516,2.7427819,3.6879463,-1.2950343,-4.4603853
1944,2026-05-11 16:19:06.334086,1.8994402,2.154516,2.7427819,3.6879463,-1.2950343,-4.4603853
1945,2026-05-11 16:19:06.337321,1.5986909,1.1904963,2.4039817,3.6879463,-1.2950343,-4.4603853
1946,2026-05-11 16:19:06.340104,1.8390707,2.048778,2.9252927,3.6879463,-1.2950343,-4.4603853
1947,2026-05-11 16:19:06.342878,1.5146616,0.6835155,1.6880863,3.6879463,-1.2950343,-4.4603853
1948,2026-05-11 16:19:06.345492,1.5146616,0.6835155,1.6880863,3.6879463,-1.2950343,-4.4603853
1949,2026-05-11 16:19:06.348263,1.7434554,1.7628468,2.9830399,3.6879463,-1.2950343,-4.4603853
1950,2026-05-11 16:19:06.351067,1.7434554,1.7628468,2.9830399,3.6879463,-1.2950343,-4.4603853
1951,2026-05-11 16:19:06.354344,1.7434554,1.7628468,2.9830399,3.6879463,-1.2950343,-4.4603853
1952,2026-05-11 16:19:06.357162,1.6758906,1.4716103,2.7152193,3.6879463,-1.2950343,-4.4603853
1953,2026-05-11 16:19:06.359937,1.6758906,1.4716103,2.7152193,3.6879463,-1.2950343,-4.4603853
1954,2026-05-11 16:19:06.362721,1.6758906,1.4716103,2.7152193,4.897154,-0.97020674,-4.6746464
1955,2026-05-11 16:19:06.365440,1.6758906,1.4716103,2.7152193,4.897154,-0.97020674,-4.6746464
1956,2026-05-11 16:19:06.368567,1.6758906,1.4716103,2.7152193,4.897154,-0.97020674,-4.6746464
1957,2026-05-11 16:19:06.371561,1.6758906,1.4716103,2.7152193,4.897154,-0.97020674,-4.6746464
1958,2026-05-11 16:19:06.374263,1.6758906,1.4716103,2.7152193,4.897154,-0.97020674,-4.6746464
1959,2026-05-11 16:19:06.376965,1.6758906,1.4716103,2.7152193,4.897154,-0.97020674,-4.6746464
1960,2026-05-11 16:19:06.379786,1.6758906,1.4716103,2.7152193,4.897154,-0.97020674,-4.6746464
1961,2026-05-11 16:19:06.382438,1.6758906,1.4716103,2.7152193,4.897154,-0.97020674,-4.6746464
1962,2026-05-11 16:19:06.385041,1.6758906,1.4716103,2.7152193,4.897154,-0.97020674,-4.6746464
1963,2026-05-11 16:19:06.388275,1.6758906,1.4716103,2.7152193,4.897154,-0.97020674,-4.6746464
1964,2026-05-11 16:19:06.391028,1.6758906,1.4716103,2.7152193,5.681658,-0.7330383,-4.858364
1965,2026-05-11 16:19:06.393749,1.6758906,1.4716103,2.7152193,5.681658,-0.7330383,-4.858364
1966,2026-05-11 16:19:06.396344,1.6758906,1.4716103,2.7152193,5.681658,-0.7330383,-4.858364
1967,2026-05-11 16:19:06.399160,1.6758906,1.4716103,2.7152193,5.681658,-0.7330383,-4.858364
1968,2026-05-11 16:19:06.401788,1.6758906,1.4716103,2.7152193,5.681658,-0.7330383,-4.858364
1969,2026-05-11 16:19:06.405169,1.6758906,1.4716103,2.7152193,6.5742846,-0.6626361,-5.096449
1970,2026-05-11 16:19:06.407975,1.5291137,0.8695629,1.9632243,6.5742846,-0.6626361,-5.096449
1971,2026-05-11 16:19:06.410712,1.5291137,0.8695629,1.9632243,6.5742846,-0.6626361,-5.096449
1972,2026-05-11 16:19:06.413340,1.5291137,0.8695629,1.9632243,6.5742846,-0.6626361,-5.096449
1973,2026-05-11 16:19:06.416129,1.5549078,0.37307054,1.2297668,7.0959635,-0.968985,-5.447391
1974,2026-05-11 16:19:06.419010,1.5549078,0.37307054,1.2297668,7.0959635,-0.968985,-5.447391
1975,2026-05-11 16:19:06.422178,1.5549078,0.37307054,1.2297668,7.0593114,-1.2544118,-5.6309557
1976,2026-05-11 16:19:06.425042,1.618631,0.1475086,0.95627534,7.0593114,-1.2544118,-5.6309557
1977,2026-05-11 16:19:06.454869,2.6035666,-0.06085721,2.186042,5.478392,-5.7935987,-7.444462
1978,2026-05-11 16:19:06.458977,2.6035666,-0.06085721,2.186042,5.7809234,-6.5550423,-7.564955
1979,2026-05-11 16:19:06.467104,2.6035666,-0.06085721,2.186042,5.7809234,-6.5550423,-7.564955
1980,2026-05-11 16:19:06.470431,2.6035666,-0.06085721,2.186042,5.7809234,-6.5550423,-7.564955
1981,2026-05-11 16:19:06.473253,2.6035666,-0.06085721,2.186042,5.7809234,-6.5550423,-7.564955
1982,2026-05-11 16:19:06.476054,2.6035666,-0.06085721,2.186042,5.7809234,-6.5550423,-7.564955
1983,2026-05-11 16:19:06.478858,2.6035666,-0.06085721,2.186042,5.7809234,-6.5550423,-7.564955
1984,2026-05-11 16:19:06.481551,3.0193834,-0.042075627,2.1609797,6.3039765,-7.454694,-7.963239
1985,2026-05-11 16:19:06.484220,3.0193834,-0.042075627,2.1609797,6.3039765,-7.454694,-7.963239
1986,2026-05-11 16:19:06.487292,3.0193834,-0.042075627,2.1609797,6.3039765,-7.454694,-7.963239
1987,2026-05-11 16:19:06.490145,3.0193834,-0.042075627,2.1609797,6.3039765,-7.454694,-7.963239
1988,2026-05-11 16:19:06.492910,3.0193834,-0.042075627,2.1609797,6.3039765,-7.454694,-7.963239
1989,2026-05-11 16:19:06.495628,3.0193834,-0.042075627,2.1609797,6.3039765,-7.454694,-7.963239
1990,2026-05-11 16:19:06.498271,3.0193834,-0.042075627,2.1609797,6.3039765,-7.454694,-7.963239
1991,2026-05-11 16:19:06.501069,3.0193834,-0.042075627,2.1609797,6.3039765,-7.454694,-7.963239
1992,2026-05-11 16:19:06.504192,3.2984242,-0.09909115,1.9629195,6.5660377,-8.16681,-8.695056
1993,2026-05-11 16:19:06.507053,3.2984242,-0.09909115,1.9629195,6.5660377,-8.16681,-8.695056
1994,2026-05-11 16:19:06.509748,3.2984242,-0.09909115,1.9629195,6.5660377,-8.16681,-8.695056
1995,2026-05-11 16:19:06.512429,3.2984242,-0.09909115,1.9629195,6.5660377,-8.16681,-8.695056
1996,2026-05-11 16:19:06.515029,3.2984242,-0.09909115,1.9629195,6.5660377,-8.16681,-8.695056
1997,2026-05-11 16:19:06.517992,3.2984242,-0.09909115,1.9629195,6.5978026,-8.555168,-9.197187
1998,2026-05-11 16:19:06.521162,3.4133089,-0.16696097,1.920234,6.5978026,-8.555168,-9.197187
1999,2026-05-11 16:19:06.523927,3.4133089,-0.16696097,1.920234,6.5978026,-8.555168,-9.197187
2000,2026-05-11 16:19:06.526563,3.4133089,-0.16696097,1.920234,6.5978026,-8.555168,-9.197187
2001,2026-05-11 16:19:06.529393,3.4133089,-0.16696097,1.920234,6.5978026,-8.555168,-9.197187
2002,2026-05-11 16:19:06.532143,3.4133089,-0.16696097,1.920234,6.5978026,-8.555168,-9.197187
2003,2026-05-11 16:19:06.534720,3.4133089,-0.16696097,1.920234,6.5978026,-8.555168,-9.197187
2004,2026-05-11 16:19:06.537812,3.4133089,-0.16696097,1.920234,6.5978026,-8.555168,-9.197187
2005,2026-05-11 16:19:06.540519,3.4133089,-0.16696097,1.920234,6.5978026,-8.555168,-9.197187
2006,2026-05-11 16:19:06.543087,3.4133089,-0.16696097,1.920234,6.5978026,-8.555168,-9.197187
2007,2026-05-11 16:19:06.545876,2.7862601,-0.40020627,1.5456389,6.1393485,-7.7159915,-9.80958
2008,2026-05-11 16:19:06.548418,2.7862601,-0.40020627,1.5456389,6.1393485,-7.7159915,-9.80958
2009,2026-05-11 16:19:06.551019,2.7862601,-0.40020627,1.5456389,6.1393485,-7.7159915,-9.80958
2010,2026-05-11 16:19:06.554177,2.7862601,-0.40020627,1.5456389,6.1393485,-7.7159915,-9.80958
2011,2026-05-11 16:19:06.556969,2.7862601,-0.40020627,1.5456389,6.1393485,-7.7159915,-9.80958
2012,2026-05-11 16:19:06.559670,2.7862601,-0.40020627,1.5456389,6.1393485,-7.7159915,-9.80958
2013,2026-05-11 16:19:06.562452,2.7862601,-0.40020627,1.5456389,6.1393485,-7.7159915,-9.80958
2014,2026-05-11 16:19:06.565092,2.7862601,-0.40020627,1.5456389,6.1393485,-7.7159915,-9.80958
2015,2026-05-11 16:19:06.567839,2.7862601,-0.40020627,1.5456389,6.1393485,-7.7159915,-9.80958
2016,2026-05-11 16:19:06.570853,2.7862601,-0.40020627,1.5456389,6.1393485,-7.7159915,-9.80958
2017,2026-05-11 16:19:06.573724,2.7862601,-0.40020627,1.5456389,6.1393485,-7.7159915,-9.80958
2018,2026-05-11 16:19:06.576511,2.7862601,-0.40020627,1.5456389,6.1393485,-7.7159915,-9.80958
2019,2026-05-11 16:19:06.579138,2.7862601,-0.40020627,1.5456389,6.1393485,-7.7159915,-9.80958
2020,2026-05-11 16:19:06.581867,2.7862601,-0.40020627,1.5456389,6.1393485,-7.7159915,-9.80958
2021,2026-05-11 16:19:06.584486,2.7862601,-0.40020627,1.5456389,6.1393485,-7.7159915,-9.80958
2022,2026-05-11 16:19:06.587715,2.7862601,-0.40020627,1.5456389,6.1393485,-7.7159915,-9.80958
2023,2026-05-11 16:19:06.590591,2.7862601,-0.40020627,1.5456389,6.1393485,-7.7159915,-9.80958
2024,2026-05-11 16:19:06.593229,2.7862601,-0.40020627,1.5456389,6.1393485,-7.7159915,-9.80958
2025,2026-05-11 16:19:06.595945,2.7862601,-0.40020627,1.5456389,6.1393485,-7.7159915,-9.80958
2026,2026-05-11 16:19:06.598748,2.7862601,-0.40020627,1.5456389,6.1393485,-7.7159915,-9.80958
2027,2026-05-11 16:19:06.601385,2.7862601,-0.40020627,1.5456389,6.1393485,-7.7159915,-9.80958
2028,2026-05-11 16:19:06.604416,2.7862601,-0.40020627,1.5456389,6.1393485,-7.7159915,-9.80958
2029,2026-05-11 16:19:06.607307,2.7862601,-0.40020627,1.5456389,6.1393485,-7.7159915,-9.80958
2030,2026-05-11 16:19:06.610003,2.7862601,-0.40020627,1.5456389,5.7296104,-6.942636,-9.5030775
2031,2026-05-11 16:19:06.612633,2.7862601,-0.40020627,1.5456389,5.7296104,-6.942636,-9.5030775
2032,2026-05-11 16:19:06.615252,2.7862601,-0.40020627,1.5456389,5.7296104,-6.942636,-9.5030775
2033,2026-05-11 16:19:06.617841,2.7862601,-0.40020627,1.5456389,5.7296104,-6.942636,-9.5030775
2034,2026-05-11 16:19:06.620925,2.7862601,-0.40020627,1.5456389,5.7296104,-6.942636,-9.5030775
2035,2026-05-11 16:19:06.623634,2.7862601,-0.40020627,1.5456389,5.7296104,-6.942636,-9.5030775
2036,2026-05-11 16:19:06.626257,2.7862601,-0.40020627,1.5456389,5.7296104,-6.942636,-9.5030775
2037,2026-05-11 16:19:06.629020,2.2258005,-0.51149327,1.250012,5.7296104,-6.942636,-9.5030775
2038,2026-05-11 16:19:06.631901,2.2258005,-0.51149327,1.250012,5.7296104,-6.942636,-9.5030775
2039,2026-05-11 16:19:06.634532,2.2258005,-0.51149327,1.250012,5.7296104,-6.942636,-9.5030775
2040,2026-05-11 16:19:06.637407,2.2258005,-0.51149327,1.250012,5.7296104,-6.942636,-9.5030775
2041,2026-05-11 16:19:06.640323,2.2258005,-0.51149327,1.250012,5.7296104,-6.942636,-9.5030775
2042,2026-05-11 16:19:06.643174,1.2226323,-0.64070815,0.18092519,4.531093,-6.276182,-7.7830343
2043,2026-05-11 16:19:06.645922,1.2226323,-0.64070815,0.18092519,4.531093,-6.276182,-7.7830343
2044,2026-05-11 16:19:06.648509,1.2226323,-0.64070815,0.18092519,4.531093,-6.276182,-7.7830343
2045,2026-05-11 16:19:06.651315,1.2226323,-0.64070815,0.18092519,3.673591,-5.8116193,-7.0671
2046,2026-05-11 16:19:06.654481,1.2226323,-0.64070815,0.18092519,3.673591,-5.8116193,-7.0671
2047,2026-05-11 16:19:06.657249,1.2226323,-0.64070815,0.18092519,3.673591,-5.8116193,-7.0671
2048,2026-05-11 16:19:06.659989,1.0805509,-0.84139055,0.046405144,2.7418687,-5.1123314,-6.4269133
2049,2026-05-11 16:19:06.662733,1.0805509,-0.84139055,0.046405144,2.7418687,-5.1123314,-6.4269133
2050,2026-05-11 16:19:06.665427,1.0805509,-0.84139055,0.046405144,2.7418687,-5.1123314,-6.4269133
2051,2026-05-11 16:19:06.668414,0.40093803,-1.9146239,0.23458686,-0.27565295,-4.070806,-4.6480737
2052,2026-05-11 16:19:06.671582,0.40093803,-1.9146239,0.23458686,-0.27565295,-4.070806,-4.6480737
2053,2026-05-11 16:19:06.674271,0.40093803,-1.9146239,0.23458686,-0.27565295,-4.070806,-4.6480737
2054,2026-05-11 16:19:06.676867,0.40093803,-1.9146239,0.23458686,-0.27565295,-4.070806,-4.6480737
2055,2026-05-11 16:19:06.679641,0.40093803,-1.9146239,0.23458686,-0.27565295,-4.070806,-4.6480737
2056,2026-05-11 16:19:06.682396,-0.0453685,-2.2558634,0.8599282,-1.435686,-3.5902078,-4.151135
2057,2026-05-11 16:19:06.685156,-0.32971436,-2.3736143,1.2591588,-1.435686,-3.5902078,-4.151135
2058,2026-05-11 16:19:06.688168,-0.32971436,-2.3736143,1.2591588,-1.435686,-3.5902078,-4.151135
2059,2026-05-11 16:19:06.690942,-0.96761745,-2.7022917,2.036704,-2.3232732,-0.9773844,-3.196658
2060,2026-05-11 16:19:06.693834,-1.2444628,-2.9950528,2.3945909,-1.4127786,0.23548855,-1.3313808
2061,2026-05-11 16:19:06.696504,-1.047683,-3.0534708,2.3455637,-1.1093313,0.61117065,-0.77274454
2062,2026-05-11 16:19:06.699083,-1.047683,-3.0534708,2.3455637,-1.1093313,0.61117065,-0.77274454
2063,2026-05-11 16:19:06.701831,-1.047683,-3.0534708,2.3455637,-1.1093313,0.61117065,-0.77274454
2064,2026-05-11 16:19:06.704853,-1.047683,-3.0534708,2.3455637,-1.1093313,0.61117065,-0.77274454
2065,2026-05-11 16:19:06.707657,-1.047683,-3.0534708,2.3455637,-0.72066826,1.6281086,0.08155051
2066,2026-05-11 16:19:06.710329,0.036282603,-2.9909062,1.8222406,-0.51053065,2.8280005,0.84039783
2067,2026-05-11 16:19:06.712922,0.036282603,-2.9909062,1.8222406,-0.51053065,2.8280005,0.84039783
2068,2026-05-11 16:19:06.715680,0.036282603,-2.9909062,1.8222406,-0.51053065,2.8280005,0.84039783
2069,2026-05-11 16:19:06.718355,0.036282603,-2.9909062,1.8222406,-0.54153204,3.2000177,1.0261009
2070,2026-05-11 16:19:06.721461,0.036282603,-2.9909062,1.8222406,-0.54153204,3.2000177,1.0261009
2071,2026-05-11 16:19:06.724332,0.036282603,-2.9909062,1.8222406,-1.1036807,4.318359,1.0688615
2072,2026-05-11 16:19:06.726945,0.036282603,-2.9909062,1.8222406,-1.1036807,4.318359,1.0688615
2073,2026-05-11 16:19:06.729681,0.51435924,-2.8465686,1.2086681,-1.1036807,4.318359,1.0688615
2074,2026-05-11 16:19:06.732330,0.51435924,-2.8465686,1.2086681,-1.1036807,4.318359,1.0688615
2075,2026-05-11 16:19:06.734906,0.51435924,-2.8465686,1.2086681,-1.1036807,4.318359,1.0688615
2076,2026-05-11 16:19:06.738225,0.51435924,-2.8465686,1.2086681,-1.1036807,4.318359,1.0688615
2077,2026-05-11 16:19:06.740873,0.51435924,-2.8465686,1.2086681,-1.1036807,4.318359,1.0688615
2078,2026-05-11 16:19:06.743574,0.51435924,-2.8465686,1.2086681,-1.1036807,4.318359,1.0688615
2079,2026-05-11 16:19:06.746171,0.51435924,-2.8465686,1.2086681,-1.1036807,4.318359,1.0688615
2080,2026-05-11 16:19:06.748928,0.51435924,-2.8465686,1.2086681,-1.1036807,4.318359,1.0688615
2081,2026-05-11 16:19:06.751690,0.51435924,-2.8465686,1.2086681,-1.1036807,4.318359,1.0688615
2082,2026-05-11 16:19:06.754774,0.51435924,-2.8465686,1.2086681,-1.1036807,4.318359,1.0688615
2083,2026-05-11 16:19:06.757656,0.06366225,-2.4767299,1.0389631,-2.2359195,5.349347,1.2133311
2084,2026-05-11 16:19:06.760464,0.06366225,-2.4767299,1.0389631,-2.2359195,5.349347,1.2133311
2085,2026-05-11 16:19:06.763095,0.06366225,-2.4767299,1.0389631,-2.2359195,5.349347,1.2133311
2086,2026-05-11 16:19:06.765787,0.06366225,-2.4767299,1.0389631,-2.2359195,5.349347,1.2133311
2087,2026-05-11 16:19:06.768488,0.06366225,-2.4767299,1.0389631,-2.2359195,5.349347,1.2133311
2088,2026-05-11 16:19:06.771829,0.06366225,-2.4767299,1.0389631,-2.2359195,5.349347,1.2133311
2089,2026-05-11 16:19:06.774763,0.06366225,-2.4767299,1.0389631,-2.2359195,5.349347,1.2133311
2090,2026-05-11 16:19:06.777522,-0.39673045,-2.1360393,1.068233,-2.843425,6.0628376,2.1412354
2091,2026-05-11 16:19:06.780223,-0.39673045,-2.1360393,1.068233,-2.843425,6.0628376,2.1412354
2092,2026-05-11 16:19:06.782990,-0.39673045,-2.1360393,1.068233,-2.843425,6.0628376,2.1412354
2093,2026-05-11 16:19:06.785946,-0.6039377,-1.7918729,0.90426004,-2.843425,6.0628376,2.1412354
2094,2026-05-11 16:19:06.789028,-0.6039377,-1.7918729,0.90426004,-2.843425,6.0628376,2.1412354
2095,2026-05-11 16:19:06.791827,-0.6039377,-1.7918729,0.90426004,-2.843425,6.0628376,2.1412354
2096,2026-05-11 16:19:06.794492,-0.6039377,-1.7918729,0.90426004,-2.843425,6.0628376,2.1412354
2097,2026-05-11 16:19:06.797331,-0.6039377,-1.7918729,0.90426004,-3.438713,6.4304256,3.3977852
2098,2026-05-11 16:19:06.800062,-0.6039377,-1.7918729,0.90426004,-3.438713,6.4304256,3.3977852
2099,2026-05-11 16:19:06.803196,-0.6039377,-1.7918729,0.90426004,-3.438713,6.4304256,3.3977852
2100,2026-05-11 16:19:06.806102,-0.6039377,-1.7918729,0.90426004,-3.438713,6.4304256,3.3977852
2101,2026-05-11 16:19:06.808767,-0.6039377,-1.7918729,0.90426004,-3.438713,6.4304256,3.3977852
2102,2026-05-11 16:19:06.811551,-0.5551544,-1.6191188,0.87663656,-3.9639046,6.475019,4.2994223
2103,2026-05-11 16:19:06.814563,-0.24166043,-1.3765438,0.9374937,-3.9639046,6.475019,4.2994223
2104,2026-05-11 16:19:06.817446,-0.24166043,-1.3765438,0.9374937,-3.9639046,6.475019,4.2994223
2105,2026-05-11 16:19:06.820889,-0.24166043,-1.3765438,0.9374937,-3.9639046,6.475019,4.2994223
2106,2026-05-11 16:19:06.823655,-0.24166043,-1.3765438,0.9374937,-3.9639046,6.475019,4.2994223
2107,2026-05-11 16:19:06.826298,-0.24166043,-1.3765438,0.9374937,-3.9639046,6.475019,4.2994223
2108,2026-05-11 16:19:06.828989,-0.24166043,-1.3765438,0.9374937,-5.5991907,6.617045,6.77251
2109,2026-05-11 16:19:06.831766,0.19507235,-1.1244558,1.0990885,-5.5991907,6.617045,6.77251
2110,2026-05-11 16:19:06.834387,0.19507235,-1.1244558,1.0990885,-5.5991907,6.617045,6.77251
2111,2026-05-11 16:19:06.837513,0.559179,-1.0457318,1.2395235,-6.061005,6.5674124,7.4629407
2112,2026-05-11 16:19:06.840261,0.559179,-1.0457318,1.2395235,-6.061005,6.5674124,7.4629407
2113,2026-05-11 16:19:06.842881,0.559179,-1.0457318,1.2395235,-6.061005,6.5674124,7.4629407
2114,2026-05-11 16:19:06.845485,0.559179,-1.0457318,1.2395235,-6.061005,6.5674124,7.4629407
2115,2026-05-11 16:19:06.848331,1.284831,-0.87547797,1.6264973,-6.061005,6.5674124,7.4629407
2116,2026-05-11 16:19:06.851107,1.284831,-0.87547797,1.6264973,-6.9852443,6.6115475,8.624349
2117,2026-05-11 16:19:06.854158,1.284831,-0.87547797,1.6264973,-6.9852443,6.6115475,8.624349
2118,2026-05-11 16:19:06.856956,1.6671095,-0.7243715,1.9278563,-6.9852443,6.6115475,8.624349
2119,2026-05-11 16:19:06.859664,1.6671095,-0.7243715,1.9278563,-7.355428,6.6853094,9.205892
2120,2026-05-11 16:19:06.862277,1.6671095,-0.7243715,1.9278563,-7.355428,6.6853094,9.205892
2121,2026-05-11 16:19:06.865135,1.6671095,-0.7243715,1.9278563,-7.355428,6.6853094,9.205892
2122,2026-05-11 16:19:06.867846,1.6671095,-0.7243715,1.9278563,-7.355428,6.6853094,9.205892
2123,2026-05-11 16:19:06.871206,1.6671095,-0.7243715,1.9278563,-7.355428,6.6853094,9.205892
2124,2026-05-11 16:19:06.874052,1.6671095,-0.7243715,1.9278563,-7.6203914,6.8638344,9.641745
2125,2026-05-11 16:19:06.876767,1.6671095,-0.7243715,1.9278563,-7.6203914,6.8638344,9.641745
2126,2026-05-11 16:19:06.879472,2.309403,-0.57155776,2.0656693,-7.6203914,6.8638344,9.641745
2127,2026-05-11 16:19:06.882099,2.309403,-0.57155776,2.0656693,-7.6203914,6.8638344,9.641745
2128,2026-05-11 16:19:06.884676,2.309403,-0.57155776,2.0656693,-7.6203914,6.8638344,9.641745
2129,2026-05-11 16:19:06.887764,2.309403,-0.57155776,2.0656693,-7.6203914,6.8638344,9.641745
2130,2026-05-11 16:19:06.890699,2.309403,-0.57155776,2.0656693,-7.6203914,6.8638344,9.641745
2131,2026-05-11 16:19:06.893421,2.309403,-0.57155776,2.0656693,-7.6203914,6.8638344,9.641745
2132,2026-05-11 16:19:06.896021,2.309403,-0.57155776,2.0656693,-7.6203914,6.8638344,9.641745
2133,2026-05-11 16:19:06.898781,2.309403,-0.57155776,2.0656693,-7.6203914,6.8638344,9.641745
2134,2026-05-11 16:19:06.901790,2.309403,-0.57155776,2.0656693,-7.6203914,6.8638344,9.641745
2135,2026-05-11 16:19:06.904824,2.309403,-0.57155776,2.0656693,-7.6203914,6.8638344,9.641745
2136,2026-05-11 16:19:06.907458,2.309403,-0.57155776,2.0656693,-7.6203914,6.8638344,9.641745
2137,2026-05-11 16:19:06.910028,2.309403,-0.57155776,2.0656693,-7.6203914,6.8638344,9.641745
2138,2026-05-11 16:19:06.912886,3.2240295,-0.21976891,2.330258,-7.6203914,6.8638344,9.641745
2139,2026-05-11 16:19:06.915509,3.2240295,-0.21976891,2.330258,-7.6203914,6.8638344,9.641745
2140,2026-05-11 16:19:06.918124,3.2240295,-0.21976891,2.330258,-7.6203914,6.8638344,9.641745
2141,2026-05-11 16:19:06.921315,3.2240295,-0.21976891,2.330258,-7.6203914,6.8638344,9.641745
2142,2026-05-11 16:19:06.924183,3.2240295,-0.21976891,2.330258,-7.6203914,6.8638344,9.641745
2143,2026-05-11 16:19:06.926877,3.2240295,-0.21976891,2.330258,-7.6203914,6.8638344,9.641745
2144,2026-05-11 16:19:06.929565,3.2240295,-0.21976891,2.330258,-7.9340706,6.907817,9.653809
2145,2026-05-11 16:19:06.932165,3.2240295,-0.21976891,2.330258,-7.9340706,6.907817,9.653809
2146,2026-05-11 16:19:06.935237,3.8129663,0.14897211,2.8993154,-7.7688313,6.5709248,9.1383915
2147,2026-05-11 16:19:06.938162,3.8129663,0.14897211,2.8993154,-7.7688313,6.5709248,9.1383915
2148,2026-05-11 16:19:06.940828,3.8129663,0.14897211,2.8993154,-7.7688313,6.5709248,9.1383915
2149,2026-05-11 16:19:06.943480,3.8129663,0.14897211,2.8993154,-7.7688313,6.5709248,9.1383915
2150,2026-05-11 16:19:06.946263,3.2935457,0.46953958,4.0120635,-6.3445992,6.280611,7.6805615
2151,2026-05-11 16:19:06.949073,3.2935457,0.46953958,4.0120635,-6.3445992,6.280611,7.6805615
2152,2026-05-11 16:19:06.951744,3.2935457,0.46953958,4.0120635,-6.3445992,6.280611,7.6805615
2153,2026-05-11 16:19:06.954882,3.2935457,0.46953958,4.0120635,-4.3241625,6.063296,6.734942
2154,2026-05-11 16:19:06.957644,3.2935457,0.46953958,4.0120635,-4.3241625,6.063296,6.734942
2155,2026-05-11 16:19:06.960381,2.9465134,0.43850118,3.8347967,-4.3241625,6.063296,6.734942
2156,2026-05-11 16:19:06.963120,2.5053291,0.48874804,2.9812105,-1.6691893,5.8826323,6.219677
2157,2026-05-11 16:19:06.965927,2.5053291,0.48874804,2.9812105,-1.6691893,5.8826323,6.219677
2158,2026-05-11 16:19:06.968570,2.5053291,0.48874804,2.9812105,-1.6691893,5.8826323,6.219677
2159,2026-05-11 16:19:06.971611,2.5053291,0.48874804,2.9812105,0.17608191,5.3323956,6.035654
2160,2026-05-11 16:19:06.974262,2.5053291,0.48874804,2.9812105,0.17608191,5.3323956,6.035654
2161,2026-05-11 16:19:06.976853,2.5053291,0.48874804,2.9812105,0.17608191,5.3323956,6.035654
2162,2026-05-11 16:19:06.979751,2.5053291,0.48874804,2.9812105,0.17608191,5.3323956,6.035654
2163,2026-05-11 16:19:06.982451,2.6760707,1.3420905,0.25239277,0.93477654,5.115691,6.309169
2164,2026-05-11 16:19:06.985392,2.6760707,1.3420905,0.25239277,0.93477654,5.115691,6.309169
2165,2026-05-11 16:19:06.988362,2.6760707,1.3420905,0.25239277,0.93477654,5.115691,6.309169
2166,2026-05-11 16:19:06.991035,2.6760707,1.3420905,0.25239277,0.93477654,5.115691,6.309169
2167,2026-05-11 16:19:06.993653,2.6760707,1.3420905,0.25239277,0.93477654,5.115691,6.309169
2168,2026-05-11 16:19:06.996247,2.6760707,1.3420905,0.25239277,0.93477654,5.115691,6.309169
2169,2026-05-11 16:19:06.999016,2.6760707,1.3420905,0.25239277,0.93477654,5.115691,6.309169
2170,2026-05-11 16:19:07.001818,2.6760707,1.3420905,0.25239277,-0.8538369,6.1248403,6.684393
2171,2026-05-11 16:19:07.005074,2.6760707,1.3420905,0.25239277,-0.8538369,6.1248403,6.684393
2172,2026-05-11 16:19:07.007908,2.7497337,1.4858184,-0.8345609,-4.2271876,7.2531085,6.596276
2173,2026-05-11 16:19:07.010678,2.7497337,1.4858184,-0.8345609,-4.2271876,7.2531085,6.596276
2174,2026-05-11 16:19:07.013396,2.7497337,1.4858184,-0.8345609,-4.2271876,7.2531085,6.596276
2175,2026-05-11 16:19:07.016130,2.7466238,1.2650738,-0.9446892,-7.922617,7.9081087,6.0145793
2176,2026-05-11 16:19:07.019170,2.7466238,1.2650738,-0.9446892,-7.922617,7.9081087,6.0145793
2177,2026-05-11 16:19:07.022190,2.7466238,1.2650738,-0.9446892,-7.922617,7.9081087,6.0145793
2178,2026-05-11 16:19:07.024823,2.7466238,1.2650738,-0.9446892,-7.922617,7.9081087,6.0145793
2179,2026-05-11 16:19:07.027651,2.7466238,1.2650738,-0.9446892,-10.4036455,7.8247256,5.220149
2180,2026-05-11 16:19:07.030316,2.7466238,1.2650738,-0.9446892,-10.4036455,7.8247256,5.220149
2181,2026-05-11 16:19:07.033062,2.461973,0.7803504,-0.100005835,-10.4036455,7.8247256,5.220149
2182,2026-05-11 16:19:07.036296,2.461973,0.7803504,-0.100005835,-10.4036455,7.8247256,5.220149
2183,2026-05-11 16:19:07.039161,2.461973,0.7803504,-0.100005835,-10.4036455,7.8247256,5.220149
2184,2026-05-11 16:19:07.041945,2.461973,0.7803504,-0.100005835,-10.908374,7.1937017,4.8204904
2185,2026-05-11 16:19:07.044628,2.461973,0.7803504,-0.100005835,-10.908374,7.1937017,4.8204904
2186,2026-05-11 16:19:07.047409,2.461973,0.7803504,-0.100005835,-10.908374,7.1937017,4.8204904
2187,2026-05-11 16:19:07.050205,2.461973,0.7803504,-0.100005835,-10.908374,7.1937017,4.8204904
2188,2026-05-11 16:19:07.053420,2.461973,0.7803504,-0.100005835,-10.908374,7.1937017,4.8204904
2189,2026-05-11 16:19:07.056195,2.461973,0.7803504,-0.100005835,-10.908374,7.1937017,4.8204904
2190,2026-05-11 16:19:07.058975,1.3204429,0.3766683,1.5633229,-10.020634,5.3319373,4.731915
2191,2026-05-11 16:19:07.061609,1.3204429,0.3766683,1.5633229,-10.020634,5.3319373,4.731915
2192,2026-05-11 16:19:07.064280,1.3714216,0.6705269,1.5935075,-8.222857,3.6318994,5.2806244
2193,2026-05-11 16:19:07.066925,1.8829757,1.0014608,1.4654514,-8.222857,3.6318994,5.2806244
2194,2026-05-11 16:19:07.069987,1.8829757,1.0014608,1.4654514,-8.222857,3.6318994,5.2806244
2195,2026-05-11 16:19:07.072738,1.8829757,1.0014608,1.4654514,-8.222857,3.6318994,5.2806244
2196,2026-05-11 16:19:07.075300,1.8829757,1.0014608,1.4654514,-8.222857,3.6318994,5.2806244
2197,2026-05-11 16:19:07.077952,1.8829757,1.0014608,1.4654514,-8.222857,3.6318994,5.2806244
2198,2026-05-11 16:19:07.080645,1.8829757,1.0014608,1.4654514,-6.711118,2.4129176,5.482821
2199,2026-05-11 16:19:07.083378,1.8829757,1.0014608,1.4654514,-6.711118,2.4129176,5.482821
2200,2026-05-11 16:19:07.086307,1.8829757,1.0014608,1.4654514,-6.711118,2.4129176,5.482821
2201,2026-05-11 16:19:07.089134,1.8829757,1.0014608,1.4654514,-6.711118,2.4129176,5.482821
2202,2026-05-11 16:19:07.091678,1.8829757,1.0014608,1.4654514,-6.711118,2.4129176,5.482821
2203,2026-05-11 16:19:07.094342,1.8829757,1.0014608,1.4654514,-6.711118,2.4129176,5.482821
2204,2026-05-11 16:19:07.096920,1.8829757,1.0014608,1.4654514,-6.711118,2.4129176,5.482821
2205,2026-05-11 16:19:07.099504,1.8829757,1.0014608,1.4654514,-6.711118,2.4129176,5.482821
2206,2026-05-11 16:19:07.102367,1.8829757,1.0014608,1.4654514,-6.711118,2.4129176,5.482821
2207,2026-05-11 16:19:07.105099,2.9104137,1.5417973,0.99487513,-6.711118,2.4129176,5.482821
2208,2026-05-11 16:19:07.107665,2.9104137,1.5417973,0.99487513,-6.711118,2.4129176,5.482821
2209,2026-05-11 16:19:07.110184,2.9104137,1.5417973,0.99487513,-6.711118,2.4129176,5.482821
2210,2026-05-11 16:19:07.112886,2.9104137,1.5417973,0.99487513,-6.711118,2.4129176,5.482821
2211,2026-05-11 16:19:07.115524,2.9104137,1.5417973,0.99487513,-6.711118,2.4129176,5.482821
2212,2026-05-11 16:19:07.118136,2.9104137,1.5417973,0.99487513,-6.711118,2.4129176,5.482821
2213,2026-05-11 16:19:07.121383,2.9104137,1.5417973,0.99487513,-6.711118,2.4129176,5.482821
2214,2026-05-11 16:19:07.124232,2.9104137,1.5417973,0.99487513,-5.2671857,1.7649424,4.8102584
2215,2026-05-11 16:19:07.127224,2.9104137,1.5417973,0.99487513,-5.2671857,1.7649424,4.8102584
2216,2026-05-11 16:19:07.129930,2.9104137,1.5417973,0.99487513,-5.2671857,1.7649424,4.8102584
2217,2026-05-11 16:19:07.132597,2.9104137,1.5417973,0.99487513,-5.2671857,1.7649424,4.8102584
2218,2026-05-11 16:19:07.135672,3.337024,1.7937022,0.46947864,-5.2671857,1.7649424,4.8102584
2219,2026-05-11 16:19:07.138481,3.337024,1.7937022,0.46947864,-5.2671857,1.7649424,4.8102584
2220,2026-05-11 16:19:07.141169,3.337024,1.7937022,0.46947864,-4.7900996,1.7953329,3.781256
2221,2026-05-11 16:19:07.143790,3.337024,1.7937022,0.46947864,-4.7900996,1.7953329,3.781256
2222,2026-05-11 16:19:07.146751,3.337024,1.7937022,0.46947864,-4.7900996,1.7953329,3.781256
2223,2026-05-11 16:19:07.149546,3.0960343,2.066828,-0.2697718,-5.728847,1.5882497,1.5291485
2224,2026-05-11 16:19:07.152558,3.0960343,2.066828,-0.2697718,-5.728847,1.5882497,1.5291485
2225,2026-05-11 16:19:07.155590,3.0960343,2.066828,-0.2697718,-5.728847,1.5882497,1.5291485
2226,2026-05-11 16:19:07.158301,3.0960343,2.066828,-0.2697718,-5.728847,1.5882497,1.5291485
2227,2026-05-11 16:19:07.161068,3.0960343,2.066828,-0.2697718,-5.728847,1.5882497,1.5291485
2228,2026-05-11 16:19:07.163925,2.4216657,1.7925436,-0.003963646,-7.1562862,1.1901182,0.8784242
2229,2026-05-11 16:19:07.166766,2.4216657,1.7925436,-0.003963646,-7.1562862,1.1901182,0.8784242
2230,2026-05-11 16:19:07.169846,2.584175,1.9685296,0.3793514,-7.1562862,1.1901182,0.8784242
2231,2026-05-11 16:19:07.172619,2.584175,1.9685296,0.3793514,-7.1562862,1.1901182,0.8784242
2232,2026-05-11 16:19:07.175296,2.584175,1.9685296,0.3793514,-7.1562862,1.1901182,0.8784242
2233,2026-05-11 16:19:07.177867,2.584175,1.9685296,0.3793514,-7.1562862,1.1901182,0.8784242
2234,2026-05-11 16:19:07.180589,2.584175,1.9685296,0.3793514,-7.7866993,0.8730792,1.0329732
2235,2026-05-11 16:19:07.183306,3.014871,2.1619554,0.86645305,-7.7866993,0.8730792,1.0329732
2236,2026-05-11 16:19:07.186380,3.014871,2.1619554,0.86645305,-8.029366,0.64934975,1.0105238
2237,2026-05-11 16:19:07.189180,3.014871,2.1619554,0.86645305,-8.029366,0.64934975,1.0105238
2238,2026-05-11 16:19:07.191918,3.014871,2.1619554,0.86645305,-8.029366,0.64934975,1.0105238
2239,2026-05-11 16:19:07.194537,3.014871,2.1619554,0.86645305,-8.029366,0.64934975,1.0105238
2240,2026-05-11 16:19:07.197270,3.6743605,2.426849,2.180432,-7.7999854,0.68859786,0.68432176
2241,2026-05-11 16:19:07.199970,3.6743605,2.426849,2.180432,-7.259828,0.84528476,0.41370848
2242,2026-05-11 16:19:07.203150,3.6743605,2.426849,2.180432,-7.259828,0.84528476,0.41370848
2243,2026-05-11 16:19:07.205977,3.6743605,2.426849,2.180432,-7.259828,0.84528476,0.41370848
2244,2026-05-11 16:19:07.208661,3.6743605,2.426849,2.180432,-7.259828,0.84528476,0.41370848
2245,2026-05-11 16:19:07.211370,3.6743605,2.426849,2.180432,-7.259828,0.84528476,0.41370848
2246,2026-05-11 16:19:07.214030,3.6743605,2.426849,2.180432,-7.259828,0.84528476,0.41370848
2247,2026-05-11 16:19:07.216818,3.6743605,2.426849,2.180432,-4.7731485,1.112691,-0.08964448
2248,2026-05-11 16:19:07.219722,3.6743605,2.426849,2.180432,-4.7731485,1.112691,-0.08964448
2249,2026-05-11 16:19:07.222559,4.0133443,2.7466846,3.041946,-4.7731485,1.112691,-0.08964448
2250,2026-05-11 16:19:07.225279,4.0133443,2.7466846,3.041946,-4.7731485,1.112691,-0.08964448
2251,2026-05-11 16:19:07.228093,4.071152,2.9083405,3.3269622,-4.7731485,1.112691,-0.08964448
2252,2026-05-11 16:19:07.230840,4.071152,2.9083405,3.3269622,-2.075262,0.79259765,-0.6027713
2253,2026-05-11 16:19:07.233555,4.071152,2.9083405,3.3269622,-2.075262,0.79259765,-0.6027713
2254,2026-05-11 16:19:07.236542,3.8456514,2.988162,3.3330603,-2.075262,0.79259765,-0.6027713
2255,2026-05-11 16:19:07.239357,3.8456514,2.988162,3.3330603,-2.075262,0.79259765,-0.6027713
2256,2026-05-11 16:19:07.242128,3.8456514,2.988162,3.3330603,-2.075262,0.79259765,-0.6027713
2257,2026-05-11 16:19:07.244883,3.8456514,2.988162,3.3330603,0.3115413,0.41233405,-0.91446525
2258,2026-05-11 16:19:07.247746,3.8456514,2.988162,3.3330603,0.3115413,0.41233405,-0.91446525
2259,2026-05-11 16:19:07.250550,3.5020335,3.1007907,3.1484764,3.451694,-0.51144695,-1.0876455
2260,2026-05-11 16:19:07.253674,3.4643486,3.076887,2.7660758,3.451694,-0.51144695,-1.0876455
2261,2026-05-11 16:19:07.256598,3.4643486,3.076887,2.7660758,3.451694,-0.51144695,-1.0876455
2262,2026-05-11 16:19:07.259237,3.4643486,3.076887,2.7660758,3.451694,-0.51144695,-1.0876455
2263,2026-05-11 16:19:07.261824,3.4643486,3.076887,2.7660758,3.451694,-0.51144695,-1.0876455
2264,2026-05-11 16:19:07.264598,3.4643486,3.076887,2.7660758,3.451694,-0.51144695,-1.0876455
2265,2026-05-11 16:19:07.267214,3.4643486,3.076887,2.7660758,5.7215166,-1.5268577,-1.1670581
2266,2026-05-11 16:19:07.270259,3.4643486,3.076887,2.7660758,5.7215166,-1.5268577,-1.1670581
2267,2026-05-11 16:19:07.273098,3.4643486,3.076887,2.7660758,5.7215166,-1.5268577,-1.1670581
2268,2026-05-11 16:19:07.275711,3.4643486,3.076887,2.7660758,5.7215166,-1.5268577,-1.1670581
2269,2026-05-11 16:19:07.278296,3.4643486,3.076887,2.7660758,5.7215166,-1.5268577,-1.1670581
2270,2026-05-11 16:19:07.281077,3.5175226,3.06213,1.2696472,5.7215166,-1.5268577,-1.1670581
2271,2026-05-11 16:19:07.283714,3.5175226,3.06213,1.2696472,5.7215166,-1.5268577,-1.1670581
2272,2026-05-11 16:19:07.286922,3.5350845,3.1188405,0.39788908,7.3716164,-2.9880474,-1.7101172
2273,2026-05-11 16:19:07.289811,3.5350845,3.1188405,0.39788908,7.3716164,-2.9880474,-1.7101172
2274,2026-05-11 16:19:07.292442,3.5350845,3.1188405,0.39788908,7.3716164,-2.9880474,-1.7101172
2275,2026-05-11 16:19:07.294988,3.5350845,3.1188405,0.39788908,7.3716164,-2.9880474,-1.7101172
2276,2026-05-11 16:19:07.297725,3.5350845,3.1188405,0.39788908,7.3716164,-2.9880474,-1.7101172
2277,2026-05-11 16:19:07.300327,3.4756296,3.3599522,-0.33831242,7.3716164,-2.9880474,-1.7101172
2278,2026-05-11 16:19:07.303291,3.4756296,3.3599522,-0.33831242,6.326426,-3.1891747,-1.9566014
2279,2026-05-11 16:19:07.306129,3.4756296,3.3599522,-0.33831242,6.326426,-3.1891747,-1.9566014
2280,2026-05-11 16:19:07.308787,3.4756296,3.3599522,-0.33831242,6.326426,-3.1891747,-1.9566014
2281,2026-05-11 16:19:07.311387,3.4756296,3.3599522,-0.33831242,6.326426,-3.1891747,-1.9566014
2282,2026-05-11 16:19:07.314197,3.4756296,3.3599522,-0.33831242,6.326426,-3.1891747,-1.9566014
2283,2026-05-11 16:19:07.316964,3.4756296,3.3599522,-0.33831242,6.326426,-3.1891747,-1.9566014
2284,2026-05-11 16:19:07.319883,3.4756296,3.3599522,-0.33831242,6.326426,-3.1891747,-1.9566014
2285,2026-05-11 16:19:07.322701,3.4756296,3.3599522,-0.33831242,6.326426,-3.1891747,-1.9566014
2286,2026-05-11 16:19:07.325475,3.4756296,3.3599522,-0.33831242,6.326426,-3.1891747,-1.9566014
2287,2026-05-11 16:19:07.328086,3.4756296,3.3599522,-0.33831242,6.326426,-3.1891747,-1.9566014
2288,2026-05-11 16:19:07.330889,3.4678245,3.5903316,-0.5928395,4.3661594,-3.3527339,-2.313194
2289,2026-05-11 16:19:07.333514,3.4678245,3.5903316,-0.5928395,4.3661594,-3.3527339,-2.313194
2290,2026-05-11 16:19:07.336434,3.4678245,3.5903316,-0.5928395,4.3661594,-3.3527339,-2.313194
2291,2026-05-11 16:19:07.339408,3.4678245,3.5903316,-0.5928395,4.3661594,-3.3527339,-2.313194
2292,2026-05-11 16:19:07.342030,3.4678245,3.5903316,-0.5928395,4.3661594,-3.3527339,-2.313194
2293,2026-05-11 16:19:07.344723,3.509717,3.6375296,-0.5672282,4.3661594,-3.3527339,-2.313194
2294,2026-05-11 16:19:07.347462,3.509717,3.6375296,-0.5672282,3.4897203,-3.368311,-2.5117252
2295,2026-05-11 16:19:07.350120,3.509717,3.6375296,-0.5672282,3.4897203,-3.368311,-2.5117252
2296,2026-05-11 16:19:07.353420,3.509717,3.6375296,-0.5672282,3.4897203,-3.368311,-2.5117252
2297,2026-05-11 16:19:07.356314,3.509717,3.6375296,-0.5672282,3.4897203,-3.368311,-2.5117252
2298,2026-05-11 16:19:07.359011,3.509717,3.6375296,-0.5672282,3.4897203,-3.368311,-2.5117252
2299,2026-05-11 16:19:07.361798,3.509717,3.6375296,-0.5672282,3.4897203,-3.368311,-2.5117252
2300,2026-05-11 16:19:07.364661,3.4962406,3.4082475,-0.17061971,0.4810564,-2.8535042,-3.6312885
2301,2026-05-11 16:19:07.367375,3.4962406,3.4082475,-0.17061971,0.4810564,-2.8535042,-3.6312885
2302,2026-05-11 16:19:07.370372,3.4962406,3.4082475,-0.17061971,0.4810564,-2.8535042,-3.6312885
2303,2026-05-11 16:19:07.373457,3.226103,3.0671303,0.24653877,-0.9801333,-2.2463043,-4.395328
2304,2026-05-11 16:19:07.376127,3.226103,3.0671303,0.24653877,-0.9801333,-2.2463043,-4.395328
2305,2026-05-11 16:19:07.378835,2.712902,2.5923464,1.1492743,-0.9801333,-2.2463043,-4.395328
2306,2026-05-11 16:19:07.381630,2.712902,2.5923464,1.1492743,-0.9801333,-2.2463043,-4.395328
2307,2026-05-11 16:19:07.384501,2.712902,2.5923464,1.1492743,-0.9801333,-2.2463043,-4.395328
2308,2026-05-11 16:19:07.387565,2.712902,2.5923464,1.1492743,-0.9801333,-2.2463043,-4.395328
2309,2026-05-11 16:19:07.390511,2.2283006,2.090549,2.1304293,-1.7683022,-1.2615894,-5.784741
2310,2026-05-11 16:19:07.393191,2.2283006,2.090549,2.1304293,-1.7683022,-1.2615894,-5.784741
2311,2026-05-11 16:19:07.396104,1.6382664,0.86437976,2.660826,2.792876,-1.318858,-6.4177504
2312,2026-05-11 16:19:07.398752,1.6382664,0.86437976,2.660826,2.792876,-1.318858,-6.4177504
2313,2026-05-11 16:19:07.401983,1.6382664,0.86437976,2.660826,2.792876,-1.318858,-6.4177504
2314,2026-05-11 16:19:07.404843,1.6382664,0.86437976,2.660826,2.792876,-1.318858,-6.4177504
2315,2026-05-11 16:19:07.407415,1.6382664,0.86437976,2.660826,2.792876,-1.318858,-6.4177504
2316,2026-05-11 16:19:07.410154,1.6382664,0.86437976,2.660826,4.2626176,-1.8958203,-6.4557767
2317,2026-05-11 16:19:07.412760,1.6382664,0.86437976,2.660826,4.2626176,-1.8958203,-6.4557767
2318,2026-05-11 16:19:07.415489,1.8873053,0.12750745,1.6890619,5.5794907,-2.870914,-6.611089
2319,2026-05-11 16:19:07.418071,2.2253127,0.08268775,1.5563713,5.5794907,-2.870914,-6.611089
2320,2026-05-11 16:19:07.421381,2.2253127,0.08268775,1.5563713,5.5794907,-2.870914,-6.611089
2321,2026-05-11 16:19:07.424282,2.2253127,0.08268775,1.5563713,5.5794907,-2.870914,-6.611089
2322,2026-05-11 16:19:07.426905,2.2253127,0.08268775,1.5563713,5.5794907,-2.870914,-6.611089
2323,2026-05-11 16:19:07.429720,2.2253127,0.08268775,1.5563713,5.5794907,-2.870914,-6.611089
2324,2026-05-11 16:19:07.432441,2.2253127,0.08268775,1.5563713,5.5794907,-2.870914,-6.611089
2325,2026-05-11 16:19:07.435249,2.2253127,0.08268775,1.5563713,5.5794907,-2.870914,-6.611089
2326,2026-05-11 16:19:07.438368,2.2253127,0.08268775,1.5563713,5.5794907,-2.870914,-6.611089
2327,2026-05-11 16:19:07.441063,2.2253127,0.08268775,1.5563713,5.5794907,-2.870914,-6.611089
2328,2026-05-11 16:19:07.443986,2.2253127,0.08268775,1.5563713,5.377905,-2.6563475,-6.9711943
2329,2026-05-11 16:19:07.446679,2.3718457,-0.06250364,1.5302722,5.377905,-2.6563475,-6.9711943
2330,2026-05-11 16:19:07.449279,2.3718457,-0.06250364,1.5302722,5.377905,-2.6563475,-6.9711943
2331,2026-05-11 16:19:07.452056,2.3718457,-0.06250364,1.5302722,5.377905,-2.6563475,-6.9711943
2332,2026-05-11 16:19:07.455149,2.3718457,-0.06250364,1.5302722,5.377905,-2.6563475,-6.9711943
2333,2026-05-11 16:19:07.457870,2.3718457,-0.06250364,1.5302722,5.1184397,-2.2930355,-7.32122
2334,2026-05-11 16:19:07.460573,2.3718457,-0.06250364,1.5302722,5.1184397,-2.2930355,-7.32122
2335,2026-05-11 16:19:07.463284,2.3718457,-0.06250364,1.5302722,5.1184397,-2.2930355,-7.32122
2336,2026-05-11 16:19:07.465891,2.3718457,-0.06250364,1.5302722,5.1184397,-2.2930355,-7.32122
2337,2026-05-11 16:19:07.468793,2.3718457,-0.06250364,1.5302722,5.1184397,-2.2930355,-7.32122
2338,2026-05-11 16:19:07.472224,2.3718457,-0.06250364,1.5302722,5.1184397,-2.2930355,-7.32122
2339,2026-05-11 16:19:07.475004,2.3718457,-0.06250364,1.5302722,4.562858,-1.5303701,-7.7973895
2340,2026-05-11 16:19:07.477652,2.3718457,-0.06250364,1.5302722,4.562858,-1.5303701,-7.7973895
2341,2026-05-11 16:19:07.480394,2.3718457,-0.06250364,1.5302722,4.562858,-1.5303701,-7.7973895
2342,2026-05-11 16:19:07.483084,1.8872442,-0.33483663,1.6030813,4.352873,-1.5351044,-7.7164497
2343,2026-05-11 16:19:07.486007,1.8872442,-0.33483663,1.6030813,4.352873,-1.5351044,-7.7164497
2344,2026-05-11 16:19:07.489105,1.8872442,-0.33483663,1.6030813,4.352873,-1.5351044,-7.7164497
2345,2026-05-11 16:19:07.492039,1.8872442,-0.33483663,1.6030813,4.352873,-1.5351044,-7.7164497
2346,2026-05-11 16:19:07.494815,1.8872442,-0.33483663,1.6030813,4.352873,-1.5351044,-7.7164497
2347,2026-05-11 16:19:07.497669,1.9276125,-0.35337427,1.8753533,4.288121,-2.0906863,-7.5226526
2348,2026-05-11 16:19:07.500303,1.9276125,-0.35337427,1.8753533,4.288121,-2.0906863,-7.5226526
2349,2026-05-11 16:19:07.503404,1.9276125,-0.35337427,1.8753533,4.288121,-2.0906863,-7.5226526
2350,2026-05-11 16:19:07.506317,1.9276125,-0.35337427,1.8753533,4.288121,-2.0906863,-7.5226526
2351,2026-05-11 16:19:07.508946,1.9276125,-0.35337427,1.8753533,4.288121,-2.0906863,-7.5226526
2352,2026-05-11 16:19:07.511587,1.9276125,-0.35337427,1.8753533,4.288121,-2.0906863,-7.5226526
2353,2026-05-11 16:19:07.514385,1.9276125,-0.35337427,1.8753533,4.288121,-2.0906863,-7.5226526
2354,2026-05-11 16:19:07.517074,1.9276125,-0.35337427,1.8753533,4.288121,-2.0906863,-7.5226526
2355,2026-05-11 16:19:07.520044,1.9276125,-0.35337427,1.8753533,4.288121,-2.0906863,-7.5226526
2356,2026-05-11 16:19:07.522778,1.9276125,-0.35337427,1.8753533,4.288121,-2.0906863,-7.5226526
2357,2026-05-11 16:19:07.525371,1.9276125,-0.35337427,1.8753533,4.288121,-2.0906863,-7.5226526
2358,2026-05-11 16:19:07.528155,1.6162529,-0.33819047,1.8282773,4.60684,-2.649628,-6.898654
2359,2026-05-11 16:19:07.531057,1.7199174,-0.22568391,1.5583836,4.60684,-2.649628,-6.898654
2360,2026-05-11 16:19:07.533748,1.7199174,-0.22568391,1.5583836,4.373795,-2.7331638,-6.4215684
2361,2026-05-11 16:19:07.536857,1.7199174,-0.22568391,1.5583836,4.373795,-2.7331638,-6.4215684
2362,2026-05-11 16:19:07.539605,1.7199174,-0.22568391,1.5583836,4.373795,-2.7331638,-6.4215684
2363,2026-05-11 16:19:07.542190,1.7199174,-0.22568391,1.5583836,4.373795,-2.7331638,-6.4215684
2364,2026-05-11 16:19:07.545031,2.1253679,-0.14061797,1.3304435,3.7743835,-2.5951083,-6.1086526
2365,2026-05-11 16:19:07.547796,2.1253679,-0.14061797,1.3304435,3.7743835,-2.5951083,-6.1086526
2366,2026-05-11 16:19:07.550440,2.1253679,-0.14061797,1.3304435,3.7743835,-2.5951083,-6.1086526
2367,2026-05-11 16:19:07.553623,2.1253679,-0.14061797,1.3304435,3.7743835,-2.5951083,-6.1086526
2368,2026-05-11 16:19:07.556395,2.1253679,-0.14061797,1.3304435,3.7743835,-2.5951083,-6.1086526
2369,2026-05-11 16:19:07.559109,2.1253679,-0.14061797,1.3304435,3.7743835,-2.5951083,-6.1086526
2370,2026-05-11 16:19:07.571277,2.3204403,-0.764008,2.3899565,0.89904094,2.2721133,-7.6900296
2371,2026-05-11 16:19:07.574372,2.3204403,-0.764008,2.3899565,0.89904094,2.2721133,-7.6900296
2372,2026-05-11 16:19:07.577340,2.3204403,-0.764008,2.3899565,0.89904094,2.2721133,-7.6900296
2373,2026-05-11 16:19:07.589480,1.9043794,-1.0247549,2.8150423,0.89904094,2.2721133,-7.6900296
2374,2026-05-11 16:19:07.592919,1.9043794,-1.0247549,2.8150423,3.5097263,0.91874135,-7.361995
2375,2026-05-11 16:19:07.599632,1.9043794,-1.0247549,2.8150423,3.5097263,0.91874135,-7.361995
2376,2026-05-11 16:19:07.603736,1.9043794,-1.0247549,2.8150423,3.5097263,0.91874135,-7.361995
2377,2026-05-11 16:19:07.606735,1.9043794,-1.0247549,2.8150423,3.5097263,0.91874135,-7.361995
2378,2026-05-11 16:19:07.609432,1.9043794,-1.0247549,2.8150423,3.5097263,0.91874135,-7.361995
2379,2026-05-11 16:19:07.612180,1.9043794,-1.0247549,2.8150423,3.5097263,0.91874135,-7.361995
2380,2026-05-11 16:19:07.614923,1.6607677,-1.302515,2.710097,3.5097263,0.91874135,-7.361995
2381,2026-05-11 16:19:07.617596,1.6143014,-1.3763608,2.549539,3.5097263,0.91874135,-7.361995
2382,2026-05-11 16:19:07.620850,1.6143014,-1.3763608,2.549539,4.716796,0.17165314,-7.2277575
2383,2026-05-11 16:19:07.623674,1.6143014,-1.3763608,2.549539,4.716796,0.17165314,-7.2277575
2384,2026-05-11 16:19:07.626591,1.6143014,-1.3763608,2.549539,4.716796,0.17165314,-7.2277575
2385,2026-05-11 16:19:07.629275,1.6143014,-1.3763608,2.549539,4.716796,0.17165314,-7.2277575
2386,2026-05-11 16:19:07.631873,1.6143014,-1.3763608,2.549539,4.716796,0.17165314,-7.2277575
2387,2026-05-11 16:19:07.634824,1.6143014,-1.3763608,2.549539,4.716796,0.17165314,-7.2277575
2388,2026-05-11 16:19:07.637853,1.6143014,-1.3763608,2.549539,4.716796,0.17165314,-7.2277575
2389,2026-05-11 16:19:07.640731,1.6143014,-1.3763608,2.549539,6.4977736,-1.3078625,-7.040069
2390,2026-05-11 16:19:07.643417,1.6143014,-1.3763608,2.549539,6.4977736,-1.3078625,-7.040069
2391,2026-05-11 16:19:07.646146,1.6143014,-1.3763608,2.549539,6.4977736,-1.3078625,-7.040069
2392,2026-05-11 16:19:07.648849,1.6143014,-1.3763608,2.549539,6.4977736,-1.3078625,-7.040069
2393,2026-05-11 16:19:07.651587,1.4349009,-1.6475961,1.6775979,6.4977736,-1.3078625,-7.040069
2394,2026-05-11 16:19:07.654736,1.4349009,-1.6475961,1.6775979,6.4977736,-1.3078625,-7.040069
2395,2026-05-11 16:19:07.657501,1.4349009,-1.6475961,1.6775979,6.4977736,-1.3078625,-7.040069
2396,2026-05-11 16:19:07.660147,1.4349009,-1.6475961,1.6775979,6.4977736,-1.3078625,-7.040069
2397,2026-05-11 16:19:07.662910,1.2127537,-1.8702922,1.1527503,7.172322,-1.7814357,-6.974859
2398,2026-05-11 16:19:07.665444,1.2127537,-1.8702922,1.1527503,7.172322,-1.7814357,-6.974859
2399,2026-05-11 16:19:07.668015,1.2127537,-1.8702922,1.1527503,7.172322,-1.7814357,-6.974859
2400,2026-05-11 16:19:07.671164,1.2127537,-1.8702922,1.1527503,7.172322,-1.7814357,-6.974859
2401,2026-05-11 16:19:07.673821,1.2127537,-1.8702922,1.1527503,7.172322,-1.7814357,-6.974859
2402,2026-05-11 16:19:07.676534,1.2127537,-1.8702922,1.1527503,7.172322,-1.7814357,-6.974859
2403,2026-05-11 16:19:07.679266,1.2127537,-1.8702922,1.1527503,7.172322,-1.7814357,-6.974859
2404,2026-05-11 16:19:07.681868,1.2127537,-1.8702922,1.1527503,7.5889316,-2.476295,-6.827488
2405,2026-05-11 16:19:07.684689,0.8045591,-2.2095191,0.47929627,7.5889316,-2.476295,-6.827488
2406,2026-05-11 16:19:07.688222,0.26708874,-2.4689245,-0.23044027,7.5889316,-2.476295,-6.827488
2407,2026-05-11 16:19:07.691061,0.26708874,-2.4689245,-0.23044027,7.5889316,-2.476295,-6.827488
2408,2026-05-11 16:19:07.693902,0.26708874,-2.4689245,-0.23044027,7.5889316,-2.476295,-6.827488
2409,2026-05-11 16:19:07.696704,-0.034270294,-2.5305743,-0.52783567,6.606202,-3.1526756,-6.1482058
2410,2026-05-11 16:19:07.699443,-0.034270294,-2.5305743,-0.52783567,6.606202,-3.1526756,-6.1482058
2411,2026-05-11 16:19:07.702364,-0.034270294,-2.5305743,-0.52783567,6.606202,-3.1526756,-6.1482058
2412,2026-05-11 16:19:07.705788,-0.034270294,-2.5305743,-0.52783567,6.606202,-3.1526756,-6.1482058
2413,2026-05-11 16:19:07.708643,-0.034270294,-2.5305743,-0.52783567,6.606202,-3.1526756,-6.1482058
2414,2026-05-11 16:19:07.711426,-0.56893563,-2.6951573,-0.5464343,6.606202,-3.1526756,-6.1482058
2415,2026-05-11 16:19:07.714186,-0.56893563,-2.6951573,-0.5464343,6.606202,-3.1526756,-6.1482058
2416,2026-05-11 16:19:07.716999,-0.9605439,-2.804249,-0.40856043,5.1633387,-2.6923885,-5.4921365
2417,2026-05-11 16:19:07.720142,-0.9605439,-2.804249,-0.40856043,5.1633387,-2.6923885,-5.4921365
2418,2026-05-11 16:19:07.722920,-0.9605439,-2.804249,-0.40856043,4.3531785,-2.303573,-5.039638
2419,2026-05-11 16:19:07.725699,-0.9605439,-2.804249,-0.40856043,4.3531785,-2.303573,-5.039638
2420,2026-05-11 16:19:07.728389,-0.9605439,-2.804249,-0.40856043,4.3531785,-2.303573,-5.039638
2421,2026-05-11 16:19:07.731094,-0.9605439,-2.804249,-0.40856043,4.3531785,-2.303573,-5.039638
2422,2026-05-11 16:19:07.733726,-0.9605439,-2.804249,-0.40856043,4.3531785,-2.303573,-5.039638
2423,2026-05-11 16:19:07.736811,-0.9605439,-2.804249,-0.40856043,4.3531785,-2.303573,-5.039638
2424,2026-05-11 16:19:07.739667,-0.9605439,-2.804249,-0.40856043,4.3531785,-2.303573,-5.039638
2425,2026-05-11 16:19:07.742419,-0.9605439,-2.804249,-0.40856043,4.3531785,-2.303573,-5.039638
2426,2026-05-11 16:19:07.745057,-0.9605439,-2.804249,-0.40856043,4.3531785,-2.303573,-5.039638
2427,2026-05-11 16:19:07.747883,-1.437096,-2.9924917,-0.23233064,2.7010934,-0.72784597,-2.904206
2428,2026-05-11 16:19:07.750494,-1.437096,-2.9924917,-0.23233064,2.7010934,-0.72784597,-2.904206
2429,2026-05-11 16:19:07.753749,-1.437096,-2.9924917,-0.23233064,2.7010934,-0.72784597,-2.904206
2430,2026-05-11 16:19:07.756544,-1.437096,-2.9924917,-0.23233064,2.7010934,-0.72784597,-2.904206
2431,2026-05-11 16:19:07.759241,-1.6064352,-3.2456162,-0.18982814,1.8955148,0.11866058,-1.5129606
2432,2026-05-11 16:19:07.761922,-1.5124663,-3.5812454,-0.22934265,1.8955148,0.11866058,-1.5129606
2433,2026-05-11 16:19:07.764604,-1.5124663,-3.5812454,-0.22934265,1.8955148,0.11866058,-1.5129606
2434,2026-05-11 16:19:07.767205,-1.5124663,-3.5812454,-0.22934265,1.8955148,0.11866058,-1.5129606
2435,2026-05-11 16:19:07.770407,-1.5124663,-3.5812454,-0.22934265,0.9275989,0.9595166,-0.09819659
2436,2026-05-11 16:19:07.773195,-1.5124663,-3.5812454,-0.22934265,0.9275989,0.9595166,-0.09819659
2437,2026-05-11 16:19:07.775959,-0.6871742,-4.011698,-0.3936815,-0.06704246,1.670411,0.8512407
2438,2026-05-11 16:19:07.778576,-0.6871742,-4.011698,-0.3936815,-0.06704246,1.670411,0.8512407
2439,2026-05-11 16:19:07.781296,-0.6871742,-4.011698,-0.3936815,-0.06704246,1.670411,0.8512407
2440,2026-05-11 16:19:07.783974,-0.6871742,-4.011698,-0.3936815,-0.06704246,1.670411,0.8512407
2441,2026-05-11 16:19:07.787090,-0.23464784,-3.8894343,-0.29373667,-0.06704246,1.670411,0.8512407
2442,2026-05-11 16:19:07.789890,0.22842796,-3.673446,0.0787241,-1.4451544,2.6853635,1.7666223
2443,2026-05-11 16:19:07.792675,0.22842796,-3.673446,0.0787241,-1.4451544,2.6853635,1.7666223
2444,2026-05-11 16:19:07.795344,0.00079272914,-3.3345847,0.33532444,-2.399784,3.7684276,2.0383046
2445,2026-05-11 16:19:07.798086,0.00079272914,-3.3345847,0.33532444,-2.399784,3.7684276,2.0383046
2446,2026-05-11 16:19:07.800718,0.00079272914,-3.3345847,0.33532444,-2.399784,3.7684276,2.0383046
2447,2026-05-11 16:19:07.803762,0.00079272914,-3.3345847,0.33532444,-2.399784,3.7684276,2.0383046
2448,2026-05-11 16:19:07.806643,0.00079272914,-3.3345847,0.33532444,-2.399784,3.7684276,2.0383046
2449,2026-05-11 16:19:07.809340,0.00079272914,-3.3345847,0.33532444,-2.3102922,4.047135,1.7880026
2450,2026-05-11 16:19:07.811914,0.00079272914,-3.3345847,0.33532444,-2.3102922,4.047135,1.7880026
2451,2026-05-11 16:19:07.814667,0.00079272914,-3.3345847,0.33532444,-2.3102922,4.047135,1.7880026
2452,2026-05-11 16:19:07.817218,0.00079272914,-3.3345847,0.33532444,-2.3102922,4.047135,1.7880026
2453,2026-05-11 16:19:07.820603,-0.25745404,-3.132256,0.3474593,-1.90086,3.527594,1.8101465
2454,2026-05-11 16:19:07.823464,-0.25745404,-3.132256,0.3474593,-1.90086,3.527594,1.8101465
2455,2026-05-11 16:19:07.826061,-0.25745404,-3.132256,0.3474593,-1.90086,3.527594,1.8101465
2456,2026-05-11 16:19:07.828819,-0.6706489,-2.8497396,0.44008666,-1.90086,3.527594,1.8101465
2457,2026-05-11 16:19:07.831491,-0.6706489,-2.8497396,0.44008666,-1.90086,3.527594,1.8101465
2458,2026-05-11 16:19:07.834126,-0.6706489,-2.8497396,0.44008666,-1.90086,3.527594,1.8101465
2459,2026-05-11 16:19:07.837280,-0.6706489,-2.8497396,0.44008666,-1.4801265,2.950479,2.0147862
2460,2026-05-11 16:19:07.839974,-0.6706489,-2.8497396,0.44008666,-1.4801265,2.950479,2.0147862
2461,2026-05-11 16:19:07.842598,-0.6706489,-2.8497396,0.44008666,-1.4801265,2.950479,2.0147862
2462,2026-05-11 16:19:07.845305,-0.6706489,-2.8497396,0.44008666,-1.4801265,2.950479,2.0147862
2463,2026-05-11 16:19:07.848001,-0.6706489,-2.8497396,0.44008666,-1.4801265,2.950479,2.0147862
2464,2026-05-11 16:19:07.850638,-0.6706489,-2.8497396,0.44008666,-1.4801265,2.950479,2.0147862
2465,2026-05-11 16:19:07.853550,-0.6706489,-2.8497396,0.44008666,-1.4801265,2.950479,2.0147862
2466,2026-05-11 16:19:07.856192,-0.6706489,-2.8497396,0.44008666,-1.4801265,2.950479,2.0147862
2467,2026-05-11 16:19:07.858806,-0.6706489,-2.8497396,0.44008666,-1.4801265,2.950479,2.0147862
2468,2026-05-11 16:19:07.861418,-0.6706489,-2.8497396,0.44008666,-1.4801265,2.950479,2.0147862
2469,2026-05-11 16:19:07.864320,-0.6706489,-2.8497396,0.44008666,-1.4801265,2.950479,2.0147862
2470,2026-05-11 16:19:07.867014,-0.6706489,-2.8497396,0.44008666,-1.0810788,2.505311,2.4016168
2471,2026-05-11 16:19:07.870117,-0.6706489,-2.8497396,0.44008666,-1.0810788,2.505311,2.4016168
2472,2026-05-11 16:19:07.872934,-0.9637148,-2.6777782,0.51435924,-1.0810788,2.505311,2.4016168
2473,2026-05-11 16:19:07.875671,-0.9637148,-2.6777782,0.51435924,-1.0810788,2.505311,2.4016168
2474,2026-05-11 16:19:07.878306,-0.9637148,-2.6777782,0.51435924,-1.0810788,2.505311,2.4016168
2475,2026-05-11 16:19:07.881195,-1.3694701,-2.4150798,0.36642382,-0.7965683,2.314721,3.3249395
2476,2026-05-11 16:19:07.884030,-1.3694701,-2.4150798,0.36642382,-1.297936,2.3545802,4.4901648
2477,2026-05-11 16:19:07.887065,-1.3694701,-2.4150798,0.36642382,-1.297936,2.3545802,4.4901648
2478,2026-05-11 16:19:07.889770,-1.3694701,-2.4150798,0.36642382,-1.297936,2.3545802,4.4901648
2479,2026-05-11 16:19:07.892492,-1.5565542,-2.2799501,0.2004995,-1.297936,2.3545802,4.4901648
2480,2026-05-11 16:19:07.895084,-1.5565542,-2.2799501,0.2004995,-1.297936,2.3545802,4.4901648
2481,2026-05-11 16:19:07.897922,-1.5565542,-2.2799501,0.2004995,-1.297936,2.3545802,4.4901648
2482,2026-05-11 16:19:07.900624,-1.5565542,-2.2799501,0.2004995,-1.297936,2.3545802,4.4901648
2483,2026-05-11 16:19:07.903933,-1.5565542,-2.2799501,0.2004995,-2.3493876,2.5320365,5.6311088
2484,2026-05-11 16:19:07.906836,-1.4968556,-2.1031106,-0.115250625,-4.45107,3.1720705,7.079317
2485,2026-05-11 16:19:07.909617,-0.97591066,-2.061218,-0.2537953,-4.45107,3.1720705,7.079317
2486,2026-05-11 16:19:07.912264,-0.97591066,-2.061218,-0.2537953,-4.45107,3.1720705,7.079317
2487,2026-05-11 16:19:07.914881,-0.97591066,-2.061218,-0.2537953,-4.45107,3.1720705,7.079317
2488,2026-05-11 16:19:07.917740,-0.97591066,-2.061218,-0.2537953,-4.45107,3.1720705,7.079317
2489,2026-05-11 16:19:07.920866,-0.50746864,-2.0265207,-0.25471,-4.45107,3.1720705,7.079317
2490,2026-05-11 16:19:07.923741,-0.50746864,-2.0265207,-0.25471,-9.496358,4.6586113,9.108612
2491,2026-05-11 16:19:07.926436,-0.50746864,-2.0265207,-0.25471,-9.496358,4.6586113,9.108612
2492,2026-05-11 16:19:07.929065,-0.50746864,-2.0265207,-0.25471,-9.496358,4.6586113,9.108612
2493,2026-05-11 16:19:07.931753,0.5161277,-2.028289,0.015183813,-9.496358,4.6586113,9.108612
2494,2026-05-11 16:19:07.934322,0.5161277,-2.028289,0.015183813,-9.496358,4.6586113,9.108612
2495,2026-05-11 16:19:07.937526,0.5161277,-2.028289,0.015183813,-9.496358,4.6586113,9.108612
2496,2026-05-11 16:19:07.940397,1.1097598,-2.0701816,0.5617401,-9.496358,4.6586113,9.108612
2497,2026-05-11 16:19:07.943037,1.1097598,-2.0701816,0.5617401,-9.496358,4.6586113,9.108612
2498,2026-05-11 16:19:07.945694,1.1097598,-2.0701816,0.5617401,-9.496358,4.6586113,9.108612
2499,2026-05-11 16:19:07.948496,1.1097598,-2.0701816,0.5617401,-9.496358,4.6586113,9.108612
2500,2026-05-11 16:19:07.951159,1.1097598,-2.0701816,0.5617401,-9.496358,4.6586113,9.108612
2501,2026-05-11 16:19:07.954329,1.1097598,-2.0701816,0.5617401,-9.496358,4.6586113,9.108612
2502,2026-05-11 16:19:07.957126,1.1097598,-2.0701816,0.5617401,-11.5071745,4.5039096,9.591195
2503,2026-05-11 16:19:07.959882,1.1097598,-2.0701816,0.5617401,-11.5071745,4.5039096,9.591195
2504,2026-05-11 16:19:07.962585,1.1097598,-2.0701816,0.5617401,-11.5071745,4.5039096,9.591195
2505,2026-05-11 16:19:07.965394,1.1097598,-2.0701816,0.5617401,-11.5071745,4.5039096,9.591195
2506,2026-05-11 16:19:07.968113,1.1097598,-2.0701816,0.5617401,-11.5071745,4.5039096,9.591195
2507,2026-05-11 16:19:07.971334,1.1097598,-2.0701816,0.5617401,-11.5071745,4.5039096,9.591195
2508,2026-05-11 16:19:07.974151,1.1097598,-2.0701816,0.5617401,-11.5071745,4.5039096,9.591195
2509,2026-05-11 16:19:07.976965,2.1487231,-2.0377407,2.0162761,-11.5071745,4.5039096,9.591195
2510,2026-05-11 16:19:07.979649,2.1487231,-2.0377407,2.0162761,-11.5071745,4.5039096,9.591195
2511,2026-05-11 16:19:07.982271,2.1487231,-2.0377407,2.0162761,-11.5071745,4.5039096,9.591195
2512,2026-05-11 16:19:07.985033,2.1487231,-2.0377407,2.0162761,-11.5071745,4.5039096,9.591195
2513,2026-05-11 16:19:07.988083,2.1487231,-2.0377407,2.0162761,-13.101686,3.17879,9.981997
2514,2026-05-11 16:19:07.990787,2.1487231,-2.0377407,2.0162761,-13.101686,3.17879,9.981997
2515,2026-05-11 16:19:07.993397,2.7558315,-1.8525472,3.2159193,-13.101686,3.17879,9.981997
2516,2026-05-11 16:19:07.996208,2.7558315,-1.8525472,3.2159193,-13.101686,3.17879,9.981997
2517,2026-05-11 16:19:07.998861,2.7558315,-1.8525472,3.2159193,-13.101686,3.17879,9.981997
2518,2026-05-11 16:19:08.001955,2.7558315,-1.8525472,3.2159193,-13.101686,3.17879,9.981997
2519,2026-05-11 16:19:08.004781,2.7558315,-1.8525472,3.2159193,-12.756699,1.8425223,9.861961
2520,2026-05-11 16:19:08.007449,2.7558315,-1.8525472,3.2159193,-12.756699,1.8425223,9.861961
2521,2026-05-11 16:19:08.010224,2.7558315,-1.8525472,3.2159193,-12.756699,1.8425223,9.861961
2522,2026-05-11 16:19:08.013114,3.2155535,-1.0392679,4.52374,-10.77719,0.6818783,9.381058
2523,2026-05-11 16:19:08.015939,3.2155535,-1.0392679,4.52374,-8.014705,0.42363504,8.785312
2524,2026-05-11 16:19:08.018992,2.889437,-0.5849122,4.048468,-8.014705,0.42363504,8.785312
2525,2026-05-11 16:19:08.022052,2.889437,-0.5849122,4.048468,-5.964641,0.27488935,8.46201
2526,2026-05-11 16:19:08.024767,2.7469287,-0.31709167,3.3660502,-3.5850153,-0.63148195,8.185595
2527,2026-05-11 16:19:08.027580,2.7469287,-0.31709167,3.3660502,-3.5850153,-0.63148195,8.185595
2528,2026-05-11 16:19:08.030352,2.6196651,-0.28495565,3.0949366,-2.2102633,-1.2405146,7.992255
2529,2026-05-11 16:19:08.033100,2.6196651,-0.28495565,3.0949366,-2.2102633,-1.2405146,7.992255
2530,2026-05-11 16:19:08.036317,2.6196651,-0.28495565,3.0949366,-2.2102633,-1.2405146,7.992255
2531,2026-05-11 16:19:08.039291,2.4158728,-0.22428137,2.5724063,-2.2102633,-1.2405146,7.992255
2532,2026-05-11 16:19:08.042147,2.4158728,-0.22428137,2.5724063,-2.2102633,-1.2405146,7.992255
2533,2026-05-11 16:19:08.044840,2.4158728,-0.22428137,2.5724063,-0.8184067,-1.4503468,7.9175773
2534,2026-05-11 16:19:08.047448,2.4158728,-0.22428137,2.5724063,-0.8184067,-1.4503468,7.9175773
2535,2026-05-11 16:19:08.050177,2.4158728,-0.22428137,2.5724063,-0.8184067,-1.4503468,7.9175773
2536,2026-05-11 16:19:08.053168,2.4158728,-0.22428137,2.5724063,-0.8184067,-1.4503468,7.9175773
2537,2026-05-11 16:19:08.055905,2.4158728,-0.22428137,2.5724063,-0.8184067,-1.4503468,7.9175773
2538,2026-05-11 16:19:08.058738,2.611067,0.020610958,1.8771217,-0.31902438,-1.0804679,8.0863285
2539,2026-05-11 16:19:08.061516,2.9412692,0.26452765,1.2510486,-0.7823657,-0.29932398,8.005847
2540,2026-05-11 16:19:08.064149,2.9412692,0.26452765,1.2510486,-0.7823657,-0.29932398,8.005847
2541,2026-05-11 16:19:08.066865,2.9234023,0.41740242,0.49283364,-0.7823657,-0.29932398,8.005847
2542,2026-05-11 16:19:08.069853,2.9234023,0.41740242,0.49283364,-2.9640708,1.4807373,7.5223475
2543,2026-05-11 16:19:08.072589,2.9234023,0.41740242,0.49283364,-2.9640708,1.4807373,7.5223475
2544,2026-05-11 16:19:08.075218,2.9234023,0.41740242,0.49283364,-2.9640708,1.4807373,7.5223475
2545,2026-05-11 16:19:08.077913,2.9234023,0.41740242,0.49283364,-2.9640708,1.4807373,7.5223475
2546,2026-05-11 16:19:08.080784,2.9234023,0.41740242,0.49283364,-3.4651332,1.8000672,7.46065
2547,2026-05-11 16:19:08.083435,2.8267503,0.43819633,0.28660208,-3.4651332,1.8000672,7.46065
2548,2026-05-11 16:19:08.086465,2.8267503,0.43819633,0.28660208,-3.4651332,1.8000672,7.46065
2549,2026-05-11 16:19:08.089296,2.8267503,0.43819633,0.28660208,-3.4651332,1.8000672,7.46065
2550,2026-05-11 16:19:08.091927,2.8267503,0.43819633,0.28660208,-3.4651332,1.8000672,7.46065
2551,2026-05-11 16:19:08.094512,2.8267503,0.43819633,0.28660208,-3.4651332,1.8000672,7.46065
2552,2026-05-11 16:19:08.097346,2.5641742,0.22104947,0.33751968,-7.4693546,3.4364223,7.078401
2553,2026-05-11 16:19:08.099922,2.5641742,0.22104947,0.33751968,-7.4693546,3.4364223,7.078401
2554,2026-05-11 16:19:08.103024,2.2853162,-0.08823685,0.7430922,-7.4693546,3.4364223,7.078401
2555,2026-05-11 16:19:08.105858,2.2853162,-0.08823685,0.7430922,-7.4693546,3.4364223,7.078401
2556,2026-05-11 16:19:08.108480,2.2853162,-0.08823685,0.7430922,-7.4693546,3.4364223,7.078401
2557,2026-05-11 16:19:08.111232,2.2853162,-0.08823685,0.7430922,-7.4693546,3.4364223,7.078401
2558,2026-05-11 16:19:08.114095,2.2853162,-0.08823685,0.7430922,-9.071349,3.532481,6.80061
2559,2026-05-11 16:19:08.116817,2.2853162,-0.08823685,0.7430922,-9.071349,3.532481,6.80061
2560,2026-05-11 16:19:08.119878,2.2853162,-0.08823685,0.7430922,-9.578978,3.2907312,6.7260847
2561,2026-05-11 16:19:08.122614,2.2853162,-0.08823685,0.7430922,-9.578978,3.2907312,6.7260847
2562,2026-05-11 16:19:08.125528,2.1795175,-0.069577225,2.3985546,-9.020647,1.9155207,6.6306367
2563,2026-05-11 16:19:08.128333,2.1795175,-0.069577225,2.3985546,-9.020647,1.9155207,6.6306367
2564,2026-05-11 16:19:08.131324,2.3231843,0.055552024,2.7275982,-9.020647,1.9155207,6.6306367
2565,2026-05-11 16:19:08.134190,2.3231843,0.055552024,2.7275982,-7.8198385,1.138042,6.5032716
2566,2026-05-11 16:19:08.137942,2.3231843,0.055552024,2.7275982,-7.8198385,1.138042,6.5032716
2567,2026-05-11 16:19:08.140926,2.3231843,0.055552024,2.7275982,-7.8198385,1.138042,6.5032716
2568,2026-05-11 16:19:08.143940,2.3231843,0.055552024,2.7275982,-7.8198385,1.138042,6.5032716
2569,2026-05-11 16:19:08.147086,2.3231843,0.055552024,2.7275982,-7.8198385,1.138042,6.5032716
2570,2026-05-11 16:19:08.150040,2.3231843,0.055552024,2.7275982,-7.8198385,1.138042,6.5032716
2571,2026-05-11 16:19:08.153379,3.3077538,0.90243065,2.3793461,-7.8198385,1.138042,6.5032716
2572,2026-05-11 16:19:08.156589,3.3077538,0.90243065,2.3793461,-5.1040845,0.3643811,5.7792435
2573,2026-05-11 16:19:08.159598,3.3077538,0.90243065,2.3793461,-5.1040845,0.3643811,5.7792435
2574,2026-05-11 16:19:08.162740,3.3077538,0.90243065,2.3793461,-5.1040845,0.3643811,5.7792435
2575,2026-05-11 16:19:08.165784,3.4292245,1.6371077,1.3764828,-5.1040845,0.3643811,5.7792435
2576,2026-05-11 16:19:08.168896,3.4292245,1.6371077,1.3764828,-5.1040845,0.3643811,5.7792435
2577,2026-05-11 16:19:08.172032,3.4292245,1.6371077,1.3764828,-3.8559341,0.27137688,4.249026
2578,2026-05-11 16:19:08.174676,3.4292245,1.6371077,1.3764828,-3.8559341,0.27137688,4.249026
2579,2026-05-11 16:19:08.177447,3.0045047,1.9716394,0.73546976,-3.8559341,0.27137688,4.249026
2580,2026-05-11 16:19:08.180093,3.0045047,1.9716394,0.73546976,-3.8559341,0.27137688,4.249026
2581,2026-05-11 16:19:08.182905,3.0045047,1.9716394,0.73546976,-3.8559341,0.27137688,4.249026
2582,2026-05-11 16:19:08.185717,3.0045047,1.9716394,0.73546976,-3.8559341,0.27137688,4.249026
2583,2026-05-11 16:19:08.188681,3.0045047,1.9716394,0.73546976,-3.9700131,0.63087106,3.3429601
2584,2026-05-11 16:19:08.191278,3.0045047,1.9716394,0.73546976,-3.9700131,0.63087106,3.3429601
2585,2026-05-11 16:19:08.194090,3.0045047,1.9716394,0.73546976,-4.956713,1.1160508,2.855337
2586,2026-05-11 16:19:08.196833,2.4424596,2.1377468,0.23507468,-4.956713,1.1160508,2.855337
2587,2026-05-11 16:19:08.199610,2.4424596,2.1377468,0.23507468,-5.6682186,1.185384,2.775619
2588,2026-05-11 16:19:08.202540,2.7382085,2.0890243,0.85200095,-6.3966756,0.7425067,2.7727172
2589,2026-05-11 16:19:08.205605,2.7382085,2.0890243,0.85200095,-6.3966756,0.7425067,2.7727172
2590,2026-05-11 16:19:08.208489,2.7382085,2.0890243,0.85200095,-6.3966756,0.7425067,2.7727172
2591,2026-05-11 16:19:08.211172,2.7382085,2.0890243,0.85200095,-6.3966756,0.7425067,2.7727172
2592,2026-05-11 16:19:08.214022,3.4110527,2.4124577,1.4646586,-6.3966756,0.7425067,2.7727172
2593,2026-05-11 16:19:08.216712,3.4110527,2.4124577,1.4646586,-6.3966756,0.7425067,2.7727172
2594,2026-05-11 16:19:08.219839,3.4110527,2.4124577,1.4646586,-6.1031547,-0.26175576,2.6462681
2595,2026-05-11 16:19:08.222671,3.4110527,2.4124577,1.4646586,-6.1031547,-0.26175576,2.6462681
2596,2026-05-11 16:19:08.225496,3.4110527,2.4124577,1.4646586,-6.1031547,-0.26175576,2.6462681
2597,2026-05-11 16:19:08.228137,3.4110527,2.4124577,1.4646586,-6.1031547,-0.26175576,2.6462681
2598,2026-05-11 16:19:08.231029,3.5249007,2.696194,1.7584562,-5.573382,-0.86162543,2.286316
2599,2026-05-11 16:19:08.233780,3.5249007,2.696194,1.7584562,-5.573382,-0.86162543,2.286316
2600,2026-05-11 16:19:08.236916,3.5249007,2.696194,1.7584562,-5.573382,-0.86162543,2.286316
2601,2026-05-11 16:19:08.239777,3.5249007,2.696194,1.7584562,-5.573382,-0.86162543,2.286316
2602,2026-05-11 16:19:08.242497,3.5249007,2.696194,1.7584562,-5.573382,-0.86162543,2.286316
2603,2026-05-11 16:19:08.245319,3.5249007,2.696194,1.7584562,-5.573382,-0.86162543,2.286316
2604,2026-05-11 16:19:08.247943,3.5249007,2.696194,1.7584562,-5.573382,-0.86162543,2.286316
2605,2026-05-11 16:19:08.250649,3.342817,3.1677458,2.098354,-5.573382,-0.86162543,2.286316
2606,2026-05-11 16:19:08.253671,3.342817,3.1677458,2.098354,-5.020396,-0.2350304,2.3718371
2607,2026-05-11 16:19:08.256383,3.342817,3.1677458,2.098354,-5.020396,-0.2350304,2.3718371
2608,2026-05-11 16:19:08.259146,3.342817,3.1677458,2.098354,-4.7563496,0.0954477,2.496759
2609,2026-05-11 16:19:08.261915,3.342817,3.1677458,2.098354,-4.7563496,0.0954477,2.496759
2610,2026-05-11 16:19:08.264523,3.5286815,3.46819,2.4991093,-4.7563496,0.0954477,2.496759
2611,2026-05-11 16:19:08.267261,3.5286815,3.46819,2.4991093,-4.7563496,0.0954477,2.496759
2612,2026-05-11 16:19:08.270336,3.5286815,3.46819,2.4991093,-4.7563496,0.0954477,2.496759
2613,2026-05-11 16:19:08.273193,3.5286815,3.46819,2.4991093,-4.7563496,0.0954477,2.496759
2614,2026-05-11 16:19:08.275834,3.5286815,3.46819,2.4991093,-4.7563496,0.0954477,2.496759
2615,2026-05-11 16:19:08.278530,3.5286815,3.46819,2.4991093,-4.7563496,0.0954477,2.496759
2616,2026-05-11 16:19:08.281172,3.5286815,3.46819,2.4991093,-4.7563496,0.0954477,2.496759
2617,2026-05-11 16:19:08.283995,4.779852,3.9851105,3.450994,-0.19074267,0.6934848,1.2266175
2618,2026-05-11 16:19:08.287259,5.559227,4.1723776,3.801685,-0.19074267,0.6934848,1.2266175
2619,2026-05-11 16:19:08.290195,5.559227,4.1723776,3.801685,-0.19074267,0.6934848,1.2266175
2620,2026-05-11 16:19:08.292862,5.559227,4.1723776,3.801685,-0.19074267,0.6934848,1.2266175
2621,2026-05-11 16:19:08.295444,5.559227,4.1723776,3.801685,-0.19074267,0.6934848,1.2266175
2622,2026-05-11 16:19:08.298119,6.0835257,3.9902937,3.95767,-0.19074267,0.6934848,1.2266175
2623,2026-05-11 16:19:08.300739,6.0835257,3.9902937,3.95767,2.2240076,0.22922719,-0.26068676
2624,2026-05-11 16:19:08.303850,5.7768,3.4053817,3.562952,5.277112,-0.95829487,-2.1241312
2625,2026-05-11 16:19:08.306761,5.49404,2.9866378,3.104998,5.277112,-0.95829487,-2.1241312
2626,2026-05-11 16:19:08.309547,5.49404,2.9866378,3.104998,6.7615147,-1.8307631,-2.9639182
2627,2026-05-11 16:19:08.312240,5.49404,2.9866378,3.104998,6.7615147,-1.8307631,-2.9639182
2628,2026-05-11 16:19:08.314955,5.49404,2.9866378,3.104998,6.7615147,-1.8307631,-2.9639182
2629,2026-05-11 16:19:08.317672,5.49404,2.9866378,3.104998,6.7615147,-1.8307631,-2.9639182
2630,2026-05-11 16:19:08.320854,5.49404,2.9866378,3.104998,6.7615147,-1.8307631,-2.9639182
2631,2026-05-11 16:19:08.323694,4.8688207,2.2582417,1.844437,8.348542,-3.0903673,-4.265672
2632,2026-05-11 16:19:08.326332,4.8688207,2.2582417,1.844437,8.348542,-3.0903673,-4.265672
2633,2026-05-11 16:19:08.328899,4.8688207,2.2582417,1.844437,8.348542,-3.0903673,-4.265672
2634,2026-05-11 16:19:08.331770,4.8688207,2.2582417,1.844437,8.348542,-3.0903673,-4.265672
2635,2026-05-11 16:19:08.334673,4.8688207,2.2582417,1.844437,8.337089,-3.150385,-4.3907466
2636,2026-05-11 16:19:08.337832,4.7853403,2.2165318,1.6375345,8.337089,-3.150385,-4.3907466
2637,2026-05-11 16:19:08.340535,4.7853403,2.2165318,1.6375345,8.337089,-3.150385,-4.3907466
2638,2026-05-11 16:19:08.343226,4.7853403,2.2165318,1.6375345,8.337089,-3.150385,-4.3907466
2639,2026-05-11 16:19:08.345943,4.7853403,2.2165318,1.6375345,8.337089,-3.150385,-4.3907466
2640,2026-05-11 16:19:08.348702,3.4380052,2.3958106,-0.30452996,8.337089,-3.150385,-4.3907466
2641,2026-05-11 16:19:08.351657,3.4380052,2.3958106,-0.30452996,1.174083,-0.06688975,-5.126992
2642,2026-05-11 16:19:08.354612,3.4380052,2.3958106,-0.30452996,1.174083,-0.06688975,-5.126992
2643,2026-05-11 16:19:08.357254,3.4380052,2.3958106,-0.30452996,1.174083,-0.06688975,-5.126992
2644,2026-05-11 16:19:08.359971,3.4380052,2.3958106,-0.30452996,1.174083,-0.06688975,-5.126992
2645,2026-05-11 16:19:08.362777,3.0196273,2.3516006,-0.004451479,1.174083,-0.06688975,-5.126992
2646,2026-05-11 16:19:08.365438,3.0196273,2.3516006,-0.004451479,1.174083,-0.06688975,-5.126992
2647,2026-05-11 16:19:08.368053,3.0196273,2.3516006,-0.004451479,1.174083,-0.06688975,-5.126992
2648,2026-05-11 16:19:08.371088,3.0196273,2.3516006,-0.004451479,1.174083,-0.06688975,-5.126992
2649,2026-05-11 16:19:08.373856,3.0196273,2.3516006,-0.004451479,1.174083,-0.06688975,-5.126992
2650,2026-05-11 16:19:08.377005,3.0196273,2.3516006,-0.004451479,1.174083,-0.06688975,-5.126992
2651,2026-05-11 16:19:08.379804,3.0196273,2.3516006,-0.004451479,1.174083,-0.06688975,-5.126992
2652,2026-05-11 16:19:08.382435,3.0196273,2.3516006,-0.004451479,1.174083,-0.06688975,-5.126992
2653,2026-05-11 16:19:08.385383,3.0196273,2.3516006,-0.004451479,-0.58368176,1.043816,-5.339573
2654,2026-05-11 16:19:08.388630,3.0196273,2.3516006,-0.004451479,-0.58368176,1.043816,-5.339573
2655,2026-05-11 16:19:08.391430,2.7785769,2.1153674,1.132688,-0.58368176,1.043816,-5.339573
2656,2026-05-11 16:19:08.394052,2.7785769,2.1153674,1.132688,-0.58368176,1.043816,-5.339573
2657,2026-05-11 16:19:08.396788,2.7785769,2.1153674,1.132688,-0.58368176,1.043816,-5.339573
2658,2026-05-11 16:19:08.399543,2.7785769,2.1153674,1.132688,-0.58368176,1.043816,-5.339573
2659,2026-05-11 16:19:08.402679,2.5952733,1.8516934,1.9608461,-0.014202617,0.8538369,-5.7615285
2660,2026-05-11 16:19:08.405756,2.5952733,1.8516934,1.9608461,-0.014202617,0.8538369,-5.7615285
2661,2026-05-11 16:19:08.408390,2.5952733,1.8516934,1.9608461,-0.014202617,0.8538369,-5.7615285
2662,2026-05-11 16:19:08.411019,2.5952733,1.8516934,1.9608461,-0.014202617,0.8538369,-5.7615285
2663,2026-05-11 16:19:08.413772,2.5952733,1.8516934,1.9608461,-0.014202617,0.8538369,-5.7615285
2664,2026-05-11 16:19:08.416388,2.5952733,1.8516934,1.9608461,-0.014202617,0.8538369,-5.7615285
2665,2026-05-11 16:19:08.419313,2.5952733,1.8516934,1.9608461,-0.014202617,0.8538369,-5.7615285
2666,2026-05-11 16:19:08.422466,2.5647838,1.5975932,2.561308,-0.014202617,0.8538369,-5.7615285
2667,2026-05-11 16:19:08.425388,2.5647838,1.5975932,2.561308,-0.014202617,0.8538369,-5.7615285
2668,2026-05-11 16:19:08.428078,2.5647838,1.5975932,2.561308,-0.014202617,0.8538369,-5.7615285
2669,2026-05-11 16:19:08.430703,2.5647838,1.5975932,2.561308,-0.014202617,0.8538369,-5.7615285
2670,2026-05-11 16:19:08.433335,2.5647838,1.5975932,2.561308,-0.014202617,0.8538369,-5.7615285
2671,2026-05-11 16:19:08.436439,2.5647838,1.5975932,2.561308,-0.014202617,0.8538369,-5.7615285
2672,2026-05-11 16:19:08.439457,2.5647838,1.5975932,2.561308,1.2429581,0.17837265,-6.1017804
2673,2026-05-11 16:19:08.442078,2.5647838,1.5975932,2.561308,1.2429581,0.17837265,-6.1017804
2674,2026-05-11 16:19:08.444962,2.5647838,1.5975932,2.561308,3.1841352,-0.58123827,-6.639647
2675,2026-05-11 16:19:08.447758,2.675156,1.2212907,2.8077247,3.1841352,-0.58123827,-6.639647
2676,2026-05-11 16:19:08.450471,2.7434528,0.18153499,2.4077623,4.334089,-0.77503526,-7.0603805
2677,2026-05-11 16:19:08.453718,2.7434528,0.18153499,2.4077623,4.334089,-0.77503526,-7.0603805
2678,2026-05-11 16:19:08.456511,2.7434528,0.18153499,2.4077623,4.334089,-0.77503526,-7.0603805
2679,2026-05-11 16:19:08.459112,2.7434528,0.18153499,2.4077623,4.334089,-0.77503526,-7.0603805
2680,2026-05-11 16:19:08.461804,2.7434528,0.18153499,2.4077623,6.25694,-0.9228647,-8.0863285
2681,2026-05-11 16:19:08.464499,2.7434528,0.18153499,2.4077623,6.25694,-0.9228647,-8.0863285
2682,2026-05-11 16:19:08.467244,2.7434528,0.18153499,2.4077623,6.25694,-0.9228647,-8.0863285
2683,2026-05-11 16:19:08.470581,2.7434528,0.18153499,2.4077623,6.25694,-0.9228647,-8.0863285
2684,2026-05-11 16:19:08.473465,2.4236171,-0.38715672,1.9979824,7.2978544,-1.056186,-8.518974
2685,2026-05-11 16:19:08.476207,2.4236171,-0.38715672,1.9979824,7.2978544,-1.056186,-8.518974
2686,2026-05-11 16:19:08.478804,2.4236171,-0.38715672,1.9979824,7.2978544,-1.056186,-8.518974
2687,2026-05-11 16:19:08.481496,2.0732918,-0.75004375,1.6270462,7.2978544,-1.056186,-8.518974
2688,2026-05-11 16:19:08.484096,2.0732918,-0.75004375,1.6270462,7.2978544,-1.056186,-8.518974
2689,2026-05-11 16:19:08.487652,2.0732918,-0.75004375,1.6270462,7.2978544,-1.056186,-8.518974
2690,2026-05-11 16:19:08.490625,2.0732918,-0.75004375,1.6270462,7.792044,-1.2328788,-8.695209
2691,2026-05-11 16:19:08.493532,1.9219414,-0.7393724,1.0227425,6.7270007,-2.1374176,-7.9325433
2692,2026-05-11 16:19:08.496189,1.9219414,-0.7393724,1.0227425,5.786421,-2.4440718,-7.6794925
2693,2026-05-11 16:19:08.498986,1.9219414,-0.7393724,1.0227425,5.786421,-2.4440718,-7.6794925
2694,2026-05-11 16:19:08.501764,1.9219414,-0.7393724,1.0227425,5.786421,-2.4440718,-7.6794925
2695,2026-05-11 16:19:08.504942,1.9219414,-0.7393724,1.0227425,5.786421,-2.4440718,-7.6794925
2696,2026-05-11 16:19:08.507773,2.1001835,-0.7206518,1.185679,5.084842,-2.4397957,-7.7036214
2697,2026-05-11 16:19:08.510560,2.1001835,-0.7206518,1.185679,5.084842,-2.4397957,-7.7036214
2698,2026-05-11 16:19:08.513429,2.110489,-0.679186,1.3572134,4.4661884,-2.3690882,-7.7615013
2699,2026-05-11 16:19:08.516095,2.0964026,-0.6832715,1.5353334,4.4661884,-2.3690882,-7.7615013
2700,2026-05-11 16:19:08.519020,2.0964026,-0.6832715,1.5353334,4.046219,-2.2514966,-7.74119
2701,2026-05-11 16:19:08.522038,2.1429908,-0.65485525,1.8568767,4.046219,-2.2514966,-7.74119
2702,2026-05-11 16:19:08.524844,2.1554916,-0.64326924,1.9299905,3.7029123,-2.1160371,-7.665748
2703,2026-05-11 16:19:08.527681,2.1554916,-0.64326924,1.9299905,3.6952765,-2.0344868,-7.6613193
2704,2026-05-11 16:19:08.530436,2.1554916,-0.64326924,1.9299905,3.6952765,-2.0344868,-7.6613193
2705,2026-05-11 16:19:08.533214,2.1554916,-0.64326924,1.9299905,3.6952765,-2.0344868,-7.6613193
2706,2026-05-11 16:19:08.536272,2.1648824,-0.6126577,1.8930982,3.6952765,-2.0344868,-7.6613193
2707,2026-05-11 16:19:08.539055,2.1648824,-0.6126577,1.8930982,3.6952765,-2.0344868,-7.6613193
2708,2026-05-11 16:19:08.541775,2.1648824,-0.6126577,1.8930982,3.6952765,-2.0344868,-7.6613193
2709,2026-05-11 16:19:08.544446,2.1451252,-0.58747333,1.7563219,3.7669005,-1.7499762,-7.689266
2710,2026-05-11 16:19:08.547033,2.1451252,-0.58747333,1.7563219,3.7669005,-1.7499762,-7.689266
2711,2026-05-11 16:19:08.549810,2.1451252,-0.58747333,1.7563219,3.7669005,-1.7499762,-7.689266
2712,2026-05-11 16:19:08.552909,2.1451252,-0.58747333,1.7563219,3.7669005,-1.7499762,-7.689266
2713,2026-05-11 16:19:08.555828,2.1451252,-0.58747333,1.7563219,3.7669005,-1.7499762,-7.689266
2714,2026-05-11 16:19:08.558522,2.1451252,-0.58747333,1.7563219,3.7669005,-1.7499762,-7.689266
2715,2026-05-11 16:19:08.561154,2.1451252,-0.58747333,1.7563219,3.7669005,-1.7499762,-7.689266
2716,2026-05-11 16:19:08.563957,2.1451252,-0.58747333,1.7563219,3.7669005,-1.7499762,-7.689266
2717,2026-05-11 16:19:08.566648,2.1451252,-0.58747333,1.7563219,3.7669005,-1.7499762,-7.689266
2718,2026-05-11 16:19:08.569671,2.0684133,-0.6156457,1.6161919,3.7669005,-1.7499762,-7.689266
2719,2026-05-11 16:19:08.572598,2.0684133,-0.6156457,1.6161919,3.6974146,-1.7081319,-7.7424116
2720,2026-05-11 16:19:08.575269,2.0684133,-0.6156457,1.6161919,3.6974146,-1.7081319,-7.7424116
2721,2026-05-11 16:19:08.577876,2.0684133,-0.6156457,1.6161919,3.6974146,-1.7081319,-7.7424116
2722,2026-05-11 16:19:08.580679,2.0684133,-0.6156457,1.6161919,3.6974146,-1.7081319,-7.7424116
2723,2026-05-11 16:19:08.583333,2.0684133,-0.6156457,1.6161919,3.5546248,-1.7073684,-7.710341
2724,2026-05-11 16:19:08.586258,2.0684133,-0.6156457,1.6161919,3.5546248,-1.7073684,-7.710341
2725,2026-05-11 16:19:08.589176,2.0684133,-0.6156457,1.6161919,3.5546248,-1.7073684,-7.710341
2726,2026-05-11 16:19:08.591958,1.966761,-0.6138163,1.460512,3.5546248,-1.7073684,-7.710341
2727,2026-05-11 16:19:08.594673,1.966761,-0.6138163,1.460512,3.5546248,-1.7073684,-7.710341
2728,2026-05-11 16:19:08.597317,1.966761,-0.6138163,1.460512,3.5752416,-1.8350391,-7.7115626
2729,2026-05-11 16:19:08.600020,1.9405401,-0.5966811,1.3937398,3.5752416,-1.8350391,-7.7115626
2730,2026-05-11 16:19:08.603213,1.9405401,-0.5966811,1.3937398,3.5752416,-1.8350391,-7.7115626
2731,2026-05-11 16:19:08.605953,1.9405401,-0.5966811,1.3937398,3.5752416,-1.8350391,-7.7115626
2732,2026-05-11 16:19:08.608855,1.9405401,-0.5966811,1.3937398,3.5752416,-1.8350391,-7.7115626
2733,2026-05-11 16:19:08.611654,1.8012025,-0.61985326,1.2952585,3.6862664,-2.1418462,-7.678271
2734,2026-05-11 16:19:08.614396,1.8012025,-0.61985326,1.2952585,3.6862664,-2.1418462,-7.678271
2735,2026-05-11 16:19:08.617049,1.8012025,-0.61985326,1.2952585,3.6862664,-2.1418462,-7.678271
2736,2026-05-11 16:19:08.620106,1.8012025,-0.61985326,1.2952585,3.749491,-2.3652701,-7.5400624
2737,2026-05-11 16:19:08.622973,1.8012025,-0.61985326,1.2952585,3.749491,-2.3652701,-7.5400624
2738,2026-05-11 16:19:08.625809,0.8068154,-1.0839046,0.52472574,3.3105843,-2.5088236,-6.696763
2739,2026-05-11 16:19:08.628532,0.8068154,-1.0839046,0.52472574,3.3105843,-2.5088236,-6.696763
2740,2026-05-11 16:19:08.631234,0.8068154,-1.0839046,0.52472574,3.3105843,-2.5088236,-6.696763
2741,2026-05-11 16:19:08.633889,0.8068154,-1.0839046,0.52472574,3.3105843,-2.5088236,-6.696763
2742,2026-05-11 16:19:08.636944,0.10165227,-1.5557615,0.21976891,3.3105843,-2.5088236,-6.696763
2743,2026-05-11 16:19:08.639769,-0.028904125,-2.2021406,0.26519838,2.0024164,-1.3634512,-3.7003162
2744,2026-05-11 16:19:08.642617,-0.028904125,-2.2021406,0.26519838,2.0024164,-1.3634512,-3.7003162
2745,2026-05-11 16:19:08.645294,-0.028904125,-2.2021406,0.26519838,2.0024164,-1.3634512,-3.7003162
2746,2026-05-11 16:19:08.647911,-0.028904125,-2.2021406,0.26519838,2.0024164,-1.3634512,-3.7003162
2747,2026-05-11 16:19:08.650648,-0.61808485,-2.628385,0.65363574,2.1594086,-0.82986045,-3.3486106
2748,2026-05-11 16:19:08.653680,-0.61808485,-2.628385,0.65363574,2.1594086,-0.82986045,-3.3486106
2749,2026-05-11 16:19:08.656472,-0.61808485,-2.628385,0.65363574,2.1594086,-0.82986045,-3.3486106
2750,2026-05-11 16:19:08.659164,1.5205156,-0.6764419,0.9263955,3.6997054,-2.4831672,-7.307934
2751,2026-05-11 16:19:08.661965,1.3819709,-0.76272744,0.7308963,3.114802,-2.48164,-6.1257567
2752,2026-05-11 16:19:08.664777,1.3819709,-0.76272744,0.7308963,3.114802,-2.48164,-6.1257567
2753,2026-05-11 16:19:08.667510,1.3819709,-0.76272744,0.7308963,3.114802,-2.48164,-6.1257567
2754,2026-05-11 16:19:08.675919,1.3819709,-0.76272744,0.7308963,3.114802,-2.48164,-6.1257567
2755,2026-05-11 16:19:08.680237,1.3819709,-0.76272744,0.7308963,3.114802,-2.48164,-6.1257567
2756,2026-05-11 16:19:08.697445,0.35739893,-1.3858125,0.36044785,3.114802,-2.48164,-6.1257567
2757,2026-05-11 16:19:08.704958,-0.023294043,-1.3840442,0.82437736,-3.2262847,4.3036985,5.966779
2758,2026-05-11 16:19:08.709727,-0.023294043,-1.3840442,0.82437736,-3.2262847,4.3036985,5.966779
2759,2026-05-11 16:19:08.712788,-0.079516836,-1.2650738,0.62534136,-3.2262847,4.3036985,5.966779
2760,2026-05-11 16:19:08.715603,0.2461729,-1.1602507,0.5213109,-4.988784,3.6276233,7.581907
2761,2026-05-11 16:19:08.718234,0.2461729,-1.1602507,0.5213109,-4.988784,3.6276233,7.581907
2762,2026-05-11 16:19:08.721334,0.11201873,-1.159214,0.5032611,-4.988784,3.6276233,7.581907
2763,2026-05-11 16:19:08.724100,0.11201873,-1.159214,0.5032611,-4.988784,3.6276233,7.581907
2764,2026-05-11 16:19:08.726923,0.11201873,-1.159214,0.5032611,-4.988784,3.6276233,7.581907
2765,2026-05-11 16:19:08.729746,0.11201873,-1.159214,0.5032611,-5.462357,3.448487,7.9023056
2766,2026-05-11 16:19:08.732550,0.11201873,-1.159214,0.5032611,-5.462357,3.448487,7.9023056
2767,2026-05-11 16:19:08.735280,0.11201873,-1.159214,0.5032611,-5.462357,3.448487,7.9023056
2768,2026-05-11 16:19:08.738452,0.11201873,-1.159214,0.5032611,-5.462357,3.448487,7.9023056
2769,2026-05-11 16:19:08.741161,0.11201873,-1.159214,0.5032611,-5.462357,3.448487,7.9023056
2770,2026-05-11 16:19:08.743861,0.11201873,-1.159214,0.5032611,-5.462357,3.448487,7.9023056
2771,2026-05-11 16:19:08.746461,0.11201873,-1.159214,0.5032611,-5.462357,3.448487,7.9023056
2772,2026-05-11 16:19:08.749156,0.11201873,-1.159214,0.5032611,-5.462357,3.448487,7.9023056
2773,2026-05-11 16:19:08.752188,0.52783567,-1.3298947,0.7332745,-5.462357,3.448487,7.9023056
2774,2026-05-11 16:19:08.754878,0.52783567,-1.3298947,0.7332745,-5.462357,3.448487,7.9023056
2775,2026-05-11 16:19:08.757546,0.52783567,-1.3298947,0.7332745,-7.0327387,3.0812044,9.0011
2776,2026-05-11 16:19:08.760301,1.323126,-1.3052591,1.1858618,-7.0327387,3.0812044,9.0011
2777,2026-05-11 16:19:08.762937,1.323126,-1.3052591,1.1858618,-7.0327387,3.0812044,9.0011
2778,2026-05-11 16:19:08.765800,1.323126,-1.3052591,1.1858618,-9.126327,2.1426098,10.651047
2779,2026-05-11 16:19:08.768867,2.4623387,-1.100674,1.8779145,-9.126327,2.1426098,10.651047
2780,2026-05-11 16:19:08.771746,2.4623387,-1.100674,1.8779145,-9.126327,2.1426098,10.651047
2781,2026-05-11 16:19:08.774584,2.4623387,-1.100674,1.8779145,-9.126327,2.1426098,10.651047
2782,2026-05-11 16:19:08.777395,3.825711,-0.66388017,3.2812889,-9.171226,1.3831517,10.41174
2783,2026-05-11 16:19:08.780135,3.825711,-0.66388017,3.2812889,-9.171226,1.3831517,10.41174
2784,2026-05-11 16:19:08.782826,3.825711,-0.66388017,3.2812889,-9.171226,1.3831517,10.41174
2785,2026-05-11 16:19:08.785984,3.825711,-0.66388017,3.2812889,-9.171226,1.3831517,10.41174
2786,2026-05-11 16:19:08.788875,3.825711,-0.66388017,3.2812889,-9.171226,1.3831517,10.41174
2787,2026-05-11 16:19:08.791543,3.825711,-0.66388017,3.2812889,-9.171226,1.3831517,10.41174
2788,2026-05-11 16:19:08.794213,3.825711,-0.66388017,3.2812889,-9.171226,1.3831517,10.41174
2789,2026-05-11 16:19:08.796973,3.825711,-0.66388017,3.2812889,-9.171226,1.3831517,10.41174
2790,2026-05-11 16:19:08.799906,3.825711,-0.66388017,3.2812889,-8.667567,0.9784534,9.875401
2791,2026-05-11 16:19:08.803222,3.825711,-0.66388017,3.2812889,-8.667567,0.9784534,9.875401
2792,2026-05-11 16:19:08.806113,3.825711,-0.66388017,3.2812889,-8.667567,0.9784534,9.875401
2793,2026-05-11 16:19:08.808819,3.825711,-0.66388017,3.2812889,-8.667567,0.9784534,9.875401
2794,2026-05-11 16:19:08.811633,3.825711,-0.66388017,3.2812889,-8.667567,0.9784534,9.875401
2795,2026-05-11 16:19:08.814515,3.825711,-0.66388017,3.2812889,-7.2149296,0.91645056,8.798292
2796,2026-05-11 16:19:08.817283,3.5227666,-0.07628494,3.7374132,-5.579185,1.4071281,7.915439
2797,2026-05-11 16:19:08.820372,3.5227666,-0.07628494,3.7374132,-3.87594,1.6727017,7.3526797
2798,2026-05-11 16:19:08.823234,3.5227666,-0.07628494,3.7374132,-3.87594,1.6727017,7.3526797
2799,2026-05-11 16:19:08.825974,2.8431537,0.19293809,3.211041,-3.87594,1.6727017,7.3526797
2800,2026-05-11 16:19:08.828715,2.8431537,0.19293809,3.211041,-3.87594,1.6727017,7.3526797
2801,2026-05-11 16:19:08.831445,2.8431537,0.19293809,3.211041,-3.87594,1.6727017,7.3526797
2802,2026-05-11 16:19:08.834159,2.8431537,0.19293809,3.211041,-3.87594,1.6727017,7.3526797
2803,2026-05-11 16:19:08.837159,2.8431537,0.19293809,3.211041,-3.481779,1.6270396,7.2842627
2804,2026-05-11 16:19:08.839867,2.8431537,0.19293809,3.211041,-3.481779,1.6270396,7.2842627
2805,2026-05-11 16:19:08.842541,2.8431537,0.19293809,3.211041,-3.481779,1.6270396,7.2842627
2806,2026-05-11 16:19:08.845255,2.529355,0.23312336,2.7843697,-3.481779,1.6270396,7.2842627
2807,2026-05-11 16:19:08.847868,2.529355,0.23312336,2.7843697,-3.481779,1.6270396,7.2842627
2808,2026-05-11 16:19:08.850617,2.529355,0.23312336,2.7843697,-3.481779,1.6270396,7.2842627
2809,2026-05-11 16:19:08.853696,2.077804,0.23470882,2.0128613,-3.481779,1.6270396,7.2842627
2810,2026-05-11 16:19:08.856512,2.077804,0.23470882,2.0128613,-3.481779,1.6270396,7.2842627
2811,2026-05-11 16:19:08.859166,2.077804,0.23470882,2.0128613,-3.481779,1.6270396,7.2842627
2812,2026-05-11 16:19:08.861925,2.077804,0.23470882,2.0128613,-3.481779,1.6270396,7.2842627
2813,2026-05-11 16:19:08.864611,2.077804,0.23470882,2.0128613,-2.9917126,1.3698653,7.330841
2814,2026-05-11 16:19:08.867376,2.077804,0.23470882,2.0128613,-2.9917126,1.3698653,7.330841
2815,2026-05-11 16:19:08.870543,2.077804,0.23470882,2.0128613,-2.9917126,1.3698653,7.330841
2816,2026-05-11 16:19:08.873302,2.077804,0.23470882,2.0128613,-2.9917126,1.3698653,7.330841
2817,2026-05-11 16:19:08.875921,2.077804,0.23470882,2.0128613,-2.9917126,1.3698653,7.330841
2818,2026-05-11 16:19:08.878529,2.077804,0.23470882,2.0128613,-2.9917126,1.3698653,7.330841
2819,2026-05-11 16:19:08.881217,2.077804,0.23470882,2.0128613,-2.9917126,1.3698653,7.330841
2820,2026-05-11 16:19:08.883823,1.8922446,0.18366925,1.6351563,-2.9917126,1.3698653,7.330841
2821,2026-05-11 16:19:08.887030,1.8922446,0.18366925,1.6351563,-2.9917126,1.3698653,7.330841
2822,2026-05-11 16:19:08.889824,1.8922446,0.18366925,1.6351563,-2.9917126,1.3698653,7.330841
2823,2026-05-11 16:19:08.892603,1.8922446,0.18366925,1.6351563,-3.181997,1.2525792,7.6084795
2824,2026-05-11 16:19:08.895322,1.8922446,0.18366925,1.6351563,-3.181997,1.2525792,7.6084795
2825,2026-05-11 16:19:08.897981,1.8922446,0.18366925,1.6351563,-3.181997,1.2525792,7.6084795
2826,2026-05-11 16:19:08.900679,1.8922446,0.18366925,1.6351563,-3.181997,1.2525792,7.6084795
2827,2026-05-11 16:19:08.903668,1.8922446,0.18366925,1.6351563,-3.181997,1.2525792,7.6084795
2828,2026-05-11 16:19:08.906592,1.9476746,0.11872645,1.5324675,-3.4599407,1.377043,7.8080797
2829,2026-05-11 16:19:08.909306,1.9476746,0.11872645,1.5324675,-3.4599407,1.377043,7.8080797
2830,2026-05-11 16:19:08.911949,1.9476746,0.11872645,1.5324675,-3.4599407,1.377043,7.8080797
2831,2026-05-11 16:19:08.914736,1.9476746,0.11872645,1.5324675,-3.4599407,1.377043,7.8080797
2832,2026-05-11 16:19:08.917340,2.1231728,-0.012866604,1.4135581,-3.4599407,1.377043,7.8080797
2833,2026-05-11 16:19:08.920274,2.1231728,-0.012866604,1.4135581,-3.4599407,1.377043,7.8080797
2834,2026-05-11 16:19:08.923092,2.1231728,-0.012866604,1.4135581,-4.07386,1.9929478,7.8813834
2835,2026-05-11 16:19:08.925694,2.1231728,-0.012866604,1.4135581,-4.07386,1.9929478,7.8813834
2836,2026-05-11 16:19:08.928477,2.5124028,0.18013246,0.8041323,-5.36019,2.161394,7.7783
2837,2026-05-11 16:19:08.931222,2.5124028,0.18013246,0.8041323,-5.36019,2.161394,7.7783
2838,2026-05-11 16:19:08.933965,2.9609046,0.22300081,0.7685205,-6.4273715,2.1114557,7.242724
2839,2026-05-11 16:19:08.936933,2.9609046,0.22300081,0.7685205,-6.4273715,2.1114557,7.242724
2840,2026-05-11 16:19:08.939806,2.9609046,0.22300081,0.7685205,-6.4273715,2.1114557,7.242724
2841,2026-05-11 16:19:08.942469,2.9392567,0.19635291,0.8491959,-6.4273715,2.1114557,7.242724
2842,2026-05-11 16:19:08.945053,2.9392567,0.19635291,0.8491959,-6.4273715,2.1114557,7.242724
2843,2026-05-11 16:19:08.947934,2.9392567,0.19635291,0.8491959,-6.4273715,2.1114557,7.242724
2844,2026-05-11 16:19:08.950553,2.9392567,0.19635291,0.8491959,-6.4273715,2.1114557,7.242724
2845,2026-05-11 16:19:08.953690,2.9392567,0.19635291,0.8491959,-6.9855494,2.1587977,6.711882
2846,2026-05-11 16:19:08.956403,2.9392567,0.19635291,0.8491959,-6.9855494,2.1587977,6.711882
2847,2026-05-11 16:19:08.959056,2.9392567,0.19635291,0.8491959,-6.9855494,2.1587977,6.711882
2848,2026-05-11 16:19:08.962009,2.9392567,0.19635291,0.8491959,-7.4878335,2.1051943,5.775731
2849,2026-05-11 16:19:08.964632,2.9392567,0.19635291,0.8491959,-7.4878335,2.1051943,5.775731
2850,2026-05-11 16:19:08.967329,2.9392567,0.19635291,0.8491959,-7.4878335,2.1051943,5.775731
2851,2026-05-11 16:19:08.970352,2.9392567,0.19635291,0.8491959,-7.4878335,2.1051943,5.775731
2852,2026-05-11 16:19:08.973199,2.3439782,0.31471348,1.6782078,-7.4878335,2.1051943,5.775731
2853,2026-05-11 16:19:08.975828,2.3439782,0.31471348,1.6782078,-7.4878335,2.1051943,5.775731
2854,2026-05-11 16:19:08.978674,2.3439782,0.31471348,1.6782078,-7.4878335,2.1051943,5.775731
2855,2026-05-11 16:19:08.981400,2.3439782,0.31471348,1.6782078,-7.4878335,2.1051943,5.775731
2856,2026-05-11 16:19:08.984024,2.3439782,0.31471348,1.6782078,-7.4878335,2.1051943,5.775731
2857,2026-05-11 16:19:08.987173,2.3439782,0.31471348,1.6782078,-7.4878335,2.1051943,5.775731
2858,2026-05-11 16:19:08.989923,2.3439782,0.31471348,1.6782078,-7.4878335,2.1051943,5.775731
2859,2026-05-11 16:19:08.992603,2.3439782,0.31471348,1.6782078,-6.468452,1.750129,5.632025
2860,2026-05-11 16:19:08.995202,2.3439782,0.31471348,1.6782078,-6.468452,1.750129,5.632025
2861,2026-05-11 16:19:08.997867,2.3439782,0.31471348,1.6782078,-6.468452,1.750129,5.632025
2862,2026-05-11 16:19:09.000704,2.3439782,0.31471348,1.6782078,-6.468452,1.750129,5.632025
2863,2026-05-11 16:19:09.003804,1.9489552,0.4797231,2.3991034,-6.468452,1.750129,5.632025
2864,2026-05-11 16:19:09.006622,1.9489552,0.4797231,2.3991034,-4.8899765,1.3180945,5.690515
2865,2026-05-11 16:19:09.009410,1.9273685,0.72016394,2.5973468,-4.8899765,1.3180945,5.690515
2866,2026-05-11 16:19:09.012034,1.9273685,0.72016394,2.5973468,-4.8899765,1.3180945,5.690515
2867,2026-05-11 16:19:09.014849,1.9273685,0.72016394,2.5973468,-4.8899765,1.3180945,5.690515
2868,2026-05-11 16:19:09.017506,2.3131227,1.0290844,2.1902497,-4.8899765,1.3180945,5.690515
2869,2026-05-11 16:19:09.020561,2.3131227,1.0290844,2.1902497,-4.8899765,1.3180945,5.690515
2870,2026-05-11 16:19:09.023410,2.3131227,1.0290844,2.1902497,-4.8899765,1.3180945,5.690515
2871,2026-05-11 16:19:09.026038,2.3131227,1.0290844,2.1902497,-2.7278187,0.6215554,5.6008706
2872,2026-05-11 16:19:09.028845,2.3131227,1.0290844,2.1902497,-2.7278187,0.6215554,5.6008706
2873,2026-05-11 16:19:09.031568,2.3131227,1.0290844,2.1902497,-2.7278187,0.6215554,5.6008706
2874,2026-05-11 16:19:09.034424,2.3131227,1.0290844,2.1902497,-2.7278187,0.6215554,5.6008706
2875,2026-05-11 16:19:09.037648,2.3131227,1.0290844,2.1902497,-1.2733486,0.14248432,5.0057354
2876,2026-05-11 16:19:09.040343,2.3131227,1.0290844,2.1902497,-1.2733486,0.14248432,5.0057354
2877,2026-05-11 16:19:09.042975,2.3131227,1.0290844,2.1902497,-1.2733486,0.14248432,5.0057354
2878,2026-05-11 16:19:09.045738,2.9953578,1.2662934,1.270501,-1.2733486,0.14248432,5.0057354
2879,2026-05-11 16:19:09.048485,2.9953578,1.2662934,1.270501,-1.2733486,0.14248432,5.0057354
2880,2026-05-11 16:19:09.051095,2.9953578,1.2662934,1.270501,-1.2733486,0.14248432,5.0057354
2881,2026-05-11 16:19:09.054317,2.9953578,1.2662934,1.270501,-1.2733486,0.14248432,5.0057354
2882,2026-05-11 16:19:09.057109,2.9953578,1.2662934,1.270501,-1.2733486,0.14248432,5.0057354
2883,2026-05-11 16:19:09.059775,2.9953578,1.2662934,1.270501,-1.2733486,0.14248432,5.0057354
2884,2026-05-11 16:19:09.062424,2.9953578,1.2662934,1.270501,-1.2733486,0.14248432,5.0057354
2885,2026-05-11 16:19:09.065136,3.548012,1.4803913,0.45874628,-1.4378241,0.1479821,4.2745295
2886,2026-05-11 16:19:09.067851,3.7749765,1.6242411,-0.23812364,-1.4378241,0.1479821,4.2745295
2887,2026-05-11 16:19:09.070937,3.7749765,1.6242411,-0.23812364,-2.479044,0.37797287,3.488804
2888,2026-05-11 16:19:09.073740,3.7749765,1.6242411,-0.23812364,-2.479044,0.37797287,3.488804
2889,2026-05-11 16:19:09.076439,3.7749765,1.6242411,-0.23812364,-2.479044,0.37797287,3.488804
2890,2026-05-11 16:19:09.079053,3.4971552,1.7335157,0.011829958,-2.479044,0.37797287,3.488804
2891,2026-05-11 16:19:09.081783,3.4971552,1.7335157,0.011829958,-4.2482624,1.0025826,2.8441887
2892,2026-05-11 16:19:09.084395,3.4971552,1.7335157,0.011829958,-4.2482624,1.0025826,2.8441887
2893,2026-05-11 16:19:09.087477,3.4971552,1.7335157,0.011829958,-4.2482624,1.0025826,2.8441887
2894,2026-05-11 16:19:09.090372,3.4971552,1.7335157,0.011829958,-4.2482624,1.0025826,2.8441887
2895,2026-05-11 16:19:09.092994,3.4971552,1.7335157,0.011829958,-4.2482624,1.0025826,2.8441887
2896,2026-05-11 16:19:09.095808,3.0016997,1.8331558,0.9224928,-4.2482624,1.0025826,2.8441887
2897,2026-05-11 16:19:09.098442,3.0016997,1.8331558,0.9224928,-4.2482624,1.0025826,2.8441887
2898,2026-05-11 16:19:09.101084,3.0016997,1.8331558,0.9224928,-5.2746687,1.5946637,2.9364293
2899,2026-05-11 16:19:09.104358,3.0016997,1.8331558,0.9224928,-5.186246,1.6351335,3.4434474
2900,2026-05-11 16:19:09.107145,3.0016997,1.8331558,0.9224928,-5.186246,1.6351335,3.4434474
2901,2026-05-11 16:19:09.109890,3.0016997,1.8331558,0.9224928,-5.186246,1.6351335,3.4434474
2902,2026-05-11 16:19:09.112606,3.0016997,1.8331558,0.9224928,-5.186246,1.6351335,3.4434474
2903,2026-05-11 16:19:09.115231,2.9966383,1.9571873,1.6297292,-5.186246,1.6351335,3.4434474
2904,2026-05-11 16:19:09.118075,2.9966383,1.9571873,1.6297292,-5.186246,1.6351335,3.4434474
2905,2026-05-11 16:19:09.121279,2.9966383,1.9571873,1.6297292,-5.186246,1.6351335,3.4434474
2906,2026-05-11 16:19:09.124002,4.1104226,2.3995912,2.7083898,-5.186246,1.6351335,3.4434474
2907,2026-05-11 16:19:09.126771,4.1104226,2.3995912,2.7083898,-5.186246,1.6351335,3.4434474
2908,2026-05-11 16:19:09.129451,4.1104226,2.3995912,2.7083898,-2.825099,0.9633345,4.4186935
2909,2026-05-11 16:19:09.132058,4.1104226,2.3995912,2.7083898,-2.825099,0.9633345,4.4186935
2910,2026-05-11 16:19:09.134622,4.1104226,2.3995912,2.7083898,-2.825099,0.9633345,4.4186935
2911,2026-05-11 16:19:09.137947,4.852478,2.7948582,2.8998642,-1.3897184,0.8492554,4.363258
2912,2026-05-11 16:19:09.140901,4.852478,2.7948582,2.8998642,-1.3897184,0.8492554,4.363258
2913,2026-05-11 16:19:09.143571,4.852478,2.7948582,2.8998642,-1.3897184,0.8492554,4.363258
2914,2026-05-11 16:19:09.146249,4.852478,2.7948582,2.8998642,-1.3897184,0.8492554,4.363258
2915,2026-05-11 16:19:09.148946,4.852478,2.7948582,2.8998642,-1.3897184,0.8492554,4.363258
2916,2026-05-11 16:19:09.151942,4.852478,2.7948582,2.8998642,-1.3897184,0.8492554,4.363258
2917,2026-05-11 16:19:09.154928,5.6050224,3.845712,3.680276,-1.3897184,0.8492554,4.363258
2918,2026-05-11 16:19:09.157744,5.6050224,3.845712,3.680276,2.2492058,1.3646729,3.767206
2919,2026-05-11 16:19:09.160476,5.6050224,3.845712,3.680276,2.2492058,1.3646729,3.767206
2920,2026-05-11 16:19:09.163092,5.6050224,3.845712,3.680276,2.2492058,1.3646729,3.767206
2921,2026-05-11 16:19:09.165823,6.14109,4.325557,3.0317621,6.3432245,0.7912232,2.5584564
2922,2026-05-11 16:19:09.168461,6.14109,4.325557,3.0317621,6.3432245,0.7912232,2.5584564
2923,2026-05-11 16:19:09.171689,6.432875,4.0433455,2.0204837,8.259814,-0.15393804,1.5108224
2924,2026-05-11 16:19:09.174414,6.0023627,3.428005,0.49569967,8.259814,-0.15393804,1.5108224
2925,2026-05-11 16:19:09.177190,6.0023627,3.428005,0.49569967,10.013455,-1.6673567,-0.5656612
2926,2026-05-11 16:19:09.179952,6.0023627,3.428005,0.49569967,10.013455,-1.6673567,-0.5656612
2927,2026-05-11 16:19:09.182632,6.0023627,3.428005,0.49569967,9.739178,-2.210874,-1.9517145
2928,2026-05-11 16:19:09.185344,3.6745436,2.7669296,-1.1804347,8.662222,-2.3267858,-2.007914
2929,2026-05-11 16:19:09.188745,3.6745436,2.7669296,-1.1804347,8.662222,-2.3267858,-2.007914
2930,2026-05-11 16:19:09.191392,3.6745436,2.7669296,-1.1804347,8.662222,-2.3267858,-2.007914
2931,2026-05-11 16:19:09.193994,3.6745436,2.7669296,-1.1804347,8.662222,-2.3267858,-2.007914
2932,2026-05-11 16:19:09.196770,3.4885573,3.1159134,-2.7391233,6.0726113,-2.5176811,-2.143679
2933,2026-05-11 16:19:09.199596,3.4885573,3.1159134,-2.7391233,6.0726113,-2.5176811,-2.143679
2934,2026-05-11 16:19:09.202440,3.4885573,3.1159134,-2.7391233,6.0726113,-2.5176811,-2.143679
2935,2026-05-11 16:19:09.205819,3.4885573,3.1159134,-2.7391233,6.0726113,-2.5176811,-2.143679
2936,2026-05-11 16:19:09.208755,3.5313036,3.4856303,-3.8041854,6.0726113,-2.5176811,-2.143679
2937,2026-05-11 16:19:09.211560,3.901813,3.5088634,-2.1668336,-4.1641154,-0.90285885,-3.353192
2938,2026-05-11 16:19:09.214303,3.901813,3.5088634,-2.1668336,-4.1641154,-0.90285885,-3.353192
2939,2026-05-11 16:19:09.216946,3.901813,3.5088634,-2.1668336,-4.1641154,-0.90285885,-3.353192
2940,2026-05-11 16:19:09.219678,3.901813,3.5088634,-2.1668336,-4.1641154,-0.90285885,-3.353192
2941,2026-05-11 16:19:09.223189,3.901813,3.5088634,-2.1668336,-4.1641154,-0.90285885,-3.353192
2942,2026-05-11 16:19:09.226101,3.901813,3.5088634,-2.1668336,-4.1641154,-0.90285885,-3.353192
2943,2026-05-11 16:19:09.228906,3.901813,3.5088634,-2.1668336,-4.1641154,-0.90285885,-3.353192
2944,2026-05-11 16:19:09.231630,3.901813,3.5088634,-2.1668336,-4.1641154,-0.90285885,-3.353192
2945,2026-05-11 16:19:09.234313,3.901813,3.5088634,-2.1668336,-4.1641154,-0.90285885,-3.353192
2946,2026-05-11 16:19:09.237374,3.901813,3.5088634,-2.1668336,-4.1641154,-0.90285885,-3.353192
2947,2026-05-11 16:19:09.240337,3.901813,3.5088634,-2.1668336,-4.1641154,-0.90285885,-3.353192
2948,2026-05-11 16:19:09.243061,3.3638546,2.643569,0.91932195,-6.9640164,0.2780964,-5.4411297
2949,2026-05-11 16:19:09.245760,3.3638546,2.643569,0.91932195,-6.9640164,0.2780964,-5.4411297
2950,2026-05-11 16:19:09.248532,3.3638546,2.643569,0.91932195,-6.9640164,0.2780964,-5.4411297
2951,2026-05-11 16:19:09.251627,3.3638546,2.643569,0.91932195,-5.3777523,0.13041973,-6.4779205
2952,2026-05-11 16:19:09.254704,2.5814312,2.1897619,2.8156521,-5.3777523,0.13041973,-6.4779205
2953,2026-05-11 16:19:09.257535,2.5814312,2.1897619,2.8156521,-5.3777523,0.13041973,-6.4779205
2954,2026-05-11 16:19:09.260224,2.5814312,2.1897619,2.8156521,-5.3777523,0.13041973,-6.4779205
2955,2026-05-11 16:19:09.262916,2.408921,1.8425466,3.436237,-3.1410692,-0.129198,-6.82703
2956,2026-05-11 16:19:09.265636,2.408921,1.8425466,3.436237,-3.1410692,-0.129198,-6.82703
2957,2026-05-11 16:19:09.268318,2.408921,1.8425466,3.436237,0.1685988,-0.08536842,-7.223176
2958,2026-05-11 16:19:09.271388,2.408921,1.8425466,3.436237,0.1685988,-0.08536842,-7.223176
2959,2026-05-11 16:19:09.274129,2.408921,1.8425466,3.436237,0.1685988,-0.08536842,-7.223176
2960,2026-05-11 16:19:09.276877,2.3440392,0.40227956,2.9029133,3.6975672,0.13271047,-7.549531
2961,2026-05-11 16:19:09.279461,2.3440392,0.40227956,2.9029133,3.6975672,0.13271047,-7.549531
2962,2026-05-11 16:19:09.282192,2.3903832,-0.120494835,2.5969198,5.176625,0.020616703,-7.722406
2963,2026-05-11 16:19:09.284725,2.3903832,-0.120494835,2.5969198,5.176625,0.020616703,-7.722406
2964,2026-05-11 16:19:09.287994,2.3903832,-0.120494835,2.5969198,5.176625,0.020616703,-7.722406
2965,2026-05-11 16:19:09.290672,2.3903832,-0.120494835,2.5969198,5.176625,0.020616703,-7.722406
2966,2026-05-11 16:19:09.293357,2.341478,-0.51222503,2.3176963,6.127589,-0.2678644,-7.824878
2967,2026-05-11 16:19:09.296029,2.341478,-0.51222503,2.3176963,6.127589,-0.2678644,-7.824878
2968,2026-05-11 16:19:09.298591,2.341478,-0.51222503,2.3176963,6.127589,-0.2678644,-7.824878
2969,2026-05-11 16:19:09.301364,2.1798224,-0.74949497,2.0072513,6.127589,-0.2678644,-7.824878
2970,2026-05-11 16:19:09.304585,2.1798224,-0.74949497,2.0072513,7.0147185,-0.8049677,-7.9528546
2971,2026-05-11 16:19:09.307383,2.1798224,-0.74949497,2.0072513,7.0147185,-0.8049677,-7.9528546
2972,2026-05-11 16:19:09.310031,2.1798224,-0.74949497,2.0072513,7.0147185,-0.8049677,-7.9528546
2973,2026-05-11 16:19:09.312834,2.1798224,-0.74949497,2.0072513,7.0147185,-0.8049677,-7.9528546
2974,2026-05-11 16:19:09.315473,2.1798224,-0.74949497,2.0072513,7.0147185,-0.8049677,-7.9528546
2975,2026-05-11 16:19:09.318536,1.9823109,-0.8235847,1.3222113,7.1217723,-1.7938058,-7.767457
2976,2026-05-11 16:19:09.321648,1.9823109,-0.8235847,1.3222113,7.1217723,-1.7938058,-7.767457
2977,2026-05-11 16:19:09.324398,1.9823109,-0.8235847,1.3222113,7.1217723,-1.7938058,-7.767457
2978,2026-05-11 16:19:09.327126,1.9823109,-0.8235847,1.3222113,7.1217723,-1.7938058,-7.767457
2979,2026-05-11 16:19:09.329896,1.9823109,-0.8235847,1.3222113,7.1217723,-1.7938058,-7.767457
2980,2026-05-11 16:19:09.332694,1.9823109,-0.8235847,1.3222113,7.1217723,-1.7938058,-7.767457
2981,2026-05-11 16:19:09.335646,1.9823109,-0.8235847,1.3222113,7.1217723,-1.7938058,-7.767457
2982,2026-05-11 16:19:09.338707,2.087256,-0.7368113,1.2960513,7.1217723,-1.7938058,-7.767457
2983,2026-05-11 16:19:09.341357,2.087256,-0.7368113,1.2960513,7.1217723,-1.7938058,-7.767457
2984,2026-05-11 16:19:09.344178,2.087256,-0.7368113,1.2960513,7.1217723,-1.7938058,-7.767457
2985,2026-05-11 16:19:09.346898,2.087256,-0.7368113,1.2960513,6.6298733,-2.007914,-7.6477275
2986,2026-05-11 16:19:09.349673,2.087256,-0.7368113,1.2960513,6.6298733,-2.007914,-7.6477275
2987,2026-05-11 16:19:09.352671,2.087256,-0.7368113,1.2960513,6.6298733,-2.007914,-7.6477275
2988,2026-05-11 16:19:09.355614,2.087256,-0.7368113,1.2960513,6.6298733,-2.007914,-7.6477275
2989,2026-05-11 16:19:09.358254,2.087256,-0.7368113,1.2960513,6.6298733,-2.007914,-7.6477275
2990,2026-05-11 16:19:09.360999,2.087256,-0.7368113,1.2960513,6.0125937,-2.058616,-7.6309285
2991,2026-05-11 16:19:09.363672,2.1972625,-0.7245545,1.413863,6.0125937,-2.058616,-7.6309285
2992,2026-05-11 16:19:09.366367,2.1972625,-0.7245545,1.413863,6.0125937,-2.058616,-7.6309285
2993,2026-05-11 16:19:09.369353,2.1972625,-0.7245545,1.413863,6.0125937,-2.058616,-7.6309285
2994,2026-05-11 16:19:09.372231,2.1972625,-0.7245545,1.413863,6.0125937,-2.058616,-7.6309285
2995,2026-05-11 16:19:09.374874,2.1972625,-0.7245545,1.413863,6.0125937,-2.058616,-7.6309285
2996,2026-05-11 16:19:09.377663,2.1972625,-0.7245545,1.413863,6.0125937,-2.058616,-7.6309285
2997,2026-05-11 16:19:09.380401,2.1972625,-0.7245545,1.413863,6.0125937,-2.058616,-7.6309285
2998,2026-05-11 16:19:09.383001,2.1972625,-0.7245545,1.413863,6.0125937,-2.058616,-7.6309285
2999,2026-05-11 16:19:09.386332,2.1972625,-0.7245545,1.413863,5.610339,-1.9978348,-7.745619
3000,2026-05-11 16:19:09.389212,2.1972625,-0.7245545,1.413863,5.610339,-1.9978348,-7.745619
3001,2026-05-11 16:19:09.391989,2.1972625,-0.7245545,1.413863,5.610339,-1.9978348,-7.745619
3002,2026-05-11 16:19:09.394689,2.4952674,-0.7192493,1.674549,5.533981,-1.9773707,-7.8673334
3003,2026-05-11 16:19:09.397326,2.4952674,-0.7192493,1.674549,5.533981,-1.9773707,-7.8673334
3004,2026-05-11 16:19:09.400039,2.5537467,-0.7602883,1.7346133,5.533981,-1.9773707,-7.8673334
3005,2026-05-11 16:19:09.402989,2.3720896,-0.80065644,1.8024222,5.533981,-1.9773707,-7.8673334
3006,2026-05-11 16:19:09.406022,2.3720896,-0.80065644,1.8024222,5.533981,-1.9773707,-7.8673334
3007,2026-05-11 16:19:09.408764,2.3720896,-0.80065644,1.8024222,5.533981,-1.9773707,-7.8673334
3008,2026-05-11 16:19:09.411521,2.3720896,-0.80065644,1.8024222,5.402187,-2.172084,-8.268367
3009,2026-05-11 16:19:09.414387,2.3001952,-0.70333374,1.8379121,5.1415,-2.4040601,-8.238281
3010,2026-05-11 16:19:09.417103,2.3001952,-0.70333374,1.8379121,5.1415,-2.4040601,-8.238281
3011,2026-05-11 16:19:09.420256,2.3883102,-0.68504,1.9274296,4.7320676,-2.3904684,-8.177501
3012,2026-05-11 16:19:09.423186,2.3883102,-0.68504,1.9274296,4.29087,-2.0622811,-8.159938
3013,2026-05-11 16:19:09.425926,2.3883102,-0.68504,1.9274296,4.29087,-2.0622811,-8.159938
3014,2026-05-11 16:19:09.428806,2.3871515,-0.6651608,2.0034096,4.0646973,-1.858252,-8.137947
3015,2026-05-11 16:19:09.431471,2.3428807,-0.6073525,2.1416492,4.0646973,-1.858252,-8.137947
3016,2026-05-11 16:19:09.434366,2.3428807,-0.6073525,2.1416492,3.9051087,-1.8092301,-8.08694
3017,2026-05-11 16:19:09.437627,2.3428807,-0.6073525,2.1416492,3.9051087,-1.8092301,-8.08694
3018,2026-05-11 16:19:09.440269,2.3428807,-0.6073525,2.1416492,3.9051087,-1.8092301,-8.08694
3019,2026-05-11 16:19:09.443049,2.3428807,-0.6073525,2.1416492,3.9051087,-1.8092301,-8.08694
3020,2026-05-11 16:19:09.445736,2.3428807,-0.6073525,2.1416492,3.9051087,-1.8092301,-8.08694
3021,2026-05-11 16:19:09.448465,2.2283618,-0.57131386,2.0818899,4.118301,-1.9007072,-8.056549
3022,2026-05-11 16:19:09.451080,2.2283618,-0.57131386,2.0818899,4.118301,-1.9007072,-8.056549
3023,2026-05-11 16:19:09.454472,2.2283618,-0.57131386,2.0818899,4.118301,-1.9007072,-8.056549
3024,2026-05-11 16:19:09.457379,2.1880546,-0.5499711,1.9868842,4.235129,-1.87444,-8.029671
3025,2026-05-11 16:19:09.460117,2.1880546,-0.5499711,1.9868842,4.363563,-1.6846136,-7.986605
3026,2026-05-11 16:19:09.462914,2.2109215,-0.6093648,1.806142,4.363563,-1.6846136,-7.986605
3027,2026-05-11 16:19:09.465610,2.2109215,-0.6093648,1.806142,4.363563,-1.6846136,-7.986605
3028,2026-05-11 16:19:09.468440,2.2109215,-0.6093648,1.806142,4.363563,-1.6846136,-7.986605
3029,2026-05-11 16:19:09.471580,2.2109215,-0.6093648,1.806142,4.473977,-1.5102116,-8.025394
3030,2026-05-11 16:19:09.474273,2.2109215,-0.6093648,1.806142,4.473977,-1.5102116,-8.025394
3031,2026-05-11 16:19:09.477191,2.19214,-0.67686874,1.7041848,4.473977,-1.5102116,-8.025394
3032,2026-05-11 16:19:09.479831,2.19214,-0.67686874,1.7041848,4.473977,-1.5102116,-8.025394
3033,2026-05-11 16:19:09.482570,2.19214,-0.67686874,1.7041848,4.473977,-1.5102116,-8.025394
3034,2026-05-11 16:19:09.485781,1.9863353,-0.85687923,1.4513042,4.745965,-1.3701707,-8.106335
3035,2026-05-11 16:19:09.488774,1.8762681,-0.9353595,1.4076431,4.745965,-1.3701707,-8.106335
3036,2026-05-11 16:19:09.491432,1.8762681,-0.9353595,1.4076431,4.8582115,-1.3571899,-8.096713
3037,2026-05-11 16:19:09.494336,1.3608111,-1.577836,0.97786194,4.8582115,-1.3571899,-8.096713
3038,2026-05-11 16:19:09.497031,1.3608111,-1.577836,0.97786194,5.3050594,-1.4367551,-7.8468695
3039,2026-05-11 16:19:09.499806,1.3608111,-1.577836,0.97786194,5.3050594,-1.4367551,-7.8468695
3040,2026-05-11 16:19:09.502972,0.95639724,-2.1007323,0.6243047,5.7490053,-2.0169244,-7.6520033
3041,2026-05-11 16:19:09.505910,-0.23586741,-3.1841493,-0.12384869,5.84598,-2.5292876,-7.4618716
3042,2026-05-11 16:19:09.508756,-0.23586741,-3.1841493,-0.12384869,5.84598,-2.5292876,-7.4618716
3043,2026-05-11 16:19:09.511497,-0.23586741,-3.1841493,-0.12384869,5.84598,-2.5292876,-7.4618716
3044,2026-05-11 16:19:09.514124,-0.23586741,-3.1841493,-0.12384869,5.84598,-2.5292876,-7.4618716
3045,2026-05-11 16:19:09.516875,-0.23586741,-3.1841493,-0.12384869,5.84598,-2.5292876,-7.4618716
3046,2026-05-11 16:19:09.519909,-0.23586741,-3.1841493,-0.12384869,5.540242,-2.8756483,-7.1813316
3047,2026-05-11 16:19:09.522890,-1.5957638,-4.138473,-0.16641214,2.5445592,-1.0506883,-3.9585595
3048,2026-05-11 16:19:09.525660,-1.5957638,-4.138473,-0.16641214,2.5445592,-1.0506883,-3.9585595
3049,2026-05-11 16:19:09.528439,-2.2994635,-4.451113,-0.07366284,2.5445592,-1.0506883,-3.9585595
3050,2026-05-11 16:19:09.531146,-2.2994635,-4.451113,-0.07366284,2.5445592,-1.0506883,-3.9585595
3051,2026-05-11 16:19:09.533780,-2.2994635,-4.451113,-0.07366284,2.5445592,-1.0506883,-3.9585595
3052,2026-05-11 16:19:09.537151,-2.2994635,-4.451113,-0.07366284,2.5445592,-1.0506883,-3.9585595
3053,2026-05-11 16:19:09.539991,-2.2994635,-4.451113,-0.07366284,2.5445592,-1.0506883,-3.9585595
3054,2026-05-11 16:19:09.542712,-2.3134277,-4.469529,-0.14775252,0.9230174,0.31749722,0.0627664
3055,2026-05-11 16:19:09.545295,-2.3134277,-4.469529,-0.14775252,0.9230174,0.31749722,0.0627664
3056,2026-05-11 16:19:09.548139,-2.3134277,-4.469529,-0.14775252,0.9230174,0.31749722,0.0627664
3057,2026-05-11 16:19:09.550855,-1.6286317,-4.2772007,-0.26379588,0.9230174,0.31749722,0.0627664
3058,2026-05-11 16:19:09.554183,-1.6286317,-4.2772007,-0.26379588,0.9230174,0.31749722,0.0627664
3059,2026-05-11 16:19:09.557000,-1.6286317,-4.2772007,-0.26379588,0.9230174,0.31749722,0.0627664
3060,2026-05-11 16:19:09.559720,-1.6286317,-4.2772007,-0.26379588,-0.39064834,1.7369953,1.9920316
3061,2026-05-11 16:19:09.562626,-0.822609,-3.8915074,-0.30337137,-1.5367843,2.972623,2.9811752
3062,2026-05-11 16:19:09.565340,-0.822609,-3.8915074,-0.30337137,-1.5367843,2.972623,2.9811752
3063,2026-05-11 16:19:09.568194,-0.822609,-3.8915074,-0.30337137,-1.5367843,2.972623,2.9811752
3064,2026-05-11 16:19:09.571364,0.22604977,-3.316047,-0.22800112,-1.5367843,2.972623,2.9811752
3065,2026-05-11 16:19:09.574227,0.22604977,-3.316047,-0.22800112,-2.882673,3.9229765,3.6039522
3066,2026-05-11 16:19:09.576993,0.22604977,-3.316047,-0.22800112,-2.882673,3.9229765,3.6039522
3067,2026-05-11 16:19:09.579624,0.22604977,-3.316047,-0.22800112,-2.882673,3.9229765,3.6039522
3068,2026-05-11 16:19:09.582411,0.22604977,-3.316047,-0.22800112,-3.280041,3.976122,3.4063373
3069,2026-05-11 16:19:09.585201,0.48277208,-3.0826187,-0.0807974,-3.280041,3.976122,3.4063373
3070,2026-05-11 16:19:09.588630,0.48277208,-3.0826187,-0.0807974,-3.280041,3.976122,3.4063373
3071,2026-05-11 16:19:09.591425,0.48277208,-3.0826187,-0.0807974,-3.4701726,3.7505598,2.9184086
3072,2026-05-11 16:19:09.594139,0.48277208,-3.0826187,-0.0807974,-3.4701726,3.7505598,2.9184086
3073,2026-05-11 16:19:09.597028,-0.2978832,-1.8209598,0.86450166,-2.3813055,2.3860397,4.4487786
3074,2026-05-11 16:19:09.599740,-0.2978832,-1.8209598,0.86450166,-2.3813055,2.3860397,4.4487786
3075,2026-05-11 16:19:09.603028,-0.29690757,-1.6677803,0.834195,-2.264172,2.2319489,5.6769233
3076,2026-05-11 16:19:09.605897,-0.09354204,-1.3331876,0.59247357,-2.264172,2.2319489,5.6769233
3077,2026-05-11 16:19:09.608581,-0.09354204,-1.3331876,0.59247357,-2.264172,2.2319489,5.6769233
3078,2026-05-11 16:19:09.611345,-0.09354204,-1.3331876,0.59247357,-2.6925414,2.4013114,6.2179976
3079,2026-05-11 16:19:09.613977,0.13689823,-1.0784776,0.48893097,-2.6925414,2.4013114,6.2179976
3080,2026-05-11 16:19:09.616788,0.13689823,-1.0784776,0.48893097,-2.6925414,2.4013114,6.2179976
3081,2026-05-11 16:19:09.619727,0.7852897,-0.6098527,0.44215995,-2.6925414,2.4013114,6.2179976
3082,2026-05-11 16:19:09.622620,0.7852897,-0.6098527,0.44215995,-2.6925414,2.4013114,6.2179976
3083,2026-05-11 16:19:09.625377,0.7852897,-0.6098527,0.44215995,-4.099517,2.8008173,7.045567
3084,2026-05-11 16:19:09.628191,1.4362423,-0.21050009,0.54661727,-5.8557544,3.1025846,7.254941
3085,2026-05-11 16:19:09.630972,1.4362423,-0.21050009,0.54661727,-5.8557544,3.1025846,7.254941
3086,2026-05-11 16:19:09.633737,1.8349851,0.049210187,1.5342969,-6.928739,3.026379,7.1404037
3087,2026-05-11 16:19:09.636839,1.8349851,0.049210187,1.5342969,-6.928739,3.026379,7.1404037
3088,2026-05-11 16:19:09.639720,1.8349851,0.049210187,1.5342969,-6.928739,3.026379,7.1404037
3089,2026-05-11 16:19:09.642497,1.8349851,0.049210187,1.5342969,-7.694764,2.604424,6.9302664
3090,2026-05-11 16:19:09.645148,1.8349851,0.049210187,1.5342969,-7.694764,2.604424,6.9302664
3091,2026-05-11 16:19:09.647901,1.8349851,0.049210187,1.5342969,-7.694764,2.604424,6.9302664
3092,2026-05-11 16:19:09.650554,1.8330337,0.09829842,1.943406,-7.694764,2.604424,6.9302664
3093,2026-05-11 16:19:09.653703,1.8330337,0.09829842,1.943406,-7.694764,2.604424,6.9302664
3094,2026-05-11 16:19:09.656450,1.8330337,0.09829842,1.943406,-7.694764,2.604424,6.9302664
3095,2026-05-11 16:19:09.659034,1.8330337,0.09829842,1.943406,-7.694764,2.604424,6.9302664
3096,2026-05-11 16:19:09.661877,1.8330337,0.09829842,1.943406,-7.7784524,2.2284365,6.803359
3097,2026-05-11 16:19:09.664733,1.7654078,0.15622863,2.7091215,-5.58621,1.353372,6.578866
3098,2026-05-11 16:19:09.667472,1.7654078,0.15622863,2.7091215,-5.58621,1.353372,6.578866
3099,2026-05-11 16:19:09.670471,1.7654078,0.15622863,2.7091215,-5.58621,1.353372,6.578866
3100,2026-05-11 16:19:09.673355,1.7297351,0.2315379,3.1307924,-5.58621,1.353372,6.578866
3101,2026-05-11 16:19:09.675980,1.7297351,0.2315379,3.1307924,-5.58621,1.353372,6.578866
3102,2026-05-11 16:19:09.678769,1.7297351,0.2315379,3.1307924,-5.58621,1.353372,6.578866
3103,2026-05-11 16:19:09.681415,1.7297351,0.2315379,3.1307924,-5.58621,1.353372,6.578866
3104,2026-05-11 16:19:09.684024,1.7297351,0.2315379,3.1307924,-5.58621,1.353372,6.578866
3105,2026-05-11 16:19:09.687345,1.7297351,0.2315379,3.1307924,-5.58621,1.353372,6.578866
3106,2026-05-11 16:19:09.690132,1.7297351,0.2315379,3.1307924,-4.277431,1.3406965,6.518696
3107,2026-05-11 16:19:09.692863,1.7297351,0.2315379,3.1307924,-4.277431,1.3406965,6.518696
3108,2026-05-11 16:19:09.695703,1.6805859,0.2681254,3.0727403,-4.277431,1.3406965,6.518696
3109,2026-05-11 16:19:09.698360,1.6805859,0.2681254,3.0727403,-4.277431,1.3406965,6.518696
3110,2026-05-11 16:19:09.700935,1.6805859,0.2681254,3.0727403,-4.277431,1.3406965,6.518696
3111,2026-05-11 16:19:09.704279,1.6805859,0.2681254,3.0727403,-4.277431,1.3406965,6.518696
3112,2026-05-11 16:19:09.707009,1.6805859,0.2681254,3.0727403,-4.277431,1.3406965,6.518696
3113,2026-05-11 16:19:09.709799,1.6805859,0.2681254,3.0727403,-4.277431,1.3406965,6.518696
3114,2026-05-11 16:19:09.712530,1.6113745,0.34825203,2.578992,-4.277431,1.3406965,6.518696
3115,2026-05-11 16:19:09.715232,1.566067,0.3811198,2.1232336,-2.2169826,1.381319,6.4194303
3116,2026-05-11 16:19:09.717973,1.566067,0.3811198,2.1232336,-2.1595614,1.7724255,6.4489045
3117,2026-05-11 16:19:09.721107,1.566067,0.3811198,2.1232336,-2.1595614,1.7724255,6.4489045
3118,2026-05-11 16:19:09.723960,1.566067,0.3811198,2.1232336,-2.1595614,1.7724255,6.4489045
3119,2026-05-11 16:19:09.726746,1.566067,0.3811198,2.1232336,-2.1595614,1.7724255,6.4489045
3120,2026-05-11 16:19:09.729395,1.566067,0.3811198,2.1232336,-2.1595614,1.7724255,6.4489045
3121,2026-05-11 16:19:09.731994,1.566067,0.3811198,2.1232336,-2.1595614,1.7724255,6.4489045
3122,2026-05-11 16:19:09.734983,1.4386206,0.38703477,1.0764652,-2.1595614,1.7724255,6.4489045
3123,2026-05-11 16:19:09.737831,1.4386206,0.38703477,1.0764652,-2.8223503,2.0642664,6.5165577
3124,2026-05-11 16:19:09.740628,1.4386206,0.38703477,1.0764652,-2.8223503,2.0642664,6.5165577
3125,2026-05-11 16:19:09.743298,1.4386206,0.38703477,1.0764652,-2.8223503,2.0642664,6.5165577
3126,2026-05-11 16:19:09.745965,1.4386206,0.38703477,1.0764652,-2.8223503,2.0642664,6.5165577
3127,2026-05-11 16:19:09.748753,1.5664328,0.4318545,0.6739418,-2.8223503,2.0642664,6.5165577
3128,2026-05-11 16:19:09.751822,1.5664328,0.4318545,0.6739418,-2.8223503,2.0642664,6.5165577
3129,2026-05-11 16:19:09.754818,1.5664328,0.4318545,0.6739418,-2.8223503,2.0642664,6.5165577
3130,2026-05-11 16:19:09.757440,1.5664328,0.4318545,0.6739418,-2.8223503,2.0642664,6.5165577
3131,2026-05-11 16:19:09.760122,1.5664328,0.4318545,0.6739418,-3.9645154,2.3475552,6.2995477
3132,2026-05-11 16:19:09.762841,1.5664328,0.4318545,0.6739418,-3.9645154,2.3475552,6.2995477
3133,2026-05-11 16:19:09.765595,1.5664328,0.4318545,0.6739418,-3.9645154,2.3475552,6.2995477
3134,2026-05-11 16:19:09.768345,1.5664328,0.4318545,0.6739418,-3.9645154,2.3475552,6.2995477
3135,2026-05-11 16:19:09.771485,1.5664328,0.4318545,0.6739418,-3.9645154,2.3475552,6.2995477
3136,2026-05-11 16:19:09.774204,1.5664328,0.4318545,0.6739418,-3.9645154,2.3475552,6.2995477
3137,2026-05-11 16:19:09.776976,1.5664328,0.4318545,0.6739418,-3.9645154,2.3475552,6.2995477
3138,2026-05-11 16:19:09.779721,1.5664328,0.4318545,0.6739418,-3.9645154,2.3475552,6.2995477
3139,2026-05-11 16:19:09.782390,1.6869887,0.39977944,0.4547826,-3.9645154,2.3475552,6.2995477
3140,2026-05-11 16:19:09.785014,1.6869887,0.39977944,0.4547826,-4.8776064,2.517223,6.0344324
3141,2026-05-11 16:19:09.788337,1.6869887,0.39977944,0.4547826,-4.8776064,2.517223,6.0344324
3142,2026-05-11 16:19:09.791012,1.6869887,0.39977944,0.4547826,-4.8776064,2.517223,6.0344324
3143,2026-05-11 16:19:09.793905,1.6869887,0.39977944,0.4547826,-4.8776064,2.517223,6.0344324
3144,2026-05-11 16:19:09.796631,1.563079,0.295627,0.4495994,-4.8776064,2.517223,6.0344324
3145,2026-05-11 16:19:09.799537,1.3361145,0.14885014,0.5008829,-4.8776064,2.517223,6.0344324
3146,2026-05-11 16:19:09.802817,1.3361145,0.14885014,0.5008829,-6.679659,2.54517,5.861405
3147,2026-05-11 16:19:09.805718,1.0267673,-0.16433886,0.57771665,-6.679659,2.54517,5.861405
3148,2026-05-11 16:19:09.808405,1.0267673,-0.16433886,0.57771665,-6.679659,2.54517,5.861405
3149,2026-05-11 16:19:09.811067,1.0267673,-0.16433886,0.57771665,-6.679659,2.54517,5.861405
3150,2026-05-11 16:19:09.813693,1.0267673,-0.16433886,0.57771665,-6.679659,2.54517,5.861405
3151,2026-05-11 16:19:09.816437,0.84956175,-0.38703477,0.65576994,-7.1208563,2.3721426,5.9961004
3152,2026-05-11 16:19:09.819464,0.84956175,-0.38703477,0.65576994,-7.1208563,2.3721426,5.9961004
3153,2026-05-11 16:19:09.822301,0.84956175,-0.38703477,0.65576994,-7.1208563,2.3721426,5.9961004
3154,2026-05-11 16:19:09.824967,0.85224485,-0.46435636,0.77974063,-7.1208563,2.3721426,5.9961004
3155,2026-05-11 16:19:09.827607,0.85224485,-0.46435636,0.77974063,-7.1208563,2.3721426,5.9961004
3156,2026-05-11 16:19:09.830377,0.85224485,-0.46435636,0.77974063,-7.117649,1.7825048,6.29573
3157,2026-05-11 16:19:09.833030,1.1865937,-0.439111,0.9461528,-7.117649,1.7825048,6.29573
3158,2026-05-11 16:19:09.836116,1.1865937,-0.439111,0.9461528,-7.117649,1.7825048,6.29573
3159,2026-05-11 16:19:09.839037,1.1865937,-0.439111,0.9461528,-7.117649,1.7825048,6.29573
3160,2026-05-11 16:19:09.841726,1.1865937,-0.439111,0.9461528,-7.117649,1.7825048,6.29573
3161,2026-05-11 16:19:09.844478,1.1865937,-0.439111,0.9461528,-7.117649,1.7825048,6.29573
3162,2026-05-11 16:19:09.847254,1.5944833,-0.16226557,1.1247607,-6.2248697,0.91415983,5.9029436
3163,2026-05-11 16:19:09.850205,1.5944833,-0.16226557,1.1247607,-6.2248697,0.91415983,5.9029436
3164,2026-05-11 16:19:09.853430,1.5734456,0.3255068,0.17513217,-3.9515345,-0.75411314,5.2748213
3165,2026-05-11 16:19:09.856257,1.5734456,0.3255068,0.17513217,-4.2239804,-1.4500414,5.9402065
3166,2026-05-11 16:19:09.859076,1.5734456,0.3255068,0.17513217,-4.2239804,-1.4500414,5.9402065
3167,2026-05-11 16:19:09.861932,1.5734456,0.3255068,0.17513217,-4.897612,-0.9931142,6.302755
3168,2026-05-11 16:19:09.864655,1.5734456,0.3255068,0.17513217,-4.897612,-0.9931142,6.302755
3169,2026-05-11 16:19:09.867373,2.1536622,0.38538834,0.3714241,-4.897612,-0.9931142,6.302755
3170,2026-05-11 16:19:09.870494,2.1536622,0.38538834,0.3714241,-4.897612,-0.9931142,6.302755
3171,2026-05-11 16:19:09.873177,2.1536622,0.38538834,0.3714241,-4.897612,-0.9931142,6.302755
3172,2026-05-11 16:19:09.875998,2.1536622,0.38538834,0.3714241,-5.573382,0.034055736,6.230062
3173,2026-05-11 16:19:09.878658,2.1536622,0.38538834,0.3714241,-5.573382,0.034055736,6.230062
3174,2026-05-11 16:19:09.881321,3.0895095,0.6651608,0.7765697,-5.573382,0.034055736,6.230062
3175,2026-05-11 16:19:09.883953,3.0895095,0.6651608,0.7765697,-5.573382,0.034055736,6.230062
3176,2026-05-11 16:19:09.887421,3.0895095,0.6651608,0.7765697,-5.573382,0.034055736,6.230062
3177,2026-05-11 16:19:09.890287,3.0895095,0.6651608,0.7765697,-5.573382,0.034055736,6.230062
3178,2026-05-11 16:19:09.893083,3.0895095,0.6651608,0.7765697,-5.573382,0.034055736,6.230062
3179,2026-05-11 16:19:09.895878,4.082799,1.4966726,0.8830393,-5.4125714,-0.35918877,5.0008483
3180,2026-05-11 16:19:09.898535,4.1229234,1.7374184,0.5742408,-5.4125714,-0.35918877,5.0008483
3181,2026-05-11 16:19:09.901689,4.1229234,1.7374184,0.5742408,-5.4125714,-0.35918877,5.0008483
3182,2026-05-11 16:19:09.904689,4.1229234,1.7374184,0.5742408,-5.8377337,-1.0004445,4.5570545
3183,2026-05-11 16:19:09.907446,4.1229234,1.7374184,0.5742408,-5.8377337,-1.0004445,4.5570545
3184,2026-05-11 16:19:09.910096,4.1229234,1.7374184,0.5742408,-5.8377337,-1.0004445,4.5570545
3185,2026-05-11 16:19:09.912771,4.1229234,1.7374184,0.5742408,-5.8377337,-1.0004445,4.5570545
3186,2026-05-11 16:19:09.915534,4.3123856,1.7338817,0.93523747,-5.8377337,-1.0004445,4.5570545
3187,2026-05-11 16:19:09.918262,4.3123856,1.7338817,0.93523747,-5.8377337,-1.0004445,4.5570545
3188,2026-05-11 16:19:09.921499,4.3123856,1.7338817,0.93523747,-5.8377337,-1.0004445,4.5570545
3189,2026-05-11 16:19:09.924467,4.3123856,1.7338817,0.93523747,-5.8377337,-1.0004445,4.5570545
3190,2026-05-11 16:19:09.927181,4.432149,1.7020506,1.2861725,-6.837109,-0.7144069,4.338365
3191,2026-05-11 16:19:09.929937,4.432149,1.7020506,1.2861725,-7.1174965,-0.19914207,4.108374
3192,2026-05-11 16:19:09.932613,4.432149,1.7020506,1.2861725,-7.1174965,-0.19914207,4.108374
3193,2026-05-11 16:19:09.935399,4.432149,1.7020506,1.2861725,-7.1174965,-0.19914207,4.108374
3194,2026-05-11 16:19:09.959662,-0.60747445,-1.5002095,0.25019753,-1.9173533,3.4147367,3.6690094
3195,2026-05-11 16:19:09.962796,-0.60747445,-1.5002095,0.25019753,-1.9173533,3.4147367,3.6690094
3196,2026-05-11 16:19:09.966259,-0.60747445,-1.5002095,0.25019753,-1.9173533,3.4147367,3.6690094
3197,2026-05-11 16:19:09.969674,-0.60747445,-1.5002095,0.25019753,-3.8623483,4.501924,5.2079315
3198,2026-05-11 16:19:09.977287,-0.60747445,-1.5002095,0.25019753,-3.8623483,4.501924,5.2079315
3199,2026-05-11 16:19:09.980108,-0.60747445,-1.5002095,0.25019753,-3.8623483,4.501924,5.2079315
3200,2026-05-11 16:19:09.982889,-0.60747445,-1.5002095,0.25019753,-3.8623483,4.501924,5.2079315
3201,2026-05-11 16:19:09.985847,-0.60747445,-1.5002095,0.25019753,-3.8623483,4.501924,5.2079315
3202,2026-05-11 16:19:09.988822,-0.60747445,-1.5002095,0.25019753,-3.8623483,4.501924,5.2079315
3203,2026-05-11 16:19:09.991578,-0.5204572,-1.4088017,0.3661799,-3.8623483,4.501924,5.2079315
3204,2026-05-11 16:19:09.994348,-0.5204572,-1.4088017,0.3661799,-3.8623483,4.501924,5.2079315
3205,2026-05-11 16:19:09.997125,-0.5204572,-1.4088017,0.3661799,-3.8623483,4.501924,5.2079315
3206,2026-05-11 16:19:09.999887,-0.5204572,-1.4088017,0.3661799,-3.8623483,4.501924,5.2079315
3207,2026-05-11 16:19:10.002988,-0.5204572,-1.4088017,0.3661799,-3.8623483,4.501924,5.2079315
3208,2026-05-11 16:19:10.005829,-0.5204572,-1.4088017,0.3661799,-3.8623483,4.501924,5.2079315
3209,2026-05-11 16:19:10.008646,-0.5204572,-1.4088017,0.3661799,-4.7655125,4.7132835,6.2696157
3210,2026-05-11 16:19:10.011375,-0.5204572,-1.4088017,0.3661799,-4.7655125,4.7132835,6.2696157
3211,2026-05-11 16:19:10.014053,-0.23470882,-1.3113569,0.4279518,-4.7655125,4.7132835,6.2696157
3212,2026-05-11 16:19:10.016818,-0.23470882,-1.3113569,0.4279518,-5.618128,4.6491427,7.424762
3213,2026-05-11 16:19:10.020029,-0.23470882,-1.3113569,0.4279518,-5.618128,4.6491427,7.424762
3214,2026-05-11 16:19:10.022843,0.27855286,-1.2190346,0.4399647,-6.3278003,4.540256,8.204378
3215,2026-05-11 16:19:10.025536,0.27855286,-1.2190346,0.4399647,-6.3278003,4.540256,8.204378
3216,2026-05-11 16:19:10.028249,0.8451712,-1.0580496,0.5813754,-6.3278003,4.540256,8.204378
3217,2026-05-11 16:19:10.031124,0.8451712,-1.0580496,0.5813754,-6.3278003,4.540256,8.204378
3218,2026-05-11 16:19:10.033890,0.8451712,-1.0580496,0.5813754,-7.2062244,4.179387,8.990409
3219,2026-05-11 16:19:10.037166,0.8451712,-1.0580496,0.5813754,-7.2062244,4.179387,8.990409
3220,2026-05-11 16:19:10.040043,1.3242846,-0.8835272,0.79309505,-7.2062244,4.179387,8.990409
3221,2026-05-11 16:19:10.042776,1.3242846,-0.8835272,0.79309505,-7.2062244,4.179387,8.990409
3222,2026-05-11 16:19:10.045497,1.3242846,-0.8835272,0.79309505,-7.2062244,4.179387,8.990409
3223,2026-05-11 16:19:10.048266,1.3242846,-0.8835272,0.79309505,-7.2062244,4.179387,8.990409
3224,2026-05-11 16:19:10.050993,1.3242846,-0.8835272,0.79309505,-7.2062244,4.179387,8.990409
3225,2026-05-11 16:19:10.054357,1.3242846,-0.8835272,0.79309505,-7.2062244,4.179387,8.990409
3226,2026-05-11 16:19:10.056993,1.3242846,-0.8835272,0.79309505,-7.610617,3.7691913,9.36823
3227,2026-05-11 16:19:10.059767,2.2586684,-0.55576414,1.3911787,-7.793419,2.728735,9.5330105
3228,2026-05-11 16:19:10.062402,2.2586684,-0.55576414,1.3911787,-7.793419,2.728735,9.5330105
3229,2026-05-11 16:19:10.065161,2.2586684,-0.55576414,1.3911787,-7.793419,2.728735,9.5330105
3230,2026-05-11 16:19:10.067744,2.2586684,-0.55576414,1.3911787,-7.793419,2.728735,9.5330105
3231,2026-05-11 16:19:10.070985,2.5367944,-0.39362052,1.8080323,-7.199047,1.9387336,9.156412
3232,2026-05-11 16:19:10.073842,2.5367944,-0.39362052,1.8080323,-7.199047,1.9387336,9.156412
3233,2026-05-11 16:19:10.076533,2.5367944,-0.39362052,1.8080323,-7.199047,1.9387336,9.156412
3234,2026-05-11 16:19:10.079200,2.5367944,-0.39362052,1.8080323,-7.199047,1.9387336,9.156412
3235,2026-05-11 16:19:10.081843,2.5367944,-0.39362052,1.8080323,-7.199047,1.9387336,9.156412
3236,2026-05-11 16:19:10.084544,2.7999194,0.05067369,1.864804,-5.3633966,1.6893479,8.379392
3237,2026-05-11 16:19:10.087675,2.7999194,0.05067369,1.864804,-5.3633966,1.6893479,8.379392
3238,2026-05-11 16:19:10.090624,2.7999194,0.05067369,1.864804,-4.8800497,1.7249308,7.9268928
3239,2026-05-11 16:19:10.093323,2.6553988,0.2754429,1.4125215,-4.8800497,1.7249308,7.9268928
3240,2026-05-11 16:19:10.095990,2.6553988,0.2754429,1.4125215,-4.8800497,1.7249308,7.9268928
3241,2026-05-11 16:19:10.098770,2.6553988,0.2754429,1.4125215,-4.8800497,1.7249308,7.9268928
3242,2026-05-11 16:19:10.101532,2.6553988,0.2754429,1.4125215,-4.9138002,1.612837,7.7353864
3243,2026-05-11 16:19:10.104706,2.6553988,0.2754429,1.4125215,-4.9138002,1.612837,7.7353864
3244,2026-05-11 16:19:10.107506,2.6553988,0.2754429,1.4125215,-4.9138002,1.612837,7.7353864
3245,2026-05-11 16:19:10.110218,2.6553988,0.2754429,1.4125215,-4.9138002,1.612837,7.7353864
3246,2026-05-11 16:19:10.113070,2.5969198,0.45033115,1.1328709,-4.9138002,1.612837,7.7353864
3247,2026-05-11 16:19:10.115890,2.5969198,0.45033115,1.1328709,-4.9138002,1.612837,7.7353864
3248,2026-05-11 16:19:10.119066,2.5969198,0.45033115,1.1328709,-4.9138002,1.612837,7.7353864
3249,2026-05-11 16:19:10.122067,2.5969198,0.45033115,1.1328709,-4.9138002,1.612837,7.7353864
3250,2026-05-11 16:19:10.124885,2.5969198,0.45033115,1.1328709,-4.9138002,1.612837,7.7353864
3251,2026-05-11 16:19:10.127755,2.5249643,0.46155134,1.0191449,-4.9138002,1.612837,7.7353864
3252,2026-05-11 16:19:10.130679,2.5249643,0.46155134,1.0191449,-5.429218,1.3692545,7.4690495
3253,2026-05-11 16:19:10.133455,2.5249643,0.46155134,1.0191449,-5.429218,1.3692545,7.4690495
3254,2026-05-11 16:19:10.136660,2.5249643,0.46155134,1.0191449,-5.429218,1.3692545,7.4690495
3255,2026-05-11 16:19:10.139751,2.4136164,0.41276798,1.2683667,-5.6779923,1.2589933,7.3132787
3256,2026-05-11 16:19:10.142589,2.3058054,0.34562993,1.4916724,-5.6779923,1.2589933,7.3132787
3257,2026-05-11 16:19:10.145230,2.3058054,0.34562993,1.4916724,-5.6779923,1.2589933,7.3132787
3258,2026-05-11 16:19:10.147888,2.3058054,0.34562993,1.4916724,-5.6779923,1.2589933,7.3132787
3259,2026-05-11 16:19:10.150759,2.3058054,0.34562993,1.4916724,-5.6779923,1.2589933,7.3132787
3260,2026-05-11 16:19:10.153869,2.3058054,0.34562993,1.4916724,-5.605605,1.0936015,7.1539955
3261,2026-05-11 16:19:10.156761,2.3058054,0.34562993,1.4916724,-5.605605,1.0936015,7.1539955
3262,2026-05-11 16:19:10.159600,2.3058054,0.34562993,1.4916724,-5.605605,1.0936015,7.1539955
3263,2026-05-11 16:19:10.162471,2.3803828,0.3125792,1.5420412,-5.4089065,1.0140363,7.055188
3264,2026-05-11 16:19:10.165173,2.3803828,0.3125792,1.5420412,-4.8098,0.9726502,6.3487225
3265,2026-05-11 16:19:10.167999,2.3803828,0.3125792,1.5420412,-4.8098,0.9726502,6.3487225
3266,2026-05-11 16:19:10.171119,2.6910717,0.3954499,1.3803854,-4.8098,0.9726502,6.3487225
3267,2026-05-11 16:19:10.173879,2.6910717,0.3954499,1.3803854,-4.8098,0.9726502,6.3487225
3268,2026-05-11 16:19:10.176554,2.6910717,0.3954499,1.3803854,-4.8098,0.9726502,6.3487225
3269,2026-05-11 16:19:10.179216,2.6910717,0.3954499,1.3803854,-4.8098,0.9726502,6.3487225
3270,2026-05-11 16:19:10.182044,2.6910717,0.3954499,1.3803854,-4.8098,0.9726502,6.3487225
3271,2026-05-11 16:19:10.185389,2.6910717,0.3954499,1.3803854,-4.673119,1.0322095,5.773898
3272,2026-05-11 16:19:10.188368,2.1586626,0.44673342,0.7206518,-4.9906163,1.2800682,5.275127
3273,2026-05-11 16:19:10.191188,2.1586626,0.44673342,0.7206518,-4.9906163,1.2800682,5.275127
3274,2026-05-11 16:19:10.193893,2.1586626,0.44673342,0.7206518,-4.9906163,1.2800682,5.275127
3275,2026-05-11 16:19:10.196794,1.7176002,0.4077067,0.7183346,-5.680283,1.3316863,4.928919
3276,2026-05-11 16:19:10.199485,1.7176002,0.4077067,0.7183346,-5.680283,1.3316863,4.928919
3277,2026-05-11 16:19:10.202556,1.4920382,0.5895466,0.7315671,-5.551543,0.36713,4.678617
3278,2026-05-11 16:19:10.205478,1.4920382,0.5895466,0.7315671,-5.551543,0.36713,4.678617
3279,2026-05-11 16:19:10.208110,1.4920382,0.5895466,0.7315671,-5.551543,0.36713,4.678617
3280,2026-05-11 16:19:10.210746,1.5083196,0.7323598,0.6034498,-5.551543,0.36713,4.678617
3281,2026-05-11 16:19:10.213398,1.5083196,0.7323598,0.6034498,-5.551543,0.36713,4.678617
3282,2026-05-11 16:19:10.216110,1.5083196,0.7323598,0.6034498,-5.540242,0.26725355,4.55904
3283,2026-05-11 16:19:10.219193,1.5083196,0.7323598,0.6034498,-5.540242,0.26725355,4.55904
3284,2026-05-11 16:19:10.221926,1.5083196,0.7323598,0.6034498,-5.540242,0.26725355,4.55904
3285,2026-05-11 16:19:10.224764,1.6645483,0.8707215,0.34105647,-5.9815927,0.51343226,4.373184
3286,2026-05-11 16:19:10.227417,1.7846773,0.90456504,0.28416294,-5.9815927,0.51343226,4.373184
3287,2026-05-11 16:19:10.230030,1.7846773,0.90456504,0.28416294,-5.9815927,0.51343226,4.373184
3288,2026-05-11 16:19:10.232827,1.7846773,0.90456504,0.28416294,-5.9815927,0.51343226,4.373184
3289,2026-05-11 16:19:10.235908,1.7846773,0.90456504,0.28416294,-5.9815927,0.51343226,4.373184
3290,2026-05-11 16:19:10.238880,1.7846773,0.90456504,0.28416294,-5.9815927,0.51343226,4.373184
3291,2026-05-11 16:19:10.241563,1.7846773,0.90456504,0.28416294,-5.9815927,0.51343226,4.373184
3292,2026-05-11 16:19:10.244338,1.7846773,0.90456504,0.28416294,-6.351166,0.7835874,4.227646
3293,2026-05-11 16:19:10.247058,1.7846773,0.90456504,0.28416294,-6.351166,0.7835874,4.227646
3294,2026-05-11 16:19:10.249866,1.9160265,0.9935336,0.45728278,-6.8789535,0.9990701,3.8950295
3295,2026-05-11 16:19:10.252886,1.9442598,1.1553723,0.87651455,-6.8789535,0.9990701,3.8950295
3296,2026-05-11 16:19:10.255830,1.9442598,1.1553723,0.87651455,-6.7474647,0.34605515,3.7038288
3297,2026-05-11 16:19:10.258537,1.9442598,1.1553723,0.87651455,-6.7474647,0.34605515,3.7038288
3298,2026-05-11 16:19:10.261203,1.9442598,1.1553723,0.87651455,-6.7474647,0.34605515,3.7038288
3299,2026-05-11 16:19:10.263933,1.9442598,1.1553723,0.87651455,-6.7474647,0.34605515,3.7038288
3300,2026-05-11 16:19:10.266661,1.9442598,1.1553723,0.87651455,-6.7474647,0.34605515,3.7038288
3301,2026-05-11 16:19:10.269707,2.2048848,1.3234309,1.2280595,-6.7474647,0.34605515,3.7038288
3302,2026-05-11 16:19:10.272531,2.2048848,1.3234309,1.2280595,-6.090632,-0.52610767,3.7378845
3303,2026-05-11 16:19:10.275325,2.2048848,1.3234309,1.2280595,-6.090632,-0.52610767,3.7378845
3304,2026-05-11 16:19:10.278032,2.7228417,1.6073499,1.4991728,-5.4208183,-0.9111055,3.8450913
3305,2026-05-11 16:19:10.280799,2.7228417,1.6073499,1.4991728,-5.4208183,-0.9111055,3.8450913
3306,2026-05-11 16:19:10.283507,2.7228417,1.6073499,1.4991728,-5.4208183,-0.9111055,3.8450913
3307,2026-05-11 16:19:10.286555,2.7228417,1.6073499,1.4991728,-5.4208183,-0.9111055,3.8450913
3308,2026-05-11 16:19:10.289421,2.7228417,1.6073499,1.4991728,-5.4208183,-0.9111055,3.8450913
3309,2026-05-11 16:19:10.292164,3.0399945,2.0921953,1.6146674,-5.4208183,-0.9111055,3.8450913
3310,2026-05-11 16:19:10.294786,3.0399945,2.0921953,1.6146674,-5.4208183,-0.9111055,3.8450913
3311,2026-05-11 16:19:10.297449,3.0399945,2.0921953,1.6146674,-4.8032336,-0.9804387,4.011552
3312,2026-05-11 16:19:10.300050,3.0399945,2.0921953,1.6146674,-4.8032336,-0.9804387,4.011552
3313,2026-05-11 16:19:10.303226,3.0399945,2.0921953,1.6146674,-4.8032336,-0.9804387,4.011552
3314,2026-05-11 16:19:10.305993,3.0399945,2.0921953,1.6146674,-3.8927388,-0.968985,4.1966443
3315,2026-05-11 16:19:10.308619,3.0399945,2.0921953,1.6146674,-3.8927388,-0.968985,4.1966443
3316,2026-05-11 16:19:10.311334,3.0399945,2.0921953,1.6146674,-3.8927388,-0.968985,4.1966443
3317,2026-05-11 16:19:10.313959,3.0399945,2.0921953,1.6146674,-3.8927388,-0.968985,4.1966443
3318,2026-05-11 16:19:10.316772,3.946694,2.839495,1.8457174,-3.8927388,-0.968985,4.1966443
3319,2026-05-11 16:19:10.319786,3.946694,2.839495,1.8457174,-3.8927388,-0.968985,4.1966443
3320,2026-05-11 16:19:10.322813,5.440439,3.9143136,2.8808389,-1.0454959,-1.3466524,2.7812696
3321,2026-05-11 16:19:10.325483,5.440439,3.9143136,2.8808389,-1.0454959,-1.3466524,2.7812696
3322,2026-05-11 16:19:10.328290,5.814181,4.104081,1.1170164,2.5541804,-2.6801713,-0.52824575
3323,2026-05-11 16:19:10.331078,5.4108644,3.802356,0.88919824,2.5541804,-2.6801713,-0.52824575
3324,2026-05-11 16:19:10.333846,4.771193,3.050056,0.5954006,1.4616479,-2.3585508,-4.099822
3325,2026-05-11 16:19:10.336913,4.771193,3.050056,0.5954006,1.4616479,-2.3585508,-4.099822
3326,2026-05-11 16:19:10.339837,4.771193,3.050056,0.5954006,1.4616479,-2.3585508,-4.099822
3327,2026-05-11 16:19:10.342706,4.142315,2.669973,0.632293,1.4616479,-2.3585508,-4.099822
3328,2026-05-11 16:19:10.345397,4.142315,2.669973,0.632293,1.4616479,-2.3585508,-4.099822
3329,2026-05-11 16:19:10.348135,4.142315,2.669973,0.632293,0.36713,-2.0463986,-4.5500298
3330,2026-05-11 16:19:10.350889,4.142315,2.669973,0.632293,0.36713,-2.0463986,-4.5500298
3331,2026-05-11 16:19:10.353972,4.142315,2.669973,0.632293,0.36713,-2.0463986,-4.5500298
3332,2026-05-11 16:19:10.356841,3.5350845,2.5455754,0.7502877,0.36713,-2.0463986,-4.5500298
3333,2026-05-11 16:19:10.359646,2.9295611,2.417397,0.96712965,-1.6911805,-0.34330627,-4.6743407
3334,2026-05-11 16:19:10.362285,2.9295611,2.417397,0.96712965,-1.6911805,-0.34330627,-4.6743407
3335,2026-05-11 16:19:10.365024,2.9295611,2.417397,0.96712965,-1.6911805,-0.34330627,-4.6743407
3336,2026-05-11 16:19:10.367784,2.5701501,2.3313556,1.3145279,-1.6911805,-0.34330627,-4.6743407
3337,2026-05-11 16:19:10.370881,2.5701501,2.3313556,1.3145279,-2.085494,0.48472157,-4.682435
3338,2026-05-11 16:19:10.373756,2.5701501,2.3313556,1.3145279,-2.085494,0.48472157,-4.682435
3339,2026-05-11 16:19:10.376518,2.5701501,2.3313556,1.3145279,-2.085494,0.48472157,-4.682435
3340,2026-05-11 16:19:10.379130,2.5701501,2.3313556,1.3145279,-2.085494,0.48472157,-4.682435
3341,2026-05-11 16:19:10.382008,2.4922185,2.0473754,1.9677976,-1.5097535,1.4556919,-5.0904927
3342,2026-05-11 16:19:10.385308,2.4922185,2.0473754,1.9677976,-1.5097535,1.4556919,-5.0904927
3343,2026-05-11 16:19:10.388268,2.4922185,2.0473754,1.9677976,-1.5097535,1.4556919,-5.0904927
3344,2026-05-11 16:19:10.390981,2.4922185,2.0473754,1.9677976,-0.40515637,1.5868752,-5.6422567
3345,2026-05-11 16:19:10.393708,2.432642,1.7691886,2.259888,-0.40515637,1.5868752,-5.6422567
3346,2026-05-11 16:19:10.396309,2.432642,1.7691886,2.259888,-0.40515637,1.5868752,-5.6422567
3347,2026-05-11 16:19:10.398992,2.432642,1.7691886,2.259888,-0.40515637,1.5868752,-5.6422567
3348,2026-05-11 16:19:10.402098,2.432642,1.7691886,2.259888,-0.40515637,1.5868752,-5.6422567
3349,2026-05-11 16:19:10.404902,2.2872066,1.3950205,2.344466,-0.40515637,1.5868752,-5.6422567
3350,2026-05-11 16:19:10.407476,2.2872066,1.3950205,2.344466,-0.40515637,1.5868752,-5.6422567
3351,2026-05-11 16:19:10.410211,2.2872066,1.3950205,2.344466,-0.40515637,1.5868752,-5.6422567
3352,2026-05-11 16:19:10.412900,2.2872066,1.3950205,2.344466,-0.40515637,1.5868752,-5.6422567
3353,2026-05-11 16:19:10.415576,2.2872066,1.3950205,2.344466,0.9914343,1.7154623,-6.1385846
3354,2026-05-11 16:19:10.418462,2.2872066,1.3950205,2.344466,0.9914343,1.7154623,-6.1385846
3355,2026-05-11 16:19:10.421365,2.2872066,1.3950205,2.344466,2.1778872,1.6891952,-6.4197354
3356,2026-05-11 16:19:10.424094,2.2872066,1.3950205,2.344466,2.1778872,1.6891952,-6.4197354
3357,2026-05-11 16:19:10.426709,2.280621,1.1407983,2.3165376,2.1778872,1.6891952,-6.4197354
3358,2026-05-11 16:19:10.429399,2.280621,1.1407983,2.3165376,2.1778872,1.6891952,-6.4197354
3359,2026-05-11 16:19:10.431979,2.280621,1.1407983,2.3165376,2.1778872,1.6891952,-6.4197354
3360,2026-05-11 16:19:10.434704,2.280621,1.1407983,2.3165376,2.1778872,1.6891952,-6.4197354
3361,2026-05-11 16:19:10.437777,2.280621,1.1407983,2.3165376,2.1778872,1.6891952,-6.4197354
3362,2026-05-11 16:19:10.440467,2.280621,1.1407983,2.3165376,2.1778872,1.6891952,-6.4197354
3363,2026-05-11 16:19:10.443163,2.280621,1.1407983,2.3165376,2.1778872,1.6891952,-6.4197354
3364,2026-05-11 16:19:10.445826,2.280621,1.1407983,2.3165376,2.1778872,1.6891952,-6.4197354
3365,2026-05-11 16:19:10.448453,2.4248366,0.5835096,2.1081717,3.6587775,1.4534011,-6.773274
3366,2026-05-11 16:19:10.451050,2.4248366,0.5835096,2.1081717,3.6587775,1.4534011,-6.773274
3367,2026-05-11 16:19:10.454162,2.4248366,0.5835096,2.1081717,3.6587775,1.4534011,-6.773274
3368,2026-05-11 16:19:10.456803,2.4248366,0.5835096,2.1081717,3.6587775,1.4534011,-6.773274
3369,2026-05-11 16:19:10.459626,2.4248366,0.5835096,2.1081717,3.6587775,1.4534011,-6.773274
3370,2026-05-11 16:19:10.462271,2.4248366,0.5835096,2.1081717,3.6587775,1.4534011,-6.773274
3371,2026-05-11 16:19:10.464938,2.4248366,0.5835096,2.1081717,5.0750685,0.9981538,-7.250818
3372,2026-05-11 16:19:10.467760,2.5638082,0.035124,1.6145455,5.0750685,0.9981538,-7.250818
3373,2026-05-11 16:19:10.470859,2.5638082,0.035124,1.6145455,5.0750685,0.9981538,-7.250818
3374,2026-05-11 16:19:10.473749,2.5638082,0.035124,1.6145455,5.0750685,0.9981538,-7.250818
3375,2026-05-11 16:19:10.476447,2.5638082,0.035124,1.6145455,5.0750685,0.9981538,-7.250818
3376,2026-05-11 16:19:10.479164,2.5638082,0.035124,1.6145455,5.0750685,0.9981538,-7.250818
3377,2026-05-11 16:19:10.481962,2.6472886,-0.24824621,1.2509266,5.0750685,0.9981538,-7.250818
3378,2026-05-11 16:19:10.485036,2.6531427,-0.5374094,0.8709045,5.573382,0.731053,-7.9055123
3379,2026-05-11 16:19:10.487941,2.6531427,-0.5374094,0.8709045,5.573382,0.731053,-7.9055123
3380,2026-05-11 16:19:10.490564,2.6531427,-0.5374094,0.8709045,5.573382,0.731053,-7.9055123
3381,2026-05-11 16:19:10.493365,2.6531427,-0.5374094,0.8709045,5.573382,0.731053,-7.9055123
3382,2026-05-11 16:19:10.496102,2.6531427,-0.5374094,0.8709045,5.573382,0.731053,-7.9055123
3383,2026-05-11 16:19:10.498989,2.602225,-0.6782103,0.76614225,5.3832498,0.75228053,-8.055022
3384,2026-05-11 16:19:10.501911,2.602225,-0.6782103,0.76614225,5.3832498,0.75228053,-8.055022
3385,2026-05-11 16:19:10.504768,2.602225,-0.6782103,0.76614225,5.3832498,0.75228053,-8.055022
3386,2026-05-11 16:19:10.507495,2.602225,-0.6782103,0.76614225,5.3832498,0.75228053,-8.055022
3387,2026-05-11 16:19:10.510148,2.602225,-0.6782103,0.76614225,5.3832498,0.75228053,-8.055022
3388,2026-05-11 16:19:10.512894,2.602225,-0.6782103,0.76614225,5.3832498,0.75228053,-8.055022
3389,2026-05-11 16:19:10.515590,2.602225,-0.6782103,0.76614225,5.3832498,0.75228053,-8.055022
3390,2026-05-11 16:19:10.518365,2.107623,-0.992253,0.96877605,4.9588513,0.68951416,-8.18422
3391,2026-05-11 16:19:10.521435,2.107623,-0.992253,0.96877605,4.769178,0.19685133,-8.053189
3392,2026-05-11 16:19:10.524315,2.107623,-0.992253,0.96877605,4.769178,0.19685133,-8.053189
3393,2026-05-11 16:19:10.526941,2.107623,-0.992253,0.96877605,4.769178,0.19685133,-8.053189
3394,2026-05-11 16:19:10.529537,2.107623,-0.992253,0.96877605,4.769178,0.19685133,-8.053189
3395,2026-05-11 16:19:10.532340,2.107623,-0.992253,0.96877605,4.769178,0.19685133,-8.053189
3396,2026-05-11 16:19:10.535103,2.0357895,-0.9580437,1.0162787,4.769178,0.19685133,-8.053189
3397,2026-05-11 16:19:10.538307,2.0357895,-0.9580437,1.0162787,4.6857944,-0.21533,-7.8506875
3398,2026-05-11 16:19:10.541061,2.0357895,-0.9580437,1.0162787,4.4440446,-0.44929138,-7.5984
3399,2026-05-11 16:19:10.543763,2.188847,-0.8609649,1.0468904,4.4440446,-0.44929138,-7.5984
3400,2026-05-11 16:19:10.546687,2.188847,-0.8609649,1.0468904,4.4440446,-0.44929138,-7.5984
3401,2026-05-11 16:19:10.549397,2.188847,-0.8609649,1.0468904,4.4440446,-0.44929138,-7.5984
3402,2026-05-11 16:19:10.552494,2.3673942,-0.78772885,1.0760384,4.233449,-0.42424592,-7.561137
3403,2026-05-11 16:19:10.555378,2.3673942,-0.78772885,1.0760384,4.233449,-0.42424592,-7.561137
3404,2026-05-11 16:19:10.558015,2.3673942,-0.78772885,1.0760384,4.233449,-0.42424592,-7.561137
3405,2026-05-11 16:19:10.560625,2.3673942,-0.78772885,1.0760384,4.233449,-0.42424592,-7.561137
3406,2026-05-11 16:19:10.563384,2.3673942,-0.78772885,1.0760384,4.233449,-0.42424592,-7.561137
3407,2026-05-11 16:19:10.565996,2.3673942,-0.78772885,1.0760384,4.233449,-0.42424592,-7.561137
3408,2026-05-11 16:19:10.568928,2.3673942,-0.78772885,1.0760384,4.233449,-0.42424592,-7.561137
3409,2026-05-11 16:19:10.571774,2.3673942,-0.78772885,1.0760384,4.233449,-0.42424592,-7.561137
3410,2026-05-11 16:19:10.574471,2.3673942,-0.78772885,1.0760384,4.233449,-0.42424592,-7.561137
3411,2026-05-11 16:19:10.577232,2.3673942,-0.78772885,1.0760384,4.233449,-0.42424592,-7.561137
3412,2026-05-11 16:19:10.580093,2.3673942,-0.78772885,1.0760384,4.233449,-0.42424592,-7.561137
3413,2026-05-11 16:19:10.582887,2.3673942,-0.78772885,1.0760384,3.7939312,-0.14645495,-7.744244
3414,2026-05-11 16:19:10.586082,2.3673942,-0.78772885,1.0760384,3.7939312,-0.14645495,-7.744244
3415,2026-05-11 16:19:10.588926,2.8238232,-0.7393724,1.1831179,3.7939312,-0.14645495,-7.744244
3416,2026-05-11 16:19:10.591688,2.8238232,-0.7393724,1.1831179,3.7939312,-0.14645495,-7.744244
3417,2026-05-11 16:19:10.594376,2.8238232,-0.7393724,1.1831179,3.7939312,-0.14645495,-7.744244
3418,2026-05-11 16:19:10.596993,2.8238232,-0.7393724,1.1831179,3.7939312,-0.14645495,-7.744244
3419,2026-05-11 16:19:10.599687,2.8238232,-0.7393724,1.1831179,3.7939312,-0.14645495,-7.744244
3420,2026-05-11 16:19:10.602804,2.8238232,-0.7393724,1.1831179,3.7939312,-0.14645495,-7.744244
3421,2026-05-11 16:19:10.605606,2.8238232,-0.7393724,1.1831179,3.7939312,-0.14645495,-7.744244
3422,2026-05-11 16:19:10.608201,2.8238232,-0.7393724,1.1831179,3.7939312,-0.14645495,-7.744244
3423,2026-05-11 16:19:10.610980,2.8238232,-0.7393724,1.1831179,3.7939312,-0.14645495,-7.744244
3424,2026-05-11 16:19:10.613843,2.8238232,-0.7393724,1.1831179,3.7939312,-0.14645495,-7.744244
3425,2026-05-11 16:19:10.616511,2.8238232,-0.7393724,1.1831179,3.7939312,-0.14645495,-7.744244
3426,2026-05-11 16:19:10.619664,2.8238232,-0.7393724,1.1831179,3.5111008,0.09728029,-8.132144
3427,2026-05-11 16:19:10.622527,2.8238232,-0.7393724,1.1831179,3.5111008,0.09728029,-8.132144
3428,2026-05-11 16:19:10.625276,3.0163345,-0.78699714,1.2923315,3.3637295,0.09285152,-8.443227
3429,2026-05-11 16:19:10.628087,3.0163345,-0.78699714,1.2923315,3.3637295,0.09285152,-8.443227
3430,2026-05-11 16:19:10.630846,2.979808,-0.66345334,1.2365355,3.0560062,-0.1469131,-8.700249
3431,2026-05-11 16:19:10.633569,2.979808,-0.66345334,1.2365355,3.0560062,-0.1469131,-8.700249
3432,2026-05-11 16:19:10.636658,2.979808,-0.66345334,1.2365355,3.0560062,-0.1469131,-8.700249
3433,2026-05-11 16:19:10.639450,2.9757833,-0.4774059,1.2462922,3.0560062,-0.1469131,-8.700249
3434,2026-05-11 16:19:10.642062,2.9757833,-0.4774059,1.2462922,2.5444064,-0.117744274,-8.79539
3435,2026-05-11 16:19:10.644955,2.8240063,-0.38923004,1.4654514,1.7056885,0.47433686,-8.952688
3436,2026-05-11 16:19:10.647564,2.8240063,-0.38923004,1.4654514,1.7056885,0.47433686,-8.952688
3437,2026-05-11 16:19:10.650379,2.8240063,-0.38923004,1.4654514,1.7056885,0.47433686,-8.952688
3438,2026-05-11 16:19:10.653473,2.8240063,-0.38923004,1.4654514,1.4520267,1.0465649,-8.853576
3439,2026-05-11 16:19:10.656246,2.8240063,-0.38923004,1.4654514,1.4520267,1.0465649,-8.853576
3440,2026-05-11 16:19:10.658953,2.4211168,-0.49948034,1.8365095,1.4520267,1.0465649,-8.853576
3441,2026-05-11 16:19:10.661706,2.4211168,-0.49948034,1.8365095,1.4520267,1.0465649,-8.853576
3442,2026-05-11 16:19:10.664326,2.4211168,-0.49948034,1.8365095,1.4520267,1.0465649,-8.853576
3443,2026-05-11 16:19:10.667005,2.4211168,-0.49948034,1.8365095,1.4520267,1.0465649,-8.853576
3444,2026-05-11 16:19:10.670159,2.3112934,-0.5262502,2.0809143,1.4520267,1.0465649,-8.853576
3445,2026-05-11 16:19:10.673019,2.3112934,-0.5262502,2.0809143,1.4520267,1.0465649,-8.853576
3446,2026-05-11 16:19:10.675677,2.3112934,-0.5262502,2.0809143,1.4520267,1.0465649,-8.853576
3447,2026-05-11 16:19:10.678460,2.3112934,-0.5262502,2.0809143,1.7815884,1.432479,-8.5305805
3448,2026-05-11 16:19:10.681243,2.3112934,-0.5262502,2.0809143,1.7815884,1.432479,-8.5305805
3449,2026-05-11 16:19:10.684006,2.3112934,-0.5262502,2.0809143,1.7815884,1.432479,-8.5305805
3450,2026-05-11 16:19:10.687053,2.3112934,-0.5262502,2.0809143,1.7815884,1.432479,-8.5305805
3451,2026-05-11 16:19:10.689938,2.3112934,-0.5262502,2.0809143,1.7815884,1.432479,-8.5305805
3452,2026-05-11 16:19:10.692732,2.3029392,-0.6179019,1.896574,2.408489,1.4610369,-8.278751
3453,2026-05-11 16:19:10.695500,2.3029392,-0.6179019,1.896574,2.408489,1.4610369,-8.278751
3454,2026-05-11 16:19:10.698301,2.2536073,-0.63936657,1.724003,2.408489,1.4610369,-8.278751
3455,2026-05-11 16:19:10.701041,2.2536073,-0.63936657,1.724003,2.408489,1.4610369,-8.278751
3456,2026-05-11 16:19:10.704378,2.2536073,-0.63936657,1.724003,2.408489,1.4610369,-8.278751
3457,2026-05-11 16:19:10.707144,2.2536073,-0.63936657,1.724003,2.7307203,1.3680327,-8.133823
3458,2026-05-11 16:19:10.709986,2.2536073,-0.63936657,1.724003,2.7307203,1.3680327,-8.133823
3459,2026-05-11 16:19:10.712749,2.2536073,-0.63936657,1.724003,2.7307203,1.3680327,-8.133823
3460,2026-05-11 16:19:10.715628,2.201531,-0.74595815,1.457646,3.298825,0.8249735,-7.882605
3461,2026-05-11 16:19:10.718802,2.201531,-0.74595815,1.457646,3.298825,0.8249735,-7.882605
3462,2026-05-11 16:19:10.721807,1.6707072,-1.2146441,0.8773683,3.8698313,0.7145596,-7.6077156
3463,2026-05-11 16:19:10.724544,1.6707072,-1.2146441,0.8773683,3.8698313,0.7145596,-7.6077156
3464,2026-05-11 16:19:10.727270,1.2343403,-1.6078987,0.39648655,3.9271,1.0671816,-7.404145
3465,2026-05-11 16:19:10.729928,1.2343403,-1.6078987,0.39648655,3.9271,1.0671816,-7.404145
3466,2026-05-11 16:19:10.732686,1.2343403,-1.6078987,0.39648655,3.9271,1.0671816,-7.404145
3467,2026-05-11 16:19:10.736144,0.33562934,-2.651557,-0.07195542,3.9820778,1.4979943,-6.602537
3468,2026-05-11 16:19:10.739076,0.33562934,-2.651557,-0.07195542,3.9820778,1.4979943,-6.602537
3469,2026-05-11 16:19:10.741889,-0.38453463,-3.3646476,-0.16872935,4.788878,1.0517572,-5.9600596
3470,2026-05-11 16:19:10.744565,-0.38453463,-3.3646476,-0.16872935,4.788878,1.0517572,-5.9600596
3471,2026-05-11 16:19:10.747431,-1.3436149,-4.0618224,-0.7635202,5.5628443,-0.033292156,-4.570341
3472,2026-05-11 16:19:10.750236,-1.3436149,-4.0618224,-0.7635202,5.28429,-0.397826,-3.4009922
3473,2026-05-11 16:19:10.753959,-1.5668597,-4.3886704,-1.4313639,5.28429,-0.397826,-3.4009922
3474,2026-05-11 16:19:10.756768,-1.5668597,-4.3886704,-1.4313639,5.28429,-0.397826,-3.4009922
3475,2026-05-11 16:19:10.759435,-1.5668597,-4.3886704,-1.4313639,5.28429,-0.397826,-3.4009922
3476,2026-05-11 16:19:10.762344,-1.3373951,-4.504043,-2.0996957,5.28429,-0.397826,-3.4009922
3477,2026-05-11 16:19:10.765065,-1.3373951,-4.504043,-2.0996957,3.402214,-0.15470162,-1.5993979
3478,2026-05-11 16:19:10.767827,-1.3373951,-4.504043,-2.0996957,1.391551,0.6041457,-0.517861
3479,2026-05-11 16:19:10.771025,-1.3373951,-4.504043,-2.0996957,1.391551,0.6041457,-0.517861
3480,2026-05-11 16:19:10.773803,-1.0001804,-4.436417,-2.1375637,1.391551,0.6041457,-0.517861
3481,2026-05-11 16:19:10.776418,-1.0001804,-4.436417,-2.1375637,1.391551,0.6041457,-0.517861
3482,2026-05-11 16:19:10.779132,-1.0001804,-4.436417,-2.1375637,1.391551,0.6041457,-0.517861
3483,2026-05-11 16:19:10.781912,-1.0001804,-4.436417,-2.1375637,1.391551,0.6041457,-0.517861
3484,2026-05-11 16:19:10.784599,-1.0001804,-4.436417,-2.1375637,1.391551,0.6041457,-0.517861
3485,2026-05-11 16:19:10.787713,-1.0001804,-4.436417,-2.1375637,1.391551,0.6041457,-0.517861
3486,2026-05-11 16:19:10.790490,-1.0001804,-4.436417,-2.1375637,-1.5558738,1.9297233,0.67011917
3487,2026-05-11 16:19:10.793120,-1.0001804,-4.436417,-2.1375637,-1.5558738,1.9297233,0.67011917
3488,2026-05-11 16:19:10.795819,-1.0001804,-4.436417,-2.1375637,-1.5558738,1.9297233,0.67011917
