id,timestamp,acc_x,acc_y,acc_z,gyro_x,gyro_y,gyro_z
1,2026-05-11 16:10:08.113022,0.44447714,-0.22440335,2.763149,1.7232509,3.5271358,-0.26725355
2,2026-05-11 16:10:08.123105,0.44447714,-0.22440335,2.763149,1.7232509,3.5271358,-0.26725355
3,2026-05-11 16:10:08.126151,0.44447714,-0.22440335,2.763149,1.7232509,3.5271358,-0.26725355
4,2026-05-11 16:10:08.129142,0.44447714,-0.22440335,2.763149,1.7232509,3.5271358,-0.26725355
5,2026-05-11 16:10:08.131815,0.44447714,-0.22440335,2.763149,1.7232509,3.5271358,-0.26725355
6,2026-05-11 16:10:08.135052,0.44447714,-0.22440335,2.763149,1.7232509,3.5271358,-0.26725355
7,2026-05-11 16:10:08.137812,0.44447714,-0.22440335,2.763149,1.7232509,3.5271358,-0.26725355
8,2026-05-11 16:10:08.140520,0.44447714,-0.22440335,2.763149,1.7232509,3.5271358,-0.26725355
9,2026-05-11 16:10:08.143156,0.44447714,-0.22440335,2.763149,1.7232509,3.5271358,-0.26725355
10,2026-05-11 16:10:08.145777,0.44447714,-0.22440335,2.763149,1.7232509,3.5271358,-0.26725355
11,2026-05-11 16:10:08.148535,0.44447714,-0.22440335,2.763149,1.7232509,3.5271358,-0.26725355
12,2026-05-11 16:10:08.151674,0.44447714,-0.22440335,2.763149,1.7232509,3.5271358,-0.26725355
13,2026-05-11 16:10:08.154373,0.44447714,-0.22440335,2.763149,1.7232509,3.5271358,-0.26725355
14,2026-05-11 16:10:08.156951,0.44447714,-0.22440335,2.763149,1.7232509,3.5271358,-0.26725355
15,2026-05-11 16:10:08.159578,0.44447714,-0.22440335,2.763149,1.7232509,3.5271358,-0.26725355
16,2026-05-11 16:10:08.162098,0.44447714,-0.22440335,2.763149,1.7232509,3.5271358,-0.26725355
17,2026-05-11 16:10:08.164673,0.44447714,-0.22440335,2.763149,1.7232509,3.5271358,-0.26725355
18,2026-05-11 16:10:08.167807,0.44447714,-0.22440335,2.763149,1.7232509,3.5271358,-0.26725355
19,2026-05-11 16:10:08.170479,0.44447714,-0.22440335,2.763149,1.7232509,3.5271358,-0.26725355
20,2026-05-11 16:10:08.173044,0.44447714,-0.22440335,2.763149,1.7232509,3.5271358,-0.26725355
21,2026-05-11 16:10:08.175804,0.4443552,-0.21476863,2.6156404,1.7232509,3.5271358,-0.26725355
22,2026-05-11 16:10:08.178413,0.4443552,-0.21476863,2.6156404,1.7232509,3.5271358,-0.26725355
23,2026-05-11 16:10:08.180940,0.4443552,-0.21476863,2.6156404,1.7232509,3.5271358,-0.26725355
24,2026-05-11 16:10:08.183993,0.4443552,-0.21476863,2.6156404,1.7232509,3.5271358,-0.26725355
25,2026-05-11 16:10:08.186767,0.4443552,-0.21476863,2.6156404,1.7232509,3.5271358,-0.26725355
26,2026-05-11 16:10:08.189389,0.4443552,-0.21476863,2.6156404,1.7232509,3.5271358,-0.26725355
27,2026-05-11 16:10:08.192024,0.4443552,-0.21476863,2.6156404,1.7232509,3.5271358,-0.26725355
28,2026-05-11 16:10:08.194729,0.4443552,-0.21476863,2.6156404,1.7232509,3.5271358,-0.26725355
29,2026-05-11 16:10:08.197620,0.4443552,-0.21476863,2.6156404,1.7232509,3.5271358,-0.26725355
30,2026-05-11 16:10:08.200885,0.4443552,-0.21476863,2.6156404,1.7232509,3.5271358,-0.26725355
31,2026-05-11 16:10:08.203698,0.4443552,-0.21476863,2.6156404,1.7232509,3.5271358,-0.26725355
32,2026-05-11 16:10:08.206312,0.4443552,-0.21476863,2.6156404,1.7232509,3.5271358,-0.26725355
33,2026-05-11 16:10:08.209100,0.4443552,-0.21476863,2.6156404,1.7232509,3.5271358,-0.26725355
34,2026-05-11 16:10:08.211694,0.4443552,-0.21476863,2.6156404,1.7232509,3.5271358,-0.26725355
35,2026-05-11 16:10:08.214373,0.4443552,-0.21476863,2.6156404,1.7232509,3.5271358,-0.26725355
36,2026-05-11 16:10:08.217338,0.4443552,-0.21476863,2.6156404,1.7232509,3.5271358,-0.26725355
37,2026-05-11 16:10:08.220309,0.4443552,-0.21476863,2.6156404,1.7232509,3.5271358,-0.26725355
38,2026-05-11 16:10:08.222951,0.4443552,-0.21476863,2.6156404,1.7232509,3.5271358,-0.26725355
39,2026-05-11 16:10:08.225554,0.4443552,-0.21476863,2.6156404,1.7232509,3.5271358,-0.26725355
40,2026-05-11 16:10:08.228330,0.4443552,-0.21476863,2.6156404,1.7232509,3.5271358,-0.26725355
41,2026-05-11 16:10:08.230948,0.4443552,-0.21476863,2.6156404,1.7232509,3.5271358,-0.26725355
42,2026-05-11 16:10:08.234230,0.4443552,-0.21476863,2.6156404,1.7232509,3.5271358,-0.26725355
43,2026-05-11 16:10:08.236959,0.4443552,-0.21476863,2.6156404,1.7232509,3.5271358,-0.26725355
44,2026-05-11 16:10:08.239572,0.4443552,-0.21476863,2.6156404,1.7232509,3.5271358,-0.26725355
45,2026-05-11 16:10:08.242191,0.4443552,-0.21476863,2.6156404,1.7232509,3.5271358,-0.26725355
46,2026-05-11 16:10:08.244758,0.4443552,-0.21476863,2.6156404,1.7232509,3.5271358,-0.26725355
47,2026-05-11 16:10:08.247436,0.4443552,-0.21476863,2.6156404,1.7232509,3.5271358,-0.26725355
48,2026-05-11 16:10:08.250304,0.4443552,-0.21476863,2.6156404,1.7232509,3.5271358,-0.26725355
49,2026-05-11 16:10:08.253272,0.4443552,-0.21476863,2.6156404,1.7232509,3.5271358,-0.26725355
50,2026-05-11 16:10:08.255887,0.4443552,-0.21476863,2.6156404,1.7232509,3.5271358,-0.26725355
51,2026-05-11 16:10:08.258469,0.4443552,-0.21476863,2.6156404,1.7232509,3.5271358,-0.26725355
52,2026-05-11 16:10:08.261248,0.4443552,-0.21476863,2.6156404,1.7232509,3.5271358,-0.26725355
53,2026-05-11 16:10:08.263832,0.4443552,-0.21476863,2.6156404,1.7232509,3.5271358,-0.26725355
54,2026-05-11 16:10:08.266769,0.4443552,-0.21476863,2.6156404,1.7232509,3.5271358,-0.26725355
55,2026-05-11 16:10:08.269431,0.4443552,-0.21476863,2.6156404,1.7232509,3.5271358,-0.26725355
56,2026-05-11 16:10:08.272020,0.4443552,-0.21476863,2.6156404,1.7232509,3.5271358,-0.26725355
57,2026-05-11 16:10:08.274779,0.4443552,-0.21476863,2.6156404,1.7232509,3.5271358,-0.26725355
58,2026-05-11 16:10:08.277388,0.4443552,-0.21476863,2.6156404,1.7232509,3.5271358,-0.26725355
59,2026-05-11 16:10:08.279948,0.4443552,-0.21476863,2.6156404,1.7232509,3.5271358,-0.26725355
60,2026-05-11 16:10:08.282791,0.4443552,-0.21476863,2.6156404,1.7232509,3.5271358,-0.26725355
61,2026-05-11 16:10:08.285793,0.4443552,-0.21476863,2.6156404,1.7232509,3.5271358,-0.26725355
62,2026-05-11 16:10:08.288406,0.4443552,-0.21476863,2.6156404,1.7232509,3.5271358,-0.26725355
63,2026-05-11 16:10:08.291096,0.4443552,-0.21476863,2.6156404,1.7232509,3.5271358,-0.26725355
64,2026-05-11 16:10:08.293665,0.4443552,-0.21476863,2.6156404,1.7232509,3.5271358,-0.26725355
65,2026-05-11 16:10:08.296459,0.4443552,-0.21476863,2.6156404,1.7232509,3.5271358,-0.26725355
66,2026-05-11 16:10:08.299046,0.4443552,-0.21476863,2.6156404,1.7232509,3.5271358,-0.26725355
67,2026-05-11 16:10:08.302260,0.4443552,-0.21476863,2.6156404,1.7232509,3.5271358,-0.26725355
68,2026-05-11 16:10:08.304999,0.4443552,-0.21476863,2.6156404,1.7232509,3.5271358,-0.26725355
69,2026-05-11 16:10:08.307640,0.4443552,-0.21476863,2.6156404,1.7232509,3.5271358,-0.26725355
70,2026-05-11 16:10:08.310310,0.4443552,-0.21476863,2.6156404,1.7232509,3.5271358,-0.26725355
71,2026-05-11 16:10:08.312993,0.4443552,-0.21476863,2.6156404,1.7232509,3.5271358,-0.26725355
72,2026-05-11 16:10:08.315749,0.4443552,-0.21476863,2.6156404,1.7232509,3.5271358,-0.26725355
73,2026-05-11 16:10:08.318727,0.4443552,-0.21476863,2.6156404,1.7232509,3.5271358,-0.26725355
74,2026-05-11 16:10:08.321338,0.4443552,-0.21476863,2.6156404,1.7232509,3.5271358,-0.26725355
75,2026-05-11 16:10:08.324181,0.4443552,-0.21476863,2.6156404,1.7232509,3.5271358,-0.26725355
76,2026-05-11 16:10:08.326768,0.4443552,-0.21476863,2.6156404,1.7232509,3.5271358,-0.26725355
77,2026-05-11 16:10:08.329452,0.4443552,-0.21476863,2.6156404,1.7232509,3.5271358,-0.26725355
78,2026-05-11 16:10:08.331979,0.4443552,-0.21476863,2.6156404,1.7232509,3.5271358,-0.26725355
79,2026-05-11 16:10:08.335102,0.4443552,-0.21476863,2.6156404,1.7232509,3.5271358,-0.26725355
80,2026-05-11 16:10:08.337788,0.4443552,-0.21476863,2.6156404,1.7232509,3.5271358,-0.26725355
81,2026-05-11 16:10:08.340347,0.4443552,-0.21476863,2.6156404,1.7232509,3.5271358,-0.26725355
82,2026-05-11 16:10:08.343063,0.4443552,-0.21476863,2.6156404,1.7232509,3.5271358,-0.26725355
83,2026-05-11 16:10:08.345649,0.4443552,-0.21476863,2.6156404,1.7232509,3.5271358,-0.26725355
84,2026-05-11 16:10:08.348267,0.4443552,-0.21476863,2.6156404,1.7232509,3.5271358,-0.26725355
85,2026-05-11 16:10:08.351471,0.4443552,-0.21476863,2.6156404,1.7232509,3.5271358,-0.26725355
86,2026-05-11 16:10:08.354275,0.4443552,-0.21476863,2.6156404,2.0037906,3.626707,-0.18387043
87,2026-05-11 16:10:08.356982,0.4443552,-0.21476863,2.6156404,2.0037906,3.626707,-0.18387043
88,2026-05-11 16:10:08.359542,0.4443552,-0.21476863,2.6156404,2.0037906,3.626707,-0.18387043
89,2026-05-11 16:10:08.362344,0.4443552,-0.21476863,2.6156404,2.0037906,3.626707,-0.18387043
90,2026-05-11 16:10:08.364986,0.4443552,-0.21476863,2.6156404,2.0037906,3.626707,-0.18387043
91,2026-05-11 16:10:08.368086,0.4443552,-0.21476863,2.6156404,2.0037906,3.626707,-0.18387043
92,2026-05-11 16:10:08.370757,0.4443552,-0.21476863,2.6156404,2.0037906,3.626707,-0.18387043
93,2026-05-11 16:10:08.373390,0.4443552,-0.21476863,2.6156404,2.58396,3.2704198,-0.060322944
94,2026-05-11 16:10:08.376126,0.4443552,-0.21476863,2.6156404,2.58396,3.2704198,-0.060322944
95,2026-05-11 16:10:08.378739,0.4443552,-0.21476863,2.6156404,2.58396,3.2704198,-0.060322944
96,2026-05-11 16:10:08.381385,0.4443552,-0.21476863,2.6156404,2.58396,3.2704198,-0.060322944
97,2026-05-11 16:10:08.384177,0.4443552,-0.21476863,2.6156404,2.58396,3.2704198,-0.060322944
98,2026-05-11 16:10:08.387084,0.4443552,-0.21476863,2.6156404,2.58396,3.2704198,-0.060322944
99,2026-05-11 16:10:08.389728,0.4443552,-0.21476863,2.6156404,2.58396,3.2704198,-0.060322944
100,2026-05-11 16:10:08.392323,0.4443552,-0.21476863,2.6156404,2.58396,3.2704198,-0.060322944
101,2026-05-11 16:10:08.394975,0.4443552,-0.21476863,2.6156404,2.58396,3.2704198,-0.060322944
102,2026-05-11 16:10:08.397580,0.4443552,-0.21476863,2.6156404,2.58396,3.2704198,-0.060322944
103,2026-05-11 16:10:08.400525,0.4443552,-0.21476863,2.6156404,2.58396,3.2704198,-0.060322944
104,2026-05-11 16:10:08.403868,0.4443552,-0.21476863,2.6156404,2.58396,3.2704198,-0.060322944
105,2026-05-11 16:10:08.406601,0.4443552,-0.21476863,2.6156404,2.58396,3.2704198,-0.060322944
106,2026-05-11 16:10:08.409368,0.4443552,-0.21476863,2.6156404,2.58396,3.2704198,-0.060322944
107,2026-05-11 16:10:08.412069,0.4443552,-0.21476863,2.6156404,2.58396,3.2704198,-0.060322944
108,2026-05-11 16:10:08.414658,0.4443552,-0.21476863,2.6156404,2.58396,3.2704198,-0.060322944
109,2026-05-11 16:10:08.417690,0.54308045,-0.12256813,1.8845003,2.58396,3.2704198,-0.060322944
110,2026-05-11 16:10:08.421052,0.54308045,-0.12256813,1.8845003,2.58396,3.2704198,-0.060322944
111,2026-05-11 16:10:08.423740,0.54308045,-0.12256813,1.8845003,2.58396,3.2704198,-0.060322944
112,2026-05-11 16:10:08.426435,0.54308045,-0.12256813,1.8845003,2.58396,3.2704198,-0.060322944
113,2026-05-11 16:10:08.429222,0.54308045,-0.12256813,1.8845003,2.58396,3.2704198,-0.060322944
114,2026-05-11 16:10:08.431871,0.54308045,-0.12256813,1.8845003,2.58396,3.2704198,-0.060322944
115,2026-05-11 16:10:08.435038,0.54308045,-0.12256813,1.8845003,2.58396,3.2704198,-0.060322944
116,2026-05-11 16:10:08.437716,0.54308045,-0.12256813,1.8845003,2.58396,3.2704198,-0.060322944
117,2026-05-11 16:10:08.440456,0.54308045,-0.12256813,1.8845003,2.58396,3.2704198,-0.060322944
118,2026-05-11 16:10:08.443048,0.54308045,-0.12256813,1.8845003,2.58396,3.2704198,-0.060322944
119,2026-05-11 16:10:08.445759,0.54308045,-0.12256813,1.8845003,2.58396,3.2704198,-0.060322944
120,2026-05-11 16:10:08.448359,0.54308045,-0.12256813,1.8845003,2.58396,3.2704198,-0.060322944
121,2026-05-11 16:10:08.451417,0.54308045,-0.12256813,1.8845003,2.58396,3.2704198,-0.060322944
122,2026-05-11 16:10:08.454365,0.54308045,-0.12256813,1.8845003,2.58396,3.2704198,-0.060322944
123,2026-05-11 16:10:08.457004,0.54308045,-0.12256813,1.8845003,2.58396,3.2704198,-0.060322944
124,2026-05-11 16:10:08.459628,0.54308045,-0.12256813,1.8845003,2.58396,3.2704198,-0.060322944
125,2026-05-11 16:10:08.462344,0.54308045,-0.12256813,1.8845003,2.58396,3.2704198,-0.060322944
126,2026-05-11 16:10:08.464924,0.54308045,-0.12256813,1.8845003,2.58396,3.2704198,-0.060322944
127,2026-05-11 16:10:08.468022,0.54308045,-0.12256813,1.8845003,2.58396,3.2704198,-0.060322944
128,2026-05-11 16:10:08.470774,0.54308045,-0.12256813,1.8845003,2.58396,3.2704198,-0.060322944
129,2026-05-11 16:10:08.473466,0.54308045,-0.12256813,1.8845003,2.58396,3.2704198,-0.060322944
130,2026-05-11 16:10:08.476282,0.54308045,-0.12256813,1.8845003,2.58396,3.2704198,-0.060322944
131,2026-05-11 16:10:08.479013,0.4732593,-0.15098442,2.1003664,2.58396,3.2704198,-0.060322944
132,2026-05-11 16:10:08.481644,0.4732593,-0.15098442,2.1003664,2.58396,3.2704198,-0.060322944
133,2026-05-11 16:10:08.484764,0.4732593,-0.15098442,2.1003664,2.58396,3.2704198,-0.060322944
134,2026-05-11 16:10:08.487533,0.4732593,-0.15098442,2.1003664,2.58396,3.2704198,-0.060322944
135,2026-05-11 16:10:08.490100,0.4732593,-0.15098442,2.1003664,2.58396,3.2704198,-0.060322944
136,2026-05-11 16:10:08.492803,0.4732593,-0.15098442,2.1003664,2.58396,3.2704198,-0.060322944
137,2026-05-11 16:10:08.495323,0.4732593,-0.15098442,2.1003664,2.58396,3.2704198,-0.060322944
138,2026-05-11 16:10:08.497846,0.4732593,-0.15098442,2.1003664,2.58396,3.2704198,-0.060322944
139,2026-05-11 16:10:08.500920,0.4732593,-0.15098442,2.1003664,2.58396,3.2704198,-0.060322944
140,2026-05-11 16:10:08.503637,0.4732593,-0.15098442,2.1003664,2.58396,3.2704198,-0.060322944
141,2026-05-11 16:10:08.506273,0.4732593,-0.15098442,2.1003664,2.58396,3.2704198,-0.060322944
142,2026-05-11 16:10:08.508999,0.4732593,-0.15098442,2.1003664,2.58396,3.2704198,-0.060322944
143,2026-05-11 16:10:08.511612,0.4732593,-0.15098442,2.1003664,2.58396,3.2704198,-0.060322944
144,2026-05-11 16:10:08.514236,0.4732593,-0.15098442,2.1003664,2.58396,3.2704198,-0.060322944
145,2026-05-11 16:10:08.517247,0.4732593,-0.15098442,2.1003664,2.58396,3.2704198,-0.060322944
146,2026-05-11 16:10:08.520008,0.4732593,-0.15098442,2.1003664,2.58396,3.2704198,-0.060322944
147,2026-05-11 16:10:08.522559,0.4732593,-0.15098442,2.1003664,2.58396,3.2704198,-0.060322944
148,2026-05-11 16:10:08.525138,0.4732593,-0.15098442,2.1003664,2.58396,3.2704198,-0.060322944
149,2026-05-11 16:10:08.527759,0.4732593,-0.15098442,2.1003664,2.58396,3.2704198,-0.060322944
150,2026-05-11 16:10:08.530297,0.4732593,-0.15098442,2.1003664,2.58396,3.2704198,-0.060322944
151,2026-05-11 16:10:08.533205,0.4732593,-0.15098442,2.1003664,2.5505152,3.2247577,-0.075289145
152,2026-05-11 16:10:08.536187,0.4732593,-0.15098442,2.1003664,2.5505152,3.2247577,-0.075289145
153,2026-05-11 16:10:08.538760,0.4732593,-0.15098442,2.1003664,2.5505152,3.2247577,-0.075289145
154,2026-05-11 16:10:08.541358,0.4732593,-0.15098442,2.1003664,2.5505152,3.2247577,-0.075289145
155,2026-05-11 16:10:08.543972,0.4732593,-0.15098442,2.1003664,2.5505152,3.2247577,-0.075289145
156,2026-05-11 16:10:08.546745,0.4732593,-0.15098442,2.1003664,2.5505152,3.2247577,-0.075289145
157,2026-05-11 16:10:08.549386,0.4732593,-0.15098442,2.1003664,2.5505152,3.2247577,-0.075289145
158,2026-05-11 16:10:08.552431,0.4732593,-0.15098442,2.1003664,2.5505152,3.2247577,-0.075289145
159,2026-05-11 16:10:08.555226,0.4732593,-0.15098442,2.1003664,2.5505152,3.2247577,-0.075289145
160,2026-05-11 16:10:08.557802,0.4732593,-0.15098442,2.1003664,2.5505152,3.2247577,-0.075289145
161,2026-05-11 16:10:08.560381,0.4732593,-0.15098442,2.1003664,2.5505152,3.2247577,-0.075289145
162,2026-05-11 16:10:08.563077,0.4732593,-0.15098442,2.1003664,2.5505152,3.2247577,-0.075289145
163,2026-05-11 16:10:08.565863,0.4732593,-0.15098442,2.1003664,2.5505152,3.2247577,-0.075289145
164,2026-05-11 16:10:08.568968,0.4732593,-0.15098442,2.1003664,2.5505152,3.2247577,-0.075289145
165,2026-05-11 16:10:08.571570,0.4732593,-0.15098442,2.1003664,2.5505152,3.2247577,-0.075289145
166,2026-05-11 16:10:08.574354,0.4732593,-0.15098442,2.1003664,2.5505152,3.2247577,-0.075289145
167,2026-05-11 16:10:08.576920,0.4732593,-0.15098442,2.1003664,2.5505152,3.2247577,-0.075289145
168,2026-05-11 16:10:08.579795,0.4732593,-0.15098442,2.1003664,2.5505152,3.2247577,-0.075289145
169,2026-05-11 16:10:08.582400,0.4732593,-0.15098442,2.1003664,2.5505152,3.2247577,-0.075289145
170,2026-05-11 16:10:08.585407,0.4732593,-0.15098442,2.1003664,2.5505152,3.2247577,-0.075289145
171,2026-05-11 16:10:08.588054,0.4732593,-0.15098442,2.1003664,2.5505152,3.2247577,-0.075289145
172,2026-05-11 16:10:08.590633,0.4732593,-0.15098442,2.1003664,2.5505152,3.2247577,-0.075289145
173,2026-05-11 16:10:08.593206,0.4732593,-0.15098442,2.1003664,2.5505152,3.2247577,-0.075289145
174,2026-05-11 16:10:08.595973,0.4732593,-0.15098442,2.1003664,2.5505152,3.2247577,-0.075289145
175,2026-05-11 16:10:08.598558,0.4732593,-0.15098442,2.1003664,2.5505152,3.2247577,-0.075289145
176,2026-05-11 16:10:08.601669,0.4732593,-0.15098442,2.1003664,2.5505152,3.2247577,-0.075289145
177,2026-05-11 16:10:08.604396,0.4732593,-0.15098442,2.1003664,2.5505152,3.2247577,-0.075289145
178,2026-05-11 16:10:08.606978,0.4732593,-0.15098442,2.1003664,2.5505152,3.2247577,-0.075289145
179,2026-05-11 16:10:08.609608,0.4732593,-0.15098442,2.1003664,2.5505152,3.2247577,-0.075289145
180,2026-05-11 16:10:08.612118,0.4732593,-0.15098442,2.1003664,2.5505152,3.2247577,-0.075289145
181,2026-05-11 16:10:08.614823,0.4732593,-0.15098442,2.1003664,2.5505152,3.2247577,-0.075289145
182,2026-05-11 16:10:08.617782,0.4732593,-0.15098442,2.1003664,2.5505152,3.2247577,-0.075289145
183,2026-05-11 16:10:08.620413,0.4732593,-0.15098442,2.1003664,2.5505152,3.2247577,-0.075289145
184,2026-05-11 16:10:08.623143,0.4732593,-0.15098442,2.1003664,2.5505152,3.2247577,-0.075289145
185,2026-05-11 16:10:08.625708,0.4732593,-0.15098442,2.1003664,2.5505152,3.2247577,-0.075289145
186,2026-05-11 16:10:08.628526,0.4732593,-0.15098442,2.1003664,2.5505152,3.2247577,-0.075289145
187,2026-05-11 16:10:08.631132,0.4732593,-0.15098442,2.1003664,2.5505152,3.2247577,-0.075289145
188,2026-05-11 16:10:08.634198,0.4732593,-0.15098442,2.1003664,2.5505152,3.2247577,-0.075289145
189,2026-05-11 16:10:08.637002,0.4732593,-0.15098442,2.1003664,2.5505152,3.2247577,-0.075289145
190,2026-05-11 16:10:08.639685,0.4732593,-0.15098442,2.1003664,2.5505152,3.2247577,-0.075289145
191,2026-05-11 16:10:08.642234,0.4732593,-0.15098442,2.1003664,2.5505152,3.2247577,-0.075289145
192,2026-05-11 16:10:08.644978,0.4732593,-0.15098442,2.1003664,2.5505152,3.2247577,-0.075289145
193,2026-05-11 16:10:08.647547,0.4732593,-0.15098442,2.1003664,2.5505152,3.2247577,-0.075289145
194,2026-05-11 16:10:08.650581,0.4732593,-0.15098442,2.1003664,2.5505152,3.2247577,-0.075289145
195,2026-05-11 16:10:08.653509,0.4732593,-0.15098442,2.1003664,2.5505152,3.2247577,-0.075289145
196,2026-05-11 16:10:08.656183,0.4732593,-0.15098442,2.1003664,2.5505152,3.2247577,-0.075289145
197,2026-05-11 16:10:08.658851,0.4732593,-0.15098442,2.1003664,2.5505152,3.2247577,-0.075289145
198,2026-05-11 16:10:08.661592,0.4732593,-0.15098442,2.1003664,2.5505152,3.2247577,-0.075289145
199,2026-05-11 16:10:08.664199,0.4732593,-0.15098442,2.1003664,2.5505152,3.2247577,-0.075289145
200,2026-05-11 16:10:08.667288,0.4732593,-0.15098442,2.1003664,2.5505152,3.2247577,-0.075289145
201,2026-05-11 16:10:08.670063,0.4732593,-0.15098442,2.1003664,2.5505152,3.2247577,-0.075289145
202,2026-05-11 16:10:08.672823,0.4732593,-0.15098442,2.1003664,2.5505152,3.2247577,-0.075289145
203,2026-05-11 16:10:08.675378,0.4732593,-0.15098442,2.1003664,2.5505152,3.2247577,-0.075289145
204,2026-05-11 16:10:08.678177,0.4732593,-0.15098442,2.1003664,2.5505152,3.2247577,-0.075289145
205,2026-05-11 16:10:08.680882,0.5685698,-0.09555435,1.8194354,2.3924537,3.110373,-0.1470658
206,2026-05-11 16:10:08.683725,0.5685698,-0.09555435,1.8194354,2.3924537,3.110373,-0.1470658
207,2026-05-11 16:10:08.686920,0.5685698,-0.09555435,1.8194354,2.3924537,3.110373,-0.1470658
208,2026-05-11 16:10:08.689656,0.5685698,-0.09555435,1.8194354,2.3924537,3.110373,-0.1470658
209,2026-05-11 16:10:08.692257,0.5685698,-0.09555435,1.8194354,2.3924537,3.110373,-0.1470658
210,2026-05-11 16:10:08.695074,0.5685698,-0.09555435,1.8194354,2.3924537,3.110373,-0.1470658
211,2026-05-11 16:10:08.697689,0.5685698,-0.09555435,1.8194354,2.3924537,3.110373,-0.1470658
212,2026-05-11 16:10:08.700365,0.5685698,-0.09555435,1.8194354,2.3924537,3.110373,-0.1470658
213,2026-05-11 16:10:08.703553,0.5685698,-0.09555435,1.8194354,2.3924537,3.110373,-0.1470658
214,2026-05-11 16:10:08.706462,0.5685698,-0.09555435,1.8194354,2.3924537,3.110373,-0.1470658
215,2026-05-11 16:10:08.709033,0.5685698,-0.09555435,1.8194354,2.3924537,3.110373,-0.1470658
216,2026-05-11 16:10:08.711646,0.5685698,-0.09555435,1.8194354,2.3924537,3.110373,-0.1470658
217,2026-05-11 16:10:08.714393,0.5685698,-0.09555435,1.8194354,2.3924537,3.110373,-0.1470658
218,2026-05-11 16:10:08.717424,0.5685698,-0.09555435,1.8194354,2.3924537,3.110373,-0.1470658
219,2026-05-11 16:10:08.720468,0.5685698,-0.09555435,1.8194354,2.3924537,3.110373,-0.1470658
220,2026-05-11 16:10:08.723562,0.7333355,-0.07049192,1.873768,2.3924537,3.110373,-0.1470658
221,2026-05-11 16:10:08.726630,0.7333355,-0.07049192,1.873768,2.3924537,3.110373,-0.1470658
222,2026-05-11 16:10:08.729473,0.7333355,-0.07049192,1.873768,2.3924537,3.110373,-0.1470658
223,2026-05-11 16:10:08.732263,0.7333355,-0.07049192,1.873768,2.3924537,3.110373,-0.1470658
224,2026-05-11 16:10:08.735505,0.7333355,-0.07049192,1.873768,2.3924537,3.110373,-0.1470658
225,2026-05-11 16:10:08.738267,0.7333355,-0.07049192,1.873768,2.3924537,3.110373,-0.1470658
226,2026-05-11 16:10:08.740997,0.7333355,-0.07049192,1.873768,2.3924537,3.110373,-0.1470658
227,2026-05-11 16:10:08.743899,0.7333355,-0.07049192,1.873768,2.3924537,3.110373,-0.1470658
228,2026-05-11 16:10:08.746499,0.7333355,-0.07049192,1.873768,2.3924537,3.110373,-0.1470658
229,2026-05-11 16:10:08.749319,0.7333355,-0.07049192,1.873768,2.3924537,3.110373,-0.1470658
230,2026-05-11 16:10:08.752385,0.7333355,-0.07049192,1.873768,2.0847304,3.0133982,-0.28893927
231,2026-05-11 16:10:08.755094,0.7333355,-0.07049192,1.873768,2.0847304,3.0133982,-0.28893927
232,2026-05-11 16:10:08.757649,0.7333355,-0.07049192,1.873768,2.0847304,3.0133982,-0.28893927
233,2026-05-11 16:10:08.760469,0.7333355,-0.07049192,1.873768,2.0847304,3.0133982,-0.28893927
234,2026-05-11 16:10:08.763071,0.7333355,-0.07049192,1.873768,2.0847304,3.0133982,-0.28893927
235,2026-05-11 16:10:08.766343,0.7333355,-0.07049192,1.873768,2.0847304,3.0133982,-0.28893927
236,2026-05-11 16:10:08.769224,0.7333355,-0.07049192,1.873768,2.0847304,3.0133982,-0.28893927
237,2026-05-11 16:10:08.771989,0.7333355,-0.07049192,1.873768,2.0847304,3.0133982,-0.28893927
238,2026-05-11 16:10:08.774596,0.7333355,-0.07049192,1.873768,2.0847304,3.0133982,-0.28893927
239,2026-05-11 16:10:08.777168,0.7333355,-0.07049192,1.873768,2.0847304,3.0133982,-0.28893927
240,2026-05-11 16:10:08.779758,0.7333355,-0.07049192,1.873768,2.0847304,3.0133982,-0.28893927
241,2026-05-11 16:10:08.782403,0.7333355,-0.07049192,1.873768,2.0847304,3.0133982,-0.28893927
242,2026-05-11 16:10:08.785581,0.7333355,-0.07049192,1.873768,2.0847304,3.0133982,-0.28893927
243,2026-05-11 16:10:08.788425,0.7333355,-0.07049192,1.873768,2.0847304,3.0133982,-0.28893927
244,2026-05-11 16:10:08.791039,0.7333355,-0.07049192,1.873768,2.0847304,3.0133982,-0.28893927
245,2026-05-11 16:10:08.793669,0.7333355,-0.07049192,1.873768,2.0847304,3.0133982,-0.28893927
246,2026-05-11 16:10:08.796479,0.7333355,-0.07049192,1.873768,2.0847304,3.0133982,-0.28893927
247,2026-05-11 16:10:08.799264,0.7333355,-0.07049192,1.873768,2.0847304,3.0133982,-0.28893927
248,2026-05-11 16:10:08.802676,0.7333355,-0.07049192,1.873768,2.0847304,3.0133982,-0.28893927
249,2026-05-11 16:10:08.805525,0.7333355,-0.07049192,1.873768,2.0847304,3.0133982,-0.28893927
250,2026-05-11 16:10:08.808304,0.7333355,-0.07049192,1.873768,2.0847304,3.0133982,-0.28893927
251,2026-05-11 16:10:08.810901,0.7333355,-0.07049192,1.873768,2.0847304,3.0133982,-0.28893927
252,2026-05-11 16:10:08.813599,0.7333355,-0.07049192,1.873768,2.0847304,3.0133982,-0.28893927
253,2026-05-11 16:10:08.816714,0.7333355,-0.07049192,1.873768,2.0847304,3.0133982,-0.28893927
254,2026-05-11 16:10:08.819561,0.7333355,-0.07049192,1.873768,2.0847304,3.0133982,-0.28893927
255,2026-05-11 16:10:08.822215,0.89249104,-0.096042186,2.069999,1.9894354,2.990338,-0.47708577
256,2026-05-11 16:10:08.824980,0.89249104,-0.096042186,2.069999,1.9894354,2.990338,-0.47708577
257,2026-05-11 16:10:08.827664,0.89249104,-0.096042186,2.069999,1.9894354,2.990338,-0.47708577
258,2026-05-11 16:10:08.830402,0.89249104,-0.096042186,2.069999,1.9894354,2.990338,-0.47708577
259,2026-05-11 16:10:08.833352,0.89249104,-0.096042186,2.069999,1.9894354,2.990338,-0.47708577
260,2026-05-11 16:10:08.836277,0.89249104,-0.096042186,2.069999,1.9894354,2.990338,-0.47708577
261,2026-05-11 16:10:08.839069,0.89249104,-0.096042186,2.069999,1.9894354,2.990338,-0.47708577
262,2026-05-11 16:10:08.841699,0.89249104,-0.096042186,2.069999,1.9894354,2.990338,-0.47708577
263,2026-05-11 16:10:08.844312,0.89249104,-0.096042186,2.069999,1.9894354,2.990338,-0.47708577
264,2026-05-11 16:10:08.847085,0.89249104,-0.096042186,2.069999,1.9894354,2.990338,-0.47708577
265,2026-05-11 16:10:08.850251,0.89249104,-0.096042186,2.069999,1.9894354,2.990338,-0.47708577
266,2026-05-11 16:10:08.853147,0.89249104,-0.096042186,2.069999,1.9894354,2.990338,-0.47708577
267,2026-05-11 16:10:08.855739,0.89249104,-0.096042186,2.069999,1.9894354,2.990338,-0.47708577
268,2026-05-11 16:10:08.858589,0.89249104,-0.096042186,2.069999,1.9894354,2.990338,-0.47708577
269,2026-05-11 16:10:08.861298,0.89249104,-0.096042186,2.069999,1.9894354,2.990338,-0.47708577
270,2026-05-11 16:10:08.864040,0.89249104,-0.096042186,2.069999,1.9894354,2.990338,-0.47708577
271,2026-05-11 16:10:08.867168,0.89249104,-0.096042186,2.069999,1.9894354,2.990338,-0.47708577
272,2026-05-11 16:10:08.869973,0.89249104,-0.096042186,2.069999,1.9894354,2.990338,-0.47708577
273,2026-05-11 16:10:08.872566,0.89249104,-0.096042186,2.069999,1.9894354,2.990338,-0.47708577
274,2026-05-11 16:10:08.875322,0.89249104,-0.096042186,2.069999,1.9894354,2.990338,-0.47708577
275,2026-05-11 16:10:08.877864,0.89249104,-0.096042186,2.069999,1.9894354,2.990338,-0.47708577
276,2026-05-11 16:10:08.880505,0.89249104,-0.096042186,2.069999,1.9894354,2.990338,-0.47708577
277,2026-05-11 16:10:08.883307,0.89249104,-0.096042186,2.069999,1.9894354,2.990338,-0.47708577
278,2026-05-11 16:10:08.886154,0.89249104,-0.096042186,2.069999,1.9894354,2.990338,-0.47708577
279,2026-05-11 16:10:08.888816,0.89249104,-0.096042186,2.069999,1.9894354,2.990338,-0.47708577
280,2026-05-11 16:10:08.891357,0.89249104,-0.096042186,2.069999,1.9894354,2.990338,-0.47708577
281,2026-05-11 16:10:08.893969,0.89249104,-0.096042186,2.069999,1.9894354,2.990338,-0.47708577
282,2026-05-11 16:10:08.896492,0.89249104,-0.096042186,2.069999,1.9894354,2.990338,-0.47708577
283,2026-05-11 16:10:08.899190,0.89249104,-0.096042186,2.069999,1.9894354,2.990338,-0.47708577
284,2026-05-11 16:10:08.902192,0.89249104,-0.096042186,2.069999,1.9894354,2.990338,-0.47708577
285,2026-05-11 16:10:08.904938,0.89249104,-0.096042186,2.069999,1.9894354,2.990338,-0.47708577
286,2026-05-11 16:10:08.907629,0.89249104,-0.096042186,2.069999,1.9894354,2.990338,-0.47708577
287,2026-05-11 16:10:08.910217,0.89249104,-0.096042186,2.069999,1.9894354,2.990338,-0.47708577
288,2026-05-11 16:10:08.912849,0.89249104,-0.096042186,2.069999,1.9894354,2.990338,-0.47708577
289,2026-05-11 16:10:08.915408,0.89249104,-0.096042186,2.069999,1.9894354,2.990338,-0.47708577
290,2026-05-11 16:10:08.918468,0.89249104,-0.096042186,2.069999,1.9894354,2.990338,-0.47708577
291,2026-05-11 16:10:08.921096,0.89249104,-0.096042186,2.069999,1.9894354,2.990338,-0.47708577
292,2026-05-11 16:10:08.923786,0.89249104,-0.096042186,2.069999,1.9894354,2.990338,-0.47708577
293,2026-05-11 16:10:08.926383,0.89249104,-0.096042186,2.069999,1.9894354,2.990338,-0.47708577
294,2026-05-11 16:10:08.929126,0.89249104,-0.096042186,2.069999,1.9894354,2.990338,-0.47708577
295,2026-05-11 16:10:08.931709,0.89249104,-0.096042186,2.069999,1.9894354,2.990338,-0.47708577
296,2026-05-11 16:10:08.934658,0.89249104,-0.096042186,2.069999,1.9894354,2.990338,-0.47708577
297,2026-05-11 16:10:08.937344,0.89249104,-0.096042186,2.069999,1.9894354,2.990338,-0.47708577
298,2026-05-11 16:10:08.939942,0.89249104,-0.096042186,2.069999,1.9894354,2.990338,-0.47708577
299,2026-05-11 16:10:08.942456,0.89249104,-0.096042186,2.069999,1.9894354,2.990338,-0.47708577
300,2026-05-11 16:10:08.945171,0.89249104,-0.096042186,2.069999,1.9894354,2.990338,-0.47708577
301,2026-05-11 16:10:08.947689,0.89249104,-0.096042186,2.069999,1.9894354,2.990338,-0.47708577
302,2026-05-11 16:10:08.950740,0.89249104,-0.096042186,2.069999,1.9894354,2.990338,-0.47708577
303,2026-05-11 16:10:08.953371,0.89249104,-0.096042186,2.069999,1.9894354,2.990338,-0.47708577
304,2026-05-11 16:10:08.955898,0.89249104,-0.096042186,2.069999,1.9894354,2.990338,-0.47708577
305,2026-05-11 16:10:08.958594,0.89249104,-0.096042186,2.069999,1.9894354,2.990338,-0.47708577
306,2026-05-11 16:10:08.961152,0.89249104,-0.096042186,2.069999,1.9894354,2.990338,-0.47708577
307,2026-05-11 16:10:08.963708,0.89249104,-0.096042186,2.069999,1.9894354,2.990338,-0.47708577
308,2026-05-11 16:10:08.966803,0.89249104,-0.096042186,2.069999,1.9894354,2.990338,-0.47708577
309,2026-05-11 16:10:08.969457,0.89249104,-0.096042186,2.069999,1.9894354,2.990338,-0.47708577
310,2026-05-11 16:10:08.971999,0.89249104,-0.096042186,2.069999,1.9894354,2.990338,-0.47708577
311,2026-05-11 16:10:08.974711,0.89249104,-0.096042186,2.069999,1.9894354,2.990338,-0.47708577
312,2026-05-11 16:10:08.977333,0.89249104,-0.096042186,2.069999,1.9894354,2.990338,-0.47708577
313,2026-05-11 16:10:08.979883,0.89249104,-0.096042186,2.069999,1.9894354,2.990338,-0.47708577
314,2026-05-11 16:10:08.982531,0.89249104,-0.096042186,2.069999,1.9894354,2.990338,-0.47708577
315,2026-05-11 16:10:08.985561,0.89249104,-0.096042186,2.069999,2.5696046,3.4701726,-0.9095783
316,2026-05-11 16:10:08.988455,0.89249104,-0.096042186,2.069999,2.5696046,3.4701726,-0.9095783
317,2026-05-11 16:10:08.991125,0.89249104,-0.096042186,2.069999,2.5696046,3.4701726,-0.9095783
318,2026-05-11 16:10:08.993776,0.84321994,-0.2824555,2.3137326,2.5696046,3.4701726,-0.9095783
319,2026-05-11 16:10:08.996494,0.84321994,-0.2824555,2.3137326,2.5696046,3.4701726,-0.9095783
320,2026-05-11 16:10:08.999043,0.84321994,-0.2824555,2.3137326,2.5696046,3.4701726,-0.9095783
321,2026-05-11 16:10:09.002239,0.84321994,-0.2824555,2.3137326,2.5696046,3.4701726,-0.9095783
322,2026-05-11 16:10:09.004968,0.84321994,-0.2824555,2.3137326,2.5696046,3.4701726,-0.9095783
323,2026-05-11 16:10:09.007709,0.84321994,-0.2824555,2.3137326,2.5696046,3.4701726,-0.9095783
324,2026-05-11 16:10:09.010341,0.84321994,-0.2824555,2.3137326,2.5696046,3.4701726,-0.9095783
325,2026-05-11 16:10:09.013159,0.84321994,-0.2824555,2.3137326,2.5696046,3.4701726,-0.9095783
326,2026-05-11 16:10:09.015840,0.84321994,-0.2824555,2.3137326,2.5696046,3.4701726,-0.9095783
327,2026-05-11 16:10:09.018973,0.84321994,-0.2824555,2.3137326,2.5696046,3.4701726,-0.9095783
328,2026-05-11 16:10:09.021568,0.84321994,-0.2824555,2.3137326,2.5696046,3.4701726,-0.9095783
329,2026-05-11 16:10:09.024083,0.84321994,-0.2824555,2.3137326,2.5696046,3.4701726,-0.9095783
330,2026-05-11 16:10:09.026791,0.84321994,-0.2824555,2.3137326,2.5696046,3.4701726,-0.9095783
331,2026-05-11 16:10:09.029497,0.84321994,-0.2824555,2.3137326,2.5696046,3.4701726,-0.9095783
332,2026-05-11 16:10:09.032051,0.84321994,-0.2824555,2.3137326,2.5696046,3.4701726,-0.9095783
333,2026-05-11 16:10:09.035023,0.84321994,-0.2824555,2.3137326,2.5696046,3.4701726,-0.9095783
334,2026-05-11 16:10:09.037646,0.84321994,-0.2824555,2.3137326,2.5696046,3.4701726,-0.9095783
335,2026-05-11 16:10:09.040340,0.84321994,-0.2824555,2.3137326,2.5696046,3.4701726,-0.9095783
336,2026-05-11 16:10:09.043009,0.84321994,-0.2824555,2.3137326,2.5696046,3.4701726,-0.9095783
337,2026-05-11 16:10:09.045546,0.84321994,-0.2824555,2.3137326,2.5696046,3.4701726,-0.9095783
338,2026-05-11 16:10:09.048098,0.84321994,-0.2824555,2.3137326,2.5696046,3.4701726,-0.9095783
339,2026-05-11 16:10:09.051068,0.84321994,-0.2824555,2.3137326,2.5696046,3.4701726,-0.9095783
340,2026-05-11 16:10:09.053791,0.84321994,-0.2824555,2.3137326,2.5696046,3.4701726,-0.9095783
341,2026-05-11 16:10:09.056313,0.84321994,-0.2824555,2.3137326,2.5696046,3.4701726,-0.9095783
342,2026-05-11 16:10:09.058823,0.84321994,-0.2824555,2.3137326,2.5696046,3.4701726,-0.9095783
343,2026-05-11 16:10:09.061386,0.84321994,-0.2824555,2.3137326,2.5696046,3.4701726,-0.9095783
344,2026-05-11 16:10:09.063989,0.84321994,-0.2824555,2.3137326,2.5696046,3.4701726,-0.9095783
345,2026-05-11 16:10:09.067131,0.84321994,-0.2824555,2.3137326,2.5696046,3.4701726,-0.9095783
346,2026-05-11 16:10:09.069861,0.84321994,-0.2824555,2.3137326,2.5696046,3.4701726,-0.9095783
347,2026-05-11 16:10:09.072433,0.84321994,-0.2824555,2.3137326,2.5696046,3.4701726,-0.9095783
348,2026-05-11 16:10:09.075148,0.84321994,-0.2824555,2.3137326,2.5696046,3.4701726,-0.9095783
349,2026-05-11 16:10:09.077742,0.84321994,-0.2824555,2.3137326,2.5696046,3.4701726,-0.9095783
350,2026-05-11 16:10:09.080369,0.84321994,-0.2824555,2.3137326,2.5696046,3.4701726,-0.9095783
351,2026-05-11 16:10:09.083183,0.84321994,-0.2824555,2.3137326,2.5696046,3.4701726,-0.9095783
352,2026-05-11 16:10:09.086321,0.84321994,-0.2824555,2.3137326,2.5696046,3.4701726,-0.9095783
353,2026-05-11 16:10:09.089104,0.84321994,-0.2824555,2.3137326,2.5696046,3.4701726,-0.9095783
354,2026-05-11 16:10:09.091780,0.84321994,-0.2824555,2.3137326,2.5696046,3.4701726,-0.9095783
355,2026-05-11 16:10:09.094559,0.7365674,-0.38453463,2.2463505,2.5696046,3.4701726,-0.9095783
356,2026-05-11 16:10:09.097275,0.7365674,-0.38453463,2.2463505,2.5696046,3.4701726,-0.9095783
357,2026-05-11 16:10:09.100452,0.7365674,-0.38453463,2.2463505,2.5696046,3.4701726,-0.9095783
358,2026-05-11 16:10:09.103275,0.7365674,-0.38453463,2.2463505,2.5696046,3.4701726,-0.9095783
359,2026-05-11 16:10:09.105878,0.7365674,-0.38453463,2.2463505,2.5696046,3.4701726,-0.9095783
360,2026-05-11 16:10:09.108789,0.7365674,-0.38453463,2.2463505,2.5696046,3.4701726,-0.9095783
361,2026-05-11 16:10:09.111393,0.7365674,-0.38453463,2.2463505,2.5696046,3.4701726,-0.9095783
362,2026-05-11 16:10:09.114105,0.7365674,-0.38453463,2.2463505,2.5696046,3.4701726,-0.9095783
363,2026-05-11 16:10:09.117178,0.7365674,-0.38453463,2.2463505,2.5696046,3.4701726,-0.9095783
364,2026-05-11 16:10:09.120027,0.7365674,-0.38453463,2.2463505,2.5696046,3.4701726,-0.9095783
365,2026-05-11 16:10:09.122722,0.7365674,-0.38453463,2.2463505,2.5696046,3.4701726,-0.9095783
366,2026-05-11 16:10:09.125378,0.7365674,-0.38453463,2.2463505,2.5696046,3.4701726,-0.9095783
367,2026-05-11 16:10:09.127989,0.7365674,-0.38453463,2.2463505,2.5696046,3.4701726,-0.9095783
368,2026-05-11 16:10:09.130695,0.7365674,-0.38453463,2.2463505,2.5696046,3.4701726,-0.9095783
369,2026-05-11 16:10:09.133627,0.7365674,-0.38453463,2.2463505,2.908635,3.8887682,-0.9195049
370,2026-05-11 16:10:09.136424,0.7365674,-0.38453463,2.2463505,2.908635,3.8887682,-0.9195049
371,2026-05-11 16:10:09.139133,0.7365674,-0.38453463,2.2463505,2.908635,3.8887682,-0.9195049
372,2026-05-11 16:10:09.141730,0.7365674,-0.38453463,2.2463505,2.908635,3.8887682,-0.9195049
373,2026-05-11 16:10:09.144336,0.7365674,-0.38453463,2.2463505,2.908635,3.8887682,-0.9195049
374,2026-05-11 16:10:09.146876,0.7365674,-0.38453463,2.2463505,2.908635,3.8887682,-0.9195049
375,2026-05-11 16:10:09.149746,0.7365674,-0.38453463,2.2463505,2.908635,3.8887682,-0.9195049
376,2026-05-11 16:10:09.152514,0.7365674,-0.38453463,2.2463505,2.908635,3.8887682,-0.9195049
377,2026-05-11 16:10:09.155083,0.7365674,-0.38453463,2.2463505,2.908635,3.8887682,-0.9195049
378,2026-05-11 16:10:09.157735,0.7365674,-0.38453463,2.2463505,2.908635,3.8887682,-0.9195049
379,2026-05-11 16:10:09.160277,0.7365674,-0.38453463,2.2463505,2.908635,3.8887682,-0.9195049
380,2026-05-11 16:10:09.162807,0.7365674,-0.38453463,2.2463505,2.908635,3.8887682,-0.9195049
381,2026-05-11 16:10:09.165575,0.7365674,-0.38453463,2.2463505,2.908635,3.8887682,-0.9195049
382,2026-05-11 16:10:09.168558,0.7365674,-0.38453463,2.2463505,2.908635,3.8887682,-0.9195049
383,2026-05-11 16:10:09.171378,0.7365674,-0.38453463,2.2463505,2.908635,3.8887682,-0.9195049
384,2026-05-11 16:10:09.173978,0.7365674,-0.38453463,2.2463505,2.908635,3.8887682,-0.9195049
385,2026-05-11 16:10:09.176553,0.7365674,-0.38453463,2.2463505,2.908635,3.8887682,-0.9195049
386,2026-05-11 16:10:09.179305,0.7365674,-0.38453463,2.2463505,2.908635,3.8887682,-0.9195049
387,2026-05-11 16:10:09.181887,0.7365674,-0.38453463,2.2463505,2.908635,3.8887682,-0.9195049
388,2026-05-11 16:10:09.184950,0.7365674,-0.38453463,2.2463505,2.908635,3.8887682,-0.9195049
389,2026-05-11 16:10:09.187645,0.7365674,-0.38453463,2.2463505,2.908635,3.8887682,-0.9195049
390,2026-05-11 16:10:09.190265,0.7365674,-0.38453463,2.2463505,2.908635,3.8887682,-0.9195049
391,2026-05-11 16:10:09.192992,0.7365674,-0.38453463,2.2463505,2.908635,3.8887682,-0.9195049
392,2026-05-11 16:10:09.195571,0.7365674,-0.38453463,2.2463505,2.908635,3.8887682,-0.9195049
393,2026-05-11 16:10:09.198145,0.7365674,-0.38453463,2.2463505,2.908635,3.8887682,-0.9195049
394,2026-05-11 16:10:09.200984,0.7365674,-0.38453463,2.2463505,2.908635,3.8887682,-0.9195049
395,2026-05-11 16:10:09.203819,0.7365674,-0.38453463,2.2463505,2.908635,3.8887682,-0.9195049
396,2026-05-11 16:10:09.206403,0.7365674,-0.38453463,2.2463505,2.908635,3.8887682,-0.9195049
397,2026-05-11 16:10:09.208941,0.7365674,-0.38453463,2.2463505,2.908635,3.8887682,-0.9195049
398,2026-05-11 16:10:09.211605,0.7365674,-0.38453463,2.2463505,2.908635,3.8887682,-0.9195049
399,2026-05-11 16:10:09.214143,0.7365674,-0.38453463,2.2463505,2.908635,3.8887682,-0.9195049
400,2026-05-11 16:10:09.217129,0.7365674,-0.38453463,2.2463505,2.908635,3.8887682,-0.9195049
401,2026-05-11 16:10:09.219950,0.7365674,-0.38453463,2.2463505,2.908635,3.8887682,-0.9195049
402,2026-05-11 16:10:09.226550,0.7365674,-0.38453463,2.2463505,2.908635,3.8887682,-0.9195049
403,2026-05-11 16:10:09.248353,0.67863715,-0.54728806,1.3834344,3.5434766,5.491373,-0.8526152
404,2026-05-11 16:10:09.252494,0.67863715,-0.54728806,1.3834344,3.5434766,5.491373,-0.8526152
405,2026-05-11 16:10:09.260637,0.67863715,-0.54728806,1.3834344,3.5434766,5.491373,-0.8526152
406,2026-05-11 16:10:09.263383,0.67863715,-0.54728806,1.3834344,3.5434766,5.491373,-0.8526152
407,2026-05-11 16:10:09.266001,0.67863715,-0.54728806,1.3834344,3.5434766,5.491373,-0.8526152
408,2026-05-11 16:10:09.269272,0.67863715,-0.54728806,1.3834344,3.5434766,5.491373,-0.8526152
409,2026-05-11 16:10:09.271972,0.67863715,-0.54728806,1.3834344,3.7920988,5.5390205,-0.75854194
410,2026-05-11 16:10:09.274567,0.67863715,-0.54728806,1.3834344,3.7920988,5.5390205,-0.75854194
411,2026-05-11 16:10:09.277136,0.7213836,-0.5669843,1.027682,3.7920988,5.5390205,-0.75854194
412,2026-05-11 16:10:09.279751,0.7213836,-0.5669843,1.027682,3.7920988,5.5390205,-0.75854194
413,2026-05-11 16:10:09.282359,0.7213836,-0.5669843,1.027682,3.7920988,5.5390205,-0.75854194
414,2026-05-11 16:10:09.285620,0.7213836,-0.5669843,1.027682,3.7920988,5.5390205,-0.75854194
415,2026-05-11 16:10:09.288315,0.7213836,-0.5669843,1.027682,3.7920988,5.5390205,-0.75854194
416,2026-05-11 16:10:09.290906,0.7213836,-0.5669843,1.027682,3.7920988,5.5390205,-0.75854194
417,2026-05-11 16:10:09.293498,0.7213836,-0.5669843,1.027682,3.7920988,5.5390205,-0.75854194
418,2026-05-11 16:10:09.296297,0.7213836,-0.5669843,1.027682,3.7920988,5.5390205,-0.75854194
419,2026-05-11 16:10:09.299070,0.7213836,-0.5669843,1.027682,3.7920988,5.5390205,-0.75854194
420,2026-05-11 16:10:09.302236,0.7213836,-0.5669843,1.027682,3.7920988,5.5390205,-0.75854194
421,2026-05-11 16:10:09.304918,0.7213836,-0.5669843,1.027682,3.7920988,5.5390205,-0.75854194
422,2026-05-11 16:10:09.307588,0.7213836,-0.5669843,1.027682,3.7920988,5.5390205,-0.75854194
423,2026-05-11 16:10:09.310186,0.7213836,-0.5669843,1.027682,3.7920988,5.5390205,-0.75854194
424,2026-05-11 16:10:09.312962,0.7213836,-0.5669843,1.027682,3.7920988,5.5390205,-0.75854194
425,2026-05-11 16:10:09.315694,0.7213836,-0.5669843,1.027682,4.5376596,5.317582,-0.3923282
426,2026-05-11 16:10:09.318843,0.7213836,-0.5669843,1.027682,4.5376596,5.317582,-0.3923282
427,2026-05-11 16:10:09.321566,0.7213836,-0.5669843,1.027682,4.5376596,5.317582,-0.3923282
428,2026-05-11 16:10:09.324335,0.7213836,-0.5669843,1.027682,4.5376596,5.317582,-0.3923282
429,2026-05-11 16:10:09.326949,0.7213836,-0.5669843,1.027682,4.5376596,5.317582,-0.3923282
430,2026-05-11 16:10:09.329564,0.7213836,-0.5669843,1.027682,4.5376596,5.317582,-0.3923282
431,2026-05-11 16:10:09.332196,0.7213836,-0.5669843,1.027682,4.5376596,5.317582,-0.3923282
432,2026-05-11 16:10:09.335480,0.7213836,-0.5669843,1.027682,4.5376596,5.317582,-0.3923282
433,2026-05-11 16:10:09.338287,0.7213836,-0.5669843,1.027682,4.5376596,5.317582,-0.3923282
434,2026-05-11 16:10:09.341038,0.7213836,-0.5669843,1.027682,4.5376596,5.317582,-0.3923282
435,2026-05-11 16:10:09.343610,0.7213836,-0.5669843,1.027682,4.5376596,5.317582,-0.3923282
436,2026-05-11 16:10:09.346398,0.7213836,-0.5669843,1.027682,4.5376596,5.317582,-0.3923282
437,2026-05-11 16:10:09.349106,0.7213836,-0.5669843,1.027682,4.5376596,5.317582,-0.3923282
438,2026-05-11 16:10:09.352503,0.7213836,-0.5669843,1.027682,4.5376596,5.317582,-0.3923282
439,2026-05-11 16:10:09.355138,0.7213836,-0.5669843,1.027682,4.5376596,5.317582,-0.3923282
440,2026-05-11 16:10:09.357742,0.7213836,-0.5669843,1.027682,4.5376596,5.317582,-0.3923282
441,2026-05-11 16:10:09.360350,0.7213836,-0.5669843,1.027682,4.5376596,5.317582,-0.3923282
442,2026-05-11 16:10:09.362893,0.7213836,-0.5669843,1.027682,4.5376596,5.317582,-0.3923282
443,2026-05-11 16:10:09.365482,0.7213836,-0.5669843,1.027682,4.5376596,5.317582,-0.3923282
444,2026-05-11 16:10:09.368594,0.7213836,-0.5669843,1.027682,4.5376596,5.317582,-0.3923282
445,2026-05-11 16:10:09.371435,0.7213836,-0.5669843,1.027682,4.5376596,5.317582,-0.3923282
446,2026-05-11 16:10:09.374030,0.7213836,-0.5669843,1.027682,4.5376596,5.317582,-0.3923282
447,2026-05-11 16:10:09.376625,0.7213836,-0.5669843,1.027682,4.5376596,5.317582,-0.3923282
448,2026-05-11 16:10:09.379410,0.8470006,-0.47838157,0.91444355,4.5376596,5.317582,-0.3923282
449,2026-05-11 16:10:09.382002,0.8470006,-0.47838157,0.91444355,4.5376596,5.317582,-0.3923282
450,2026-05-11 16:10:09.385262,0.8470006,-0.47838157,0.91444355,4.5376596,5.317582,-0.3923282
451,2026-05-11 16:10:09.388024,0.8470006,-0.47838157,0.91444355,4.5376596,5.317582,-0.3923282
452,2026-05-11 16:10:09.390818,0.8470006,-0.47838157,0.91444355,4.5376596,5.317582,-0.3923282
453,2026-05-11 16:10:09.393453,0.8470006,-0.47838157,0.91444355,4.5376596,5.317582,-0.3923282
454,2026-05-11 16:10:09.395989,0.8470006,-0.47838157,0.91444355,4.5376596,5.317582,-0.3923282
455,2026-05-11 16:10:09.398752,0.8470006,-0.47838157,0.91444355,4.5376596,5.317582,-0.3923282
456,2026-05-11 16:10:09.401786,0.8470006,-0.47838157,0.91444355,4.5376596,5.317582,-0.3923282
457,2026-05-11 16:10:09.404583,0.8470006,-0.47838157,0.91444355,4.5376596,5.317582,-0.3923282
458,2026-05-11 16:10:09.407255,0.8470006,-0.47838157,0.91444355,4.5376596,5.317582,-0.3923282
459,2026-05-11 16:10:09.409999,0.8470006,-0.47838157,0.91444355,4.5376596,5.317582,-0.3923282
460,2026-05-11 16:10:09.412641,0.8470006,-0.47838157,0.91444355,4.5376596,5.317582,-0.3923282
461,2026-05-11 16:10:09.415220,0.8470006,-0.47838157,0.91444355,4.5376596,5.317582,-0.3923282
462,2026-05-11 16:10:09.418343,0.8470006,-0.47838157,0.91444355,4.5376596,5.317582,-0.3923282
463,2026-05-11 16:10:09.421116,0.8470006,-0.47838157,0.91444355,4.5376596,5.317582,-0.3923282
464,2026-05-11 16:10:09.423794,0.8470006,-0.47838157,0.91444355,4.5376596,5.317582,-0.3923282
465,2026-05-11 16:10:09.426376,0.8470006,-0.47838157,0.91444355,4.5376596,5.317582,-0.3923282
466,2026-05-11 16:10:09.429166,0.8470006,-0.47838157,0.91444355,4.5376596,5.317582,-0.3923282
467,2026-05-11 16:10:09.431783,0.8470006,-0.47838157,0.91444355,4.5376596,5.317582,-0.3923282
468,2026-05-11 16:10:09.434695,0.8470006,-0.47838157,0.91444355,4.5376596,5.317582,-0.3923282
469,2026-05-11 16:10:09.437900,0.8470006,-0.47838157,0.91444355,4.5376596,5.317582,-0.3923282
470,2026-05-11 16:10:09.440709,0.8470006,-0.47838157,0.91444355,4.5376596,5.317582,-0.3923282
471,2026-05-11 16:10:09.443301,0.8470006,-0.47838157,0.91444355,4.5376596,5.317582,-0.3923282
472,2026-05-11 16:10:09.446021,0.8470006,-0.47838157,0.91444355,4.5376596,5.317582,-0.3923282
473,2026-05-11 16:10:09.448596,0.8470006,-0.47838157,0.91444355,4.5376596,5.317582,-0.3923282
474,2026-05-11 16:10:09.451939,0.8470006,-0.47838157,0.91444355,4.5376596,5.317582,-0.3923282
475,2026-05-11 16:10:09.455072,0.8470006,-0.47838157,0.91444355,4.5376596,5.317582,-0.3923282
476,2026-05-11 16:10:09.457718,0.8470006,-0.47838157,0.91444355,4.5376596,5.317582,-0.3923282
477,2026-05-11 16:10:09.460323,0.8470006,-0.47838157,0.91444355,4.5376596,5.317582,-0.3923282
478,2026-05-11 16:10:09.463090,0.8470006,-0.47838157,0.91444355,4.5376596,5.317582,-0.3923282
479,2026-05-11 16:10:09.465827,0.8470006,-0.47838157,0.91444355,4.5376596,5.317582,-0.3923282
480,2026-05-11 16:10:09.468922,0.8470006,-0.47838157,0.91444355,4.5376596,5.317582,-0.3923282
481,2026-05-11 16:10:09.471553,0.8470006,-0.47838157,0.91444355,4.5376596,5.317582,-0.3923282
482,2026-05-11 16:10:09.474157,0.8470006,-0.47838157,0.91444355,4.5376596,5.317582,-0.3923282
483,2026-05-11 16:10:09.476712,0.8470006,-0.47838157,0.91444355,4.5376596,5.317582,-0.3923282
484,2026-05-11 16:10:09.479530,0.8470006,-0.47838157,0.91444355,4.5376596,5.317582,-0.3923282
485,2026-05-11 16:10:09.482114,0.8470006,-0.47838157,0.91444355,4.5376596,5.317582,-0.3923282
486,2026-05-11 16:10:09.485201,0.8470006,-0.47838157,0.91444355,4.5376596,5.317582,-0.3923282
487,2026-05-11 16:10:09.487875,0.8470006,-0.47838157,0.91444355,4.5376596,5.317582,-0.3923282
488,2026-05-11 16:10:09.490440,0.8470006,-0.47838157,0.91444355,4.5376596,5.317582,-0.3923282
489,2026-05-11 16:10:09.493204,0.8470006,-0.47838157,0.91444355,4.5376596,5.317582,-0.3923282
490,2026-05-11 16:10:09.495823,0.8470006,-0.47838157,0.91444355,4.5376596,5.317582,-0.3923282
491,2026-05-11 16:10:09.498402,0.8470006,-0.47838157,0.91444355,4.5376596,5.317582,-0.3923282
492,2026-05-11 16:10:09.501464,0.8470006,-0.47838157,0.91444355,4.5376596,5.317582,-0.3923282
493,2026-05-11 16:10:09.504213,0.8470006,-0.47838157,0.91444355,4.5376596,5.317582,-0.3923282
494,2026-05-11 16:10:09.506982,0.8470006,-0.47838157,0.91444355,4.5376596,5.317582,-0.3923282
495,2026-05-11 16:10:09.509550,0.8470006,-0.47838157,0.91444355,4.5376596,5.317582,-0.3923282
496,2026-05-11 16:10:09.512227,0.8470006,-0.47838157,0.91444355,4.5376596,5.317582,-0.3923282
497,2026-05-11 16:10:09.514791,0.8470006,-0.47838157,0.91444355,4.5376596,5.317582,-0.3923282
498,2026-05-11 16:10:09.517807,0.8470006,-0.47838157,0.91444355,4.5376596,5.317582,-0.3923282
499,2026-05-11 16:10:09.520514,0.8470006,-0.47838157,0.91444355,4.5376596,5.317582,-0.3923282
500,2026-05-11 16:10:09.523109,0.8470006,-0.47838157,0.91444355,4.5376596,5.317582,-0.3923282
501,2026-05-11 16:10:09.525869,0.8470006,-0.47838157,0.91444355,4.5376596,5.317582,-0.3923282
502,2026-05-11 16:10:09.528569,0.8470006,-0.47838157,0.91444355,4.8916564,4.889365,-0.33368513
503,2026-05-11 16:10:09.531142,0.8470006,-0.47838157,0.91444355,4.8916564,4.889365,-0.33368513
504,2026-05-11 16:10:09.534219,0.8470006,-0.47838157,0.91444355,4.8916564,4.889365,-0.33368513
505,2026-05-11 16:10:09.537035,0.8470006,-0.47838157,0.91444355,4.8916564,4.889365,-0.33368513
506,2026-05-11 16:10:09.539695,0.8470006,-0.47838157,0.91444355,4.8916564,4.889365,-0.33368513
507,2026-05-11 16:10:09.542281,0.8470006,-0.47838157,0.91444355,4.8916564,4.889365,-0.33368513
508,2026-05-11 16:10:09.545122,0.8470006,-0.47838157,0.91444355,4.8916564,4.889365,-0.33368513
509,2026-05-11 16:10:09.547783,0.8470006,-0.47838157,0.91444355,4.8916564,4.889365,-0.33368513
510,2026-05-11 16:10:09.550766,0.8470006,-0.47838157,0.91444355,4.8916564,4.889365,-0.33368513
511,2026-05-11 16:10:09.553651,0.81943804,-0.4059383,0.78992414,5.3123894,4.2581887,-0.56306505
512,2026-05-11 16:10:09.556393,0.81943804,-0.4059383,0.78992414,5.3123894,4.2581887,-0.56306505
513,2026-05-11 16:10:09.559001,0.81943804,-0.4059383,0.78992414,5.3123894,4.2581887,-0.56306505
514,2026-05-11 16:10:09.561836,0.4631368,-0.3088595,0.16702195,5.2784867,3.6845865,-0.83001316
515,2026-05-11 16:10:09.564615,0.4631368,-0.3088595,0.16702195,3.6370916,4.312403,-0.5871942
516,2026-05-11 16:10:09.567585,0.4631368,-0.3088595,0.16702195,3.6370916,4.312403,-0.5871942
517,2026-05-11 16:10:09.570549,0.4631368,-0.3088595,0.16702195,3.6370916,4.312403,-0.5871942
518,2026-05-11 16:10:09.573328,0.4631368,-0.3088595,0.16702195,3.6370916,4.312403,-0.5871942
519,2026-05-11 16:10:09.575873,0.4631368,-0.3088595,0.16702195,3.6370916,4.312403,-0.5871942
520,2026-05-11 16:10:09.578623,0.4926507,-0.23044027,0.03298973,3.6370916,4.312403,-0.5871942
521,2026-05-11 16:10:09.581412,0.4926507,-0.23044027,0.03298973,3.6370916,4.312403,-0.5871942
522,2026-05-11 16:10:09.584479,0.4926507,-0.23044027,0.03298973,3.6370916,4.312403,-0.5871942
523,2026-05-11 16:10:09.587364,0.4926507,-0.23044027,0.03298973,3.6370916,4.312403,-0.5871942
524,2026-05-11 16:10:09.590022,0.4926507,-0.23044027,0.03298973,3.6370916,4.312403,-0.5871942
525,2026-05-11 16:10:09.592606,0.4926507,-0.23044027,0.03298973,3.6370916,4.312403,-0.5871942
526,2026-05-11 16:10:09.595442,0.4926507,-0.23044027,0.03298973,3.6370916,4.312403,-0.5871942
527,2026-05-11 16:10:09.598128,0.4926507,-0.23044027,0.03298973,3.6370916,4.312403,-0.5871942
528,2026-05-11 16:10:09.601389,0.5653988,-0.17257105,0.012988563,3.3993123,4.3473754,-0.6253733
529,2026-05-11 16:10:09.604121,0.5653988,-0.17257105,0.012988563,3.3993123,4.3473754,-0.6253733
530,2026-05-11 16:10:09.606735,0.5653988,-0.17257105,0.012988563,3.3993123,4.3473754,-0.6253733
531,2026-05-11 16:10:09.609374,0.5653988,-0.17257105,0.012988563,3.3993123,4.3473754,-0.6253733
532,2026-05-11 16:10:09.611921,0.5653988,-0.17257105,0.012988563,3.3993123,4.3473754,-0.6253733
533,2026-05-11 16:10:09.614603,0.5653988,-0.17257105,0.012988563,3.3993123,4.3473754,-0.6253733
534,2026-05-11 16:10:09.617698,0.5653988,-0.17257105,0.012988563,3.3993123,4.3473754,-0.6253733
535,2026-05-11 16:10:09.620462,0.5653988,-0.17257105,0.012988563,3.3993123,4.3473754,-0.6253733
536,2026-05-11 16:10:09.623057,0.5653988,-0.17257105,0.012988563,3.3993123,4.3473754,-0.6253733
537,2026-05-11 16:10:09.625590,0.5653988,-0.17257105,0.012988563,3.3993123,4.3473754,-0.6253733
538,2026-05-11 16:10:09.628294,0.5653988,-0.17257105,0.012988563,3.3993123,4.3473754,-0.6253733
539,2026-05-11 16:10:09.630887,0.5653988,-0.17257105,0.012988563,3.3993123,4.3473754,-0.6253733
540,2026-05-11 16:10:09.634081,0.5653988,-0.17257105,0.012988563,3.3993123,4.3473754,-0.6253733
541,2026-05-11 16:10:09.636827,0.5653988,-0.17257105,0.012988563,3.3993123,4.3473754,-0.6253733
542,2026-05-11 16:10:09.639427,0.5653988,-0.17257105,0.012988563,3.3993123,4.3473754,-0.6253733
543,2026-05-11 16:10:09.642141,0.5653988,-0.17257105,0.012988563,3.3993123,4.3473754,-0.6253733
544,2026-05-11 16:10:09.644956,0.5426536,-0.1615948,-0.06591848,3.2963815,4.2755985,-0.82741696
545,2026-05-11 16:10:09.647615,0.5426536,-0.1615948,-0.06591848,3.2963815,4.2755985,-0.82741696
546,2026-05-11 16:10:09.650643,0.5426536,-0.1615948,-0.06591848,3.2963815,4.2755985,-0.82741696
547,2026-05-11 16:10:09.653330,0.5426536,-0.1615948,-0.06591848,3.2963815,4.2755985,-0.82741696
548,2026-05-11 16:10:09.656068,0.5426536,-0.1615948,-0.06591848,3.2963815,4.2755985,-0.82741696
549,2026-05-11 16:10:09.658834,0.5426536,-0.1615948,-0.06591848,3.2963815,4.2755985,-0.82741696
550,2026-05-11 16:10:09.661470,0.5426536,-0.1615948,-0.06591848,3.2963815,4.2755985,-0.82741696
551,2026-05-11 16:10:09.664300,0.5426536,-0.1615948,-0.06591848,3.2963815,4.2755985,-0.82741696
552,2026-05-11 16:10:09.667376,0.5426536,-0.1615948,-0.06591848,3.2963815,4.2755985,-0.82741696
553,2026-05-11 16:10:09.670185,0.5426536,-0.1615948,-0.06591848,3.2963815,4.2755985,-0.82741696
554,2026-05-11 16:10:09.672780,0.5426536,-0.1615948,-0.06591848,3.2963815,4.2755985,-0.82741696
555,2026-05-11 16:10:09.675449,0.5426536,-0.1615948,-0.06591848,3.2963815,4.2755985,-0.82741696
556,2026-05-11 16:10:09.678004,0.5426536,-0.1615948,-0.06591848,3.2963815,4.2755985,-0.82741696
557,2026-05-11 16:10:09.680738,0.5426536,-0.1615948,-0.06591848,3.2963815,4.2755985,-0.82741696
558,2026-05-11 16:10:09.683705,0.5426536,-0.1615948,-0.06591848,3.4089334,4.044539,-1.0473285
559,2026-05-11 16:10:09.686616,0.28501663,-0.14263028,-0.51923764,3.4900258,3.7472,-1.1688906
560,2026-05-11 16:10:09.689343,0.28501663,-0.14263028,-0.51923764,3.4900258,3.7472,-1.1688906
561,2026-05-11 16:10:09.691927,0.28501663,-0.14263028,-0.51923764,3.4900258,3.7472,-1.1688906
562,2026-05-11 16:10:09.694604,0.28501663,-0.14263028,-0.51923764,3.4900258,3.7472,-1.1688906
563,2026-05-11 16:10:09.697180,0.28501663,-0.14263028,-0.51923764,3.4900258,3.7472,-1.1688906
564,2026-05-11 16:10:09.700215,0.28501663,-0.14263028,-0.51923764,3.4900258,3.7472,-1.1688906
565,2026-05-11 16:10:09.703023,0.28501663,-0.14263028,-0.51923764,3.4900258,3.7472,-1.1688906
566,2026-05-11 16:10:09.705620,0.28501663,-0.14263028,-0.51923764,3.4900258,3.7472,-1.1688906
567,2026-05-11 16:10:09.708237,0.28501663,-0.14263028,-0.51923764,3.4900258,3.7472,-1.1688906
568,2026-05-11 16:10:09.710874,0.28501663,-0.14263028,-0.51923764,3.4900258,3.7472,-1.1688906
569,2026-05-11 16:10:09.713429,0.28501663,-0.14263028,-0.51923764,3.4900258,3.7472,-1.1688906
570,2026-05-11 16:10:09.716623,0.28501663,-0.14263028,-0.51923764,3.4900258,3.7472,-1.1688906
571,2026-05-11 16:10:09.719722,0.069028415,-0.11775078,-0.8126084,3.4900258,3.7472,-1.1688906
572,2026-05-11 16:10:09.722451,0.069028415,-0.11775078,-0.8126084,3.4900258,3.7472,-1.1688906
573,2026-05-11 16:10:09.725079,0.069028415,-0.11775078,-0.8126084,3.4900258,3.7472,-1.1688906
574,2026-05-11 16:10:09.727780,0.069028415,-0.11775078,-0.8126084,3.4900258,3.7472,-1.1688906
575,2026-05-11 16:10:09.730358,0.069028415,-0.11775078,-0.8126084,3.4900258,3.7472,-1.1688906
576,2026-05-11 16:10:09.733244,0.069028415,-0.11775078,-0.8126084,3.4900258,3.7472,-1.1688906
577,2026-05-11 16:10:09.736208,0.069028415,-0.11775078,-0.8126084,3.4900258,3.7472,-1.1688906
578,2026-05-11 16:10:09.738887,0.069028415,-0.11775078,-0.8126084,3.4900258,3.7472,-1.1688906
579,2026-05-11 16:10:09.741592,0.069028415,-0.11775078,-0.8126084,3.4900258,3.7472,-1.1688906
580,2026-05-11 16:10:09.744350,0.069028415,-0.11775078,-0.8126084,3.4900258,3.7472,-1.1688906
581,2026-05-11 16:10:09.746954,0.069028415,-0.11775078,-0.8126084,3.4900258,3.7472,-1.1688906
582,2026-05-11 16:10:09.750095,0.069028415,-0.11775078,-0.8126084,3.4970508,3.233157,-1.2093605
583,2026-05-11 16:10:09.753115,0.069028415,-0.11775078,-0.8126084,3.4970508,3.233157,-1.2093605
584,2026-05-11 16:10:09.755872,0.069028415,-0.11775078,-0.8126084,3.4970508,3.233157,-1.2093605
585,2026-05-11 16:10:09.758704,0.069028415,-0.11775078,-0.8126084,3.4970508,3.233157,-1.2093605
586,2026-05-11 16:10:09.761422,0.069028415,-0.11775078,-0.8126084,3.474296,2.6325238,-1.181108
587,2026-05-11 16:10:09.764167,0.069028415,-0.11775078,-0.8126084,3.474296,2.6325238,-1.181108
588,2026-05-11 16:10:09.767370,0.069028415,-0.11775078,-0.8126084,3.474296,2.6325238,-1.181108
589,2026-05-11 16:10:09.770088,0.069028415,-0.11775078,-0.8126084,3.474296,2.6325238,-1.181108
590,2026-05-11 16:10:09.772728,0.069028415,-0.11775078,-0.8126084,3.474296,2.6325238,-1.181108
591,2026-05-11 16:10:09.775315,0.069028415,-0.11775078,-0.8126084,3.474296,2.6325238,-1.181108
592,2026-05-11 16:10:09.777862,0.069028415,-0.11775078,-0.8126084,3.474296,2.6325238,-1.181108
593,2026-05-11 16:10:09.780547,0.069028415,-0.11775078,-0.8126084,3.474296,2.6325238,-1.181108
594,2026-05-11 16:10:09.783628,-0.086712375,-0.07561417,-1.0073758,3.474296,2.6325238,-1.181108
595,2026-05-11 16:10:09.786588,-0.086712375,-0.07561417,-1.0073758,3.474296,2.6325238,-1.181108
596,2026-05-11 16:10:09.789188,-0.086712375,-0.07561417,-1.0073758,3.474296,2.6325238,-1.181108
597,2026-05-11 16:10:09.791780,-0.086712375,-0.07561417,-1.0073758,3.474296,2.6325238,-1.181108
598,2026-05-11 16:10:09.794543,-0.086712375,-0.07561417,-1.0073758,3.474296,2.6325238,-1.181108
599,2026-05-11 16:10:09.797136,-0.086712375,-0.07561417,-1.0073758,3.474296,2.6325238,-1.181108
600,2026-05-11 16:10:09.800186,-0.086712375,-0.07561417,-1.0073758,3.474296,2.6325238,-1.181108
601,2026-05-11 16:10:09.803009,-0.086712375,-0.07561417,-1.0073758,3.474296,2.6325238,-1.181108
602,2026-05-11 16:10:09.805688,-0.086712375,-0.07561417,-1.0073758,3.474296,2.6325238,-1.181108
603,2026-05-11 16:10:09.808411,-0.086712375,-0.07561417,-1.0073758,3.474296,2.6325238,-1.181108
604,2026-05-11 16:10:09.811029,-0.086712375,-0.07561417,-1.0073758,3.474296,2.6325238,-1.181108
605,2026-05-11 16:10:09.813794,-0.086712375,-0.07561417,-1.0073758,3.474296,2.6325238,-1.181108
606,2026-05-11 16:10:09.817073,-0.086712375,-0.07561417,-1.0073758,3.474296,2.6325238,-1.181108
607,2026-05-11 16:10:09.819882,-0.086712375,-0.07561417,-1.0073758,3.474296,2.6325238,-1.181108
608,2026-05-11 16:10:09.822565,-0.15927759,-0.076711796,-1.2769037,3.474296,2.6325238,-1.181108
609,2026-05-11 16:10:09.825386,-0.15927759,-0.076711796,-1.2769037,3.474296,2.6325238,-1.181108
610,2026-05-11 16:10:09.828126,-0.15927759,-0.076711796,-1.2769037,3.3886223,1.8629863,-1.1016954
611,2026-05-11 16:10:09.830817,-0.15927759,-0.076711796,-1.2769037,3.3886223,1.8629863,-1.1016954
612,2026-05-11 16:10:09.833962,-0.15927759,-0.076711796,-1.2769037,3.3886223,1.8629863,-1.1016954
613,2026-05-11 16:10:09.836746,-0.15927759,-0.076711796,-1.2769037,3.3886223,1.8629863,-1.1016954
614,2026-05-11 16:10:09.839450,-0.15927759,-0.076711796,-1.2769037,3.3886223,1.8629863,-1.1016954
615,2026-05-11 16:10:09.842200,-0.15927759,-0.076711796,-1.2769037,3.3886223,1.8629863,-1.1016954
616,2026-05-11 16:10:09.844837,-0.15927759,-0.076711796,-1.2769037,3.3886223,1.8629863,-1.1016954
617,2026-05-11 16:10:09.847556,-0.1934869,-0.09415183,-1.4596584,2.5169175,1.1971432,-0.9111055
618,2026-05-11 16:10:09.850869,-0.27641857,-0.11720196,-1.8894395,2.5169175,1.1971432,-0.9111055
619,2026-05-11 16:10:09.853591,-0.27641857,-0.11720196,-1.8894395,2.5169175,1.1971432,-0.9111055
620,2026-05-11 16:10:09.856188,-0.27641857,-0.11720196,-1.8894395,2.5169175,1.1971432,-0.9111055
621,2026-05-11 16:10:09.858983,-0.27641857,-0.11720196,-1.8894395,2.5169175,1.1971432,-0.9111055
622,2026-05-11 16:10:09.861601,-0.27641857,-0.11720196,-1.8894395,2.5169175,1.1971432,-0.9111055
623,2026-05-11 16:10:09.864421,-0.27641857,-0.11720196,-1.8894395,2.5169175,1.1971432,-0.9111055
624,2026-05-11 16:10:09.867477,-0.35587442,-0.1413497,-2.148845,1.7394388,1.103528,-0.8052731
625,2026-05-11 16:10:09.870279,-0.35587442,-0.1413497,-2.148845,1.7394388,1.103528,-0.8052731
626,2026-05-11 16:10:09.872872,-0.35587442,-0.1413497,-2.148845,1.7394388,1.103528,-0.8052731
627,2026-05-11 16:10:09.875716,-0.35587442,-0.1413497,-2.148845,1.7394388,1.103528,-0.8052731
628,2026-05-11 16:10:09.878452,-0.35587442,-0.1413497,-2.148845,1.7394388,1.103528,-0.8052731
629,2026-05-11 16:10:09.881066,-0.35587442,-0.1413497,-2.148845,1.7394388,1.103528,-0.8052731
630,2026-05-11 16:10:09.884130,-0.35587442,-0.1413497,-2.148845,1.7394388,1.103528,-0.8052731
631,2026-05-11 16:10:09.886838,-0.35587442,-0.1413497,-2.148845,1.7394388,1.103528,-0.8052731
632,2026-05-11 16:10:09.889428,-0.35587442,-0.1413497,-2.148845,1.7394388,1.103528,-0.8052731
633,2026-05-11 16:10:09.892264,-0.35587442,-0.1413497,-2.148845,1.7394388,1.103528,-0.8052731
634,2026-05-11 16:10:09.895154,-0.35587442,-0.1413497,-2.148845,1.0823005,0.97051215,-0.68310004
635,2026-05-11 16:10:09.897915,-0.7739476,-0.23135497,-2.3966033,-0.19394971,0.15286903,-0.2012801
636,2026-05-11 16:10:09.901001,-0.7739476,-0.23135497,-2.3966033,-0.19394971,0.15286903,-0.2012801
637,2026-05-11 16:10:09.903792,-0.7739476,-0.23135497,-2.3966033,-0.19394971,0.15286903,-0.2012801
638,2026-05-11 16:10:09.906526,-0.7739476,-0.23135497,-2.3966033,-0.19394971,0.15286903,-0.2012801
639,2026-05-11 16:10:09.909255,-0.7739476,-0.23135497,-2.3966033,-0.19394971,0.15286903,-0.2012801
640,2026-05-11 16:10:09.912016,-0.7739476,-0.23135497,-2.3966033,-0.19394971,0.15286903,-0.2012801
641,2026-05-11 16:10:09.914724,-0.69510156,-0.22226907,-2.095427,-1.1725558,-1.2145529,0.31978795
642,2026-05-11 16:10:09.917854,-0.69510156,-0.22226907,-2.095427,-1.1725558,-1.2145529,0.31978795
643,2026-05-11 16:10:09.920676,-0.69510156,-0.22226907,-2.095427,-1.1725558,-1.2145529,0.31978795
644,2026-05-11 16:10:09.923420,-0.69510156,-0.22226907,-2.095427,-1.1725558,-1.2145529,0.31978795
645,2026-05-11 16:10:09.926084,-0.69510156,-0.22226907,-2.095427,-1.1725558,-1.2145529,0.31978795
646,2026-05-11 16:10:09.928837,-0.6826008,-0.17842504,-1.811874,-1.1725558,-1.2145529,0.31978795
647,2026-05-11 16:10:09.931530,-0.6826008,-0.17842504,-1.811874,-1.1725558,-1.2145529,0.31978795
648,2026-05-11 16:10:09.934507,-0.6826008,-0.17842504,-1.811874,-1.1725558,-1.2145529,0.31978795
649,2026-05-11 16:10:09.937373,-0.6826008,-0.17842504,-1.811874,-1.1725558,-1.2145529,0.31978795
650,2026-05-11 16:10:09.939949,-0.6826008,-0.17842504,-1.811874,-1.1725558,-1.2145529,0.31978795
651,2026-05-11 16:10:09.942574,-0.44179407,-0.17574196,-1.4842329,-1.5202909,-1.9297233,0.56505036
652,2026-05-11 16:10:09.945154,-0.44179407,-0.17574196,-1.4842329,-1.5202909,-1.9297233,0.56505036
653,2026-05-11 16:10:09.947691,-0.44179407,-0.17574196,-1.4842329,-1.5202909,-1.9297233,0.56505036
654,2026-05-11 16:10:09.950849,-0.44179407,-0.17574196,-1.4842329,-1.5202909,-1.9297233,0.56505036
655,2026-05-11 16:10:09.953563,-0.44179407,-0.17574196,-1.4842329,-1.5202909,-1.9297233,0.56505036
656,2026-05-11 16:10:09.956406,-0.44179407,-0.17574196,-1.4842329,-1.5202909,-1.9297233,0.56505036
657,2026-05-11 16:10:09.959034,-0.44179407,-0.17574196,-1.4842329,-1.5202909,-1.9297233,0.56505036
658,2026-05-11 16:10:09.961616,-0.44179407,-0.17574196,-1.4842329,-1.5202909,-1.9297233,0.56505036
659,2026-05-11 16:10:09.964482,-0.44179407,-0.17574196,-1.4842329,-1.5202909,-1.9297233,0.56505036
660,2026-05-11 16:10:09.967411,-0.44179407,-0.17574196,-1.4842329,-1.5202909,-1.9297233,0.56505036
661,2026-05-11 16:10:09.970192,-0.44179407,-0.17574196,-1.4842329,-1.5202909,-1.9297233,0.56505036
662,2026-05-11 16:10:09.972749,-0.44179407,-0.17574196,-1.4842329,-1.5202909,-1.9297233,0.56505036
663,2026-05-11 16:10:09.975297,-0.44179407,-0.17574196,-1.4842329,-1.5202909,-1.9297233,0.56505036
664,2026-05-11 16:10:09.977875,-0.44179407,-0.17574196,-1.4842329,-1.5202909,-1.9297233,0.56505036
665,2026-05-11 16:10:09.980433,-0.44179407,-0.17574196,-1.4842329,-1.5202909,-1.9297233,0.56505036
666,2026-05-11 16:10:09.983404,-0.44179407,-0.17574196,-1.4842329,-1.5202909,-1.9297233,0.56505036
667,2026-05-11 16:10:09.986214,-0.44179407,-0.17574196,-1.4842329,-1.5202909,-1.9297233,0.56505036
668,2026-05-11 16:10:09.989005,-0.44179407,-0.17574196,-1.4842329,-1.5202909,-1.9297233,0.56505036
669,2026-05-11 16:10:09.991695,-0.44179407,-0.17574196,-1.4842329,-1.5202909,-1.9297233,0.56505036
670,2026-05-11 16:10:09.994368,-0.44179407,-0.17574196,-1.4842329,-1.5202909,-1.9297233,0.56505036
671,2026-05-11 16:10:09.996933,-0.44179407,-0.17574196,-1.4842329,-1.5202909,-1.9297233,0.56505036
672,2026-05-11 16:10:09.999956,-0.44179407,-0.17574196,-1.4842329,-1.5202909,-1.9297233,0.56505036
673,2026-05-11 16:10:10.002686,-0.44179407,-0.17574196,-1.4842329,-1.5202909,-1.9297233,0.56505036
674,2026-05-11 16:10:10.005265,-0.44179407,-0.17574196,-1.4842329,-1.5202909,-1.9297233,0.56505036
675,2026-05-11 16:10:10.008094,-0.44179407,-0.17574196,-1.4842329,-1.5202909,-1.9297233,0.56505036
676,2026-05-11 16:10:10.010727,-0.44179407,-0.17574196,-1.4842329,-1.5202909,-1.9297233,0.56505036
677,2026-05-11 16:10:10.013330,-0.44179407,-0.17574196,-1.4842329,-1.5202909,-1.9297233,0.56505036
678,2026-05-11 16:10:10.016344,-0.44179407,-0.17574196,-1.4842329,-1.5202909,-1.9297233,0.56505036
679,2026-05-11 16:10:10.019039,-0.44179407,-0.17574196,-1.4842329,-1.5202909,-1.9297233,0.56505036
680,2026-05-11 16:10:10.021649,-0.44179407,-0.17574196,-1.4842329,-1.5202909,-1.9297233,0.56505036
681,2026-05-11 16:10:10.024405,-0.44179407,-0.17574196,-1.4842329,-1.5202909,-1.9297233,0.56505036
682,2026-05-11 16:10:10.026984,-0.44179407,-0.17574196,-1.4842329,-1.5202909,-1.9297233,0.56505036
683,2026-05-11 16:10:10.029593,-0.44179407,-0.17574196,-1.4842329,-1.5202909,-1.9297233,0.56505036
684,2026-05-11 16:10:10.032147,-0.44179407,-0.17574196,-1.4842329,-1.5202909,-1.9297233,0.56505036
685,2026-05-11 16:10:10.035084,-0.44179407,-0.17574196,-1.4842329,-1.5202909,-1.9297233,0.56505036
686,2026-05-11 16:10:10.037788,-0.44179407,-0.17574196,-1.4842329,-1.5202909,-1.9297233,0.56505036
687,2026-05-11 16:10:10.040382,-0.44179407,-0.17574196,-1.4842329,-1.5202909,-1.9297233,0.56505036
688,2026-05-11 16:10:10.042950,-0.44179407,-0.17574196,-1.4842329,-1.5202909,-1.9297233,0.56505036
689,2026-05-11 16:10:10.045629,-0.44179407,-0.17574196,-1.4842329,-1.5202909,-1.9297233,0.56505036
690,2026-05-11 16:10:10.048214,-0.44179407,-0.17574196,-1.4842329,-1.5202909,-1.9297233,0.56505036
691,2026-05-11 16:10:10.051296,-0.44179407,-0.17574196,-1.4842329,-1.5202909,-1.9297233,0.56505036
692,2026-05-11 16:10:10.054091,-0.44179407,-0.17574196,-1.4842329,-1.5202909,-1.9297233,0.56505036
693,2026-05-11 16:10:10.056702,-0.44179407,-0.17574196,-1.4842329,-1.5202909,-1.9297233,0.56505036
694,2026-05-11 16:10:10.059538,-0.44179407,-0.17574196,-1.4842329,-1.5202909,-1.9297233,0.56505036
695,2026-05-11 16:10:10.062245,-0.44179407,-0.17574196,-1.4842329,-1.5202909,-1.9297233,0.56505036
696,2026-05-11 16:10:10.064951,-0.44179407,-0.17574196,-1.4842329,-1.5202909,-1.9297233,0.56505036
697,2026-05-11 16:10:10.067947,-0.44179407,-0.17574196,-1.4842329,-1.5202909,-1.9297233,0.56505036
698,2026-05-11 16:10:10.070820,-0.44179407,-0.17574196,-1.4842329,-1.5202909,-1.9297233,0.56505036
699,2026-05-11 16:10:10.073596,-0.23025733,-0.1554359,-1.1634825,-2.0732768,-3.1435125,0.9108001
700,2026-05-11 16:10:10.076200,-0.23025733,-0.1554359,-1.1634825,-2.0732768,-3.1435125,0.9108001
701,2026-05-11 16:10:10.078969,-0.23025733,-0.1554359,-1.1634825,-2.0732768,-3.1435125,0.9108001
702,2026-05-11 16:10:10.081640,-0.23025733,-0.1554359,-1.1634825,-2.0732768,-3.1435125,0.9108001
703,2026-05-11 16:10:10.084923,-0.23025733,-0.1554359,-1.1634825,-2.0732768,-3.1435125,0.9108001
704,2026-05-11 16:10:10.087643,-0.23025733,-0.1554359,-1.1634825,-2.0732768,-3.1435125,0.9108001
705,2026-05-11 16:10:10.090296,-0.23025733,-0.1554359,-1.1634825,-2.0732768,-3.1435125,0.9108001
706,2026-05-11 16:10:10.092858,-0.23025733,-0.1554359,-1.1634825,-2.0732768,-3.1435125,0.9108001
707,2026-05-11 16:10:10.095642,-0.23025733,-0.1554359,-1.1634825,-2.0732768,-3.1435125,0.9108001
708,2026-05-11 16:10:10.098246,-0.23025733,-0.1554359,-1.1634825,-2.0732768,-3.1435125,0.9108001
709,2026-05-11 16:10:10.101178,-0.23025733,-0.1554359,-1.1634825,-2.0732768,-3.1435125,0.9108001
710,2026-05-11 16:10:10.103931,-0.23025733,-0.1554359,-1.1634825,-2.0732768,-3.1435125,0.9108001
711,2026-05-11 16:10:10.106501,-0.23025733,-0.1554359,-1.1634825,-2.0732768,-3.1435125,0.9108001
712,2026-05-11 16:10:10.109188,-0.23025733,-0.1554359,-1.1634825,-2.0732768,-3.1435125,0.9108001
713,2026-05-11 16:10:10.111896,-0.23025733,-0.1554359,-1.1634825,-2.0732768,-3.1435125,0.9108001
714,2026-05-11 16:10:10.114460,-0.23025733,-0.1554359,-1.1634825,-2.0732768,-3.1435125,0.9108001
715,2026-05-11 16:10:10.117407,-0.23025733,-0.1554359,-1.1634825,-2.0732768,-3.1435125,0.9108001
716,2026-05-11 16:10:10.120236,-0.23025733,-0.1554359,-1.1634825,-2.0732768,-3.1435125,0.9108001
717,2026-05-11 16:10:10.122829,-0.23025733,-0.1554359,-1.1634825,-2.0732768,-3.1435125,0.9108001
718,2026-05-11 16:10:10.125481,-0.23025733,-0.1554359,-1.1634825,-2.0732768,-3.1435125,0.9108001
719,2026-05-11 16:10:10.128333,-0.23025733,-0.1554359,-1.1634825,-2.0732768,-3.1435125,0.9108001
720,2026-05-11 16:10:10.130984,-0.18818171,-0.15653352,-0.986582,-2.149482,-3.3179145,0.8958339
721,2026-05-11 16:10:10.134149,-0.18818171,-0.15653352,-0.986582,-2.149482,-3.3179145,0.8958339
722,2026-05-11 16:10:10.136936,-0.18818171,-0.15653352,-0.986582,-2.149482,-3.3179145,0.8958339
723,2026-05-11 16:10:10.139520,-0.18818171,-0.15653352,-0.986582,-2.149482,-3.3179145,0.8958339
724,2026-05-11 16:10:10.142378,-0.18818171,-0.15653352,-0.986582,-2.149482,-3.3179145,0.8958339
725,2026-05-11 16:10:10.144921,-0.18818171,-0.15653352,-0.986582,-2.149482,-3.3179145,0.8958339
726,2026-05-11 16:10:10.147446,-0.18818171,-0.15653352,-0.986582,-2.149482,-3.3179145,0.8958339
727,2026-05-11 16:10:10.150500,-0.18818171,-0.15653352,-0.986582,-2.149482,-3.3179145,0.8958339
728,2026-05-11 16:10:10.153382,-0.18818171,-0.15653352,-0.986582,-2.149482,-3.3179145,0.8958339
729,2026-05-11 16:10:10.156045,-0.18818171,-0.15653352,-0.986582,-2.149482,-3.3179145,0.8958339
730,2026-05-11 16:10:10.158588,-0.18818171,-0.15653352,-0.986582,-2.149482,-3.3179145,0.8958339
731,2026-05-11 16:10:10.161256,-0.18818171,-0.15653352,-0.986582,-2.149482,-3.3179145,0.8958339
732,2026-05-11 16:10:10.163850,-0.18818171,-0.15653352,-0.986582,-2.149482,-3.3179145,0.8958339
733,2026-05-11 16:10:10.166932,-0.1554359,-0.1733028,-0.8038884,-2.149482,-3.3179145,0.8958339
734,2026-05-11 16:10:10.169684,-0.1554359,-0.1733028,-0.8038884,-2.149482,-3.3179145,0.8958339
735,2026-05-11 16:10:10.172180,-0.1554359,-0.1733028,-0.8038884,-2.149482,-3.3179145,0.8958339
736,2026-05-11 16:10:10.175000,-0.1554359,-0.1733028,-0.8038884,-2.149482,-3.3179145,0.8958339
737,2026-05-11 16:10:10.177688,-0.1554359,-0.1733028,-0.8038884,-2.3116667,-3.5263724,0.9405798
738,2026-05-11 16:10:10.180295,-0.1554359,-0.1733028,-0.8038884,-2.3116667,-3.5263724,0.9405798
739,2026-05-11 16:10:10.183476,-0.1554359,-0.1733028,-0.8038884,-2.3116667,-3.5263724,0.9405798
740,2026-05-11 16:10:10.186297,-0.1554359,-0.1733028,-0.8038884,-2.3116667,-3.5263724,0.9405798
741,2026-05-11 16:10:10.188993,-0.1554359,-0.1733028,-0.8038884,-2.3116667,-3.5263724,0.9405798
742,2026-05-11 16:10:10.191708,-0.1554359,-0.1733028,-0.8038884,-2.3116667,-3.5263724,0.9405798
743,2026-05-11 16:10:10.194585,-0.1554359,-0.1733028,-0.8038884,-2.3116667,-3.5263724,0.9405798
744,2026-05-11 16:10:10.197335,-0.1554359,-0.1733028,-0.8038884,-2.3116667,-3.5263724,0.9405798
745,2026-05-11 16:10:10.200359,-0.1554359,-0.1733028,-0.8038884,-2.3116667,-3.5263724,0.9405798
746,2026-05-11 16:10:10.203245,-0.1554359,-0.1733028,-0.8038884,-2.3116667,-3.5263724,0.9405798
747,2026-05-11 16:10:10.205869,-0.1554359,-0.1733028,-0.8038884,-2.3116667,-3.5263724,0.9405798
748,2026-05-11 16:10:10.208477,-0.1554359,-0.1733028,-0.8038884,-2.3116667,-3.5263724,0.9405798
749,2026-05-11 16:10:10.211399,-0.1554359,-0.1733028,-0.8038884,-2.3116667,-3.5263724,0.9405798
750,2026-05-11 16:10:10.214050,-0.1484233,-0.22409843,-0.63802505,-2.3116667,-3.5263724,0.9405798
751,2026-05-11 16:10:10.217049,-0.1484233,-0.22409843,-0.63802505,-2.3116667,-3.5263724,0.9405798
752,2026-05-11 16:10:10.219791,-0.1484233,-0.22409843,-0.63802505,-2.3116667,-3.5263724,0.9405798
753,2026-05-11 16:10:10.222530,-0.1484233,-0.22409843,-0.63802505,-2.3116667,-3.5263724,0.9405798
754,2026-05-11 16:10:10.225172,-0.1484233,-0.22409843,-0.63802505,-2.3116667,-3.5263724,0.9405798
755,2026-05-11 16:10:10.227812,-0.1484233,-0.22409843,-0.63802505,-2.3116667,-3.5263724,0.9405798
756,2026-05-11 16:10:10.230528,-0.19214535,-0.26916206,-0.5214329,-2.43216,-3.607312,1.0132728
757,2026-05-11 16:10:10.233533,-0.19214535,-0.26916206,-0.5214329,-2.43216,-3.607312,1.0132728
758,2026-05-11 16:10:10.236437,-0.19214535,-0.26916206,-0.5214329,-2.43216,-3.607312,1.0132728
759,2026-05-11 16:10:10.239024,-0.19214535,-0.26916206,-0.5214329,-2.43216,-3.607312,1.0132728
760,2026-05-11 16:10:10.241828,-0.19214535,-0.26916206,-0.5214329,-2.43216,-3.607312,1.0132728
761,2026-05-11 16:10:10.244455,-0.19214535,-0.26916206,-0.5214329,-2.43216,-3.607312,1.0132728
762,2026-05-11 16:10:10.247025,-0.19214535,-0.26916206,-0.5214329,-2.43216,-3.607312,1.0132728
763,2026-05-11 16:10:10.249873,-0.19214535,-0.26916206,-0.5214329,-2.43216,-3.607312,1.0132728
764,2026-05-11 16:10:10.252692,-0.19214535,-0.26916206,-0.5214329,-2.43216,-3.607312,1.0132728
765,2026-05-11 16:10:10.255285,-0.19214535,-0.26916206,-0.5214329,-2.43216,-3.607312,1.0132728
766,2026-05-11 16:10:10.258115,-0.19214535,-0.26916206,-0.5214329,-2.43216,-3.607312,1.0132728
767,2026-05-11 16:10:10.260873,-0.17720546,-0.3148964,-0.43191543,-2.6888762,-3.8655553,1.4729488
768,2026-05-11 16:10:10.263527,-0.17720546,-0.3148964,-0.43191543,-2.6888762,-3.8655553,1.4729488
769,2026-05-11 16:10:10.266481,-0.17720546,-0.3148964,-0.43191543,-2.6888762,-3.8655553,1.4729488
770,2026-05-11 16:10:10.269726,-0.17720546,-0.3148964,-0.43191543,-2.6888762,-3.8655553,1.4729488
771,2026-05-11 16:10:10.272545,-0.17720546,-0.3148964,-0.43191543,-2.6888762,-3.8655553,1.4729488
772,2026-05-11 16:10:10.275228,-0.17720546,-0.3148964,-0.43191543,-2.6888762,-3.8655553,1.4729488
773,2026-05-11 16:10:10.277842,-0.17720546,-0.3148964,-0.43191543,-2.6888762,-3.8655553,1.4729488
774,2026-05-11 16:10:10.280543,-0.17720546,-0.3148964,-0.43191543,-2.6888762,-3.8655553,1.4729488
775,2026-05-11 16:10:10.283787,-0.17720546,-0.3148964,-0.43191543,-2.6888762,-3.8655553,1.4729488
776,2026-05-11 16:10:10.286584,-0.17720546,-0.3148964,-0.43191543,-2.6888762,-3.8655553,1.4729488
777,2026-05-11 16:10:10.289319,-0.11775078,-0.32068944,-0.38057098,-2.7714956,-4.0552287,1.7435621
778,2026-05-11 16:10:10.296579,-0.11775078,-0.32068944,-0.38057098,-2.7714956,-4.0552287,1.7435621
779,2026-05-11 16:10:10.316811,-0.11775078,-0.32068944,-0.38057098,-2.7714956,-4.0552287,1.7435621
780,2026-05-11 16:10:10.320524,-0.11775078,-0.32068944,-0.38057098,-2.7714956,-4.0552287,1.7435621
781,2026-05-11 16:10:10.328540,-0.11775078,-0.32068944,-0.38057098,-2.7714956,-4.0552287,1.7435621
782,2026-05-11 16:10:10.331328,-0.11775078,-0.32068944,-0.38057098,-2.7714956,-4.0552287,1.7435621
783,2026-05-11 16:10:10.334521,-0.11775078,-0.32068944,-0.38057098,-2.7714956,-4.0552287,1.7435621
784,2026-05-11 16:10:10.337225,-0.11775078,-0.32068944,-0.38057098,-2.7714956,-4.0552287,1.7435621
785,2026-05-11 16:10:10.339931,-0.11775078,-0.32068944,-0.38057098,-2.7714956,-4.0552287,1.7435621
786,2026-05-11 16:10:10.342569,-0.11775078,-0.32068944,-0.38057098,-2.7714956,-4.0552287,1.7435621
787,2026-05-11 16:10:10.345222,-0.11775078,-0.32068944,-0.38057098,-2.7714956,-4.0552287,1.7435621
788,2026-05-11 16:10:10.347961,-0.11775078,-0.32068944,-0.38057098,-2.7714956,-4.0552287,1.7435621
789,2026-05-11 16:10:10.350928,-0.11775078,-0.32068944,-0.38057098,-2.7714956,-4.0552287,1.7435621
790,2026-05-11 16:10:10.353646,-0.11775078,-0.32068944,-0.38057098,-2.8127291,-4.4211373,2.0355556
791,2026-05-11 16:10:10.356431,-0.11775078,-0.32068944,-0.38057098,-2.8127291,-4.4211373,2.0355556
792,2026-05-11 16:10:10.359200,-0.11775078,-0.32068944,-0.38057098,-2.8127291,-4.4211373,2.0355556
793,2026-05-11 16:10:10.361797,-0.11775078,-0.32068944,-0.38057098,-2.8127291,-4.4211373,2.0355556
794,2026-05-11 16:10:10.364502,-0.11775078,-0.32068944,-0.38057098,-2.8127291,-4.4211373,2.0355556
795,2026-05-11 16:10:10.367464,-0.11775078,-0.32068944,-0.38057098,-2.8127291,-4.4211373,2.0355556
796,2026-05-11 16:10:10.370257,-0.11775078,-0.32068944,-0.38057098,-2.8127291,-4.4211373,2.0355556
797,2026-05-11 16:10:10.372820,-0.11775078,-0.32068944,-0.38057098,-2.8127291,-4.4211373,2.0355556
798,2026-05-11 16:10:10.375399,-0.11775078,-0.32068944,-0.38057098,-2.8127291,-4.4211373,2.0355556
799,2026-05-11 16:10:10.378137,-0.11775078,-0.32068944,-0.38057098,-2.8127291,-4.4211373,2.0355556
800,2026-05-11 16:10:10.380694,-0.11775078,-0.32068944,-0.38057098,-2.8127291,-4.4211373,2.0355556
801,2026-05-11 16:10:10.384071,0.19452354,-0.2625763,-0.17568098,-2.8127291,-4.4211373,2.0355556
802,2026-05-11 16:10:10.386962,0.19452354,-0.2625763,-0.17568098,-2.8127291,-4.4211373,2.0355556
803,2026-05-11 16:10:10.389604,0.19452354,-0.2625763,-0.17568098,-2.8127291,-4.4211373,2.0355556
804,2026-05-11 16:10:10.392207,0.19452354,-0.2625763,-0.17568098,-2.8127291,-4.4211373,2.0355556
805,2026-05-11 16:10:10.394985,0.19452354,-0.2625763,-0.17568098,-2.8127291,-4.4211373,2.0355556
806,2026-05-11 16:10:10.397578,0.19452354,-0.2625763,-0.17568098,-2.8127291,-4.4211373,2.0355556
807,2026-05-11 16:10:10.400443,0.19452354,-0.2625763,-0.17568098,-2.8127291,-4.4211373,2.0355556
808,2026-05-11 16:10:10.403148,0.19452354,-0.2625763,-0.17568098,-2.8127291,-4.4211373,2.0355556
809,2026-05-11 16:10:10.405901,0.19452354,-0.2625763,-0.17568098,-2.8127291,-4.4211373,2.0355556
810,2026-05-11 16:10:10.408487,0.19452354,-0.2625763,-0.17568098,-2.8127291,-4.4211373,2.0355556
811,2026-05-11 16:10:10.411067,0.19452354,-0.2625763,-0.17568098,-2.8127291,-4.4211373,2.0355556
812,2026-05-11 16:10:10.413768,0.19452354,-0.2625763,-0.17568098,-2.8127291,-4.4211373,2.0355556
813,2026-05-11 16:10:10.416743,0.19452354,-0.2625763,-0.17568098,-2.8127291,-4.4211373,2.0355556
814,2026-05-11 16:10:10.419681,0.19452354,-0.2625763,-0.17568098,-2.8127291,-4.4211373,2.0355556
815,2026-05-11 16:10:10.422439,0.19452354,-0.2625763,-0.17568098,-2.8127291,-4.4211373,2.0355556
816,2026-05-11 16:10:10.425064,0.19452354,-0.2625763,-0.17568098,-2.8127291,-4.4211373,2.0355556
817,2026-05-11 16:10:10.428016,0.19452354,-0.2625763,-0.17568098,-2.8127291,-4.4211373,2.0355556
818,2026-05-11 16:10:10.430637,0.19452354,-0.2625763,-0.17568098,-2.8127291,-4.4211373,2.0355556
819,2026-05-11 16:10:10.433861,0.19452354,-0.2625763,-0.17568098,-2.8127291,-4.4211373,2.0355556
820,2026-05-11 16:10:10.436724,0.19452354,-0.2625763,-0.17568098,-2.8127291,-4.4211373,2.0355556
821,2026-05-11 16:10:10.439305,0.19452354,-0.2625763,-0.17568098,-2.8127291,-4.4211373,2.0355556
822,2026-05-11 16:10:10.442125,0.19452354,-0.2625763,-0.17568098,-2.8127291,-4.4211373,2.0355556
823,2026-05-11 16:10:10.444917,0.19452354,-0.2625763,-0.17568098,-2.8127291,-4.4211373,2.0355556
824,2026-05-11 16:10:10.447504,0.19452354,-0.2625763,-0.17568098,-2.8127291,-4.4211373,2.0355556
825,2026-05-11 16:10:10.450431,0.19452354,-0.2625763,-0.17568098,-2.8127291,-4.4211373,2.0355556
826,2026-05-11 16:10:10.453201,0.19452354,-0.2625763,-0.17568098,-2.8127291,-4.4211373,2.0355556
827,2026-05-11 16:10:10.455758,0.19452354,-0.2625763,-0.17568098,-2.8127291,-4.4211373,2.0355556
828,2026-05-11 16:10:10.458481,0.19452354,-0.2625763,-0.17568098,-2.8127291,-4.4211373,2.0355556
829,2026-05-11 16:10:10.461261,0.19452354,-0.2625763,-0.17568098,-2.8127291,-4.4211373,2.0355556
830,2026-05-11 16:10:10.463874,0.19452354,-0.2625763,-0.17568098,-2.8127291,-4.4211373,2.0355556
831,2026-05-11 16:10:10.467034,0.49710217,-0.17586392,0.20940247,-2.4526238,-4.82553,1.8073975
832,2026-05-11 16:10:10.469907,0.49710217,-0.17586392,0.20940247,-2.4526238,-4.82553,1.8073975
833,2026-05-11 16:10:10.472572,0.49710217,-0.17586392,0.20940247,-2.4526238,-4.82553,1.8073975
834,2026-05-11 16:10:10.475207,0.46283188,-0.16805859,0.26233238,-2.4526238,-4.82553,1.8073975
835,2026-05-11 16:10:10.477923,0.46283188,-0.16805859,0.26233238,-2.4526238,-4.82553,1.8073975
836,2026-05-11 16:10:10.480486,0.46283188,-0.16805859,0.26233238,-2.4526238,-4.82553,1.8073975
837,2026-05-11 16:10:10.483407,0.46283188,-0.16805859,0.26233238,-2.4526238,-4.82553,1.8073975
838,2026-05-11 16:10:10.486361,0.46283188,-0.16805859,0.26233238,-2.4526238,-4.82553,1.8073975
839,2026-05-11 16:10:10.489153,0.46283188,-0.16805859,0.26233238,-2.4526238,-4.82553,1.8073975
840,2026-05-11 16:10:10.491783,0.46283188,-0.16805859,0.26233238,-2.4526238,-4.82553,1.8073975
841,2026-05-11 16:10:10.494437,0.46283188,-0.16805859,0.26233238,-2.4526238,-4.82553,1.8073975
842,2026-05-11 16:10:10.497223,0.46283188,-0.16805859,0.26233238,-2.4526238,-4.82553,1.8073975
843,2026-05-11 16:10:10.500389,0.46283188,-0.16805859,0.26233238,-2.4526238,-4.82553,1.8073975
844,2026-05-11 16:10:10.503262,0.46283188,-0.16805859,0.26233238,-2.35626,-4.8090367,1.81091
845,2026-05-11 16:10:10.505866,0.46283188,-0.16805859,0.26233238,-2.35626,-4.8090367,1.81091
846,2026-05-11 16:10:10.508608,0.46283188,-0.16805859,0.26233238,-2.35626,-4.8090367,1.81091
847,2026-05-11 16:10:10.511349,0.5139934,-0.14836231,0.30398116,-2.3116667,-4.76536,1.9162843
848,2026-05-11 16:10:10.513958,0.5139934,-0.14836231,0.30398116,-2.3116667,-4.76536,1.9162843
849,2026-05-11 16:10:10.517124,0.5139934,-0.14836231,0.30398116,-2.3116667,-4.76536,1.9162843
850,2026-05-11 16:10:10.520005,0.5139934,-0.14836231,0.30398116,-2.3116667,-4.76536,1.9162843
851,2026-05-11 16:10:10.522760,0.5807656,-0.12201932,0.31306705,-2.3116667,-4.76536,1.9162843
852,2026-05-11 16:10:10.525454,0.5807656,-0.12201932,0.31306705,-2.3437371,-4.742147,1.9666806
853,2026-05-11 16:10:10.528016,0.5807656,-0.12201932,0.31306705,-2.3437371,-4.742147,1.9666806
854,2026-05-11 16:10:10.530731,0.5807656,-0.12201932,0.31306705,-2.3437371,-4.742147,1.9666806
855,2026-05-11 16:10:10.533800,0.5807656,-0.12201932,0.31306705,-2.8947377,-4.479933,2.033876
856,2026-05-11 16:10:10.536700,0.7510804,-0.029757833,0.28623623,-2.8947377,-4.479933,2.033876
857,2026-05-11 16:10:10.539437,0.7510804,-0.029757833,0.28623623,-2.8947377,-4.479933,2.033876
858,2026-05-11 16:10:10.542085,0.7510804,-0.029757833,0.28623623,-2.8947377,-4.479933,2.033876
859,2026-05-11 16:10:10.544854,0.7510804,-0.029757833,0.28623623,-2.8947377,-4.479933,2.033876
860,2026-05-11 16:10:10.547421,0.7510804,-0.029757833,0.28623623,-2.8947377,-4.479933,2.033876
861,2026-05-11 16:10:10.550492,0.7510804,-0.029757833,0.28623623,-2.8947377,-4.479933,2.033876
862,2026-05-11 16:10:10.553344,0.7510804,-0.029757833,0.28623623,-2.8947377,-4.479933,2.033876
863,2026-05-11 16:10:10.555954,0.7510804,-0.029757833,0.28623623,-2.8947377,-4.479933,2.033876
864,2026-05-11 16:10:10.558561,0.7510804,-0.029757833,0.28623623,-2.8947377,-4.479933,2.033876
865,2026-05-11 16:10:10.561280,0.7510804,-0.029757833,0.28623623,-2.8947377,-4.479933,2.033876
866,2026-05-11 16:10:10.563875,0.7510804,-0.029757833,0.28623623,-2.8947377,-4.479933,2.033876
867,2026-05-11 16:10:10.566871,0.8612698,-0.018781584,0.32861674,-2.8947377,-4.479933,2.033876
868,2026-05-11 16:10:10.569734,0.8995037,-0.046039272,0.485943,-3.7528505,-4.071417,2.025171
869,2026-05-11 16:10:10.572338,0.8995037,-0.046039272,0.485943,-3.7528505,-4.071417,2.025171
870,2026-05-11 16:10:10.575002,0.8995037,-0.046039272,0.485943,-4.525595,-3.6671767,1.9732474
871,2026-05-11 16:10:10.577571,0.8995037,-0.046039272,0.485943,-4.525595,-3.6671767,1.9732474
872,2026-05-11 16:10:10.580271,0.8995037,-0.046039272,0.485943,-4.525595,-3.6671767,1.9732474
873,2026-05-11 16:10:10.583204,0.8995037,-0.046039272,0.485943,-4.525595,-3.6671767,1.9732474
874,2026-05-11 16:10:10.586239,0.8995037,-0.046039272,0.485943,-4.525595,-3.6671767,1.9732474
875,2026-05-11 16:10:10.588875,0.8995037,-0.046039272,0.485943,-4.525595,-3.6671767,1.9732474
876,2026-05-11 16:10:10.591655,0.8995037,-0.046039272,0.485943,-4.525595,-3.6671767,1.9732474
877,2026-05-11 16:10:10.594358,0.8995037,-0.046039272,0.485943,-4.525595,-3.6671767,1.9732474
878,2026-05-11 16:10:10.597128,0.8995037,-0.046039272,0.485943,-4.525595,-3.6671767,1.9732474
879,2026-05-11 16:10:10.600225,0.8995037,-0.046039272,0.485943,-4.525595,-3.6671767,1.9732474
880,2026-05-11 16:10:10.603112,0.8995037,-0.046039272,0.485943,-4.525595,-3.6671767,1.9732474
881,2026-05-11 16:10:10.605714,0.8995037,-0.046039272,0.485943,-4.525595,-3.6671767,1.9732474
882,2026-05-11 16:10:10.608500,0.9338349,-0.096651986,0.84864706,-5.2280903,-3.2997413,1.8513799
883,2026-05-11 16:10:10.611095,0.9338349,-0.096651986,0.84864706,-5.2280903,-3.2997413,1.8513799
884,2026-05-11 16:10:10.613699,0.9338349,-0.096651986,0.84864706,-5.2280903,-3.2997413,1.8513799
885,2026-05-11 16:10:10.616521,0.9338349,-0.096651986,0.84864706,-5.2280903,-3.2997413,1.8513799
886,2026-05-11 16:10:10.619429,0.9338349,-0.096651986,0.84864706,-5.2280903,-3.2997413,1.8513799
887,2026-05-11 16:10:10.622222,0.9338349,-0.096651986,0.84864706,-5.2280903,-3.2997413,1.8513799
888,2026-05-11 16:10:10.624850,0.9338349,-0.096651986,0.84864706,-5.2280903,-3.2997413,1.8513799
889,2026-05-11 16:10:10.627428,0.9338349,-0.096651986,0.84864706,-5.2280903,-3.2997413,1.8513799
890,2026-05-11 16:10:10.630084,0.97719115,-0.13543473,1.0882342,-5.2280903,-3.2997413,1.8513799
891,2026-05-11 16:10:10.632698,0.97719115,-0.13543473,1.0882342,-5.2280903,-3.2997413,1.8513799
892,2026-05-11 16:10:10.636030,0.97719115,-0.13543473,1.0882342,-5.2280903,-3.2997413,1.8513799
893,2026-05-11 16:10:10.638726,0.97719115,-0.13543473,1.0882342,-5.2280903,-3.2997413,1.8513799
894,2026-05-11 16:10:10.641440,0.97719115,-0.13543473,1.0882342,-5.3650765,-3.3119586,1.7282904
895,2026-05-11 16:10:10.644099,1.1459205,-0.10293283,1.7871774,-5.3650765,-3.3119586,1.7282904
896,2026-05-11 16:10:10.646709,1.1459205,-0.10293283,1.7871774,-5.3650765,-3.3119586,1.7282904
897,2026-05-11 16:10:10.649602,1.1459205,-0.10293283,1.7871774,-4.5721736,-3.7988183,1.3968961
898,2026-05-11 16:10:10.652698,1.1459205,-0.10293283,1.7871774,-4.5721736,-3.7988183,1.3968961
899,2026-05-11 16:10:10.655352,1.1459205,-0.10293283,1.7871774,-4.5721736,-3.7988183,1.3968961
900,2026-05-11 16:10:10.657953,1.1459205,-0.10293283,1.7871774,-4.5721736,-3.7988183,1.3968961
901,2026-05-11 16:10:10.660700,1.1459205,-0.10293283,1.7871774,-4.5721736,-3.7988183,1.3968961
902,2026-05-11 16:10:10.663465,1.0370117,-0.099518,2.0453024,-2.5462391,-4.6955686,0.96852684
903,2026-05-11 16:10:10.666490,1.0370117,-0.099518,2.0453024,-2.5462391,-4.6955686,0.96852684
904,2026-05-11 16:10:10.669553,1.0370117,-0.099518,2.0453024,-2.5462391,-4.6955686,0.96852684
905,2026-05-11 16:10:10.672163,1.0370117,-0.099518,2.0453024,-2.5462391,-4.6955686,0.96852684
906,2026-05-11 16:10:10.674750,1.0370117,-0.099518,2.0453024,-2.5462391,-4.6955686,0.96852684
907,2026-05-11 16:10:10.677344,1.0370117,-0.099518,2.0453024,-2.5462391,-4.6955686,0.96852684
908,2026-05-11 16:10:10.680065,1.0370117,-0.099518,2.0453024,-2.5462391,-4.6955686,0.96852684
909,2026-05-11 16:10:10.682854,1.0370117,-0.099518,2.0453024,-2.5462391,-4.6955686,0.96852684
910,2026-05-11 16:10:10.686134,1.0370117,-0.099518,2.0453024,-1.4501941,-5.2149568,0.926988
911,2026-05-11 16:10:10.688726,1.0370117,-0.099518,2.0453024,-1.4501941,-5.2149568,0.926988
912,2026-05-11 16:10:10.691506,1.0370117,-0.099518,2.0453024,-1.4501941,-5.2149568,0.926988
913,2026-05-11 16:10:10.694350,0.8253531,-0.097749606,1.9835913,-0.06811147,-5.8372755,1.217149
914,2026-05-11 16:10:10.697071,0.8253531,-0.097749606,1.9835913,-0.06811147,-5.8372755,1.217149
915,2026-05-11 16:10:10.700063,0.8253531,-0.097749606,1.9835913,-0.06811147,-5.8372755,1.217149
916,2026-05-11 16:10:10.703037,0.8253531,-0.097749606,1.9835913,-0.06811147,-5.8372755,1.217149
917,2026-05-11 16:10:10.705736,0.8253531,-0.097749606,1.9835913,-0.06811147,-5.8372755,1.217149
918,2026-05-11 16:10:10.708340,0.8253531,-0.097749606,1.9835913,-0.06811147,-5.8372755,1.217149
919,2026-05-11 16:10:10.711058,0.8253531,-0.097749606,1.9835913,-0.06811147,-5.8372755,1.217149
920,2026-05-11 16:10:10.713866,0.54027545,-0.24245316,1.6334491,-0.06811147,-5.8372755,1.217149
921,2026-05-11 16:10:10.716975,0.54027545,-0.24245316,1.6334491,-0.06811147,-5.8372755,1.217149
922,2026-05-11 16:10:10.719907,0.68333256,-0.018720604,0.8960889,-0.026419923,-5.669135,2.0442605
923,2026-05-11 16:10:10.722512,0.68333256,-0.018720604,0.8960889,-0.026419923,-5.669135,2.0442605
924,2026-05-11 16:10:10.725075,0.68333256,-0.018720604,0.8960889,-0.026419923,-5.669135,2.0442605
925,2026-05-11 16:10:10.727686,0.68333256,-0.018720604,0.8960889,-0.026419923,-5.669135,2.0442605
926,2026-05-11 16:10:10.730210,0.68333256,-0.018720604,0.8960889,-0.026419923,-5.669135,2.0442605
927,2026-05-11 16:10:10.733085,0.68333256,-0.018720604,0.8960889,-0.026419923,-5.669135,2.0442605
928,2026-05-11 16:10:10.736255,0.68333256,-0.018720604,0.8960889,-0.026419923,-5.669135,2.0442605
929,2026-05-11 16:10:10.738992,0.68333256,-0.018720604,0.8960889,-0.026419923,-5.669135,2.0442605
930,2026-05-11 16:10:10.741678,0.68333256,-0.018720604,0.8960889,-0.026419923,-5.669135,2.0442605
931,2026-05-11 16:10:10.744583,0.8468787,-0.10092052,0.6647339,-0.6441574,-5.219385,2.2527182
932,2026-05-11 16:10:10.747307,1.0342066,-0.09317617,0.68985736,-0.6441574,-5.219385,2.2527182
933,2026-05-11 16:10:10.750321,1.0342066,-0.09317617,0.68985736,-0.6441574,-5.219385,2.2527182
934,2026-05-11 16:10:10.753220,1.0342066,-0.09317617,0.68985736,-0.6441574,-5.219385,2.2527182
935,2026-05-11 16:10:10.755842,1.0342066,-0.09317617,0.68985736,-0.6441574,-5.219385,2.2527182
936,2026-05-11 16:10:10.758676,1.0342066,-0.09317617,0.68985736,-0.6441574,-5.219385,2.2527182
937,2026-05-11 16:10:10.761464,1.0342066,-0.09317617,0.68985736,-1.8235855,-4.5175014,2.5503623
938,2026-05-11 16:10:10.764138,1.0342066,-0.09317617,0.68985736,-1.8235855,-4.5175014,2.5503623
939,2026-05-11 16:10:10.767209,1.0342066,-0.09317617,0.68985736,-1.8235855,-4.5175014,2.5503623
940,2026-05-11 16:10:10.770141,1.5736895,0.015305771,0.9727397,-2.453235,-4.172973,2.5294402
941,2026-05-11 16:10:10.772827,1.5736895,0.015305771,0.9727397,-2.453235,-4.172973,2.5294402
942,2026-05-11 16:10:10.775556,1.5736895,0.015305771,0.9727397,-2.453235,-4.172973,2.5294402
943,2026-05-11 16:10:10.778315,1.5736895,0.015305771,0.9727397,-2.453235,-4.172973,2.5294402
944,2026-05-11 16:10:10.780993,1.5736895,0.015305771,0.9727397,-2.453235,-4.172973,2.5294402
945,2026-05-11 16:10:10.783926,1.5736895,0.015305771,0.9727397,-2.453235,-4.172973,2.5294402
946,2026-05-11 16:10:10.786633,1.5736895,0.015305771,0.9727397,-2.453235,-4.172973,2.5294402
947,2026-05-11 16:10:10.789230,1.5736895,0.015305771,0.9727397,-2.453235,-4.172973,2.5294402
948,2026-05-11 16:10:10.791829,1.5736895,0.015305771,0.9727397,-2.453235,-4.172973,2.5294402
949,2026-05-11 16:10:10.794387,1.5736895,0.015305771,0.9727397,-2.453235,-4.172973,2.5294402
950,2026-05-11 16:10:10.796968,1.5736895,0.015305771,0.9727397,-2.453235,-4.172973,2.5294402
951,2026-05-11 16:10:10.800153,1.5736895,0.015305771,0.9727397,-2.453235,-4.172973,2.5294402
952,2026-05-11 16:10:10.803143,1.5736895,0.015305771,0.9727397,-2.453235,-4.172973,2.5294402
953,2026-05-11 16:10:10.805899,1.5736895,0.015305771,0.9727397,-2.453235,-4.172973,2.5294402
954,2026-05-11 16:10:10.808708,1.5736895,0.015305771,0.9727397,-2.453235,-4.172973,2.5294402
955,2026-05-11 16:10:10.811364,1.5736895,0.015305771,0.9727397,-2.453235,-4.172973,2.5294402
956,2026-05-11 16:10:10.814175,1.5736895,0.015305771,0.9727397,-2.453235,-4.172973,2.5294402
957,2026-05-11 16:10:10.817408,1.5736895,0.015305771,0.9727397,-2.453235,-4.172973,2.5294402
958,2026-05-11 16:10:10.820227,1.8426076,0.12384869,1.3723363,-2.453235,-4.172973,2.5294402
959,2026-05-11 16:10:10.822826,1.8426076,0.12384869,1.3723363,-2.453235,-4.172973,2.5294402
960,2026-05-11 16:10:10.825597,1.8426076,0.12384869,1.3723363,-2.453235,-4.172973,2.5294402
961,2026-05-11 16:10:10.828405,1.6031423,0.0757971,1.7378453,-2.6340508,-4.2048907,1.8467983
962,2026-05-11 16:10:10.831084,1.6031423,0.0757971,1.7378453,-2.6340508,-4.2048907,1.8467983
963,2026-05-11 16:10:10.834250,1.6031423,0.0757971,1.7378453,-2.6340508,-4.2048907,1.8467983
964,2026-05-11 16:10:10.837109,1.6031423,0.0757971,1.7378453,-2.6340508,-4.2048907,1.8467983
965,2026-05-11 16:10:10.839797,1.6031423,0.0757971,1.7378453,-2.6340508,-4.2048907,1.8467983
966,2026-05-11 16:10:10.842428,1.6031423,0.0757971,1.7378453,-2.6340508,-4.2048907,1.8467983
967,2026-05-11 16:10:10.845067,1.6031423,0.0757971,1.7378453,-2.1164954,-4.468785,1.0383182
968,2026-05-11 16:10:10.847871,1.6031423,0.0757971,1.7378453,-2.1164954,-4.468785,1.0383182
969,2026-05-11 16:10:10.850880,1.6031423,0.0757971,1.7378453,-2.1164954,-4.468785,1.0383182
970,2026-05-11 16:10:10.853684,1.6031423,0.0757971,1.7378453,-2.1164954,-4.468785,1.0383182
971,2026-05-11 16:10:10.856345,1.6031423,0.0757971,1.7378453,-2.1164954,-4.468785,1.0383182
972,2026-05-11 16:10:10.858925,1.6031423,0.0757971,1.7378453,-2.1164954,-4.468785,1.0383182
973,2026-05-11 16:10:10.861539,1.6031423,0.0757971,1.7378453,-2.1164954,-4.468785,1.0383182
974,2026-05-11 16:10:10.864095,1.6031423,0.0757971,1.7378453,-2.1164954,-4.468785,1.0383182
975,2026-05-11 16:10:10.867207,1.2948316,0.038965687,1.7263201,-2.1164954,-4.468785,1.0383182
976,2026-05-11 16:10:10.870074,1.2948316,0.038965687,1.7263201,-1.4501941,-4.7784934,0.8127562
977,2026-05-11 16:10:10.872684,1.2948316,0.038965687,1.7263201,-1.4501941,-4.7784934,0.8127562
978,2026-05-11 16:10:10.875398,1.2948316,0.038965687,1.7263201,-1.4501941,-4.7784934,0.8127562
979,2026-05-11 16:10:10.877986,1.2948316,0.038965687,1.7263201,-1.4501941,-4.7784934,0.8127562
980,2026-05-11 16:10:10.880709,1.2948316,0.038965687,1.7263201,-1.4501941,-4.7784934,0.8127562
981,2026-05-11 16:10:10.883591,1.2948316,0.038965687,1.7263201,-1.4501941,-4.7784934,0.8127562
982,2026-05-11 16:10:10.886588,1.2948316,0.038965687,1.7263201,-1.0975721,-5.040707,1.106277
983,2026-05-11 16:10:10.889263,1.2948316,0.038965687,1.7263201,-1.0975721,-5.040707,1.106277
984,2026-05-11 16:10:10.891837,1.2948316,0.038965687,1.7263201,-1.0975721,-5.040707,1.106277
985,2026-05-11 16:10:10.894544,1.2948316,0.038965687,1.7263201,-1.0975721,-5.040707,1.106277
986,2026-05-11 16:10:10.897126,1.2948316,0.038965687,1.7263201,-1.0975721,-5.040707,1.106277
987,2026-05-11 16:10:10.900213,1.0730504,0.017318083,1.3870322,-1.0975721,-5.040707,1.106277
988,2026-05-11 16:10:10.903101,1.1903133,0.05079565,1.1061621,-1.0975721,-5.040707,1.106277
989,2026-05-11 16:10:10.905693,1.1903133,0.05079565,1.1061621,-1.0975721,-5.040707,1.106277
990,2026-05-11 16:10:10.908509,1.1903133,0.05079565,1.1061621,-1.0975721,-5.040707,1.106277
991,2026-05-11 16:10:10.911349,1.1903133,0.05079565,1.1061621,-1.589624,-4.865847,1.6085609
992,2026-05-11 16:10:10.914149,1.1903133,0.05079565,1.1061621,-1.589624,-4.865847,1.6085609
993,2026-05-11 16:10:10.917264,1.1903133,0.05079565,1.1061621,-1.589624,-4.865847,1.6085609
994,2026-05-11 16:10:10.920281,1.1903133,0.05079565,1.1061621,-1.589624,-4.865847,1.6085609
995,2026-05-11 16:10:10.922885,1.1903133,0.05079565,1.1061621,-1.589624,-4.865847,1.6085609
996,2026-05-11 16:10:10.925473,1.1903133,0.05079565,1.1061621,-1.589624,-4.865847,1.6085609
997,2026-05-11 16:10:10.928121,1.1903133,0.05079565,1.1061621,-1.589624,-4.865847,1.6085609
998,2026-05-11 16:10:10.930716,1.1903133,0.05079565,1.1061621,-1.589624,-4.865847,1.6085609
999,2026-05-11 16:10:10.933639,1.1903133,0.05079565,1.1061621,-2.7473664,-4.2852197,1.86207
1000,2026-05-11 16:10:10.936600,1.5875926,0.03585575,1.0775019,-2.7473664,-4.2852197,1.86207
1001,2026-05-11 16:10:10.939350,1.5875926,0.03585575,1.0775019,-2.7473664,-4.2852197,1.86207
1002,2026-05-11 16:10:10.942078,1.5875926,0.03585575,1.0775019,-3.971235,-3.5969272,1.8507689
1003,2026-05-11 16:10:10.944769,1.5875926,0.03585575,1.0775019,-3.971235,-3.5969272,1.8507689
1004,2026-05-11 16:10:10.947340,1.5875926,0.03585575,1.0775019,-3.971235,-3.5969272,1.8507689
1005,2026-05-11 16:10:10.950357,1.5875926,0.03585575,1.0775019,-3.971235,-3.5969272,1.8507689
1006,2026-05-11 16:10:10.953230,1.5875926,0.03585575,1.0775019,-3.971235,-3.5969272,1.8507689
1007,2026-05-11 16:10:10.955855,1.5875926,0.03585575,1.0775019,-3.971235,-3.5969272,1.8507689
1008,2026-05-11 16:10:10.958475,1.5875926,0.03585575,1.0775019,-3.971235,-3.5969272,1.8507689
1009,2026-05-11 16:10:10.961218,1.7207712,-0.22976951,2.0013971,-6.299395,-1.682781,1.4506522
1010,2026-05-11 16:10:10.963978,1.7207712,-0.22976951,2.0013971,-6.299395,-1.682781,1.4506522
1011,2026-05-11 16:10:10.967119,1.7207712,-0.22976951,2.0013971,-6.299395,-1.682781,1.4506522
1012,2026-05-11 16:10:10.969943,1.7207712,-0.22976951,2.0013971,-6.299395,-1.682781,1.4506522
1013,2026-05-11 16:10:10.972583,1.7207712,-0.22976951,2.0013971,-6.299395,-1.682781,1.4506522
1014,2026-05-11 16:10:10.975250,1.7207712,-0.22976951,2.0013971,-6.299395,-1.682781,1.4506522
1015,2026-05-11 16:10:10.978050,1.7207712,-0.22976951,2.0013971,-6.299395,-1.682781,1.4506522
1016,2026-05-11 16:10:10.980650,1.7207712,-0.22976951,2.0013971,-6.299395,-1.682781,1.4506522
1017,2026-05-11 16:10:10.983920,1.7207712,-0.22976951,2.0013971,-6.299395,-1.682781,1.4506522
1018,2026-05-11 16:10:10.986762,1.7207712,-0.22976951,2.0013971,-6.299395,-1.682781,1.4506522
1019,2026-05-11 16:10:10.989542,1.7207712,-0.22976951,2.0013971,-6.299395,-1.682781,1.4506522
1020,2026-05-11 16:10:10.992148,1.7207712,-0.22976951,2.0013971,-6.299395,-1.682781,1.4506522
1021,2026-05-11 16:10:10.995107,1.7207712,-0.22976951,2.0013971,-6.299395,-1.682781,1.4506522
1022,2026-05-11 16:10:10.997893,1.7207712,-0.22976951,2.0013971,-6.299395,-1.682781,1.4506522
1023,2026-05-11 16:10:11.001242,1.7313205,-0.254649,2.5393553,-6.299395,-1.682781,1.4506522
1024,2026-05-11 16:10:11.004168,1.7313205,-0.254649,2.5393553,-6.299395,-1.682781,1.4506522
1025,2026-05-11 16:10:11.006953,1.7313205,-0.254649,2.5393553,-6.038708,-1.1771374,1.0093021
1026,2026-05-11 16:10:11.009647,1.7313205,-0.254649,2.5393553,-6.038708,-1.1771374,1.0093021
1027,2026-05-11 16:10:11.012477,1.5108198,-0.12842213,3.1325607,-3.7300959,-1.5522085,0.27046058
1028,2026-05-11 16:10:11.015185,0.8823686,-0.04170975,2.4406302,0.6067419,-2.4115434,-0.31978795
1029,2026-05-11 16:10:11.018503,0.8823686,-0.04170975,2.4406302,0.6067419,-2.4115434,-0.31978795
1030,2026-05-11 16:10:11.021168,0.8823686,-0.04170975,2.4406302,0.6067419,-2.4115434,-0.31978795
1031,2026-05-11 16:10:11.023951,0.8823686,-0.04170975,2.4406302,0.6067419,-2.4115434,-0.31978795
1032,2026-05-11 16:10:11.026594,0.8823686,-0.04170975,2.4406302,0.6067419,-2.4115434,-0.31978795
1033,2026-05-11 16:10:11.029341,0.8823686,-0.04170975,2.4406302,0.6067419,-2.4115434,-0.31978795
1034,2026-05-11 16:10:11.032202,0.8823686,-0.04170975,2.4406302,0.6067419,-2.4115434,-0.31978795
1035,2026-05-11 16:10:11.035301,0.8823686,-0.04170975,2.4406302,0.6067419,-2.4115434,-0.31978795
1036,2026-05-11 16:10:11.038036,0.8823686,-0.04170975,2.4406302,0.6067419,-2.4115434,-0.31978795
1037,2026-05-11 16:10:11.040811,0.7020531,0.018842563,1.8796829,0.6067419,-2.4115434,-0.31978795
1038,2026-05-11 16:10:11.043405,0.7020531,0.018842563,1.8796829,0.6067419,-2.4115434,-0.31978795
1039,2026-05-11 16:10:11.045967,0.7020531,0.018842563,1.8796829,0.6067419,-2.4115434,-0.31978795
1040,2026-05-11 16:10:11.048733,0.7020531,0.018842563,1.8796829,0.6067419,-2.4115434,-0.31978795
1041,2026-05-11 16:10:11.051817,0.7020531,0.018842563,1.8796829,0.6067419,-2.4115434,-0.31978795
1042,2026-05-11 16:10:11.054688,0.7020531,0.018842563,1.8796829,0.6067419,-2.4115434,-0.31978795
1043,2026-05-11 16:10:11.057336,0.7020531,0.018842563,1.8796829,0.6067419,-2.4115434,-0.31978795
1044,2026-05-11 16:10:11.059925,0.7020531,0.018842563,1.8796829,0.6067419,-2.4115434,-0.31978795
1045,2026-05-11 16:10:11.062583,0.7020531,0.018842563,1.8796829,0.6067419,-2.4115434,-0.31978795
1046,2026-05-11 16:10:11.065157,0.7020531,0.018842563,1.8796829,0.6067419,-2.4115434,-0.31978795
1047,2026-05-11 16:10:11.068212,0.7020531,0.018842563,1.8796829,0.6067419,-2.4115434,-0.31978795
1048,2026-05-11 16:10:11.071198,0.7020531,0.018842563,1.8796829,0.6067419,-2.4115434,-0.31978795
1049,2026-05-11 16:10:11.073808,0.7020531,0.018842563,1.8796829,0.6067419,-2.4115434,-0.31978795
1050,2026-05-11 16:10:11.076401,0.7020531,0.018842563,1.8796829,0.6067419,-2.4115434,-0.31978795
1051,2026-05-11 16:10:11.079015,0.7020531,0.018842563,1.8796829,0.6067419,-2.4115434,-0.31978795
1052,2026-05-11 16:10:11.081600,0.7020531,0.018842563,1.8796829,0.6067419,-2.4115434,-0.31978795
1053,2026-05-11 16:10:11.084815,0.7020531,0.018842563,1.8796829,0.6067419,-2.4115434,-0.31978795
1054,2026-05-11 16:10:11.087602,0.7020531,0.018842563,1.8796829,0.6067419,-2.4115434,-0.31978795
1055,2026-05-11 16:10:11.090302,0.7020531,0.018842563,1.8796829,0.6067419,-2.4115434,-0.31978795
1056,2026-05-11 16:10:11.092874,0.7020531,0.018842563,1.8796829,0.6067419,-2.4115434,-0.31978795
1057,2026-05-11 16:10:11.095611,0.7020531,0.018842563,1.8796829,0.6067419,-2.4115434,-0.31978795
1058,2026-05-11 16:10:11.098206,0.7020531,0.018842563,1.8796829,0.6067419,-2.4115434,-0.31978795
1059,2026-05-11 16:10:11.101205,0.7020531,0.018842563,1.8796829,0.6067419,-2.4115434,-0.31978795
1060,2026-05-11 16:10:11.103937,0.7020531,0.018842563,1.8796829,0.6067419,-2.4115434,-0.31978795
1061,2026-05-11 16:10:11.106511,0.7020531,0.018842563,1.8796829,0.6067419,-2.4115434,-0.31978795
1062,2026-05-11 16:10:11.109176,0.7020531,0.018842563,1.8796829,0.6067419,-2.4115434,-0.31978795
1063,2026-05-11 16:10:11.111843,0.7020531,0.018842563,1.8796829,0.6067419,-2.4115434,-0.31978795
1064,2026-05-11 16:10:11.114401,0.7020531,0.018842563,1.8796829,0.6067419,-2.4115434,-0.31978795
1065,2026-05-11 16:10:11.117565,0.7020531,0.018842563,1.8796829,0.6881397,-1.4340062,0.0047342055
1066,2026-05-11 16:10:11.120352,0.7020531,0.018842563,1.8796829,0.6881397,-1.4340062,0.0047342055
1067,2026-05-11 16:10:11.122957,0.7020531,0.018842563,1.8796829,0.6881397,-1.4340062,0.0047342055
1068,2026-05-11 16:10:11.125549,0.7020531,0.018842563,1.8796829,0.6881397,-1.4340062,0.0047342055
1069,2026-05-11 16:10:11.128245,0.7020531,0.018842563,1.8796829,0.6881397,-1.4340062,0.0047342055
1070,2026-05-11 16:10:11.130846,0.7020531,0.018842563,1.8796829,0.6881397,-1.4340062,0.0047342055
1071,2026-05-11 16:10:11.134013,0.7020531,0.018842563,1.8796829,0.6881397,-1.4340062,0.0047342055
1072,2026-05-11 16:10:11.136803,0.6507697,0.06445498,1.6907084,0.6881397,-1.4340062,0.0047342055
1073,2026-05-11 16:10:11.139490,0.6507697,0.06445498,1.6907084,0.6881397,-1.4340062,0.0047342055
1074,2026-05-11 16:10:11.142216,0.6507697,0.06445498,1.6907084,0.6881397,-1.4340062,0.0047342055
1075,2026-05-11 16:10:11.144818,0.6507697,0.06445498,1.6907084,0.6881397,-1.4340062,0.0047342055
1076,2026-05-11 16:10:11.147539,0.6529039,0.100554645,1.5895439,0.37400225,-0.82909685,0.14202617
1077,2026-05-11 16:10:11.150558,0.6529039,0.100554645,1.5895439,0.37400225,-0.82909685,0.14202617
1078,2026-05-11 16:10:11.153438,0.6529039,0.100554645,1.5895439,0.37400225,-0.82909685,0.14202617
1079,2026-05-11 16:10:11.156056,0.6529039,0.100554645,1.5895439,0.37400225,-0.82909685,0.14202617
1080,2026-05-11 16:10:11.158647,0.6529039,0.100554645,1.5895439,0.37400225,-0.82909685,0.14202617
1081,2026-05-11 16:10:11.161387,0.6529039,0.100554645,1.5895439,0.37400225,-0.82909685,0.14202617
1082,2026-05-11 16:10:11.163976,0.6529039,0.100554645,1.5895439,0.37400225,-0.82909685,0.14202617
1083,2026-05-11 16:10:11.167089,0.6529039,0.100554645,1.5895439,0.37400225,-0.82909685,0.14202617
1084,2026-05-11 16:10:11.169795,0.6529039,0.100554645,1.5895439,0.37400225,-0.82909685,0.14202617
1085,2026-05-11 16:10:11.172432,0.6529039,0.100554645,1.5895439,0.37400225,-0.82909685,0.14202617
1086,2026-05-11 16:10:11.175181,0.6529039,0.100554645,1.5895439,0.37400225,-0.82909685,0.14202617
1087,2026-05-11 16:10:11.177806,0.6760151,0.14031307,1.5177104,0.37400225,-0.82909685,0.14202617
1088,2026-05-11 16:10:11.180587,0.6760151,0.14031307,1.5177104,0.37400225,-0.82909685,0.14202617
1089,2026-05-11 16:10:11.183379,0.6760151,0.14031307,1.5177104,0.37400225,-0.82909685,0.14202617
1090,2026-05-11 16:10:11.187039,0.6760151,0.14031307,1.5177104,-0.15592335,0.14950927,0.31520647
1091,2026-05-11 16:10:11.189896,0.6760151,0.14031307,1.5177104,-0.15592335,0.14950927,0.31520647
1092,2026-05-11 16:10:11.192545,0.6760151,0.14031307,1.5177104,-0.15592335,0.14950927,0.31520647
1093,2026-05-11 16:10:11.195141,0.6760151,0.14031307,1.5177104,-0.15592335,0.14950927,0.31520647
1094,2026-05-11 16:10:11.197951,0.6760151,0.14031307,1.5177104,-0.15592335,0.14950927,0.31520647
1095,2026-05-11 16:10:11.200706,0.6760151,0.14031307,1.5177104,-0.15592335,0.14950927,0.31520647
1096,2026-05-11 16:10:11.203986,0.6760151,0.14031307,1.5177104,-0.15592335,0.14950927,0.31520647
1097,2026-05-11 16:10:11.207026,0.67205137,0.17781526,1.5246011,-0.15592335,0.14950927,0.31520647
1098,2026-05-11 16:10:11.209764,0.67205137,0.17781526,1.5246011,-0.15592335,0.14950927,0.31520647
1099,2026-05-11 16:10:11.212398,0.67205137,0.17781526,1.5246011,-0.15592335,0.14950927,0.31520647
1100,2026-05-11 16:10:11.215164,0.67205137,0.17781526,1.5246011,-0.15592335,0.14950927,0.31520647
1101,2026-05-11 16:10:11.218167,0.67205137,0.17781526,1.5246011,-0.15592335,0.14950927,0.31520647
1102,2026-05-11 16:10:11.221091,0.67205137,0.17781526,1.5246011,-0.37720928,0.65102965,0.38912117
1103,2026-05-11 16:10:11.223822,0.67205137,0.17781526,1.5246011,-0.37720928,0.65102965,0.38912117
1104,2026-05-11 16:10:11.226463,0.67205137,0.17781526,1.5246011,-0.37720928,0.65102965,0.38912117
1105,2026-05-11 16:10:11.229148,0.67205137,0.17781526,1.5246011,-0.4654793,0.8929323,0.39645153
1106,2026-05-11 16:10:11.231781,0.67205137,0.17781526,1.5246011,-0.4654793,0.8929323,0.39645153
1107,2026-05-11 16:10:11.235191,0.67205137,0.17781526,1.5246011,-0.4654793,0.8929323,0.39645153
1108,2026-05-11 16:10:11.237933,0.67205137,0.17781526,1.5246011,-0.4654793,0.8929323,0.39645153
1109,2026-05-11 16:10:11.240792,0.7236398,0.23989205,1.5833851,-0.4654793,0.8929323,0.39645153
1110,2026-05-11 16:10:11.243565,0.7584589,0.28776067,1.694672,0.11957687,0.8191703,0.21013765
1111,2026-05-11 16:10:11.246359,0.705529,0.25336844,1.6057645,0.5920811,0.7530441,0.069027774
1112,2026-05-11 16:10:11.249056,0.705529,0.25336844,1.6057645,0.9728029,0.77381355,0.00030543262
1113,2026-05-11 16:10:11.252227,0.705529,0.25336844,1.6057645,0.9728029,0.77381355,0.00030543262
1114,2026-05-11 16:10:11.254832,0.705529,0.25336844,1.6057645,0.9728029,0.77381355,0.00030543262
1115,2026-05-11 16:10:11.257517,0.705529,0.25336844,1.6057645,0.9728029,0.77381355,0.00030543262
1116,2026-05-11 16:10:11.260092,0.705529,0.25336844,1.6057645,0.9728029,0.77381355,0.00030543262
1117,2026-05-11 16:10:11.262762,0.705529,0.25336844,1.6057645,0.9728029,0.77381355,0.00030543262
1118,2026-05-11 16:10:11.265315,0.705529,0.25336844,1.6057645,0.9728029,0.77381355,0.00030543262
1119,2026-05-11 16:10:11.268329,0.705529,0.25336844,1.6057645,0.9728029,0.77381355,0.00030543262
1120,2026-05-11 16:10:11.271006,0.705529,0.25336844,1.6057645,0.9728029,0.77381355,0.00030543262
1121,2026-05-11 16:10:11.273555,0.705529,0.25336844,1.6057645,0.9728029,0.77381355,0.00030543262
1122,2026-05-11 16:10:11.276076,0.705529,0.25336844,1.6057645,0.9728029,0.77381355,0.00030543262
1123,2026-05-11 16:10:11.278793,0.705529,0.25336844,1.6057645,0.9728029,0.77381355,0.00030543262
1124,2026-05-11 16:10:11.281384,0.705529,0.25336844,1.6057645,0.9728029,0.77381355,0.00030543262
1125,2026-05-11 16:10:11.284711,0.705529,0.25336844,1.6057645,0.9728029,0.77381355,0.00030543262
1126,2026-05-11 16:10:11.287523,0.705529,0.25336844,1.6057645,0.9728029,0.77381355,0.00030543262
1127,2026-05-11 16:10:11.290235,0.705529,0.25336844,1.6057645,0.9728029,0.77381355,0.00030543262
1128,2026-05-11 16:10:11.292834,0.705529,0.25336844,1.6057645,0.9728029,0.77381355,0.00030543262
1129,2026-05-11 16:10:11.295560,0.705529,0.25336844,1.6057645,0.9728029,0.77381355,0.00030543262
1130,2026-05-11 16:10:11.298167,0.705529,0.25336844,1.6057645,0.9728029,0.77381355,0.00030543262
1131,2026-05-11 16:10:11.301334,0.705529,0.25336844,1.6057645,0.9728029,0.77381355,0.00030543262
1132,2026-05-11 16:10:11.304100,0.705529,0.25336844,1.6057645,0.9728029,0.77381355,0.00030543262
1133,2026-05-11 16:10:11.306857,0.705529,0.25336844,1.6057645,1.2017246,0.93508196,-0.09025534
1134,2026-05-11 16:10:11.309627,0.6949796,0.22385453,1.5155762,1.2017246,0.93508196,-0.09025534
1135,2026-05-11 16:10:11.312462,0.68833286,0.20348747,1.448804,1.1371256,1.3726143,-0.17608191
1136,2026-05-11 16:10:11.315116,0.69241846,0.17933974,1.3601403,1.1371256,1.3726143,-0.17608191
1137,2026-05-11 16:10:11.318320,0.69241846,0.17933974,1.3601403,1.1371256,1.3726143,-0.17608191
1138,2026-05-11 16:10:11.320991,0.69241846,0.17933974,1.3601403,1.1371256,1.3726143,-0.17608191
1139,2026-05-11 16:10:11.323590,0.69241846,0.17933974,1.3601403,1.1371256,1.3726143,-0.17608191
1140,2026-05-11 16:10:11.326335,0.69241846,0.17933974,1.3601403,1.1371256,1.3726143,-0.17608191
1141,2026-05-11 16:10:11.329150,0.69241846,0.17933974,1.3601403,1.1371256,1.3726143,-0.17608191
1142,2026-05-11 16:10:11.331841,0.69241846,0.17933974,1.3601403,1.1371256,1.3726143,-0.17608191
1143,2026-05-11 16:10:11.334723,0.69241846,0.17933974,1.3601403,1.1371256,1.3726143,-0.17608191
1144,2026-05-11 16:10:11.337584,0.69241846,0.17933974,1.3601403,1.1371256,1.3726143,-0.17608191
1145,2026-05-11 16:10:11.340237,0.69241846,0.17933974,1.3601403,1.1371256,1.3726143,-0.17608191
1146,2026-05-11 16:10:11.342803,0.69241846,0.17933974,1.3601403,1.1371256,1.3726143,-0.17608191
1147,2026-05-11 16:10:11.345460,0.69241846,0.17933974,1.3601403,1.1371256,1.3726143,-0.17608191
1148,2026-05-11 16:10:11.348038,0.69241846,0.17933974,1.3601403,1.1371256,1.3726143,-0.17608191
1149,2026-05-11 16:10:11.351121,0.69241846,0.17933974,1.3601403,1.1371256,1.3726143,-0.17608191
1150,2026-05-11 16:10:11.353882,0.69241846,0.17933974,1.3601403,1.1371256,1.3726143,-0.17608191
1151,2026-05-11 16:10:11.356511,0.69241846,0.17933974,1.3601403,1.1371256,1.3726143,-0.17608191
1152,2026-05-11 16:10:11.359337,0.69241846,0.17933974,1.3601403,1.1371256,1.3726143,-0.17608191
1153,2026-05-11 16:10:11.362038,0.69241846,0.17933974,1.3601403,0.8979719,1.6203201,-0.15485434
1154,2026-05-11 16:10:11.364715,0.69241846,0.17933974,1.3601403,0.8979719,1.6203201,-0.15485434
1155,2026-05-11 16:10:11.367886,0.69241846,0.17933974,1.3601403,0.8979719,1.6203201,-0.15485434
1156,2026-05-11 16:10:11.370715,0.69241846,0.17933974,1.3601403,0.8979719,1.6203201,-0.15485434
1157,2026-05-11 16:10:11.373322,0.69241846,0.17933974,1.3601403,0.8979719,1.6203201,-0.15485434
1158,2026-05-11 16:10:11.376096,0.69241846,0.17933974,1.3601403,0.8979719,1.6203201,-0.15485434
1159,2026-05-11 16:10:11.378828,0.70558995,0.1299466,1.3683115,0.8979719,1.6203201,-0.15485434
1160,2026-05-11 16:10:11.381424,0.70558995,0.1299466,1.3683115,0.8979719,1.6203201,-0.15485434
1161,2026-05-11 16:10:11.384336,0.70558995,0.1299466,1.3683115,0.8979719,1.6203201,-0.15485434
1162,2026-05-11 16:10:11.387262,0.70558995,0.1299466,1.3683115,0.8979719,1.6203201,-0.15485434
1163,2026-05-11 16:10:11.389907,0.70558995,0.1299466,1.3683115,0.8979719,1.6203201,-0.15485434
1164,2026-05-11 16:10:11.392502,0.70558995,0.1299466,1.3683115,0.8979719,1.6203201,-0.15485434
1165,2026-05-11 16:10:11.395285,0.74595815,0.117140986,1.4414866,0.8979719,1.6203201,-0.15485434
1166,2026-05-11 16:10:11.397890,0.74595815,0.117140986,1.4414866,0.8979719,1.6203201,-0.15485434
1167,2026-05-11 16:10:11.401022,0.74595815,0.117140986,1.4414866,0.8979719,1.6203201,-0.15485434
1168,2026-05-11 16:10:11.403815,0.74595815,0.117140986,1.4414866,0.77564615,1.754405,-0.1301143
1169,2026-05-11 16:10:11.415816,1.0026805,-0.023720896,1.8695604,1.0154108,2.0890064,-0.4644103
1170,2026-05-11 16:10:11.433492,1.0026805,-0.023720896,1.8695604,1.0154108,2.0890064,-0.4644103
1171,2026-05-11 16:10:11.442230,0.90127206,-0.1340932,1.852791,1.5222762,2.8667905,-0.57864213
1172,2026-05-11 16:10:11.445342,0.90127206,-0.1340932,1.852791,1.5222762,2.8667905,-0.57864213
1173,2026-05-11 16:10:11.448169,0.90127206,-0.1340932,1.852791,1.5222762,2.8667905,-0.57864213
1174,2026-05-11 16:10:11.451044,0.90127206,-0.1340932,1.852791,1.5222762,2.8667905,-0.57864213
1175,2026-05-11 16:10:11.454273,0.90127206,-0.1340932,1.852791,1.7637206,3.1630602,-0.49449542
1176,2026-05-11 16:10:11.457200,0.90127206,-0.1340932,1.852791,1.7637206,3.1630602,-0.49449542
1177,2026-05-11 16:10:11.460011,0.90127206,-0.1340932,1.852791,1.7637206,3.1630602,-0.49449542
1178,2026-05-11 16:10:11.462646,0.90127206,-0.1340932,1.852791,1.7637206,3.1630602,-0.49449542
1179,2026-05-11 16:10:11.465341,0.94438434,-0.14726469,1.8023003,1.7637206,3.1630602,-0.49449542
1180,2026-05-11 16:10:11.468425,0.94438434,-0.14726469,1.8023003,1.7637206,3.1630602,-0.49449542
1181,2026-05-11 16:10:11.471227,1.0807338,-0.14244732,1.715222,2.2808182,3.4252741,-0.3830125
1182,2026-05-11 16:10:11.474066,1.0807338,-0.14244732,1.715222,2.417652,3.4223726,-0.43951756
1183,2026-05-11 16:10:11.476948,1.1598847,-0.13702019,1.6649143,2.417652,3.4223726,-0.43951756
1184,2026-05-11 16:10:11.479579,1.1598847,-0.13702019,1.6649143,2.417652,3.4223726,-0.43951756
1185,2026-05-11 16:10:11.482313,1.1598847,-0.13702019,1.6649143,2.417652,3.4223726,-0.43951756
1186,2026-05-11 16:10:11.485470,1.1598847,-0.13702019,1.6649143,2.417652,3.4223726,-0.43951756
1187,2026-05-11 16:10:11.488252,1.1598847,-0.13702019,1.6649143,2.417652,3.4223726,-0.43951756
1188,2026-05-11 16:10:11.490990,1.1598847,-0.13702019,1.6649143,2.417652,3.4223726,-0.43951756
1189,2026-05-11 16:10:11.493731,1.1708001,-0.117689796,1.5847266,2.417652,3.4223726,-0.43951756
1190,2026-05-11 16:10:11.496344,1.1708001,-0.117689796,1.5847266,2.417652,3.4223726,-0.43951756
1191,2026-05-11 16:10:11.498935,1.1708001,-0.117689796,1.5847266,2.417652,3.4223726,-0.43951756
1192,2026-05-11 16:10:11.502248,1.1708001,-0.117689796,1.5847266,2.417652,3.4223726,-0.43951756
1193,2026-05-11 16:10:11.505396,1.1708001,-0.117689796,1.5847266,2.7088819,3.4315355,-0.68554354
1194,2026-05-11 16:10:11.508384,1.1708001,-0.117689796,1.5847266,2.7088819,3.4315355,-0.68554354
1195,2026-05-11 16:10:11.511560,1.1708001,-0.117689796,1.5847266,2.7088819,3.4315355,-0.68554354
1196,2026-05-11 16:10:11.514623,1.1708001,-0.117689796,1.5847266,2.7088819,3.4315355,-0.68554354
1197,2026-05-11 16:10:11.518366,1.1708001,-0.117689796,1.5847266,2.7088819,3.4315355,-0.68554354
1198,2026-05-11 16:10:11.521371,1.1708001,-0.117689796,1.5847266,2.7088819,3.4315355,-0.68554354
1199,2026-05-11 16:10:11.524499,1.1708001,-0.117689796,1.5847266,2.7088819,3.4315355,-0.68554354
1200,2026-05-11 16:10:11.527477,1.1708001,-0.117689796,1.5847266,2.7088819,3.4315355,-0.68554354
1201,2026-05-11 16:10:11.530442,1.1708001,-0.117689796,1.5847266,2.7088819,3.4315355,-0.68554354
1202,2026-05-11 16:10:11.533841,1.1708001,-0.117689796,1.5847266,2.7088819,3.4315355,-0.68554354
1203,2026-05-11 16:10:11.537016,1.1708001,-0.117689796,1.5847266,2.7088819,3.4315355,-0.68554354
1204,2026-05-11 16:10:11.539868,1.1708001,-0.117689796,1.5847266,2.8542678,3.5511124,-0.79091775
1205,2026-05-11 16:10:11.542664,0.9960337,-0.17257105,1.4183145,2.9023736,3.7201693,-0.77839506
1206,2026-05-11 16:10:11.545407,0.9960337,-0.17257105,1.4183145,2.9023736,3.7201693,-0.77839506
1207,2026-05-11 16:10:11.548178,0.94103056,-0.18708408,1.3411148,2.9023736,3.7201693,-0.77839506
1208,2026-05-11 16:10:11.551414,0.94103056,-0.18708408,1.3411148,2.9023736,3.7201693,-0.77839506
1209,2026-05-11 16:10:11.554260,0.94103056,-0.18708408,1.3411148,2.9463558,3.9403863,-0.6406449
1210,2026-05-11 16:10:11.556902,0.94103056,-0.18708408,1.3411148,2.9463558,3.9403863,-0.6406449
1211,2026-05-11 16:10:11.559524,0.93914014,-0.18244967,1.3182477,2.9463558,3.9403863,-0.6406449
1212,2026-05-11 16:10:11.562262,0.93914014,-0.18244967,1.3182477,3.040429,4.0132318,-0.5571091
1213,2026-05-11 16:10:11.564828,0.93914014,-0.18244967,1.3182477,3.040429,4.0132318,-0.5571091
1214,2026-05-11 16:10:11.568249,0.93914014,-0.18244967,1.3182477,3.040429,4.0132318,-0.5571091
1215,2026-05-11 16:10:11.571051,0.93914014,-0.18244967,1.3182477,3.040429,4.0132318,-0.5571091
1216,2026-05-11 16:10:11.573771,1.033048,-0.17513217,1.2212907,3.040429,4.0132318,-0.5571091
1217,2026-05-11 16:10:11.576603,1.1132967,-0.10896978,1.1025034,3.1998649,4.049884,-0.51068336
1218,2026-05-11 16:10:11.579215,1.1132967,-0.10896978,1.1025034,3.1998649,4.049884,-0.51068336
1219,2026-05-11 16:10:11.582331,1.1132967,-0.10896978,1.1025034,3.2959235,4.0016255,-0.63224554
1220,2026-05-11 16:10:11.585488,1.1132967,-0.10896978,1.1025034,3.2959235,4.0016255,-0.63224554
1221,2026-05-11 16:10:11.588227,1.1132967,-0.10896978,1.1025034,3.2959235,4.0016255,-0.63224554
1222,2026-05-11 16:10:11.590966,1.1132967,-0.10896978,1.1025034,3.2959235,4.0016255,-0.63224554
1223,2026-05-11 16:10:11.593733,1.1132967,-0.10896978,1.1025034,3.2959235,4.0016255,-0.63224554
1224,2026-05-11 16:10:11.596346,1.1132967,-0.10896978,1.1025034,3.2959235,4.0016255,-0.63224554
1225,2026-05-11 16:10:11.599107,1.1132967,-0.10896978,1.1025034,3.2959235,4.0016255,-0.63224554
1226,2026-05-11 16:10:11.602175,1.1132967,-0.10896978,1.1025034,3.3001995,3.9438987,-0.8208502
1227,2026-05-11 16:10:11.605011,1.1132967,-0.10896978,1.1025034,3.3001995,3.9438987,-0.8208502
1228,2026-05-11 16:10:11.607784,1.1132967,-0.10896978,1.1025034,3.3001995,3.9438987,-0.8208502
1229,2026-05-11 16:10:11.610574,1.1132967,-0.10896978,1.1025034,3.3001995,3.9438987,-0.8208502
1230,2026-05-11 16:10:11.613775,1.109577,-0.067321,1.0310358,3.3001995,3.9438987,-0.8208502
1231,2026-05-11 16:10:11.617169,1.109577,-0.067321,1.0310358,3.3001995,3.9438987,-0.8208502
1232,2026-05-11 16:10:11.620367,1.109577,-0.067321,1.0310358,3.3001995,3.9438987,-0.8208502
1233,2026-05-11 16:10:11.623072,1.109577,-0.067321,1.0310358,3.3001995,3.9438987,-0.8208502
1234,2026-05-11 16:10:11.625847,1.109577,-0.067321,1.0310358,3.3001995,3.9438987,-0.8208502
1235,2026-05-11 16:10:11.628803,1.109577,-0.067321,1.0310358,3.3001995,3.9438987,-0.8208502
1236,2026-05-11 16:10:11.631528,1.109577,-0.067321,1.0310358,3.3001995,3.9438987,-0.8208502
1237,2026-05-11 16:10:11.634941,1.109577,-0.067321,1.0310358,3.3001995,3.9438987,-0.8208502
1238,2026-05-11 16:10:11.637864,1.109577,-0.067321,1.0310358,3.3001995,3.9438987,-0.8208502
1239,2026-05-11 16:10:11.640535,1.109577,-0.067321,1.0310358,3.3001995,3.9438987,-0.8208502
1240,2026-05-11 16:10:11.643156,1.109577,-0.067321,1.0310358,3.3001995,3.9438987,-0.8208502
1241,2026-05-11 16:10:11.645835,1.109577,-0.067321,1.0310358,3.3001995,3.9438987,-0.8208502
1242,2026-05-11 16:10:11.648693,0.96578807,-0.05353971,0.9457869,3.3001995,3.9438987,-0.8208502
1243,2026-05-11 16:10:11.652263,0.96578807,-0.05353971,0.9457869,3.3001995,3.9438987,-0.8208502
1244,2026-05-11 16:10:11.655071,0.96578807,-0.05353971,0.9457869,3.3001995,3.9438987,-0.8208502
1245,2026-05-11 16:10:11.657924,0.96578807,-0.05353971,0.9457869,3.3001995,3.9438987,-0.8208502
1246,2026-05-11 16:10:11.660671,0.96578807,-0.05353971,0.9457869,3.3001995,3.9438987,-0.8208502
1247,2026-05-11 16:10:11.663437,0.96578807,-0.05353971,0.9457869,3.3001995,3.9438987,-0.8208502
1248,2026-05-11 16:10:11.666684,0.96578807,-0.05353971,0.9457869,3.2798882,3.8815904,-1.0877982
1249,2026-05-11 16:10:11.669796,0.96578807,-0.05353971,0.9457869,3.2798882,3.8815904,-1.0877982
1250,2026-05-11 16:10:11.672420,0.96578807,-0.05353971,0.9457869,3.2798882,3.8815904,-1.0877982
1251,2026-05-11 16:10:11.675031,0.96578807,-0.05353971,0.9457869,3.2798882,3.8815904,-1.0877982
1252,2026-05-11 16:10:11.677990,0.96578807,-0.05353971,0.9457869,3.2798882,3.8815904,-1.0877982
1253,2026-05-11 16:10:11.680666,0.96578807,-0.05353971,0.9457869,3.2798882,3.8815904,-1.0877982
1254,2026-05-11 16:10:11.683989,0.96578807,-0.05353971,0.9457869,3.2798882,3.8815904,-1.0877982
1255,2026-05-11 16:10:11.687008,0.96578807,-0.05353971,0.9457869,3.2798882,3.8815904,-1.0877982
1256,2026-05-11 16:10:11.689780,0.96578807,-0.05353971,0.9457869,3.2798882,3.8815904,-1.0877982
1257,2026-05-11 16:10:11.692492,0.96578807,-0.05353971,0.9457869,3.2798882,3.8815904,-1.0877982
1258,2026-05-11 16:10:11.695095,0.96578807,-0.05353971,0.9457869,3.2798882,3.8815904,-1.0877982
1259,2026-05-11 16:10:11.697820,0.96578807,-0.05353971,0.9457869,3.2798882,3.8815904,-1.0877982
1260,2026-05-11 16:10:11.701185,0.96578807,-0.05353971,0.9457869,3.2798882,3.8815904,-1.0877982
1261,2026-05-11 16:10:11.704540,0.96578807,-0.05353971,0.9457869,3.2798882,3.8815904,-1.0877982
1262,2026-05-11 16:10:11.707518,0.85273266,-0.050063897,0.8718192,3.2798882,3.8815904,-1.0877982
1263,2026-05-11 16:10:11.710352,0.85273266,-0.050063897,0.8718192,3.2798882,3.8815904,-1.0877982
1264,2026-05-11 16:10:11.712993,0.85273266,-0.050063897,0.8718192,3.2798882,3.8815904,-1.0877982
1265,2026-05-11 16:10:11.715984,0.85273266,-0.050063897,0.8718192,3.2798882,3.8815904,-1.0877982
1266,2026-05-11 16:10:11.719489,0.85273266,-0.050063897,0.8718192,3.2381966,3.8169916,-1.1713341
1267,2026-05-11 16:10:11.722334,0.85273266,-0.050063897,0.8718192,3.2381966,3.8169916,-1.1713341
1268,2026-05-11 16:10:11.725183,0.85273266,-0.050063897,0.8718192,3.2381966,3.8169916,-1.1713341
1269,2026-05-11 16:10:11.727990,0.85273266,-0.050063897,0.8718192,3.2381966,3.8169916,-1.1713341
1270,2026-05-11 16:10:11.730664,0.85273266,-0.050063897,0.8718192,3.2381966,3.8169916,-1.1713341
1271,2026-05-11 16:10:11.734201,0.85273266,-0.050063897,0.8718192,3.2381966,3.8169916,-1.1713341
1272,2026-05-11 16:10:11.737078,0.85273266,-0.050063897,0.8718192,3.2381966,3.8169916,-1.1713341
1273,2026-05-11 16:10:11.739849,0.85273266,-0.050063897,0.8718192,3.2381966,3.8169916,-1.1713341
1274,2026-05-11 16:10:11.742562,0.85273266,-0.050063897,0.8718192,3.2381966,3.8169916,-1.1713341
1275,2026-05-11 16:10:11.745231,0.60558414,-0.027440626,0.7686424,3.11694,3.445891,-1.1160508
1276,2026-05-11 16:10:11.747927,0.60558414,-0.027440626,0.7686424,3.11694,3.445891,-1.1160508
1277,2026-05-11 16:10:11.751275,0.60558414,-0.027440626,0.7686424,3.11694,3.445891,-1.1160508
1278,2026-05-11 16:10:11.754177,0.60558414,-0.027440626,0.7686424,3.11694,3.445891,-1.1160508
1279,2026-05-11 16:10:11.757023,0.60558414,-0.027440626,0.7686424,3.11694,3.445891,-1.1160508
1280,2026-05-11 16:10:11.759827,0.60558414,-0.027440626,0.7686424,3.11694,3.445891,-1.1160508
1281,2026-05-11 16:10:11.762577,0.60558414,-0.027440626,0.7686424,3.11694,3.445891,-1.1160508
1282,2026-05-11 16:10:11.765586,0.58515614,0.0052442085,0.717054,3.1360295,3.218649,-1.0354166
1283,2026-05-11 16:10:11.769022,0.58515614,0.0052442085,0.717054,3.0838006,3.0137036,-1.0079277
1284,2026-05-11 16:10:11.771810,0.58515614,0.0052442085,0.717054,3.0838006,3.0137036,-1.0079277
1285,2026-05-11 16:10:11.774461,0.58515614,0.0052442085,0.717054,3.0838006,3.0137036,-1.0079277
1286,2026-05-11 16:10:11.777252,0.58515614,0.0052442085,0.717054,3.0838006,3.0137036,-1.0079277
1287,2026-05-11 16:10:11.779976,0.5721066,0.020854875,0.66839266,3.0838006,3.0137036,-1.0079277
1288,2026-05-11 16:10:11.782826,0.5721066,0.020854875,0.66839266,3.0838006,3.0137036,-1.0079277
1289,2026-05-11 16:10:11.786147,0.5721066,0.020854875,0.66839266,3.0838006,3.0137036,-1.0079277
1290,2026-05-11 16:10:11.789018,0.5721066,0.020854875,0.66839266,3.0838006,3.0137036,-1.0079277
1291,2026-05-11 16:10:11.791927,0.5721066,0.020854875,0.66839266,3.0838006,3.0137036,-1.0079277
1292,2026-05-11 16:10:11.794777,0.5818632,0.1612899,0.4238662,2.7435486,3.0381384,-1.0424415
1293,2026-05-11 16:10:11.797525,0.52088404,0.18671821,0.41740242,1.7169895,3.3472362,-1.188591
1294,2026-05-11 16:10:11.800896,0.52088404,0.18671821,0.41740242,1.7169895,3.3472362,-1.188591
1295,2026-05-11 16:10:11.803785,0.52088404,0.18671821,0.41740242,1.7169895,3.3472362,-1.188591
1296,2026-05-11 16:10:11.806491,0.52088404,0.18671821,0.41740242,1.7169895,3.3472362,-1.188591
1297,2026-05-11 16:10:11.809115,0.52088404,0.18671821,0.41740242,1.7169895,3.3472362,-1.188591
1298,2026-05-11 16:10:11.812157,0.52088404,0.18671821,0.41740242,1.7169895,3.3472362,-1.188591
1299,2026-05-11 16:10:11.815173,0.52088404,0.18671821,0.41740242,1.7169895,3.3472362,-1.188591
1300,2026-05-11 16:10:11.818204,0.52088404,0.18671821,0.41740242,1.7169895,3.3472362,-1.188591
1301,2026-05-11 16:10:11.821144,0.52088404,0.18671821,0.41740242,1.7169895,3.3472362,-1.188591
1302,2026-05-11 16:10:11.823916,0.52088404,0.18671821,0.41740242,1.3243558,3.5573738,-1.2260065
1303,2026-05-11 16:10:11.826630,0.52088404,0.18671821,0.41740242,1.3243558,3.5573738,-1.2260065
1304,2026-05-11 16:10:11.829379,0.52088404,0.18671821,0.41740242,1.3243558,3.5573738,-1.2260065
1305,2026-05-11 16:10:11.832051,0.52088404,0.18671821,0.41740242,1.3243558,3.5573738,-1.2260065
1306,2026-05-11 16:10:11.835176,0.52088404,0.18671821,0.41740242,1.3243558,3.5573738,-1.2260065
1307,2026-05-11 16:10:11.838009,0.4747838,0.20537783,0.50881016,1.3243558,3.5573738,-1.2260065
1308,2026-05-11 16:10:11.840628,0.4747838,0.20537783,0.50881016,1.3243558,3.5573738,-1.2260065
1309,2026-05-11 16:10:11.843186,0.4747838,0.20537783,0.50881016,1.3243558,3.5573738,-1.2260065
1310,2026-05-11 16:10:11.846114,0.41118255,0.21141478,0.58936363,1.1000156,3.663359,-1.2623531
1311,2026-05-11 16:10:11.848705,0.41118255,0.21141478,0.58936363,1.1000156,3.663359,-1.2623531
1312,2026-05-11 16:10:11.852051,0.41118255,0.21141478,0.58936363,1.1000156,3.663359,-1.2623531
1313,2026-05-11 16:10:11.854767,0.41118255,0.21141478,0.58936363,1.1000156,3.663359,-1.2623531
1314,2026-05-11 16:10:11.857471,0.41118255,0.21141478,0.58936363,1.1000156,3.663359,-1.2623531
1315,2026-05-11 16:10:11.860146,0.41118255,0.21141478,0.58936363,1.1000156,3.663359,-1.2623531
1316,2026-05-11 16:10:11.862719,0.41118255,0.21141478,0.58936363,1.1000156,3.663359,-1.2623531
1317,2026-05-11 16:10:11.865514,0.1694611,0.21641506,0.6570505,1.0248792,3.5199583,-1.0975721
1318,2026-05-11 16:10:11.868858,0.1694611,0.21641506,0.6570505,1.0248792,3.5199583,-1.0975721
1319,2026-05-11 16:10:11.871608,0.1694611,0.21641506,0.6570505,1.0248792,3.5199583,-1.0975721
1320,2026-05-11 16:10:11.874308,0.1694611,0.21641506,0.6570505,1.0248792,3.5199583,-1.0975721
1321,2026-05-11 16:10:11.877033,0.117933705,0.23733091,0.7630323,1.0248792,3.5199583,-1.0975721
1322,2026-05-11 16:10:11.879621,0.117933705,0.23733091,0.7630323,1.0248792,3.5199583,-1.0975721
1323,2026-05-11 16:10:11.882420,0.117933705,0.23733091,0.7630323,1.0248792,3.5199583,-1.0975721
1324,2026-05-11 16:10:11.885487,0.117933705,0.23733091,0.7630323,1.0792462,3.3786957,-0.8938486
1325,2026-05-11 16:10:11.888338,0.117933705,0.23733091,0.7630323,1.0792462,3.3786957,-0.8938486
1326,2026-05-11 16:10:11.890959,0.117933705,0.23733091,0.7630323,1.0792462,3.3786957,-0.8938486
1327,2026-05-11 16:10:11.893556,0.117933705,0.23733091,0.7630323,1.0792462,3.3786957,-0.8938486
1328,2026-05-11 16:10:11.896296,0.117933705,0.23733091,0.7630323,1.0792462,3.3786957,-0.8938486
1329,2026-05-11 16:10:11.898972,0.117933705,0.23733091,0.7630323,1.0792462,3.3786957,-0.8938486
1330,2026-05-11 16:10:11.902172,0.117933705,0.23733091,0.7630323,1.0792462,3.3786957,-0.8938486
1331,2026-05-11 16:10:11.905388,0.117933705,0.23733091,0.7630323,1.0792462,3.3786957,-0.8938486
1332,2026-05-11 16:10:11.908151,0.117933705,0.23733091,0.7630323,1.0792462,3.3786957,-0.8938486
1333,2026-05-11 16:10:11.910901,0.117933705,0.23733091,0.7630323,1.0792462,3.3786957,-0.8938486
1334,2026-05-11 16:10:11.913526,0.117933705,0.23733091,0.7630323,1.0792462,3.3786957,-0.8938486
1335,2026-05-11 16:10:11.916271,0.117933705,0.23733091,0.7630323,1.0792462,3.3786957,-0.8938486
1336,2026-05-11 16:10:11.919686,0.117933705,0.23733091,0.7630323,1.0792462,3.3786957,-0.8938486
1337,2026-05-11 16:10:11.922589,0.117933705,0.23733091,0.7630323,1.0792462,3.3786957,-0.8938486
1338,2026-05-11 16:10:11.925228,0.117933705,0.23733091,0.7630323,1.0792462,3.3786957,-0.8938486
1339,2026-05-11 16:10:11.928032,0.117933705,0.23733091,0.7630323,1.0792462,3.3786957,-0.8938486
1340,2026-05-11 16:10:11.930675,0.117933705,0.23733091,0.7630323,1.0792462,3.3786957,-0.8938486
1341,2026-05-11 16:10:11.933596,0.17342475,0.24842913,0.83974415,1.0792462,3.3786957,-0.8938486
1342,2026-05-11 16:10:11.936597,0.17342475,0.24842913,0.83974415,1.263422,3.3528867,-0.7761043
1343,2026-05-11 16:10:11.939230,0.17342475,0.24842913,0.83974415,1.263422,3.3528867,-0.7761043
1344,2026-05-11 16:10:11.941841,0.17342475,0.24842913,0.83974415,1.263422,3.3528867,-0.7761043
1345,2026-05-11 16:10:11.944606,0.17342475,0.24842913,0.83974415,1.263422,3.3528867,-0.7761043
1346,2026-05-11 16:10:11.947184,0.17342475,0.24842913,0.83974415,1.263422,3.3528867,-0.7761043
1347,2026-05-11 16:10:11.950110,0.17342475,0.24842913,0.83974415,1.263422,3.3528867,-0.7761043
1348,2026-05-11 16:10:11.953082,0.17342475,0.24842913,0.83974415,1.263422,3.3528867,-0.7761043
1349,2026-05-11 16:10:11.955695,0.17342475,0.24842913,0.83974415,1.263422,3.3528867,-0.7761043
1350,2026-05-11 16:10:11.958288,0.17342475,0.24842913,0.83974415,1.263422,3.3528867,-0.7761043
1351,2026-05-11 16:10:11.961133,0.17342475,0.24842913,0.83974415,1.263422,3.3528867,-0.7761043
1352,2026-05-11 16:10:11.963910,0.17342475,0.24842913,0.83974415,1.263422,3.3528867,-0.7761043
1353,2026-05-11 16:10:11.966876,0.17342475,0.24842913,0.83974415,1.263422,3.3528867,-0.7761043
1354,2026-05-11 16:10:11.969695,0.17342475,0.24842913,0.83974415,1.263422,3.3528867,-0.7761043
1355,2026-05-11 16:10:11.972393,0.17342475,0.24842913,0.83974415,1.263422,3.3528867,-0.7761043
1356,2026-05-11 16:10:11.975062,0.25141713,0.24775836,0.8712093,1.4390458,3.368311,-0.76159626
1357,2026-05-11 16:10:11.977683,0.25141713,0.24775836,0.8712093,1.4390458,3.368311,-0.76159626
1358,2026-05-11 16:10:11.980244,0.25141713,0.24775836,0.8712093,1.4390458,3.368311,-0.76159626
1359,2026-05-11 16:10:11.983030,0.25141713,0.24775836,0.8712093,1.4390458,3.368311,-0.76159626
1360,2026-05-11 16:10:11.986066,0.25141713,0.24775836,0.8712093,1.4390458,3.368311,-0.76159626
1361,2026-05-11 16:10:11.988678,0.25141713,0.24775836,0.8712093,1.4390458,3.368311,-0.76159626
1362,2026-05-11 16:10:11.991322,0.25141713,0.24775836,0.8712093,1.4390458,3.368311,-0.76159626
1363,2026-05-11 16:10:11.993905,0.25141713,0.24775836,0.8712093,1.4390458,3.368311,-0.76159626
1364,2026-05-11 16:10:11.996790,0.25141713,0.24775836,0.8712093,1.4390458,3.368311,-0.76159626
1365,2026-05-11 16:10:11.999802,0.34495914,0.27032065,0.9237125,1.4390458,3.368311,-0.76159626
1366,2026-05-11 16:10:12.002846,0.34495914,0.27032065,0.9237125,1.4390458,3.368311,-0.76159626
1367,2026-05-11 16:10:12.005481,0.34495914,0.27032065,0.9237125,1.4390458,3.368311,-0.76159626
1368,2026-05-11 16:10:12.008045,0.34495914,0.27032065,0.9237125,1.4390458,3.368311,-0.76159626
1369,2026-05-11 16:10:12.010842,0.34495914,0.27032065,0.9237125,1.4390458,3.368311,-0.76159626
1370,2026-05-11 16:10:12.013423,0.34495914,0.27032065,0.9237125,1.4390458,3.368311,-0.76159626
1371,2026-05-11 16:10:12.016328,0.34495914,0.27032065,0.9237125,2.0265455,3.428634,-0.9466884
1372,2026-05-11 16:10:12.020181,0.34495914,0.27032065,0.9237125,2.0265455,3.428634,-0.9466884
1373,2026-05-11 16:10:12.023028,0.34495914,0.27032065,0.9237125,2.0265455,3.428634,-0.9466884
1374,2026-05-11 16:10:12.025636,0.34495914,0.27032065,0.9237125,2.0265455,3.428634,-0.9466884
1375,2026-05-11 16:10:12.028213,0.34495914,0.27032065,0.9237125,2.0265455,3.428634,-0.9466884
1376,2026-05-11 16:10:12.030999,0.34495914,0.27032065,0.9237125,2.0265455,3.428634,-0.9466884
1377,2026-05-11 16:10:12.034011,0.31495738,0.23903833,0.8140109,2.0265455,3.428634,-0.9466884
1378,2026-05-11 16:10:12.037788,0.31495738,0.23903833,0.8140109,2.0265455,3.428634,-0.9466884
1379,2026-05-11 16:10:12.040723,0.32800692,0.22964753,0.6694293,3.1838295,3.4185545,-1.4340062
1380,2026-05-11 16:10:12.043503,0.32800692,0.22964753,0.6694293,3.8235583,3.332117,-1.8368717
1381,2026-05-11 16:10:12.046327,0.31184745,0.22641563,0.48630884,3.8235583,3.332117,-1.8368717
1382,2026-05-11 16:10:12.048994,0.31184745,0.22641563,0.48630884,3.8235583,3.332117,-1.8368717
1383,2026-05-11 16:10:12.052035,0.31184745,0.22641563,0.48630884,3.8235583,3.332117,-1.8368717
1384,2026-05-11 16:10:12.055090,0.31184745,0.22641563,0.48630884,3.8235583,3.332117,-1.8368717
1385,2026-05-11 16:10:12.057689,0.31184745,0.22641563,0.48630884,3.8235583,3.332117,-1.8368717
1386,2026-05-11 16:10:12.060379,0.13366634,0.2455631,0.07030898,3.8235583,3.332117,-1.8368717
1387,2026-05-11 16:10:12.063014,0.13366634,0.2455631,0.07030898,3.8235583,3.332117,-1.8368717
1388,2026-05-11 16:10:12.066239,0.13366634,0.2455631,0.07030898,4.149302,3.1867313,-2.161394
1389,2026-05-11 16:10:12.069113,0.13366634,0.2455631,0.07030898,4.149302,3.1867313,-2.161394
1390,2026-05-11 16:10:12.071873,0.13366634,0.2455631,0.07030898,4.149302,3.1867313,-2.161394
1391,2026-05-11 16:10:12.074552,0.13366634,0.2455631,0.07030898,4.149302,3.1867313,-2.161394
1392,2026-05-11 16:10:12.077134,0.13366634,0.2455631,0.07030898,4.149302,3.1867313,-2.161394
1393,2026-05-11 16:10:12.079838,0.13366634,0.2455631,0.07030898,4.149302,3.1867313,-2.161394
1394,2026-05-11 16:10:12.082509,0.13366634,0.2455631,0.07030898,4.149302,3.1867313,-2.161394
1395,2026-05-11 16:10:12.085829,0.13366634,0.2455631,0.07030898,4.149302,3.1867313,-2.161394
1396,2026-05-11 16:10:12.088719,0.13366634,0.2455631,0.07030898,4.149302,3.1867313,-2.161394
1397,2026-05-11 16:10:12.091454,0.13366634,0.2455631,0.07030898,4.149302,3.1867313,-2.161394
1398,2026-05-11 16:10:12.094092,0.13366634,0.2455631,0.07030898,4.149302,3.1867313,-2.161394
1399,2026-05-11 16:10:12.096704,0.13366634,0.2455631,0.07030898,4.149302,3.1867313,-2.161394
1400,2026-05-11 16:10:12.099301,0.13366634,0.2455631,0.07030898,4.149302,3.1867313,-2.161394
1401,2026-05-11 16:10:12.102689,0.13366634,0.2455631,0.07030898,4.149302,3.1867313,-2.161394
1402,2026-05-11 16:10:12.105364,0.13366634,0.2455631,0.07030898,4.149302,3.1867313,-2.161394
1403,2026-05-11 16:10:12.107935,0.13366634,0.2455631,0.07030898,4.149302,3.1867313,-2.161394
1404,2026-05-11 16:10:12.110507,0.13366634,0.2455631,0.07030898,4.149302,3.1867313,-2.161394
1405,2026-05-11 16:10:12.113277,0.13366634,0.2455631,0.07030898,4.149302,3.1867313,-2.161394
1406,2026-05-11 16:10:12.115901,0.13366634,0.2455631,0.07030898,4.149302,3.1867313,-2.161394
1407,2026-05-11 16:10:12.119308,-0.09555435,0.30007848,-0.4177683,4.149302,3.1867313,-2.161394
1408,2026-05-11 16:10:12.122056,-0.09555435,0.30007848,-0.4177683,3.7975965,3.0407345,-2.256078
1409,2026-05-11 16:10:12.124788,-0.09555435,0.30007848,-0.4177683,3.7975965,3.0407345,-2.256078
1410,2026-05-11 16:10:12.127445,-0.09555435,0.30007848,-0.4177683,3.7975965,3.0407345,-2.256078
1411,2026-05-11 16:10:12.130031,-0.09555435,0.30007848,-0.4177683,3.7975965,3.0407345,-2.256078
1412,2026-05-11 16:10:12.133174,-0.09555435,0.30007848,-0.4177683,3.7975965,3.0407345,-2.256078
1413,2026-05-11 16:10:12.135875,-0.09555435,0.30007848,-0.4177683,3.7975965,3.0407345,-2.256078
1414,2026-05-11 16:10:12.138464,-0.09555435,0.30007848,-0.4177683,3.7975965,3.0407345,-2.256078
1415,2026-05-11 16:10:12.141222,-0.09555435,0.30007848,-0.4177683,3.7975965,3.0407345,-2.256078
1416,2026-05-11 16:10:12.143983,-0.16659509,0.35843554,-0.5099078,3.3663256,3.0337095,-2.235767
1417,2026-05-11 16:10:12.146641,-0.16659509,0.35843554,-0.5099078,3.3663256,3.0337095,-2.235767
1418,2026-05-11 16:10:12.149378,-0.34191018,0.41404852,-0.46521008,3.3663256,3.0337095,-2.235767
1419,2026-05-11 16:10:12.152463,-0.34191018,0.41404852,-0.46521008,3.3663256,3.0337095,-2.235767
1420,2026-05-11 16:10:12.155418,-0.5163716,0.30379823,-0.12830016,2.0022635,2.9158125,-1.7760907
1421,2026-05-11 16:10:12.158188,-0.5163716,0.30379823,-0.12830016,2.0022635,2.9158125,-1.7760907
1422,2026-05-11 16:10:12.161001,-0.5163716,0.30379823,-0.12830016,2.0022635,2.9158125,-1.7760907
1423,2026-05-11 16:10:12.163659,-0.5163716,0.30379823,-0.12830016,2.0022635,2.9158125,-1.7760907
1424,2026-05-11 16:10:12.166710,-0.5163716,0.30379823,-0.12830016,2.0022635,2.9158125,-1.7760907
1425,2026-05-11 16:10:12.169691,-0.5163716,0.30379823,-0.12830016,2.0022635,2.9158125,-1.7760907
1426,2026-05-11 16:10:12.172365,-0.5163716,0.30379823,-0.12830016,2.0022635,2.9158125,-1.7760907
1427,2026-05-11 16:10:12.175114,-0.5163716,0.30379823,-0.12830016,2.0022635,2.9158125,-1.7760907
1428,2026-05-11 16:10:12.177822,-0.5163716,0.30379823,-0.12830016,2.0022635,2.9158125,-1.7760907
1429,2026-05-11 16:10:12.180453,-0.5163716,0.30379823,-0.12830016,2.0022635,2.9158125,-1.7760907
1430,2026-05-11 16:10:12.183562,-0.5163716,0.30379823,-0.12830016,2.0022635,2.9158125,-1.7760907
1431,2026-05-11 16:10:12.186471,-0.5497882,0.23190376,-0.012256813,2.3055582,2.8021915,-1.5580118
1432,2026-05-11 16:10:12.189063,-0.5497882,0.23190376,-0.012256813,2.3055582,2.8021915,-1.5580118
1433,2026-05-11 16:10:12.191932,-0.5497882,0.23190376,-0.012256813,2.3055582,2.8021915,-1.5580118
1434,2026-05-11 16:10:12.194656,-0.52765274,0.1820838,-0.061467,2.5156958,2.6871963,-1.4947872
1435,2026-05-11 16:10:12.197267,-0.52765274,0.1820838,-0.061467,2.5156958,2.6871963,-1.4947872
1436,2026-05-11 16:10:12.200364,-0.52765274,0.1820838,-0.061467,2.5156958,2.6871963,-1.4947872
1437,2026-05-11 16:10:12.203128,-0.52765274,0.1820838,-0.061467,2.5156958,2.6871963,-1.4947872
1438,2026-05-11 16:10:12.205840,-0.52765274,0.1820838,-0.061467,2.5156958,2.6871963,-1.4947872
1439,2026-05-11 16:10:12.208439,-0.52765274,0.1820838,-0.061467,2.5156958,2.6871963,-1.4947872
1440,2026-05-11 16:10:12.211187,-0.5481417,0.050368793,-0.46161228,2.5156958,2.6871963,-1.4947872
1441,2026-05-11 16:10:12.213767,-0.5481417,0.050368793,-0.46161228,2.5156958,2.6871963,-1.4947872
1442,2026-05-11 16:10:12.216863,-0.5481417,0.050368793,-0.46161228,2.5156958,2.6871963,-1.4947872
1443,2026-05-11 16:10:12.219792,-0.5481417,0.050368793,-0.46161228,2.5156958,2.6871963,-1.4947872
1444,2026-05-11 16:10:12.222664,-0.5481417,0.050368793,-0.46161228,3.1166344,2.0189097,-1.2290609
1445,2026-05-11 16:10:12.225433,-0.5481417,0.050368793,-0.46161228,3.1166344,2.0189097,-1.2290609
1446,2026-05-11 16:10:12.228216,-0.5481417,0.050368793,-0.46161228,3.1166344,2.0189097,-1.2290609
1447,2026-05-11 16:10:12.230863,-0.5481417,0.050368793,-0.46161228,3.1166344,2.0189097,-1.2290609
1448,2026-05-11 16:10:12.233992,-0.6694293,-0.07067485,-0.9736544,3.1166344,2.0189097,-1.2290609
1449,2026-05-11 16:10:12.236850,-0.8146207,-0.12842213,-1.2523901,2.9391782,1.6627752,-1.0661125
1450,2026-05-11 16:10:12.239684,-0.8146207,-0.12842213,-1.2523901,2.9391782,1.6627752,-1.0661125
1451,2026-05-11 16:10:12.242300,-0.8146207,-0.12842213,-1.2523901,2.9391782,1.6627752,-1.0661125
1452,2026-05-11 16:10:12.244916,-0.8146207,-0.12842213,-1.2523901,2.9391782,1.6627752,-1.0661125
1453,2026-05-11 16:10:12.247654,-0.8146207,-0.12842213,-1.2523901,2.4483478,1.1672108,-0.7255552
1454,2026-05-11 16:10:12.250662,-0.8146207,-0.12842213,-1.2523901,2.4483478,1.1672108,-0.7255552
1455,2026-05-11 16:10:12.253386,-0.8146207,-0.12842213,-1.2523901,2.4483478,1.1672108,-0.7255552
1456,2026-05-11 16:10:12.256192,-0.8146207,-0.12842213,-1.2523901,2.4483478,1.1672108,-0.7255552
1457,2026-05-11 16:10:12.258803,-0.8146207,-0.12842213,-1.2523901,2.4483478,1.1672108,-0.7255552
1458,2026-05-11 16:10:12.261594,-0.8146207,-0.12842213,-1.2523901,2.4483478,1.1672108,-0.7255552
1459,2026-05-11 16:10:12.264229,-0.8146207,-0.12842213,-1.2523901,2.4483478,1.1672108,-0.7255552
1460,2026-05-11 16:10:12.267239,-0.8146207,-0.12842213,-1.2523901,2.4483478,1.1672108,-0.7255552
1461,2026-05-11 16:10:12.270247,-0.8146207,-0.12842213,-1.2523901,2.4483478,1.1672108,-0.7255552
1462,2026-05-11 16:10:12.272925,-0.8146207,-0.12842213,-1.2523901,2.4483478,1.1672108,-0.7255552
1463,2026-05-11 16:10:12.275630,-0.8146207,-0.12842213,-1.2523901,2.4483478,1.1672108,-0.7255552
1464,2026-05-11 16:10:12.278215,-0.8146207,-0.12842213,-1.2523901,2.4483478,1.1672108,-0.7255552
1465,2026-05-11 16:10:12.280757,-0.8146207,-0.12842213,-1.2523901,2.4483478,1.1672108,-0.7255552
1466,2026-05-11 16:10:12.283876,-0.8146207,-0.12842213,-1.2523901,2.4483478,1.1672108,-0.7255552
1467,2026-05-11 16:10:12.286661,-0.8146207,-0.12842213,-1.2523901,2.4483478,1.1672108,-0.7255552
1468,2026-05-11 16:10:12.289266,-0.8146207,-0.12842213,-1.2523901,2.4483478,1.1672108,-0.7255552
1469,2026-05-11 16:10:12.292034,-0.91779745,-0.1884866,-1.5903367,2.4483478,1.1672108,-0.7255552
1470,2026-05-11 16:10:12.294804,-0.91779745,-0.1884866,-1.5903367,2.4483478,1.1672108,-0.7255552
1471,2026-05-11 16:10:12.297491,-0.91779745,-0.1884866,-1.5903367,2.4483478,1.1672108,-0.7255552
1472,2026-05-11 16:10:12.300454,-0.8963937,-0.1864743,-1.7587001,1.6794213,0.71837753,-0.3266602
1473,2026-05-11 16:10:12.303340,-0.8963937,-0.1864743,-1.7587001,1.6794213,0.71837753,-0.3266602
1474,2026-05-11 16:10:12.306142,-0.8963937,-0.1864743,-1.7587001,1.6794213,0.71837753,-0.3266602
1475,2026-05-11 16:10:12.308803,-0.8963937,-0.1864743,-1.7587001,1.6794213,0.71837753,-0.3266602
1476,2026-05-11 16:10:12.311462,-0.8963937,-0.1864743,-1.7587001,1.6794213,0.71837753,-0.3266602
1477,2026-05-11 16:10:12.314172,-0.8963937,-0.1864743,-1.7587001,1.6794213,0.71837753,-0.3266602
1478,2026-05-11 16:10:12.317319,-0.8963937,-0.1864743,-1.7587001,1.6794213,0.71837753,-0.3266602
1479,2026-05-11 16:10:12.320086,-0.8963937,-0.1864743,-1.7587001,1.6794213,0.71837753,-0.3266602
1480,2026-05-11 16:10:12.322835,-0.80663246,-0.17165637,-1.7626638,1.0202976,0.3191771,-0.05681047
1481,2026-05-11 16:10:12.325657,-0.80663246,-0.17165637,-1.7626638,1.0202976,0.3191771,-0.05681047
1482,2026-05-11 16:10:12.328418,-0.80663246,-0.17165637,-1.7626638,1.0202976,0.3191771,-0.05681047
1483,2026-05-11 16:10:12.331260,-0.80663246,-0.17165637,-1.7626638,1.0202976,0.3191771,-0.05681047
1484,2026-05-11 16:10:12.334320,-0.80663246,-0.17165637,-1.7626638,1.0202976,0.3191771,-0.05681047
1485,2026-05-11 16:10:12.337150,-0.80663246,-0.17165637,-1.7626638,0.25473082,-0.19394971,0.19501872
1486,2026-05-11 16:10:12.339751,-0.80663246,-0.17165637,-1.7626638,0.25473082,-0.19394971,0.19501872
1487,2026-05-11 16:10:12.342614,-0.68589365,-0.13049541,-1.6588773,0.25473082,-0.19394971,0.19501872
1488,2026-05-11 16:10:12.345484,-0.68589365,-0.13049541,-1.6588773,0.25473082,-0.19394971,0.19501872
1489,2026-05-11 16:10:12.348202,-0.6165604,-0.10738432,-1.4520969,-0.3921755,-0.66538495,0.38347065
1490,2026-05-11 16:10:12.351258,-0.6165604,-0.10738432,-1.4520969,-0.3921755,-0.66538495,0.38347065
1491,2026-05-11 16:10:12.354083,-0.3635578,0.04610025,-0.93999386,-0.97402465,-1.3370314,0.6198755
1492,2026-05-11 16:10:12.356669,-0.3635578,0.04610025,-0.93999386,-0.97402465,-1.3370314,0.6198755
1493,2026-05-11 16:10:12.359507,-0.3635578,0.04610025,-0.93999386,-0.97402465,-1.3370314,0.6198755
1494,2026-05-11 16:10:12.362253,-0.3635578,0.04610025,-0.93999386,-1.3715452,-1.8907807,0.7263188
1495,2026-05-11 16:10:12.364967,-0.3635578,0.04610025,-0.93999386,-1.3715452,-1.8907807,0.7263188
1496,2026-05-11 16:10:12.367995,-0.3635578,0.04610025,-0.93999386,-1.3715452,-1.8907807,0.7263188
1497,2026-05-11 16:10:12.370892,-0.3635578,0.04610025,-0.93999386,-1.3715452,-1.8907807,0.7263188
1498,2026-05-11 16:10:12.373534,-0.3635578,0.04610025,-0.93999386,-1.3715452,-1.8907807,0.7263188
1499,2026-05-11 16:10:12.376120,-0.3635578,0.04610025,-0.93999386,-1.3715452,-1.8907807,0.7263188
1500,2026-05-11 16:10:12.378880,-0.3635578,0.04610025,-0.93999386,-1.3715452,-1.8907807,0.7263188
1501,2026-05-11 16:10:12.381467,-0.3635578,0.04610025,-0.93999386,-1.3715452,-1.8907807,0.7263188
1502,2026-05-11 16:10:12.384439,-0.3635578,0.04610025,-0.93999386,-1.3715452,-1.8907807,0.7263188
1503,2026-05-11 16:10:12.387153,-0.3635578,0.04610025,-0.93999386,-1.3715452,-1.8907807,0.7263188
1504,2026-05-11 16:10:12.389766,-0.3635578,0.04610025,-0.93999386,-1.3715452,-1.8907807,0.7263188
1505,2026-05-11 16:10:12.392376,-0.3635578,0.04610025,-0.93999386,-1.3715452,-1.8907807,0.7263188
1506,2026-05-11 16:10:12.395159,-0.3635578,0.04610025,-0.93999386,-1.3715452,-1.8907807,0.7263188
1507,2026-05-11 16:10:12.397853,-0.3635578,0.04610025,-0.93999386,-1.6696475,-2.1513147,0.7377725
1508,2026-05-11 16:10:12.400884,-0.30776188,0.06561358,-0.8267556,-1.6696475,-2.1513147,0.7377725
1509,2026-05-11 16:10:12.403612,-0.30776188,0.06561358,-0.8267556,-1.6696475,-2.1513147,0.7377725
1510,2026-05-11 16:10:12.406384,-0.30776188,0.06561358,-0.8267556,-1.6696475,-2.1513147,0.7377725
1511,2026-05-11 16:10:12.408973,-0.30776188,0.06561358,-0.8267556,-1.6696475,-2.1513147,0.7377725
1512,2026-05-11 16:10:12.411691,-0.28696796,0.05256404,-0.73175,-1.882534,-2.3330472,0.7156286
1513,2026-05-11 16:10:12.414328,-0.29605386,-0.0045124586,-0.57570434,-2.0995438,-2.625957,0.690125
1514,2026-05-11 16:10:12.417311,-0.29605386,-0.0045124586,-0.57570434,-2.0995438,-2.625957,0.690125
1515,2026-05-11 16:10:12.442086,-0.29605386,-0.0045124586,-0.57570434,-2.0995438,-2.625957,0.690125
1516,2026-05-11 16:10:12.445678,-0.29605386,-0.0045124586,-0.57570434,-2.0995438,-2.625957,0.690125
1517,2026-05-11 16:10:12.455175,-0.29605386,-0.0045124586,-0.57570434,-2.1424572,-2.7462974,0.690125
1518,2026-05-11 16:10:12.458111,-0.29605386,-0.0045124586,-0.57570434,-2.1424572,-2.7462974,0.690125
1519,2026-05-11 16:10:12.460805,-0.29605386,-0.0045124586,-0.57570434,-2.1424572,-2.7462974,0.690125
1520,2026-05-11 16:10:12.463459,-0.29605386,-0.0045124586,-0.57570434,-2.2869267,-3.2398765,0.75884736
1521,2026-05-11 16:10:12.466522,-0.32105532,-0.013354438,-0.5227134,-2.2869267,-3.2398765,0.75884736
1522,2026-05-11 16:10:12.469614,-0.32105532,-0.013354438,-0.5227134,-2.2869267,-3.2398765,0.75884736
1523,2026-05-11 16:10:12.472483,-0.2783089,-0.024330689,-0.43252525,-2.784782,-3.7027597,0.9947941
1524,2026-05-11 16:10:12.475174,-0.2783089,-0.024330689,-0.43252525,-2.784782,-3.7027597,0.9947941
1525,2026-05-11 16:10:12.477755,-0.2783089,-0.024330689,-0.43252525,-2.784782,-3.7027597,0.9947941
1526,2026-05-11 16:10:12.480462,-0.2783089,-0.024330689,-0.43252525,-2.784782,-3.7027597,0.9947941
1527,2026-05-11 16:10:12.483394,-0.2783089,-0.024330689,-0.43252525,-2.784782,-3.7027597,0.9947941
1528,2026-05-11 16:10:12.486524,-0.20269476,-0.071589544,-0.22446433,-3.345098,-3.8270707,1.2829697
1529,2026-05-11 16:10:12.489241,-0.20269476,-0.071589544,-0.22446433,-3.646102,-3.8379135,1.5544994
1530,2026-05-11 16:10:12.492105,-0.013110521,-0.1188484,0.11110405,-3.646102,-3.8379135,1.5544994
1531,2026-05-11 16:10:12.494895,-0.013110521,-0.1188484,0.11110405,-3.646102,-3.8379135,1.5544994
1532,2026-05-11 16:10:12.497500,-0.013110521,-0.1188484,0.11110405,-3.646102,-3.8379135,1.5544994
1533,2026-05-11 16:10:12.500474,-0.013110521,-0.1188484,0.11110405,-3.646102,-3.8379135,1.5544994
1534,2026-05-11 16:10:12.503274,-0.013110521,-0.1188484,0.11110405,-3.646102,-3.8379135,1.5544994
1535,2026-05-11 16:10:12.505886,-0.013110521,-0.1188484,0.11110405,-3.646102,-3.8379135,1.5544994
1536,2026-05-11 16:10:12.508637,-0.013110521,-0.1188484,0.11110405,-3.7696495,-3.928169,1.8116736
1537,2026-05-11 16:10:12.511381,-0.013110521,-0.1188484,0.11110405,-3.7696495,-3.928169,1.8116736
1538,2026-05-11 16:10:12.514049,-0.013110521,-0.1188484,0.11110405,-3.7696495,-3.928169,1.8116736
1539,2026-05-11 16:10:12.517108,-0.013110521,-0.1188484,0.11110405,-3.7696495,-3.928169,1.8116736
1540,2026-05-11 16:10:12.519867,-0.013110521,-0.1188484,0.11110405,-3.7696495,-3.928169,1.8116736
1541,2026-05-11 16:10:12.522446,-0.013110521,-0.1188484,0.11110405,-3.7696495,-3.928169,1.8116736
1542,2026-05-11 16:10:12.525230,-0.013110521,-0.1188484,0.11110405,-3.7696495,-3.928169,1.8116736
1543,2026-05-11 16:10:12.527984,-0.013110521,-0.1188484,0.11110405,-3.7696495,-3.928169,1.8116736
1544,2026-05-11 16:10:12.530689,-0.013110521,-0.1188484,0.11110405,-3.7696495,-3.928169,1.8116736
1545,2026-05-11 16:10:12.533867,-0.013110521,-0.1188484,0.11110405,-3.7696495,-3.928169,1.8116736
1546,2026-05-11 16:10:12.536739,-0.013110521,-0.1188484,0.11110405,-3.7696495,-3.928169,1.8116736
1547,2026-05-11 16:10:12.539351,-0.013110521,-0.1188484,0.11110405,-3.7696495,-3.928169,1.8116736
1548,2026-05-11 16:10:12.542233,0.27532095,-0.038051,0.28580934,-3.7830884,-4.162741,1.9533943
1549,2026-05-11 16:10:12.545022,0.27532095,-0.038051,0.28580934,-3.7830884,-4.162741,1.9533943
1550,2026-05-11 16:10:12.547681,0.27532095,-0.038051,0.28580934,-3.7830884,-4.162741,1.9533943
1551,2026-05-11 16:10:12.550711,0.27532095,-0.038051,0.28580934,-3.7830884,-4.162741,1.9533943
1552,2026-05-11 16:10:12.553568,0.27532095,-0.038051,0.28580934,-3.6166277,-4.328744,1.7866281
1553,2026-05-11 16:10:12.556427,0.5916809,0.1027499,0.6341224,-3.6166277,-4.328744,1.7866281
1554,2026-05-11 16:10:12.559108,0.5916809,0.1027499,0.6341224,-3.4521523,-4.3346996,1.5884024
1555,2026-05-11 16:10:12.561981,0.56393534,0.1515942,0.7952903,-3.4521523,-4.3346996,1.5884024
1556,2026-05-11 16:10:12.564654,0.56393534,0.1515942,0.7952903,-3.4521523,-4.3346996,1.5884024
1557,2026-05-11 16:10:12.567717,0.56393534,0.1515942,0.7952903,-3.4521523,-4.3346996,1.5884024
1558,2026-05-11 16:10:12.570524,0.56393534,0.1515942,0.7952903,-3.4521523,-4.3346996,1.5884024
1559,2026-05-11 16:10:12.573269,0.56393534,0.1515942,0.7952903,-3.1812334,-4.10364,1.1943942
1560,2026-05-11 16:10:12.576092,0.56393534,0.1515942,0.7952903,-3.1812334,-4.10364,1.1943942
1561,2026-05-11 16:10:12.578888,0.56393534,0.1515942,0.7952903,-3.1812334,-4.10364,1.1943942
1562,2026-05-11 16:10:12.581539,0.56393534,0.1515942,0.7952903,-3.1812334,-4.10364,1.1943942
1563,2026-05-11 16:10:12.584827,0.56393534,0.1515942,0.7952903,-3.1812334,-4.10364,1.1943942
1564,2026-05-11 16:10:12.587697,0.56393534,0.1515942,0.7952903,-3.1812334,-4.10364,1.1943942
1565,2026-05-11 16:10:12.590431,0.56393534,0.1515942,0.7952903,-3.1812334,-4.10364,1.1943942
1566,2026-05-11 16:10:12.593118,0.56393534,0.1515942,0.7952903,-3.0231721,-3.6364808,0.9921979
1567,2026-05-11 16:10:12.595897,0.45295325,0.13586158,0.8970036,-3.0231721,-3.6364808,0.9921979
1568,2026-05-11 16:10:12.598684,0.45295325,0.13586158,0.8970036,-3.0231721,-3.6364808,0.9921979
1569,2026-05-11 16:10:12.601850,0.45295325,0.13586158,0.8970036,-3.0231721,-3.6364808,0.9921979
1570,2026-05-11 16:10:12.604680,0.45295325,0.13586158,0.8970036,-3.0231721,-3.6364808,0.9921979
1571,2026-05-11 16:10:12.607502,0.27971146,0.13860564,0.8968206,-3.0231721,-3.6364808,0.9921979
1572,2026-05-11 16:10:12.610193,0.27971146,0.13860564,0.8968206,-3.0231721,-3.6364808,0.9921979
1573,2026-05-11 16:10:12.612794,0.27971146,0.13860564,0.8968206,-3.0231721,-3.6364808,0.9921979
1574,2026-05-11 16:10:12.615509,0.27971146,0.13860564,0.8968206,-3.0231721,-3.6364808,0.9921979
1575,2026-05-11 16:10:12.618600,0.15580177,0.12500729,0.87779516,-2.8684704,-2.9988902,1.1838568
1576,2026-05-11 16:10:12.621361,0.15580177,0.12500729,0.87779516,-2.8684704,-2.9988902,1.1838568
1577,2026-05-11 16:10:12.624027,0.15580177,0.12500729,0.87779516,-2.8684704,-2.9988902,1.1838568
1578,2026-05-11 16:10:12.626759,0.16013129,0.10610375,0.9137729,-2.866485,-2.8858802,1.3449726
1579,2026-05-11 16:10:12.629330,0.16013129,0.10610375,0.9137729,-2.866485,-2.8858802,1.3449726
1580,2026-05-11 16:10:12.631949,0.16013129,0.10610375,0.9137729,-2.866485,-2.8858802,1.3449726
1581,2026-05-11 16:10:12.635001,0.16013129,0.10610375,0.9137729,-2.866485,-2.8858802,1.3449726
1582,2026-05-11 16:10:12.637676,0.286846,0.106957465,0.99511904,-2.866485,-2.8858802,1.3449726
1583,2026-05-11 16:10:12.640287,0.286846,0.106957465,0.99511904,-2.783102,-2.8712194,1.6197093
1584,2026-05-11 16:10:12.642949,0.286846,0.106957465,0.99511904,-2.783102,-2.8712194,1.6197093
1585,2026-05-11 16:10:12.645517,0.286846,0.106957465,0.99511904,-2.783102,-2.8712194,1.6197093
1586,2026-05-11 16:10:12.648169,0.5916199,0.19915795,1.2653177,-2.3751967,-3.117398,1.6334536
1587,2026-05-11 16:10:12.651300,0.5916199,0.19915795,1.2653177,-2.3751967,-3.117398,1.6334536
1588,2026-05-11 16:10:12.654011,0.5916199,0.19915795,1.2653177,-2.3751967,-3.117398,1.6334536
1589,2026-05-11 16:10:12.656658,0.5916199,0.19915795,1.2653177,-2.3751967,-3.117398,1.6334536
1590,2026-05-11 16:10:12.659302,0.5916199,0.19915795,1.2653177,-2.3751967,-3.117398,1.6334536
1591,2026-05-11 16:10:12.662047,0.5916199,0.19915795,1.2653177,-2.3751967,-3.117398,1.6334536
1592,2026-05-11 16:10:12.664812,0.5916199,0.19915795,1.2653177,-2.3751967,-3.117398,1.6334536
1593,2026-05-11 16:10:12.667780,0.5916199,0.19915795,1.2653177,-2.3751967,-3.117398,1.6334536
1594,2026-05-11 16:10:12.670638,0.5916199,0.19915795,1.2653177,-2.3751967,-3.117398,1.6334536
1595,2026-05-11 16:10:12.673268,0.5916199,0.19915795,1.2653177,-2.3751967,-3.117398,1.6334536
1596,2026-05-11 16:10:12.676020,0.5916199,0.19915795,1.2653177,-2.3751967,-3.117398,1.6334536
1597,2026-05-11 16:10:12.678708,0.5916199,0.19915795,1.2653177,-2.3751967,-3.117398,1.6334536
1598,2026-05-11 16:10:12.681298,0.5916199,0.19915795,1.2653177,-2.3751967,-3.117398,1.6334536
1599,2026-05-11 16:10:12.684448,0.5916199,0.19915795,1.2653177,-2.3751967,-3.117398,1.6334536
1600,2026-05-11 16:10:12.687344,0.5916199,0.19915795,1.2653177,-2.3751967,-3.117398,1.6334536
1601,2026-05-11 16:10:12.689959,0.5916199,0.19915795,1.2653177,-2.3751967,-3.117398,1.6334536
1602,2026-05-11 16:10:12.692600,0.5916199,0.19915795,1.2653177,-2.3751967,-3.117398,1.6334536
1603,2026-05-11 16:10:12.695494,0.5916199,0.19915795,1.2653177,-2.3751967,-3.117398,1.6334536
1604,2026-05-11 16:10:12.698095,0.5916199,0.19915795,1.2653177,-2.3751967,-3.117398,1.6334536
1605,2026-05-11 16:10:12.701317,0.5916199,0.19915795,1.2653177,-2.3751967,-3.117398,1.6334536
1606,2026-05-11 16:10:12.704014,0.5916199,0.19915795,1.2653177,-2.3751967,-3.117398,1.6334536
1607,2026-05-11 16:10:12.706630,0.5916199,0.19915795,1.2653177,-2.3751967,-3.117398,1.6334536
1608,2026-05-11 16:10:12.709448,0.5916199,0.19915795,1.2653177,-2.3751967,-3.117398,1.6334536
1609,2026-05-11 16:10:12.712163,0.5514346,0.25312454,1.3392854,-0.8156578,-3.9359574,0.9126327
1610,2026-05-11 16:10:12.714902,0.5514346,0.25312454,1.3392854,-0.8156578,-3.9359574,0.9126327
1611,2026-05-11 16:10:12.717752,0.5514346,0.25312454,1.3392854,-0.8156578,-3.9359574,0.9126327
1612,2026-05-11 16:10:12.720466,0.5514346,0.25312454,1.3392854,-0.8156578,-3.9359574,0.9126327
1613,2026-05-11 16:10:12.723224,0.5514346,0.25312454,1.3392854,-0.8156578,-3.9359574,0.9126327
1614,2026-05-11 16:10:12.725891,0.5514346,0.25312454,1.3392854,-0.8156578,-3.9359574,0.9126327
1615,2026-05-11 16:10:12.728785,0.31227434,0.21050009,1.1634825,0.6206391,-4.9852715,1.0958922
1616,2026-05-11 16:10:12.731522,0.50923705,0.21586627,1.2421457,0.71975195,-5.0562844,1.5529722
1617,2026-05-11 16:10:12.734846,0.50923705,0.21586627,1.2421457,0.9274462,-4.998405,1.9915735
1618,2026-05-11 16:10:12.737697,0.50923705,0.21586627,1.2421457,0.9274462,-4.998405,1.9915735
1619,2026-05-11 16:10:12.740401,0.50923705,0.21586627,1.2421457,0.9274462,-4.998405,1.9915735
1620,2026-05-11 16:10:12.742964,0.50923705,0.21586627,1.2421457,0.9274462,-4.998405,1.9915735
1621,2026-05-11 16:10:12.745688,0.50923705,0.21586627,1.2421457,0.9274462,-4.998405,1.9915735
1622,2026-05-11 16:10:12.748291,0.50923705,0.21586627,1.2421457,0.9274462,-4.998405,1.9915735
1623,2026-05-11 16:10:12.751240,0.50923705,0.21586627,1.2421457,0.9274462,-4.998405,1.9915735
1624,2026-05-11 16:10:12.753954,0.50923705,0.21586627,1.2421457,0.9274462,-4.998405,1.9915735
1625,2026-05-11 16:10:12.756537,0.50923705,0.21586627,1.2421457,0.9274462,-4.998405,1.9915735
1626,2026-05-11 16:10:12.759117,0.50923705,0.21586627,1.2421457,0.9274462,-4.998405,1.9915735
1627,2026-05-11 16:10:12.761983,0.50923705,0.21586627,1.2421457,0.9274462,-4.998405,1.9915735
1628,2026-05-11 16:10:12.764588,0.50923705,0.21586627,1.2421457,0.9274462,-4.998405,1.9915735
1629,2026-05-11 16:10:12.767509,0.50923705,0.21586627,1.2421457,0.9274462,-4.998405,1.9915735
1630,2026-05-11 16:10:12.770196,0.50923705,0.21586627,1.2421457,0.9274462,-4.998405,1.9915735
1631,2026-05-11 16:10:12.772890,0.50923705,0.21586627,1.2421457,0.9274462,-4.998405,1.9915735
1632,2026-05-11 16:10:12.775739,0.50923705,0.21586627,1.2421457,0.9274462,-4.998405,1.9915735
1633,2026-05-11 16:10:12.778344,0.50923705,0.21586627,1.2421457,0.9274462,-4.998405,1.9915735
1634,2026-05-11 16:10:12.781101,0.50923705,0.21586627,1.2421457,0.9274462,-4.998405,1.9915735
1635,2026-05-11 16:10:12.784219,0.50923705,0.21586627,1.2421457,0.9274462,-4.998405,1.9915735
1636,2026-05-11 16:10:12.786949,0.50923705,0.21586627,1.2421457,0.9274462,-4.998405,1.9915735
1637,2026-05-11 16:10:12.789561,0.50923705,0.21586627,1.2421457,0.9274462,-4.998405,1.9915735
1638,2026-05-11 16:10:12.792327,0.7249813,0.27971146,1.1789103,1.0925325,-4.929377,2.1103866
1639,2026-05-11 16:10:12.794890,0.7249813,0.27971146,1.1789103,1.0925325,-4.929377,2.1103866
1640,2026-05-11 16:10:12.797645,0.7249813,0.27971146,1.1789103,1.0925325,-4.929377,2.1103866
1641,2026-05-11 16:10:12.800553,0.7249813,0.27971146,1.1789103,1.0925325,-4.929377,2.1103866
1642,2026-05-11 16:10:12.803579,0.9360912,0.36672872,1.0329871,1.0800097,-4.735275,1.9474384
1643,2026-05-11 16:10:12.806237,0.9360912,0.36672872,1.0329871,1.0800097,-4.735275,1.9474384
1644,2026-05-11 16:10:12.808818,0.9360912,0.36672872,1.0329871,1.0800097,-4.735275,1.9474384
1645,2026-05-11 16:10:12.811546,0.9360912,0.36672872,1.0329871,1.0800097,-4.735275,1.9474384
1646,2026-05-11 16:10:12.814166,0.9246272,0.38471758,0.9336521,1.0800097,-4.735275,1.9474384
1647,2026-05-11 16:10:12.817154,0.9246272,0.38471758,0.9336521,1.0800097,-4.735275,1.9474384
1648,2026-05-11 16:10:12.819870,0.9246272,0.38471758,0.9336521,1.0800097,-4.735275,1.9474384
1649,2026-05-11 16:10:12.822459,0.9246272,0.38471758,0.9336521,1.0800097,-4.735275,1.9474384
1650,2026-05-11 16:10:12.825361,0.9246272,0.38471758,0.9336521,0.9025534,-4.481155,1.8171713
1651,2026-05-11 16:10:12.828195,0.9246272,0.38471758,0.9336521,0.9025534,-4.481155,1.8171713
1652,2026-05-11 16:10:12.830887,0.9246272,0.38471758,0.9336521,0.9025534,-4.481155,1.8171713
1653,2026-05-11 16:10:12.834063,0.9246272,0.38471758,0.9336521,0.9025534,-4.481155,1.8171713
1654,2026-05-11 16:10:12.836856,0.9246272,0.38471758,0.9336521,0.9025534,-4.481155,1.8171713
1655,2026-05-11 16:10:12.839461,0.9246272,0.38471758,0.9336521,0.9025534,-4.481155,1.8171713
1656,2026-05-11 16:10:12.842264,0.9246272,0.38471758,0.9336521,0.9025534,-4.481155,1.8171713
1657,2026-05-11 16:10:12.844986,0.9246272,0.38471758,0.9336521,0.9025534,-4.481155,1.8171713
1658,2026-05-11 16:10:12.847629,0.9246272,0.38471758,0.9336521,0.9025534,-4.481155,1.8171713
1659,2026-05-11 16:10:12.850681,0.9246272,0.38471758,0.9336521,0.9025534,-4.481155,1.8171713
1660,2026-05-11 16:10:12.853513,0.9246272,0.38471758,0.9336521,0.9025534,-4.481155,1.8171713
1661,2026-05-11 16:10:12.856151,0.9246272,0.38471758,0.9336521,0.9025534,-4.481155,1.8171713
1662,2026-05-11 16:10:12.859162,0.8441956,0.33648303,0.47600338,0.31612277,-4.180762,2.1340578
1663,2026-05-11 16:10:12.861858,0.8441956,0.33648303,0.47600338,-0.41218132,-3.9541306,2.382069
1664,2026-05-11 16:10:12.864512,0.8441956,0.33648303,0.47600338,-0.41218132,-3.9541306,2.382069
1665,2026-05-11 16:10:12.867640,0.8441956,0.33648303,0.47600338,-0.41218132,-3.9541306,2.382069
1666,2026-05-11 16:10:12.870492,1.024877,0.3574599,0.39355955,-1.6018413,-3.6308303,2.5854871
1667,2026-05-11 16:10:12.873139,1.024877,0.3574599,0.39355955,-1.6018413,-3.6308303,2.5854871
1668,2026-05-11 16:10:12.875815,1.024877,0.3574599,0.39355955,-1.6018413,-3.6308303,2.5854871
1669,2026-05-11 16:10:12.878524,1.024877,0.3574599,0.39355955,-1.6018413,-3.6308303,2.5854871
1670,2026-05-11 16:10:12.881117,1.024877,0.3574599,0.39355955,-1.6018413,-3.6308303,2.5854871
1671,2026-05-11 16:10:12.884361,1.024877,0.3574599,0.39355955,-1.6018413,-3.6308303,2.5854871
1672,2026-05-11 16:10:12.887350,1.024877,0.3574599,0.39355955,-1.6018413,-3.6308303,2.5854871
1673,2026-05-11 16:10:12.890099,1.024877,0.3574599,0.39355955,-1.6018413,-3.6308303,2.5854871
1674,2026-05-11 16:10:12.893023,1.024877,0.3574599,0.39355955,-1.6018413,-3.6308303,2.5854871
1675,2026-05-11 16:10:12.895727,1.024877,0.3574599,0.39355955,-1.6018413,-3.6308303,2.5854871
1676,2026-05-11 16:10:12.898323,1.024877,0.3574599,0.39355955,-1.6018413,-3.6308303,2.5854871
1677,2026-05-11 16:10:12.901411,1.024877,0.3574599,0.39355955,-1.6018413,-3.6308303,2.5854871
1678,2026-05-11 16:10:12.904435,1.200009,0.32123825,0.6361347,-2.4898868,-3.315013,2.634509
1679,2026-05-11 16:10:12.907148,1.200009,0.32123825,0.6361347,-2.4898868,-3.315013,2.634509
1680,2026-05-11 16:10:12.909814,1.200009,0.32123825,0.6361347,-2.4898868,-3.315013,2.634509
1681,2026-05-11 16:10:12.912481,1.200009,0.32123825,0.6361347,-2.4898868,-3.315013,2.634509
1682,2026-05-11 16:10:12.915071,1.200009,0.32123825,0.6361347,-2.4898868,-3.315013,2.634509
1683,2026-05-11 16:10:12.918185,1.200009,0.32123825,0.6361347,-2.4898868,-3.315013,2.634509
1684,2026-05-11 16:10:12.920886,1.200009,0.32123825,0.6361347,-2.4898868,-3.315013,2.634509
1685,2026-05-11 16:10:12.923721,1.200009,0.32123825,0.6361347,-2.4898868,-3.315013,2.634509
1686,2026-05-11 16:10:12.926499,1.200009,0.32123825,0.6361347,-2.4898868,-3.315013,2.634509
1687,2026-05-11 16:10:12.929111,1.200009,0.32123825,0.6361347,-2.4898868,-3.315013,2.634509
1688,2026-05-11 16:10:12.931794,1.200009,0.32123825,0.6361347,-2.4898868,-3.315013,2.634509
1689,2026-05-11 16:10:12.934887,1.200009,0.32123825,0.6361347,-2.4898868,-3.315013,2.634509
1690,2026-05-11 16:10:12.937630,1.200009,0.32123825,0.6361347,-2.4898868,-3.315013,2.634509
1691,2026-05-11 16:10:12.940320,1.200009,0.32123825,0.6361347,-2.4898868,-3.315013,2.634509
1692,2026-05-11 16:10:12.942906,1.200009,0.32123825,0.6361347,-2.4898868,-3.315013,2.634509
1693,2026-05-11 16:10:12.945535,1.200009,0.32123825,0.6361347,-2.4898868,-3.315013,2.634509
1694,2026-05-11 16:10:12.948123,1.200009,0.32123825,0.6361347,-2.4898868,-3.315013,2.634509
1695,2026-05-11 16:10:12.951145,1.200009,0.32123825,0.6361347,-2.4898868,-3.315013,2.634509
1696,2026-05-11 16:10:12.953941,1.3606892,0.31605503,1.0194497,-2.4898868,-3.315013,2.634509
1697,2026-05-11 16:10:12.956632,1.3606892,0.31605503,1.0194497,-3.1280882,-3.0573804,2.5039365
1698,2026-05-11 16:10:12.959431,1.3606892,0.31605503,1.0194497,-3.1280882,-3.0573804,2.5039365
1699,2026-05-11 16:10:12.962158,1.4046552,0.31721362,1.214827,-3.1280882,-3.0573804,2.5039365
1700,2026-05-11 16:10:12.964918,1.4046552,0.31721362,1.214827,-3.1280882,-3.0573804,2.5039365
1701,2026-05-11 16:10:12.967857,1.4046552,0.31721362,1.214827,-3.1280882,-3.0573804,2.5039365
1702,2026-05-11 16:10:12.970733,1.4046552,0.31721362,1.214827,-3.2646165,-2.9633074,2.3574817
1703,2026-05-11 16:10:12.973391,1.4046552,0.31721362,1.214827,-3.2646165,-2.9633074,2.3574817
1704,2026-05-11 16:10:12.975961,1.4046552,0.31721362,1.214827,-3.2646165,-2.9633074,2.3574817
1705,2026-05-11 16:10:12.978749,1.4046552,0.31721362,1.214827,-3.2646165,-2.9633074,2.3574817
1706,2026-05-11 16:10:12.981371,1.4046552,0.31721362,1.214827,-3.2646165,-2.9633074,2.3574817
1707,2026-05-11 16:10:12.984251,1.4046552,0.31721362,1.214827,-3.2646165,-2.9633074,2.3574817
1708,2026-05-11 16:10:12.987113,1.4046552,0.31721362,1.214827,-3.2646165,-2.9633074,2.3574817
1709,2026-05-11 16:10:12.989750,1.4046552,0.31721362,1.214827,-3.2646165,-2.9633074,2.3574817
1710,2026-05-11 16:10:12.992331,1.4046552,0.31721362,1.214827,-3.2646165,-2.9633074,2.3574817
1711,2026-05-11 16:10:12.994957,1.4046552,0.31721362,1.214827,-3.2646165,-2.9633074,2.3574817
1712,2026-05-11 16:10:12.997507,1.4046552,0.31721362,1.214827,-3.2646165,-2.9633074,2.3574817
1713,2026-05-11 16:10:13.000470,1.4046552,0.31721362,1.214827,-3.2646165,-2.9633074,2.3574817
1714,2026-05-11 16:10:13.003147,1.4046552,0.31721362,1.214827,-3.2646165,-2.9633074,2.3574817
1715,2026-05-11 16:10:13.005990,1.4046552,0.31721362,1.214827,-3.2646165,-2.9633074,2.3574817
1716,2026-05-11 16:10:13.008614,1.4046552,0.31721362,1.214827,-3.2646165,-2.9633074,2.3574817
1717,2026-05-11 16:10:13.011200,1.4046552,0.31721362,1.214827,-3.2646165,-2.9633074,2.3574817
1718,2026-05-11 16:10:13.013843,1.4029477,0.3001395,1.5361263,-3.2646165,-2.9633074,2.3574817
1719,2026-05-11 16:10:13.016896,1.4029477,0.3001395,1.5361263,-3.2646165,-2.9633074,2.3574817
1720,2026-05-11 16:10:13.019836,1.4029477,0.3001395,1.5361263,-3.2646165,-2.9633074,2.3574817
1721,2026-05-11 16:10:13.022656,1.4029477,0.3001395,1.5361263,-3.2646165,-2.9633074,2.3574817
1722,2026-05-11 16:10:13.025401,1.4029477,0.3001395,1.5361263,-3.2646165,-2.9633074,2.3574817
1723,2026-05-11 16:10:13.028208,1.355323,0.28672403,1.665402,-3.1334333,-2.7004826,2.056936
1724,2026-05-11 16:10:13.030839,1.355323,0.28672403,1.665402,-3.1334333,-2.7004826,2.056936
1725,2026-05-11 16:10:13.034009,1.355323,0.28672403,1.665402,-2.8855748,-2.50806,1.9349157
1726,2026-05-11 16:10:13.036796,1.355323,0.28672403,1.665402,-2.8855748,-2.50806,1.9349157
1727,2026-05-11 16:10:13.039449,1.355323,0.28672403,1.665402,-2.8855748,-2.50806,1.9349157
1728,2026-05-11 16:10:13.042082,1.2048264,0.2406238,1.7746768,-2.8855748,-2.50806,1.9349157
1729,2026-05-11 16:10:13.044961,1.2048264,0.2406238,1.7746768,-2.8855748,-2.50806,1.9349157
1730,2026-05-11 16:10:13.047695,1.2048264,0.2406238,1.7746768,-2.8855748,-2.50806,1.9349157
1731,2026-05-11 16:10:13.050717,1.2048264,0.2406238,1.7746768,-2.8855748,-2.50806,1.9349157
1732,2026-05-11 16:10:13.053463,1.2048264,0.2406238,1.7746768,-2.8855748,-2.50806,1.9349157
1733,2026-05-11 16:10:13.056063,1.2048264,0.2406238,1.7746768,-2.8855748,-2.50806,1.9349157
1734,2026-05-11 16:10:13.058656,1.2048264,0.2406238,1.7746768,-2.8855748,-2.50806,1.9349157
1735,2026-05-11 16:10:13.061217,1.2048264,0.2406238,1.7746768,-2.8855748,-2.50806,1.9349157
1736,2026-05-11 16:10:13.063769,1.2048264,0.2406238,1.7746768,-2.8855748,-2.50806,1.9349157
1737,2026-05-11 16:10:13.066851,1.2048264,0.2406238,1.7746768,-2.8855748,-2.50806,1.9349157
1738,2026-05-11 16:10:13.069612,1.2048264,0.2406238,1.7746768,-2.042886,-2.2411118,1.8173242
1739,2026-05-11 16:10:13.072203,1.2048264,0.2406238,1.7746768,-2.042886,-2.2411118,1.8173242
1740,2026-05-11 16:10:13.074971,1.2048264,0.2406238,1.7746768,-2.042886,-2.2411118,1.8173242
1741,2026-05-11 16:10:13.077764,1.2048264,0.2406238,1.7746768,-2.042886,-2.2411118,1.8173242
1742,2026-05-11 16:10:13.080375,1.2048264,0.2406238,1.7746768,-2.042886,-2.2411118,1.8173242
1743,2026-05-11 16:10:13.083316,1.2048264,0.2406238,1.7746768,-2.042886,-2.2411118,1.8173242
1744,2026-05-11 16:10:13.086116,1.2048264,0.2406238,1.7746768,-2.042886,-2.2411118,1.8173242
1745,2026-05-11 16:10:13.088694,1.2048264,0.2406238,1.7746768,-2.042886,-2.2411118,1.8173242
1746,2026-05-11 16:10:13.091278,1.2048264,0.2406238,1.7746768,-2.042886,-2.2411118,1.8173242
1747,2026-05-11 16:10:13.094148,1.2008018,0.2329404,1.6037521,-1.1925616,-2.2982278,1.807703
1748,2026-05-11 16:10:13.096910,1.2008018,0.2329404,1.6037521,-1.1925616,-2.2982278,1.807703
1749,2026-05-11 16:10:13.099779,1.217876,0.26519838,1.1681778,-1.1925616,-2.2982278,1.807703
1750,2026-05-11 16:10:13.102788,1.217876,0.26519838,1.1681778,-1.0951287,-2.5619688,1.6522378
1751,2026-05-11 16:10:13.105532,1.217876,0.26519838,1.1681778,-1.0951287,-2.5619688,1.6522378
1752,2026-05-11 16:10:13.108175,1.217876,0.26519838,1.1681778,-1.0951287,-2.5619688,1.6522378
1753,2026-05-11 16:10:13.110939,1.217876,0.26519838,1.1681778,-1.0951287,-2.5619688,1.6522378
1754,2026-05-11 16:10:13.113830,1.1809226,0.2842849,0.88864946,-1.0951287,-2.5619688,1.6522378
1755,2026-05-11 16:10:13.116767,1.1809226,0.2842849,0.88864946,-1.0951287,-2.5619688,1.6522378
1756,2026-05-11 16:10:13.119727,1.1809226,0.2842849,0.88864946,-1.0951287,-2.5619688,1.6522378
1757,2026-05-11 16:10:13.122411,1.1809226,0.2842849,0.88864946,-1.0951287,-2.5619688,1.6522378
1758,2026-05-11 16:10:13.125035,1.1809226,0.2842849,0.88864946,-1.0951287,-2.5619688,1.6522378
1759,2026-05-11 16:10:13.127879,1.1809226,0.2842849,0.88864946,-1.0951287,-2.5619688,1.6522378
1760,2026-05-11 16:10:13.130633,1.2364136,0.23281845,1.1866546,-3.1552718,-1.738217,1.5204436
1761,2026-05-11 16:10:13.133697,1.2364136,0.23281845,1.1866546,-3.1552718,-1.738217,1.5204436
1762,2026-05-11 16:10:13.136576,1.2364136,0.23281845,1.1866546,-3.1552718,-1.738217,1.5204436
1763,2026-05-11 16:10:13.139311,1.2270838,0.20312162,1.4402059,-3.1552718,-1.738217,1.5204436
1764,2026-05-11 16:10:13.142133,1.2270838,0.20312162,1.4402059,-3.4848335,-1.45615,1.3614659
1765,2026-05-11 16:10:13.144933,1.2270838,0.20312162,1.4402059,-3.4848335,-1.45615,1.3614659
1766,2026-05-11 16:10:13.147598,1.2270838,0.20312162,1.4402059,-3.4848335,-1.45615,1.3614659
1767,2026-05-11 16:10:13.150838,1.185679,0.17220518,1.6132649,-3.483459,-1.1685852,1.148274
1768,2026-05-11 16:10:13.153558,1.185679,0.17220518,1.6132649,-3.483459,-1.1685852,1.148274
1769,2026-05-11 16:10:13.156409,1.185679,0.17220518,1.6132649,-3.483459,-1.1685852,1.148274
1770,2026-05-11 16:10:13.159107,1.185679,0.17220518,1.6132649,-3.483459,-1.1685852,1.148274
1771,2026-05-11 16:10:13.161777,1.185679,0.17220518,1.6132649,-3.483459,-1.1685852,1.148274
1772,2026-05-11 16:10:13.164419,1.185679,0.17220518,1.6132649,-3.483459,-1.1685852,1.148274
1773,2026-05-11 16:10:13.167459,1.185679,0.17220518,1.6132649,-3.1803172,-0.9298896,1.0106765
1774,2026-05-11 16:10:13.170257,1.185679,0.17220518,1.6132649,-3.1803172,-0.9298896,1.0106765
1775,2026-05-11 16:10:13.172925,1.0825021,0.14671588,1.7233322,-3.1803172,-0.9298896,1.0106765
1776,2026-05-11 16:10:13.175564,1.0825021,0.14671588,1.7233322,-3.1803172,-0.9298896,1.0106765
1777,2026-05-11 16:10:13.178114,1.0825021,0.14671588,1.7233322,-3.1803172,-0.9298896,1.0106765
1778,2026-05-11 16:10:13.180964,1.0825021,0.14671588,1.7233322,-3.1803172,-0.9298896,1.0106765
1779,2026-05-11 16:10:13.184148,1.0825021,0.14671588,1.7233322,-2.9965994,-0.8904888,0.9654725
1780,2026-05-11 16:10:13.186933,1.0825021,0.14671588,1.7233322,-2.9965994,-0.8904888,0.9654725
1781,2026-05-11 16:10:13.189693,1.0825021,0.14671588,1.7233322,-2.9965994,-0.8904888,0.9654725
1782,2026-05-11 16:10:13.192572,1.0867097,0.20623155,1.7848603,-2.1827743,-0.92271197,0.6960809
1783,2026-05-11 16:10:13.195250,1.0867097,0.20623155,1.7848603,-2.1827743,-0.92271197,0.6960809
1784,2026-05-11 16:10:13.197852,1.0867097,0.20623155,1.7848603,-2.1827743,-0.92271197,0.6960809
1785,2026-05-11 16:10:13.200972,1.0867097,0.20623155,1.7848603,-2.1827743,-0.92271197,0.6960809
1786,2026-05-11 16:10:13.203918,0.9839599,0.21135378,1.6924158,-2.1827743,-0.92271197,0.6960809
1787,2026-05-11 16:10:13.206572,0.9839599,0.21135378,1.6924158,-2.1827743,-0.92271197,0.6960809
1788,2026-05-11 16:10:13.209272,0.9839599,0.21135378,1.6924158,-2.1827743,-0.92271197,0.6960809
1789,2026-05-11 16:10:13.211960,0.9839599,0.21135378,1.6924158,-2.1827743,-0.92271197,0.6960809
1790,2026-05-11 16:10:13.214614,0.9839599,0.21135378,1.6924158,-2.1827743,-0.92271197,0.6960809
1791,2026-05-11 16:10:13.217671,0.9839599,0.21135378,1.6924158,-2.1827743,-0.92271197,0.6960809
1792,2026-05-11 16:10:13.220385,0.9839599,0.21135378,1.6924158,-2.1827743,-0.92271197,0.6960809
1793,2026-05-11 16:10:13.223237,0.9839599,0.21135378,1.6924158,-2.1827743,-0.92271197,0.6960809
1794,2026-05-11 16:10:13.225971,0.8740144,0.21123183,1.5308211,-1.237613,-1.0581713,0.40332377
1795,2026-05-11 16:10:13.228738,0.8740144,0.21123183,1.5308211,-0.5893322,-1.1797335,0.24312437
1796,2026-05-11 16:10:13.231533,0.8740144,0.21123183,1.5308211,-0.5893322,-1.1797335,0.24312437
1797,2026-05-11 16:10:13.234448,0.8740144,0.21123183,1.5308211,-0.5893322,-1.1797335,0.24312437
1798,2026-05-11 16:10:13.237402,0.81730384,0.20275573,1.3791658,-0.5893322,-1.1797335,0.24312437
1799,2026-05-11 16:10:13.240115,0.81730384,0.20275573,1.3791658,-0.5893322,-1.1797335,0.24312437
1800,2026-05-11 16:10:13.242707,0.81730384,0.20275573,1.3791658,-0.5893322,-1.1797335,0.24312437
1801,2026-05-11 16:10:13.245350,0.81730384,0.20275573,1.3791658,-0.5893322,-1.1797335,0.24312437
1802,2026-05-11 16:10:13.247929,0.81730384,0.20275573,1.3791658,-0.5893322,-1.1797335,0.24312437
1803,2026-05-11 16:10:13.251095,0.81730384,0.20275573,1.3791658,-0.5893322,-1.1797335,0.24312437
1804,2026-05-11 16:10:13.253806,0.81730384,0.20275573,1.3791658,-0.5893322,-1.1797335,0.24312437
1805,2026-05-11 16:10:13.256542,0.81730384,0.20275573,1.3791658,-0.24831672,-1.1319333,0.12690726
1806,2026-05-11 16:10:13.259215,0.81730384,0.20275573,1.3791658,-0.24831672,-1.1319333,0.12690726
1807,2026-05-11 16:10:13.261871,0.81730384,0.20275573,1.3791658,-0.24831672,-1.1319333,0.12690726
1808,2026-05-11 16:10:13.264527,0.81730384,0.20275573,1.3791658,-0.24831672,-1.1319333,0.12690726
1809,2026-05-11 16:10:13.267477,0.81730384,0.20275573,1.3791658,-0.24831672,-1.1319333,0.12690726
1810,2026-05-11 16:10:13.270322,0.81730384,0.20275573,1.3791658,-0.24831672,-1.1319333,0.12690726
1811,2026-05-11 16:10:13.272918,0.81730384,0.20275573,1.3791658,-0.24831672,-1.1319333,0.12690726
1812,2026-05-11 16:10:13.275489,0.81730384,0.20275573,1.3791658,-0.24831672,-1.1319333,0.12690726
1813,2026-05-11 16:10:13.278066,0.81730384,0.20275573,1.3791658,-0.24831672,-1.1319333,0.12690726
1814,2026-05-11 16:10:13.280639,0.81730384,0.20275573,1.3791658,-0.24831672,-1.1319333,0.12690726
1815,2026-05-11 16:10:13.283585,0.81730384,0.20275573,1.3791658,-0.24831672,-1.1319333,0.12690726
1816,2026-05-11 16:10:13.286385,0.81730384,0.20275573,1.3791658,-0.24831672,-1.1319333,0.12690726
1817,2026-05-11 16:10:13.289106,0.81730384,0.20275573,1.3791658,-0.16539176,-1.0042624,0.07544186
1818,2026-05-11 16:10:13.291888,0.7802894,0.20306063,1.3434931,-0.16539176,-1.0042624,0.07544186
1819,2026-05-11 16:10:13.294726,0.7429092,0.22001283,1.4617317,-0.11835514,-0.5839872,0.0795652
1820,2026-05-11 16:10:13.297493,0.7429092,0.22001283,1.4617317,-0.11835514,-0.5839872,0.0795652
1821,2026-05-11 16:10:13.300476,0.7429092,0.22001283,1.4617317,-0.11835514,-0.5839872,0.0795652
1822,2026-05-11 16:10:13.303208,0.7429092,0.22001283,1.4617317,-0.11835514,-0.5839872,0.0795652
1823,2026-05-11 16:10:13.305852,0.7429092,0.22001283,1.4617317,-0.044593163,-0.27916542,0.10797043
1824,2026-05-11 16:10:13.308444,0.7429092,0.22001283,1.4617317,-0.044593163,-0.27916542,0.10797043
1825,2026-05-11 16:10:13.311102,0.7429092,0.22001283,1.4617317,-0.044593163,-0.27916542,0.10797043
1826,2026-05-11 16:10:13.313646,0.7429092,0.22001283,1.4617317,-0.044593163,-0.27916542,0.10797043
1827,2026-05-11 16:10:13.316620,0.86431867,0.26074693,1.5066123,0.115453534,0.04841107,0.08155051
1828,2026-05-11 16:10:13.319741,0.9974972,0.32001868,1.5077709,0.115453534,0.04841107,0.08155051
1829,2026-05-11 16:10:13.322468,0.9974972,0.32001868,1.5077709,0.115453534,0.04841107,0.08155051
1830,2026-05-11 16:10:13.325112,0.9974972,0.32001868,1.5077709,0.115453534,0.04841107,0.08155051
1831,2026-05-11 16:10:13.327899,0.9974972,0.32001868,1.5077709,0.115453534,0.04841107,0.08155051
1832,2026-05-11 16:10:13.330516,0.9974972,0.32001868,1.5077709,0.115453534,0.04841107,0.08155051
1833,2026-05-11 16:10:13.333533,0.9974972,0.32001868,1.5077709,0.115453534,0.04841107,0.08155051
1834,2026-05-11 16:10:13.336305,0.9974972,0.32001868,1.5077709,0.115453534,0.04841107,0.08155051
1835,2026-05-11 16:10:13.338865,0.9974972,0.32001868,1.5077709,0.115453534,0.04841107,0.08155051
1836,2026-05-11 16:10:13.341463,0.9974972,0.32001868,1.5077709,0.115453534,0.04841107,0.08155051
1837,2026-05-11 16:10:13.344366,0.9974972,0.32001868,1.5077709,0.115453534,0.04841107,0.08155051
1838,2026-05-11 16:10:13.347106,0.9974972,0.32001868,1.5077709,0.23182335,0.3352123,-0.07819075
1839,2026-05-11 16:10:13.350083,0.9974972,0.32001868,1.5077709,0.23182335,0.3352123,-0.07819075
1840,2026-05-11 16:10:13.353119,0.9974972,0.32001868,1.5077709,0.23182335,0.3352123,-0.07819075
1841,2026-05-11 16:10:13.355809,0.9974972,0.32001868,1.5077709,0.23182335,0.3352123,-0.07819075
1842,2026-05-11 16:10:13.358415,0.9974972,0.32001868,1.5077709,0.23182335,0.3352123,-0.07819075
1843,2026-05-11 16:10:13.361122,0.9974972,0.32001868,1.5077709,0.23182335,0.3352123,-0.07819075
1844,2026-05-11 16:10:13.363969,1.0726236,0.33758068,1.5197837,0.24251351,0.52946746,-0.2144137
1845,2026-05-11 16:10:13.367157,1.0726236,0.33758068,1.5197837,0.24251351,0.52946746,-0.2144137
1846,2026-05-11 16:10:13.370081,1.156287,0.3635578,1.6302171,0.24251351,0.52946746,-0.2144137
1847,2026-05-11 16:10:13.372760,1.156287,0.3635578,1.6302171,0.24251351,0.52946746,-0.2144137
1848,2026-05-11 16:10:13.375372,1.156287,0.3635578,1.6302171,0.23167065,1.0494665,-0.6525568
1849,2026-05-11 16:10:13.378075,1.156287,0.3635578,1.6302171,0.23167065,1.0494665,-0.6525568
1850,2026-05-11 16:10:13.380783,1.156287,0.3635578,1.6302171,0.23167065,1.0494665,-0.6525568
1851,2026-05-11 16:10:13.383764,1.156287,0.3635578,1.6302171,0.23167065,1.0494665,-0.6525568
1852,2026-05-11 16:10:13.386652,1.156287,0.3635578,1.6302171,0.23167065,1.0494665,-0.6525568
1853,2026-05-11 16:10:13.389303,1.156287,0.3635578,1.6302171,0.23167065,1.0494665,-0.6525568
1854,2026-05-11 16:10:13.392002,1.156287,0.3635578,1.6302171,0.23167065,1.0494665,-0.6525568
1855,2026-05-11 16:10:13.394724,1.156287,0.3635578,1.6302171,0.23167065,1.0494665,-0.6525568
1856,2026-05-11 16:10:13.397315,1.156287,0.3635578,1.6302171,0.23167065,1.0494665,-0.6525568
1857,2026-05-11 16:10:13.400398,1.0039,0.25660032,1.7121121,0.30573806,1.3694072,-0.915687
1858,2026-05-11 16:10:13.403217,1.0039,0.25660032,1.7121121,0.30573806,1.3694072,-0.915687
1859,2026-05-11 16:10:13.405826,1.0039,0.25660032,1.7121121,0.30573806,1.3694072,-0.915687
1860,2026-05-11 16:10:13.408520,1.0039,0.25660032,1.7121121,0.30573806,1.3694072,-0.915687
1861,2026-05-11 16:10:13.411212,1.0039,0.25660032,1.7121121,0.30573806,1.3694072,-0.915687
1862,2026-05-11 16:10:13.413935,1.0039,0.25660032,1.7121121,0.30573806,1.3694072,-0.915687
1863,2026-05-11 16:10:13.417135,1.0039,0.25660032,1.7121121,0.30573806,1.3694072,-0.915687
1864,2026-05-11 16:10:13.420158,1.0039,0.25660032,1.7121121,0.4569272,1.4966198,-1.0467176
1865,2026-05-11 16:10:13.422982,0.9087116,0.18159597,1.7315035,0.4569272,1.4966198,-1.0467176
1866,2026-05-11 16:10:13.425776,0.85120827,0.15147226,1.7044287,0.7296785,1.6728544,-1.0784826
1867,2026-05-11 16:10:13.428518,0.85120827,0.15147226,1.7044287,0.7296785,1.6728544,-1.0784826
1868,2026-05-11 16:10:13.431154,0.85120827,0.15147226,1.7044287,0.7296785,1.6728544,-1.0784826
1869,2026-05-11 16:10:13.434333,0.85120827,0.15147226,1.7044287,0.7296785,1.6728544,-1.0784826
1870,2026-05-11 16:10:13.437457,0.85120827,0.15147226,1.7044287,0.85918194,1.8736764,-1.0389291
1871,2026-05-11 16:10:13.440198,0.85120827,0.15147226,1.7044287,0.85918194,1.8736764,-1.0389291
1872,2026-05-11 16:10:13.442813,0.85120827,0.15147226,1.7044287,0.85918194,1.8736764,-1.0389291
1873,2026-05-11 16:10:13.445669,0.85120827,0.15147226,1.7044287,0.85918194,1.8736764,-1.0389291
1874,2026-05-11 16:10:13.448383,0.85120827,0.15147226,1.7044287,0.85918194,1.8736764,-1.0389291
1875,2026-05-11 16:10:13.451446,0.85120827,0.15147226,1.7044287,0.85918194,1.8736764,-1.0389291
1876,2026-05-11 16:10:13.454296,0.7806553,0.10957957,1.627595,0.85918194,1.8736764,-1.0389291
1877,2026-05-11 16:10:13.457002,0.7806553,0.10957957,1.627595,0.85918194,1.8736764,-1.0389291
1878,2026-05-11 16:10:13.459766,0.7851068,0.10677453,1.6153991,0.9848675,2.365423,-0.8426886
1879,2026-05-11 16:10:13.462647,0.91639495,0.11433593,1.6066791,1.0839803,2.5706737,-0.6930266
1880,2026-05-11 16:10:13.465427,1.0900636,0.14427671,1.6118623,1.3990341,2.463314,-0.5849035
1881,2026-05-11 16:10:13.481786,1.0900636,0.14427671,1.6118623,1.3990341,2.463314,-0.5849035
1882,2026-05-11 16:10:13.494642,1.0900636,0.14427671,1.6118623,1.3990341,2.463314,-0.5849035
1883,2026-05-11 16:10:13.501767,1.0900636,0.14427671,1.6118623,1.3990341,2.463314,-0.5849035
1884,2026-05-11 16:10:13.506875,1.0900636,0.14427671,1.6118623,1.3990341,2.463314,-0.5849035
1885,2026-05-11 16:10:13.509855,1.0900636,0.14427671,1.6118623,1.3990341,2.463314,-0.5849035
1886,2026-05-11 16:10:13.512562,1.0900636,0.14427671,1.6118623,1.3990341,2.463314,-0.5849035
1887,2026-05-11 16:10:13.515304,1.0900636,0.14427671,1.6118623,1.3990341,2.463314,-0.5849035
1888,2026-05-11 16:10:13.518462,1.0900636,0.14427671,1.6118623,1.6617062,2.2675319,-0.6386596
1889,2026-05-11 16:10:13.521261,1.0900636,0.14427671,1.6118623,1.6617062,2.2675319,-0.6386596
1890,2026-05-11 16:10:13.524117,1.0900636,0.14427671,1.6118623,1.9191859,2.132836,-0.8333729
1891,2026-05-11 16:10:13.526722,1.0900636,0.14427671,1.6118623,1.9191859,2.132836,-0.8333729
1892,2026-05-11 16:10:13.529500,1.0900636,0.14427671,1.6118623,1.9191859,2.132836,-0.8333729
1893,2026-05-11 16:10:13.532194,1.2077534,0.23470882,1.5658231,2.171015,2.271808,-1.2087497
1894,2026-05-11 16:10:13.535414,1.2077534,0.23470882,1.5658231,2.171015,2.271808,-1.2087497
1895,2026-05-11 16:10:13.538247,1.2077534,0.23470882,1.5658231,2.171015,2.271808,-1.2087497
1896,2026-05-11 16:10:13.541063,1.124029,0.22385453,1.4588655,2.1197023,2.639396,-1.352761
1897,2026-05-11 16:10:13.543779,1.124029,0.22385453,1.4588655,2.1197023,2.639396,-1.352761
1898,2026-05-11 16:10:13.546455,1.124029,0.22385453,1.4588655,2.1197023,2.639396,-1.352761
1899,2026-05-11 16:10:13.549067,1.124029,0.22385453,1.4588655,2.1197023,2.639396,-1.352761
1900,2026-05-11 16:10:13.552242,1.124029,0.22385453,1.4588655,2.1197023,2.639396,-1.352761
1901,2026-05-11 16:10:13.554849,1.124029,0.22385453,1.4588655,2.1197023,2.639396,-1.352761
1902,2026-05-11 16:10:13.557457,1.124029,0.22385453,1.4588655,2.1197023,2.639396,-1.352761
1903,2026-05-11 16:10:13.560021,1.124029,0.22385453,1.4588655,2.1197023,2.639396,-1.352761
1904,2026-05-11 16:10:13.562798,1.124029,0.22385453,1.4588655,2.1197023,2.639396,-1.352761
1905,2026-05-11 16:10:13.565465,1.0373776,0.22074458,1.3635552,1.9561433,2.95109,-1.3726143
1906,2026-05-11 16:10:13.568597,1.0373776,0.22074458,1.3635552,1.9561433,2.95109,-1.3726143
1907,2026-05-11 16:10:13.571407,1.0373776,0.22074458,1.3635552,1.9561433,2.95109,-1.3726143
1908,2026-05-11 16:10:13.574133,1.0373776,0.22074458,1.3635552,1.9561433,2.95109,-1.3726143
1909,2026-05-11 16:10:13.576822,1.0373776,0.22074458,1.3635552,1.9561433,2.95109,-1.3726143
1910,2026-05-11 16:10:13.579528,1.0373776,0.22074458,1.3635552,1.9561433,2.95109,-1.3726143
1911,2026-05-11 16:10:13.582275,1.0373776,0.22074458,1.3635552,1.9561433,2.95109,-1.3726143
1912,2026-05-11 16:10:13.585323,1.0373776,0.22074458,1.3635552,1.9561433,2.95109,-1.3726143
1913,2026-05-11 16:10:13.588273,1.0373776,0.22074458,1.3635552,1.7189748,3.2255213,-1.3217597
1914,2026-05-11 16:10:13.591023,1.0373776,0.22074458,1.3635552,1.7189748,3.2255213,-1.3217597
1915,2026-05-11 16:10:13.593669,1.0373776,0.22074458,1.3635552,1.7189748,3.2255213,-1.3217597
1916,2026-05-11 16:10:13.596250,1.0373776,0.22074458,1.3635552,1.7189748,3.2255213,-1.3217597
1917,2026-05-11 16:10:13.598856,1.0373776,0.22074458,1.3635552,1.7189748,3.2255213,-1.3217597
1918,2026-05-11 16:10:13.602048,1.0373776,0.22074458,1.3635552,1.7189748,3.2255213,-1.3217597
1919,2026-05-11 16:10:13.604880,1.0501223,0.24531919,1.3475786,1.7189748,3.2255213,-1.3217597
1920,2026-05-11 16:10:13.607681,1.1587871,0.27916262,1.3963009,1.7189748,3.2255213,-1.3217597
1921,2026-05-11 16:10:13.610444,1.1587871,0.27916262,1.3963009,1.7189748,3.2255213,-1.3217597
1922,2026-05-11 16:10:13.613132,1.1587871,0.27916262,1.3963009,1.7189748,3.2255213,-1.3217597
1923,2026-05-11 16:10:13.615908,1.1587871,0.27916262,1.3963009,1.589624,3.4121406,-1.3306172
1924,2026-05-11 16:10:13.619106,1.1587871,0.27916262,1.3963009,1.589624,3.4121406,-1.3306172
1925,2026-05-11 16:10:13.621799,1.3016613,0.32379937,1.449109,1.589624,3.4121406,-1.3306172
1926,2026-05-11 16:10:13.624460,1.3016613,0.32379937,1.449109,1.589624,3.4121406,-1.3306172
1927,2026-05-11 16:10:13.627025,1.3016613,0.32379937,1.449109,1.589624,3.4121406,-1.3306172
1928,2026-05-11 16:10:13.629907,1.3016613,0.32379937,1.449109,1.589624,3.4121406,-1.3306172
1929,2026-05-11 16:10:13.632550,1.3016613,0.32379937,1.449109,1.5459472,3.6984837,-1.5109752
1930,2026-05-11 16:10:13.635646,1.3016613,0.32379937,1.449109,1.5459472,3.6984837,-1.5109752
1931,2026-05-11 16:10:13.638386,1.3016613,0.32379937,1.449109,1.5459472,3.6984837,-1.5109752
1932,2026-05-11 16:10:13.640979,1.3016613,0.32379937,1.449109,1.5459472,3.6984837,-1.5109752
1933,2026-05-11 16:10:13.643640,1.3016613,0.32379937,1.449109,1.5459472,3.6984837,-1.5109752
1934,2026-05-11 16:10:13.646297,1.3016613,0.32379937,1.449109,1.5459472,3.6984837,-1.5109752
1935,2026-05-11 16:10:13.648977,1.3016613,0.32379937,1.449109,1.5911512,3.8105774,-1.6577356
1936,2026-05-11 16:10:13.652132,1.3016613,0.32379937,1.449109,1.5911512,3.8105774,-1.6577356
1937,2026-05-11 16:10:13.655243,1.3016613,0.32379937,1.449109,1.5911512,3.8105774,-1.6577356
1938,2026-05-11 16:10:13.658041,1.3016613,0.32379937,1.449109,1.5911512,3.8105774,-1.6577356
1939,2026-05-11 16:10:13.660867,1.3016613,0.32379937,1.449109,1.5911512,3.8105774,-1.6577356
1940,2026-05-11 16:10:13.663492,1.3016613,0.32379937,1.449109,1.5911512,3.8105774,-1.6577356
1941,2026-05-11 16:10:13.666211,1.3016613,0.32379937,1.449109,1.5911512,3.8105774,-1.6577356
1942,2026-05-11 16:10:13.669698,1.3016613,0.32379937,1.449109,1.5911512,3.8105774,-1.6577356
1943,2026-05-11 16:10:13.672579,1.3016613,0.32379937,1.449109,1.5911512,3.8105774,-1.6577356
1944,2026-05-11 16:10:13.675274,1.3016613,0.32379937,1.449109,1.5911512,3.8105774,-1.6577356
1945,2026-05-11 16:10:13.677951,1.3016613,0.32379937,1.449109,1.5911512,3.8105774,-1.6577356
1946,2026-05-11 16:10:13.680675,1.3016613,0.32379937,1.449109,1.5911512,3.8105774,-1.6577356
1947,2026-05-11 16:10:13.683801,1.3016613,0.32379937,1.449109,1.5911512,3.8105774,-1.6577356
1948,2026-05-11 16:10:13.686711,1.3016613,0.32379937,1.449109,1.5911512,3.8105774,-1.6577356
1949,2026-05-11 16:10:13.689406,1.3016613,0.32379937,1.449109,1.5911512,3.8105774,-1.6577356
1950,2026-05-11 16:10:13.692140,1.3016613,0.32379937,1.449109,1.5911512,3.8105774,-1.6577356
1951,2026-05-11 16:10:13.694994,1.3425784,0.3500814,1.4678296,1.5911512,3.8105774,-1.6577356
1952,2026-05-11 16:10:13.697641,1.3425784,0.3500814,1.4678296,1.5911512,3.8105774,-1.6577356
1953,2026-05-11 16:10:13.700628,1.3425784,0.3500814,1.4678296,1.5911512,3.8105774,-1.6577356
1954,2026-05-11 16:10:13.703469,1.3425784,0.3500814,1.4678296,1.5911512,3.8105774,-1.6577356
1955,2026-05-11 16:10:13.706168,1.3425784,0.3500814,1.4678296,1.5911512,3.8105774,-1.6577356
1956,2026-05-11 16:10:13.708983,1.3425784,0.3500814,1.4678296,1.5911512,3.8105774,-1.6577356
1957,2026-05-11 16:10:13.711628,1.2755013,0.31331098,1.3662382,1.6389514,3.9579487,-1.9152153
1958,2026-05-11 16:10:13.714325,1.1873864,0.28367507,1.2820259,1.4636332,4.1126504,-1.9744692
1959,2026-05-11 16:10:13.717429,1.1873864,0.28367507,1.2820259,1.4636332,4.1126504,-1.9744692
1960,2026-05-11 16:10:13.720477,1.1787273,0.17665665,1.4443525,1.0230466,4.551099,-1.8787161
1961,2026-05-11 16:10:13.723235,1.1839715,0.121775396,1.5181984,1.0458013,4.709618,-1.8443549
1962,2026-05-11 16:10:13.725796,1.1839715,0.121775396,1.5181984,1.0458013,4.709618,-1.8443549
1963,2026-05-11 16:10:13.728569,1.1839715,0.121775396,1.5181984,1.5253305,4.692667,-1.8051068
1964,2026-05-11 16:10:13.731288,1.1432374,0.079638794,1.6367419,1.5253305,4.692667,-1.8051068
1965,2026-05-11 16:10:13.734253,1.1432374,0.079638794,1.6367419,1.5253305,4.692667,-1.8051068
1966,2026-05-11 16:10:13.736967,1.1432374,0.079638794,1.6367419,1.5253305,4.692667,-1.8051068
1967,2026-05-11 16:10:13.739631,1.1432374,0.079638794,1.6367419,1.5253305,4.692667,-1.8051068
1968,2026-05-11 16:10:13.742171,1.1432374,0.079638794,1.6367419,1.5253305,4.692667,-1.8051068
1969,2026-05-11 16:10:13.744840,1.1025034,-0.005914979,1.5321625,1.964848,4.5798097,-1.7852536
1970,2026-05-11 16:10:13.747361,1.1025034,-0.005914979,1.5321625,1.964848,4.5798097,-1.7852536
1971,2026-05-11 16:10:13.750449,1.1565919,0.013903251,1.3425174,2.9135218,4.4303,-1.7690657
1972,2026-05-11 16:10:13.753190,1.1565919,0.013903251,1.3425174,2.9135218,4.4303,-1.7690657
1973,2026-05-11 16:10:13.755730,1.1565919,0.013903251,1.3425174,2.9135218,4.4303,-1.7690657
1974,2026-05-11 16:10:13.758460,1.1354321,0.0062808543,1.2153758,3.0660853,4.431522,-1.8414533
1975,2026-05-11 16:10:13.761078,1.0034122,0.009878625,0.9085896,3.1532865,4.4527493,-1.9734001
1976,2026-05-11 16:10:13.763598,1.0034122,0.009878625,0.9085896,3.1532865,4.4527493,-1.9734001
1977,2026-05-11 16:10:13.766600,1.0034122,0.009878625,0.9085896,3.1532865,4.4527493,-1.9734001
1978,2026-05-11 16:10:13.769403,0.8247433,0.011829958,0.7224202,2.8516717,4.3278275,-1.8787161
1979,2026-05-11 16:10:13.772278,0.72144455,0.04994194,0.65930676,2.6842947,4.4054074,-1.7676913
1980,2026-05-11 16:10:13.775044,0.6730271,0.084761046,0.47271052,2.2440135,4.7781878,-1.5798502
1981,2026-05-11 16:10:13.777643,0.6730271,0.084761046,0.47271052,2.2440135,4.7781878,-1.5798502
1982,2026-05-11 16:10:13.780324,0.64400095,0.092932254,0.37672928,2.01555,4.77941,-1.5231925
1983,2026-05-11 16:10:13.783327,0.64400095,0.092932254,0.37672928,2.01555,4.77941,-1.5231925
1984,2026-05-11 16:10:13.786073,0.64400095,0.092932254,0.37672928,1.8241963,4.692667,-1.5016595
1985,2026-05-11 16:10:13.788647,0.64400095,0.092932254,0.37672928,1.8241963,4.692667,-1.5016595
1986,2026-05-11 16:10:13.791420,0.64400095,0.092932254,0.37672928,1.8241963,4.692667,-1.5016595
1987,2026-05-11 16:10:13.794074,0.64400095,0.092932254,0.37672928,1.8241963,4.692667,-1.5016595
1988,2026-05-11 16:10:13.796681,0.64400095,0.092932254,0.37672928,1.8241963,4.692667,-1.5016595
1989,2026-05-11 16:10:13.799312,0.64400095,0.092932254,0.37672928,1.8241963,4.692667,-1.5016595
1990,2026-05-11 16:10:13.802518,0.6370494,0.089517415,0.4297812,1.761888,4.5517097,-1.54442
1991,2026-05-11 16:10:13.805339,0.6370494,0.089517415,0.4297812,1.761888,4.5517097,-1.54442
1992,2026-05-11 16:10:13.808088,0.6370494,0.089517415,0.4297812,1.7444785,4.4312167,-1.6067283
1993,2026-05-11 16:10:13.810847,0.6222314,0.111896776,0.4921019,1.7444785,4.4312167,-1.6067283
1994,2026-05-11 16:10:13.813500,0.6222314,0.111896776,0.4921019,1.7444785,4.4312167,-1.6067283
1995,2026-05-11 16:10:13.816621,0.6222314,0.111896776,0.4921019,1.7444785,4.4312167,-1.6067283
1996,2026-05-11 16:10:13.819701,0.6222314,0.111896776,0.4921019,1.7444785,4.4312167,-1.6067283
1997,2026-05-11 16:10:13.822315,0.6222314,0.111896776,0.4921019,1.7444785,4.4312167,-1.6067283
1998,2026-05-11 16:10:13.825077,0.6222314,0.111896776,0.4921019,1.7444785,4.4312167,-1.6067283
1999,2026-05-11 16:10:13.827846,0.6222314,0.111896776,0.4921019,1.7444785,4.4312167,-1.6067283
2000,2026-05-11 16:10:13.830534,0.6222314,0.111896776,0.4921019,1.7444785,4.4312167,-1.6067283
2001,2026-05-11 16:10:13.833510,0.6222314,0.111896776,0.4921019,1.7444785,4.4312167,-1.6067283
2002,2026-05-11 16:10:13.837103,0.6222314,0.111896776,0.4921019,1.6358972,4.213443,-1.7319556
2003,2026-05-11 16:10:13.841031,0.6222314,0.111896776,0.4921019,1.6358972,4.213443,-1.7319556
2004,2026-05-11 16:10:13.844360,0.6222314,0.111896776,0.4921019,1.6358972,4.213443,-1.7319556
2005,2026-05-11 16:10:13.847112,0.6222314,0.111896776,0.4921019,1.6358972,4.213443,-1.7319556
2006,2026-05-11 16:10:13.850362,0.5944249,0.15147226,0.48478436,1.6358972,4.213443,-1.7319556
2007,2026-05-11 16:10:13.853339,0.5944249,0.15147226,0.48478436,1.6358972,4.213443,-1.7319556
2008,2026-05-11 16:10:13.856043,0.42941532,0.17153439,0.51387143,1.6358972,4.213443,-1.7319556
2009,2026-05-11 16:10:13.858688,0.42941532,0.17153439,0.51387143,1.6358972,4.213443,-1.7319556
2010,2026-05-11 16:10:13.861371,0.42941532,0.17153439,0.51387143,1.6358972,4.213443,-1.7319556
2011,2026-05-11 16:10:13.863934,0.42941532,0.17153439,0.51387143,1.6358972,4.213443,-1.7319556
2012,2026-05-11 16:10:13.866922,0.42941532,0.17153439,0.51387143,1.6358972,4.213443,-1.7319556
2013,2026-05-11 16:10:13.869734,0.42941532,0.17153439,0.51387143,1.3875804,4.2203155,-1.7924314
2014,2026-05-11 16:10:13.872426,0.42941532,0.17153439,0.51387143,1.3875804,4.2203155,-1.7924314
2015,2026-05-11 16:10:13.875145,0.42941532,0.17153439,0.51387143,1.3875804,4.2203155,-1.7924314
2016,2026-05-11 16:10:13.877780,0.42941532,0.17153439,0.51387143,1.3875804,4.2203155,-1.7924314
2017,2026-05-11 16:10:13.880408,0.42941532,0.17153439,0.51387143,1.3875804,4.2203155,-1.7924314
2018,2026-05-11 16:10:13.883426,0.42941532,0.17153439,0.51387143,1.3875804,4.2203155,-1.7924314
2019,2026-05-11 16:10:13.886424,0.42941532,0.17153439,0.51387143,1.3875804,4.2203155,-1.7924314
2020,2026-05-11 16:10:13.889085,0.42941532,0.17153439,0.51387143,1.3875804,4.2203155,-1.7924314
2021,2026-05-11 16:10:13.892007,0.42941532,0.17153439,0.51387143,1.3875804,4.2203155,-1.7924314
2022,2026-05-11 16:10:13.894737,0.42941532,0.17153439,0.51387143,1.3875804,4.2203155,-1.7924314
2023,2026-05-11 16:10:13.897396,0.42941532,0.17153439,0.51387143,1.3875804,4.2203155,-1.7924314
2024,2026-05-11 16:10:13.900375,0.42941532,0.17153439,0.51387143,1.3875804,4.2203155,-1.7924314
2025,2026-05-11 16:10:13.903270,0.42941532,0.17153439,0.51387143,1.3875804,4.2203155,-1.7924314
2026,2026-05-11 16:10:13.905873,0.42941532,0.17153439,0.51387143,1.3875804,4.2203155,-1.7924314
2027,2026-05-11 16:10:13.908570,0.42941532,0.17153439,0.51387143,1.0279335,4.51292,-1.7142406
2028,2026-05-11 16:10:13.911529,0.2748941,0.13531277,0.45472166,1.0279335,4.51292,-1.7142406
2029,2026-05-11 16:10:13.914264,0.2748941,0.13531277,0.45472166,1.0279335,4.51292,-1.7142406
2030,2026-05-11 16:10:13.917363,0.2748941,0.13531277,0.45472166,1.0279335,4.51292,-1.7142406
2031,2026-05-11 16:10:13.920166,0.2748941,0.13531277,0.45472166,1.0279335,4.51292,-1.7142406
2032,2026-05-11 16:10:13.922840,0.2748941,0.13531277,0.45472166,1.0279335,4.51292,-1.7142406
2033,2026-05-11 16:10:13.925456,0.2748941,0.13531277,0.45472166,1.0279335,4.51292,-1.7142406
2034,2026-05-11 16:10:13.928046,0.2748941,0.13531277,0.45472166,1.0279335,4.51292,-1.7142406
2035,2026-05-11 16:10:13.930793,0.2748941,0.13531277,0.45472166,1.0279335,4.51292,-1.7142406
2036,2026-05-11 16:10:13.933716,0.2748941,0.13531277,0.45472166,1.0279335,4.51292,-1.7142406
2037,2026-05-11 16:10:13.936538,0.2748941,0.13531277,0.45472166,1.0279335,4.51292,-1.7142406
2038,2026-05-11 16:10:13.939272,0.2748941,0.13531277,0.45472166,1.0279335,4.51292,-1.7142406
2039,2026-05-11 16:10:13.942100,0.2748941,0.13531277,0.45472166,1.0279335,4.51292,-1.7142406
2040,2026-05-11 16:10:13.944831,0.23928225,0.13452004,0.4253907,0.49632803,4.999474,-1.4921911
2041,2026-05-11 16:10:13.947477,0.30892047,0.15555786,0.48313794,0.49632803,4.999474,-1.4921911
2042,2026-05-11 16:10:13.950482,0.30892047,0.15555786,0.48313794,0.49632803,4.999474,-1.4921911
2043,2026-05-11 16:10:13.953353,0.30892047,0.15555786,0.48313794,0.49632803,4.999474,-1.4921911
2044,2026-05-11 16:10:13.956027,0.30892047,0.15555786,0.48313794,0.49632803,4.999474,-1.4921911
2045,2026-05-11 16:10:13.958732,0.30892047,0.15555786,0.48313794,0.49632803,4.999474,-1.4921911
2046,2026-05-11 16:10:13.961454,0.30892047,0.15555786,0.48313794,0.49632803,4.999474,-1.4921911
2047,2026-05-11 16:10:13.964016,0.30892047,0.15555786,0.48313794,0.49632803,4.999474,-1.4921911
2048,2026-05-11 16:10:13.967125,0.30892047,0.15555786,0.48313794,0.49632803,4.999474,-1.4921911
2049,2026-05-11 16:10:13.969877,0.30892047,0.15555786,0.48313794,0.49632803,4.999474,-1.4921911
2050,2026-05-11 16:10:13.972681,0.30892047,0.15555786,0.48313794,0.49632803,4.999474,-1.4921911
2051,2026-05-11 16:10:13.975332,0.30892047,0.15555786,0.48313794,0.49632803,4.999474,-1.4921911
2052,2026-05-11 16:10:13.978108,0.30892047,0.15555786,0.48313794,0.96196,5.1002665,-1.6730071
2053,2026-05-11 16:10:13.980783,0.30892047,0.15555786,0.48313794,0.96196,5.1002665,-1.6730071
2054,2026-05-11 16:10:13.983780,0.30892047,0.15555786,0.48313794,0.96196,5.1002665,-1.6730071
2055,2026-05-11 16:10:13.986606,0.30892047,0.15555786,0.48313794,0.96196,5.1002665,-1.6730071
2056,2026-05-11 16:10:13.989298,0.30892047,0.15555786,0.48313794,0.96196,5.1002665,-1.6730071
2057,2026-05-11 16:10:13.991900,0.30892047,0.15555786,0.48313794,0.96196,5.1002665,-1.6730071
2058,2026-05-11 16:10:13.994633,0.30892047,0.15555786,0.48313794,0.96196,5.1002665,-1.6730071
2059,2026-05-11 16:10:13.997276,0.41532913,0.08573671,0.71223664,0.96196,5.1002665,-1.6730071
2060,2026-05-11 16:10:14.000132,0.41532913,0.08573671,0.71223664,0.96196,5.1002665,-1.6730071
2061,2026-05-11 16:10:14.003234,0.41532913,0.08573671,0.71223664,0.96196,5.1002665,-1.6730071
2062,2026-05-11 16:10:14.005918,0.41532913,0.08573671,0.71223664,0.96196,5.1002665,-1.6730071
2063,2026-05-11 16:10:14.008507,0.41532913,0.08573671,0.71223664,0.96196,5.1002665,-1.6730071
2064,2026-05-11 16:10:14.011204,0.39795005,-0.032562874,0.6665633,1.8472565,5.1019464,-1.8872682
2065,2026-05-11 16:10:14.014012,0.39795005,-0.032562874,0.6665633,1.8472565,5.1019464,-1.8872682
2066,2026-05-11 16:10:14.017247,0.39795005,-0.032562874,0.6665633,1.8472565,5.1019464,-1.8872682
2067,2026-05-11 16:10:14.020037,0.39795005,-0.032562874,0.6665633,1.8472565,5.1019464,-1.8872682
2068,2026-05-11 16:10:14.022653,0.39795005,-0.032562874,0.6665633,1.8472565,5.1019464,-1.8872682
2069,2026-05-11 16:10:14.025275,0.39795005,-0.032562874,0.6665633,1.8472565,5.1019464,-1.8872682
2070,2026-05-11 16:10:14.027960,0.39795005,-0.032562874,0.6665633,1.8472565,5.1019464,-1.8872682
2071,2026-05-11 16:10:14.030760,0.39795005,-0.032562874,0.6665633,1.8472565,5.1019464,-1.8872682
2072,2026-05-11 16:10:14.033789,0.29513916,-0.15189911,0.39709634,1.8472565,5.1019464,-1.8872682
2073,2026-05-11 16:10:14.036734,0.18903543,-0.23806266,0.07799236,3.686419,4.614018,-2.104736
2074,2026-05-11 16:10:14.039384,0.18903543,-0.23806266,0.07799236,3.686419,4.614018,-2.104736
2075,2026-05-11 16:10:14.042113,0.18903543,-0.23806266,0.07799236,3.686419,4.614018,-2.104736
2076,2026-05-11 16:10:14.044913,0.18903543,-0.23806266,0.07799236,4.3026295,4.2728496,-2.0850358
2077,2026-05-11 16:10:14.047684,-0.014939896,-0.32014063,-0.31788442,4.3026295,4.2728496,-2.0850358
2078,2026-05-11 16:10:14.050886,-0.5617401,-0.46642965,-1.229401,4.7497826,3.8475347,-1.8788688
2079,2026-05-11 16:10:14.053676,-0.5617401,-0.46642965,-1.229401,4.7497826,3.8475347,-1.8788688
2080,2026-05-11 16:10:14.056268,-0.5617401,-0.46642965,-1.229401,4.7497826,3.8475347,-1.8788688
2081,2026-05-11 16:10:14.059010,-0.5617401,-0.46642965,-1.229401,4.7497826,3.8475347,-1.8788688
2082,2026-05-11 16:10:14.061914,-0.5617401,-0.46642965,-1.229401,4.788878,3.3750305,-1.5099062
2083,2026-05-11 16:10:14.064636,-0.5617401,-0.46642965,-1.229401,4.788878,3.3750305,-1.5099062
2084,2026-05-11 16:10:14.068098,-0.5617401,-0.46642965,-1.229401,4.788878,3.3750305,-1.5099062
2085,2026-05-11 16:10:14.070959,-0.7188834,-0.51222503,-1.8562669,4.788878,3.3750305,-1.5099062
2086,2026-05-11 16:10:14.073640,-0.7188834,-0.51222503,-1.8562669,4.788878,3.3750305,-1.5099062
2087,2026-05-11 16:10:14.076350,-0.7188834,-0.51222503,-1.8562669,4.788878,3.3750305,-1.5099062
2088,2026-05-11 16:10:14.078952,-0.7188834,-0.51222503,-1.8562669,4.788878,3.3750305,-1.5099062
2089,2026-05-11 16:10:14.081699,-0.7188834,-0.51222503,-1.8562669,4.788878,3.3750305,-1.5099062
2090,2026-05-11 16:10:14.084777,-0.7188834,-0.51222503,-1.8562669,4.788878,3.3750305,-1.5099062
2091,2026-05-11 16:10:14.087697,-0.7188834,-0.51222503,-1.8562669,4.788878,3.3750305,-1.5099062
2092,2026-05-11 16:10:14.090429,-0.7188834,-0.51222503,-1.8562669,4.788878,3.3750305,-1.5099062
2093,2026-05-11 16:10:14.093092,-0.7188834,-0.51222503,-1.8562669,4.788878,3.3750305,-1.5099062
2094,2026-05-11 16:10:14.095836,-0.7188834,-0.51222503,-1.8562669,4.788878,3.3750305,-1.5099062
2095,2026-05-11 16:10:14.098478,-0.7188834,-0.51222503,-1.8562669,4.788878,3.3750305,-1.5099062
2096,2026-05-11 16:10:14.101721,-0.7188834,-0.51222503,-1.8562669,4.788878,3.3750305,-1.5099062
2097,2026-05-11 16:10:14.104537,-0.7188834,-0.51222503,-1.8562669,4.788878,3.3750305,-1.5099062
2098,2026-05-11 16:10:14.107335,-0.64820856,-0.4821013,-2.4785593,3.327383,1.4779885,-0.16875152
2099,2026-05-11 16:10:14.110137,-0.64820856,-0.4821013,-2.4785593,3.327383,1.4779885,-0.16875152
2100,2026-05-11 16:10:14.112735,-0.64820856,-0.4821013,-2.4785593,3.327383,1.4779885,-0.16875152
2101,2026-05-11 16:10:14.115475,-0.7269327,-0.4608196,-2.6210067,3.327383,1.4779885,-0.16875152
2102,2026-05-11 16:10:14.118651,-0.7269327,-0.4608196,-2.6210067,3.327383,1.4779885,-0.16875152
2103,2026-05-11 16:10:14.121545,-0.7269327,-0.4608196,-2.6210067,3.327383,1.4779885,-0.16875152
2104,2026-05-11 16:10:14.124295,-0.7269327,-0.4608196,-2.6210067,2.1244366,0.95203346,0.065515295
2105,2026-05-11 16:10:14.126942,-0.7269327,-0.4608196,-2.6210067,2.1244366,0.95203346,0.065515295
2106,2026-05-11 16:10:14.129689,-0.7269327,-0.4608196,-2.6210067,2.1244366,0.95203346,0.065515295
2107,2026-05-11 16:10:14.132351,-0.7269327,-0.4608196,-2.6210067,2.1244366,0.95203346,0.065515295
2108,2026-05-11 16:10:14.135470,-0.7269327,-0.4608196,-2.6210067,2.1244366,0.95203346,0.065515295
2109,2026-05-11 16:10:14.138235,-0.7269327,-0.4608196,-2.6210067,2.1244366,0.95203346,0.065515295
2110,2026-05-11 16:10:14.141006,-0.7498608,-0.45740473,-2.6249702,2.1244366,0.95203346,0.065515295
2111,2026-05-11 16:10:14.143917,-0.7554099,-0.29227313,-2.3611743,0.26297748,-0.40530908,0.48472157
2112,2026-05-11 16:10:14.146666,-0.7365674,-0.2669668,-2.288975,0.08078693,-0.5858198,0.5163339
2113,2026-05-11 16:10:14.149494,-0.7365674,-0.2669668,-2.288975,0.08078693,-0.5858198,0.5163339
2114,2026-05-11 16:10:14.152583,-0.7365674,-0.2669668,-2.288975,0.08078693,-0.5858198,0.5163339
2115,2026-05-11 16:10:14.155209,-0.7365674,-0.2669668,-2.288975,0.08078693,-0.5858198,0.5163339
2116,2026-05-11 16:10:14.157829,-0.7365674,-0.2669668,-2.288975,0.08078693,-0.5858198,0.5163339
2117,2026-05-11 16:10:14.160436,-0.7365674,-0.2669668,-2.288975,-1.8953621,-2.1884248,0.6133087
2118,2026-05-11 16:10:14.163208,-0.7365674,-0.2669668,-2.288975,-2.1523838,-2.2930355,0.5920811
2119,2026-05-11 16:10:14.166010,-0.43837923,-0.04177073,-1.2842213,-2.1523838,-2.2930355,0.5920811
2120,2026-05-11 16:10:14.169289,-0.40959707,-0.018598646,-1.0834779,-2.5076017,-2.3834434,0.5589417
2121,2026-05-11 16:10:14.172236,-0.40959707,-0.018598646,-1.0834779,-2.5076017,-2.3834434,0.5589417
2122,2026-05-11 16:10:14.175016,-0.40441385,-0.00219525,-0.7927292,-2.9261973,-2.4165828,0.5326745
2123,2026-05-11 16:10:14.177636,-0.40441385,-0.00219525,-0.7927292,-2.9261973,-2.4165828,0.5326745
2124,2026-05-11 16:10:14.180487,-0.40441385,-0.00219525,-0.7927292,-2.9261973,-2.4165828,0.5326745
2125,2026-05-11 16:10:14.183383,-0.39294976,-0.0042075627,-0.46411243,-3.3675473,-2.4017694,0.536187
2126,2026-05-11 16:10:14.186875,-0.39294976,-0.0042075627,-0.46411243,-3.3675473,-2.4017694,0.536187
2127,2026-05-11 16:10:14.189871,-0.39294976,-0.0042075627,-0.46411243,-3.3675473,-2.4017694,0.536187
2128,2026-05-11 16:10:14.192585,-0.39294976,-0.0042075627,-0.46411243,-3.3675473,-2.4017694,0.536187
2129,2026-05-11 16:10:14.195184,-0.39294976,-0.0042075627,-0.46411243,-3.3675473,-2.4017694,0.536187
2130,2026-05-11 16:10:14.197992,-0.39294976,-0.0042075627,-0.46411243,-3.3675473,-2.4017694,0.536187
2131,2026-05-11 16:10:14.201102,-0.38794947,0.00030489583,-0.30922535,-3.3675473,-2.4017694,0.536187
2132,2026-05-11 16:10:14.203802,-0.38794947,0.00030489583,-0.30922535,-3.3675473,-2.4017694,0.536187
2133,2026-05-11 16:10:14.206363,-0.38794947,0.00030489583,-0.30922535,-3.3675473,-2.4017694,0.536187
2134,2026-05-11 16:10:14.209255,-0.38794947,0.00030489583,-0.30922535,-3.375336,-2.642145,0.5484043
2135,2026-05-11 16:10:14.212114,-0.5058222,-0.0086590415,0.23556253,-2.4087944,-3.223994,1.0108292
2136,2026-05-11 16:10:14.214745,-0.5058222,-0.0086590415,0.23556253,-2.4087944,-3.223994,1.0108292
2137,2026-05-11 16:10:14.217825,-0.5058222,-0.0086590415,0.23556253,-2.4087944,-3.223994,1.0108292
2138,2026-05-11 16:10:14.220682,-0.5058222,-0.0086590415,0.23556253,-2.4087944,-3.223994,1.0108292
2139,2026-05-11 16:10:14.223377,-0.46423438,0.027989438,0.1817789,-2.4087944,-3.223994,1.0108292
2140,2026-05-11 16:10:14.226034,-0.46423438,0.027989438,0.1817789,-2.4087944,-3.223994,1.0108292
2141,2026-05-11 16:10:14.228826,-0.3811198,0.07805333,0.115128666,-1.9420934,-3.788739,1.6479617
2142,2026-05-11 16:10:14.231606,-0.3811198,0.07805333,0.115128666,-1.9420934,-3.788739,1.6479617
2143,2026-05-11 16:10:14.234776,-0.3811198,0.07805333,0.115128666,-1.9420934,-3.788739,1.6479617
2144,2026-05-11 16:10:14.237516,-0.3811198,0.07805333,0.115128666,-1.9420934,-3.788739,1.6479617
2145,2026-05-11 16:10:14.240096,-0.3811198,0.07805333,0.115128666,-1.9420934,-3.788739,1.6479617
2146,2026-05-11 16:10:14.242909,-0.3811198,0.07805333,0.115128666,-1.9420934,-3.788739,1.6479617
2147,2026-05-11 16:10:14.245642,-0.3811198,0.07805333,0.115128666,-1.9420934,-3.788739,1.6479617
2148,2026-05-11 16:10:14.248399,-0.3094083,0.10884781,0.117384896,-1.9420934,-3.788739,1.6479617
2149,2026-05-11 16:10:14.251575,-0.3094083,0.10884781,0.117384896,-1.9420934,-3.788739,1.6479617
2150,2026-05-11 16:10:14.254283,-0.3094083,0.10884781,0.117384896,-1.9420934,-3.788739,1.6479617
2151,2026-05-11 16:10:14.257036,-0.3094083,0.10884781,0.117384896,-1.9420934,-3.788739,1.6479617
2152,2026-05-11 16:10:14.259681,-0.3094083,0.10884781,0.117384896,-1.9336939,-4.1421247,1.8741345
2153,2026-05-11 16:10:14.262287,-0.3094083,0.10884781,0.117384896,-1.9336939,-4.1421247,1.8741345
2154,2026-05-11 16:10:14.264844,-0.3094083,0.10884781,0.117384896,-1.9336939,-4.1421247,1.8741345
2155,2026-05-11 16:10:14.267940,-0.3094083,0.10884781,0.117384896,-1.9336939,-4.1421247,1.8741345
2156,2026-05-11 16:10:14.270685,-0.3094083,0.10884781,0.117384896,-1.9336939,-4.1421247,1.8741345
2157,2026-05-11 16:10:14.273516,-0.3094083,0.10884781,0.117384896,-1.9336939,-4.1421247,1.8741345
2158,2026-05-11 16:10:14.276179,-0.3094083,0.10884781,0.117384896,-1.8837557,-4.274377,1.7799087
2159,2026-05-11 16:10:14.278791,-0.3094083,0.10884781,0.117384896,-1.8837557,-4.274377,1.7799087
2160,2026-05-11 16:10:14.281478,0.18580353,0.24629487,0.32129923,-1.8837557,-4.274377,1.7799087
2161,2026-05-11 16:10:14.284488,0.18580353,0.24629487,0.32129923,-1.9422461,-4.1830525,1.5720617
2162,2026-05-11 16:10:14.287478,0.18580353,0.24629487,0.32129923,-1.9422461,-4.1830525,1.5720617
2163,2026-05-11 16:10:14.290237,0.18580353,0.24629487,0.32129923,-1.9422461,-4.1830525,1.5720617
2164,2026-05-11 16:10:14.292881,0.18580353,0.24629487,0.32129923,-1.9422461,-4.1830525,1.5720617
2165,2026-05-11 16:10:14.295580,0.3085546,0.29648072,0.40319425,-1.9422461,-4.1830525,1.5720617
2166,2026-05-11 16:10:14.298256,0.3085546,0.29648072,0.40319425,-1.9422461,-4.1830525,1.5720617
2167,2026-05-11 16:10:14.301472,0.3085546,0.29648072,0.40319425,-1.9422461,-4.1830525,1.5720617
2168,2026-05-11 16:10:14.304314,0.22873287,0.2845288,0.526982,-2.122146,-3.8675406,1.3959798
2169,2026-05-11 16:10:14.306976,0.22873287,0.2845288,0.526982,-2.122146,-3.8675406,1.3959798
2170,2026-05-11 16:10:14.309700,0.22873287,0.2845288,0.526982,-2.122146,-3.8675406,1.3959798
2171,2026-05-11 16:10:14.312428,0.22873287,0.2845288,0.526982,-2.122146,-3.8675406,1.3959798
2172,2026-05-11 16:10:14.315016,0.22873287,0.2845288,0.526982,-2.122146,-3.8675406,1.3959798
2173,2026-05-11 16:10:14.318142,0.22873287,0.2845288,0.526982,-2.122146,-3.8675406,1.3959798
2174,2026-05-11 16:10:14.320894,0.22873287,0.2845288,0.526982,-2.122146,-3.8675406,1.3959798
2175,2026-05-11 16:10:14.323530,0.22873287,0.2845288,0.526982,-2.122146,-3.8675406,1.3959798
2176,2026-05-11 16:10:14.326347,0.055917896,0.27123535,0.5774118,-2.3585508,-3.5020905,1.4795157
2177,2026-05-11 16:10:14.328964,0.055917896,0.27123535,0.5774118,-2.3585508,-3.5020905,1.4795157
2178,2026-05-11 16:10:14.331649,0.055917896,0.27123535,0.5774118,-2.3585508,-3.5020905,1.4795157
2179,2026-05-11 16:10:14.334737,0.117811754,0.26964986,0.5980837,-2.492483,-3.5114062,1.5529722
2180,2026-05-11 16:10:14.337397,0.117811754,0.26964986,0.5980837,-2.492483,-3.5114062,1.5529722
2181,2026-05-11 16:10:14.340082,0.117811754,0.26964986,0.5980837,-2.492483,-3.5114062,1.5529722
2182,2026-05-11 16:10:14.342795,0.117811754,0.26964986,0.5980837,-2.591596,-3.7001636,1.5855007
2183,2026-05-11 16:10:14.345484,0.117811754,0.26964986,0.5980837,-2.591596,-3.7001636,1.5855007
2184,2026-05-11 16:10:14.348045,0.29373667,0.29873693,0.6952845,-2.591596,-3.7001636,1.5855007
2185,2026-05-11 16:10:14.351115,0.29373667,0.29873693,0.6952845,-2.591596,-3.7001636,1.5855007
2186,2026-05-11 16:10:14.353883,0.3793514,0.34471524,0.80626655,-2.347097,-4.261396,1.3266466
2187,2026-05-11 16:10:14.356679,0.3793514,0.34471524,0.80626655,-2.347097,-4.261396,1.3266466
2188,2026-05-11 16:10:14.359382,0.4036211,0.33001924,1.0886611,-2.347097,-4.261396,1.3266466
2189,2026-05-11 16:10:14.361975,0.4036211,0.33001924,1.0886611,-2.347097,-4.261396,1.3266466
2190,2026-05-11 16:10:14.364830,0.4036211,0.33001924,1.0886611,-1.9512563,-4.2617016,1.2513574
2191,2026-05-11 16:10:14.367866,0.4036211,0.33001924,1.0886611,-1.9512563,-4.2617016,1.2513574
2192,2026-05-11 16:10:14.370586,0.4036211,0.33001924,1.0886611,-1.9512563,-4.2617016,1.2513574
2193,2026-05-11 16:10:14.373195,0.4036211,0.33001924,1.0886611,-1.9512563,-4.2617016,1.2513574
2194,2026-05-11 16:10:14.376042,0.3111767,0.29861498,1.1962893,-1.9512563,-4.2617016,1.2513574
2195,2026-05-11 16:10:14.378744,0.3111767,0.29861498,1.1962893,-1.9512563,-4.2617016,1.2513574
2196,2026-05-11 16:10:14.381459,0.3111767,0.29861498,1.1962893,-1.9512563,-4.2617016,1.2513574
2197,2026-05-11 16:10:14.384651,0.3111767,0.29861498,1.1962893,-1.9512563,-4.2617016,1.2513574
2198,2026-05-11 16:10:14.387723,0.3111767,0.29861498,1.1962893,-1.6439911,-4.0909643,1.3316863
2199,2026-05-11 16:10:14.390424,0.3111767,0.29861498,1.1962893,-1.6439911,-4.0909643,1.3316863
2200,2026-05-11 16:10:14.393118,0.24098967,0.26769856,1.1497012,-1.6439911,-4.0909643,1.3316863
2201,2026-05-11 16:10:14.395876,0.32325056,0.28050417,1.0444511,-1.6439911,-4.0909643,1.3316863
2202,2026-05-11 16:10:14.398495,0.32325056,0.28050417,1.0444511,-1.5289958,-3.7594175,1.4410311
2203,2026-05-11 16:10:14.401635,0.32325056,0.28050417,1.0444511,-1.5289958,-3.7594175,1.4410311
2204,2026-05-11 16:10:14.404390,0.38398582,0.29282197,0.93224955,-1.5289958,-3.7594175,1.4410311
2205,2026-05-11 16:10:14.407000,0.38398582,0.29282197,0.93224955,-1.5289958,-3.7594175,1.4410311
2206,2026-05-11 16:10:14.409615,0.38398582,0.29282197,0.93224955,-1.5804611,-3.3614388,1.430341
2207,2026-05-11 16:10:14.412272,0.38398582,0.29282197,0.93224955,-1.5804611,-3.3614388,1.430341
2208,2026-05-11 16:10:14.414831,0.38398582,0.29282197,0.93224955,-1.5804611,-3.3614388,1.430341
2209,2026-05-11 16:10:14.418019,0.38398582,0.29282197,0.93224955,-1.5804611,-3.3614388,1.430341
2210,2026-05-11 16:10:14.420743,0.38398582,0.29282197,0.93224955,-1.5804611,-3.3614388,1.430341
2211,2026-05-11 16:10:14.423367,0.38398582,0.29282197,0.93224955,-1.5804611,-3.3614388,1.430341
2212,2026-05-11 16:10:14.426128,0.3677044,0.2856874,0.7973026,-1.5804611,-3.3614388,1.430341
2213,2026-05-11 16:10:14.428752,0.3677044,0.2856874,0.7973026,-2.245388,-2.8900034,1.4486669
2214,2026-05-11 16:10:14.431560,0.31562817,0.22056165,0.75455624,-2.245388,-2.8900034,1.4486669
2215,2026-05-11 16:10:14.434351,0.31562817,0.22056165,0.75455624,-2.245388,-2.8900034,1.4486669
2216,2026-05-11 16:10:14.437747,0.31562817,0.22056165,0.75455624,-2.245388,-2.8900034,1.4486669
2217,2026-05-11 16:10:14.440531,0.31562817,0.22056165,0.75455624,-2.245388,-2.8900034,1.4486669
2218,2026-05-11 16:10:14.443268,0.31562817,0.22056165,0.75455624,-2.245388,-2.8900034,1.4486669
2219,2026-05-11 16:10:14.445966,0.36185038,0.19013305,0.8305972,-2.245388,-2.8900034,1.4486669
2220,2026-05-11 16:10:14.448583,0.36185038,0.19013305,0.8305972,-2.245388,-2.8900034,1.4486669
2221,2026-05-11 16:10:14.451432,0.36185038,0.19013305,0.8305972,-2.6374106,-2.8900034,1.5679383
2222,2026-05-11 16:10:14.454820,0.36185038,0.19013305,0.8305972,-2.6374106,-2.8900034,1.5679383
2223,2026-05-11 16:10:14.457654,0.36185038,0.19013305,0.8305972,-2.6374106,-2.8900034,1.5679383
2224,2026-05-11 16:10:14.460289,0.36185038,0.19013305,0.8305972,-2.6374106,-2.8900034,1.5679383
2225,2026-05-11 16:10:14.462877,0.36185038,0.19013305,0.8305972,-2.6374106,-2.8900034,1.5679383
2226,2026-05-11 16:10:14.465916,0.62241435,0.12153149,1.2594028,-2.7817276,-2.8976393,1.4558446
2227,2026-05-11 16:10:14.468888,0.62241435,0.12153149,1.2594028,-2.623208,-2.82403,1.3486377
2228,2026-05-11 16:10:14.471609,0.62241435,0.12153149,1.2594028,-2.623208,-2.82403,1.3486377
2229,2026-05-11 16:10:14.474325,0.62241435,0.12153149,1.2594028,-2.623208,-2.82403,1.3486377
2230,2026-05-11 16:10:14.477022,0.6890036,0.13330047,1.3721533,-2.623208,-2.82403,1.3486377
2231,2026-05-11 16:10:14.479746,0.6890036,0.13330047,1.3721533,-2.623208,-2.82403,1.3486377
2232,2026-05-11 16:10:14.482330,0.6890036,0.13330047,1.3721533,-2.623208,-2.82403,1.3486377
2233,2026-05-11 16:10:14.485299,0.6890036,0.13330047,1.3721533,-2.623208,-2.82403,1.3486377
2234,2026-05-11 16:10:14.488176,0.6890036,0.13330047,1.3721533,-2.623208,-2.82403,1.3486377
2235,2026-05-11 16:10:14.490971,0.6890036,0.13330047,1.3721533,-2.623208,-2.82403,1.3486377
2236,2026-05-11 16:10:14.493711,0.6890036,0.13330047,1.3721533,-2.2163718,-2.8487701,1.1693488
2237,2026-05-11 16:10:14.496457,0.6890036,0.13330047,1.3721533,-2.2163718,-2.8487701,1.1693488
2238,2026-05-11 16:10:14.499339,0.6890036,0.13330047,1.3721533,-2.2163718,-2.8487701,1.1693488
2239,2026-05-11 16:10:14.502561,0.6890036,0.13330047,1.3721533,-2.2163718,-2.8487701,1.1693488
2240,2026-05-11 16:10:14.505368,0.6890036,0.13330047,1.3721533,-2.2163718,-2.8487701,1.1693488
2241,2026-05-11 16:10:14.508093,0.6890036,0.13330047,1.3721533,-2.2163718,-2.8487701,1.1693488
2242,2026-05-11 16:10:14.510815,0.6890036,0.13330047,1.3721533,-2.2163718,-2.8487701,1.1693488
2243,2026-05-11 16:10:14.513500,0.66985613,0.11183579,1.4236196,-1.6533068,-2.9912543,0.9798279
2244,2026-05-11 16:10:14.516666,0.66985613,0.11183579,1.4236196,-1.6533068,-2.9912543,0.9798279
2245,2026-05-11 16:10:14.519749,0.66985613,0.11183579,1.4236196,-1.6533068,-2.9912543,0.9798279
2246,2026-05-11 16:10:14.522443,0.66985613,0.11183579,1.4236196,-1.6533068,-2.9912543,0.9798279
2247,2026-05-11 16:10:14.525198,0.5923516,0.09823744,1.4008744,-1.6533068,-2.9912543,0.9798279
2248,2026-05-11 16:10:14.527887,0.5923516,0.09823744,1.4008744,-1.6533068,-2.9912543,0.9798279
2249,2026-05-11 16:10:14.530621,0.5923516,0.09823744,1.4008744,-1.0076222,-3.2844696,0.90484416
2250,2026-05-11 16:10:14.533741,0.5923516,0.09823744,1.4008744,-1.0076222,-3.2844696,0.90484416
2251,2026-05-11 16:10:14.536677,0.5923516,0.09823744,1.4008744,-1.0076222,-3.2844696,0.90484416
2252,2026-05-11 16:10:14.539382,0.5923516,0.09823744,1.4008744,-1.0076222,-3.2844696,0.90484416
2253,2026-05-11 16:10:14.542182,0.5193596,0.08713923,1.3250773,-0.5403103,-3.5030067,0.9492846
2254,2026-05-11 16:10:14.545018,0.5193596,0.08713923,1.3250773,-0.5403103,-3.5030067,0.9492846
2255,2026-05-11 16:10:14.547742,0.5193596,0.08713923,1.3250773,-0.5403103,-3.5030067,0.9492846
2256,2026-05-11 16:10:14.551018,0.51679844,0.07890704,1.1547015,-0.23808473,-3.6361754,1.0499246
2257,2026-05-11 16:10:14.553861,0.5506419,0.09537142,0.85297656,-0.23808473,-3.6361754,1.0499246
2258,2026-05-11 16:10:14.556533,0.5506419,0.09537142,0.85297656,-0.40240747,-3.5897496,1.210735
2259,2026-05-11 16:10:14.559216,0.5506419,0.09537142,0.85297656,-0.40240747,-3.5897496,1.210735
2260,2026-05-11 16:10:14.561806,0.5506419,0.09537142,0.85297656,-0.40240747,-3.5897496,1.210735
2261,2026-05-11 16:10:14.564513,0.5506419,0.09537142,0.85297656,-0.40240747,-3.5897496,1.210735
2262,2026-05-11 16:10:14.567549,0.5506419,0.09537142,0.85297656,-0.40240747,-3.5897496,1.210735
2263,2026-05-11 16:10:14.570531,0.5506419,0.09537142,0.85297656,-0.40240747,-3.5897496,1.210735
2264,2026-05-11 16:10:14.573155,0.5506419,0.09537142,0.85297656,-0.40240747,-3.5897496,1.210735
2265,2026-05-11 16:10:14.575771,0.5506419,0.09537142,0.85297656,-0.40240747,-3.5897496,1.210735
2266,2026-05-11 16:10:14.578453,0.5506419,0.09537142,0.85297656,-0.40240747,-3.5897496,1.210735
2267,2026-05-11 16:10:14.581032,0.5506419,0.09537142,0.85297656,-0.40240747,-3.5897496,1.210735
2268,2026-05-11 16:10:14.584177,0.5506419,0.09537142,0.85297656,-0.40240747,-3.5897496,1.210735
2269,2026-05-11 16:10:14.586977,0.65881896,0.11829959,0.702541,-0.40240747,-3.5897496,1.210735
2270,2026-05-11 16:10:14.589637,0.65881896,0.11829959,0.702541,-0.40240747,-3.5897496,1.210735
2271,2026-05-11 16:10:14.592489,0.65881896,0.11829959,0.702541,-0.40240747,-3.5897496,1.210735
2272,2026-05-11 16:10:14.595229,0.65881896,0.11829959,0.702541,-1.3267993,-3.1453452,1.3917037
2273,2026-05-11 16:10:14.598027,0.65881896,0.11829959,0.702541,-1.4944818,-2.8770225,0.83291477
2274,2026-05-11 16:10:14.601114,0.65881896,0.11829959,0.702541,-1.4944818,-2.8770225,0.83291477
2275,2026-05-11 16:10:14.603946,0.65881896,0.11829959,0.702541,-1.4944818,-2.8770225,0.83291477
2276,2026-05-11 16:10:14.606606,0.65881896,0.11829959,0.702541,-1.4944818,-2.8770225,0.83291477
2277,2026-05-11 16:10:14.609212,0.65881896,0.11829959,0.702541,-1.4944818,-2.8770225,0.83291477
2278,2026-05-11 16:10:14.612055,0.65881896,0.11829959,0.702541,-1.4944818,-2.8770225,0.83291477
2279,2026-05-11 16:10:14.614951,0.87999034,0.12195834,1.5150275,-1.4944818,-2.8770225,0.83291477
2280,2026-05-11 16:10:14.618074,0.87999034,0.12195834,1.5150275,-1.4944818,-2.8770225,0.83291477
2281,2026-05-11 16:10:14.620955,0.87999034,0.12195834,1.5150275,-0.41416663,-3.3611333,0.64751714
2282,2026-05-11 16:10:14.623751,0.87999034,0.12195834,1.5150275,-0.41416663,-3.3611333,0.64751714
2283,2026-05-11 16:10:14.626392,0.87999034,0.12195834,1.5150275,-0.41416663,-3.3611333,0.64751714
2284,2026-05-11 16:10:14.629093,0.86437976,0.12634884,1.080246,-0.41416663,-3.3611333,0.64751714
2285,2026-05-11 16:10:14.631728,0.86437976,0.12634884,1.080246,0.15790866,-3.6454911,0.52381694
2286,2026-05-11 16:10:14.634766,0.86437976,0.12634884,1.080246,0.15790866,-3.6454911,0.52381694
2287,2026-05-11 16:10:14.637557,0.86437976,0.12634884,1.080246,0.15790866,-3.6454911,0.52381694
2288,2026-05-11 16:10:14.640455,0.86437976,0.12634884,1.080246,0.15790866,-3.6454911,0.52381694
2289,2026-05-11 16:10:14.643298,0.86437976,0.12634884,1.080246,0.15790866,-3.6454911,0.52381694
2290,2026-05-11 16:10:14.646031,0.86437976,0.12634884,1.080246,0.15790866,-3.6454911,0.52381694
2291,2026-05-11 16:10:14.648700,0.86437976,0.12634884,1.080246,0.15790866,-3.6454911,0.52381694
2292,2026-05-11 16:10:14.651894,0.86437976,0.12634884,1.080246,0.15790866,-3.6454911,0.52381694
2293,2026-05-11 16:10:14.654921,0.95365316,0.04744179,0.9056016,-1.9660698,-2.8108964,1.3889549
2294,2026-05-11 16:10:14.657715,0.95365316,0.04744179,0.9056016,-1.9660698,-2.8108964,1.3889549
2295,2026-05-11 16:10:14.660415,0.88053924,0.11384811,1.0622572,-1.9660698,-2.8108964,1.3889549
2296,2026-05-11 16:10:14.663049,0.88053924,0.11384811,1.0622572,-1.9660698,-2.8108964,1.3889549
2297,2026-05-11 16:10:14.665731,0.88053924,0.11384811,1.0622572,-1.9660698,-2.8108964,1.3889549
2298,2026-05-11 16:10:14.668823,0.88053924,0.11384811,1.0622572,-1.9660698,-2.8108964,1.3889549
2299,2026-05-11 16:10:14.671640,0.88053924,0.11384811,1.0622572,-1.9660698,-2.8108964,1.3889549
2300,2026-05-11 16:10:14.674257,0.88053924,0.11384811,1.0622572,-2.35626,-2.5506678,1.2177598
2301,2026-05-11 16:10:14.676842,0.88053924,0.11384811,1.0622572,-2.35626,-2.5506678,1.2177598
2302,2026-05-11 16:10:14.679474,0.8951742,0.106957465,1.2852579,-2.35626,-2.5506678,1.2177598
2303,2026-05-11 16:10:14.682200,0.8951742,0.106957465,1.2852579,-2.35626,-2.5506678,1.2177598
2304,2026-05-11 16:10:14.685613,0.8951742,0.106957465,1.2852579,-2.35626,-2.5506678,1.2177598
2305,2026-05-11 16:10:14.688368,0.8951742,0.106957465,1.2852579,-2.35626,-2.5506678,1.2177598
2306,2026-05-11 16:10:14.691037,0.8951742,0.106957465,1.2852579,-2.35626,-2.5506678,1.2177598
2307,2026-05-11 16:10:14.693659,0.8951742,0.106957465,1.2852579,-2.35626,-2.5506678,1.2177598
2308,2026-05-11 16:10:14.696259,0.8951742,0.106957465,1.2852579,-2.2354615,-2.561358,1.0488557
2309,2026-05-11 16:10:14.698934,0.8951742,0.106957465,1.2852579,-2.2354615,-2.561358,1.0488557
2310,2026-05-11 16:10:14.702304,0.8951742,0.106957465,1.2852579,-2.2354615,-2.561358,1.0488557
2311,2026-05-11 16:10:14.705014,0.87858784,0.12573905,1.4790497,-2.2354615,-2.561358,1.0488557
2312,2026-05-11 16:10:14.707634,0.87858784,0.12573905,1.4790497,-2.2354615,-2.561358,1.0488557
2313,2026-05-11 16:10:14.710392,0.87858784,0.12573905,1.4790497,-2.2354615,-2.561358,1.0488557
2314,2026-05-11 16:10:14.713113,0.88194174,0.12427554,0.6640022,-2.2354615,-2.561358,1.0488557
2315,2026-05-11 16:10:14.715988,0.88194174,0.12427554,0.6640022,-1.0331259,-3.0129402,0.52763486
2316,2026-05-11 16:10:14.723726,0.88194174,0.12427554,0.6640022,-1.0331259,-3.0129402,0.52763486
2317,2026-05-11 16:10:14.743898,0.88194174,0.12427554,0.6640022,-2.1833851,-2.339614,0.56123245
2318,2026-05-11 16:10:14.747352,0.88194174,0.12427554,0.6640022,-2.1833851,-2.339614,0.56123245
2319,2026-05-11 16:10:14.756430,0.88194174,0.12427554,0.6640022,-2.1833851,-2.339614,0.56123245
2320,2026-05-11 16:10:14.759234,0.88194174,0.12427554,0.6640022,-2.1833851,-2.339614,0.56123245
2321,2026-05-11 16:10:14.762154,0.88194174,0.12427554,0.6640022,-2.1833851,-2.339614,0.56123245
2322,2026-05-11 16:10:14.764796,0.88194174,0.12427554,0.6640022,-2.1833851,-2.339614,0.56123245
2323,2026-05-11 16:10:14.767962,0.9381035,0.005732042,1.3036736,-2.1833851,-2.339614,0.56123245
2324,2026-05-11 16:10:14.770788,0.9381035,0.005732042,1.3036736,-2.1833851,-2.339614,0.56123245
2325,2026-05-11 16:10:14.773650,0.9381035,0.005732042,1.3036736,-3.175583,-1.7081319,0.4436409
2326,2026-05-11 16:10:14.776388,0.9381035,0.005732042,1.3036736,-3.175583,-1.7081319,0.4436409
2327,2026-05-11 16:10:14.779057,0.9381035,0.005732042,1.3036736,-2.7597365,-1.9255999,0.39675698
2328,2026-05-11 16:10:14.781823,0.9381035,0.005732042,1.3036736,-2.7597365,-1.9255999,0.39675698
2329,2026-05-11 16:10:14.784856,0.9217001,0.010549396,1.6351563,-2.7597365,-1.9255999,0.39675698
2330,2026-05-11 16:10:14.787706,0.9217001,0.010549396,1.6351563,-2.7597365,-1.9255999,0.39675698
2331,2026-05-11 16:10:14.790418,0.9217001,0.010549396,1.6351563,-2.7597365,-1.9255999,0.39675698
2332,2026-05-11 16:10:14.793059,0.9217001,0.010549396,1.6351563,-2.7597365,-1.9255999,0.39675698
2333,2026-05-11 16:10:14.795819,0.9217001,0.010549396,1.6351563,-2.7597365,-1.9255999,0.39675698
2334,2026-05-11 16:10:14.798435,0.9217001,0.010549396,1.6351563,-2.7597365,-1.9255999,0.39675698
2335,2026-05-11 16:10:14.801563,0.9217001,0.010549396,1.6351563,-2.7597365,-1.9255999,0.39675698
2336,2026-05-11 16:10:14.804383,0.9217001,0.010549396,1.6351563,-2.7597365,-1.9255999,0.39675698
2337,2026-05-11 16:10:14.807039,0.9217001,0.010549396,1.6351563,-2.7597365,-1.9255999,0.39675698
2338,2026-05-11 16:10:14.809634,0.9217001,0.010549396,1.6351563,-2.7597365,-1.9255999,0.39675698
2339,2026-05-11 16:10:14.812254,0.9217001,0.010549396,1.6351563,-2.7597365,-1.9255999,0.39675698
2340,2026-05-11 16:10:14.814990,0.97981334,0.045978293,1.8268139,-2.7597365,-1.9255999,0.39675698
2341,2026-05-11 16:10:14.818115,0.97981334,0.045978293,1.8268139,-2.7597365,-1.9255999,0.39675698
2342,2026-05-11 16:10:14.820878,0.97981334,0.045978293,1.8268139,-2.7597365,-1.9255999,0.39675698
2343,2026-05-11 16:10:14.823558,0.97981334,0.045978293,1.8268139,-0.5725334,-2.8617508,0.1777618
2344,2026-05-11 16:10:14.826374,0.97981334,0.045978293,1.8268139,-0.5725334,-2.8617508,0.1777618
2345,2026-05-11 16:10:14.828969,1.071099,0.09159071,1.818094,-0.5725334,-2.8617508,0.1777618
2346,2026-05-11 16:10:14.831685,1.071099,0.09159071,1.818094,-0.5725334,-2.8617508,0.1777618
2347,2026-05-11 16:10:14.834706,1.071099,0.09159071,1.818094,-0.5725334,-2.8617508,0.1777618
2348,2026-05-11 16:10:14.837499,1.071099,0.09159071,1.818094,-0.5725334,-2.8617508,0.1777618
2349,2026-05-11 16:10:14.840164,1.071099,0.09159071,1.818094,-0.5725334,-2.8617508,0.1777618
2350,2026-05-11 16:10:14.842787,1.071099,0.09159071,1.818094,-0.5725334,-2.8617508,0.1777618
2351,2026-05-11 16:10:14.845467,0.9994486,0.08689531,1.5709454,-0.5725334,-2.8617508,0.1777618
2352,2026-05-11 16:10:14.848225,0.9994486,0.08689531,1.5709454,-0.5725334,-2.8617508,0.1777618
2353,2026-05-11 16:10:14.851345,0.9994486,0.08689531,1.5709454,-0.5725334,-2.8617508,0.1777618
2354,2026-05-11 16:10:14.854113,0.9994486,0.08689531,1.5709454,-0.5725334,-2.8617508,0.1777618
2355,2026-05-11 16:10:14.856722,0.9994486,0.08689531,1.5709454,-0.5725334,-2.8617508,0.1777618
2356,2026-05-11 16:10:14.859406,0.9994486,0.08689531,1.5709454,0.23945917,-3.106097,0.030695979
2357,2026-05-11 16:10:14.861989,0.9994486,0.08689531,1.5709454,0.23945917,-3.106097,0.030695979
2358,2026-05-11 16:10:14.864807,0.9994486,0.08689531,1.5709454,0.23945917,-3.106097,0.030695979
2359,2026-05-11 16:10:14.867846,0.9994486,0.08689531,1.5709454,0.23945917,-3.106097,0.030695979
2360,2026-05-11 16:10:14.870749,0.9994486,0.08689531,1.5709454,0.4868596,-3.0769281,0.02565634
2361,2026-05-11 16:10:14.873461,0.9994486,0.08689531,1.5709454,0.4868596,-3.0769281,0.02565634
2362,2026-05-11 16:10:14.876211,0.9994486,0.08689531,1.5709454,0.4868596,-3.0769281,0.02565634
2363,2026-05-11 16:10:14.878984,0.9994486,0.08689531,1.5709454,0.4868596,-3.0769281,0.02565634
2364,2026-05-11 16:10:14.881624,0.9994486,0.08689531,1.5709454,0.4868596,-3.0769281,0.02565634
2365,2026-05-11 16:10:14.884941,0.9994486,0.08689531,1.5709454,0.4868596,-3.0769281,0.02565634
2366,2026-05-11 16:10:14.887717,0.9994486,0.08689531,1.5709454,0.4868596,-3.0769281,0.02565634
2367,2026-05-11 16:10:14.890544,0.9994486,0.08689531,1.5709454,0.4868596,-3.0769281,0.02565634
2368,2026-05-11 16:10:14.893338,0.8313289,0.08274873,1.2533048,0.4868596,-3.0769281,0.02565634
2369,2026-05-11 16:10:14.896200,0.8313289,0.08274873,1.2533048,0.4868596,-3.0769281,0.02565634
2370,2026-05-11 16:10:14.898904,0.8313289,0.08274873,1.2533048,0.4868596,-3.0769281,0.02565634
2371,2026-05-11 16:10:14.902029,0.8313289,0.08274873,1.2533048,0.4868596,-3.0769281,0.02565634
2372,2026-05-11 16:10:14.904771,0.8313289,0.08274873,1.2533048,0.41508293,-2.8171577,0.124769226
2373,2026-05-11 16:10:14.907452,0.8313289,0.08274873,1.2533048,0.41508293,-2.8171577,0.124769226
2374,2026-05-11 16:10:14.910110,0.8313289,0.08274873,1.2533048,0.41508293,-2.8171577,0.124769226
2375,2026-05-11 16:10:14.912832,0.80559576,0.07152857,1.1986674,0.15149458,-2.4294112,0.24648413
2376,2026-05-11 16:10:14.915529,0.80559576,0.07152857,1.1986674,0.15149458,-2.4294112,0.24648413
2377,2026-05-11 16:10:14.918692,0.76321524,0.09329812,1.162019,-0.41279218,-1.9741638,0.37659842
2378,2026-05-11 16:10:14.921610,0.76321524,0.09329812,1.162019,-0.41279218,-1.9741638,0.37659842
2379,2026-05-11 16:10:14.924283,0.76321524,0.09329812,1.162019,-0.41279218,-1.9741638,0.37659842
2380,2026-05-11 16:10:14.926931,0.76321524,0.09329812,1.162019,-0.41279218,-1.9741638,0.37659842
2381,2026-05-11 16:10:14.929744,0.76321524,0.09329812,1.162019,-0.41279218,-1.9741638,0.37659842
2382,2026-05-11 16:10:14.932573,0.76321524,0.09329812,1.162019,-0.41279218,-1.9741638,0.37659842
2383,2026-05-11 16:10:14.936102,0.76321524,0.09329812,1.162019,-0.41279218,-1.9741638,0.37659842
2384,2026-05-11 16:10:14.938878,0.82895076,0.17251006,1.2111683,-0.41279218,-1.9741638,0.37659842
2385,2026-05-11 16:10:14.941554,0.82895076,0.17251006,1.2111683,-0.7652614,-1.8104519,0.41325033
2386,2026-05-11 16:10:14.944336,0.8970036,0.22312276,1.2977587,-0.7652614,-1.8104519,0.41325033
2387,2026-05-11 16:10:14.946940,0.8970036,0.22312276,1.2977587,-0.7652614,-1.8104519,0.41325033
2388,2026-05-11 16:10:14.949938,0.8970036,0.22312276,1.2977587,-1.1409435,-1.5890132,0.3746131
2389,2026-05-11 16:10:14.952818,0.8970036,0.22312276,1.2977587,-1.1409435,-1.5890132,0.3746131
2390,2026-05-11 16:10:14.955598,0.8970036,0.22312276,1.2977587,-1.1409435,-1.5890132,0.3746131
2391,2026-05-11 16:10:14.958308,0.9509091,0.26800343,1.4188633,-1.415222,-1.3771957,0.27840182
2392,2026-05-11 16:10:14.961107,0.9509091,0.26800343,1.4188633,-1.415222,-1.3771957,0.27840182
2393,2026-05-11 16:10:14.964011,1.0132909,0.28056514,1.6552795,-1.5884024,-1.0323622,0.10262536
2394,2026-05-11 16:10:14.966994,1.0132909,0.28056514,1.6552795,-1.5884024,-1.0323622,0.10262536
2395,2026-05-11 16:10:14.969751,1.0132909,0.28056514,1.6552795,-1.5884024,-1.0323622,0.10262536
2396,2026-05-11 16:10:14.972547,1.0132909,0.28056514,1.6552795,-1.5884024,-1.0323622,0.10262536
2397,2026-05-11 16:10:14.975263,1.0334749,0.27586976,1.8028492,-1.1791227,-0.04352415,-0.33307427
2398,2026-05-11 16:10:14.978092,0.9490188,0.24245316,2.028777,-1.1791227,-0.04352415,-0.33307427
2399,2026-05-11 16:10:14.980855,0.9490188,0.24245316,2.028777,-1.1791227,-0.04352415,-0.33307427
2400,2026-05-11 16:10:14.983964,0.9490188,0.24245316,2.028777,-0.7648033,0.46273044,-0.4240932
2401,2026-05-11 16:10:14.986791,0.9490188,0.24245316,2.028777,-0.7648033,0.46273044,-0.4240932
2402,2026-05-11 16:10:14.989399,0.9490188,0.24245316,2.028777,-0.7648033,0.46273044,-0.4240932
2403,2026-05-11 16:10:14.992136,0.78285056,0.15006974,2.174944,-0.7648033,0.46273044,-0.4240932
2404,2026-05-11 16:10:14.994721,0.78285056,0.15006974,2.174944,-0.7648033,0.46273044,-0.4240932
2405,2026-05-11 16:10:14.997515,0.78285056,0.15006974,2.174944,-0.34422258,0.84467393,-0.4005749
2406,2026-05-11 16:10:15.000448,0.78285056,0.15006974,2.174944,-0.34422258,0.84467393,-0.4005749
2407,2026-05-11 16:10:15.003467,0.78285056,0.15006974,2.174944,-0.34422258,0.84467393,-0.4005749
2408,2026-05-11 16:10:15.006427,0.7888265,0.12756842,2.1267095,0.22876903,1.1840096,-0.33857206
2409,2026-05-11 16:10:15.009219,0.7888265,0.12756842,2.1267095,0.22876903,1.1840096,-0.33857206
2410,2026-05-11 16:10:15.011989,0.7888265,0.12756842,2.1267095,0.54901516,1.3106114,-0.31963524
2411,2026-05-11 16:10:15.014761,0.7888265,0.12756842,2.1267095,0.54901516,1.3106114,-0.31963524
2412,2026-05-11 16:10:15.017862,0.7888265,0.12756842,2.1267095,0.54901516,1.3106114,-0.31963524
2413,2026-05-11 16:10:15.020995,0.7952903,0.113421254,2.0716453,0.54901516,1.3106114,-0.31963524
2414,2026-05-11 16:10:15.023817,0.7952903,0.113421254,2.0716453,0.54901516,1.3106114,-0.31963524
2415,2026-05-11 16:10:15.026612,0.81608415,0.10726235,1.9456013,0.54901516,1.3106114,-0.31963524
2416,2026-05-11 16:10:15.029507,0.81608415,0.10726235,1.9456013,0.54901516,1.3106114,-0.31963524
2417,2026-05-11 16:10:15.032304,0.81608415,0.10726235,1.9456013,0.54901516,1.3106114,-0.31963524
2418,2026-05-11 16:10:15.035375,0.81608415,0.10726235,1.9456013,0.54901516,1.3106114,-0.31963524
2419,2026-05-11 16:10:15.038331,0.81608415,0.10726235,1.9456013,0.54901516,1.3106114,-0.31963524
2420,2026-05-11 16:10:15.041057,0.81608415,0.10726235,1.9456013,1.1137601,1.4950926,-0.2835942
2421,2026-05-11 16:10:15.043718,0.81608415,0.10726235,1.9456013,1.1137601,1.4950926,-0.2835942
2422,2026-05-11 16:10:15.046423,0.81608415,0.10726235,1.9456013,1.1137601,1.4950926,-0.2835942
2423,2026-05-11 16:10:15.049044,0.81608415,0.10726235,1.9456013,1.1137601,1.4950926,-0.2835942
2424,2026-05-11 16:10:15.052178,0.81608415,0.10726235,1.9456013,1.1137601,1.4950926,-0.2835942
2425,2026-05-11 16:10:15.054806,0.81608415,0.10726235,1.9456013,1.1137601,1.4950926,-0.2835942
2426,2026-05-11 16:10:15.057745,0.8410857,0.113299295,1.8776095,1.4259121,1.5974126,-0.29061913
2427,2026-05-11 16:10:15.060573,0.8410857,0.113299295,1.8776095,1.4259121,1.5974126,-0.29061913
2428,2026-05-11 16:10:15.063250,0.8410857,0.113299295,1.8776095,1.4259121,1.5974126,-0.29061913
2429,2026-05-11 16:10:15.066326,0.8410857,0.113299295,1.8776095,1.7299703,1.7925841,-0.34300083
2430,2026-05-11 16:10:15.069448,0.8410857,0.113299295,1.8776095,1.7299703,1.7925841,-0.34300083
2431,2026-05-11 16:10:15.072082,0.8410857,0.113299295,1.8776095,1.7299703,1.7925841,-0.34300083
2432,2026-05-11 16:10:15.074817,0.875234,0.13269067,1.6786345,1.7299703,1.7925841,-0.34300083
2433,2026-05-11 16:10:15.077411,0.875234,0.13269067,1.6786345,1.7299703,1.7925841,-0.34300083
2434,2026-05-11 16:10:15.080207,0.875234,0.13269067,1.6786345,1.7299703,1.7925841,-0.34300083
2435,2026-05-11 16:10:15.083294,0.875234,0.13269067,1.6786345,1.7299703,1.7925841,-0.34300083
2436,2026-05-11 16:10:15.086282,0.875234,0.13269067,1.6786345,1.7299703,1.7925841,-0.34300083
2437,2026-05-11 16:10:15.088916,0.875234,0.13269067,1.6786345,1.7299703,1.7925841,-0.34300083
2438,2026-05-11 16:10:15.091854,0.875234,0.13269067,1.6786345,1.7777706,2.043955,-0.37965274
2439,2026-05-11 16:10:15.094654,0.875173,0.16427788,1.4830134,1.7777706,2.043955,-0.37965274
2440,2026-05-11 16:10:15.097338,0.875173,0.16427788,1.4830134,1.7777706,2.043955,-0.37965274
2441,2026-05-11 16:10:15.100290,0.875173,0.16427788,1.4830134,1.7101172,2.301893,-0.37812558
2442,2026-05-11 16:10:15.103177,0.875173,0.16427788,1.4830134,1.7101172,2.301893,-0.37812558
2443,2026-05-11 16:10:15.105945,0.9489578,0.20489,1.431303,1.7101172,2.301893,-0.37812558
2444,2026-05-11 16:10:15.108596,0.9489578,0.20489,1.431303,1.7101172,2.301893,-0.37812558
2445,2026-05-11 16:10:15.111319,0.9489578,0.20489,1.431303,1.5577064,2.4338398,-0.40103304
2446,2026-05-11 16:10:15.113981,0.9489578,0.20489,1.431303,1.5577064,2.4338398,-0.40103304
2447,2026-05-11 16:10:15.117387,0.9489578,0.20489,1.431303,1.5577064,2.4338398,-0.40103304
2448,2026-05-11 16:10:15.120255,1.0907344,0.2581858,1.4963068,1.4300356,2.5181394,-0.52580225
2449,2026-05-11 16:10:15.122978,1.0907344,0.2581858,1.4963068,1.4300356,2.5181394,-0.52580225
2450,2026-05-11 16:10:15.125640,1.0907344,0.2581858,1.4963068,1.4300356,2.5181394,-0.52580225
2451,2026-05-11 16:10:15.128501,1.2013506,0.28885832,1.5757017,1.370018,2.7966938,-0.9246973
2452,2026-05-11 16:10:15.131227,1.1553723,0.24885598,1.6138747,1.370018,2.7966938,-0.9246973
2453,2026-05-11 16:10:15.134306,1.1553723,0.24885598,1.6138747,1.370018,2.7966938,-0.9246973
2454,2026-05-11 16:10:15.137099,1.1553723,0.24885598,1.6138747,1.3680327,3.0126348,-1.0592403
2455,2026-05-11 16:10:15.139737,1.1553723,0.24885598,1.6138747,1.3680327,3.0126348,-1.0592403
2456,2026-05-11 16:10:15.142416,1.056403,0.19873111,1.5860682,1.3203852,3.4023666,-1.0945178
2457,2026-05-11 16:10:15.145070,1.056403,0.19873111,1.5860682,1.3203852,3.4023666,-1.0945178
2458,2026-05-11 16:10:15.147849,1.056403,0.19873111,1.5860682,1.3203852,3.4023666,-1.0945178
2459,2026-05-11 16:10:15.150844,1.0706112,0.13275166,1.5908246,1.2932017,3.5515707,-1.0722213
2460,2026-05-11 16:10:15.153848,1.0706112,0.13275166,1.5908246,1.2932017,3.5515707,-1.0722213
2461,2026-05-11 16:10:15.156542,1.0706112,0.13275166,1.5908246,1.2932017,3.5515707,-1.0722213
2462,2026-05-11 16:10:15.159157,1.0706112,0.13275166,1.5908246,1.2932017,3.5515707,-1.0722213
2463,2026-05-11 16:10:15.162025,1.0706112,0.13275166,1.5908246,1.2932017,3.5515707,-1.0722213
2464,2026-05-11 16:10:15.164673,1.0706112,0.13275166,1.5908246,1.2932017,3.5515707,-1.0722213
2465,2026-05-11 16:10:15.167784,1.0706112,0.13275166,1.5908246,1.2892311,4.0333905,-0.96486163
2466,2026-05-11 16:10:15.170578,1.1110405,0.11488476,1.6259485,1.2892311,4.0333905,-0.96486163
2467,2026-05-11 16:10:15.173205,1.1110405,0.11488476,1.6259485,1.2892311,4.0333905,-0.96486163
2468,2026-05-11 16:10:15.176024,1.1110405,0.11488476,1.6259485,1.4417948,4.2455134,-0.9129381
2469,2026-05-11 16:10:15.178754,1.1110405,0.11488476,1.6259485,1.4417948,4.2455134,-0.9129381
2470,2026-05-11 16:10:15.181512,1.1110405,0.11488476,1.6259485,1.4417948,4.2455134,-0.9129381
2471,2026-05-11 16:10:15.184769,1.1110405,0.11488476,1.6259485,1.4417948,4.2455134,-0.9129381
2472,2026-05-11 16:10:15.187590,1.1110405,0.11488476,1.6259485,1.4417948,4.2455134,-0.9129381
2473,2026-05-11 16:10:15.190352,1.2076924,0.10787215,1.601008,1.4417948,4.2455134,-0.9129381
2474,2026-05-11 16:10:15.193017,1.2076924,0.10787215,1.601008,1.4417948,4.2455134,-0.9129381
2475,2026-05-11 16:10:15.195628,1.2076924,0.10787215,1.601008,1.6757561,4.2804856,-0.9228647
2476,2026-05-11 16:10:15.198477,1.2076924,0.10787215,1.601008,1.6757561,4.2804856,-0.9228647
2477,2026-05-11 16:10:15.201396,1.3319069,0.12860507,1.4866722,1.6757561,4.2804856,-0.9228647
2478,2026-05-11 16:10:15.204827,1.3319069,0.12860507,1.4866722,2.0341814,4.1635046,-1.1213958
2479,2026-05-11 16:10:15.207649,1.3281263,0.13391025,1.4370351,2.1094704,4.1146355,-1.2209669
2480,2026-05-11 16:10:15.210466,1.3281263,0.13391025,1.4370351,2.1094704,4.1146355,-1.2209669
2481,2026-05-11 16:10:15.213062,1.3281263,0.13391025,1.4370351,2.1094704,4.1146355,-1.2209669
2482,2026-05-11 16:10:15.215769,1.3281263,0.13391025,1.4370351,2.1094704,4.1146355,-1.2209669
2483,2026-05-11 16:10:15.219186,1.3281263,0.13391025,1.4370351,2.1094704,4.1146355,-1.2209669
2484,2026-05-11 16:10:15.222149,1.1278707,0.11037229,1.314467,2.1094704,4.1146355,-1.2209669
2485,2026-05-11 16:10:15.224910,1.1278707,0.11037229,1.314467,2.1094704,4.1146355,-1.2209669
2486,2026-05-11 16:10:15.227645,1.1278707,0.11037229,1.314467,2.1094704,4.1146355,-1.2209669
2487,2026-05-11 16:10:15.230423,1.1278707,0.11037229,1.314467,2.138792,4.149302,-1.4588989
2488,2026-05-11 16:10:15.233412,1.1278707,0.11037229,1.314467,2.138792,4.149302,-1.4588989
2489,2026-05-11 16:10:15.236136,1.1278707,0.11037229,1.314467,2.138792,4.149302,-1.4588989
2490,2026-05-11 16:10:15.238819,1.1278707,0.11037229,1.314467,2.138792,4.149302,-1.4588989
2491,2026-05-11 16:10:15.241477,1.1278707,0.11037229,1.314467,2.138792,4.149302,-1.4588989
2492,2026-05-11 16:10:15.244113,1.1278707,0.11037229,1.314467,1.9808832,4.3595924,-1.4320209
2493,2026-05-11 16:10:15.247020,1.0191449,0.088114895,1.2808673,1.9808832,4.3595924,-1.4320209
2494,2026-05-11 16:10:15.249982,1.0191449,0.088114895,1.2808673,1.9808832,4.3595924,-1.4320209
2495,2026-05-11 16:10:15.252858,1.0191449,0.088114895,1.2808673,1.9808832,4.3595924,-1.4320209
2496,2026-05-11 16:10:15.255534,1.0191449,0.088114895,1.2808673,1.9808832,4.3595924,-1.4320209
2497,2026-05-11 16:10:15.258100,1.0191449,0.088114895,1.2808673,1.9808832,4.3595924,-1.4320209
2498,2026-05-11 16:10:15.260848,1.0191449,0.088114895,1.2808673,1.9808832,4.3595924,-1.4320209
2499,2026-05-11 16:10:15.263432,1.0191449,0.088114895,1.2808673,1.9808832,4.3595924,-1.4320209
2500,2026-05-11 16:10:15.266244,1.0518296,0.09848136,1.270318,1.9808832,4.3595924,-1.4320209
2501,2026-05-11 16:10:15.269417,1.0518296,0.09848136,1.270318,1.7666223,4.6534185,-1.3492486
2502,2026-05-11 16:10:15.272115,1.0518296,0.09848136,1.270318,1.7666223,4.6534185,-1.3492486
2503,2026-05-11 16:10:15.274858,1.0897588,0.11079915,1.3191624,1.7666223,4.6534185,-1.3492486
2504,2026-05-11 16:10:15.277689,1.1023204,0.1235438,1.3674577,1.3759739,5.166087,-1.2713633
2505,2026-05-11 16:10:15.280332,1.1023204,0.1235438,1.3674577,1.2997686,5.3194146,-1.2562444
2506,2026-05-11 16:10:15.283254,1.1023204,0.1235438,1.3674577,1.2997686,5.3194146,-1.2562444
2507,2026-05-11 16:10:15.286094,1.1023204,0.1235438,1.3674577,1.2997686,5.3194146,-1.2562444
2508,2026-05-11 16:10:15.288766,1.1023204,0.1235438,1.3674577,1.2997686,5.3194146,-1.2562444
2509,2026-05-11 16:10:15.291575,1.1023204,0.1235438,1.3674577,1.2997686,5.3194146,-1.2562444
2510,2026-05-11 16:10:15.294418,0.98865527,0.03640456,1.373068,1.9767599,5.3901224,-1.3903292
2511,2026-05-11 16:10:15.297069,0.98865527,0.03640456,1.373068,1.9767599,5.3901224,-1.3903292
2512,2026-05-11 16:10:15.300323,0.98865527,0.03640456,1.373068,1.9767599,5.3901224,-1.3903292
2513,2026-05-11 16:10:15.303236,0.98865527,0.03640456,1.373068,1.9767599,5.3901224,-1.3903292
2514,2026-05-11 16:10:15.305833,0.98865527,0.03640456,1.373068,1.9767599,5.3901224,-1.3903292
2515,2026-05-11 16:10:15.308710,0.86273324,-0.0016464376,1.1933013,2.387414,5.233741,-1.3778065
2516,2026-05-11 16:10:15.311485,0.86273324,-0.0016464376,1.1933013,2.387414,5.233741,-1.3778065
2517,2026-05-11 16:10:15.314172,0.86273324,-0.0016464376,1.1933013,2.541963,5.013829,-1.3083206
2518,2026-05-11 16:10:15.317461,0.84084177,0.009939604,0.9342618,2.541963,5.013829,-1.3083206
2519,2026-05-11 16:10:15.320238,0.84084177,0.009939604,0.9342618,2.541963,5.013829,-1.3083206
2520,2026-05-11 16:10:15.323024,0.84084177,0.009939604,0.9342618,2.541963,5.013829,-1.3083206
2521,2026-05-11 16:10:15.325697,0.84084177,0.009939604,0.9342618,2.541963,5.013829,-1.3083206
2522,2026-05-11 16:10:15.328462,0.80218095,0.027501604,0.76961803,2.541963,5.013829,-1.3083206
2523,2026-05-11 16:10:15.331139,0.80218095,0.027501604,0.76961803,2.541963,5.013829,-1.3083206
2524,2026-05-11 16:10:15.334247,0.80218095,0.027501604,0.76961803,2.541963,5.013829,-1.3083206
2525,2026-05-11 16:10:15.337048,0.80218095,0.027501604,0.76961803,2.541963,5.013829,-1.3083206
2526,2026-05-11 16:10:15.339856,0.80218095,0.027501604,0.76961803,1.5815301,5.176625,-1.0848967
2527,2026-05-11 16:10:15.342494,0.7943756,0.061710916,0.76870334,1.5815301,5.176625,-1.0848967
2528,2026-05-11 16:10:15.345132,0.7943756,0.061710916,0.76870334,1.5815301,5.176625,-1.0848967
2529,2026-05-11 16:10:15.347755,0.7943756,0.061710916,0.76870334,1.5815301,5.176625,-1.0848967
2530,2026-05-11 16:10:15.350928,0.7943756,0.061710916,0.76870334,1.5815301,5.176625,-1.0848967
2531,2026-05-11 16:10:15.353704,0.7943756,0.061710916,0.76870334,1.5815301,5.176625,-1.0848967
2532,2026-05-11 16:10:15.356457,0.7943756,0.061710916,0.76870334,1.5815301,5.176625,-1.0848967
2533,2026-05-11 16:10:15.359110,0.93456674,0.04914921,0.92840785,1.5815301,5.176625,-1.0848967
2534,2026-05-11 16:10:15.361904,0.93456674,0.04914921,0.92840785,1.5815301,5.176625,-1.0848967
2535,2026-05-11 16:10:15.364534,0.93456674,0.04914921,0.92840785,1.1304061,5.582545,-1.052979
2536,2026-05-11 16:10:15.367446,0.93456674,0.04914921,0.92840785,1.1304061,5.582545,-1.052979
2537,2026-05-11 16:10:15.370304,0.93456674,0.04914921,0.92840785,1.1304061,5.582545,-1.052979
2538,2026-05-11 16:10:15.372903,0.93456674,0.04914921,0.92840785,1.1304061,5.582545,-1.052979
2539,2026-05-11 16:10:15.375758,0.93456674,0.04914921,0.92840785,1.1304061,5.582545,-1.052979
2540,2026-05-11 16:10:15.378498,0.93456674,0.04914921,0.92840785,1.1304061,5.582545,-1.052979
2541,2026-05-11 16:10:15.381265,0.93456674,0.04914921,0.92840785,1.1304061,5.582545,-1.052979
2542,2026-05-11 16:10:15.384406,0.97487396,0.048051585,1.0035341,1.1304061,5.582545,-1.052979
2543,2026-05-11 16:10:15.387242,0.97487396,0.048051585,1.0035341,1.1304061,5.582545,-1.052979
2544,2026-05-11 16:10:15.390000,0.97487396,0.048051585,1.0035341,1.0497719,5.6908207,-1.1714869
2545,2026-05-11 16:10:15.392634,0.97487396,0.048051585,1.0035341,1.0497719,5.6908207,-1.1714869
2546,2026-05-11 16:10:15.395219,0.7854727,-0.04018527,1.0663427,1.0497719,5.6908207,-1.1714869
2547,2026-05-11 16:10:15.397969,0.7854727,-0.04018527,1.0663427,1.0497719,5.6908207,-1.1714869
2548,2026-05-11 16:10:15.401157,0.7472997,-0.07323598,1.0996983,1.4399621,5.5235963,-1.2948816
2549,2026-05-11 16:10:15.404021,0.7472997,-0.07323598,1.0996983,1.4399621,5.5235963,-1.2948816
2550,2026-05-11 16:10:15.406837,0.61198694,-0.1925722,1.2073874,2.2817345,5.2827625,-1.2452488
2551,2026-05-11 16:10:15.409560,0.61198694,-0.1925722,1.2073874,2.2817345,5.2827625,-1.2452488
2552,2026-05-11 16:10:15.412257,0.61198694,-0.1925722,1.2073874,2.2817345,5.2827625,-1.2452488
2553,2026-05-11 16:10:15.414931,0.5103346,-0.2872119,1.0753067,2.2817345,5.2827625,-1.2452488
2554,2026-05-11 16:10:15.417952,0.5103346,-0.2872119,1.0753067,2.2817345,5.2827625,-1.2452488
2555,2026-05-11 16:10:15.420794,0.5103346,-0.2872119,1.0753067,3.2782083,4.9419,-1.1432343
2556,2026-05-11 16:10:15.423581,0.5103346,-0.2872119,1.0753067,3.2782083,4.9419,-1.1432343
2557,2026-05-11 16:10:15.426350,0.44728217,-0.3430078,0.91468745,4.0784416,4.573701,-1.0105238
2558,2026-05-11 16:10:15.429173,0.44728217,-0.3430078,0.91468745,4.0784416,4.573701,-1.0105238
2559,2026-05-11 16:10:15.431946,0.46411243,-0.3597771,0.6119259,4.0784416,4.573701,-1.0105238
2560,2026-05-11 16:10:15.435137,0.46411243,-0.3597771,0.6119259,4.0784416,4.573701,-1.0105238
2561,2026-05-11 16:10:15.437831,0.46411243,-0.3597771,0.6119259,4.0784416,4.573701,-1.0105238
2562,2026-05-11 16:10:15.440622,0.46411243,-0.3597771,0.6119259,4.942663,4.1873283,-0.8732319
2563,2026-05-11 16:10:15.443284,0.4990535,-0.3322145,0.26739365,5.383708,3.9295435,-0.86086184
2564,2026-05-11 16:10:15.445874,0.4990535,-0.3322145,0.26739365,5.383708,3.9295435,-0.86086184
2565,2026-05-11 16:10:15.448452,0.4990535,-0.3322145,0.26739365,5.383708,3.9295435,-0.86086184
2566,2026-05-11 16:10:15.451339,0.4990535,-0.3322145,0.26739365,5.383708,3.9295435,-0.86086184
2567,2026-05-11 16:10:15.454192,0.51509106,-0.2470876,-0.17580293,5.383708,3.9295435,-0.86086184
2568,2026-05-11 16:10:15.456751,0.51509106,-0.2470876,-0.17580293,5.383708,3.9295435,-0.86086184
2569,2026-05-11 16:10:15.459283,0.51509106,-0.2470876,-0.17580293,5.383708,3.9295435,-0.86086184
2570,2026-05-11 16:10:15.461986,0.51509106,-0.2470876,-0.17580293,5.383708,3.9295435,-0.86086184
2571,2026-05-11 16:10:15.464539,0.51509106,-0.2470876,-0.17580293,5.383708,3.9295435,-0.86086184
2572,2026-05-11 16:10:15.467578,0.51509106,-0.2470876,-0.17580293,5.383708,3.9295435,-0.86086184
2573,2026-05-11 16:10:15.470399,0.51509106,-0.2470876,-0.17580293,5.383708,3.9295435,-0.86086184
2574,2026-05-11 16:10:15.473039,0.51509106,-0.2470876,-0.17580293,5.383708,3.9295435,-0.86086184
2575,2026-05-11 16:10:15.475628,0.51509106,-0.2470876,-0.17580293,5.383708,3.9295435,-0.86086184
2576,2026-05-11 16:10:15.478446,0.51509106,-0.2470876,-0.17580293,5.5188622,3.6117408,-1.0157162
2577,2026-05-11 16:10:15.481052,0.51509106,-0.2470876,-0.17580293,5.5188622,3.6117408,-1.0157162
2578,2026-05-11 16:10:15.484296,0.51509106,-0.2470876,-0.17580293,5.5188622,3.6117408,-1.0157162
2579,2026-05-11 16:10:15.487080,0.51509106,-0.2470876,-0.17580293,5.5188622,3.6117408,-1.0157162
2580,2026-05-11 16:10:15.489971,0.51509106,-0.2470876,-0.17580293,5.177388,3.4187074,-1.2538009
2581,2026-05-11 16:10:15.492655,0.51509106,-0.2470876,-0.17580293,5.177388,3.4187074,-1.2538009
2582,2026-05-11 16:10:15.495347,0.42740297,-0.15872878,-0.66570956,5.177388,3.4187074,-1.2538009
2583,2026-05-11 16:10:15.498185,0.42740297,-0.15872878,-0.66570956,5.177388,3.4187074,-1.2538009
2584,2026-05-11 16:10:15.501317,0.42740297,-0.15872878,-0.66570956,5.177388,3.4187074,-1.2538009
2585,2026-05-11 16:10:15.504207,0.14464259,-0.02042802,-1.2477558,4.517654,3.3206635,-1.4634804
2586,2026-05-11 16:10:15.507024,-0.5633865,-0.4875894,-1.1530551,3.4826956,1.5847372,-1.2658654
2587,2026-05-11 16:10:15.509648,-0.5633865,-0.4875894,-1.1530551,3.4826956,1.5847372,-1.2658654
2588,2026-05-11 16:10:15.512371,-1.3270897,-0.6325369,-1.9675539,3.4826956,1.5847372,-1.2658654
2589,2026-05-11 16:10:15.515160,-0.7279083,-0.11025034,-1.849864,1.2980887,-1.3794864,1.5317446
2590,2026-05-11 16:10:15.518214,-0.7279083,-0.11025034,-1.849864,1.2980887,-1.3794864,1.5317446
2591,2026-05-11 16:10:15.521017,-0.7279083,-0.11025034,-1.849864,1.2980887,-1.3794864,1.5317446
2592,2026-05-11 16:10:15.523850,-0.61174303,-0.0031709166,-1.6796712,-1.40667,-1.0259482,1.4871514
2593,2026-05-11 16:10:15.526664,-0.47844255,0.19897503,-1.1138455,-1.40667,-1.0259482,1.4871514
2594,2026-05-11 16:10:15.529548,-0.37532678,0.1624485,-0.092078544,-2.0007365,-3.1899383,1.2961034
2595,2026-05-11 16:10:15.532276,-0.37532678,0.1624485,-0.092078544,-2.0007365,-3.1899383,1.2961034
2596,2026-05-11 16:10:15.535294,-0.26166162,0.17281497,-0.08677336,-2.0007365,-3.1899383,1.2961034
2597,2026-05-11 16:10:15.538039,-0.26166162,0.17281497,-0.08677336,-2.0007365,-3.1899383,1.2961034
2598,2026-05-11 16:10:15.540802,-0.26166162,0.17281497,-0.08677336,-2.2898283,-3.0060678,1.3889549
2599,2026-05-11 16:10:15.543475,-0.24269708,0.19397473,-0.049637042,-2.625957,-2.73576,1.4204144
2600,2026-05-11 16:10:15.546093,-0.24269708,0.19397473,-0.049637042,-2.625957,-2.73576,1.4204144
2601,2026-05-11 16:10:15.548931,-0.24269708,0.19397473,-0.049637042,-2.9066496,-2.7456865,1.5112807
2602,2026-05-11 16:10:15.551821,-0.24269708,0.19397473,-0.049637042,-2.9066496,-2.7456865,1.5112807
2603,2026-05-11 16:10:15.554653,-0.24269708,0.19397473,-0.049637042,-2.9066496,-2.7456865,1.5112807
2604,2026-05-11 16:10:15.557319,-0.24269708,0.19397473,-0.049637042,-2.9066496,-2.7456865,1.5112807
2605,2026-05-11 16:10:15.559952,-0.24269708,0.19397473,-0.049637042,-2.9066496,-2.7456865,1.5112807
2606,2026-05-11 16:10:15.562624,-0.24269708,0.19397473,-0.049637042,-3.044247,-2.8867965,1.5870279
2607,2026-05-11 16:10:15.565369,-0.24269708,0.19397473,-0.049637042,-3.044247,-2.8867965,1.5870279
2608,2026-05-11 16:10:15.568434,-0.24269708,0.19397473,-0.049637042,-3.044247,-2.8867965,1.5870279
2609,2026-05-11 16:10:15.571240,-0.24269708,0.19397473,-0.049637042,-3.044247,-2.8867965,1.5870279
2610,2026-05-11 16:10:15.573936,-0.13378829,0.20879267,0.10665256,-3.044247,-2.8867965,1.5870279
2611,2026-05-11 16:10:15.576530,-0.13378829,0.20879267,0.10665256,-3.044247,-2.8867965,1.5870279
2612,2026-05-11 16:10:15.579154,-0.13378829,0.20879267,0.10665256,-3.044247,-2.8867965,1.5870279
2613,2026-05-11 16:10:15.581707,-0.13378829,0.20879267,0.10665256,-3.044247,-2.8867965,1.5870279
2614,2026-05-11 16:10:15.584771,-0.13378829,0.20879267,0.10665256,-3.044247,-2.8867965,1.5870279
2615,2026-05-11 16:10:15.587690,0.0646989,0.22873287,0.35922828,-2.1946862,-3.7070358,1.423316
2616,2026-05-11 16:10:15.590379,0.0646989,0.22873287,0.35922828,-2.1946862,-3.7070358,1.423316
2617,2026-05-11 16:10:15.593085,0.0646989,0.22873287,0.35922828,-2.1946862,-3.7070358,1.423316
2618,2026-05-11 16:10:15.595833,0.0646989,0.22873287,0.35922828,-2.1946862,-3.7070358,1.423316
2619,2026-05-11 16:10:15.598454,0.15025267,0.27233297,0.3017249,-2.1946862,-3.7070358,1.423316
2620,2026-05-11 16:10:15.601420,0.15025267,0.27233297,0.3017249,-2.1946862,-3.7070358,1.423316
2621,2026-05-11 16:10:15.604179,0.15025267,0.27233297,0.3017249,-2.1946862,-3.7070358,1.423316
2622,2026-05-11 16:10:15.606755,0.15025267,0.27233297,0.3017249,-2.1946862,-3.7070358,1.423316
2623,2026-05-11 16:10:15.609494,0.15025267,0.27233297,0.3017249,-2.1946862,-3.7070358,1.423316
2624,2026-05-11 16:10:15.612278,0.15025267,0.27233297,0.3017249,-2.1946862,-3.7070358,1.423316
2625,2026-05-11 16:10:15.614991,0.15025267,0.27233297,0.3017249,-2.1946862,-3.7070358,1.423316
2626,2026-05-11 16:10:15.617974,0.26251534,0.31922594,0.26385686,-2.1946862,-3.7070358,1.423316
2627,2026-05-11 16:10:15.620856,0.26251534,0.31922594,0.26385686,-2.2026274,-4.3773074,1.4888313
2628,2026-05-11 16:10:15.623519,0.26251534,0.31922594,0.26385686,-2.2026274,-4.3773074,1.4888313
2629,2026-05-11 16:10:15.626211,0.26251534,0.31922594,0.26385686,-2.2026274,-4.3773074,1.4888313
2630,2026-05-11 16:10:15.628876,0.73479897,0.21580528,1.1690316,-2.2026274,-4.3773074,1.4888313
2631,2026-05-11 16:10:15.631430,0.73479897,0.21580528,1.1690316,-2.2026274,-4.3773074,1.4888313
2632,2026-05-11 16:10:15.634338,0.85840374,0.28751677,1.3050761,-2.2026274,-4.3773074,1.4888313
2633,2026-05-11 16:10:15.637090,0.85840374,0.28751677,1.3050761,-2.2026274,-4.3773074,1.4888313
2634,2026-05-11 16:10:15.639734,0.85840374,0.28751677,1.3050761,-2.2026274,-4.3773074,1.4888313
2635,2026-05-11 16:10:15.642425,0.85840374,0.28751677,1.3050761,-2.9046643,-2.8903089,1.2264647
2636,2026-05-11 16:10:15.645152,0.6734539,0.32233587,1.1023813,-2.9046643,-2.8903089,1.2264647
2637,2026-05-11 16:10:15.647841,0.6734539,0.32233587,1.1023813,-2.9046643,-2.8903089,1.2264647
2638,2026-05-11 16:10:15.650929,0.6734539,0.32233587,1.1023813,-2.9046643,-2.8903089,1.2264647
2639,2026-05-11 16:10:15.653856,0.6734539,0.32233587,1.1023813,-2.9046643,-2.8903089,1.2264647
2640,2026-05-11 16:10:15.656550,0.6734539,0.32233587,1.1023813,-2.9046643,-2.8903089,1.2264647
2641,2026-05-11 16:10:15.659229,0.6734539,0.32233587,1.1023813,-1.5859588,-4.401284,0.6556111
2642,2026-05-11 16:10:15.661963,0.6734539,0.32233587,1.1023813,-1.5859588,-4.401284,0.6556111
2643,2026-05-11 16:10:15.664649,0.6734539,0.32233587,1.1023813,-1.540144,-4.6207376,0.72173727
2644,2026-05-11 16:10:15.667765,0.73778695,0.28501663,0.91560215,-1.8464929,-4.3756275,0.77121735
2645,2026-05-11 16:10:15.670600,0.7149807,0.20946345,0.8943815,-2.7522533,-3.1251867,0.88331115
2646,2026-05-11 16:10:15.673318,0.70266294,0.17677861,0.94145733,-2.7522533,-3.1251867,0.88331115
2647,2026-05-11 16:10:15.676005,0.70266294,0.17677861,0.94145733,-2.7522533,-3.1251867,0.88331115
2648,2026-05-11 16:10:15.678699,0.70266294,0.17677861,0.94145733,-2.7522533,-3.1251867,0.88331115
2649,2026-05-11 16:10:15.681368,0.70266294,0.17677861,0.94145733,-2.7522533,-3.1251867,0.88331115
2650,2026-05-11 16:10:15.684360,0.70266294,0.17677861,0.94145733,-2.7522533,-3.1251867,0.88331115
2651,2026-05-11 16:10:15.687281,0.70266294,0.17677861,0.94145733,-2.7522533,-3.1251867,0.88331115
2652,2026-05-11 16:10:15.689899,0.70266294,0.17677861,0.94145733,-2.7522533,-3.1251867,0.88331115
2653,2026-05-11 16:10:15.692531,0.70266294,0.17677861,0.94145733,-2.7522533,-3.1251867,0.88331115
2654,2026-05-11 16:10:15.695327,0.6841862,0.07658983,1.1606774,-2.7522533,-3.1251867,0.88331115
2655,2026-05-11 16:10:15.697948,0.6841862,0.07658983,1.1606774,-2.8225029,-2.7488935,0.9016371
2656,2026-05-11 16:10:15.701049,0.6841862,0.07658983,1.1606774,-2.8225029,-2.7488935,0.9016371
2657,2026-05-11 16:10:15.703879,0.6841862,0.07658983,1.1606774,-2.8225029,-2.7488935,0.9016371
2658,2026-05-11 16:10:15.706591,0.6841862,0.07658983,1.1606774,-2.8225029,-2.7488935,0.9016371
2659,2026-05-11 16:10:15.709249,0.6841862,0.07658983,1.1606774,-2.8225029,-2.7488935,0.9016371
2660,2026-05-11 16:10:15.711857,0.6841862,0.07658983,1.1606774,-2.8225029,-2.7488935,0.9016371
2661,2026-05-11 16:10:15.714633,0.6841862,0.07658983,1.1606774,-2.8225029,-2.7488935,0.9016371
2662,2026-05-11 16:10:15.717694,0.6841862,0.07658983,1.1606774,-2.8225029,-2.7488935,0.9016371
2663,2026-05-11 16:10:15.720614,0.6841862,0.07658983,1.1606774,-2.8225029,-2.7488935,0.9016371
2664,2026-05-11 16:10:15.723379,0.6841862,0.07658983,1.1606774,-2.8225029,-2.7488935,0.9016371
2665,2026-05-11 16:10:15.726071,0.6419887,0.012134855,1.264525,-1.8558086,-2.8777862,0.9642508
2666,2026-05-11 16:10:15.728819,0.8490739,0.033538543,0.97084934,-1.8558086,-2.8777862,0.9642508
2667,2026-05-11 16:10:15.731428,0.8490739,0.033538543,0.97084934,-0.36987892,-4.125173,0.91599244
2668,2026-05-11 16:10:15.734402,0.8490739,0.033538543,0.97084934,-0.36987892,-4.125173,0.91599244
2669,2026-05-11 16:10:15.737349,0.8490739,0.033538543,0.97084934,-0.36987892,-4.125173,0.91599244
2670,2026-05-11 16:10:15.740005,0.8490739,0.033538543,0.97084934,-0.36987892,-4.125173,0.91599244
2671,2026-05-11 16:10:15.742826,0.90322345,0.074577525,0.5457026,-0.39080104,-4.648532,0.7825184
2672,2026-05-11 16:10:15.745604,0.90322345,0.074577525,0.5457026,-0.39080104,-4.648532,0.7825184
2673,2026-05-11 16:10:15.748359,0.90322345,0.074577525,0.5457026,-0.39080104,-4.648532,0.7825184
2674,2026-05-11 16:10:15.751624,0.8830393,-0.11988505,0.65412354,-0.39080104,-4.648532,0.7825184
2675,2026-05-11 16:10:15.754364,0.8830393,-0.11988505,0.65412354,-0.39080104,-4.648532,0.7825184
2676,2026-05-11 16:10:15.757083,0.8830393,-0.11988505,0.65412354,-4.258342,-2.9213104,1.0677924
2677,2026-05-11 16:10:15.759700,0.8830393,-0.11988505,0.65412354,-4.258342,-2.9213104,1.0677924
2678,2026-05-11 16:10:15.762388,0.8830393,-0.11988505,0.65412354,-4.258342,-2.9213104,1.0677924
2679,2026-05-11 16:10:15.764958,0.8830393,-0.11988505,0.65412354,-4.258342,-2.9213104,1.0677924
2680,2026-05-11 16:10:15.768091,0.8830393,-0.11988505,0.65412354,-4.258342,-2.9213104,1.0677924
2681,2026-05-11 16:10:15.770764,0.8830393,-0.11988505,0.65412354,-4.258342,-2.9213104,1.0677924
2682,2026-05-11 16:10:15.773395,0.8830393,-0.11988505,0.65412354,-4.258342,-2.9213104,1.0677924
2683,2026-05-11 16:10:15.776109,0.8830393,-0.11988505,0.65412354,-4.8328605,-2.5121834,1.153619
2684,2026-05-11 16:10:15.779006,0.8492569,-0.18263261,0.945482,-4.8328605,-2.5121834,1.153619
2685,2026-05-11 16:10:15.781676,0.8492569,-0.18263261,0.945482,-4.8328605,-2.5121834,1.153619
2686,2026-05-11 16:10:15.789919,0.8492569,-0.18263261,0.945482,-4.8328605,-2.5121834,1.153619
2687,2026-05-11 16:10:15.793313,0.8492569,-0.18263261,0.945482,-4.8328605,-2.5121834,1.153619
2688,2026-05-11 16:10:15.812605,0.8492569,-0.18263261,0.945482,-4.905095,-2.0216584,1.3662001
2689,2026-05-11 16:10:15.816306,0.8492569,-0.18263261,0.945482,-4.905095,-2.0216584,1.3662001
2690,2026-05-11 16:10:15.825001,0.8492569,-0.18263261,0.945482,-4.905095,-2.0216584,1.3662001
2691,2026-05-11 16:10:15.828010,0.8492569,-0.18263261,0.945482,-4.905095,-2.0216584,1.3662001
2692,2026-05-11 16:10:15.830829,0.8492569,-0.18263261,0.945482,-4.905095,-2.0216584,1.3662001
2693,2026-05-11 16:10:15.833929,0.7957171,-0.27306473,1.53948,-4.905095,-2.0216584,1.3662001
2694,2026-05-11 16:10:15.836971,0.7957171,-0.27306473,1.53948,-4.905095,-2.0216584,1.3662001
2695,2026-05-11 16:10:15.839707,0.7957171,-0.27306473,1.53948,-4.905095,-2.0216584,1.3662001
2696,2026-05-11 16:10:15.842671,0.7957171,-0.27306473,1.53948,-4.905095,-2.0216584,1.3662001
2697,2026-05-11 16:10:15.845416,0.8952962,-0.24922185,1.9445038,-4.905095,-2.0216584,1.3662001
2698,2026-05-11 16:10:15.848032,0.8952962,-0.24922185,1.9445038,-4.905095,-2.0216584,1.3662001
2699,2026-05-11 16:10:15.851352,0.8952962,-0.24922185,1.9445038,-4.905095,-2.0216584,1.3662001
2700,2026-05-11 16:10:15.854030,0.8952962,-0.24922185,1.9445038,-4.905095,-2.0216584,1.3662001
2701,2026-05-11 16:10:15.856720,0.8952962,-0.24922185,1.9445038,-4.1366267,-2.1174116,1.4230106
2702,2026-05-11 16:10:15.859592,0.8952962,-0.24922185,1.9445038,-4.1366267,-2.1174116,1.4230106
2703,2026-05-11 16:10:15.862249,0.8952962,-0.24922185,1.9445038,-2.52211,-2.422997,1.3072516
2704,2026-05-11 16:10:15.865082,1.0354263,-0.19092578,2.1010373,-2.52211,-2.422997,1.3072516
2705,2026-05-11 16:10:15.868345,1.0354263,-0.19092578,2.1010373,-2.52211,-2.422997,1.3072516
2706,2026-05-11 16:10:15.871099,1.0354263,-0.19092578,2.1010373,-2.52211,-2.422997,1.3072516
2707,2026-05-11 16:10:15.873927,1.0354263,-0.19092578,2.1010373,-2.52211,-2.422997,1.3072516
2708,2026-05-11 16:10:15.876594,1.0354263,-0.19092578,2.1010373,-2.52211,-2.422997,1.3072516
2709,2026-05-11 16:10:15.879290,1.0354263,-0.19092578,2.1010373,-2.52211,-2.422997,1.3072516
2710,2026-05-11 16:10:15.882069,1.1349442,-0.15817997,1.8984646,-2.52211,-2.422997,1.3072516
2711,2026-05-11 16:10:15.885181,1.1143943,-0.14427671,1.4909406,-0.1695151,-3.415653,0.83092946
2712,2026-05-11 16:10:15.887901,1.1143943,-0.14427671,1.4909406,-0.1695151,-3.415653,0.83092946
2713,2026-05-11 16:10:15.890541,1.1143943,-0.14427671,1.4909406,-0.1695151,-3.415653,0.83092946
2714,2026-05-11 16:10:15.893229,1.1143943,-0.14427671,1.4909406,-0.1695151,-3.415653,0.83092946
2715,2026-05-11 16:10:15.895795,1.1143943,-0.14427671,1.4909406,-0.1695151,-3.415653,0.83092946
2716,2026-05-11 16:10:15.898695,0.9500555,-0.114701815,1.0093272,-0.1695151,-3.415653,0.83092946
2717,2026-05-11 16:10:15.901905,0.9500555,-0.114701815,1.0093272,-0.1695151,-3.415653,0.83092946
2718,2026-05-11 16:10:15.904750,0.9500555,-0.114701815,1.0093272,-0.1001819,-3.881896,0.6392705
2719,2026-05-11 16:10:15.907371,0.9500555,-0.114701815,1.0093272,-0.1001819,-3.881896,0.6392705
2720,2026-05-11 16:10:15.910170,0.93731076,-0.13884957,1.0354873,-1.6038266,-3.3008103,0.8081747
2721,2026-05-11 16:10:15.912912,0.93731076,-0.13884957,1.0354873,-1.6038266,-3.3008103,0.8081747
2722,2026-05-11 16:10:15.915623,0.99146026,-0.13586158,1.2514145,-1.6038266,-3.3008103,0.8081747
2723,2026-05-11 16:10:15.918954,0.99146026,-0.13586158,1.2514145,-1.6038266,-3.3008103,0.8081747
2724,2026-05-11 16:10:15.921686,0.99146026,-0.13586158,1.2514145,-1.6038266,-3.3008103,0.8081747
2725,2026-05-11 16:10:15.924575,1.0329262,-0.13592257,1.4779521,-2.2770002,-2.7151432,0.8727737
2726,2026-05-11 16:10:15.927327,1.0329262,-0.13592257,1.4779521,-2.2770002,-2.7151432,0.8727737
2727,2026-05-11 16:10:15.930056,1.0329262,-0.13592257,1.4779521,-2.2770002,-2.7151432,0.8727737
2728,2026-05-11 16:10:15.933124,1.0329262,-0.13592257,1.4779521,-2.2770002,-2.7151432,0.8727737
2729,2026-05-11 16:10:15.935906,1.0329262,-0.13592257,1.4779521,-2.2770002,-2.7151432,0.8727737
2730,2026-05-11 16:10:15.938532,1.0329262,-0.13592257,1.4779521,-2.2770002,-2.7151432,0.8727737
2731,2026-05-11 16:10:15.941242,1.0329262,-0.13592257,1.4779521,-2.2770002,-2.7151432,0.8727737
2732,2026-05-11 16:10:15.943894,1.0329262,-0.13592257,1.4779521,-2.2770002,-2.7151432,0.8727737
2733,2026-05-11 16:10:15.946713,1.0168886,-0.17391258,1.6788785,-2.8559477,-1.3171781,0.71791935
2734,2026-05-11 16:10:15.949360,1.0168886,-0.17391258,1.6788785,-2.7032313,-2.0815234,0.85918194
2735,2026-05-11 16:10:15.952527,1.0168886,-0.17391258,1.6788785,-2.7032313,-2.0815234,0.85918194
2736,2026-05-11 16:10:15.955281,1.0168886,-0.17391258,1.6788785,-2.7032313,-2.0815234,0.85918194
2737,2026-05-11 16:10:15.957971,1.0168886,-0.17391258,1.6788785,-2.7032313,-2.0815234,0.85918194
2738,2026-05-11 16:10:15.960573,1.0168886,-0.17391258,1.6788785,-2.7032313,-2.0815234,0.85918194
2739,2026-05-11 16:10:15.963256,1.0168886,-0.17391258,1.6788785,-2.7032313,-2.0815234,0.85918194
2740,2026-05-11 16:10:15.965966,1.0168886,-0.17391258,1.6788785,-2.7032313,-2.0815234,0.85918194
2741,2026-05-11 16:10:15.969235,1.0168886,-0.17391258,1.6788785,-2.7032313,-2.0815234,0.85918194
2742,2026-05-11 16:10:15.971904,1.0126201,-0.13622746,1.8303508,-1.826029,-1.5241088,0.049480084
2743,2026-05-11 16:10:15.974746,1.0126201,-0.13622746,1.8303508,-1.826029,-1.5241088,0.049480084
2744,2026-05-11 16:10:15.977499,1.0126201,-0.13622746,1.8303508,-1.826029,-1.5241088,0.049480084
2745,2026-05-11 16:10:15.980344,1.0126201,-0.13622746,1.8303508,-1.826029,-1.5241088,0.049480084
2746,2026-05-11 16:10:15.983627,1.0126201,-0.13622746,1.8303508,-1.826029,-1.5241088,0.049480084
2747,2026-05-11 16:10:15.986500,1.0126201,-0.13622746,1.8303508,-1.826029,-1.5241088,0.049480084
2748,2026-05-11 16:10:15.989183,1.0126201,-0.13622746,1.8303508,-1.4616479,-1.6956092,-0.1704314
2749,2026-05-11 16:10:15.992034,0.95493376,-0.14013013,1.8802925,-1.4616479,-1.6956092,-0.1704314
2750,2026-05-11 16:10:15.994666,0.95493376,-0.14013013,1.8802925,-1.4616479,-1.6956092,-0.1704314
2751,2026-05-11 16:10:15.997254,0.95493376,-0.14013013,1.8802925,-1.4616479,-1.6956092,-0.1704314
2752,2026-05-11 16:10:16.000516,0.95493376,-0.14013013,1.8802925,-1.0053315,-1.6815593,-0.356898
2753,2026-05-11 16:10:16.003540,0.85041547,-0.16549747,1.917307,-0.80954915,-1.5059355,-0.3555236
2754,2026-05-11 16:10:16.006228,0.85041547,-0.16549747,1.917307,-0.80954915,-1.5059355,-0.3555236
2755,2026-05-11 16:10:16.009010,0.69034517,-0.21171968,1.9321249,-0.6785186,-1.1168144,-0.24449882
2756,2026-05-11 16:10:16.011809,0.69034517,-0.21171968,1.9321249,-0.61636305,-0.63316184,-0.08109236
2757,2026-05-11 16:10:16.014577,0.69034517,-0.21171968,1.9321249,-0.61636305,-0.63316184,-0.08109236
2758,2026-05-11 16:10:16.017608,0.69034517,-0.21171968,1.9321249,-0.61636305,-0.63316184,-0.08109236
2759,2026-05-11 16:10:16.020341,0.69034517,-0.21171968,1.9321249,-0.61636305,-0.63316184,-0.08109236
2760,2026-05-11 16:10:16.023030,0.69034517,-0.21171968,1.9321249,-0.61636305,-0.63316184,-0.08109236
2761,2026-05-11 16:10:16.025713,0.85017157,-0.071040735,1.7899824,1.5074627,1.5169312,-0.5027421
2762,2026-05-11 16:10:16.028413,0.84157354,-0.06457694,1.7218078,1.5074627,1.5169312,-0.5027421
2763,2026-05-11 16:10:16.030957,0.84157354,-0.06457694,1.7218078,1.5074627,1.5169312,-0.5027421
2764,2026-05-11 16:10:16.034037,0.84157354,-0.06457694,1.7218078,1.5074627,1.5169312,-0.5027421
2765,2026-05-11 16:10:16.036714,0.78327745,-0.071772486,1.5900928,1.5074627,1.5169312,-0.5027421
2766,2026-05-11 16:10:16.039287,0.78327745,-0.071772486,1.5900928,1.5074627,1.5169312,-0.5027421
2767,2026-05-11 16:10:16.042005,0.78327745,-0.071772486,1.5900928,1.7221818,1.7230982,-0.59895337
2768,2026-05-11 16:10:16.044767,0.78327745,-0.071772486,1.5900928,1.7221818,1.7230982,-0.59895337
2769,2026-05-11 16:10:16.047354,0.78327745,-0.071772486,1.5900928,1.7221818,1.7230982,-0.59895337
2770,2026-05-11 16:10:16.050299,0.78327745,-0.071772486,1.5900928,1.7221818,1.7230982,-0.59895337
2771,2026-05-11 16:10:16.053178,0.78327745,-0.071772486,1.5900928,1.7221818,1.7230982,-0.59895337
2772,2026-05-11 16:10:16.055786,0.78327745,-0.071772486,1.5900928,1.7221818,1.7230982,-0.59895337
2773,2026-05-11 16:10:16.058412,0.78327745,-0.071772486,1.5900928,1.7221818,1.7230982,-0.59895337
2774,2026-05-11 16:10:16.060950,0.78327745,-0.071772486,1.5900928,1.7221818,1.7230982,-0.59895337
2775,2026-05-11 16:10:16.063674,0.78327745,-0.071772486,1.5900928,1.7221818,1.7230982,-0.59895337
2776,2026-05-11 16:10:16.066735,0.78327745,-0.071772486,1.5900928,1.7008016,2.0819814,-0.5537493
2777,2026-05-11 16:10:16.069520,0.78327745,-0.071772486,1.5900928,1.7008016,2.0819814,-0.5537493
2778,2026-05-11 16:10:16.072179,0.7147368,-0.09238344,1.4836231,1.7008016,2.0819814,-0.5537493
2779,2026-05-11 16:10:16.074868,0.7147368,-0.09238344,1.4836231,1.7008016,2.0819814,-0.5537493
2780,2026-05-11 16:10:16.077771,0.7147368,-0.09238344,1.4836231,1.7008016,2.0819814,-0.5537493
2781,2026-05-11 16:10:16.080388,0.7147368,-0.09238344,1.4836231,1.7008016,2.0819814,-0.5537493
2782,2026-05-11 16:10:16.083669,0.7533366,-0.086163566,1.4511822,1.7008016,2.0819814,-0.5537493
2783,2026-05-11 16:10:16.086695,0.7533366,-0.086163566,1.4511822,1.5583172,2.530662,-0.44776422
2784,2026-05-11 16:10:16.089406,0.7533366,-0.086163566,1.4511822,1.5583172,2.530662,-0.44776422
2785,2026-05-11 16:10:16.092025,0.9435306,-0.05768629,1.5124053,1.5583172,2.530662,-0.44776422
2786,2026-05-11 16:10:16.094695,0.9435306,-0.05768629,1.5124053,1.7831156,2.5663977,-0.66645396
2787,2026-05-11 16:10:16.097299,0.9435306,-0.05768629,1.5124053,1.7831156,2.5663977,-0.66645396
2788,2026-05-11 16:10:16.100325,0.9435306,-0.05768629,1.5124053,1.7831156,2.5663977,-0.66645396
2789,2026-05-11 16:10:16.103190,0.9435306,-0.05768629,1.5124053,1.7831156,2.5663977,-0.66645396
2790,2026-05-11 16:10:16.105779,0.9435306,-0.05768629,1.5124053,1.7831156,2.5663977,-0.66645396
2791,2026-05-11 16:10:16.108493,0.9435306,-0.05768629,1.5124053,1.7831156,2.5663977,-0.66645396
2792,2026-05-11 16:10:16.111180,0.9435306,-0.05768629,1.5124053,1.8603901,2.6768115,-0.70952
2793,2026-05-11 16:10:16.114054,0.8587086,-0.08768804,1.4676466,1.8603901,2.6768115,-0.70952
2794,2026-05-11 16:10:16.117227,0.8587086,-0.08768804,1.4676466,1.8603901,2.6768115,-0.70952
2795,2026-05-11 16:10:16.120168,0.8587086,-0.08768804,1.4676466,1.8603901,2.6768115,-0.70952
2796,2026-05-11 16:10:16.122874,0.8587086,-0.08768804,1.4676466,1.8603901,2.6768115,-0.70952
2797,2026-05-11 16:10:16.125473,0.8587086,-0.08768804,1.4676466,1.8603901,2.6768115,-0.70952
2798,2026-05-11 16:10:16.128310,0.860599,-0.079638794,1.4949653,1.8551978,2.7650816,-0.6462954
2799,2026-05-11 16:10:16.131128,1.0092661,-0.09494456,1.5841168,1.8551978,2.7650816,-0.6462954
2800,2026-05-11 16:10:16.134149,0.98871624,-0.10738432,1.6127161,1.8551978,2.7650816,-0.6462954
2801,2026-05-11 16:10:16.137083,0.98871624,-0.10738432,1.6127161,3.4726162,3.306308,-0.65041876
2802,2026-05-11 16:10:16.139759,1.0820143,-0.07750452,1.3395293,3.4726162,3.306308,-0.65041876
2803,2026-05-11 16:10:16.142330,1.0820143,-0.07750452,1.3395293,3.6512942,3.2226195,-0.7163922
2804,2026-05-11 16:10:16.145175,1.0820143,-0.07750452,1.3395293,3.6512942,3.2226195,-0.7163922
2805,2026-05-11 16:10:16.147861,1.0204253,0.021830542,0.9427989,3.6512942,3.2226195,-0.7163922
2806,2026-05-11 16:10:16.150993,0.8524278,0.052990895,0.9821305,2.6674957,3.6222782,-1.184315
2807,2026-05-11 16:10:16.153800,0.8524278,0.052990895,0.9821305,2.6674957,3.6222782,-1.184315
2808,2026-05-11 16:10:16.156508,0.8524278,0.052990895,0.9821305,2.6674957,3.6222782,-1.184315
2809,2026-05-11 16:10:16.159199,0.8524278,0.052990895,0.9821305,2.6674957,3.6222782,-1.184315
2810,2026-05-11 16:10:16.161898,0.83023137,0.04469773,1.3072715,2.6674957,3.6222782,-1.184315
2811,2026-05-11 16:10:16.164597,0.83023137,0.04469773,1.3072715,2.6674957,3.6222782,-1.184315
2812,2026-05-11 16:10:16.167682,0.83023137,0.04469773,1.3072715,2.3887885,4.035223,-1.0392345
2813,2026-05-11 16:10:16.170577,0.83023137,0.04469773,1.3072715,2.3887885,4.035223,-1.0392345
2814,2026-05-11 16:10:16.173336,0.83023137,0.04469773,1.3072715,2.3887885,4.035223,-1.0392345
2815,2026-05-11 16:10:16.175983,0.83023137,0.04469773,1.3072715,2.3887885,4.035223,-1.0392345
2816,2026-05-11 16:10:16.178647,0.83023137,0.04469773,1.3072715,2.3887885,4.035223,-1.0392345
2817,2026-05-11 16:10:16.181314,0.9472504,0.10512808,1.3356267,2.3887885,4.035223,-1.0392345
2818,2026-05-11 16:10:16.184285,0.9472504,0.10512808,1.3356267,2.3887885,4.035223,-1.0392345
2819,2026-05-11 16:10:16.187009,0.9472504,0.10512808,1.3356267,2.3887885,4.035223,-1.0392345
2820,2026-05-11 16:10:16.189718,0.9472504,0.10512808,1.3356267,2.4036021,4.095088,-1.1339186
2821,2026-05-11 16:10:16.192334,0.9472504,0.10512808,1.3356267,2.4036021,4.095088,-1.1339186
2822,2026-05-11 16:10:16.195249,0.9472504,0.10512808,1.3356267,2.4036021,4.095088,-1.1339186
2823,2026-05-11 16:10:16.198007,0.9472504,0.10512808,1.3356267,2.4036021,4.095088,-1.1339186
2824,2026-05-11 16:10:16.201017,0.9472504,0.10512808,1.3356267,2.4036021,4.095088,-1.1339186
2825,2026-05-11 16:10:16.203889,0.9472504,0.10512808,1.3356267,2.663678,4.267199,-1.2890784
2826,2026-05-11 16:10:16.206588,0.9472504,0.10512808,1.3356267,2.663678,4.267199,-1.2890784
2827,2026-05-11 16:10:16.209257,0.9472504,0.10512808,1.3356267,2.663678,4.267199,-1.2890784
2828,2026-05-11 16:10:16.212042,0.98310614,-0.10683551,1.4953922,2.663678,4.267199,-1.2890784
2829,2026-05-11 16:10:16.214790,0.98310614,-0.10683551,1.4953922,2.663678,4.267199,-1.2890784
2830,2026-05-11 16:10:16.217887,0.98310614,-0.10683551,1.4953922,2.663678,4.267199,-1.2890784
2831,2026-05-11 16:10:16.220784,0.98310614,-0.10683551,1.4953922,2.663678,4.267199,-1.2890784
2832,2026-05-11 16:10:16.223489,0.98310614,-0.10683551,1.4953922,2.5334108,4.999321,-1.4537066
2833,2026-05-11 16:10:16.226070,0.98310614,-0.10683551,1.4953922,2.5334108,4.999321,-1.4537066
2834,2026-05-11 16:10:16.228792,0.98310614,-0.10683551,1.4953922,2.8959594,5.019327,-1.4298828
2835,2026-05-11 16:10:16.231377,0.98310614,-0.10683551,1.4953922,2.8959594,5.019327,-1.4298828
2836,2026-05-11 16:10:16.234453,0.98310614,-0.10683551,1.4953922,2.8959594,5.019327,-1.4298828
2837,2026-05-11 16:10:16.237375,0.98310614,-0.10683551,1.4953922,2.8959594,5.019327,-1.4298828
2838,2026-05-11 16:10:16.240069,0.98310614,-0.10683551,1.4953922,2.8959594,5.019327,-1.4298828
2839,2026-05-11 16:10:16.242718,0.98310614,-0.10683551,1.4953922,2.8959594,5.019327,-1.4298828
2840,2026-05-11 16:10:16.245393,0.7622396,0.0012805625,1.1802518,3.2556064,4.8098,-1.3973542
2841,2026-05-11 16:10:16.248002,0.7622396,0.0012805625,1.1802518,3.2556064,4.8098,-1.3973542
2842,2026-05-11 16:10:16.251156,0.7622396,0.0012805625,1.1802518,3.2556064,4.8098,-1.3973542
2843,2026-05-11 16:10:16.253976,0.7622396,0.0012805625,1.1802518,3.2556064,4.8098,-1.3973542
2844,2026-05-11 16:10:16.256649,0.7622396,0.0012805625,1.1802518,3.2556064,4.8098,-1.3973542
2845,2026-05-11 16:10:16.259368,0.7622396,0.0012805625,1.1802518,3.2556064,4.8098,-1.3973542
2846,2026-05-11 16:10:16.261978,0.7622396,0.0012805625,1.1802518,3.2556064,4.8098,-1.3973542
2847,2026-05-11 16:10:16.264671,0.7622396,0.0012805625,1.1802518,3.2556064,4.8098,-1.3973542
2848,2026-05-11 16:10:16.267869,0.7622396,0.0012805625,1.1802518,3.2556064,4.8098,-1.3973542
2849,2026-05-11 16:10:16.270722,0.7622396,0.0012805625,1.1802518,3.2556064,4.8098,-1.3973542
2850,2026-05-11 16:10:16.273439,0.7622396,0.0012805625,1.1802518,3.2556064,4.8098,-1.3973542
2851,2026-05-11 16:10:16.276045,0.7622396,0.0012805625,1.1802518,3.2556064,4.8098,-1.3973542
2852,2026-05-11 16:10:16.278851,0.7622396,0.0012805625,1.1802518,4.4683266,4.1764855,-1.5355625
2853,2026-05-11 16:10:16.281480,0.7622396,0.0012805625,1.1802518,4.4683266,4.1764855,-1.5355625
2854,2026-05-11 16:10:16.284426,0.85504985,-0.0017074167,0.7132733,4.4683266,4.1764855,-1.5355625
2855,2026-05-11 16:10:16.287258,0.85504985,-0.0017074167,0.7132733,4.4683266,4.1764855,-1.5355625
2856,2026-05-11 16:10:16.289955,0.85504985,-0.0017074167,0.7132733,4.4683266,4.1764855,-1.5355625
2857,2026-05-11 16:10:16.292633,0.85504985,-0.0017074167,0.7132733,4.764138,3.8924334,-2.2007947
2858,2026-05-11 16:10:16.295399,0.79882705,-0.0042075627,0.1156165,4.764138,3.8924334,-2.2007947
2859,2026-05-11 16:10:16.298026,0.79882705,-0.0042075627,0.1156165,4.764138,3.8924334,-2.2007947
2860,2026-05-11 16:10:16.301210,0.79882705,-0.0042075627,0.1156165,4.764138,3.8924334,-2.2007947
2861,2026-05-11 16:10:16.303995,0.79882705,-0.0042075627,0.1156165,3.9778018,3.9503129,-2.5051584
2862,2026-05-11 16:10:16.306617,0.79882705,-0.0042075627,0.1156165,3.9778018,3.9503129,-2.5051584
2863,2026-05-11 16:10:16.309476,0.79882705,-0.0042075627,0.1156165,3.9778018,3.9503129,-2.5051584
2864,2026-05-11 16:10:16.312174,0.19568215,-0.08268775,-0.51649356,2.9066496,3.9785655,-2.5746443
2865,2026-05-11 16:10:16.314892,0.056039855,-0.17421748,-0.45838037,2.9066496,3.9785655,-2.5746443
2866,2026-05-11 16:10:16.318035,0.056039855,-0.17421748,-0.45838037,2.9066496,3.9785655,-2.5746443
2867,2026-05-11 16:10:16.320862,0.056039855,-0.17421748,-0.45838037,2.652224,3.8742602,-2.4909558
2868,2026-05-11 16:10:16.323508,0.056039855,-0.17421748,-0.45838037,2.652224,3.8742602,-2.4909558
2869,2026-05-11 16:10:16.326229,0.056039855,-0.17421748,-0.45838037,2.652224,3.8742602,-2.4909558
2870,2026-05-11 16:10:16.328979,0.056039855,-0.17421748,-0.45838037,2.652224,3.8742602,-2.4909558
2871,2026-05-11 16:10:16.331575,0.056039855,-0.17421748,-0.45838037,2.652224,3.8742602,-2.4909558
2872,2026-05-11 16:10:16.334746,0.056039855,-0.17421748,-0.45838037,2.652224,3.8742602,-2.4909558
2873,2026-05-11 16:10:16.337518,0.056039855,-0.17421748,-0.45838037,2.652224,3.8742602,-2.4909558
2874,2026-05-11 16:10:16.340129,0.056039855,-0.17421748,-0.45838037,2.652224,3.8742602,-2.4909558
2875,2026-05-11 16:10:16.343029,0.056039855,-0.17421748,-0.45838037,2.652224,3.8742602,-2.4909558
2876,2026-05-11 16:10:16.345735,0.052686002,-0.2367821,-0.45563635,2.7020097,3.833332,-2.4486532
2877,2026-05-11 16:10:16.348566,0.052686002,-0.2367821,-0.45563635,2.7020097,3.833332,-2.4486532
2878,2026-05-11 16:10:16.351563,0.052686002,-0.2367821,-0.45563635,2.7020097,3.833332,-2.4486532
2879,2026-05-11 16:10:16.354458,0.10464026,-0.43295208,-0.7417506,3.0804408,3.8986948,-2.552653
2880,2026-05-11 16:10:16.357114,0.10464026,-0.43295208,-0.7417506,3.0804408,3.8986948,-2.552653
2881,2026-05-11 16:10:16.359722,0.10464026,-0.43295208,-0.7417506,3.0804408,3.8986948,-2.552653
2882,2026-05-11 16:10:16.362530,0.10464026,-0.43295208,-0.7417506,3.0804408,3.8986948,-2.552653
2883,2026-05-11 16:10:16.365131,0.10464026,-0.43295208,-0.7417506,3.0804408,3.8986948,-2.552653
2884,2026-05-11 16:10:16.368344,0.061710916,-0.5873514,-0.90785784,3.0804408,3.8986948,-2.552653
2885,2026-05-11 16:10:16.371057,0.061710916,-0.5873514,-0.90785784,3.0804408,3.8986948,-2.552653
2886,2026-05-11 16:10:16.373797,0.061710916,-0.5873514,-0.90785784,3.0804408,3.8986948,-2.552653
2887,2026-05-11 16:10:16.376465,0.061710916,-0.5873514,-0.90785784,3.0804408,3.8986948,-2.552653
2888,2026-05-11 16:10:16.379033,0.061710916,-0.5873514,-0.90785784,3.0804408,3.8986948,-2.552653
2889,2026-05-11 16:10:16.381885,0.061710916,-0.5873514,-0.90785784,3.0804408,3.8986948,-2.552653
2890,2026-05-11 16:10:16.384799,0.061710916,-0.5873514,-0.90785784,3.0804408,3.8986948,-2.552653
2891,2026-05-11 16:10:16.387632,0.061710916,-0.5873514,-0.90785784,3.0804408,3.8986948,-2.552653
2892,2026-05-11 16:10:16.390396,-0.099457026,-0.8013272,-1.0322554,5.0032916,2.8805351,-2.63512
2893,2026-05-11 16:10:16.393095,-0.48819923,-1.015669,-1.2549512,5.0032916,2.8805351,-2.63512
2894,2026-05-11 16:10:16.395726,-0.48819923,-1.015669,-1.2549512,5.528025,2.2310326,-2.4301746
2895,2026-05-11 16:10:16.398530,-0.48819923,-1.015669,-1.2549512,5.528025,2.2310326,-2.4301746
2896,2026-05-11 16:10:16.401726,-0.8471836,-1.0967103,-1.5199667,5.528025,2.2310326,-2.4301746
2897,2026-05-11 16:10:16.404532,-0.8471836,-1.0967103,-1.5199667,5.528025,2.2310326,-2.4301746
2898,2026-05-11 16:10:16.407200,-0.8471836,-1.0967103,-1.5199667,5.528025,2.2310326,-2.4301746
2899,2026-05-11 16:10:16.409942,-1.7088193,-0.89151543,-2.9201095,5.528025,2.2310326,-2.4301746
2900,2026-05-11 16:10:16.412565,-1.7088193,-0.89151543,-2.9201095,3.7647624,-0.39400807,-0.081855945
2901,2026-05-11 16:10:16.415141,-1.7088193,-0.89151543,-2.9201095,3.7647624,-0.39400807,-0.081855945
2902,2026-05-11 16:10:16.418288,-1.7088193,-0.89151543,-2.9201095,3.7647624,-0.39400807,-0.081855945
2903,2026-05-11 16:10:16.420972,-1.7088193,-0.89151543,-2.9201095,3.7647624,-0.39400807,-0.081855945
2904,2026-05-11 16:10:16.423688,-1.7088193,-0.89151543,-2.9201095,3.7647624,-0.39400807,-0.081855945
2905,2026-05-11 16:10:16.426275,-1.7088193,-0.89151543,-2.9201095,3.7647624,-0.39400807,-0.081855945
2906,2026-05-11 16:10:16.429056,-1.7088193,-0.89151543,-2.9201095,3.7647624,-0.39400807,-0.081855945
2907,2026-05-11 16:10:16.431703,-1.7088193,-0.89151543,-2.9201095,2.1429152,-0.9851729,0.7535023
2908,2026-05-11 16:10:16.434904,-1.7088193,-0.89151543,-2.9201095,2.1429152,-0.9851729,0.7535023
2909,2026-05-11 16:10:16.437746,-1.3887396,-0.65394056,-2.739062,2.1429152,-0.9851729,0.7535023
2910,2026-05-11 16:10:16.440519,-1.3887396,-0.65394056,-2.739062,2.1429152,-0.9851729,0.7535023
2911,2026-05-11 16:10:16.443222,-1.3887396,-0.65394056,-2.739062,2.1429152,-0.9851729,0.7535023
2912,2026-05-11 16:10:16.446049,-1.3887396,-0.65394056,-2.739062,-2.1627684,-1.3881912,1.2996159
2913,2026-05-11 16:10:16.448676,-1.3887396,-0.65394056,-2.739062,-2.1627684,-1.3881912,1.2996159
2914,2026-05-11 16:10:16.451786,-1.3887396,-0.65394056,-2.739062,-2.1627684,-1.3881912,1.2996159
2915,2026-05-11 16:10:16.454615,-1.3887396,-0.65394056,-2.739062,-2.1627684,-1.3881912,1.2996159
2916,2026-05-11 16:10:16.457335,-1.3887396,-0.65394056,-2.739062,-2.1627684,-1.3881912,1.2996159
2917,2026-05-11 16:10:16.460022,-1.3887396,-0.65394056,-2.739062,-2.1627684,-1.3881912,1.2996159
2918,2026-05-11 16:10:16.462651,-0.50429773,0.046832,-0.44685537,-2.1627684,-1.3881912,1.2996159
2919,2026-05-11 16:10:16.465353,-0.50429773,0.046832,-0.44685537,-3.5274413,-1.9801197,0.8874345
2920,2026-05-11 16:10:16.468312,-0.50429773,0.046832,-0.44685537,-3.5274413,-1.9801197,0.8874345
2921,2026-05-11 16:10:16.471131,-0.50429773,0.046832,-0.44685537,-3.5274413,-1.9801197,0.8874345
2922,2026-05-11 16:10:16.473887,-0.5841804,-0.0012195833,-0.061223082,-3.6264014,-1.844813,0.946383
2923,2026-05-11 16:10:16.476726,-0.5841804,-0.0012195833,-0.061223082,-3.6264014,-1.844813,0.946383
2924,2026-05-11 16:10:16.479571,-0.629244,-0.055917896,0.040673107,-3.6264014,-1.844813,0.946383
2925,2026-05-11 16:10:16.482223,-0.629244,-0.055917896,0.040673107,-3.6264014,-1.844813,0.946383
2926,2026-05-11 16:10:16.485328,-0.629244,-0.055917896,0.040673107,-3.1257975,-1.7901406,1.1693488
2927,2026-05-11 16:10:16.488142,-0.59765685,-0.06067427,0.085614756,-2.8275425,-1.8501581,1.2597568
2928,2026-05-11 16:10:16.490805,-0.59765685,-0.06067427,0.085614756,-2.8275425,-1.8501581,1.2597568
2929,2026-05-11 16:10:16.493520,-0.59765685,-0.06067427,0.085614756,-2.8275425,-1.8501581,1.2597568
2930,2026-05-11 16:10:16.496173,-0.59765685,-0.06067427,0.085614756,-2.8275425,-1.8501581,1.2597568
2931,2026-05-11 16:10:16.498970,-0.4739911,0.03866079,-0.023659917,-2.531273,-2.1966715,1.347416
2932,2026-05-11 16:10:16.502118,-0.4739911,0.03866079,-0.023659917,-2.2904391,-2.844952,1.3794864
2933,2026-05-11 16:10:16.505440,-0.4739911,0.03866079,-0.023659917,-2.2142339,-3.1899383,1.3820826
2934,2026-05-11 16:10:16.508330,-0.4739911,0.03866079,-0.023659917,-2.2142339,-3.1899383,1.3820826
2935,2026-05-11 16:10:16.511468,-0.4739911,0.03866079,-0.023659917,-2.2142339,-3.1899383,1.3820826
2936,2026-05-11 16:10:16.514310,-0.2549539,0.118055664,-0.02841629,-2.2142339,-3.1899383,1.3820826
2937,2026-05-11 16:10:16.517855,-0.2549539,0.118055664,-0.02841629,-2.484389,-3.1219795,1.3955216
2938,2026-05-11 16:10:16.520804,-0.2549539,0.118055664,-0.02841629,-2.484389,-3.1219795,1.3955216
2939,2026-05-11 16:10:16.523710,-0.2549539,0.118055664,-0.02841629,-2.484389,-3.1219795,1.3955216
2940,2026-05-11 16:10:16.526807,-0.2549539,0.118055664,-0.02841629,-2.484389,-3.1219795,1.3955216
2941,2026-05-11 16:10:16.529795,-0.2549539,0.118055664,-0.02841629,-2.484389,-3.1219795,1.3955216
2942,2026-05-11 16:10:16.532855,-0.2549539,0.118055664,-0.02841629,-2.484389,-3.1219795,1.3955216
2943,2026-05-11 16:10:16.536625,-0.2549539,0.118055664,-0.02841629,-2.484389,-3.1219795,1.3955216
2944,2026-05-11 16:10:16.539425,-0.2549539,0.118055664,-0.02841629,-2.484389,-3.1219795,1.3955216
2945,2026-05-11 16:10:16.542217,-0.2549539,0.118055664,-0.02841629,-2.484389,-3.1219795,1.3955216
2946,2026-05-11 16:10:16.544904,-0.2549539,0.118055664,-0.02841629,-2.484389,-3.1219795,1.3955216
2947,2026-05-11 16:10:16.547640,-0.2549539,0.118055664,-0.02841629,-3.1325169,-2.3350325,1.7380643
2948,2026-05-11 16:10:16.550719,-0.3609357,0.087017275,0.04018527,-3.1325169,-2.3350325,1.7380643
2949,2026-05-11 16:10:16.553492,-0.3609357,0.087017275,0.04018527,-3.1325169,-2.3350325,1.7380643
2950,2026-05-11 16:10:16.556079,-0.3609357,0.087017275,0.04018527,-3.1325169,-2.3350325,1.7380643
2951,2026-05-11 16:10:16.558980,-0.3609357,0.087017275,0.04018527,-3.1325169,-2.3350325,1.7380643
2952,2026-05-11 16:10:16.561704,0.23775777,0.20903657,0.23226966,-3.3541083,-2.3542747,1.9104811
2953,2026-05-11 16:10:16.564332,0.23775777,0.20903657,0.23226966,-4.0559926,-2.8333457,2.0331123
2954,2026-05-11 16:10:16.567520,0.23775777,0.20903657,0.23226966,-4.0559926,-2.8333457,2.0331123
2955,2026-05-11 16:10:16.570471,0.23775777,0.20903657,0.23226966,-4.0559926,-2.8333457,2.0331123
2956,2026-05-11 16:10:16.573179,0.23775777,0.20903657,0.23226966,-4.0559926,-2.8333457,2.0331123
2957,2026-05-11 16:10:16.576063,0.23775777,0.20903657,0.23226966,-4.0559926,-2.8333457,2.0331123
2958,2026-05-11 16:10:16.578816,0.23775777,0.20903657,0.23226966,-4.0559926,-2.8333457,2.0331123
2959,2026-05-11 16:10:16.581442,0.23775777,0.20903657,0.23226966,-4.0559926,-2.8333457,2.0331123
2960,2026-05-11 16:10:16.584564,0.4617343,0.24361177,0.43776944,-4.192979,-3.150385,1.5294539
2961,2026-05-11 16:10:16.587396,0.32099435,0.14384985,0.7573003,-4.202753,-3.1764994,1.3264939
2962,2026-05-11 16:10:16.590096,0.32099435,0.14384985,0.7573003,-4.202753,-3.1764994,1.3264939
2963,2026-05-11 16:10:16.592709,0.32099435,0.14384985,0.7573003,-4.202753,-3.1764994,1.3264939
2964,2026-05-11 16:10:16.595462,0.11762882,-0.09439575,0.7704108,-4.380362,-2.5213463,1.6948457
2965,2026-05-11 16:10:16.598327,0.11762882,-0.09439575,0.7704108,-4.575075,-2.6140451,1.8238909
2966,2026-05-11 16:10:16.601447,0.11762882,-0.09439575,0.7704108,-4.575075,-2.6140451,1.8238909
2967,2026-05-11 16:10:16.604196,0.409658,-0.07939488,0.8738925,-4.575075,-2.6140451,1.8238909
2968,2026-05-11 16:10:16.606794,0.409658,-0.07939488,0.8738925,-4.575075,-2.6140451,1.8238909
2969,2026-05-11 16:10:16.609521,0.409658,-0.07939488,0.8738925,-4.575075,-2.6140451,1.8238909
2970,2026-05-11 16:10:16.612171,0.409658,-0.07939488,0.8738925,-4.575075,-2.6140451,1.8238909
2971,2026-05-11 16:10:16.614865,0.6567457,-0.062320713,1.0175594,-4.575075,-2.6140451,1.8238909
2972,2026-05-11 16:10:16.617685,0.6567457,-0.062320713,1.0175594,-4.575075,-2.6140451,1.8238909
2973,2026-05-11 16:10:16.620439,0.6567457,-0.062320713,1.0175594,-4.575075,-2.6140451,1.8238909
2974,2026-05-11 16:10:16.623070,0.6567457,-0.062320713,1.0175594,-4.575075,-2.6140451,1.8238909
2975,2026-05-11 16:10:16.625761,0.6567457,-0.062320713,1.0175594,-4.575075,-2.6140451,1.8238909
2976,2026-05-11 16:10:16.628581,0.6567457,-0.062320713,1.0175594,-4.575075,-2.6140451,1.8238909
2977,2026-05-11 16:10:16.631204,0.6567457,-0.062320713,1.0175594,-4.575075,-2.6140451,1.8238909
2978,2026-05-11 16:10:16.634388,0.6567457,-0.062320713,1.0175594,-4.6018004,-2.8212812,1.7693712
2979,2026-05-11 16:10:16.637312,0.6567457,-0.062320713,1.0175594,-4.6018004,-2.8212812,1.7693712
2980,2026-05-11 16:10:16.639968,0.6567457,-0.062320713,1.0175594,-4.6018004,-2.8212812,1.7693712
2981,2026-05-11 16:10:16.642752,0.6567457,-0.062320713,1.0175594,-4.6018004,-2.8212812,1.7693712
2982,2026-05-11 16:10:16.645495,0.6567457,-0.062320713,1.0175594,-4.6018004,-2.8212812,1.7693712
2983,2026-05-11 16:10:16.648102,1.0485977,0.0022562293,1.4311811,-4.6018004,-2.8212812,1.7693712
2984,2026-05-11 16:10:16.651316,1.0485977,0.0022562293,1.4311811,-4.6018004,-2.8212812,1.7693712
2985,2026-05-11 16:10:16.654201,1.0485977,0.0022562293,1.4311811,-4.6018004,-2.8212812,1.7693712
2986,2026-05-11 16:10:16.656954,1.0485977,0.0022562293,1.4311811,-1.8038851,-3.8319576,0.38683042
2987,2026-05-11 16:10:16.659767,0.3342878,-0.106957465,1.2114122,-1.8038851,-3.8319576,0.38683042
2988,2026-05-11 16:10:16.662575,0.3342878,-0.106957465,1.2114122,-1.8038851,-3.8319576,0.38683042
2989,2026-05-11 16:10:16.665320,0.28879735,-0.15567982,1.4661831,-1.8038851,-3.8319576,0.38683042
2990,2026-05-11 16:10:16.668459,0.28879735,-0.15567982,1.4661831,-1.8038851,-3.8319576,0.38683042
2991,2026-05-11 16:10:16.671162,0.28879735,-0.15567982,1.4661831,-1.8038851,-3.8319576,0.38683042
2992,2026-05-11 16:10:16.674064,0.28879735,-0.15567982,1.4661831,-1.8038851,-3.8319576,0.38683042
2993,2026-05-11 16:10:16.676776,0.3050178,-0.16007032,1.630339,-1.8038851,-3.8319576,0.38683042
2994,2026-05-11 16:10:16.679426,0.3050178,-0.16007032,1.630339,-1.8038851,-3.8319576,0.38683042
2995,2026-05-11 16:10:16.682210,0.8880396,-0.033599522,1.0000583,-1.9921843,-3.7394116,0.537256
2996,2026-05-11 16:10:16.685242,0.7236398,-0.102140106,1.4300835,-4.017813,-1.9483547,0.45280385
2997,2026-05-11 16:10:16.687961,0.7236398,-0.102140106,1.4300835,-4.017813,-1.9483547,0.45280385
2998,2026-05-11 16:10:16.690721,0.7236398,-0.102140106,1.4300835,-3.8096611,-1.9031507,0.4699081
2999,2026-05-11 16:10:16.693556,0.56003267,-0.18464492,1.6731464,-2.7009406,-2.1111503,0.5476407
3000,2026-05-11 16:10:16.696185,0.56003267,-0.18464492,1.6731464,-2.7009406,-2.1111503,0.5476407
3001,2026-05-11 16:10:16.699001,0.56003267,-0.18464492,1.6731464,-0.97249746,-2.5792258,0.68936145
3002,2026-05-11 16:10:16.701888,0.56003267,-0.18464492,1.6731464,-0.97249746,-2.5792258,0.68936145
3003,2026-05-11 16:10:16.704701,0.56003267,-0.18464492,1.6731464,-0.97249746,-2.5792258,0.68936145
3004,2026-05-11 16:10:16.707367,0.56003267,-0.18464492,1.6731464,-0.97249746,-2.5792258,0.68936145
3005,2026-05-11 16:10:16.709964,0.57527745,-0.19830425,1.4594145,-0.97249746,-2.5792258,0.68936145
3006,2026-05-11 16:10:16.712598,0.57527745,-0.19830425,1.4594145,-0.97249746,-2.5792258,0.68936145
3007,2026-05-11 16:10:16.715190,0.57527745,-0.19830425,1.4594145,-0.97249746,-2.5792258,0.68936145
3008,2026-05-11 16:10:16.718224,0.57527745,-0.19830425,1.4594145,-0.5717699,-2.768594,0.73792523
3009,2026-05-11 16:10:16.721112,0.57527745,-0.19830425,1.4594145,-0.5717699,-2.768594,0.73792523
3010,2026-05-11 16:10:16.723751,0.57527745,-0.19830425,1.4594145,-0.5717699,-2.768594,0.73792523
3011,2026-05-11 16:10:16.726408,0.57527745,-0.19830425,1.4594145,-0.5717699,-2.768594,0.73792523
3012,2026-05-11 16:10:16.729075,0.60375476,-0.23696505,0.9808499,-0.5717699,-2.768594,0.73792523
3013,2026-05-11 16:10:16.731803,0.60375476,-0.23696505,0.9808499,0.021533,-3.3626604,0.8872818
3014,2026-05-11 16:10:16.734983,0.60375476,-0.23696505,0.9808499,0.021533,-3.3626604,0.8872818
3015,2026-05-11 16:10:16.737804,0.60375476,-0.23696505,0.9808499,0.021533,-3.3626604,0.8872818
3016,2026-05-11 16:10:16.740508,0.62509745,-0.23842856,0.8212065,-0.02275473,-3.6044104,0.9569204
3017,2026-05-11 16:10:16.743139,0.69650406,-0.22531801,0.73345745,-0.02275473,-3.6044104,0.9569204
3018,2026-05-11 16:10:16.745932,0.69650406,-0.22531801,0.73345745,-0.02275473,-3.6044104,0.9569204
3019,2026-05-11 16:10:16.748559,0.69650406,-0.22531801,0.73345745,-0.02275473,-3.6044104,0.9569204
3020,2026-05-11 16:10:16.751855,0.69650406,-0.22531801,0.73345745,-0.02275473,-3.6044104,0.9569204
3021,2026-05-11 16:10:16.754585,0.69650406,-0.22531801,0.73345745,-0.02275473,-3.6044104,0.9569204
3022,2026-05-11 16:10:16.757254,0.69650406,-0.22531801,0.73345745,-0.5688683,-3.7852266,1.067487
3023,2026-05-11 16:10:16.760051,0.69650406,-0.22531801,0.73345745,-0.5688683,-3.7852266,1.067487
3024,2026-05-11 16:10:16.762845,0.69650406,-0.22531801,0.73345745,-0.5688683,-3.7852266,1.067487
3025,2026-05-11 16:10:16.765575,0.7358966,-0.22281788,0.7827895,-0.8142834,-3.7328448,1.0929906
3026,2026-05-11 16:10:16.768620,0.7358966,-0.22281788,0.7827895,-0.8142834,-3.7328448,1.0929906
3027,2026-05-11 16:10:16.771413,0.7358966,-0.22281788,0.7827895,-0.8142834,-3.7328448,1.0929906
3028,2026-05-11 16:10:16.774023,0.7358966,-0.22281788,0.7827895,-0.8142834,-3.7328448,1.0929906
3029,2026-05-11 16:10:16.776910,0.7358966,-0.22281788,0.7827895,-0.8142834,-3.7328448,1.0929906
3030,2026-05-11 16:10:16.779586,0.7358966,-0.22281788,0.7827895,-0.8142834,-3.7328448,1.0929906
3031,2026-05-11 16:10:16.782320,0.83004844,-0.23501371,1.0114615,-1.5630515,-3.345098,1.1716396
3032,2026-05-11 16:10:16.785483,0.9000525,-0.23111105,1.126651,-1.6991217,-3.2597296,1.1641564
3033,2026-05-11 16:10:16.788236,0.9000525,-0.23111105,1.126651,-1.6991217,-3.2597296,1.1641564
3034,2026-05-11 16:10:16.791051,0.9000525,-0.23111105,1.126651,-1.6991217,-3.2597296,1.1641564
3035,2026-05-11 16:10:16.793713,0.9000525,-0.23111105,1.126651,-1.6991217,-3.2597296,1.1641564
3036,2026-05-11 16:10:16.796478,1.0121323,-0.21263437,1.2050093,-1.6991217,-3.2597296,1.1641564
3037,2026-05-11 16:10:16.799165,1.0121323,-0.21263437,1.2050093,-1.6991217,-3.2597296,1.1641564
3038,2026-05-11 16:10:16.802674,1.0121323,-0.21263437,1.2050093,-1.8597792,-3.1682527,1.0994047
3039,2026-05-11 16:10:16.805330,1.0121323,-0.21263437,1.2050093,-1.8597792,-3.1682527,1.0994047
3040,2026-05-11 16:10:16.807965,1.0121323,-0.21263437,1.2050093,-1.8597792,-3.1682527,1.0994047
3041,2026-05-11 16:10:16.810726,1.0121323,-0.21263437,1.2050093,-1.8597792,-3.1682527,1.0994047
3042,2026-05-11 16:10:16.813389,1.1672022,-0.18397415,1.2456214,-2.2036965,-3.0430253,0.86819226
3043,2026-05-11 16:10:16.816297,1.2360477,-0.14702077,1.4291078,-2.2036965,-3.0430253,0.86819226
3044,2026-05-11 16:10:16.819393,1.2360477,-0.14702077,1.4291078,-2.2036965,-3.0430253,0.86819226
3045,2026-05-11 16:10:16.822028,1.2360477,-0.14702077,1.4291078,-2.2036965,-3.0430253,0.86819226
3046,2026-05-11 16:10:16.824839,1.2360477,-0.14702077,1.4291078,-2.2036965,-3.0430253,0.86819226
3047,2026-05-11 16:10:16.827626,1.191411,-0.14006914,1.7380892,-2.7853928,-2.3904684,0.37873647
3048,2026-05-11 16:10:16.830349,1.191411,-0.14006914,1.7380892,-2.7853928,-2.3904684,0.37873647
3049,2026-05-11 16:10:16.833523,1.191411,-0.14006914,1.7380892,-2.7853928,-2.3904684,0.37873647
3050,2026-05-11 16:10:16.836404,1.191411,-0.14006914,1.7380892,-2.7853928,-2.3904684,0.37873647
3051,2026-05-11 16:10:16.839196,1.191411,-0.14006914,1.7380892,-2.730873,-1.9306396,0.22556199
3052,2026-05-11 16:10:16.841896,1.191411,-0.14006914,1.7380892,-2.730873,-1.9306396,0.22556199
3053,2026-05-11 16:10:16.844524,1.191411,-0.14006914,1.7380892,-2.730873,-1.9306396,0.22556199
3054,2026-05-11 16:10:16.847299,1.191411,-0.14006914,1.7380892,-2.730873,-1.9306396,0.22556199
3055,2026-05-11 16:10:16.850639,1.1397616,-0.14872819,1.9350519,-2.730873,-1.9306396,0.22556199
3056,2026-05-11 16:10:16.853491,1.1397616,-0.14872819,1.9350519,-2.730873,-1.9306396,0.22556199
3057,2026-05-11 16:10:16.856229,1.1397616,-0.14872819,1.9350519,-2.730873,-1.9306396,0.22556199
3058,2026-05-11 16:10:16.858969,1.1397616,-0.14872819,1.9350519,-2.730873,-1.9306396,0.22556199
3059,2026-05-11 16:10:16.861600,1.1397616,-0.14872819,1.9350519,-2.730873,-1.9306396,0.22556199
3060,2026-05-11 16:10:16.864219,1.1397616,-0.14872819,1.9350519,-2.730873,-1.9306396,0.22556199
3061,2026-05-11 16:10:16.867402,1.0283527,-0.1847059,2.2246418,-2.730873,-1.9306396,0.22556199
3062,2026-05-11 16:10:16.870239,1.0283527,-0.1847059,2.2246418,-2.288912,-1.4025466,0.07849618
3063,2026-05-11 16:10:16.872956,1.0283527,-0.1847059,2.2246418,-2.288912,-1.4025466,0.07849618
3064,2026-05-11 16:10:16.875556,1.0283527,-0.1847059,2.2246418,-2.288912,-1.4025466,0.07849618
3065,2026-05-11 16:10:16.878413,1.0283527,-0.1847059,2.2246418,-2.288912,-1.4025466,0.07849618
3066,2026-05-11 16:10:16.881008,1.0283527,-0.1847059,2.2246418,-2.288912,-1.4025466,0.07849618
3067,2026-05-11 16:10:16.884314,1.0283527,-0.1847059,2.2246418,-1.4155275,-0.9486737,-0.011759156
3068,2026-05-11 16:10:16.887281,0.8968816,-0.22873287,2.321416,-1.4155275,-0.9486737,-0.011759156
3069,2026-05-11 16:10:16.890030,0.8968816,-0.22873287,2.321416,-1.4155275,-0.9486737,-0.011759156
3070,2026-05-11 16:10:16.892853,0.8451712,-0.24739249,2.3250136,-0.9285152,-0.7884743,-0.0025961774
3071,2026-05-11 16:10:16.895664,0.83791476,-0.25391725,2.2909262,0.015271631,-0.47158796,0.0693332
3072,2026-05-11 16:10:16.898504,0.83791476,-0.25391725,2.2909262,0.015271631,-0.47158796,0.0693332
3073,2026-05-11 16:10:16.928147,0.83791476,-0.25391725,2.2909262,0.015271631,-0.47158796,0.0693332
3074,2026-05-11 16:10:16.934328,0.83791476,-0.25391725,2.2909262,0.015271631,-0.47158796,0.0693332
3075,2026-05-11 16:10:16.940638,0.8888324,-0.2344649,2.1996405,0.6934848,-0.14477506,0.112704635
3076,2026-05-11 16:10:16.943703,0.8888324,-0.2344649,2.1996405,0.6934848,-0.14477506,0.112704635
3077,2026-05-11 16:10:16.946636,0.8888324,-0.2344649,2.1996405,1.114371,0.15439619,0.13545936
3078,2026-05-11 16:10:16.949413,0.8888324,-0.2344649,2.1996405,1.114371,0.15439619,0.13545936
3079,2026-05-11 16:10:16.952392,0.9227978,-0.20056048,2.0766454,1.114371,0.15439619,0.13545936
3080,2026-05-11 16:10:16.955421,0.9227978,-0.20056048,2.0766454,1.114371,0.15439619,0.13545936
3081,2026-05-11 16:10:16.958256,0.9227978,-0.20056048,2.0766454,1.114371,0.15439619,0.13545936
3082,2026-05-11 16:10:16.961087,0.96401966,-0.1299466,1.9412109,1.114371,0.15439619,0.13545936
3083,2026-05-11 16:10:16.963928,0.96401966,-0.1299466,1.9412109,1.114371,0.15439619,0.13545936
3084,2026-05-11 16:10:16.967115,0.96401966,-0.1299466,1.9412109,1.4769194,0.5013676,0.13942999
3085,2026-05-11 16:10:16.970025,0.96401966,-0.1299466,1.9412109,1.4769194,0.5013676,0.13942999
3086,2026-05-11 16:10:16.972757,1.0214621,-0.07823627,1.7969952,1.694082,0.8373435,0.12034045
3087,2026-05-11 16:10:16.975636,1.0214621,-0.07823627,1.7969952,1.5633569,1.8312213,-0.25060746
3088,2026-05-11 16:10:16.978419,1.0214621,-0.07823627,1.7969952,1.5633569,1.8312213,-0.25060746
3089,2026-05-11 16:10:16.981042,1.0214621,-0.07823627,1.7969952,1.5633569,1.8312213,-0.25060746
3090,2026-05-11 16:10:16.984277,1.0214621,-0.07823627,1.7969952,1.5633569,1.8312213,-0.25060746
3091,2026-05-11 16:10:16.987058,1.0214621,-0.07823627,1.7969952,1.5633569,1.8312213,-0.25060746
3092,2026-05-11 16:10:16.989874,1.0214621,-0.07823627,1.7969952,1.5633569,1.8312213,-0.25060746
3093,2026-05-11 16:10:16.992517,1.0214621,-0.07823627,1.7969952,1.5633569,1.8312213,-0.25060746
3094,2026-05-11 16:10:16.995249,1.0214621,-0.07823627,1.7969952,1.3162619,2.7684412,-0.64644814
3095,2026-05-11 16:10:16.998061,1.0214621,-0.07823627,1.7969952,1.3162619,2.7684412,-0.64644814
3096,2026-05-11 16:10:17.001138,0.8880396,-0.09049308,1.4614267,1.3162619,2.7684412,-0.64644814
3097,2026-05-11 16:10:17.003940,0.8880396,-0.09049308,1.4614267,1.3162619,2.7684412,-0.64644814
3098,2026-05-11 16:10:17.006728,0.8880396,-0.09049308,1.4614267,1.267698,2.981786,-0.6417139
3099,2026-05-11 16:10:17.009399,0.8729168,-0.10799411,1.4486821,1.2321151,3.0192015,-0.63148195
3100,2026-05-11 16:10:17.012002,0.8729168,-0.10799411,1.4486821,1.2321151,3.0192015,-0.63148195
3101,2026-05-11 16:10:17.014766,0.8729168,-0.10799411,1.4486821,1.2321151,3.0192015,-0.63148195
3102,2026-05-11 16:10:17.017815,0.8729168,-0.10799411,1.4486821,1.2321151,3.0192015,-0.63148195
3103,2026-05-11 16:10:17.020657,0.9736544,-0.14567922,1.5789946,1.2321151,3.0192015,-0.63148195
3104,2026-05-11 16:10:17.023381,0.9736544,-0.14567922,1.5789946,1.2321151,3.0192015,-0.63148195
3105,2026-05-11 16:10:17.026230,1.0793923,-0.14287418,1.6553406,1.379181,3.5819612,-0.6568329
3106,2026-05-11 16:10:17.028891,1.0793923,-0.14287418,1.6553406,1.379181,3.5819612,-0.6568329
3107,2026-05-11 16:10:17.031722,1.0676233,-0.16110696,1.6737561,1.7163786,3.5619552,-0.82986045
3108,2026-05-11 16:10:17.034894,1.0676233,-0.16110696,1.6737561,1.7163786,3.5619552,-0.82986045
3109,2026-05-11 16:10:17.037604,1.0676233,-0.16110696,1.6737561,1.7163786,3.5619552,-0.82986045
3110,2026-05-11 16:10:17.040309,1.0676233,-0.16110696,1.6737561,1.7163786,3.5619552,-0.82986045
3111,2026-05-11 16:10:17.043054,1.0676233,-0.16110696,1.6737561,2.0363193,3.626096,-0.9202685
3112,2026-05-11 16:10:17.045742,1.0676233,-0.16110696,1.6737561,2.0363193,3.626096,-0.9202685
3113,2026-05-11 16:10:17.048402,0.9813377,-0.18842563,1.6553406,2.0363193,3.626096,-0.9202685
3114,2026-05-11 16:10:17.051596,0.9813377,-0.18842563,1.6553406,2.0363193,3.626096,-0.9202685
3115,2026-05-11 16:10:17.054402,0.9813377,-0.18842563,1.6553406,2.0363193,3.626096,-0.9202685
3116,2026-05-11 16:10:17.056988,0.9813377,-0.18842563,1.6553406,2.0363193,3.626096,-0.9202685
3117,2026-05-11 16:10:17.059594,0.9813377,-0.18842563,1.6553406,2.0363193,3.626096,-0.9202685
3118,2026-05-11 16:10:17.062203,0.9813377,-0.18842563,1.6553406,2.0363193,3.626096,-0.9202685
3119,2026-05-11 16:10:17.064887,0.9813377,-0.18842563,1.6553406,2.0363193,3.626096,-0.9202685
3120,2026-05-11 16:10:17.068093,0.9437745,-0.24861206,1.4500237,2.0363193,3.626096,-0.9202685
3121,2026-05-11 16:10:17.070798,0.9437745,-0.24861206,1.4500237,2.0363193,3.626096,-0.9202685
3122,2026-05-11 16:10:17.073637,0.9437745,-0.24861206,1.4500237,2.5147796,4.116163,-0.8651379
3123,2026-05-11 16:10:17.076356,0.9437745,-0.24861206,1.4500237,2.5147796,4.116163,-0.8651379
3124,2026-05-11 16:10:17.079012,0.9437745,-0.24861206,1.4500237,2.5147796,4.116163,-0.8651379
3125,2026-05-11 16:10:17.081735,0.9437745,-0.24861206,1.4500237,2.5147796,4.116163,-0.8651379
3126,2026-05-11 16:10:17.084740,0.9437745,-0.24861206,1.4500237,2.5147796,4.116163,-0.8651379
3127,2026-05-11 16:10:17.087611,0.9437745,-0.24861206,1.4500237,2.4205534,3.919617,-0.8938486
3128,2026-05-11 16:10:17.090295,0.9437745,-0.24861206,1.4500237,2.4205534,3.919617,-0.8938486
3129,2026-05-11 16:10:17.092898,0.9437745,-0.24861206,1.4500237,2.4205534,3.919617,-0.8938486
3130,2026-05-11 16:10:17.095548,0.9437745,-0.24861206,1.4500237,2.446057,4.3360744,-0.7835874
3131,2026-05-11 16:10:17.098152,0.9437745,-0.24861206,1.4500237,2.446057,4.3360744,-0.7835874
3132,2026-05-11 16:10:17.101267,0.9437745,-0.24861206,1.4500237,2.446057,4.3360744,-0.7835874
3133,2026-05-11 16:10:17.104143,0.8965767,-0.23342825,1.3836783,2.446057,4.3360744,-0.7835874
3134,2026-05-11 16:10:17.106775,0.8965767,-0.23342825,1.3836783,2.446057,4.3360744,-0.7835874
3135,2026-05-11 16:10:17.109389,0.8965767,-0.23342825,1.3836783,2.446057,4.3360744,-0.7835874
3136,2026-05-11 16:10:17.112039,0.8965767,-0.23342825,1.3836783,2.446057,4.3360744,-0.7835874
3137,2026-05-11 16:10:17.114818,0.9092604,-0.23544057,1.390081,2.446057,4.3360744,-0.7835874
3138,2026-05-11 16:10:17.117819,0.9092604,-0.23544057,1.390081,2.446057,4.3360744,-0.7835874
3139,2026-05-11 16:10:17.120644,0.9092604,-0.23544057,1.390081,2.446057,4.3360744,-0.7835874
3140,2026-05-11 16:10:17.123279,0.9092604,-0.23544057,1.390081,2.446057,4.3360744,-0.7835874
3141,2026-05-11 16:10:17.126026,0.9020039,-0.23373315,1.3627625,2.446057,4.3360744,-0.7835874
3142,2026-05-11 16:10:17.128759,0.8849297,-0.23348923,1.3388586,2.4573581,4.5291076,-0.68019843
3143,2026-05-11 16:10:17.131570,0.8849297,-0.23348923,1.3388586,2.4573581,4.5291076,-0.68019843
3144,2026-05-11 16:10:17.134610,0.8849297,-0.23348923,1.3388586,2.4573581,4.5291076,-0.68019843
3145,2026-05-11 16:10:17.137361,0.8849297,-0.23348923,1.3388586,2.4573581,4.5291076,-0.68019843
3146,2026-05-11 16:10:17.140044,0.8849297,-0.23348923,1.3388586,2.4573581,4.5291076,-0.68019843
3147,2026-05-11 16:10:17.142976,0.8977963,-0.22019579,1.2687936,2.2843306,4.562858,-0.7101309
3148,2026-05-11 16:10:17.145616,0.8977963,-0.22019579,1.2687936,2.2843306,4.562858,-0.7101309
3149,2026-05-11 16:10:17.148440,0.93798155,-0.15055756,1.1908011,2.2540927,4.5442266,-0.74082685
3150,2026-05-11 16:10:17.151414,0.93798155,-0.15055756,1.1908011,2.1739166,4.510476,-0.80680025
3151,2026-05-11 16:10:17.154327,0.8383416,-0.14397182,1.2079364,2.1739166,4.510476,-0.80680025
3152,2026-05-11 16:10:17.157014,0.8383416,-0.14397182,1.2079364,2.1739166,4.510476,-0.80680025
3153,2026-05-11 16:10:17.159727,0.8383416,-0.14397182,1.2079364,2.1739166,4.510476,-0.80680025
3154,2026-05-11 16:10:17.162369,0.8383416,-0.14397182,1.2079364,2.1739166,4.510476,-0.80680025
3155,2026-05-11 16:10:17.165175,0.8383416,-0.14397182,1.2079364,2.1739166,4.510476,-0.80680025
3156,2026-05-11 16:10:17.168365,0.8383416,-0.14397182,1.2079364,2.1739166,4.510476,-0.80680025
3157,2026-05-11 16:10:17.171294,0.69418687,-0.16659509,1.3153816,2.136654,4.4826818,-0.77411896
3158,2026-05-11 16:10:17.174000,0.69418687,-0.16659509,1.3153816,2.136654,4.4826818,-0.77411896
3159,2026-05-11 16:10:17.176733,0.69418687,-0.16659509,1.3153816,2.136654,4.4826818,-0.77411896
3160,2026-05-11 16:10:17.179374,0.69418687,-0.16659509,1.3153816,2.136654,4.4826818,-0.77411896
3161,2026-05-11 16:10:17.182087,0.69418687,-0.16659509,1.3153816,2.136654,4.4826818,-0.77411896
3162,2026-05-11 16:10:17.185306,0.69418687,-0.16659509,1.3153816,2.136654,4.4826818,-0.77411896
3163,2026-05-11 16:10:17.188132,0.69418687,-0.16659509,1.3153816,2.136654,4.4826818,-0.77411896
3164,2026-05-11 16:10:17.190899,0.69418687,-0.16659509,1.3153816,2.136654,4.4826818,-0.77411896
3165,2026-05-11 16:10:17.193739,0.69418687,-0.16659509,1.3153816,2.1700988,4.469701,-0.6411031
3166,2026-05-11 16:10:17.196486,0.69418687,-0.16659509,1.3153816,2.1700988,4.469701,-0.6411031
3167,2026-05-11 16:10:17.199195,0.69418687,-0.16659509,1.3153816,2.1700988,4.469701,-0.6411031
3168,2026-05-11 16:10:17.202321,0.6286342,-0.19269417,1.3836783,2.1700988,4.469701,-0.6411031
3169,2026-05-11 16:10:17.204983,0.6286342,-0.19269417,1.3836783,2.1700988,4.469701,-0.6411031
3170,2026-05-11 16:10:17.207755,0.6286342,-0.19269417,1.3836783,2.1700988,4.469701,-0.6411031
3171,2026-05-11 16:10:17.210399,0.6286342,-0.19269417,1.3836783,2.1700988,4.469701,-0.6411031
3172,2026-05-11 16:10:17.212942,0.6286342,-0.19269417,1.3836783,2.1700988,4.469701,-0.6411031
3173,2026-05-11 16:10:17.215613,0.6286342,-0.19269417,1.3836783,2.2464569,4.7375655,-0.33826664
3174,2026-05-11 16:10:17.218593,0.6286342,-0.19269417,1.3836783,2.2464569,4.7375655,-0.33826664
3175,2026-05-11 16:10:17.221217,0.6286342,-0.19269417,1.3836783,2.2464569,4.7375655,-0.33826664
3176,2026-05-11 16:10:17.223814,0.6286342,-0.19269417,1.3836783,2.2464569,4.7375655,-0.33826664
3177,2026-05-11 16:10:17.226366,0.6286342,-0.19269417,1.3836783,2.2464569,4.7375655,-0.33826664
3178,2026-05-11 16:10:17.229424,0.60119367,-0.19799936,1.4298396,3.5311065,4.565607,-0.004428773
3179,2026-05-11 16:10:17.232077,0.60119367,-0.19799936,1.4298396,3.5311065,4.565607,-0.004428773
3180,2026-05-11 16:10:17.235215,0.60119367,-0.19799936,1.4298396,3.5311065,4.565607,-0.004428773
3181,2026-05-11 16:10:17.237961,0.60119367,-0.19799936,1.4298396,3.5311065,4.565607,-0.004428773
3182,2026-05-11 16:10:17.240713,0.60119367,-0.19799936,1.4298396,3.5311065,4.565607,-0.004428773
3183,2026-05-11 16:10:17.243409,0.62058496,-0.18885247,1.2862946,3.5311065,4.565607,-0.004428773
3184,2026-05-11 16:10:17.246094,0.6533918,-0.16202165,1.0240841,3.957185,4.125173,-0.051159963
3185,2026-05-11 16:10:17.248999,0.73687226,-0.012805625,0.520945,3.7771325,3.830125,-0.5152648
3186,2026-05-11 16:10:17.252134,0.73687226,-0.012805625,0.520945,3.7771325,3.830125,-0.5152648
3187,2026-05-11 16:10:17.254883,0.73687226,-0.012805625,0.520945,3.7771325,3.830125,-0.5152648
3188,2026-05-11 16:10:17.257517,0.73687226,-0.012805625,0.520945,3.7771325,3.830125,-0.5152648
3189,2026-05-11 16:10:17.260334,0.61314553,-0.0018903542,0.42892745,2.718045,4.439005,-0.68661255
3190,2026-05-11 16:10:17.263154,0.61314553,-0.0018903542,0.42892745,2.718045,4.439005,-0.68661255
3191,2026-05-11 16:10:17.265942,0.40910926,-0.024330689,0.45581928,2.718045,4.439005,-0.68661255
3192,2026-05-11 16:10:17.269320,0.40910926,-0.024330689,0.45581928,2.718045,4.439005,-0.68661255
3193,2026-05-11 16:10:17.272053,0.40910926,-0.024330689,0.45581928,2.718045,4.439005,-0.68661255
3194,2026-05-11 16:10:17.274873,0.3225798,-0.028172374,0.544544,2.718045,4.439005,-0.68661255
3195,2026-05-11 16:10:17.277549,0.3225798,-0.028172374,0.544544,2.718045,4.439005,-0.68661255
3196,2026-05-11 16:10:17.280256,0.3225798,-0.028172374,0.544544,2.414292,4.5599566,-0.5552765
3197,2026-05-11 16:10:17.283288,0.3225798,-0.028172374,0.544544,2.414292,4.5599566,-0.5552765
3198,2026-05-11 16:10:17.286138,0.3225798,-0.028172374,0.544544,2.414292,4.5599566,-0.5552765
3199,2026-05-11 16:10:17.288748,0.3225798,-0.028172374,0.544544,2.414292,4.5599566,-0.5552765
3200,2026-05-11 16:10:17.291499,0.3225798,-0.028172374,0.544544,2.414292,4.5599566,-0.5552765
3201,2026-05-11 16:10:17.294176,0.3225798,-0.028172374,0.544544,2.414292,4.5599566,-0.5552765
3202,2026-05-11 16:10:17.296949,0.3225798,-0.028172374,0.544544,2.414292,4.5599566,-0.5552765
3203,2026-05-11 16:10:17.299931,0.30196884,-0.013781292,0.5751555,2.414292,4.5599566,-0.5552765
3204,2026-05-11 16:10:17.303007,0.30196884,-0.013781292,0.5751555,2.152231,4.5553746,-0.34345898
3205,2026-05-11 16:10:17.305706,0.30196884,-0.013781292,0.5751555,2.152231,4.5553746,-0.34345898
3206,2026-05-11 16:10:17.308375,0.30196884,-0.013781292,0.5751555,2.152231,4.5553746,-0.34345898
3207,2026-05-11 16:10:17.311206,0.30196884,-0.013781292,0.5751555,2.152231,4.5553746,-0.34345898
3208,2026-05-11 16:10:17.313958,0.4612464,0.08415125,0.6788201,1.7852536,4.491234,-0.46181414
3209,2026-05-11 16:10:17.316949,0.4612464,0.08415125,0.6788201,1.7852536,4.491234,-0.46181414
3210,2026-05-11 16:10:17.319958,0.29263905,0.055308107,0.8231578,1.7105755,4.5565968,-0.55878896
3211,2026-05-11 16:10:17.322708,0.29263905,0.055308107,0.8231578,1.7105755,4.5565968,-0.55878896
3212,2026-05-11 16:10:17.325343,0.29263905,0.055308107,0.8231578,1.8406897,4.654946,-0.50671273
3213,2026-05-11 16:10:17.328135,0.20104831,-0.006707709,0.96621495,2.398257,4.787351,-0.3943135
3214,2026-05-11 16:10:17.330829,0.20104831,-0.006707709,0.96621495,2.398257,4.787351,-0.3943135
3215,2026-05-11 16:10:17.333806,0.21330512,-0.060491335,0.9734105,2.398257,4.787351,-0.3943135
3216,2026-05-11 16:10:17.336541,0.21330512,-0.060491335,0.9734105,2.398257,4.787351,-0.3943135
3217,2026-05-11 16:10:17.339167,0.21330512,-0.060491335,0.9734105,2.398257,4.787351,-0.3943135
3218,2026-05-11 16:10:17.341766,0.21330512,-0.060491335,0.9734105,2.398257,4.787351,-0.3943135
3219,2026-05-11 16:10:17.344657,0.21330512,-0.060491335,0.9734105,2.398257,4.787351,-0.3943135
3220,2026-05-11 16:10:17.347293,0.21330512,-0.060491335,0.9734105,2.398257,4.787351,-0.3943135
3221,2026-05-11 16:10:17.350174,0.21330512,-0.060491335,0.9734105,2.398257,4.787351,-0.3943135
3222,2026-05-11 16:10:17.353047,0.21330512,-0.060491335,0.9734105,2.398257,4.787351,-0.3943135
3223,2026-05-11 16:10:17.355645,0.21330512,-0.060491335,0.9734105,2.398257,4.787351,-0.3943135
3224,2026-05-11 16:10:17.358486,0.21440275,-0.06969919,0.91499245,2.6487117,4.785824,-0.37522396
3225,2026-05-11 16:10:17.361206,0.20989029,-0.09762765,0.54100716,2.6487117,4.785824,-0.37522396
3226,2026-05-11 16:10:17.363917,0.20989029,-0.09762765,0.54100716,2.6487117,4.785824,-0.37522396
3227,2026-05-11 16:10:17.366865,0.20989029,-0.09762765,0.54100716,2.6487117,4.785824,-0.37522396
3228,2026-05-11 16:10:17.369933,0.20989029,-0.09762765,0.54100716,3.5964692,4.484209,-0.40103304
3229,2026-05-11 16:10:17.372571,0.20989029,-0.09762765,0.54100716,3.5964692,4.484209,-0.40103304
3230,2026-05-11 16:10:17.375159,0.20989029,-0.09762765,0.54100716,3.5964692,4.484209,-0.40103304
3231,2026-05-11 16:10:17.377844,0.20989029,-0.09762765,0.54100716,3.5964692,4.484209,-0.40103304
3232,2026-05-11 16:10:17.380616,0.15976542,-0.098603316,0.051039565,4.2397103,3.7959166,-0.4970916
3233,2026-05-11 16:10:17.383695,0.15976542,-0.098603316,0.051039565,4.2397103,3.7959166,-0.4970916
3234,2026-05-11 16:10:17.386546,0.11823861,-0.03000175,-0.3579477,4.2397103,3.7959166,-0.4970916
3235,2026-05-11 16:10:17.389234,0.11823861,-0.03000175,-0.3579477,4.2397103,3.7959166,-0.4970916
3236,2026-05-11 16:10:17.391842,0.11823861,-0.03000175,-0.3579477,4.2397103,3.7959166,-0.4970916
3237,2026-05-11 16:10:17.394691,0.11823861,-0.03000175,-0.3579477,4.2397103,3.7959166,-0.4970916
3238,2026-05-11 16:10:17.397457,0.11823861,-0.03000175,-0.3579477,4.2397103,3.7959166,-0.4970916
3239,2026-05-11 16:10:17.400597,0.069760166,0.066772185,-0.7478485,4.2397103,3.7959166,-0.4970916
3240,2026-05-11 16:10:17.403512,0.069760166,0.066772185,-0.7478485,4.085161,3.2933273,-0.6421721
3241,2026-05-11 16:10:17.406234,0.069760166,0.066772185,-0.7478485,4.085161,3.2933273,-0.6421721
3242,2026-05-11 16:10:17.408999,0.019635292,0.10451829,-1.033231,4.085161,3.2933273,-0.6421721
3243,2026-05-11 16:10:17.411684,0.019635292,0.10451829,-1.033231,4.085161,3.2933273,-0.6421721
3244,2026-05-11 16:10:17.414377,0.019635292,0.10451829,-1.033231,3.7358992,3.0663908,-0.78893244
3245,2026-05-11 16:10:17.417407,0.019635292,0.10451829,-1.033231,3.7358992,3.0663908,-0.78893244
3246,2026-05-11 16:10:17.420338,0.019635292,0.10451829,-1.033231,3.7358992,3.0663908,-0.78893244
3247,2026-05-11 16:10:17.422981,0.019635292,0.10451829,-1.033231,3.7358992,3.0663908,-0.78893244
3248,2026-05-11 16:10:17.425574,0.019635292,0.10451829,-1.033231,3.7358992,3.0663908,-0.78893244
3249,2026-05-11 16:10:17.428333,0.019635292,0.10451829,-1.033231,3.7358992,3.0663908,-0.78893244
3250,2026-05-11 16:10:17.431063,0.019635292,0.10451829,-1.033231,3.7358992,3.0663908,-0.78893244
3251,2026-05-11 16:10:17.434210,0.019635292,0.10451829,-1.033231,3.7358992,3.0663908,-0.78893244
3252,2026-05-11 16:10:17.436928,0.019635292,0.10451829,-1.033231,3.7358992,3.0663908,-0.78893244
3253,2026-05-11 16:10:17.439700,0.019635292,0.10451829,-1.033231,3.7358992,3.0663908,-0.78893244
3254,2026-05-11 16:10:17.442312,0.019635292,0.10451829,-1.033231,3.7358992,3.0663908,-0.78893244
3255,2026-05-11 16:10:17.445012,0.019635292,0.10451829,-1.033231,3.101363,2.8693867,-0.93492925
3256,2026-05-11 16:10:17.447662,0.019635292,0.10451829,-1.033231,3.101363,2.8693867,-0.93492925
3257,2026-05-11 16:10:17.450818,-0.07000408,0.12159246,-1.3134913,3.101363,2.8693867,-0.93492925
3258,2026-05-11 16:10:17.453693,-0.07000408,0.12159246,-1.3134913,3.101363,2.8693867,-0.93492925
3259,2026-05-11 16:10:17.456383,-0.07000408,0.12159246,-1.3134913,3.101363,2.8693867,-0.93492925
3260,2026-05-11 16:10:17.459101,-0.1750712,0.07091877,-1.4508773,2.3794727,2.2510383,-1.0604621
3261,2026-05-11 16:10:17.461768,-0.3314218,-0.03640456,-1.5418583,2.3794727,2.2510383,-1.0604621
3262,2026-05-11 16:10:17.464428,-0.3314218,-0.03640456,-1.5418583,2.3794727,2.2510383,-1.0604621
3263,2026-05-11 16:10:17.467406,-0.3314218,-0.03640456,-1.5418583,2.3794727,2.2510383,-1.0604621
3264,2026-05-11 16:10:17.470351,-0.3314218,-0.03640456,-1.5418583,2.3794727,2.2510383,-1.0604621
3265,2026-05-11 16:10:17.473008,-0.3314218,-0.03640456,-1.5418583,2.3794727,2.2510383,-1.0604621
3266,2026-05-11 16:10:17.475612,-0.3314218,-0.03640456,-1.5418583,2.4573581,1.704925,-0.93279123
3267,2026-05-11 16:10:17.478483,-0.3314218,-0.03640456,-1.5418583,2.4573581,1.704925,-0.93279123
3268,2026-05-11 16:10:17.481081,-0.47758886,-0.14537434,-1.6103989,2.4573581,1.704925,-0.93279123
3269,2026-05-11 16:10:17.484449,-0.47758886,-0.14537434,-1.6103989,2.4573581,1.704925,-0.93279123
3270,2026-05-11 16:10:17.487325,-0.47758886,-0.14537434,-1.6103989,2.4573581,1.704925,-0.93279123
3271,2026-05-11 16:10:17.490080,-0.53990954,-0.187328,-1.6735734,2.4573581,1.704925,-0.93279123
3272,2026-05-11 16:10:17.492914,-0.53990954,-0.187328,-1.6735734,2.6273315,1.1965322,-0.7611381
3273,2026-05-11 16:10:17.495585,-0.53990954,-0.187328,-1.6735734,2.6273315,1.1965322,-0.7611381
3274,2026-05-11 16:10:17.498284,-0.53990954,-0.187328,-1.6735734,2.6273315,1.1965322,-0.7611381
3275,2026-05-11 16:10:17.501534,-0.53990954,-0.187328,-1.6735734,2.6273315,1.1965322,-0.7611381
3276,2026-05-11 16:10:17.504492,-0.53990954,-0.187328,-1.6735734,2.6273315,1.1965322,-0.7611381
3277,2026-05-11 16:10:17.507118,-0.53990954,-0.187328,-1.6735734,2.6273315,1.1965322,-0.7611381
3278,2026-05-11 16:10:17.509821,-0.53990954,-0.187328,-1.6735734,2.6273315,1.1965322,-0.7611381
3279,2026-05-11 16:10:17.512425,-0.53990954,-0.187328,-1.6735734,2.6273315,1.1965322,-0.7611381
3280,2026-05-11 16:10:17.514999,-0.53990954,-0.187328,-1.6735734,2.6273315,1.1965322,-0.7611381
3281,2026-05-11 16:10:17.518279,-0.6243047,-0.2273913,-1.9009036,2.6273315,1.1965322,-0.7611381
3282,2026-05-11 16:10:17.521282,-0.6243047,-0.2273913,-1.9009036,2.7052166,0.59559363,-0.5155703
3283,2026-05-11 16:10:17.524086,-0.6243047,-0.2273913,-1.9009036,2.7052166,0.59559363,-0.5155703
3284,2026-05-11 16:10:17.526792,-0.6243047,-0.2273913,-1.9009036,2.7052166,0.59559363,-0.5155703
3285,2026-05-11 16:10:17.529492,-0.6243047,-0.2273913,-1.9009036,2.4145975,0.03970624,-0.2322815
3286,2026-05-11 16:10:17.532563,-0.6243047,-0.2273913,-1.9009036,2.4145975,0.03970624,-0.2322815
3287,2026-05-11 16:10:17.536101,-0.6243047,-0.2273913,-1.9009036,2.4145975,0.03970624,-0.2322815
3288,2026-05-11 16:10:17.538915,-0.6243047,-0.2273913,-1.9009036,2.4145975,0.03970624,-0.2322815
3289,2026-05-11 16:10:17.541760,-0.6243047,-0.2273913,-1.9009036,2.4145975,0.03970624,-0.2322815
3290,2026-05-11 16:10:17.544603,-0.6243047,-0.2273913,-1.9009036,2.4145975,0.03970624,-0.2322815
3291,2026-05-11 16:10:17.547346,-0.7244935,-0.18165694,-2.0530467,2.4145975,0.03970624,-0.2322815
3292,2026-05-11 16:10:17.550795,-0.7244935,-0.18165694,-2.0530467,2.4145975,0.03970624,-0.2322815
3293,2026-05-11 16:10:17.553732,-0.7244935,-0.18165694,-2.0530467,2.4145975,0.03970624,-0.2322815
3294,2026-05-11 16:10:17.556480,-0.80693734,-0.072138354,-2.0769506,1.7589865,-0.59773165,0.09254608
3295,2026-05-11 16:10:17.559123,-0.80693734,-0.072138354,-2.0769506,1.7589865,-0.59773165,0.09254608
3296,2026-05-11 16:10:17.561910,-0.80693734,-0.072138354,-2.0769506,1.7589865,-0.59773165,0.09254608
3297,2026-05-11 16:10:17.564580,-0.80693734,-0.072138354,-2.0769506,1.7589865,-0.59773165,0.09254608
3298,2026-05-11 16:10:17.567822,-0.80693734,-0.072138354,-2.0769506,1.7589865,-0.59773165,0.09254608
3299,2026-05-11 16:10:17.570682,-0.7526659,0.027196707,-1.9250513,1.7589865,-0.59773165,0.09254608
3300,2026-05-11 16:10:17.573640,-0.7526659,0.027196707,-1.9250513,0.8552113,-1.2362386,0.420428
3301,2026-05-11 16:10:17.576587,-0.7526659,0.027196707,-1.9250513,0.8552113,-1.2362386,0.420428
3302,2026-05-11 16:10:17.579525,-0.7526659,0.027196707,-1.9250513,0.8552113,-1.2362386,0.420428
3303,2026-05-11 16:10:17.582478,-0.7526659,0.027196707,-1.9250513,0.8552113,-1.2362386,0.420428
3304,2026-05-11 16:10:17.585942,-0.7526659,0.027196707,-1.9250513,0.8552113,-1.2362386,0.420428
3305,2026-05-11 16:10:17.588658,-0.7526659,0.027196707,-1.9250513,0.8552113,-1.2362386,0.420428
3306,2026-05-11 16:10:17.591316,-0.7526659,0.027196707,-1.9250513,0.8552113,-1.2362386,0.420428
3307,2026-05-11 16:10:17.594133,-0.7526659,0.027196707,-1.9250513,0.8552113,-1.2362386,0.420428
3308,2026-05-11 16:10:17.596880,-0.7526659,0.027196707,-1.9250513,0.2771801,-1.536326,0.5688683
3309,2026-05-11 16:10:17.600286,-0.6594287,0.08585867,-1.7580295,0.2771801,-1.536326,0.5688683
3310,2026-05-11 16:10:17.603327,-0.6594287,0.08585867,-1.7580295,0.2771801,-1.536326,0.5688683
3311,2026-05-11 16:10:17.606145,-0.4985047,0.20745113,-1.3018442,-1.8493946,-2.2901337,0.63178736
3312,2026-05-11 16:10:17.608938,-0.4985047,0.20745113,-1.3018442,-1.8493946,-2.2901337,0.63178736
3313,2026-05-11 16:10:17.611640,-0.35904533,0.27422333,-0.8337072,-1.8493946,-2.2901337,0.63178736
3314,2026-05-11 16:10:17.614220,-0.35904533,0.27422333,-0.8337072,-1.8493946,-2.2901337,0.63178736
3315,2026-05-11 16:10:17.617616,-0.35904533,0.27422333,-0.8337072,-1.8493946,-2.2901337,0.63178736
3316,2026-05-11 16:10:17.620561,-0.35904533,0.27422333,-0.8337072,-1.8493946,-2.2901337,0.63178736
3317,2026-05-11 16:10:17.623270,-0.35904533,0.27422333,-0.8337072,-1.8493946,-2.2901337,0.63178736
3318,2026-05-11 16:10:17.625875,-0.35904533,0.27422333,-0.8337072,-1.8493946,-2.2901337,0.63178736
3319,2026-05-11 16:10:17.628741,-0.35904533,0.27422333,-0.8337072,-1.8493946,-2.2901337,0.63178736
3320,2026-05-11 16:10:17.631376,-0.35904533,0.27422333,-0.8337072,-1.8493946,-2.2901337,0.63178736
3321,2026-05-11 16:10:17.634743,-0.35904533,0.27422333,-0.8337072,-1.8493946,-2.2901337,0.63178736
3322,2026-05-11 16:10:17.637704,-0.35904533,0.27422333,-0.8337072,-1.8493946,-2.2901337,0.63178736
3323,2026-05-11 16:10:17.640508,-0.2778211,0.2792236,-0.51155424,-2.312125,-2.3345742,0.43692136
3324,2026-05-11 16:10:17.643182,-0.2778211,0.2792236,-0.51155424,-2.312125,-2.3345742,0.43692136
3325,2026-05-11 16:10:17.645900,-0.2778211,0.2792236,-0.51155424,-2.5034785,-2.2464569,0.28924468
3326,2026-05-11 16:10:17.648563,-0.2778211,0.2792236,-0.51155424,-2.5034785,-2.2464569,0.28924468
3327,2026-05-11 16:10:17.652068,-0.62424374,0.13470298,-0.080492504,-2.5034785,-2.2464569,0.28924468
3328,2026-05-11 16:10:17.654888,-0.62424374,0.13470298,-0.080492504,-2.5034785,-2.2464569,0.28924468
3329,2026-05-11 16:10:17.657745,-0.62424374,0.13470298,-0.080492504,-2.2455406,-2.0734293,0.1695151
3330,2026-05-11 16:10:17.660416,-0.62424374,0.13470298,-0.080492504,-2.0444133,-2.2780693,0.397826
3331,2026-05-11 16:10:17.663130,-0.65784323,0.1293978,-0.09085896,-2.0444133,-2.2780693,0.397826
3332,2026-05-11 16:10:17.665936,-0.65784323,0.1293978,-0.09085896,-2.0444133,-2.2780693,0.397826
3333,2026-05-11 16:10:17.669349,-0.63393945,0.12159246,-0.08689531,-2.0444133,-2.2780693,0.397826
3334,2026-05-11 16:10:17.672093,-0.63393945,0.12159246,-0.08689531,-2.0444133,-2.2780693,0.397826
3335,2026-05-11 16:10:17.674808,-0.63393945,0.12159246,-0.08689531,-2.0444133,-2.2780693,0.397826
3336,2026-05-11 16:10:17.677512,-0.63393945,0.12159246,-0.08689531,-2.0444133,-2.2780693,0.397826
3337,2026-05-11 16:10:17.680297,-0.63393945,0.12159246,-0.08689531,-2.0444133,-2.2780693,0.397826
3338,2026-05-11 16:10:17.683697,-0.63393945,0.12159246,-0.08689531,-2.0444133,-2.2780693,0.397826
3339,2026-05-11 16:10:17.686726,-0.63393945,0.12159246,-0.08689531,-2.0444133,-2.2780693,0.397826
3340,2026-05-11 16:10:17.689485,-0.63393945,0.12159246,-0.08689531,-1.6814066,-3.1094568,1.0386237
3341,2026-05-11 16:10:17.692358,-0.29965162,0.16903426,-0.10835998,-2.0803015,-3.3151658,1.2267702
3342,2026-05-11 16:10:17.695304,-0.29965162,0.16903426,-0.10835998,-2.0803015,-3.3151658,1.2267702
3343,2026-05-11 16:10:17.698045,-0.17287594,0.18897444,-0.081468165,-2.0803015,-3.3151658,1.2267702
3344,2026-05-11 16:10:17.701399,-0.17287594,0.18897444,-0.081468165,-2.0803015,-3.3151658,1.2267702
3345,2026-05-11 16:10:17.704341,-0.17287594,0.18897444,-0.081468165,-2.0803015,-3.3151658,1.2267702
3346,2026-05-11 16:10:17.707217,-0.16116793,0.18946227,-0.08140719,-2.3115141,-3.302643,1.2541064
3347,2026-05-11 16:10:17.709939,-0.16116793,0.18946227,-0.08140719,-2.3115141,-3.302643,1.2541064
3348,2026-05-11 16:10:17.712666,-0.07591906,0.17964463,-0.009085896,-2.3115141,-3.302643,1.2541064
3349,2026-05-11 16:10:17.715384,-0.07591906,0.17964463,-0.009085896,-2.8565586,-3.283248,1.3495541
3350,2026-05-11 16:10:17.718632,-0.07591906,0.17964463,-0.009085896,-3.1309898,-3.3174565,1.3303118
3351,2026-05-11 16:10:17.721739,-0.07591906,0.17964463,-0.009085896,-3.1309898,-3.3174565,1.3303118
3352,2026-05-11 16:10:17.724926,-0.07591906,0.17964463,-0.009085896,-3.1309898,-3.3174565,1.3303118
3353,2026-05-11 16:10:17.727807,0.30270058,0.21324414,0.430208,-3.2717943,-3.8356228,0.68310004
3354,2026-05-11 16:10:17.730647,0.30270058,0.21324414,0.430208,-3.2717943,-3.8356228,0.68310004
3355,2026-05-11 16:10:17.734009,0.27800402,0.1876329,0.55466646,-3.2717943,-3.8356228,0.68310004
3356,2026-05-11 16:10:17.736878,0.27800402,0.1876329,0.55466646,-3.2717943,-3.8356228,0.68310004
3357,2026-05-11 16:10:17.739501,0.27800402,0.1876329,0.55466646,-3.2717943,-3.8356228,0.68310004
3358,2026-05-11 16:10:17.742077,0.27800402,0.1876329,0.55466646,-3.2717943,-3.8356228,0.68310004
3359,2026-05-11 16:10:17.744811,0.27800402,0.1876329,0.55466646,-3.2717943,-3.8356228,0.68310004
3360,2026-05-11 16:10:17.747391,0.27800402,0.1876329,0.55466646,-3.4553592,-3.2823317,0.8707884
3361,2026-05-11 16:10:17.750678,0.27800402,0.1876329,0.55466646,-3.4553592,-3.2823317,0.8707884
3362,2026-05-11 16:10:17.753616,0.27294275,0.10842097,1.0997593,-3.4553592,-3.2823317,0.8707884
3363,2026-05-11 16:10:17.756461,0.27294275,0.10842097,1.0997593,-3.4553592,-3.2823317,0.8707884
3364,2026-05-11 16:10:17.759146,0.27294275,0.10842097,1.0997593,-3.4553592,-3.2823317,0.8707884
3365,2026-05-11 16:10:17.761947,0.27294275,0.10842097,1.0997593,-3.4553592,-3.2823317,0.8707884
3366,2026-05-11 16:10:17.764566,0.27294275,0.10842097,1.0997593,-3.4553592,-3.2823317,0.8707884
3367,2026-05-11 16:10:17.767808,0.27294275,0.10842097,1.0997593,-3.4553592,-3.2823317,0.8707884
3368,2026-05-11 16:10:17.770640,0.27294275,0.10842097,1.0997593,-3.4553592,-3.2823317,0.8707884
3369,2026-05-11 16:10:17.773532,0.27294275,0.10842097,1.0997593,-2.1218405,-3.0908253,-0.05085453
3370,2026-05-11 16:10:17.776270,0.27294275,0.10842097,1.0997593,-2.1218405,-3.0908253,-0.05085453
3371,2026-05-11 16:10:17.779048,0.27294275,0.10842097,1.0997593,-1.7968601,-3.6034942,-0.00045814895
3372,2026-05-11 16:10:17.781795,0.27294275,0.10842097,1.0997593,-1.7968601,-3.6034942,-0.00045814895
3373,2026-05-11 16:10:17.784997,0.27294275,0.10842097,1.0997593,-1.7968601,-3.6034942,-0.00045814895
3374,2026-05-11 16:10:17.787850,0.27294275,0.10842097,1.0997593,-1.7968601,-3.6034942,-0.00045814895
3375,2026-05-11 16:10:17.790630,0.27294275,0.10842097,1.0997593,-1.7968601,-3.6034942,-0.00045814895
3376,2026-05-11 16:10:17.793417,0.27294275,0.10842097,1.0997593,-1.7968601,-3.6034942,-0.00045814895
3377,2026-05-11 16:10:17.796079,0.27294275,0.10842097,1.0997593,-1.7968601,-3.6034942,-0.00045814895
3378,2026-05-11 16:10:17.798940,0.13622746,-0.018110814,1.1992164,-1.4414892,-4.3386703,0.26633725
3379,2026-05-11 16:10:17.802185,0.13622746,-0.018110814,1.1992164,-1.4414892,-4.3386703,0.26633725
3380,2026-05-11 16:10:17.804969,0.21312219,-0.028904125,1.2612321,-1.4414892,-4.3386703,0.26633725
3381,2026-05-11 16:10:17.807673,0.21312219,-0.028904125,1.2612321,-1.4414892,-4.3386703,0.26633725
3382,2026-05-11 16:10:17.810498,0.21312219,-0.028904125,1.2612321,-1.4414892,-4.3386703,0.26633725
3383,2026-05-11 16:10:17.813144,0.21312219,-0.028904125,1.2612321,-1.4414892,-4.3386703,0.26633725
3384,2026-05-11 16:10:17.816099,0.21312219,-0.028904125,1.2612321,-1.0929906,-4.434271,0.6041457
3385,2026-05-11 16:10:17.819124,0.21312219,-0.028904125,1.2612321,-1.0929906,-4.434271,0.6041457
3386,2026-05-11 16:10:17.821753,0.21312219,-0.028904125,1.2612321,-1.0929906,-4.434271,0.6041457
3387,2026-05-11 16:10:17.824459,0.21312219,-0.028904125,1.2612321,-1.0929906,-4.434271,0.6041457
3388,2026-05-11 16:10:17.827138,0.7505316,-0.07293109,1.6084476,-3.2803464,-2.3170118,0.87872964
3389,2026-05-11 16:10:17.829931,0.7505316,-0.07293109,1.6084476,-3.2803464,-2.3170118,0.87872964
3390,2026-05-11 16:10:17.832645,0.7505316,-0.07293109,1.6084476,-3.2064316,-2.365423,0.7486154
3391,2026-05-11 16:10:17.835966,0.7505316,-0.07293109,1.6084476,-3.2064316,-2.365423,0.7486154
3392,2026-05-11 16:10:17.838609,0.7505316,-0.07293109,1.6084476,-3.2064316,-2.365423,0.7486154
3393,2026-05-11 16:10:17.841399,0.72284704,-0.025062438,1.7686398,-3.2064316,-2.365423,0.7486154
3394,2026-05-11 16:10:17.844071,0.72284704,-0.025062438,1.7686398,-3.2064316,-2.365423,0.7486154
3395,2026-05-11 16:10:17.846782,0.72284704,-0.025062438,1.7686398,-1.029308,-3.4640641,0.16783522
3396,2026-05-11 16:10:17.849871,0.72284704,-0.025062438,1.7686398,-1.029308,-3.4640641,0.16783522
3397,2026-05-11 16:10:17.852720,0.72284704,-0.025062438,1.7686398,-1.029308,-3.4640641,0.16783522
3398,2026-05-11 16:10:17.855467,0.72284704,-0.025062438,1.7686398,-1.029308,-3.4640641,0.16783522
3399,2026-05-11 16:10:17.858066,0.72284704,-0.025062438,1.7686398,-1.029308,-3.4640641,0.16783522
3400,2026-05-11 16:10:17.860856,0.6286342,0.0029879792,1.355506,-0.11591168,-4.0295725,0.009010263
3401,2026-05-11 16:10:17.863452,0.6286342,0.0029879792,1.355506,-0.11591168,-4.0295725,0.009010263
3402,2026-05-11 16:10:17.866077,0.6286342,0.0029879792,1.355506,-0.11591168,-4.0295725,0.009010263
3403,2026-05-11 16:10:17.869272,0.6286342,0.0029879792,1.355506,-0.11591168,-4.0295725,0.009010263
3404,2026-05-11 16:10:17.871981,0.608694,0.017440042,1.1037229,-0.70203686,-3.783852,0.07238753
3405,2026-05-11 16:10:17.874776,0.6853449,-0.004268542,0.8639529,-0.70203686,-3.783852,0.07238753
3406,2026-05-11 16:10:17.877563,0.6853449,-0.004268542,0.8639529,-0.70203686,-3.783852,0.07238753
3407,2026-05-11 16:10:17.880258,0.66052634,-0.027989438,1.0580496,-2.2072089,-2.5590672,0.14630222
3408,2026-05-11 16:10:17.883274,0.66052634,-0.027989438,1.0580496,-2.2072089,-2.5590672,0.14630222
3409,2026-05-11 16:10:17.885993,0.66052634,-0.027989438,1.0580496,-2.2072089,-2.5590672,0.14630222
3410,2026-05-11 16:10:17.888643,0.6182678,-0.06366225,1.2121439,-2.2826507,-2.3095288,0.17333302
3411,2026-05-11 16:10:17.891390,0.6182678,-0.06366225,1.2121439,-2.2826507,-2.3095288,0.17333302
3412,2026-05-11 16:10:17.894146,0.6182678,-0.06366225,1.2121439,-2.2826507,-2.3095288,0.17333302
3413,2026-05-11 16:10:17.896937,0.6182678,-0.06366225,1.2121439,-2.2826507,-2.3095288,0.17333302
3414,2026-05-11 16:10:17.900159,0.5877782,-0.1188484,1.3160524,-1.346347,-2.5691464,0.32268956
3415,2026-05-11 16:10:17.903088,0.5877782,-0.1188484,1.3160524,-1.346347,-2.5691464,0.32268956
3416,2026-05-11 16:10:17.905776,0.5877782,-0.1188484,1.3160524,-1.346347,-2.5691464,0.32268956
3417,2026-05-11 16:10:17.908475,0.5877782,-0.1188484,1.3160524,-1.346347,-2.5691464,0.32268956
3418,2026-05-11 16:10:17.911280,0.5877782,-0.1188484,1.3160524,-1.346347,-2.5691464,0.32268956
3419,2026-05-11 16:10:17.913882,0.5877782,-0.1188484,1.3160524,-0.96593064,-2.9087875,0.36377025
3420,2026-05-11 16:10:17.916918,0.5877782,-0.1188484,1.3160524,-0.96593064,-2.9087875,0.36377025
3421,2026-05-11 16:10:17.919858,0.68211293,-0.14500846,1.03006,-0.96593064,-2.9087875,0.36377025
3422,2026-05-11 16:10:17.922523,0.68211293,-0.14500846,1.03006,-0.96593064,-2.9087875,0.36377025
3423,2026-05-11 16:10:17.925170,0.78224075,-0.15446024,0.79675376,-0.96593064,-2.9087875,0.36377025
3424,2026-05-11 16:10:17.927939,0.78224075,-0.15446024,0.79675376,-0.96593064,-2.9087875,0.36377025
3425,2026-05-11 16:10:17.930553,0.78224075,-0.15446024,0.79675376,-0.96593064,-2.9087875,0.36377025
3426,2026-05-11 16:10:17.933618,0.78224075,-0.15446024,0.79675376,-1.2802209,-3.0254629,0.34132096
3427,2026-05-11 16:10:17.936468,0.78224075,-0.15446024,0.79675376,-1.2802209,-3.0254629,0.34132096
3428,2026-05-11 16:10:17.939201,0.78224075,-0.15446024,0.79675376,-1.2802209,-3.0254629,0.34132096
3429,2026-05-11 16:10:17.941891,0.85194,-0.17220518,0.8169379,-1.2802209,-3.0254629,0.34132096
3430,2026-05-11 16:10:17.944533,0.85194,-0.17220518,0.8169379,-1.2802209,-3.0254629,0.34132096
3431,2026-05-11 16:10:17.947232,0.85194,-0.17220518,0.8169379,-1.2802209,-3.0254629,0.34132096
3432,2026-05-11 16:10:17.950526,0.8788927,-0.1981823,0.99176514,-2.0100522,-2.8273897,0.27382034
3433,2026-05-11 16:10:17.953359,0.8788927,-0.1981823,0.99176514,-2.0100522,-2.8273897,0.27382034
3434,2026-05-11 16:10:17.955997,0.8788927,-0.1981823,0.99176514,-2.4132233,-2.6381743,0.23747386
3435,2026-05-11 16:10:17.958717,0.8788927,-0.1981823,0.99176514,-2.4132233,-2.6381743,0.23747386
3436,2026-05-11 16:10:17.961420,0.8598063,-0.21946402,1.3061128,-2.7705793,-2.3587034,0.1591304
3437,2026-05-11 16:10:17.964139,0.77217925,-0.23861149,1.5662498,-1.9040669,-2.2829561,0.2948952
3438,2026-05-11 16:10:17.967371,0.6651608,-0.2409287,1.8642551,-1.9040669,-2.2829561,0.2948952
3439,2026-05-11 16:10:17.970169,0.6651608,-0.2409287,1.8642551,-1.9040669,-2.2829561,0.2948952
3440,2026-05-11 16:10:17.972867,0.6651608,-0.2409287,1.8642551,-0.27870727,-2.453693,0.5316055
3441,2026-05-11 16:10:17.975638,0.6651608,-0.2409287,1.8642551,-0.27870727,-2.453693,0.5316055
3442,2026-05-11 16:10:17.978388,0.6651608,-0.2409287,1.8642551,-0.27870727,-2.453693,0.5316055
3443,2026-05-11 16:10:17.981042,0.6651608,-0.2409287,1.8642551,-0.27870727,-2.453693,0.5316055
3444,2026-05-11 16:10:17.984553,0.7744354,-0.109762505,1.416668,-0.3378085,-2.4440718,0.43172902
3445,2026-05-11 16:10:17.987402,0.7744354,-0.109762505,1.416668,-0.3378085,-2.4440718,0.43172902
3446,2026-05-11 16:10:17.990188,0.7744354,-0.109762505,1.416668,-0.3378085,-2.4440718,0.43172902
3447,2026-05-11 16:10:17.993003,0.722969,-0.10031073,1.7163806,-0.98272943,-1.6308575,0.34330627
3448,2026-05-11 16:10:17.995617,0.722969,-0.10031073,1.7163806,-0.98272943,-1.6308575,0.34330627
3449,2026-05-11 16:10:17.998389,0.722969,-0.10031073,1.7163806,-0.98272943,-1.6308575,0.34330627
3450,2026-05-11 16:10:18.001489,0.722969,-0.10031073,1.7163806,-0.98272943,-1.6308575,0.34330627
3451,2026-05-11 16:10:18.004377,0.722969,-0.10031073,1.7163806,-0.9761627,-1.2643384,0.29443705
3452,2026-05-11 16:10:18.007004,0.722969,-0.10031073,1.7163806,-0.9761627,-1.2643384,0.29443705
3453,2026-05-11 16:10:18.009918,0.6692464,-0.07719963,1.9586508,-0.6366743,-0.8753699,0.20479257
3454,2026-05-11 16:10:18.012606,0.6692464,-0.07719963,1.9586508,-0.6366743,-0.8753699,0.20479257
3455,2026-05-11 16:10:18.015266,0.6692464,-0.07719963,1.9586508,-0.6366743,-0.8753699,0.20479257
3456,2026-05-11 16:10:18.018566,0.6600385,-0.066650234,1.9274905,-0.6366743,-0.8753699,0.20479257
3457,2026-05-11 16:10:18.021435,0.6327199,-0.031831127,1.9104162,-0.38026363,-0.68203104,0.13041973
3458,2026-05-11 16:10:18.024264,0.6327199,-0.031831127,1.9104162,-0.06856962,-0.048563786,-0.028863383
3459,2026-05-11 16:10:18.027055,0.5866806,-0.04969802,1.9871283,0.08735373,0.22495113,-0.060628377
3460,2026-05-11 16:10:18.029759,0.5626548,-0.064820856,2.040058,0.33750305,0.5697846,-0.04810564
3461,2026-05-11 16:10:18.032981,0.5935712,-0.08183405,1.9792618,0.6065892,0.8739954,0.040927973
3462,2026-05-11 16:10:18.036146,0.5935712,-0.08183405,1.9792618,0.6065892,0.8739954,0.040927973
3463,2026-05-11 16:10:18.038818,0.5935712,-0.08183405,1.9792618,0.6065892,0.8739954,0.040927973
3464,2026-05-11 16:10:18.041551,0.5935712,-0.08183405,1.9792618,1.4081972,1.1667526,0.17669277
3465,2026-05-11 16:10:18.044392,0.92907864,0.017013188,1.8357779,1.8611537,1.6039795,-0.1423316
3466,2026-05-11 16:10:18.047192,0.92907864,0.017013188,1.8357779,1.8611537,1.6039795,-0.1423316
3467,2026-05-11 16:10:18.050260,0.92907864,0.017013188,1.8357779,1.8611537,1.6039795,-0.1423316
3468,2026-05-11 16:10:18.053208,0.92907864,0.017013188,1.8357779,1.8611537,1.6039795,-0.1423316
3469,2026-05-11 16:10:18.055902,0.92907864,0.017013188,1.8357779,1.861001,2.3263276,-0.65316767
3470,2026-05-11 16:10:18.058741,1.0659158,0.050734665,1.7468702,1.861001,2.3263276,-0.65316767
3471,2026-05-11 16:10:18.061496,1.0659158,0.050734665,1.7468702,1.861001,2.3263276,-0.65316767
3472,2026-05-11 16:10:18.064134,1.0659158,0.050734665,1.7468702,1.861001,2.3263276,-0.65316767
3473,2026-05-11 16:10:18.067244,1.0659158,0.050734665,1.7468702,1.861001,2.3263276,-0.65316767
3474,2026-05-11 16:10:18.070053,1.0659158,0.050734665,1.7468702,1.861001,2.3263276,-0.65316767
3475,2026-05-11 16:10:18.072742,1.0659158,0.050734665,1.7468702,1.861001,2.3263276,-0.65316767
3476,2026-05-11 16:10:18.075569,1.0659158,0.050734665,1.7468702,1.7531832,2.5202773,-0.7449502
3477,2026-05-11 16:10:18.078281,1.0318285,0.03585575,1.715039,1.7531832,2.5202773,-0.7449502
3478,2026-05-11 16:10:18.081035,1.0318285,0.03585575,1.715039,1.7531832,2.5202773,-0.7449502
3479,2026-05-11 16:10:18.084100,1.0318285,0.03585575,1.715039,1.7531832,2.5202773,-0.7449502
3480,2026-05-11 16:10:18.086921,1.0318285,0.03585575,1.715039,1.7531832,2.5202773,-0.7449502
3481,2026-05-11 16:10:18.089626,0.974691,-0.0026221042,1.7454067,1.4779885,3.0486758,-0.81000733
3482,2026-05-11 16:10:18.092427,0.974691,-0.0026221042,1.7454067,1.4779885,3.0486758,-0.81000733
3483,2026-05-11 16:10:18.095052,0.974691,-0.0026221042,1.7454067,1.4779885,3.0486758,-0.81000733
3484,2026-05-11 16:10:18.097923,0.9468236,-0.033599522,1.7632127,1.4779885,3.0486758,-0.81000733
3485,2026-05-11 16:10:18.100972,0.9468236,-0.033599522,1.7632127,1.361924,3.376863,-0.7870999
3486,2026-05-11 16:10:18.103849,0.9468236,-0.033599522,1.7632127,1.361924,3.376863,-0.7870999
3487,2026-05-11 16:10:18.106655,0.88877136,-0.08244383,1.7594321,1.241889,3.9271,-0.6776023
3488,2026-05-11 16:10:18.109412,0.88877136,-0.08244383,1.7594321,1.241889,3.9271,-0.6776023
3489,2026-05-11 16:10:18.112199,0.88877136,-0.08244383,1.7594321,1.2159272,4.2169557,-0.5635232
