id,timestamp,acc_x,acc_y,acc_z,gyro_x,gyro_y,gyro_z
1,2026-05-11 16:15:34.344701,-0.7911437,0.26849127,1.214766,-0.77579886,0.23808473,1.8756617
2,2026-05-11 16:15:34.358635,-0.7911437,0.26849127,1.214766,-0.77579886,0.23808473,1.8756617
3,2026-05-11 16:15:34.362924,-0.7911437,0.26849127,1.214766,-0.77579886,0.23808473,1.8756617
4,2026-05-11 16:15:34.367040,-0.6311344,0.3474593,1.6299121,-0.77579886,0.23808473,1.8756617
5,2026-05-11 16:15:34.370615,-0.6311344,0.3474593,1.6299121,-0.77579886,0.23808473,1.8756617
6,2026-05-11 16:15:34.373720,-0.6311344,0.3474593,1.6299121,-0.77579886,0.23808473,1.8756617
7,2026-05-11 16:15:34.376903,-0.6311344,0.3474593,1.6299121,-0.77579886,0.23808473,1.8756617
8,2026-05-11 16:15:34.379703,-0.6311344,0.3474593,1.6299121,-0.77579886,0.23808473,1.8756617
9,2026-05-11 16:15:34.383050,-0.6311344,0.3474593,1.6299121,-0.77579886,0.23808473,1.8756617
10,2026-05-11 16:15:34.385903,-0.6311344,0.3474593,1.6299121,-0.77579886,0.23808473,1.8756617
11,2026-05-11 16:15:34.388543,-0.6311344,0.3474593,1.6299121,-0.77579886,0.23808473,1.8756617
12,2026-05-11 16:15:34.391457,-0.6311344,0.3474593,1.6299121,-0.77579886,0.23808473,1.8756617
13,2026-05-11 16:15:34.394461,-0.6311344,0.3474593,1.6299121,-0.77579886,0.23808473,1.8756617
14,2026-05-11 16:15:34.397320,-0.6311344,0.3474593,1.6299121,-0.77579886,0.23808473,1.8756617
15,2026-05-11 16:15:34.400585,-0.6311344,0.3474593,1.6299121,-0.77579886,0.23808473,1.8756617
16,2026-05-11 16:15:34.403376,-0.6311344,0.3474593,1.6299121,-0.77579886,0.23808473,1.8756617
17,2026-05-11 16:15:34.406095,-0.6311344,0.3474593,1.6299121,-0.72418076,0.42180246,1.8956676
18,2026-05-11 16:15:34.408886,-0.6311344,0.3474593,1.6299121,-0.72418076,0.42180246,1.8956676
19,2026-05-11 16:15:34.411494,-0.6311344,0.3474593,1.6299121,-0.72418076,0.42180246,1.8956676
20,2026-05-11 16:15:34.414354,-0.6311344,0.3474593,1.6299121,-0.72418076,0.42180246,1.8956676
21,2026-05-11 16:15:34.417686,-0.6311344,0.3474593,1.6299121,-0.72418076,0.42180246,1.8956676
22,2026-05-11 16:15:34.420480,-0.6311344,0.3474593,1.6299121,-0.72418076,0.42180246,1.8956676
23,2026-05-11 16:15:34.423103,-0.6311344,0.3474593,1.6299121,-0.72418076,0.42180246,1.8956676
24,2026-05-11 16:15:34.425923,-0.6311344,0.3474593,1.6299121,-0.72418076,0.42180246,1.8956676
25,2026-05-11 16:15:34.428538,-0.6311344,0.3474593,1.6299121,-0.72418076,0.42180246,1.8956676
26,2026-05-11 16:15:34.431329,-0.6311344,0.3474593,1.6299121,-0.72418076,0.42180246,1.8956676
27,2026-05-11 16:15:34.434797,-0.6311344,0.3474593,1.6299121,-0.72418076,0.42180246,1.8956676
28,2026-05-11 16:15:34.437650,-0.6311344,0.3474593,1.6299121,-0.72418076,0.42180246,1.8956676
29,2026-05-11 16:15:34.440247,-0.6311344,0.3474593,1.6299121,-0.72418076,0.42180246,1.8956676
30,2026-05-11 16:15:34.442999,-0.6311344,0.3474593,1.6299121,-0.72418076,0.42180246,1.8956676
31,2026-05-11 16:15:34.445799,-0.54143405,0.37593657,1.8971838,-0.2875648,0.7125743,1.8011361
32,2026-05-11 16:15:34.448501,-0.54143405,0.37593657,1.8971838,-0.2875648,0.7125743,1.8011361
33,2026-05-11 16:15:34.451436,-0.54143405,0.37593657,1.8971838,-0.2875648,0.7125743,1.8011361
34,2026-05-11 16:15:34.454291,-0.54143405,0.37593657,1.8971838,0.17959438,0.9405798,1.7108809
35,2026-05-11 16:15:34.457023,-0.54143405,0.37593657,1.8971838,0.17959438,0.9405798,1.7108809
36,2026-05-11 16:15:34.459640,-0.54143405,0.37593657,1.8971838,0.17959438,0.9405798,1.7108809
37,2026-05-11 16:15:34.462364,-0.6369274,0.37941238,1.6095451,0.17959438,0.9405798,1.7108809
38,2026-05-11 16:15:34.465161,-0.6369274,0.37941238,1.6095451,0.17959438,0.9405798,1.7108809
39,2026-05-11 16:15:34.468555,-0.6369274,0.37941238,1.6095451,0.17959438,0.9405798,1.7108809
40,2026-05-11 16:15:34.471319,-0.6369274,0.37941238,1.6095451,0.17959438,0.9405798,1.7108809
41,2026-05-11 16:15:34.474231,-0.6369274,0.37941238,1.6095451,0.17959438,0.9405798,1.7108809
42,2026-05-11 16:15:34.476950,-0.6369274,0.37941238,1.6095451,0.17959438,0.9405798,1.7108809
43,2026-05-11 16:15:34.479544,-0.6369274,0.37941238,1.6095451,0.17959438,0.9405798,1.7108809
44,2026-05-11 16:15:34.482450,-0.6369274,0.37941238,1.6095451,0.17959438,0.9405798,1.7108809
45,2026-05-11 16:15:34.485193,-0.6369274,0.37941238,1.6095451,0.17959438,0.9405798,1.7108809
46,2026-05-11 16:15:34.488048,-0.6369274,0.37941238,1.6095451,0.17959438,0.9405798,1.7108809
47,2026-05-11 16:15:34.490620,-0.6369274,0.37941238,1.6095451,0.17959438,0.9405798,1.7108809
48,2026-05-11 16:15:34.493264,-0.6369274,0.37941238,1.6095451,0.17959438,0.9405798,1.7108809
49,2026-05-11 16:15:34.495930,-0.6369274,0.37941238,1.6095451,0.17959438,0.9405798,1.7108809
50,2026-05-11 16:15:34.498716,-0.6369274,0.37941238,1.6095451,0.17959438,0.9405798,1.7108809
51,2026-05-11 16:15:34.501887,-0.6369274,0.37941238,1.6095451,0.17959438,0.9405798,1.7108809
52,2026-05-11 16:15:34.504804,-0.6369274,0.37941238,1.6095451,0.17959438,0.9405798,1.7108809
53,2026-05-11 16:15:34.507473,-0.6369274,0.37941238,1.6095451,0.17959438,0.9405798,1.7108809
54,2026-05-11 16:15:34.510086,-0.6369274,0.37941238,1.6095451,0.17959438,0.9405798,1.7108809
55,2026-05-11 16:15:34.512661,-0.6369274,0.37941238,1.6095451,0.17959438,0.9405798,1.7108809
56,2026-05-11 16:15:34.515821,-0.7554099,0.3595332,1.3650796,0.93523467,0.91599244,1.6772833
57,2026-05-11 16:15:34.518947,-0.7554099,0.3595332,1.3650796,0.93523467,0.91599244,1.6772833
58,2026-05-11 16:15:34.521720,-0.7554099,0.3595332,1.3650796,0.93523467,0.91599244,1.6772833
59,2026-05-11 16:15:34.524315,-0.7554099,0.3595332,1.3650796,0.93523467,0.91599244,1.6772833
60,2026-05-11 16:15:34.527134,-0.7554099,0.3595332,1.3650796,0.93523467,0.91599244,1.6772833
61,2026-05-11 16:15:34.529722,-0.7554099,0.3595332,1.3650796,0.93523467,0.91599244,1.6772833
62,2026-05-11 16:15:34.532898,-0.7554099,0.3595332,1.3650796,0.93523467,0.91599244,1.6772833
63,2026-05-11 16:15:34.535862,-0.7554099,0.3595332,1.3650796,0.93523467,0.91599244,1.6772833
64,2026-05-11 16:15:34.538591,-0.7554099,0.3595332,1.3650796,0.93523467,0.91599244,1.6772833
65,2026-05-11 16:15:34.541418,-0.7554099,0.3595332,1.3650796,0.93523467,0.91599244,1.6772833
66,2026-05-11 16:15:34.544193,-0.7554099,0.3595332,1.3650796,0.93523467,0.91599244,1.6772833
67,2026-05-11 16:15:34.546794,-0.7554099,0.3595332,1.3650796,0.93523467,0.91599244,1.6772833
68,2026-05-11 16:15:34.550046,-0.7554099,0.3595332,1.3650796,0.93523467,0.91599244,1.6772833
69,2026-05-11 16:15:34.552991,-0.7554099,0.3595332,1.3650796,0.93523467,0.91599244,1.6772833
70,2026-05-11 16:15:34.555794,-0.7554099,0.3595332,1.3650796,0.93523467,0.91599244,1.6772833
71,2026-05-11 16:15:34.558377,-0.7554099,0.3595332,1.3650796,0.93523467,0.91599244,1.6772833
72,2026-05-11 16:15:34.561119,-0.7554099,0.3595332,1.3650796,0.93523467,0.91599244,1.6772833
73,2026-05-11 16:15:34.563794,-0.7554099,0.3595332,1.3650796,0.93523467,0.91599244,1.6772833
74,2026-05-11 16:15:34.566834,-0.7554099,0.3595332,1.3650796,0.93523467,0.91599244,1.6772833
75,2026-05-11 16:15:34.570118,-0.7554099,0.3595332,1.3650796,0.93523467,0.91599244,1.6772833
76,2026-05-11 16:15:34.572927,-0.7554099,0.3595332,1.3650796,0.93523467,0.91599244,1.6772833
77,2026-05-11 16:15:34.575720,-0.7554099,0.3595332,1.3650796,0.93523467,0.91599244,1.6772833
78,2026-05-11 16:15:34.578528,-0.7554099,0.3595332,1.3650796,0.93523467,0.91599244,1.6772833
79,2026-05-11 16:15:34.581121,-0.7554099,0.3595332,1.3650796,0.93523467,0.91599244,1.6772833
80,2026-05-11 16:15:34.583988,-0.7554099,0.3595332,1.3650796,0.93523467,0.91599244,1.6772833
81,2026-05-11 16:15:34.587439,-0.7554099,0.3595332,1.3650796,0.93523467,0.91599244,1.6772833
82,2026-05-11 16:15:34.590257,-0.7836433,0.35105708,1.1108575,0.9633345,0.68477994,1.9130772
83,2026-05-11 16:15:34.593121,-0.7836433,0.35105708,1.1108575,0.9633345,0.68477994,1.9130772
84,2026-05-11 16:15:34.595873,-0.7836433,0.35105708,1.1108575,0.9633345,0.68477994,1.9130772
85,2026-05-11 16:15:34.598624,-0.7836433,0.35105708,1.1108575,0.9633345,0.68477994,1.9130772
86,2026-05-11 16:15:34.601866,-0.7836433,0.35105708,1.1108575,0.9633345,0.68477994,1.9130772
87,2026-05-11 16:15:34.604550,-0.7836433,0.35105708,1.1108575,0.9633345,0.68477994,1.9130772
88,2026-05-11 16:15:34.607143,-0.7836433,0.35105708,1.1108575,0.9633345,0.68477994,1.9130772
89,2026-05-11 16:15:34.610088,-0.7836433,0.35105708,1.1108575,0.9633345,0.68477994,1.9130772
90,2026-05-11 16:15:34.612730,-0.7836433,0.35105708,1.1108575,0.9633345,0.68477994,1.9130772
91,2026-05-11 16:15:34.616008,-0.7836433,0.35105708,1.1108575,0.9633345,0.68477994,1.9130772
92,2026-05-11 16:15:34.618960,-0.7836433,0.35105708,1.1108575,0.9633345,0.68477994,1.9130772
93,2026-05-11 16:15:34.621549,-0.7836433,0.35105708,1.1108575,0.9633345,0.68477994,1.9130772
94,2026-05-11 16:15:34.624429,-0.7836433,0.35105708,1.1108575,0.9633345,0.68477994,1.9130772
95,2026-05-11 16:15:34.627108,-0.7836433,0.35105708,1.1108575,0.9633345,0.68477994,1.9130772
96,2026-05-11 16:15:34.629704,-0.7836433,0.35105708,1.1108575,0.9633345,0.68477994,1.9130772
97,2026-05-11 16:15:34.632996,-0.7836433,0.35105708,1.1108575,0.9633345,0.68477994,1.9130772
98,2026-05-11 16:15:34.635951,-0.7836433,0.35105708,1.1108575,0.9633345,0.68477994,1.9130772
99,2026-05-11 16:15:34.638920,-0.7836433,0.35105708,1.1108575,0.9633345,0.68477994,1.9130772
100,2026-05-11 16:15:34.641557,-0.7836433,0.35105708,1.1108575,0.9633345,0.68477994,1.9130772
101,2026-05-11 16:15:34.644146,-0.7836433,0.35105708,1.1108575,0.9633345,0.68477994,1.9130772
102,2026-05-11 16:15:34.647056,-0.7836433,0.35105708,1.1108575,0.9633345,0.68477994,1.9130772
103,2026-05-11 16:15:34.650281,-0.7836433,0.35105708,1.1108575,0.9633345,0.68477994,1.9130772
104,2026-05-11 16:15:34.653129,-0.7836433,0.35105708,1.1108575,0.9633345,0.68477994,1.9130772
105,2026-05-11 16:15:34.655851,-0.7836433,0.35105708,1.1108575,0.9633345,0.68477994,1.9130772
106,2026-05-11 16:15:34.658693,-0.7836433,0.35105708,1.1108575,0.9633345,0.68477994,1.9130772
107,2026-05-11 16:15:34.661510,-0.7836433,0.35105708,1.1108575,0.9633345,0.68477994,1.9130772
108,2026-05-11 16:15:34.664092,-0.7836433,0.35105708,1.1108575,0.9633345,0.68477994,1.9130772
109,2026-05-11 16:15:34.667530,-0.7836433,0.35105708,1.1108575,0.9633345,0.68477994,1.9130772
110,2026-05-11 16:15:34.670286,-0.7836433,0.35105708,1.1108575,0.9633345,0.68477994,1.9130772
111,2026-05-11 16:15:34.672906,-0.7836433,0.35105708,1.1108575,0.9633345,0.68477994,1.9130772
112,2026-05-11 16:15:34.675731,-0.7836433,0.35105708,1.1108575,0.9633345,0.68477994,1.9130772
113,2026-05-11 16:15:34.678330,-0.7836433,0.35105708,1.1108575,0.9633345,0.68477994,1.9130772
114,2026-05-11 16:15:34.681059,-0.7836433,0.35105708,1.1108575,0.9633345,0.68477994,1.9130772
115,2026-05-11 16:15:34.684059,-0.7836433,0.35105708,1.1108575,0.9633345,0.68477994,1.9130772
116,2026-05-11 16:15:34.686804,-0.7836433,0.35105708,1.1108575,0.9633345,0.68477994,1.9130772
117,2026-05-11 16:15:34.689338,-0.7836433,0.35105708,1.1108575,0.9633345,0.68477994,1.9130772
118,2026-05-11 16:15:34.692277,-0.7836433,0.35105708,1.1108575,0.9633345,0.68477994,1.9130772
119,2026-05-11 16:15:34.694903,-0.7836433,0.35105708,1.1108575,0.9633345,0.68477994,1.9130772
120,2026-05-11 16:15:34.697504,-0.7836433,0.35105708,1.1108575,0.9633345,0.68477994,1.9130772
121,2026-05-11 16:15:34.700752,-0.7836433,0.35105708,1.1108575,0.9633345,0.68477994,1.9130772
122,2026-05-11 16:15:34.703657,-0.7836433,0.35105708,1.1108575,0.9633345,0.68477994,1.9130772
123,2026-05-11 16:15:34.706415,-0.7836433,0.35105708,1.1108575,0.9633345,0.68477994,1.9130772
124,2026-05-11 16:15:34.709004,-0.7836433,0.35105708,1.1108575,0.9633345,0.68477994,1.9130772
125,2026-05-11 16:15:34.711879,-0.7836433,0.35105708,1.1108575,0.9633345,0.68477994,1.9130772
126,2026-05-11 16:15:34.714491,-0.7836433,0.35105708,1.1108575,0.9633345,0.68477994,1.9130772
127,2026-05-11 16:15:34.718051,-0.7836433,0.35105708,1.1108575,0.9633345,0.68477994,1.9130772
128,2026-05-11 16:15:34.720838,-0.7836433,0.35105708,1.1108575,0.9633345,0.68477994,1.9130772
129,2026-05-11 16:15:34.723462,-0.7836433,0.35105708,1.1108575,0.9633345,0.68477994,1.9130772
130,2026-05-11 16:15:34.726256,-0.7836433,0.35105708,1.1108575,0.9633345,0.68477994,1.9130772
131,2026-05-11 16:15:34.728929,-0.7836433,0.35105708,1.1108575,0.9633345,0.68477994,1.9130772
132,2026-05-11 16:15:34.731790,-0.7836433,0.35105708,1.1108575,0.9633345,0.68477994,1.9130772
133,2026-05-11 16:15:34.734876,-0.7836433,0.35105708,1.1108575,0.9633345,0.68477994,1.9130772
134,2026-05-11 16:15:34.737687,-0.7836433,0.35105708,1.1108575,0.9633345,0.68477994,1.9130772
135,2026-05-11 16:15:34.740329,-0.7836433,0.35105708,1.1108575,0.9633345,0.68477994,1.9130772
136,2026-05-11 16:15:34.742984,-0.7836433,0.35105708,1.1108575,0.9633345,0.68477994,1.9130772
137,2026-05-11 16:15:34.745541,-0.7836433,0.35105708,1.1108575,0.9633345,0.68477994,1.9130772
138,2026-05-11 16:15:34.748347,-0.7836433,0.35105708,1.1108575,0.9633345,0.68477994,1.9130772
139,2026-05-11 16:15:34.751423,-0.7836433,0.35105708,1.1108575,0.9633345,0.68477994,1.9130772
140,2026-05-11 16:15:34.754415,-0.7836433,0.35105708,1.1108575,0.90010995,0.44089198,2.157576
141,2026-05-11 16:15:34.757166,-0.7836433,0.35105708,1.1108575,0.90010995,0.44089198,2.157576
142,2026-05-11 16:15:34.759863,-0.722969,0.339593,1.0321944,0.90010995,0.44089198,2.157576
143,2026-05-11 16:15:34.762610,-0.722969,0.339593,1.0321944,0.90010995,0.44089198,2.157576
144,2026-05-11 16:15:34.765843,-0.722969,0.339593,1.0321944,0.90010995,0.44089198,2.157576
145,2026-05-11 16:15:34.768852,-0.722969,0.339593,1.0321944,0.90010995,0.44089198,2.157576
146,2026-05-11 16:15:34.771465,-0.722969,0.339593,1.0321944,0.90010995,0.44089198,2.157576
147,2026-05-11 16:15:34.774086,-0.722969,0.339593,1.0321944,0.90010995,0.44089198,2.157576
148,2026-05-11 16:15:34.776654,-0.722969,0.339593,1.0321944,0.90010995,0.44089198,2.157576
149,2026-05-11 16:15:34.779385,-0.6243047,0.34331274,1.009693,0.90010995,0.44089198,2.157576
150,2026-05-11 16:15:34.782209,-0.6243047,0.34331274,1.009693,0.90010995,0.44089198,2.157576
151,2026-05-11 16:15:34.785538,-0.6243047,0.34331274,1.009693,0.90010995,0.44089198,2.157576
152,2026-05-11 16:15:34.788242,-0.6243047,0.34331274,1.009693,0.90010995,0.44089198,2.157576
153,2026-05-11 16:15:34.790798,-0.6243047,0.34331274,1.009693,0.90010995,0.44089198,2.157576
154,2026-05-11 16:15:34.793696,-0.6243047,0.34331274,1.009693,0.90010995,0.44089198,2.157576
155,2026-05-11 16:15:34.796392,-0.6243047,0.34331274,1.009693,0.90010995,0.44089198,2.157576
156,2026-05-11 16:15:34.799326,-0.6243047,0.34331274,1.009693,0.90010995,0.44089198,2.157576
157,2026-05-11 16:15:34.802560,-0.6243047,0.34331274,1.009693,0.90010995,0.44089198,2.157576
158,2026-05-11 16:15:34.805253,-0.6243047,0.34331274,1.009693,0.90010995,0.44089198,2.157576
159,2026-05-11 16:15:34.807781,-0.6243047,0.34331274,1.009693,0.90010995,0.44089198,2.157576
160,2026-05-11 16:15:34.810495,-0.6243047,0.34331274,1.009693,0.90010995,0.44089198,2.157576
161,2026-05-11 16:15:34.813271,-0.6243047,0.34331274,1.009693,0.90010995,0.44089198,2.157576
162,2026-05-11 16:15:34.816445,-0.6243047,0.34331274,1.009693,0.90010995,0.44089198,2.157576
163,2026-05-11 16:15:34.819241,-0.6243047,0.34331274,1.009693,0.90010995,0.44089198,2.157576
164,2026-05-11 16:15:34.821894,-0.6243047,0.34331274,1.009693,0.90010995,0.44089198,2.157576
165,2026-05-11 16:15:34.824658,-0.6243047,0.34331274,1.009693,0.90010995,0.44089198,2.157576
166,2026-05-11 16:15:34.827269,-0.6243047,0.34331274,1.009693,0.90010995,0.44089198,2.157576
167,2026-05-11 16:15:34.830134,-0.6243047,0.34331274,1.009693,0.8889617,0.2677117,2.270586
168,2026-05-11 16:15:34.833318,-0.6243047,0.34331274,1.009693,0.8889617,0.2677117,2.270586
169,2026-05-11 16:15:34.836158,-0.6243047,0.34331274,1.009693,0.8889617,0.2677117,2.270586
170,2026-05-11 16:15:34.839112,-0.6243047,0.34331274,1.009693,0.8889617,0.2677117,2.270586
171,2026-05-11 16:15:34.841776,-0.6243047,0.34331274,1.009693,0.8889617,0.2677117,2.270586
172,2026-05-11 16:15:34.844340,-0.6243047,0.34331274,1.009693,0.8889617,0.2677117,2.270586
173,2026-05-11 16:15:34.847139,-0.6243047,0.34331274,1.009693,0.8889617,0.2677117,2.270586
174,2026-05-11 16:15:34.850117,-0.6243047,0.34331274,1.009693,0.8889617,0.2677117,2.270586
175,2026-05-11 16:15:34.852968,-0.6243047,0.34331274,1.009693,0.8889617,0.2677117,2.270586
176,2026-05-11 16:15:34.855781,-0.6243047,0.34331274,1.009693,0.8889617,0.2677117,2.270586
177,2026-05-11 16:15:34.858464,-0.43270817,0.32861674,1.0897588,0.97097033,0.014202617,2.399784
178,2026-05-11 16:15:34.861064,-0.43270817,0.32861674,1.0897588,0.97097033,0.014202617,2.399784
179,2026-05-11 16:15:34.863569,-0.43270817,0.32861674,1.0897588,0.97097033,0.014202617,2.399784
180,2026-05-11 16:15:34.866577,-0.43270817,0.32861674,1.0897588,0.97097033,0.014202617,2.399784
181,2026-05-11 16:15:34.869219,-0.43270817,0.32861674,1.0897588,0.97097033,0.014202617,2.399784
182,2026-05-11 16:15:34.871771,-0.43270817,0.32861674,1.0897588,0.97097033,0.014202617,2.399784
183,2026-05-11 16:15:34.874492,-0.43270817,0.32861674,1.0897588,0.97097033,0.014202617,2.399784
184,2026-05-11 16:15:34.877079,-0.43270817,0.32861674,1.0897588,0.97097033,0.014202617,2.399784
185,2026-05-11 16:15:34.879600,-0.43270817,0.32861674,1.0897588,0.97097033,0.014202617,2.399784
186,2026-05-11 16:15:34.882501,-0.43270817,0.32861674,1.0897588,0.97097033,0.014202617,2.399784
187,2026-05-11 16:15:34.885299,-0.43270817,0.32861674,1.0897588,0.97097033,0.014202617,2.399784
188,2026-05-11 16:15:34.887935,-0.43270817,0.32861674,1.0897588,0.97097033,0.014202617,2.399784
189,2026-05-11 16:15:34.890468,-0.43270817,0.32861674,1.0897588,0.97097033,0.014202617,2.399784
190,2026-05-11 16:15:34.893215,-0.43270817,0.32861674,1.0897588,0.97097033,0.014202617,2.399784
191,2026-05-11 16:15:34.895705,-0.43270817,0.32861674,1.0897588,0.97097033,0.014202617,2.399784
192,2026-05-11 16:15:34.898834,-0.43270817,0.32861674,1.0897588,0.97097033,0.014202617,2.399784
193,2026-05-11 16:15:34.901606,-0.43270817,0.32861674,1.0897588,0.97097033,0.014202617,2.399784
194,2026-05-11 16:15:34.904163,-0.43270817,0.32861674,1.0897588,0.97097033,0.014202617,2.399784
195,2026-05-11 16:15:34.906889,-0.43270817,0.32861674,1.0897588,0.97097033,0.014202617,2.399784
196,2026-05-11 16:15:34.909462,-0.43270817,0.32861674,1.0897588,0.97097033,0.014202617,2.399784
197,2026-05-11 16:15:34.911986,-0.43270817,0.32861674,1.0897588,0.97097033,0.014202617,2.399784
198,2026-05-11 16:15:34.914582,-0.43270817,0.32861674,1.0897588,0.97097033,0.014202617,2.399784
199,2026-05-11 16:15:34.917478,-0.43270817,0.32861674,1.0897588,0.97097033,0.014202617,2.399784
200,2026-05-11 16:15:34.920110,-0.43270817,0.32861674,1.0897588,0.97097033,0.014202617,2.399784
201,2026-05-11 16:15:34.922736,-0.43270817,0.32861674,1.0897588,0.97097033,0.014202617,2.399784
202,2026-05-11 16:15:34.925256,-0.43270817,0.32861674,1.0897588,0.97097033,0.014202617,2.399784
203,2026-05-11 16:15:34.927908,-0.43270817,0.32861674,1.0897588,0.97097033,0.014202617,2.399784
204,2026-05-11 16:15:34.930417,-0.43270817,0.32861674,1.0897588,0.97097033,0.014202617,2.399784
205,2026-05-11 16:15:34.933611,-0.43270817,0.32861674,1.0897588,0.97097033,0.014202617,2.399784
206,2026-05-11 16:15:34.936373,-0.43270817,0.32861674,1.0897588,0.97097033,0.014202617,2.399784
207,2026-05-11 16:15:34.938968,-0.43270817,0.32861674,1.0897588,0.97097033,0.014202617,2.399784
208,2026-05-11 16:15:34.941510,-0.43270817,0.32861674,1.0897588,0.97097033,0.014202617,2.399784
209,2026-05-11 16:15:34.944274,-0.43270817,0.32861674,1.0897588,0.97097033,0.014202617,2.399784
210,2026-05-11 16:15:34.946872,-0.43270817,0.32861674,1.0897588,0.97097033,0.014202617,2.399784
211,2026-05-11 16:15:34.950141,-0.43270817,0.32861674,1.0897588,0.97097033,0.014202617,2.399784
212,2026-05-11 16:15:34.952964,-0.43270817,0.32861674,1.0897588,0.97097033,0.014202617,2.399784
213,2026-05-11 16:15:34.955852,-0.43270817,0.32861674,1.0897588,0.97097033,0.014202617,2.399784
214,2026-05-11 16:15:34.958575,-0.43270817,0.32861674,1.0897588,0.97097033,0.014202617,2.399784
215,2026-05-11 16:15:34.961218,-0.43270817,0.32861674,1.0897588,0.97097033,0.014202617,2.399784
216,2026-05-11 16:15:34.963955,-0.43270817,0.32861674,1.0897588,0.97097033,0.014202617,2.399784
217,2026-05-11 16:15:34.967180,-0.2874558,0.2909926,1.1667144,0.97097033,0.014202617,2.399784
218,2026-05-11 16:15:34.970059,-0.2874558,0.2909926,1.1667144,0.97097033,0.014202617,2.399784
219,2026-05-11 16:15:34.972761,-0.2874558,0.2909926,1.1667144,0.97097033,0.014202617,2.399784
220,2026-05-11 16:15:34.975296,-0.2874558,0.2909926,1.1667144,0.97097033,0.014202617,2.399784
221,2026-05-11 16:15:34.978061,-0.2874558,0.2909926,1.1667144,0.97097033,0.014202617,2.399784
222,2026-05-11 16:15:34.980811,-0.2874558,0.2909926,1.1667144,0.97097033,0.014202617,2.399784
223,2026-05-11 16:15:34.984081,-0.2874558,0.2909926,1.1667144,0.97097033,0.014202617,2.399784
224,2026-05-11 16:15:34.986801,-0.2874558,0.2909926,1.1667144,0.97097033,0.014202617,2.399784
225,2026-05-11 16:15:34.989431,-0.2874558,0.2909926,1.1667144,0.97097033,0.014202617,2.399784
226,2026-05-11 16:15:34.992009,-0.2874558,0.2909926,1.1667144,0.97097033,0.014202617,2.399784
227,2026-05-11 16:15:34.994783,-0.2874558,0.2909926,1.1667144,0.97097033,0.014202617,2.399784
228,2026-05-11 16:15:34.997370,-0.2874558,0.2909926,1.1667144,0.97097033,0.014202617,2.399784
229,2026-05-11 16:15:35.000612,-0.2874558,0.2909926,1.1667144,0.97097033,0.014202617,2.399784
230,2026-05-11 16:15:35.003418,-0.2874558,0.2909926,1.1667144,0.97097033,0.014202617,2.399784
231,2026-05-11 16:15:35.005977,-0.2874558,0.2909926,1.1667144,0.97097033,0.014202617,2.399784
232,2026-05-11 16:15:35.008560,-0.2874558,0.2909926,1.1667144,0.97097033,0.014202617,2.399784
233,2026-05-11 16:15:35.011324,-0.2874558,0.2909926,1.1667144,0.97097033,0.014202617,2.399784
234,2026-05-11 16:15:35.013994,-0.2874558,0.2909926,1.1667144,0.97097033,0.014202617,2.399784
235,2026-05-11 16:15:35.017162,-0.2874558,0.2909926,1.1667144,0.97097033,0.014202617,2.399784
236,2026-05-11 16:15:35.019886,-0.2874558,0.2909926,1.1667144,0.97097033,0.014202617,2.399784
237,2026-05-11 16:15:35.022531,-0.2874558,0.2909926,1.1667144,0.97097033,0.014202617,2.399784
238,2026-05-11 16:15:35.025208,-0.2874558,0.2909926,1.1667144,0.97097033,0.014202617,2.399784
239,2026-05-11 16:15:35.027859,-0.2874558,0.2909926,1.1667144,0.97097033,0.014202617,2.399784
240,2026-05-11 16:15:35.030627,-0.2874558,0.2909926,1.1667144,0.97097033,0.014202617,2.399784
241,2026-05-11 16:15:35.033868,-0.2874558,0.2909926,1.1667144,0.97097033,0.014202617,2.399784
242,2026-05-11 16:15:35.036633,-0.2874558,0.2909926,1.1667144,0.97097033,0.014202617,2.399784
243,2026-05-11 16:15:35.039158,-0.2874558,0.2909926,1.1667144,0.97097033,0.014202617,2.399784
244,2026-05-11 16:15:35.041961,-0.2874558,0.2909926,1.1667144,0.97097033,0.014202617,2.399784
245,2026-05-11 16:15:35.044528,-0.2874558,0.2909926,1.1667144,0.97097033,0.014202617,2.399784
246,2026-05-11 16:15:35.047410,-0.2874558,0.2909926,1.1667144,1.151481,0.2284636,2.410169
247,2026-05-11 16:15:35.050570,-0.2874558,0.2909926,1.1667144,1.151481,0.2284636,2.410169
248,2026-05-11 16:15:35.053254,-0.2874558,0.2909926,1.1667144,1.151481,0.2284636,2.410169
249,2026-05-11 16:15:35.055889,-0.2874558,0.2909926,1.1667144,1.151481,0.2284636,2.410169
250,2026-05-11 16:15:35.058966,-0.2874558,0.2909926,1.1667144,1.151481,0.2284636,2.410169
251,2026-05-11 16:15:35.062151,-0.2874558,0.2909926,1.1667144,1.151481,0.2284636,2.410169
252,2026-05-11 16:15:35.065231,-0.2874558,0.2909926,1.1667144,1.151481,0.2284636,2.410169
253,2026-05-11 16:15:35.068612,-0.2874558,0.2909926,1.1667144,1.151481,0.2284636,2.410169
254,2026-05-11 16:15:35.071394,-0.2874558,0.2909926,1.1667144,1.151481,0.2284636,2.410169
255,2026-05-11 16:15:35.074176,-0.2874558,0.2909926,1.1667144,1.151481,0.2284636,2.410169
256,2026-05-11 16:15:35.076851,-0.2874558,0.2909926,1.1667144,1.151481,0.2284636,2.410169
257,2026-05-11 16:15:35.079444,-0.2874558,0.2909926,1.1667144,1.151481,0.2284636,2.410169
258,2026-05-11 16:15:35.082419,-0.2874558,0.2909926,1.1667144,1.151481,0.2284636,2.410169
259,2026-05-11 16:15:35.085465,-0.2874558,0.2909926,1.1667144,1.151481,0.2284636,2.410169
260,2026-05-11 16:15:35.088481,-0.2874558,0.2909926,1.1667144,1.151481,0.2284636,2.410169
261,2026-05-11 16:15:35.091063,-0.2874558,0.2909926,1.1667144,1.151481,0.2284636,2.410169
262,2026-05-11 16:15:35.093907,-0.2874558,0.2909926,1.1667144,1.151481,0.2284636,2.410169
263,2026-05-11 16:15:35.096687,-0.2874558,0.2909926,1.1667144,1.151481,0.2284636,2.410169
264,2026-05-11 16:15:35.100362,-0.2874558,0.2909926,1.1667144,1.151481,0.2284636,2.410169
265,2026-05-11 16:15:35.103451,-0.2874558,0.2909926,1.1667144,1.151481,0.2284636,2.410169
266,2026-05-11 16:15:35.106314,-0.2874558,0.2909926,1.1667144,1.151481,0.2284636,2.410169
267,2026-05-11 16:15:35.109159,-0.2874558,0.2909926,1.1667144,1.151481,0.2284636,2.410169
268,2026-05-11 16:15:35.111868,-0.2874558,0.2909926,1.1667144,1.151481,0.2284636,2.410169
269,2026-05-11 16:15:35.114587,-0.2874558,0.2909926,1.1667144,1.151481,0.2284636,2.410169
270,2026-05-11 16:15:35.117759,-0.2874558,0.2909926,1.1667144,1.151481,0.2284636,2.410169
271,2026-05-11 16:15:35.120738,-0.2874558,0.2909926,1.1667144,1.151481,0.2284636,2.410169
272,2026-05-11 16:15:35.123389,-0.2874558,0.2909926,1.1667144,1.151481,0.2284636,2.410169
273,2026-05-11 16:15:35.125956,-0.2874558,0.2909926,1.1667144,1.151481,0.2284636,2.410169
274,2026-05-11 16:15:35.128797,-0.2874558,0.2909926,1.1667144,1.151481,0.2284636,2.410169
275,2026-05-11 16:15:35.131496,-0.2874558,0.2909926,1.1667144,1.151481,0.2284636,2.410169
276,2026-05-11 16:15:35.134478,-0.2874558,0.2909926,1.1667144,1.151481,0.2284636,2.410169
277,2026-05-11 16:15:35.137450,-0.2874558,0.2909926,1.1667144,1.151481,0.2284636,2.410169
278,2026-05-11 16:15:35.140059,-0.2874558,0.2909926,1.1667144,1.151481,0.2284636,2.410169
279,2026-05-11 16:15:35.142687,-0.2874558,0.2909926,1.1667144,1.151481,0.2284636,2.410169
280,2026-05-11 16:15:35.145532,-0.2874558,0.2909926,1.1667144,1.151481,0.2284636,2.410169
281,2026-05-11 16:15:35.148319,-0.2874558,0.2909926,1.1667144,1.151481,0.2284636,2.410169
282,2026-05-11 16:15:35.151566,-0.2874558,0.2909926,1.1667144,1.151481,0.2284636,2.410169
283,2026-05-11 16:15:35.154329,-0.2874558,0.2909926,1.1667144,1.151481,0.2284636,2.410169
284,2026-05-11 16:15:35.157146,-0.2874558,0.2909926,1.1667144,1.151481,0.2284636,2.410169
285,2026-05-11 16:15:35.159917,-0.2874558,0.2909926,1.1667144,1.151481,0.2284636,2.410169
286,2026-05-11 16:15:35.162641,-0.2874558,0.2909926,1.1667144,1.151481,0.2284636,2.410169
287,2026-05-11 16:15:35.165344,-0.2874558,0.2909926,1.1667144,1.151481,0.2284636,2.410169
288,2026-05-11 16:15:35.168719,-0.2874558,0.2909926,1.1667144,1.151481,0.2284636,2.410169
289,2026-05-11 16:15:35.171626,-0.2874558,0.2909926,1.1667144,1.151481,0.2284636,2.410169
290,2026-05-11 16:15:35.174301,-0.2874558,0.2909926,1.1667144,1.151481,0.2284636,2.410169
291,2026-05-11 16:15:35.176915,-0.2874558,0.2909926,1.1667144,1.151481,0.2284636,2.410169
292,2026-05-11 16:15:35.179793,-0.2874558,0.2909926,1.1667144,1.151481,0.2284636,2.410169
293,2026-05-11 16:15:35.183038,-0.2874558,0.2909926,1.1667144,1.151481,0.2284636,2.410169
294,2026-05-11 16:15:35.185932,-0.2874558,0.2909926,1.1667144,1.151481,0.2284636,2.410169
295,2026-05-11 16:15:35.188480,-0.2874558,0.2909926,1.1667144,1.151481,0.2284636,2.410169
296,2026-05-11 16:15:35.191405,-0.2874558,0.2909926,1.1667144,1.151481,0.2284636,2.410169
297,2026-05-11 16:15:35.194105,-0.2874558,0.2909926,1.1667144,1.151481,0.2284636,2.410169
298,2026-05-11 16:15:35.196803,-0.2874558,0.2909926,1.1667144,1.151481,0.2284636,2.410169
299,2026-05-11 16:15:35.200227,-0.2874558,0.2909926,1.1667144,1.151481,0.2284636,2.410169
300,2026-05-11 16:15:35.202999,-0.2874558,0.2909926,1.1667144,1.151481,0.2284636,2.410169
301,2026-05-11 16:15:35.205751,-0.2874558,0.2909926,1.1667144,1.151481,0.2284636,2.410169
302,2026-05-11 16:15:35.208435,-0.2874558,0.2909926,1.1667144,1.151481,0.2284636,2.410169
303,2026-05-11 16:15:35.211038,-0.2874558,0.2909926,1.1667144,1.151481,0.2284636,2.410169
304,2026-05-11 16:15:35.213909,-0.2874558,0.2909926,1.1667144,1.151481,0.2284636,2.410169
305,2026-05-11 16:15:35.217047,-0.2874558,0.2909926,1.1667144,1.151481,0.2284636,2.410169
306,2026-05-11 16:15:35.219794,-0.2874558,0.2909926,1.1667144,1.151481,0.2284636,2.410169
307,2026-05-11 16:15:35.222434,-0.2874558,0.2909926,1.1667144,1.151481,0.2284636,2.410169
308,2026-05-11 16:15:35.225113,-0.2874558,0.2909926,1.1667144,1.151481,0.2284636,2.410169
309,2026-05-11 16:15:35.227936,-0.2874558,0.2909926,1.1667144,1.151481,0.2284636,2.410169
310,2026-05-11 16:15:35.230522,-0.2874558,0.2909926,1.1667144,1.151481,0.2284636,2.410169
311,2026-05-11 16:15:35.233457,-0.2874558,0.2909926,1.1667144,1.151481,0.2284636,2.410169
312,2026-05-11 16:15:35.236422,-0.21659799,0.25483194,1.1220777,1.151481,0.2284636,2.410169
313,2026-05-11 16:15:35.239089,-0.21659799,0.25483194,1.1220777,1.151481,0.2284636,2.410169
314,2026-05-11 16:15:35.241761,-0.21659799,0.25483194,1.1220777,1.3547463,0.79458296,2.4043655
315,2026-05-11 16:15:35.244578,-0.21659799,0.25483194,1.1220777,1.3547463,0.79458296,2.4043655
316,2026-05-11 16:15:35.247153,-0.21659799,0.25483194,1.1220777,1.3547463,0.79458296,2.4043655
317,2026-05-11 16:15:35.250367,-0.21659799,0.25483194,1.1220777,1.3547463,0.79458296,2.4043655
318,2026-05-11 16:15:35.253154,-0.21659799,0.25483194,1.1220777,1.3547463,0.79458296,2.4043655
319,2026-05-11 16:15:35.255820,-0.20074342,0.27776012,1.0175594,1.3547463,0.79458296,2.4043655
320,2026-05-11 16:15:35.258657,-0.20074342,0.27776012,1.0175594,1.3547463,0.79458296,2.4043655
321,2026-05-11 16:15:35.261455,-0.20074342,0.27776012,1.0175594,1.3547463,0.79458296,2.4043655
322,2026-05-11 16:15:35.264162,-0.20074342,0.27776012,1.0175594,1.3547463,0.79458296,2.4043655
323,2026-05-11 16:15:35.267399,-0.20074342,0.27776012,1.0175594,1.3547463,0.79458296,2.4043655
324,2026-05-11 16:15:35.270288,-0.20074342,0.27776012,1.0175594,1.4552337,1.1684325,2.3881776
325,2026-05-11 16:15:35.273049,-0.20074342,0.27776012,1.0175594,1.4552337,1.1684325,2.3881776
326,2026-05-11 16:15:35.275816,-0.20074342,0.27776012,1.0175594,1.4552337,1.1684325,2.3881776
327,2026-05-11 16:15:35.278446,-0.20074342,0.27776012,1.0175594,1.4552337,1.1684325,2.3881776
328,2026-05-11 16:15:35.281064,-0.20074342,0.27776012,1.0175594,1.4552337,1.1684325,2.3881776
329,2026-05-11 16:15:35.284232,-0.20074342,0.27776012,1.0175594,1.4552337,1.1684325,2.3881776
330,2026-05-11 16:15:35.287131,-0.20074342,0.27776012,1.0175594,1.4552337,1.1684325,2.3881776
331,2026-05-11 16:15:35.289879,-0.20074342,0.27776012,1.0175594,1.4552337,1.1684325,2.3881776
332,2026-05-11 16:15:35.292709,-0.20074342,0.27776012,1.0175594,1.4552337,1.1684325,2.3881776
333,2026-05-11 16:15:35.295646,-0.20074342,0.27776012,1.0175594,1.4552337,1.1684325,2.3881776
334,2026-05-11 16:15:35.298301,-0.20074342,0.27776012,1.0175594,1.4552337,1.1684325,2.3881776
335,2026-05-11 16:15:35.301429,-0.20074342,0.27776012,1.0175594,1.4552337,1.1684325,2.3881776
336,2026-05-11 16:15:35.304462,-0.20074342,0.27776012,1.0175594,1.4552337,1.1684325,2.3881776
337,2026-05-11 16:15:35.307090,-0.20074342,0.27776012,1.0175594,1.4552337,1.1684325,2.3881776
338,2026-05-11 16:15:35.309752,-0.20074342,0.27776012,1.0175594,1.4552337,1.1684325,2.3881776
339,2026-05-11 16:15:35.312325,-0.20074342,0.27776012,1.0175594,1.4552337,1.1684325,2.3881776
340,2026-05-11 16:15:35.315088,-0.2063535,0.30806676,0.9095043,1.541213,1.3326025,2.3530529
341,2026-05-11 16:15:35.318674,-0.2063535,0.30806676,0.9095043,1.541213,1.3326025,2.3530529
342,2026-05-11 16:15:35.321407,-0.2063535,0.30806676,0.9095043,1.541213,1.3326025,2.3530529
343,2026-05-11 16:15:35.324002,-0.2063535,0.30806676,0.9095043,1.541213,1.3326025,2.3530529
344,2026-05-11 16:15:35.326539,-0.2063535,0.30806676,0.9095043,1.541213,1.3326025,2.3530529
345,2026-05-11 16:15:35.329364,-0.2063535,0.30806676,0.9095043,1.541213,1.3326025,2.3530529
346,2026-05-11 16:15:35.332686,-0.2063535,0.30806676,0.9095043,1.541213,1.3326025,2.3530529
347,2026-05-11 16:15:35.336026,-0.2063535,0.30806676,0.9095043,1.541213,1.3326025,2.3530529
348,2026-05-11 16:15:35.339312,-0.18312044,0.313189,0.7771795,1.6607898,1.2718215,2.3154848
349,2026-05-11 16:15:35.342495,-0.18312044,0.313189,0.7771795,1.6607898,1.2718215,2.3154848
350,2026-05-11 16:15:35.345514,-0.18312044,0.313189,0.7771795,1.6607898,1.2718215,2.3154848
351,2026-05-11 16:15:35.348721,-0.18312044,0.313189,0.7771795,1.6607898,1.2718215,2.3154848
352,2026-05-11 16:15:35.352511,-0.18312044,0.313189,0.7771795,1.6607898,1.2718215,2.3154848
353,2026-05-11 16:15:35.355480,-0.18312044,0.313189,0.7771795,1.6607898,1.2718215,2.3154848
354,2026-05-11 16:15:35.358319,-0.18312044,0.313189,0.7771795,1.6607898,1.2718215,2.3154848
355,2026-05-11 16:15:35.361442,-0.18312044,0.313189,0.7771795,1.6607898,1.2718215,2.3154848
356,2026-05-11 16:15:35.364552,-0.18312044,0.313189,0.7771795,1.6607898,1.2718215,2.3154848
357,2026-05-11 16:15:35.368352,-0.18312044,0.313189,0.7771795,1.6607898,1.2718215,2.3154848
358,2026-05-11 16:15:35.371843,-0.18312044,0.313189,0.7771795,1.6607898,1.2718215,2.3154848
359,2026-05-11 16:15:35.374584,-0.18312044,0.313189,0.7771795,1.6607898,1.2718215,2.3154848
360,2026-05-11 16:15:35.377201,-0.18312044,0.313189,0.7771795,1.6607898,1.2718215,2.3154848
361,2026-05-11 16:15:35.379807,-0.18312044,0.313189,0.7771795,1.6607898,1.2718215,2.3154848
362,2026-05-11 16:15:35.382628,-0.18312044,0.313189,0.7771795,1.6607898,1.2718215,2.3154848
363,2026-05-11 16:15:35.385358,-0.18312044,0.313189,0.7771795,1.6607898,1.2718215,2.3154848
364,2026-05-11 16:15:35.388362,-0.18312044,0.313189,0.7771795,1.6607898,1.2718215,2.3154848
365,2026-05-11 16:15:35.391192,-0.18312044,0.313189,0.7771795,1.6607898,1.2718215,2.3154848
366,2026-05-11 16:15:35.393914,-0.18312044,0.313189,0.7771795,1.6607898,1.2718215,2.3154848
367,2026-05-11 16:15:35.396477,-0.18312044,0.313189,0.7771795,1.6607898,1.2718215,2.3154848
368,2026-05-11 16:15:35.399973,-0.18312044,0.313189,0.7771795,1.6607898,1.2718215,2.3154848
369,2026-05-11 16:15:35.402889,-0.18312044,0.313189,0.7771795,1.7186694,1.1818715,2.2828035
370,2026-05-11 16:15:35.405837,-0.05427146,0.31050593,0.5464343,1.7090483,1.08902,2.151162
371,2026-05-11 16:15:35.408477,-0.05427146,0.31050593,0.5464343,1.7090483,1.08902,2.151162
372,2026-05-11 16:15:35.411047,-0.05427146,0.31050593,0.5464343,1.7090483,1.08902,2.151162
373,2026-05-11 16:15:35.432977,2.2753766,0.7188834,0.6161945,-0.3268129,-3.0309606,5.4415874
374,2026-05-11 16:15:35.440527,2.2753766,0.7188834,0.6161945,-0.3268129,-3.0309606,5.4415874
375,2026-05-11 16:15:35.446105,2.2753766,0.7188834,0.6161945,-0.3268129,-3.0309606,5.4415874
376,2026-05-11 16:15:35.451350,2.2753766,0.7188834,0.6161945,-0.3268129,-3.0309606,5.4415874
377,2026-05-11 16:15:35.454291,2.2753766,0.7188834,0.6161945,-0.3268129,-3.0309606,5.4415874
378,2026-05-11 16:15:35.456925,2.2753766,0.7188834,0.6161945,-0.3268129,-3.0309606,5.4415874
379,2026-05-11 16:15:35.459521,2.2753766,0.7188834,0.6161945,-0.3268129,-3.0309606,5.4415874
380,2026-05-11 16:15:35.462295,2.2753766,0.7188834,0.6161945,-0.3268129,-3.0309606,5.4415874
381,2026-05-11 16:15:35.465158,2.2753766,0.7188834,0.6161945,-0.3268129,-3.0309606,5.4415874
382,2026-05-11 16:15:35.468487,2.2753766,0.7188834,0.6161945,-0.3268129,-3.0309606,5.4415874
383,2026-05-11 16:15:35.471114,2.2753766,0.7188834,0.6161945,-0.3268129,-3.0309606,5.4415874
384,2026-05-11 16:15:35.473937,2.2753766,0.7188834,0.6161945,-0.3268129,-3.0309606,5.4415874
385,2026-05-11 16:15:35.476701,2.792846,1.0487807,0.66296554,-0.47861293,-2.818074,5.4599137
386,2026-05-11 16:15:35.479423,2.792846,1.0487807,0.66296554,-0.47861293,-2.818074,5.4599137
387,2026-05-11 16:15:35.482501,2.792846,1.0487807,0.66296554,-0.47861293,-2.818074,5.4599137
388,2026-05-11 16:15:35.485343,2.792846,1.0487807,0.66296554,-0.47861293,-2.818074,5.4599137
389,2026-05-11 16:15:35.488057,2.792846,1.0487807,0.66296554,-0.47861293,-2.818074,5.4599137
390,2026-05-11 16:15:35.490729,2.792846,1.0487807,0.66296554,-0.47861293,-2.818074,5.4599137
391,2026-05-11 16:15:35.493326,2.792846,1.0487807,0.66296554,-0.47861293,-2.818074,5.4599137
392,2026-05-11 16:15:35.496122,2.792846,1.0487807,0.66296554,-0.47861293,-2.818074,5.4599137
393,2026-05-11 16:15:35.499131,2.792846,1.0487807,0.66296554,-0.47861293,-2.818074,5.4599137
394,2026-05-11 16:15:35.502001,2.792846,1.0487807,0.66296554,-0.47861293,-2.818074,5.4599137
395,2026-05-11 16:15:35.504627,2.792846,1.0487807,0.66296554,-0.47861293,-2.818074,5.4599137
396,2026-05-11 16:15:35.507495,2.792846,1.0487807,0.66296554,-0.47861293,-2.818074,5.4599137
397,2026-05-11 16:15:35.510116,2.792846,1.0487807,0.66296554,-0.47861293,-2.818074,5.4599137
398,2026-05-11 16:15:35.512701,2.792846,1.0487807,0.66296554,-0.47861293,-2.818074,5.4599137
399,2026-05-11 16:15:35.515717,2.792846,1.0487807,0.66296554,-0.47861293,-2.818074,5.4599137
400,2026-05-11 16:15:35.518513,2.792846,1.0487807,0.66296554,-0.47861293,-2.818074,5.4599137
401,2026-05-11 16:15:35.521156,2.792846,1.0487807,0.66296554,-0.47861293,-2.818074,5.4599137
402,2026-05-11 16:15:35.523692,2.792846,1.0487807,0.66296554,-0.47861293,-2.818074,5.4599137
403,2026-05-11 16:15:35.526452,2.792846,1.0487807,0.66296554,-0.47861293,-2.818074,5.4599137
404,2026-05-11 16:15:35.529060,2.792846,1.0487807,0.66296554,-0.47861293,-2.818074,5.4599137
405,2026-05-11 16:15:35.531759,2.792846,1.0487807,0.66296554,-0.47861293,-2.818074,5.4599137
406,2026-05-11 16:15:35.534698,2.792846,1.0487807,0.66296554,-0.47861293,-2.818074,5.4599137
407,2026-05-11 16:15:35.537344,2.792846,1.0487807,0.66296554,-0.47861293,-2.818074,5.4599137
408,2026-05-11 16:15:35.539984,2.792846,1.0487807,0.66296554,-0.47861293,-2.818074,5.4599137
409,2026-05-11 16:15:35.542590,2.792846,1.0487807,0.66296554,-0.47861293,-2.818074,5.4599137
410,2026-05-11 16:15:35.545250,2.792846,1.0487807,0.66296554,-0.47861293,-2.818074,5.4599137
411,2026-05-11 16:15:35.547781,2.792846,1.0487807,0.66296554,-0.47861293,-2.818074,5.4599137
412,2026-05-11 16:15:35.550852,2.792846,1.0487807,0.66296554,-0.47861293,-2.818074,5.4599137
413,2026-05-11 16:15:35.553447,2.792846,1.0487807,0.66296554,-0.47861293,-2.818074,5.4599137
414,2026-05-11 16:15:35.556004,2.792846,1.0487807,0.66296554,-0.47861293,-2.818074,5.4599137
415,2026-05-11 16:15:35.558580,2.792846,1.0487807,0.66296554,-0.47861293,-2.818074,5.4599137
416,2026-05-11 16:15:35.561084,2.792846,1.0487807,0.66296554,-0.47861293,-2.818074,5.4599137
417,2026-05-11 16:15:35.563602,2.792846,1.0487807,0.66296554,-0.47861293,-2.818074,5.4599137
418,2026-05-11 16:15:35.566596,2.792846,1.0487807,0.66296554,-0.47861293,-2.818074,5.4599137
419,2026-05-11 16:15:35.569217,2.792846,1.0487807,0.66296554,-0.47861293,-2.818074,5.4599137
420,2026-05-11 16:15:35.572079,2.792846,1.0487807,0.66296554,-0.47861293,-2.818074,5.4599137
421,2026-05-11 16:15:35.574740,2.792846,1.0487807,0.66296554,-0.47861293,-2.818074,5.4599137
422,2026-05-11 16:15:35.577322,2.792846,1.0487807,0.66296554,-0.47861293,-2.818074,5.4599137
423,2026-05-11 16:15:35.579877,2.792846,1.0487807,0.66296554,-0.47861293,-2.818074,5.4599137
424,2026-05-11 16:15:35.582873,2.792846,1.0487807,0.66296554,-0.47861293,-2.818074,5.4599137
425,2026-05-11 16:15:35.585741,2.792846,1.0487807,0.66296554,-1.3211488,-1.6991217,4.798499
426,2026-05-11 16:15:35.588534,2.792846,1.0487807,0.66296554,-1.3211488,-1.6991217,4.798499
427,2026-05-11 16:15:35.591199,2.792846,1.0487807,0.66296554,-1.3211488,-1.6991217,4.798499
428,2026-05-11 16:15:35.594055,2.792846,1.0487807,0.66296554,-1.3211488,-1.6991217,4.798499
429,2026-05-11 16:15:35.596676,2.792846,1.0487807,0.66296554,-1.3211488,-1.6991217,4.798499
430,2026-05-11 16:15:35.599702,2.792846,1.0487807,0.66296554,-1.3211488,-1.6991217,4.798499
431,2026-05-11 16:15:35.602492,2.792846,1.0487807,0.66296554,-1.3211488,-1.6991217,4.798499
432,2026-05-11 16:15:35.605048,2.792846,1.0487807,0.66296554,-1.3211488,-1.6991217,4.798499
433,2026-05-11 16:15:35.607740,2.792846,1.0487807,0.66296554,-1.3211488,-1.6991217,4.798499
434,2026-05-11 16:15:35.610315,2.792846,1.0487807,0.66296554,-1.3211488,-1.6991217,4.798499
435,2026-05-11 16:15:35.612840,2.792846,1.0487807,0.66296554,-1.3211488,-1.6991217,4.798499
436,2026-05-11 16:15:35.615861,2.792846,1.0487807,0.66296554,-1.3211488,-1.6991217,4.798499
437,2026-05-11 16:15:35.618494,2.792846,1.0487807,0.66296554,-1.3211488,-1.6991217,4.798499
438,2026-05-11 16:15:35.621041,2.792846,1.0487807,0.66296554,-1.3211488,-1.6991217,4.798499
439,2026-05-11 16:15:35.623713,2.792846,1.0487807,0.66296554,-1.3211488,-1.6991217,4.798499
440,2026-05-11 16:15:35.626269,2.792846,1.0487807,0.66296554,-1.3211488,-1.6991217,4.798499
441,2026-05-11 16:15:35.628834,2.792846,1.0487807,0.66296554,-1.3211488,-1.6991217,4.798499
442,2026-05-11 16:15:35.631448,3.8194304,1.7935802,0.7537635,-1.3211488,-1.6991217,4.798499
443,2026-05-11 16:15:35.634366,3.8194304,1.7935802,0.7537635,-1.3211488,-1.6991217,4.798499
444,2026-05-11 16:15:35.636999,3.8194304,1.7935802,0.7537635,-1.3211488,-1.6991217,4.798499
445,2026-05-11 16:15:35.639561,3.8194304,1.7935802,0.7537635,-1.3211488,-1.6991217,4.798499
446,2026-05-11 16:15:35.642158,3.8194304,1.7935802,0.7537635,-1.3211488,-1.6991217,4.798499
447,2026-05-11 16:15:35.644987,3.8194304,1.7935802,0.7537635,-1.3211488,-1.6991217,4.798499
448,2026-05-11 16:15:35.647604,3.8194304,1.7935802,0.7537635,-1.3211488,-1.6991217,4.798499
449,2026-05-11 16:15:35.650635,3.8194304,1.7935802,0.7537635,-1.3211488,-1.6991217,4.798499
450,2026-05-11 16:15:35.653509,3.8194304,1.7935802,0.7537635,-1.3211488,-1.6991217,4.798499
451,2026-05-11 16:15:35.656161,3.8194304,1.7935802,0.7537635,-1.3211488,-1.6991217,4.798499
452,2026-05-11 16:15:35.658898,3.8194304,1.7935802,0.7537635,-1.3211488,-1.6991217,4.798499
453,2026-05-11 16:15:35.661568,3.8194304,1.7935802,0.7537635,-1.3211488,-1.6991217,4.798499
454,2026-05-11 16:15:35.664205,3.8194304,1.7935802,0.7537635,-1.3211488,-1.6991217,4.798499
455,2026-05-11 16:15:35.667203,3.8194304,1.7935802,0.7537635,-1.3211488,-1.6991217,4.798499
456,2026-05-11 16:15:35.670134,3.662348,2.2562292,1.7018065,-2.5364652,0.43279803,1.9265163
457,2026-05-11 16:15:35.672836,3.662348,2.2562292,1.7018065,-2.5364652,0.43279803,1.9265163
458,2026-05-11 16:15:35.675444,3.662348,2.2562292,1.7018065,-2.5364652,0.43279803,1.9265163
459,2026-05-11 16:15:35.678189,3.662348,2.2562292,1.7018065,-2.5364652,0.43279803,1.9265163
460,2026-05-11 16:15:35.680869,3.662348,2.2562292,1.7018065,-2.5364652,0.43279803,1.9265163
461,2026-05-11 16:15:35.684138,3.662348,2.2562292,1.7018065,-2.5364652,0.43279803,1.9265163
462,2026-05-11 16:15:35.686784,3.662348,2.2562292,1.7018065,-2.5364652,0.43279803,1.9265163
463,2026-05-11 16:15:35.689506,3.662348,2.2562292,1.7018065,-2.5364652,0.43279803,1.9265163
464,2026-05-11 16:15:35.692110,3.662348,2.2562292,1.7018065,-2.5364652,0.43279803,1.9265163
465,2026-05-11 16:15:35.694801,3.662348,2.2562292,1.7018065,-2.5364652,0.43279803,1.9265163
466,2026-05-11 16:15:35.697374,3.662348,2.2562292,1.7018065,-2.5364652,0.43279803,1.9265163
467,2026-05-11 16:15:35.700493,3.662348,2.2562292,1.7018065,-2.5364652,0.43279803,1.9265163
468,2026-05-11 16:15:35.703442,3.662348,2.2562292,1.7018065,-2.5364652,0.43279803,1.9265163
469,2026-05-11 16:15:35.706080,3.662348,2.2562292,1.7018065,-2.5364652,0.43279803,1.9265163
470,2026-05-11 16:15:35.708648,3.662348,2.2562292,1.7018065,-2.5364652,0.43279803,1.9265163
471,2026-05-11 16:15:35.711445,3.662348,2.2562292,1.7018065,-2.5364652,0.43279803,1.9265163
472,2026-05-11 16:15:35.714059,3.662348,2.2562292,1.7018065,-2.5364652,0.43279803,1.9265163
473,2026-05-11 16:15:35.717158,3.662348,2.2562292,1.7018065,-2.5364652,0.43279803,1.9265163
474,2026-05-11 16:15:35.719859,3.662348,2.2562292,1.7018065,-2.5364652,0.43279803,1.9265163
475,2026-05-11 16:15:35.722421,3.662348,2.2562292,1.7018065,-2.5364652,0.43279803,1.9265163
476,2026-05-11 16:15:35.725277,3.662348,2.2562292,1.7018065,-2.5364652,0.43279803,1.9265163
477,2026-05-11 16:15:35.727863,3.662348,2.2562292,1.7018065,-2.5364652,0.43279803,1.9265163
478,2026-05-11 16:15:35.730506,3.662348,2.2562292,1.7018065,-2.5364652,0.43279803,1.9265163
479,2026-05-11 16:15:35.733443,3.662348,2.2562292,1.7018065,-2.5364652,0.43279803,1.9265163
480,2026-05-11 16:15:35.736287,3.662348,2.2562292,1.7018065,-2.5364652,0.43279803,1.9265163
481,2026-05-11 16:15:35.738866,3.662348,2.2562292,1.7018065,-2.5364652,0.43279803,1.9265163
482,2026-05-11 16:15:35.741411,3.662348,2.2562292,1.7018065,-2.5364652,0.43279803,1.9265163
483,2026-05-11 16:15:35.744114,3.662348,2.2562292,1.7018065,-2.5364652,0.43279803,1.9265163
484,2026-05-11 16:15:35.746692,3.662348,2.2562292,1.7018065,-2.5364652,0.43279803,1.9265163
485,2026-05-11 16:15:35.749533,3.662348,2.2562292,1.7018065,-2.5364652,0.43279803,1.9265163
486,2026-05-11 16:15:35.752694,3.662348,2.2562292,1.7018065,-2.5364652,0.43279803,1.9265163
487,2026-05-11 16:15:35.755572,3.662348,2.2562292,1.7018065,-2.5364652,0.43279803,1.9265163
488,2026-05-11 16:15:35.758140,3.662348,2.2562292,1.7018065,-2.5364652,0.43279803,1.9265163
489,2026-05-11 16:15:35.760708,3.662348,2.2562292,1.7018065,-2.5364652,0.43279803,1.9265163
490,2026-05-11 16:15:35.763244,3.662348,2.2562292,1.7018065,-2.5364652,0.43279803,1.9265163
491,2026-05-11 16:15:35.765929,3.662348,2.2562292,1.7018065,-2.5364652,0.43279803,1.9265163
492,2026-05-11 16:15:35.769387,3.662348,2.2562292,1.7018065,-2.5364652,0.43279803,1.9265163
493,2026-05-11 16:15:35.772116,3.662348,2.2562292,1.7018065,-2.5364652,0.43279803,1.9265163
494,2026-05-11 16:15:35.774882,3.662348,2.2562292,1.7018065,-2.5364652,0.43279803,1.9265163
495,2026-05-11 16:15:35.777471,3.662348,2.2562292,1.7018065,-2.5364652,0.43279803,1.9265163
496,2026-05-11 16:15:35.780281,3.662348,2.2562292,1.7018065,-2.5364652,0.43279803,1.9265163
497,2026-05-11 16:15:35.783290,3.662348,2.2562292,1.7018065,-2.5364652,0.43279803,1.9265163
498,2026-05-11 16:15:35.786021,3.662348,2.2562292,1.7018065,-2.5364652,0.43279803,1.9265163
499,2026-05-11 16:15:35.788611,3.662348,2.2562292,1.7018065,-2.5364652,0.43279803,1.9265163
500,2026-05-11 16:15:35.791336,3.662348,2.2562292,1.7018065,-2.5364652,0.43279803,1.9265163
501,2026-05-11 16:15:35.793942,3.662348,2.2562292,1.7018065,-2.5364652,0.43279803,1.9265163
502,2026-05-11 16:15:35.796611,3.662348,2.2562292,1.7018065,-2.5364652,0.43279803,1.9265163
503,2026-05-11 16:15:35.799576,3.662348,2.2562292,1.7018065,-2.5364652,0.43279803,1.9265163
504,2026-05-11 16:15:35.802424,3.662348,2.2562292,1.7018065,-2.5364652,0.43279803,1.9265163
505,2026-05-11 16:15:35.805158,3.662348,2.2562292,1.7018065,-1.999362,0.8196284,1.1927143
506,2026-05-11 16:15:35.807742,3.662348,2.2562292,1.7018065,-1.999362,0.8196284,1.1927143
507,2026-05-11 16:15:35.810538,3.662348,2.2562292,1.7018065,-1.999362,0.8196284,1.1927143
508,2026-05-11 16:15:35.813087,3.662348,2.2562292,1.7018065,-1.999362,0.8196284,1.1927143
509,2026-05-11 16:15:35.816345,3.662348,2.2562292,1.7018065,-1.999362,0.8196284,1.1927143
510,2026-05-11 16:15:35.819061,3.662348,2.2562292,1.7018065,-1.999362,0.8196284,1.1927143
511,2026-05-11 16:15:35.821653,3.662348,2.2562292,1.7018065,-1.999362,0.8196284,1.1927143
512,2026-05-11 16:15:35.824226,3.662348,2.2562292,1.7018065,-1.999362,0.8196284,1.1927143
513,2026-05-11 16:15:35.826770,3.662348,2.2562292,1.7018065,-1.999362,0.8196284,1.1927143
514,2026-05-11 16:15:35.829587,3.662348,2.2562292,1.7018065,-1.999362,0.8196284,1.1927143
515,2026-05-11 16:15:35.832795,3.662348,2.2562292,1.7018065,-1.999362,0.8196284,1.1927143
516,2026-05-11 16:15:35.835766,3.662348,2.2562292,1.7018065,-1.999362,0.8196284,1.1927143
517,2026-05-11 16:15:35.838445,3.1162794,2.2395818,2.2205563,-1.999362,0.8196284,1.1927143
518,2026-05-11 16:15:35.841034,3.1162794,2.2395818,2.2205563,-1.999362,0.8196284,1.1927143
519,2026-05-11 16:15:35.843827,3.1162794,2.2395818,2.2205563,-1.999362,0.8196284,1.1927143
520,2026-05-11 16:15:35.846454,3.1162794,2.2395818,2.2205563,-1.999362,0.8196284,1.1927143
521,2026-05-11 16:15:35.849264,3.1162794,2.2395818,2.2205563,-1.999362,0.8196284,1.1927143
522,2026-05-11 16:15:35.852112,3.1162794,2.2395818,2.2205563,-1.999362,0.8196284,1.1927143
523,2026-05-11 16:15:35.854656,3.1162794,2.2395818,2.2205563,-1.999362,0.8196284,1.1927143
524,2026-05-11 16:15:35.857533,3.1162794,2.2395818,2.2205563,-1.999362,0.8196284,1.1927143
525,2026-05-11 16:15:35.860155,3.1162794,2.2395818,2.2205563,-1.999362,0.8196284,1.1927143
526,2026-05-11 16:15:35.862997,3.1162794,2.2395818,2.2205563,-1.999362,0.8196284,1.1927143
527,2026-05-11 16:15:35.866141,3.1162794,2.2395818,2.2205563,-1.999362,0.8196284,1.1927143
528,2026-05-11 16:15:35.868951,3.1162794,2.2395818,2.2205563,-1.999362,0.8196284,1.1927143
529,2026-05-11 16:15:35.871624,3.1162794,2.2395818,2.2205563,-1.999362,0.8196284,1.1927143
530,2026-05-11 16:15:35.874210,3.1162794,2.2395818,2.2205563,-1.999362,0.8196284,1.1927143
531,2026-05-11 16:15:35.877036,3.1162794,2.2395818,2.2205563,-1.999362,0.8196284,1.1927143
532,2026-05-11 16:15:35.879717,3.1162794,2.2395818,2.2205563,-1.999362,0.8196284,1.1927143
533,2026-05-11 16:15:35.882604,3.1162794,2.2395818,2.2205563,-1.999362,0.8196284,1.1927143
534,2026-05-11 16:15:35.885486,3.1162794,2.2395818,2.2205563,-1.999362,0.8196284,1.1927143
535,2026-05-11 16:15:35.888259,3.1162794,2.2395818,2.2205563,-1.999362,0.8196284,1.1927143
536,2026-05-11 16:15:35.890948,3.1162794,2.2395818,2.2205563,-1.999362,0.8196284,1.1927143
537,2026-05-11 16:15:35.893615,3.1162794,2.2395818,2.2205563,-1.999362,0.8196284,1.1927143
538,2026-05-11 16:15:35.896152,3.1162794,2.2395818,2.2205563,-1.999362,0.8196284,1.1927143
539,2026-05-11 16:15:35.899277,3.1162794,2.2395818,2.2205563,-1.999362,0.8196284,1.1927143
540,2026-05-11 16:15:35.902068,3.1162794,2.2395818,2.2205563,-1.999362,0.8196284,1.1927143
541,2026-05-11 16:15:35.904819,3.1162794,2.2395818,2.2205563,-1.999362,0.8196284,1.1927143
542,2026-05-11 16:15:35.907420,3.1162794,2.2395818,2.2205563,-1.999362,0.8196284,1.1927143
543,2026-05-11 16:15:35.910259,3.1162794,2.2395818,2.2205563,-1.999362,0.8196284,1.1927143
544,2026-05-11 16:15:35.912858,3.1162794,2.2395818,2.2205563,-1.999362,0.8196284,1.1927143
545,2026-05-11 16:15:35.915939,3.1162794,2.2395818,2.2205563,-1.999362,0.8196284,1.1927143
546,2026-05-11 16:15:35.918828,3.1162794,2.2395818,2.2205563,-1.999362,0.8196284,1.1927143
547,2026-05-11 16:15:35.921449,3.1162794,2.2395818,2.2205563,-1.999362,0.8196284,1.1927143
548,2026-05-11 16:15:35.924202,3.1162794,2.2395818,2.2205563,-1.999362,0.8196284,1.1927143
549,2026-05-11 16:15:35.926836,2.692779,2.1985428,2.3453197,-1.999362,0.8196284,1.1927143
550,2026-05-11 16:15:35.929618,2.692779,2.1985428,2.3453197,-1.999362,0.8196284,1.1927143
551,2026-05-11 16:15:35.932895,2.692779,2.1985428,2.3453197,-1.999362,0.8196284,1.1927143
552,2026-05-11 16:15:35.935751,2.692779,2.1985428,2.3453197,-1.999362,0.8196284,1.1927143
553,2026-05-11 16:15:35.938345,2.692779,2.1985428,2.3453197,-1.999362,0.8196284,1.1927143
554,2026-05-11 16:15:35.941191,2.692779,2.1985428,2.3453197,-1.999362,0.8196284,1.1927143
555,2026-05-11 16:15:35.943845,2.692779,2.1985428,2.3453197,-1.999362,0.8196284,1.1927143
556,2026-05-11 16:15:35.946593,2.692779,2.1985428,2.3453197,-1.999362,0.8196284,1.1927143
557,2026-05-11 16:15:35.949596,2.692779,2.1985428,2.3453197,-1.999362,0.8196284,1.1927143
558,2026-05-11 16:15:35.952684,2.692779,2.1985428,2.3453197,-1.999362,0.8196284,1.1927143
559,2026-05-11 16:15:35.955490,2.692779,2.1985428,2.3453197,-1.999362,0.8196284,1.1927143
560,2026-05-11 16:15:35.958256,2.692779,2.1985428,2.3453197,-1.3359623,0.869414,0.99280876
561,2026-05-11 16:15:35.960857,2.692779,2.1985428,2.3453197,-1.3359623,0.869414,0.99280876
562,2026-05-11 16:15:35.963520,2.692779,2.1985428,2.3453197,-1.3359623,0.869414,0.99280876
563,2026-05-11 16:15:35.966480,2.692779,2.1985428,2.3453197,-1.3359623,0.869414,0.99280876
564,2026-05-11 16:15:35.969276,2.692779,2.1985428,2.3453197,-1.3359623,0.869414,0.99280876
565,2026-05-11 16:15:35.971843,2.692779,2.1985428,2.3453197,-1.3359623,0.869414,0.99280876
566,2026-05-11 16:15:35.974519,2.692779,2.1985428,2.3453197,-1.3359623,0.869414,0.99280876
567,2026-05-11 16:15:35.977103,2.692779,2.1985428,2.3453197,-1.3359623,0.869414,0.99280876
568,2026-05-11 16:15:35.979613,2.692779,2.1985428,2.3453197,-1.3359623,0.869414,0.99280876
569,2026-05-11 16:15:35.982562,2.692779,2.1985428,2.3453197,-1.3359623,0.869414,0.99280876
570,2026-05-11 16:15:35.985333,2.692779,2.1985428,2.3453197,-1.3359623,0.869414,0.99280876
571,2026-05-11 16:15:35.987894,2.692779,2.1985428,2.3453197,-1.3359623,0.869414,0.99280876
572,2026-05-11 16:15:35.990591,2.692779,2.1985428,2.3453197,-1.3359623,0.869414,0.99280876
573,2026-05-11 16:15:35.993197,2.692779,2.1985428,2.3453197,-1.3359623,0.869414,0.99280876
574,2026-05-11 16:15:35.995763,2.692779,2.1985428,2.3453197,-1.3359623,0.869414,0.99280876
575,2026-05-11 16:15:35.998541,2.692779,2.1985428,2.3453197,-1.3359623,0.869414,0.99280876
576,2026-05-11 16:15:36.001695,2.3877003,2.2051287,2.1703095,-1.3359623,0.869414,0.99280876
577,2026-05-11 16:15:36.004354,2.3877003,2.2051287,2.1703095,-1.3359623,0.869414,0.99280876
578,2026-05-11 16:15:36.006964,2.3877003,2.2051287,2.1703095,-1.3359623,0.869414,0.99280876
579,2026-05-11 16:15:36.009609,2.3877003,2.2051287,2.1703095,-1.3359623,0.869414,0.99280876
580,2026-05-11 16:15:36.012264,2.4105065,2.2471433,2.013776,0.38133264,0.7498371,0.7987063
581,2026-05-11 16:15:36.014827,2.4105065,2.2471433,2.013776,0.38133264,0.7498371,0.7987063
582,2026-05-11 16:15:36.018142,2.4105065,2.2471433,2.013776,0.38133264,0.7498371,0.7987063
583,2026-05-11 16:15:36.020764,2.4105065,2.2471433,2.013776,0.38133264,0.7498371,0.7987063
584,2026-05-11 16:15:36.023362,2.4105065,2.2471433,2.013776,0.38133264,0.7498371,0.7987063
585,2026-05-11 16:15:36.025957,2.4105065,2.2471433,2.013776,0.38133264,0.7498371,0.7987063
586,2026-05-11 16:15:36.028538,2.4105065,2.2471433,2.013776,0.38133264,0.7498371,0.7987063
587,2026-05-11 16:15:36.031093,2.4105065,2.2471433,2.013776,0.38133264,0.7498371,0.7987063
588,2026-05-11 16:15:36.034368,2.4105065,2.2471433,2.013776,0.38133264,0.7498371,0.7987063
589,2026-05-11 16:15:36.037106,2.4105065,2.2471433,2.013776,0.38133264,0.7498371,0.7987063
590,2026-05-11 16:15:36.039716,2.4105065,2.2471433,2.013776,0.38133264,0.7498371,0.7987063
591,2026-05-11 16:15:36.042454,2.4105065,2.2471433,2.013776,0.38133264,0.7498371,0.7987063
592,2026-05-11 16:15:36.045009,2.4105065,2.2471433,2.013776,0.38133264,0.7498371,0.7987063
593,2026-05-11 16:15:36.047791,2.4105065,2.2471433,2.013776,0.38133264,0.7498371,0.7987063
594,2026-05-11 16:15:36.050946,2.4105065,2.2471433,2.013776,0.38133264,0.7498371,0.7987063
595,2026-05-11 16:15:36.053733,2.4105065,2.2471433,2.013776,0.38133264,0.7498371,0.7987063
596,2026-05-11 16:15:36.056436,2.4105065,2.2471433,2.013776,0.38133264,0.7498371,0.7987063
597,2026-05-11 16:15:36.059030,2.4105065,2.2471433,2.013776,0.38133264,0.7498371,0.7987063
598,2026-05-11 16:15:36.061721,2.4105065,2.2471433,2.013776,0.38133264,0.7498371,0.7987063
599,2026-05-11 16:15:36.064297,2.4105065,2.2471433,2.013776,0.38133264,0.7498371,0.7987063
600,2026-05-11 16:15:36.067188,2.4105065,2.2471433,2.013776,0.38133264,0.7498371,0.7987063
601,2026-05-11 16:15:36.070023,2.4105065,2.2471433,2.013776,0.38133264,0.7498371,0.7987063
602,2026-05-11 16:15:36.072637,2.4105065,2.2471433,2.013776,0.38133264,0.7498371,0.7987063
603,2026-05-11 16:15:36.075199,2.4105065,2.2471433,2.013776,0.38133264,0.7498371,0.7987063
604,2026-05-11 16:15:36.077882,2.4105065,2.2471433,2.013776,0.38133264,0.7498371,0.7987063
605,2026-05-11 16:15:36.080443,2.4105065,2.2471433,2.013776,0.38133264,0.7498371,0.7987063
606,2026-05-11 16:15:36.083528,2.4105065,2.2471433,2.013776,0.38133264,0.7498371,0.7987063
607,2026-05-11 16:15:36.086334,2.4105065,2.2471433,2.013776,0.38133264,0.7498371,0.7987063
608,2026-05-11 16:15:36.088998,2.4105065,2.2471433,2.013776,0.38133264,0.7498371,0.7987063
609,2026-05-11 16:15:36.091710,2.4105065,2.2471433,2.013776,0.99097615,0.6782131,0.68310004
610,2026-05-11 16:15:36.094385,2.4105065,2.2471433,2.013776,0.99097615,0.6782131,0.68310004
611,2026-05-11 16:15:36.096964,2.4105065,2.2471433,2.013776,0.99097615,0.6782131,0.68310004
612,2026-05-11 16:15:36.100264,2.4105065,2.2471433,2.013776,0.99097615,0.6782131,0.68310004
613,2026-05-11 16:15:36.102998,2.4105065,2.2471433,2.013776,0.99097615,0.6782131,0.68310004
614,2026-05-11 16:15:36.105671,2.4105065,2.2471433,2.013776,0.99097615,0.6782131,0.68310004
615,2026-05-11 16:15:36.108370,2.4105065,2.2471433,2.013776,0.99097615,0.6782131,0.68310004
616,2026-05-11 16:15:36.111030,2.4105065,2.2471433,2.013776,1.7484491,0.6966918,0.2603813
617,2026-05-11 16:15:36.113642,2.4105065,2.2471433,2.013776,1.7484491,0.6966918,0.2603813
618,2026-05-11 16:15:36.116645,2.4105065,2.2471433,2.013776,1.7484491,0.6966918,0.2603813
619,2026-05-11 16:15:36.119391,2.4105065,2.2471433,2.013776,1.7484491,0.6966918,0.2603813
620,2026-05-11 16:15:36.121977,2.4105065,2.2471433,2.013776,1.7484491,0.6966918,0.2603813
621,2026-05-11 16:15:36.124591,2.4105065,2.2471433,2.013776,1.7484491,0.6966918,0.2603813
622,2026-05-11 16:15:36.127131,2.4105065,2.2471433,2.013776,1.7484491,0.6966918,0.2603813
623,2026-05-11 16:15:36.129888,2.490694,2.31294,1.7158319,1.7484491,0.6966918,0.2603813
624,2026-05-11 16:15:36.132911,2.490694,2.31294,1.7158319,1.7484491,0.6966918,0.2603813
625,2026-05-11 16:15:36.135823,2.490694,2.31294,1.7158319,1.7484491,0.6966918,0.2603813
626,2026-05-11 16:15:36.138519,2.490694,2.31294,1.7158319,1.7484491,0.6966918,0.2603813
627,2026-05-11 16:15:36.141122,2.490694,2.31294,1.7158319,1.7484491,0.6966918,0.2603813
628,2026-05-11 16:15:36.143786,2.490694,2.31294,1.7158319,1.7484491,0.6966918,0.2603813
629,2026-05-11 16:15:36.146316,2.490694,2.31294,1.7158319,1.7484491,0.6966918,0.2603813
630,2026-05-11 16:15:36.149417,2.490694,2.31294,1.7158319,1.7484491,0.6966918,0.2603813
631,2026-05-11 16:15:36.152195,2.490694,2.31294,1.7158319,1.7484491,0.6966918,0.2603813
632,2026-05-11 16:15:36.154765,2.490694,2.31294,1.7158319,1.7484491,0.6966918,0.2603813
633,2026-05-11 16:15:36.157326,2.490694,2.31294,1.7158319,1.7484491,0.6966918,0.2603813
634,2026-05-11 16:15:36.160024,2.490694,2.31294,1.7158319,1.7484491,0.6966918,0.2603813
635,2026-05-11 16:15:36.162618,2.490694,2.31294,1.7158319,1.7484491,0.6966918,0.2603813
636,2026-05-11 16:15:36.165414,2.490694,2.31294,1.7158319,1.7484491,0.6966918,0.2603813
637,2026-05-11 16:15:36.168583,2.490694,2.31294,1.7158319,1.7484491,0.6966918,0.2603813
638,2026-05-11 16:15:36.171552,2.490694,2.31294,1.7158319,1.7484491,0.6966918,0.2603813
639,2026-05-11 16:15:36.174139,2.490694,2.31294,1.7158319,1.7484491,0.6966918,0.2603813
640,2026-05-11 16:15:36.176927,2.490694,2.31294,1.7158319,1.7484491,0.6966918,0.2603813
641,2026-05-11 16:15:36.179524,2.490694,2.31294,1.7158319,1.7484491,0.6966918,0.2603813
642,2026-05-11 16:15:36.182196,2.490694,2.31294,1.7158319,1.7484491,0.6966918,0.2603813
643,2026-05-11 16:15:36.185756,2.490694,2.31294,1.7158319,1.7484491,0.6966918,0.2603813
644,2026-05-11 16:15:36.188758,2.490694,2.31294,1.7158319,1.7484491,0.6966918,0.2603813
645,2026-05-11 16:15:36.191432,2.490694,2.31294,1.7158319,1.7484491,0.6966918,0.2603813
646,2026-05-11 16:15:36.194049,2.490694,2.31294,1.7158319,1.7484491,0.6966918,0.2603813
647,2026-05-11 16:15:36.196776,2.490694,2.31294,1.7158319,1.7484491,0.6966918,0.2603813
648,2026-05-11 16:15:36.199727,2.490694,2.31294,1.7158319,1.7484491,0.6966918,0.2603813
649,2026-05-11 16:15:36.202425,2.490694,2.31294,1.7158319,1.7484491,0.6966918,0.2603813
650,2026-05-11 16:15:36.205029,2.490694,2.31294,1.7158319,1.7484491,0.6966918,0.2603813
651,2026-05-11 16:15:36.207650,2.490694,2.31294,1.7158319,1.7484491,0.6966918,0.2603813
652,2026-05-11 16:15:36.210610,2.490694,2.31294,1.7158319,1.7484491,0.6966918,0.2603813
653,2026-05-11 16:15:36.213194,2.490694,2.31294,1.7158319,1.7484491,0.6966918,0.2603813
654,2026-05-11 16:15:36.216557,2.490694,2.31294,1.7158319,1.7484491,0.6966918,0.2603813
655,2026-05-11 16:15:36.219486,2.490694,2.31294,1.7158319,1.7484491,0.6966918,0.2603813
656,2026-05-11 16:15:36.222320,2.5152078,2.3815415,1.4220343,1.7484491,0.6966918,0.2603813
657,2026-05-11 16:15:36.225059,2.5152078,2.3815415,1.4220343,1.7484491,0.6966918,0.2603813
658,2026-05-11 16:15:36.227795,2.5152078,2.3815415,1.4220343,1.7484491,0.6966918,0.2603813
659,2026-05-11 16:15:36.230385,2.5152078,2.3815415,1.4220343,1.7484491,0.6966918,0.2603813
660,2026-05-11 16:15:36.233505,2.5152078,2.3815415,1.4220343,1.7484491,0.6966918,0.2603813
661,2026-05-11 16:15:36.236362,2.5152078,2.3815415,1.4220343,1.7484491,0.6966918,0.2603813
662,2026-05-11 16:15:36.239100,2.5152078,2.3815415,1.4220343,1.7484491,0.6966918,0.2603813
663,2026-05-11 16:15:36.242069,2.5152078,2.3815415,1.4220343,2.1545217,0.91919947,-0.37323865
664,2026-05-11 16:15:36.244701,2.5152078,2.3815415,1.4220343,2.1545217,0.91919947,-0.37323865
665,2026-05-11 16:15:36.247383,2.5152078,2.3815415,1.4220343,2.1545217,0.91919947,-0.37323865
666,2026-05-11 16:15:36.250706,2.5152078,2.3815415,1.4220343,2.1545217,0.91919947,-0.37323865
667,2026-05-11 16:15:36.253515,2.5152078,2.3815415,1.4220343,2.1545217,0.91919947,-0.37323865
668,2026-05-11 16:15:36.256173,2.5152078,2.3815415,1.4220343,2.1545217,0.91919947,-0.37323865
669,2026-05-11 16:15:36.259073,2.5339284,2.4493504,1.1155529,2.4463625,1.340391,-1.6936239
670,2026-05-11 16:15:36.261708,2.5339284,2.4493504,1.1155529,2.4463625,1.340391,-1.6936239
671,2026-05-11 16:15:36.264621,2.5339284,2.4493504,1.1155529,2.4463625,1.340391,-1.6936239
672,2026-05-11 16:15:36.267809,2.5763698,2.4364228,0.92633456,2.4813347,1.4656185,-2.443461
673,2026-05-11 16:15:36.270583,2.5763698,2.4364228,0.92633456,2.4813347,1.4656185,-2.443461
674,2026-05-11 16:15:36.273222,2.5763698,2.4364228,0.92633456,2.4813347,1.4656185,-2.443461
675,2026-05-11 16:15:36.275803,2.5763698,2.4364228,0.92633456,2.4813347,1.4656185,-2.443461
676,2026-05-11 16:15:36.278404,2.5763698,2.4364228,0.92633456,2.4813347,1.4656185,-2.443461
677,2026-05-11 16:15:36.280960,2.5763698,2.4364228,0.92633456,2.4813347,1.4656185,-2.443461
678,2026-05-11 16:15:36.284022,2.5763698,2.4364228,0.92633456,2.4813347,1.4656185,-2.443461
679,2026-05-11 16:15:36.286753,2.5763698,2.4364228,0.92633456,2.4813347,1.4656185,-2.443461
680,2026-05-11 16:15:36.289436,2.5763698,2.4364228,0.92633456,2.4813347,1.4656185,-2.443461
681,2026-05-11 16:15:36.292140,2.5763698,2.4364228,0.92633456,2.4813347,1.4656185,-2.443461
682,2026-05-11 16:15:36.294721,2.5763698,2.4364228,0.92633456,2.4813347,1.4656185,-2.443461
683,2026-05-11 16:15:36.297413,2.5763698,2.4364228,0.92633456,2.4813347,1.4656185,-2.443461
684,2026-05-11 16:15:36.300438,2.5763698,2.4364228,0.92633456,2.4813347,1.4656185,-2.443461
685,2026-05-11 16:15:36.303226,2.5763698,2.4364228,0.92633456,2.4813347,1.4656185,-2.443461
686,2026-05-11 16:15:36.306000,2.5763698,2.4364228,0.92633456,2.4813347,1.4656185,-2.443461
687,2026-05-11 16:15:36.308693,2.5763698,2.4364228,0.92633456,2.4813347,1.4656185,-2.443461
688,2026-05-11 16:15:36.311315,2.5763698,2.4364228,0.92633456,2.355649,1.6342173,-3.0619621
689,2026-05-11 16:15:36.314200,2.2345207,2.1863472,0.66723406,2.0457878,1.9834795,-3.6807685
690,2026-05-11 16:15:36.316989,2.2345207,2.1863472,0.66723406,2.0457878,1.9834795,-3.6807685
691,2026-05-11 16:15:36.320479,2.2345207,2.1863472,0.66723406,2.0457878,1.9834795,-3.6807685
692,2026-05-11 16:15:36.323268,2.2345207,2.1863472,0.66723406,2.0457878,1.9834795,-3.6807685
693,2026-05-11 16:15:36.326074,2.2345207,2.1863472,0.66723406,2.0457878,1.9834795,-3.6807685
694,2026-05-11 16:15:36.328659,2.2345207,2.1863472,0.66723406,2.0457878,1.9834795,-3.6807685
695,2026-05-11 16:15:36.331462,2.2345207,2.1863472,0.66723406,2.0457878,1.9834795,-3.6807685
696,2026-05-11 16:15:36.334842,2.2345207,2.1863472,0.66723406,2.0457878,1.9834795,-3.6807685
697,2026-05-11 16:15:36.337913,2.0320697,1.9793837,0.6751004,2.0457878,1.9834795,-3.6807685
698,2026-05-11 16:15:36.340652,2.0320697,1.9793837,0.6751004,1.8034269,2.492483,-4.416556
699,2026-05-11 16:15:36.343422,2.0320697,1.9793837,0.6751004,1.8034269,2.492483,-4.416556
700,2026-05-11 16:15:36.346089,2.0320697,1.9793837,0.6751004,1.8034269,2.492483,-4.416556
701,2026-05-11 16:15:36.348893,2.0320697,1.9793837,0.6751004,1.8034269,2.492483,-4.416556
702,2026-05-11 16:15:36.352196,2.0320697,1.9793837,0.6751004,1.8034269,2.492483,-4.416556
703,2026-05-11 16:15:36.354907,2.0320697,1.9793837,0.6751004,1.8034269,2.492483,-4.416556
704,2026-05-11 16:15:36.357591,2.0320697,1.9793837,0.6751004,1.8034269,2.492483,-4.416556
705,2026-05-11 16:15:36.360239,1.771079,1.6308879,0.72278607,1.8034269,2.492483,-4.416556
706,2026-05-11 16:15:36.362790,1.771079,1.6308879,0.72278607,1.8034269,2.492483,-4.416556
707,2026-05-11 16:15:36.365994,1.771079,1.6308879,0.72278607,1.8034269,2.492483,-4.416556
708,2026-05-11 16:15:36.369070,1.771079,1.6308879,0.72278607,1.8034269,2.492483,-4.416556
709,2026-05-11 16:15:36.371759,1.771079,1.6308879,0.72278607,1.8034269,2.492483,-4.416556
710,2026-05-11 16:15:36.374359,1.771079,1.6308879,0.72278607,1.8034269,2.492483,-4.416556
711,2026-05-11 16:15:36.377152,1.771079,1.6308879,0.72278607,1.8034269,2.492483,-4.416556
712,2026-05-11 16:15:36.379901,1.771079,1.6308879,0.72278607,1.8034269,2.492483,-4.416556
713,2026-05-11 16:15:36.382823,1.771079,1.6308879,0.72278607,1.8034269,2.492483,-4.416556
714,2026-05-11 16:15:36.385447,1.771079,1.6308879,0.72278607,1.8034269,2.492483,-4.416556
715,2026-05-11 16:15:36.388186,1.771079,1.6308879,0.72278607,1.8034269,2.492483,-4.416556
716,2026-05-11 16:15:36.390845,1.771079,1.6308879,0.72278607,1.8034269,2.492483,-4.416556
717,2026-05-11 16:15:36.393464,1.771079,1.6308879,0.72278607,1.8034269,2.492483,-4.416556
718,2026-05-11 16:15:36.396027,1.771079,1.6308879,0.72278607,1.8034269,2.492483,-4.416556
719,2026-05-11 16:15:36.398932,1.771079,1.6308879,0.72278607,1.8034269,2.492483,-4.416556
720,2026-05-11 16:15:36.401585,1.771079,1.6308879,0.72278607,1.8034269,2.492483,-4.416556
721,2026-05-11 16:15:36.404138,1.771079,1.6308879,0.72278607,1.8034269,2.492483,-4.416556
722,2026-05-11 16:15:36.406704,1.771079,1.6308879,0.72278607,1.8034269,2.492483,-4.416556
723,2026-05-11 16:15:36.409231,1.771079,1.6308879,0.72278607,1.8034269,2.492483,-4.416556
724,2026-05-11 16:15:36.411955,1.771079,1.6308879,0.72278607,2.025629,2.5450172,-4.653877
725,2026-05-11 16:15:36.414711,1.771079,1.6308879,0.72278607,2.025629,2.5450172,-4.653877
726,2026-05-11 16:15:36.417609,1.771079,1.6308879,0.72278607,2.025629,2.5450172,-4.653877
727,2026-05-11 16:15:36.420310,1.771079,1.6308879,0.72278607,2.025629,2.5450172,-4.653877
728,2026-05-11 16:15:36.422918,1.771079,1.6308879,0.72278607,2.025629,2.5450172,-4.653877
729,2026-05-11 16:15:36.425501,1.771079,1.6308879,0.72278607,2.025629,2.5450172,-4.653877
730,2026-05-11 16:15:36.428287,1.771079,1.6308879,0.72278607,2.025629,2.5450172,-4.653877
731,2026-05-11 16:15:36.431104,1.771079,1.6308879,0.72278607,2.025629,2.5450172,-4.653877
732,2026-05-11 16:15:36.434309,1.5574689,1.3813001,0.74656796,2.025629,2.5450172,-4.653877
733,2026-05-11 16:15:36.436979,1.5574689,1.3813001,0.74656796,2.025629,2.5450172,-4.653877
734,2026-05-11 16:15:36.439746,1.5574689,1.3813001,0.74656796,2.025629,2.5450172,-4.653877
735,2026-05-11 16:15:36.442451,1.5574689,1.3813001,0.74656796,2.025629,2.5450172,-4.653877
736,2026-05-11 16:15:36.445166,1.5574689,1.3813001,0.74656796,2.025629,2.5450172,-4.653877
737,2026-05-11 16:15:36.447869,1.5574689,1.3813001,0.74656796,2.025629,2.5450172,-4.653877
738,2026-05-11 16:15:36.451036,1.5574689,1.3813001,0.74656796,2.025629,2.5450172,-4.653877
739,2026-05-11 16:15:36.453907,1.4433769,1.135981,0.74205554,2.6702447,2.1612413,-4.7977357
740,2026-05-11 16:15:36.456566,1.4433769,1.135981,0.74205554,3.2743905,1.7185167,-5.012302
741,2026-05-11 16:15:36.459200,1.4433769,1.135981,0.74205554,3.2743905,1.7185167,-5.012302
742,2026-05-11 16:15:36.461998,1.4433769,1.135981,0.74205554,3.2743905,1.7185167,-5.012302
743,2026-05-11 16:15:36.464877,1.3492861,0.76364213,0.58003384,3.467424,1.5754215,-5.095838
744,2026-05-11 16:15:36.467989,1.3492861,0.76364213,0.58003384,3.467424,1.5754215,-5.095838
745,2026-05-11 16:15:36.470721,1.3492861,0.76364213,0.58003384,3.467424,1.5754215,-5.095838
746,2026-05-11 16:15:36.473309,1.3492861,0.76364213,0.58003384,3.467424,1.5754215,-5.095838
747,2026-05-11 16:15:36.476079,1.3492861,0.76364213,0.58003384,3.467424,1.5754215,-5.095838
748,2026-05-11 16:15:36.478768,1.3492861,0.76364213,0.58003384,3.467424,1.5754215,-5.095838
749,2026-05-11 16:15:36.481570,1.3492861,0.76364213,0.58003384,3.467424,1.5754215,-5.095838
750,2026-05-11 16:15:36.484544,1.3492861,0.76364213,0.58003384,3.467424,1.5754215,-5.095838
751,2026-05-11 16:15:36.487242,1.3492861,0.76364213,0.58003384,3.467424,1.5754215,-5.095838
752,2026-05-11 16:15:36.489838,1.3492861,0.76364213,0.58003384,3.467424,1.5754215,-5.095838
753,2026-05-11 16:15:36.492614,1.3492861,0.76364213,0.58003384,3.467424,1.5754215,-5.095838
754,2026-05-11 16:15:36.495259,1.3492861,0.76364213,0.58003384,3.467424,1.5754215,-5.095838
755,2026-05-11 16:15:36.497997,1.3492861,0.76364213,0.58003384,3.467424,1.5754215,-5.095838
756,2026-05-11 16:15:36.501159,1.3492861,0.76364213,0.58003384,3.467424,1.5754215,-5.095838
757,2026-05-11 16:15:36.504111,1.2317792,0.35319135,0.41288993,4.0898957,1.3738359,-5.4728947
758,2026-05-11 16:15:36.506804,1.2317792,0.35319135,0.41288993,4.0898957,1.3738359,-5.4728947
759,2026-05-11 16:15:36.509436,1.2317792,0.35319135,0.41288993,4.0898957,1.3738359,-5.4728947
760,2026-05-11 16:15:36.536069,1.2317792,0.35319135,0.41288993,4.2479568,1.3329079,-5.5944567
761,2026-05-11 16:15:36.539395,1.2317792,0.35319135,0.41288993,4.2479568,1.3329079,-5.5944567
762,2026-05-11 16:15:36.545907,1.1671413,0.26300314,0.33306822,4.2479568,1.3329079,-5.5944567
763,2026-05-11 16:15:36.550293,1.1671413,0.26300314,0.33306822,4.2479568,1.3329079,-5.5944567
764,2026-05-11 16:15:36.553239,1.1671413,0.26300314,0.33306822,4.2479568,1.3329079,-5.5944567
765,2026-05-11 16:15:36.555884,1.1671413,0.26300314,0.33306822,4.2479568,1.3329079,-5.5944567
766,2026-05-11 16:15:36.558731,1.1671413,0.26300314,0.33306822,4.2479568,1.3329079,-5.5944567
767,2026-05-11 16:15:36.561373,1.1671413,0.26300314,0.33306822,4.2479568,1.3329079,-5.5944567
768,2026-05-11 16:15:36.563933,1.1671413,0.26300314,0.33306822,4.2479568,1.3329079,-5.5944567
769,2026-05-11 16:15:36.567114,1.1671413,0.26300314,0.33306822,4.2479568,1.3329079,-5.5944567
770,2026-05-11 16:15:36.569923,0.92139524,0.0035977708,0.08646846,4.2479568,1.3329079,-5.5944567
771,2026-05-11 16:15:36.572564,0.92139524,0.0035977708,0.08646846,4.2479568,1.3329079,-5.5944567
772,2026-05-11 16:15:36.575147,0.92139524,0.0035977708,0.08646846,4.2479568,1.3329079,-5.5944567
773,2026-05-11 16:15:36.577747,0.92139524,0.0035977708,0.08646846,4.2479568,1.3329079,-5.5944567
774,2026-05-11 16:15:36.580318,0.92139524,0.0035977708,0.08646846,4.2479568,1.3329079,-5.5944567
775,2026-05-11 16:15:36.583213,0.92139524,0.0035977708,0.08646846,4.2479568,1.3329079,-5.5944567
776,2026-05-11 16:15:36.585977,0.92139524,0.0035977708,0.08646846,4.2479568,1.3329079,-5.5944567
777,2026-05-11 16:15:36.588615,0.92139524,0.0035977708,0.08646846,4.2479568,1.3329079,-5.5944567
778,2026-05-11 16:15:36.591355,0.92139524,0.0035977708,0.08646846,4.2479568,1.3329079,-5.5944567
779,2026-05-11 16:15:36.594135,0.92139524,0.0035977708,0.08646846,4.2479568,1.3329079,-5.5944567
780,2026-05-11 16:15:36.596728,0.92139524,0.0035977708,0.08646846,4.2479568,1.3329079,-5.5944567
781,2026-05-11 16:15:36.599707,0.92139524,0.0035977708,0.08646846,4.2479568,1.3329079,-5.5944567
782,2026-05-11 16:15:36.602564,0.92139524,0.0035977708,0.08646846,4.2479568,1.3329079,-5.5944567
783,2026-05-11 16:15:36.605282,0.92139524,0.0035977708,0.08646846,4.2479568,1.3329079,-5.5944567
784,2026-05-11 16:15:36.607991,0.92139524,0.0035977708,0.08646846,4.2479568,1.3329079,-5.5944567
785,2026-05-11 16:15:36.610756,0.92139524,0.0035977708,0.08646846,4.2479568,1.3329079,-5.5944567
786,2026-05-11 16:15:36.613443,0.92139524,0.0035977708,0.08646846,4.2479568,1.3329079,-5.5944567
787,2026-05-11 16:15:36.616440,0.92139524,0.0035977708,0.08646846,4.2479568,1.3329079,-5.5944567
788,2026-05-11 16:15:36.619233,0.92139524,0.0035977708,0.08646846,4.2479568,1.3329079,-5.5944567
789,2026-05-11 16:15:36.622025,0.92139524,0.0035977708,0.08646846,4.2479568,1.3329079,-5.5944567
790,2026-05-11 16:15:36.624618,0.92139524,0.0035977708,0.08646846,4.2479568,1.3329079,-5.5944567
791,2026-05-11 16:15:36.627224,0.92139524,0.0035977708,0.08646846,4.2479568,1.3329079,-5.5944567
792,2026-05-11 16:15:36.629778,0.92139524,0.0035977708,0.08646846,4.2479568,1.3329079,-5.5944567
793,2026-05-11 16:15:36.632926,0.92139524,0.0035977708,0.08646846,4.2479568,1.3329079,-5.5944567
794,2026-05-11 16:15:36.635649,0.92139524,0.0035977708,0.08646846,4.2479568,1.3329079,-5.5944567
795,2026-05-11 16:15:36.638387,0.92139524,0.0035977708,0.08646846,4.305531,1.1859949,-5.676618
796,2026-05-11 16:15:36.641040,0.92139524,0.0035977708,0.08646846,4.305531,1.1859949,-5.676618
797,2026-05-11 16:15:36.643673,0.92139524,0.0035977708,0.08646846,4.305531,1.1859949,-5.676618
798,2026-05-11 16:15:36.646307,0.92139524,0.0035977708,0.08646846,4.305531,1.1859949,-5.676618
799,2026-05-11 16:15:36.649502,0.92139524,0.0035977708,0.08646846,4.305531,1.1859949,-5.676618
800,2026-05-11 16:15:36.652325,0.92139524,0.0035977708,0.08646846,4.305531,1.1859949,-5.676618
801,2026-05-11 16:15:36.655006,0.92139524,0.0035977708,0.08646846,4.305531,1.1859949,-5.676618
802,2026-05-11 16:15:36.657615,0.92139524,0.0035977708,0.08646846,4.305531,1.1859949,-5.676618
803,2026-05-11 16:15:36.660196,0.92139524,0.0035977708,0.08646846,4.305531,1.1859949,-5.676618
804,2026-05-11 16:15:36.663038,0.72851807,-0.18025441,-0.025306353,4.305531,1.1859949,-5.676618
805,2026-05-11 16:15:36.666301,0.68424726,-0.2728208,-0.058357064,4.1551056,1.0206031,-5.517946
806,2026-05-11 16:15:36.669204,0.68424726,-0.2728208,-0.058357064,4.1551056,1.0206031,-5.517946
807,2026-05-11 16:15:36.671951,0.68424726,-0.2728208,-0.058357064,3.977649,0.9265299,-5.3426275
808,2026-05-11 16:15:36.674683,0.68424726,-0.2728208,-0.058357064,3.977649,0.9265299,-5.3426275
809,2026-05-11 16:15:36.677244,0.68424726,-0.2728208,-0.058357064,3.977649,0.9265299,-5.3426275
810,2026-05-11 16:15:36.680062,0.68424726,-0.2728208,-0.058357064,3.977649,0.9265299,-5.3426275
811,2026-05-11 16:15:36.683104,0.68424726,-0.2728208,-0.058357064,3.977649,0.9265299,-5.3426275
812,2026-05-11 16:15:36.685864,0.68424726,-0.2728208,-0.058357064,3.977649,0.9265299,-5.3426275
813,2026-05-11 16:15:36.688573,0.68424726,-0.2728208,-0.058357064,3.977649,0.9265299,-5.3426275
814,2026-05-11 16:15:36.691166,0.68424726,-0.2728208,-0.058357064,3.977649,0.9265299,-5.3426275
815,2026-05-11 16:15:36.693776,0.68424726,-0.2728208,-0.058357064,3.977649,0.9265299,-5.3426275
816,2026-05-11 16:15:36.696339,0.68424726,-0.2728208,-0.058357064,3.977649,0.9265299,-5.3426275
817,2026-05-11 16:15:36.699375,0.68424726,-0.2728208,-0.058357064,3.977649,0.9265299,-5.3426275
818,2026-05-11 16:15:36.702396,0.68424726,-0.2728208,-0.058357064,3.977649,0.9265299,-5.3426275
819,2026-05-11 16:15:36.705141,0.6535137,-0.35044727,-0.06305246,3.7719402,0.8368854,-5.177083
820,2026-05-11 16:15:36.707937,0.6535137,-0.35044727,-0.06305246,3.7719402,0.8368854,-5.177083
821,2026-05-11 16:15:36.710559,0.6535137,-0.35044727,-0.06305246,3.7719402,0.8368854,-5.177083
822,2026-05-11 16:15:36.713317,0.6535137,-0.35044727,-0.06305246,3.7719402,0.8368854,-5.177083
823,2026-05-11 16:15:36.716060,0.6535137,-0.35044727,-0.06305246,3.7719402,0.8368854,-5.177083
824,2026-05-11 16:15:36.719566,0.6535137,-0.35044727,-0.06305246,3.7719402,0.8368854,-5.177083
825,2026-05-11 16:15:36.722447,0.6535137,-0.35044727,-0.06305246,3.7719402,0.8368854,-5.177083
826,2026-05-11 16:15:36.725150,0.6535137,-0.35044727,-0.06305246,3.7719402,0.8368854,-5.177083
827,2026-05-11 16:15:36.727741,0.6535137,-0.35044727,-0.06305246,3.7719402,0.8368854,-5.177083
828,2026-05-11 16:15:36.730448,0.6535137,-0.35044727,-0.06305246,3.7719402,0.8368854,-5.177083
829,2026-05-11 16:15:36.733341,0.6535137,-0.35044727,-0.06305246,3.7719402,0.8368854,-5.177083
830,2026-05-11 16:15:36.736850,0.64912325,-0.36611894,-0.06067427,3.6679404,0.79381937,-5.097823
831,2026-05-11 16:15:36.739691,0.64912325,-0.36611894,-0.06067427,3.1580205,0.72036284,-4.799568
832,2026-05-11 16:15:36.742532,0.64912325,-0.36611894,-0.06067427,3.1580205,0.72036284,-4.799568
833,2026-05-11 16:15:36.745153,0.64912325,-0.36611894,-0.06067427,3.1580205,0.72036284,-4.799568
834,2026-05-11 16:15:36.747963,0.717237,-0.59107107,0.08213894,3.1580205,0.72036284,-4.799568
835,2026-05-11 16:15:36.751113,0.717237,-0.59107107,0.08213894,3.1580205,0.72036284,-4.799568
836,2026-05-11 16:15:36.753814,0.717237,-0.59107107,0.08213894,3.1580205,0.72036284,-4.799568
837,2026-05-11 16:15:36.756372,0.717237,-0.59107107,0.08213894,3.1580205,0.72036284,-4.799568
838,2026-05-11 16:15:36.759188,0.717237,-0.59107107,0.08213894,3.1580205,0.72036284,-4.799568
839,2026-05-11 16:15:36.761719,0.717237,-0.59107107,0.08213894,3.1580205,0.72036284,-4.799568
840,2026-05-11 16:15:36.764299,0.717237,-0.59107107,0.08213894,3.1580205,0.72036284,-4.799568
841,2026-05-11 16:15:36.767335,0.717237,-0.59107107,0.08213894,3.1580205,0.72036284,-4.799568
842,2026-05-11 16:15:36.770019,0.717237,-0.59107107,0.08213894,3.1580205,0.72036284,-4.799568
843,2026-05-11 16:15:36.772653,0.717237,-0.59107107,0.08213894,3.1580205,0.72036284,-4.799568
844,2026-05-11 16:15:36.775345,0.717237,-0.59107107,0.08213894,3.1210632,0.67073005,-4.784144
845,2026-05-11 16:15:36.778087,0.717237,-0.59107107,0.08213894,3.1210632,0.67073005,-4.784144
846,2026-05-11 16:15:36.780711,0.717237,-0.59107107,0.08213894,3.1210632,0.67073005,-4.784144
847,2026-05-11 16:15:36.783765,0.717237,-0.59107107,0.08213894,3.1210632,0.67073005,-4.784144
848,2026-05-11 16:15:36.786605,0.717237,-0.59107107,0.08213894,3.1210632,0.67073005,-4.784144
849,2026-05-11 16:15:36.789360,0.6600995,-0.6852839,0.1220803,3.1210632,0.67073005,-4.784144
850,2026-05-11 16:15:36.792265,0.6600995,-0.6852839,0.1220803,3.1354187,0.5664248,-4.7009134
851,2026-05-11 16:15:36.794958,0.6600995,-0.6852839,0.1220803,3.1354187,0.5664248,-4.7009134
852,2026-05-11 16:15:36.797540,0.6600995,-0.6852839,0.1220803,3.1354187,0.5664248,-4.7009134
853,2026-05-11 16:15:36.800777,0.6600995,-0.6852839,0.1220803,3.1354187,0.5664248,-4.7009134
854,2026-05-11 16:15:36.803717,0.52405494,-0.7688863,0.1144579,3.1155655,0.48151454,-4.5281916
855,2026-05-11 16:15:36.806476,0.52405494,-0.7688863,0.1144579,3.1155655,0.48151454,-4.5281916
856,2026-05-11 16:15:36.809065,0.52405494,-0.7688863,0.1144579,3.1155655,0.48151454,-4.5281916
857,2026-05-11 16:15:36.811783,0.42215878,-0.82730436,0.07982173,3.1155655,0.48151454,-4.5281916
858,2026-05-11 16:15:36.814372,0.42215878,-0.82730436,0.07982173,3.1155655,0.48151454,-4.5281916
859,2026-05-11 16:15:36.817386,0.42215878,-0.82730436,0.07982173,3.1155655,0.48151454,-4.5281916
860,2026-05-11 16:15:36.820278,0.42215878,-0.82730436,0.07982173,3.1155655,0.48151454,-4.5281916
861,2026-05-11 16:15:36.822897,0.42215878,-0.82730436,0.07982173,3.1155655,0.48151454,-4.5281916
862,2026-05-11 16:15:36.825622,0.42215878,-0.82730436,0.07982173,3.1155655,0.48151454,-4.5281916
863,2026-05-11 16:15:36.828252,0.42215878,-0.82730436,0.07982173,3.1155655,0.48151454,-4.5281916
864,2026-05-11 16:15:36.831444,0.42215878,-0.82730436,0.07982173,3.1155655,0.48151454,-4.5281916
865,2026-05-11 16:15:36.834386,0.42215878,-0.82730436,0.07982173,3.1155655,0.48151454,-4.5281916
866,2026-05-11 16:15:36.836992,0.42215878,-0.82730436,0.07982173,3.1155655,0.48151454,-4.5281916
867,2026-05-11 16:15:36.839547,0.42215878,-0.82730436,0.07982173,3.1155655,0.48151454,-4.5281916
868,2026-05-11 16:15:36.842127,0.42215878,-0.82730436,0.07982173,3.1155655,0.48151454,-4.5281916
869,2026-05-11 16:15:36.844885,0.42215878,-0.82730436,0.07982173,3.1155655,0.48151454,-4.5281916
870,2026-05-11 16:15:36.847487,0.42215878,-0.82730436,0.07982173,3.1155655,0.48151454,-4.5281916
871,2026-05-11 16:15:36.850395,0.42215878,-0.82730436,0.07982173,3.1155655,0.48151454,-4.5281916
872,2026-05-11 16:15:36.853092,0.42215878,-0.82730436,0.07982173,3.1155655,0.48151454,-4.5281916
873,2026-05-11 16:15:36.855637,0.42215878,-0.82730436,0.07982173,3.1155655,0.48151454,-4.5281916
874,2026-05-11 16:15:36.858188,0.42215878,-0.82730436,0.07982173,3.1155655,0.48151454,-4.5281916
875,2026-05-11 16:15:36.860887,0.42215878,-0.82730436,0.07982173,3.1155655,0.48151454,-4.5281916
876,2026-05-11 16:15:36.863468,0.42215878,-0.82730436,0.07982173,3.1155655,0.48151454,-4.5281916
877,2026-05-11 16:15:36.866332,0.42215878,-0.82730436,0.07982173,3.1155655,0.48151454,-4.5281916
878,2026-05-11 16:15:36.869187,0.42215878,-0.82730436,0.07982173,3.1155655,0.48151454,-4.5281916
879,2026-05-11 16:15:36.871851,0.42215878,-0.82730436,0.07982173,2.9959886,0.3819435,-4.196797
880,2026-05-11 16:15:36.874713,0.42215878,-0.82730436,0.07982173,2.9959886,0.3819435,-4.196797
881,2026-05-11 16:15:36.877337,0.42215878,-0.82730436,0.07982173,2.9959886,0.3819435,-4.196797
882,2026-05-11 16:15:36.879882,0.42215878,-0.82730436,0.07982173,2.9959886,0.3819435,-4.196797
883,2026-05-11 16:15:36.883054,0.42215878,-0.82730436,0.07982173,2.9959886,0.3819435,-4.196797
884,2026-05-11 16:15:36.885750,0.42215878,-0.82730436,0.07982173,2.9959886,0.3819435,-4.196797
885,2026-05-11 16:15:36.888377,0.33349505,-0.8798074,0.03597771,2.9959886,0.3819435,-4.196797
886,2026-05-11 16:15:36.891146,0.29837108,-0.9080408,0.021159772,2.8206704,0.38087448,-3.9277108
887,2026-05-11 16:15:36.893867,0.29837108,-0.9080408,0.021159772,2.8206704,0.38087448,-3.9277108
888,2026-05-11 16:15:36.896478,0.29837108,-0.9080408,0.021159772,2.8206704,0.38087448,-3.9277108
889,2026-05-11 16:15:36.899462,0.29837108,-0.9080408,0.021159772,2.8206704,0.38087448,-3.9277108
890,2026-05-11 16:15:36.902400,0.29837108,-0.9080408,0.021159772,2.8206704,0.38087448,-3.9277108
891,2026-05-11 16:15:36.904981,0.29837108,-0.9080408,0.021159772,2.8206704,0.38087448,-3.9277108
892,2026-05-11 16:15:36.907603,0.29837108,-0.9080408,0.021159772,2.8206704,0.38087448,-3.9277108
893,2026-05-11 16:15:36.910399,0.29837108,-0.9080408,0.021159772,2.8206704,0.38087448,-3.9277108
894,2026-05-11 16:15:36.913155,0.29837108,-0.9080408,0.021159772,2.641534,0.45204028,-3.7032177
895,2026-05-11 16:15:36.916266,0.29837108,-0.9080408,0.021159772,2.641534,0.45204028,-3.7032177
896,2026-05-11 16:15:36.919129,0.20769504,-0.9577998,0.00804925,2.641534,0.45204028,-3.7032177
897,2026-05-11 16:15:36.921732,0.20769504,-0.9577998,0.00804925,2.641534,0.45204028,-3.7032177
898,2026-05-11 16:15:36.924568,0.20769504,-0.9577998,0.00804925,2.641534,0.45204028,-3.7032177
899,2026-05-11 16:15:36.927199,0.20769504,-0.9577998,0.00804925,2.641534,0.45204028,-3.7032177
900,2026-05-11 16:15:36.929966,0.20769504,-0.9577998,0.00804925,2.641534,0.45204028,-3.7032177
901,2026-05-11 16:15:36.933233,0.20769504,-0.9577998,0.00804925,2.641534,0.45204028,-3.7032177
902,2026-05-11 16:15:36.936105,0.20769504,-0.9577998,0.00804925,2.641534,0.45204028,-3.7032177
903,2026-05-11 16:15:36.938879,0.20769504,-0.9577998,0.00804925,2.641534,0.45204028,-3.7032177
904,2026-05-11 16:15:36.941562,0.20769504,-0.9577998,0.00804925,2.641534,0.45204028,-3.7032177
905,2026-05-11 16:15:36.944373,0.20769504,-0.9577998,0.00804925,2.427273,0.51068336,-3.3883169
906,2026-05-11 16:15:36.947057,0.20769504,-0.9577998,0.00804925,2.427273,0.51068336,-3.3883169
907,2026-05-11 16:15:36.950158,0.20769504,-0.9577998,0.00804925,2.427273,0.51068336,-3.3883169
908,2026-05-11 16:15:36.953091,0.20769504,-0.9577998,0.00804925,2.427273,0.51068336,-3.3883169
909,2026-05-11 16:15:36.955738,0.20769504,-0.9577998,0.00804925,2.427273,0.51068336,-3.3883169
910,2026-05-11 16:15:36.958315,0.20769504,-0.9577998,0.00804925,2.427273,0.51068336,-3.3883169
911,2026-05-11 16:15:36.961012,0.20769504,-0.9577998,0.00804925,2.427273,0.51068336,-3.3883169
912,2026-05-11 16:15:36.963568,0.20769504,-0.9577998,0.00804925,2.427273,0.51068336,-3.3883169
913,2026-05-11 16:15:36.966432,0.20769504,-0.9577998,0.00804925,2.427273,0.51068336,-3.3883169
914,2026-05-11 16:15:36.969134,0.20769504,-0.9577998,0.00804925,2.427273,0.51068336,-3.3883169
915,2026-05-11 16:15:36.971677,0.20769504,-0.9577998,0.00804925,2.427273,0.51068336,-3.3883169
916,2026-05-11 16:15:36.974273,0.072016396,-0.98987484,0.025916148,2.427273,0.51068336,-3.3883169
917,2026-05-11 16:15:36.977084,0.072016396,-0.98987484,0.025916148,2.427273,0.51068336,-3.3883169
918,2026-05-11 16:15:36.979755,0.072016396,-0.98987484,0.025916148,2.427273,0.51068336,-3.3883169
919,2026-05-11 16:15:36.982876,0.072016396,-0.98987484,0.025916148,2.427273,0.51068336,-3.3883169
920,2026-05-11 16:15:36.985661,0.072016396,-0.98987484,0.025916148,2.427273,0.51068336,-3.3883169
921,2026-05-11 16:15:36.988622,0.072016396,-0.98987484,0.025916148,2.427273,0.51068336,-3.3883169
922,2026-05-11 16:15:36.991444,-0.018293751,-1.0026805,0.025977125,2.349235,0.46120325,-3.206737
923,2026-05-11 16:15:36.994187,-0.018293751,-1.0026805,0.025977125,2.349235,0.46120325,-3.206737
924,2026-05-11 16:15:36.996942,-0.018293751,-1.0026805,0.025977125,2.349235,0.46120325,-3.206737
925,2026-05-11 16:15:36.999978,-0.25050244,-1.0090833,-0.00073175,2.126422,0.28298333,-2.767067
926,2026-05-11 16:15:37.002818,-0.25050244,-1.0090833,-0.00073175,2.126422,0.28298333,-2.767067
927,2026-05-11 16:15:37.005519,-0.25050244,-1.0090833,-0.00073175,2.126422,0.28298333,-2.767067
928,2026-05-11 16:15:37.008106,-0.25050244,-1.0090833,-0.00073175,2.126422,0.28298333,-2.767067
929,2026-05-11 16:15:37.011002,-0.25050244,-1.0090833,-0.00073175,2.126422,0.28298333,-2.767067
930,2026-05-11 16:15:37.013732,-0.25050244,-1.0090833,-0.00073175,2.126422,0.28298333,-2.767067
931,2026-05-11 16:15:37.016891,-0.25050244,-1.0090833,-0.00073175,2.126422,0.28298333,-2.767067
932,2026-05-11 16:15:37.019639,-0.25050244,-1.0090833,-0.00073175,2.126422,0.28298333,-2.767067
933,2026-05-11 16:15:37.022261,-0.25050244,-1.0090833,-0.00073175,2.126422,0.28298333,-2.767067
934,2026-05-11 16:15:37.024998,-0.25050244,-1.0090833,-0.00073175,2.126422,0.28298333,-2.767067
935,2026-05-11 16:15:37.027574,-0.25050244,-1.0090833,-0.00073175,2.126422,0.28298333,-2.767067
936,2026-05-11 16:15:37.030383,-0.25050244,-1.0090833,-0.00073175,2.126422,0.28298333,-2.767067
937,2026-05-11 16:15:37.033478,-0.25050244,-1.0090833,-0.00073175,2.126422,0.28298333,-2.767067
938,2026-05-11 16:15:37.036181,-0.25050244,-1.0090833,-0.00073175,2.126422,0.28298333,-2.767067
939,2026-05-11 16:15:37.038887,-0.25050244,-1.0090833,-0.00073175,2.126422,0.28298333,-2.767067
940,2026-05-11 16:15:37.041507,-0.25050244,-1.0090833,-0.00073175,2.126422,0.28298333,-2.767067
941,2026-05-11 16:15:37.044074,-0.25050244,-1.0090833,-0.00073175,2.126422,0.28298333,-2.767067
942,2026-05-11 16:15:37.046822,-0.25050244,-1.0090833,-0.00073175,2.126422,0.28298333,-2.767067
943,2026-05-11 16:15:37.049835,-0.25050244,-1.0090833,-0.00073175,1.9089539,0.3220787,-2.4535403
944,2026-05-11 16:15:37.052739,-0.41636577,-0.9960337,-0.0009146876,1.9089539,0.3220787,-2.4535403
945,2026-05-11 16:15:37.055366,-0.41636577,-0.9960337,-0.0009146876,1.9089539,0.3220787,-2.4535403
946,2026-05-11 16:15:37.057928,-0.41636577,-0.9960337,-0.0009146876,1.9089539,0.3220787,-2.4535403
947,2026-05-11 16:15:37.060724,-0.41636577,-0.9960337,-0.0009146876,1.9089539,0.3220787,-2.4535403
948,2026-05-11 16:15:37.063340,-0.41636577,-0.9960337,-0.0009146876,1.9089539,0.3220787,-2.4535403
949,2026-05-11 16:15:37.066185,-0.41636577,-0.9960337,-0.0009146876,1.9089539,0.3220787,-2.4535403
950,2026-05-11 16:15:37.069003,-0.41636577,-0.9960337,-0.0009146876,1.9089539,0.3220787,-2.4535403
951,2026-05-11 16:15:37.071573,-0.41636577,-0.9960337,-0.0009146876,1.9089539,0.3220787,-2.4535403
952,2026-05-11 16:15:37.074127,-0.41636577,-0.9960337,-0.0009146876,1.9089539,0.3220787,-2.4535403
953,2026-05-11 16:15:37.076922,-0.5680819,-0.963227,-0.03305071,1.9089539,0.3220787,-2.4535403
954,2026-05-11 16:15:37.079523,-0.5680819,-0.963227,-0.03305071,1.9089539,0.3220787,-2.4535403
955,2026-05-11 16:15:37.082570,-0.5680819,-0.963227,-0.03305071,1.9089539,0.3220787,-2.4535403
956,2026-05-11 16:15:37.085353,-0.5680819,-0.963227,-0.03305071,1.9089539,0.3220787,-2.4535403
957,2026-05-11 16:15:37.087933,-0.5680819,-0.963227,-0.03305071,1.9089539,0.3220787,-2.4535403
958,2026-05-11 16:15:37.090484,-0.5680819,-0.963227,-0.03305071,1.9089539,0.3220787,-2.4535403
959,2026-05-11 16:15:37.093223,-0.5680819,-0.963227,-0.03305071,1.9089539,0.3220787,-2.4535403
960,2026-05-11 16:15:37.095795,-0.5680819,-0.963227,-0.03305071,1.9089539,0.3220787,-2.4535403
961,2026-05-11 16:15:37.098495,-0.5680819,-0.963227,-0.03305071,1.9089539,0.3220787,-2.4535403
962,2026-05-11 16:15:37.101625,-0.5680819,-0.963227,-0.03305071,1.9089539,0.3220787,-2.4535403
963,2026-05-11 16:15:37.104364,-0.5680819,-0.963227,-0.03305071,1.9089539,0.3220787,-2.4535403
964,2026-05-11 16:15:37.107013,-0.5680819,-0.963227,-0.03305071,1.9089539,0.3220787,-2.4535403
965,2026-05-11 16:15:37.109617,-0.5680819,-0.963227,-0.03305071,1.9089539,0.3220787,-2.4535403
966,2026-05-11 16:15:37.112354,-0.5680819,-0.963227,-0.03305071,1.9089539,0.3220787,-2.4535403
967,2026-05-11 16:15:37.114967,-0.5680819,-0.963227,-0.03305071,1.9089539,0.3220787,-2.4535403
968,2026-05-11 16:15:37.118160,-0.5680819,-0.963227,-0.03305071,1.9089539,0.3220787,-2.4535403
969,2026-05-11 16:15:37.120903,-0.5680819,-0.963227,-0.03305071,1.9089539,0.3220787,-2.4535403
970,2026-05-11 16:15:37.123507,-0.5680819,-0.963227,-0.03305071,1.9089539,0.3220787,-2.4535403
971,2026-05-11 16:15:37.126344,-0.5680819,-0.963227,-0.03305071,1.6696475,0.4728097,-2.2305744
972,2026-05-11 16:15:37.129063,-0.5680819,-0.963227,-0.03305071,1.2275337,0.75670934,-1.9373591
973,2026-05-11 16:15:37.131804,-0.79827833,-0.94139636,-0.09817646,1.2275337,0.75670934,-1.9373591
974,2026-05-11 16:15:37.134831,-0.79827833,-0.94139636,-0.09817646,1.2275337,0.75670934,-1.9373591
975,2026-05-11 16:15:37.137568,-0.9362742,-0.9450551,-0.13915445,1.2275337,0.75670934,-1.9373591
976,2026-05-11 16:15:37.140131,-0.9362742,-0.9450551,-0.13915445,1.2275337,0.75670934,-1.9373591
977,2026-05-11 16:15:37.142852,-0.9362742,-0.9450551,-0.13915445,1.2275337,0.75670934,-1.9373591
978,2026-05-11 16:15:37.145427,-0.9362742,-0.9450551,-0.13915445,1.2275337,0.75670934,-1.9373591
979,2026-05-11 16:15:37.148105,-0.9362742,-0.9450551,-0.13915445,1.2275337,0.75670934,-1.9373591
980,2026-05-11 16:15:37.151138,-0.9362742,-0.9450551,-0.13915445,1.2275337,0.75670934,-1.9373591
981,2026-05-11 16:15:37.153823,-0.9362742,-0.9450551,-0.13915445,1.2275337,0.75670934,-1.9373591
982,2026-05-11 16:15:37.156601,-0.9362742,-0.9450551,-0.13915445,1.2275337,0.75670934,-1.9373591
983,2026-05-11 16:15:37.159192,-0.9362742,-0.9450551,-0.13915445,1.2275337,0.75670934,-1.9373591
984,2026-05-11 16:15:37.161849,-0.9362742,-0.9450551,-0.13915445,1.2275337,0.75670934,-1.9373591
985,2026-05-11 16:15:37.164408,-0.9362742,-0.9450551,-0.13915445,1.2275337,0.75670934,-1.9373591
986,2026-05-11 16:15:37.167487,-0.9362742,-0.9450551,-0.13915445,1.2275337,0.75670934,-1.9373591
987,2026-05-11 16:15:37.170340,-0.9362742,-0.9450551,-0.13915445,1.2275337,0.75670934,-1.9373591
988,2026-05-11 16:15:37.172918,-0.9362742,-0.9450551,-0.13915445,1.2275337,0.75670934,-1.9373591
989,2026-05-11 16:15:37.175532,-0.9362742,-0.9450551,-0.13915445,1.2275337,0.75670934,-1.9373591
990,2026-05-11 16:15:37.178233,-0.9362742,-0.9450551,-0.13915445,0.8923214,0.93233305,-1.7176003
991,2026-05-11 16:15:37.180798,-0.9362742,-0.9450551,-0.13915445,0.8923214,0.93233305,-1.7176003
992,2026-05-11 16:15:37.184139,-0.9362742,-0.9450551,-0.13915445,0.8923214,0.93233305,-1.7176003
993,2026-05-11 16:15:37.187003,-0.9362742,-0.9450551,-0.13915445,0.8923214,0.93233305,-1.7176003
994,2026-05-11 16:15:37.189758,-0.9362742,-0.9450551,-0.13915445,0.8923214,0.93233305,-1.7176003
995,2026-05-11 16:15:37.192346,-0.9362742,-0.9450551,-0.13915445,0.8923214,0.93233305,-1.7176003
996,2026-05-11 16:15:37.195196,-0.9362742,-0.9450551,-0.13915445,-0.062155537,1.3089315,-0.9266826
997,2026-05-11 16:15:37.197904,-1.2635493,-1.0172545,-0.19226731,-0.062155537,1.3089315,-0.9266826
998,2026-05-11 16:15:37.201143,-1.3719094,-1.0650622,-0.15531394,-0.062155537,1.3089315,-0.9266826
999,2026-05-11 16:15:37.203809,-1.3719094,-1.0650622,-0.15531394,-0.062155537,1.3089315,-0.9266826
1000,2026-05-11 16:15:37.206491,-1.3719094,-1.0650622,-0.15531394,-0.062155537,1.3089315,-0.9266826
1001,2026-05-11 16:15:37.209098,-1.3719094,-1.0650622,-0.15531394,-0.062155537,1.3089315,-0.9266826
1002,2026-05-11 16:15:37.211770,-1.3719094,-1.0650622,-0.15531394,-0.062155537,1.3089315,-0.9266826
1003,2026-05-11 16:15:37.214313,-1.3719094,-1.0650622,-0.15531394,-0.062155537,1.3089315,-0.9266826
1004,2026-05-11 16:15:37.217402,-1.3719094,-1.0650622,-0.15531394,-0.062155537,1.3089315,-0.9266826
1005,2026-05-11 16:15:37.220146,-1.3719094,-1.0650622,-0.15531394,-0.062155537,1.3089315,-0.9266826
1006,2026-05-11 16:15:37.222730,-1.3719094,-1.0650622,-0.15531394,-0.062155537,1.3089315,-0.9266826
1007,2026-05-11 16:15:37.225316,-1.3719094,-1.0650622,-0.15531394,-0.062155537,1.3089315,-0.9266826
1008,2026-05-11 16:15:37.228072,-1.3719094,-1.0650622,-0.15531394,-0.062155537,1.3089315,-0.9266826
1009,2026-05-11 16:15:37.230752,-1.3719094,-1.0650622,-0.15531394,-0.062155537,1.3089315,-0.9266826
1010,2026-05-11 16:15:37.233786,-1.3719094,-1.0650622,-0.15531394,-0.062155537,1.3089315,-0.9266826
1011,2026-05-11 16:15:37.236579,-1.3985572,-1.062745,-0.037624147,-0.66889745,1.5012014,-0.20051652
1012,2026-05-11 16:15:37.239391,-1.3985572,-1.062745,-0.037624147,-0.66889745,1.5012014,-0.20051652
1013,2026-05-11 16:15:37.242155,-1.3985572,-1.062745,-0.037624147,-0.66889745,1.5012014,-0.20051652
1014,2026-05-11 16:15:37.244868,-1.2548903,-1.0231694,0.08433419,-1.7895297,1.9885191,2.0050125
1015,2026-05-11 16:15:37.247661,-0.8085838,-1.0718918,0.18330337,-2.2574525,2.291661,3.8628063
1016,2026-05-11 16:15:37.250956,-0.8085838,-1.0718918,0.18330337,-2.2574525,2.291661,3.8628063
1017,2026-05-11 16:15:37.253926,-0.8085838,-1.0718918,0.18330337,-2.2574525,2.291661,3.8628063
1018,2026-05-11 16:15:37.256555,-0.8085838,-1.0718918,0.18330337,-2.2574525,2.291661,3.8628063
1019,2026-05-11 16:15:37.259254,-0.8085838,-1.0718918,0.18330337,-2.2574525,2.291661,3.8628063
1020,2026-05-11 16:15:37.261851,-0.8085838,-1.0718918,0.18330337,-2.2574525,2.291661,3.8628063
1021,2026-05-11 16:15:37.264409,-0.8085838,-1.0718918,0.18330337,-2.2574525,2.291661,3.8628063
1022,2026-05-11 16:15:37.267584,-0.8085838,-1.0718918,0.18330337,-2.347097,2.352442,4.6842675
1023,2026-05-11 16:15:37.270374,-0.8085838,-1.0718918,0.18330337,-2.347097,2.352442,4.6842675
1024,2026-05-11 16:15:37.272968,-0.8085838,-1.0718918,0.18330337,-2.347097,2.352442,4.6842675
1025,2026-05-11 16:15:37.275774,-0.8085838,-1.0718918,0.18330337,-2.347097,2.352442,4.6842675
1026,2026-05-11 16:15:37.278438,-0.8085838,-1.0718918,0.18330337,-2.347097,2.352442,4.6842675
1027,2026-05-11 16:15:37.281740,-0.058722936,-1.1502501,0.24403864,-2.3591616,2.2947154,5.789017
1028,2026-05-11 16:15:37.284744,-0.058722936,-1.1502501,0.24403864,-2.3591616,2.2947154,5.789017
1029,2026-05-11 16:15:37.287345,-0.058722936,-1.1502501,0.24403864,-2.3591616,2.2947154,5.789017
1030,2026-05-11 16:15:37.289946,-0.058722936,-1.1502501,0.24403864,-2.3591616,2.2947154,5.789017
1031,2026-05-11 16:15:37.292751,-0.058722936,-1.1502501,0.24403864,-2.3591616,2.2947154,5.789017
1032,2026-05-11 16:15:37.295386,-0.058722936,-1.1502501,0.24403864,-2.3591616,2.2947154,5.789017
1033,2026-05-11 16:15:37.298341,-0.058722936,-1.1502501,0.24403864,-2.3591616,2.2947154,5.789017
1034,2026-05-11 16:15:37.301386,-0.058722936,-1.1502501,0.24403864,-2.3591616,2.2947154,5.789017
1035,2026-05-11 16:15:37.304072,-0.058722936,-1.1502501,0.24403864,-2.3591616,2.2947154,5.789017
1036,2026-05-11 16:15:37.306784,-0.058722936,-1.1502501,0.24403864,-2.3591616,2.2947154,5.789017
1037,2026-05-11 16:15:37.309379,-0.058722936,-1.1502501,0.24403864,-2.3591616,2.2947154,5.789017
1038,2026-05-11 16:15:37.311983,-0.058722936,-1.1502501,0.24403864,-2.3591616,2.2947154,5.789017
1039,2026-05-11 16:15:37.314546,-0.058722936,-1.1502501,0.24403864,-2.3591616,2.2947154,5.789017
1040,2026-05-11 16:15:37.318061,-0.058722936,-1.1502501,0.24403864,-2.3591616,2.2947154,5.789017
1041,2026-05-11 16:15:37.320983,-0.058722936,-1.1502501,0.24403864,-2.3591616,2.2947154,5.789017
1042,2026-05-11 16:15:37.323614,-0.058722936,-1.1502501,0.24403864,-2.3591616,2.2947154,5.789017
1043,2026-05-11 16:15:37.326271,-0.058722936,-1.1502501,0.24403864,-2.3591616,2.2947154,5.789017
1044,2026-05-11 16:15:37.328993,-0.058722936,-1.1502501,0.24403864,-2.3591616,2.2947154,5.789017
1045,2026-05-11 16:15:37.331618,-0.058722936,-1.1502501,0.24403864,-2.3591616,2.2947154,5.789017
1046,2026-05-11 16:15:37.335024,-0.058722936,-1.1502501,0.24403864,-2.3591616,2.2947154,5.789017
1047,2026-05-11 16:15:37.337725,-0.058722936,-1.1502501,0.24403864,-2.3591616,2.2947154,5.789017
1048,2026-05-11 16:15:37.340421,-0.058722936,-1.1502501,0.24403864,-2.3591616,2.2947154,5.789017
1049,2026-05-11 16:15:37.343008,-0.058722936,-1.1502501,0.24403864,-2.3591616,2.2947154,5.789017
1050,2026-05-11 16:15:37.345744,-0.058722936,-1.1502501,0.24403864,-2.3591616,2.2947154,5.789017
1051,2026-05-11 16:15:37.348454,-0.058722936,-1.1502501,0.24403864,-2.3591616,2.2947154,5.789017
1052,2026-05-11 16:15:37.351635,-0.058722936,-1.1502501,0.24403864,-2.384207,2.175902,6.6427016
1053,2026-05-11 16:15:37.354470,0.20775603,-1.1870205,0.23476979,-2.384207,2.175902,6.6427016
1054,2026-05-11 16:15:37.357056,0.20775603,-1.1870205,0.23476979,-2.384207,2.175902,6.6427016
1055,2026-05-11 16:15:37.359756,0.20775603,-1.1870205,0.23476979,-2.384207,2.175902,6.6427016
1056,2026-05-11 16:15:37.362435,1.1379322,-1.1783004,0.19275515,-2.4594963,1.29198,8.047234
1057,2026-05-11 16:15:37.365372,1.4028867,-1.1359199,0.18513274,-2.5114198,0.52412236,8.384126
1058,2026-05-11 16:15:37.368336,1.4028867,-1.1359199,0.18513274,-2.5114198,0.52412236,8.384126
1059,2026-05-11 16:15:37.371076,1.4028867,-1.1359199,0.18513274,-2.5114198,0.52412236,8.384126
1060,2026-05-11 16:15:37.373718,1.4028867,-1.1359199,0.18513274,-2.5114198,0.52412236,8.384126
1061,2026-05-11 16:15:37.376346,1.4028867,-1.1359199,0.18513274,-2.5114198,0.52412236,8.384126
1062,2026-05-11 16:15:37.378913,1.4028867,-1.1359199,0.18513274,-2.5114198,0.52412236,8.384126
1063,2026-05-11 16:15:37.381666,1.4028867,-1.1359199,0.18513274,-2.5114198,0.52412236,8.384126
1064,2026-05-11 16:15:37.384700,1.7732131,-1.0230476,0.17427845,-2.5114198,0.52412236,8.384126
1065,2026-05-11 16:15:37.387389,1.7732131,-1.0230476,0.17427845,-2.5114198,0.52412236,8.384126
1066,2026-05-11 16:15:37.390112,1.7732131,-1.0230476,0.17427845,-2.5114198,0.52412236,8.384126
1067,2026-05-11 16:15:37.392894,1.7732131,-1.0230476,0.17427845,-2.6583328,0.15851954,8.463843
1068,2026-05-11 16:15:37.395653,1.7732131,-1.0230476,0.17427845,-2.6583328,0.15851954,8.463843
1069,2026-05-11 16:15:37.398368,2.0814629,-0.90383315,0.20647547,-2.6583328,0.15851954,8.463843
1070,2026-05-11 16:15:37.401565,2.3193426,-0.7710206,0.29495624,-2.8017335,0.049938235,8.437424
1071,2026-05-11 16:15:37.404202,2.3193426,-0.7710206,0.29495624,-2.8017335,0.049938235,8.437424
1072,2026-05-11 16:15:37.406853,2.3193426,-0.7710206,0.29495624,-2.8017335,0.049938235,8.437424
1073,2026-05-11 16:15:37.409416,2.3193426,-0.7710206,0.29495624,-2.8017335,0.049938235,8.437424
1074,2026-05-11 16:15:37.412077,2.3193426,-0.7710206,0.29495624,-2.9092457,0.20433442,8.161923
1075,2026-05-11 16:15:37.414607,2.3193426,-0.7710206,0.29495624,-2.9092457,0.20433442,8.161923
1076,2026-05-11 16:15:37.417905,2.596737,-0.57039917,0.56826484,-2.9092457,0.20433442,8.161923
1077,2026-05-11 16:15:37.420784,2.6695461,-0.45051408,0.71248055,-2.8418977,0.24923302,8.063421
1078,2026-05-11 16:15:37.423457,2.6695461,-0.45051408,0.71248055,-2.8418977,0.24923302,8.063421
1079,2026-05-11 16:15:37.426018,2.6695461,-0.45051408,0.71248055,-2.8418977,0.24923302,8.063421
1080,2026-05-11 16:15:37.428803,2.6695461,-0.45051408,0.71248055,-2.8418977,0.24923302,8.063421
1081,2026-05-11 16:15:37.431465,2.6695461,-0.45051408,0.71248055,-2.8418977,0.24923302,8.063421
1082,2026-05-11 16:15:37.434614,2.6695461,-0.45051408,0.71248055,-2.8418977,0.24923302,8.063421
1083,2026-05-11 16:15:37.437338,2.6695461,-0.45051408,0.71248055,-2.8418977,0.24923302,8.063421
1084,2026-05-11 16:15:37.439915,2.6695461,-0.45051408,0.71248055,-2.8418977,0.24923302,8.063421
1085,2026-05-11 16:15:37.442582,2.6695461,-0.45051408,0.71248055,-2.8418977,0.24923302,8.063421
1086,2026-05-11 16:15:37.445241,2.6695461,-0.45051408,0.71248055,-2.8418977,0.24923302,8.063421
1087,2026-05-11 16:15:37.448324,2.6695461,-0.45051408,0.71248055,-2.8418977,0.24923302,8.063421
1088,2026-05-11 16:15:37.451290,2.6695461,-0.45051408,0.71248055,-2.8418977,0.24923302,8.063421
1089,2026-05-11 16:15:37.453911,2.6695461,-0.45051408,0.71248055,-2.8418977,0.24923302,8.063421
1090,2026-05-11 16:15:37.456662,2.6695461,-0.45051408,0.71248055,-2.8418977,0.24923302,8.063421
1091,2026-05-11 16:15:37.459228,2.6695461,-0.45051408,0.71248055,-2.8418977,0.24923302,8.063421
1092,2026-05-11 16:15:37.462069,2.6695461,-0.45051408,0.71248055,-2.8418977,0.24923302,8.063421
1093,2026-05-11 16:15:37.464651,2.6695461,-0.45051408,0.71248055,-2.8418977,0.24923302,8.063421
1094,2026-05-11 16:15:37.467794,2.6695461,-0.45051408,0.71248055,-2.8418977,0.24923302,8.063421
1095,2026-05-11 16:15:37.470511,2.6695461,-0.45051408,0.71248055,-2.8418977,0.24923302,8.063421
1096,2026-05-11 16:15:37.473084,2.6695461,-0.45051408,0.71248055,-2.8418977,0.24923302,8.063421
1097,2026-05-11 16:15:37.475826,2.6695461,-0.45051408,0.71248055,-2.8418977,0.24923302,8.063421
1098,2026-05-11 16:15:37.478440,2.6695461,-0.45051408,0.71248055,-2.8418977,0.24923302,8.063421
1099,2026-05-11 16:15:37.481043,2.6695461,-0.45051408,0.71248055,-2.8418977,0.24923302,8.063421
1100,2026-05-11 16:15:37.484121,2.6695461,-0.45051408,0.71248055,-2.8418977,0.24923302,8.063421
1101,2026-05-11 16:15:37.486834,2.6695461,-0.45051408,0.71248055,-2.8418977,0.24923302,8.063421
1102,2026-05-11 16:15:37.489435,2.6695461,-0.45051408,0.71248055,-2.8418977,0.24923302,8.063421
1103,2026-05-11 16:15:37.492073,2.6695461,-0.45051408,0.71248055,-2.8418977,0.24923302,8.063421
1104,2026-05-11 16:15:37.494642,2.6695461,-0.45051408,0.71248055,-2.8418977,0.24923302,8.063421
1105,2026-05-11 16:15:37.497478,3.061398,0.10994543,1.2287303,-2.8418977,0.24923302,8.063421
1106,2026-05-11 16:15:37.500438,3.061398,0.10994543,1.2287303,-2.8418977,0.24923302,8.063421
1107,2026-05-11 16:15:37.503427,3.061398,0.10994543,1.2287303,-2.8418977,0.24923302,8.063421
1108,2026-05-11 16:15:37.506083,3.061398,0.10994543,1.2287303,-2.8418977,0.24923302,8.063421
1109,2026-05-11 16:15:37.508749,3.061398,0.10994543,1.2287303,-2.8418977,0.24923302,8.063421
1110,2026-05-11 16:15:37.511457,3.061398,0.10994543,1.2287303,-2.8418977,0.24923302,8.063421
1111,2026-05-11 16:15:37.514020,3.061398,0.10994543,1.2287303,-1.7345519,0.043218717,7.570453
1112,2026-05-11 16:15:37.517049,3.061398,0.10994543,1.2287303,-1.7345519,0.043218717,7.570453
1113,2026-05-11 16:15:37.519722,3.061398,0.10994543,1.2287303,-1.7345519,0.043218717,7.570453
1114,2026-05-11 16:15:37.522311,3.061398,0.10994543,1.2287303,-1.7345519,0.043218717,7.570453
1115,2026-05-11 16:15:37.525007,3.3579397,0.48313794,1.4309982,-1.7345519,0.043218717,7.570453
1116,2026-05-11 16:15:37.527627,3.3579397,0.48313794,1.4309982,-1.0170907,-0.13515393,7.2363095
1117,2026-05-11 16:15:37.530206,3.3579397,0.48313794,1.4309982,-1.0170907,-0.13515393,7.2363095
1118,2026-05-11 16:15:37.532978,3.3579397,0.48313794,1.4309982,-1.0170907,-0.13515393,7.2363095
1119,2026-05-11 16:15:37.536546,3.3579397,0.48313794,1.4309982,-1.0170907,-0.13515393,7.2363095
1120,2026-05-11 16:15:37.539436,3.3579397,0.48313794,1.4309982,-1.0170907,-0.13515393,7.2363095
1121,2026-05-11 16:15:37.542213,3.3579397,0.48313794,1.4309982,-1.0170907,-0.13515393,7.2363095
1122,2026-05-11 16:15:37.544836,3.3579397,0.48313794,1.4309982,-1.0170907,-0.13515393,7.2363095
1123,2026-05-11 16:15:37.547883,3.615089,0.9543849,1.5369799,0.35170567,-0.38438696,6.4420323
1124,2026-05-11 16:15:37.551238,3.615089,0.9543849,1.5369799,0.35170567,-0.38438696,6.4420323
1125,2026-05-11 16:15:37.554123,3.615089,0.9543849,1.5369799,0.35170567,-0.38438696,6.4420323
1126,2026-05-11 16:15:37.556828,3.3603182,1.4203267,1.1478108,0.35170567,-0.38438696,6.4420323
1127,2026-05-11 16:15:37.559571,3.3603182,1.4203267,1.1478108,0.35170567,-0.38438696,6.4420323
1128,2026-05-11 16:15:37.562163,3.3603182,1.4203267,1.1478108,0.35170567,-0.38438696,6.4420323
1129,2026-05-11 16:15:37.564978,3.3603182,1.4203267,1.1478108,0.35170567,-0.38438696,6.4420323
1130,2026-05-11 16:15:37.568106,3.3603182,1.4203267,1.1478108,0.35170567,-0.38438696,6.4420323
1131,2026-05-11 16:15:37.570757,3.3603182,1.4203267,1.1478108,0.35170567,-0.38438696,6.4420323
1132,2026-05-11 16:15:37.573347,3.3603182,1.4203267,1.1478108,0.35170567,-0.38438696,6.4420323
1133,2026-05-11 16:15:37.575909,3.3603182,1.4203267,1.1478108,0.35170567,-0.38438696,6.4420323
1134,2026-05-11 16:15:37.578670,3.3603182,1.4203267,1.1478108,0.35170567,-0.38438696,6.4420323
1135,2026-05-11 16:15:37.581264,3.3603182,1.4203267,1.1478108,0.35170567,-0.38438696,6.4420323
1136,2026-05-11 16:15:37.584226,3.3603182,1.4203267,1.1478108,0.35170567,-0.38438696,6.4420323
1137,2026-05-11 16:15:37.586981,3.3603182,1.4203267,1.1478108,0.35170567,-0.38438696,6.4420323
1138,2026-05-11 16:15:37.589541,3.3603182,1.4203267,1.1478108,0.35170567,-0.38438696,6.4420323
1139,2026-05-11 16:15:37.592115,3.3603182,1.4203267,1.1478108,0.35170567,-0.38438696,6.4420323
1140,2026-05-11 16:15:37.594951,3.3603182,1.4203267,1.1478108,0.35170567,-0.38438696,6.4420323
1141,2026-05-11 16:15:37.597555,3.3603182,1.4203267,1.1478108,0.35170567,-0.38438696,6.4420323
1142,2026-05-11 16:15:37.600571,3.3603182,1.4203267,1.1478108,2.43048,-0.41538838,4.767956
1143,2026-05-11 16:15:37.603358,3.3603182,1.4203267,1.1478108,2.43048,-0.41538838,4.767956
1144,2026-05-11 16:15:37.605963,3.3603182,1.4203267,1.1478108,2.43048,-0.41538838,4.767956
1145,2026-05-11 16:15:37.608606,3.3603182,1.4203267,1.1478108,2.43048,-0.41538838,4.767956
1146,2026-05-11 16:15:37.611274,3.3603182,1.4203267,1.1478108,2.43048,-0.41538838,4.767956
1147,2026-05-11 16:15:37.613889,3.3322067,1.4817327,1.1478108,2.5928175,-0.36545014,4.589736
1148,2026-05-11 16:15:37.617124,3.3322067,1.4817327,1.1478108,2.5928175,-0.36545014,4.589736
1149,2026-05-11 16:15:37.619963,3.3322067,1.4817327,1.1478108,2.5928175,-0.36545014,4.589736
1150,2026-05-11 16:15:37.622580,3.3322067,1.4817327,1.1478108,2.5928175,-0.36545014,4.589736
1151,2026-05-11 16:15:37.625297,3.3322067,1.4817327,1.1478108,2.5928175,-0.36545014,4.589736
1152,2026-05-11 16:15:37.627908,3.3322067,1.4817327,1.1478108,2.5928175,-0.36545014,4.589736
1153,2026-05-11 16:15:37.630662,3.3322067,1.4817327,1.1478108,2.5928175,-0.36545014,4.589736
1154,2026-05-11 16:15:37.633690,3.3322067,1.4817327,1.1478108,2.5928175,-0.36545014,4.589736
1155,2026-05-11 16:15:37.636483,3.3322067,1.4817327,1.1478108,2.5928175,-0.36545014,4.589736
1156,2026-05-11 16:15:37.639242,3.3322067,1.4817327,1.1478108,2.5928175,-0.36545014,4.589736
1157,2026-05-11 16:15:37.641886,3.3322067,1.4817327,1.1478108,2.5928175,-0.36545014,4.589736
1158,2026-05-11 16:15:37.644626,3.3322067,1.4817327,1.1478108,2.5928175,-0.36545014,4.589736
1159,2026-05-11 16:15:37.647319,3.0332258,1.8329118,0.36172843,2.8637362,0.30451632,3.6004398
1160,2026-05-11 16:15:37.650286,3.0332258,1.8329118,0.36172843,2.8637362,0.30451632,3.6004398
1161,2026-05-11 16:15:37.653136,3.0332258,1.8329118,0.36172843,2.8637362,0.30451632,3.6004398
1162,2026-05-11 16:15:37.655784,3.0332258,1.8329118,0.36172843,2.8637362,0.30451632,3.6004398
1163,2026-05-11 16:15:37.658358,3.0332258,1.8329118,0.36172843,2.8637362,0.30451632,3.6004398
1164,2026-05-11 16:15:37.661132,3.0332258,1.8329118,0.36172843,2.8637362,0.30451632,3.6004398
1165,2026-05-11 16:15:37.663831,3.0332258,1.8329118,0.36172843,2.8637362,0.30451632,3.6004398
1166,2026-05-11 16:15:37.672581,3.0332258,1.8329118,0.36172843,2.8637362,0.30451632,3.6004398
1167,2026-05-11 16:15:37.692496,3.0332258,1.8329118,0.36172843,2.8637362,0.30451632,3.6004398
1168,2026-05-11 16:15:37.697021,3.0332258,1.8329118,0.36172843,2.8637362,0.30451632,3.6004398
1169,2026-05-11 16:15:37.703402,3.0332258,1.8329118,0.36172843,2.8637362,0.30451632,3.6004398
1170,2026-05-11 16:15:37.706273,3.0332258,1.8329118,0.36172843,2.8637362,0.30451632,3.6004398
1171,2026-05-11 16:15:37.708966,3.0332258,1.8329118,0.36172843,2.8637362,0.30451632,3.6004398
1172,2026-05-11 16:15:37.711792,3.0332258,1.8329118,0.36172843,2.8637362,0.30451632,3.6004398
1173,2026-05-11 16:15:37.714568,3.0332258,1.8329118,0.36172843,2.8637362,0.30451632,3.6004398
1174,2026-05-11 16:15:37.717881,3.0332258,1.8329118,0.36172843,2.8637362,0.30451632,3.6004398
1175,2026-05-11 16:15:37.720613,3.0332258,1.8329118,0.36172843,2.8637362,0.30451632,3.6004398
1176,2026-05-11 16:15:37.723396,2.6806443,2.0094466,-0.19275515,2.8637362,0.30451632,3.6004398
1177,2026-05-11 16:15:37.726007,2.6806443,2.0094466,-0.19275515,2.8637362,0.30451632,3.6004398
1178,2026-05-11 16:15:37.728626,2.6806443,2.0094466,-0.19275515,2.8637362,0.30451632,3.6004398
1179,2026-05-11 16:15:37.731316,2.6806443,2.0094466,-0.19275515,2.8637362,0.30451632,3.6004398
1180,2026-05-11 16:15:37.734532,2.6806443,2.0094466,-0.19275515,2.1571178,1.196685,2.8217392
1181,2026-05-11 16:15:37.737214,2.6806443,2.0094466,-0.19275515,2.1571178,1.196685,2.8217392
1182,2026-05-11 16:15:37.740021,2.6806443,2.0094466,-0.19275515,2.1571178,1.196685,2.8217392
1183,2026-05-11 16:15:37.742762,2.6806443,2.0094466,-0.19275515,1.2055426,1.8186985,2.271808
1184,2026-05-11 16:15:37.745353,2.6806443,2.0094466,-0.19275515,1.2055426,1.8186985,2.271808
1185,2026-05-11 16:15:37.747894,2.6806443,2.0094466,-0.19275515,1.2055426,1.8186985,2.271808
1186,2026-05-11 16:15:37.751068,2.6806443,2.0094466,-0.19275515,1.2055426,1.8186985,2.271808
1187,2026-05-11 16:15:37.753794,2.6806443,2.0094466,-0.19275515,1.2055426,1.8186985,2.271808
1188,2026-05-11 16:15:37.756558,2.6806443,2.0094466,-0.19275515,1.2055426,1.8186985,2.271808
1189,2026-05-11 16:15:37.759225,2.6806443,2.0094466,-0.19275515,1.2055426,1.8186985,2.271808
1190,2026-05-11 16:15:37.761843,2.3664796,2.0643888,-0.4733203,1.2055426,1.8186985,2.271808
1191,2026-05-11 16:15:37.764653,2.3664796,2.0643888,-0.4733203,1.2055426,1.8186985,2.271808
1192,2026-05-11 16:15:37.767666,2.3664796,2.0643888,-0.4733203,1.2055426,1.8186985,2.271808
1193,2026-05-11 16:15:37.771269,2.3664796,2.0643888,-0.4733203,1.2055426,1.8186985,2.271808
1194,2026-05-11 16:15:37.774055,2.3664796,2.0643888,-0.4733203,1.2055426,1.8186985,2.271808
1195,2026-05-11 16:15:37.776791,2.3664796,2.0643888,-0.4733203,1.2055426,1.8186985,2.271808
1196,2026-05-11 16:15:37.779429,2.0591445,2.0438998,-0.5091151,1.2055426,1.8186985,2.271808
1197,2026-05-11 16:15:37.782214,2.0591445,2.0438998,-0.5091151,1.2055426,1.8186985,2.271808
1198,2026-05-11 16:15:37.785778,2.0591445,2.0438998,-0.5091151,0.04046982,1.9720258,1.7200438
1199,2026-05-11 16:15:37.788534,2.0591445,2.0438998,-0.5091151,0.04046982,1.9720258,1.7200438
1200,2026-05-11 16:15:37.791214,2.0591445,2.0438998,-0.5091151,0.04046982,1.9720258,1.7200438
1201,2026-05-11 16:15:37.794207,1.9271855,1.9596875,-0.3945352,-0.5448918,1.6653714,1.2980887
1202,2026-05-11 16:15:37.796832,1.9271855,1.9596875,-0.3945352,-0.5448918,1.6653714,1.2980887
1203,2026-05-11 16:15:37.799688,1.9271855,1.9596875,-0.3945352,-0.5448918,1.6653714,1.2980887
1204,2026-05-11 16:15:37.803118,1.9271855,1.9596875,-0.3945352,-0.5448918,1.6653714,1.2980887
1205,2026-05-11 16:15:37.806124,1.9271855,1.9596875,-0.3945352,-0.5448918,1.6653714,1.2980887
1206,2026-05-11 16:15:37.808797,1.9271855,1.9596875,-0.3945352,-0.5448918,1.6653714,1.2980887
1207,2026-05-11 16:15:37.811413,1.9271855,1.9596875,-0.3945352,-0.5448918,1.6653714,1.2980887
1208,2026-05-11 16:15:37.814362,1.6855861,1.6802199,-0.097749606,-0.5448918,1.6653714,1.2980887
1209,2026-05-11 16:15:37.817483,1.6855861,1.6802199,-0.097749606,-0.63117653,0.9088148,0.204029
1210,2026-05-11 16:15:37.820212,1.6855861,1.6802199,-0.097749606,-0.63117653,0.9088148,0.204029
1211,2026-05-11 16:15:37.822934,1.6855861,1.6802199,-0.097749606,-0.63117653,0.9088148,0.204029
1212,2026-05-11 16:15:37.825689,1.4921603,1.5647255,0.009695687,-0.63117653,0.9088148,0.204029
1213,2026-05-11 16:15:37.828297,1.4921603,1.5647255,0.009695687,-0.63117653,0.9088148,0.204029
1214,2026-05-11 16:15:37.831157,1.4921603,1.5647255,0.009695687,-0.63117653,0.9088148,0.204029
1215,2026-05-11 16:15:37.834382,1.4921603,1.5647255,0.009695687,-0.45463645,0.9109528,-0.030848695
1216,2026-05-11 16:15:37.837076,1.4921603,1.5647255,0.009695687,-0.45463645,0.9109528,-0.030848695
1217,2026-05-11 16:15:37.839835,1.4921603,1.5647255,0.009695687,-0.45463645,0.9109528,-0.030848695
1218,2026-05-11 16:15:37.842554,1.4921603,1.5647255,0.009695687,-0.45463645,0.9109528,-0.030848695
1219,2026-05-11 16:15:37.845164,1.4921603,1.5647255,0.009695687,-0.45463645,0.9109528,-0.030848695
1220,2026-05-11 16:15:37.847909,1.4921603,1.5647255,0.009695687,-0.45463645,0.9109528,-0.030848695
1221,2026-05-11 16:15:37.851033,1.4921603,1.5647255,0.009695687,-0.45463645,0.9109528,-0.030848695
1222,2026-05-11 16:15:37.853795,1.4921603,1.5647255,0.009695687,-0.45463645,0.9109528,-0.030848695
1223,2026-05-11 16:15:37.856389,1.4921603,1.5647255,0.009695687,-0.45463645,0.9109528,-0.030848695
1224,2026-05-11 16:15:37.859090,1.4921603,1.5647255,0.009695687,-0.45463645,0.9109528,-0.030848695
1225,2026-05-11 16:15:37.861712,1.4921603,1.5647255,0.009695687,-0.45463645,0.9109528,-0.030848695
1226,2026-05-11 16:15:37.864529,1.2237909,1.5907636,0.014574022,-0.2941316,0.9392053,-0.18127427
1227,2026-05-11 16:15:37.867442,1.2237909,1.5907636,0.014574022,-0.2941316,0.9392053,-0.18127427
1228,2026-05-11 16:15:37.870176,1.2237909,1.5907636,0.014574022,-0.2941316,0.9392053,-0.18127427
1229,2026-05-11 16:15:37.872763,1.2237909,1.5907636,0.014574022,-0.2941316,0.9392053,-0.18127427
1230,2026-05-11 16:15:37.875589,1.2237909,1.5907636,0.014574022,-0.2941316,0.9392053,-0.18127427
1231,2026-05-11 16:15:37.878204,1.2237909,1.5907636,0.014574022,-0.2941316,0.9392053,-0.18127427
1232,2026-05-11 16:15:37.881021,1.2237909,1.5907636,0.014574022,-0.2941316,0.9392053,-0.18127427
1233,2026-05-11 16:15:37.884056,1.2237909,1.5907636,0.014574022,-0.2941316,0.9392053,-0.18127427
1234,2026-05-11 16:15:37.886962,1.2237909,1.5907636,0.014574022,-0.2941316,0.9392053,-0.18127427
1235,2026-05-11 16:15:37.889668,1.2237909,1.5907636,0.014574022,-0.2941316,0.9392053,-0.18127427
1236,2026-05-11 16:15:37.892260,1.2237909,1.5907636,0.014574022,-0.2941316,0.9392053,-0.18127427
1237,2026-05-11 16:15:37.895028,1.2237909,1.5907636,0.014574022,-0.2941316,0.9392053,-0.18127427
1238,2026-05-11 16:15:37.897622,1.2237909,1.5907636,0.014574022,-0.2941316,0.9392053,-0.18127427
1239,2026-05-11 16:15:37.900820,1.205741,1.6749148,-0.004268542,-0.2941316,0.9392053,-0.18127427
1240,2026-05-11 16:15:37.903441,1.205741,1.6749148,-0.004268542,-0.2941316,0.9392053,-0.18127427
1241,2026-05-11 16:15:37.906026,1.205741,1.6749148,-0.004268542,-0.16249016,0.8874345,-0.18555032
1242,2026-05-11 16:15:37.908739,1.205741,1.6749148,-0.004268542,-0.16249016,0.8874345,-0.18555032
1243,2026-05-11 16:15:37.911356,1.205741,1.6749148,-0.004268542,-0.16249016,0.8874345,-0.18555032
1244,2026-05-11 16:15:37.913953,1.205741,1.6749148,-0.004268542,-0.16249016,0.8874345,-0.18555032
1245,2026-05-11 16:15:37.917008,1.205741,1.6749148,-0.004268542,-0.16249016,0.8874345,-0.18555032
1246,2026-05-11 16:15:37.919812,1.205741,1.6749148,-0.004268542,-0.16249016,0.8874345,-0.18555032
1247,2026-05-11 16:15:37.922567,1.205741,1.6749148,-0.004268542,-0.16249016,0.8874345,-0.18555032
1248,2026-05-11 16:15:37.925350,1.205741,1.6749148,-0.004268542,-0.16249016,0.8874345,-0.18555032
1249,2026-05-11 16:15:37.927985,1.205741,1.6749148,-0.004268542,-0.16249016,0.8874345,-0.18555032
1250,2026-05-11 16:15:37.930569,1.205741,1.6749148,-0.004268542,-0.16249016,0.8874345,-0.18555032
1251,2026-05-11 16:15:37.933763,1.4201438,1.8371803,0.070065066,-0.16249016,0.8874345,-0.18555032
1252,2026-05-11 16:15:37.936547,1.4201438,1.8371803,0.070065066,-0.16249016,0.8874345,-0.18555032
1253,2026-05-11 16:15:37.939163,1.4201438,1.8371803,0.070065066,-0.16249016,0.8874345,-0.18555032
1254,2026-05-11 16:15:37.941769,1.4201438,1.8371803,0.070065066,-0.16249016,0.8874345,-0.18555032
1255,2026-05-11 16:15:37.944406,1.4201438,1.8371803,0.070065066,-0.16249016,0.8874345,-0.18555032
1256,2026-05-11 16:15:37.946966,1.4201438,1.8371803,0.070065066,-0.16249016,0.8874345,-0.18555032
1257,2026-05-11 16:15:37.950061,1.4201438,1.8371803,0.070065066,-0.16249016,0.8874345,-0.18555032
1258,2026-05-11 16:15:37.952791,1.4201438,1.8371803,0.070065066,-0.16249016,0.8874345,-0.18555032
1259,2026-05-11 16:15:37.955508,1.4201438,1.8371803,0.070065066,0.16768251,0.61315596,-0.19257528
1260,2026-05-11 16:15:37.958242,1.7079045,2.0129223,0.115006715,0.16768251,0.61315596,-0.19257528
1261,2026-05-11 16:15:37.960827,1.7079045,2.0129223,0.115006715,0.16768251,0.61315596,-0.19257528
1262,2026-05-11 16:15:37.963441,1.7079045,2.0129223,0.115006715,0.16768251,0.61315596,-0.19257528
1263,2026-05-11 16:15:37.966309,1.7079045,2.0129223,0.115006715,0.16768251,0.61315596,-0.19257528
1264,2026-05-11 16:15:37.969171,1.7079045,2.0129223,0.115006715,0.16768251,0.61315596,-0.19257528
1265,2026-05-11 16:15:37.971893,2.1390274,2.1985428,0.16976601,0.8219192,0.14889841,-0.5844453
1266,2026-05-11 16:15:37.974581,2.1390274,2.1985428,0.16976601,0.8219192,0.14889841,-0.5844453
1267,2026-05-11 16:15:37.977228,2.5038047,2.3605645,0.23202574,1.4859297,-0.33490688,-1.5700763
1268,2026-05-11 16:15:37.979861,2.5038047,2.3605645,0.23202574,1.4859297,-0.33490688,-1.5700763
1269,2026-05-11 16:15:37.982663,2.5038047,2.3605645,0.23202574,1.4859297,-0.33490688,-1.5700763
1270,2026-05-11 16:15:37.985481,2.5038047,2.3605645,0.23202574,1.4859297,-0.33490688,-1.5700763
1271,2026-05-11 16:15:37.988138,2.5038047,2.3605645,0.23202574,1.4859297,-0.33490688,-1.5700763
1272,2026-05-11 16:15:37.990940,2.5038047,2.3605645,0.23202574,1.4859297,-0.33490688,-1.5700763
1273,2026-05-11 16:15:37.993680,2.5038047,2.3605645,0.23202574,1.4859297,-0.33490688,-1.5700763
1274,2026-05-11 16:15:37.996243,2.5038047,2.3605645,0.23202574,1.4859297,-0.33490688,-1.5700763
1275,2026-05-11 16:15:37.999264,2.7732105,2.4668512,0.18080322,1.4859297,-0.33490688,-1.5700763
1276,2026-05-11 16:15:38.002282,2.7732105,2.4668512,0.18080322,1.4859297,-0.33490688,-1.5700763
1277,2026-05-11 16:15:38.005076,2.9655998,2.4298368,0.13573962,1.4576772,-0.35201108,-3.306919
1278,2026-05-11 16:15:38.007778,2.9655998,2.4298368,0.13573962,1.4576772,-0.35201108,-3.306919
1279,2026-05-11 16:15:38.010488,2.9655998,2.4298368,0.13573962,1.4576772,-0.35201108,-3.306919
1280,2026-05-11 16:15:38.013079,2.9655998,2.4298368,0.13573962,1.4576772,-0.35201108,-3.306919
1281,2026-05-11 16:15:38.016088,2.9655998,2.4298368,0.13573962,1.4576772,-0.35201108,-3.306919
1282,2026-05-11 16:15:38.019129,2.9655998,2.4298368,0.13573962,1.4576772,-0.35201108,-3.306919
1283,2026-05-11 16:15:38.021824,2.9655998,2.4298368,0.13573962,1.4576772,-0.35201108,-3.306919
1284,2026-05-11 16:15:38.024669,2.920902,2.1314049,0.12647079,1.3199271,-0.1742493,-3.7896552
1285,2026-05-11 16:15:38.027266,2.920902,2.1314049,0.12647079,1.3199271,-0.1742493,-3.7896552
1286,2026-05-11 16:15:38.030022,2.920902,2.1314049,0.12647079,1.3199271,-0.1742493,-3.7896552
1287,2026-05-11 16:15:38.033224,2.920902,2.1314049,0.12647079,1.3199271,-0.1742493,-3.7896552
1288,2026-05-11 16:15:38.036060,2.920902,2.1314049,0.12647079,1.3199271,-0.1742493,-3.7896552
1289,2026-05-11 16:15:38.038886,2.920902,2.1314049,0.12647079,1.3199271,-0.1742493,-3.7896552
1290,2026-05-11 16:15:38.041491,2.920902,2.1314049,0.12647079,1.3199271,-0.1742493,-3.7896552
1291,2026-05-11 16:15:38.044054,2.920902,2.1314049,0.12647079,1.3199271,-0.1742493,-3.7896552
1292,2026-05-11 16:15:38.046818,2.920902,2.1314049,0.12647079,1.3199271,-0.1742493,-3.7896552
1293,2026-05-11 16:15:38.050092,2.920902,2.1314049,0.12647079,1.3199271,-0.1742493,-3.7896552
1294,2026-05-11 16:15:38.052866,2.920902,2.1314049,0.12647079,1.3199271,-0.1742493,-3.7896552
1295,2026-05-11 16:15:38.055500,2.920902,2.1314049,0.12647079,1.3199271,-0.1742493,-3.7896552
1296,2026-05-11 16:15:38.058074,2.920902,2.1314049,0.12647079,1.3199271,-0.1742493,-3.7896552
1297,2026-05-11 16:15:38.060814,2.8176033,1.8685236,0.118055664,1.3199271,-0.1742493,-3.7896552
1298,2026-05-11 16:15:38.063367,2.8176033,1.8685236,0.118055664,0.9833403,0.1656972,-4.3705883
1299,2026-05-11 16:15:38.066248,2.8176033,1.8685236,0.118055664,0.9833403,0.1656972,-4.3705883
1300,2026-05-11 16:15:38.068955,2.8176033,1.8685236,0.118055664,0.9833403,0.1656972,-4.3705883
1301,2026-05-11 16:15:38.071516,2.8176033,1.8685236,0.118055664,0.9833403,0.1656972,-4.3705883
1302,2026-05-11 16:15:38.074150,2.8176033,1.8685236,0.118055664,0.8761335,0.26053402,-4.5416303
1303,2026-05-11 16:15:38.076832,2.8176033,1.8685236,0.118055664,0.8761335,0.26053402,-4.5416303
1304,2026-05-11 16:15:38.079505,2.2051287,1.0467684,0.5422877,0.8023715,0.41172317,-5.0394855
1305,2026-05-11 16:15:38.082748,2.2051287,1.0467684,0.5422877,0.8023715,0.41172317,-5.0394855
1306,2026-05-11 16:15:38.085872,2.2051287,1.0467684,0.5422877,0.8023715,0.41172317,-5.0394855
1307,2026-05-11 16:15:38.088759,2.2051287,1.0467684,0.5422877,1.1340714,0.28725937,-5.2612295
1308,2026-05-11 16:15:38.091403,2.2051287,1.0467684,0.5422877,1.1340714,0.28725937,-5.2612295
1309,2026-05-11 16:15:38.094113,1.9504187,0.86889213,0.5719846,1.1340714,0.28725937,-5.2612295
1310,2026-05-11 16:15:38.096921,1.9504187,0.86889213,0.5719846,1.6302466,0.022449298,-5.29666
1311,2026-05-11 16:15:38.099978,1.9504187,0.86889213,0.5719846,1.6302466,0.022449298,-5.29666
1312,2026-05-11 16:15:38.102768,1.9504187,0.86889213,0.5719846,1.6302466,0.022449298,-5.29666
1313,2026-05-11 16:15:38.105455,1.6380224,0.6258292,0.45911217,1.6302466,0.022449298,-5.29666
1314,2026-05-11 16:15:38.108045,1.6380224,0.6258292,0.45911217,1.6302466,0.022449298,-5.29666
1315,2026-05-11 16:15:38.110853,1.6380224,0.6258292,0.45911217,1.6302466,0.022449298,-5.29666
1316,2026-05-11 16:15:38.113475,1.6380224,0.6258292,0.45911217,1.6302466,0.022449298,-5.29666
1317,2026-05-11 16:15:38.116387,1.6380224,0.6258292,0.45911217,1.6302466,0.022449298,-5.29666
1318,2026-05-11 16:15:38.119219,1.6380224,0.6258292,0.45911217,1.6302466,0.022449298,-5.29666
1319,2026-05-11 16:15:38.121873,1.6380224,0.6258292,0.45911217,2.0398319,-0.29794952,-5.1833444
1320,2026-05-11 16:15:38.124445,1.6380224,0.6258292,0.45911217,2.0398319,-0.29794952,-5.1833444
1321,2026-05-11 16:15:38.127176,1.6380224,0.6258292,0.45911217,2.0398319,-0.29794952,-5.1833444
1322,2026-05-11 16:15:38.129777,1.6380224,0.6258292,0.45911217,2.0398319,-0.29794952,-5.1833444
1323,2026-05-11 16:15:38.132903,1.6380224,0.6258292,0.45911217,2.0398319,-0.29794952,-5.1833444
1324,2026-05-11 16:15:38.135768,1.554298,0.54125106,0.40349916,2.292119,-0.63621616,-5.034599
1325,2026-05-11 16:15:38.138380,1.554298,0.54125106,0.40349916,2.292119,-0.63621616,-5.034599
1326,2026-05-11 16:15:38.141097,1.554298,0.54125106,0.40349916,2.292119,-0.63621616,-5.034599
1327,2026-05-11 16:15:38.143772,1.0876244,0.17781526,0.12951976,2.292119,-0.63621616,-5.034599
1328,2026-05-11 16:15:38.146542,1.0876244,0.17781526,0.12951976,2.292119,-0.63621616,-5.034599
1329,2026-05-11 16:15:38.149315,1.0876244,0.17781526,0.12951976,2.292119,-0.63621616,-5.034599
1330,2026-05-11 16:15:38.152365,1.0876244,0.17781526,0.12951976,2.292119,-0.63621616,-5.034599
1331,2026-05-11 16:15:38.155043,1.0876244,0.17781526,0.12951976,2.292119,-0.63621616,-5.034599
1332,2026-05-11 16:15:38.157800,1.0876244,0.17781526,0.12951976,2.292119,-0.63621616,-5.034599
1333,2026-05-11 16:15:38.160410,1.0876244,0.17781526,0.12951976,2.292119,-0.63621616,-5.034599
1334,2026-05-11 16:15:38.163223,1.0876244,0.17781526,0.12951976,2.292119,-0.63621616,-5.034599
1335,2026-05-11 16:15:38.166396,1.0876244,0.17781526,0.12951976,2.292119,-0.63621616,-5.034599
1336,2026-05-11 16:15:38.169304,0.8868201,0.027257688,0.062076796,2.074651,-0.81229806,-4.8991394
1337,2026-05-11 16:15:38.172067,0.8868201,0.027257688,0.062076796,2.074651,-0.81229806,-4.8991394
1338,2026-05-11 16:15:38.174783,0.8868201,0.027257688,0.062076796,2.074651,-0.81229806,-4.8991394
1339,2026-05-11 16:15:38.177495,0.8868201,0.027257688,0.062076796,2.074651,-0.81229806,-4.8991394
1340,2026-05-11 16:15:38.180138,0.8868201,0.027257688,0.062076796,2.074651,-0.81229806,-4.8991394
1341,2026-05-11 16:15:38.183217,0.8868201,0.027257688,0.062076796,2.074651,-0.81229806,-4.8991394
1342,2026-05-11 16:15:38.185968,0.6741857,-0.105493955,0.024330689,2.074651,-0.81229806,-4.8991394
1343,2026-05-11 16:15:38.188530,0.6741857,-0.105493955,0.024330689,2.074651,-0.81229806,-4.8991394
1344,2026-05-11 16:15:38.191235,0.6741857,-0.105493955,0.024330689,2.074651,-0.81229806,-4.8991394
1345,2026-05-11 16:15:38.193788,0.6741857,-0.105493955,0.024330689,2.074651,-0.81229806,-4.8991394
1346,2026-05-11 16:15:38.196552,0.6741857,-0.105493955,0.024330689,1.8710803,-0.83291477,-4.8122435
1347,2026-05-11 16:15:38.199761,0.6741857,-0.105493955,0.024330689,1.8710803,-0.83291477,-4.8122435
1348,2026-05-11 16:15:38.202575,0.6741857,-0.105493955,0.024330689,1.8710803,-0.83291477,-4.8122435
1349,2026-05-11 16:15:38.205250,0.51813996,-0.19104773,0.012805625,1.8710803,-0.83291477,-4.8122435
1350,2026-05-11 16:15:38.207865,0.51813996,-0.19104773,0.012805625,1.8710803,-0.83291477,-4.8122435
1351,2026-05-11 16:15:38.210631,0.51813996,-0.19104773,0.012805625,1.8710803,-0.83291477,-4.8122435
1352,2026-05-11 16:15:38.213363,0.51813996,-0.19104773,0.012805625,1.8710803,-0.83291477,-4.8122435
1353,2026-05-11 16:15:38.216407,0.51813996,-0.19104773,0.012805625,1.8710803,-0.83291477,-4.8122435
1354,2026-05-11 16:15:38.219240,0.51813996,-0.19104773,0.012805625,1.8710803,-0.83291477,-4.8122435
1355,2026-05-11 16:15:38.221891,0.51813996,-0.19104773,0.012805625,1.8710803,-0.83291477,-4.8122435
1356,2026-05-11 16:15:38.224572,0.51813996,-0.19104773,0.012805625,1.4782939,-0.69714993,-4.4839034
1357,2026-05-11 16:15:38.227351,0.51813996,-0.19104773,0.012805625,1.4782939,-0.69714993,-4.4839034
1358,2026-05-11 16:15:38.230044,0.35227665,-0.269284,-0.00073175,1.4782939,-0.69714993,-4.4839034
1359,2026-05-11 16:15:38.233286,0.35227665,-0.269284,-0.00073175,1.3451253,-0.61208695,-4.336227
1360,2026-05-11 16:15:38.236128,0.35227665,-0.269284,-0.00073175,1.3451253,-0.61208695,-4.336227
1361,2026-05-11 16:15:38.238800,0.35227665,-0.269284,-0.00073175,1.3451253,-0.61208695,-4.336227
1362,2026-05-11 16:15:38.241456,0.35227665,-0.269284,-0.00073175,1.3451253,-0.61208695,-4.336227
1363,2026-05-11 16:15:38.244120,0.35227665,-0.269284,-0.00073175,1.3451253,-0.61208695,-4.336227
1364,2026-05-11 16:15:38.246686,0.35227665,-0.269284,-0.00073175,1.3451253,-0.61208695,-4.336227
1365,2026-05-11 16:15:38.249784,0.35227665,-0.269284,-0.00073175,1.3451253,-0.61208695,-4.336227
1366,2026-05-11 16:15:38.252726,0.35227665,-0.269284,-0.00073175,1.3451253,-0.61208695,-4.336227
1367,2026-05-11 16:15:38.255365,0.35227665,-0.269284,-0.00073175,1.3451253,-0.61208695,-4.336227
1368,2026-05-11 16:15:38.257993,0.35227665,-0.269284,-0.00073175,1.3451253,-0.61208695,-4.336227
1369,2026-05-11 16:15:38.260710,0.35227665,-0.269284,-0.00073175,1.3451253,-0.61208695,-4.336227
1370,2026-05-11 16:15:38.263244,0.35227665,-0.269284,-0.00073175,1.3451253,-0.61208695,-4.336227
1371,2026-05-11 16:15:38.266210,0.35227665,-0.269284,-0.00073175,1.3451253,-0.61208695,-4.336227
1372,2026-05-11 16:15:38.269081,0.35227665,-0.269284,-0.00073175,1.3451253,-0.61208695,-4.336227
1373,2026-05-11 16:15:38.271871,0.27568683,-0.3020908,-0.0011586042,1.3451253,-0.61208695,-4.336227
1374,2026-05-11 16:15:38.274568,0.1478135,-0.34245902,0.013842272,1.0902418,-0.39843684,-3.9892554
1375,2026-05-11 16:15:38.277363,0.08238286,-0.3421541,0.027196707,0.96974856,-0.27198774,-3.8081338
1376,2026-05-11 16:15:38.280092,0.08238286,-0.3421541,0.027196707,0.96974856,-0.27198774,-3.8081338
1377,2026-05-11 16:15:38.283151,0.08238286,-0.3421541,0.027196707,0.96974856,-0.27198774,-3.8081338
1378,2026-05-11 16:15:38.285974,0.08238286,-0.3421541,0.027196707,0.96974856,-0.27198774,-3.8081338
1379,2026-05-11 16:15:38.288581,0.08238286,-0.3421541,0.027196707,0.96974856,-0.27198774,-3.8081338
1380,2026-05-11 16:15:38.291148,0.08238286,-0.3421541,0.027196707,0.96974856,-0.27198774,-3.8081338
1381,2026-05-11 16:15:38.293952,0.08238286,-0.3421541,0.027196707,0.96974856,-0.27198774,-3.8081338
1382,2026-05-11 16:15:38.296673,-0.043600105,-0.33386096,0.06811373,0.6093381,0.31688634,-3.2533157
1383,2026-05-11 16:15:38.299793,-0.043600105,-0.33386096,0.06811373,0.6093381,0.31688634,-3.2533157
1384,2026-05-11 16:15:38.302703,-0.041221917,-0.3302022,0.09683492,0.6093381,0.31688634,-3.2533157
1385,2026-05-11 16:15:38.305340,-0.041221917,-0.3302022,0.09683492,0.6093381,0.31688634,-3.2533157
1386,2026-05-11 16:15:38.308096,-0.041221917,-0.3302022,0.09683492,0.6093381,0.31688634,-3.2533157
1387,2026-05-11 16:15:38.310859,0.014817937,-0.31477445,0.125861,0.5699373,0.41813725,-3.0860913
1388,2026-05-11 16:15:38.313540,0.014817937,-0.31477445,0.125861,0.5699373,0.41813725,-3.0860913
1389,2026-05-11 16:15:38.316578,0.014817937,-0.31477445,0.125861,0.63621616,0.38789943,-2.747061
1390,2026-05-11 16:15:38.319531,0.014817937,-0.31477445,0.125861,0.63621616,0.38789943,-2.747061
1391,2026-05-11 16:15:38.322148,0.014817937,-0.31477445,0.125861,0.63621616,0.38789943,-2.747061
1392,2026-05-11 16:15:38.325017,0.014817937,-0.31477445,0.125861,0.63621616,0.38789943,-2.747061
1393,2026-05-11 16:15:38.327629,0.014817937,-0.31477445,0.125861,0.63621616,0.38789943,-2.747061
1394,2026-05-11 16:15:38.330225,0.014817937,-0.31477445,0.125861,0.63621616,0.38789943,-2.747061
1395,2026-05-11 16:15:38.333476,0.09476163,-0.29733443,0.1525089,0.63621616,0.38789943,-2.747061
1396,2026-05-11 16:15:38.336467,0.09476163,-0.29733443,0.1525089,0.63621616,0.38789943,-2.747061
1397,2026-05-11 16:15:38.339152,0.09476163,-0.29733443,0.1525089,0.63621616,0.38789943,-2.747061
1398,2026-05-11 16:15:38.341797,0.09476163,-0.29733443,0.1525089,0.63621616,0.38789943,-2.747061
1399,2026-05-11 16:15:38.344563,0.12890996,-0.31404272,0.16720487,0.63621616,0.38789943,-2.747061
1400,2026-05-11 16:15:38.347173,0.12890996,-0.31404272,0.16720487,0.63621616,0.38789943,-2.747061
1401,2026-05-11 16:15:38.350256,0.12890996,-0.31404272,0.16720487,0.63621616,0.38789943,-2.747061
1402,2026-05-11 16:15:38.352960,0.12890996,-0.31404272,0.16720487,0.63621616,0.38789943,-2.747061
1403,2026-05-11 16:15:38.355577,0.12890996,-0.31404272,0.16720487,0.63621616,0.38789943,-2.747061
1404,2026-05-11 16:15:38.358337,0.12890996,-0.31404272,0.16720487,0.69134676,0.31795537,-2.719725
1405,2026-05-11 16:15:38.361174,0.08439517,-0.4012429,0.24373372,0.7823657,0.17531833,-2.5601363
1406,2026-05-11 16:15:38.363793,0.08439517,-0.4012429,0.24373372,0.7823657,0.17531833,-2.5601363
1407,2026-05-11 16:15:38.366995,0.08439517,-0.4012429,0.24373372,0.7823657,0.17531833,-2.5601363
1408,2026-05-11 16:15:38.369712,0.08439517,-0.4012429,0.24373372,0.7823657,0.17531833,-2.5601363
1409,2026-05-11 16:15:38.372323,0.08439517,-0.4012429,0.24373372,0.7823657,0.17531833,-2.5601363
1410,2026-05-11 16:15:38.375074,0.08439517,-0.4012429,0.24373372,0.7823657,0.17531833,-2.5601363
1411,2026-05-11 16:15:38.377802,0.08439517,-0.4012429,0.24373372,0.7823657,0.17531833,-2.5601363
1412,2026-05-11 16:15:38.380496,0.04622221,-0.4490506,0.2876997,0.89476484,0.35063666,-2.1971295
1413,2026-05-11 16:15:38.383451,0.04622221,-0.4490506,0.2876997,0.89476484,0.35063666,-2.1971295
1414,2026-05-11 16:15:38.386239,0.04622221,-0.4490506,0.2876997,0.89476484,0.35063666,-2.1971295
1415,2026-05-11 16:15:38.388827,0.04622221,-0.4490506,0.2876997,0.89476484,0.35063666,-2.1971295
1416,2026-05-11 16:15:38.391414,0.04622221,-0.4490506,0.2876997,0.89476484,0.35063666,-2.1971295
1417,2026-05-11 16:15:38.394042,0.04622221,-0.4490506,0.2876997,0.89476484,0.35063666,-2.1971295
1418,2026-05-11 16:15:38.396599,0.04622221,-0.4490506,0.2876997,0.89476484,0.35063666,-2.1971295
1419,2026-05-11 16:15:38.399596,0.04622221,-0.4490506,0.2876997,0.89476484,0.35063666,-2.1971295
1420,2026-05-11 16:15:38.402347,0.04622221,-0.4490506,0.2876997,0.89476484,0.35063666,-2.1971295
1421,2026-05-11 16:15:38.405143,0.04622221,-0.4490506,0.2876997,0.89476484,0.35063666,-2.1971295
1422,2026-05-11 16:15:38.407777,0.04622221,-0.4490506,0.2876997,0.89476484,0.35063666,-2.1971295
1423,2026-05-11 16:15:38.410387,0.04622221,-0.4490506,0.2876997,0.89476484,0.35063666,-2.1971295
1424,2026-05-11 16:15:38.413142,0.04622221,-0.4490506,0.2876997,0.89476484,0.35063666,-2.1971295
1425,2026-05-11 16:15:38.416388,0.04622221,-0.4490506,0.2876997,0.89476484,0.35063666,-2.1971295
1426,2026-05-11 16:15:38.419320,0.04622221,-0.4490506,0.2876997,0.89476484,0.35063666,-2.1971295
1427,2026-05-11 16:15:38.421993,0.04622221,-0.4490506,0.2876997,0.89476484,0.35063666,-2.1971295
1428,2026-05-11 16:15:38.424595,-0.029940773,-0.49100426,0.32142118,0.89476484,0.35063666,-2.1971295
1429,2026-05-11 16:15:38.427182,-0.029940773,-0.49100426,0.32142118,0.89476484,0.35063666,-2.1971295
1430,2026-05-11 16:15:38.429847,-0.029940773,-0.49100426,0.32142118,0.89476484,0.35063666,-2.1971295
1431,2026-05-11 16:15:38.432764,-0.029940773,-0.49100426,0.32142118,0.89476484,0.35063666,-2.1971295
1432,2026-05-11 16:15:38.435575,-0.029940773,-0.49100426,0.32142118,0.89476484,0.35063666,-2.1971295
1433,2026-05-11 16:15:38.438168,-0.029940773,-0.49100426,0.32142118,0.89476484,0.35063666,-2.1971295
1434,2026-05-11 16:15:38.440727,-0.029940773,-0.49100426,0.32142118,0.89476484,0.35063666,-2.1971295
1435,2026-05-11 16:15:38.443597,-0.029940773,-0.49100426,0.32142118,0.89476484,0.35063666,-2.1971295
1436,2026-05-11 16:15:38.446337,-0.16086306,-0.50454164,0.40166977,1.0331259,0.76831573,-1.8868101
1437,2026-05-11 16:15:38.449292,-0.16086306,-0.50454164,0.40166977,1.0331259,0.76831573,-1.8868101
1438,2026-05-11 16:15:38.452186,-0.16086306,-0.50454164,0.40166977,1.0331259,0.76831573,-1.8868101
1439,2026-05-11 16:15:38.454781,-0.16086306,-0.50454164,0.40166977,1.0331259,0.76831573,-1.8868101
1440,2026-05-11 16:15:38.457391,-0.16086306,-0.50454164,0.40166977,1.0331259,0.76831573,-1.8868101
1441,2026-05-11 16:15:38.460000,-0.16086306,-0.50454164,0.40166977,1.0331259,0.76831573,-1.8868101
1442,2026-05-11 16:15:38.462797,-0.16086306,-0.50454164,0.40166977,1.0331259,0.76831573,-1.8868101
1443,2026-05-11 16:15:38.466209,-0.16086306,-0.50454164,0.40166977,1.0331259,0.76831573,-1.8868101
1444,2026-05-11 16:15:38.469272,-0.16086306,-0.50454164,0.40166977,1.0331259,0.76831573,-1.8868101
1445,2026-05-11 16:15:38.471980,-0.16086306,-0.50454164,0.40166977,1.0331259,0.76831573,-1.8868101
1446,2026-05-11 16:15:38.474620,-0.16086306,-0.50454164,0.40166977,1.0331259,0.76831573,-1.8868101
1447,2026-05-11 16:15:38.477375,-0.16086306,-0.50454164,0.40166977,1.0331259,0.76831573,-1.8868101
1448,2026-05-11 16:15:38.479946,-0.16086306,-0.50454164,0.40166977,1.0331259,0.76831573,-1.8868101
1449,2026-05-11 16:15:38.483003,-0.16086306,-0.50454164,0.40166977,1.0331259,0.76831573,-1.8868101
1450,2026-05-11 16:15:38.485692,-0.16086306,-0.50454164,0.40166977,1.0331259,0.76831573,-1.8868101
1451,2026-05-11 16:15:38.488290,-0.16086306,-0.50454164,0.40166977,1.0331259,0.76831573,-1.8868101
1452,2026-05-11 16:15:38.491097,-0.16086306,-0.50454164,0.40166977,1.0331259,0.76831573,-1.8868101
1453,2026-05-11 16:15:38.493807,-0.16086306,-0.50454164,0.40166977,1.0331259,0.76831573,-1.8868101
1454,2026-05-11 16:15:38.496503,-0.16086306,-0.50454164,0.40166977,1.0331259,0.76831573,-1.8868101
1455,2026-05-11 16:15:38.499499,-0.22050068,-0.515152,0.43496442,1.1942415,1.1316279,-1.6881261
1456,2026-05-11 16:15:38.502296,-0.22050068,-0.515152,0.43496442,1.1942415,1.1316279,-1.6881261
1457,2026-05-11 16:15:38.504875,-0.22050068,-0.515152,0.43496442,1.1942415,1.1316279,-1.6881261
1458,2026-05-11 16:15:38.507782,-0.22050068,-0.515152,0.43496442,1.1942415,1.1316279,-1.6881261
1459,2026-05-11 16:15:38.510467,-0.310262,-0.5896686,0.44856274,1.1942415,1.1316279,-1.6881261
1460,2026-05-11 16:15:38.513101,-0.310262,-0.5896686,0.44856274,1.1942415,1.1316279,-1.6881261
1461,2026-05-11 16:15:38.516098,-0.310262,-0.5896686,0.44856274,1.1942415,1.1316279,-1.6881261
1462,2026-05-11 16:15:38.518895,-0.310262,-0.5896686,0.44856274,1.1942415,1.1316279,-1.6881261
1463,2026-05-11 16:15:38.521712,-0.3808149,-0.6847961,0.3734974,1.7851009,1.8773416,-1.1410962
1464,2026-05-11 16:15:38.524306,-0.3808149,-0.6847961,0.3734974,1.7851009,1.8773416,-1.1410962
1465,2026-05-11 16:15:38.527213,-0.3808149,-0.6847961,0.3734974,1.7851009,1.8773416,-1.1410962
1466,2026-05-11 16:15:38.529829,-0.3808149,-0.6847961,0.3734974,1.7851009,1.8773416,-1.1410962
1467,2026-05-11 16:15:38.533000,-0.3808149,-0.6847961,0.3734974,1.7851009,1.8773416,-1.1410962
1468,2026-05-11 16:15:38.535912,-0.3808149,-0.6847961,0.3734974,1.7851009,1.8773416,-1.1410962
1469,2026-05-11 16:15:38.538621,-0.3808149,-0.6847961,0.3734974,1.7851009,1.8773416,-1.1410962
1470,2026-05-11 16:15:38.541432,-0.45801452,-0.76065415,0.21867129,1.9462167,2.0554087,-0.8428413
1471,2026-05-11 16:15:38.544194,-0.45801452,-0.76065415,0.21867129,1.9462167,2.0554087,-0.8428413
1472,2026-05-11 16:15:38.546881,-0.5878392,-0.8319388,0.035367917,1.87444,2.0665572,-0.14278975
1473,2026-05-11 16:15:38.549898,-0.5878392,-0.8319388,0.035367917,1.87444,2.0665572,-0.14278975
1474,2026-05-11 16:15:38.552645,-0.5878392,-0.8319388,0.035367917,1.87444,2.0665572,-0.14278975
1475,2026-05-11 16:15:38.555536,-0.5878392,-0.8319388,0.035367917,1.87444,2.0665572,-0.14278975
1476,2026-05-11 16:15:38.558570,-0.6822349,-0.8595013,-0.061467,1.87444,2.0665572,-0.14278975
1477,2026-05-11 16:15:38.561325,-0.6822349,-0.8595013,-0.061467,1.87444,2.0665572,-0.14278975
1478,2026-05-11 16:15:38.564008,-0.6822349,-0.8595013,-0.061467,1.87444,2.0665572,-0.14278975
1479,2026-05-11 16:15:38.567404,-0.6822349,-0.8595013,-0.061467,1.87444,2.0665572,-0.14278975
1480,2026-05-11 16:15:38.570228,-0.6822349,-0.8595013,-0.061467,1.288773,1.8495473,1.0531317
1481,2026-05-11 16:15:38.572971,-0.8843808,-0.8568183,-0.22001283,1.288773,1.8495473,1.0531317
1482,2026-05-11 16:15:38.575700,-0.8843808,-0.8568183,-0.22001283,1.288773,1.8495473,1.0531317
1483,2026-05-11 16:15:38.578385,-0.8843808,-0.8568183,-0.22001283,1.288773,1.8495473,1.0531317
1484,2026-05-11 16:15:38.580949,-0.8843808,-0.8568183,-0.22001283,1.288773,1.8495473,1.0531317
1485,2026-05-11 16:15:38.584039,-0.8843808,-0.8568183,-0.22001283,1.288773,1.8495473,1.0531317
1486,2026-05-11 16:15:38.586825,-0.93846935,-0.83547556,-0.26641798,1.288773,1.8495473,1.0531317
1487,2026-05-11 16:15:38.589475,-0.93846935,-0.83547556,-0.26641798,1.288773,1.8495473,1.0531317
1488,2026-05-11 16:15:38.592089,-0.93846935,-0.83547556,-0.26641798,1.288773,1.8495473,1.0531317
1489,2026-05-11 16:15:38.594657,-0.93846935,-0.83547556,-0.26641798,1.288773,1.8495473,1.0531317
1490,2026-05-11 16:15:38.597478,-0.93846935,-0.83547556,-0.26641798,1.288773,1.8495473,1.0531317
1491,2026-05-11 16:15:38.600774,-0.93846935,-0.83547556,-0.26641798,1.288773,1.8495473,1.0531317
1492,2026-05-11 16:15:38.603680,-0.93846935,-0.83547556,-0.26641798,1.288773,1.8495473,1.0531317
1493,2026-05-11 16:15:38.606477,-0.93846935,-0.83547556,-0.26641798,1.288773,1.8495473,1.0531317
1494,2026-05-11 16:15:38.609150,-0.93846935,-0.83547556,-0.26641798,0.98547834,1.8064812,1.6200147
1495,2026-05-11 16:15:38.611950,-0.92810297,-0.8437687,-0.31654286,0.4083634,1.764637,2.6441302
1496,2026-05-11 16:15:38.614608,-0.92810297,-0.8437687,-0.31654286,0.4083634,1.764637,2.6441302
1497,2026-05-11 16:15:38.617661,-0.92810297,-0.8437687,-0.31654286,0.4083634,1.764637,2.6441302
1498,2026-05-11 16:15:38.620472,-0.92810297,-0.8437687,-0.31654286,0.4083634,1.764637,2.6441302
1499,2026-05-11 16:15:38.623055,-0.92810297,-0.8437687,-0.31654286,0.4083634,1.764637,2.6441302
1500,2026-05-11 16:15:38.625875,-0.8451103,-0.87816095,-0.3445323,-0.269697,1.7146988,3.7980547
1501,2026-05-11 16:15:38.628480,-0.8451103,-0.87816095,-0.3445323,-0.269697,1.7146988,3.7980547
1502,2026-05-11 16:15:38.631054,-0.8451103,-0.87816095,-0.3445323,-0.269697,1.7146988,3.7980547
1503,2026-05-11 16:15:38.634105,-0.8451103,-0.87816095,-0.3445323,-0.269697,1.7146988,3.7980547
1504,2026-05-11 16:15:38.636906,-0.8451103,-0.87816095,-0.3445323,-0.269697,1.7146988,3.7980547
1505,2026-05-11 16:15:38.639538,-0.8451103,-0.87816095,-0.3445323,-0.269697,1.7146988,3.7980547
1506,2026-05-11 16:15:38.642300,-0.8451103,-0.87816095,-0.3445323,-0.269697,1.7146988,3.7980547
1507,2026-05-11 16:15:38.645061,-0.8451103,-0.87816095,-0.3445323,-0.269697,1.7146988,3.7980547
1508,2026-05-11 16:15:38.647711,-0.8451103,-0.87816095,-0.3445323,-0.269697,1.7146988,3.7980547
1509,2026-05-11 16:15:38.650730,-0.8451103,-0.87816095,-0.3445323,-0.269697,1.7146988,3.7980547
1510,2026-05-11 16:15:38.653447,-0.8451103,-0.87816095,-0.3445323,-0.269697,1.7146988,3.7980547
1511,2026-05-11 16:15:38.656043,-0.8451103,-0.87816095,-0.3445323,-0.269697,1.7146988,3.7980547
1512,2026-05-11 16:15:38.658807,-0.8451103,-0.87816095,-0.3445323,-0.269697,1.7146988,3.7980547
1513,2026-05-11 16:15:38.661427,-0.8451103,-0.87816095,-0.3445323,-0.269697,1.7146988,3.7980547
1514,2026-05-11 16:15:38.664025,-0.8451103,-0.87816095,-0.3445323,-0.269697,1.7146988,3.7980547
1515,2026-05-11 16:15:38.667352,-0.8451103,-0.87816095,-0.3445323,-0.269697,1.7146988,3.7980547
1516,2026-05-11 16:15:38.670189,0.37337545,-1.0226816,-0.09079798,-1.5364788,1.5285375,6.0128994
1517,2026-05-11 16:15:38.672931,0.37337545,-1.0226816,-0.09079798,-2.143068,1.4307991,7.080692
1518,2026-05-11 16:15:38.675551,0.37337545,-1.0226816,-0.09079798,-2.143068,1.4307991,7.080692
1519,2026-05-11 16:15:38.678268,0.37337545,-1.0226816,-0.09079798,-2.143068,1.4307991,7.080692
1520,2026-05-11 16:15:38.680865,0.37337545,-1.0226816,-0.09079798,-2.143068,1.4307991,7.080692
1521,2026-05-11 16:15:38.684222,1.8456564,-0.69308925,0.21440275,-2.6022859,1.3183999,7.827933
1522,2026-05-11 16:15:38.687126,2.1773832,-0.5512517,0.23165986,-2.8637362,1.1950052,7.8517566
1523,2026-05-11 16:15:38.689859,2.1773832,-0.5512517,0.23165986,-2.8637362,1.1950052,7.8517566
1524,2026-05-11 16:15:38.692462,2.1773832,-0.5512517,0.23165986,-2.8637362,1.1950052,7.8517566
1525,2026-05-11 16:15:38.695339,2.1773832,-0.5512517,0.23165986,-3.128699,1.2270756,7.1918693
1526,2026-05-11 16:15:38.698114,2.1773832,-0.5512517,0.23165986,-3.128699,1.2270756,7.1918693
1527,2026-05-11 16:15:38.701300,2.1773832,-0.5512517,0.23165986,-3.128699,1.2270756,7.1918693
1528,2026-05-11 16:15:38.704201,2.2979999,-0.25653934,0.12342183,-3.128699,1.2270756,7.1918693
1529,2026-05-11 16:15:38.706942,2.2979999,-0.25653934,0.12342183,-3.128699,1.2270756,7.1918693
1530,2026-05-11 16:15:38.709607,1.9383448,-0.057381395,0.09573729,-3.6613736,1.1798862,6.9043045
1531,2026-05-11 16:15:38.712349,1.9383448,-0.057381395,0.09573729,-3.6613736,1.1798862,6.9043045
1532,2026-05-11 16:15:38.714957,1.9383448,-0.057381395,0.09573729,-3.6613736,1.1798862,6.9043045
1533,2026-05-11 16:15:38.742485,2.1031713,1.0928077,0.7329086,-1.3684908,-0.66599584,-4.6169195
1534,2026-05-11 16:15:38.745958,2.1031713,1.0928077,0.7329086,-1.3222178,-0.6782131,-4.7697887
1535,2026-05-11 16:15:38.753645,1.9103554,0.8510253,0.8147426,-1.3222178,-0.6782131,-4.7697887
1536,2026-05-11 16:15:38.756729,1.9103554,0.8510253,0.8147426,-1.3222178,-0.6782131,-4.7697887
1537,2026-05-11 16:15:38.759406,1.9103554,0.8510253,0.8147426,-1.3222178,-0.6782131,-4.7697887
1538,2026-05-11 16:15:38.761988,1.9103554,0.8510253,0.8147426,-1.3222178,-0.6782131,-4.7697887
1539,2026-05-11 16:15:38.764747,1.9103554,0.8510253,0.8147426,-1.1780536,-0.69134676,-4.893489
1540,2026-05-11 16:15:38.767754,1.9103554,0.8510253,0.8147426,-1.1780536,-0.69134676,-4.893489
1541,2026-05-11 16:15:38.770399,1.9103554,0.8510253,0.8147426,-1.1780536,-0.69134676,-4.893489
1542,2026-05-11 16:15:38.773106,1.9103554,0.8510253,0.8147426,-1.1780536,-0.69134676,-4.893489
1543,2026-05-11 16:15:38.775654,1.9103554,0.8510253,0.8147426,-1.1780536,-0.69134676,-4.893489
1544,2026-05-11 16:15:38.778232,1.9103554,0.8510253,0.8147426,-1.1780536,-0.69134676,-4.893489
1545,2026-05-11 16:15:38.780759,1.9103554,0.8510253,0.8147426,-1.1780536,-0.69134676,-4.893489
1546,2026-05-11 16:15:38.783990,1.9103554,0.8510253,0.8147426,-1.1780536,-0.69134676,-4.893489
1547,2026-05-11 16:15:38.786804,1.9103554,0.8510253,0.8147426,-1.1780536,-0.69134676,-4.893489
1548,2026-05-11 16:15:38.789518,1.9103554,0.8510253,0.8147426,-1.1780536,-0.69134676,-4.893489
1549,2026-05-11 16:15:38.792145,1.9103554,0.8510253,0.8147426,-1.1780536,-0.69134676,-4.893489
1550,2026-05-11 16:15:38.794815,1.9103554,0.8510253,0.8147426,-1.1780536,-0.69134676,-4.893489
1551,2026-05-11 16:15:38.797738,1.9103554,0.8510253,0.8147426,-1.1780536,-0.69134676,-4.893489
1552,2026-05-11 16:15:38.800960,1.7190636,0.6471719,0.86401385,-0.9753991,-0.6908886,-4.937929
1553,2026-05-11 16:15:38.803694,1.7190636,0.6471719,0.86401385,-0.9753991,-0.6908886,-4.937929
1554,2026-05-11 16:15:38.806447,1.7190636,0.6471719,0.86401385,-0.77366084,-0.6957755,-4.927392
1555,2026-05-11 16:15:38.809215,1.5439316,0.5027732,0.87511206,-0.77366084,-0.6957755,-4.927392
1556,2026-05-11 16:15:38.811952,1.5439316,0.5027732,0.87511206,-0.77366084,-0.6957755,-4.927392
1557,2026-05-11 16:15:38.814627,1.5439316,0.5027732,0.87511206,-0.77366084,-0.6957755,-4.927392
1558,2026-05-11 16:15:38.817746,1.5439316,0.5027732,0.87511206,-0.77366084,-0.6957755,-4.927392
1559,2026-05-11 16:15:38.820591,1.5439316,0.5027732,0.87511206,-0.77366084,-0.6957755,-4.927392
1560,2026-05-11 16:15:38.823250,1.5439316,0.5027732,0.87511206,-0.77366084,-0.6957755,-4.927392
1561,2026-05-11 16:15:38.825964,1.5439316,0.5027732,0.87511206,-0.77366084,-0.6957755,-4.927392
1562,2026-05-11 16:15:38.828648,1.2474508,0.29422447,0.8334633,-0.43417248,-0.67179906,-4.850881
1563,2026-05-11 16:15:38.831312,1.2474508,0.29422447,0.8334633,-0.43417248,-0.67179906,-4.850881
1564,2026-05-11 16:15:38.834413,1.2474508,0.29422447,0.8334633,-0.43417248,-0.67179906,-4.850881
1565,2026-05-11 16:15:38.837279,1.2474508,0.29422447,0.8334633,-0.43417248,-0.67179906,-4.850881
1566,2026-05-11 16:15:38.839861,1.2474508,0.29422447,0.8334633,-0.43417248,-0.67179906,-4.850881
1567,2026-05-11 16:15:38.842422,1.2474508,0.29422447,0.8334633,-0.43417248,-0.67179906,-4.850881
1568,2026-05-11 16:15:38.845014,1.056403,0.16757075,0.7734598,-0.17913623,-0.5719226,-4.7332892
1569,2026-05-11 16:15:38.847879,1.056403,0.16757075,0.7734598,-0.17913623,-0.5719226,-4.7332892
1570,2026-05-11 16:15:38.850760,1.056403,0.16757075,0.7734598,-0.17913623,-0.5719226,-4.7332892
1571,2026-05-11 16:15:38.853332,1.056403,0.16757075,0.7734598,-0.17913623,-0.5719226,-4.7332892
1572,2026-05-11 16:15:38.856093,1.056403,0.16757075,0.7734598,-0.17913623,-0.5719226,-4.7332892
1573,2026-05-11 16:15:38.858663,1.056403,0.16757075,0.7734598,-0.17913623,-0.5719226,-4.7332892
1574,2026-05-11 16:15:38.861278,1.056403,0.16757075,0.7734598,-0.17913623,-0.5719226,-4.7332892
1575,2026-05-11 16:15:38.863945,1.056403,0.16757075,0.7734598,-0.17913623,-0.5719226,-4.7332892
1576,2026-05-11 16:15:38.867048,1.056403,0.16757075,0.7734598,-0.17913623,-0.5719226,-4.7332892
1577,2026-05-11 16:15:38.869699,0.82681656,0.023903834,0.6952235,-0.17913623,-0.5719226,-4.7332892
1578,2026-05-11 16:15:38.872301,0.82681656,0.023903834,0.6952235,-0.17913623,-0.5719226,-4.7332892
1579,2026-05-11 16:15:38.874985,0.82681656,0.023903834,0.6952235,0.0061086523,-0.40011674,-4.618447
1580,2026-05-11 16:15:38.877729,0.82681656,0.023903834,0.6952235,0.0061086523,-0.40011674,-4.618447
1581,2026-05-11 16:15:38.880343,0.6021083,-0.11043327,0.61314553,0.2501493,-0.10338894,-4.45107
1582,2026-05-11 16:15:38.883404,0.6021083,-0.11043327,0.61314553,0.2501493,-0.10338894,-4.45107
1583,2026-05-11 16:15:38.886116,0.6021083,-0.11043327,0.61314553,0.2501493,-0.10338894,-4.45107
1584,2026-05-11 16:15:38.888795,0.6021083,-0.11043327,0.61314553,0.2501493,-0.10338894,-4.45107
1585,2026-05-11 16:15:38.891499,0.6021083,-0.11043327,0.61314553,0.2501493,-0.10338894,-4.45107
1586,2026-05-11 16:15:38.894085,0.6021083,-0.11043327,0.61314553,0.2501493,-0.10338894,-4.45107
1587,2026-05-11 16:15:38.896744,0.6021083,-0.11043327,0.61314553,0.2501493,-0.10338894,-4.45107
1588,2026-05-11 16:15:38.899852,0.105493955,-0.28471172,0.37947336,1.014189,0.41798455,-3.82478
1589,2026-05-11 16:15:38.902689,0.105493955,-0.28471172,0.37947336,1.014189,0.41798455,-3.82478
1590,2026-05-11 16:15:38.905413,0.105493955,-0.28471172,0.37947336,1.014189,0.41798455,-3.82478
1591,2026-05-11 16:15:38.908003,0.105493955,-0.28471172,0.37947336,1.014189,0.41798455,-3.82478
1592,2026-05-11 16:15:38.910827,0.105493955,-0.28471172,0.37947336,1.014189,0.41798455,-3.82478
1593,2026-05-11 16:15:38.913510,0.105493955,-0.28471172,0.37947336,1.014189,0.41798455,-3.82478
1594,2026-05-11 16:15:38.916529,0.105493955,-0.28471172,0.37947336,1.014189,0.41798455,-3.82478
1595,2026-05-11 16:15:38.919391,0.105493955,-0.28471172,0.37947336,1.014189,0.41798455,-3.82478
1596,2026-05-11 16:15:38.921990,0.105493955,-0.28471172,0.37947336,1.014189,0.41798455,-3.82478
1597,2026-05-11 16:15:38.924808,0.105493955,-0.28471172,0.37947336,1.014189,0.41798455,-3.82478
1598,2026-05-11 16:15:38.927559,0.105493955,-0.28471172,0.37947336,1.014189,0.41798455,-3.82478
1599,2026-05-11 16:15:38.930245,-0.08591965,-0.35392308,0.22708642,1.4978416,0.3680463,-3.2876768
1600,2026-05-11 16:15:38.933243,-0.08591965,-0.35392308,0.22708642,1.4978416,0.3680463,-3.2876768
1601,2026-05-11 16:15:38.935930,-0.08591965,-0.35392308,0.22708642,1.4978416,0.3680463,-3.2876768
1602,2026-05-11 16:15:38.938532,-0.08591965,-0.35392308,0.22708642,1.4978416,0.3680463,-3.2876768
1603,2026-05-11 16:15:38.941161,-0.08591965,-0.35392308,0.22708642,1.4978416,0.3680463,-3.2876768
1604,2026-05-11 16:15:38.943759,-0.08591965,-0.35392308,0.22708642,1.4978416,0.3680463,-3.2876768
1605,2026-05-11 16:15:38.946541,-0.08591965,-0.35392308,0.22708642,1.4978416,0.3680463,-3.2876768
1606,2026-05-11 16:15:38.949348,-0.15110639,-0.41051176,0.1565945,1.4978416,0.3680463,-3.2876768
1607,2026-05-11 16:15:38.952681,-0.15110639,-0.41051176,0.1565945,1.4978416,0.3680463,-3.2876768
1608,2026-05-11 16:15:38.955603,-0.18312044,-0.4984437,0.10116444,1.7563903,0.24633141,-2.9523118
1609,2026-05-11 16:15:38.958224,-0.18312044,-0.4984437,0.10116444,1.7563903,0.24633141,-2.9523118
1610,2026-05-11 16:15:38.960839,-0.18312044,-0.4984437,0.10116444,1.7563903,0.24633141,-2.9523118
1611,2026-05-11 16:15:38.963545,-0.18312044,-0.4984437,0.10116444,1.7563903,0.24633141,-2.9523118
1612,2026-05-11 16:15:38.966368,-0.18312044,-0.4984437,0.10116444,1.7563903,0.24633141,-2.9523118
1613,2026-05-11 16:15:38.969813,-0.18312044,-0.4984437,0.10116444,2.0857995,0.0032070426,-2.5462391
1614,2026-05-11 16:15:38.972674,-0.18312044,-0.4984437,0.10116444,2.0857995,0.0032070426,-2.5462391
1615,2026-05-11 16:15:38.975290,-0.18312044,-0.4984437,0.10116444,2.0857995,0.0032070426,-2.5462391
1616,2026-05-11 16:15:38.977877,-0.18312044,-0.4984437,0.10116444,2.0857995,0.0032070426,-2.5462391
1617,2026-05-11 16:15:38.980580,-0.18312044,-0.4984437,0.10116444,2.0857995,0.0032070426,-2.5462391
1618,2026-05-11 16:15:38.983294,-0.18312044,-0.4984437,0.10116444,2.0857995,0.0032070426,-2.5462391
1619,2026-05-11 16:15:38.986847,-0.18312044,-0.4984437,0.10116444,2.0857995,0.0032070426,-2.5462391
1620,2026-05-11 16:15:38.989684,-0.18312044,-0.4984437,0.10116444,2.0857995,0.0032070426,-2.5462391
1621,2026-05-11 16:15:38.992407,-0.18312044,-0.4984437,0.10116444,2.0857995,0.0032070426,-2.5462391
1622,2026-05-11 16:15:38.995002,-0.18312044,-0.4984437,0.10116444,2.0857995,0.0032070426,-2.5462391
1623,2026-05-11 16:15:38.997597,-0.18312044,-0.4984437,0.10116444,2.0857995,0.0032070426,-2.5462391
1624,2026-05-11 16:15:39.000728,-0.18312044,-0.4984437,0.10116444,2.0857995,0.0032070426,-2.5462391
1625,2026-05-11 16:15:39.003616,-0.18312044,-0.4984437,0.10116444,2.0857995,0.0032070426,-2.5462391
1626,2026-05-11 16:15:39.006238,-0.18312044,-0.4984437,0.10116444,2.0857995,0.0032070426,-2.5462391
1627,2026-05-11 16:15:39.008838,-0.18312044,-0.4984437,0.10116444,2.0857995,0.0032070426,-2.5462391
1628,2026-05-11 16:15:39.011731,-0.18312044,-0.4984437,0.10116444,2.0857995,0.0032070426,-2.5462391
1629,2026-05-11 16:15:39.014335,-0.18312044,-0.4984437,0.10116444,2.0857995,0.0032070426,-2.5462391
1630,2026-05-11 16:15:39.017562,-0.18312044,-0.4984437,0.10116444,2.0857995,0.0032070426,-2.5462391
1631,2026-05-11 16:15:39.020372,-0.18312044,-0.4984437,0.10116444,2.0857995,0.0032070426,-2.5462391
1632,2026-05-11 16:15:39.023076,-0.18312044,-0.4984437,0.10116444,2.0857995,0.0032070426,-2.5462391
1633,2026-05-11 16:15:39.025791,-0.18312044,-0.4984437,0.10116444,2.0857995,0.0032070426,-2.5462391
1634,2026-05-11 16:15:39.028371,-0.18312044,-0.4984437,0.10116444,2.0857995,0.0032070426,-2.5462391
1635,2026-05-11 16:15:39.030931,-0.18312044,-0.4984437,0.10116444,2.0857995,0.0032070426,-2.5462391
1636,2026-05-11 16:15:39.034093,-0.18312044,-0.4984437,0.10116444,2.0857995,0.0032070426,-2.5462391
1637,2026-05-11 16:15:39.036844,-0.18312044,-0.4984437,0.10116444,2.0857995,0.0032070426,-2.5462391
1638,2026-05-11 16:15:39.039481,-0.18312044,-0.4984437,0.10116444,2.0857995,0.0032070426,-2.5462391
1639,2026-05-11 16:15:39.042231,-0.18312044,-0.4984437,0.10116444,2.0857995,0.0032070426,-2.5462391
1640,2026-05-11 16:15:39.044943,-0.14147167,-0.620463,0.039209604,2.0857995,0.0032070426,-2.5462391
1641,2026-05-11 16:15:39.047578,-0.14147167,-0.620463,0.039209604,2.447737,-0.35323283,-2.2024746
1642,2026-05-11 16:15:39.050566,-0.14147167,-0.620463,0.039209604,2.447737,-0.35323283,-2.2024746
1643,2026-05-11 16:15:39.053568,-0.14147167,-0.620463,0.039209604,2.447737,-0.35323283,-2.2024746
1644,2026-05-11 16:15:39.056230,-0.14147167,-0.620463,0.039209604,2.447737,-0.35323283,-2.2024746
1645,2026-05-11 16:15:39.058922,-0.14147167,-0.620463,0.039209604,2.447737,-0.35323283,-2.2024746
1646,2026-05-11 16:15:39.061522,-0.14147167,-0.620463,0.039209604,2.447737,-0.35323283,-2.2024746
1647,2026-05-11 16:15:39.064203,-0.14147167,-0.620463,0.039209604,2.447737,-0.35323283,-2.2024746
1648,2026-05-11 16:15:39.067264,-0.14147167,-0.620463,0.039209604,2.447737,-0.35323283,-2.2024746
1649,2026-05-11 16:15:39.069917,-0.14147167,-0.620463,0.039209604,2.447737,-0.35323283,-2.2024746
1650,2026-05-11 16:15:39.072490,-0.14147167,-0.620463,0.039209604,2.447737,-0.35323283,-2.2024746
1651,2026-05-11 16:15:39.075072,-0.14147167,-0.620463,0.039209604,2.447737,-0.35323283,-2.2024746
1652,2026-05-11 16:15:39.077980,-0.14147167,-0.620463,0.039209604,2.447737,-0.35323283,-2.2024746
1653,2026-05-11 16:15:39.080624,-0.14147167,-0.620463,0.039209604,2.447737,-0.35323283,-2.2024746
1654,2026-05-11 16:15:39.084118,-0.14147167,-0.620463,0.039209604,2.447737,-0.35323283,-2.2024746
1655,2026-05-11 16:15:39.086898,-0.14147167,-0.620463,0.039209604,2.447737,-0.35323283,-2.2024746
1656,2026-05-11 16:15:39.089705,-0.14147167,-0.620463,0.039209604,2.447737,-0.35323283,-2.2024746
1657,2026-05-11 16:15:39.092496,-0.14147167,-0.620463,0.039209604,2.447737,-0.35323283,-2.2024746
1658,2026-05-11 16:15:39.095099,-0.14147167,-0.620463,0.039209604,2.447737,-0.35323283,-2.2024746
1659,2026-05-11 16:15:39.097948,-0.14147167,-0.620463,0.039209604,2.6294694,-0.6417139,-2.0493002
1660,2026-05-11 16:15:39.100863,-0.08366342,-0.70674855,-0.025062438,2.6294694,-0.6417139,-2.0493002
1661,2026-05-11 16:15:39.103659,-0.08366342,-0.70674855,-0.025062438,2.6294694,-0.6417139,-2.0493002
1662,2026-05-11 16:15:39.106321,-0.08366342,-0.70674855,-0.025062438,2.6294694,-0.6417139,-2.0493002
1663,2026-05-11 16:15:39.109139,-0.08366342,-0.70674855,-0.025062438,2.6294694,-0.6417139,-2.0493002
1664,2026-05-11 16:15:39.111881,-0.08366342,-0.70674855,-0.025062438,2.6294694,-0.6417139,-2.0493002
1665,2026-05-11 16:15:39.114890,-0.08366342,-0.70674855,-0.025062438,2.6294694,-0.6417139,-2.0493002
1666,2026-05-11 16:15:39.117885,-0.08366342,-0.70674855,-0.025062438,2.6294694,-0.6417139,-2.0493002
1667,2026-05-11 16:15:39.120494,-0.08366342,-0.70674855,-0.025062438,2.6294694,-0.6417139,-2.0493002
1668,2026-05-11 16:15:39.123152,-0.08366342,-0.70674855,-0.025062438,2.6294694,-0.6417139,-2.0493002
1669,2026-05-11 16:15:39.125771,-0.08366342,-0.70674855,-0.025062438,2.6294694,-0.6417139,-2.0493002
1670,2026-05-11 16:15:39.128519,-0.08366342,-0.70674855,-0.025062438,2.814867,-1.272585,-2.018146
1671,2026-05-11 16:15:39.131282,-0.08366342,-0.70674855,-0.025062438,2.814867,-1.272585,-2.018146
1672,2026-05-11 16:15:39.134803,-0.08366342,-0.70674855,-0.025062438,2.814867,-1.272585,-2.018146
1673,2026-05-11 16:15:39.137512,-0.08366342,-0.70674855,-0.025062438,2.814867,-1.272585,-2.018146
1674,2026-05-11 16:15:39.140113,-0.08366342,-0.70674855,-0.025062438,2.814867,-1.272585,-2.018146
1675,2026-05-11 16:15:39.142937,0.026586918,-0.8705386,-0.21153674,2.814867,-1.272585,-2.018146
1676,2026-05-11 16:15:39.145727,0.026586918,-0.8705386,-0.21153674,2.814867,-1.272585,-2.018146
1677,2026-05-11 16:15:39.148573,0.026586918,-0.8705386,-0.21153674,2.814867,-1.272585,-2.018146
1678,2026-05-11 16:15:39.151695,0.026586918,-0.8705386,-0.21153674,2.814867,-1.272585,-2.018146
1679,2026-05-11 16:15:39.154453,0.026586918,-0.8705386,-0.21153674,2.814867,-1.272585,-2.018146
1680,2026-05-11 16:15:39.157226,0.026586918,-0.8705386,-0.21153674,2.814867,-1.272585,-2.018146
1681,2026-05-11 16:15:39.159924,0.026586918,-0.8705386,-0.21153674,2.814867,-1.272585,-2.018146
1682,2026-05-11 16:15:39.162616,0.026586918,-0.8705386,-0.21153674,2.814867,-1.272585,-2.018146
1683,2026-05-11 16:15:39.165563,0.026586918,-0.8705386,-0.21153674,2.814867,-1.272585,-2.018146
1684,2026-05-11 16:15:39.168504,0.026586918,-0.8705386,-0.21153674,2.814867,-1.272585,-2.018146
1685,2026-05-11 16:15:39.171121,0.026586918,-0.8705386,-0.21153674,2.814867,-1.272585,-2.018146
1686,2026-05-11 16:15:39.173746,0.026586918,-0.8705386,-0.21153674,2.814867,-1.272585,-2.018146
1687,2026-05-11 16:15:39.176342,0.026586918,-0.8705386,-0.21153674,2.814867,-1.272585,-2.018146
1688,2026-05-11 16:15:39.178912,0.026586918,-0.8705386,-0.21153674,2.814867,-1.272585,-2.018146
1689,2026-05-11 16:15:39.181978,0.026586918,-0.8705386,-0.21153674,2.814867,-1.272585,-2.018146
1690,2026-05-11 16:15:39.184692,0.026586918,-0.8705386,-0.21153674,2.814867,-1.272585,-2.018146
1691,2026-05-11 16:15:39.187299,0.026586918,-0.8705386,-0.21153674,2.814867,-1.272585,-2.018146
1692,2026-05-11 16:15:39.189968,0.026586918,-0.8705386,-0.21153674,2.5627325,-1.6097827,-2.3041837
1693,2026-05-11 16:15:39.192514,0.026586918,-0.8705386,-0.21153674,2.5627325,-1.6097827,-2.3041837
1694,2026-05-11 16:15:39.195349,0.026586918,-0.8705386,-0.21153674,2.5627325,-1.6097827,-2.3041837
1695,2026-05-11 16:15:39.198187,-0.04317325,-0.9827402,-0.40148684,2.5627325,-1.6097827,-2.3041837
1696,2026-05-11 16:15:39.201191,-0.04317325,-0.9827402,-0.40148684,2.5627325,-1.6097827,-2.3041837
1697,2026-05-11 16:15:39.204100,-0.04317325,-0.9827402,-0.40148684,2.5627325,-1.6097827,-2.3041837
1698,2026-05-11 16:15:39.206706,-0.04317325,-0.9827402,-0.40148684,2.5627325,-1.6097827,-2.3041837
1699,2026-05-11 16:15:39.209281,-0.04317325,-0.9827402,-0.40148684,2.5627325,-1.6097827,-2.3041837
1700,2026-05-11 16:15:39.212088,-0.04317325,-0.9827402,-0.40148684,2.5627325,-1.6097827,-2.3041837
1701,2026-05-11 16:15:39.214989,-0.49301654,-1.0898197,-0.60515726,1.1968378,-1.3497068,-2.2047653
1702,2026-05-11 16:15:39.218580,-0.49301654,-1.0898197,-0.60515726,1.1968378,-1.3497068,-2.2047653
1703,2026-05-11 16:15:39.221440,-0.49301654,-1.0898197,-0.60515726,1.1968378,-1.3497068,-2.2047653
1704,2026-05-11 16:15:39.224135,-0.49301654,-1.0898197,-0.60515726,1.1968378,-1.3497068,-2.2047653
1705,2026-05-11 16:15:39.226755,-0.49301654,-1.0898197,-0.60515726,1.1968378,-1.3497068,-2.2047653
1706,2026-05-11 16:15:39.229409,-0.49301654,-1.0898197,-0.60515726,1.1968378,-1.3497068,-2.2047653
1707,2026-05-11 16:15:39.232048,-0.49301654,-1.0898197,-0.60515726,1.1968378,-1.3497068,-2.2047653
1708,2026-05-11 16:15:39.235656,-0.49301654,-1.0898197,-0.60515726,1.1968378,-1.3497068,-2.2047653
1709,2026-05-11 16:15:39.238649,-0.5984496,-1.1178701,-0.5968641,1.1968378,-1.3497068,-2.2047653
1710,2026-05-11 16:15:39.241291,-0.5984496,-1.1178701,-0.5968641,1.1968378,-1.3497068,-2.2047653
1711,2026-05-11 16:15:39.243923,-0.5984496,-1.1178701,-0.5968641,1.1968378,-1.3497068,-2.2047653
1712,2026-05-11 16:15:39.246731,-0.5984496,-1.1178701,-0.5968641,1.1968378,-1.3497068,-2.2047653
1713,2026-05-11 16:15:39.249844,-0.5984496,-1.1178701,-0.5968641,1.1968378,-1.3497068,-2.2047653
1714,2026-05-11 16:15:39.252757,-0.7622396,-1.1492743,-0.4364889,0.5897904,-1.1438452,-1.9853121
1715,2026-05-11 16:15:39.255447,-0.7622396,-1.1492743,-0.4364889,-0.48991394,-0.6356053,-1.4162911
1716,2026-05-11 16:15:39.258176,-0.7622396,-1.1492743,-0.4364889,-0.48991394,-0.6356053,-1.4162911
1717,2026-05-11 16:15:39.260909,-0.7622396,-1.1492743,-0.4364889,-0.48991394,-0.6356053,-1.4162911
1718,2026-05-11 16:15:39.263481,-0.7622396,-1.1492743,-0.4364889,-0.48991394,-0.6356053,-1.4162911
1719,2026-05-11 16:15:39.266455,-0.7622396,-1.1492743,-0.4364889,-0.48991394,-0.6356053,-1.4162911
1720,2026-05-11 16:15:39.269260,-0.7622396,-1.1492743,-0.4364889,-0.48991394,-0.6356053,-1.4162911
1721,2026-05-11 16:15:39.271822,-0.7622396,-1.1492743,-0.4364889,-0.48991394,-0.6356053,-1.4162911
1722,2026-05-11 16:15:39.274404,-0.7622396,-1.1492743,-0.4364889,-0.48991394,-0.6356053,-1.4162911
1723,2026-05-11 16:15:39.277151,-0.7622396,-1.1492743,-0.4364889,-0.48991394,-0.6356053,-1.4162911
1724,2026-05-11 16:15:39.279725,-0.7622396,-1.1492743,-0.4364889,-0.48991394,-0.6356053,-1.4162911
1725,2026-05-11 16:15:39.282634,-0.7622396,-1.1492743,-0.4364889,-1.0922271,-0.18081611,-0.83291477
1726,2026-05-11 16:15:39.285849,-0.84267116,-1.138664,-0.27025968,-1.0922271,-0.18081611,-0.83291477
1727,2026-05-11 16:15:39.288697,-0.84267116,-1.138664,-0.27025968,-1.0922271,-0.18081611,-0.83291477
1728,2026-05-11 16:15:39.291426,-0.84267116,-1.138664,-0.27025968,-1.0922271,-0.18081611,-0.83291477
1729,2026-05-11 16:15:39.294331,-0.84267116,-1.138664,-0.27025968,-1.0922271,-0.18081611,-0.83291477
1730,2026-05-11 16:15:39.297163,-0.8498667,-1.0804288,-0.12409261,-1.4115568,0.24587326,-0.20143281
1731,2026-05-11 16:15:39.299989,-0.8498667,-1.0804288,-0.12409261,-1.4115568,0.24587326,-0.20143281
1732,2026-05-11 16:15:39.303439,-0.8498667,-1.0804288,-0.12409261,-1.4115568,0.24587326,-0.20143281
1733,2026-05-11 16:15:39.306180,-0.8498667,-1.0804288,-0.12409261,-1.4115568,0.24587326,-0.20143281
1734,2026-05-11 16:15:39.308839,-0.8498667,-1.0804288,-0.12409261,-1.4115568,0.24587326,-0.20143281
1735,2026-05-11 16:15:39.311609,-0.79108274,-1.0064002,-0.038904708,-1.4115568,0.24587326,-0.20143281
1736,2026-05-11 16:15:39.314197,-0.79108274,-1.0064002,-0.038904708,-1.4115568,0.24587326,-0.20143281
1737,2026-05-11 16:15:39.317156,-0.79108274,-1.0064002,-0.038904708,-1.4115568,0.24587326,-0.20143281
1738,2026-05-11 16:15:39.319972,-0.79108274,-1.0064002,-0.038904708,-1.4860824,0.58016926,0.37232238
1739,2026-05-11 16:15:39.322687,-0.79108274,-1.0064002,-0.038904708,-1.4860824,0.58016926,0.37232238
1740,2026-05-11 16:15:39.325388,-0.79108274,-1.0064002,-0.038904708,-1.4860824,0.58016926,0.37232238
1741,2026-05-11 16:15:39.328005,-0.79108274,-1.0064002,-0.038904708,-1.4860824,0.58016926,0.37232238
1742,2026-05-11 16:15:39.330608,-0.79108274,-1.0064002,-0.038904708,-1.4860824,0.58016926,0.37232238
1743,2026-05-11 16:15:39.333474,-0.79108274,-1.0064002,-0.038904708,-1.4860824,0.58016926,0.37232238
1744,2026-05-11 16:15:39.336259,-0.79108274,-1.0064002,-0.038904708,-1.4860824,0.58016926,0.37232238
1745,2026-05-11 16:15:39.338995,-0.79108274,-1.0064002,-0.038904708,-1.4860824,0.58016926,0.37232238
1746,2026-05-11 16:15:39.341572,-0.79108274,-1.0064002,-0.038904708,-1.4860824,0.58016926,0.37232238
1747,2026-05-11 16:15:39.344261,-0.79108274,-1.0064002,-0.038904708,-1.4860824,0.58016926,0.37232238
1748,2026-05-11 16:15:39.346885,-0.79108274,-1.0064002,-0.038904708,-1.4860824,0.58016926,0.37232238
1749,2026-05-11 16:15:39.349804,-0.708212,-0.9338349,-0.004817354,-1.4860824,0.58016926,0.37232238
1750,2026-05-11 16:15:39.353331,-0.708212,-0.9338349,-0.004817354,-1.4860824,0.58016926,0.37232238
1751,2026-05-11 16:15:39.356094,-0.708212,-0.9338349,-0.004817354,-1.4860824,0.58016926,0.37232238
1752,2026-05-11 16:15:39.358926,-0.6697952,-0.8480373,0.022379354,-1.4511104,0.70616025,0.6433938
1753,2026-05-11 16:15:39.361633,-0.6697952,-0.8480373,0.022379354,-1.4511104,0.70616025,0.6433938
1754,2026-05-11 16:15:39.364233,-0.6697952,-0.8480373,0.022379354,-1.4511104,0.70616025,0.6433938
1755,2026-05-11 16:15:39.367201,-0.6697952,-0.8480373,0.022379354,-1.4511104,0.70616025,0.6433938
1756,2026-05-11 16:15:39.370671,-0.6697952,-0.8480373,0.022379354,-1.2770138,0.869414,1.1136073
1757,2026-05-11 16:15:39.373378,-0.6697952,-0.8480373,0.022379354,-1.2770138,0.869414,1.1136073
1758,2026-05-11 16:15:39.375959,-0.6697952,-0.8480373,0.022379354,-1.2770138,0.869414,1.1136073
1759,2026-05-11 16:15:39.378831,-0.6697952,-0.8480373,0.022379354,-1.1911873,0.8764389,1.2892311
1760,2026-05-11 16:15:39.381622,-0.6697952,-0.8480373,0.022379354,-1.1911873,0.8764389,1.2892311
1761,2026-05-11 16:15:39.384732,-0.6541845,-0.8207796,0.03225798,-1.1911873,0.8764389,1.2892311
1762,2026-05-11 16:15:39.387648,-0.6541845,-0.8207796,0.03225798,-1.1911873,0.8764389,1.2892311
1763,2026-05-11 16:15:39.390368,-0.6541845,-0.8207796,0.03225798,-1.1911873,0.8764389,1.2892311
1764,2026-05-11 16:15:39.393080,-0.6541845,-0.8207796,0.03225798,-1.1911873,0.8764389,1.2892311
1765,2026-05-11 16:15:39.395755,-0.6541845,-0.8207796,0.03225798,-1.1911873,0.8764389,1.2892311
1766,2026-05-11 16:15:39.399002,-0.6541845,-0.8207796,0.03225798,-1.1911873,0.8764389,1.2892311
1767,2026-05-11 16:15:39.401922,-0.5698503,-0.7112,0.028477272,-1.1911873,0.8764389,1.2892311
1768,2026-05-11 16:15:39.404624,-0.5698503,-0.7112,0.028477272,-1.1911873,0.8764389,1.2892311
1769,2026-05-11 16:15:39.407353,-0.5698503,-0.7112,0.028477272,-1.1911873,0.8764389,1.2892311
1770,2026-05-11 16:15:39.410155,-0.5698503,-0.7112,0.028477272,-0.70157874,0.61193424,2.0734293
1771,2026-05-11 16:15:39.412799,-0.5698503,-0.7112,0.028477272,-0.70157874,0.61193424,2.0734293
1772,2026-05-11 16:15:39.415944,-0.5698503,-0.7112,0.028477272,-0.70157874,0.61193424,2.0734293
1773,2026-05-11 16:15:39.418868,-0.5698503,-0.7112,0.028477272,-0.70157874,0.61193424,2.0734293
1774,2026-05-11 16:15:39.421660,-0.5698503,-0.7112,0.028477272,-0.48747048,0.3297145,2.5109615
1775,2026-05-11 16:15:39.424329,-0.5698503,-0.7112,0.028477272,-0.48747048,0.3297145,2.5109615
1776,2026-05-11 16:15:39.426936,-0.5698503,-0.7112,0.028477272,-0.48747048,0.3297145,2.5109615
1777,2026-05-11 16:15:39.429807,-0.5698503,-0.7112,0.028477272,-0.48747048,0.3297145,2.5109615
1778,2026-05-11 16:15:39.432875,-0.5189937,-0.6583921,-0.023294043,-0.3817908,0.03756821,3.022103
1779,2026-05-11 16:15:39.435584,-0.5189937,-0.6583921,-0.023294043,-0.3817908,0.03756821,3.022103
1780,2026-05-11 16:15:39.438283,-0.5189937,-0.6583921,-0.023294043,-0.3817908,0.03756821,3.022103
1781,2026-05-11 16:15:39.440975,-0.5189937,-0.6583921,-0.023294043,-0.3817908,0.03756821,3.022103
1782,2026-05-11 16:15:39.443779,-0.110006414,-0.5196035,-0.08994427,-0.3817908,0.03756821,3.022103
1783,2026-05-11 16:15:39.446392,-0.110006414,-0.5196035,-0.08994427,-0.3817908,0.03756821,3.022103
1784,2026-05-11 16:15:39.449470,-0.110006414,-0.5196035,-0.08994427,-0.3817908,0.03756821,3.022103
1785,2026-05-11 16:15:39.452263,-0.110006414,-0.5196035,-0.08994427,-0.4990769,-0.2237294,4.0517163
1786,2026-05-11 16:15:39.454965,-0.110006414,-0.5196035,-0.08994427,-0.4990769,-0.2237294,4.0517163
1787,2026-05-11 16:15:39.457570,-0.110006414,-0.5196035,-0.08994427,-0.4990769,-0.2237294,4.0517163
1788,2026-05-11 16:15:39.460516,-0.110006414,-0.5196035,-0.08994427,-0.4990769,-0.2237294,4.0517163
1789,2026-05-11 16:15:39.463118,-0.110006414,-0.5196035,-0.08994427,-0.4990769,-0.2237294,4.0517163
1790,2026-05-11 16:15:39.466214,-0.110006414,-0.5196035,-0.08994427,-0.4990769,-0.2237294,4.0517163
1791,2026-05-11 16:15:39.469066,-0.110006414,-0.5196035,-0.08994427,-0.4990769,-0.2237294,4.0517163
1792,2026-05-11 16:15:39.471739,-0.049027253,-0.503444,-0.08817588,-0.4990769,-0.2237294,4.0517163
1793,2026-05-11 16:15:39.474359,-0.049027253,-0.503444,-0.08817588,-0.4990769,-0.2237294,4.0517163
1794,2026-05-11 16:15:39.477136,-0.049027253,-0.503444,-0.08817588,-0.54519725,-0.22128594,4.2068763
1795,2026-05-11 16:15:39.479813,-0.049027253,-0.503444,-0.08817588,-0.54519725,-0.22128594,4.2068763
1796,2026-05-11 16:15:39.482857,0.38374192,-0.3609357,-0.07488242,-0.54519725,-0.22128594,4.2068763
1797,2026-05-11 16:15:39.485816,0.38374192,-0.3609357,-0.07488242,-0.54519725,-0.22128594,4.2068763
1798,2026-05-11 16:15:39.488542,0.38374192,-0.3609357,-0.07488242,-0.54519725,-0.22128594,4.2068763
1799,2026-05-11 16:15:39.491221,0.38374192,-0.3609357,-0.07488242,-0.54519725,-0.22128594,4.2068763
1800,2026-05-11 16:15:39.493871,0.38374192,-0.3609357,-0.07488242,-0.54519725,-0.22128594,4.2068763
1801,2026-05-11 16:15:39.496434,0.38374192,-0.3609357,-0.07488242,-0.54519725,-0.22128594,4.2068763
1802,2026-05-11 16:15:39.499474,0.38374192,-0.3609357,-0.07488242,-0.54519725,-0.22128594,4.2068763
1803,2026-05-11 16:15:39.502203,0.38374192,-0.3609357,-0.07488242,-0.54519725,-0.22128594,4.2068763
1804,2026-05-11 16:15:39.504761,0.38374192,-0.3609357,-0.07488242,-0.54519725,-0.22128594,4.2068763
1805,2026-05-11 16:15:39.507326,0.38374192,-0.3609357,-0.07488242,-0.54519725,-0.22128594,4.2068763
1806,2026-05-11 16:15:39.510126,0.38374192,-0.3609357,-0.07488242,-0.54519725,-0.22128594,4.2068763
1807,2026-05-11 16:15:39.512708,0.38374192,-0.3609357,-0.07488242,-0.54519725,-0.22128594,4.2068763
1808,2026-05-11 16:15:39.516280,0.38374192,-0.3609357,-0.07488242,-0.54519725,-0.22128594,4.2068763
1809,2026-05-11 16:15:39.519129,0.38374192,-0.3609357,-0.07488242,-0.54519725,-0.22128594,4.2068763
1810,2026-05-11 16:15:39.521862,0.38374192,-0.3609357,-0.07488242,-0.54519725,-0.22128594,4.2068763
1811,2026-05-11 16:15:39.524454,0.38374192,-0.3609357,-0.07488242,-0.54519725,-0.22128594,4.2068763
1812,2026-05-11 16:15:39.527285,0.38374192,-0.3609357,-0.07488242,-0.54519725,-0.22128594,4.2068763
1813,2026-05-11 16:15:39.529877,0.38374192,-0.3609357,-0.07488242,-0.54519725,-0.22128594,4.2068763
1814,2026-05-11 16:15:39.532849,0.38374192,-0.3609357,-0.07488242,-1.0192287,0.23732115,5.2517614
1815,2026-05-11 16:15:39.535675,0.38374192,-0.3609357,-0.07488242,-1.0192287,0.23732115,5.2517614
1816,2026-05-11 16:15:39.538311,0.38374192,-0.3609357,-0.07488242,-1.0192287,0.23732115,5.2517614
1817,2026-05-11 16:15:39.540885,0.38374192,-0.3609357,-0.07488242,-1.0192287,0.23732115,5.2517614
1818,2026-05-11 16:15:39.543599,0.38374192,-0.3609357,-0.07488242,-1.0192287,0.23732115,5.2517614
1819,2026-05-11 16:15:39.546173,0.38374192,-0.3609357,-0.07488242,-1.0192287,0.23732115,5.2517614
1820,2026-05-11 16:15:39.549250,0.38374192,-0.3609357,-0.07488242,-1.0192287,0.23732115,5.2517614
1821,2026-05-11 16:15:39.552011,0.38374192,-0.3609357,-0.07488242,-1.0192287,0.23732115,5.2517614
1822,2026-05-11 16:15:39.554583,0.38374192,-0.3609357,-0.07488242,-1.0192287,0.23732115,5.2517614
1823,2026-05-11 16:15:39.557461,0.72918886,-0.2054998,-0.097871564,-1.0192287,0.23732115,5.2517614
1824,2026-05-11 16:15:39.560227,0.72918886,-0.2054998,-0.097871564,-1.0192287,0.23732115,5.2517614
1825,2026-05-11 16:15:39.562864,0.72918886,-0.2054998,-0.097871564,-1.0192287,0.23732115,5.2517614
1826,2026-05-11 16:15:39.565770,0.72918886,-0.2054998,-0.097871564,-1.0192287,0.23732115,5.2517614
1827,2026-05-11 16:15:39.568628,0.72918886,-0.2054998,-0.097871564,-1.0192287,0.23732115,5.2517614
1828,2026-05-11 16:15:39.571430,0.72918886,-0.2054998,-0.097871564,-1.0192287,0.23732115,5.2517614
1829,2026-05-11 16:15:39.574022,0.72918886,-0.2054998,-0.097871564,-1.0192287,0.23732115,5.2517614
1830,2026-05-11 16:15:39.576652,0.72918886,-0.2054998,-0.097871564,-1.0192287,0.23732115,5.2517614
1831,2026-05-11 16:15:39.579233,0.72918886,-0.2054998,-0.097871564,-1.0192287,0.23732115,5.2517614
1832,2026-05-11 16:15:39.582068,0.72918886,-0.2054998,-0.097871564,-1.5166256,0.79244494,5.995948
1833,2026-05-11 16:15:39.585278,0.72918886,-0.2054998,-0.097871564,-1.5166256,0.79244494,5.995948
1834,2026-05-11 16:15:39.588033,0.72918886,-0.2054998,-0.097871564,-1.5166256,0.79244494,5.995948
1835,2026-05-11 16:15:39.590661,0.72918886,-0.2054998,-0.097871564,-1.5166256,0.79244494,5.995948
1836,2026-05-11 16:15:39.593598,0.72918886,-0.2054998,-0.097871564,-1.5166256,0.79244494,5.995948
1837,2026-05-11 16:15:39.596284,0.72918886,-0.2054998,-0.097871564,-1.5166256,0.79244494,5.995948
1838,2026-05-11 16:15:39.599345,1.1092111,-0.11433593,-0.080065645,-1.5166256,0.79244494,5.995948
1839,2026-05-11 16:15:39.602241,1.1092111,-0.11433593,-0.080065645,-1.5166256,0.79244494,5.995948
1840,2026-05-11 16:15:39.604887,1.1092111,-0.11433593,-0.080065645,-1.5166256,0.79244494,5.995948
1841,2026-05-11 16:15:39.607496,1.1092111,-0.11433593,-0.080065645,-1.5166256,0.79244494,5.995948
1842,2026-05-11 16:15:39.610098,1.1092111,-0.11433593,-0.080065645,-1.5166256,0.79244494,5.995948
1843,2026-05-11 16:15:39.612845,1.1092111,-0.11433593,-0.080065645,-1.5166256,0.79244494,5.995948
1844,2026-05-11 16:15:39.615829,1.1092111,-0.11433593,-0.080065645,-1.5166256,0.79244494,5.995948
1845,2026-05-11 16:15:39.618963,1.1092111,-0.11433593,-0.080065645,-1.5166256,0.79244494,5.995948
1846,2026-05-11 16:15:39.621637,1.1092111,-0.11433593,-0.080065645,-1.5166256,0.79244494,5.995948
1847,2026-05-11 16:15:39.624258,1.1092111,-0.11433593,-0.080065645,-1.5166256,0.79244494,5.995948
1848,2026-05-11 16:15:39.627168,1.1092111,-0.11433593,-0.080065645,-1.9704986,1.0884092,6.5274005
1849,2026-05-11 16:15:39.629753,1.1092111,-0.11433593,-0.080065645,-1.9704986,1.0884092,6.5274005
1850,2026-05-11 16:15:39.632706,1.1092111,-0.11433593,-0.080065645,-1.9704986,1.0884092,6.5274005
1851,2026-05-11 16:15:39.635465,1.1092111,-0.11433593,-0.080065645,-1.9704986,1.0884092,6.5274005
1852,2026-05-11 16:15:39.638162,1.1092111,-0.11433593,-0.080065645,-1.9704986,1.0884092,6.5274005
1853,2026-05-11 16:15:39.640730,1.1092111,-0.11433593,-0.080065645,-1.9704986,1.0884092,6.5274005
1854,2026-05-11 16:15:39.643447,1.1092111,-0.11433593,-0.080065645,-1.9704986,1.0884092,6.5274005
1855,2026-05-11 16:15:39.646006,1.1092111,-0.11433593,-0.080065645,-1.9704986,1.0884092,6.5274005
1856,2026-05-11 16:15:39.649001,1.9181608,0.21653701,0.32568973,-2.2026274,0.88193667,6.973943
1857,2026-05-11 16:15:39.651794,1.9181608,0.21653701,0.32568973,-2.2026274,0.88193667,6.973943
1858,2026-05-11 16:15:39.654428,1.9181608,0.21653701,0.32568973,-2.2026274,0.88193667,6.973943
1859,2026-05-11 16:15:39.657184,1.9181608,0.21653701,0.32568973,-2.2026274,0.88193667,6.973943
1860,2026-05-11 16:15:39.660059,2.3977618,0.5202743,0.7174199,-1.6927075,0.39690968,6.926601
1861,2026-05-11 16:15:39.662692,2.3977618,0.5202743,0.7174199,-1.6927075,0.39690968,6.926601
1862,2026-05-11 16:15:39.665577,2.3977618,0.5202743,0.7174199,-1.6927075,0.39690968,6.926601
1863,2026-05-11 16:15:39.668708,2.3977618,0.5202743,0.7174199,-1.6927075,0.39690968,6.926601
1864,2026-05-11 16:15:39.671398,2.3977618,0.5202743,0.7174199,-1.6927075,0.39690968,6.926601
1865,2026-05-11 16:15:39.674236,2.3977618,0.5202743,0.7174199,-1.6927075,0.39690968,6.926601
1866,2026-05-11 16:15:39.676960,2.3977618,0.5202743,0.7174199,-0.47112983,-0.3379612,6.6005516
1867,2026-05-11 16:15:39.679627,2.3977618,0.5202743,0.7174199,-0.47112983,-0.3379612,6.6005516
1868,2026-05-11 16:15:39.682882,2.7616856,0.8849297,0.8990159,-0.47112983,-0.3379612,6.6005516
1869,2026-05-11 16:15:39.685866,2.7616856,0.8849297,0.8990159,0.5158757,-0.56214875,6.231131
1870,2026-05-11 16:15:39.688464,2.7616856,0.8849297,0.8990159,0.5158757,-0.56214875,6.231131
1871,2026-05-11 16:15:39.691046,2.7616856,0.8849297,0.8990159,0.5158757,-0.56214875,6.231131
1872,2026-05-11 16:15:39.693853,2.7616856,0.8849297,0.8990159,0.5158757,-0.56214875,6.231131
1873,2026-05-11 16:15:39.696453,2.7616856,0.8849297,0.8990159,0.5158757,-0.56214875,6.231131
1874,2026-05-11 16:15:39.699452,2.7405868,1.0346946,0.48551616,0.5158757,-0.56214875,6.231131
1875,2026-05-11 16:15:39.702336,2.7405868,1.0346946,0.48551616,0.5158757,-0.56214875,6.231131
1876,2026-05-11 16:15:39.705218,2.5972857,1.068538,-0.033965394,0.5158757,-0.56214875,6.231131
1877,2026-05-11 16:15:39.707930,2.3812973,1.0458537,-0.5197864,0.5158757,-0.56214875,6.231131
1878,2026-05-11 16:15:39.710543,2.3812973,1.0458537,-0.5197864,0.5158757,-0.56214875,6.231131
1879,2026-05-11 16:15:39.713260,2.3812973,1.0458537,-0.5197864,0.5158757,-0.56214875,6.231131
1880,2026-05-11 16:15:39.716276,2.3755655,1.033353,-0.37965629,-0.3996586,0.37598756,6.310696
1881,2026-05-11 16:15:39.719089,2.3755655,1.033353,-0.37965629,-0.3996586,0.37598756,6.310696
1882,2026-05-11 16:15:39.721781,2.3755655,1.033353,-0.37965629,-1.7768543,0.56214875,6.708675
1883,2026-05-11 16:15:39.724372,2.3755655,1.033353,-0.37965629,-1.7768543,0.56214875,6.708675
1884,2026-05-11 16:15:39.727251,2.7498555,1.0524395,0.25385627,-2.109165,-0.30833423,6.550461
1885,2026-05-11 16:15:39.729904,3.1306703,1.1137846,0.81004727,-2.109165,-0.30833423,6.550461
1886,2026-05-11 16:15:39.732898,3.1306703,1.1137846,0.81004727,-2.109165,-0.30833423,6.550461
1887,2026-05-11 16:15:39.735822,3.1251214,1.4039234,1.2417188,0.77289724,-0.65500027,4.6627345
1888,2026-05-11 16:15:39.738600,3.1251214,1.4039234,1.2417188,0.77289724,-0.65500027,4.6627345
1889,2026-05-11 16:15:39.741289,3.1251214,1.4039234,1.2417188,0.77289724,-0.65500027,4.6627345
1890,2026-05-11 16:15:39.744040,3.1251214,1.4039234,1.2417188,0.77289724,-0.65500027,4.6627345
1891,2026-05-11 16:15:39.746781,3.1251214,1.4039234,1.2417188,1.772731,-0.44822237,3.8270707
1892,2026-05-11 16:15:39.749870,3.1251214,1.4039234,1.2417188,1.772731,-0.44822237,3.8270707
1893,2026-05-11 16:15:39.752673,2.8768752,1.5319797,0.9377376,1.772731,-0.44822237,3.8270707
1894,2026-05-11 16:15:39.755444,2.8768752,1.5319797,0.9377376,1.772731,-0.44822237,3.8270707
1895,2026-05-11 16:15:39.758131,2.8768752,1.5319797,0.9377376,1.772731,-0.44822237,3.8270707
1896,2026-05-11 16:15:39.760892,2.8768752,1.5319797,0.9377376,1.772731,-0.44822237,3.8270707
1897,2026-05-11 16:15:39.763475,2.8768752,1.5319797,0.9377376,1.772731,-0.44822237,3.8270707
1898,2026-05-11 16:15:39.766376,2.8768752,1.5319797,0.9377376,1.772731,-0.44822237,3.8270707
1899,2026-05-11 16:15:39.769194,2.8768752,1.5319797,0.9377376,1.772731,-0.44822237,3.8270707
1900,2026-05-11 16:15:39.771789,2.8768752,1.5319797,0.9377376,1.772731,-0.44822237,3.8270707
1901,2026-05-11 16:15:39.774361,2.8768752,1.5319797,0.9377376,1.772731,-0.44822237,3.8270707
1902,2026-05-11 16:15:39.777128,2.8768752,1.5319797,0.9377376,1.772731,-0.44822237,3.8270707
1903,2026-05-11 16:15:39.779752,2.8768752,1.5319797,0.9377376,1.772731,-0.44822237,3.8270707
1904,2026-05-11 16:15:39.782849,2.8768752,1.5319797,0.9377376,1.772731,-0.44822237,3.8270707
1905,2026-05-11 16:15:39.785709,2.8768752,1.5319797,0.9377376,1.772731,-0.44822237,3.8270707
1906,2026-05-11 16:15:39.788334,2.8768752,1.5319797,0.9377376,1.772731,-0.44822237,3.8270707
1907,2026-05-11 16:15:39.791202,2.8768752,1.5319797,0.9377376,1.9478966,-0.15577064,3.2925637
1908,2026-05-11 16:15:39.793933,2.8768752,1.5319797,0.9377376,1.9478966,-0.15577064,3.2925637
1909,2026-05-11 16:15:39.796581,2.2605588,1.817545,0.017318083,1.9478966,-0.15577064,3.2925637
1910,2026-05-11 16:15:39.799719,2.2605588,1.817545,0.017318083,1.9478966,-0.15577064,3.2925637
1911,2026-05-11 16:15:39.802579,2.2605588,1.817545,0.017318083,1.9478966,-0.15577064,3.2925637
1912,2026-05-11 16:15:39.805172,2.2605588,1.817545,0.017318083,1.9478966,-0.15577064,3.2925637
1913,2026-05-11 16:15:39.807756,2.2605588,1.817545,0.017318083,1.9478966,-0.15577064,3.2925637
1914,2026-05-11 16:15:39.810452,2.2605588,1.817545,0.017318083,1.9478966,-0.15577064,3.2925637
1915,2026-05-11 16:15:39.813019,2.2605588,1.817545,0.017318083,1.9478966,-0.15577064,3.2925637
1916,2026-05-11 16:15:39.816047,2.2605588,1.817545,0.017318083,1.9478966,-0.15577064,3.2925637
1917,2026-05-11 16:15:39.818800,2.2605588,1.817545,0.017318083,1.9478966,-0.15577064,3.2925637
1918,2026-05-11 16:15:39.821417,2.2605588,1.817545,0.017318083,1.9478966,-0.15577064,3.2925637
1919,2026-05-11 16:15:39.824106,2.2605588,1.817545,0.017318083,1.9478966,-0.15577064,3.2925637
1920,2026-05-11 16:15:39.826700,2.2605588,1.817545,0.017318083,1.9478966,-0.15577064,3.2925637
1921,2026-05-11 16:15:39.829619,2.119819,1.9139531,-0.34373957,1.9478966,-0.15577064,3.2925637
1922,2026-05-11 16:15:39.832758,2.119819,1.9139531,-0.34373957,1.074512,0.22953261,2.8890872
1923,2026-05-11 16:15:39.835716,2.119819,1.9139531,-0.34373957,1.074512,0.22953261,2.8890872
1924,2026-05-11 16:15:39.838440,2.119819,1.9139531,-0.34373957,1.074512,0.22953261,2.8890872
1925,2026-05-11 16:15:39.841087,2.119819,1.9139531,-0.34373957,1.074512,0.22953261,2.8890872
1926,2026-05-11 16:15:39.843853,2.119819,1.9139531,-0.34373957,1.074512,0.22953261,2.8890872
1927,2026-05-11 16:15:39.846499,2.119819,1.9139531,-0.34373957,1.074512,0.22953261,2.8890872
1928,2026-05-11 16:15:39.849644,2.1587236,1.9717613,-0.29861498,1.074512,0.22953261,2.8890872
1929,2026-05-11 16:15:39.852556,2.1587236,1.9717613,-0.29861498,1.074512,0.22953261,2.8890872
1930,2026-05-11 16:15:39.855175,2.1587236,1.9717613,-0.29861498,1.074512,0.22953261,2.8890872
1931,2026-05-11 16:15:39.857862,2.1587236,1.9717613,-0.29861498,1.074512,0.22953261,2.8890872
1932,2026-05-11 16:15:39.883416,1.8232162,0.9966435,-0.17354672,-0.06704246,-1.0772609,-3.7565157
1933,2026-05-11 16:15:39.887213,1.8232162,0.9966435,-0.17354672,-0.06704246,-1.0772609,-3.7565157
1934,2026-05-11 16:15:39.894985,1.8232162,0.9966435,-0.17354672,-0.06704246,-1.0772609,-3.7565157
1935,2026-05-11 16:15:39.898566,2.0304844,0.9374937,-0.08622454,-0.06704246,-1.0772609,-3.7565157
1936,2026-05-11 16:15:39.901732,2.0304844,0.9374937,-0.08622454,-0.06704246,-1.0772609,-3.7565157
1937,2026-05-11 16:15:39.904453,2.0304844,0.9374937,-0.08622454,-0.06704246,-1.0772609,-3.7565157
1938,2026-05-11 16:15:39.907168,2.0304844,0.9374937,-0.08622454,-0.06704246,-1.0772609,-3.7565157
1939,2026-05-11 16:15:39.909928,2.0304844,0.9374937,-0.08622454,-0.06704246,-1.0772609,-3.7565157
1940,2026-05-11 16:15:39.912524,2.0304844,0.9374937,-0.08622454,-0.06704246,-1.0772609,-3.7565157
1941,2026-05-11 16:15:39.915514,2.0304844,0.9374937,-0.08622454,-0.6256787,-0.85139346,-4.090201
1942,2026-05-11 16:15:39.918470,2.2104337,0.94078666,0.16183871,-0.86742866,-0.6407976,-4.377155
1943,2026-05-11 16:15:39.921087,2.2104337,0.94078666,0.16183871,-0.86742866,-0.6407976,-4.377155
1944,2026-05-11 16:15:39.923901,2.2104337,0.94078666,0.16183871,-0.86742866,-0.6407976,-4.377155
1945,2026-05-11 16:15:39.926917,2.2104337,0.94078666,0.16183871,-0.84589565,-0.4738787,-4.8127017
1946,2026-05-11 16:15:39.929660,2.2406185,0.96609294,0.39423034,-0.84589565,-0.4738787,-4.8127017
1947,2026-05-11 16:15:39.932783,2.2406185,0.96609294,0.39423034,-0.84589565,-0.4738787,-4.8127017
1948,2026-05-11 16:15:39.935531,2.2406185,0.96609294,0.39423034,-0.84589565,-0.4738787,-4.8127017
1949,2026-05-11 16:15:39.938133,2.2406185,0.96609294,0.39423034,-0.84589565,-0.4738787,-4.8127017
1950,2026-05-11 16:15:39.940931,2.2406185,0.96609294,0.39423034,-0.84589565,-0.4738787,-4.8127017
1951,2026-05-11 16:15:39.943569,2.2406185,0.96609294,0.39423034,-0.84589565,-0.4738787,-4.8127017
1952,2026-05-11 16:15:39.946172,2.2406185,0.96609294,0.39423034,-0.84589565,-0.4738787,-4.8127017
1953,2026-05-11 16:15:39.949212,2.2406185,0.96609294,0.39423034,-0.6536258,-0.41538838,-5.16792
1954,2026-05-11 16:15:39.952140,2.2406185,0.96609294,0.39423034,-0.6536258,-0.41538838,-5.16792
1955,2026-05-11 16:15:39.954773,2.2406185,0.96609294,0.39423034,-0.6536258,-0.41538838,-5.16792
1956,2026-05-11 16:15:39.957653,1.8759022,1.0034732,0.48149154,-0.6093381,-0.4361578,-5.210986
1957,2026-05-11 16:15:39.960299,1.8759022,1.0034732,0.48149154,-0.86315256,-0.5914703,-4.788267
1958,2026-05-11 16:15:39.962954,1.8759022,1.0034732,0.48149154,-0.86315256,-0.5914703,-4.788267
1959,2026-05-11 16:15:39.966277,1.6077157,0.9460917,0.42526874,-1.0022771,-0.62858033,-4.5147524
1960,2026-05-11 16:15:39.969251,1.645035,0.8630382,0.53667766,-1.0022771,-0.62858033,-4.5147524
1961,2026-05-11 16:15:39.971925,1.645035,0.8630382,0.53667766,-1.0022771,-0.62858033,-4.5147524
1962,2026-05-11 16:15:39.974802,1.8220576,0.5705211,0.87108743,-0.5487097,-0.87796605,-4.3348527
1963,2026-05-11 16:15:39.977571,1.8220576,0.5705211,0.87108743,-0.5487097,-0.87796605,-4.3348527
1964,2026-05-11 16:15:39.980217,1.8220576,0.5705211,0.87108743,-0.5487097,-0.87796605,-4.3348527
1965,2026-05-11 16:15:39.983295,1.8220576,0.5705211,0.87108743,-0.5487097,-0.87796605,-4.3348527
1966,2026-05-11 16:15:39.986017,1.8220576,0.5705211,0.87108743,-0.5487097,-0.87796605,-4.3348527
1967,2026-05-11 16:15:39.988652,1.8220576,0.5705211,0.87108743,-0.5487097,-0.87796605,-4.3348527
1968,2026-05-11 16:15:39.991370,1.8220576,0.5705211,0.87108743,-0.5487097,-0.87796605,-4.3348527
1969,2026-05-11 16:15:39.994059,1.8220576,0.5705211,0.87108743,-0.5487097,-0.87796605,-4.3348527
1970,2026-05-11 16:15:39.996750,1.621985,0.25099024,0.74187255,0.32986724,-1.0398453,-4.550793
1971,2026-05-11 16:15:39.999881,1.621985,0.25099024,0.74187255,0.32986724,-1.0398453,-4.550793
1972,2026-05-11 16:15:40.002612,1.621985,0.25099024,0.74187255,0.32986724,-1.0398453,-4.550793
1973,2026-05-11 16:15:40.005242,1.5498465,0.18476687,0.7102244,0.54183745,-1.014189,-4.6572366
1974,2026-05-11 16:15:40.008021,1.5498465,0.18476687,0.7102244,0.54183745,-1.014189,-4.6572366
1975,2026-05-11 16:15:40.010776,1.5498465,0.18476687,0.7102244,0.54183745,-1.014189,-4.6572366
1976,2026-05-11 16:15:40.013420,1.5498465,0.18476687,0.7102244,0.54183745,-1.014189,-4.6572366
1977,2026-05-11 16:15:40.016538,1.5498465,0.18476687,0.7102244,0.54183745,-1.014189,-4.6572366
1978,2026-05-11 16:15:40.019370,1.5498465,0.18476687,0.7102244,0.54183745,-1.014189,-4.6572366
1979,2026-05-11 16:15:40.021950,1.5498465,0.18476687,0.7102244,0.54183745,-1.014189,-4.6572366
1980,2026-05-11 16:15:40.024575,1.5498465,0.18476687,0.7102244,0.54183745,-1.014189,-4.6572366
1981,2026-05-11 16:15:40.027272,1.5498465,0.18476687,0.7102244,0.54183745,-1.014189,-4.6572366
1982,2026-05-11 16:15:40.029921,1.5498465,0.18476687,0.7102244,0.54183745,-1.014189,-4.6572366
1983,2026-05-11 16:15:40.033046,1.5498465,0.18476687,0.7102244,0.54183745,-1.014189,-4.6572366
1984,2026-05-11 16:15:40.035864,1.5498465,0.18476687,0.7102244,0.54183745,-1.014189,-4.6572366
1985,2026-05-11 16:15:40.038581,1.5498465,0.18476687,0.7102244,0.54183745,-1.014189,-4.6572366
1986,2026-05-11 16:15:40.041177,1.5498465,0.18476687,0.7102244,0.54183745,-1.014189,-4.6572366
1987,2026-05-11 16:15:40.043893,1.5498465,0.18476687,0.7102244,0.54183745,-1.014189,-4.6572366
1988,2026-05-11 16:15:40.046434,1.5498465,0.18476687,0.7102244,0.54183745,-1.014189,-4.6572366
1989,2026-05-11 16:15:40.049425,1.5498465,0.18476687,0.7102244,0.54183745,-1.014189,-4.6572366
1990,2026-05-11 16:15:40.052245,1.5498465,0.18476687,0.7102244,0.54183745,-1.014189,-4.6572366
1991,2026-05-11 16:15:40.054829,1.5498465,0.18476687,0.7102244,0.54183745,-1.014189,-4.6572366
1992,2026-05-11 16:15:40.057429,1.5498465,0.18476687,0.7102244,0.54183745,-1.014189,-4.6572366
1993,2026-05-11 16:15:40.060188,1.5498465,0.18476687,0.7102244,0.54183745,-1.014189,-4.6572366
1994,2026-05-11 16:15:40.062890,1.5498465,0.18476687,0.7102244,0.8935431,-0.9651671,-4.8689013
1995,2026-05-11 16:15:40.065854,1.2170832,-0.081346214,0.5514346,0.8935431,-0.9651671,-4.8689013
1996,2026-05-11 16:15:40.068877,1.2170832,-0.081346214,0.5514346,0.8935431,-0.9651671,-4.8689013
1997,2026-05-11 16:15:40.071628,1.2170832,-0.081346214,0.5514346,0.8935431,-0.9651671,-4.8689013
1998,2026-05-11 16:15:40.074271,1.2170832,-0.081346214,0.5514346,0.8935431,-0.9651671,-4.8689013
1999,2026-05-11 16:15:40.077054,0.8476104,-0.27977243,0.409658,0.8935431,-0.9651671,-4.8689013
2000,2026-05-11 16:15:40.079803,0.8476104,-0.27977243,0.409658,0.8935431,-0.9651671,-4.8689013
2001,2026-05-11 16:15:40.082736,0.8476104,-0.27977243,0.409658,0.8935431,-0.9651671,-4.8689013
2002,2026-05-11 16:15:40.085581,0.8476104,-0.27977243,0.409658,1.1039863,-0.8003862,-4.979926
2003,2026-05-11 16:15:40.088318,0.63503706,-0.357094,0.34386152,1.1039863,-0.8003862,-4.979926
2004,2026-05-11 16:15:40.090922,0.63503706,-0.357094,0.34386152,1.1039863,-0.8003862,-4.979926
2005,2026-05-11 16:15:40.093763,0.20885365,-0.442038,0.2338551,1.1734722,-0.6545421,-4.92617
2006,2026-05-11 16:15:40.096362,0.20885365,-0.442038,0.2338551,1.1734722,-0.6545421,-4.92617
2007,2026-05-11 16:15:40.099529,0.20885365,-0.442038,0.2338551,1.2278391,-0.46196684,-4.685031
2008,2026-05-11 16:15:40.102549,0.20885365,-0.442038,0.2338551,1.2278391,-0.46196684,-4.685031
2009,2026-05-11 16:15:40.105262,0.20885365,-0.442038,0.2338551,1.2278391,-0.46196684,-4.685031
2010,2026-05-11 16:15:40.107863,0.20885365,-0.442038,0.2338551,1.2278391,-0.46196684,-4.685031
2011,2026-05-11 16:15:40.110555,-0.10037171,-0.4764912,0.1653755,1.2278391,-0.46196684,-4.685031
2012,2026-05-11 16:15:40.113133,-0.10037171,-0.4764912,0.1653755,1.2278391,-0.46196684,-4.685031
2013,2026-05-11 16:15:40.116220,-0.10037171,-0.4764912,0.1653755,1.2278391,-0.46196684,-4.685031
2014,2026-05-11 16:15:40.119043,-0.10037171,-0.4764912,0.1653755,1.2278391,-0.46196684,-4.685031
2015,2026-05-11 16:15:40.121666,-0.10037171,-0.4764912,0.1653755,1.2278391,-0.46196684,-4.685031
2016,2026-05-11 16:15:40.124398,-0.10037171,-0.4764912,0.1653755,1.3176364,-0.36667186,-4.182289
2017,2026-05-11 16:15:40.127042,-0.10037171,-0.4764912,0.1653755,1.3176364,-0.36667186,-4.182289
2018,2026-05-11 16:15:40.129745,-0.10037171,-0.4764912,0.1653755,1.3176364,-0.36667186,-4.182289
2019,2026-05-11 16:15:40.132600,-0.10037171,-0.4764912,0.1653755,1.3176364,-0.36667186,-4.182289
2020,2026-05-11 16:15:40.135480,-0.10037171,-0.4764912,0.1653755,1.3176364,-0.36667186,-4.182289
2021,2026-05-11 16:15:40.138341,-0.10037171,-0.4764912,0.1653755,1.3176364,-0.36667186,-4.182289
2022,2026-05-11 16:15:40.141023,-0.28080907,-0.47575948,0.11933623,1.3176364,-0.36667186,-4.182289
2023,2026-05-11 16:15:40.143640,-0.28080907,-0.47575948,0.11933623,1.3176364,-0.36667186,-4.182289
2024,2026-05-11 16:15:40.146482,-0.28080907,-0.47575948,0.11933623,1.3814718,-0.40378192,-3.882354
2025,2026-05-11 16:15:40.149486,-0.28080907,-0.47575948,0.11933623,1.3814718,-0.40378192,-3.882354
2026,2026-05-11 16:15:40.152457,-0.28080907,-0.47575948,0.11933623,1.3814718,-0.40378192,-3.882354
2027,2026-05-11 16:15:40.155045,-0.28080907,-0.47575948,0.11933623,1.3814718,-0.40378192,-3.882354
2028,2026-05-11 16:15:40.157823,-0.28080907,-0.47575948,0.11933623,1.3814718,-0.40378192,-3.882354
2029,2026-05-11 16:15:40.160428,-0.28080907,-0.47575948,0.11933623,1.3814718,-0.40378192,-3.882354
2030,2026-05-11 16:15:40.163169,-0.28080907,-0.47575948,0.11933623,1.3814718,-0.40378192,-3.882354
2031,2026-05-11 16:15:40.166534,-0.44459912,-0.46270993,0.058844898,1.3814718,-0.40378192,-3.882354
2032,2026-05-11 16:15:40.169287,-0.44459912,-0.46270993,0.058844898,1.3814718,-0.40378192,-3.882354
2033,2026-05-11 16:15:40.171848,-0.44459912,-0.46270993,0.058844898,1.3814718,-0.40378192,-3.882354
2034,2026-05-11 16:15:40.174597,-0.44459912,-0.46270993,0.058844898,1.3814718,-0.40378192,-3.882354
2035,2026-05-11 16:15:40.177170,-0.44459912,-0.46270993,0.058844898,1.5323554,-0.56016344,-3.3383787
2036,2026-05-11 16:15:40.179863,-0.44459912,-0.46270993,0.058844898,1.6381879,-0.7322747,-2.8799243
2037,2026-05-11 16:15:40.182774,-0.44459912,-0.46270993,0.058844898,1.6381879,-0.7322747,-2.8799243
2038,2026-05-11 16:15:40.185831,-0.5819242,-0.4469163,-0.08573671,1.6969837,-0.9089675,-2.175902
2039,2026-05-11 16:15:40.188543,-0.5819242,-0.4469163,-0.08573671,1.6969837,-0.9089675,-2.175902
2040,2026-05-11 16:15:40.191248,-0.532775,-0.40880433,-0.24074577,1.6151277,-0.91522884,-1.7067575
2041,2026-05-11 16:15:40.194150,-0.532775,-0.40880433,-0.24074577,1.382388,-0.75319684,-1.1551461
2042,2026-05-11 16:15:40.196830,-0.532775,-0.40880433,-0.24074577,1.382388,-0.75319684,-1.1551461
2043,2026-05-11 16:15:40.199946,-0.532775,-0.40880433,-0.24074577,1.382388,-0.75319684,-1.1551461
2044,2026-05-11 16:15:40.202738,-0.532775,-0.40880433,-0.24074577,1.382388,-0.75319684,-1.1551461
2045,2026-05-11 16:15:40.205520,-0.532775,-0.40880433,-0.24074577,1.382388,-0.75319684,-1.1551461
2046,2026-05-11 16:15:40.208090,-0.532775,-0.40880433,-0.24074577,1.382388,-0.75319684,-1.1551461
2047,2026-05-11 16:15:40.210957,-0.532775,-0.40880433,-0.24074577,1.382388,-0.75319684,-1.1551461
2048,2026-05-11 16:15:40.213605,-0.532775,-0.40880433,-0.24074577,1.382388,-0.75319684,-1.1551461
2049,2026-05-11 16:15:40.216539,-0.532775,-0.40880433,-0.24074577,1.382388,-0.75319684,-1.1551461
2050,2026-05-11 16:15:40.219512,-0.46051466,-0.3822174,-0.25306356,1.382388,-0.75319684,-1.1551461
2051,2026-05-11 16:15:40.222143,-0.46051466,-0.3822174,-0.25306356,1.125061,-0.5384777,-0.7958047
2052,2026-05-11 16:15:40.224804,-0.46051466,-0.3822174,-0.25306356,1.125061,-0.5384777,-0.7958047
2053,2026-05-11 16:15:40.227622,-0.46051466,-0.3822174,-0.25306356,1.125061,-0.5384777,-0.7958047
2054,2026-05-11 16:15:40.230247,-0.46051466,-0.3822174,-0.25306356,1.125061,-0.5384777,-0.7958047
2055,2026-05-11 16:15:40.233294,-0.39221802,-0.37032646,-0.26153967,1.125061,-0.5384777,-0.7958047
2056,2026-05-11 16:15:40.236194,-0.39221802,-0.37032646,-0.26153967,1.125061,-0.5384777,-0.7958047
2057,2026-05-11 16:15:40.238956,-0.39221802,-0.37032646,-0.26153967,0.78542,-0.16798794,-0.4373795
2058,2026-05-11 16:15:40.241570,-0.39221802,-0.37032646,-0.26153967,0.78542,-0.16798794,-0.4373795
2059,2026-05-11 16:15:40.244275,-0.39221802,-0.37032646,-0.26153967,0.78542,-0.16798794,-0.4373795
2060,2026-05-11 16:15:40.246862,-0.39221802,-0.37032646,-0.26153967,0.78542,-0.16798794,-0.4373795
2061,2026-05-11 16:15:40.250570,-0.33416584,-0.36599696,-0.2490999,0.453262,0.24724771,-0.13576481
2062,2026-05-11 16:15:40.253498,-0.33416584,-0.36599696,-0.2490999,0.453262,0.24724771,-0.13576481
2063,2026-05-11 16:15:40.256279,-0.33416584,-0.36599696,-0.2490999,0.453262,0.24724771,-0.13576481
2064,2026-05-11 16:15:40.259018,-0.33416584,-0.36599696,-0.2490999,0.453262,0.24724771,-0.13576481
2065,2026-05-11 16:15:40.261880,-0.33416584,-0.36599696,-0.2490999,0.453262,0.24724771,-0.13576481
2066,2026-05-11 16:15:40.264677,-0.33416584,-0.36599696,-0.2490999,0.453262,0.24724771,-0.13576481
2067,2026-05-11 16:15:40.267847,-0.29465136,-0.35233763,-0.2406238,0.23380867,0.57879484,0.07437284
2068,2026-05-11 16:15:40.270601,-0.29465136,-0.35233763,-0.2406238,0.23380867,0.57879484,0.07437284
2069,2026-05-11 16:15:40.273274,-0.29465136,-0.35233763,-0.2406238,0.23380867,0.57879484,0.07437284
2070,2026-05-11 16:15:40.276080,-0.29465136,-0.35233763,-0.2406238,0.23380867,0.57879484,0.07437284
2071,2026-05-11 16:15:40.278754,-0.20001167,-0.31806734,-0.23373315,0.010079277,1.003957,0.302531
2072,2026-05-11 16:15:40.281460,-0.10781116,-0.30623737,-0.24220926,-0.0720821,1.2272283,0.3866777
2073,2026-05-11 16:15:40.285118,-0.10781116,-0.30623737,-0.24220926,-0.0720821,1.2272283,0.3866777
2074,2026-05-11 16:15:40.287918,-0.10781116,-0.30623737,-0.24220926,-0.0720821,1.2272283,0.3866777
2075,2026-05-11 16:15:40.290564,-0.06823569,-0.30739596,-0.26788148,-0.0720821,1.2272283,0.3866777
2076,2026-05-11 16:15:40.293119,-0.06823569,-0.30739596,-0.26788148,-0.0720821,1.2272283,0.3866777
2077,2026-05-11 16:15:40.295838,-0.06823569,-0.30739596,-0.26788148,-0.0720821,1.2272283,0.3866777
2078,2026-05-11 16:15:40.298812,-0.06823569,-0.30739596,-0.26788148,-0.0720821,1.2272283,0.3866777
2079,2026-05-11 16:15:40.301606,-0.06823569,-0.30739596,-0.26788148,-0.0720821,1.2272283,0.3866777
2080,2026-05-11 16:15:40.304275,-0.06823569,-0.30739596,-0.26788148,-0.0720821,1.2272283,0.3866777
2081,2026-05-11 16:15:40.306844,-0.06823569,-0.30739596,-0.26788148,-0.11102476,1.48089,0.42959097
2082,2026-05-11 16:15:40.309699,-0.06768687,-0.2821506,-0.30135906,-0.028405234,1.5712981,0.45830166
2083,2026-05-11 16:15:40.312328,-0.06768687,-0.2821506,-0.30135906,-0.028405234,1.5712981,0.45830166
2084,2026-05-11 16:15:40.315321,-0.06768687,-0.2821506,-0.30135906,-0.028405234,1.5712981,0.45830166
2085,2026-05-11 16:15:40.318171,-0.079333894,-0.2570272,-0.3295924,-0.028405234,1.5712981,0.45830166
2086,2026-05-11 16:15:40.320807,-0.079333894,-0.2570272,-0.3295924,-0.028405234,1.5712981,0.45830166
2087,2026-05-11 16:15:40.323540,-0.079333894,-0.2570272,-0.3295924,-0.028405234,1.5712981,0.45830166
2088,2026-05-11 16:15:40.326126,-0.079333894,-0.2570272,-0.3295924,-0.028405234,1.5712981,0.45830166
2089,2026-05-11 16:15:40.328811,-0.079333894,-0.2570272,-0.3295924,-0.028405234,1.5712981,0.45830166
2090,2026-05-11 16:15:40.331616,-0.079333894,-0.2570272,-0.3295924,-0.028405234,1.5712981,0.45830166
2091,2026-05-11 16:15:40.334581,-0.079333894,-0.2570272,-0.3295924,-0.028405234,1.5712981,0.45830166
2092,2026-05-11 16:15:40.337636,-0.079333894,-0.2570272,-0.3295924,-0.028405234,1.5712981,0.45830166
2093,2026-05-11 16:15:40.340550,-0.079333894,-0.2570272,-0.3295924,-0.028405234,1.5712981,0.45830166
2094,2026-05-11 16:15:40.343614,-0.079333894,-0.2570272,-0.3295924,-0.028405234,1.5712981,0.45830166
2095,2026-05-11 16:15:40.346369,-0.079333894,-0.2570272,-0.3295924,-0.028405234,1.5712981,0.45830166
2096,2026-05-11 16:15:40.349993,-0.079333894,-0.2570272,-0.3295924,-0.028405234,1.5712981,0.45830166
2097,2026-05-11 16:15:40.353036,-0.079333894,-0.2570272,-0.3295924,-0.028405234,1.5712981,0.45830166
2098,2026-05-11 16:15:40.355984,-0.07433361,-0.20324357,-0.38929102,-0.028405234,1.5712981,0.45830166
2099,2026-05-11 16:15:40.358960,-0.07433361,-0.20324357,-0.38929102,0.06505715,1.2863295,0.4700608
2100,2026-05-11 16:15:40.361751,-0.07433361,-0.20324357,-0.38929102,0.06505715,1.2863295,0.4700608
2101,2026-05-11 16:15:40.364792,-0.07433361,-0.20324357,-0.38929102,0.06505715,1.2863295,0.4700608
2102,2026-05-11 16:15:40.368472,-0.07433361,-0.20324357,-0.38929102,0.06505715,1.2863295,0.4700608
2103,2026-05-11 16:15:40.371632,-0.07433361,-0.20324357,-0.38929102,0.06505715,1.2863295,0.4700608
2104,2026-05-11 16:15:40.374382,-0.06061329,-0.18007149,-0.41404852,0.06505715,1.2863295,0.4700608
2105,2026-05-11 16:15:40.376987,-0.06061329,-0.18007149,-0.41404852,0.09819659,1.0151054,0.4550946
2106,2026-05-11 16:15:40.379768,-0.06061329,-0.18007149,-0.41404852,0.09819659,1.0151054,0.4550946
2107,2026-05-11 16:15:40.382559,-0.06061329,-0.18007149,-0.41404852,0.09819659,1.0151054,0.4550946
2108,2026-05-11 16:15:40.386034,-0.06061329,-0.18007149,-0.41404852,0.09819659,1.0151054,0.4550946
2109,2026-05-11 16:15:40.388968,-0.06061329,-0.18007149,-0.41404852,0.09819659,1.0151054,0.4550946
2110,2026-05-11 16:15:40.391656,-0.06061329,-0.18007149,-0.41404852,0.09819659,1.0151054,0.4550946
2111,2026-05-11 16:15:40.394361,-0.059149794,-0.15067953,-0.41880494,0.06246097,0.28939742,0.27947086
2112,2026-05-11 16:15:40.397112,-0.12903193,-0.1167751,-0.39855984,0.0070249503,0.115453534,0.24495697
2113,2026-05-11 16:15:40.400807,-0.12903193,-0.1167751,-0.39855984,0.0070249503,0.115453534,0.24495697
2114,2026-05-11 16:15:40.403771,-0.12903193,-0.1167751,-0.39855984,0.0070249503,0.115453534,0.24495697
2115,2026-05-11 16:15:40.406680,-0.12903193,-0.1167751,-0.39855984,0.0070249503,0.115453534,0.24495697
2116,2026-05-11 16:15:40.409367,-0.12903193,-0.1167751,-0.39855984,0.0070249503,0.115453534,0.24495697
2117,2026-05-11 16:15:40.412052,-0.17879093,-0.11744587,-0.3851444,0.0070249503,0.115453534,0.24495697
2118,2026-05-11 16:15:40.414993,-0.17879093,-0.11744587,-0.3851444,0.0070249503,0.115453534,0.24495697
2119,2026-05-11 16:15:40.417820,-0.17879093,-0.11744587,-0.3851444,0.0070249503,0.115453534,0.24495697
2120,2026-05-11 16:15:40.420599,-0.17879093,-0.11744587,-0.3851444,0.0070249503,0.115453534,0.24495697
2121,2026-05-11 16:15:40.423404,-0.17879093,-0.11744587,-0.3851444,0.0070249503,0.115453534,0.24495697
2122,2026-05-11 16:15:40.426342,-0.31276214,-0.16787565,-0.28062615,-0.29000828,-0.2591596,0.3284928
2123,2026-05-11 16:15:40.429052,-0.31276214,-0.16787565,-0.28062615,-0.29000828,-0.2591596,0.3284928
2124,2026-05-11 16:15:40.432103,-0.31276214,-0.16787565,-0.28062615,-0.29000828,-0.2591596,0.3284928
2125,2026-05-11 16:15:40.434997,-0.31276214,-0.16787565,-0.28062615,-0.29000828,-0.2591596,0.3284928
2126,2026-05-11 16:15:40.437748,-0.34752026,-0.17049775,-0.20970736,-0.29000828,-0.2591596,0.3284928
2127,2026-05-11 16:15:40.440535,-0.34752026,-0.17049775,-0.20970736,-0.29000828,-0.2591596,0.3284928
2128,2026-05-11 16:15:40.443209,-0.34752026,-0.17049775,-0.20970736,-0.29000828,-0.2591596,0.3284928
2129,2026-05-11 16:15:40.446018,-0.34752026,-0.17049775,-0.20970736,-0.38637227,-0.43463063,0.5028948
2130,2026-05-11 16:15:40.449411,-0.3960597,-0.14147167,-0.12945877,-0.43860126,-0.7556403,1.1543826
2131,2026-05-11 16:15:40.452492,-0.3960597,-0.14147167,-0.12945877,-0.43860126,-0.7556403,1.1543826
2132,2026-05-11 16:15:40.455271,-0.3960597,-0.14147167,-0.12945877,-0.43860126,-0.7556403,1.1543826
2133,2026-05-11 16:15:40.458071,-0.4455748,-0.09750569,-0.028782167,-0.43860126,-0.7556403,1.1543826
2134,2026-05-11 16:15:40.460831,-0.4455748,-0.09750569,-0.028782167,-0.43860126,-0.7556403,1.1543826
2135,2026-05-11 16:15:40.463507,-0.3995355,0.019696271,0.08909056,-0.43860126,-0.7556403,1.1543826
2136,2026-05-11 16:15:40.466736,-0.3995355,0.019696271,0.08909056,-0.43860126,-0.7556403,1.1543826
2137,2026-05-11 16:15:40.469479,-0.3995355,0.019696271,0.08909056,-0.43860126,-0.7556403,1.1543826
2138,2026-05-11 16:15:40.472261,-0.3995355,0.019696271,0.08909056,-0.43860126,-0.7556403,1.1543826
2139,2026-05-11 16:15:40.474879,-0.3995355,0.019696271,0.08909056,-0.43860126,-0.7556403,1.1543826
2140,2026-05-11 16:15:40.477553,-0.3995355,0.019696271,0.08909056,-0.43860126,-0.7556403,1.1543826
2141,2026-05-11 16:15:40.480206,-0.3995355,0.019696271,0.08909056,-0.43860126,-0.7556403,1.1543826
2142,2026-05-11 16:15:40.483444,-0.3995355,0.019696271,0.08909056,-0.43860126,-0.7556403,1.1543826
2143,2026-05-11 16:15:40.486253,-0.3995355,0.019696271,0.08909056,-0.4625777,-0.9250027,2.0540345
2144,2026-05-11 16:15:40.488883,-0.3995355,0.019696271,0.08909056,-0.4625777,-0.9250027,2.0540345
2145,2026-05-11 16:15:40.491642,-0.3995355,0.019696271,0.08909056,-0.4625777,-0.9250027,2.0540345
2146,2026-05-11 16:15:40.494252,-0.3995355,0.019696271,0.08909056,-0.4625777,-0.9250027,2.0540345
2147,2026-05-11 16:15:40.497104,-0.3995355,0.019696271,0.08909056,-0.4625777,-0.9250027,2.0540345
2148,2026-05-11 16:15:40.500117,-0.21915914,0.13970327,-0.08274873,-0.4625777,-0.9250027,2.0540345
2149,2026-05-11 16:15:40.502816,-0.21915914,0.13970327,-0.08274873,-0.4625777,-0.9250027,2.0540345
2150,2026-05-11 16:15:40.505610,-0.21915914,0.13970327,-0.08274873,-0.4625777,-0.9250027,2.0540345
2151,2026-05-11 16:15:40.508216,-0.21915914,0.13970327,-0.08274873,-0.4625777,-0.9250027,2.0540345
2152,2026-05-11 16:15:40.510987,-0.21915914,0.13970327,-0.08274873,-0.4625777,-0.9250027,2.0540345
2153,2026-05-11 16:15:40.513752,-0.21915914,0.13970327,-0.08274873,-0.4625777,-0.9250027,2.0540345
2154,2026-05-11 16:15:40.516813,-0.21915914,0.13970327,-0.08274873,-0.4625777,-0.9250027,2.0540345
2155,2026-05-11 16:15:40.519600,-0.21915914,0.13970327,-0.08274873,-0.4625777,-0.9250027,2.0540345
2156,2026-05-11 16:15:40.522185,-0.21915914,0.13970327,-0.08274873,-0.4625777,-0.9250027,2.0540345
2157,2026-05-11 16:15:40.524839,-0.21915914,0.13970327,-0.08274873,-0.4625777,-0.9250027,2.0540345
2158,2026-05-11 16:15:40.527473,-0.21915914,0.13970327,-0.08274873,-0.83001316,-0.43997568,2.982855
2159,2026-05-11 16:15:40.530041,-0.21915914,0.13970327,-0.08274873,-0.83001316,-0.43997568,2.982855
2160,2026-05-11 16:15:40.533140,-0.21915914,0.13970327,-0.08274873,-0.83001316,-0.43997568,2.982855
2161,2026-05-11 16:15:40.535861,-0.21915914,0.13970327,-0.08274873,-0.83001316,-0.43997568,2.982855
2162,2026-05-11 16:15:40.538607,-0.21915914,0.13970327,-0.08274873,-0.83001316,-0.43997568,2.982855
2163,2026-05-11 16:15:40.541315,-0.21915914,0.13970327,-0.08274873,-0.83001316,-0.43997568,2.982855
2164,2026-05-11 16:15:40.544050,0.2698938,0.33111688,-0.6109503,-3.0610456,1.493871,4.4489317
2165,2026-05-11 16:15:40.546757,0.2698938,0.33111688,-0.6109503,-3.0610456,1.493871,4.4489317
2166,2026-05-11 16:15:40.549908,0.2698938,0.33111688,-0.6109503,-3.0610456,1.493871,4.4489317
2167,2026-05-11 16:15:40.552686,0.2698938,0.33111688,-0.6109503,-3.0610456,1.493871,4.4489317
2168,2026-05-11 16:15:40.555400,0.2698938,0.33111688,-0.6109503,-3.0610456,1.493871,4.4489317
2169,2026-05-11 16:15:40.558151,0.2698938,0.33111688,-0.6109503,-3.0610456,1.493871,4.4489317
2170,2026-05-11 16:15:40.560897,0.55369085,0.43624496,-0.53649473,-3.0610456,1.493871,4.4489317
2171,2026-05-11 16:15:40.563567,0.55369085,0.43624496,-0.53649473,-3.0610456,1.493871,4.4489317
2172,2026-05-11 16:15:40.566597,0.55369085,0.43624496,-0.53649473,-3.0610456,1.493871,4.4489317
2173,2026-05-11 16:15:40.569483,0.55369085,0.43624496,-0.53649473,-3.0610456,1.493871,4.4489317
2174,2026-05-11 16:15:40.572112,0.55369085,0.43624496,-0.53649473,-3.0610456,1.493871,4.4489317
2175,2026-05-11 16:15:40.574831,0.55369085,0.43624496,-0.53649473,-3.0610456,1.493871,4.4489317
2176,2026-05-11 16:15:40.577408,0.55369085,0.43624496,-0.53649473,-3.0610456,1.493871,4.4489317
2177,2026-05-11 16:15:40.579982,0.55369085,0.43624496,-0.53649473,-3.0610456,1.493871,4.4489317
2178,2026-05-11 16:15:40.583042,0.55369085,0.43624496,-0.53649473,-5.050939,2.4637723,5.1966305
2179,2026-05-11 16:15:40.585756,0.55369085,0.43624496,-0.53649473,-5.050939,2.4637723,5.1966305
2180,2026-05-11 16:15:40.588444,0.55369085,0.43624496,-0.53649473,-5.050939,2.4637723,5.1966305
2181,2026-05-11 16:15:40.591061,0.55369085,0.43624496,-0.53649473,-6.614754,2.3310618,5.784741
2182,2026-05-11 16:15:40.593633,0.55369085,0.43624496,-0.53649473,-6.614754,2.3310618,5.784741
2183,2026-05-11 16:15:40.596415,1.16769,0.4531362,0.051649354,-6.614754,2.3310618,5.784741
2184,2026-05-11 16:15:40.599406,1.16769,0.4531362,0.051649354,-6.614754,2.3310618,5.784741
2185,2026-05-11 16:15:40.602332,1.16769,0.4531362,0.051649354,-6.614754,2.3310618,5.784741
2186,2026-05-11 16:15:40.605073,1.16769,0.4531362,0.051649354,-6.614754,2.3310618,5.784741
2187,2026-05-11 16:15:40.607700,1.16769,0.4531362,0.051649354,-6.614754,2.3310618,5.784741
2188,2026-05-11 16:15:40.610442,1.16769,0.4531362,0.051649354,-6.614754,2.3310618,5.784741
2189,2026-05-11 16:15:40.613070,1.4942945,0.39758417,0.40240154,-6.614754,2.3310618,5.784741
2190,2026-05-11 16:15:40.616078,1.4942945,0.39758417,0.40240154,-6.614754,2.3310618,5.784741
2191,2026-05-11 16:15:40.618895,1.4942945,0.39758417,0.40240154,-6.614754,2.3310618,5.784741
2192,2026-05-11 16:15:40.621510,1.4942945,0.39758417,0.40240154,-6.614754,2.3310618,5.784741
2193,2026-05-11 16:15:40.624299,1.4942945,0.39758417,0.40240154,-6.614754,2.3310618,5.784741
2194,2026-05-11 16:15:40.626983,1.4942945,0.39758417,0.40240154,-6.8047333,1.7844901,5.82628
2195,2026-05-11 16:15:40.629755,1.4942945,0.39758417,0.40240154,-6.8047333,1.7844901,5.82628
2196,2026-05-11 16:15:40.633008,1.4942945,0.39758417,0.40240154,-6.8047333,1.7844901,5.82628
2197,2026-05-11 16:15:40.635937,1.4942945,0.39758417,0.40240154,-6.8047333,1.7844901,5.82628
2198,2026-05-11 16:15:40.638634,1.4942945,0.39758417,0.40240154,-6.8047333,1.7844901,5.82628
2199,2026-05-11 16:15:40.641343,1.4942945,0.39758417,0.40240154,-6.8047333,1.7844901,5.82628
2200,2026-05-11 16:15:40.643965,1.4942945,0.39758417,0.40240154,-6.8047333,1.7844901,5.82628
2201,2026-05-11 16:15:40.646576,1.4942945,0.39758417,0.40240154,-6.8047333,1.7844901,5.82628
2202,2026-05-11 16:15:40.649609,1.8375462,0.30873755,0.97463006,-6.8047333,1.7844901,5.82628
2203,2026-05-11 16:15:40.652577,1.8375462,0.30873755,0.97463006,-6.227313,0.6102544,5.548489
2204,2026-05-11 16:15:40.655232,1.8375462,0.30873755,0.97463006,-6.227313,0.6102544,5.548489
2205,2026-05-11 16:15:40.658118,1.8288263,0.5139934,1.343188,-2.3936756,-1.8997909,5.415473
2206,2026-05-11 16:15:40.660863,1.8955984,0.5461904,1.1414691,-2.3936756,-1.8997909,5.415473
2207,2026-05-11 16:15:40.663507,1.8955984,0.5461904,1.1414691,-2.3936756,-1.8997909,5.415473
2208,2026-05-11 16:15:40.667061,1.8955984,0.5461904,1.1414691,-2.3936756,-1.8997909,5.415473
2209,2026-05-11 16:15:40.669988,1.8955984,0.5461904,1.1414691,-2.3936756,-1.8997909,5.415473
2210,2026-05-11 16:15:40.672729,1.8955984,0.5461904,1.1414691,-1.4278975,-2.100002,5.532454
2211,2026-05-11 16:15:40.675471,1.8925494,0.57015526,0.9754838,-0.8049677,-2.0215058,5.5611644
2212,2026-05-11 16:15:40.678152,1.8925494,0.57015526,0.9754838,-0.8049677,-2.0215058,5.5611644
2213,2026-05-11 16:15:40.680745,1.8925494,0.57015526,0.9754838,-0.8049677,-2.0215058,5.5611644
2214,2026-05-11 16:15:40.683705,1.8262042,0.55393475,0.9786547,-0.19593503,-1.7179058,5.5972056
2215,2026-05-11 16:15:40.686898,1.8262042,0.55393475,0.9786547,-0.19593503,-1.7179058,5.5972056
2216,2026-05-11 16:15:40.689642,1.8262042,0.55393475,0.9786547,-0.19593503,-1.7179058,5.5972056
2217,2026-05-11 16:15:40.692398,1.8262042,0.55393475,0.9786547,0.5198463,-1.3715452,5.5917077
2218,2026-05-11 16:15:40.695288,1.8262042,0.55393475,0.9786547,0.5198463,-1.3715452,5.5917077
2219,2026-05-11 16:15:40.697962,1.970176,0.52234757,0.97914255,1.1653782,-1.0929906,5.4087534
2220,2026-05-11 16:15:40.701050,2.1216483,0.56234986,0.8941375,1.1653782,-1.0929906,5.4087534
2221,2026-05-11 16:15:40.704291,2.1216483,0.56234986,0.8941375,1.1653782,-1.0929906,5.4087534
2222,2026-05-11 16:15:40.706867,2.1216483,0.56234986,0.8941375,1.1653782,-1.0929906,5.4087534
2223,2026-05-11 16:15:40.709608,2.1216483,0.56234986,0.8941375,1.1653782,-1.0929906,5.4087534
2224,2026-05-11 16:15:40.712244,2.2193978,0.7598614,0.56643546,1.8329011,-0.7808385,4.9512157
2225,2026-05-11 16:15:40.714944,2.2193978,0.7598614,0.56643546,1.8329011,-0.7808385,4.9512157
2226,2026-05-11 16:15:40.717981,2.2193978,0.7598614,0.56643546,1.8329011,-0.7808385,4.9512157
2227,2026-05-11 16:15:40.720583,2.2193978,0.7598614,0.56643546,1.8329011,-0.7808385,4.9512157
2228,2026-05-11 16:15:40.723232,2.2193978,0.7598614,0.56643546,1.8329011,-0.7808385,4.9512157
2229,2026-05-11 16:15:40.725806,2.2193978,0.7598614,0.56643546,1.8329011,-0.7808385,4.9512157
2230,2026-05-11 16:15:40.728576,2.2228124,0.99536294,0.28666306,1.9741638,-0.6574437,4.711451
2231,2026-05-11 16:15:40.731120,2.2228124,0.99536294,0.28666306,1.9741638,-0.6574437,4.711451
2232,2026-05-11 16:15:40.734057,2.2228124,0.99536294,0.28666306,1.9741638,-0.6574437,4.711451
2233,2026-05-11 16:15:40.736849,2.2228124,0.99536294,0.28666306,1.9741638,-0.6574437,4.711451
2234,2026-05-11 16:15:40.739698,2.2228124,0.99536294,0.28666306,1.9741638,-0.6574437,4.711451
2235,2026-05-11 16:15:40.742465,2.2228124,0.99536294,0.28666306,1.9741638,-0.6574437,4.711451
2236,2026-05-11 16:15:40.745185,2.2228124,0.99536294,0.28666306,1.9741638,-0.6574437,4.711451
2237,2026-05-11 16:15:40.748076,2.2228124,0.99536294,0.28666306,1.9741638,-0.6574437,4.711451
2238,2026-05-11 16:15:40.751176,2.2228124,0.99536294,0.28666306,1.9741638,-0.6574437,4.711451
2239,2026-05-11 16:15:40.754020,2.2228124,0.99536294,0.28666306,1.9741638,-0.6574437,4.711451
2240,2026-05-11 16:15:40.756648,2.2228124,0.99536294,0.28666306,1.9741638,-0.6574437,4.711451
2241,2026-05-11 16:15:40.759441,2.2228124,0.99536294,0.28666306,1.9741638,-0.6574437,4.711451
2242,2026-05-11 16:15:40.762200,2.2228124,0.99536294,0.28666306,1.9741638,-0.6574437,4.711451
2243,2026-05-11 16:15:40.765163,2.2228124,0.99536294,0.28666306,1.0673343,-0.44089198,4.2954516
2244,2026-05-11 16:15:40.768310,2.2228124,0.99536294,0.28666306,1.0673343,-0.44089198,4.2954516
2245,2026-05-11 16:15:40.770975,2.2228124,0.99536294,0.28666306,1.0673343,-0.44089198,4.2954516
2246,2026-05-11 16:15:40.773747,2.3295262,1.8508397,-0.4672224,-0.02733622,-0.36285394,3.9639046
2247,2026-05-11 16:15:40.776621,2.4775836,2.0065804,-0.17116854,-0.981355,-0.3287982,3.4055738
2248,2026-05-11 16:15:40.779324,2.4775836,2.0065804,-0.17116854,-0.981355,-0.3287982,3.4055738
2249,2026-05-11 16:15:40.782396,2.4775836,2.0065804,-0.17116854,-0.981355,-0.3287982,3.4055738
2250,2026-05-11 16:15:40.785365,2.4775836,2.0065804,-0.17116854,-0.981355,-0.3287982,3.4055738
2251,2026-05-11 16:15:40.788106,2.4775836,2.0065804,-0.17116854,-0.981355,-0.3287982,3.4055738
2252,2026-05-11 16:15:40.790879,2.4775836,2.0065804,-0.17116854,-0.981355,-0.3287982,3.4055738
2253,2026-05-11 16:15:40.793690,2.447155,2.054998,0.5260063,-0.981355,-0.3287982,3.4055738
2254,2026-05-11 16:15:40.796420,2.447155,2.054998,0.5260063,-0.981355,-0.3287982,3.4055738
2255,2026-05-11 16:15:40.799431,2.447155,2.054998,0.5260063,-0.981355,-0.3287982,3.4055738
2256,2026-05-11 16:15:40.802321,2.447155,2.054998,0.5260063,-0.981355,-0.3287982,3.4055738
2257,2026-05-11 16:15:40.804977,2.447155,2.054998,0.5260063,-0.981355,-0.3287982,3.4055738
2258,2026-05-11 16:15:40.807656,2.447155,2.054998,0.5260063,-1.4465289,-0.18371773,2.1891882
2259,2026-05-11 16:15:40.810337,2.447155,2.054998,0.5260063,-1.4465289,-0.18371773,2.1891882
2260,2026-05-11 16:15:40.813027,2.447155,2.054998,0.5260063,-1.4465289,-0.18371773,2.1891882
2261,2026-05-11 16:15:40.815910,2.447155,2.054998,0.5260063,-1.4465289,-0.18371773,2.1891882
2262,2026-05-11 16:15:40.818621,2.447155,2.054998,0.5260063,-1.4465289,-0.18371773,2.1891882
2263,2026-05-11 16:15:40.821237,2.447155,2.054998,0.5260063,-1.2331842,-0.03940081,1.5771013
2264,2026-05-11 16:15:40.823965,2.447155,2.054998,0.5260063,-1.2331842,-0.03940081,1.5771013
2265,2026-05-11 16:15:40.826577,2.447155,2.054998,0.5260063,-1.2331842,-0.03940081,1.5771013
2266,2026-05-11 16:15:40.829147,2.447155,2.054998,0.5260063,-1.2331842,-0.03940081,1.5771013
2267,2026-05-11 16:15:40.832233,2.3631258,2.0088975,0.8011443,-1.2331842,-0.03940081,1.5771013
2268,2026-05-11 16:15:40.834989,2.3631258,2.0088975,0.8011443,-1.2331842,-0.03940081,1.5771013
2269,2026-05-11 16:15:40.837604,2.3631258,2.0088975,0.8011443,-1.2331842,-0.03940081,1.5771013
2270,2026-05-11 16:15:40.840314,2.3631258,2.0088975,0.8011443,-1.2331842,-0.03940081,1.5771013
2271,2026-05-11 16:15:40.842977,2.3631258,2.0088975,0.8011443,-0.1769982,0.32146785,0.5172501
2272,2026-05-11 16:15:40.845822,2.3631258,2.0088975,0.8011443,-0.1769982,0.32146785,0.5172501
2273,2026-05-11 16:15:40.848487,2.3631258,2.0088975,0.8011443,-0.1769982,0.32146785,0.5172501
2274,2026-05-11 16:15:40.851664,2.3631258,2.0088975,0.8011443,-0.1769982,0.32146785,0.5172501
2275,2026-05-11 16:15:40.854478,2.3631258,2.0088975,0.8011443,-0.1769982,0.32146785,0.5172501
2276,2026-05-11 16:15:40.857171,2.3631258,2.0088975,0.8011443,-0.1769982,0.32146785,0.5172501
2277,2026-05-11 16:15:40.859798,2.3631258,2.0088975,0.8011443,-0.1769982,0.32146785,0.5172501
2278,2026-05-11 16:15:40.862469,2.1098182,1.8929764,1.0583545,0.9737192,0.50640726,-0.21120666
2279,2026-05-11 16:15:40.865476,2.1098182,1.8929764,1.0583545,0.9737192,0.50640726,-0.21120666
2280,2026-05-11 16:15:40.868277,2.1098182,1.8929764,1.0583545,0.9737192,0.50640726,-0.21120666
2281,2026-05-11 16:15:40.870936,2.1098182,1.8929764,1.0583545,0.9737192,0.50640726,-0.21120666
2282,2026-05-11 16:15:40.873537,2.1098182,1.8929764,1.0583545,0.9737192,0.50640726,-0.21120666
2283,2026-05-11 16:15:40.876220,1.923283,1.7728474,0.9224319,1.9034561,0.42836925,-0.8978192
2284,2026-05-11 16:15:40.878949,1.8212038,1.6523526,0.56869173,1.9034561,0.42836925,-0.8978192
2285,2026-05-11 16:15:40.881606,1.8212038,1.6523526,0.56869173,1.9034561,0.42836925,-0.8978192
2286,2026-05-11 16:15:40.884651,1.8212038,1.6523526,0.56869173,1.9034561,0.42836925,-0.8978192
2287,2026-05-11 16:15:40.887417,1.8212038,1.6523526,0.56869173,1.9034561,0.42836925,-0.8978192
2288,2026-05-11 16:15:40.890181,1.8212038,1.6523526,0.56869173,1.9034561,0.42836925,-0.8978192
2289,2026-05-11 16:15:40.892857,1.8212038,1.6523526,0.56869173,1.9034561,0.42836925,-0.8978192
2290,2026-05-11 16:15:40.895523,1.8212038,1.6523526,0.56869173,1.9034561,0.42836925,-0.8978192
2291,2026-05-11 16:15:40.898130,1.8212038,1.6523526,0.56869173,2.3258693,0.2452624,-1.4416419
2292,2026-05-11 16:15:40.901233,1.8212038,1.6523526,0.56869173,2.3258693,0.2452624,-1.4416419
2293,2026-05-11 16:15:40.904007,1.8212038,1.6523526,0.56869173,2.3258693,0.2452624,-1.4416419
2294,2026-05-11 16:15:40.906825,1.758944,1.5658841,0.28782168,2.3258693,0.2452624,-1.4416419
2295,2026-05-11 16:15:40.909416,1.758944,1.5658841,0.28782168,2.3258693,0.2452624,-1.4416419
2296,2026-05-11 16:15:40.912083,1.758944,1.5658841,0.28782168,2.3258693,0.2452624,-1.4416419
2297,2026-05-11 16:15:40.914950,1.7215028,1.472342,0.041038983,2.3162482,-0.37308595,-2.6554313
2298,2026-05-11 16:15:40.917924,1.7215028,1.472342,0.041038983,2.3162482,-0.37308595,-2.6554313
2299,2026-05-11 16:15:40.920826,1.7041237,1.3678846,-0.24166043,2.3162482,-0.37308595,-2.6554313
2300,2026-05-11 16:15:40.923513,1.7041237,1.3678846,-0.24166043,2.3162482,-0.37308595,-2.6554313
2301,2026-05-11 16:15:40.926267,1.7041237,1.3678846,-0.24166043,2.3162482,-0.37308595,-2.6554313
2302,2026-05-11 16:15:40.928958,1.7357111,1.2886118,-0.38246134,2.3162482,-0.37308595,-2.6554313
2303,2026-05-11 16:15:40.931948,1.7357111,1.2886118,-0.38246134,2.3162482,-0.37308595,-2.6554313
2304,2026-05-11 16:15:40.934758,1.7357111,1.2886118,-0.38246134,2.3162482,-0.37308595,-2.6554313
2305,2026-05-11 16:15:40.937528,1.7357111,1.2886118,-0.38246134,2.3162482,-0.37308595,-2.6554313
2306,2026-05-11 16:15:40.940168,1.7357111,1.2886118,-0.38246134,1.7886134,-0.5694791,-3.031266
2307,2026-05-11 16:15:40.942854,1.7357111,1.2886118,-0.38246134,1.7886134,-0.5694791,-3.031266
2308,2026-05-11 16:15:40.945426,1.7357111,1.2886118,-0.38246134,1.7886134,-0.5694791,-3.031266
2309,2026-05-11 16:15:40.948123,1.7357111,1.2886118,-0.38246134,1.7886134,-0.5694791,-3.031266
2310,2026-05-11 16:15:40.951178,1.7357111,1.2886118,-0.38246134,1.7886134,-0.5694791,-3.031266
2311,2026-05-11 16:15:40.953949,1.7357111,1.2886118,-0.38246134,1.7886134,-0.5694791,-3.031266
2312,2026-05-11 16:15:40.956630,1.7357111,1.2886118,-0.38246134,1.2571607,-0.5992588,-3.2343788
2313,2026-05-11 16:15:40.959450,1.7357111,1.2886118,-0.38246134,1.2571607,-0.5992588,-3.2343788
2314,2026-05-11 16:15:40.962090,1.7449799,1.2327548,-0.36166742,1.2571607,-0.5992588,-3.2343788
2315,2026-05-11 16:15:40.964653,1.7449799,1.2327548,-0.36166742,1.2571607,-0.5992588,-3.2343788
2316,2026-05-11 16:15:40.967871,1.7894946,1.1754954,-0.18098617,0.70906186,-0.5881105,-3.4138205
2317,2026-05-11 16:15:40.970715,1.7894946,1.1754954,-0.18098617,0.70906186,-0.5881105,-3.4138205
2318,2026-05-11 16:15:40.973504,1.7894946,1.1754954,-0.18098617,0.70906186,-0.5881105,-3.4138205
2319,2026-05-11 16:15:40.976094,1.7894946,1.1754954,-0.18098617,0.70906186,-0.5881105,-3.4138205
2320,2026-05-11 16:15:40.978758,1.7894946,1.1754954,-0.18098617,0.70906186,-0.5881105,-3.4138205
2321,2026-05-11 16:15:40.981425,1.7894946,1.1754954,-0.18098617,0.70906186,-0.5881105,-3.4138205
2322,2026-05-11 16:15:40.987587,1.7894946,1.1754954,-0.18098617,0.70906186,-0.5881105,-3.4138205
2323,2026-05-11 16:15:41.011082,1.7894946,1.1754954,-0.18098617,0.4970916,-0.56688297,-3.4926221
2324,2026-05-11 16:15:41.020913,1.9910918,1.2758061,0.19934091,0.081397794,-0.59681535,-3.8461604
2325,2026-05-11 16:15:41.024283,1.9910918,1.2758061,0.19934091,0.081397794,-0.59681535,-3.8461604
2326,2026-05-11 16:15:41.027175,1.9910918,1.2758061,0.19934091,0.081397794,-0.59681535,-3.8461604
2327,2026-05-11 16:15:41.030032,1.9910918,1.2758061,0.19934091,0.081397794,-0.59681535,-3.8461604
2328,2026-05-11 16:15:41.033480,1.9910918,1.2758061,0.19934091,0.081397794,-0.59681535,-3.8461604
2329,2026-05-11 16:15:41.036231,1.9910918,1.2758061,0.19934091,0.081397794,-0.59681535,-3.8461604
2330,2026-05-11 16:15:41.038993,1.9910918,1.2758061,0.19934091,0.081397794,-0.59681535,-3.8461604
2331,2026-05-11 16:15:41.041825,1.9910918,1.2758061,0.19934091,0.081397794,-0.59681535,-3.8461604
2332,2026-05-11 16:15:41.044688,1.9910918,1.2758061,0.19934091,-0.07147124,-0.61254513,-4.0146065
2333,2026-05-11 16:15:41.047522,1.9910918,1.2758061,0.19934091,-0.07147124,-0.61254513,-4.0146065
2334,2026-05-11 16:15:41.050765,1.9910918,1.2758061,0.19934091,-0.07147124,-0.61254513,-4.0146065
2335,2026-05-11 16:15:41.053644,1.9910918,1.2758061,0.19934091,-0.07147124,-0.61254513,-4.0146065
2336,2026-05-11 16:15:41.056304,1.9910918,1.2758061,0.19934091,-0.07147124,-0.61254513,-4.0146065
2337,2026-05-11 16:15:41.059113,2.0290818,1.2304986,0.24952675,-0.07147124,-0.61254513,-4.0146065
2338,2026-05-11 16:15:41.061964,2.0290818,1.2304986,0.24952675,-0.07147124,-0.61254513,-4.0146065
2339,2026-05-11 16:15:41.064713,2.0100563,1.1189677,0.26324704,-0.26236662,-0.5537493,-4.1479278
2340,2026-05-11 16:15:41.067907,2.0100563,1.1189677,0.26324704,-0.26236662,-0.5537493,-4.1479278
2341,2026-05-11 16:15:41.070728,2.0100563,1.1189677,0.26324704,-0.26236662,-0.5537493,-4.1479278
2342,2026-05-11 16:15:41.073630,2.0100563,1.1189677,0.26324704,-0.49403727,-0.40332377,-4.26445
2343,2026-05-11 16:15:41.076348,2.0100563,1.1189677,0.26324704,-0.7431176,-0.11560625,-4.4710755
2344,2026-05-11 16:15:41.079096,2.0100563,1.1189677,0.26324704,-0.7431176,-0.11560625,-4.4710755
2345,2026-05-11 16:15:41.082265,2.0100563,1.1189677,0.26324704,-0.7431176,-0.11560625,-4.4710755
2346,2026-05-11 16:15:41.085039,2.0100563,1.1189677,0.26324704,-0.7431176,-0.11560625,-4.4710755
2347,2026-05-11 16:15:41.087733,1.9158435,0.872368,0.34642264,-0.7431176,-0.11560625,-4.4710755
2348,2026-05-11 16:15:41.090336,1.9158435,0.872368,0.34642264,-0.7431176,-0.11560625,-4.4710755
2349,2026-05-11 16:15:41.093167,1.8053491,0.6302197,0.47777176,-0.7431176,-0.11560625,-4.4710755
2350,2026-05-11 16:15:41.095886,1.8053491,0.6302197,0.47777176,-0.6751588,-0.11377365,-4.6520443
2351,2026-05-11 16:15:41.098831,1.6116184,0.34154433,0.5633865,-0.32146785,-0.29901853,-4.8511863
2352,2026-05-11 16:15:41.102009,1.6116184,0.34154433,0.5633865,-0.32146785,-0.29901853,-4.8511863
2353,2026-05-11 16:15:41.104626,1.6116184,0.34154433,0.5633865,-0.32146785,-0.29901853,-4.8511863
2354,2026-05-11 16:15:41.107204,1.6116184,0.34154433,0.5633865,-0.32146785,-0.29901853,-4.8511863
2355,2026-05-11 16:15:41.109880,1.6116184,0.34154433,0.5633865,0.29901853,-0.6363689,-5.0781226
2356,2026-05-11 16:15:41.112450,1.6116184,0.34154433,0.5633865,0.29901853,-0.6363689,-5.0781226
2357,2026-05-11 16:15:41.115435,1.3067836,0.015488708,0.5520444,0.29901853,-0.6363689,-5.0781226
2358,2026-05-11 16:15:41.118367,1.3067836,0.015488708,0.5520444,0.29901853,-0.6363689,-5.0781226
2359,2026-05-11 16:15:41.120967,1.3067836,0.015488708,0.5520444,0.29901853,-0.6363689,-5.0781226
2360,2026-05-11 16:15:41.123791,1.3067836,0.015488708,0.5520444,0.29901853,-0.6363689,-5.0781226
2361,2026-05-11 16:15:41.126528,1.3067836,0.015488708,0.5520444,0.29901853,-0.6363689,-5.0781226
2362,2026-05-11 16:15:41.129252,1.1293342,-0.1437279,0.5216768,0.7150178,-0.869414,-5.1471505
2363,2026-05-11 16:15:41.132183,1.1293342,-0.1437279,0.5216768,0.7150178,-0.869414,-5.1471505
2364,2026-05-11 16:15:41.135328,1.1293342,-0.1437279,0.5216768,1.099252,-1.0845913,-5.097518
2365,2026-05-11 16:15:41.138210,0.81827945,-0.37209487,0.45752668,1.099252,-1.0845913,-5.097518
2366,2026-05-11 16:15:41.141006,0.81827945,-0.37209487,0.45752668,1.099252,-1.0845913,-5.097518
2367,2026-05-11 16:15:41.143785,0.49008957,-0.52033526,0.3881324,1.500285,-1.2672399,-4.8718033
2368,2026-05-11 16:15:41.146497,0.49008957,-0.52033526,0.3881324,1.500285,-1.2672399,-4.8718033
2369,2026-05-11 16:15:41.149529,0.18927933,-0.58332676,0.29867595,1.817935,-1.3420709,-4.4860415
2370,2026-05-11 16:15:41.152445,-0.015000875,-0.6047304,0.20915854,1.817935,-1.3420709,-4.4860415
2371,2026-05-11 16:15:41.155040,-0.015000875,-0.6047304,0.20915854,1.817935,-1.3420709,-4.4860415
2372,2026-05-11 16:15:41.157845,-0.015000875,-0.6047304,0.20915854,1.817935,-1.3420709,-4.4860415
2373,2026-05-11 16:15:41.160723,-0.015000875,-0.6047304,0.20915854,2.0935879,-1.3376422,-3.6769507
2374,2026-05-11 16:15:41.163342,-0.015000875,-0.6047304,0.20915854,2.0935879,-1.3376422,-3.6769507
2375,2026-05-11 16:15:41.166361,-0.18165694,-0.6085111,0.11890938,2.0935879,-1.3376422,-3.6769507
2376,2026-05-11 16:15:41.169044,-0.18165694,-0.6085111,0.11890938,2.0935879,-1.3376422,-3.6769507
2377,2026-05-11 16:15:41.171747,-0.18165694,-0.6085111,0.11890938,2.0935879,-1.3376422,-3.6769507
2378,2026-05-11 16:15:41.174423,-0.18165694,-0.6085111,0.11890938,2.0935879,-1.3376422,-3.6769507
2379,2026-05-11 16:15:41.177013,-0.18165694,-0.6085111,0.11890938,2.0935879,-1.3376422,-3.6769507
2380,2026-05-11 16:15:41.179645,-0.18165694,-0.6085111,0.11890938,2.0935879,-1.3376422,-3.6769507
2381,2026-05-11 16:15:41.182706,-0.44039157,-0.62009716,-0.036953375,2.0935879,-1.3376422,-3.6769507
2382,2026-05-11 16:15:41.185459,-0.44039157,-0.62009716,-0.036953375,2.0935879,-1.3376422,-3.6769507
2383,2026-05-11 16:15:41.188068,-0.44039157,-0.62009716,-0.036953375,2.0877848,-1.1882856,-2.9023736
2384,2026-05-11 16:15:41.190735,-0.4764912,-0.62284124,-0.059515666,2.0877848,-1.1882856,-2.9023736
2385,2026-05-11 16:15:41.193575,-0.4764912,-0.62284124,-0.059515666,2.0877848,-1.1882856,-2.9023736
2386,2026-05-11 16:15:41.196163,-0.4764912,-0.62284124,-0.059515666,2.0877848,-1.1882856,-2.9023736
2387,2026-05-11 16:15:41.199206,-0.4764912,-0.62284124,-0.059515666,2.0877848,-1.1882856,-2.9023736
2388,2026-05-11 16:15:41.202090,-0.4764912,-0.62284124,-0.059515666,2.0877848,-1.1882856,-2.9023736
2389,2026-05-11 16:15:41.204927,-0.7252862,-0.61808485,-0.29221216,1.758681,-0.82894415,-1.7757853
2390,2026-05-11 16:15:41.207680,-0.7252862,-0.61808485,-0.29221216,1.758681,-0.82894415,-1.7757853
2391,2026-05-11 16:15:41.210300,-0.7252862,-0.61808485,-0.29221216,1.758681,-0.82894415,-1.7757853
2392,2026-05-11 16:15:41.212913,-0.7252862,-0.61808485,-0.29221216,1.758681,-0.82894415,-1.7757853
2393,2026-05-11 16:15:41.215955,-0.7252862,-0.61808485,-0.29221216,1.758681,-0.82894415,-1.7757853
2394,2026-05-11 16:15:41.218751,-0.7252862,-0.61808485,-0.29221216,1.758681,-0.82894415,-1.7757853
2395,2026-05-11 16:15:41.221492,-0.73638445,-0.61515784,-0.3477642,1.5201381,-0.6826419,-1.2548699
2396,2026-05-11 16:15:41.224110,-0.73638445,-0.61515784,-0.3477642,1.5201381,-0.6826419,-1.2548699
2397,2026-05-11 16:15:41.226979,-0.6786981,-0.591193,-0.3971573,0.70402217,-0.26419923,0.008857546
2398,2026-05-11 16:15:41.229614,-0.6786981,-0.591193,-0.3971573,0.70402217,-0.26419923,0.008857546
2399,2026-05-11 16:15:41.232659,-0.6786981,-0.591193,-0.3971573,0.70402217,-0.26419923,0.008857546
2400,2026-05-11 16:15:41.235629,-0.6786981,-0.591193,-0.3971573,0.70402217,-0.26419923,0.008857546
2401,2026-05-11 16:15:41.238420,-0.5932663,-0.5655818,-0.41429248,0.22937989,0.027641652,0.5439755
2402,2026-05-11 16:15:41.241135,-0.5932663,-0.5655818,-0.41429248,0.22937989,0.027641652,0.5439755
2403,2026-05-11 16:15:41.243864,-0.48301598,-0.5346044,-0.4235003,-0.16081028,0.28893927,0.88193667
2404,2026-05-11 16:15:41.246455,-0.48301598,-0.5346044,-0.4235003,-0.16081028,0.28893927,0.88193667
2405,2026-05-11 16:15:41.249501,-0.48301598,-0.5346044,-0.4235003,-0.16081028,0.28893927,0.88193667
2406,2026-05-11 16:15:41.252492,-0.39465716,-0.5256404,-0.42648828,-0.55481833,0.550695,1.1565206
2407,2026-05-11 16:15:41.255181,-0.39465716,-0.5256404,-0.42648828,-0.55481833,0.550695,1.1565206
2408,2026-05-11 16:15:41.257900,-0.39465716,-0.5256404,-0.42648828,-0.55481833,0.550695,1.1565206
2409,2026-05-11 16:15:41.260713,-0.39465716,-0.5256404,-0.42648828,-1.0009027,0.8434522,1.4155275
2410,2026-05-11 16:15:41.263425,-0.39465716,-0.5256404,-0.42648828,-1.0009027,0.8434522,1.4155275
2411,2026-05-11 16:15:41.266384,-0.39465716,-0.5256404,-0.42648828,-1.0009027,0.8434522,1.4155275
2412,2026-05-11 16:15:41.269290,-0.30245668,-0.5119201,-0.42173192,-1.391551,1.1074986,1.5935947
2413,2026-05-11 16:15:41.272037,-0.30245668,-0.5119201,-0.42173192,-1.391551,1.1074986,1.5935947
2414,2026-05-11 16:15:41.274784,-0.30245668,-0.5119201,-0.42173192,-1.391551,1.1074986,1.5935947
2415,2026-05-11 16:15:41.277526,-0.30245668,-0.5119201,-0.42173192,-1.391551,1.1074986,1.5935947
2416,2026-05-11 16:15:41.280294,-0.22440335,-0.49484593,-0.41112155,-1.391551,1.1074986,1.5935947
2417,2026-05-11 16:15:41.283430,-0.22440335,-0.49484593,-0.41112155,-1.391551,1.1074986,1.5935947
2418,2026-05-11 16:15:41.286309,-0.22440335,-0.49484593,-0.41112155,-1.391551,1.1074986,1.5935947
2419,2026-05-11 16:15:41.289035,-0.19562118,-0.47819862,-0.41295093,-1.6042849,1.2515101,1.6650659
2420,2026-05-11 16:15:41.291887,-0.14933798,-0.4323423,-0.3960597,-2.0532708,1.4957036,1.7844901
2421,2026-05-11 16:15:41.294592,-0.14933798,-0.4323423,-0.3960597,-2.0532708,1.4957036,1.7844901
2422,2026-05-11 16:15:41.297264,-0.14933798,-0.4323423,-0.3960597,-2.0532708,1.4957036,1.7844901
2423,2026-05-11 16:15:41.300540,-0.1235438,-0.39587677,-0.3734974,-2.0532708,1.4957036,1.7844901
2424,2026-05-11 16:15:41.303376,-0.1235438,-0.39587677,-0.3734974,-2.309376,1.5389223,1.8489364
2425,2026-05-11 16:15:41.306101,-0.1235438,-0.39587677,-0.3734974,-2.309376,1.5389223,1.8489364
2426,2026-05-11 16:15:41.308799,-0.1235438,-0.39587677,-0.3734974,-2.309376,1.5389223,1.8489364
2427,2026-05-11 16:15:41.311476,-0.06860156,-0.3553256,-0.3137378,-2.309376,1.5389223,1.8489364
2428,2026-05-11 16:15:41.314148,-0.06860156,-0.3553256,-0.3137378,-2.309376,1.5389223,1.8489364
2429,2026-05-11 16:15:41.317179,-0.06860156,-0.3553256,-0.3137378,-2.309376,1.5389223,1.8489364
2430,2026-05-11 16:15:41.319908,-0.06860156,-0.3553256,-0.3137378,-2.309376,1.5389223,1.8489364
2431,2026-05-11 16:15:41.322470,-0.06860156,-0.3553256,-0.3137378,-2.309376,1.5389223,1.8489364
2432,2026-05-11 16:15:41.325159,-0.06860156,-0.3553256,-0.3137378,-2.309376,1.5389223,1.8489364
2433,2026-05-11 16:15:41.327736,-0.06860156,-0.3553256,-0.3137378,-2.453693,1.483639,1.8768835
2434,2026-05-11 16:15:41.330403,-0.06860156,-0.3553256,-0.3137378,-2.453693,1.483639,1.8768835
2435,2026-05-11 16:15:41.333290,-0.06860156,-0.3553256,-0.3137378,-2.453693,1.483639,1.8768835
2436,2026-05-11 16:15:41.335961,-0.06860156,-0.3553256,-0.3137378,-2.453693,1.483639,1.8768835
2437,2026-05-11 16:15:41.338534,-0.06860156,-0.3553256,-0.3137378,-2.453693,1.483639,1.8768835
2438,2026-05-11 16:15:41.341166,0.0062808543,-0.32794595,-0.204829,-2.5309675,1.2334896,1.8634444
2439,2026-05-11 16:15:41.343750,0.0062808543,-0.32794595,-0.204829,-2.5309675,1.2334896,1.8634444
2440,2026-05-11 16:15:41.346346,0.0062808543,-0.32794595,-0.204829,-2.510198,1.108415,1.8548924
2441,2026-05-11 16:15:41.349377,0.18019344,-0.3070911,0.15817997,-1.9355265,0.16371189,1.7747163
2442,2026-05-11 16:15:41.352110,0.18019344,-0.3070911,0.15817997,-1.9355265,0.16371189,1.7747163
2443,2026-05-11 16:15:41.354736,0.18019344,-0.3070911,0.15817997,-1.9355265,0.16371189,1.7747163
2444,2026-05-11 16:15:41.357280,0.18019344,-0.3070911,0.15817997,-1.9355265,0.16371189,1.7747163
2445,2026-05-11 16:15:41.359993,0.18019344,-0.3070911,0.15817997,-1.9355265,0.16371189,1.7747163
2446,2026-05-11 16:15:41.362561,0.20495099,-0.31477445,0.20208496,-1.9355265,0.16371189,1.7747163
2447,2026-05-11 16:15:41.365639,0.20495099,-0.31477445,0.20208496,-1.9355265,0.16371189,1.7747163
2448,2026-05-11 16:15:41.368435,0.20495099,-0.31477445,0.20208496,-1.9355265,0.16371189,1.7747163
2449,2026-05-11 16:15:41.371064,0.20495099,-0.31477445,0.20208496,-1.9355265,0.16371189,1.7747163
2450,2026-05-11 16:15:41.373662,0.20495099,-0.31477445,0.20208496,-1.0809261,-0.4465425,1.7182112
2451,2026-05-11 16:15:41.376237,0.20495099,-0.31477445,0.20208496,-1.0809261,-0.4465425,1.7182112
2452,2026-05-11 16:15:41.378794,0.20495099,-0.31477445,0.20208496,-1.0809261,-0.4465425,1.7182112
2453,2026-05-11 16:15:41.381518,0.14153264,-0.30605444,0.20476803,-0.5723807,-0.5739079,1.8697058
2454,2026-05-11 16:15:41.384821,0.14153264,-0.30605444,0.20476803,-0.5723807,-0.5739079,1.8697058
2455,2026-05-11 16:15:41.387811,0.14153264,-0.30605444,0.20476803,-0.5723807,-0.5739079,1.8697058
2456,2026-05-11 16:15:41.390632,0.057625312,-0.275199,0.18452296,-0.20341812,-0.79152864,2.6105325
2457,2026-05-11 16:15:41.393430,0.118055664,-0.22550097,0.20245083,-0.20341812,-0.79152864,2.6105325
2458,2026-05-11 16:15:41.396046,0.118055664,-0.22550097,0.20245083,-0.20341812,-0.79152864,2.6105325
2459,2026-05-11 16:15:41.399797,0.35258156,-0.20104831,0.28910223,-0.065209866,-0.9961685,3.0857859
2460,2026-05-11 16:15:41.402802,0.629488,-0.05055173,0.37050945,0.25518894,-1.1519392,4.011705
2461,2026-05-11 16:15:41.405481,0.629488,-0.05055173,0.37050945,0.25518894,-1.1519392,4.011705
2462,2026-05-11 16:15:41.408303,0.629488,-0.05055173,0.37050945,0.25518894,-1.1519392,4.011705
2463,2026-05-11 16:15:41.411003,0.629488,-0.05055173,0.37050945,0.25518894,-1.1519392,4.011705
2464,2026-05-11 16:15:41.413958,0.629488,-0.05055173,0.37050945,0.25518894,-1.1519392,4.011705
2465,2026-05-11 16:15:41.417322,0.7829725,0.15787506,0.1934869,0.040775254,-0.8910997,5.3177347
2466,2026-05-11 16:15:41.420157,0.7829725,0.15787506,0.1934869,0.040775254,-0.8910997,5.3177347
2467,2026-05-11 16:15:41.422959,0.7829725,0.15787506,0.1934869,0.040775254,-0.8910997,5.3177347
2468,2026-05-11 16:15:41.425687,0.7829725,0.15787506,0.1934869,0.040775254,-0.8910997,5.3177347
2469,2026-05-11 16:15:41.428473,1.1072598,0.37721714,0.23086715,-0.29168814,-0.8045095,6.3928576
2470,2026-05-11 16:15:41.431155,1.1072598,0.37721714,0.23086715,-0.29168814,-0.8045095,6.3928576
2471,2026-05-11 16:15:41.434623,1.1072598,0.37721714,0.23086715,-0.29168814,-0.8045095,6.3928576
2472,2026-05-11 16:15:41.437504,1.1072598,0.37721714,0.23086715,-0.29168814,-0.8045095,6.3928576
2473,2026-05-11 16:15:41.440431,1.1072598,0.37721714,0.23086715,-0.4109596,-1.1980594,7.581143
2474,2026-05-11 16:15:41.443260,1.9513334,0.73687226,0.42703712,-0.4109596,-1.1980594,7.581143
2475,2026-05-11 16:15:41.446063,1.9513334,0.73687226,0.42703712,-0.043066,-1.6626225,7.5428114
2476,2026-05-11 16:15:41.449352,3.6486275,1.1186019,0.7181517,-0.043066,-1.6626225,7.5428114
2477,2026-05-11 16:15:41.452381,3.6486275,1.1186019,0.7181517,-0.043066,-1.6626225,7.5428114
2478,2026-05-11 16:15:41.455083,3.6486275,1.1186019,0.7181517,1.022283,-1.6452128,5.60759
2479,2026-05-11 16:15:41.458033,4.0949345,1.3436149,0.7385797,1.022283,-1.6452128,5.60759
2480,2026-05-11 16:15:41.460735,4.0949345,1.3436149,0.7385797,1.022283,-1.6452128,5.60759
2481,2026-05-11 16:15:41.463380,3.9949892,1.4011183,0.6862595,1.022283,-1.6452128,5.60759
2482,2026-05-11 16:15:41.466809,3.9949892,1.4011183,0.6862595,1.022283,-1.6452128,5.60759
2483,2026-05-11 16:15:41.469761,3.9949892,1.4011183,0.6862595,1.022283,-1.6452128,5.60759
2484,2026-05-11 16:15:41.472461,3.9949892,1.4011183,0.6862595,1.022283,-1.6452128,5.60759
2485,2026-05-11 16:15:41.475154,3.9949892,1.4011183,0.6862595,1.022283,-1.6452128,5.60759
2486,2026-05-11 16:15:41.477919,3.9949892,1.4011183,0.6862595,1.022283,-1.6452128,5.60759
2487,2026-05-11 16:15:41.480674,3.9949892,1.4011183,0.6862595,1.022283,-1.6452128,5.60759
2488,2026-05-11 16:15:41.483940,3.9949892,1.4011183,0.6862595,1.022283,-1.6452128,5.60759
2489,2026-05-11 16:15:41.486826,3.0301158,1.5096612,0.29026082,1.6959146,-0.6765333,3.6726747
2490,2026-05-11 16:15:41.489454,3.0301158,1.5096612,0.29026082,1.6959146,-0.6765333,3.6726747
2491,2026-05-11 16:15:41.492323,2.56143,1.5932636,-0.043417167,1.6959146,-0.6765333,3.6726747
2492,2026-05-11 16:15:41.495230,2.7123535,1.829863,-0.15561883,-0.674548,0.38087448,3.383888
2493,2026-05-11 16:15:41.498056,2.7123535,1.829863,-0.15561883,-0.674548,0.38087448,3.383888
2494,2026-05-11 16:15:41.501422,2.7123535,1.829863,-0.15561883,-0.674548,0.38087448,3.383888
2495,2026-05-11 16:15:41.504222,2.7123535,1.829863,-0.15561883,-0.674548,0.38087448,3.383888
2496,2026-05-11 16:15:41.506931,2.7123535,1.829863,-0.15561883,-0.674548,0.38087448,3.383888
2497,2026-05-11 16:15:41.509654,2.7123535,1.829863,-0.15561883,-0.674548,0.38087448,3.383888
2498,2026-05-11 16:15:41.512388,2.7123535,1.829863,-0.15561883,-0.674548,0.38087448,3.383888
2499,2026-05-11 16:15:41.515784,2.7123535,1.829863,-0.15561883,-0.674548,0.38087448,3.383888
2500,2026-05-11 16:15:41.518579,2.7123535,1.829863,-0.15561883,-0.674548,0.38087448,3.383888
2501,2026-05-11 16:15:41.521290,2.7123535,1.829863,-0.15561883,-0.674548,0.38087448,3.383888
2502,2026-05-11 16:15:41.524075,2.7123535,1.829863,-0.15561883,-0.674548,0.38087448,3.383888
2503,2026-05-11 16:15:41.526765,2.91267,2.0881095,0.32300666,-1.1200215,0.48059824,2.3415992
2504,2026-05-11 16:15:41.529407,2.91267,2.0881095,0.32300666,-1.1200215,0.48059824,2.3415992
2505,2026-05-11 16:15:41.532734,2.91267,2.0881095,0.32300666,-1.1200215,0.48059824,2.3415992
2506,2026-05-11 16:15:41.535779,2.646008,2.0777433,0.4051456,-0.8773552,0.75808376,0.30925053
2507,2026-05-11 16:15:41.538495,2.646008,2.0777433,0.4051456,-0.8773552,0.75808376,0.30925053
2508,2026-05-11 16:15:41.541161,2.646008,2.0777433,0.4051456,-0.8773552,0.75808376,0.30925053
2509,2026-05-11 16:15:41.544081,2.646008,2.0777433,0.4051456,-0.8773552,0.75808376,0.30925053
2510,2026-05-11 16:15:41.546790,2.646008,2.0777433,0.4051456,-0.8773552,0.75808376,0.30925053
2511,2026-05-11 16:15:41.550178,2.646008,2.0777433,0.4051456,-0.8773552,0.75808376,0.30925053
2512,2026-05-11 16:15:41.553008,2.646008,2.0777433,0.4051456,-0.8773552,0.75808376,0.30925053
2513,2026-05-11 16:15:41.555734,2.646008,2.0777433,0.4051456,-0.8773552,0.75808376,0.30925053
2514,2026-05-11 16:15:41.558377,2.646008,2.0777433,0.4051456,-0.8773552,0.75808376,0.30925053
2515,2026-05-11 16:15:41.560972,1.5010022,1.3959961,0.46057564,-0.8773552,0.75808376,0.30925053
2516,2026-05-11 16:15:41.563891,1.5010022,1.3959961,0.46057564,-0.8773552,0.75808376,0.30925053
2517,2026-05-11 16:15:41.567163,1.3381268,1.2314132,0.4346595,0.4166101,1.0360274,-2.1198552
2518,2026-05-11 16:15:41.570220,1.3381268,1.2314132,0.4346595,0.4166101,1.0360274,-2.1198552
2519,2026-05-11 16:15:41.572937,1.3381268,1.2314132,0.4346595,0.4166101,1.0360274,-2.1198552
2520,2026-05-11 16:15:41.575630,1.3381268,1.2314132,0.4346595,0.4166101,1.0360274,-2.1198552
2521,2026-05-11 16:15:41.578451,1.3381268,1.2314132,0.4346595,0.4166101,1.0360274,-2.1198552
2522,2026-05-11 16:15:41.581194,1.3381268,1.2314132,0.4346595,0.4166101,1.0360274,-2.1198552
2523,2026-05-11 16:15:41.584667,1.3381268,1.2314132,0.4346595,0.4166101,1.0360274,-2.1198552
2524,2026-05-11 16:15:41.587672,1.3381268,1.2314132,0.4346595,1.0009027,0.9737192,-2.4721715
2525,2026-05-11 16:15:41.590497,1.3381268,1.2314132,0.4346595,1.0009027,0.9737192,-2.4721715
2526,2026-05-11 16:15:41.593323,1.3381268,1.2314132,0.4346595,1.0009027,0.9737192,-2.4721715
2527,2026-05-11 16:15:41.596102,1.2730011,1.1407373,0.35483778,1.336115,0.8729264,-2.630233
2528,2026-05-11 16:15:41.599145,1.2730011,1.1407373,0.35483778,1.336115,0.8729264,-2.630233
2529,2026-05-11 16:15:41.602165,1.2730011,1.1407373,0.35483778,1.336115,0.8729264,-2.630233
2530,2026-05-11 16:15:41.605101,1.897123,1.0666476,-0.074272625,1.811979,0.4720461,-2.9917126
2531,2026-05-11 16:15:41.607927,1.897123,1.0666476,-0.074272625,1.6730071,0.312763,-3.5401168
2532,2026-05-11 16:15:41.610731,1.897123,1.0666476,-0.074272625,1.6730071,0.312763,-3.5401168
2533,2026-05-11 16:15:41.613344,1.897123,1.0666476,-0.074272625,1.6730071,0.312763,-3.5401168
2534,2026-05-11 16:15:41.616601,2.0095685,0.9481041,-0.12866604,1.0138836,0.41157046,-4.512309
2535,2026-05-11 16:15:41.619481,2.028777,0.72943276,-0.14671588,1.0138836,0.41157046,-4.512309
2536,2026-05-11 16:15:41.622160,2.028777,0.72943276,-0.14671588,1.0138836,0.41157046,-4.512309
2537,2026-05-11 16:15:41.624784,2.028777,0.72943276,-0.14671588,1.0138836,0.41157046,-4.512309
2538,2026-05-11 16:15:41.627535,1.8241918,0.330751,0.2151345,0.5233588,0.9279043,-5.2242723
2539,2026-05-11 16:15:41.630286,1.8241918,0.330751,0.2151345,0.5233588,0.9279043,-5.2242723
2540,2026-05-11 16:15:41.633358,1.5943613,0.26099083,0.22958656,0.5233588,0.9279043,-5.2242723
2541,2026-05-11 16:15:41.636136,1.5943613,0.26099083,0.22958656,0.5233588,0.9279043,-5.2242723
2542,2026-05-11 16:15:41.638742,1.5943613,0.26099083,0.22958656,0.5233588,0.9279043,-5.2242723
2543,2026-05-11 16:15:41.641552,1.5943613,0.26099083,0.22958656,0.5233588,0.9279043,-5.2242723
2544,2026-05-11 16:15:41.644158,1.5943613,0.26099083,0.22958656,0.5233588,0.9279043,-5.2242723
2545,2026-05-11 16:15:41.646858,1.5943613,0.26099083,0.22958656,0.7454083,0.7609854,-5.1970887
2546,2026-05-11 16:15:41.649866,1.5943613,0.26099083,0.22958656,0.7454083,0.7609854,-5.1970887
2547,2026-05-11 16:15:41.652682,1.5943613,0.26099083,0.22958656,0.7454083,0.7609854,-5.1970887
2548,2026-05-11 16:15:41.655445,1.4192291,0.27629662,0.18952326,0.88193667,0.53878313,-5.045747
2549,2026-05-11 16:15:41.658047,1.4192291,0.27629662,0.18952326,0.88193667,0.53878313,-5.045747
2550,2026-05-11 16:15:41.660709,1.4192291,0.27629662,0.18952326,1.1152872,-0.48823404,-4.4652724
2551,2026-05-11 16:15:41.663266,1.4192291,0.27629662,0.18952326,1.1152872,-0.48823404,-4.4652724
2552,2026-05-11 16:15:41.666445,1.4192291,0.27629662,0.18952326,1.1152872,-0.48823404,-4.4652724
2553,2026-05-11 16:15:41.669271,1.4192291,0.27629662,0.18952326,1.1152872,-0.48823404,-4.4652724
2554,2026-05-11 16:15:41.671989,1.4192291,0.27629662,0.18952326,1.1152872,-0.48823404,-4.4652724
2555,2026-05-11 16:15:41.674664,1.132505,-0.28465074,0.22970851,1.3692545,-0.6693556,-4.4235806
2556,2026-05-11 16:15:41.677437,1.132505,-0.28465074,0.22970851,1.3692545,-0.6693556,-4.4235806
2557,2026-05-11 16:15:41.680035,1.132505,-0.28465074,0.22970851,1.5031867,-0.8356637,-4.363258
2558,2026-05-11 16:15:41.682926,1.132505,-0.28465074,0.22970851,1.5031867,-0.8356637,-4.363258
2559,2026-05-11 16:15:41.685624,1.132505,-0.28465074,0.22970851,1.5031867,-0.8356637,-4.363258
2560,2026-05-11 16:15:41.688190,1.132505,-0.28465074,0.22970851,1.5031867,-0.8356637,-4.363258
2561,2026-05-11 16:15:41.690935,1.132505,-0.28465074,0.22970851,1.5031867,-0.8356637,-4.363258
2562,2026-05-11 16:15:41.693700,1.132505,-0.28465074,0.22970851,1.5031867,-0.8356637,-4.363258
2563,2026-05-11 16:15:41.696609,0.4471602,-0.57033813,-0.025977125,1.6175711,-1.2308935,-4.140139
2564,2026-05-11 16:15:41.699616,0.4471602,-0.57033813,-0.025977125,1.3817772,-1.789377,-3.3819027
2565,2026-05-11 16:15:41.702431,0.4471602,-0.57033813,-0.025977125,1.3817772,-1.789377,-3.3819027
2566,2026-05-11 16:15:41.705046,0.0043905,-0.6553431,-0.13604453,1.3817772,-1.789377,-3.3819027
2567,2026-05-11 16:15:41.707610,0.0043905,-0.6553431,-0.13604453,1.3817772,-1.789377,-3.3819027
2568,2026-05-11 16:15:41.710388,0.0043905,-0.6553431,-0.13604453,1.3817772,-1.789377,-3.3819027
2569,2026-05-11 16:15:41.713025,-0.20543882,-0.6510746,-0.14763056,1.3817772,-1.789377,-3.3819027
2570,2026-05-11 16:15:41.716295,-0.20543882,-0.6510746,-0.14763056,1.3817772,-1.789377,-3.3819027
2571,2026-05-11 16:15:41.719153,-0.20543882,-0.6510746,-0.14763056,1.3817772,-1.789377,-3.3819027
2572,2026-05-11 16:15:41.721771,-0.20543882,-0.6510746,-0.14763056,1.3817772,-1.789377,-3.3819027
2573,2026-05-11 16:15:41.724471,-0.20543882,-0.6510746,-0.14763056,1.185384,-1.9359847,-2.8712194
2574,2026-05-11 16:15:41.727060,-0.20543882,-0.6510746,-0.14763056,1.185384,-1.9359847,-2.8712194
2575,2026-05-11 16:15:41.729679,-0.20543882,-0.6510746,-0.14763056,1.185384,-1.9359847,-2.8712194
2576,2026-05-11 16:15:41.732809,-0.20543882,-0.6510746,-0.14763056,0.9540188,-1.8976529,-2.2634084
2577,2026-05-11 16:15:41.735751,-0.36203334,-0.6560749,-0.15702136,0.9540188,-1.8976529,-2.2634084
2578,2026-05-11 16:15:41.738436,-0.36203334,-0.6560749,-0.15702136,0.9540188,-1.8976529,-2.2634084
2579,2026-05-11 16:15:41.741031,-0.36203334,-0.6560749,-0.15702136,0.9540188,-1.8976529,-2.2634084
2580,2026-05-11 16:15:41.743986,-0.36203334,-0.6560749,-0.15702136,0.46914452,-1.5225816,-0.80909103
2581,2026-05-11 16:15:41.746646,-0.36203334,-0.6560749,-0.15702136,0.46914452,-1.5225816,-0.80909103
2582,2026-05-11 16:15:41.749731,-0.36203334,-0.6560749,-0.15702136,0.46914452,-1.5225816,-0.80909103
2583,2026-05-11 16:15:41.752580,-0.36203334,-0.6560749,-0.15702136,0.46914452,-1.5225816,-0.80909103
2584,2026-05-11 16:15:41.755167,-0.36203334,-0.6560749,-0.15702136,0.030695979,-1.1029172,0.5491679
2585,2026-05-11 16:15:41.757968,-0.73723817,-0.5333848,-0.21269535,0.030695979,-1.1029172,0.5491679
2586,2026-05-11 16:15:41.760809,-0.70943165,-0.49380928,-0.20714624,-0.116217114,-0.9613492,0.98929626
2587,2026-05-11 16:15:41.763463,-0.70943165,-0.49380928,-0.20714624,-0.116217114,-0.9613492,0.98929626
2588,2026-05-11 16:15:41.766548,-0.70943165,-0.49380928,-0.20714624,-0.116217114,-0.9613492,0.98929626
2589,2026-05-11 16:15:41.769377,-0.70943165,-0.49380928,-0.20714624,-0.116217114,-0.9613492,0.98929626
2590,2026-05-11 16:15:41.772061,-0.70943165,-0.49380928,-0.20714624,-0.116217114,-0.9613492,0.98929626
2591,2026-05-11 16:15:41.774808,-0.70943165,-0.49380928,-0.20714624,-0.116217114,-0.9613492,0.98929626
2592,2026-05-11 16:15:41.777447,-0.70943165,-0.49380928,-0.20714624,-1.3594806,0.5844453,3.2188017
2593,2026-05-11 16:15:41.780017,-0.70943165,-0.49380928,-0.20714624,-1.3594806,0.5844453,3.2188017
2594,2026-05-11 16:15:41.783496,-0.0028050416,-0.18781583,-0.088114895,-1.5653422,0.893085,3.2992833
2595,2026-05-11 16:15:41.786271,-0.0028050416,-0.18781583,-0.088114895,-1.6540704,1.0598512,3.2840116
2596,2026-05-11 16:15:41.788862,-0.0028050416,-0.18781583,-0.088114895,-1.6540704,1.0598512,3.2840116
2597,2026-05-11 16:15:41.791549,0.100554645,-0.16007032,-0.061345045,-1.6540704,1.0598512,3.2840116
2598,2026-05-11 16:15:41.794220,0.193182,-0.12110463,-0.03945352,-1.7182112,1.2105823,3.2171218
2599,2026-05-11 16:15:41.797070,0.193182,-0.12110463,-0.03945352,-1.7182112,1.2105823,3.2171218
2600,2026-05-11 16:15:41.800069,0.30050534,-0.07969977,-0.01603752,-1.7182112,1.2105823,3.2171218
2601,2026-05-11 16:15:41.802894,0.30050534,-0.07969977,-0.01603752,-1.7182112,1.2105823,3.2171218
2602,2026-05-11 16:15:41.805691,0.30050534,-0.07969977,-0.01603752,-1.724778,1.2835805,3.0995302
2603,2026-05-11 16:15:41.808644,0.30050534,-0.07969977,-0.01603752,-1.724778,1.2835805,3.0995302
2604,2026-05-11 16:15:41.811358,0.30050534,-0.07969977,-0.01603752,-1.724778,1.2835805,3.0995302
2605,2026-05-11 16:15:41.814098,0.30050534,-0.07969977,-0.01603752,-1.724778,1.2835805,3.0995302
2606,2026-05-11 16:15:41.817419,0.30050534,-0.07969977,-0.01603752,-1.724778,1.2835805,3.0995302
2607,2026-05-11 16:15:41.820350,0.30050534,-0.07969977,-0.01603752,-1.724778,1.2835805,3.0995302
2608,2026-05-11 16:15:41.823254,0.39166918,-0.04756375,0.008781,-1.724778,1.2835805,3.0995302
2609,2026-05-11 16:15:41.826094,0.39166918,-0.04756375,0.008781,-1.724778,1.2835805,3.0995302
2610,2026-05-11 16:15:41.828866,0.39166918,-0.04756375,0.008781,-1.724778,1.2835805,3.0995302
2611,2026-05-11 16:15:41.831701,0.39166918,-0.04756375,0.008781,-1.6722436,1.2678508,2.9477303
2612,2026-05-11 16:15:41.834923,0.39166918,-0.04756375,0.008781,-1.6722436,1.2678508,2.9477303
2613,2026-05-11 16:15:41.837690,0.39166918,-0.04756375,0.008781,-1.6722436,1.2678508,2.9477303
2614,2026-05-11 16:15:41.840549,0.47551554,-0.016464375,0.04036821,-1.6722436,1.2678508,2.9477303
2615,2026-05-11 16:15:41.843351,0.4905774,0.0073175007,0.05408852,-1.5022703,1.1592696,2.6642888
2616,2026-05-11 16:15:41.846199,0.4905774,0.0073175007,0.05408852,-1.258077,0.9941832,2.3139575
2617,2026-05-11 16:15:41.849269,0.4905774,0.0073175007,0.05408852,-1.258077,0.9941832,2.3139575
2618,2026-05-11 16:15:41.852405,0.4905774,0.0073175007,0.05408852,-1.258077,0.9941832,2.3139575
2619,2026-05-11 16:15:41.855216,0.4905774,0.0073175007,0.05408852,-1.258077,0.9941832,2.3139575
2620,2026-05-11 16:15:41.857871,0.4905774,0.0073175007,0.05408852,-1.258077,0.9941832,2.3139575
2621,2026-05-11 16:15:41.860614,0.44325754,0.006707709,0.060186442,-1.258077,0.9941832,2.3139575
2622,2026-05-11 16:15:41.863356,0.44325754,0.006707709,0.060186442,-0.97158116,0.7883216,1.9743165
2623,2026-05-11 16:15:41.866586,0.44325754,0.006707709,0.060186442,-0.97158116,0.7883216,1.9743165
2624,2026-05-11 16:15:41.869387,0.44325754,0.006707709,0.060186442,-0.97158116,0.7883216,1.9743165
2625,2026-05-11 16:15:41.872021,0.44325754,0.006707709,0.060186442,-0.97158116,0.7883216,1.9743165
2626,2026-05-11 16:15:41.874638,0.44325754,0.006707709,0.060186442,-0.97158116,0.7883216,1.9743165
2627,2026-05-11 16:15:41.877450,0.44325754,0.006707709,0.060186442,-0.97158116,0.7883216,1.9743165
2628,2026-05-11 16:15:41.880104,0.44325754,0.006707709,0.060186442,-0.97158116,0.7883216,1.9743165
2629,2026-05-11 16:15:41.883314,0.44325754,0.006707709,0.060186442,-0.97158116,0.7883216,1.9743165
2630,2026-05-11 16:15:41.886174,0.44325754,0.006707709,0.060186442,-0.97158116,0.7883216,1.9743165
2631,2026-05-11 16:15:41.888862,0.44325754,0.006707709,0.060186442,-0.97158116,0.7883216,1.9743165
2632,2026-05-11 16:15:41.891643,0.44325754,0.006707709,0.060186442,-0.6731735,0.47815478,1.7227927
2633,2026-05-11 16:15:41.894493,0.23397705,-0.17049775,0.07695571,-0.16707164,-0.12492194,1.6351335
2634,2026-05-11 16:15:41.897216,0.23397705,-0.17049775,0.07695571,-0.16707164,-0.12492194,1.6351335
2635,2026-05-11 16:15:41.900263,0.23397705,-0.17049775,0.07695571,-0.16707164,-0.12492194,1.6351335
2636,2026-05-11 16:15:41.903097,0.23397705,-0.17049775,0.07695571,-0.16707164,-0.12492194,1.6351335
2637,2026-05-11 16:15:41.905716,0.23397705,-0.17049775,0.07695571,-0.16707164,-0.12492194,1.6351335
2638,2026-05-11 16:15:41.908458,0.23397705,-0.17049775,0.07695571,-0.16707164,-0.12492194,1.6351335
2639,2026-05-11 16:15:41.911106,0.23397705,-0.17049775,0.07695571,-0.16707164,-0.12492194,1.6351335
2640,2026-05-11 16:15:41.913804,0.25440508,-0.2116587,0.0954324,-0.0033597588,-0.3115413,1.7037032
2641,2026-05-11 16:15:41.916959,0.25440508,-0.2116587,0.0954324,-0.0033597588,-0.3115413,1.7037032
2642,2026-05-11 16:15:41.919906,0.25440508,-0.2116587,0.0954324,0.44501534,-0.6030767,1.9271271
2643,2026-05-11 16:15:41.922609,0.25440508,-0.2116587,0.0954324,0.44501534,-0.6030767,1.9271271
2644,2026-05-11 16:15:41.925258,0.3280679,-0.24312395,0.13116619,0.44501534,-0.6030767,1.9271271
2645,2026-05-11 16:15:41.927872,0.3280679,-0.24312395,0.13116619,0.44501534,-0.6030767,1.9271271
2646,2026-05-11 16:15:41.930461,0.3280679,-0.24312395,0.13116619,0.44501534,-0.6030767,1.9271271
2647,2026-05-11 16:15:41.933486,0.3280679,-0.24312395,0.13116619,0.44501534,-0.6030767,1.9271271
2648,2026-05-11 16:15:41.936292,0.3280679,-0.24312395,0.13116619,0.44501534,-0.6030767,1.9271271
2649,2026-05-11 16:15:41.938931,0.3280679,-0.24312395,0.13116619,0.44501534,-0.6030767,1.9271271
2650,2026-05-11 16:15:41.941518,0.3280679,-0.24312395,0.13116619,0.44501534,-0.6030767,1.9271271
2651,2026-05-11 16:15:41.944232,0.3280679,-0.24312395,0.13116619,0.44501534,-0.6030767,1.9271271
2652,2026-05-11 16:15:41.946868,0.3280679,-0.24312395,0.13116619,0.44501534,-0.6030767,1.9271271
2653,2026-05-11 16:15:41.950171,0.34581286,-0.14537434,0.013659334,0.8436049,-0.85902923,2.5318837
2654,2026-05-11 16:15:41.953031,0.34581286,-0.14537434,0.013659334,0.8436049,-0.85902923,2.5318837
2655,2026-05-11 16:15:41.955750,0.34581286,-0.14537434,0.013659334,0.8436049,-0.85902923,2.5318837
2656,2026-05-11 16:15:41.958515,0.51417637,0.0069516255,-0.010061563,0.8436049,-0.85902923,2.5318837
2657,2026-05-11 16:15:41.961319,0.51417637,0.0069516255,-0.010061563,0.8436049,-0.85902923,2.5318837
2658,2026-05-11 16:15:41.964039,0.51417637,0.0069516255,-0.010061563,0.8436049,-0.85902923,2.5318837
2659,2026-05-11 16:15:41.967167,0.51417637,0.0069516255,-0.010061563,0.86437434,-1.1878275,3.4910948
2660,2026-05-11 16:15:41.970039,1.0204864,0.23635526,0.01981823,0.86437434,-1.1878275,3.4910948
2661,2026-05-11 16:15:41.972715,1.0204864,0.23635526,0.01981823,0.70157874,-1.4475979,4.401131
2662,2026-05-11 16:15:41.975479,1.0204864,0.23635526,0.01981823,0.4540256,-1.348485,4.8776064
2663,2026-05-11 16:15:41.978186,1.0204864,0.23635526,0.01981823,0.4540256,-1.348485,4.8776064
2664,2026-05-11 16:15:41.980893,1.0204864,0.23635526,0.01981823,0.4540256,-1.348485,4.8776064
2665,2026-05-11 16:15:41.983966,1.0204864,0.23635526,0.01981823,0.4540256,-1.348485,4.8776064
2666,2026-05-11 16:15:41.986740,1.6308268,0.42990315,0.030062728,0.4540256,-1.348485,4.8776064
2667,2026-05-11 16:15:41.989553,1.6308268,0.42990315,0.030062728,0.4540256,-1.348485,4.8776064
2668,2026-05-11 16:15:41.992143,1.6308268,0.42990315,0.030062728,0.4540256,-1.348485,4.8776064
2669,2026-05-11 16:15:41.994976,2.2459238,0.87803906,0.03225798,-0.054519724,-0.7686212,5.214193
2670,2026-05-11 16:15:41.997606,2.2459238,0.87803906,0.03225798,-0.054519724,-0.7686212,5.214193
2671,2026-05-11 16:15:42.000697,2.2459238,0.87803906,0.03225798,-0.70432764,-0.019242255,5.6430206
2672,2026-05-11 16:15:42.003537,2.2459238,0.87803906,0.03225798,-0.70432764,-0.019242255,5.6430206
2673,2026-05-11 16:15:42.006138,2.2459238,0.87803906,0.03225798,-0.70432764,-0.019242255,5.6430206
2674,2026-05-11 16:15:42.008876,2.7179635,1.1284195,0.11421398,-1.2498302,0.39858958,6.1318655
2675,2026-05-11 16:15:42.011612,3.8834584,1.5413094,0.13360536,-1.4147639,0.47494772,6.23556
2676,2026-05-11 16:15:42.014268,3.8834584,1.5413094,0.13360536,-1.8478674,0.5897904,5.888283
2677,2026-05-11 16:15:42.017404,3.8834584,1.5413094,0.13360536,-1.8478674,0.5897904,5.888283
2678,2026-05-11 16:15:42.020178,3.8834584,1.5413094,0.13360536,-1.8478674,0.5897904,5.888283
2679,2026-05-11 16:15:42.022797,3.8834584,1.5413094,0.13360536,-2.1140518,0.58459806,4.948467
2680,2026-05-11 16:15:42.025482,3.8834584,1.5413094,0.13360536,-2.1140518,0.58459806,4.948467
2681,2026-05-11 16:15:42.028125,4.232137,1.750468,0.17202222,-2.1140518,0.58459806,4.948467
2682,2026-05-11 16:15:42.030927,4.232137,1.750468,0.17202222,-2.1140518,0.58459806,4.948467
2683,2026-05-11 16:15:42.033852,4.232137,1.750468,0.17202222,-2.272266,0.5187773,3.6743546
2684,2026-05-11 16:15:42.036653,4.130363,1.8924885,0.2795895,-2.272266,0.5187773,3.6743546
2685,2026-05-11 16:15:42.039364,3.7918067,1.9131604,0.43411067,-2.2536347,0.44012842,2.678186
2686,2026-05-11 16:15:42.041995,3.502643,1.9087698,0.56100833,-2.1348214,0.34116822,2.0712914
2687,2026-05-11 16:15:42.051552,3.502643,1.9087698,0.56100833,-2.1348214,0.34116822,2.0712914
2688,2026-05-11 16:15:42.055413,3.502643,1.9087698,0.56100833,-2.1348214,0.34116822,2.0712914
2689,2026-05-11 16:15:42.074523,3.502643,1.9087698,0.56100833,-2.1348214,0.34116822,2.0712914
2690,2026-05-11 16:15:42.078999,3.502643,1.9087698,0.56100833,-2.1348214,0.34116822,2.0712914
2691,2026-05-11 16:15:42.085720,3.502643,1.9087698,0.56100833,-2.1348214,0.34116822,2.0712914
2692,2026-05-11 16:15:42.088582,3.502643,1.9087698,0.56100833,-2.1348214,0.34116822,2.0712914
2693,2026-05-11 16:15:42.091616,2.8888881,1.8719386,0.7254692,-1.593442,0.0125227375,1.077719
2694,2026-05-11 16:15:42.094393,2.555332,1.7397356,0.6653437,-1.593442,0.0125227375,1.077719
2695,2026-05-11 16:15:42.097174,2.555332,1.7397356,0.6653437,-1.593442,0.0125227375,1.077719
2696,2026-05-11 16:15:42.100509,2.555332,1.7397356,0.6653437,-1.593442,0.0125227375,1.077719
2697,2026-05-11 16:15:42.103329,2.555332,1.7397356,0.6653437,-1.1976013,-0.012675454,0.31948254
2698,2026-05-11 16:15:42.106151,2.555332,1.7397356,0.6653437,-1.1976013,-0.012675454,0.31948254
2699,2026-05-11 16:15:42.109107,2.555332,1.7397356,0.6653437,-1.1976013,-0.012675454,0.31948254
2700,2026-05-11 16:15:42.111877,2.2959876,1.6106428,0.5919248,-1.0984885,0.12599096,-0.06291912
2701,2026-05-11 16:15:42.114778,2.0355456,1.4396572,0.5575325,-0.9776898,0.5028948,-0.6908886
2702,2026-05-11 16:15:42.117926,2.0355456,1.4396572,0.5575325,-0.9776898,0.5028948,-0.6908886
2703,2026-05-11 16:15:42.120684,2.0355456,1.4396572,0.5575325,-0.9776898,0.5028948,-0.6908886
2704,2026-05-11 16:15:42.123405,2.0355456,1.4396572,0.5575325,-0.9776898,0.5028948,-0.6908886
2705,2026-05-11 16:15:42.126256,2.0355456,1.4396572,0.5575325,-0.9776898,0.5028948,-0.6908886
2706,2026-05-11 16:15:42.128934,1.6315585,1.270135,0.570826,-0.9776898,0.5028948,-0.6908886
2707,2026-05-11 16:15:42.132028,1.2789161,1.10043,0.5450928,-0.36300668,1.1527027,-1.7140878
2708,2026-05-11 16:15:42.134845,1.2789161,1.10043,0.5450928,-0.36300668,1.1527027,-1.7140878
2709,2026-05-11 16:15:42.137595,1.2789161,1.10043,0.5450928,-0.36300668,1.1527027,-1.7140878
2710,2026-05-11 16:15:42.140177,1.2789161,1.10043,0.5450928,-0.36300668,1.1527027,-1.7140878
2711,2026-05-11 16:15:42.142957,0.9924969,0.8978573,0.38569325,0.13148874,1.270447,-1.947133
2712,2026-05-11 16:15:42.145680,0.9924969,0.8978573,0.38569325,0.54076844,1.2644911,-2.0592268
2713,2026-05-11 16:15:42.148794,0.9924969,0.8978573,0.38569325,0.54076844,1.2644911,-2.0592268
2714,2026-05-11 16:15:42.151584,1.0190839,0.85248876,0.27855286,0.54076844,1.2644911,-2.0592268
2715,2026-05-11 16:15:42.154136,1.0190839,0.85248876,0.27855286,0.54076844,1.2644911,-2.0592268
2716,2026-05-11 16:15:42.156822,1.0190839,0.85248876,0.27855286,0.9246973,1.1667526,-2.1745276
2717,2026-05-11 16:15:42.159391,1.0190839,0.85248876,0.27855286,0.9246973,1.1667526,-2.1745276
2718,2026-05-11 16:15:42.162042,1.1042107,0.85133016,0.19806033,1.1812607,1.0239629,-2.2901337
2719,2026-05-11 16:15:42.165133,1.1042107,0.85133016,0.19806033,1.1812607,1.0239629,-2.2901337
2720,2026-05-11 16:15:42.168083,1.3544083,0.84193933,0.025245376,1.1812607,1.0239629,-2.2901337
2721,2026-05-11 16:15:42.170693,1.3544083,0.84193933,0.025245376,1.1812607,1.0239629,-2.2901337
2722,2026-05-11 16:15:42.173380,1.3544083,0.84193933,0.025245376,1.6432275,0.5102252,-2.7320948
2723,2026-05-11 16:15:42.176078,1.3544083,0.84193933,0.025245376,1.6432275,0.5102252,-2.7320948
2724,2026-05-11 16:15:42.178884,1.3544083,0.84193933,0.025245376,1.6432275,0.5102252,-2.7320948
2725,2026-05-11 16:15:42.181543,1.3544083,0.84193933,0.025245376,1.6432275,0.5102252,-2.7320948
2726,2026-05-11 16:15:42.184798,1.4372181,0.7771795,-0.09585925,1.7692184,0.18432859,-3.1972687
2727,2026-05-11 16:15:42.187531,1.4372181,0.7771795,-0.09585925,1.7692184,0.18432859,-3.1972687
2728,2026-05-11 16:15:42.190252,1.4372181,0.7771795,-0.09585925,1.7139351,-0.06414085,-3.6942077
2729,2026-05-11 16:15:42.193137,1.4372181,0.7771795,-0.09585925,1.7139351,-0.06414085,-3.6942077
2730,2026-05-11 16:15:42.195899,1.4037405,0.720225,-0.17891288,1.4905112,-0.2406809,-4.0165915
2731,2026-05-11 16:15:42.198774,1.3691653,0.66845363,-0.1835473,1.4905112,-0.2406809,-4.0165915
2732,2026-05-11 16:15:42.201943,1.3691653,0.66845363,-0.1835473,1.4905112,-0.2406809,-4.0165915
2733,2026-05-11 16:15:42.204568,1.3691653,0.66845363,-0.1835473,1.4905112,-0.2406809,-4.0165915
2734,2026-05-11 16:15:42.207428,1.3486153,0.5947908,-0.14488651,1.3472633,-0.30558532,-4.135405
2735,2026-05-11 16:15:42.210069,1.3486153,0.5947908,-0.14488651,1.3472633,-0.30558532,-4.135405
2736,2026-05-11 16:15:42.212790,1.3486153,0.5947908,-0.14488651,1.3472633,-0.30558532,-4.135405
2737,2026-05-11 16:15:42.215885,1.3486153,0.5947908,-0.14488651,1.3472633,-0.30558532,-4.135405
2738,2026-05-11 16:15:42.218577,1.3486153,0.5947908,-0.14488651,1.3472633,-0.30558532,-4.135405
2739,2026-05-11 16:15:42.221182,1.3486153,0.5947908,-0.14488651,1.0626001,-0.39690968,-4.3128614
2740,2026-05-11 16:15:42.223951,1.3486153,0.5947908,-0.14488651,1.0626001,-0.39690968,-4.3128614
2741,2026-05-11 16:15:42.226640,1.390081,0.4431966,-0.117384896,0.8801041,-0.4485278,-4.3715043
2742,2026-05-11 16:15:42.229231,1.390081,0.4431966,-0.117384896,0.8801041,-0.4485278,-4.3715043
2743,2026-05-11 16:15:42.232364,1.390081,0.4431966,-0.117384896,0.8801041,-0.4485278,-4.3715043
2744,2026-05-11 16:15:42.235181,1.390081,0.4431966,-0.117384896,0.8801041,-0.4485278,-4.3715043
2745,2026-05-11 16:15:42.237922,1.4817938,0.35367918,-0.09781059,0.8801041,-0.4485278,-4.3715043
2746,2026-05-11 16:15:42.240538,1.4817938,0.35367918,-0.09781059,0.8801041,-0.4485278,-4.3715043
2747,2026-05-11 16:15:42.243381,1.4817938,0.35367918,-0.09781059,0.8801041,-0.4485278,-4.3715043
2748,2026-05-11 16:15:42.246045,1.4817938,0.35367918,-0.09781059,0.8801041,-0.4485278,-4.3715043
2749,2026-05-11 16:15:42.249010,1.4817938,0.35367918,-0.09781059,0.8801041,-0.4485278,-4.3715043
2750,2026-05-11 16:15:42.251741,1.4817938,0.35367918,-0.09781059,0.8801041,-0.4485278,-4.3715043
2751,2026-05-11 16:15:42.254411,1.4817938,0.35367918,-0.09781059,0.8801041,-0.4485278,-4.3715043
2752,2026-05-11 16:15:42.257160,1.4817938,0.35367918,-0.09781059,0.31780264,-0.58352906,-4.4693956
2753,2026-05-11 16:15:42.259993,1.4817938,0.35367918,-0.09781059,0.31780264,-0.58352906,-4.4693956
2754,2026-05-11 16:15:42.262572,1.4817938,0.35367918,-0.09781059,0.31780264,-0.58352906,-4.4693956
2755,2026-05-11 16:15:42.265549,1.4817938,0.35367918,-0.09781059,0.31780264,-0.58352906,-4.4693956
2756,2026-05-11 16:15:42.268411,1.4264857,0.2382456,0.020001167,0.31780264,-0.58352906,-4.4693956
2757,2026-05-11 16:15:42.271035,1.4264857,0.2382456,0.020001167,0.31780264,-0.58352906,-4.4693956
2758,2026-05-11 16:15:42.273834,1.4264857,0.2382456,0.020001167,-0.03390302,-0.6059783,-4.5995097
2759,2026-05-11 16:15:42.276600,1.4264857,0.2382456,0.020001167,-0.03390302,-0.6059783,-4.5995097
2760,2026-05-11 16:15:42.279241,1.4264857,0.2382456,0.020001167,-0.03390302,-0.6059783,-4.5995097
2761,2026-05-11 16:15:42.282253,1.4264857,0.2382456,0.020001167,-0.03390302,-0.6059783,-4.5995097
2762,2026-05-11 16:15:42.285224,1.4264857,0.2382456,0.020001167,-0.03390302,-0.6059783,-4.5995097
2763,2026-05-11 16:15:42.287865,1.4264857,0.2382456,0.020001167,-0.03390302,-0.6059783,-4.5995097
2764,2026-05-11 16:15:42.290556,1.338005,0.1925722,0.09012721,-0.19501872,-0.62796944,-4.6518917
2765,2026-05-11 16:15:42.293282,1.338005,0.1925722,0.09012721,-0.19501872,-0.62796944,-4.6518917
2766,2026-05-11 16:15:42.295955,1.1200044,0.20123126,0.24507529,-0.19501872,-0.62796944,-4.6518917
2767,2026-05-11 16:15:42.298777,1.1200044,0.20123126,0.24507529,-0.19501872,-0.62796944,-4.6518917
2768,2026-05-11 16:15:42.301964,1.1200044,0.20123126,0.24507529,-0.19501872,-0.62796944,-4.6518917
2769,2026-05-11 16:15:42.304592,1.1200044,0.20123126,0.24507529,-0.39400807,-0.7454083,-4.4964266
2770,2026-05-11 16:15:42.307418,1.1200044,0.20123126,0.24507529,-0.39400807,-0.7454083,-4.4964266
2771,2026-05-11 16:15:42.310144,0.7297377,-0.3363001,0.32093337,0.44516805,-1.2223413,-3.7749946
2772,2026-05-11 16:15:42.313079,0.50356597,-0.41526812,0.2239155,0.36636642,-1.0447323,-3.6459491
2773,2026-05-11 16:15:42.316164,0.50356597,-0.41526812,0.2239155,0.36636642,-1.0447323,-3.6459491
2774,2026-05-11 16:15:42.319066,0.50356597,-0.41526812,0.2239155,0.36636642,-1.0447323,-3.6459491
2775,2026-05-11 16:15:42.321787,0.03872177,-0.5140544,0.17604686,0.110872045,-0.5723807,-3.0607402
2776,2026-05-11 16:15:42.324393,0.03872177,-0.5140544,0.17604686,0.110872045,-0.5723807,-3.0607402
2777,2026-05-11 16:15:42.327028,0.03872177,-0.5140544,0.17604686,0.110872045,-0.5723807,-3.0607402
2778,2026-05-11 16:15:42.329713,0.03872177,-0.5140544,0.17604686,0.11346822,-0.32788193,-2.6357307
2779,2026-05-11 16:15:42.332663,0.03872177,-0.5140544,0.17604686,0.11346822,-0.32788193,-2.6357307
2780,2026-05-11 16:15:42.335384,-0.18964522,-0.5332628,0.17019285,0.11346822,-0.32788193,-2.6357307
2781,2026-05-11 16:15:42.338197,-0.5807656,-0.5191157,0.06841862,0.11346822,-0.32788193,-2.6357307
2782,2026-05-11 16:15:42.340854,-0.5807656,-0.5191157,0.06841862,0.34132096,0.041080687,-1.5505288
2783,2026-05-11 16:15:42.343699,-0.5807656,-0.5191157,0.06841862,0.34132096,0.041080687,-1.5505288
2784,2026-05-11 16:15:42.346291,-0.5807656,-0.5191157,0.06841862,0.34132096,0.041080687,-1.5505288
2785,2026-05-11 16:15:42.349202,-0.5807656,-0.5191157,0.06841862,0.34132096,0.041080687,-1.5505288
2786,2026-05-11 16:15:42.352176,-0.5807656,-0.5191157,0.06841862,0.34132096,0.041080687,-1.5505288
2787,2026-05-11 16:15:42.354863,-0.5807656,-0.5191157,0.06841862,0.34132096,0.041080687,-1.5505288
2788,2026-05-11 16:15:42.357533,-0.5807656,-0.5191157,0.06841862,0.34132096,0.041080687,-1.5505288
2789,2026-05-11 16:15:42.360282,-0.5807656,-0.5191157,0.06841862,0.34132096,0.041080687,-1.5505288
2790,2026-05-11 16:15:42.362979,-0.5807656,-0.5191157,0.06841862,0.52687126,-0.037110064,-0.22907446
2791,2026-05-11 16:15:42.366050,-0.5807656,-0.5191157,0.06841862,0.52687126,-0.037110064,-0.22907446
2792,2026-05-11 16:15:42.369076,-0.5807656,-0.5191157,0.06841862,0.52687126,-0.037110064,-0.22907446
2793,2026-05-11 16:15:42.371770,-0.7906559,-0.4913701,-0.10665256,0.52687126,-0.037110064,-0.22907446
2794,2026-05-11 16:15:42.374547,-0.8412076,-0.46764925,-0.19976775,0.52687126,-0.037110064,-0.22907446
2795,2026-05-11 16:15:42.377432,-0.8412076,-0.46764925,-0.19976775,0.52687126,-0.037110064,-0.22907446
2796,2026-05-11 16:15:42.380045,-0.8412076,-0.46764925,-0.19976775,0.52687126,-0.037110064,-0.22907446
2797,2026-05-11 16:15:42.383119,-0.8412076,-0.46764925,-0.19976775,0.52687126,-0.037110064,-0.22907446
2798,2026-05-11 16:15:42.385938,-0.8412076,-0.46764925,-0.19976775,0.52687126,-0.037110064,-0.22907446
2799,2026-05-11 16:15:42.388707,-0.8412076,-0.46764925,-0.19976775,0.52687126,-0.037110064,-0.22907446
2800,2026-05-11 16:15:42.391451,-0.8412076,-0.46764925,-0.19976775,0.52687126,-0.037110064,-0.22907446
2801,2026-05-11 16:15:42.394188,-0.8412076,-0.46764925,-0.19976775,-0.6021604,0.15195273,2.764776
2802,2026-05-11 16:15:42.397010,-0.25586858,-0.28904125,-0.16238752,-0.9121745,0.5016731,3.0521882
2803,2026-05-11 16:15:42.400089,-0.25586858,-0.28904125,-0.16238752,-0.9121745,0.5016731,3.0521882
2804,2026-05-11 16:15:42.402901,-0.25586858,-0.28904125,-0.16238752,-0.9121745,0.5016731,3.0521882
2805,2026-05-11 16:15:42.405685,-0.25586858,-0.28904125,-0.16238752,-0.9121745,0.5016731,3.0521882
2806,2026-05-11 16:15:42.408490,0.05847902,-0.14878917,-0.019574312,-0.9121745,0.5016731,3.0521882
2807,2026-05-11 16:15:42.411231,0.05847902,-0.14878917,-0.019574312,-0.9121745,0.5016731,3.0521882
2808,2026-05-11 16:15:42.414146,0.05847902,-0.14878917,-0.019574312,-1.1953106,1.6009251,3.2113185
2809,2026-05-11 16:15:42.417194,0.05847902,-0.14878917,-0.019574312,-1.1953106,1.6009251,3.2113185
2810,2026-05-11 16:15:42.420005,0.05847902,-0.14878917,-0.019574312,-1.1953106,1.6009251,3.2113185
2811,2026-05-11 16:15:42.422737,0.05847902,-0.14878917,-0.019574312,-1.1953106,1.6009251,3.2113185
2812,2026-05-11 16:15:42.425418,0.20184104,-0.07323598,0.016708292,-1.1953106,1.6009251,3.2113185
2813,2026-05-11 16:15:42.428249,0.20184104,-0.07323598,0.016708292,-1.1953106,1.6009251,3.2113185
2814,2026-05-11 16:15:42.430929,0.20184104,-0.07323598,0.016708292,-1.1953106,1.6009251,3.2113185
2815,2026-05-11 16:15:42.434018,0.20184104,-0.07323598,0.016708292,-1.1953106,1.6009251,3.2113185
2816,2026-05-11 16:15:42.436926,0.20184104,-0.07323598,0.016708292,-1.1953106,1.6009251,3.2113185
2817,2026-05-11 16:15:42.439664,0.41167036,0.03750219,0.0022562293,-1.1953106,1.6009251,3.2113185
2818,2026-05-11 16:15:42.442321,0.41807315,0.06726002,-0.047258858,0.3454443,1.2315043,2.3044891
2819,2026-05-11 16:15:42.444971,0.41807315,0.06726002,-0.047258858,0.3454443,1.2315043,2.3044891
2820,2026-05-11 16:15:42.447553,0.41807315,0.06726002,-0.047258858,0.3454443,1.2315043,2.3044891
2821,2026-05-11 16:15:42.450535,0.41807315,0.06726002,-0.047258858,0.3454443,1.2315043,2.3044891
2822,2026-05-11 16:15:42.453272,0.41807315,0.06726002,-0.047258858,0.3454443,1.2315043,2.3044891
2823,2026-05-11 16:15:42.455927,0.41807315,0.06726002,-0.047258858,0.3454443,1.2315043,2.3044891
2824,2026-05-11 16:15:42.458544,0.41807315,0.06726002,-0.047258858,0.3454443,1.2315043,2.3044891
2825,2026-05-11 16:15:42.461122,0.41807315,0.06726002,-0.047258858,0.3454443,1.2315043,2.3044891
2826,2026-05-11 16:15:42.463791,0.41807315,0.06726002,-0.047258858,0.3454443,1.2315043,2.3044891
2827,2026-05-11 16:15:42.467074,0.41807315,0.06726002,-0.047258858,0.3454443,1.2315043,2.3044891
2828,2026-05-11 16:15:42.469896,0.41807315,0.06726002,-0.047258858,0.3454443,1.2315043,2.3044891
2829,2026-05-11 16:15:42.472691,0.3817296,0.11622629,-0.16854642,0.3454443,1.2315043,2.3044891
2830,2026-05-11 16:15:42.475480,0.3817296,0.11622629,-0.16854642,0.3454443,1.2315043,2.3044891
2831,2026-05-11 16:15:42.478168,0.3817296,0.11622629,-0.16854642,0.3454443,1.2315043,2.3044891
2832,2026-05-11 16:15:42.480915,0.3817296,0.11622629,-0.16854642,0.3454443,1.2315043,2.3044891
2833,2026-05-11 16:15:42.483881,0.3595332,0.13659334,-0.2669058,0.3454443,1.2315043,2.3044891
2834,2026-05-11 16:15:42.486776,0.3595332,0.13659334,-0.2669058,0.3454443,1.2315043,2.3044891
2835,2026-05-11 16:15:42.489556,0.36721656,0.18659624,-0.442038,0.3454443,1.2315043,2.3044891
2836,2026-05-11 16:15:42.492211,0.36721656,0.18659624,-0.442038,0.3454443,1.2315043,2.3044891
2837,2026-05-11 16:15:42.494967,0.36721656,0.18659624,-0.442038,0.3454443,1.2315043,2.3044891
2838,2026-05-11 16:15:42.497644,0.36721656,0.18659624,-0.442038,0.3454443,1.2315043,2.3044891
2839,2026-05-11 16:15:42.500701,0.36721656,0.18659624,-0.442038,0.3454443,1.2315043,2.3044891
2840,2026-05-11 16:15:42.503472,0.36721656,0.18659624,-0.442038,0.3454443,1.2315043,2.3044891
2841,2026-05-11 16:15:42.506091,0.36721656,0.18659624,-0.442038,0.3454443,1.2315043,2.3044891
2842,2026-05-11 16:15:42.508816,0.5417389,0.32562876,-0.40002334,-0.9077458,0.93202764,2.7181976
2843,2026-05-11 16:15:42.511476,0.5417389,0.32562876,-0.40002334,-0.9077458,0.93202764,2.7181976
2844,2026-05-11 16:15:42.514232,1.5692378,1.1735442,0.32739717,-0.9077458,0.93202764,2.7181976
2845,2026-05-11 16:15:42.517305,1.5692378,1.1735442,0.32739717,-0.9077458,0.93202764,2.7181976
2846,2026-05-11 16:15:42.520225,3.4837396,2.3577595,0.82602376,-0.034972034,-0.22785273,2.9002354
2847,2026-05-11 16:15:42.522917,3.4837396,2.3577595,0.82602376,-0.034972034,-0.22785273,2.9002354
2848,2026-05-11 16:15:42.525507,3.4837396,2.3577595,0.82602376,-0.034972034,-0.22785273,2.9002354
2849,2026-05-11 16:15:42.528131,2.909621,2.1156723,0.56503296,-0.034972034,-0.22785273,2.9002354
2850,2026-05-11 16:15:42.530678,2.909621,2.1156723,0.56503296,-0.034972034,-0.22785273,2.9002354
2851,2026-05-11 16:15:42.533805,2.210129,1.8036419,0.307274,-0.034972034,-0.22785273,2.9002354
2852,2026-05-11 16:15:42.536468,2.210129,1.8036419,0.307274,-0.034972034,-0.22785273,2.9002354
2853,2026-05-11 16:15:42.539272,2.210129,1.8036419,0.307274,-0.034972034,-0.22785273,2.9002354
2854,2026-05-11 16:15:42.542035,1.214583,1.214766,0.26568624,-0.40668353,0.89659745,-1.5515977
2855,2026-05-11 16:15:42.544823,1.1393347,1.1192117,0.34544697,-0.40668353,0.89659745,-1.5515977
2856,2026-05-11 16:15:42.547478,1.1393347,1.1192117,0.34544697,-0.40668353,0.89659745,-1.5515977
2857,2026-05-11 16:15:42.550614,1.1393347,1.1192117,0.34544697,-0.49235737,0.9071349,-1.5427402
2858,2026-05-11 16:15:42.553436,1.1393347,1.1192117,0.34544697,-0.49235737,0.9071349,-1.5427402
2859,2026-05-11 16:15:42.556093,1.1393347,1.1192117,0.34544697,-0.49235737,0.9071349,-1.5427402
2860,2026-05-11 16:15:42.558803,1.1393347,1.1192117,0.34544697,-0.49235737,0.9071349,-1.5427402
2861,2026-05-11 16:15:42.561520,1.1393347,1.1192117,0.34544697,-0.49235737,0.9071349,-1.5427402
2862,2026-05-11 16:15:42.564084,1.1393347,1.1192117,0.34544697,-0.3556763,0.903317,-1.6383406
2863,2026-05-11 16:15:42.567232,1.1393347,1.1192117,0.34544697,-0.3556763,0.903317,-1.6383406
2864,2026-05-11 16:15:42.570013,1.1393347,1.1192117,0.34544697,-0.3556763,0.903317,-1.6383406
2865,2026-05-11 16:15:42.572616,1.1393347,1.1192117,0.34544697,-0.3556763,0.903317,-1.6383406
2866,2026-05-11 16:15:42.575373,0.99518,0.8945034,0.48545516,-0.3556763,0.903317,-1.6383406
2867,2026-05-11 16:15:42.578046,0.99518,0.8945034,0.48545516,0.02107485,0.79152864,-1.8319849
2868,2026-05-11 16:15:42.580724,0.99518,0.8945034,0.48545516,0.02107485,0.79152864,-1.8319849
2869,2026-05-11 16:15:42.583739,0.99518,0.8945034,0.48545516,0.02107485,0.79152864,-1.8319849
2870,2026-05-11 16:15:42.586501,0.99518,0.8945034,0.48545516,0.26816985,0.6986771,-1.9567541
2871,2026-05-11 16:15:42.589088,0.99518,0.8945034,0.48545516,0.26816985,0.6986771,-1.9567541
2872,2026-05-11 16:15:42.591792,0.9795693,0.84370774,0.4862479,0.26816985,0.6986771,-1.9567541
2873,2026-05-11 16:15:42.594369,0.9795693,0.84370774,0.4862479,0.26816985,0.6986771,-1.9567541
2874,2026-05-11 16:15:42.597070,0.9795693,0.84370774,0.4862479,0.26816985,0.6986771,-1.9567541
2875,2026-05-11 16:15:42.600291,0.9135899,0.7271156,0.35032532,0.9607383,0.46089783,-2.3709207
2876,2026-05-11 16:15:42.603096,0.9135899,0.7271156,0.35032532,0.9607383,0.46089783,-2.3709207
2877,2026-05-11 16:15:42.605705,0.9135899,0.7271156,0.35032532,0.9607383,0.46089783,-2.3709207
2878,2026-05-11 16:15:42.608518,0.9135899,0.7271156,0.35032532,0.9607383,0.46089783,-2.3709207
2879,2026-05-11 16:15:42.611180,0.9135899,0.7271156,0.35032532,0.9607383,0.46089783,-2.3709207
2880,2026-05-11 16:15:42.613924,0.88011235,0.7304085,0.25574663,1.1447614,0.33429602,-2.5386033
2881,2026-05-11 16:15:42.617293,0.88011235,0.7304085,0.25574663,1.1447614,0.33429602,-2.5386033
2882,2026-05-11 16:15:42.620179,0.88901526,0.746385,0.21446373,1.1447614,0.33429602,-2.5386033
2883,2026-05-11 16:15:42.622897,0.88901526,0.746385,0.21446373,1.1447614,0.33429602,-2.5386033
2884,2026-05-11 16:15:42.625519,0.88901526,0.746385,0.21446373,1.1447614,0.33429602,-2.5386033
2885,2026-05-11 16:15:42.628267,0.88901526,0.746385,0.21446373,1.1684325,0.24037547,-2.6164885
2886,2026-05-11 16:15:42.630884,0.88901526,0.746385,0.21446373,1.1684325,0.24037547,-2.6164885
2887,2026-05-11 16:15:42.634201,0.88901526,0.746385,0.21446373,1.1684325,0.24037547,-2.6164885
2888,2026-05-11 16:15:42.637079,0.88901526,0.746385,0.21446373,1.0645854,0.077579886,-2.8585439
2889,2026-05-11 16:15:42.639782,0.97938645,0.73455507,0.18360828,1.0645854,0.077579886,-2.8585439
2890,2026-05-11 16:15:42.642561,1.0593301,0.6424765,0.22117145,1.0645854,0.077579886,-2.8585439
2891,2026-05-11 16:15:42.645319,1.0593301,0.6424765,0.22117145,1.0645854,0.077579886,-2.8585439
2892,2026-05-11 16:15:42.648249,1.0593301,0.6424765,0.22117145,0.93462384,0.06337727,-3.1441233
2893,2026-05-11 16:15:42.651485,1.0982348,0.5749116,0.2936757,0.86009824,0.088728175,-3.385568
2894,2026-05-11 16:15:42.654148,1.0982348,0.5749116,0.2936757,0.86009824,0.088728175,-3.385568
2895,2026-05-11 16:15:42.657074,1.0982348,0.5749116,0.2936757,0.86009824,0.088728175,-3.385568
2896,2026-05-11 16:15:42.659994,1.0982348,0.5749116,0.2936757,0.86009824,0.088728175,-3.385568
2897,2026-05-11 16:15:42.662629,1.0982348,0.5749116,0.2936757,0.86009824,0.088728175,-3.385568
2898,2026-05-11 16:15:42.665567,1.0707942,0.46283188,0.36922884,0.84406304,0.19517145,-3.6800048
2899,2026-05-11 16:15:42.668433,1.0176203,0.37953433,0.39362052,0.84406304,0.19517145,-3.6800048
2900,2026-05-11 16:15:42.671000,1.0176203,0.37953433,0.39362052,0.8944594,0.34208453,-3.8899899
2901,2026-05-11 16:15:42.673711,1.0176203,0.37953433,0.39362052,0.8944594,0.34208453,-3.8899899
2902,2026-05-11 16:15:42.676408,1.0176203,0.37953433,0.39362052,0.8944594,0.34208453,-3.8899899
2903,2026-05-11 16:15:42.678999,1.0176203,0.37953433,0.39362052,0.8944594,0.34208453,-3.8899899
2904,2026-05-11 16:15:42.681716,1.0176203,0.37953433,0.39362052,0.8944594,0.34208453,-3.8899899
2905,2026-05-11 16:15:42.684765,0.886881,0.21068303,0.41307288,1.8431332,0.8231409,-4.003153
2906,2026-05-11 16:15:42.687410,0.46953958,-0.1800105,0.35197178,1.8431332,0.8231409,-4.003153
2907,2026-05-11 16:15:42.690111,0.46953958,-0.1800105,0.35197178,1.8431332,0.8231409,-4.003153
2908,2026-05-11 16:15:42.692771,-0.19647488,-0.33947104,-0.0892735,3.6118934,-0.98929626,-2.7559185
2909,2026-05-11 16:15:42.695395,-0.19647488,-0.33947104,-0.0892735,3.6164749,-1.3014483,-2.276542
2910,2026-05-11 16:15:42.698073,-0.19647488,-0.33947104,-0.0892735,3.6164749,-1.3014483,-2.276542
2911,2026-05-11 16:15:42.701282,-0.30020046,-0.33203158,-0.16464376,3.6164749,-1.3014483,-2.276542
2912,2026-05-11 16:15:42.704553,-0.30020046,-0.33203158,-0.16464376,3.6164749,-1.3014483,-2.276542
2913,2026-05-11 16:15:42.707319,-0.42593947,-0.28593132,-0.25507587,3.5188892,-1.4549283,-1.8651243
2914,2026-05-11 16:15:42.710124,-0.42593947,-0.28593132,-0.25507587,3.5188892,-1.4549283,-1.8651243
2915,2026-05-11 16:15:42.712820,-0.42593947,-0.28593132,-0.25507587,3.5188892,-1.4549283,-1.8651243
2916,2026-05-11 16:15:42.715722,-0.42593947,-0.28593132,-0.25507587,3.5188892,-1.4549283,-1.8651243
2917,2026-05-11 16:15:42.719225,-0.42593947,-0.28593132,-0.25507587,3.1720705,-1.578934,-1.2208142
2918,2026-05-11 16:15:42.722137,-0.42593947,-0.28593132,-0.25507587,3.1720705,-1.578934,-1.2208142
2919,2026-05-11 16:15:42.724877,-0.42593947,-0.28593132,-0.25507587,3.1720705,-1.578934,-1.2208142
2920,2026-05-11 16:15:42.727624,-0.49984625,-0.27233297,-0.36636284,3.1720705,-1.578934,-1.2208142
2921,2026-05-11 16:15:42.730369,-0.49984625,-0.27233297,-0.36636284,3.1720705,-1.578934,-1.2208142
2922,2026-05-11 16:15:42.733647,-0.5032611,-0.27458918,-0.38392484,3.1027372,-1.581072,-1.1265882
2923,2026-05-11 16:15:42.736469,-0.51179814,-0.28806558,-0.46478322,3.1027372,-1.581072,-1.1265882
2924,2026-05-11 16:15:42.739158,-0.51179814,-0.28806558,-0.46478322,3.1027372,-1.581072,-1.1265882
2925,2026-05-11 16:15:42.741931,-0.52875036,-0.28257746,-0.5325311,3.1027372,-1.581072,-1.1265882
2926,2026-05-11 16:15:42.744537,-0.52875036,-0.28257746,-0.5325311,3.1027372,-1.581072,-1.1265882
2927,2026-05-11 16:15:42.747247,-0.52875036,-0.28257746,-0.5325311,3.1027372,-1.581072,-1.1265882
2928,2026-05-11 16:15:42.750485,-0.579607,-0.19781642,-0.51106644,0.5316055,-1.0564915,0.8587238
2929,2026-05-11 16:15:42.753295,-0.579607,-0.19781642,-0.51106644,0.5316055,-1.0564915,0.8587238
2930,2026-05-11 16:15:42.755961,-0.579607,-0.19781642,-0.51106644,0.5316055,-1.0564915,0.8587238
2931,2026-05-11 16:15:42.758601,-0.579607,-0.19781642,-0.51106644,0.5316055,-1.0564915,0.8587238
2932,2026-05-11 16:15:42.761176,-0.579607,-0.19781642,-0.51106644,0.5316055,-1.0564915,0.8587238
2933,2026-05-11 16:15:42.763998,-0.579607,-0.19781642,-0.51106644,-0.8373435,-0.64721173,1.8829921
2934,2026-05-11 16:15:42.766962,-0.18970619,-0.11799469,-0.10616472,-0.8373435,-0.64721173,1.8829921
2935,2026-05-11 16:15:42.769966,-0.18970619,-0.11799469,-0.10616472,-0.8373435,-0.64721173,1.8829921
2936,2026-05-11 16:15:42.772675,-0.18970619,-0.11799469,-0.10616472,-0.8373435,-0.64721173,1.8829921
2937,2026-05-11 16:15:42.775286,-0.18970619,-0.11799469,-0.10616472,-0.8373435,-0.64721173,1.8829921
2938,2026-05-11 16:15:42.778099,0.098420374,-0.038965687,0.21403688,2.0685425,-1.3732251,-0.20525073
2939,2026-05-11 16:15:42.780874,0.098420374,-0.038965687,0.21403688,2.0685425,-1.3732251,-0.20525073
2940,2026-05-11 16:15:42.784029,0.098420374,-0.038965687,0.21403688,-2.2244658,1.308626,2.845563
2941,2026-05-11 16:15:42.786938,-0.37715617,-0.14994776,-0.26721072,-1.4295774,-0.2843578,2.3565655
2942,2026-05-11 16:15:42.789577,-0.37715617,-0.14994776,-0.26721072,-1.4295774,-0.2843578,2.3565655
2943,2026-05-11 16:15:42.792122,-0.37715617,-0.14994776,-0.26721072,-1.4295774,-0.2843578,2.3565655
2944,2026-05-11 16:15:42.794947,-0.37715617,-0.14994776,-0.26721072,-1.7886134,0.05299256,2.5121834
2945,2026-05-11 16:15:42.797552,-0.37715617,-0.14994776,-0.26721072,-1.7886134,0.05299256,2.5121834
2946,2026-05-11 16:15:42.800648,-0.37715617,-0.14994776,-0.26721072,-1.7886134,0.05299256,2.5121834
2947,2026-05-11 16:15:42.803497,-0.37715617,-0.14994776,-0.26721072,-1.7886134,0.05299256,2.5121834
2948,2026-05-11 16:15:42.806231,-0.056283772,-0.09610317,0.028782167,-1.7886134,0.05299256,2.5121834
2949,2026-05-11 16:15:42.808996,0.16738781,-0.006768687,0.33172667,-2.2360723,1.0089967,2.7889054
2950,2026-05-11 16:15:42.811737,0.1887915,-0.01396423,0.3770952,-2.2360723,1.0089967,2.7889054
2951,2026-05-11 16:15:42.814498,0.1887915,-0.01396423,0.3770952,-2.2360723,1.0089967,2.7889054
2952,2026-05-11 16:15:42.817625,0.2014142,-0.011342125,0.41026786,-2.2360723,1.0089967,2.7889054
2953,2026-05-11 16:15:42.820295,0.2014142,-0.011342125,0.41026786,-2.2360723,1.0089967,2.7889054
2954,2026-05-11 16:15:42.823194,0.2014142,-0.011342125,0.41026786,-2.0552561,1.6997325,3.070056
2955,2026-05-11 16:15:42.825986,0.22233005,0.0061588963,0.4191708,-2.0552561,1.6997325,3.070056
2956,2026-05-11 16:15:42.828663,0.22233005,0.0061588963,0.4191708,-2.0552561,1.6997325,3.070056
2957,2026-05-11 16:15:42.831283,0.22233005,0.0061588963,0.4191708,-2.0552561,1.6997325,3.070056
2958,2026-05-11 16:15:42.834380,0.22233005,0.0061588963,0.4191708,-2.0552561,1.6997325,3.070056
2959,2026-05-11 16:15:42.837255,0.31654286,0.04896627,0.4001453,-2.0552561,1.6997325,3.070056
2960,2026-05-11 16:15:42.840029,0.31654286,0.04896627,0.4001453,-1.8469511,1.8249599,3.2467487
2961,2026-05-11 16:15:42.842838,0.31654286,0.04896627,0.4001453,-1.8469511,1.8249599,3.2467487
2962,2026-05-11 16:15:42.845580,0.31654286,0.04896627,0.4001453,-1.8469511,1.8249599,3.2467487
2963,2026-05-11 16:15:42.848948,0.31654286,0.04896627,0.4001453,-1.6368134,1.7754798,3.3458617
2964,2026-05-11 16:15:42.851941,0.41228014,0.12860507,0.3545329,-1.6368134,1.7754798,3.3458617
2965,2026-05-11 16:15:42.854574,0.41228014,0.12860507,0.3545329,-1.6368134,1.7754798,3.3458617
2966,2026-05-11 16:15:42.857231,0.4806988,0.19324298,0.29263905,-1.6368134,1.7754798,3.3458617
2967,2026-05-11 16:15:42.859967,0.4806988,0.19324298,0.29263905,-1.6368134,1.7754798,3.3458617
2968,2026-05-11 16:15:42.862679,0.4806988,0.19324298,0.29263905,-1.6368134,1.7754798,3.3458617
2969,2026-05-11 16:15:42.865543,0.4806988,0.19324298,0.29263905,-1.5187637,1.5905404,3.2852333
2970,2026-05-11 16:15:42.868626,0.4806988,0.19324298,0.29263905,-1.5187637,1.5905404,3.2852333
2971,2026-05-11 16:15:42.871505,0.47783276,0.21074401,0.24446549,-1.5187637,1.5905404,3.2852333
2972,2026-05-11 16:15:42.874251,0.47783276,0.21074401,0.24446549,-1.5187637,1.5905404,3.2852333
2973,2026-05-11 16:15:42.876993,0.47783276,0.21074401,0.24446549,-1.5187637,1.5905404,3.2852333
2974,2026-05-11 16:15:42.879711,0.47783276,0.21074401,0.24446549,-1.5187637,1.5905404,3.2852333
2975,2026-05-11 16:15:42.882919,0.47783276,0.21074401,0.24446549,-1.5465581,1.7174476,3.34632
2976,2026-05-11 16:15:42.885737,0.47783276,0.21074401,0.24446549,-1.5465581,1.7174476,3.34632
2977,2026-05-11 16:15:42.888647,0.47783276,0.21074401,0.24446549,-1.5465581,1.7174476,3.34632
2978,2026-05-11 16:15:42.891430,0.41978058,0.21068303,0.24422157,-1.5271631,1.5172366,3.2710307
2979,2026-05-11 16:15:42.894156,0.41978058,0.21068303,0.24422157,-1.5271631,1.5172366,3.2710307
2980,2026-05-11 16:15:42.896813,0.41978058,0.21068303,0.24422157,-1.5271631,1.5172366,3.2710307
2981,2026-05-11 16:15:42.899874,0.41978058,0.21068303,0.24422157,-1.5271631,1.5172366,3.2710307
2982,2026-05-11 16:15:42.902600,0.41978058,0.21068303,0.24422157,-1.5271631,1.5172366,3.2710307
2983,2026-05-11 16:15:42.905321,0.26916206,0.1764737,0.3895959,-1.5271631,1.5172366,3.2710307
2984,2026-05-11 16:15:42.908045,0.26916206,0.1764737,0.3895959,-1.5271631,1.5172366,3.2710307
2985,2026-05-11 16:15:42.910703,0.26916206,0.1764737,0.3895959,-1.5271631,1.5172366,3.2710307
2986,2026-05-11 16:15:42.913340,0.26916206,0.1764737,0.3895959,-1.5170839,1.3997977,3.4542902
2987,2026-05-11 16:15:42.916403,0.26916206,0.1764737,0.3895959,-1.5170839,1.3997977,3.4542902
2988,2026-05-11 16:15:42.919328,0.19836523,0.14098383,0.63851285,-1.2709051,1.3530666,3.8270707
2989,2026-05-11 16:15:42.922139,0.2900779,0.16927817,0.8653554,-1.2709051,1.3530666,3.8270707
2990,2026-05-11 16:15:42.924967,0.6247926,0.24897793,1.0621351,0.313832,1.1166617,4.444197
2991,2026-05-11 16:15:42.927701,0.6247926,0.24897793,1.0621351,0.313832,1.1166617,4.444197
2992,2026-05-11 16:15:42.930300,0.6247926,0.24897793,1.0621351,0.313832,1.1166617,4.444197
2993,2026-05-11 16:15:42.933433,1.0435365,0.43325698,0.77364266,1.9714148,1.1739303,4.139681
2994,2026-05-11 16:15:42.936310,1.0435365,0.43325698,0.77364266,1.9714148,1.1739303,4.139681
2995,2026-05-11 16:15:42.939065,1.0435365,0.43325698,0.77364266,1.9714148,1.1739303,4.139681
2996,2026-05-11 16:15:42.941889,1.0435365,0.43325698,0.77364266,1.9714148,1.1739303,4.139681
2997,2026-05-11 16:15:42.944704,1.0582324,0.53576297,0.5183839,2.2762365,1.3006848,3.8557813
2998,2026-05-11 16:15:42.947323,1.0582324,0.53576297,0.5183839,2.2762365,1.3006848,3.8557813
2999,2026-05-11 16:15:42.950444,1.0582324,0.53576297,0.5183839,2.2762365,1.3006848,3.8557813
3000,2026-05-11 16:15:42.953182,1.0582324,0.53576297,0.5183839,2.2762365,1.3006848,3.8557813
3001,2026-05-11 16:15:42.955917,1.0582324,0.53576297,0.5183839,2.2762365,1.3006848,3.8557813
3002,2026-05-11 16:15:42.958878,1.0529882,0.65229416,0.4334399,2.215761,1.3776538,3.7333028
3003,2026-05-11 16:15:42.961545,1.0529882,0.65229416,0.4334399,2.215761,1.3776538,3.7333028
3004,2026-05-11 16:15:42.964147,1.0529882,0.65229416,0.4334399,2.215761,1.3776538,3.7333028
3005,2026-05-11 16:15:42.967365,1.0529882,0.65229416,0.4334399,2.215761,1.3776538,3.7333028
3006,2026-05-11 16:15:42.970174,1.0529882,0.65229416,0.4334399,2.215761,1.3776538,3.7333028
3007,2026-05-11 16:15:42.972970,1.0639036,0.7563246,0.5447879,2.0115793,1.4437801,3.7013853
3008,2026-05-11 16:15:42.975628,1.0639036,0.7563246,0.5447879,2.0115793,1.4437801,3.7013853
3009,2026-05-11 16:15:42.978380,1.3587378,0.80651045,1.1337247,2.3499987,1.7380643,3.9197695
3010,2026-05-11 16:15:42.981184,1.3587378,0.80651045,1.1337247,2.3499987,1.7380643,3.9197695
3011,2026-05-11 16:15:42.984245,1.3587378,0.80651045,1.1337247,2.3499987,1.7380643,3.9197695
3012,2026-05-11 16:15:42.986997,1.3587378,0.80651045,1.1337247,2.3499987,1.7380643,3.9197695
3013,2026-05-11 16:15:42.989614,1.3587378,0.80651045,1.1337247,2.3499987,1.7380643,3.9197695
3014,2026-05-11 16:15:42.992343,1.7441872,0.9109068,1.3585548,2.9034426,1.8264871,4.0355287
3015,2026-05-11 16:15:42.995019,1.7441872,0.9109068,1.3585548,2.9034426,1.8264871,4.0355287
3016,2026-05-11 16:15:42.997592,1.7441872,0.9109068,1.3585548,2.9034426,1.8264871,4.0355287
3017,2026-05-11 16:15:43.000770,2.2789135,1.1295171,1.3452004,3.6534324,1.9178114,4.114177
3018,2026-05-11 16:15:43.003610,2.2789135,1.1295171,1.3452004,3.6534324,1.9178114,4.114177
3019,2026-05-11 16:15:43.006233,2.2789135,1.1295171,1.3452004,3.6534324,1.9178114,4.114177
3020,2026-05-11 16:15:43.008907,2.2789135,1.1295171,1.3452004,3.6534324,1.9178114,4.114177
3021,2026-05-11 16:15:43.011515,2.2789135,1.1295171,1.3452004,3.6534324,1.9178114,4.114177
3022,2026-05-11 16:15:43.014114,2.7636979,1.4295957,1.1692146,3.6534324,1.9178114,4.114177
3023,2026-05-11 16:15:43.017254,2.7636979,1.4295957,1.1692146,3.6534324,1.9178114,4.114177
3024,2026-05-11 16:15:43.019961,2.7636979,1.4295957,1.1692146,3.6534324,1.9178114,4.114177
3025,2026-05-11 16:15:43.022609,2.7636979,1.4295957,1.1692146,3.6534324,1.9178114,4.114177
3026,2026-05-11 16:15:43.025268,2.7636979,1.4295957,1.1692146,4.1105123,2.0271564,4.0300307
3027,2026-05-11 16:15:43.027846,2.7636979,1.4295957,1.1692146,4.1105123,2.0271564,4.0300307
3028,2026-05-11 16:15:43.030667,2.7636979,1.4295957,1.1692146,4.1105123,2.0271564,4.0300307
3029,2026-05-11 16:15:43.033755,2.7636979,1.4295957,1.1692146,4.1105123,2.0271564,4.0300307
3030,2026-05-11 16:15:43.036594,2.7636979,1.4295957,1.1692146,4.1105123,2.0271564,4.0300307
3031,2026-05-11 16:15:43.039299,2.7636979,1.4295957,1.1692146,4.1105123,2.0271564,4.0300307
3032,2026-05-11 16:15:43.042045,2.7636979,1.4295957,1.1692146,4.1105123,2.0271564,4.0300307
3033,2026-05-11 16:15:43.044791,2.7636979,1.4295957,1.1692146,4.2256603,1.9990565,3.8854084
3034,2026-05-11 16:15:43.047547,3.000419,1.6169846,1.1117722,4.2256603,1.9990565,3.8854084
3035,2026-05-11 16:15:43.050730,3.000419,1.6169846,1.1117722,4.2256603,1.9990565,3.8854084
3036,2026-05-11 16:15:43.053603,3.000419,1.6169846,1.1117722,4.2256603,1.9990565,3.8854084
3037,2026-05-11 16:15:43.056289,3.000419,1.6169846,1.1117722,4.2256603,1.9990565,3.8854084
3038,2026-05-11 16:15:43.058873,3.000419,1.6169846,1.1117722,4.2256603,1.9990565,3.8854084
3039,2026-05-11 16:15:43.061659,3.310864,1.8573035,1.2076315,4.2256603,1.9990565,3.8854084
3040,2026-05-11 16:15:43.064307,3.310864,1.8573035,1.2076315,4.933806,1.4126259,2.6422975
3041,2026-05-11 16:15:43.067393,3.3942225,1.9141971,1.2431823,4.933806,1.4126259,2.6422975
3042,2026-05-11 16:15:43.070197,3.4252608,1.9349301,1.1192117,5.2493176,1.3310753,2.1277964
3043,2026-05-11 16:15:43.073007,3.4252608,1.9349301,1.1192117,5.2493176,1.3310753,2.1277964
3044,2026-05-11 16:15:43.075799,3.4252608,1.9349301,1.1192117,5.2493176,1.3310753,2.1277964
3045,2026-05-11 16:15:43.078450,3.4252608,1.9349301,1.1192117,5.2493176,1.3310753,2.1277964
3046,2026-05-11 16:15:43.081019,3.4252608,1.9349301,1.1192117,5.4218874,1.3495541,1.1910346
3047,2026-05-11 16:15:43.084123,3.4252608,1.9349301,1.1192117,5.4218874,1.3495541,1.1910346
3048,2026-05-11 16:15:43.086885,3.374709,1.9317591,0.8122425,5.4218874,1.3495541,1.1910346
3049,2026-05-11 16:15:43.089526,3.374709,1.9317591,0.8122425,5.4218874,1.3495541,1.1910346
3050,2026-05-11 16:15:43.092231,3.328609,1.9116969,0.70394355,5.4218874,1.3495541,1.1910346
3051,2026-05-11 16:15:43.095009,3.328609,1.9116969,0.70394355,5.4218874,1.3495541,1.1910346
3052,2026-05-11 16:15:43.097651,3.0810335,1.7672982,0.3817296,5.4218874,1.3495541,1.1910346
3053,2026-05-11 16:15:43.100716,3.0810335,1.7672982,0.3817296,5.4218874,1.3495541,1.1910346
3054,2026-05-11 16:15:43.103517,3.0810335,1.7672982,0.3817296,5.4218874,1.3495541,1.1910346
3055,2026-05-11 16:15:43.106276,2.0826824,1.3623966,0.038294915,4.484209,1.5628988,-0.6429357
3056,2026-05-11 16:15:43.108988,2.0826824,1.3623966,0.038294915,4.484209,1.5628988,-0.6429357
3057,2026-05-11 16:15:43.111575,2.0826824,1.3623966,0.038294915,2.9181032,1.3283265,-1.8058704
3058,2026-05-11 16:15:43.114316,2.0826824,1.3623966,0.038294915,2.9181032,1.3283265,-1.8058704
3059,2026-05-11 16:15:43.117126,2.0826824,1.3623966,0.038294915,2.9181032,1.3283265,-1.8058704
3060,2026-05-11 16:15:43.128561,2.0826824,1.3623966,0.038294915,2.9181032,1.3283265,-1.8058704
3061,2026-05-11 16:15:43.147828,2.0826824,1.3623966,0.038294915,2.9181032,1.3283265,-1.8058704
3062,2026-05-11 16:15:43.157085,2.0826824,1.3623966,0.038294915,2.9181032,1.3283265,-1.8058704
3063,2026-05-11 16:15:43.160103,2.0826824,1.3623966,0.038294915,1.7851009,0.9204212,-2.5170703
3064,2026-05-11 16:15:43.162717,2.0826824,1.3623966,0.038294915,1.7851009,0.9204212,-2.5170703
3065,2026-05-11 16:15:43.165785,2.0826824,1.3623966,0.038294915,1.7851009,0.9204212,-2.5170703
3066,2026-05-11 16:15:43.168922,2.0826824,1.3623966,0.038294915,1.7851009,0.9204212,-2.5170703
3067,2026-05-11 16:15:43.171702,2.0826824,1.3623966,0.038294915,1.7851009,0.9204212,-2.5170703
3068,2026-05-11 16:15:43.174323,2.0826824,1.3623966,0.038294915,1.7851009,0.9204212,-2.5170703
3069,2026-05-11 16:15:43.177203,2.0826824,1.3623966,0.038294915,1.7851009,0.9204212,-2.5170703
3070,2026-05-11 16:15:43.179966,1.3864224,0.9733495,0.29641974,1.6271923,0.9053023,-2.7635543
3071,2026-05-11 16:15:43.182921,1.3864224,0.9733495,0.29641974,1.6271923,0.9053023,-2.7635543
3072,2026-05-11 16:15:43.186017,1.3969108,0.8480373,0.43825728,1.6271923,0.9053023,-2.7635543
3073,2026-05-11 16:15:43.188778,1.3969108,0.8480373,0.43825728,1.6271923,0.9053023,-2.7635543
3074,2026-05-11 16:15:43.191570,1.3969108,0.8480373,0.43825728,1.5673275,0.93722,-3.0147727
3075,2026-05-11 16:15:43.194404,1.3969108,0.8480373,0.43825728,1.5673275,0.93722,-3.0147727
3076,2026-05-11 16:15:43.197310,1.3969108,0.8480373,0.43825728,1.5673275,0.93722,-3.0147727
3077,2026-05-11 16:15:43.200543,1.3969108,0.8480373,0.43825728,1.5673275,0.93722,-3.0147727
3078,2026-05-11 16:15:43.203465,1.3969108,0.8480373,0.43825728,1.5673275,0.93722,-3.0147727
3079,2026-05-11 16:15:43.206224,1.4183145,0.7038825,0.500761,1.5825992,1.0384709,-3.4717
3080,2026-05-11 16:15:43.209065,1.4183145,0.7038825,0.500761,1.5825992,1.0384709,-3.4717
3081,2026-05-11 16:15:43.211819,1.4183145,0.7038825,0.500761,1.5825992,1.0384709,-3.4717
3082,2026-05-11 16:15:43.214594,1.4183145,0.7038825,0.500761,1.5825992,1.0384709,-3.4717
3083,2026-05-11 16:15:43.217794,1.4309982,0.66070926,0.51679844,1.5825992,1.0384709,-3.4717
3084,2026-05-11 16:15:43.220476,1.4309982,0.66070926,0.51679844,1.5825992,1.0384709,-3.4717
3085,2026-05-11 16:15:43.223044,1.3781292,0.4961265,0.61741406,1.5825992,1.0384709,-3.4717
3086,2026-05-11 16:15:43.225583,1.3781292,0.4961265,0.61741406,1.5825992,1.0384709,-3.4717
3087,2026-05-11 16:15:43.228173,1.3781292,0.4961265,0.61741406,1.5825992,1.0384709,-3.4717
3088,2026-05-11 16:15:43.230701,1.3781292,0.4961265,0.61741406,1.5825992,1.0384709,-3.4717
3089,2026-05-11 16:15:43.233619,1.3781292,0.4961265,0.61741406,1.5825992,1.0384709,-3.4717
3090,2026-05-11 16:15:43.236347,1.3781292,0.4961265,0.61741406,1.5825992,1.0384709,-3.4717
3091,2026-05-11 16:15:43.239120,1.3781292,0.4961265,0.61741406,2.0651827,1.1902709,-4.3285913
3092,2026-05-11 16:15:43.241804,1.3781292,0.4961265,0.61741406,2.0651827,1.1902709,-4.3285913
3093,2026-05-11 16:15:43.244377,1.3781292,0.4961265,0.61741406,2.0651827,1.1902709,-4.3285913
3094,2026-05-11 16:15:43.247131,1.255622,0.3500814,0.65790427,2.2852468,1.1644619,-4.4953575
3095,2026-05-11 16:15:43.250381,1.255622,0.3500814,0.65790427,2.2852468,1.1644619,-4.4953575
3096,2026-05-11 16:15:43.253227,1.255622,0.3500814,0.65790427,2.2852468,1.1644619,-4.4953575
3097,2026-05-11 16:15:43.256044,1.0314626,0.081773065,0.58960754,2.2852468,1.1644619,-4.4953575
3098,2026-05-11 16:15:43.258907,0.58722943,-0.48204032,0.3808149,2.5822802,1.1588113,-4.4851255
3099,2026-05-11 16:15:43.261866,0.58722943,-0.48204032,0.3808149,2.5822802,1.1588113,-4.4851255
3100,2026-05-11 16:15:43.264537,0.58722943,-0.48204032,0.3808149,2.470339,0.7817548,-4.1783185
3101,2026-05-11 16:15:43.267517,0.58722943,-0.48204032,0.3808149,2.470339,0.7817548,-4.1783185
3102,2026-05-11 16:15:43.270414,0.58722943,-0.48204032,0.3808149,2.470339,0.7817548,-4.1783185
3103,2026-05-11 16:15:43.273116,0.2775772,-0.55930096,0.29660267,2.470339,0.7817548,-4.1783185
3104,2026-05-11 16:15:43.275811,0.13330047,-0.61649936,0.22970851,2.470339,0.7817548,-4.1783185
3105,2026-05-11 16:15:43.278438,0.13330047,-0.61649936,0.22970851,2.470339,0.7817548,-4.1783185
3106,2026-05-11 16:15:43.281153,0.13330047,-0.61649936,0.22970851,2.470339,0.7817548,-4.1783185
3107,2026-05-11 16:15:43.284262,0.13330047,-0.61649936,0.22970851,2.4165828,0.6721045,-4.048662
3108,2026-05-11 16:15:43.287117,-0.64759874,-0.7379089,0.110860124,0.93828905,1.6719382,-0.7247916
3109,2026-05-11 16:15:43.289806,-0.82657266,-0.68491805,0.058174126,0.93828905,1.6719382,-0.7247916
3110,2026-05-11 16:15:43.292571,-0.82657266,-0.68491805,0.058174126,0.5369505,2.180789,0.43020186
3111,2026-05-11 16:15:43.295180,-0.82657266,-0.68491805,0.058174126,0.5369505,2.180789,0.43020186
3112,2026-05-11 16:15:43.297996,-0.82657266,-0.68491805,0.058174126,0.5369505,2.180789,0.43020186
3113,2026-05-11 16:15:43.301095,-0.82657266,-0.68491805,0.058174126,0.5369505,2.180789,0.43020186
3114,2026-05-11 16:15:43.304010,-0.82657266,-0.68491805,0.058174126,0.5369505,2.180789,0.43020186
3115,2026-05-11 16:15:43.306776,-0.82657266,-0.68491805,0.058174126,0.5369505,2.180789,0.43020186
3116,2026-05-11 16:15:43.309485,-0.82657266,-0.68491805,0.058174126,0.5369505,2.180789,0.43020186
3117,2026-05-11 16:15:43.312071,-0.82657266,-0.68491805,0.058174126,0.5369505,2.180789,0.43020186
3118,2026-05-11 16:15:43.314849,-0.6483305,-0.6107673,-0.016342416,0.23716843,2.5034785,1.2583824
3119,2026-05-11 16:15:43.317870,-0.6483305,-0.6107673,-0.016342416,0.23716843,2.5034785,1.2583824
3120,2026-05-11 16:15:43.320639,-0.51905465,-0.5841804,-0.02207446,0.23716843,2.5034785,1.2583824
3121,2026-05-11 16:15:43.323349,-0.51905465,-0.5841804,-0.02207446,0.23716843,2.5034785,1.2583824
3122,2026-05-11 16:15:43.326084,-0.33264136,-0.5599717,-0.028111396,0.23716843,2.5034785,1.2583824
3123,2026-05-11 16:15:43.328756,-0.33264136,-0.5599717,-0.028111396,0.23716843,2.5034785,1.2583824
3124,2026-05-11 16:15:43.331456,-0.33264136,-0.5599717,-0.028111396,0.23716843,2.5034785,1.2583824
3125,2026-05-11 16:15:43.334668,-0.33264136,-0.5599717,-0.028111396,0.23716843,2.5034785,1.2583824
3126,2026-05-11 16:15:43.337407,-0.33264136,-0.5599717,-0.028111396,0.23716843,2.5034785,1.2583824
3127,2026-05-11 16:15:43.340074,-0.33264136,-0.5599717,-0.028111396,0.23716843,2.5034785,1.2583824
3128,2026-05-11 16:15:43.342827,-0.33264136,-0.5599717,-0.028111396,0.23716843,2.5034785,1.2583824
3129,2026-05-11 16:15:43.345484,-0.33264136,-0.5599717,-0.028111396,-0.21991149,3.052341,2.466521
3130,2026-05-11 16:15:43.348581,-0.33264136,-0.5599717,-0.028111396,-0.21991149,3.052341,2.466521
3131,2026-05-11 16:15:43.351577,-0.33264136,-0.5599717,-0.028111396,-0.21991149,3.052341,2.466521
3132,2026-05-11 16:15:43.354196,-0.33264136,-0.5599717,-0.028111396,-0.21991149,3.052341,2.466521
3133,2026-05-11 16:15:43.356925,-0.25647837,-0.55686176,-0.03750219,-0.21991149,3.052341,2.466521
3134,2026-05-11 16:15:43.359507,-0.25647837,-0.55686176,-0.03750219,-0.21991149,3.052341,2.466521
3135,2026-05-11 16:15:43.362089,-0.25647837,-0.55686176,-0.03750219,-0.21991149,3.052341,2.466521
3136,2026-05-11 16:15:43.364902,-0.25647837,-0.55686176,-0.03750219,-0.21991149,3.052341,2.466521
3137,2026-05-11 16:15:43.367924,-0.25647837,-0.55686176,-0.03750219,-0.30726522,3.180928,2.7354546
3138,2026-05-11 16:15:43.370737,-0.25647837,-0.55686176,-0.03750219,-0.30726522,3.180928,2.7354546
3139,2026-05-11 16:15:43.373436,-0.25647837,-0.55686176,-0.03750219,-0.30726522,3.180928,2.7354546
3140,2026-05-11 16:15:43.376074,-0.25647837,-0.55686176,-0.03750219,-0.30726522,3.180928,2.7354546
3141,2026-05-11 16:15:43.378792,-0.25647837,-0.55686176,-0.03750219,-0.30726522,3.180928,2.7354546
3142,2026-05-11 16:15:43.381579,-0.25647837,-0.55686176,-0.03750219,-0.30726522,3.180928,2.7354546
3143,2026-05-11 16:15:43.384341,-0.25647837,-0.55686176,-0.03750219,-0.30726522,3.180928,2.7354546
3144,2026-05-11 16:15:43.387153,-0.25647837,-0.55686176,-0.03750219,-0.30726522,3.180928,2.7354546
3145,2026-05-11 16:15:43.389857,-0.25647837,-0.55686176,-0.03750219,-0.45112398,3.285844,3.1812334
3146,2026-05-11 16:15:43.392559,-0.25647837,-0.55686176,-0.03750219,-0.45112398,3.285844,3.1812334
3147,2026-05-11 16:15:43.395300,-0.1451914,-0.5271649,-0.06671121,-0.45112398,3.285844,3.1812334
3148,2026-05-11 16:15:43.398006,-0.1451914,-0.5271649,-0.06671121,-0.45112398,3.285844,3.1812334
3149,2026-05-11 16:15:43.401402,-0.1451914,-0.5271649,-0.06671121,-0.5300783,3.2270484,3.4287865
3150,2026-05-11 16:15:43.404157,-0.1451914,-0.5271649,-0.06671121,-0.5300783,3.2270484,3.4287865
3151,2026-05-11 16:15:43.406908,-0.07049192,-0.49710217,-0.08823685,-0.5300783,3.2270484,3.4287865
3152,2026-05-11 16:15:43.409727,-0.07049192,-0.49710217,-0.08823685,-0.5300783,3.2270484,3.4287865
3153,2026-05-11 16:15:43.412400,-0.07049192,-0.49710217,-0.08823685,-0.5300783,3.2270484,3.4287865
3154,2026-05-11 16:15:43.415136,-0.07049192,-0.49710217,-0.08823685,-0.5300783,3.2270484,3.4287865
3155,2026-05-11 16:15:43.418376,0.012012896,-0.46069762,-0.10482319,-0.5300783,3.2270484,3.4287865
3156,2026-05-11 16:15:43.421080,0.012012896,-0.46069762,-0.10482319,-0.5300783,3.2270484,3.4287865
3157,2026-05-11 16:15:43.423726,0.012012896,-0.46069762,-0.10482319,-0.61758476,3.0505083,3.7203221
3158,2026-05-11 16:15:43.426378,0.012012896,-0.46069762,-0.10482319,-0.61758476,3.0505083,3.7203221
3159,2026-05-11 16:15:43.428938,0.012012896,-0.46069762,-0.10482319,-0.61758476,3.0505083,3.7203221
3160,2026-05-11 16:15:43.432073,0.012012896,-0.46069762,-0.10482319,-0.61758476,3.0505083,3.7203221
3161,2026-05-11 16:15:43.434855,0.012012896,-0.46069762,-0.10482319,-0.61758476,3.0505083,3.7203221
3162,2026-05-11 16:15:43.437641,0.012012896,-0.46069762,-0.10482319,-0.61758476,3.0505083,3.7203221
3163,2026-05-11 16:15:43.440374,0.012012896,-0.46069762,-0.10482319,-0.68951416,2.74981,4.014301
3164,2026-05-11 16:15:43.443140,0.10317675,-0.40849942,-0.083907336,-0.68951416,2.74981,4.014301
3165,2026-05-11 16:15:43.445768,0.10317675,-0.40849942,-0.083907336,-0.68951416,2.74981,4.014301
3166,2026-05-11 16:15:43.448451,0.10317675,-0.40849942,-0.083907336,-0.68951416,2.74981,4.014301
3167,2026-05-11 16:15:43.451720,0.10317675,-0.40849942,-0.083907336,-0.68951416,2.74981,4.014301
3168,2026-05-11 16:15:43.454538,0.10317675,-0.40849942,-0.083907336,-0.7144069,2.5367706,4.1783185
3169,2026-05-11 16:15:43.457236,0.10317675,-0.40849942,-0.083907336,-0.7144069,2.5367706,4.1783185
3170,2026-05-11 16:15:43.459862,0.10317675,-0.40849942,-0.083907336,-0.7144069,2.5367706,4.1783185
3171,2026-05-11 16:15:43.462575,0.10317675,-0.40849942,-0.083907336,-0.7144069,2.5367706,4.1783185
3172,2026-05-11 16:15:43.465203,0.10317675,-0.40849942,-0.083907336,-0.7144069,2.5367706,4.1783185
3173,2026-05-11 16:15:43.468678,0.17433943,-0.37057042,-0.060125455,-0.7144069,2.5367706,4.1783185
3174,2026-05-11 16:15:43.471527,0.17433943,-0.37057042,-0.060125455,-0.7144069,2.5367706,4.1783185
3175,2026-05-11 16:15:43.474235,0.456612,-0.27495506,0.041526813,-0.7058548,2.0572414,4.4580946
3176,2026-05-11 16:15:43.476851,0.456612,-0.27495506,0.041526813,-0.63316184,1.8280143,4.4666467
3177,2026-05-11 16:15:43.479580,0.456612,-0.27495506,0.041526813,-0.63316184,1.8280143,4.4666467
3178,2026-05-11 16:15:43.482527,0.65644073,-0.16738781,0.10982348,-0.63316184,1.8280143,4.4666467
3179,2026-05-11 16:15:43.485569,0.82901174,0.036770437,0.13634941,-0.63316184,1.8280143,4.4666467
3180,2026-05-11 16:15:43.488198,0.82901174,0.036770437,0.13634941,-0.63316184,1.8280143,4.4666467
3181,2026-05-11 16:15:43.490978,0.82901174,0.036770437,0.13634941,-0.63316184,1.8280143,4.4666467
3182,2026-05-11 16:15:43.493708,0.9002964,0.2273913,0.07628494,-0.63316184,1.8280143,4.4666467
3183,2026-05-11 16:15:43.496441,0.9002964,0.2273913,0.07628494,-0.63316184,1.8280143,4.4666467
3184,2026-05-11 16:15:43.499688,0.9002964,0.2273913,0.07628494,-0.63316184,1.8280143,4.4666467
3185,2026-05-11 16:15:43.502671,0.9002964,0.2273913,0.07628494,-0.63316184,1.8280143,4.4666467
3186,2026-05-11 16:15:43.505289,0.9002964,0.2273913,0.07628494,-0.63316184,1.8280143,4.4666467
3187,2026-05-11 16:15:43.507912,0.9002964,0.2273913,0.07628494,-0.63316184,1.8280143,4.4666467
3188,2026-05-11 16:15:43.510566,0.9002964,0.2273913,0.07628494,-0.63316184,1.8280143,4.4666467
3189,2026-05-11 16:15:43.513154,0.9002964,0.2273913,0.07628494,-0.63316184,1.8280143,4.4666467
3190,2026-05-11 16:15:43.516089,0.9002964,0.2273913,0.07628494,-0.63316184,1.8280143,4.4666467
3191,2026-05-11 16:15:43.518961,0.9002964,0.2273913,0.07628494,-0.63316184,1.8280143,4.4666467
3192,2026-05-11 16:15:43.521996,0.9002964,0.2273913,0.07628494,-0.63316184,1.8280143,4.4666467
3193,2026-05-11 16:15:43.524711,0.9002964,0.2273913,0.07628494,-0.63316184,1.8280143,4.4666467
3194,2026-05-11 16:15:43.527377,0.9002964,0.2273913,0.07628494,-0.63316184,1.8280143,4.4666467
3195,2026-05-11 16:15:43.530104,0.9002964,0.2273913,0.07628494,-0.63316184,1.8280143,4.4666467
3196,2026-05-11 16:15:43.533183,0.9002964,0.2273913,0.07628494,-0.63316184,1.8280143,4.4666467
3197,2026-05-11 16:15:43.536063,0.9002964,0.2273913,0.07628494,-0.63316184,1.8280143,4.4666467
3198,2026-05-11 16:15:43.538870,0.84883,0.3644115,-0.06329638,-2.0460932,3.210555,3.947106
3199,2026-05-11 16:15:43.541590,0.84883,0.3644115,-0.06329638,-2.0460932,3.210555,3.947106
3200,2026-05-11 16:15:43.544203,0.84883,0.3644115,-0.06329638,-2.0460932,3.210555,3.947106
3201,2026-05-11 16:15:43.547044,0.80760807,0.40258446,0.029635875,-2.0460932,3.210555,3.947106
3202,2026-05-11 16:15:43.550386,0.7843141,0.4124631,0.178547,-2.0460932,3.210555,3.947106
3203,2026-05-11 16:15:43.553269,0.7843141,0.4124631,0.178547,-2.0460932,3.210555,3.947106
3204,2026-05-11 16:15:43.555926,0.7843141,0.4124631,0.178547,-2.0460932,3.210555,3.947106
3205,2026-05-11 16:15:43.558546,0.8843199,0.6036937,0.5957664,-2.0460932,3.210555,3.947106
3206,2026-05-11 16:15:43.561231,0.8843199,0.6036937,0.5957664,-2.0460932,3.210555,3.947106
3207,2026-05-11 16:15:43.563846,0.8843199,0.6036937,0.5957664,-2.0460932,3.210555,3.947106
3208,2026-05-11 16:15:43.566944,0.8843199,0.6036937,0.5957664,-2.0460932,3.210555,3.947106
3209,2026-05-11 16:15:43.569746,0.8843199,0.6036937,0.5957664,0.1423316,0.60918534,3.4162638
3210,2026-05-11 16:15:43.572569,0.8843199,0.6036937,0.5957664,0.1423316,0.60918534,3.4162638
3211,2026-05-11 16:15:43.575258,0.8843199,0.6036937,0.5957664,0.1423316,0.60918534,3.4162638
3212,2026-05-11 16:15:43.577920,0.8843199,0.6036937,0.5957664,0.1423316,0.60918534,3.4162638
3213,2026-05-11 16:15:43.580608,0.8843199,0.6036937,0.5957664,0.1423316,0.60918534,3.4162638
3214,2026-05-11 16:15:43.583629,0.8843199,0.6036937,0.5957664,0.1423316,0.60918534,3.4162638
3215,2026-05-11 16:15:43.586455,0.8843199,0.6036937,0.5957664,0.21838433,0.46944994,2.9103148
3216,2026-05-11 16:15:43.589209,0.8843199,0.6036937,0.5957664,0.21838433,0.46944994,2.9103148
3217,2026-05-11 16:15:43.591842,1.6415592,1.5599082,0.6154627,0.21838433,0.46944994,2.9103148
3218,2026-05-11 16:15:43.594590,1.6415592,1.5599082,0.6154627,0.21838433,0.46944994,2.9103148
3219,2026-05-11 16:15:43.597223,1.7779086,1.7008309,0.7132733,0.21838433,0.46944994,2.9103148
3220,2026-05-11 16:15:43.600670,1.6089354,1.7828479,0.96450746,-0.3378085,2.0828977,1.7464638
3221,2026-05-11 16:15:43.603492,1.6089354,1.7828479,0.96450746,-0.3378085,2.0828977,1.7464638
3222,2026-05-11 16:15:43.606142,1.6089354,1.7828479,0.96450746,-0.3378085,2.0828977,1.7464638
3223,2026-05-11 16:15:43.608921,1.3872151,1.826875,1.2583052,-0.3378085,2.0828977,1.7464638
3224,2026-05-11 16:15:43.611630,1.3872151,1.826875,1.2583052,-0.3378085,2.0828977,1.7464638
3225,2026-05-11 16:15:43.614292,1.3872151,1.826875,1.2583052,-0.3378085,2.0828977,1.7464638
3226,2026-05-11 16:15:43.617345,1.3872151,1.826875,1.2583052,0.49403727,2.0202842,1.6389514
3227,2026-05-11 16:15:43.620128,1.3872151,1.826875,1.2583052,1.6922494,1.0323622,1.813659
3228,2026-05-11 16:15:43.622747,1.3872151,1.826875,1.2583052,1.6922494,1.0323622,1.813659
3229,2026-05-11 16:15:43.625541,1.7951047,2.159943,1.8587061,1.6922494,1.0323622,1.813659
3230,2026-05-11 16:15:43.628261,1.7951047,2.159943,1.8587061,2.6158776,0.2660318,1.8871155
3231,2026-05-11 16:15:43.630982,1.7951047,2.159943,1.8587061,2.6158776,0.2660318,1.8871155
3232,2026-05-11 16:15:43.633949,1.7951047,2.159943,1.8587061,2.6158776,0.2660318,1.8871155
3233,2026-05-11 16:15:43.636903,3.2155535,2.2795231,1.6100329,4.626999,1.1339186,-0.03313944
3234,2026-05-11 16:15:43.639670,3.0878632,2.0938418,1.3836173,4.769025,1.4961617,-0.623388
3235,2026-05-11 16:15:43.642319,3.0878632,2.0938418,1.3836173,4.769025,1.4961617,-0.623388
3236,2026-05-11 16:15:43.645047,3.0878632,2.0938418,1.3836173,4.0958514,1.0876455,-2.245388
3237,2026-05-11 16:15:43.647614,3.0878632,2.0938418,1.3836173,4.0958514,1.0876455,-2.245388
3238,2026-05-11 16:15:43.650793,3.0878632,2.0938418,1.3836173,4.0958514,1.0876455,-2.245388
3239,2026-05-11 16:15:43.653599,3.0878632,2.0938418,1.3836173,4.0958514,1.0876455,-2.245388
3240,2026-05-11 16:15:43.656285,3.0878632,2.0938418,1.3836173,4.0958514,1.0876455,-2.245388
3241,2026-05-11 16:15:43.659119,1.8666334,1.1449449,0.45118487,3.232546,0.9445504,-2.5870142
3242,2026-05-11 16:15:43.661863,1.7011968,1.0585374,0.47899136,3.232546,0.9445504,-2.5870142
3243,2026-05-11 16:15:43.664629,1.7011968,1.0585374,0.47899136,3.232546,0.9445504,-2.5870142
3244,2026-05-11 16:15:43.667691,1.7011968,1.0585374,0.47899136,3.232546,0.9445504,-2.5870142
3245,2026-05-11 16:15:43.670579,1.7011968,1.0585374,0.47899136,3.232546,0.9445504,-2.5870142
3246,2026-05-11 16:15:43.673220,1.662536,1.0317065,0.5250307,3.232546,0.9445504,-2.5870142
3247,2026-05-11 16:15:43.675921,1.662536,1.0317065,0.5250307,3.232546,0.9445504,-2.5870142
3248,2026-05-11 16:15:43.678632,1.662536,1.0317065,0.5250307,3.232546,0.9445504,-2.5870142
3249,2026-05-11 16:15:43.681227,1.662536,1.0317065,0.5250307,3.232546,0.9445504,-2.5870142
3250,2026-05-11 16:15:43.684381,1.662536,1.0317065,0.5250307,2.9953778,0.8689558,-2.6665795
3251,2026-05-11 16:15:43.687110,1.662536,1.0317065,0.5250307,2.9953778,0.8689558,-2.6665795
3252,2026-05-11 16:15:43.689761,1.662536,1.0317065,0.5250307,2.9953778,0.8689558,-2.6665795
3253,2026-05-11 16:15:43.692615,1.662536,1.0317065,0.5250307,2.9953778,0.8689558,-2.6665795
3254,2026-05-11 16:15:43.695302,1.662536,1.0317065,0.5250307,2.9953778,0.8689558,-2.6665795
3255,2026-05-11 16:15:43.698275,1.662536,1.0317065,0.5250307,2.9953778,0.8689558,-2.6665795
3256,2026-05-11 16:15:43.701173,1.662536,1.0317065,0.5250307,2.9953778,0.8689558,-2.6665795
3257,2026-05-11 16:15:43.703952,1.662536,1.0317065,0.5250307,2.9953778,0.8689558,-2.6665795
3258,2026-05-11 16:15:43.706647,1.662536,1.0317065,0.5250307,2.9953778,0.8689558,-2.6665795
3259,2026-05-11 16:15:43.709258,1.662536,1.0317065,0.5250307,2.9953778,0.8689558,-2.6665795
3260,2026-05-11 16:15:43.712085,1.662536,1.0317065,0.5250307,2.9953778,0.8689558,-2.6665795
3261,2026-05-11 16:15:43.714871,1.662536,1.0317065,0.5250307,2.6700919,0.5902485,-3.4478762
3262,2026-05-11 16:15:43.717854,1.5899099,0.6577823,0.8075471,2.6700919,0.5902485,-3.4478762
3263,2026-05-11 16:15:43.720598,1.5899099,0.6577823,0.8075471,2.6700919,0.5902485,-3.4478762
3264,2026-05-11 16:15:43.723468,1.5899099,0.6577823,0.8075471,2.6700919,0.5902485,-3.4478762
3265,2026-05-11 16:15:43.726164,1.5899099,0.6577823,0.8075471,2.6700919,0.5902485,-3.4478762
3266,2026-05-11 16:15:43.728797,1.5899099,0.6577823,0.8075471,2.6700919,0.5902485,-3.4478762
3267,2026-05-11 16:15:43.731535,1.4934407,0.49197996,0.7687644,2.6780334,0.6356053,-3.8186715
3268,2026-05-11 16:15:43.734790,1.4295346,0.42154896,0.766874,2.6780334,0.6356053,-3.8186715
3269,2026-05-11 16:15:43.737573,1.4295346,0.42154896,0.766874,2.6780334,0.6356053,-3.8186715
3270,2026-05-11 16:15:43.740216,1.4295346,0.42154896,0.766874,2.6780334,0.6356053,-3.8186715
3271,2026-05-11 16:15:43.742818,1.4295346,0.42154896,0.766874,2.6780334,0.6356053,-3.8186715
3272,2026-05-11 16:15:43.745493,1.4295346,0.42154896,0.766874,2.6713138,0.6469063,-3.9858956
3273,2026-05-11 16:15:43.748268,1.4295346,0.42154896,0.766874,2.6713138,0.6469063,-3.9858956
3274,2026-05-11 16:15:43.751598,1.4295346,0.42154896,0.766874,2.6858218,0.5676465,-4.196797
3275,2026-05-11 16:15:43.754433,1.4295346,0.42154896,0.766874,2.6858218,0.5676465,-4.196797
3276,2026-05-11 16:15:43.757145,1.4295346,0.42154896,0.766874,2.6858218,0.5676465,-4.196797
3277,2026-05-11 16:15:43.759879,1.4295346,0.42154896,0.766874,2.6858218,0.5676465,-4.196797
3278,2026-05-11 16:15:43.762600,1.4295346,0.42154896,0.766874,2.6858218,0.5676465,-4.196797
3279,2026-05-11 16:15:43.765509,1.1076256,0.01097625,0.8058397,2.7870727,0.48701233,-4.3602033
3280,2026-05-11 16:15:43.768655,1.1076256,0.01097625,0.8058397,2.849839,0.45463645,-4.421748
3281,2026-05-11 16:15:43.771437,1.1076256,0.01097625,0.8058397,2.849839,0.45463645,-4.421748
3282,2026-05-11 16:15:43.774109,1.1076256,0.01097625,0.8058397,2.849839,0.45463645,-4.421748
3283,2026-05-11 16:15:43.776734,1.1076256,0.01097625,0.8058397,2.849839,0.45463645,-4.421748
3284,2026-05-11 16:15:43.779428,0.9208464,-0.16549747,0.7968757,3.0605876,0.36896262,-4.358218
3285,2026-05-11 16:15:43.782288,0.96584904,-0.25068536,0.77291095,3.0605876,0.36896262,-4.358218
3286,2026-05-11 16:15:43.785617,0.9199317,-0.43935493,0.6188776,3.2055154,0.6365216,-4.5086436
3287,2026-05-11 16:15:43.788392,0.9199317,-0.43935493,0.6188776,3.2055154,0.6365216,-4.5086436
3288,2026-05-11 16:15:43.791048,0.9199317,-0.43935493,0.6188776,3.2055154,0.6365216,-4.5086436
3289,2026-05-11 16:15:43.793648,0.9199317,-0.43935493,0.6188776,3.2055154,0.6365216,-4.5086436
3290,2026-05-11 16:15:43.796362,0.799132,-0.5066149,0.5281406,3.1105258,0.74128497,-4.5465174
3291,2026-05-11 16:15:43.799442,0.799132,-0.5066149,0.5281406,3.1105258,0.74128497,-4.5465174
3292,2026-05-11 16:15:43.802511,0.799132,-0.5066149,0.5281406,3.1105258,0.74128497,-4.5465174
3293,2026-05-11 16:15:43.805151,0.799132,-0.5066149,0.5281406,3.1105258,0.74128497,-4.5465174
3294,2026-05-11 16:15:43.807932,0.799132,-0.5066149,0.5281406,3.1105258,0.74128497,-4.5465174
3295,2026-05-11 16:15:43.810651,0.71296847,-0.57302123,0.46142936,2.9827023,0.8567385,-4.5058947
3296,2026-05-11 16:15:43.813382,0.71296847,-0.57302123,0.46142936,2.9827023,0.8567385,-4.5058947
3297,2026-05-11 16:15:43.816679,0.49466303,-0.7285791,0.35398406,2.9827023,0.8567385,-4.5058947
3298,2026-05-11 16:15:43.819474,0.49466303,-0.7285791,0.35398406,2.9827023,0.8567385,-4.5058947
3299,2026-05-11 16:15:43.822144,0.49466303,-0.7285791,0.35398406,2.9827023,0.8567385,-4.5058947
3300,2026-05-11 16:15:43.824895,0.49466303,-0.7285791,0.35398406,2.9827023,0.8567385,-4.5058947
3301,2026-05-11 16:15:43.827641,0.49466303,-0.7285791,0.35398406,2.9827023,0.8567385,-4.5058947
3302,2026-05-11 16:15:43.830399,0.49466303,-0.7285791,0.35398406,2.9827023,0.8567385,-4.5058947
3303,2026-05-11 16:15:43.833534,0.30745694,-0.7364454,0.27971146,2.705522,1.3081679,-4.343405
3304,2026-05-11 16:15:43.836317,0.30745694,-0.7364454,0.27971146,2.6241243,1.5716035,-4.222148
3305,2026-05-11 16:15:43.839113,0.30745694,-0.7364454,0.27971146,2.6241243,1.5716035,-4.222148
3306,2026-05-11 16:15:43.841784,0.30745694,-0.7364454,0.27971146,2.6241243,1.5716035,-4.222148
3307,2026-05-11 16:15:43.844409,0.30745694,-0.7364454,0.27971146,2.6241243,1.5716035,-4.222148
3308,2026-05-11 16:15:43.847215,0.30745694,-0.7364454,0.27971146,2.6241243,1.5716035,-4.222148
3309,2026-05-11 16:15:43.850455,0.035489876,-0.7322379,0.1574482,2.5389087,1.8478674,-3.9579487
3310,2026-05-11 16:15:43.853214,0.035489876,-0.7322379,0.1574482,2.5389087,1.8478674,-3.9579487
3311,2026-05-11 16:15:43.855819,0.035489876,-0.7322379,0.1574482,2.5389087,1.8478674,-3.9579487
3312,2026-05-11 16:15:43.858446,0.035489876,-0.7322379,0.1574482,2.5389087,1.8478674,-3.9579487
3313,2026-05-11 16:15:43.861011,0.035489876,-0.7322379,0.1574482,2.5389087,1.8478674,-3.9579487
3314,2026-05-11 16:15:43.863824,0.035489876,-0.7322379,0.1574482,2.3860397,2.0496056,-3.4402404
3315,2026-05-11 16:15:43.866858,0.035489876,-0.7322379,0.1574482,2.3860397,2.0496056,-3.4402404
3316,2026-05-11 16:15:43.869701,0.035489876,-0.7322379,0.1574482,2.3860397,2.0496056,-3.4402404
3317,2026-05-11 16:15:43.872572,-0.19946286,-0.7093097,0.023659917,2.3860397,2.0496056,-3.4402404
3318,2026-05-11 16:15:43.875220,-0.19946286,-0.7093097,0.023659917,2.3860397,2.0496056,-3.4402404
3319,2026-05-11 16:15:43.877991,-0.19946286,-0.7093097,0.023659917,2.3860397,2.0496056,-3.4402404
3320,2026-05-11 16:15:43.880613,-0.19946286,-0.7093097,0.023659917,2.3860397,2.0496056,-3.4402404
3321,2026-05-11 16:15:43.883689,-0.19946286,-0.7093097,0.023659917,2.3860397,2.0496056,-3.4402404
3322,2026-05-11 16:15:43.886660,-0.19946286,-0.7093097,0.023659917,2.0996966,1.9088012,-2.7107146
3323,2026-05-11 16:15:43.889430,-0.47338125,-0.6186946,-0.1437279,2.0996966,1.9088012,-2.7107146
3324,2026-05-11 16:15:43.892153,-0.47338125,-0.6186946,-0.1437279,2.0996966,1.9088012,-2.7107146
3325,2026-05-11 16:15:43.894841,-0.47338125,-0.6186946,-0.1437279,1.8790215,1.6195564,-2.245388
3326,2026-05-11 16:15:43.897438,-0.47338125,-0.6186946,-0.1437279,1.8790215,1.6195564,-2.245388
3327,2026-05-11 16:15:43.900506,-0.47338125,-0.6186946,-0.1437279,1.8790215,1.6195564,-2.245388
3328,2026-05-11 16:15:43.903306,-0.47338125,-0.6186946,-0.1437279,1.8790215,1.6195564,-2.245388
3329,2026-05-11 16:15:43.905985,-0.47338125,-0.6186946,-0.1437279,1.8790215,1.6195564,-2.245388
3330,2026-05-11 16:15:43.908666,-0.51832294,-0.5875953,-0.12775135,1.6734654,1.234406,-1.8102992
3331,2026-05-11 16:15:43.911273,-0.5599107,-0.5622279,-0.08012662,1.6734654,1.234406,-1.8102992
3332,2026-05-11 16:15:43.914035,-0.5599107,-0.5622279,-0.08012662,1.6734654,1.234406,-1.8102992
3333,2026-05-11 16:15:43.917044,-0.5599107,-0.5622279,-0.08012662,1.6734654,1.234406,-1.8102992
3334,2026-05-11 16:15:43.919906,-0.5599107,-0.5622279,-0.08012662,1.6734654,1.234406,-1.8102992
3335,2026-05-11 16:15:43.922556,-0.5599107,-0.5622279,-0.08012662,1.6734654,1.234406,-1.8102992
3336,2026-05-11 16:15:43.925243,-0.5599107,-0.5622279,-0.08012662,1.2611313,0.5914703,-0.97066486
3337,2026-05-11 16:15:43.928153,-0.5599107,-0.5622279,-0.08012662,1.2611313,0.5914703,-0.97066486
3338,2026-05-11 16:15:43.930818,-0.6141822,-0.5373484,-0.024757542,1.103528,0.70295316,-0.59421915
3339,2026-05-11 16:15:43.934128,-0.71626127,-0.51582277,0.013842272,1.103528,0.70295316,-0.59421915
3340,2026-05-11 16:15:43.937035,-0.71626127,-0.51582277,0.013842272,1.103528,0.70295316,-0.59421915
3341,2026-05-11 16:15:43.939730,-0.71626127,-0.51582277,0.013842272,1.103528,0.70295316,-0.59421915
3342,2026-05-11 16:15:43.942376,-0.71626127,-0.51582277,0.013842272,1.103528,0.70295316,-0.59421915
3343,2026-05-11 16:15:43.944965,-0.71626127,-0.51582277,0.013842272,1.103528,0.70295316,-0.59421915
3344,2026-05-11 16:15:43.947731,-0.71626127,-0.51582277,0.013842272,1.103528,0.70295316,-0.59421915
3345,2026-05-11 16:15:43.950798,-0.71626127,-0.51582277,0.013842272,1.103528,0.70295316,-0.59421915
3346,2026-05-11 16:15:43.953688,-0.71626127,-0.51582277,0.013842272,1.103528,0.70295316,-0.59421915
3347,2026-05-11 16:15:43.956329,-0.71626127,-0.51582277,0.013842272,1.103528,0.70295316,-0.59421915
3348,2026-05-11 16:15:43.958935,-0.8474884,-0.53692156,0.003963646,1.103528,0.70295316,-0.59421915
3349,2026-05-11 16:15:43.961598,-0.8474884,-0.53692156,0.003963646,1.103528,0.70295316,-0.59421915
3350,2026-05-11 16:15:43.964308,-0.8474884,-0.53692156,0.003963646,1.103528,0.70295316,-0.59421915
3351,2026-05-11 16:15:43.967525,-0.8474884,-0.53692156,0.003963646,0.86620694,1.2096659,0.23304509
3352,2026-05-11 16:15:43.970318,-0.8474884,-0.53692156,0.003963646,0.83108217,1.2809844,0.36086863
3353,2026-05-11 16:15:43.973072,-0.87675846,-0.5402144,-0.014635001,0.83108217,1.2809844,0.36086863
3354,2026-05-11 16:15:43.975673,-0.87675846,-0.5402144,-0.014635001,0.83108217,1.2809844,0.36086863
3355,2026-05-11 16:15:43.978501,-0.9112727,-0.5401535,-0.0775655,0.6414085,1.6436857,1.0500773
3356,2026-05-11 16:15:43.981121,-0.9112727,-0.5401535,-0.0775655,0.6414085,1.6436857,1.0500773
3357,2026-05-11 16:15:43.984360,-0.8872469,-0.52643317,-0.12951976,0.6414085,1.6436857,1.0500773
3358,2026-05-11 16:15:43.987076,-0.8872469,-0.52643317,-0.12951976,0.6414085,1.6436857,1.0500773
3359,2026-05-11 16:15:43.989753,-0.8872469,-0.52643317,-0.12951976,0.6414085,1.6436857,1.0500773
3360,2026-05-11 16:15:43.992397,-0.8872469,-0.52643317,-0.12951976,0.46395215,1.8648189,1.6424639
3361,2026-05-11 16:15:43.994941,-0.7519341,-0.5087492,-0.17860797,0.46395215,1.8648189,1.6424639
3362,2026-05-11 16:15:43.997576,-0.7519341,-0.5087492,-0.17860797,0.14828753,2.1340578,2.5372288
3363,2026-05-11 16:15:44.000446,-0.7519341,-0.5087492,-0.17860797,0.14828753,2.1340578,2.5372288
3364,2026-05-11 16:15:44.003231,-0.7519341,-0.5087492,-0.17860797,0.14828753,2.1340578,2.5372288
3365,2026-05-11 16:15:44.005910,-0.7519341,-0.5087492,-0.17860797,0.14828753,2.1340578,2.5372288
3366,2026-05-11 16:15:44.008482,-0.7519341,-0.5087492,-0.17860797,0.14828753,2.1340578,2.5372288
3367,2026-05-11 16:15:44.011144,-0.7519341,-0.5087492,-0.17860797,0.14828753,2.1340578,2.5372288
3368,2026-05-11 16:15:44.013713,-0.7519341,-0.5087492,-0.17860797,0.14828753,2.1340578,2.5372288
3369,2026-05-11 16:15:44.016697,-0.7519341,-0.5087492,-0.17860797,0.14828753,2.1340578,2.5372288
3370,2026-05-11 16:15:44.019469,-0.7519341,-0.5087492,-0.17860797,0.14828753,2.1340578,2.5372288
3371,2026-05-11 16:15:44.022129,-0.7519341,-0.5087492,-0.17860797,0.14828753,2.1340578,2.5372288
3372,2026-05-11 16:15:44.024717,-0.5606425,-0.50789547,-0.19488941,0.14828753,2.1340578,2.5372288
3373,2026-05-11 16:15:44.027527,-0.5606425,-0.50789547,-0.19488941,-0.3755294,2.4585798,3.723682
3374,2026-05-11 16:15:44.030091,-0.5606425,-0.50789547,-0.19488941,-0.3755294,2.4585798,3.723682
3375,2026-05-11 16:15:44.033165,-0.5606425,-0.50789547,-0.19488941,-0.3755294,2.4585798,3.723682
3376,2026-05-11 16:15:44.035911,-0.35471582,-0.4808817,-0.19153556,-0.3755294,2.4585798,3.723682
3377,2026-05-11 16:15:44.038595,-0.35471582,-0.4808817,-0.19153556,-0.3755294,2.4585798,3.723682
3378,2026-05-11 16:15:44.041219,-0.35471582,-0.4808817,-0.19153556,-0.3755294,2.4585798,3.723682
3379,2026-05-11 16:15:44.043882,-0.35471582,-0.4808817,-0.19153556,-0.3755294,2.4585798,3.723682
3380,2026-05-11 16:15:44.046444,-0.35471582,-0.4808817,-0.19153556,-0.3755294,2.4585798,3.723682
3381,2026-05-11 16:15:44.049457,-0.09616415,-0.47142997,-0.17836407,-0.3755294,2.4585798,3.723682
3382,2026-05-11 16:15:44.052516,0.11464083,-0.47124702,-0.17116854,-0.624457,2.500577,4.1874814
3383,2026-05-11 16:15:44.055243,0.11464083,-0.47124702,-0.17116854,-0.79611015,2.4361305,4.444961
3384,2026-05-11 16:15:44.058079,0.32879966,-0.4603927,-0.15714332,-0.98547834,2.2672265,4.651281
3385,2026-05-11 16:15:44.060733,0.32879966,-0.4603927,-0.15714332,-0.98547834,2.2672265,4.651281
3386,2026-05-11 16:15:44.063445,0.32879966,-0.4603927,-0.15714332,-0.98547834,2.2672265,4.651281
3387,2026-05-11 16:15:44.066386,0.32879966,-0.4603927,-0.15714332,-1.2258538,2.0074558,4.812855
3388,2026-05-11 16:15:44.069391,0.54875153,-0.35160586,-0.11360419,-1.2258538,2.0074558,4.812855
3389,2026-05-11 16:15:44.072129,0.61942637,-0.2564174,-0.09896919,-1.64674,1.6885842,5.1708217
3390,2026-05-11 16:15:44.075023,0.61942637,-0.2564174,-0.09896919,-1.64674,1.6885842,5.1708217
3391,2026-05-11 16:15:44.077869,0.8871249,-0.09768862,-0.06097917,-2.0222695,1.6258179,5.497176
3392,2026-05-11 16:15:44.080569,0.8871249,-0.09768862,-0.06097917,-2.0222695,1.6258179,5.497176
3393,2026-05-11 16:15:44.083561,0.8871249,-0.09768862,-0.06097917,-2.0222695,1.6258179,5.497176
3394,2026-05-11 16:15:44.086486,0.8871249,-0.09768862,-0.06097917,-2.0222695,1.6258179,5.497176
3395,2026-05-11 16:15:44.089096,0.8871249,-0.09768862,-0.06097917,-2.0222695,1.6258179,5.497176
3396,2026-05-11 16:15:44.092004,0.8871249,-0.09768862,-0.06097917,-2.0222695,1.6258179,5.497176
3397,2026-05-11 16:15:44.094688,0.8871249,-0.09768862,-0.06097917,-2.0222695,1.6258179,5.497176
3398,2026-05-11 16:15:44.097363,0.8871249,-0.09768862,-0.06097917,-2.3909266,1.7507398,5.610339
3399,2026-05-11 16:15:44.100521,0.8871249,-0.09768862,-0.06097917,-2.3909266,1.7507398,5.610339
3400,2026-05-11 16:15:44.103442,1.4477674,0.19934091,0.117811754,-2.3909266,1.7507398,5.610339
3401,2026-05-11 16:15:44.106185,1.4477674,0.19934091,0.117811754,-2.3909266,1.7507398,5.610339
3402,2026-05-11 16:15:44.109056,1.5059415,0.55869114,0.19306004,-2.895654,2.9787316,4.559651
3403,2026-05-11 16:15:44.111744,1.5059415,0.55869114,0.19306004,-2.895654,2.9787316,4.559651
3404,2026-05-11 16:15:44.114933,1.5059415,0.55869114,0.19306004,-2.895654,2.9787316,4.559651
3405,2026-05-11 16:15:44.117876,1.4686223,0.7061388,0.254649,-2.9582677,3.2149837,4.244597
3406,2026-05-11 16:15:44.120508,1.4686223,0.7061388,0.254649,-2.9582677,3.2149837,4.244597
3407,2026-05-11 16:15:44.123281,1.4686223,0.7061388,0.254649,-2.9582677,3.2149837,4.244597
3408,2026-05-11 16:15:44.126074,1.4686223,0.7061388,0.254649,-2.9582677,3.2149837,4.244597
3409,2026-05-11 16:15:44.128729,1.4686223,0.7061388,0.254649,-2.9582677,3.2149837,4.244597
3410,2026-05-11 16:15:44.131565,1.4827695,0.8755389,0.4269761,-2.6728408,3.0098858,3.9440515
3411,2026-05-11 16:15:44.134627,1.4827695,0.8755389,0.4269761,-2.6728408,3.0098858,3.9440515
3412,2026-05-11 16:15:44.137380,1.4827695,0.8755389,0.4269761,-2.6728408,3.0098858,3.9440515
3413,2026-05-11 16:15:44.140208,1.4827695,0.8755389,0.4269761,-2.6728408,3.0098858,3.9440515
3414,2026-05-11 16:15:44.143023,1.4827695,0.8755389,0.4269761,-2.6728408,3.0098858,3.9440515
3415,2026-05-11 16:15:44.145711,1.4827695,0.8755389,0.4269761,-2.6728408,3.0098858,3.9440515
3416,2026-05-11 16:15:44.148498,1.129822,1.1573846,0.6610142,-0.15683965,0.9639453,3.235906
3417,2026-05-11 16:15:44.151653,1.129822,1.1573846,0.6610142,-0.15683965,0.9639453,3.235906
3418,2026-05-11 16:15:44.154504,1.129822,1.1573846,0.6610142,0.45814893,0.7002043,3.3162346
3419,2026-05-11 16:15:44.157249,1.1190287,1.2649518,0.64619625,0.45814893,0.7002043,3.3162346
3420,2026-05-11 16:15:44.159864,1.1190287,1.2649518,0.64619625,0.45814893,0.7002043,3.3162346
3421,2026-05-11 16:15:44.162576,1.1190287,1.2649518,0.64619625,0.45814893,0.7002043,3.3162346
3422,2026-05-11 16:15:44.165691,1.4403889,1.6774149,0.44746515,1.0636691,1.1021537,3.1650455
3423,2026-05-11 16:15:44.168621,1.4403889,1.6774149,0.44746515,1.0636691,1.1021537,3.1650455
3424,2026-05-11 16:15:44.171267,1.4403889,1.6774149,0.44746515,1.0636691,1.1021537,3.1650455
3425,2026-05-11 16:15:44.174053,1.4403889,1.6774149,0.44746515,0.95233893,1.6383406,2.7505734
3426,2026-05-11 16:15:44.176967,1.6746709,1.8629746,0.37685126,0.95233893,1.6383406,2.7505734
3427,2026-05-11 16:15:44.179605,1.6746709,1.8629746,0.37685126,0.95233893,1.6383406,2.7505734
3428,2026-05-11 16:15:44.182519,1.6746709,1.8629746,0.37685126,0.95233893,1.6383406,2.7505734
3429,2026-05-11 16:15:44.185460,1.8137034,1.8912688,0.39697438,0.70005155,2.4500277,1.7392861
3430,2026-05-11 16:15:44.188261,1.4059967,1.8433392,0.51692045,0.65026605,2.8050933,1.1420126
3431,2026-05-11 16:15:44.190988,1.4059967,1.8433392,0.51692045,0.65026605,2.8050933,1.1420126
3432,2026-05-11 16:15:44.193692,1.4059967,1.8433392,0.51692045,0.65026605,2.8050933,1.1420126
3433,2026-05-11 16:15:44.196313,1.4059967,1.8433392,0.51692045,0.7002043,2.9539917,0.7293731
3434,2026-05-11 16:15:44.199484,1.1539088,1.8459613,0.6313173,0.86345804,2.8965702,0.56245416
3435,2026-05-11 16:15:44.202284,1.1539088,1.8459613,0.6313173,0.86345804,2.8965702,0.56245416
3436,2026-05-11 16:15:44.205023,1.1054914,1.9351128,0.86700183,1.3654366,2.545781,0.7338019
3437,2026-05-11 16:15:44.207749,1.1054914,1.9351128,0.86700183,1.3654366,2.545781,0.7338019
3438,2026-05-11 16:15:44.210403,1.1054914,1.9351128,0.86700183,1.3654366,2.545781,0.7338019
3439,2026-05-11 16:15:44.213016,1.1054914,1.9351128,0.86700183,2.0250182,2.1259637,0.893085
3440,2026-05-11 16:15:44.216244,1.4177047,2.0340211,1.0973201,2.0250182,2.1259637,0.893085
3441,2026-05-11 16:15:44.218992,1.4177047,2.0340211,1.0973201,2.0250182,2.1259637,0.893085
3442,2026-05-11 16:15:44.221694,1.4177047,2.0340211,1.0973201,2.0250182,2.1259637,0.893085
3443,2026-05-11 16:15:44.224345,1.7374794,2.1264045,1.2371453,2.0250182,2.1259637,0.893085
3444,2026-05-11 16:15:44.226976,1.7374794,2.1264045,1.2371453,2.0250182,2.1259637,0.893085
3445,2026-05-11 16:15:44.235084,1.7374794,2.1264045,1.2371453,2.685669,1.882534,0.8538369
3446,2026-05-11 16:15:44.256107,1.7374794,2.1264045,1.2371453,2.685669,1.882534,0.8538369
3447,2026-05-11 16:15:44.260398,1.7374794,2.1264045,1.2371453,2.685669,1.882534,0.8538369
3448,2026-05-11 16:15:44.266589,1.7374794,2.1264045,1.2371453,2.685669,1.882534,0.8538369
3449,2026-05-11 16:15:44.269570,1.7374794,2.1264045,1.2371453,2.685669,1.882534,0.8538369
3450,2026-05-11 16:15:44.272352,2.1007934,2.2266543,1.3220893,3.5903604,1.7570012,0.59315014
3451,2026-05-11 16:15:44.275278,2.1007934,2.2266543,1.3220893,3.5903604,1.7570012,0.59315014
3452,2026-05-11 16:15:44.277994,2.1007934,2.2266543,1.3220893,3.5903604,1.7570012,0.59315014
3453,2026-05-11 16:15:44.280846,2.1007934,2.2266543,1.3220893,4.289496,1.7661642,0.2582433
3454,2026-05-11 16:15:44.283919,2.5531368,2.33599,1.2784283,4.289496,1.7661642,0.2582433
3455,2026-05-11 16:15:44.286656,2.5531368,2.33599,1.2784283,4.289496,1.7661642,0.2582433
3456,2026-05-11 16:15:44.289454,2.5531368,2.33599,1.2784283,4.289496,1.7661642,0.2582433
3457,2026-05-11 16:15:44.292540,2.5531368,2.33599,1.2784283,4.289496,1.7661642,0.2582433
3458,2026-05-11 16:15:44.295227,2.5531368,2.33599,1.2784283,4.289496,1.7661642,0.2582433
3459,2026-05-11 16:15:44.297950,2.5531368,2.33599,1.2784283,4.289496,1.7661642,0.2582433
3460,2026-05-11 16:15:44.301094,2.5531368,2.33599,1.2784283,4.289496,1.7661642,0.2582433
3461,2026-05-11 16:15:44.303833,2.5531368,2.33599,1.2784283,4.289496,1.7661642,0.2582433
3462,2026-05-11 16:15:44.306744,2.950294,2.3587961,1.077075,4.289496,1.7661642,0.2582433
3463,2026-05-11 16:15:44.309424,2.950294,2.3587961,1.077075,4.289496,1.7661642,0.2582433
3464,2026-05-11 16:15:44.312089,2.950294,2.3587961,1.077075,4.289496,1.7661642,0.2582433
3465,2026-05-11 16:15:44.314832,2.950294,2.3587961,1.077075,4.960531,1.8093829,-0.37766743
3466,2026-05-11 16:15:44.317940,2.950294,2.3587961,1.077075,4.960531,1.8093829,-0.37766743
3467,2026-05-11 16:15:44.320617,2.950294,2.3587961,1.077075,4.960531,1.8093829,-0.37766743
3468,2026-05-11 16:15:44.323444,3.102681,2.3128788,0.82681656,5.3473616,1.7967074,-1.1798862
3469,2026-05-11 16:15:44.326193,3.102681,2.3128788,0.82681656,5.3473616,1.7967074,-1.1798862
3470,2026-05-11 16:15:44.328895,3.102681,2.3128788,0.82681656,5.3473616,1.7967074,-1.1798862
3471,2026-05-11 16:15:44.331673,3.0506048,2.2007382,0.57704586,5.3473616,1.7967074,-1.1798862
3472,2026-05-11 16:15:44.334938,3.0506048,2.2007382,0.57704586,5.3473616,1.7967074,-1.1798862
3473,2026-05-11 16:15:44.337683,3.0506048,2.2007382,0.57704586,5.3473616,1.7967074,-1.1798862
3474,2026-05-11 16:15:44.340567,3.0506048,2.2007382,0.57704586,5.435326,1.6325374,-1.9144517
3475,2026-05-11 16:15:44.343371,2.4800227,1.5563713,0.13287361,4.9183817,1.0641272,-2.8507555
