id,timestamp,acc_x,acc_y,acc_z,gyro_x,gyro_y,gyro_z
1,2026-05-11 16:07:27.545750,-0.11165286,1.3544083,0.43264723,1.9918789,0.1469131,1.0543534
2,2026-05-11 16:07:27.556689,-0.38666892,1.1263462,0.3905106,2.104278,0.47952923,0.6872234
3,2026-05-11 16:07:27.560911,-0.38666892,1.1263462,0.3905106,2.104278,0.47952923,0.6872234
4,2026-05-11 16:07:27.564726,-0.38666892,1.1263462,0.3905106,2.104278,0.47952923,0.6872234
5,2026-05-11 16:07:27.568551,-0.38666892,1.1263462,0.3905106,2.104278,0.47952923,0.6872234
6,2026-05-11 16:07:27.572011,-0.38666892,1.1263462,0.3905106,2.104278,0.47952923,0.6872234
7,2026-05-11 16:07:27.575142,-0.38666892,1.1263462,0.3905106,2.104278,0.47952923,0.6872234
8,2026-05-11 16:07:27.578363,-0.38666892,1.1263462,0.3905106,2.104278,0.47952923,0.6872234
9,2026-05-11 16:07:27.581230,-0.38666892,1.1263462,0.3905106,2.104278,0.47952923,0.6872234
10,2026-05-11 16:07:27.584460,-0.38666892,1.1263462,0.3905106,2.104278,0.47952923,0.6872234
11,2026-05-11 16:07:27.587407,-0.38666892,1.1263462,0.3905106,2.104278,0.47952923,0.6872234
12,2026-05-11 16:07:27.590225,-0.38666892,1.1263462,0.3905106,2.104278,0.47952923,0.6872234
13,2026-05-11 16:07:27.592911,-0.38666892,1.1263462,0.3905106,2.104278,0.47952923,0.6872234
14,2026-05-11 16:07:27.595495,-0.38666892,1.1263462,0.3905106,2.104278,0.47952923,0.6872234
15,2026-05-11 16:07:27.598257,-0.38666892,1.1263462,0.3905106,2.104278,0.47952923,0.6872234
16,2026-05-11 16:07:27.601273,-0.38666892,1.1263462,0.3905106,2.104278,0.47952923,0.6872234
17,2026-05-11 16:07:27.604144,-0.38666892,1.1263462,0.3905106,2.104278,0.47952923,0.6872234
18,2026-05-11 16:07:27.606749,-0.38666892,1.1263462,0.3905106,2.104278,0.47952923,0.6872234
19,2026-05-11 16:07:27.609290,-0.38666892,1.1263462,0.3905106,2.104278,0.47952923,0.6872234
20,2026-05-11 16:07:27.612030,-0.38666892,1.1263462,0.3905106,2.104278,0.47952923,0.6872234
21,2026-05-11 16:07:27.614614,-0.38666892,1.1263462,0.3905106,2.104278,0.47952923,0.6872234
22,2026-05-11 16:07:27.617533,-0.38666892,1.1263462,0.3905106,2.104278,0.47952923,0.6872234
23,2026-05-11 16:07:27.620326,-0.38666892,1.1263462,0.3905106,2.104278,0.47952923,0.6872234
24,2026-05-11 16:07:27.622899,-0.38666892,1.1263462,0.3905106,2.104278,0.47952923,0.6872234
25,2026-05-11 16:07:27.625713,-0.38666892,1.1263462,0.3905106,2.104278,0.47952923,0.6872234
26,2026-05-11 16:07:27.628409,-0.38666892,1.1263462,0.3905106,2.104278,0.47952923,0.6872234
27,2026-05-11 16:07:27.631280,-0.38666892,1.1263462,0.3905106,2.104278,0.47952923,0.6872234
28,2026-05-11 16:07:27.634441,-0.38666892,1.1263462,0.3905106,2.104278,0.47952923,0.6872234
29,2026-05-11 16:07:27.637255,-0.38666892,1.1263462,0.3905106,2.104278,0.47952923,0.6872234
30,2026-05-11 16:07:27.639886,-0.38666892,1.1263462,0.3905106,2.104278,0.47952923,0.6872234
31,2026-05-11 16:07:27.642710,-0.38666892,1.1263462,0.3905106,2.4349089,0.008093964,0.87369
32,2026-05-11 16:07:27.645449,-0.38666892,1.1263462,0.3905106,2.4349089,0.008093964,0.87369
33,2026-05-11 16:07:27.648180,-0.38666892,1.1263462,0.3905106,2.4349089,0.008093964,0.87369
34,2026-05-11 16:07:27.651347,-0.38666892,1.1263462,0.3905106,2.4349089,0.008093964,0.87369
35,2026-05-11 16:07:27.654207,-0.38666892,1.1263462,0.3905106,2.4349089,0.008093964,0.87369
36,2026-05-11 16:07:27.656818,-0.38666892,1.1263462,0.3905106,2.4349089,0.008093964,0.87369
37,2026-05-11 16:07:27.659652,-0.38666892,1.1263462,0.3905106,2.4349089,0.008093964,0.87369
38,2026-05-11 16:07:27.662296,-0.38666892,1.1263462,0.3905106,2.4349089,0.008093964,0.87369
39,2026-05-11 16:07:27.665070,-0.38666892,1.1263462,0.3905106,2.4349089,0.008093964,0.87369
40,2026-05-11 16:07:27.668187,-0.38666892,1.1263462,0.3905106,2.4349089,0.008093964,0.87369
41,2026-05-11 16:07:27.670940,-0.38666892,1.1263462,0.3905106,2.4349089,0.008093964,0.87369
42,2026-05-11 16:07:27.673555,-0.38666892,1.1263462,0.3905106,2.4349089,0.008093964,0.87369
43,2026-05-11 16:07:27.676381,-0.38666892,1.1263462,0.3905106,2.4349089,0.008093964,0.87369
44,2026-05-11 16:07:27.678983,-0.38666892,1.1263462,0.3905106,2.4349089,0.008093964,0.87369
45,2026-05-11 16:07:27.681567,-0.38666892,1.1263462,0.3905106,2.4349089,0.008093964,0.87369
46,2026-05-11 16:07:27.684543,-0.38666892,1.1263462,0.3905106,2.4349089,0.008093964,0.87369
47,2026-05-11 16:07:27.687470,-0.38666892,1.1263462,0.3905106,2.4349089,0.008093964,0.87369
48,2026-05-11 16:07:27.690093,-0.38666892,1.1263462,0.3905106,2.4349089,0.008093964,0.87369
49,2026-05-11 16:07:27.692707,-0.38666892,1.1263462,0.3905106,2.4349089,0.008093964,0.87369
50,2026-05-11 16:07:27.695414,-0.38666892,1.1263462,0.3905106,2.4349089,0.008093964,0.87369
51,2026-05-11 16:07:27.698010,-0.38666892,1.1263462,0.3905106,2.4349089,0.008093964,0.87369
52,2026-05-11 16:07:27.701218,-0.38666892,1.1263462,0.3905106,2.4349089,0.008093964,0.87369
53,2026-05-11 16:07:27.704033,-0.38666892,1.1263462,0.3905106,2.4349089,0.008093964,0.87369
54,2026-05-11 16:07:27.706812,-0.38666892,1.1263462,0.3905106,2.4349089,0.008093964,0.87369
55,2026-05-11 16:07:27.709531,-0.38666892,1.1263462,0.3905106,2.4349089,0.008093964,0.87369
56,2026-05-11 16:07:27.712147,-0.38666892,1.1263462,0.3905106,2.4349089,0.008093964,0.87369
57,2026-05-11 16:07:27.714731,-0.38666892,1.1263462,0.3905106,2.4349089,0.008093964,0.87369
58,2026-05-11 16:07:27.717694,-0.38666892,1.1263462,0.3905106,2.4349089,0.008093964,0.87369
59,2026-05-11 16:07:27.720380,-0.38666892,1.1263462,0.3905106,2.4349089,0.008093964,0.87369
60,2026-05-11 16:07:27.723244,-0.38666892,1.1263462,0.3905106,2.4349089,0.008093964,0.87369
61,2026-05-11 16:07:27.726015,-0.74358,0.97938645,0.28550446,2.4349089,0.008093964,0.87369
62,2026-05-11 16:07:27.728826,-0.74358,0.97938645,0.28550446,2.4349089,0.008093964,0.87369
63,2026-05-11 16:07:27.731614,-0.74358,0.97938645,0.28550446,2.4349089,0.008093964,0.87369
64,2026-05-11 16:07:27.734712,-0.74358,0.97938645,0.28550446,2.4349089,0.008093964,0.87369
65,2026-05-11 16:07:27.737543,-0.74358,0.97938645,0.28550446,2.4349089,0.008093964,0.87369
66,2026-05-11 16:07:27.740377,-0.74358,0.97938645,0.28550446,2.4349089,0.008093964,0.87369
67,2026-05-11 16:07:27.743000,-0.74358,0.97938645,0.28550446,2.4349089,0.008093964,0.87369
68,2026-05-11 16:07:27.745724,-0.74358,0.97938645,0.28550446,2.4349089,0.008093964,0.87369
69,2026-05-11 16:07:27.748309,-0.74358,0.97938645,0.28550446,2.4349089,0.008093964,0.87369
70,2026-05-11 16:07:27.751492,-0.74358,0.97938645,0.28550446,2.4349089,0.008093964,0.87369
71,2026-05-11 16:07:27.754195,-0.74358,0.97938645,0.28550446,2.4349089,0.008093964,0.87369
72,2026-05-11 16:07:27.756840,-0.74358,0.97938645,0.28550446,2.4349089,0.008093964,0.87369
73,2026-05-11 16:07:27.759505,-0.74358,0.97938645,0.28550446,2.4349089,0.008093964,0.87369
74,2026-05-11 16:07:27.762152,-0.74358,0.97938645,0.28550446,2.4349089,0.008093964,0.87369
75,2026-05-11 16:07:27.764708,-0.74358,0.97938645,0.28550446,2.4349089,0.008093964,0.87369
76,2026-05-11 16:07:27.767711,-0.74358,0.97938645,0.28550446,2.4349089,0.008093964,0.87369
77,2026-05-11 16:07:27.770593,-0.74358,0.97938645,0.28550446,2.4349089,0.008093964,0.87369
78,2026-05-11 16:07:27.773205,-0.74358,0.97938645,0.28550446,2.4349089,0.008093964,0.87369
79,2026-05-11 16:07:27.775786,-0.74358,0.97938645,0.28550446,2.4349089,0.008093964,0.87369
80,2026-05-11 16:07:27.778607,-0.74358,0.97938645,0.28550446,2.4349089,0.008093964,0.87369
81,2026-05-11 16:07:27.781279,-0.74358,0.97938645,0.28550446,2.4349089,0.008093964,0.87369
82,2026-05-11 16:07:27.784917,-0.74358,0.97938645,0.28550446,2.4349089,0.008093964,0.87369
83,2026-05-11 16:07:27.787854,-0.74358,0.97938645,0.28550446,2.4349089,0.008093964,0.87369
84,2026-05-11 16:07:27.790596,-0.74358,0.97938645,0.28550446,2.4349089,0.008093964,0.87369
85,2026-05-11 16:07:27.793356,-0.74358,0.97938645,0.28550446,2.4349089,0.008093964,0.87369
86,2026-05-11 16:07:27.796084,-0.74358,0.97938645,0.28550446,2.4349089,0.008093964,0.87369
87,2026-05-11 16:07:27.798826,-0.74358,0.97938645,0.28550446,2.4349089,0.008093964,0.87369
88,2026-05-11 16:07:27.801954,-0.74358,0.97938645,0.28550446,2.4349089,0.008093964,0.87369
89,2026-05-11 16:07:27.804632,-0.74358,0.97938645,0.28550446,2.4349089,0.008093964,0.87369
90,2026-05-11 16:07:27.807385,-0.74358,0.97938645,0.28550446,2.4349089,0.008093964,0.87369
91,2026-05-11 16:07:27.810073,-0.74358,0.97938645,0.28550446,2.4349089,0.008093964,0.87369
92,2026-05-11 16:07:27.812751,-0.74358,0.97938645,0.28550446,2.4349089,0.008093964,0.87369
93,2026-05-11 16:07:27.815349,-0.74358,0.97938645,0.28550446,2.4349089,0.008093964,0.87369
94,2026-05-11 16:07:27.818578,-0.74358,0.97938645,0.28550446,2.4349089,0.008093964,0.87369
95,2026-05-11 16:07:27.821275,-0.74358,0.97938645,0.28550446,2.4349089,0.008093964,0.87369
96,2026-05-11 16:07:27.823896,-0.74358,0.97938645,0.28550446,2.4349089,0.008093964,0.87369
97,2026-05-11 16:07:27.826753,-0.74358,0.97938645,0.28550446,2.4349089,0.008093964,0.87369
98,2026-05-11 16:07:27.829420,-0.74358,0.97938645,0.28550446,2.4349089,0.008093964,0.87369
99,2026-05-11 16:07:27.832245,-0.74358,0.97938645,0.28550446,2.4349089,0.008093964,0.87369
100,2026-05-11 16:07:27.835315,-0.74358,0.97938645,0.28550446,2.4349089,0.008093964,0.87369
101,2026-05-11 16:07:27.838097,-0.74358,0.97938645,0.28550446,2.4349089,0.008093964,0.87369
102,2026-05-11 16:07:27.840716,-0.74358,0.97938645,0.28550446,2.4349089,0.008093964,0.87369
103,2026-05-11 16:07:27.843298,-0.74358,0.97938645,0.28550446,2.4349089,0.008093964,0.87369
104,2026-05-11 16:07:27.846056,-0.74358,0.97938645,0.28550446,2.4349089,0.008093964,0.87369
105,2026-05-11 16:07:27.848665,-0.74358,0.97938645,0.28550446,2.4349089,0.008093964,0.87369
106,2026-05-11 16:07:27.851889,-0.74358,0.97938645,0.28550446,2.4349089,0.008093964,0.87369
107,2026-05-11 16:07:27.854702,-0.74358,0.97938645,0.28550446,2.4349089,0.008093964,0.87369
108,2026-05-11 16:07:27.857302,-0.74358,0.97938645,0.28550446,2.4349089,0.008093964,0.87369
109,2026-05-11 16:07:27.859885,-0.74358,0.97938645,0.28550446,2.4349089,0.008093964,0.87369
110,2026-05-11 16:07:27.862623,-0.74358,0.97938645,0.28550446,2.4349089,0.008093964,0.87369
111,2026-05-11 16:07:27.865212,-0.74358,0.97938645,0.28550446,2.4349089,0.008093964,0.87369
112,2026-05-11 16:07:27.868223,-0.74358,0.97938645,0.28550446,2.4349089,0.008093964,0.87369
113,2026-05-11 16:07:27.870867,-0.74358,0.97938645,0.28550446,2.4349089,0.008093964,0.87369
114,2026-05-11 16:07:27.873427,-0.74358,0.97938645,0.28550446,2.4349089,0.008093964,0.87369
115,2026-05-11 16:07:27.876205,-0.74358,0.97938645,0.28550446,2.4349089,0.008093964,0.87369
116,2026-05-11 16:07:27.878823,-0.74358,0.97938645,0.28550446,2.4349089,0.008093964,0.87369
117,2026-05-11 16:07:27.881423,-0.74358,0.97938645,0.28550446,2.4349089,0.008093964,0.87369
118,2026-05-11 16:07:27.884647,-0.74358,0.97938645,0.28550446,2.4349089,0.008093964,0.87369
119,2026-05-11 16:07:27.887338,-0.74358,0.97938645,0.28550446,2.4349089,0.008093964,0.87369
120,2026-05-11 16:07:27.889942,-0.74358,0.97938645,0.28550446,2.4349089,0.008093964,0.87369
121,2026-05-11 16:07:27.892641,-0.74358,0.97938645,0.28550446,2.4349089,0.008093964,0.87369
122,2026-05-11 16:07:27.895229,-0.74358,0.97938645,0.28550446,2.4349089,0.008093964,0.87369
123,2026-05-11 16:07:27.898034,-0.74358,0.97938645,0.28550446,2.4349089,0.008093964,0.87369
124,2026-05-11 16:07:27.901037,-0.74358,0.97938645,0.28550446,2.4349089,0.008093964,0.87369
125,2026-05-11 16:07:27.903891,-0.74358,0.97938645,0.28550446,2.4349089,0.008093964,0.87369
126,2026-05-11 16:07:27.906610,-0.74358,0.97938645,0.28550446,2.4349089,0.008093964,0.87369
127,2026-05-11 16:07:27.909250,-0.74358,0.97938645,0.28550446,2.4349089,0.008093964,0.87369
128,2026-05-11 16:07:27.911968,-0.74358,0.97938645,0.28550446,2.4349089,0.008093964,0.87369
129,2026-05-11 16:07:27.914543,-0.74358,0.97938645,0.28550446,2.4349089,0.008093964,0.87369
130,2026-05-11 16:07:27.917581,-0.74358,0.97938645,0.28550446,2.4349089,0.008093964,0.87369
131,2026-05-11 16:07:27.920408,-0.74358,0.97938645,0.28550446,2.4349089,0.008093964,0.87369
132,2026-05-11 16:07:27.922998,-0.74358,0.97938645,0.28550446,2.4349089,0.008093964,0.87369
133,2026-05-11 16:07:27.925669,-0.74358,0.97938645,0.28550446,2.4349089,0.008093964,0.87369
134,2026-05-11 16:07:27.928237,-0.74358,0.97938645,0.28550446,2.4349089,0.008093964,0.87369
135,2026-05-11 16:07:27.930998,-0.74358,0.97938645,0.28550446,2.4349089,0.008093964,0.87369
136,2026-05-11 16:07:27.934027,-0.74358,0.97938645,0.28550446,2.4349089,0.008093964,0.87369
137,2026-05-11 16:07:27.936968,-0.74358,0.97938645,0.28550446,2.4349089,0.008093964,0.87369
138,2026-05-11 16:07:27.939580,-0.74358,0.97938645,0.28550446,2.4349089,0.008093964,0.87369
139,2026-05-11 16:07:27.942154,-0.74358,0.97938645,0.28550446,2.4349089,0.008093964,0.87369
140,2026-05-11 16:07:27.944891,-0.74358,0.97938645,0.28550446,2.4349089,0.008093964,0.87369
141,2026-05-11 16:07:27.947490,-0.74358,0.97938645,0.28550446,2.4349089,0.008093964,0.87369
142,2026-05-11 16:07:27.950603,-0.74358,0.97938645,0.28550446,2.4349089,0.008093964,0.87369
143,2026-05-11 16:07:27.953342,-0.74358,0.97938645,0.28550446,2.4349089,0.008093964,0.87369
144,2026-05-11 16:07:27.955954,-0.74358,0.97938645,0.28550446,2.4349089,0.008093964,0.87369
145,2026-05-11 16:07:27.958672,-0.74358,0.97938645,0.28550446,2.4349089,0.008093964,0.87369
146,2026-05-11 16:07:27.961382,-0.74358,0.97938645,0.28550446,2.4349089,0.008093964,0.87369
147,2026-05-11 16:07:27.964013,-0.74358,0.97938645,0.28550446,2.4349089,0.008093964,0.87369
148,2026-05-11 16:07:27.966689,-0.74358,0.97938645,0.28550446,2.4349089,0.008093964,0.87369
149,2026-05-11 16:07:27.969945,-0.74358,0.97938645,0.28550446,2.4349089,0.008093964,0.87369
150,2026-05-11 16:07:27.972704,-0.74358,0.97938645,0.28550446,2.4349089,0.008093964,0.87369
151,2026-05-11 16:07:27.975470,-0.74358,0.97938645,0.28550446,2.4349089,0.008093964,0.87369
152,2026-05-11 16:07:27.978082,-0.74358,0.97938645,0.28550446,2.4349089,0.008093964,0.87369
153,2026-05-11 16:07:27.980712,-0.74358,0.97938645,0.28550446,2.4349089,0.008093964,0.87369
154,2026-05-11 16:07:27.983360,-0.74358,0.97938645,0.28550446,2.4349089,0.008093964,0.87369
155,2026-05-11 16:07:27.986687,-0.74358,0.97938645,0.28550446,2.4349089,0.008093964,0.87369
156,2026-05-11 16:07:27.989317,-0.77925277,0.740592,0.15958248,2.4349089,0.008093964,0.87369
157,2026-05-11 16:07:27.992219,-0.77925277,0.740592,0.15958248,2.4349089,0.008093964,0.87369
158,2026-05-11 16:07:27.994928,-0.77925277,0.740592,0.15958248,2.4349089,0.008093964,0.87369
159,2026-05-11 16:07:27.997563,-0.77925277,0.740592,0.15958248,2.4349089,0.008093964,0.87369
160,2026-05-11 16:07:28.000294,-0.77925277,0.740592,0.15958248,2.4349089,0.008093964,0.87369
161,2026-05-11 16:07:28.003540,-0.77925277,0.740592,0.15958248,2.4349089,0.008093964,0.87369
162,2026-05-11 16:07:28.006144,-0.77925277,0.740592,0.15958248,2.4349089,0.008093964,0.87369
163,2026-05-11 16:07:28.008919,-0.77925277,0.740592,0.15958248,2.4349089,0.008093964,0.87369
164,2026-05-11 16:07:28.011541,-0.77925277,0.740592,0.15958248,2.4349089,0.008093964,0.87369
165,2026-05-11 16:07:28.014320,-0.77925277,0.740592,0.15958248,2.4349089,0.008093964,0.87369
166,2026-05-11 16:07:28.017300,-0.77925277,0.740592,0.15958248,2.4349089,0.008093964,0.87369
167,2026-05-11 16:07:28.020052,-0.77925277,0.740592,0.15958248,2.4349089,0.008093964,0.87369
168,2026-05-11 16:07:28.022885,-0.77925277,0.740592,0.15958248,2.4349089,0.008093964,0.87369
169,2026-05-11 16:07:28.025588,-0.77925277,0.740592,0.15958248,2.4349089,0.008093964,0.87369
170,2026-05-11 16:07:28.028351,-0.77925277,0.740592,0.15958248,2.4349089,0.008093964,0.87369
171,2026-05-11 16:07:28.030947,-0.77925277,0.740592,0.15958248,2.4349089,0.008093964,0.87369
172,2026-05-11 16:07:28.033859,-0.77925277,0.740592,0.15958248,2.4349089,0.008093964,0.87369
173,2026-05-11 16:07:28.036809,-0.77925277,0.740592,0.15958248,2.4349089,0.008093964,0.87369
174,2026-05-11 16:07:28.039514,-0.77925277,0.740592,0.15958248,2.4349089,0.008093964,0.87369
175,2026-05-11 16:07:28.042136,-0.77925277,0.740592,0.15958248,2.4349089,0.008093964,0.87369
176,2026-05-11 16:07:28.044947,-0.77925277,0.740592,0.15958248,2.4349089,0.008093964,0.87369
177,2026-05-11 16:07:28.047533,-0.77925277,0.740592,0.15958248,2.4349089,0.008093964,0.87369
178,2026-05-11 16:07:28.050659,-0.77925277,0.740592,0.15958248,2.4349089,0.008093964,0.87369
179,2026-05-11 16:07:28.053357,-0.77925277,0.740592,0.15958248,2.4349089,0.008093964,0.87369
180,2026-05-11 16:07:28.055978,-0.77925277,0.740592,0.15958248,2.7824912,-0.6598872,1.3658947
181,2026-05-11 16:07:28.058565,-0.77925277,0.740592,0.15958248,2.7824912,-0.6598872,1.3658947
182,2026-05-11 16:07:28.061152,-0.77925277,0.740592,0.15958248,2.7824912,-0.6598872,1.3658947
183,2026-05-11 16:07:28.063905,-0.77925277,0.740592,0.15958248,2.7824912,-0.6598872,1.3658947
184,2026-05-11 16:07:28.066574,-0.77925277,0.740592,0.15958248,2.7824912,-0.6598872,1.3658947
185,2026-05-11 16:07:28.069848,-0.77925277,0.740592,0.15958248,2.7824912,-0.6598872,1.3658947
186,2026-05-11 16:07:28.072518,-0.77925277,0.740592,0.15958248,2.7824912,-0.6598872,1.3658947
187,2026-05-11 16:07:28.075073,-0.77925277,0.740592,0.15958248,2.7824912,-0.6598872,1.3658947
188,2026-05-11 16:07:28.077979,-0.77925277,0.740592,0.15958248,2.7824912,-0.6598872,1.3658947
189,2026-05-11 16:07:28.080522,-0.77925277,0.740592,0.15958248,2.7824912,-0.6598872,1.3658947
190,2026-05-11 16:07:28.083242,-0.77925277,0.740592,0.15958248,2.7824912,-0.6598872,1.3658947
191,2026-05-11 16:07:28.086249,-0.77925277,0.740592,0.15958248,2.7824912,-0.6598872,1.3658947
192,2026-05-11 16:07:28.088927,-0.77925277,0.740592,0.15958248,2.7824912,-0.6598872,1.3658947
193,2026-05-11 16:07:28.091596,-0.77925277,0.740592,0.15958248,2.7824912,-0.6598872,1.3658947
194,2026-05-11 16:07:28.094198,-0.77925277,0.740592,0.15958248,2.7824912,-0.6598872,1.3658947
195,2026-05-11 16:07:28.096957,-0.77925277,0.740592,0.15958248,2.7824912,-0.6598872,1.3658947
196,2026-05-11 16:07:28.099584,-0.77925277,0.740592,0.15958248,2.7824912,-0.6598872,1.3658947
197,2026-05-11 16:07:28.102874,-0.77925277,0.740592,0.15958248,2.7824912,-0.6598872,1.3658947
198,2026-05-11 16:07:28.105545,-0.77925277,0.740592,0.15958248,2.7824912,-0.6598872,1.3658947
199,2026-05-11 16:07:28.108283,-0.77925277,0.740592,0.15958248,2.7824912,-0.6598872,1.3658947
200,2026-05-11 16:07:28.110863,-0.77925277,0.740592,0.15958248,2.7824912,-0.6598872,1.3658947
201,2026-05-11 16:07:28.113501,-0.77925277,0.740592,0.15958248,2.7824912,-0.6598872,1.3658947
202,2026-05-11 16:07:28.116079,-0.77925277,0.740592,0.15958248,2.7824912,-0.6598872,1.3658947
203,2026-05-11 16:07:28.119203,-0.77925277,0.740592,0.15958248,2.7824912,-0.6598872,1.3658947
204,2026-05-11 16:07:28.121868,-0.77925277,0.740592,0.15958248,2.7824912,-0.6598872,1.3658947
205,2026-05-11 16:07:28.124670,-0.77925277,0.740592,0.15958248,2.7824912,-0.6598872,1.3658947
206,2026-05-11 16:07:28.127276,-0.77925277,0.740592,0.15958248,2.7824912,-0.6598872,1.3658947
207,2026-05-11 16:07:28.129955,-0.77925277,0.740592,0.15958248,2.7824912,-0.6598872,1.3658947
208,2026-05-11 16:07:28.132522,-0.77925277,0.740592,0.15958248,2.7824912,-0.6598872,1.3658947
209,2026-05-11 16:07:28.135539,-0.77925277,0.740592,0.15958248,2.7824912,-0.6598872,1.3658947
210,2026-05-11 16:07:28.138175,-0.77925277,0.740592,0.15958248,2.7824912,-0.6598872,1.3658947
211,2026-05-11 16:07:28.140741,-0.77925277,0.740592,0.15958248,2.7824912,-0.6598872,1.3658947
212,2026-05-11 16:07:28.143496,-0.77925277,0.740592,0.15958248,2.7824912,-0.6598872,1.3658947
213,2026-05-11 16:07:28.146083,-0.77925277,0.740592,0.15958248,2.7824912,-0.6598872,1.3658947
214,2026-05-11 16:07:28.148753,-0.77925277,0.740592,0.15958248,2.7824912,-0.6598872,1.3658947
215,2026-05-11 16:07:28.152179,-0.77925277,0.740592,0.15958248,2.7824912,-0.6598872,1.3658947
216,2026-05-11 16:07:28.155046,-0.77925277,0.740592,0.15958248,2.7824912,-0.6598872,1.3658947
217,2026-05-11 16:07:28.157697,-0.77925277,0.740592,0.15958248,2.7824912,-0.6598872,1.3658947
218,2026-05-11 16:07:28.160310,-0.77925277,0.740592,0.15958248,2.7824912,-0.6598872,1.3658947
219,2026-05-11 16:07:28.163049,-0.77925277,0.740592,0.15958248,2.7824912,-0.6598872,1.3658947
220,2026-05-11 16:07:28.165662,-0.7068705,0.6460133,0.09823744,2.7824912,-0.6598872,1.3658947
221,2026-05-11 16:07:28.168874,-0.7068705,0.6460133,0.09823744,2.7824912,-0.6598872,1.3658947
222,2026-05-11 16:07:28.171618,-0.7068705,0.6460133,0.09823744,2.7824912,-0.6598872,1.3658947
223,2026-05-11 16:07:28.174400,-0.7068705,0.6460133,0.09823744,2.7824912,-0.6598872,1.3658947
224,2026-05-11 16:07:28.177008,-0.7068705,0.6460133,0.09823744,2.7824912,-0.6598872,1.3658947
225,2026-05-11 16:07:28.179665,-0.7068705,0.6460133,0.09823744,2.7824912,-0.6598872,1.3658947
226,2026-05-11 16:07:28.182232,-0.7068705,0.6460133,0.09823744,2.7824912,-0.6598872,1.3658947
227,2026-05-11 16:07:28.185477,-0.7068705,0.6460133,0.09823744,2.7824912,-0.6598872,1.3658947
228,2026-05-11 16:07:28.188262,-0.7068705,0.6460133,0.09823744,2.7824912,-0.6598872,1.3658947
229,2026-05-11 16:07:28.190967,-0.7068705,0.6460133,0.09823744,2.7824912,-0.6598872,1.3658947
230,2026-05-11 16:07:28.193621,-0.7068705,0.6460133,0.09823744,2.7824912,-0.6598872,1.3658947
231,2026-05-11 16:07:28.196298,-0.7068705,0.6460133,0.09823744,2.7824912,-0.6598872,1.3658947
232,2026-05-11 16:07:28.198978,-0.7068705,0.6460133,0.09823744,2.7824912,-0.6598872,1.3658947
233,2026-05-11 16:07:28.202078,-0.7068705,0.6460133,0.09823744,3.1177034,-1.1979067,1.8886427
234,2026-05-11 16:07:28.204919,-0.7068705,0.6460133,0.09823744,3.1177034,-1.1979067,1.8886427
235,2026-05-11 16:07:28.207474,-0.7068705,0.6460133,0.09823744,3.1177034,-1.1979067,1.8886427
236,2026-05-11 16:07:28.210095,-0.7068705,0.6460133,0.09823744,3.1177034,-1.1979067,1.8886427
237,2026-05-11 16:07:28.212636,-0.7068705,0.6460133,0.09823744,3.1177034,-1.1979067,1.8886427
238,2026-05-11 16:07:28.215187,-0.7068705,0.6460133,0.09823744,3.1177034,-1.1979067,1.8886427
239,2026-05-11 16:07:28.218320,-0.7068705,0.6460133,0.09823744,3.1177034,-1.1979067,1.8886427
240,2026-05-11 16:07:28.221115,-0.7068705,0.6460133,0.09823744,3.1177034,-1.1979067,1.8886427
241,2026-05-11 16:07:28.223792,-0.7068705,0.6460133,0.09823744,3.1177034,-1.1979067,1.8886427
242,2026-05-11 16:07:28.226378,-0.7068705,0.6460133,0.09823744,3.1177034,-1.1979067,1.8886427
243,2026-05-11 16:07:28.228931,-0.7068705,0.6460133,0.09823744,3.1177034,-1.1979067,1.8886427
244,2026-05-11 16:07:28.231802,-0.7068705,0.6460133,0.09823744,3.1177034,-1.1979067,1.8886427
245,2026-05-11 16:07:28.234899,-0.7068705,0.6460133,0.09823744,3.1177034,-1.1979067,1.8886427
246,2026-05-11 16:07:28.237742,-0.7068705,0.6460133,0.09823744,3.1177034,-1.1979067,1.8886427
247,2026-05-11 16:07:28.240341,-0.7068705,0.6460133,0.09823744,3.1177034,-1.1979067,1.8886427
248,2026-05-11 16:07:28.242940,-0.7068705,0.6460133,0.09823744,3.1177034,-1.1979067,1.8886427
249,2026-05-11 16:07:28.245490,-0.7068705,0.6460133,0.09823744,3.1177034,-1.1979067,1.8886427
250,2026-05-11 16:07:28.248288,-0.7068705,0.6460133,0.09823744,3.1177034,-1.1979067,1.8886427
251,2026-05-11 16:07:28.251281,-0.7068705,0.6460133,0.09823744,3.1177034,-1.1979067,1.8886427
252,2026-05-11 16:07:28.254183,-0.7068705,0.6460133,0.09823744,3.1177034,-1.1979067,1.8886427
253,2026-05-11 16:07:28.256798,-0.7068705,0.6460133,0.09823744,3.1177034,-1.1979067,1.8886427
254,2026-05-11 16:07:28.259364,-0.7068705,0.6460133,0.09823744,3.1177034,-1.1979067,1.8886427
255,2026-05-11 16:07:28.262222,-0.7068705,0.6460133,0.09823744,3.1177034,-1.1979067,1.8886427
256,2026-05-11 16:07:28.264813,-0.7068705,0.6460133,0.09823744,3.1177034,-1.1979067,1.8886427
257,2026-05-11 16:07:28.267833,-0.7068705,0.6460133,0.09823744,3.1177034,-1.1979067,1.8886427
258,2026-05-11 16:07:28.270697,-0.7068705,0.6460133,0.09823744,3.1177034,-1.1979067,1.8886427
259,2026-05-11 16:07:28.273318,-0.7068705,0.6460133,0.09823744,3.1177034,-1.1979067,1.8886427
260,2026-05-11 16:07:28.275916,-0.7068705,0.6460133,0.09823744,3.1177034,-1.1979067,1.8886427
261,2026-05-11 16:07:28.278704,-0.7068705,0.6460133,0.09823744,3.1177034,-1.1979067,1.8886427
262,2026-05-11 16:07:28.281297,-0.7068705,0.6460133,0.09823744,3.1177034,-1.1979067,1.8886427
263,2026-05-11 16:07:28.284366,-0.7068705,0.6460133,0.09823744,3.1177034,-1.1979067,1.8886427
264,2026-05-11 16:07:28.287141,-0.7068705,0.6460133,0.09823744,3.1177034,-1.1979067,1.8886427
265,2026-05-11 16:07:28.289854,-0.7068705,0.6460133,0.09823744,3.1177034,-1.1979067,1.8886427
266,2026-05-11 16:07:28.292471,-0.7068705,0.6460133,0.09823744,3.1177034,-1.1979067,1.8886427
267,2026-05-11 16:07:28.295180,-0.7068705,0.6460133,0.09823744,3.1177034,-1.1979067,1.8886427
268,2026-05-11 16:07:28.297736,-0.7068705,0.6460133,0.09823744,3.1177034,-1.1979067,1.8886427
269,2026-05-11 16:07:28.300708,-0.7068705,0.6460133,0.09823744,3.1177034,-1.1979067,1.8886427
270,2026-05-11 16:07:28.303676,-0.7068705,0.6460133,0.09823744,3.1177034,-1.1979067,1.8886427
271,2026-05-11 16:07:28.306278,-0.7068705,0.6460133,0.09823744,3.1177034,-1.1979067,1.8886427
272,2026-05-11 16:07:28.308863,-0.7068705,0.6460133,0.09823744,3.1177034,-1.1979067,1.8886427
273,2026-05-11 16:07:28.311628,-0.7068705,0.6460133,0.09823744,3.1177034,-1.1979067,1.8886427
274,2026-05-11 16:07:28.314323,-0.5377753,0.54332435,0.021769563,3.1177034,-1.1979067,1.8886427
275,2026-05-11 16:07:28.317465,-0.5377753,0.54332435,0.021769563,3.1177034,-1.1979067,1.8886427
276,2026-05-11 16:07:28.320452,-0.5377753,0.54332435,0.021769563,3.1177034,-1.1979067,1.8886427
277,2026-05-11 16:07:28.323108,-0.5377753,0.54332435,0.021769563,3.1177034,-1.1979067,1.8886427
278,2026-05-11 16:07:28.325812,-0.5377753,0.54332435,0.021769563,3.1177034,-1.1979067,1.8886427
279,2026-05-11 16:07:28.328608,-0.5377753,0.54332435,0.021769563,3.1177034,-1.1979067,1.8886427
280,2026-05-11 16:07:28.331214,-0.5377753,0.54332435,0.021769563,3.1177034,-1.1979067,1.8886427
281,2026-05-11 16:07:28.334257,-0.5377753,0.54332435,0.021769563,3.1177034,-1.1979067,1.8886427
282,2026-05-11 16:07:28.337033,-0.5377753,0.54332435,0.021769563,3.1177034,-1.1979067,1.8886427
283,2026-05-11 16:07:28.339844,-0.5377753,0.54332435,0.021769563,3.1177034,-1.1979067,1.8886427
284,2026-05-11 16:07:28.342453,-0.5377753,0.54332435,0.021769563,3.1177034,-1.1979067,1.8886427
285,2026-05-11 16:07:28.345184,-0.5377753,0.54332435,0.021769563,3.3169982,-1.5074627,2.117259
286,2026-05-11 16:07:28.347760,-0.5377753,0.54332435,0.021769563,3.3169982,-1.5074627,2.117259
287,2026-05-11 16:07:28.350869,-0.5377753,0.54332435,0.021769563,3.3169982,-1.5074627,2.117259
288,2026-05-11 16:07:28.353912,-0.5377753,0.54332435,0.021769563,3.3169982,-1.5074627,2.117259
289,2026-05-11 16:07:28.356723,-0.5377753,0.54332435,0.021769563,3.3169982,-1.5074627,2.117259
290,2026-05-11 16:07:28.359534,-0.5377753,0.54332435,0.021769563,3.3169982,-1.5074627,2.117259
291,2026-05-11 16:07:28.362162,-0.5377753,0.54332435,0.021769563,3.3169982,-1.5074627,2.117259
292,2026-05-11 16:07:28.364741,-0.5377753,0.54332435,0.021769563,3.3169982,-1.5074627,2.117259
293,2026-05-11 16:07:28.367789,-0.5377753,0.54332435,0.021769563,3.3169982,-1.5074627,2.117259
294,2026-05-11 16:07:28.370740,-0.5377753,0.54332435,0.021769563,3.3169982,-1.5074627,2.117259
295,2026-05-11 16:07:28.373383,-0.5377753,0.54332435,0.021769563,3.3169982,-1.5074627,2.117259
296,2026-05-11 16:07:28.375980,-0.5377753,0.54332435,0.021769563,3.3169982,-1.5074627,2.117259
297,2026-05-11 16:07:28.378665,-0.5377753,0.54332435,0.021769563,3.3169982,-1.5074627,2.117259
298,2026-05-11 16:07:28.381212,-0.5377753,0.54332435,0.021769563,3.3169982,-1.5074627,2.117259
299,2026-05-11 16:07:28.384132,-0.5377753,0.54332435,0.021769563,3.3169982,-1.5074627,2.117259
300,2026-05-11 16:07:28.387060,-0.5377753,0.54332435,0.021769563,3.3169982,-1.5074627,2.117259
301,2026-05-11 16:07:28.389697,-0.5377753,0.54332435,0.021769563,3.3169982,-1.5074627,2.117259
302,2026-05-11 16:07:28.392314,-0.5377753,0.54332435,0.021769563,3.3169982,-1.5074627,2.117259
303,2026-05-11 16:07:28.394878,-0.5377753,0.54332435,0.021769563,3.3169982,-1.5074627,2.117259
304,2026-05-11 16:07:28.397747,-0.5377753,0.54332435,0.021769563,3.3169982,-1.5074627,2.117259
305,2026-05-11 16:07:28.400885,-0.5377753,0.54332435,0.021769563,3.3169982,-1.5074627,2.117259
306,2026-05-11 16:07:28.403822,-0.5377753,0.54332435,0.021769563,3.3169982,-1.5074627,2.117259
307,2026-05-11 16:07:28.406415,-0.5377753,0.54332435,0.021769563,3.3169982,-1.5074627,2.117259
308,2026-05-11 16:07:28.409180,-0.5377753,0.54332435,0.021769563,3.3169982,-1.5074627,2.117259
309,2026-05-11 16:07:28.411788,-0.5377753,0.54332435,0.021769563,3.3169982,-1.5074627,2.117259
310,2026-05-11 16:07:28.414578,-0.5377753,0.54332435,0.021769563,3.3169982,-1.5074627,2.117259
311,2026-05-11 16:07:28.417637,-0.5377753,0.54332435,0.021769563,3.3169982,-1.5074627,2.117259
312,2026-05-11 16:07:28.420580,-0.5377753,0.54332435,0.021769563,3.3169982,-1.5074627,2.117259
313,2026-05-11 16:07:28.423187,-0.5377753,0.54332435,0.021769563,3.3169982,-1.5074627,2.117259
314,2026-05-11 16:07:28.425987,-0.5377753,0.54332435,0.021769563,3.3169982,-1.5074627,2.117259
315,2026-05-11 16:07:28.428572,-0.5377753,0.54332435,0.021769563,3.3169982,-1.5074627,2.117259
316,2026-05-11 16:07:28.431276,-0.5377753,0.54332435,0.021769563,3.3169982,-1.5074627,2.117259
317,2026-05-11 16:07:28.434068,-0.5377753,0.54332435,0.021769563,3.3169982,-1.5074627,2.117259
318,2026-05-11 16:07:28.437003,-0.5377753,0.54332435,0.021769563,3.3169982,-1.5074627,2.117259
319,2026-05-11 16:07:28.439601,-0.5377753,0.54332435,0.021769563,3.3169982,-1.5074627,2.117259
320,2026-05-11 16:07:28.442154,-0.5377753,0.54332435,0.021769563,3.3169982,-1.5074627,2.117259
321,2026-05-11 16:07:28.444868,-0.5377753,0.54332435,0.021769563,3.3169982,-1.5074627,2.117259
322,2026-05-11 16:07:28.447468,-0.5377753,0.54332435,0.021769563,3.3169982,-1.5074627,2.117259
323,2026-05-11 16:07:28.469538,2.1462836,0.09793254,0.23086715,1.472338,-1.3570372,2.414445
324,2026-05-11 16:07:28.472572,2.1462836,0.09793254,0.23086715,1.472338,-1.3570372,2.414445
325,2026-05-11 16:07:28.477808,2.1462836,0.09793254,0.23086715,1.472338,-1.3570372,2.414445
326,2026-05-11 16:07:28.482930,2.1462836,0.09793254,0.23086715,1.472338,-1.3570372,2.414445
327,2026-05-11 16:07:28.488262,2.1462836,0.09793254,0.23086715,1.472338,-1.3570372,2.414445
328,2026-05-11 16:07:28.491234,2.3212938,0.3890471,0.46941763,1.472338,-1.3570372,2.414445
329,2026-05-11 16:07:28.494099,2.3212938,0.3890471,0.46941763,1.472338,-1.3570372,2.414445
330,2026-05-11 16:07:28.496750,2.3212938,0.3890471,0.46941763,1.472338,-1.3570372,2.414445
331,2026-05-11 16:07:28.499357,2.3212938,0.3890471,0.46941763,1.472338,-1.3570372,2.414445
332,2026-05-11 16:07:28.502416,2.3212938,0.3890471,0.46941763,1.472338,-1.3570372,2.414445
333,2026-05-11 16:07:28.505246,2.3212938,0.3890471,0.46941763,1.472338,-1.3570372,2.414445
334,2026-05-11 16:07:28.507824,2.3212938,0.3890471,0.46941763,1.472338,-1.3570372,2.414445
335,2026-05-11 16:07:28.510577,2.3212938,0.3890471,0.46941763,1.472338,-1.3570372,2.414445
336,2026-05-11 16:07:28.513187,2.3212938,0.3890471,0.46941763,1.472338,-1.3570372,2.414445
337,2026-05-11 16:07:28.515853,2.3212938,0.3890471,0.46941763,1.472338,-1.3570372,2.414445
338,2026-05-11 16:07:28.518932,2.3212938,0.3890471,0.46941763,1.472338,-1.3570372,2.414445
339,2026-05-11 16:07:28.521826,2.3212938,0.3890471,0.46941763,1.472338,-1.3570372,2.414445
340,2026-05-11 16:07:28.524426,2.3212938,0.3890471,0.46941763,1.472338,-1.3570372,2.414445
341,2026-05-11 16:07:28.526986,2.3212938,0.3890471,0.46941763,1.472338,-1.3570372,2.414445
342,2026-05-11 16:07:28.529803,2.3212938,0.3890471,0.46941763,1.472338,-1.3570372,2.414445
343,2026-05-11 16:07:28.532401,2.3212938,0.3890471,0.46941763,1.472338,-1.3570372,2.414445
344,2026-05-11 16:07:28.535446,2.3212938,0.3890471,0.46941763,1.472338,-1.3570372,2.414445
345,2026-05-11 16:07:28.538108,2.3212938,0.3890471,0.46941763,1.472338,-1.3570372,2.414445
346,2026-05-11 16:07:28.540803,2.3212938,0.3890471,0.46941763,1.472338,-1.3570372,2.414445
347,2026-05-11 16:07:28.543498,2.3212938,0.3890471,0.46941763,1.472338,-1.3570372,2.414445
348,2026-05-11 16:07:28.546062,2.3212938,0.3890471,0.46941763,1.472338,-1.3570372,2.414445
349,2026-05-11 16:07:28.548677,2.3212938,0.3890471,0.46941763,1.472338,-1.3570372,2.414445
350,2026-05-11 16:07:28.551781,2.3212938,0.3890471,0.46941763,1.472338,-1.3570372,2.414445
351,2026-05-11 16:07:28.554461,2.3212938,0.3890471,0.46941763,1.472338,-1.3570372,2.414445
352,2026-05-11 16:07:28.557063,2.3212938,0.3890471,0.46941763,1.472338,-1.3570372,2.414445
353,2026-05-11 16:07:28.559609,2.3212938,0.3890471,0.46941763,1.472338,-1.3570372,2.414445
354,2026-05-11 16:07:28.562336,2.3212938,0.3890471,0.46941763,1.472338,-1.3570372,2.414445
355,2026-05-11 16:07:28.564908,2.3212938,0.3890471,0.46941763,1.472338,-1.3570372,2.414445
356,2026-05-11 16:07:28.567825,2.3212938,0.3890471,0.46941763,1.472338,-1.3570372,2.414445
357,2026-05-11 16:07:28.571238,2.3212938,0.3890471,0.46941763,1.472338,-1.3570372,2.414445
358,2026-05-11 16:07:28.573959,2.3212938,0.3890471,0.46941763,1.472338,-1.3570372,2.414445
359,2026-05-11 16:07:28.576512,2.3212938,0.3890471,0.46941763,1.472338,-1.3570372,2.414445
360,2026-05-11 16:07:28.579181,2.3212938,0.3890471,0.46941763,1.472338,-1.3570372,2.414445
361,2026-05-11 16:07:28.581738,2.3212938,0.3890471,0.46941763,1.472338,-1.3570372,2.414445
362,2026-05-11 16:07:28.584771,2.3212938,0.3890471,0.46941763,1.472338,-1.3570372,2.414445
363,2026-05-11 16:07:28.588254,2.3212938,0.3890471,0.46941763,1.472338,-1.3570372,2.414445
364,2026-05-11 16:07:28.591148,2.3212938,0.3890471,0.46941763,1.472338,-1.3570372,2.414445
365,2026-05-11 16:07:28.593924,2.3212938,0.3890471,0.46941763,1.472338,-1.3570372,2.414445
366,2026-05-11 16:07:28.596499,2.3212938,0.3890471,0.46941763,1.472338,-1.3570372,2.414445
367,2026-05-11 16:07:28.599232,2.3212938,0.3890471,0.46941763,1.472338,-1.3570372,2.414445
368,2026-05-11 16:07:28.602192,2.3212938,0.3890471,0.46941763,1.472338,-1.3570372,2.414445
369,2026-05-11 16:07:28.604944,2.3212938,0.3890471,0.46941763,1.472338,-1.3570372,2.414445
370,2026-05-11 16:07:28.607692,2.3212938,0.3890471,0.46941763,1.472338,-1.3570372,2.414445
371,2026-05-11 16:07:28.610315,2.3212938,0.3890471,0.46941763,1.472338,-1.3570372,2.414445
372,2026-05-11 16:07:28.613186,2.3212938,0.3890471,0.46941763,1.472338,-1.3570372,2.414445
373,2026-05-11 16:07:28.615899,2.3212938,0.3890471,0.46941763,2.193617,-1.2484559,1.9291124
374,2026-05-11 16:07:28.618890,2.3212938,0.3890471,0.46941763,2.193617,-1.2484559,1.9291124
375,2026-05-11 16:07:28.621612,2.3212938,0.3890471,0.46941763,2.193617,-1.2484559,1.9291124
376,2026-05-11 16:07:28.624357,2.3212938,0.3890471,0.46941763,2.193617,-1.2484559,1.9291124
377,2026-05-11 16:07:28.626986,2.3212938,0.3890471,0.46941763,2.193617,-1.2484559,1.9291124
378,2026-05-11 16:07:28.629848,2.3212938,0.3890471,0.46941763,2.193617,-1.2484559,1.9291124
379,2026-05-11 16:07:28.632474,2.3212938,0.3890471,0.46941763,2.193617,-1.2484559,1.9291124
380,2026-05-11 16:07:28.635658,2.3212938,0.3890471,0.46941763,2.193617,-1.2484559,1.9291124
381,2026-05-11 16:07:28.638346,2.3212938,0.3890471,0.46941763,2.193617,-1.2484559,1.9291124
382,2026-05-11 16:07:28.641179,2.476059,0.47380814,0.40502363,2.193617,-1.2484559,1.9291124
383,2026-05-11 16:07:28.643900,2.476059,0.47380814,0.40502363,2.193617,-1.2484559,1.9291124
384,2026-05-11 16:07:28.646438,2.476059,0.47380814,0.40502363,2.193617,-1.2484559,1.9291124
385,2026-05-11 16:07:28.649045,2.476059,0.47380814,0.40502363,2.193617,-1.2484559,1.9291124
386,2026-05-11 16:07:28.652088,2.476059,0.47380814,0.40502363,2.193617,-1.2484559,1.9291124
387,2026-05-11 16:07:28.654862,2.476059,0.47380814,0.40502363,2.193617,-1.2484559,1.9291124
388,2026-05-11 16:07:28.657453,2.476059,0.47380814,0.40502363,2.193617,-1.2484559,1.9291124
389,2026-05-11 16:07:28.659968,2.476059,0.47380814,0.40502363,2.193617,-1.2484559,1.9291124
390,2026-05-11 16:07:28.662685,2.476059,0.47380814,0.40502363,2.193617,-1.2484559,1.9291124
391,2026-05-11 16:07:28.665240,2.476059,0.47380814,0.40502363,2.193617,-1.2484559,1.9291124
392,2026-05-11 16:07:28.668192,2.476059,0.47380814,0.40502363,2.193617,-1.2484559,1.9291124
393,2026-05-11 16:07:28.670845,2.476059,0.47380814,0.40502363,2.193617,-1.2484559,1.9291124
394,2026-05-11 16:07:28.673375,2.476059,0.47380814,0.40502363,2.193617,-1.2484559,1.9291124
395,2026-05-11 16:07:28.676099,2.476059,0.47380814,0.40502363,2.193617,-1.2484559,1.9291124
396,2026-05-11 16:07:28.678694,2.476059,0.47380814,0.40502363,2.193617,-1.2484559,1.9291124
397,2026-05-11 16:07:28.681342,2.476059,0.47380814,0.40502363,2.193617,-1.2484559,1.9291124
398,2026-05-11 16:07:28.684257,2.476059,0.47380814,0.40502363,2.193617,-1.2484559,1.9291124
399,2026-05-11 16:07:28.686915,2.476059,0.47380814,0.40502363,2.193617,-1.2484559,1.9291124
400,2026-05-11 16:07:28.689529,2.476059,0.47380814,0.40502363,2.193617,-1.2484559,1.9291124
401,2026-05-11 16:07:28.692228,2.476059,0.47380814,0.40502363,2.193617,-1.2484559,1.9291124
402,2026-05-11 16:07:28.694805,2.476059,0.47380814,0.40502363,2.193617,-1.2484559,1.9291124
403,2026-05-11 16:07:28.697384,2.476059,0.47380814,0.40502363,2.193617,-1.2484559,1.9291124
404,2026-05-11 16:07:28.700579,2.476059,0.47380814,0.40502363,2.193617,-1.2484559,1.9291124
405,2026-05-11 16:07:28.703298,2.476059,0.47380814,0.40502363,2.193617,-1.2484559,1.9291124
406,2026-05-11 16:07:28.705864,2.476059,0.47380814,0.40502363,2.193617,-1.2484559,1.9291124
407,2026-05-11 16:07:28.708561,2.476059,0.47380814,0.40502363,2.193617,-1.2484559,1.9291124
408,2026-05-11 16:07:28.711167,2.476059,0.47380814,0.40502363,2.193617,-1.2484559,1.9291124
409,2026-05-11 16:07:28.713725,2.476059,0.47380814,0.40502363,2.193617,-1.2484559,1.9291124
410,2026-05-11 16:07:28.716388,2.476059,0.47380814,0.40502363,2.193617,-1.2484559,1.9291124
411,2026-05-11 16:07:28.719556,2.5415506,0.50771254,0.12348281,2.193617,-1.2484559,1.9291124
412,2026-05-11 16:07:28.722284,2.5415506,0.50771254,0.12348281,2.193617,-1.2484559,1.9291124
413,2026-05-11 16:07:28.724891,2.5415506,0.50771254,0.12348281,2.193617,-1.2484559,1.9291124
414,2026-05-11 16:07:28.727804,2.5415506,0.50771254,0.12348281,2.193617,-1.2484559,1.9291124
415,2026-05-11 16:07:28.730499,2.5415506,0.50771254,0.12348281,2.193617,-1.2484559,1.9291124
416,2026-05-11 16:07:28.733514,2.5415506,0.50771254,0.12348281,2.193617,-1.2484559,1.9291124
417,2026-05-11 16:07:28.736338,2.5415506,0.50771254,0.12348281,2.193617,-1.2484559,1.9291124
418,2026-05-11 16:07:28.738954,2.5415506,0.50771254,0.12348281,2.193617,-1.2484559,1.9291124
419,2026-05-11 16:07:28.741537,2.5415506,0.50771254,0.12348281,2.193617,-1.2484559,1.9291124
420,2026-05-11 16:07:28.744266,2.5415506,0.50771254,0.12348281,2.193617,-1.2484559,1.9291124
421,2026-05-11 16:07:28.746822,2.5415506,0.50771254,0.12348281,2.193617,-1.2484559,1.9291124
422,2026-05-11 16:07:28.749382,2.5415506,0.50771254,0.12348281,2.193617,-1.2484559,1.9291124
423,2026-05-11 16:07:28.752349,2.5415506,0.50771254,0.12348281,2.193617,-1.2484559,1.9291124
424,2026-05-11 16:07:28.754940,2.5415506,0.50771254,0.12348281,2.193617,-1.2484559,1.9291124
425,2026-05-11 16:07:28.757477,2.5415506,0.50771254,0.12348281,2.193617,-1.2484559,1.9291124
426,2026-05-11 16:07:28.760222,2.5415506,0.50771254,0.12348281,2.193617,-1.2484559,1.9291124
427,2026-05-11 16:07:28.762855,2.5415506,0.50771254,0.12348281,2.193617,-1.2484559,1.9291124
428,2026-05-11 16:07:28.765436,2.5415506,0.50771254,0.12348281,2.193617,-1.2484559,1.9291124
429,2026-05-11 16:07:28.768803,2.5415506,0.50771254,0.12348281,2.193617,-1.2484559,1.9291124
430,2026-05-11 16:07:28.771455,2.5415506,0.50771254,0.12348281,2.193617,-1.2484559,1.9291124
431,2026-05-11 16:07:28.774200,2.5415506,0.50771254,0.12348281,2.193617,-1.2484559,1.9291124
432,2026-05-11 16:07:28.776794,2.5415506,0.50771254,0.12348281,2.193617,-1.2484559,1.9291124
433,2026-05-11 16:07:28.779502,2.5415506,0.50771254,0.12348281,2.193617,-1.2484559,1.9291124
434,2026-05-11 16:07:28.782081,2.5415506,0.50771254,0.12348281,2.193617,-1.2484559,1.9291124
435,2026-05-11 16:07:28.785175,2.5415506,0.50771254,0.12348281,2.193617,-1.2484559,1.9291124
436,2026-05-11 16:07:28.787877,2.5415506,0.50771254,0.12348281,2.193617,-1.2484559,1.9291124
437,2026-05-11 16:07:28.790455,2.5415506,0.50771254,0.12348281,2.193617,-1.2484559,1.9291124
438,2026-05-11 16:07:28.792997,2.5415506,0.50771254,0.12348281,2.193617,-1.2484559,1.9291124
439,2026-05-11 16:07:28.795821,2.5415506,0.50771254,0.12348281,2.193617,-1.2484559,1.9291124
440,2026-05-11 16:07:28.798391,2.5415506,0.50771254,0.12348281,2.193617,-1.2484559,1.9291124
441,2026-05-11 16:07:28.801477,2.5415506,0.50771254,0.12348281,2.193617,-1.2484559,1.9291124
442,2026-05-11 16:07:28.804120,2.5415506,0.50771254,0.12348281,2.193617,-1.2484559,1.9291124
443,2026-05-11 16:07:28.806687,2.5415506,0.50771254,0.12348281,2.193617,-1.2484559,1.9291124
444,2026-05-11 16:07:28.809273,2.5415506,0.50771254,0.12348281,2.193617,-1.2484559,1.9291124
445,2026-05-11 16:07:28.811790,2.5415506,0.50771254,0.12348281,2.193617,-1.2484559,1.9291124
446,2026-05-11 16:07:28.814348,2.5415506,0.50771254,0.12348281,2.193617,-1.2484559,1.9291124
447,2026-05-11 16:07:28.817361,2.5415506,0.50771254,0.12348281,2.193617,-1.2484559,1.9291124
448,2026-05-11 16:07:28.820155,2.5415506,0.50771254,0.12348281,2.193617,-1.2484559,1.9291124
449,2026-05-11 16:07:28.822738,2.5415506,0.50771254,0.12348281,2.193617,-1.2484559,1.9291124
450,2026-05-11 16:07:28.825590,2.5415506,0.50771254,0.12348281,2.193617,-1.2484559,1.9291124
451,2026-05-11 16:07:28.828364,2.5415506,0.50771254,0.12348281,2.905886,-1.1543826,1.0505356
452,2026-05-11 16:07:28.831068,2.5415506,0.50771254,0.12348281,2.905886,-1.1543826,1.0505356
453,2026-05-11 16:07:28.834140,2.5415506,0.50771254,0.12348281,2.905886,-1.1543826,1.0505356
454,2026-05-11 16:07:28.836926,2.5415506,0.50771254,0.12348281,2.905886,-1.1543826,1.0505356
455,2026-05-11 16:07:28.839488,2.5415506,0.50771254,0.12348281,2.905886,-1.1543826,1.0505356
456,2026-05-11 16:07:28.842251,2.5415506,0.50771254,0.12348281,2.905886,-1.1543826,1.0505356
457,2026-05-11 16:07:28.844850,2.5415506,0.50771254,0.12348281,2.905886,-1.1543826,1.0505356
458,2026-05-11 16:07:28.847400,2.5415506,0.50771254,0.12348281,2.905886,-1.1543826,1.0505356
459,2026-05-11 16:07:28.850534,2.5415506,0.50771254,0.12348281,2.905886,-1.1543826,1.0505356
460,2026-05-11 16:07:28.853185,2.5415506,0.50771254,0.12348281,2.905886,-1.1543826,1.0505356
461,2026-05-11 16:07:28.855800,2.5415506,0.50771254,0.12348281,2.905886,-1.1543826,1.0505356
462,2026-05-11 16:07:28.858508,2.5415506,0.50771254,0.12348281,2.905886,-1.1543826,1.0505356
463,2026-05-11 16:07:28.861214,2.5415506,0.50771254,0.12348281,3.215442,-1.2186762,0.26282477
464,2026-05-11 16:07:28.863848,2.5415506,0.50771254,0.12348281,3.215442,-1.2186762,0.26282477
465,2026-05-11 16:07:28.867135,2.5415506,0.50771254,0.12348281,3.215442,-1.2186762,0.26282477
466,2026-05-11 16:07:28.869998,2.5415506,0.50771254,0.12348281,3.215442,-1.2186762,0.26282477
467,2026-05-11 16:07:28.872584,2.5415506,0.50771254,0.12348281,3.215442,-1.2186762,0.26282477
468,2026-05-11 16:07:28.875209,2.4917917,0.480089,-0.12427554,3.215442,-1.2186762,0.26282477
469,2026-05-11 16:07:28.877825,2.4917917,0.480089,-0.12427554,3.215442,-1.2186762,0.26282477
470,2026-05-11 16:07:28.880362,2.4917917,0.480089,-0.12427554,3.215442,-1.2186762,0.26282477
471,2026-05-11 16:07:28.883108,2.4917917,0.480089,-0.12427554,3.215442,-1.2186762,0.26282477
472,2026-05-11 16:07:28.886190,2.4917917,0.480089,-0.12427554,3.215442,-1.2186762,0.26282477
473,2026-05-11 16:07:28.888917,2.4917917,0.480089,-0.12427554,3.215442,-1.2186762,0.26282477
474,2026-05-11 16:07:28.891579,2.4917917,0.480089,-0.12427554,3.215442,-1.2186762,0.26282477
475,2026-05-11 16:07:28.894329,2.4917917,0.480089,-0.12427554,3.215442,-1.2186762,0.26282477
476,2026-05-11 16:07:28.896918,2.4917917,0.480089,-0.12427554,3.215442,-1.2186762,0.26282477
477,2026-05-11 16:07:28.899751,2.4917917,0.480089,-0.12427554,3.215442,-1.2186762,0.26282477
478,2026-05-11 16:07:28.902874,2.4917917,0.480089,-0.12427554,3.215442,-1.2186762,0.26282477
479,2026-05-11 16:07:28.905723,2.1846397,0.28757775,-0.37026548,3.2769866,-1.3857478,-0.83077675
480,2026-05-11 16:07:28.908359,2.1846397,0.28757775,-0.37026548,3.2769866,-1.3857478,-0.83077675
481,2026-05-11 16:07:28.910943,2.1846397,0.28757775,-0.37026548,3.2769866,-1.3857478,-0.83077675
482,2026-05-11 16:07:28.913783,2.1846397,0.28757775,-0.37026548,3.2769866,-1.3857478,-0.83077675
483,2026-05-11 16:07:28.916795,2.1846397,0.28757775,-0.37026548,3.2769866,-1.3857478,-0.83077675
484,2026-05-11 16:07:28.919745,2.1846397,0.28757775,-0.37026548,3.2769866,-1.3857478,-0.83077675
485,2026-05-11 16:07:28.922318,2.1846397,0.28757775,-0.37026548,3.2769866,-1.3857478,-0.83077675
486,2026-05-11 16:07:28.924931,2.1846397,0.28757775,-0.37026548,3.2769866,-1.3857478,-0.83077675
487,2026-05-11 16:07:28.927537,2.1846397,0.28757775,-0.37026548,3.2769866,-1.3857478,-0.83077675
488,2026-05-11 16:07:28.930150,2.1846397,0.28757775,-0.37026548,3.2769866,-1.3857478,-0.83077675
489,2026-05-11 16:07:28.932680,2.1846397,0.28757775,-0.37026548,3.2769866,-1.3857478,-0.83077675
490,2026-05-11 16:07:28.935884,2.1846397,0.28757775,-0.37026548,3.2769866,-1.3857478,-0.83077675
491,2026-05-11 16:07:28.938653,2.1846397,0.28757775,-0.37026548,3.2769866,-1.3857478,-0.83077675
492,2026-05-11 16:07:28.941310,2.1846397,0.28757775,-0.37026548,3.2769866,-1.3857478,-0.83077675
493,2026-05-11 16:07:28.944009,2.1846397,0.28757775,-0.37026548,3.2769866,-1.3857478,-0.83077675
494,2026-05-11 16:07:28.946827,2.1846397,0.28757775,-0.37026548,3.2769866,-1.3857478,-0.83077675
495,2026-05-11 16:07:28.950118,2.1846397,0.28757775,-0.37026548,3.2769866,-1.3857478,-0.83077675
496,2026-05-11 16:07:28.953038,2.1846397,0.28757775,-0.37026548,3.2769866,-1.3857478,-0.83077675
497,2026-05-11 16:07:28.955749,2.1846397,0.28757775,-0.37026548,3.2769866,-1.3857478,-0.83077675
498,2026-05-11 16:07:28.958422,2.1846397,0.28757775,-0.37026548,3.2769866,-1.3857478,-0.83077675
499,2026-05-11 16:07:28.961209,2.1846397,0.28757775,-0.37026548,3.2769866,-1.3857478,-0.83077675
500,2026-05-11 16:07:28.963957,2.1846397,0.28757775,-0.37026548,3.2769866,-1.3857478,-0.83077675
501,2026-05-11 16:07:28.966992,2.1846397,0.28757775,-0.37026548,3.2769866,-1.3857478,-0.83077675
502,2026-05-11 16:07:28.969766,2.1846397,0.28757775,-0.37026548,3.2769866,-1.3857478,-0.83077675
503,2026-05-11 16:07:28.972367,2.1846397,0.28757775,-0.37026548,3.2769866,-1.3857478,-0.83077675
504,2026-05-11 16:07:28.974976,2.1846397,0.28757775,-0.37026548,3.2769866,-1.3857478,-0.83077675
505,2026-05-11 16:07:28.977920,2.1846397,0.28757775,-0.37026548,3.119078,-1.4286611,-1.3451253
506,2026-05-11 16:07:28.980666,2.1846397,0.28757775,-0.37026548,3.119078,-1.4286611,-1.3451253
507,2026-05-11 16:07:28.983669,1.7695544,0.0056710625,-0.5844243,3.119078,-1.4286611,-1.3451253
508,2026-05-11 16:07:28.986683,1.7695544,0.0056710625,-0.5844243,3.119078,-1.4286611,-1.3451253
509,2026-05-11 16:07:28.989297,1.7695544,0.0056710625,-0.5844243,3.119078,-1.4286611,-1.3451253
510,2026-05-11 16:07:28.992034,1.7695544,0.0056710625,-0.5844243,3.119078,-1.4286611,-1.3451253
511,2026-05-11 16:07:28.994950,1.7695544,0.0056710625,-0.5844243,2.7963884,-1.4210253,-1.7266107
512,2026-05-11 16:07:28.997756,1.7695544,0.0056710625,-0.5844243,2.7963884,-1.4210253,-1.7266107
513,2026-05-11 16:07:29.000779,1.7695544,0.0056710625,-0.5844243,2.7963884,-1.4210253,-1.7266107
514,2026-05-11 16:07:29.003687,1.7695544,0.0056710625,-0.5844243,2.7963884,-1.4210253,-1.7266107
515,2026-05-11 16:07:29.006299,1.7695544,0.0056710625,-0.5844243,2.7963884,-1.4210253,-1.7266107
516,2026-05-11 16:07:29.009098,1.7695544,0.0056710625,-0.5844243,2.7963884,-1.4210253,-1.7266107
517,2026-05-11 16:07:29.011849,1.7695544,0.0056710625,-0.5844243,2.7963884,-1.4210253,-1.7266107
518,2026-05-11 16:07:29.014468,1.7695544,0.0056710625,-0.5844243,2.7963884,-1.4210253,-1.7266107
519,2026-05-11 16:07:29.017687,1.7695544,0.0056710625,-0.5844243,2.7963884,-1.4210253,-1.7266107
520,2026-05-11 16:07:29.020540,1.7695544,0.0056710625,-0.5844243,2.7963884,-1.4210253,-1.7266107
521,2026-05-11 16:07:29.023292,1.7695544,0.0056710625,-0.5844243,2.7963884,-1.4210253,-1.7266107
522,2026-05-11 16:07:29.026023,1.7695544,0.0056710625,-0.5844243,2.7963884,-1.4210253,-1.7266107
523,2026-05-11 16:07:29.028643,1.7695544,0.0056710625,-0.5844243,2.7963884,-1.4210253,-1.7266107
524,2026-05-11 16:07:29.031344,1.7695544,0.0056710625,-0.5844243,2.7963884,-1.4210253,-1.7266107
525,2026-05-11 16:07:29.034437,1.7695544,0.0056710625,-0.5844243,2.7963884,-1.4210253,-1.7266107
526,2026-05-11 16:07:29.037207,1.7695544,0.0056710625,-0.5844243,2.7963884,-1.4210253,-1.7266107
527,2026-05-11 16:07:29.039862,1.7695544,0.0056710625,-0.5844243,2.7963884,-1.4210253,-1.7266107
528,2026-05-11 16:07:29.042738,1.7695544,0.0056710625,-0.5844243,2.7963884,-1.4210253,-1.7266107
529,2026-05-11 16:07:29.045355,1.7695544,0.0056710625,-0.5844243,2.7963884,-1.4210253,-1.7266107
530,2026-05-11 16:07:29.048037,1.7695544,0.0056710625,-0.5844243,2.7963884,-1.4210253,-1.7266107
531,2026-05-11 16:07:29.051145,1.7695544,0.0056710625,-0.5844243,2.7963884,-1.4210253,-1.7266107
532,2026-05-11 16:07:29.053978,1.7695544,0.0056710625,-0.5844243,2.7963884,-1.4210253,-1.7266107
533,2026-05-11 16:07:29.056645,1.7695544,0.0056710625,-0.5844243,2.7963884,-1.4210253,-1.7266107
534,2026-05-11 16:07:29.059403,1.7695544,0.0056710625,-0.5844243,2.7963884,-1.4210253,-1.7266107
535,2026-05-11 16:07:29.062027,1.7695544,0.0056710625,-0.5844243,2.7963884,-1.4210253,-1.7266107
536,2026-05-11 16:07:29.064619,1.7695544,0.0056710625,-0.5844243,2.7963884,-1.4210253,-1.7266107
537,2026-05-11 16:07:29.067523,1.7695544,0.0056710625,-0.5844243,2.7963884,-1.4210253,-1.7266107
538,2026-05-11 16:07:29.070826,1.6702194,-0.08695629,-0.6688195,2.7963884,-1.4210253,-1.7266107
539,2026-05-11 16:07:29.073628,1.6702194,-0.08695629,-0.6688195,2.7963884,-1.4210253,-1.7266107
540,2026-05-11 16:07:29.076253,1.6702194,-0.08695629,-0.6688195,2.7963884,-1.4210253,-1.7266107
541,2026-05-11 16:07:29.078884,1.6702194,-0.08695629,-0.6688195,2.7963884,-1.4210253,-1.7266107
542,2026-05-11 16:07:29.081610,1.6702194,-0.08695629,-0.6688195,2.7963884,-1.4210253,-1.7266107
543,2026-05-11 16:07:29.084646,1.6702194,-0.08695629,-0.6688195,2.7963884,-1.4210253,-1.7266107
544,2026-05-11 16:07:29.087678,1.6702194,-0.08695629,-0.6688195,2.7963884,-1.4210253,-1.7266107
545,2026-05-11 16:07:29.090595,1.5933247,-0.14836231,-0.7496169,2.352442,-1.3553573,-1.9375118
546,2026-05-11 16:07:29.093451,1.5933247,-0.14836231,-0.7496169,2.352442,-1.3553573,-1.9375118
547,2026-05-11 16:07:29.096147,1.5933247,-0.14836231,-0.7496169,2.352442,-1.3553573,-1.9375118
548,2026-05-11 16:07:29.098818,1.5933247,-0.14836231,-0.7496169,2.352442,-1.3553573,-1.9375118
549,2026-05-11 16:07:29.101812,1.5933247,-0.14836231,-0.7496169,2.352442,-1.3553573,-1.9375118
550,2026-05-11 16:07:29.104651,1.5933247,-0.14836231,-0.7496169,2.352442,-1.3553573,-1.9375118
551,2026-05-11 16:07:29.107238,1.5933247,-0.14836231,-0.7496169,2.352442,-1.3553573,-1.9375118
552,2026-05-11 16:07:29.109797,1.5933247,-0.14836231,-0.7496169,2.352442,-1.3553573,-1.9375118
553,2026-05-11 16:07:29.112524,1.5933247,-0.14836231,-0.7496169,2.352442,-1.3553573,-1.9375118
554,2026-05-11 16:07:29.115119,1.5933247,-0.14836231,-0.7496169,2.352442,-1.3553573,-1.9375118
555,2026-05-11 16:07:29.118156,1.5933247,-0.14836231,-0.7496169,2.352442,-1.3553573,-1.9375118
556,2026-05-11 16:07:29.120928,1.5933247,-0.14836231,-0.7496169,2.352442,-1.3553573,-1.9375118
557,2026-05-11 16:07:29.123631,1.5933247,-0.14836231,-0.7496169,2.352442,-1.3553573,-1.9375118
558,2026-05-11 16:07:29.126251,1.5933247,-0.14836231,-0.7496169,2.352442,-1.3553573,-1.9375118
559,2026-05-11 16:07:29.128863,1.5933247,-0.14836231,-0.7496169,2.352442,-1.3553573,-1.9375118
560,2026-05-11 16:07:29.131420,1.5933247,-0.14836231,-0.7496169,2.352442,-1.3553573,-1.9375118
561,2026-05-11 16:07:29.134685,1.5933247,-0.14836231,-0.7496169,2.352442,-1.3553573,-1.9375118
562,2026-05-11 16:07:29.137344,1.5933247,-0.14836231,-0.7496169,2.352442,-1.3553573,-1.9375118
563,2026-05-11 16:07:29.139932,1.5933247,-0.14836231,-0.7496169,2.352442,-1.3553573,-1.9375118
564,2026-05-11 16:07:29.142710,1.5933247,-0.14836231,-0.7496169,2.352442,-1.3553573,-1.9375118
565,2026-05-11 16:07:29.145379,1.5933247,-0.14836231,-0.7496169,2.352442,-1.3553573,-1.9375118
566,2026-05-11 16:07:29.148159,1.5933247,-0.14836231,-0.7496169,2.352442,-1.3553573,-1.9375118
567,2026-05-11 16:07:29.151292,1.5933247,-0.14836231,-0.7496169,2.352442,-1.3553573,-1.9375118
568,2026-05-11 16:07:29.154075,1.5933247,-0.14836231,-0.7496169,2.352442,-1.3553573,-1.9375118
569,2026-05-11 16:07:29.156657,1.5933247,-0.14836231,-0.7496169,2.352442,-1.3553573,-1.9375118
570,2026-05-11 16:07:29.159370,1.5933247,-0.14836231,-0.7496169,2.352442,-1.3553573,-1.9375118
571,2026-05-11 16:07:29.161964,1.5933247,-0.14836231,-0.7496169,2.352442,-1.3553573,-1.9375118
572,2026-05-11 16:07:29.164695,1.5933247,-0.14836231,-0.7496169,2.352442,-1.3553573,-1.9375118
573,2026-05-11 16:07:29.167695,1.5933247,-0.14836231,-0.7496169,2.352442,-1.3553573,-1.9375118
574,2026-05-11 16:07:29.170616,1.5933247,-0.14836231,-0.7496169,2.352442,-1.3553573,-1.9375118
575,2026-05-11 16:07:29.173309,1.5933247,-0.14836231,-0.7496169,0.9963212,-0.66859204,-2.0341814
576,2026-05-11 16:07:29.176141,1.5933247,-0.14836231,-0.7496169,0.9963212,-0.66859204,-2.0341814
577,2026-05-11 16:07:29.178964,1.5933247,-0.14836231,-0.7496169,0.9963212,-0.66859204,-2.0341814
578,2026-05-11 16:07:29.181650,1.5933247,-0.14836231,-0.7496169,0.9963212,-0.66859204,-2.0341814
579,2026-05-11 16:07:29.184923,1.5933247,-0.14836231,-0.7496169,0.9963212,-0.66859204,-2.0341814
580,2026-05-11 16:07:29.187736,1.5933247,-0.14836231,-0.7496169,0.9963212,-0.66859204,-2.0341814
581,2026-05-11 16:07:29.190472,1.5933247,-0.14836231,-0.7496169,0.9963212,-0.66859204,-2.0341814
582,2026-05-11 16:07:29.193100,1.5933247,-0.14836231,-0.7496169,0.9963212,-0.66859204,-2.0341814
583,2026-05-11 16:07:29.195695,1.5933247,-0.14836231,-0.7496169,0.9963212,-0.66859204,-2.0341814
584,2026-05-11 16:07:29.198453,1.4530116,-0.25971028,-0.8249872,0.9963212,-0.66859204,-2.0341814
585,2026-05-11 16:07:29.201559,1.4530116,-0.25971028,-0.8249872,0.9963212,-0.66859204,-2.0341814
586,2026-05-11 16:07:29.204396,1.4530116,-0.25971028,-0.8249872,0.9963212,-0.66859204,-2.0341814
587,2026-05-11 16:07:29.207139,1.4530116,-0.25971028,-0.8249872,0.9963212,-0.66859204,-2.0341814
588,2026-05-11 16:07:29.209949,1.4530116,-0.25971028,-0.8249872,0.9963212,-0.66859204,-2.0341814
589,2026-05-11 16:07:29.212667,1.4530116,-0.25971028,-0.8249872,0.9963212,-0.66859204,-2.0341814
590,2026-05-11 16:07:29.215306,1.4530116,-0.25971028,-0.8249872,0.9963212,-0.66859204,-2.0341814
591,2026-05-11 16:07:29.218331,1.4530116,-0.25971028,-0.8249872,0.9963212,-0.66859204,-2.0341814
592,2026-05-11 16:07:29.221066,1.4530116,-0.25971028,-0.8249872,0.9963212,-0.66859204,-2.0341814
593,2026-05-11 16:07:29.223627,1.4530116,-0.25971028,-0.8249872,0.9963212,-0.66859204,-2.0341814
594,2026-05-11 16:07:29.226156,1.4530116,-0.25971028,-0.8249872,0.9963212,-0.66859204,-2.0341814
595,2026-05-11 16:07:29.228860,1.4530116,-0.25971028,-0.8249872,0.9963212,-0.66859204,-2.0341814
596,2026-05-11 16:07:29.231401,1.4530116,-0.25971028,-0.8249872,0.9963212,-0.66859204,-2.0341814
597,2026-05-11 16:07:29.234429,1.4530116,-0.25971028,-0.8249872,0.9963212,-0.66859204,-2.0341814
598,2026-05-11 16:07:29.237228,1.4530116,-0.25971028,-0.8249872,0.9963212,-0.66859204,-2.0341814
599,2026-05-11 16:07:29.239839,1.4530116,-0.25971028,-0.8249872,0.9963212,-0.66859204,-2.0341814
600,2026-05-11 16:07:29.242613,1.4530116,-0.25971028,-0.8249872,0.9963212,-0.66859204,-2.0341814
601,2026-05-11 16:07:29.245298,1.3382488,-0.2666619,-0.76705694,0.36713,-0.13744467,-1.9408716
602,2026-05-11 16:07:29.248017,1.3382488,-0.2666619,-0.76705694,0.36713,-0.13744467,-1.9408716
603,2026-05-11 16:07:29.250788,1.3382488,-0.2666619,-0.76705694,0.36713,-0.13744467,-1.9408716
604,2026-05-11 16:07:29.254473,1.3382488,-0.2666619,-0.76705694,-0.88346386,0.89629203,-1.6765196
605,2026-05-11 16:07:29.257235,1.3382488,-0.2666619,-0.76705694,-0.88346386,0.89629203,-1.6765196
606,2026-05-11 16:07:29.259828,1.3382488,-0.2666619,-0.76705694,-0.88346386,0.89629203,-1.6765196
607,2026-05-11 16:07:29.262401,1.3382488,-0.2666619,-0.76705694,-0.88346386,0.89629203,-1.6765196
608,2026-05-11 16:07:29.265193,1.3382488,-0.2666619,-0.76705694,-0.88346386,0.89629203,-1.6765196
609,2026-05-11 16:07:29.267911,1.3382488,-0.2666619,-0.76705694,-0.88346386,0.89629203,-1.6765196
610,2026-05-11 16:07:29.271177,1.3382488,-0.2666619,-0.76705694,-0.88346386,0.89629203,-1.6765196
611,2026-05-11 16:07:29.273979,1.3382488,-0.2666619,-0.76705694,-0.88346386,0.89629203,-1.6765196
612,2026-05-11 16:07:29.276571,1.3382488,-0.2666619,-0.76705694,-0.88346386,0.89629203,-1.6765196
613,2026-05-11 16:07:29.279283,1.3382488,-0.2666619,-0.76705694,-0.88346386,0.89629203,-1.6765196
614,2026-05-11 16:07:29.281874,1.3382488,-0.2666619,-0.76705694,-0.88346386,0.89629203,-1.6765196
615,2026-05-11 16:07:29.284743,1.3382488,-0.2666619,-0.76705694,-0.88346386,0.89629203,-1.6765196
616,2026-05-11 16:07:29.287701,1.3382488,-0.2666619,-0.76705694,-0.88346386,0.89629203,-1.6765196
617,2026-05-11 16:07:29.290365,1.3382488,-0.2666619,-0.76705694,-0.88346386,0.89629203,-1.6765196
618,2026-05-11 16:07:29.293105,1.3382488,-0.2666619,-0.76705694,-0.88346386,0.89629203,-1.6765196
619,2026-05-11 16:07:29.295847,1.3382488,-0.2666619,-0.76705694,-0.88346386,0.89629203,-1.6765196
620,2026-05-11 16:07:29.298441,1.3382488,-0.2666619,-0.76705694,-0.88346386,0.89629203,-1.6765196
621,2026-05-11 16:07:29.301543,1.3382488,-0.2666619,-0.76705694,-0.88346386,0.89629203,-1.6765196
622,2026-05-11 16:07:29.304264,1.3382488,-0.2666619,-0.76705694,-0.88346386,0.89629203,-1.6765196
623,2026-05-11 16:07:29.307126,1.3382488,-0.2666619,-0.76705694,-0.88346386,0.89629203,-1.6765196
624,2026-05-11 16:07:29.309837,1.3382488,-0.2666619,-0.76705694,-0.88346386,0.89629203,-1.6765196
625,2026-05-11 16:07:29.312524,1.3931301,-0.17793721,-0.47057623,-0.98944896,1.0100657,-1.6714801
626,2026-05-11 16:07:29.315274,1.3931301,-0.17793721,-0.47057623,-0.98944896,1.0100657,-1.6714801
627,2026-05-11 16:07:29.318308,1.3931301,-0.17793721,-0.47057623,-0.98944896,1.0100657,-1.6714801
628,2026-05-11 16:07:29.321201,1.3931301,-0.17793721,-0.47057623,-0.98944896,1.0100657,-1.6714801
629,2026-05-11 16:07:29.323918,1.3931301,-0.17793721,-0.47057623,-0.98944896,1.0100657,-1.6714801
630,2026-05-11 16:07:29.326600,1.1365297,-0.06543065,-0.30379823,0.0030543262,0.18005253,-1.9321668
631,2026-05-11 16:07:29.329393,1.1365297,-0.06543065,-0.30379823,0.0030543262,0.18005253,-1.9321668
632,2026-05-11 16:07:29.331979,1.1365297,-0.06543065,-0.30379823,0.0030543262,0.18005253,-1.9321668
633,2026-05-11 16:07:29.335134,1.1365297,-0.06543065,-0.30379823,0.0030543262,0.18005253,-1.9321668
634,2026-05-11 16:07:29.337965,1.1365297,-0.06543065,-0.30379823,0.0030543262,0.18005253,-1.9321668
635,2026-05-11 16:07:29.340562,1.1365297,-0.06543065,-0.30379823,0.0030543262,0.18005253,-1.9321668
636,2026-05-11 16:07:29.343203,1.1365297,-0.06543065,-0.30379823,0.0030543262,0.18005253,-1.9321668
637,2026-05-11 16:07:29.345794,1.1365297,-0.06543065,-0.30379823,0.0030543262,0.18005253,-1.9321668
638,2026-05-11 16:07:29.348373,1.1365297,-0.06543065,-0.30379823,0.0030543262,0.18005253,-1.9321668
639,2026-05-11 16:07:29.351510,1.1365297,-0.06543065,-0.30379823,0.0030543262,0.18005253,-1.9321668
640,2026-05-11 16:07:29.354207,1.1365297,-0.06543065,-0.30379823,0.0030543262,0.18005253,-1.9321668
641,2026-05-11 16:07:29.357022,1.1365297,-0.06543065,-0.30379823,0.0030543262,0.18005253,-1.9321668
642,2026-05-11 16:07:29.359651,1.1365297,-0.06543065,-0.30379823,0.0030543262,0.18005253,-1.9321668
643,2026-05-11 16:07:29.362508,1.1365297,-0.06543065,-0.30379823,0.0030543262,0.18005253,-1.9321668
644,2026-05-11 16:07:29.365284,1.1365297,-0.06543065,-0.30379823,0.0030543262,0.18005253,-1.9321668
645,2026-05-11 16:07:29.368492,1.1365297,-0.06543065,-0.30379823,0.0030543262,0.18005253,-1.9321668
646,2026-05-11 16:07:29.371257,1.1365297,-0.06543065,-0.30379823,0.0030543262,0.18005253,-1.9321668
647,2026-05-11 16:07:29.373995,1.1365297,-0.06543065,-0.30379823,0.0030543262,0.18005253,-1.9321668
648,2026-05-11 16:07:29.376612,1.1365297,-0.06543065,-0.30379823,0.0030543262,0.18005253,-1.9321668
649,2026-05-11 16:07:29.379242,1.1365297,-0.06543065,-0.30379823,0.0030543262,0.18005253,-1.9321668
650,2026-05-11 16:07:29.381860,1.1365297,-0.06543065,-0.30379823,0.0030543262,0.18005253,-1.9321668
651,2026-05-11 16:07:29.384923,1.1365297,-0.06543065,-0.30379823,0.0030543262,0.18005253,-1.9321668
652,2026-05-11 16:07:29.387657,1.1365297,-0.06543065,-0.30379823,0.0030543262,0.18005253,-1.9321668
653,2026-05-11 16:07:29.390245,1.1365297,-0.06543065,-0.30379823,0.0030543262,0.18005253,-1.9321668
654,2026-05-11 16:07:29.392808,1.1365297,-0.06543065,-0.30379823,0.0030543262,0.18005253,-1.9321668
655,2026-05-11 16:07:29.395603,1.1365297,-0.06543065,-0.30379823,0.0030543262,0.18005253,-1.9321668
656,2026-05-11 16:07:29.398296,1.1365297,-0.06543065,-0.30379823,0.0030543262,0.18005253,-1.9321668
657,2026-05-11 16:07:29.401335,1.1365297,-0.06543065,-0.30379823,0.0030543262,0.18005253,-1.9321668
658,2026-05-11 16:07:29.404349,1.1365297,-0.06543065,-0.30379823,0.0030543262,0.18005253,-1.9321668
659,2026-05-11 16:07:29.407062,1.1365297,-0.06543065,-0.30379823,0.0030543262,0.18005253,-1.9321668
660,2026-05-11 16:07:29.409662,1.1365297,-0.06543065,-0.30379823,0.0030543262,0.18005253,-1.9321668
661,2026-05-11 16:07:29.412578,1.1365297,-0.06543065,-0.30379823,0.0030543262,0.18005253,-1.9321668
662,2026-05-11 16:07:29.415194,1.1365297,-0.06543065,-0.30379823,0.0030543262,0.18005253,-1.9321668
663,2026-05-11 16:07:29.418376,1.1365297,-0.06543065,-0.30379823,0.0030543262,0.18005253,-1.9321668
664,2026-05-11 16:07:29.421178,0.85328156,0.005854,-0.4425258,0.42210788,-0.33399057,-1.9393444
665,2026-05-11 16:07:29.423989,0.85328156,0.005854,-0.4425258,0.42210788,-0.33399057,-1.9393444
666,2026-05-11 16:07:29.426587,0.85328156,0.005854,-0.4425258,0.42210788,-0.33399057,-1.9393444
667,2026-05-11 16:07:29.429313,0.85328156,0.005854,-0.4425258,0.42210788,-0.33399057,-1.9393444
668,2026-05-11 16:07:29.431918,0.85328156,0.005854,-0.4425258,0.42210788,-0.33399057,-1.9393444
669,2026-05-11 16:07:29.434823,0.85328156,0.005854,-0.4425258,0.42210788,-0.33399057,-1.9393444
670,2026-05-11 16:07:29.437728,0.85328156,0.005854,-0.4425258,0.42210788,-0.33399057,-1.9393444
671,2026-05-11 16:07:29.440358,0.85328156,0.005854,-0.4425258,0.42210788,-0.33399057,-1.9393444
672,2026-05-11 16:07:29.442954,0.85328156,0.005854,-0.4425258,0.42210788,-0.33399057,-1.9393444
673,2026-05-11 16:07:29.445647,0.85328156,0.005854,-0.4425258,0.42210788,-0.33399057,-1.9393444
674,2026-05-11 16:07:29.448265,0.85328156,0.005854,-0.4425258,0.42210788,-0.33399057,-1.9393444
675,2026-05-11 16:07:29.451402,0.85328156,0.005854,-0.4425258,0.42210788,-0.33399057,-1.9393444
676,2026-05-11 16:07:29.454274,0.85328156,0.005854,-0.4425258,0.42210788,-0.33399057,-1.9393444
677,2026-05-11 16:07:29.456996,0.85328156,0.005854,-0.4425258,0.42210788,-0.33399057,-1.9393444
678,2026-05-11 16:07:29.459593,0.85328156,0.005854,-0.4425258,0.42210788,-0.33399057,-1.9393444
679,2026-05-11 16:07:29.462358,0.85328156,0.005854,-0.4425258,0.42210788,-0.33399057,-1.9393444
680,2026-05-11 16:07:29.464924,0.85328156,0.005854,-0.4425258,0.42210788,-0.33399057,-1.9393444
681,2026-05-11 16:07:29.467916,0.85328156,0.005854,-0.4425258,0.42210788,-0.33399057,-1.9393444
682,2026-05-11 16:07:29.470666,0.85328156,0.005854,-0.4425258,0.42210788,-0.33399057,-1.9393444
683,2026-05-11 16:07:29.473243,0.85328156,0.005854,-0.4425258,0.42210788,-0.33399057,-1.9393444
684,2026-05-11 16:07:29.475836,0.85328156,0.005854,-0.4425258,0.42210788,-0.33399057,-1.9393444
685,2026-05-11 16:07:29.478432,0.85328156,0.005854,-0.4425258,0.42210788,-0.33399057,-1.9393444
686,2026-05-11 16:07:29.481018,0.85328156,0.005854,-0.4425258,0.42210788,-0.33399057,-1.9393444
687,2026-05-11 16:07:29.484212,0.85328156,0.005854,-0.4425258,0.42210788,-0.33399057,-1.9393444
688,2026-05-11 16:07:29.487036,0.85328156,0.005854,-0.4425258,0.42210788,-0.33399057,-1.9393444
689,2026-05-11 16:07:29.489743,0.85328156,0.005854,-0.4425258,0.42210788,-0.33399057,-1.9393444
690,2026-05-11 16:07:29.492321,0.85328156,0.005854,-0.4425258,0.42210788,-0.33399057,-1.9393444
691,2026-05-11 16:07:29.495080,0.85328156,0.005854,-0.4425258,0.42210788,-0.33399057,-1.9393444
692,2026-05-11 16:07:29.497675,0.85328156,0.005854,-0.4425258,0.42210788,-0.33399057,-1.9393444
693,2026-05-11 16:07:29.500764,0.85328156,0.005854,-0.4425258,0.42210788,-0.33399057,-1.9393444
694,2026-05-11 16:07:29.503729,0.85328156,0.005854,-0.4425258,0.42210788,-0.33399057,-1.9393444
695,2026-05-11 16:07:29.506566,0.54326344,0.06945527,-0.59887636,0.50533825,-0.5859725,-1.8295414
696,2026-05-11 16:07:29.509194,0.54326344,0.06945527,-0.59887636,0.50533825,-0.5859725,-1.8295414
697,2026-05-11 16:07:29.511991,0.36526522,0.10396948,-0.65503824,0.50533825,-0.5859725,-1.8295414
698,2026-05-11 16:07:29.514610,0.36526522,0.10396948,-0.65503824,0.50533825,-0.5859725,-1.8295414
699,2026-05-11 16:07:29.517725,0.36526522,0.10396948,-0.65503824,0.50533825,-0.5859725,-1.8295414
700,2026-05-11 16:07:29.520524,0.36526522,0.10396948,-0.65503824,0.50533825,-0.5859725,-1.8295414
701,2026-05-11 16:07:29.523330,0.36526522,0.10396948,-0.65503824,0.50533825,-0.5859725,-1.8295414
702,2026-05-11 16:07:29.526229,0.36526522,0.10396948,-0.65503824,0.50533825,-0.5859725,-1.8295414
703,2026-05-11 16:07:29.529238,0.36526522,0.10396948,-0.65503824,0.40958515,-0.7338019,-1.6146696
704,2026-05-11 16:07:29.531956,0.36526522,0.10396948,-0.65503824,0.40958515,-0.7338019,-1.6146696
705,2026-05-11 16:07:29.534918,0.36526522,0.10396948,-0.65503824,0.40958515,-0.7338019,-1.6146696
706,2026-05-11 16:07:29.537810,0.36526522,0.10396948,-0.65503824,0.40958515,-0.7338019,-1.6146696
707,2026-05-11 16:07:29.540406,0.36526522,0.10396948,-0.65503824,0.40958515,-0.7338019,-1.6146696
708,2026-05-11 16:07:29.543060,0.36526522,0.10396948,-0.65503824,0.40958515,-0.7338019,-1.6146696
709,2026-05-11 16:07:29.545932,0.36526522,0.10396948,-0.65503824,0.40958515,-0.7338019,-1.6146696
710,2026-05-11 16:07:29.548588,0.36526522,0.10396948,-0.65503824,0.40958515,-0.7338019,-1.6146696
711,2026-05-11 16:07:29.551585,0.36526522,0.10396948,-0.65503824,0.40958515,-0.7338019,-1.6146696
712,2026-05-11 16:07:29.554423,0.36526522,0.10396948,-0.65503824,0.40958515,-0.7338019,-1.6146696
713,2026-05-11 16:07:29.557293,0.042380523,0.16970502,-0.7281522,0.40958515,-0.7338019,-1.6146696
714,2026-05-11 16:07:29.560187,0.042380523,0.16970502,-0.7281522,0.40958515,-0.7338019,-1.6146696
715,2026-05-11 16:07:29.563028,0.013110521,0.17903483,-0.7341282,0.076358154,-0.8054258,-1.0650436
716,2026-05-11 16:07:29.565828,0.013110521,0.17903483,-0.7341282,0.076358154,-0.8054258,-1.0650436
717,2026-05-11 16:07:29.568795,0.013110521,0.17903483,-0.7341282,0.076358154,-0.8054258,-1.0650436
718,2026-05-11 16:07:29.571502,0.013110521,0.17903483,-0.7341282,0.076358154,-0.8054258,-1.0650436
719,2026-05-11 16:07:29.574217,0.013110521,0.17903483,-0.7341282,0.076358154,-0.8054258,-1.0650436
720,2026-05-11 16:07:29.576865,0.013110521,0.17903483,-0.7341282,0.076358154,-0.8054258,-1.0650436
721,2026-05-11 16:07:29.579512,0.013110521,0.17903483,-0.7341282,0.0041233404,-0.7883216,-0.95249164
722,2026-05-11 16:07:29.582329,0.013110521,0.17903483,-0.7341282,0.0041233404,-0.7883216,-0.95249164
723,2026-05-11 16:07:29.585446,0.013110521,0.17903483,-0.7341282,0.0041233404,-0.7883216,-0.95249164
724,2026-05-11 16:07:29.588271,0.013110521,0.17903483,-0.7341282,0.0041233404,-0.7883216,-0.95249164
725,2026-05-11 16:07:29.591027,0.013110521,0.17903483,-0.7341282,0.0041233404,-0.7883216,-0.95249164
726,2026-05-11 16:07:29.593610,0.013110521,0.17903483,-0.7341282,0.0041233404,-0.7883216,-0.95249164
727,2026-05-11 16:07:29.596306,0.013110521,0.17903483,-0.7341282,0.0041233404,-0.7883216,-0.95249164
728,2026-05-11 16:07:29.598907,0.013110521,0.17903483,-0.7341282,0.0041233404,-0.7883216,-0.95249164
729,2026-05-11 16:07:29.602020,0.013110521,0.17903483,-0.7341282,0.0041233404,-0.7883216,-0.95249164
730,2026-05-11 16:07:29.604802,0.013110521,0.17903483,-0.7341282,0.0041233404,-0.7883216,-0.95249164
731,2026-05-11 16:07:29.607553,0.013110521,0.17903483,-0.7341282,0.0041233404,-0.7883216,-0.95249164
732,2026-05-11 16:07:29.610150,0.013110521,0.17903483,-0.7341282,0.0041233404,-0.7883216,-0.95249164
733,2026-05-11 16:07:29.612862,0.013110521,0.17903483,-0.7341282,0.0041233404,-0.7883216,-0.95249164
734,2026-05-11 16:07:29.615455,0.013110521,0.17903483,-0.7341282,0.0041233404,-0.7883216,-0.95249164
735,2026-05-11 16:07:29.642064,-0.19860914,1.5830191,-0.6635143,-1.5242615,-0.39003745,2.6794076
736,2026-05-11 16:07:29.645726,-0.19860914,1.5830191,-0.6635143,-1.5242615,-0.39003745,2.6794076
737,2026-05-11 16:07:29.654973,-0.19860914,1.5830191,-0.6635143,-1.5242615,-0.39003745,2.6794076
738,2026-05-11 16:07:29.657835,-0.19860914,1.5830191,-0.6635143,-1.5242615,-0.39003745,2.6794076
739,2026-05-11 16:07:29.660581,-0.19860914,1.5830191,-0.6635143,-1.5242615,-0.39003745,2.6794076
740,2026-05-11 16:07:29.663375,-0.19860914,1.5830191,-0.6635143,-1.5242615,-0.39003745,2.6794076
741,2026-05-11 16:07:29.666588,-0.19860914,1.5830191,-0.6635143,-1.5242615,-0.39003745,2.6794076
742,2026-05-11 16:07:29.669415,-0.19860914,1.5830191,-0.6635143,-1.5242615,-0.39003745,2.6794076
743,2026-05-11 16:07:29.672291,-0.19860914,1.5830191,-0.6635143,-1.8293887,-0.14309518,2.7814221
744,2026-05-11 16:07:29.674964,-0.19860914,1.5830191,-0.6635143,-1.8293887,-0.14309518,2.7814221
745,2026-05-11 16:07:29.677580,-0.19860914,1.5830191,-0.6635143,-1.8293887,-0.14309518,2.7814221
746,2026-05-11 16:07:29.680495,-0.19860914,1.5830191,-0.6635143,-1.8293887,-0.14309518,2.7814221
747,2026-05-11 16:07:29.683593,0.14689882,1.7846164,-0.71174884,-1.8293887,-0.14309518,2.7814221
748,2026-05-11 16:07:29.686374,0.14689882,1.7846164,-0.71174884,-1.8293887,-0.14309518,2.7814221
749,2026-05-11 16:07:29.689107,0.14689882,1.7846164,-0.71174884,-2.566703,0.24694228,2.6340508
750,2026-05-11 16:07:29.691704,0.14689882,1.7846164,-0.71174884,-2.566703,0.24694228,2.6340508
751,2026-05-11 16:07:29.694395,0.14689882,1.7846164,-0.71174884,-2.566703,0.24694228,2.6340508
752,2026-05-11 16:07:29.696952,0.14689882,1.7846164,-0.71174884,-2.566703,0.24694228,2.6340508
753,2026-05-11 16:07:29.699728,0.14689882,1.7846164,-0.71174884,-2.566703,0.24694228,2.6340508
754,2026-05-11 16:07:29.702804,0.14689882,1.7846164,-0.71174884,-2.566703,0.24694228,2.6340508
755,2026-05-11 16:07:29.705566,0.14689882,1.7846164,-0.71174884,-2.566703,0.24694228,2.6340508
756,2026-05-11 16:07:29.708143,0.14689882,1.7846164,-0.71174884,-2.566703,0.24694228,2.6340508
757,2026-05-11 16:07:29.710960,0.14689882,1.7846164,-0.71174884,-2.566703,0.24694228,2.6340508
758,2026-05-11 16:07:29.713575,0.14689882,1.7846164,-0.71174884,-2.566703,0.24694228,2.6340508
759,2026-05-11 16:07:29.716276,0.14689882,1.7846164,-0.71174884,-2.566703,0.24694228,2.6340508
760,2026-05-11 16:07:29.719212,0.14689882,1.7846164,-0.71174884,-2.566703,0.24694228,2.6340508
761,2026-05-11 16:07:29.721874,0.14689882,1.7846164,-0.71174884,-2.566703,0.24694228,2.6340508
762,2026-05-11 16:07:29.724778,0.11592139,1.8463272,-0.62015814,-2.9142854,0.38056904,2.4016168
763,2026-05-11 16:07:29.727455,0.11592139,1.8463272,-0.62015814,-2.9142854,0.38056904,2.4016168
764,2026-05-11 16:07:29.730187,0.11592139,1.8463272,-0.62015814,-2.9142854,0.38056904,2.4016168
765,2026-05-11 16:07:29.733365,0.11592139,1.8463272,-0.62015814,-2.9142854,0.38056904,2.4016168
766,2026-05-11 16:07:29.736145,0.11592139,1.8463272,-0.62015814,-2.9142854,0.38056904,2.4016168
767,2026-05-11 16:07:29.738771,0.11592139,1.8463272,-0.62015814,-2.9142854,0.38056904,2.4016168
768,2026-05-11 16:07:29.741580,0.11592139,1.8463272,-0.62015814,-2.9142854,0.38056904,2.4016168
769,2026-05-11 16:07:29.744205,0.11592139,1.8463272,-0.62015814,-2.9142854,0.38056904,2.4016168
770,2026-05-11 16:07:29.747011,0.11592139,1.8463272,-0.62015814,-2.9142854,0.38056904,2.4016168
771,2026-05-11 16:07:29.749757,0.11592139,1.8463272,-0.62015814,-2.9142854,0.38056904,2.4016168
772,2026-05-11 16:07:29.752901,0.11592139,1.8463272,-0.62015814,-2.9142854,0.38056904,2.4016168
773,2026-05-11 16:07:29.755557,0.11592139,1.8463272,-0.62015814,-2.9142854,0.38056904,2.4016168
774,2026-05-11 16:07:29.758164,0.11592139,1.8463272,-0.62015814,-2.9142854,0.38056904,2.4016168
775,2026-05-11 16:07:29.760990,-0.092078544,1.8230941,-0.34843495,-2.9142854,0.38056904,2.4016168
776,2026-05-11 16:07:29.763613,-0.092078544,1.8230941,-0.34843495,-2.9142854,0.38056904,2.4016168
777,2026-05-11 16:07:29.766422,-0.092078544,1.8230941,-0.34843495,-2.9142854,0.38056904,2.4016168
778,2026-05-11 16:07:29.769580,-0.092078544,1.8230941,-0.34843495,-2.9142854,0.38056904,2.4016168
779,2026-05-11 16:07:29.772250,-0.092078544,1.8230941,-0.34843495,-2.9142854,0.38056904,2.4016168
780,2026-05-11 16:07:29.775053,-0.092078544,1.8230941,-0.34843495,-3.0714304,0.59406644,2.2246184
781,2026-05-11 16:07:29.777791,-0.092078544,1.8230941,-0.34843495,-3.0714304,0.59406644,2.2246184
782,2026-05-11 16:07:29.780511,-0.092078544,1.8230941,-0.34843495,-3.0714304,0.59406644,2.2246184
783,2026-05-11 16:07:29.783141,-0.092078544,1.8230941,-0.34843495,-3.0714304,0.59406644,2.2246184
784,2026-05-11 16:07:29.786409,-0.092078544,1.8230941,-0.34843495,-3.0714304,0.59406644,2.2246184
785,2026-05-11 16:07:29.789109,-0.092078544,1.8230941,-0.34843495,-3.0714304,0.59406644,2.2246184
786,2026-05-11 16:07:29.791834,-0.092078544,1.8230941,-0.34843495,-3.0714304,0.59406644,2.2246184
787,2026-05-11 16:07:29.794559,-0.092078544,1.8230941,-0.34843495,-3.0714304,0.59406644,2.2246184
788,2026-05-11 16:07:29.797248,-0.092078544,1.8230941,-0.34843495,-3.0714304,0.59406644,2.2246184
789,2026-05-11 16:07:29.800239,-0.092078544,1.8230941,-0.34843495,-3.0714304,0.59406644,2.2246184
790,2026-05-11 16:07:29.803074,-0.092078544,1.8230941,-0.34843495,-3.0714304,0.59406644,2.2246184
791,2026-05-11 16:07:29.805740,-0.092078544,1.8230941,-0.34843495,-3.0714304,0.59406644,2.2246184
792,2026-05-11 16:07:29.808327,-0.092078544,1.8230941,-0.34843495,-3.0714304,0.59406644,2.2246184
793,2026-05-11 16:07:29.811021,-0.092078544,1.8230941,-0.34843495,-3.0714304,0.59406644,2.2246184
794,2026-05-11 16:07:29.813631,-0.092078544,1.8230941,-0.34843495,-3.0714304,0.59406644,2.2246184
795,2026-05-11 16:07:29.816811,-0.092078544,1.8230941,-0.34843495,-3.0714304,0.59406644,2.2246184
796,2026-05-11 16:07:29.819705,-0.092078544,1.8230941,-0.34843495,-2.8102856,0.6774496,2.1890357
797,2026-05-11 16:07:29.822391,-0.092078544,1.8230941,-0.34843495,-2.8102856,0.6774496,2.1890357
798,2026-05-11 16:07:29.825020,-0.092078544,1.8230941,-0.34843495,-2.8102856,0.6774496,2.1890357
799,2026-05-11 16:07:29.827838,-0.092078544,1.8230941,-0.34843495,-2.8102856,0.6774496,2.1890357
800,2026-05-11 16:07:29.830467,-0.092078544,1.8230941,-0.34843495,-2.8102856,0.6774496,2.1890357
801,2026-05-11 16:07:29.833686,-0.092078544,1.8230941,-0.34843495,-2.8102856,0.6774496,2.1890357
802,2026-05-11 16:07:29.836456,-0.092078544,1.8230941,-0.34843495,-2.8102856,0.6774496,2.1890357
803,2026-05-11 16:07:29.839041,-0.092078544,1.8230941,-0.34843495,-2.8102856,0.6774496,2.1890357
804,2026-05-11 16:07:29.841708,-0.092078544,1.8230941,-0.34843495,-2.8102856,0.6774496,2.1890357
805,2026-05-11 16:07:29.844347,-0.092078544,1.8230941,-0.34843495,-2.8102856,0.6774496,2.1890357
806,2026-05-11 16:07:29.847091,-0.3170307,1.850169,0.08506594,-2.1476495,0.52519137,2.1890357
807,2026-05-11 16:07:29.849707,-0.3170307,1.850169,0.08506594,-2.1476495,0.52519137,2.1890357
808,2026-05-11 16:07:29.852958,-0.3170307,1.850169,0.08506594,-2.1476495,0.52519137,2.1890357
809,2026-05-11 16:07:29.855666,-0.3170307,1.850169,0.08506594,-2.1476495,0.52519137,2.1890357
810,2026-05-11 16:07:29.858261,-0.3170307,1.850169,0.08506594,-2.1476495,0.52519137,2.1890357
811,2026-05-11 16:07:29.860872,-0.3170307,1.850169,0.08506594,-2.1476495,0.52519137,2.1890357
812,2026-05-11 16:07:29.863676,-0.24495333,1.8958422,0.122934,-0.63041294,0.01695151,2.0697641
813,2026-05-11 16:07:29.866380,-0.24495333,1.8958422,0.122934,-0.63041294,0.01695151,2.0697641
814,2026-05-11 16:07:29.869711,-0.24495333,1.8958422,0.122934,-0.63041294,0.01695151,2.0697641
815,2026-05-11 16:07:29.872500,-0.21696389,1.9122456,0.039331563,-0.63041294,0.01695151,2.0697641
816,2026-05-11 16:07:29.875173,-0.21696389,1.9122456,0.039331563,-0.63041294,0.01695151,2.0697641
817,2026-05-11 16:07:29.877759,-0.21696389,1.9122456,0.039331563,-0.63041294,0.01695151,2.0697641
818,2026-05-11 16:07:29.880581,-0.21696389,1.9122456,0.039331563,-0.63041294,0.01695151,2.0697641
819,2026-05-11 16:07:29.883346,-0.21696389,1.9122456,0.039331563,-0.63041294,0.01695151,2.0697641
820,2026-05-11 16:07:29.886661,-0.21696389,1.9122456,0.039331563,-0.63041294,0.01695151,2.0697641
821,2026-05-11 16:07:29.889361,-0.21696389,1.9122456,0.039331563,-0.63041294,0.01695151,2.0697641
822,2026-05-11 16:07:29.892228,-0.21696389,1.9122456,0.039331563,-0.63041294,0.01695151,2.0697641
823,2026-05-11 16:07:29.894900,-0.21696389,1.9122456,0.039331563,-0.63041294,0.01695151,2.0697641
824,2026-05-11 16:07:29.897825,-0.21696389,1.9122456,0.039331563,-0.63041294,0.01695151,2.0697641
825,2026-05-11 16:07:29.901083,-0.21696389,1.9122456,0.039331563,-0.63041294,0.01695151,2.0697641
826,2026-05-11 16:07:29.903968,-0.21696389,1.9122456,0.039331563,-0.63041294,0.01695151,2.0697641
827,2026-05-11 16:07:29.906581,-0.21696389,1.9122456,0.039331563,-0.63041294,0.01695151,2.0697641
828,2026-05-11 16:07:29.909334,-0.21696389,1.9122456,0.039331563,-0.63041294,0.01695151,2.0697641
829,2026-05-11 16:07:29.911995,-0.21696389,1.9122456,0.039331563,0.17486018,-0.19822577,1.9156734
830,2026-05-11 16:07:29.914774,-0.21696389,1.9122456,0.039331563,0.17486018,-0.19822577,1.9156734
831,2026-05-11 16:07:29.917810,-0.21696389,1.9122456,0.039331563,0.17486018,-0.19822577,1.9156734
832,2026-05-11 16:07:29.920589,-0.21696389,1.9122456,0.039331563,0.17486018,-0.19822577,1.9156734
833,2026-05-11 16:07:29.923309,-0.07677277,1.9560287,-0.45947802,0.17486018,-0.19822577,1.9156734
834,2026-05-11 16:07:29.926043,-0.07677277,1.9560287,-0.45947802,0.17486018,-0.19822577,1.9156734
835,2026-05-11 16:07:29.928661,-0.07677277,1.9560287,-0.45947802,0.17486018,-0.19822577,1.9156734
836,2026-05-11 16:07:29.931279,-0.07677277,1.9560287,-0.45947802,0.17486018,-0.19822577,1.9156734
837,2026-05-11 16:07:29.934297,-0.07677277,1.9560287,-0.45947802,0.17486018,-0.19822577,1.9156734
838,2026-05-11 16:07:29.937205,-0.07677277,1.9560287,-0.45947802,0.17486018,-0.19822577,1.9156734
839,2026-05-11 16:07:29.939973,-0.07677277,1.9560287,-0.45947802,1.4146112,-0.36193767,1.4608842
840,2026-05-11 16:07:29.942594,-0.07677277,1.9560287,-0.45947802,1.4146112,-0.36193767,1.4608842
841,2026-05-11 16:07:29.945411,0.0035977708,1.9280393,-0.8127304,1.9370537,-0.08078693,0.9129381
842,2026-05-11 16:07:29.948130,0.0035977708,1.9280393,-0.8127304,1.9370537,-0.08078693,0.9129381
843,2026-05-11 16:07:29.951201,0.0035977708,1.9280393,-0.8127304,1.9370537,-0.08078693,0.9129381
844,2026-05-11 16:07:29.953937,0.0035977708,1.9280393,-0.8127304,1.9370537,-0.08078693,0.9129381
845,2026-05-11 16:07:29.956787,0.0035977708,1.9280393,-0.8127304,1.9370537,-0.08078693,0.9129381
846,2026-05-11 16:07:29.959621,0.0035977708,1.9280393,-0.8127304,2.122146,0.27885997,0.41538838
847,2026-05-11 16:07:29.962383,0.0035977708,1.9280393,-0.8127304,2.122146,0.27885997,0.41538838
848,2026-05-11 16:07:29.965238,0.0035977708,1.9280393,-0.8127304,2.122146,0.27885997,0.41538838
849,2026-05-11 16:07:29.968412,0.0035977708,1.9280393,-0.8127304,2.122146,0.27885997,0.41538838
850,2026-05-11 16:07:29.971214,0.0035977708,1.9280393,-0.8127304,2.122146,0.27885997,0.41538838
851,2026-05-11 16:07:29.973938,0.0035977708,1.9280393,-0.8127304,2.122146,0.27885997,0.41538838
852,2026-05-11 16:07:29.976664,0.0035977708,1.9280393,-0.8127304,2.122146,0.27885997,0.41538838
853,2026-05-11 16:07:29.979272,0.0035977708,1.9280393,-0.8127304,2.122146,0.27885997,0.41538838
854,2026-05-11 16:07:29.981961,0.0035977708,1.9280393,-0.8127304,2.122146,0.27885997,0.41538838
855,2026-05-11 16:07:29.984862,0.0035977708,1.9280393,-0.8127304,2.122146,0.27885997,0.41538838
856,2026-05-11 16:07:29.987866,0.0035977708,1.9280393,-0.8127304,2.122146,0.27885997,0.41538838
857,2026-05-11 16:07:29.990514,0.0035977708,1.9280393,-0.8127304,2.122146,0.27885997,0.41538838
858,2026-05-11 16:07:29.993136,0.0035977708,1.9280393,-0.8127304,2.122146,0.27885997,0.41538838
859,2026-05-11 16:07:29.995811,0.0035977708,1.9280393,-0.8127304,2.122146,0.27885997,0.41538838
860,2026-05-11 16:07:29.998383,0.0035977708,1.9280393,-0.8127304,2.122146,0.27885997,0.41538838
861,2026-05-11 16:07:30.001368,0.0035977708,1.9280393,-0.8127304,2.122146,0.27885997,0.41538838
862,2026-05-11 16:07:30.004023,0.0035977708,1.9280393,-0.8127304,2.122146,0.27885997,0.41538838
863,2026-05-11 16:07:30.006676,0.0035977708,1.9280393,-0.8127304,2.122146,0.27885997,0.41538838
864,2026-05-11 16:07:30.009548,-0.02859923,1.8542545,-1.0296943,2.122146,0.27885997,0.41538838
865,2026-05-11 16:07:30.012229,-0.02859923,1.8542545,-1.0296943,2.122146,0.27885997,0.41538838
866,2026-05-11 16:07:30.014830,-0.02859923,1.8542545,-1.0296943,2.122146,0.27885997,0.41538838
867,2026-05-11 16:07:30.017946,-0.02859923,1.8542545,-1.0296943,2.122146,0.27885997,0.41538838
868,2026-05-11 16:07:30.020742,-0.02859923,1.8542545,-1.0296943,2.122146,0.27885997,0.41538838
869,2026-05-11 16:07:30.023326,-0.02859923,1.8542545,-1.0296943,2.122146,0.27885997,0.41538838
870,2026-05-11 16:07:30.025949,-0.03603869,1.4713663,-1.5297843,2.122146,0.27885997,0.41538838
871,2026-05-11 16:07:30.028740,-0.03603869,1.4713663,-1.5297843,2.122146,0.27885997,0.41538838
872,2026-05-11 16:07:30.031486,-0.03603869,1.4713663,-1.5297843,2.122146,0.27885997,0.41538838
873,2026-05-11 16:07:30.034961,-0.03603869,1.4713663,-1.5297843,2.122146,0.27885997,0.41538838
874,2026-05-11 16:07:30.037914,-0.03603869,1.4713663,-1.5297843,2.122146,0.27885997,0.41538838
875,2026-05-11 16:07:30.040586,-0.03603869,1.4713663,-1.5297843,2.122146,0.27885997,0.41538838
876,2026-05-11 16:07:30.043274,-0.03603869,1.4713663,-1.5297843,2.122146,0.27885997,0.41538838
877,2026-05-11 16:07:30.046010,-0.03603869,1.4713663,-1.5297843,2.122146,0.27885997,0.41538838
878,2026-05-11 16:07:30.048637,-0.03603869,1.4713663,-1.5297843,2.122146,0.27885997,0.41538838
879,2026-05-11 16:07:30.051741,-0.03603869,1.4713663,-1.5297843,2.122146,0.27885997,0.41538838
880,2026-05-11 16:07:30.054543,-0.03603869,1.4713663,-1.5297843,2.122146,0.27885997,0.41538838
881,2026-05-11 16:07:30.057349,-0.03603869,1.4713663,-1.5297843,2.4726298,0.49495357,-1.0083858
882,2026-05-11 16:07:30.060140,-0.03603869,1.4713663,-1.5297843,2.4726298,0.49495357,-1.0083858
883,2026-05-11 16:07:30.062807,-0.03603869,1.4713663,-1.5297843,2.4726298,0.49495357,-1.0083858
884,2026-05-11 16:07:30.065399,-0.03603869,1.4713663,-1.5297843,2.4726298,0.49495357,-1.0083858
885,2026-05-11 16:07:30.068859,0.22580586,1.3441027,-1.6269242,2.4726298,0.49495357,-1.0083858
886,2026-05-11 16:07:30.071511,0.22580586,1.3441027,-1.6269242,2.4726298,0.49495357,-1.0083858
887,2026-05-11 16:07:30.074376,0.22580586,1.3441027,-1.6269242,2.4726298,0.49495357,-1.0083858
888,2026-05-11 16:07:30.077132,0.22580586,1.3441027,-1.6269242,2.4471262,0.020616703,-1.5552629
889,2026-05-11 16:07:30.079764,0.22580586,1.3441027,-1.6269242,2.4471262,0.020616703,-1.5552629
890,2026-05-11 16:07:30.082379,0.22580586,1.3441027,-1.6269242,2.4471262,0.020616703,-1.5552629
891,2026-05-11 16:07:30.085713,0.22580586,1.3441027,-1.6269242,2.4471262,0.020616703,-1.5552629
892,2026-05-11 16:07:30.088320,0.22580586,1.3441027,-1.6269242,2.4471262,0.020616703,-1.5552629
893,2026-05-11 16:07:30.091214,0.22580586,1.3441027,-1.6269242,2.4471262,0.020616703,-1.5552629
894,2026-05-11 16:07:30.093941,0.22580586,1.3441027,-1.6269242,2.4471262,0.020616703,-1.5552629
895,2026-05-11 16:07:30.096581,0.22580586,1.3441027,-1.6269242,2.4471262,0.020616703,-1.5552629
896,2026-05-11 16:07:30.099164,0.22580586,1.3441027,-1.6269242,2.4471262,0.020616703,-1.5552629
897,2026-05-11 16:07:30.102397,0.22580586,1.3441027,-1.6269242,2.4471262,0.020616703,-1.5552629
898,2026-05-11 16:07:30.105216,0.22580586,1.3441027,-1.6269242,2.194228,-0.63529986,-2.632371
899,2026-05-11 16:07:30.107955,0.22580586,1.3441027,-1.6269242,2.194228,-0.63529986,-2.632371
900,2026-05-11 16:07:30.110550,0.22580586,1.3441027,-1.6269242,2.194228,-0.63529986,-2.632371
901,2026-05-11 16:07:30.113175,0.22580586,1.3441027,-1.6269242,2.194228,-0.63529986,-2.632371
902,2026-05-11 16:07:30.115787,0.22580586,1.3441027,-1.6269242,2.194228,-0.63529986,-2.632371
903,2026-05-11 16:07:30.119055,0.22580586,1.3441027,-1.6269242,2.194228,-0.63529986,-2.632371
904,2026-05-11 16:07:30.121966,0.22580586,1.3441027,-1.6269242,2.194228,-0.63529986,-2.632371
905,2026-05-11 16:07:30.124602,0.22580586,1.3441027,-1.6269242,2.194228,-0.63529986,-2.632371
906,2026-05-11 16:07:30.127346,0.22580586,1.3441027,-1.6269242,2.194228,-0.63529986,-2.632371
907,2026-05-11 16:07:30.130090,0.22580586,1.3441027,-1.6269242,2.194228,-0.63529986,-2.632371
908,2026-05-11 16:07:30.132686,0.22580586,1.3441027,-1.6269242,2.194228,-0.63529986,-2.632371
909,2026-05-11 16:07:30.135951,0.22580586,1.3441027,-1.6269242,2.194228,-0.63529986,-2.632371
910,2026-05-11 16:07:30.138897,0.22580586,1.3441027,-1.6269242,2.194228,-0.63529986,-2.632371
911,2026-05-11 16:07:30.141671,0.22580586,1.3441027,-1.6269242,2.194228,-0.63529986,-2.632371
912,2026-05-11 16:07:30.144557,0.22580586,1.3441027,-1.6269242,2.194228,-0.63529986,-2.632371
913,2026-05-11 16:07:30.147342,0.22580586,1.3441027,-1.6269242,2.194228,-0.63529986,-2.632371
914,2026-05-11 16:07:30.150575,0.22580586,1.3441027,-1.6269242,2.194228,-0.63529986,-2.632371
915,2026-05-11 16:07:30.153360,0.22580586,1.3441027,-1.6269242,2.194228,-0.63529986,-2.632371
916,2026-05-11 16:07:30.155990,0.22580586,1.3441027,-1.6269242,2.194228,-0.63529986,-2.632371
917,2026-05-11 16:07:30.158719,0.22580586,1.3441027,-1.6269242,2.194228,-0.63529986,-2.632371
918,2026-05-11 16:07:30.161382,0.28788266,1.1775078,-1.621802,2.4204009,-0.20754147,-1.8347337
919,2026-05-11 16:07:30.164067,0.28788266,1.1775078,-1.621802,2.4204009,-0.20754147,-1.8347337
920,2026-05-11 16:07:30.166905,0.27952853,1.3130034,-1.642352,2.4204009,-0.20754147,-1.8347337
921,2026-05-11 16:07:30.169750,0.27952853,1.3130034,-1.642352,2.4204009,-0.20754147,-1.8347337
922,2026-05-11 16:07:30.172595,0.27952853,1.3130034,-1.642352,2.4204009,-0.20754147,-1.8347337
923,2026-05-11 16:07:30.175226,0.27952853,1.3130034,-1.642352,2.4204009,-0.20754147,-1.8347337
924,2026-05-11 16:07:30.177843,0.27952853,1.3130034,-1.642352,2.4204009,-0.20754147,-1.8347337
925,2026-05-11 16:07:30.180550,0.27952853,1.3130034,-1.642352,2.4204009,-0.20754147,-1.8347337
926,2026-05-11 16:07:30.183241,0.27952853,1.3130034,-1.642352,2.4204009,-0.20754147,-1.8347337
927,2026-05-11 16:07:30.186759,0.27952853,1.3130034,-1.642352,2.4204009,-0.20754147,-1.8347337
928,2026-05-11 16:07:30.189490,0.27952853,1.3130034,-1.642352,2.4204009,-0.20754147,-1.8347337
929,2026-05-11 16:07:30.192134,0.2697718,1.1498841,-1.595154,2.4204009,-0.20754147,-1.8347337
930,2026-05-11 16:07:30.194729,0.2697718,1.1498841,-1.595154,2.4204009,-0.20754147,-1.8347337
931,2026-05-11 16:07:30.197535,0.2697718,1.1498841,-1.595154,2.4204009,-0.20754147,-1.8347337
932,2026-05-11 16:07:30.200295,0.2697718,1.1498841,-1.595154,2.0697641,-0.6805039,-2.9610167
933,2026-05-11 16:07:30.203619,0.2697718,1.1498841,-1.595154,2.0697641,-0.6805039,-2.9610167
934,2026-05-11 16:07:30.206342,0.2697718,1.1498841,-1.595154,2.0697641,-0.6805039,-2.9610167
935,2026-05-11 16:07:30.209287,0.2697718,1.1498841,-1.595154,2.0697641,-0.6805039,-2.9610167
936,2026-05-11 16:07:30.211960,0.2697718,1.1498841,-1.595154,2.0697641,-0.6805039,-2.9610167
937,2026-05-11 16:07:30.214577,0.2697718,1.1498841,-1.595154,2.0697641,-0.6805039,-2.9610167
938,2026-05-11 16:07:30.217682,0.2697718,1.1498841,-1.595154,2.0697641,-0.6805039,-2.9610167
939,2026-05-11 16:07:30.220495,0.2697718,1.1498841,-1.595154,2.0697641,-0.6805039,-2.9610167
940,2026-05-11 16:07:30.223215,0.2697718,1.1498841,-1.595154,2.0697641,-0.6805039,-2.9610167
941,2026-05-11 16:07:30.225878,0.2697718,1.1498841,-1.595154,2.0697641,-0.6805039,-2.9610167
942,2026-05-11 16:07:30.228470,0.2697718,1.1498841,-1.595154,2.0697641,-0.6805039,-2.9610167
943,2026-05-11 16:07:30.231294,0.2697718,1.1498841,-1.595154,2.0697641,-0.6805039,-2.9610167
944,2026-05-11 16:07:30.234293,0.2697718,1.1498841,-1.595154,2.0697641,-0.6805039,-2.9610167
945,2026-05-11 16:07:30.237108,0.2697718,1.1498841,-1.595154,2.0697641,-0.6805039,-2.9610167
946,2026-05-11 16:07:30.239813,0.2697718,1.1498841,-1.595154,2.0697641,-0.6805039,-2.9610167
947,2026-05-11 16:07:30.242470,0.2697718,1.1498841,-1.595154,2.0697641,-0.6805039,-2.9610167
948,2026-05-11 16:07:30.245271,0.2697718,1.1498841,-1.595154,2.0697641,-0.6805039,-2.9610167
949,2026-05-11 16:07:30.247859,0.2697718,1.1498841,-1.595154,2.0697641,-0.6805039,-2.9610167
950,2026-05-11 16:07:30.250833,0.2697718,1.1498841,-1.595154,2.0697641,-0.6805039,-2.9610167
951,2026-05-11 16:07:30.253678,0.2697718,1.1498841,-1.595154,2.0697641,-0.6805039,-2.9610167
952,2026-05-11 16:07:30.256432,0.2697718,1.1498841,-1.595154,1.5861117,-0.70280045,-3.4767396
953,2026-05-11 16:07:30.259272,0.07030898,1.0759164,-1.43112,1.5861117,-0.70280045,-3.4767396
954,2026-05-11 16:07:30.261988,0.07030898,1.0759164,-1.43112,1.5861117,-0.70280045,-3.4767396
955,2026-05-11 16:07:30.264745,-0.112567544,0.9976802,-1.2319622,1.5861117,-0.70280045,-3.4767396
956,2026-05-11 16:07:30.267948,-0.112567544,0.9976802,-1.2319622,1.5861117,-0.70280045,-3.4767396
957,2026-05-11 16:07:30.270748,-0.112567544,0.9976802,-1.2319622,1.5861117,-0.70280045,-3.4767396
958,2026-05-11 16:07:30.273408,-0.112567544,0.9976802,-1.2319622,1.5861117,-0.70280045,-3.4767396
959,2026-05-11 16:07:30.276147,-0.112567544,0.9976802,-1.2319622,1.5861117,-0.70280045,-3.4767396
960,2026-05-11 16:07:30.278871,-0.112567544,0.9976802,-1.2319622,1.5861117,-0.70280045,-3.4767396
961,2026-05-11 16:07:30.281651,-0.112567544,0.9976802,-1.2319622,1.21608,-0.8040514,-3.682143
962,2026-05-11 16:07:30.284660,-0.112567544,0.9976802,-1.2319622,1.21608,-0.8040514,-3.682143
963,2026-05-11 16:07:30.287501,-0.21403688,0.960117,-1.0357312,1.21608,-0.8040514,-3.682143
964,2026-05-11 16:07:30.290141,-0.21403688,0.960117,-1.0357312,1.21608,-0.8040514,-3.682143
965,2026-05-11 16:07:30.293015,-0.21403688,0.960117,-1.0357312,1.21608,-0.8040514,-3.682143
966,2026-05-11 16:07:30.295724,-0.21403688,0.960117,-1.0357312,1.21608,-0.8040514,-3.682143
967,2026-05-11 16:07:30.298401,-0.21403688,0.960117,-1.0357312,1.21608,-0.8040514,-3.682143
968,2026-05-11 16:07:30.301631,-0.21403688,0.960117,-1.0357312,1.21608,-0.8040514,-3.682143
969,2026-05-11 16:07:30.304438,-0.21403688,0.960117,-1.0357312,1.21608,-0.8040514,-3.682143
970,2026-05-11 16:07:30.307152,-0.21403688,0.960117,-1.0357312,1.21608,-0.8040514,-3.682143
971,2026-05-11 16:07:30.309831,-0.32276276,0.91663885,-0.8323047,1.21608,-0.8040514,-3.682143
972,2026-05-11 16:07:30.312405,-0.32276276,0.91663885,-0.8323047,1.21608,-0.8040514,-3.682143
973,2026-05-11 16:07:30.315021,-0.32276276,0.91663885,-0.8323047,1.21608,-0.8040514,-3.682143
974,2026-05-11 16:07:30.318003,-0.4265493,0.84297603,-0.69125986,1.2423472,-0.9036224,-3.6771033
975,2026-05-11 16:07:30.320684,-0.4265493,0.84297603,-0.69125986,1.2423472,-0.9036224,-3.6771033
976,2026-05-11 16:07:30.323508,-0.4265493,0.84297603,-0.69125986,1.3307699,-0.9830349,-3.58303
977,2026-05-11 16:07:30.326323,-0.4265493,0.84297603,-0.69125986,1.3307699,-0.9830349,-3.58303
978,2026-05-11 16:07:30.329023,-0.4265493,0.84297603,-0.69125986,1.3307699,-0.9830349,-3.58303
979,2026-05-11 16:07:30.331602,-0.4265493,0.84297603,-0.69125986,1.3307699,-0.9830349,-3.58303
980,2026-05-11 16:07:30.334741,-0.4265493,0.84297603,-0.69125986,1.3307699,-0.9830349,-3.58303
981,2026-05-11 16:07:30.337572,-0.4265493,0.84297603,-0.69125986,1.3307699,-0.9830349,-3.58303
982,2026-05-11 16:07:30.340246,-0.4265493,0.84297603,-0.69125986,1.3307699,-0.9830349,-3.58303
983,2026-05-11 16:07:30.343179,-0.4265493,0.84297603,-0.69125986,1.3307699,-0.9830349,-3.58303
984,2026-05-11 16:07:30.345928,-0.4265493,0.84297603,-0.69125986,1.3307699,-0.9830349,-3.58303
985,2026-05-11 16:07:30.348535,-0.4265493,0.84297603,-0.69125986,1.3307699,-0.9830349,-3.58303
986,2026-05-11 16:07:30.352056,-0.547349,0.7936439,-0.5462514,1.3307699,-0.9830349,-3.58303
987,2026-05-11 16:07:30.355013,-0.547349,0.7936439,-0.5462514,1.3307699,-0.9830349,-3.58303
988,2026-05-11 16:07:30.357704,-0.547349,0.7936439,-0.5462514,1.3307699,-0.9830349,-3.58303
989,2026-05-11 16:07:30.360442,-0.547349,0.7936439,-0.5462514,1.5234979,-1.0070114,-3.4271069
990,2026-05-11 16:07:30.363172,-0.547349,0.7936439,-0.5462514,1.5234979,-1.0070114,-3.4271069
991,2026-05-11 16:07:30.365780,-0.547349,0.7936439,-0.5462514,1.5234979,-1.0070114,-3.4271069
992,2026-05-11 16:07:30.368862,-0.547349,0.7936439,-0.5462514,1.5234979,-1.0070114,-3.4271069
993,2026-05-11 16:07:30.371875,-0.547349,0.7936439,-0.5462514,1.5234979,-1.0070114,-3.4271069
994,2026-05-11 16:07:30.374567,-0.547349,0.7936439,-0.5462514,1.5234979,-1.0070114,-3.4271069
995,2026-05-11 16:07:30.377214,-0.547349,0.7936439,-0.5462514,1.5234979,-1.0070114,-3.4271069
996,2026-05-11 16:07:30.379914,-0.547349,0.7936439,-0.5462514,1.5234979,-1.0070114,-3.4271069
997,2026-05-11 16:07:30.382540,-0.547349,0.7936439,-0.5462514,1.5234979,-1.0070114,-3.4271069
998,2026-05-11 16:07:30.385623,-0.547349,0.7936439,-0.5462514,1.5234979,-1.0070114,-3.4271069
999,2026-05-11 16:07:30.388262,-0.547349,0.7936439,-0.5462514,1.5234979,-1.0070114,-3.4271069
1000,2026-05-11 16:07:30.390819,-0.547349,0.7936439,-0.5462514,1.5234979,-1.0070114,-3.4271069
1001,2026-05-11 16:07:30.393465,-0.547349,0.7936439,-0.5462514,1.5234979,-1.0070114,-3.4271069
1002,2026-05-11 16:07:30.396053,-0.547349,0.7936439,-0.5462514,1.5234979,-1.0070114,-3.4271069
1003,2026-05-11 16:07:30.398697,-0.547349,0.7936439,-0.5462514,1.5234979,-1.0070114,-3.4271069
1004,2026-05-11 16:07:30.401757,-0.547349,0.7936439,-0.5462514,1.5234979,-1.0070114,-3.4271069
1005,2026-05-11 16:07:30.404616,-0.547349,0.7936439,-0.5462514,1.5234979,-1.0070114,-3.4271069
1006,2026-05-11 16:07:30.407260,-0.547349,0.7936439,-0.5462514,1.5234979,-1.0070114,-3.4271069
1007,2026-05-11 16:07:30.409856,-0.547349,0.7936439,-0.5462514,1.5234979,-1.0070114,-3.4271069
1008,2026-05-11 16:07:30.412546,-0.547349,0.7936439,-0.5462514,1.5234979,-1.0070114,-3.4271069
1009,2026-05-11 16:07:30.415149,-0.547349,0.7936439,-0.5462514,1.5234979,-1.0070114,-3.4271069
1010,2026-05-11 16:07:30.418638,-0.547349,0.7936439,-0.5462514,1.5234979,-1.0070114,-3.4271069
1011,2026-05-11 16:07:30.421504,-0.547349,0.7936439,-0.5462514,1.5234979,-1.0070114,-3.4271069
1012,2026-05-11 16:07:30.424206,-0.547349,0.7936439,-0.5462514,1.5234979,-1.0070114,-3.4271069
1013,2026-05-11 16:07:30.426843,-0.547349,0.7936439,-0.5462514,1.5234979,-1.0070114,-3.4271069
1014,2026-05-11 16:07:30.429707,-0.547349,0.7936439,-0.5462514,1.5234979,-1.0070114,-3.4271069
1015,2026-05-11 16:07:30.432324,-0.547349,0.7936439,-0.5462514,1.5234979,-1.0070114,-3.4271069
1016,2026-05-11 16:07:30.435409,-0.547349,0.7936439,-0.5462514,1.5234979,-1.0070114,-3.4271069
1017,2026-05-11 16:07:30.438250,-0.547349,0.7936439,-0.5462514,1.5234979,-1.0070114,-3.4271069
1018,2026-05-11 16:07:30.441023,-0.547349,0.7936439,-0.5462514,1.5234979,-1.0070114,-3.4271069
1019,2026-05-11 16:07:30.443818,-0.626378,0.8513911,-0.35166687,2.066099,-0.9460775,-2.8976393
1020,2026-05-11 16:07:30.446523,-0.626378,0.8513911,-0.35166687,2.066099,-0.9460775,-2.8976393
1021,2026-05-11 16:07:30.449332,-0.6566237,0.91468745,-0.3881324,2.7348437,-1.1498011,-2.382069
1022,2026-05-11 16:07:30.452478,-0.5383241,0.87749016,-0.47106406,2.9152017,-1.1626292,-2.2188153
1023,2026-05-11 16:07:30.455378,-0.5383241,0.87749016,-0.47106406,2.9152017,-1.1626292,-2.2188153
1024,2026-05-11 16:07:30.458200,-0.5383241,0.87749016,-0.47106406,2.9741502,-1.2505939,-2.221106
1025,2026-05-11 16:07:30.460810,-0.5383241,0.87749016,-0.47106406,2.9741502,-1.2505939,-2.221106
1026,2026-05-11 16:07:30.463735,-0.3031884,0.83815867,-0.6279634,2.9741502,-1.2505939,-2.221106
1027,2026-05-11 16:07:30.466622,-0.14421573,0.7752892,-0.79108274,2.8774807,-1.2614367,-2.417652
1028,2026-05-11 16:07:30.469745,-0.14421573,0.7752892,-0.79108274,2.8774807,-1.2614367,-2.417652
1029,2026-05-11 16:07:30.472366,-0.14421573,0.7752892,-0.79108274,2.8774807,-1.2614367,-2.417652
1030,2026-05-11 16:07:30.475180,-0.14421573,0.7752892,-0.79108274,2.8774807,-1.2614367,-2.417652
1031,2026-05-11 16:07:30.478060,-0.14421573,0.7752892,-0.79108274,2.3813055,-1.1099422,-2.7582092
1032,2026-05-11 16:07:30.480677,-0.14421573,0.7752892,-0.79108274,2.3813055,-1.1099422,-2.7582092
1033,2026-05-11 16:07:30.483315,-0.14421573,0.7752892,-0.79108274,2.3813055,-1.1099422,-2.7582092
1034,2026-05-11 16:07:30.486693,-0.27434528,0.64753777,-1.0485368,2.3813055,-1.1099422,-2.7582092
1035,2026-05-11 16:07:30.489334,-0.27434528,0.64753777,-1.0485368,2.3813055,-1.1099422,-2.7582092
1036,2026-05-11 16:07:30.491953,-0.27434528,0.64753777,-1.0485368,2.3813055,-1.1099422,-2.7582092
1037,2026-05-11 16:07:30.494571,-0.27434528,0.64753777,-1.0485368,2.3813055,-1.1099422,-2.7582092
1038,2026-05-11 16:07:30.497327,-0.27434528,0.64753777,-1.0485368,2.3813055,-1.1099422,-2.7582092
1039,2026-05-11 16:07:30.499969,-0.27434528,0.64753777,-1.0485368,2.3813055,-1.1099422,-2.7582092
1040,2026-05-11 16:07:30.503222,-0.27434528,0.64753777,-1.0485368,2.3813055,-1.1099422,-2.7582092
1041,2026-05-11 16:07:30.505876,-0.27434528,0.64753777,-1.0485368,2.3813055,-1.1099422,-2.7582092
1042,2026-05-11 16:07:30.508460,-0.27434528,0.64753777,-1.0485368,2.3813055,-1.1099422,-2.7582092
1043,2026-05-11 16:07:30.511311,-0.27434528,0.64753777,-1.0485368,2.3813055,-1.1099422,-2.7582092
1044,2026-05-11 16:07:30.513926,-0.27434528,0.64753777,-1.0485368,2.3813055,-1.1099422,-2.7582092
1045,2026-05-11 16:07:30.516845,-0.27434528,0.64753777,-1.0485368,2.3813055,-1.1099422,-2.7582092
1046,2026-05-11 16:07:30.519629,-0.27434528,0.64753777,-1.0485368,2.3813055,-1.1099422,-2.7582092
1047,2026-05-11 16:07:30.522229,-0.27434528,0.64753777,-1.0485368,2.3813055,-1.1099422,-2.7582092
1048,2026-05-11 16:07:30.524819,-0.27434528,0.64753777,-1.0485368,2.3813055,-1.1099422,-2.7582092
1049,2026-05-11 16:07:30.527551,-0.27434528,0.64753777,-1.0485368,2.3813055,-1.1099422,-2.7582092
1050,2026-05-11 16:07:30.530404,-0.27434528,0.64753777,-1.0485368,1.9521726,-0.9056077,-2.7638597
1051,2026-05-11 16:07:30.533131,-0.27434528,0.64753777,-1.0485368,1.9521726,-0.9056077,-2.7638597
1052,2026-05-11 16:07:30.536257,-0.41514617,0.5787533,-1.1251876,1.9521726,-0.9056077,-2.7638597
1053,2026-05-11 16:07:30.538944,-0.41514617,0.5787533,-1.1251876,1.9521726,-0.9056077,-2.7638597
1054,2026-05-11 16:07:30.541525,-0.41514617,0.5787533,-1.1251876,1.9521726,-0.9056077,-2.7638597
1055,2026-05-11 16:07:30.544334,-0.41514617,0.5787533,-1.1251876,1.9521726,-0.9056077,-2.7638597
1056,2026-05-11 16:07:30.547112,-0.41514617,0.5787533,-1.1251876,1.9521726,-0.9056077,-2.7638597
1057,2026-05-11 16:07:30.549943,-0.9332252,0.39477912,-0.7241276,0.5141958,-0.23747386,-1.5490016
1058,2026-05-11 16:07:30.552982,-0.9332252,0.39477912,-0.7241276,0.5141958,-0.23747386,-1.5490016
1059,2026-05-11 16:07:30.555597,-0.9332252,0.39477912,-0.7241276,0.5141958,-0.23747386,-1.5490016
1060,2026-05-11 16:07:30.558326,-0.9332252,0.39477912,-0.7241276,0.5141958,-0.23747386,-1.5490016
1061,2026-05-11 16:07:30.560991,-0.9332252,0.39477912,-0.7241276,0.58062744,-0.3576616,-0.75396043
1062,2026-05-11 16:07:30.563743,-0.9332252,0.39477912,-0.7241276,0.58062744,-0.3576616,-0.75396043
1063,2026-05-11 16:07:30.566374,-0.9332252,0.39477912,-0.7241276,0.58062744,-0.3576616,-0.75396043
1064,2026-05-11 16:07:30.569642,-0.9472504,0.3017249,-0.3242872,0.58062744,-0.3576616,-0.75396043
1065,2026-05-11 16:07:30.572404,-0.9472504,0.3017249,-0.3242872,0.58062744,-0.3576616,-0.75396043
1066,2026-05-11 16:07:30.575232,-0.9472504,0.3017249,-0.3242872,0.58062744,-0.3576616,-0.75396043
1067,2026-05-11 16:07:30.577963,-0.9472504,0.3017249,-0.3242872,0.58062744,-0.3576616,-0.75396043
1068,2026-05-11 16:07:30.580727,-0.9472504,0.3017249,-0.3242872,0.58062744,-0.3576616,-0.75396043
1069,2026-05-11 16:07:30.583833,-0.9472504,0.3017249,-0.3242872,0.58062744,-0.3576616,-0.75396043
1070,2026-05-11 16:07:30.586653,-0.9472504,0.3017249,-0.3242872,0.58062744,-0.3576616,-0.75396043
1071,2026-05-11 16:07:30.589406,-0.9472504,0.3017249,-0.3242872,0.58062744,-0.3576616,-0.75396043
1072,2026-05-11 16:07:30.592137,-0.9472504,0.3017249,-0.3242872,0.58062744,-0.3576616,-0.75396043
1073,2026-05-11 16:07:30.594874,-0.9472504,0.3017249,-0.3242872,0.58062744,-0.3576616,-0.75396043
1074,2026-05-11 16:07:30.597545,-0.9472504,0.3017249,-0.3242872,0.58062744,-0.3576616,-0.75396043
1075,2026-05-11 16:07:30.600675,-0.9472504,0.3017249,-0.3242872,0.58062744,-0.3576616,-0.75396043
1076,2026-05-11 16:07:30.603459,-0.9472504,0.3017249,-0.3242872,0.58062744,-0.3576616,-0.75396043
1077,2026-05-11 16:07:30.606048,-0.9472504,0.3017249,-0.3242872,0.58062744,-0.3576616,-0.75396043
1078,2026-05-11 16:07:30.608738,-0.9472504,0.3017249,-0.3242872,0.58062744,-0.3576616,-0.75396043
1079,2026-05-11 16:07:30.611339,-0.9472504,0.3017249,-0.3242872,0.58062744,-0.3576616,-0.75396043
1080,2026-05-11 16:07:30.614225,-0.9472504,0.3017249,-0.3242872,0.58062744,-0.3576616,-0.75396043
1081,2026-05-11 16:07:30.617269,-0.9472504,0.3017249,-0.3242872,0.58062744,-0.3576616,-0.75396043
1082,2026-05-11 16:07:30.620207,-0.9472504,0.3017249,-0.3242872,0.58062744,-0.3576616,-0.75396043
1083,2026-05-11 16:07:30.622956,-0.772606,0.17061971,-0.064394,1.2017246,-0.6239988,0.32650748
1084,2026-05-11 16:07:30.625540,-0.772606,0.17061971,-0.064394,1.2017246,-0.6239988,0.32650748
1085,2026-05-11 16:07:30.628401,-0.772606,0.17061971,-0.064394,1.2017246,-0.6239988,0.32650748
1086,2026-05-11 16:07:30.631024,-0.772606,0.17061971,-0.064394,1.2017246,-0.6239988,0.32650748
1087,2026-05-11 16:07:30.634034,-0.772606,0.17061971,-0.064394,1.2017246,-0.6239988,0.32650748
1088,2026-05-11 16:07:30.636928,-0.772606,0.17061971,-0.064394,1.2017246,-0.6239988,0.32650748
1089,2026-05-11 16:07:30.639643,-0.772606,0.17061971,-0.064394,1.2017246,-0.6239988,0.32650748
1090,2026-05-11 16:07:30.642426,-0.772606,0.17061971,-0.064394,1.2017246,-0.6239988,0.32650748
1091,2026-05-11 16:07:30.645176,-0.772606,0.17061971,-0.064394,1.2017246,-0.6239988,0.32650748
1092,2026-05-11 16:07:30.648029,-0.772606,0.17061971,-0.064394,1.2017246,-0.6239988,0.32650748
1093,2026-05-11 16:07:30.651306,-0.772606,0.17061971,-0.064394,1.585348,-0.68416905,0.8344419
1094,2026-05-11 16:07:30.654111,-0.772606,0.17061971,-0.064394,1.585348,-0.68416905,0.8344419
1095,2026-05-11 16:07:30.656704,-0.772606,0.17061971,-0.064394,1.585348,-0.68416905,0.8344419
1096,2026-05-11 16:07:30.659493,-0.772606,0.17061971,-0.064394,1.585348,-0.68416905,0.8344419
1097,2026-05-11 16:07:30.662406,-0.7238227,0.12933682,-0.032197,2.2892175,-0.70249504,1.7878499
1098,2026-05-11 16:07:30.665194,-0.3875226,-0.011829958,-0.0453685,2.2892175,-0.70249504,1.7878499
1099,2026-05-11 16:07:30.668106,-0.3875226,-0.011829958,-0.0453685,2.2892175,-0.70249504,1.7878499
1100,2026-05-11 16:07:30.670820,-0.3875226,-0.011829958,-0.0453685,2.2892175,-0.70249504,1.7878499
1101,2026-05-11 16:07:30.673429,-0.3875226,-0.011829958,-0.0453685,2.2892175,-0.70249504,1.7878499
1102,2026-05-11 16:07:30.676284,-0.3875226,-0.011829958,-0.0453685,2.2892175,-0.70249504,1.7878499
1103,2026-05-11 16:07:30.678946,-0.3875226,-0.011829958,-0.0453685,2.2892175,-0.70249504,1.7878499
1104,2026-05-11 16:07:30.681530,-0.3875226,-0.011829958,-0.0453685,2.2892175,-0.70249504,1.7878499
1105,2026-05-11 16:07:30.684564,-0.3875226,-0.011829958,-0.0453685,2.2892175,-0.70249504,1.7878499
1106,2026-05-11 16:07:30.687338,-0.3875226,-0.011829958,-0.0453685,2.2892175,-0.70249504,1.7878499
1107,2026-05-11 16:07:30.714335,1.8605963,-0.47716197,-1.0352434,1.2652546,0.9213375,3.6879463
1108,2026-05-11 16:07:30.718032,1.8605963,-0.47716197,-1.0352434,1.2652546,0.9213375,3.6879463
1109,2026-05-11 16:07:30.726610,1.8605963,-0.47716197,-1.0352434,0.8472701,0.86742866,3.794542
1110,2026-05-11 16:07:30.729389,1.8605963,-0.47716197,-1.0352434,0.8472701,0.86742866,3.794542
1111,2026-05-11 16:07:30.732103,1.8605963,-0.47716197,-1.0352434,0.8472701,0.86742866,3.794542
1112,2026-05-11 16:07:30.735226,1.8605963,-0.47716197,-1.0352434,0.8472701,0.86742866,3.794542
1113,2026-05-11 16:07:30.738017,1.8605963,-0.47716197,-1.0352434,0.8472701,0.86742866,3.794542
1114,2026-05-11 16:07:30.740795,1.8605963,-0.47716197,-1.0352434,0.8472701,0.86742866,3.794542
1115,2026-05-11 16:07:30.743610,1.8605963,-0.47716197,-1.0352434,0.8472701,0.86742866,3.794542
1116,2026-05-11 16:07:30.746276,1.8605963,-0.47716197,-1.0352434,0.8472701,0.86742866,3.794542
1117,2026-05-11 16:07:30.748938,1.8605963,-0.47716197,-1.0352434,0.8472701,0.86742866,3.794542
1118,2026-05-11 16:07:30.751880,1.8605963,-0.47716197,-1.0352434,0.8472701,0.86742866,3.794542
1119,2026-05-11 16:07:30.754692,2.0802433,-0.34349567,-1.097808,0.28313604,0.96837413,3.7319286
1120,2026-05-11 16:07:30.757325,2.0802433,-0.34349567,-1.097808,0.28313604,0.96837413,3.7319286
1121,2026-05-11 16:07:30.759922,2.0802433,-0.34349567,-1.097808,0.28313604,0.96837413,3.7319286
1122,2026-05-11 16:07:30.762563,2.2172635,-0.17543708,-1.0841485,0.28313604,0.96837413,3.7319286
1123,2026-05-11 16:07:30.765263,2.2172635,-0.17543708,-1.0841485,-0.33857206,1.2447907,3.4733799
1124,2026-05-11 16:07:30.768322,2.2172635,-0.17543708,-1.0841485,-0.33857206,1.2447907,3.4733799
1125,2026-05-11 16:07:30.771194,2.2172635,-0.17543708,-1.0841485,-0.33857206,1.2447907,3.4733799
1126,2026-05-11 16:07:30.774035,2.2172635,-0.17543708,-1.0841485,-0.33857206,1.2447907,3.4733799
1127,2026-05-11 16:07:30.776762,2.2172635,-0.17543708,-1.0841485,-0.33857206,1.2447907,3.4733799
1128,2026-05-11 16:07:30.779453,2.2172635,-0.17543708,-1.0841485,-0.33857206,1.2447907,3.4733799
1129,2026-05-11 16:07:30.782040,2.2172635,-0.17543708,-1.0841485,-0.33857206,1.2447907,3.4733799
1130,2026-05-11 16:07:30.785417,2.2172635,-0.17543708,-1.0841485,-0.33857206,1.2447907,3.4733799
1131,2026-05-11 16:07:30.788296,2.277938,0.05640573,-0.99511904,-0.33857206,1.2447907,3.4733799
1132,2026-05-11 16:07:30.791011,2.277938,0.05640573,-0.99511904,-0.33857206,1.2447907,3.4733799
1133,2026-05-11 16:07:30.793635,2.277938,0.05640573,-0.99511904,-0.33857206,1.2447907,3.4733799
1134,2026-05-11 16:07:30.796329,2.277938,0.05640573,-0.99511904,-0.33857206,1.2447907,3.4733799
1135,2026-05-11 16:07:30.799193,2.277938,0.05640573,-0.99511904,-1.5315919,1.912161,2.4468207
1136,2026-05-11 16:07:30.802382,2.2778158,0.104945146,-0.96578807,-1.5315919,1.912161,2.4468207
1137,2026-05-11 16:07:30.805042,2.2778158,0.104945146,-0.96578807,-1.5315919,1.912161,2.4468207
1138,2026-05-11 16:07:30.807796,2.2778158,0.104945146,-0.96578807,-1.5315919,1.912161,2.4468207
1139,2026-05-11 16:07:30.810437,2.2778158,0.104945146,-0.96578807,-1.5315919,1.912161,2.4468207
1140,2026-05-11 16:07:30.813019,2.2778158,0.104945146,-0.96578807,-1.5315919,1.912161,2.4468207
1141,2026-05-11 16:07:30.815557,2.2778158,0.104945146,-0.96578807,-1.5315919,1.912161,2.4468207
1142,2026-05-11 16:07:30.818695,2.2778158,0.104945146,-0.96578807,-1.5315919,1.912161,2.4468207
1143,2026-05-11 16:07:30.821466,2.2778158,0.104945146,-0.96578807,-1.5315919,1.912161,2.4468207
1144,2026-05-11 16:07:30.824220,2.2778158,0.104945146,-0.96578807,-1.5315919,1.912161,2.4468207
1145,2026-05-11 16:07:30.826881,2.2778158,0.104945146,-0.96578807,-1.5315919,1.912161,2.4468207
1146,2026-05-11 16:07:30.829464,2.2778158,0.104945146,-0.96578807,-1.5315919,1.912161,2.4468207
1147,2026-05-11 16:07:30.832158,2.2778158,0.104945146,-0.96578807,-1.5315919,1.912161,2.4468207
1148,2026-05-11 16:07:30.835147,2.2778158,0.104945146,-0.96578807,-1.5315919,1.912161,2.4468207
1149,2026-05-11 16:07:30.837822,2.2778158,0.104945146,-0.96578807,-1.5315919,1.912161,2.4468207
1150,2026-05-11 16:07:30.840593,2.2778158,0.104945146,-0.96578807,-1.5315919,1.912161,2.4468207
1151,2026-05-11 16:07:30.843211,2.2778158,0.104945146,-0.96578807,-1.5315919,1.912161,2.4468207
1152,2026-05-11 16:07:30.846079,2.2778158,0.104945146,-0.96578807,-1.5315919,1.912161,2.4468207
1153,2026-05-11 16:07:30.848793,2.2778158,0.104945146,-0.96578807,-1.5315919,1.912161,2.4468207
1154,2026-05-11 16:07:30.851746,2.2778158,0.104945146,-0.96578807,-1.5315919,1.912161,2.4468207
1155,2026-05-11 16:07:30.854557,2.139332,0.25745404,-0.8325486,-2.0158553,2.1728477,1.3390167
1156,2026-05-11 16:07:30.857436,2.139332,0.25745404,-0.8325486,-2.0158553,2.1728477,1.3390167
1157,2026-05-11 16:07:30.860175,2.139332,0.25745404,-0.8325486,-2.0158553,2.1728477,1.3390167
1158,2026-05-11 16:07:30.862851,2.139332,0.25745404,-0.8325486,-2.0158553,2.1728477,1.3390167
1159,2026-05-11 16:07:30.865549,1.9038916,0.29837108,-0.7340672,-2.0158553,2.1728477,1.3390167
1160,2026-05-11 16:07:30.868612,1.9038916,0.29837108,-0.7340672,-2.0158553,2.1728477,1.3390167
1161,2026-05-11 16:07:30.871313,1.9038916,0.29837108,-0.7340672,-2.0158553,2.1728477,1.3390167
1162,2026-05-11 16:07:30.874085,1.9038916,0.29837108,-0.7340672,-2.041359,2.1552854,0.72586066
1163,2026-05-11 16:07:30.876848,1.9038916,0.29837108,-0.7340672,-2.041359,2.1552854,0.72586066
1164,2026-05-11 16:07:30.879440,1.9038916,0.29837108,-0.7340672,-2.041359,2.1552854,0.72586066
1165,2026-05-11 16:07:30.882329,1.9038916,0.29837108,-0.7340672,-2.041359,2.1552854,0.72586066
1166,2026-05-11 16:07:30.885323,1.9038916,0.29837108,-0.7340672,-2.041359,2.1552854,0.72586066
1167,2026-05-11 16:07:30.888231,1.9038916,0.29837108,-0.7340672,-2.041359,2.1552854,0.72586066
1168,2026-05-11 16:07:30.890875,1.9038916,0.29837108,-0.7340672,-2.041359,2.1552854,0.72586066
1169,2026-05-11 16:07:30.893455,1.9038916,0.29837108,-0.7340672,-2.041359,2.1552854,0.72586066
1170,2026-05-11 16:07:30.896215,1.9038916,0.29837108,-0.7340672,-2.041359,2.1552854,0.72586066
1171,2026-05-11 16:07:30.898819,1.9038916,0.29837108,-0.7340672,-2.041359,2.1552854,0.72586066
1172,2026-05-11 16:07:30.901808,1.9038916,0.29837108,-0.7340672,-2.041359,2.1552854,0.72586066
1173,2026-05-11 16:07:30.904554,1.9038916,0.29837108,-0.7340672,-2.041359,2.1552854,0.72586066
1174,2026-05-11 16:07:30.907114,1.9038916,0.29837108,-0.7340672,-2.041359,2.1552854,0.72586066
1175,2026-05-11 16:07:30.909671,1.9038916,0.29837108,-0.7340672,-2.041359,2.1552854,0.72586066
1176,2026-05-11 16:07:30.912416,1.9038916,0.29837108,-0.7340672,-2.041359,2.1552854,0.72586066
1177,2026-05-11 16:07:30.915208,1.7588831,0.27952853,-0.6723563,-1.8782579,1.9306396,0.20433442
1178,2026-05-11 16:07:30.918449,1.7588831,0.27952853,-0.6723563,-1.8782579,1.9306396,0.20433442
1179,2026-05-11 16:07:30.921375,1.7588831,0.27952853,-0.6723563,-1.8782579,1.9306396,0.20433442
1180,2026-05-11 16:07:30.924022,1.7588831,0.27952853,-0.6723563,-1.8782579,1.9306396,0.20433442
1181,2026-05-11 16:07:30.926590,1.7588831,0.27952853,-0.6723563,-1.8782579,1.9306396,0.20433442
1182,2026-05-11 16:07:30.929387,1.7588831,0.27952853,-0.6723563,-1.8782579,1.9306396,0.20433442
1183,2026-05-11 16:07:30.932065,1.7588831,0.27952853,-0.6723563,-1.8782579,1.9306396,0.20433442
1184,2026-05-11 16:07:30.935407,1.7588831,0.27952853,-0.6723563,-1.8782579,1.9306396,0.20433442
1185,2026-05-11 16:07:30.938170,1.7588831,0.27952853,-0.6723563,-1.8782579,1.9306396,0.20433442
1186,2026-05-11 16:07:30.941014,1.7588831,0.27952853,-0.6723563,-1.8782579,1.9306396,0.20433442
1187,2026-05-11 16:07:30.943778,1.7588831,0.27952853,-0.6723563,-1.3026701,1.244027,-0.5316055
1188,2026-05-11 16:07:30.946756,1.7202224,0.04414892,-0.57478964,-0.73471814,0.6085745,-1.0445796
1189,2026-05-11 16:07:30.949474,1.7202224,0.04414892,-0.57478964,-0.73471814,0.6085745,-1.0445796
1190,2026-05-11 16:07:30.952860,1.7202224,0.04414892,-0.57478964,-0.73471814,0.6085745,-1.0445796
1191,2026-05-11 16:07:30.955819,1.7202224,0.04414892,-0.57478964,-0.73471814,0.6085745,-1.0445796
1192,2026-05-11 16:07:30.958560,1.621802,-0.14720371,-0.6014985,-0.73471814,0.6085745,-1.0445796
1193,2026-05-11 16:07:30.961316,1.4600853,-0.29013887,-0.69943106,0.6058256,-0.9401216,-1.9614882
1194,2026-05-11 16:07:30.963982,1.4600853,-0.29013887,-0.69943106,0.6058256,-0.9401216,-1.9614882
1195,2026-05-11 16:07:30.966579,1.4600853,-0.29013887,-0.69943106,0.816116,-1.4191927,-2.0705278
1196,2026-05-11 16:07:30.970100,1.4600853,-0.29013887,-0.69943106,0.816116,-1.4191927,-2.0705278
1197,2026-05-11 16:07:30.973184,1.4413036,-0.35776478,-0.78583854,0.816116,-1.4191927,-2.0705278
1198,2026-05-11 16:07:30.975901,1.4413036,-0.35776478,-0.78583854,0.816116,-1.4191927,-2.0705278
1199,2026-05-11 16:07:30.978628,1.4413036,-0.35776478,-0.78583854,0.816116,-1.4191927,-2.0705278
1200,2026-05-11 16:07:30.981296,1.4413036,-0.35776478,-0.78583854,0.816116,-1.4191927,-2.0705278
1201,2026-05-11 16:07:30.984332,1.4413036,-0.35776478,-0.78583854,0.816116,-1.4191927,-2.0705278
1202,2026-05-11 16:07:30.987222,1.4413036,-0.35776478,-0.78583854,0.816116,-1.4191927,-2.0705278
1203,2026-05-11 16:07:30.990058,1.4413036,-0.35776478,-0.78583854,0.816116,-1.4191927,-2.0705278
1204,2026-05-11 16:07:30.992720,1.4413036,-0.35776478,-0.78583854,0.816116,-1.4191927,-2.0705278
1205,2026-05-11 16:07:30.995463,1.4413036,-0.35776478,-0.78583854,0.816116,-1.4191927,-2.0705278
1206,2026-05-11 16:07:30.998106,1.4413036,-0.35776478,-0.78583854,0.816116,-1.4191927,-2.0705278
1207,2026-05-11 16:07:31.001158,1.4413036,-0.35776478,-0.78583854,0.816116,-1.4191927,-2.0705278
1208,2026-05-11 16:07:31.003890,1.4413036,-0.35776478,-0.78583854,0.816116,-1.4191927,-2.0705278
1209,2026-05-11 16:07:31.006594,1.4413036,-0.35776478,-0.78583854,0.816116,-1.4191927,-2.0705278
1210,2026-05-11 16:07:31.009166,1.4413036,-0.35776478,-0.78583854,0.816116,-1.4191927,-2.0705278
1211,2026-05-11 16:07:31.012021,1.4413036,-0.35776478,-0.78583854,0.816116,-1.4191927,-2.0705278
1212,2026-05-11 16:07:31.014660,1.4413036,-0.35776478,-0.78583854,0.816116,-1.4191927,-2.0705278
1213,2026-05-11 16:07:31.017988,1.4413036,-0.35776478,-0.78583854,0.8237518,-1.7774651,-2.2131648
1214,2026-05-11 16:07:31.020712,1.4413036,-0.35776478,-0.78583854,0.8237518,-1.7774651,-2.2131648
1215,2026-05-11 16:07:31.023310,1.4413036,-0.35776478,-0.78583854,0.8237518,-1.7774651,-2.2131648
1216,2026-05-11 16:07:31.026077,1.4413036,-0.35776478,-0.78583854,0.8237518,-1.7774651,-2.2131648
1217,2026-05-11 16:07:31.028676,1.4413036,-0.35776478,-0.78583854,0.8237518,-1.7774651,-2.2131648
1218,2026-05-11 16:07:31.031246,1.4413036,-0.35776478,-0.78583854,0.8237518,-1.7774651,-2.2131648
1219,2026-05-11 16:07:31.034205,1.4413036,-0.35776478,-0.78583854,0.8237518,-1.7774651,-2.2131648
1220,2026-05-11 16:07:31.036919,1.4413036,-0.35776478,-0.78583854,0.8237518,-1.7774651,-2.2131648
1221,2026-05-11 16:07:31.039552,1.5258818,-0.43520832,-0.85535485,0.8237518,-1.7774651,-2.2131648
1222,2026-05-11 16:07:31.042147,1.5258818,-0.43520832,-0.85535485,0.8237518,-1.7774651,-2.2131648
1223,2026-05-11 16:07:31.044769,1.5258818,-0.43520832,-0.85535485,0.8237518,-1.7774651,-2.2131648
1224,2026-05-11 16:07:31.047309,1.5258818,-0.43520832,-0.85535485,0.8237518,-1.7774651,-2.2131648
1225,2026-05-11 16:07:31.050330,1.5258818,-0.43520832,-0.85535485,0.8237518,-1.7774651,-2.2131648
1226,2026-05-11 16:07:31.053039,1.5258818,-0.43520832,-0.85535485,0.8237518,-1.7774651,-2.2131648
1227,2026-05-11 16:07:31.055666,1.5258818,-0.43520832,-0.85535485,0.8237518,-1.7774651,-2.2131648
1228,2026-05-11 16:07:31.058403,1.5391752,-0.47990605,-0.88218564,0.8237518,-1.7774651,-2.2131648
1229,2026-05-11 16:07:31.060997,1.5391752,-0.47990605,-0.88218564,0.8237518,-1.7774651,-2.2131648
1230,2026-05-11 16:07:31.063584,1.5391752,-0.47990605,-0.88218564,0.8237518,-1.7774651,-2.2131648
1231,2026-05-11 16:07:31.066842,1.4334983,-0.56277674,-0.9675564,0.122783914,-1.5143349,-2.5059218
1232,2026-05-11 16:07:31.069736,1.3184305,-0.5928395,-1.0036561,0.122783914,-1.5143349,-2.5059218
1233,2026-05-11 16:07:31.072324,1.3184305,-0.5928395,-1.0036561,0.122783914,-1.5143349,-2.5059218
1234,2026-05-11 16:07:31.075243,1.3184305,-0.5928395,-1.0036561,-0.39568797,-1.165989,-2.4538457
1235,2026-05-11 16:07:31.077924,1.3184305,-0.5928395,-1.0036561,-0.39568797,-1.165989,-2.4538457
1236,2026-05-11 16:07:31.080530,1.3184305,-0.5928395,-1.0036561,-0.39568797,-1.165989,-2.4538457
1237,2026-05-11 16:07:31.083231,1.3184305,-0.5928395,-1.0036561,-0.39568797,-1.165989,-2.4538457
1238,2026-05-11 16:07:31.086435,1.3184305,-0.5928395,-1.0036561,-0.39568797,-1.165989,-2.4538457
1239,2026-05-11 16:07:31.089086,1.3184305,-0.5928395,-1.0036561,-0.39568797,-1.165989,-2.4538457
1240,2026-05-11 16:07:31.091686,1.3184305,-0.5928395,-1.0036561,-0.39568797,-1.165989,-2.4538457
1241,2026-05-11 16:07:31.094230,1.3184305,-0.5928395,-1.0036561,-0.39568797,-1.165989,-2.4538457
1242,2026-05-11 16:07:31.096932,1.3184305,-0.5928395,-1.0036561,-0.39568797,-1.165989,-2.4538457
1243,2026-05-11 16:07:31.099572,1.3184305,-0.5928395,-1.0036561,-0.39568797,-1.165989,-2.4538457
1244,2026-05-11 16:07:31.102818,1.3184305,-0.5928395,-1.0036561,-0.39568797,-1.165989,-2.4538457
1245,2026-05-11 16:07:31.105541,1.3184305,-0.5928395,-1.0036561,-0.39568797,-1.165989,-2.4538457
1246,2026-05-11 16:07:31.108266,1.3184305,-0.5928395,-1.0036561,-0.39568797,-1.165989,-2.4538457
1247,2026-05-11 16:07:31.110855,1.3184305,-0.5928395,-1.0036561,-0.39568797,-1.165989,-2.4538457
1248,2026-05-11 16:07:31.113407,1.3184305,-0.5928395,-1.0036561,-0.39568797,-1.165989,-2.4538457
1249,2026-05-11 16:07:31.116181,1.3184305,-0.5928395,-1.0036561,-0.39568797,-1.165989,-2.4538457
1250,2026-05-11 16:07:31.119447,1.3184305,-0.5928395,-1.0036561,-0.39568797,-1.165989,-2.4538457
1251,2026-05-11 16:07:31.122492,1.3184305,-0.5928395,-1.0036561,-0.39568797,-1.165989,-2.4538457
1252,2026-05-11 16:07:31.125237,1.3184305,-0.5928395,-1.0036561,-0.39568797,-1.165989,-2.4538457
1253,2026-05-11 16:07:31.127965,1.3184305,-0.5928395,-1.0036561,-0.39568797,-1.165989,-2.4538457
1254,2026-05-11 16:07:31.130723,1.3184305,-0.5928395,-1.0036561,-0.39568797,-1.165989,-2.4538457
1255,2026-05-11 16:07:31.133748,1.3184305,-0.5928395,-1.0036561,-1.1284208,-0.7060075,-2.2608123
1256,2026-05-11 16:07:31.136758,1.3184305,-0.5928395,-1.0036561,-1.1284208,-0.7060075,-2.2608123
1257,2026-05-11 16:07:31.139430,1.3184305,-0.5928395,-1.0036561,-1.1284208,-0.7060075,-2.2608123
1258,2026-05-11 16:07:31.142269,1.3184305,-0.5928395,-1.0036561,-1.1284208,-0.7060075,-2.2608123
1259,2026-05-11 16:07:31.144879,1.3184305,-0.5928395,-1.0036561,-1.1284208,-0.7060075,-2.2608123
1260,2026-05-11 16:07:31.147598,1.3184305,-0.5928395,-1.0036561,-1.1284208,-0.7060075,-2.2608123
1261,2026-05-11 16:07:31.150590,1.2242178,-0.5711309,-0.9844477,-1.1284208,-0.7060075,-2.2608123
1262,2026-05-11 16:07:31.153763,1.2242178,-0.5711309,-0.9844477,-1.1284208,-0.7060075,-2.2608123
1263,2026-05-11 16:07:31.156399,1.2242178,-0.5711309,-0.9844477,-1.1284208,-0.7060075,-2.2608123
1264,2026-05-11 16:07:31.158997,1.2242178,-0.5711309,-0.9844477,-1.1284208,-0.7060075,-2.2608123
1265,2026-05-11 16:07:31.161822,1.2242178,-0.5711309,-0.9844477,-1.1284208,-0.7060075,-2.2608123
1266,2026-05-11 16:07:31.164422,1.2242178,-0.5711309,-0.9844477,-1.1284208,-0.7060075,-2.2608123
1267,2026-05-11 16:07:31.167466,1.2242178,-0.5711309,-0.9844477,-1.1284208,-0.7060075,-2.2608123
1268,2026-05-11 16:07:31.170212,1.2242178,-0.5711309,-0.9844477,-1.1284208,-0.7060075,-2.2608123
1269,2026-05-11 16:07:31.172818,1.2242178,-0.5711309,-0.9844477,-1.1284208,-0.7060075,-2.2608123
1270,2026-05-11 16:07:31.175625,1.2287912,-0.51106644,-0.8757219,-1.8099937,-0.24037547,-2.0607538
1271,2026-05-11 16:07:31.178333,1.2787331,-0.42478088,-0.74236035,-2.2996023,0.25717425,-1.9985983
1272,2026-05-11 16:07:31.181176,1.2189126,-0.40380403,-0.6340004,-2.2996023,0.25717425,-1.9985983
1273,2026-05-11 16:07:31.184176,1.2189126,-0.40380403,-0.6340004,-2.2996023,0.25717425,-1.9985983
1274,2026-05-11 16:07:31.186883,1.2189126,-0.40380403,-0.6340004,-2.2996023,0.25717425,-1.9985983
1275,2026-05-11 16:07:31.189456,1.2189126,-0.40380403,-0.6340004,-2.2996023,0.25717425,-1.9985983
1276,2026-05-11 16:07:31.192386,1.2189126,-0.40380403,-0.6340004,-2.2996023,0.25717425,-1.9985983
1277,2026-05-11 16:07:31.195053,1.2189126,-0.40380403,-0.6340004,-2.2996023,0.25717425,-1.9985983
1278,2026-05-11 16:07:31.197696,1.2189126,-0.40380403,-0.6340004,-2.2996023,0.25717425,-1.9985983
1279,2026-05-11 16:07:31.200741,1.2189126,-0.40380403,-0.6340004,-2.2996023,0.25717425,-1.9985983
1280,2026-05-11 16:07:31.203650,1.2189126,-0.40380403,-0.6340004,-2.2996023,0.25717425,-1.9985983
1281,2026-05-11 16:07:31.206473,1.2189126,-0.40380403,-0.6340004,-2.2996023,0.25717425,-1.9985983
1282,2026-05-11 16:07:31.209358,1.2189126,-0.40380403,-0.6340004,-2.5160012,0.5833763,-2.0890064
1283,2026-05-11 16:07:31.212157,1.2189126,-0.40380403,-0.6340004,-2.5160012,0.5833763,-2.0890064
1284,2026-05-11 16:07:31.214825,1.2189126,-0.40380403,-0.6340004,-2.5160012,0.5833763,-2.0890064
1285,2026-05-11 16:07:31.217919,1.2189126,-0.40380403,-0.6340004,-2.5160012,0.5833763,-2.0890064
1286,2026-05-11 16:07:31.220845,1.2189126,-0.40380403,-0.6340004,-2.5160012,0.5833763,-2.0890064
1287,2026-05-11 16:07:31.223572,1.2189126,-0.40380403,-0.6340004,-2.5160012,0.5833763,-2.0890064
1288,2026-05-11 16:07:31.226304,1.2189126,-0.40380403,-0.6340004,-2.5160012,0.5833763,-2.0890064
1289,2026-05-11 16:07:31.229098,1.2189126,-0.40380403,-0.6340004,-2.5160012,0.5833763,-2.0890064
1290,2026-05-11 16:07:31.231780,1.2189126,-0.40380403,-0.6340004,-2.5160012,0.5833763,-2.0890064
1291,2026-05-11 16:07:31.235096,1.2189126,-0.40380403,-0.6340004,-2.5160012,0.5833763,-2.0890064
1292,2026-05-11 16:07:31.237998,0.98042303,-0.32928753,-0.4803939,-2.5160012,0.5833763,-2.0890064
1293,2026-05-11 16:07:31.240783,0.98042303,-0.32928753,-0.4803939,-2.5692992,0.8006916,-2.2162192
1294,2026-05-11 16:07:31.243497,0.98042303,-0.32928753,-0.4803939,-2.5692992,0.8006916,-2.2162192
1295,2026-05-11 16:07:31.246192,0.98042303,-0.32928753,-0.4803939,-2.5692992,0.8006916,-2.2162192
1296,2026-05-11 16:07:31.248963,0.68680835,-0.24922185,-0.34550798,-2.3790147,0.82558435,-2.1503985
1297,2026-05-11 16:07:31.252055,0.68680835,-0.24922185,-0.34550798,-2.3790147,0.82558435,-2.1503985
1298,2026-05-11 16:07:31.254797,0.68680835,-0.24922185,-0.34550798,-2.3790147,0.82558435,-2.1503985
1299,2026-05-11 16:07:31.257579,0.68680835,-0.24922185,-0.34550798,-2.3790147,0.82558435,-2.1503985
1300,2026-05-11 16:07:31.260200,0.68680835,-0.24922185,-0.34550798,-2.3790147,0.82558435,-2.1503985
1301,2026-05-11 16:07:31.262977,0.5104566,-0.18507177,-0.27934557,-2.3790147,0.82558435,-2.1503985
1302,2026-05-11 16:07:31.265719,0.5104566,-0.18507177,-0.27934557,-2.3790147,0.82558435,-2.1503985
1303,2026-05-11 16:07:31.268882,0.5104566,-0.18507177,-0.27934557,-2.3790147,0.82558435,-2.1503985
1304,2026-05-11 16:07:31.271648,0.5104566,-0.18507177,-0.27934557,-2.3790147,0.82558435,-2.1503985
1305,2026-05-11 16:07:31.274297,0.5104566,-0.18507177,-0.27934557,-2.3790147,0.82558435,-2.1503985
1306,2026-05-11 16:07:31.276875,0.5104566,-0.18507177,-0.27934557,-2.3790147,0.82558435,-2.1503985
1307,2026-05-11 16:07:31.279433,0.5104566,-0.18507177,-0.27934557,-2.3790147,0.82558435,-2.1503985
1308,2026-05-11 16:07:31.282207,0.5104566,-0.18507177,-0.27934557,-2.3790147,0.82558435,-2.1503985
1309,2026-05-11 16:07:31.285265,0.5104566,-0.18507177,-0.27934557,-2.3790147,0.82558435,-2.1503985
1310,2026-05-11 16:07:31.287942,0.5104566,-0.18507177,-0.27934557,-2.3790147,0.82558435,-2.1503985
1311,2026-05-11 16:07:31.290680,0.5104566,-0.18507177,-0.27934557,-2.3790147,0.82558435,-2.1503985
1312,2026-05-11 16:07:31.293260,0.5104566,-0.18507177,-0.27934557,-2.3790147,0.82558435,-2.1503985
1313,2026-05-11 16:07:31.296022,0.5104566,-0.18507177,-0.27934557,-1.9950858,0.6559166,-1.9086485
1314,2026-05-11 16:07:31.298621,0.5104566,-0.18507177,-0.27934557,-1.9950858,0.6559166,-1.9086485
1315,2026-05-11 16:07:31.301881,0.4586853,-0.12506826,-0.27794304,-1.9950858,0.6559166,-1.9086485
1316,2026-05-11 16:07:31.304534,0.4586853,-0.12506826,-0.27794304,-1.9950858,0.6559166,-1.9086485
1317,2026-05-11 16:07:31.307410,0.45831943,0.03738023,-0.36172843,-1.7073684,0.45341474,-1.7267634
1318,2026-05-11 16:07:31.310134,0.45831943,0.03738023,-0.36172843,-1.7073684,0.45341474,-1.7267634
1319,2026-05-11 16:07:31.312851,0.45831943,0.03738023,-0.36172843,-1.7073684,0.45341474,-1.7267634
1320,2026-05-11 16:07:31.315441,0.45831943,0.03738023,-0.36172843,-1.7073684,0.45341474,-1.7267634
1321,2026-05-11 16:07:31.318363,0.45831943,0.03738023,-0.36172843,-1.7073684,0.45341474,-1.7267634
1322,2026-05-11 16:07:31.321023,0.45831943,0.03738023,-0.36172843,-1.7073684,0.45341474,-1.7267634
1323,2026-05-11 16:07:31.323617,0.45831943,0.03738023,-0.36172843,-1.7073684,0.45341474,-1.7267634
1324,2026-05-11 16:07:31.326471,0.45831943,0.03738023,-0.36172843,-1.0934488,0.0027488936,-1.4979943
1325,2026-05-11 16:07:31.329343,0.45831943,0.03738023,-0.36172843,-1.0934488,0.0027488936,-1.4979943
1326,2026-05-11 16:07:31.332022,0.45831943,0.03738023,-0.36172843,-1.0934488,0.0027488936,-1.4979943
1327,2026-05-11 16:07:31.335109,0.45831943,0.03738023,-0.36172843,-1.0934488,0.0027488936,-1.4979943
1328,2026-05-11 16:07:31.337894,0.45831943,0.03738023,-0.36172843,-1.0934488,0.0027488936,-1.4979943
1329,2026-05-11 16:07:31.340540,0.45831943,0.03738023,-0.36172843,-1.0934488,0.0027488936,-1.4979943
1330,2026-05-11 16:07:31.343298,0.23562351,0.08244383,-0.5061271,-1.0934488,0.0027488936,-1.4979943
1331,2026-05-11 16:07:31.345915,0.23562351,0.08244383,-0.5061271,-0.68310004,-0.3013093,-1.4286611
1332,2026-05-11 16:07:31.348770,0.23562351,0.08244383,-0.5061271,-0.68310004,-0.3013093,-1.4286611
1333,2026-05-11 16:07:31.351589,0.23562351,0.08244383,-0.5061271,-0.68310004,-0.3013093,-1.4286611
1334,2026-05-11 16:07:31.355168,0.23562351,0.08244383,-0.5061271,-0.68310004,-0.3013093,-1.4286611
1335,2026-05-11 16:07:31.358154,0.23562351,0.08244383,-0.5061271,-0.68310004,-0.3013093,-1.4286611
1336,2026-05-11 16:07:31.360852,0.23562351,0.08244383,-0.5061271,-0.68310004,-0.3013093,-1.4286611
1337,2026-05-11 16:07:31.363474,0.23562351,0.08244383,-0.5061271,-0.68310004,-0.3013093,-1.4286611
1338,2026-05-11 16:07:31.366330,0.23562351,0.08244383,-0.5061271,-0.68310004,-0.3013093,-1.4286611
1339,2026-05-11 16:07:31.369804,-0.054881252,0.17482726,-0.66089225,-0.48701233,-0.56107974,-1.1837041
1340,2026-05-11 16:07:31.372861,-0.054881252,0.17482726,-0.66089225,-0.48701233,-0.56107974,-1.1837041
1341,2026-05-11 16:07:31.375506,-0.054881252,0.17482726,-0.66089225,-0.48701233,-0.56107974,-1.1837041
1342,2026-05-11 16:07:31.378122,-0.054881252,0.17482726,-0.66089225,-0.48701233,-0.56107974,-1.1837041
1343,2026-05-11 16:07:31.380965,-0.054881252,0.17482726,-0.66089225,-0.48701233,-0.56107974,-1.1837041
1344,2026-05-11 16:07:31.383986,-0.054881252,0.17482726,-0.66089225,-0.48701233,-0.56107974,-1.1837041
1345,2026-05-11 16:07:31.387116,-0.054881252,0.17482726,-0.66089225,-0.48701233,-0.56107974,-1.1837041
1346,2026-05-11 16:07:31.389713,-0.054881252,0.17482726,-0.66089225,-0.48701233,-0.56107974,-1.1837041
1347,2026-05-11 16:07:31.392529,-0.054881252,0.17482726,-0.66089225,-0.48701233,-0.56107974,-1.1837041
1348,2026-05-11 16:07:31.395326,-0.054881252,0.17482726,-0.66089225,-0.50228393,-0.6898196,-0.8953757
1349,2026-05-11 16:07:31.398122,-0.20995127,0.25397822,-0.7304085,-0.50228393,-0.6898196,-0.8953757
1350,2026-05-11 16:07:31.401277,-0.20995127,0.25397822,-0.7304085,-0.50228393,-0.6898196,-0.8953757
1351,2026-05-11 16:07:31.404110,-0.20995127,0.25397822,-0.7304085,-0.50228393,-0.6898196,-0.8953757
1352,2026-05-11 16:07:31.406826,-0.20995127,0.25397822,-0.7304085,-0.50228393,-0.6898196,-0.8953757
1353,2026-05-11 16:07:31.409605,-0.20995127,0.25397822,-0.7304085,-0.50228393,-0.6898196,-0.8953757
1354,2026-05-11 16:07:31.412206,-0.20995127,0.25397822,-0.7304085,-0.50228393,-0.6898196,-0.8953757
1355,2026-05-11 16:07:31.414945,-0.20995127,0.25397822,-0.7304085,-0.50228393,-0.6898196,-0.8953757
1356,2026-05-11 16:07:31.417849,-0.20995127,0.25397822,-0.7304085,-0.50228393,-0.6898196,-0.8953757
1357,2026-05-11 16:07:31.420725,-0.20995127,0.25397822,-0.7304085,-0.50228393,-0.6898196,-0.8953757
1358,2026-05-11 16:07:31.423326,-0.20995127,0.25397822,-0.7304085,-0.50228393,-0.6898196,-0.8953757
1359,2026-05-11 16:07:31.426121,-0.20995127,0.25397822,-0.7304085,-0.50228393,-0.6898196,-0.8953757
1360,2026-05-11 16:07:31.428842,-0.20995127,0.25397822,-0.7304085,-0.50228393,-0.6898196,-0.8953757
1361,2026-05-11 16:07:31.431421,-0.20995127,0.25397822,-0.7304085,-0.50228393,-0.6898196,-0.8953757
1362,2026-05-11 16:07:31.434529,-0.20995127,0.25397822,-0.7304085,-0.50228393,-0.6898196,-0.8953757
1363,2026-05-11 16:07:31.437222,-0.20995127,0.25397822,-0.7304085,-0.50228393,-0.6898196,-0.8953757
1364,2026-05-11 16:07:31.439822,-0.20995127,0.25397822,-0.7304085,-0.50228393,-0.6898196,-0.8953757
1365,2026-05-11 16:07:31.442526,-0.20995127,0.25397822,-0.7304085,-0.50228393,-0.6898196,-0.8953757
1366,2026-05-11 16:07:31.445300,-0.30806676,0.29196826,-0.73461604,-0.63361996,-0.67256266,-0.56031615
1367,2026-05-11 16:07:31.448072,-0.30806676,0.29196826,-0.73461604,-0.63361996,-0.67256266,-0.56031615
1368,2026-05-11 16:07:31.451165,-0.39703536,0.32879966,-0.6565017,-0.63361996,-0.67256266,-0.56031615
1369,2026-05-11 16:07:31.453923,-0.39703536,0.32879966,-0.6565017,-0.63361996,-0.67256266,-0.56031615
1370,2026-05-11 16:07:31.456584,-0.39703536,0.32879966,-0.6565017,-0.90194255,-0.321926,0.34254268
1371,2026-05-11 16:07:31.459469,-0.39703536,0.32879966,-0.6565017,-0.90194255,-0.321926,0.34254268
1372,2026-05-11 16:07:31.462112,-0.39703536,0.32879966,-0.6565017,-0.90194255,-0.321926,0.34254268
1373,2026-05-11 16:07:31.464728,-0.39703536,0.32879966,-0.6565017,-0.90194255,-0.321926,0.34254268
1374,2026-05-11 16:07:31.467808,-0.39703536,0.32879966,-0.6565017,-0.90194255,-0.321926,0.34254268
1375,2026-05-11 16:07:31.470771,-0.39703536,0.32879966,-0.6565017,-0.90194255,-0.321926,0.34254268
1376,2026-05-11 16:07:31.473484,-0.39703536,0.32879966,-0.6565017,-0.90194255,-0.321926,0.34254268
1377,2026-05-11 16:07:31.476159,-0.46362463,0.3910594,-0.58113146,-0.90194255,-0.321926,0.34254268
1378,2026-05-11 16:07:31.478973,-0.46362463,0.3910594,-0.58113146,-0.90194255,-0.321926,0.34254268
1379,2026-05-11 16:07:31.481562,-0.46362463,0.3910594,-0.58113146,-0.90194255,-0.321926,0.34254268
1380,2026-05-11 16:07:31.484807,-0.46362463,0.3910594,-0.58113146,-0.90194255,-0.321926,0.34254268
1381,2026-05-11 16:07:31.487605,-0.46362463,0.3910594,-0.58113146,-0.90194255,-0.321926,0.34254268
1382,2026-05-11 16:07:31.490301,-0.46362463,0.3910594,-0.58113146,-0.90194255,-0.321926,0.34254268
1383,2026-05-11 16:07:31.493000,-0.46362463,0.3910594,-0.58113146,-0.90194255,-0.321926,0.34254268
1384,2026-05-11 16:07:31.495525,-0.46362463,0.3910594,-0.58113146,-0.90194255,-0.321926,0.34254268
1385,2026-05-11 16:07:31.498290,-0.46362463,0.3910594,-0.58113146,-0.90194255,-0.321926,0.34254268
1386,2026-05-11 16:07:31.501691,-0.46362463,0.3910594,-0.58113146,-0.90194255,-0.321926,0.34254268
1387,2026-05-11 16:07:31.504408,-0.46362463,0.3910594,-0.58113146,-0.90194255,-0.321926,0.34254268
1388,2026-05-11 16:07:31.506960,-0.46362463,0.3910594,-0.58113146,-0.90194255,-0.321926,0.34254268
1389,2026-05-11 16:07:31.509517,-0.46362463,0.3910594,-0.58113146,-0.90194255,-0.321926,0.34254268
1390,2026-05-11 16:07:31.512301,-0.3901447,0.5568008,-0.5341165,-0.8969029,-0.27840182,0.7483099
1391,2026-05-11 16:07:31.514856,-0.3901447,0.5568008,-0.5341165,-0.8529206,-0.302531,1.0496192
1392,2026-05-11 16:07:31.517806,-0.3901447,0.5568008,-0.5341165,-0.8529206,-0.302531,1.0496192
1393,2026-05-11 16:07:31.520586,-0.3901447,0.5568008,-0.5341165,-0.8529206,-0.302531,1.0496192
1394,2026-05-11 16:07:31.523110,-0.3901447,0.5568008,-0.5341165,-0.8529206,-0.302531,1.0496192
1395,2026-05-11 16:07:31.525710,-0.34123942,0.64528155,-0.5886929,-0.766025,-0.4813618,1.2822062
1396,2026-05-11 16:07:31.528310,-0.34123942,0.64528155,-0.5886929,-0.766025,-0.4813618,1.2822062
1397,2026-05-11 16:07:31.530821,-0.34123942,0.64528155,-0.5886929,-0.766025,-0.4813618,1.2822062
1398,2026-05-11 16:07:31.533775,-0.34123942,0.64528155,-0.5886929,-0.766025,-0.4813618,1.2822062
1399,2026-05-11 16:07:31.536416,-0.34123942,0.64528155,-0.5886929,-0.766025,-0.4813618,1.2822062
1400,2026-05-11 16:07:31.538965,-0.34123942,0.64528155,-0.5886929,-0.766025,-0.4813618,1.2822062
1401,2026-05-11 16:07:31.541751,-0.34123942,0.64528155,-0.5886929,-0.766025,-0.4813618,1.2822062
1402,2026-05-11 16:07:31.544472,-0.34123942,0.64528155,-0.5886929,-0.766025,-0.4813618,1.2822062
1403,2026-05-11 16:07:31.547154,-0.34123942,0.64528155,-0.5886929,-0.766025,-0.4813618,1.2822062
1404,2026-05-11 16:07:31.550270,-0.398072,0.7384577,-0.7440069,-0.7791586,-0.84665924,1.559539
1405,2026-05-11 16:07:31.553317,-0.398072,0.7384577,-0.7440069,-0.7791586,-0.84665924,1.559539
1406,2026-05-11 16:07:31.555881,-0.398072,0.7384577,-0.7440069,-0.7791586,-0.84665924,1.559539
1407,2026-05-11 16:07:31.558583,-0.398072,0.7384577,-0.7440069,-0.7791586,-0.84665924,1.559539
1408,2026-05-11 16:07:31.561191,-0.398072,0.7384577,-0.7440069,-0.7791586,-0.84665924,1.559539
1409,2026-05-11 16:07:31.563975,-0.398072,0.7384577,-0.7440069,-0.7791586,-0.84665924,1.559539
1410,2026-05-11 16:07:31.566772,-0.34142238,0.78900945,-0.7616298,-0.7791586,-0.84665924,1.559539
1411,2026-05-11 16:07:31.569981,-0.34142238,0.78900945,-0.7616298,-1.0528263,-0.8801041,1.8382462
1412,2026-05-11 16:07:31.572750,-0.34142238,0.78900945,-0.7616298,-1.0528263,-0.8801041,1.8382462
1413,2026-05-11 16:07:31.575488,-0.34142238,0.78900945,-0.7616298,-1.0528263,-0.8801041,1.8382462
1414,2026-05-11 16:07:31.578211,-0.34142238,0.78900945,-0.7616298,-1.0528263,-0.8801041,1.8382462
1415,2026-05-11 16:07:31.581006,-0.34142238,0.78900945,-0.7616298,-1.3016012,-0.75716746,2.0060816
1416,2026-05-11 16:07:31.584050,-0.34142238,0.78900945,-0.7616298,-1.3016012,-0.75716746,2.0060816
1417,2026-05-11 16:07:31.586927,-0.34142238,0.78900945,-0.7616298,-1.3016012,-0.75716746,2.0060816
1418,2026-05-11 16:07:31.589706,-0.34142238,0.78900945,-0.7616298,-1.3016012,-0.75716746,2.0060816
1419,2026-05-11 16:07:31.592342,-0.34142238,0.78900945,-0.7616298,-1.3016012,-0.75716746,2.0060816
1420,2026-05-11 16:07:31.595065,-0.34142238,0.78900945,-0.7616298,-1.3016012,-0.75716746,2.0060816
1421,2026-05-11 16:07:31.597661,-0.34142238,0.78900945,-0.7616298,-1.3016012,-0.75716746,2.0060816
1422,2026-05-11 16:07:31.600764,-0.28251648,0.82779217,-0.72284704,-1.3016012,-0.75716746,2.0060816
1423,2026-05-11 16:07:31.603716,-0.28251648,0.82779217,-0.72284704,-1.3016012,-0.75716746,2.0060816
1424,2026-05-11 16:07:31.606379,-0.28251648,0.82779217,-0.72284704,-1.3016012,-0.75716746,2.0060816
1425,2026-05-11 16:07:31.608980,-0.28251648,0.82779217,-0.72284704,-1.3016012,-0.75716746,2.0060816
1426,2026-05-11 16:07:31.611873,-0.33819047,0.8714533,-0.69906515,-1.5570955,-0.60139686,2.1668918
1427,2026-05-11 16:07:31.614506,-0.33819047,0.8714533,-0.69906515,-1.5570955,-0.60139686,2.1668918
1428,2026-05-11 16:07:31.617688,-0.33819047,0.8714533,-0.69906515,-1.5570955,-0.60139686,2.1668918
1429,2026-05-11 16:07:31.620387,-0.33819047,0.8714533,-0.69906515,-1.5570955,-0.60139686,2.1668918
1430,2026-05-11 16:07:31.622993,-0.33819047,0.8714533,-0.69906515,-1.5570955,-0.60139686,2.1668918
1431,2026-05-11 16:07:31.625685,-0.33819047,0.8714533,-0.69906515,-1.5570955,-0.60139686,2.1668918
1432,2026-05-11 16:07:31.628244,-0.33819047,0.8714533,-0.69906515,-1.5570955,-0.60139686,2.1668918
1433,2026-05-11 16:07:31.631017,-0.33819047,0.8714533,-0.69906515,-1.5570955,-0.60139686,2.1668918
1434,2026-05-11 16:07:31.633961,-0.33819047,0.8714533,-0.69906515,-1.5570955,-0.60139686,2.1668918
1435,2026-05-11 16:07:31.637020,-0.33819047,0.8714533,-0.69906515,-1.779145,-0.4622723,2.347097
1436,2026-05-11 16:07:31.639718,-0.33819047,0.8714533,-0.69906515,-1.779145,-0.4622723,2.347097
1437,2026-05-11 16:07:31.642433,-0.33819047,0.8714533,-0.69906515,-1.779145,-0.4622723,2.347097
1438,2026-05-11 16:07:31.645225,-0.33819047,0.8714533,-0.69906515,-1.779145,-0.4622723,2.347097
1439,2026-05-11 16:07:31.647948,-0.41721946,0.8968816,-0.71150494,-1.779145,-0.4622723,2.347097
1440,2026-05-11 16:07:31.651083,-0.41721946,0.8968816,-0.71150494,-1.779145,-0.4622723,2.347097
1441,2026-05-11 16:07:31.654051,-0.41721946,0.8968816,-0.71150494,-1.779145,-0.4622723,2.347097
1442,2026-05-11 16:07:31.656758,-0.41721946,0.8968816,-0.71150494,-1.779145,-0.4622723,2.347097
1443,2026-05-11 16:07:31.659342,-0.41721946,0.8968816,-0.71150494,-1.779145,-0.4622723,2.347097
1444,2026-05-11 16:07:31.662173,-0.50021213,0.9632879,-0.7130904,-2.1945333,-0.23182335,2.6798658
1445,2026-05-11 16:07:31.664802,-0.50021213,0.9632879,-0.7130904,-2.1945333,-0.23182335,2.6798658
1446,2026-05-11 16:07:31.667924,-0.50021213,0.9632879,-0.7130904,-2.1945333,-0.23182335,2.6798658
1447,2026-05-11 16:07:31.670689,-0.50021213,0.9632879,-0.7130904,-2.1945333,-0.23182335,2.6798658
1448,2026-05-11 16:07:31.673519,-0.50021213,0.9632879,-0.7130904,-2.1945333,-0.23182335,2.6798658
1449,2026-05-11 16:07:31.676214,-0.50021213,0.9632879,-0.7130904,-2.1945333,-0.23182335,2.6798658
1450,2026-05-11 16:07:31.678974,-0.50021213,0.9632879,-0.7130904,-2.1945333,-0.23182335,2.6798658
1451,2026-05-11 16:07:31.681590,-0.50021213,0.9632879,-0.7130904,-2.1945333,-0.23182335,2.6798658
1452,2026-05-11 16:07:31.684643,-0.50021213,0.9632879,-0.7130904,-2.1945333,-0.23182335,2.6798658
1453,2026-05-11 16:07:31.687393,-0.50021213,0.9632879,-0.7130904,-2.1945333,-0.23182335,2.6798658
1454,2026-05-11 16:07:31.689999,-0.50021213,0.9632879,-0.7130904,-2.1945333,-0.23182335,2.6798658
1455,2026-05-11 16:07:31.692762,-0.50021213,0.9632879,-0.7130904,-2.1945333,-0.23182335,2.6798658
1456,2026-05-11 16:07:31.695368,-0.50021213,0.9632879,-0.7130904,-2.1945333,-0.23182335,2.6798658
1457,2026-05-11 16:07:31.698153,-0.50021213,0.9632879,-0.7130904,-2.1945333,-0.23182335,2.6798658
1458,2026-05-11 16:07:31.701336,-0.50021213,0.9632879,-0.7130904,-2.1945333,-0.23182335,2.6798658
1459,2026-05-11 16:07:31.704193,-0.58472925,1.0073758,-0.6841253,-2.1945333,-0.23182335,2.6798658
1460,2026-05-11 16:07:31.706871,-0.58472925,1.0073758,-0.6841253,-2.1945333,-0.23182335,2.6798658
1461,2026-05-11 16:07:31.709478,-0.58472925,1.0073758,-0.6841253,-2.1945333,-0.23182335,2.6798658
1462,2026-05-11 16:07:31.712198,-0.58472925,1.0073758,-0.6841253,-2.1945333,-0.23182335,2.6798658
1463,2026-05-11 16:07:31.714775,-0.58472925,1.0073758,-0.6841253,-2.1945333,-0.23182335,2.6798658
1464,2026-05-11 16:07:31.717604,-0.58472925,1.0073758,-0.6841253,-2.1945333,-0.23182335,2.6798658
1465,2026-05-11 16:07:31.720497,-0.58472925,1.0073758,-0.6841253,-2.1945333,-0.23182335,2.6798658
1466,2026-05-11 16:07:31.723122,-0.58472925,1.0073758,-0.6841253,-2.1945333,-0.23182335,2.6798658
1467,2026-05-11 16:07:31.725705,-0.58472925,1.0073758,-0.6841253,-2.1945333,-0.23182335,2.6798658
1468,2026-05-11 16:07:31.728350,-0.58472925,1.0073758,-0.6841253,-2.1945333,-0.23182335,2.6798658
1469,2026-05-11 16:07:31.730913,-0.58472925,1.0073758,-0.6841253,-2.1945333,-0.23182335,2.6798658
1470,2026-05-11 16:07:31.733972,-0.58472925,1.0073758,-0.6841253,-2.6772697,0.15378532,3.0902145
1471,2026-05-11 16:07:31.736963,-0.58472925,1.0073758,-0.6841253,-2.6772697,0.15378532,3.0902145
1472,2026-05-11 16:07:31.739658,-0.58472925,1.0073758,-0.6841253,-2.6772697,0.15378532,3.0902145
1473,2026-05-11 16:07:31.742336,-0.58472925,1.0073758,-0.6841253,-2.6772697,0.15378532,3.0902145
1474,2026-05-11 16:07:31.745010,-0.58472925,1.0073758,-0.6841253,-2.6772697,0.15378532,3.0902145
1475,2026-05-11 16:07:31.747579,-0.58472925,1.0073758,-0.6841253,-2.6772697,0.15378532,3.0902145
1476,2026-05-11 16:07:31.750862,-0.58472925,1.0073758,-0.6841253,-2.6772697,0.15378532,3.0902145
1477,2026-05-11 16:07:31.753684,-0.58472925,1.0073758,-0.6841253,-2.6772697,0.15378532,3.0902145
1478,2026-05-11 16:07:31.756508,-0.3675824,1.1628727,-0.51533496,-2.9460504,0.46502116,3.5274413
1479,2026-05-11 16:07:31.759156,-0.3675824,1.1628727,-0.51533496,-2.9460504,0.46502116,3.5274413
1480,2026-05-11 16:07:31.761737,-0.3675824,1.1628727,-0.51533496,-2.9460504,0.46502116,3.5274413
1481,2026-05-11 16:07:31.764464,-0.3675824,1.1628727,-0.51533496,-2.8489227,0.4288274,3.5451565
1482,2026-05-11 16:07:31.767635,-0.3675824,1.1628727,-0.51533496,-2.8489227,0.4288274,3.5451565
1483,2026-05-11 16:07:31.770574,-0.3389222,1.244036,-0.4619782,-2.8489227,0.4288274,3.5451565
1484,2026-05-11 16:07:31.773165,-0.3389222,1.244036,-0.4619782,-2.8489227,0.4288274,3.5451565
1485,2026-05-11 16:07:31.776084,-0.3389222,1.244036,-0.4619782,-2.8489227,0.4288274,3.5451565
1486,2026-05-11 16:07:31.778819,-0.28385803,1.4199,-0.4622221,-2.3819163,0.16050485,3.5781431
1487,2026-05-11 16:07:31.781585,-0.28385803,1.4199,-0.4622221,-2.3819163,0.16050485,3.5781431
1488,2026-05-11 16:07:31.784728,-0.28385803,1.4199,-0.4622221,-2.3819163,0.16050485,3.5781431
1489,2026-05-11 16:07:31.787522,-0.28385803,1.4199,-0.4622221,-2.3819163,0.16050485,3.5781431
1490,2026-05-11 16:07:31.790206,-0.28385803,1.4199,-0.4622221,-2.3819163,0.16050485,3.5781431
1491,2026-05-11 16:07:31.793146,-0.22818404,1.4931359,-0.50271225,-2.3819163,0.16050485,3.5781431
1492,2026-05-11 16:07:31.795822,-0.22818404,1.4931359,-0.50271225,-2.3819163,0.16050485,3.5781431
1493,2026-05-11 16:07:31.798680,-0.22818404,1.4931359,-0.50271225,-2.3819163,0.16050485,3.5781431
1494,2026-05-11 16:07:31.802001,-0.22818404,1.4931359,-0.50271225,-2.3819163,0.16050485,3.5781431
1495,2026-05-11 16:07:31.804759,-0.22818404,1.4931359,-0.50271225,-2.3819163,0.16050485,3.5781431
1496,2026-05-11 16:07:31.807352,-0.22818404,1.4931359,-0.50271225,-2.3819163,0.16050485,3.5781431
1497,2026-05-11 16:07:31.810192,-0.22818404,1.4931359,-0.50271225,-2.3819163,0.16050485,3.5781431
1498,2026-05-11 16:07:31.812991,-0.22818404,1.4931359,-0.50271225,-2.3819163,0.16050485,3.5781431
1499,2026-05-11 16:07:31.815768,-0.22818404,1.4931359,-0.50271225,-2.3819163,0.16050485,3.5781431
1500,2026-05-11 16:07:31.818863,-0.22818404,1.4931359,-0.50271225,-2.3819163,0.16050485,3.5781431
1501,2026-05-11 16:07:31.821608,-0.22818404,1.4931359,-0.50271225,-2.3819163,0.16050485,3.5781431
1502,2026-05-11 16:07:31.824386,-0.22818404,1.4931359,-0.50271225,-2.3819163,0.16050485,3.5781431
1503,2026-05-11 16:07:31.851946,0.07323598,1.4592315,-0.6574164,1.1545353,0.32284227,-2.7159069
1504,2026-05-11 16:07:31.855878,0.07323598,1.4592315,-0.6574164,1.1545353,0.32284227,-2.7159069
1505,2026-05-11 16:07:31.865043,0.07323598,1.4592315,-0.6574164,1.1545353,0.32284227,-2.7159069
1506,2026-05-11 16:07:31.868253,0.07323598,1.4592315,-0.6574164,1.1545353,0.32284227,-2.7159069
1507,2026-05-11 16:07:31.870949,0.07323598,1.4592315,-0.6574164,1.1545353,0.32284227,-2.7159069
1508,2026-05-11 16:07:31.873792,0.07323598,1.4592315,-0.6574164,1.1545353,0.32284227,-2.7159069
1509,2026-05-11 16:07:31.876416,0.07323598,1.4592315,-0.6574164,1.1545353,0.32284227,-2.7159069
1510,2026-05-11 16:07:31.879296,0.025489293,1.4163022,-0.673271,1.1545353,0.32284227,-2.7159069
1511,2026-05-11 16:07:31.881928,0.025489293,1.4163022,-0.673271,1.1545353,0.32284227,-2.7159069
1512,2026-05-11 16:07:31.885117,0.025489293,1.4163022,-0.673271,1.1545353,0.32284227,-2.7159069
1513,2026-05-11 16:07:31.887925,0.025489293,1.4163022,-0.673271,1.1545353,0.32284227,-2.7159069
1514,2026-05-11 16:07:31.890582,0.025489293,1.4163022,-0.673271,1.1545353,0.32284227,-2.7159069
1515,2026-05-11 16:07:31.893318,0.025489293,1.4163022,-0.673271,1.1545353,0.32284227,-2.7159069
1516,2026-05-11 16:07:31.895952,0.025489293,1.4163022,-0.673271,1.1545353,0.32284227,-2.7159069
1517,2026-05-11 16:07:31.898528,0.025489293,1.4163022,-0.673271,1.1545353,0.32284227,-2.7159069
1518,2026-05-11 16:07:31.901876,0.025489293,1.4163022,-0.673271,1.1545353,0.32284227,-2.7159069
1519,2026-05-11 16:07:31.904609,0.025489293,1.4163022,-0.673271,1.1545353,0.32284227,-2.7159069
1520,2026-05-11 16:07:31.907313,0.025489293,1.4163022,-0.673271,1.1545353,0.32284227,-2.7159069
1521,2026-05-11 16:07:31.910030,0.025489293,1.4163022,-0.673271,1.1545353,0.32284227,-2.7159069
1522,2026-05-11 16:07:31.912653,0.025489293,1.4163022,-0.673271,1.1545353,0.32284227,-2.7159069
1523,2026-05-11 16:07:31.915416,0.025489293,1.4163022,-0.673271,1.1545353,0.32284227,-2.7159069
1524,2026-05-11 16:07:31.918158,0.025489293,1.4163022,-0.673271,1.1545353,0.32284227,-2.7159069
1525,2026-05-11 16:07:31.921515,0.025489293,1.4163022,-0.673271,1.1545353,0.32284227,-2.7159069
1526,2026-05-11 16:07:31.924314,0.025489293,1.4163022,-0.673271,1.3735305,0.3481932,-2.8883235
1527,2026-05-11 16:07:31.927086,-0.03158721,1.3586768,-0.67949086,1.3735305,0.3481932,-2.8883235
1528,2026-05-11 16:07:31.929743,-0.03158721,1.3586768,-0.67949086,1.3735305,0.3481932,-2.8883235
1529,2026-05-11 16:07:31.932339,-0.03158721,1.3586768,-0.67949086,1.3735305,0.3481932,-2.8883235
1530,2026-05-11 16:07:31.935050,-0.03158721,1.3586768,-0.67949086,1.3735305,0.3481932,-2.8883235
1531,2026-05-11 16:07:31.938611,-0.03158721,1.3586768,-0.67949086,1.3735305,0.3481932,-2.8883235
1532,2026-05-11 16:07:31.941418,-0.03158721,1.3586768,-0.67949086,1.3735305,0.3481932,-2.8883235
1533,2026-05-11 16:07:31.944229,-0.03158721,1.3586768,-0.67949086,1.3735305,0.3481932,-2.8883235
1534,2026-05-11 16:07:31.946824,-0.03158721,1.3586768,-0.67949086,1.3735305,0.3481932,-2.8883235
1535,2026-05-11 16:07:31.949686,-0.03158721,1.3586768,-0.67949086,1.3735305,0.3481932,-2.8883235
1536,2026-05-11 16:07:31.952784,-0.03158721,1.3586768,-0.67949086,1.3735305,0.3481932,-2.8883235
1537,2026-05-11 16:07:31.955960,-0.03158721,1.3586768,-0.67949086,1.3735305,0.3481932,-2.8883235
1538,2026-05-11 16:07:31.958912,-0.03158721,1.3586768,-0.67949086,1.3735305,0.3481932,-2.8883235
1539,2026-05-11 16:07:31.962423,-0.07396773,1.3373342,-0.7030898,1.6475036,0.32268956,-2.9929342
1540,2026-05-11 16:07:31.965439,-0.07396773,1.3373342,-0.7030898,1.6475036,0.32268956,-2.9929342
1541,2026-05-11 16:07:31.968914,-0.07396773,1.3373342,-0.7030898,1.6475036,0.32268956,-2.9929342
1542,2026-05-11 16:07:31.971825,-0.07396773,1.3373342,-0.7030898,1.6475036,0.32268956,-2.9929342
1543,2026-05-11 16:07:31.975072,-0.07396773,1.3373342,-0.7030898,1.6475036,0.32268956,-2.9929342
1544,2026-05-11 16:07:31.978109,-0.07396773,1.3373342,-0.7030898,1.6475036,0.32268956,-2.9929342
1545,2026-05-11 16:07:31.981122,-0.07396773,1.3373342,-0.7030898,1.9210185,0.064751714,-3.0266845
1546,2026-05-11 16:07:31.984595,-0.07396773,1.3373342,-0.7030898,1.9210185,0.064751714,-3.0266845
1547,2026-05-11 16:07:31.987913,-0.07396773,1.3373342,-0.7030898,1.9210185,0.064751714,-3.0266845
1548,2026-05-11 16:07:31.990937,-0.07396773,1.3373342,-0.7030898,1.9210185,0.064751714,-3.0266845
1549,2026-05-11 16:07:31.993827,-0.07396773,1.3373342,-0.7030898,1.9210185,0.064751714,-3.0266845
1550,2026-05-11 16:07:31.996516,-0.07396773,1.3373342,-0.7030898,1.9210185,0.064751714,-3.0266845
1551,2026-05-11 16:07:31.999124,-0.07396773,1.3373342,-0.7030898,1.9210185,0.064751714,-3.0266845
1552,2026-05-11 16:07:32.002302,-0.07396773,1.3373342,-0.7030898,1.9210185,0.064751714,-3.0266845
1553,2026-05-11 16:07:32.004997,-0.07396773,1.3373342,-0.7030898,1.9210185,0.064751714,-3.0266845
1554,2026-05-11 16:07:32.007910,-0.25824678,1.3162354,-0.76815456,1.9210185,0.064751714,-3.0266845
1555,2026-05-11 16:07:32.010638,-0.25824678,1.3162354,-0.76815456,1.9210185,0.064751714,-3.0266845
1556,2026-05-11 16:07:32.013431,-0.25824678,1.3162354,-0.76815456,1.9210185,0.064751714,-3.0266845
1557,2026-05-11 16:07:32.016033,-0.25824678,1.3162354,-0.76815456,1.9210185,0.064751714,-3.0266845
1558,2026-05-11 16:07:32.019233,-0.25824678,1.3162354,-0.76815456,1.9210185,0.064751714,-3.0266845
1559,2026-05-11 16:07:32.022031,-0.25824678,1.3162354,-0.76815456,1.9210185,0.064751714,-3.0266845
1560,2026-05-11 16:07:32.024792,-0.25824678,1.3162354,-0.76815456,1.9210185,0.064751714,-3.0266845
1561,2026-05-11 16:07:32.027505,-0.25824678,1.3162354,-0.76815456,2.268448,-0.46379945,-2.9458976
1562,2026-05-11 16:07:32.030206,-0.38593715,1.2461092,-0.8058397,2.5273023,-0.980286,-2.52043
1563,2026-05-11 16:07:32.033045,-0.38593715,1.2461092,-0.8058397,2.5309675,-1.028697,-2.3119721
1564,2026-05-11 16:07:32.036196,-0.38593715,1.2461092,-0.8058397,2.5309675,-1.028697,-2.3119721
1565,2026-05-11 16:07:32.038998,-0.38593715,1.2461092,-0.8058397,2.5309675,-1.028697,-2.3119721
1566,2026-05-11 16:07:32.041634,-0.38593715,1.2461092,-0.8058397,2.5309675,-1.028697,-2.3119721
1567,2026-05-11 16:07:32.044519,-0.38593715,1.2461092,-0.8058397,2.5309675,-1.028697,-2.3119721
1568,2026-05-11 16:07:32.047135,-0.38593715,1.2461092,-0.8058397,2.5309675,-1.028697,-2.3119721
1569,2026-05-11 16:07:32.049911,-0.38593715,1.2461092,-0.8058397,2.5309675,-1.028697,-2.3119721
1570,2026-05-11 16:07:32.053013,-0.38593715,1.2461092,-0.8058397,2.5309675,-1.028697,-2.3119721
1571,2026-05-11 16:07:32.055767,-0.38593715,1.2461092,-0.8058397,2.5309675,-1.028697,-2.3119721
1572,2026-05-11 16:07:32.058534,-0.38593715,1.2461092,-0.8058397,2.5309675,-1.028697,-2.3119721
1573,2026-05-11 16:07:32.061167,-0.38593715,1.2461092,-0.8058397,2.5309675,-1.028697,-2.3119721
1574,2026-05-11 16:07:32.063890,-0.38593715,1.2461092,-0.8058397,2.5309675,-1.028697,-2.3119721
1575,2026-05-11 16:07:32.066545,-0.38593715,1.2461092,-0.8058397,2.5309675,-1.028697,-2.3119721
1576,2026-05-11 16:07:32.070228,-0.38593715,1.2461092,-0.8058397,2.3875668,-0.8332202,-1.9996674
1577,2026-05-11 16:07:32.073251,-0.48454046,1.0906734,-0.7584589,2.3875668,-0.8332202,-1.9996674
1578,2026-05-11 16:07:32.075990,-0.48454046,1.0906734,-0.7584589,2.3875668,-0.8332202,-1.9996674
1579,2026-05-11 16:07:32.078615,-0.48454046,1.0906734,-0.7584589,2.3875668,-0.8332202,-1.9996674
1580,2026-05-11 16:07:32.081380,-0.48454046,1.0906734,-0.7584589,2.3875668,-0.8332202,-1.9996674
1581,2026-05-11 16:07:32.084513,-0.48454046,1.0906734,-0.7584589,1.6953038,0.35888332,-1.1717923
1582,2026-05-11 16:07:32.087397,-0.48454046,1.0906734,-0.7584589,1.6953038,0.35888332,-1.1717923
1583,2026-05-11 16:07:32.090042,-0.48454046,1.0906734,-0.7584589,1.6953038,0.35888332,-1.1717923
1584,2026-05-11 16:07:32.092648,-0.48454046,1.0906734,-0.7584589,1.6953038,0.35888332,-1.1717923
1585,2026-05-11 16:07:32.095489,-0.48454046,1.0906734,-0.7584589,1.6953038,0.35888332,-1.1717923
1586,2026-05-11 16:07:32.098093,-0.48454046,1.0906734,-0.7584589,1.6953038,0.35888332,-1.1717923
1587,2026-05-11 16:07:32.101340,-0.48454046,1.0906734,-0.7584589,1.6953038,0.35888332,-1.1717923
1588,2026-05-11 16:07:32.104338,-0.56277674,0.9275541,-0.66089225,1.5325081,0.58459806,-0.9934196
1589,2026-05-11 16:07:32.107124,-0.51692045,0.89584494,-0.65881896,1.1093313,0.9074403,-0.66446865
1590,2026-05-11 16:07:32.109758,0.029696856,0.9010892,-0.6843692,1.1093313,0.9074403,-0.66446865
1591,2026-05-11 16:07:32.112735,0.3943523,0.86578226,-0.7327257,0.9283624,0.8743009,-0.97097033
1592,2026-05-11 16:07:32.115478,0.3943523,0.86578226,-0.7327257,0.9283624,0.8743009,-0.97097033
1593,2026-05-11 16:07:32.118753,0.3943523,0.86578226,-0.7327257,0.9283624,0.8743009,-0.97097033
1594,2026-05-11 16:07:32.121670,0.46368557,0.8468787,-0.74705577,0.8179486,0.79168135,-1.3342824
1595,2026-05-11 16:07:32.124289,0.46368557,0.8468787,-0.74705577,0.8179486,0.79168135,-1.3342824
1596,2026-05-11 16:07:32.126969,0.46368557,0.8468787,-0.74705577,0.8179486,0.79168135,-1.3342824
1597,2026-05-11 16:07:32.129744,0.25019753,0.81699884,-0.65552604,0.60139686,0.5109888,-2.0778582
1598,2026-05-11 16:07:32.132345,0.25019753,0.81699884,-0.65552604,0.60139686,0.5109888,-2.0778582
1599,2026-05-11 16:07:32.135564,-0.10348164,0.66028243,-0.43776944,0.4821254,0.17959438,-2.4485006
1600,2026-05-11 16:07:32.138353,-0.31014004,0.48191833,-0.29056573,0.52213705,0.0664316,-2.4032967
1601,2026-05-11 16:07:32.140936,-0.31014004,0.48191833,-0.29056573,0.52213705,0.0664316,-2.4032967
1602,2026-05-11 16:07:32.143472,-0.31014004,0.48191833,-0.29056573,0.52213705,0.0664316,-2.4032967
1603,2026-05-11 16:07:32.146159,-0.5680819,0.29306588,-0.12659276,0.52213705,0.0664316,-2.4032967
1604,2026-05-11 16:07:32.148737,-0.5680819,0.29306588,-0.12659276,0.52213705,0.0664316,-2.4032967
1605,2026-05-11 16:07:32.151855,-0.5680819,0.29306588,-0.12659276,0.52213705,0.0664316,-2.4032967
1606,2026-05-11 16:07:32.154559,-0.5680819,0.29306588,-0.12659276,0.52213705,0.0664316,-2.4032967
1607,2026-05-11 16:07:32.157135,-0.5680819,0.29306588,-0.12659276,0.52213705,0.0664316,-2.4032967
1608,2026-05-11 16:07:32.159793,-0.73071337,0.20123126,-0.044209898,0.71929383,0.09239337,-2.0749564
1609,2026-05-11 16:07:32.162460,-0.73071337,0.20123126,-0.044209898,0.71929383,0.09239337,-2.0749564
1610,2026-05-11 16:07:32.165078,-0.73071337,0.20123126,-0.044209898,0.91339624,0.14278975,-1.7487545
1611,2026-05-11 16:07:32.168172,-0.73071337,0.20123126,-0.044209898,0.91339624,0.14278975,-1.7487545
1612,2026-05-11 16:07:32.170848,-0.73071337,0.20123126,-0.044209898,0.91339624,0.14278975,-1.7487545
1613,2026-05-11 16:07:32.173659,-0.9992047,0.08732217,0.040612124,1.385137,0.3203988,-0.8332202
1614,2026-05-11 16:07:32.176280,-0.9992047,0.08732217,0.040612124,1.385137,0.3203988,-0.8332202
1615,2026-05-11 16:07:32.179189,-0.9992047,0.08732217,0.040612124,1.385137,0.3203988,-0.8332202
1616,2026-05-11 16:07:32.181991,-0.9992047,0.08732217,0.040612124,1.385137,0.3203988,-0.8332202
1617,2026-05-11 16:07:32.185083,-0.9992047,0.08732217,0.040612124,1.385137,0.3203988,-0.8332202
1618,2026-05-11 16:07:32.187811,-0.9992047,0.08732217,0.040612124,1.385137,0.3203988,-0.8332202
1619,2026-05-11 16:07:32.190504,-1.0414633,0.035733793,-0.03518498,1.385137,0.3203988,-0.8332202
1620,2026-05-11 16:07:32.193096,-1.0414633,0.035733793,-0.03518498,1.385137,0.3203988,-0.8332202
1621,2026-05-11 16:07:32.195688,-1.0414633,0.035733793,-0.03518498,1.385137,0.3203988,-0.8332202
1622,2026-05-11 16:07:32.198283,-1.0414633,0.035733793,-0.03518498,1.385137,0.3203988,-0.8332202
1623,2026-05-11 16:07:32.201812,-1.0414633,0.035733793,-0.03518498,1.385137,0.3203988,-0.8332202
1624,2026-05-11 16:07:32.204716,-1.0414633,0.035733793,-0.03518498,1.385137,0.3203988,-0.8332202
1625,2026-05-11 16:07:32.207511,-1.0414633,0.035733793,-0.03518498,1.385137,0.3203988,-0.8332202
1626,2026-05-11 16:07:32.210258,-1.0414633,0.035733793,-0.03518498,1.385137,0.3203988,-0.8332202
1627,2026-05-11 16:07:32.213083,-1.0414633,0.035733793,-0.03518498,1.69622,0.61315596,0.2144137
1628,2026-05-11 16:07:32.215993,-1.0414633,0.035733793,-0.03518498,1.69622,0.61315596,0.2144137
1629,2026-05-11 16:07:32.219253,-1.0414633,0.035733793,-0.03518498,1.69622,0.61315596,0.2144137
1630,2026-05-11 16:07:32.222104,-1.0414633,0.035733793,-0.03518498,1.69622,0.61315596,0.2144137
1631,2026-05-11 16:07:32.224889,-1.0414633,0.035733793,-0.03518498,1.7075211,0.9925033,1.2012665
1632,2026-05-11 16:07:32.227529,-1.0414633,0.035733793,-0.03518498,1.7075211,0.9925033,1.2012665
1633,2026-05-11 16:07:32.230289,-1.0414633,0.035733793,-0.03518498,1.7075211,0.9925033,1.2012665
1634,2026-05-11 16:07:32.232898,-1.0414633,0.035733793,-0.03518498,1.7075211,0.9925033,1.2012665
1635,2026-05-11 16:07:32.235881,-1.0414633,0.035733793,-0.03518498,1.7075211,0.9925033,1.2012665
1636,2026-05-11 16:07:32.238708,-1.0414633,0.035733793,-0.03518498,1.7075211,0.9925033,1.2012665
1637,2026-05-11 16:07:32.241316,-1.0414633,0.035733793,-0.03518498,1.7075211,0.9925033,1.2012665
1638,2026-05-11 16:07:32.243905,-1.0414633,0.035733793,-0.03518498,1.7075211,0.9925033,1.2012665
1639,2026-05-11 16:07:32.246589,-1.0414633,0.035733793,-0.03518498,1.7075211,0.9925033,1.2012665
1640,2026-05-11 16:07:32.249159,-1.0414633,0.035733793,-0.03518498,1.7075211,0.9925033,1.2012665
1641,2026-05-11 16:07:32.252811,-1.0414633,0.035733793,-0.03518498,1.7075211,0.9925033,1.2012665
1642,2026-05-11 16:07:32.255547,-0.84035397,-0.04451479,-0.26733267,1.7075211,0.9925033,1.2012665
1643,2026-05-11 16:07:32.258330,-0.84035397,-0.04451479,-0.26733267,1.7075211,0.9925033,1.2012665
1644,2026-05-11 16:07:32.261070,-0.84035397,-0.04451479,-0.26733267,1.7075211,0.9925033,1.2012665
1645,2026-05-11 16:07:32.263733,-0.84035397,-0.04451479,-0.26733267,1.7075211,0.9925033,1.2012665
1646,2026-05-11 16:07:32.266492,-0.84035397,-0.04451479,-0.26733267,1.7075211,0.9925033,1.2012665
1647,2026-05-11 16:07:32.269601,-0.84035397,-0.04451479,-0.26733267,1.7075211,0.9925033,1.2012665
1648,2026-05-11 16:07:32.272200,-0.84035397,-0.04451479,-0.26733267,1.7075211,0.9925033,1.2012665
1649,2026-05-11 16:07:32.274871,-0.84035397,-0.04451479,-0.26733267,1.7075211,0.9925033,1.2012665
1650,2026-05-11 16:07:32.277476,-0.40856043,-0.14470357,-0.4265493,1.7075211,0.9925033,1.2012665
1651,2026-05-11 16:07:32.280297,-0.40856043,-0.14470357,-0.4265493,1.7075211,0.9925033,1.2012665
1652,2026-05-11 16:07:32.282963,-0.40856043,-0.14470357,-0.4265493,1.7075211,0.9925033,1.2012665
1653,2026-05-11 16:07:32.286189,-0.40856043,-0.14470357,-0.4265493,1.7075211,0.9925033,1.2012665
1654,2026-05-11 16:07:32.289007,-0.40856043,-0.14470357,-0.4265493,1.7075211,0.9925033,1.2012665
1655,2026-05-11 16:07:32.291622,-0.40856043,-0.14470357,-0.4265493,1.7075211,0.9925033,1.2012665
1656,2026-05-11 16:07:32.294367,-0.40856043,-0.14470357,-0.4265493,1.7075211,0.9925033,1.2012665
1657,2026-05-11 16:07:32.297073,-0.40856043,-0.14470357,-0.4265493,1.7075211,0.9925033,1.2012665
1658,2026-05-11 16:07:32.300025,-0.40856043,-0.14470357,-0.4265493,1.7075211,0.9925033,1.2012665
1659,2026-05-11 16:07:32.303333,-0.40856043,-0.14470357,-0.4265493,1.4306464,1.4367551,2.3443482
1660,2026-05-11 16:07:32.306141,-0.40856043,-0.14470357,-0.4265493,1.4306464,1.4367551,2.3443482
1661,2026-05-11 16:07:32.308795,-0.40856043,-0.14470357,-0.4265493,1.4306464,1.4367551,2.3443482
1662,2026-05-11 16:07:32.311432,-0.40856043,-0.14470357,-0.4265493,1.4306464,1.4367551,2.3443482
1663,2026-05-11 16:07:32.314124,-0.40856043,-0.14470357,-0.4265493,1.4306464,1.4367551,2.3443482
1664,2026-05-11 16:07:32.316985,0.03390442,-0.17940071,-0.37276566,1.2504412,1.5534303,3.0213394
1665,2026-05-11 16:07:32.320042,0.03390442,-0.17940071,-0.37276566,1.2504412,1.5534303,3.0213394
1666,2026-05-11 16:07:32.322751,0.03390442,-0.17940071,-0.37276566,1.2504412,1.5534303,3.0213394
1667,2026-05-11 16:07:32.325353,0.03390442,-0.17940071,-0.37276566,1.2504412,1.5534303,3.0213394
1668,2026-05-11 16:07:32.328058,0.03390442,-0.17940071,-0.37276566,1.2504412,1.5534303,3.0213394
1669,2026-05-11 16:07:32.330684,0.03390442,-0.17940071,-0.37276566,1.2504412,1.5534303,3.0213394
1670,2026-05-11 16:07:32.333432,0.03390442,-0.17940071,-0.37276566,1.2504412,1.5534303,3.0213394
1671,2026-05-11 16:07:32.336626,0.03390442,-0.17940071,-0.37276566,1.2504412,1.5534303,3.0213394
1672,2026-05-11 16:07:32.339222,0.03390442,-0.17940071,-0.37276566,1.2504412,1.5534303,3.0213394
1673,2026-05-11 16:07:32.342193,0.03390442,-0.17940071,-0.37276566,1.2504412,1.5534303,3.0213394
1674,2026-05-11 16:07:32.345070,0.7705327,-0.19763349,-0.26324704,1.4037683,1.1287262,3.4613152
1675,2026-05-11 16:07:32.347758,1.0487198,-0.18391317,-0.28404096,1.5697709,0.8051204,3.4394767
1676,2026-05-11 16:07:32.350921,1.0487198,-0.18391317,-0.28404096,1.5697709,0.8051204,3.4394767
1677,2026-05-11 16:07:32.353754,1.0487198,-0.18391317,-0.28404096,1.5697709,0.8051204,3.4394767
1678,2026-05-11 16:07:32.356484,1.0487198,-0.18391317,-0.28404096,1.5697709,0.8051204,3.4394767
1679,2026-05-11 16:07:32.359194,1.0487198,-0.18391317,-0.28404096,1.5697709,0.8051204,3.4394767
1680,2026-05-11 16:07:32.361998,1.0487198,-0.18391317,-0.28404096,1.5697709,0.8051204,3.4394767
1681,2026-05-11 16:07:32.364690,1.0487198,-0.18391317,-0.28404096,1.5697709,0.8051204,3.4394767
1682,2026-05-11 16:07:32.367779,1.0487198,-0.18391317,-0.28404096,1.5697709,0.8051204,3.4394767
1683,2026-05-11 16:07:32.370575,1.0487198,-0.18391317,-0.28404096,1.5697709,0.8051204,3.4394767
1684,2026-05-11 16:07:32.373187,1.6778418,-0.2531855,-0.3255068,1.5697709,0.8051204,3.4394767
1685,2026-05-11 16:07:32.376037,1.6778418,-0.2531855,-0.3255068,2.474615,-0.7703011,2.558609
1686,2026-05-11 16:07:32.378890,1.6778418,-0.2531855,-0.3255068,2.474615,-0.7703011,2.558609
1687,2026-05-11 16:07:32.381571,1.6778418,-0.2531855,-0.3255068,2.474615,-0.7703011,2.558609
1688,2026-05-11 16:07:32.384736,1.6778418,-0.2531855,-0.3255068,2.474615,-0.7703011,2.558609
1689,2026-05-11 16:07:32.387656,1.6778418,-0.2531855,-0.3255068,2.474615,-0.7703011,2.558609
1690,2026-05-11 16:07:32.390421,1.6778418,-0.2531855,-0.3255068,2.474615,-0.7703011,2.558609
1691,2026-05-11 16:07:32.393127,1.6778418,-0.2531855,-0.3255068,2.474615,-0.7703011,2.558609
1692,2026-05-11 16:07:32.395876,1.6778418,-0.2531855,-0.3255068,3.154508,-1.8113682,1.7224873
1693,2026-05-11 16:07:32.398732,1.3273336,-0.5130178,-0.4288665,3.154508,-1.8113682,1.7224873
1694,2026-05-11 16:07:32.401749,1.3273336,-0.5130178,-0.4288665,3.5117116,-2.1299343,1.4524848
1695,2026-05-11 16:07:32.404635,1.3273336,-0.5130178,-0.4288665,3.5117116,-2.1299343,1.4524848
1696,2026-05-11 16:07:32.407285,1.3273336,-0.5130178,-0.4288665,3.5117116,-2.1299343,1.4524848
1697,2026-05-11 16:07:32.410126,1.3273336,-0.5130178,-0.4288665,3.5117116,-2.1299343,1.4524848
1698,2026-05-11 16:07:32.412840,1.3273336,-0.5130178,-0.4288665,3.5117116,-2.1299343,1.4524848
1699,2026-05-11 16:07:32.415655,1.0084735,-0.5839365,-0.7326647,3.3399057,-1.5764905,1.8796324
1700,2026-05-11 16:07:32.418779,1.0084735,-0.5839365,-0.7326647,3.3399057,-1.5764905,1.8796324
1701,2026-05-11 16:07:32.421570,1.0084735,-0.5839365,-0.7326647,3.3399057,-1.5764905,1.8796324
1702,2026-05-11 16:07:32.424343,1.0987836,-0.6222924,-0.9627391,2.3504567,-0.23075435,2.8890872
1703,2026-05-11 16:07:32.427019,1.0987836,-0.6222924,-0.9627391,2.3504567,-0.23075435,2.8890872
1704,2026-05-11 16:07:32.429641,1.0987836,-0.6222924,-0.9627391,2.3504567,-0.23075435,2.8890872
1705,2026-05-11 16:07:32.432357,1.0987836,-0.6222924,-0.9627391,2.3504567,-0.23075435,2.8890872
1706,2026-05-11 16:07:32.435335,1.0987836,-0.6222924,-0.9627391,2.3504567,-0.23075435,2.8890872
1707,2026-05-11 16:07:32.438196,1.0987836,-0.6222924,-0.9627391,2.3504567,-0.23075435,2.8890872
1708,2026-05-11 16:07:32.440911,1.0987836,-0.6222924,-0.9627391,2.3504567,-0.23075435,2.8890872
1709,2026-05-11 16:07:32.443601,1.0987836,-0.6222924,-0.9627391,2.3504567,-0.23075435,2.8890872
1710,2026-05-11 16:07:32.446186,1.0987836,-0.6222924,-0.9627391,2.3504567,-0.23075435,2.8890872
1711,2026-05-11 16:07:32.449303,2.0708525,-0.47899136,-0.8041323,0.3642284,1.8860464,3.9521453
1712,2026-05-11 16:07:32.452341,2.0708525,-0.47899136,-0.8041323,0.3642284,1.8860464,3.9521453
1713,2026-05-11 16:07:32.454992,2.0708525,-0.47899136,-0.8041323,0.3642284,1.8860464,3.9521453
1714,2026-05-11 16:07:32.457576,2.0708525,-0.47899136,-0.8041323,0.3642284,1.8860464,3.9521453
1715,2026-05-11 16:07:32.460348,2.0708525,-0.47899136,-0.8041323,0.3642284,1.8860464,3.9521453
1716,2026-05-11 16:07:32.462990,2.0708525,-0.47899136,-0.8041323,0.3642284,1.8860464,3.9521453
1717,2026-05-11 16:07:32.465584,2.0708525,-0.47899136,-0.8041323,0.3642284,1.8860464,3.9521453
1718,2026-05-11 16:07:32.468692,2.0708525,-0.47899136,-0.8041323,0.3642284,1.8860464,3.9521453
1719,2026-05-11 16:07:32.471397,2.0708525,-0.47899136,-0.8041323,0.3642284,1.8860464,3.9521453
1720,2026-05-11 16:07:32.473985,2.0708525,-0.47899136,-0.8041323,0.3642284,1.8860464,3.9521453
1721,2026-05-11 16:07:32.476714,2.0708525,-0.47899136,-0.8041323,0.3642284,1.8860464,3.9521453
1722,2026-05-11 16:07:32.479312,2.0708525,-0.47899136,-0.8041323,0.3642284,1.8860464,3.9521453
1723,2026-05-11 16:07:32.482127,2.0708525,-0.47899136,-0.8041323,0.21380283,2.0222695,3.9538252
1724,2026-05-11 16:07:32.485169,2.0708525,-0.47899136,-0.8041323,0.21380283,2.0222695,3.9538252
1725,2026-05-11 16:07:32.488152,2.0708525,-0.47899136,-0.8041323,0.21380283,2.0222695,3.9538252
1726,2026-05-11 16:07:32.490909,2.0708525,-0.47899136,-0.8041323,0.21380283,2.0222695,3.9538252
1727,2026-05-11 16:07:32.493519,2.0708525,-0.47899136,-0.8041323,0.21380283,2.0222695,3.9538252
1728,2026-05-11 16:07:32.496288,2.0708525,-0.47899136,-0.8041323,0.21380283,2.0222695,3.9538252
1729,2026-05-11 16:07:32.498894,2.0708525,-0.47899136,-0.8041323,0.21380283,2.0222695,3.9538252
1730,2026-05-11 16:07:32.502074,2.0708525,-0.47899136,-0.8041323,0.21380283,2.0222695,3.9538252
1731,2026-05-11 16:07:32.504877,2.0708525,-0.47899136,-0.8041323,0.21380283,2.0222695,3.9538252
1732,2026-05-11 16:07:32.507500,2.0708525,-0.47899136,-0.8041323,0.21380283,2.0222695,3.9538252
1733,2026-05-11 16:07:32.510102,2.0708525,-0.47899136,-0.8041323,0.21380283,2.0222695,3.9538252
1734,2026-05-11 16:07:32.512793,2.0708525,-0.47899136,-0.8041323,0.21380283,2.0222695,3.9538252
1735,2026-05-11 16:07:32.515360,2.0708525,-0.47899136,-0.8041323,0.21380283,2.0222695,3.9538252
1736,2026-05-11 16:07:32.518766,2.0708525,-0.47899136,-0.8041323,0.21380283,2.0222695,3.9538252
1737,2026-05-11 16:07:32.521504,2.0708525,-0.47899136,-0.8041323,0.21380283,2.0222695,3.9538252
1738,2026-05-11 16:07:32.524207,2.0708525,-0.47899136,-0.8041323,0.21380283,2.0222695,3.9538252
1739,2026-05-11 16:07:32.526876,2.2158608,-0.38160762,-0.6460133,0.21380283,2.0222695,3.9538252
1740,2026-05-11 16:07:32.529668,2.2158608,-0.38160762,-0.6460133,0.21380283,2.0222695,3.9538252
1741,2026-05-11 16:07:32.532349,2.2158608,-0.38160762,-0.6460133,0.21380283,2.0222695,3.9538252
1742,2026-05-11 16:07:32.535480,2.2158608,-0.38160762,-0.6460133,0.21380283,2.0222695,3.9538252
1743,2026-05-11 16:07:32.538222,2.2158608,-0.38160762,-0.6460133,0.21380283,2.0222695,3.9538252
1744,2026-05-11 16:07:32.540896,2.2158608,-0.38160762,-0.6460133,0.21380283,2.0222695,3.9538252
1745,2026-05-11 16:07:32.543498,2.2158608,-0.38160762,-0.6460133,0.21380283,2.0222695,3.9538252
1746,2026-05-11 16:07:32.546123,2.2158608,-0.38160762,-0.6460133,0.21380283,2.0222695,3.9538252
1747,2026-05-11 16:07:32.548835,2.2158608,-0.38160762,-0.6460133,0.21380283,2.0222695,3.9538252
1748,2026-05-11 16:07:32.552126,2.2158608,-0.38160762,-0.6460133,0.21380283,2.0222695,3.9538252
1749,2026-05-11 16:07:32.554869,2.2158608,-0.38160762,-0.6460133,0.21380283,2.0222695,3.9538252
1750,2026-05-11 16:07:32.557522,2.2158608,-0.38160762,-0.6460133,0.21380283,2.0222695,3.9538252
1751,2026-05-11 16:07:32.560253,2.2158608,-0.38160762,-0.6460133,0.21380283,2.0222695,3.9538252
1752,2026-05-11 16:07:32.562840,2.2158608,-0.38160762,-0.6460133,0.21380283,2.0222695,3.9538252
1753,2026-05-11 16:07:32.565416,2.2158608,-0.38160762,-0.6460133,0.21380283,2.0222695,3.9538252
1754,2026-05-11 16:07:32.568654,2.2158608,-0.38160762,-0.6460133,0.21380283,2.0222695,3.9538252
1755,2026-05-11 16:07:32.571377,2.2158608,-0.38160762,-0.6460133,0.21380283,2.0222695,3.9538252
1756,2026-05-11 16:07:32.573981,2.2158608,-0.38160762,-0.6460133,0.21380283,2.0222695,3.9538252
1757,2026-05-11 16:07:32.576850,2.2158608,-0.38160762,-0.6460133,0.21380283,2.0222695,3.9538252
1758,2026-05-11 16:07:32.579460,2.2158608,-0.38160762,-0.6460133,0.21380283,2.0222695,3.9538252
1759,2026-05-11 16:07:32.582327,2.2158608,-0.38160762,-0.6460133,0.21380283,2.0222695,3.9538252
1760,2026-05-11 16:07:32.585532,2.2158608,-0.38160762,-0.6460133,0.6805039,1.7945694,3.6879463
1761,2026-05-11 16:07:32.588335,2.2158608,-0.38160762,-0.6460133,0.6805039,1.7945694,3.6879463
1762,2026-05-11 16:07:32.591018,2.2158608,-0.38160762,-0.6460133,0.6805039,1.7945694,3.6879463
1763,2026-05-11 16:07:32.593710,2.2158608,-0.38160762,-0.6460133,0.6805039,1.7945694,3.6879463
1764,2026-05-11 16:07:32.596451,2.4406912,-0.2072682,-0.39977944,0.6805039,1.7945694,3.6879463
1765,2026-05-11 16:07:32.599107,2.4406912,-0.2072682,-0.39977944,0.6805039,1.7945694,3.6879463
1766,2026-05-11 16:07:32.602338,2.4406912,-0.2072682,-0.39977944,0.6805039,1.7945694,3.6879463
1767,2026-05-11 16:07:32.605089,2.4406912,-0.2072682,-0.39977944,0.6805039,1.7945694,3.6879463
1768,2026-05-11 16:07:32.607677,2.4406912,-0.2072682,-0.39977944,0.6805039,1.7945694,3.6879463
1769,2026-05-11 16:07:32.610454,2.4406912,-0.2072682,-0.39977944,0.6805039,1.7945694,3.6879463
1770,2026-05-11 16:07:32.613136,2.4406912,-0.2072682,-0.39977944,0.6805039,1.7945694,3.6879463
1771,2026-05-11 16:07:32.615862,2.4406912,-0.2072682,-0.39977944,1.4514158,1.3571899,3.2667546
1772,2026-05-11 16:07:32.618780,2.4406912,-0.2072682,-0.39977944,1.4514158,1.3571899,3.2667546
1773,2026-05-11 16:07:32.621598,2.4406912,-0.2072682,-0.39977944,1.4514158,1.3571899,3.2667546
1774,2026-05-11 16:07:32.624338,2.4406912,-0.2072682,-0.39977944,1.4514158,1.3571899,3.2667546
1775,2026-05-11 16:07:32.627172,2.4406912,-0.2072682,-0.39977944,1.4514158,1.3571899,3.2667546
1776,2026-05-11 16:07:32.629791,2.4406912,-0.2072682,-0.39977944,1.4514158,1.3571899,3.2667546
1777,2026-05-11 16:07:32.632530,2.7997365,0.2403189,-0.47502774,1.4514158,1.3571899,3.2667546
1778,2026-05-11 16:07:32.635964,2.7997365,0.2403189,-0.47502774,1.4514158,1.3571899,3.2667546
1779,2026-05-11 16:07:32.638670,2.7997365,0.2403189,-0.47502774,1.4514158,1.3571899,3.2667546
1780,2026-05-11 16:07:32.641249,2.7997365,0.2403189,-0.47502774,1.4514158,1.3571899,3.2667546
1781,2026-05-11 16:07:32.644006,2.6418004,0.3155672,-0.76565444,3.3302846,-0.37598756,1.202641
1782,2026-05-11 16:07:32.646745,2.6418004,0.3155672,-0.76565444,3.3302846,-0.37598756,1.202641
1783,2026-05-11 16:07:32.649410,2.6418004,0.3155672,-0.76565444,3.3302846,-0.37598756,1.202641
1784,2026-05-11 16:07:32.652344,2.6418004,0.3155672,-0.76565444,3.3302846,-0.37598756,1.202641
1785,2026-05-11 16:07:32.655053,2.6418004,0.3155672,-0.76565444,3.3302846,-0.37598756,1.202641
1786,2026-05-11 16:07:32.657629,2.6418004,0.3155672,-0.76565444,3.3302846,-0.37598756,1.202641
1787,2026-05-11 16:07:32.660190,2.6418004,0.3155672,-0.76565444,3.3302846,-0.37598756,1.202641
1788,2026-05-11 16:07:32.663030,2.6418004,0.3155672,-0.76565444,3.3302846,-0.37598756,1.202641
1789,2026-05-11 16:07:32.665726,2.6418004,0.3155672,-0.76565444,3.3302846,-0.37598756,1.202641
1790,2026-05-11 16:07:32.669164,2.1661022,0.38679087,-1.2488533,3.3302846,-0.37598756,1.202641
1791,2026-05-11 16:07:32.671988,2.1661022,0.38679087,-1.2488533,3.3302846,-0.37598756,1.202641
1792,2026-05-11 16:07:32.674640,2.1661022,0.38679087,-1.2488533,3.3302846,-0.37598756,1.202641
1793,2026-05-11 16:07:32.677225,2.1661022,0.38679087,-1.2488533,3.3302846,-0.37598756,1.202641
1794,2026-05-11 16:07:32.679836,2.1661022,0.38679087,-1.2488533,3.3302846,-0.37598756,1.202641
1795,2026-05-11 16:07:32.682430,2.1661022,0.38679087,-1.2488533,3.3302846,-0.37598756,1.202641
1796,2026-05-11 16:07:32.685799,2.1661022,0.38679087,-1.2488533,3.3302846,-0.37598756,1.202641
1797,2026-05-11 16:07:32.688594,2.1661022,0.38679087,-1.2488533,3.3302846,-0.37598756,1.202641
1798,2026-05-11 16:07:32.691293,2.1661022,0.38679087,-1.2488533,3.3302846,-0.37598756,1.202641
1799,2026-05-11 16:07:32.694102,2.1661022,0.38679087,-1.2488533,3.3302846,-0.37598756,1.202641
1800,2026-05-11 16:07:32.696683,2.1661022,0.38679087,-1.2488533,3.3302846,-0.37598756,1.202641
1801,2026-05-11 16:07:32.699739,2.1661022,0.38679087,-1.2488533,3.249803,-1.0454959,0.20448714
1802,2026-05-11 16:07:32.702651,1.8634624,0.3825223,-1.4063625,2.3419046,-1.2545645,-0.44898596
1803,2026-05-11 16:07:32.705231,1.8634624,0.3825223,-1.4063625,2.3419046,-1.2545645,-0.44898596
1804,2026-05-11 16:07:32.707820,1.8634624,0.3825223,-1.4063625,2.3419046,-1.2545645,-0.44898596
1805,2026-05-11 16:07:32.710554,1.8634624,0.3825223,-1.4063625,2.3419046,-1.2545645,-0.44898596
1806,2026-05-11 16:07:32.713082,1.8634624,0.3825223,-1.4063625,2.3419046,-1.2545645,-0.44898596
1807,2026-05-11 16:07:32.715647,1.8634624,0.3825223,-1.4063625,2.3419046,-1.2545645,-0.44898596
1808,2026-05-11 16:07:32.718710,1.8634624,0.3825223,-1.4063625,2.3419046,-1.2545645,-0.44898596
1809,2026-05-11 16:07:32.721573,1.6799151,0.16641214,-1.080002,0.32910365,-0.63346726,-1.3106114
1810,2026-05-11 16:07:32.724150,1.6799151,0.16641214,-1.080002,0.32910365,-0.63346726,-1.3106114
1811,2026-05-11 16:07:32.726715,1.6799151,0.16641214,-1.080002,0.32910365,-0.63346726,-1.3106114
1812,2026-05-11 16:07:32.729589,1.6799151,0.16641214,-1.080002,0.32910365,-0.63346726,-1.3106114
1813,2026-05-11 16:07:32.732175,1.6224728,0.021525647,-0.9457869,0.32910365,-0.63346726,-1.3106114
1814,2026-05-11 16:07:32.735227,1.6224728,0.021525647,-0.9457869,0.32910365,-0.63346726,-1.3106114
1815,2026-05-11 16:07:32.737891,1.6224728,0.021525647,-0.9457869,0.32910365,-0.63346726,-1.3106114
1816,2026-05-11 16:07:32.740545,1.6224728,0.021525647,-0.9457869,0.32910365,-0.63346726,-1.3106114
1817,2026-05-11 16:07:32.743095,1.4661831,-0.14366692,-0.85236686,-0.42012256,-0.10247265,-1.7910569
1818,2026-05-11 16:07:32.745811,1.4661831,-0.14366692,-0.85236686,-0.42012256,-0.10247265,-1.7910569
1819,2026-05-11 16:07:32.748364,1.4661831,-0.14366692,-0.85236686,-0.83276206,0.23411411,-2.0653355
1820,2026-05-11 16:07:32.751465,1.4661831,-0.14366692,-0.85236686,-1.220356,0.41325033,-2.2838724
1821,2026-05-11 16:07:32.754127,1.4661831,-0.14366692,-0.85236686,-1.220356,0.41325033,-2.2838724
1822,2026-05-11 16:07:32.756841,1.4661831,-0.14366692,-0.85236686,-1.220356,0.41325033,-2.2838724
1823,2026-05-11 16:07:32.759446,1.4661831,-0.14366692,-0.85236686,-1.220356,0.41325033,-2.2838724
1824,2026-05-11 16:07:32.762032,1.4661831,-0.14366692,-0.85236686,-1.220356,0.41325033,-2.2838724
1825,2026-05-11 16:07:32.764628,1.4661831,-0.14366692,-0.85236686,-1.220356,0.41325033,-2.2838724
1826,2026-05-11 16:07:32.767850,1.3294069,-0.27269882,-0.7539464,-1.293049,0.36835176,-2.329382
1827,2026-05-11 16:07:32.770711,1.3294069,-0.27269882,-0.7539464,-1.293049,0.36835176,-2.329382
1828,2026-05-11 16:07:32.773509,1.3118448,-0.3217871,-0.728823,-1.293049,0.36835176,-2.329382
1829,2026-05-11 16:07:32.776322,1.3294069,-0.4616733,-0.7043094,-1.293049,0.36835176,-2.329382
1830,2026-05-11 16:07:32.779056,1.3294069,-0.4616733,-0.7043094,-1.293049,0.36835176,-2.329382
1831,2026-05-11 16:07:32.781764,1.3294069,-0.4616733,-0.7043094,-1.293049,0.36835176,-2.329382
1832,2026-05-11 16:07:32.784800,1.3294069,-0.4616733,-0.7043094,-1.4026994,-0.04520403,-2.3942864
1833,2026-05-11 16:07:32.787626,1.3294069,-0.4616733,-0.7043094,-1.4026994,-0.04520403,-2.3942864
1834,2026-05-11 16:07:32.790243,1.3294069,-0.4616733,-0.7043094,-1.4026994,-0.04520403,-2.3942864
1835,2026-05-11 16:07:32.792835,1.3294069,-0.4616733,-0.7043094,-1.4026994,-0.04520403,-2.3942864
1836,2026-05-11 16:07:32.795596,1.3294069,-0.4616733,-0.7043094,-1.4026994,-0.04520403,-2.3942864
1837,2026-05-11 16:07:32.798215,1.3294069,-0.4616733,-0.7043094,-1.4026994,-0.04520403,-2.3942864
1838,2026-05-11 16:07:32.801499,1.3294069,-0.4616733,-0.7043094,-1.4026994,-0.04520403,-2.3942864
1839,2026-05-11 16:07:32.804469,1.3294069,-0.4616733,-0.7043094,-1.4026994,-0.04520403,-2.3942864
1840,2026-05-11 16:07:32.807173,1.3294069,-0.4616733,-0.7043094,-1.4026994,-0.04520403,-2.3942864
1841,2026-05-11 16:07:32.809754,1.3294069,-0.4616733,-0.7043094,-1.4026994,-0.04520403,-2.3942864
1842,2026-05-11 16:07:32.812480,1.3294069,-0.4616733,-0.7043094,-1.4026994,-0.04520403,-2.3942864
1843,2026-05-11 16:07:32.815246,1.3294069,-0.4616733,-0.7043094,-1.4026994,-0.04520403,-2.3942864
1844,2026-05-11 16:07:32.818235,1.3294069,-0.4616733,-0.7043094,-1.4026994,-0.04520403,-2.3942864
1845,2026-05-11 16:07:32.821036,1.3294069,-0.4616733,-0.7043094,-1.4026994,-0.04520403,-2.3942864
1846,2026-05-11 16:07:32.823750,1.3294069,-0.4616733,-0.7043094,-1.4026994,-0.04520403,-2.3942864
1847,2026-05-11 16:07:32.826505,1.3294069,-0.4616733,-0.7043094,-1.4026994,-0.04520403,-2.3942864
1848,2026-05-11 16:07:32.829308,1.3294069,-0.4616733,-0.7043094,-1.4026994,-0.04520403,-2.3942864
1849,2026-05-11 16:07:32.832040,1.3294069,-0.4616733,-0.7043094,-1.4026994,-0.04520403,-2.3942864
1850,2026-05-11 16:07:32.835206,1.3294069,-0.4616733,-0.7043094,-1.4026994,-0.04520403,-2.3942864
1851,2026-05-11 16:07:32.838073,1.4220952,-0.5266771,-0.6914428,-1.3307699,-0.5016731,-2.4672847
1852,2026-05-11 16:07:32.840753,1.4220952,-0.5266771,-0.6914428,-1.3307699,-0.5016731,-2.4672847
1853,2026-05-11 16:07:32.843324,1.4220952,-0.5266771,-0.6914428,-1.3307699,-0.5016731,-2.4672847
1854,2026-05-11 16:07:32.846094,1.4220952,-0.5266771,-0.6914428,-1.3307699,-0.5016731,-2.4672847
1855,2026-05-11 16:07:32.848745,1.4220952,-0.5266771,-0.6914428,-1.3307699,-0.5016731,-2.4672847
1856,2026-05-11 16:07:32.852048,1.4220952,-0.5266771,-0.6914428,-1.3307699,-0.5016731,-2.4672847
1857,2026-05-11 16:07:32.854889,1.4220952,-0.5266771,-0.6914428,-1.3307699,-0.5016731,-2.4672847
1858,2026-05-11 16:07:32.857674,1.4220952,-0.5266771,-0.6914428,-1.2249376,-0.88025683,-2.5848763
1859,2026-05-11 16:07:32.860368,1.4220952,-0.5266771,-0.6914428,-1.2249376,-0.88025683,-2.5848763
1860,2026-05-11 16:07:32.863053,1.4220952,-0.5266771,-0.6914428,-1.2249376,-0.88025683,-2.5848763
1861,2026-05-11 16:07:32.865789,1.4504505,-0.57357,-0.6876011,-1.2249376,-0.88025683,-2.5848763
1862,2026-05-11 16:07:32.868797,1.4504505,-0.57357,-0.6876011,-1.2249376,-0.88025683,-2.5848763
1863,2026-05-11 16:07:32.872072,1.4504505,-0.57357,-0.6876011,-1.2249376,-0.88025683,-2.5848763
1864,2026-05-11 16:07:32.874785,1.4504505,-0.57357,-0.6876011,-1.2249376,-0.88025683,-2.5848763
1865,2026-05-11 16:07:32.877374,1.4504505,-0.57357,-0.6876011,-1.2249376,-0.88025683,-2.5848763
1866,2026-05-11 16:07:32.880104,1.4504505,-0.57357,-0.6876011,-1.2249376,-0.88025683,-2.5848763
1867,2026-05-11 16:07:32.882752,1.4504505,-0.57357,-0.6876011,-1.0613784,-1.2137892,-2.7032313
1868,2026-05-11 16:07:32.885566,1.4504505,-0.57357,-0.6876011,-1.0613784,-1.2137892,-2.7032313
1869,2026-05-11 16:07:32.889037,1.3556888,-0.646867,-0.646745,-1.0613784,-1.2137892,-2.7032313
1870,2026-05-11 16:07:32.891864,1.3556888,-0.646867,-0.646745,-1.0613784,-1.2137892,-2.7032313
1871,2026-05-11 16:07:32.894574,1.3556888,-0.646867,-0.646745,-1.0613784,-1.2137892,-2.7032313
1872,2026-05-11 16:07:32.897195,1.3556888,-0.646867,-0.646745,-1.0613784,-1.2137892,-2.7032313
1873,2026-05-11 16:07:32.900430,1.3556888,-0.646867,-0.646745,-1.0613784,-1.2137892,-2.7032313
1874,2026-05-11 16:07:32.903425,1.3556888,-0.646867,-0.646745,-1.0613784,-1.2137892,-2.7032313
1875,2026-05-11 16:07:32.906181,1.3556888,-0.646867,-0.646745,-0.9549351,-1.2861768,-2.7004826
1876,2026-05-11 16:07:32.908797,1.3556888,-0.646867,-0.646745,-0.9549351,-1.2861768,-2.7004826
1877,2026-05-11 16:07:32.911575,1.3556888,-0.646867,-0.646745,-0.9549351,-1.2861768,-2.7004826
1878,2026-05-11 16:07:32.914272,1.2522682,-0.6710147,-0.6307075,-0.9549351,-1.2861768,-2.7004826
1879,2026-05-11 16:07:32.917400,1.2522682,-0.6710147,-0.6307075,-0.9549351,-1.2861768,-2.7004826
1880,2026-05-11 16:07:32.920303,1.2522682,-0.6710147,-0.6307075,-0.9549351,-1.2861768,-2.7004826
1881,2026-05-11 16:07:32.923000,1.2522682,-0.6710147,-0.6307075,-0.9549351,-1.2861768,-2.7004826
1882,2026-05-11 16:07:32.925673,1.2522682,-0.6710147,-0.6307075,-0.9549351,-1.2861768,-2.7004826
1883,2026-05-11 16:07:32.928470,1.2522682,-0.6710147,-0.6307075,-0.9549351,-1.2861768,-2.7004826
1884,2026-05-11 16:07:32.931050,1.2522682,-0.6710147,-0.6307075,-0.9549351,-1.2861768,-2.7004826
1885,2026-05-11 16:07:32.934122,1.2522682,-0.6710147,-0.6307075,-0.9549351,-1.2861768,-2.7004826
1886,2026-05-11 16:07:32.936972,1.2522682,-0.6710147,-0.6307075,-0.9549351,-1.2861768,-2.7004826
1887,2026-05-11 16:07:32.939621,1.0551835,-0.6571725,-0.6752833,-0.9549351,-1.2861768,-2.7004826
1888,2026-05-11 16:07:32.942354,1.0551835,-0.6571725,-0.6752833,-0.9549351,-1.2861768,-2.7004826
1889,2026-05-11 16:07:32.945168,1.0551835,-0.6571725,-0.6752833,-0.77824235,-1.2921327,-2.5030203
1890,2026-05-11 16:07:32.973403,1.0551835,-0.6571725,-0.6752833,-0.77824235,-1.2921327,-2.5030203
1891,2026-05-11 16:07:32.977463,1.0551835,-0.6571725,-0.6752833,-0.77824235,-1.2921327,-2.5030203
1892,2026-05-11 16:07:32.982070,1.0551835,-0.6571725,-0.6752833,-0.77824235,-1.2921327,-2.5030203
1893,2026-05-11 16:07:32.986532,1.0551835,-0.6571725,-0.6752833,-0.77824235,-1.2921327,-2.5030203
1894,2026-05-11 16:07:32.989451,1.0551835,-0.6571725,-0.6752833,-0.77824235,-1.2921327,-2.5030203
1895,2026-05-11 16:07:32.992116,1.0551835,-0.6571725,-0.6752833,-0.77824235,-1.2921327,-2.5030203
1896,2026-05-11 16:07:32.994926,1.0551835,-0.6571725,-0.6752833,-0.77824235,-1.2921327,-2.5030203
1897,2026-05-11 16:07:32.997587,1.0551835,-0.6571725,-0.6752833,-0.77824235,-1.2921327,-2.5030203
1898,2026-05-11 16:07:33.000657,1.0551835,-0.6571725,-0.6752833,-0.77824235,-1.2921327,-2.5030203
1899,2026-05-11 16:07:33.003761,1.0337188,-0.6479037,-0.67339295,-0.77824235,-1.2921327,-2.5030203
1900,2026-05-11 16:07:33.006541,1.0337188,-0.6479037,-0.67339295,-0.74128497,-1.2916746,-2.363896
1901,2026-05-11 16:07:33.009426,1.0754896,-0.5733261,-0.59899837,-0.5337435,-1.45783,-2.1876612
1902,2026-05-11 16:07:33.012234,1.0754896,-0.5733261,-0.59899837,-0.5337435,-1.45783,-2.1876612
1903,2026-05-11 16:07:33.014988,1.0754896,-0.5733261,-0.59899837,-0.5337435,-1.45783,-2.1876612
1904,2026-05-11 16:07:33.017912,1.0754896,-0.5733261,-0.59899837,-0.5337435,-1.45783,-2.1876612
1905,2026-05-11 16:07:33.020763,1.0754896,-0.5733261,-0.59899837,-0.5337435,-1.45783,-2.1876612
1906,2026-05-11 16:07:33.023359,1.0754896,-0.5733261,-0.59899837,-0.5337435,-1.45783,-2.1876612
1907,2026-05-11 16:07:33.025999,1.0754896,-0.5733261,-0.59899837,-0.5337435,-1.45783,-2.1876612
1908,2026-05-11 16:07:33.028881,1.0754896,-0.5733261,-0.59899837,-0.5337435,-1.45783,-2.1876612
1909,2026-05-11 16:07:33.031544,1.0754896,-0.5733261,-0.59899837,-0.5337435,-1.45783,-2.1876612
1910,2026-05-11 16:07:33.034558,1.0754896,-0.5733261,-0.59899837,-0.5337435,-1.45783,-2.1876612
1911,2026-05-11 16:07:33.037289,1.0754896,-0.5733261,-0.59899837,-0.5337435,-1.45783,-2.1876612
1912,2026-05-11 16:07:33.039916,1.0754896,-0.5733261,-0.59899837,-0.5337435,-1.45783,-2.1876612
1913,2026-05-11 16:07:33.042845,1.0680501,-0.4921019,-0.5603376,-0.5337435,-1.45783,-2.1876612
1914,2026-05-11 16:07:33.045743,1.0680501,-0.4921019,-0.5603376,-0.5337435,-1.45783,-2.1876612
1915,2026-05-11 16:07:33.048503,1.0680501,-0.4921019,-0.5603376,-0.5337435,-1.45783,-2.1876612
1916,2026-05-11 16:07:33.051717,0.9830452,-0.45819747,-0.5362508,-0.14538592,-1.9672915,-2.2264512
1917,2026-05-11 16:07:33.054662,0.9830452,-0.45819747,-0.5362508,-0.14538592,-1.9672915,-2.2264512
1918,2026-05-11 16:07:33.057397,0.9830452,-0.45819747,-0.5362508,0.26206118,-2.5938866,-2.351984
1919,2026-05-11 16:07:33.060194,0.9830452,-0.45819747,-0.5362508,0.26206118,-2.5938866,-2.351984
1920,2026-05-11 16:07:33.062818,0.9830452,-0.45819747,-0.5362508,0.26206118,-2.5938866,-2.351984
1921,2026-05-11 16:07:33.065613,0.9830452,-0.45819747,-0.5362508,0.26206118,-2.5938866,-2.351984
1922,2026-05-11 16:07:33.068745,0.6860156,-0.37081432,-0.6214387,0.72036284,-3.5905132,-2.4312437
1923,2026-05-11 16:07:33.071578,0.6860156,-0.37081432,-0.6214387,0.72036284,-3.5905132,-2.4312437
1924,2026-05-11 16:07:33.074440,0.6860156,-0.37081432,-0.6214387,0.72036284,-3.5905132,-2.4312437
1925,2026-05-11 16:07:33.077220,0.6860156,-0.37081432,-0.6214387,0.72036284,-3.5905132,-2.4312437
1926,2026-05-11 16:07:33.080010,0.6860156,-0.37081432,-0.6214387,0.72036284,-3.5905132,-2.4312437
1927,2026-05-11 16:07:33.082823,0.1255561,-0.15488708,-0.53350675,0.8885035,-4.2685738,-2.3588562
1928,2026-05-11 16:07:33.086047,0.1255561,-0.15488708,-0.53350675,1.0041097,-4.9861875,-2.0925188
1929,2026-05-11 16:07:33.088808,0.1255561,-0.15488708,-0.53350675,1.0041097,-4.9861875,-2.0925188
1930,2026-05-11 16:07:33.091536,0.1255561,-0.15488708,-0.53350675,1.0041097,-4.9861875,-2.0925188
1931,2026-05-11 16:07:33.094253,0.1255561,-0.15488708,-0.53350675,1.0041097,-4.9861875,-2.0925188
1932,2026-05-11 16:07:33.096843,0.1255561,-0.15488708,-0.53350675,1.0041097,-4.9861875,-2.0925188
1933,2026-05-11 16:07:33.099458,0.1255561,-0.15488708,-0.53350675,1.0041097,-4.9861875,-2.0925188
1934,2026-05-11 16:07:33.102788,0.1255561,-0.15488708,-0.53350675,1.0041097,-4.9861875,-2.0925188
1935,2026-05-11 16:07:33.105542,0.1255561,-0.15488708,-0.53350675,1.0041097,-4.9861875,-2.0925188
1936,2026-05-11 16:07:33.108241,0.1255561,-0.15488708,-0.53350675,1.0041097,-4.9861875,-2.0925188
1937,2026-05-11 16:07:33.110983,-0.022257395,-0.020610958,-0.5955225,1.0041097,-4.9861875,-2.0925188
1938,2026-05-11 16:07:33.113774,-0.022257395,-0.020610958,-0.5955225,0.79320854,-5.2048774,-1.5997033
1939,2026-05-11 16:07:33.116981,-0.022257395,-0.020610958,-0.5955225,0.79320854,-5.2048774,-1.5997033
1940,2026-05-11 16:07:33.119797,-0.022257395,-0.020610958,-0.5955225,0.79320854,-5.2048774,-1.5997033
1941,2026-05-11 16:07:33.122480,-0.022257395,-0.020610958,-0.5955225,0.79320854,-5.2048774,-1.5997033
1942,2026-05-11 16:07:33.125243,-0.022257395,-0.020610958,-0.5955225,0.79320854,-5.2048774,-1.5997033
1943,2026-05-11 16:07:33.127998,-0.022257395,-0.020610958,-0.5955225,0.79320854,-5.2048774,-1.5997033
1944,2026-05-11 16:07:33.130648,-0.022257395,-0.020610958,-0.5955225,0.79320854,-5.2048774,-1.5997033
1945,2026-05-11 16:07:33.133687,-0.022257395,-0.020610958,-0.5955225,0.79320854,-5.2048774,-1.5997033
1946,2026-05-11 16:07:33.136762,-0.022257395,-0.020610958,-0.5955225,0.44043383,-4.9996266,-1.3257303
1947,2026-05-11 16:07:33.139476,-0.022257395,-0.020610958,-0.5955225,0.44043383,-4.9996266,-1.3257303
1948,2026-05-11 16:07:33.142212,-0.022257395,-0.020610958,-0.5955225,0.44043383,-4.9996266,-1.3257303
1949,2026-05-11 16:07:33.145161,-0.004573438,0.042868353,-0.6483915,0.44043383,-4.9996266,-1.3257303
1950,2026-05-11 16:07:33.147811,-0.004573438,0.042868353,-0.6483915,0.44043383,-4.9996266,-1.3257303
1951,2026-05-11 16:07:33.150746,0.08274873,0.12317792,-0.6531479,0.44043383,-4.9996266,-1.3257303
1952,2026-05-11 16:07:33.153573,0.08274873,0.12317792,-0.6531479,0.44043383,-4.9996266,-1.3257303
1953,2026-05-11 16:07:33.156369,-0.14000817,0.18068127,-0.5599107,-2.3600779,-1.3933836,-0.9558514
1954,2026-05-11 16:07:33.159138,-0.14000817,0.18068127,-0.5599107,-2.3600779,-1.3933836,-0.9558514
1955,2026-05-11 16:07:33.161757,-0.14000817,0.18068127,-0.5599107,-2.3600779,-1.3933836,-0.9558514
1956,2026-05-11 16:07:33.164316,-0.14000817,0.18068127,-0.5599107,-2.3600779,-1.3933836,-0.9558514
1957,2026-05-11 16:07:33.167462,-0.14000817,0.18068127,-0.5599107,-2.3600779,-1.3933836,-0.9558514
1958,2026-05-11 16:07:33.170232,-0.14000817,0.18068127,-0.5599107,-2.3600779,-1.3933836,-0.9558514
1959,2026-05-11 16:07:33.172898,-0.14000817,0.18068127,-0.5599107,-2.3600779,-1.3933836,-0.9558514
1960,2026-05-11 16:07:33.175660,-0.14000817,0.18068127,-0.5599107,-2.3600779,-1.3933836,-0.9558514
1961,2026-05-11 16:07:33.178412,-0.14000817,0.18068127,-0.5599107,-2.3600779,-1.3933836,-0.9558514
1962,2026-05-11 16:07:33.181192,-0.14000817,0.18068127,-0.5599107,-2.3600779,-1.3933836,-0.9558514
1963,2026-05-11 16:07:33.184348,-0.14000817,0.18068127,-0.5599107,-2.3600779,-1.3933836,-0.9558514
1964,2026-05-11 16:07:33.187239,-0.14000817,0.18068127,-0.5599107,-2.3600779,-1.3933836,-0.9558514
1965,2026-05-11 16:07:33.189929,-0.14000817,0.18068127,-0.5599107,-2.3600779,-1.3933836,-0.9558514
1966,2026-05-11 16:07:33.192648,-0.14000817,0.18068127,-0.5599107,-2.3600779,-1.3933836,-0.9558514
1967,2026-05-11 16:07:33.195413,-0.14000817,0.18068127,-0.5599107,-2.7973046,-0.7454083,-0.852157
1968,2026-05-11 16:07:33.198129,-0.14000817,0.18068127,-0.5599107,-2.7973046,-0.7454083,-0.852157
1969,2026-05-11 16:07:33.201299,-0.14000817,0.18068127,-0.5599107,-2.7973046,-0.7454083,-0.852157
1970,2026-05-11 16:07:33.204126,-0.14000817,0.18068127,-0.5599107,-2.7973046,-0.7454083,-0.852157
1971,2026-05-11 16:07:33.206878,-0.14000817,0.18068127,-0.5599107,-2.7973046,-0.7454083,-0.852157
1972,2026-05-11 16:07:33.209577,-0.14000817,0.18068127,-0.5599107,-2.7973046,-0.7454083,-0.852157
1973,2026-05-11 16:07:33.212422,-0.45441675,0.24361177,-0.31562817,-2.7973046,-0.7454083,-0.852157
1974,2026-05-11 16:07:33.215158,-0.45441675,0.24361177,-0.31562817,-2.7973046,-0.7454083,-0.852157
1975,2026-05-11 16:07:33.218203,-0.45441675,0.24361177,-0.31562817,-2.7973046,-0.7454083,-0.852157
1976,2026-05-11 16:07:33.220948,-0.45441675,0.24361177,-0.31562817,-2.7973046,-0.7454083,-0.852157
1977,2026-05-11 16:07:33.223565,-0.45441675,0.24361177,-0.31562817,-3.010802,-0.34880406,-0.6609562
1978,2026-05-11 16:07:33.226346,-0.45441675,0.24361177,-0.31562817,-3.010802,-0.34880406,-0.6609562
1979,2026-05-11 16:07:33.229041,-0.45441675,0.24361177,-0.31562817,-3.010802,-0.34880406,-0.6609562
1980,2026-05-11 16:07:33.231719,-0.45441675,0.24361177,-0.31562817,-3.010802,-0.34880406,-0.6609562
1981,2026-05-11 16:07:33.234856,-0.45441675,0.24361177,-0.31562817,-3.010802,-0.34880406,-0.6609562
1982,2026-05-11 16:07:33.237676,-0.45441675,0.24361177,-0.31562817,-3.010802,-0.34880406,-0.6609562
1983,2026-05-11 16:07:33.240333,-0.45441675,0.24361177,-0.31562817,-3.010802,-0.34880406,-0.6609562
1984,2026-05-11 16:07:33.243074,-0.45441675,0.24361177,-0.31562817,-3.010802,-0.34880406,-0.6609562
1985,2026-05-11 16:07:33.245747,-0.6486354,0.28635818,-0.1015913,-3.010802,-0.34880406,-0.6609562
1986,2026-05-11 16:07:33.248559,-0.6486354,0.28635818,-0.1015913,-3.010802,-0.34880406,-0.6609562
1987,2026-05-11 16:07:33.251585,-0.6486354,0.28635818,-0.1015913,-3.010802,-0.34880406,-0.6609562
1988,2026-05-11 16:07:33.254425,-0.6486354,0.28635818,-0.1015913,-2.7904325,-0.12996158,-0.31108314
1989,2026-05-11 16:07:33.257226,-0.99097246,0.38282722,-0.006768687,-2.3898575,0.013439035,0.120493166
1990,2026-05-11 16:07:33.259928,-0.99097246,0.38282722,-0.006768687,-2.3898575,0.013439035,0.120493166
1991,2026-05-11 16:07:33.262528,-0.99097246,0.38282722,-0.006768687,-1.9075794,0.06047566,0.8246681
1992,2026-05-11 16:07:33.265373,-0.99097246,0.38282722,-0.006768687,-1.9075794,0.06047566,0.8246681
1993,2026-05-11 16:07:33.268309,-0.99097246,0.38282722,-0.006768687,-1.9075794,0.06047566,0.8246681
1994,2026-05-11 16:07:33.271017,-0.99097246,0.38282722,-0.006768687,-1.9075794,0.06047566,0.8246681
1995,2026-05-11 16:07:33.273649,-0.99097246,0.38282722,-0.006768687,-1.9075794,0.06047566,0.8246681
1996,2026-05-11 16:07:33.276336,-1.1595799,0.52990896,-0.14043503,-1.9075794,0.06047566,0.8246681
1997,2026-05-11 16:07:33.279189,-1.1595799,0.52990896,-0.14043503,-1.9075794,0.06047566,0.8246681
1998,2026-05-11 16:07:33.281967,-1.3645308,0.6269878,-0.3634968,-1.6125315,-0.075289145,1.5273159
1999,2026-05-11 16:07:33.285069,-1.3645308,0.6269878,-0.3634968,-1.6125315,-0.075289145,1.5273159
2000,2026-05-11 16:07:33.288084,-1.3645308,0.6269878,-0.3634968,-1.5357152,-0.18325958,2.0977113
2001,2026-05-11 16:07:33.290789,-1.3645308,0.6269878,-0.3634968,-1.5357152,-0.18325958,2.0977113
2002,2026-05-11 16:07:33.293405,-1.3645308,0.6269878,-0.3634968,-1.5357152,-0.18325958,2.0977113
2003,2026-05-11 16:07:33.296043,-1.3645308,0.6269878,-0.3634968,-1.5357152,-0.18325958,2.0977113
2004,2026-05-11 16:07:33.298647,-1.3645308,0.6269878,-0.3634968,-1.5357152,-0.18325958,2.0977113
2005,2026-05-11 16:07:33.301801,-1.3645308,0.6269878,-0.3634968,-1.5357152,-0.18325958,2.0977113
2006,2026-05-11 16:07:33.304606,-1.3645308,0.6269878,-0.3634968,-1.5357152,-0.18325958,2.0977113
2007,2026-05-11 16:07:33.307485,-1.3007466,0.6961382,-0.3314218,-1.4764613,0.301462,3.604563
2008,2026-05-11 16:07:33.310238,-1.3007466,0.6961382,-0.3314218,-1.4764613,0.301462,3.604563
2009,2026-05-11 16:07:33.312837,-1.3007466,0.6961382,-0.3314218,-1.4764613,0.301462,3.604563
2010,2026-05-11 16:07:33.315362,-1.3007466,0.6961382,-0.3314218,-1.4764613,0.301462,3.604563
2011,2026-05-11 16:07:33.318500,-1.3007466,0.6961382,-0.3314218,-1.4764613,0.301462,3.604563
2012,2026-05-11 16:07:33.321238,-1.3007466,0.6961382,-0.3314218,-1.5389223,0.77366084,4.187023
2013,2026-05-11 16:07:33.323840,-1.3007466,0.6961382,-0.3314218,-1.5389223,0.77366084,4.187023
2014,2026-05-11 16:07:33.326658,-1.3007466,0.6961382,-0.3314218,-1.5389223,0.77366084,4.187023
2015,2026-05-11 16:07:33.329258,-1.3007466,0.6961382,-0.3314218,-1.5389223,0.77366084,4.187023
2016,2026-05-11 16:07:33.331957,-1.3007466,0.6961382,-0.3314218,-1.5389223,0.77366084,4.187023
2017,2026-05-11 16:07:33.334970,-1.3007466,0.6961382,-0.3314218,-1.5389223,0.77366084,4.187023
2018,2026-05-11 16:07:33.337894,-1.1492743,0.81096196,-0.4293543,-1.5389223,0.77366084,4.187023
2019,2026-05-11 16:07:33.340480,-1.1492743,0.81096196,-0.4293543,-1.5389223,0.77366084,4.187023
2020,2026-05-11 16:07:33.343131,-0.6158286,1.1694585,-0.57039917,-1.9478966,1.5697709,4.915022
2021,2026-05-11 16:07:33.345876,-0.6158286,1.1694585,-0.57039917,-2.0839667,1.811979,5.191133
2022,2026-05-11 16:07:33.348423,-0.6158286,1.1694585,-0.57039917,-2.0839667,1.811979,5.191133
2023,2026-05-11 16:07:33.351621,-0.5264941,1.2219615,-0.58936363,-2.0839667,1.811979,5.191133
2024,2026-05-11 16:07:33.354503,-0.5264941,1.2219615,-0.58936363,-2.0839667,1.811979,5.191133
2025,2026-05-11 16:07:33.357198,-0.5264941,1.2219615,-0.58936363,-1.8197676,1.7108809,4.9405255
2026,2026-05-11 16:07:33.359817,-0.5264941,1.2219615,-0.58936363,-1.8197676,1.7108809,4.9405255
2027,2026-05-11 16:07:33.362533,-0.398072,1.5916783,-0.7217494,-1.5650368,1.5861117,4.722599
2028,2026-05-11 16:07:33.365278,-0.398072,1.5916783,-0.7217494,-1.5650368,1.5861117,4.722599
2029,2026-05-11 16:07:33.368649,-0.398072,1.5916783,-0.7217494,-1.5650368,1.5861117,4.722599
2030,2026-05-11 16:07:33.371558,-0.398072,1.5916783,-0.7217494,-1.5650368,1.5861117,4.722599
2031,2026-05-11 16:07:33.374379,-0.398072,1.5916783,-0.7217494,-1.5650368,1.5861117,4.722599
2032,2026-05-11 16:07:33.377132,-0.398072,1.5916783,-0.7217494,-1.5650368,1.5861117,4.722599
2033,2026-05-11 16:07:33.379923,-0.398072,1.5916783,-0.7217494,-1.5650368,1.5861117,4.722599
2034,2026-05-11 16:07:33.382519,-0.398072,1.5916783,-0.7217494,-1.5650368,1.5861117,4.722599
2035,2026-05-11 16:07:33.385733,-0.398072,1.5916783,-0.7217494,-1.5650368,1.5861117,4.722599
2036,2026-05-11 16:07:33.388538,-0.398072,1.5916783,-0.7217494,-1.5650368,1.5861117,4.722599
2037,2026-05-11 16:07:33.391161,-0.398072,1.5916783,-0.7217494,-1.5650368,1.5861117,4.722599
2038,2026-05-11 16:07:33.393818,-0.398072,1.5916783,-0.7217494,-1.5650368,1.5861117,4.722599
2039,2026-05-11 16:07:33.396380,-0.398072,1.5916783,-0.7217494,-1.5650368,1.5861117,4.722599
2040,2026-05-11 16:07:33.399158,-0.398072,1.5916783,-0.7217494,-1.5650368,1.5861117,4.722599
2041,2026-05-11 16:07:33.402229,-0.44417223,1.7540047,-0.8543791,-1.5650368,1.5861117,4.722599
2042,2026-05-11 16:07:33.405112,-0.44417223,1.7540047,-0.8543791,-1.229519,1.3715452,4.376544
2043,2026-05-11 16:07:33.407762,-0.44417223,1.7540047,-0.8543791,-1.229519,1.3715452,4.376544
2044,2026-05-11 16:07:33.410353,-0.44417223,1.7540047,-0.8543791,-1.229519,1.3715452,4.376544
2045,2026-05-11 16:07:33.413050,-0.44417223,1.7540047,-0.8543791,-1.229519,1.3715452,4.376544
2046,2026-05-11 16:07:33.415622,-0.44417223,1.7540047,-0.8543791,-1.229519,1.3715452,4.376544
2047,2026-05-11 16:07:33.418793,-0.44417223,1.7540047,-0.8543791,-1.229519,1.3715452,4.376544
2048,2026-05-11 16:07:33.421704,-0.44417223,1.7540047,-0.8543791,-1.229519,1.3715452,4.376544
2049,2026-05-11 16:07:33.424334,-0.44417223,1.7540047,-0.8543791,-1.229519,1.3715452,4.376544
2050,2026-05-11 16:07:33.427050,-0.44417223,1.7540047,-0.8543791,-1.229519,1.3715452,4.376544
2051,2026-05-11 16:07:33.429945,-0.4554534,1.9579191,-1.0948809,-0.98944896,1.1682798,4.049273
2052,2026-05-11 16:07:33.432668,-0.4554534,1.9579191,-1.0948809,-0.98944896,1.1682798,4.049273
2053,2026-05-11 16:07:33.435774,-0.4554534,1.9579191,-1.0948809,-0.98944896,1.1682798,4.049273
2054,2026-05-11 16:07:33.438617,-0.4554534,1.9579191,-1.0948809,-0.7991645,0.99265605,3.5549302
2055,2026-05-11 16:07:33.441430,-0.4554534,1.9579191,-1.0948809,-0.7991645,0.99265605,3.5549302
2056,2026-05-11 16:07:33.444083,-0.4554534,1.9579191,-1.0948809,-0.7991645,0.99265605,3.5549302
2057,2026-05-11 16:07:33.446765,-0.4554534,1.9579191,-1.0948809,-0.7991645,0.99265605,3.5549302
2058,2026-05-11 16:07:33.449385,-0.4554534,1.9579191,-1.0948809,-0.7991645,0.99265605,3.5549302
2059,2026-05-11 16:07:33.452589,-0.4554534,1.9579191,-1.0948809,-0.7991645,0.99265605,3.5549302
2060,2026-05-11 16:07:33.455294,-0.4554534,1.9579191,-1.0948809,-0.7991645,0.99265605,3.5549302
2061,2026-05-11 16:07:33.457908,-0.4554534,1.9579191,-1.0948809,-0.7991645,0.99265605,3.5549302
2062,2026-05-11 16:07:33.460727,-0.4554534,1.9579191,-1.0948809,-0.63117653,0.93233305,2.8334985
2063,2026-05-11 16:07:33.463526,-0.5277137,2.1054277,-1.100613,-0.36575556,0.9645562,1.6986635
2064,2026-05-11 16:07:33.466504,-0.5277137,2.1054277,-1.100613,-0.36575556,0.9645562,1.6986635
2065,2026-05-11 16:07:33.469342,-0.41996354,2.0469487,-1.0511589,-0.36575556,0.9645562,1.6986635
2066,2026-05-11 16:07:33.472027,-0.41996354,2.0469487,-1.0511589,-0.36575556,0.9645562,1.6986635
2067,2026-05-11 16:07:33.474609,-0.41996354,2.0469487,-1.0511589,-0.36575556,0.9645562,1.6986635
2068,2026-05-11 16:07:33.477471,-0.41996354,2.0469487,-1.0511589,-0.36575556,0.9645562,1.6986635
2069,2026-05-11 16:07:33.480190,-0.41996354,2.0469487,-1.0511589,-0.18325958,0.9815077,0.97051215
2070,2026-05-11 16:07:33.483045,-0.35563052,1.9802375,-1.0116444,-0.03772093,0.9767735,0.4877759
2071,2026-05-11 16:07:33.486171,-0.27025968,1.8215088,-0.95139694,0.42332962,0.93722,-0.6603453
2072,2026-05-11 16:07:33.488924,-0.27025968,1.8215088,-0.95139694,0.42332962,0.93722,-0.6603453
2073,2026-05-11 16:07:33.491561,-0.27025968,1.8215088,-0.95139694,0.42332962,0.93722,-0.6603453
2074,2026-05-11 16:07:33.494431,-0.27025968,1.8215088,-0.95139694,0.42332962,0.93722,-0.6603453
2075,2026-05-11 16:07:33.497141,-0.27025968,1.8215088,-0.95139694,0.42332962,0.93722,-0.6603453
2076,2026-05-11 16:07:33.499879,-0.27025968,1.8215088,-0.95139694,0.70631295,0.8229882,-1.2579242
2077,2026-05-11 16:07:33.503008,-0.27025968,1.8215088,-0.95139694,0.70631295,0.8229882,-1.2579242
2078,2026-05-11 16:07:33.505898,-0.27025968,1.8215088,-0.95139694,0.70631295,0.8229882,-1.2579242
2079,2026-05-11 16:07:33.508587,-0.27025968,1.8215088,-0.95139694,0.70631295,0.8229882,-1.2579242
2080,2026-05-11 16:07:33.511305,-0.22769623,1.6585723,-0.9720689,0.70631295,0.8229882,-1.2579242
2081,2026-05-11 16:07:33.514025,-0.22769623,1.6585723,-0.9720689,0.70631295,0.8229882,-1.2579242
2082,2026-05-11 16:07:33.517102,-0.22769623,1.6585723,-0.9720689,0.70631295,0.8229882,-1.2579242
2083,2026-05-11 16:07:33.519818,-0.22769623,1.6585723,-0.9720689,0.70631295,0.8229882,-1.2579242
2084,2026-05-11 16:07:33.522389,-0.22769623,1.6585723,-0.9720689,0.70631295,0.8229882,-1.2579242
2085,2026-05-11 16:07:33.525168,-0.22769623,1.6585723,-0.9720689,0.70631295,0.8229882,-1.2579242
2086,2026-05-11 16:07:33.527786,-0.22769623,1.6585723,-0.9720689,0.70631295,0.8229882,-1.2579242
2087,2026-05-11 16:07:33.530381,-0.22769623,1.6585723,-0.9720689,0.70631295,0.8229882,-1.2579242
2088,2026-05-11 16:07:33.533120,-0.22769623,1.6585723,-0.9720689,0.70631295,0.8229882,-1.2579242
2089,2026-05-11 16:07:33.536139,-0.24166043,1.5242963,-1.0338409,0.9790643,0.52381694,-1.9234619
2090,2026-05-11 16:07:33.538862,-0.24166043,1.5242963,-1.0338409,0.9790643,0.52381694,-1.9234619
2091,2026-05-11 16:07:33.541527,-0.24166043,1.5242963,-1.0338409,0.9790643,0.52381694,-1.9234619
2092,2026-05-11 16:07:33.544183,-0.24166043,1.5242963,-1.0338409,0.9790643,0.52381694,-1.9234619
2093,2026-05-11 16:07:33.546905,-0.24166043,1.5242963,-1.0338409,0.9790643,0.52381694,-1.9234619
2094,2026-05-11 16:07:33.549541,-0.24166043,1.5242963,-1.0338409,0.9790643,0.52381694,-1.9234619
2095,2026-05-11 16:07:33.553053,-0.24166043,1.5242963,-1.0338409,0.9790643,0.52381694,-1.9234619
2096,2026-05-11 16:07:33.556008,-0.3784977,1.331724,-1.0909173,1.0711522,0.2564107,-2.3243423
2097,2026-05-11 16:07:33.558819,-0.3784977,1.331724,-1.0909173,1.0711522,0.2564107,-2.3243423
2098,2026-05-11 16:07:33.561543,-0.3784977,1.331724,-1.0909173,1.026559,0.053603426,-2.605951
2099,2026-05-11 16:07:33.564204,-0.3784977,1.331724,-1.0909173,1.026559,0.053603426,-2.605951
2100,2026-05-11 16:07:33.567320,-0.3784977,1.331724,-1.0909173,1.026559,0.053603426,-2.605951
2101,2026-05-11 16:07:33.570066,-0.3784977,1.331724,-1.0909173,1.026559,0.053603426,-2.605951
2102,2026-05-11 16:07:33.572909,-0.52204263,1.2280595,-1.0415852,0.711658,0.0154243475,-2.7999008
2103,2026-05-11 16:07:33.575580,-0.52204263,1.2280595,-1.0415852,0.711658,0.0154243475,-2.7999008
2104,2026-05-11 16:07:33.578186,-0.52204263,1.2280595,-1.0415852,0.711658,0.0154243475,-2.7999008
2105,2026-05-11 16:07:33.581113,-0.52204263,1.2280595,-1.0415852,0.711658,0.0154243475,-2.7999008
2106,2026-05-11 16:07:33.584396,-0.52204263,1.2280595,-1.0415852,0.711658,0.0154243475,-2.7999008
2107,2026-05-11 16:07:33.587327,-0.52204263,1.2280595,-1.0415852,0.711658,0.0154243475,-2.7999008
2108,2026-05-11 16:07:33.590106,-0.52204263,1.2280595,-1.0415852,0.711658,0.0154243475,-2.7999008
2109,2026-05-11 16:07:33.592918,-0.52204263,1.2280595,-1.0415852,0.34681875,0.24495697,-2.777299
2110,2026-05-11 16:07:33.595549,-0.6171092,1.1540308,-0.8615746,0.34681875,0.24495697,-2.777299
2111,2026-05-11 16:07:33.598339,-0.6171092,1.1540308,-0.8615746,0.34681875,0.24495697,-2.777299
2112,2026-05-11 16:07:33.601474,-0.6171092,1.1540308,-0.8615746,0.34681875,0.24495697,-2.777299
2113,2026-05-11 16:07:33.604362,-0.6171092,1.1540308,-0.8615746,0.34681875,0.24495697,-2.777299
2114,2026-05-11 16:07:33.607034,-0.6171092,1.1540308,-0.8615746,0.34681875,0.24495697,-2.777299
2115,2026-05-11 16:07:33.609636,-0.6171092,1.1540308,-0.8615746,0.34681875,0.24495697,-2.777299
2116,2026-05-11 16:07:33.612407,-0.6171092,1.1540308,-0.8615746,0.34681875,0.24495697,-2.777299
2117,2026-05-11 16:07:33.614996,-0.6171092,1.1540308,-0.8615746,0.34681875,0.24495697,-2.777299
2118,2026-05-11 16:07:33.618521,-0.6986993,1.0829899,-0.58405846,0.16783522,0.626595,-2.620459
2119,2026-05-11 16:07:33.621498,-0.6986993,1.0829899,-0.58405846,0.16783522,0.626595,-2.620459
2120,2026-05-11 16:07:33.624278,-0.6986993,1.0829899,-0.58405846,0.16783522,0.626595,-2.620459
2121,2026-05-11 16:07:33.627187,-0.6986993,1.0829899,-0.58405846,0.16783522,0.626595,-2.620459
2122,2026-05-11 16:07:33.629971,-0.6986993,1.0829899,-0.58405846,0.16783522,0.626595,-2.620459
2123,2026-05-11 16:07:33.632586,-0.6986993,1.0829899,-0.58405846,0.16783522,0.626595,-2.620459
2124,2026-05-11 16:07:33.636022,-0.6986993,1.0829899,-0.58405846,0.16783522,0.626595,-2.620459
2125,2026-05-11 16:07:33.638794,-0.6986993,1.0829899,-0.58405846,0.16783522,0.626595,-2.620459
2126,2026-05-11 16:07:33.641710,-0.6986993,1.0829899,-0.58405846,0.16783522,0.626595,-2.620459
2127,2026-05-11 16:07:33.644628,-0.74486053,0.92999333,-0.19616999,0.2518292,0.86742866,-2.4020748
2128,2026-05-11 16:07:33.647421,-0.74486053,0.92999333,-0.19616999,0.2518292,0.86742866,-2.4020748
2129,2026-05-11 16:07:33.650576,-0.74486053,0.92999333,-0.19616999,0.2518292,0.86742866,-2.4020748
2130,2026-05-11 16:07:33.653497,-0.74486053,0.92999333,-0.19616999,0.2518292,0.86742866,-2.4020748
2131,2026-05-11 16:07:33.656494,-0.74486053,0.92999333,-0.19616999,0.2518292,0.86742866,-2.4020748
2132,2026-05-11 16:07:33.659346,-0.74486053,0.92999333,-0.19616999,0.2518292,0.86742866,-2.4020748
2133,2026-05-11 16:07:33.662278,-0.6358908,0.8858444,-0.052686002,0.5386304,0.98364574,-2.1439843
2134,2026-05-11 16:07:33.664902,-0.6358908,0.8858444,-0.052686002,0.5386304,0.98364574,-2.1439843
2135,2026-05-11 16:07:33.668658,-0.6358908,0.8858444,-0.052686002,1.1189524,0.9007208,-1.794264
2136,2026-05-11 16:07:33.671882,-0.6358908,0.8858444,-0.052686002,1.1189524,0.9007208,-1.794264
2137,2026-05-11 16:07:33.674716,-0.29635876,0.91511434,-0.0074394583,2.233018,0.35811976,-1.5552629
2138,2026-05-11 16:07:33.677565,-0.21226847,0.9329202,-0.076711796,2.7669141,0.04550946,-1.6045903
2139,2026-05-11 16:07:33.680220,-0.21226847,0.9329202,-0.076711796,2.7669141,0.04550946,-1.6045903
2140,2026-05-11 16:07:33.683451,-0.21226847,0.9329202,-0.076711796,2.7669141,0.04550946,-1.6045903
2141,2026-05-11 16:07:33.686817,-0.21623214,1.0208522,-0.29166338,3.5381315,-0.5742133,-1.730734
2142,2026-05-11 16:07:33.689649,-0.21623214,1.0208522,-0.29166338,3.5381315,-0.5742133,-1.730734
2143,2026-05-11 16:07:33.692362,-0.21623214,1.0208522,-0.29166338,3.5381315,-0.5742133,-1.730734
2144,2026-05-11 16:07:33.695181,-0.21623214,1.0208522,-0.29166338,3.5381315,-0.5742133,-1.730734
2145,2026-05-11 16:07:33.697839,-0.21623214,1.0208522,-0.29166338,3.5381315,-0.5742133,-1.730734
2146,2026-05-11 16:07:33.701182,-0.21623214,1.0208522,-0.29166338,3.5381315,-0.5742133,-1.730734
2147,2026-05-11 16:07:33.704234,-0.21269535,1.0247549,-0.56186205,3.8664715,-1.0253373,-1.8532125
2148,2026-05-11 16:07:33.706959,-0.2183664,0.92566377,-1.0562812,3.4422257,-1.3232869,-2.249664
2149,2026-05-11 16:07:33.709784,-0.2183664,0.92566377,-1.0562812,3.4422257,-1.3232869,-2.249664
2150,2026-05-11 16:07:33.712588,-0.2183664,0.92566377,-1.0562812,3.4422257,-1.3232869,-2.249664
2151,2026-05-11 16:07:33.715331,-0.2183664,0.92566377,-1.0562812,3.4422257,-1.3232869,-2.249664
2152,2026-05-11 16:07:33.718850,-0.2183664,0.92566377,-1.0562812,3.4422257,-1.3232869,-2.249664
2153,2026-05-11 16:07:33.721708,-0.2183664,0.92566377,-1.0562812,3.4422257,-1.3232869,-2.249664
2154,2026-05-11 16:07:33.724579,-0.2183664,0.92566377,-1.0562812,3.4422257,-1.3232869,-2.249664
2155,2026-05-11 16:07:33.727323,-0.2183664,0.92566377,-1.0562812,3.4422257,-1.3232869,-2.249664
2156,2026-05-11 16:07:33.730110,-0.48521125,0.75120234,-1.243792,1.012051,0.036957346,-2.196977
2157,2026-05-11 16:07:33.732776,-0.48521125,0.75120234,-1.243792,1.012051,0.036957346,-2.196977
2158,2026-05-11 16:07:33.735870,-0.48521125,0.75120234,-1.243792,1.012051,0.036957346,-2.196977
2159,2026-05-11 16:07:33.738951,-0.48521125,0.75120234,-1.243792,1.012051,0.036957346,-2.196977
2160,2026-05-11 16:07:33.741621,-0.74278724,0.5798509,-1.2384869,1.012051,0.036957346,-2.196977
2161,2026-05-11 16:07:33.744407,-0.74278724,0.5798509,-1.2384869,1.012051,0.036957346,-2.196977
2162,2026-05-11 16:07:33.747169,-0.74278724,0.5798509,-1.2384869,1.012051,0.036957346,-2.196977
2163,2026-05-11 16:07:33.750034,-0.74278724,0.5798509,-1.2384869,1.012051,0.036957346,-2.196977
2164,2026-05-11 16:07:33.753820,-0.74278724,0.5798509,-1.2384869,1.012051,0.036957346,-2.196977
2165,2026-05-11 16:07:33.756609,-0.74278724,0.5798509,-1.2384869,1.012051,0.036957346,-2.196977
2166,2026-05-11 16:07:33.759329,-0.74278724,0.5798509,-1.2384869,1.012051,0.036957346,-2.196977
2167,2026-05-11 16:07:33.762082,-0.74278724,0.5798509,-1.2384869,1.012051,0.036957346,-2.196977
2168,2026-05-11 16:07:33.764726,-0.74278724,0.5798509,-1.2384869,1.012051,0.036957346,-2.196977
2169,2026-05-11 16:07:33.768006,-0.88151485,0.4871626,-1.1604335,0.17211129,0.70096785,-1.7637206
2170,2026-05-11 16:07:33.770983,-0.88151485,0.4871626,-1.1604335,0.17211129,0.70096785,-1.7637206
2171,2026-05-11 16:07:33.773642,-0.88151485,0.4871626,-1.1604335,0.17211129,0.70096785,-1.7637206
2172,2026-05-11 16:07:33.776642,-0.88151485,0.4871626,-1.1604335,0.17211129,0.70096785,-1.7637206
2173,2026-05-11 16:07:33.779413,-0.88151485,0.4871626,-1.1604335,0.17211129,0.70096785,-1.7637206
2174,2026-05-11 16:07:33.782410,-1.0768311,0.31428665,-0.8641968,0.17211129,0.70096785,-1.7637206
2175,2026-05-11 16:07:33.785609,-1.0768311,0.31428665,-0.8641968,0.17211129,0.70096785,-1.7637206
2176,2026-05-11 16:07:33.788577,-1.0768311,0.31428665,-0.8641968,-0.5662721,1.2815952,-0.96745783
2177,2026-05-11 16:07:33.791289,-1.0768311,0.31428665,-0.8641968,-0.5662721,1.2815952,-0.96745783
2178,2026-05-11 16:07:33.793933,-1.0768311,0.31428665,-0.8641968,-0.5662721,1.2815952,-0.96745783
2179,2026-05-11 16:07:33.796823,-1.0768311,0.31428665,-0.8641968,-0.5662721,1.2815952,-0.96745783
2180,2026-05-11 16:07:33.799508,-1.0768311,0.31428665,-0.8641968,-0.5662721,1.2815952,-0.96745783
2181,2026-05-11 16:07:33.803057,-1.0768311,0.31428665,-0.8641968,-0.5662721,1.2815952,-0.96745783
2182,2026-05-11 16:07:33.805878,-1.129822,0.25330746,-0.71851754,-0.5662721,1.2815952,-0.96745783
2183,2026-05-11 16:07:33.808717,-1.129822,0.25330746,-0.71851754,-0.5662721,1.2815952,-0.96745783
2184,2026-05-11 16:07:33.811656,-1.129822,0.25330746,-0.71851754,-0.7144069,1.4103352,-0.5726862
2185,2026-05-11 16:07:33.814297,-1.129822,0.25330746,-0.71851754,-0.7144069,1.4103352,-0.5726862
2186,2026-05-11 16:07:33.817836,-1.129822,0.25330746,-0.71851754,-0.7144069,1.4103352,-0.5726862
2187,2026-05-11 16:07:33.820793,-1.129822,0.25330746,-0.71851754,-0.7144069,1.4103352,-0.5726862
2188,2026-05-11 16:07:33.823580,-1.129822,0.25330746,-0.71851754,-0.7144069,1.4103352,-0.5726862
2189,2026-05-11 16:07:33.826335,-1.129822,0.25330746,-0.71851754,-0.7144069,1.4103352,-0.5726862
2190,2026-05-11 16:07:33.829283,-0.9326154,0.19946286,-0.09031015,-0.7144069,1.4103352,-0.5726862
2191,2026-05-11 16:07:33.831991,-0.9326154,0.19946286,-0.09031015,-0.7144069,1.4103352,-0.5726862
2192,2026-05-11 16:07:33.835091,-0.9326154,0.19946286,-0.09031015,-0.7144069,1.4103352,-0.5726862
2193,2026-05-11 16:07:33.837988,-0.9326154,0.19946286,-0.09031015,-0.7144069,1.4103352,-0.5726862
2194,2026-05-11 16:07:33.840702,-0.9326154,0.19946286,-0.09031015,-0.27885997,1.1633929,1.2559389
2195,2026-05-11 16:07:33.843539,-0.13836174,0.30202982,0.17458336,1.2342533,0.12614368,2.4222333
2196,2026-05-11 16:07:33.846195,-0.13836174,0.30202982,0.17458336,1.2342533,0.12614368,2.4222333
2197,2026-05-11 16:07:33.849081,-0.13836174,0.30202982,0.17458336,1.2342533,0.12614368,2.4222333
2198,2026-05-11 16:07:33.852335,-0.13836174,0.30202982,0.17458336,1.2342533,0.12614368,2.4222333
2199,2026-05-11 16:07:33.854992,-0.13836174,0.30202982,0.17458336,1.2342533,0.12614368,2.4222333
2200,2026-05-11 16:07:33.857653,-0.13836174,0.30202982,0.17458336,1.2342533,0.12614368,2.4222333
2201,2026-05-11 16:07:33.860421,-0.13836174,0.30202982,0.17458336,1.2342533,0.12614368,2.4222333
2202,2026-05-11 16:07:33.863250,-0.13836174,0.30202982,0.17458336,1.2342533,0.12614368,2.4222333
2203,2026-05-11 16:07:33.865969,0.5121031,0.3272752,0.1621436,1.2342533,0.12614368,2.4222333
2204,2026-05-11 16:07:33.869093,0.5121031,0.3272752,0.1621436,1.2342533,0.12614368,2.4222333
2205,2026-05-11 16:07:33.871865,0.5121031,0.3272752,0.1621436,1.2342533,0.12614368,2.4222333
2206,2026-05-11 16:07:33.874630,0.8324875,0.28885832,-0.24714857,2.2084305,-0.4738787,2.4191792
2207,2026-05-11 16:07:33.877329,0.8324875,0.28885832,-0.24714857,2.2084305,-0.4738787,2.4191792
2208,2026-05-11 16:07:33.880018,0.8324875,0.28885832,-0.24714857,2.2084305,-0.4738787,2.4191792
2209,2026-05-11 16:07:33.883086,0.8324875,0.28885832,-0.24714857,3.7794232,-1.3077098,1.7896825
2210,2026-05-11 16:07:33.886043,0.8324875,0.28885832,-0.24714857,3.7794232,-1.3077098,1.7896825
2211,2026-05-11 16:07:33.888747,0.8324875,0.28885832,-0.24714857,3.7794232,-1.3077098,1.7896825
2212,2026-05-11 16:07:33.891609,0.8324875,0.28885832,-0.24714857,3.7794232,-1.3077098,1.7896825
2213,2026-05-11 16:07:33.894238,0.8324875,0.28885832,-0.24714857,3.7794232,-1.3077098,1.7896825
2214,2026-05-11 16:07:33.896982,0.8324875,0.28885832,-0.24714857,3.7794232,-1.3077098,1.7896825
2215,2026-05-11 16:07:33.899959,0.8324875,0.28885832,-0.24714857,4.136321,-1.2925909,1.4337007
2216,2026-05-11 16:07:33.902941,0.8324875,0.28885832,-0.24714857,4.136321,-1.2925909,1.4337007
2217,2026-05-11 16:07:33.905802,0.8324875,0.28885832,-0.24714857,4.136321,-1.2925909,1.4337007
2218,2026-05-11 16:07:33.908477,0.68449116,0.25556368,-0.743397,4.136321,-1.2925909,1.4337007
2219,2026-05-11 16:07:33.911181,0.68449116,0.25556368,-0.743397,4.136321,-1.2925909,1.4337007
2220,2026-05-11 16:07:33.913946,0.5895466,0.17196125,-1.021523,3.7615554,-0.93294394,1.3550519
2221,2026-05-11 16:07:33.916850,0.54637337,0.014878917,-1.100491,3.7615554,-0.93294394,1.3550519
2222,2026-05-11 16:07:33.920041,0.54637337,0.014878917,-1.100491,3.7615554,-0.93294394,1.3550519
2223,2026-05-11 16:07:33.922935,0.5497272,-0.11671413,-1.0297552,2.1843014,0.22311853,1.4698945
2224,2026-05-11 16:07:33.925693,0.5497272,-0.11671413,-1.0297552,2.1843014,0.22311853,1.4698945
2225,2026-05-11 16:07:33.928457,0.5497272,-0.11671413,-1.0297552,2.1843014,0.22311853,1.4698945
2226,2026-05-11 16:07:33.931077,0.5497272,-0.11671413,-1.0297552,2.1843014,0.22311853,1.4698945
2227,2026-05-11 16:07:33.934261,0.5497272,-0.11671413,-1.0297552,2.1843014,0.22311853,1.4698945
2228,2026-05-11 16:07:33.937205,0.5497272,-0.11671413,-1.0297552,2.1843014,0.22311853,1.4698945
2229,2026-05-11 16:07:33.939838,0.5497272,-0.11671413,-1.0297552,2.1843014,0.22311853,1.4698945
2230,2026-05-11 16:07:33.942612,0.5497272,-0.11671413,-1.0297552,2.1843014,0.22311853,1.4698945
2231,2026-05-11 16:07:33.945256,0.5497272,-0.11671413,-1.0297552,2.1843014,0.22311853,1.4698945
2232,2026-05-11 16:07:33.947954,0.5497272,-0.11671413,-1.0297552,2.1843014,0.22311853,1.4698945
2233,2026-05-11 16:07:33.951043,0.5497272,-0.11671413,-1.0297552,1.4023939,0.6261369,1.5364788
2234,2026-05-11 16:07:33.953907,0.5497272,-0.11671413,-1.0297552,1.4023939,0.6261369,1.5364788
2235,2026-05-11 16:07:33.956520,0.5497272,-0.11671413,-1.0297552,1.4023939,0.6261369,1.5364788
2236,2026-05-11 16:07:33.959392,0.6261341,-0.23184279,-0.93042016,1.4023939,0.6261369,1.5364788
2237,2026-05-11 16:07:33.962127,0.6261341,-0.23184279,-0.93042016,1.4023939,0.6261369,1.5364788
2238,2026-05-11 16:07:33.964894,0.9235905,-0.45862433,-0.7706547,0.8959866,0.420428,1.287704
2239,2026-05-11 16:07:33.967962,0.9235905,-0.45862433,-0.7706547,0.8959866,0.420428,1.287704
2240,2026-05-11 16:07:33.970771,0.9235905,-0.45862433,-0.7706547,0.8959866,0.420428,1.287704
2241,2026-05-11 16:07:33.973606,0.9235905,-0.45862433,-0.7706547,0.8959866,0.420428,1.287704
2242,2026-05-11 16:07:33.976331,0.9235905,-0.45862433,-0.7706547,0.8959866,0.420428,1.287704
2243,2026-05-11 16:07:33.978983,0.9235905,-0.45862433,-0.7706547,0.8959866,0.420428,1.287704
2244,2026-05-11 16:07:33.981827,0.9235905,-0.45862433,-0.7706547,0.8959866,0.420428,1.287704
2245,2026-05-11 16:07:33.985018,0.9235905,-0.45862433,-0.7706547,0.8959866,0.420428,1.287704
2246,2026-05-11 16:07:33.987903,0.9235905,-0.45862433,-0.7706547,0.86361074,0.1693624,1.0800097
2247,2026-05-11 16:07:33.990607,0.9235905,-0.45862433,-0.7706547,0.86361074,0.1693624,1.0800097
2248,2026-05-11 16:07:33.993311,0.9098092,-0.5818632,-0.7029069,0.86361074,0.1693624,1.0800097
2249,2026-05-11 16:07:33.996097,0.9098092,-0.5818632,-0.7029069,0.86361074,0.1693624,1.0800097
2250,2026-05-11 16:07:33.998932,0.9098092,-0.5818632,-0.7029069,0.86361074,0.1693624,1.0800097
2251,2026-05-11 16:07:34.002065,0.9098092,-0.5818632,-0.7029069,0.84742284,0.05589417,1.0606148
2252,2026-05-11 16:07:34.004893,0.9098092,-0.5818632,-0.7029069,0.84742284,0.05589417,1.0606148
2253,2026-05-11 16:07:34.007598,0.86590415,-0.6411349,-0.68912554,0.84742284,0.05589417,1.0606148
2254,2026-05-11 16:07:34.010301,0.86590415,-0.6411349,-0.68912554,0.84742284,0.05589417,1.0606148
2255,2026-05-11 16:07:34.013099,0.86590415,-0.6411349,-0.68912554,0.84742284,0.05589417,1.0606148
2256,2026-05-11 16:07:34.015702,0.86590415,-0.6411349,-0.68912554,0.84742284,0.05589417,1.0606148
2257,2026-05-11 16:07:34.018975,0.86590415,-0.6411349,-0.68912554,0.84742284,0.05589417,1.0606148
2258,2026-05-11 16:07:34.021910,0.86602616,-0.65345275,-0.73345745,0.6731735,0.11575896,1.2179126
2259,2026-05-11 16:07:34.024600,0.90169895,-0.6583921,-0.77467936,0.45875978,0.29642236,1.404532
2260,2026-05-11 16:07:34.027337,0.90169895,-0.6583921,-0.77467936,0.45875978,0.29642236,1.404532
2261,2026-05-11 16:07:34.030031,0.90169895,-0.6583921,-0.77467936,0.45875978,0.29642236,1.404532
2262,2026-05-11 16:07:34.032670,1.0665256,-0.65619683,-0.72827417,-0.15668693,0.9283624,1.9372064
2263,2026-05-11 16:07:34.036055,1.0665256,-0.65619683,-0.72827417,-0.15668693,0.9283624,1.9372064
2264,2026-05-11 16:07:34.038883,1.0665256,-0.65619683,-0.72827417,-0.15668693,0.9283624,1.9372064
2265,2026-05-11 16:07:34.041620,1.0665256,-0.65619683,-0.72827417,-0.15668693,0.9283624,1.9372064
2266,2026-05-11 16:07:34.044478,1.0665256,-0.65619683,-0.72827417,-0.15668693,0.9283624,1.9372064
2267,2026-05-11 16:07:34.047142,1.0665256,-0.65619683,-0.72827417,-0.15668693,0.9283624,1.9372064
2268,2026-05-11 16:07:34.049770,1.1996433,-0.6354029,-0.6843692,-0.15668693,0.9283624,1.9372064
2269,2026-05-11 16:07:34.053215,1.1996433,-0.6354029,-0.6843692,-0.43569964,1.2449434,2.1852176
2270,2026-05-11 16:07:34.055970,1.1996433,-0.6354029,-0.6843692,-0.43569964,1.2449434,2.1852176
2271,2026-05-11 16:07:34.058622,1.1996433,-0.6354029,-0.6843692,-0.43569964,1.2449434,2.1852176
2272,2026-05-11 16:07:34.061399,1.4011183,-0.58796114,-0.667356,-0.43569964,1.2449434,2.1852176
2273,2026-05-11 16:07:34.064232,1.5537492,-0.52710396,-0.63009775,-0.8019133,1.647809,2.4390323
2274,2026-05-11 16:07:34.067361,1.5537492,-0.52710396,-0.63009775,-0.8019133,1.647809,2.4390323
2275,2026-05-11 16:07:34.070289,1.5537492,-0.52710396,-0.63009775,-0.8019133,1.647809,2.4390323
2276,2026-05-11 16:07:34.073176,1.5537492,-0.52710396,-0.63009775,-0.8019133,1.647809,2.4390323
2277,2026-05-11 16:07:34.075939,1.5537492,-0.52710396,-0.63009775,-0.8019133,1.647809,2.4390323
2278,2026-05-11 16:07:34.078601,1.5537492,-0.52710396,-0.63009775,-0.8019133,1.647809,2.4390323
2279,2026-05-11 16:07:34.081332,1.6028984,-0.45350206,-0.6024132,-0.8019133,1.647809,2.4390323
2280,2026-05-11 16:07:34.084306,1.6028984,-0.45350206,-0.6024132,-0.8019133,1.647809,2.4390323
2281,2026-05-11 16:07:34.087003,1.6028984,-0.45350206,-0.6024132,-0.8019133,1.647809,2.4390323
2282,2026-05-11 16:07:34.089586,1.6028984,-0.45350206,-0.6024132,-0.8019133,1.647809,2.4390323
2283,2026-05-11 16:07:34.092171,1.6028984,-0.45350206,-0.6024132,-0.8060367,1.6627752,2.392759
2284,2026-05-11 16:07:34.094990,1.6028984,-0.45350206,-0.6024132,-0.8060367,1.6627752,2.392759
2285,2026-05-11 16:07:34.097589,1.6028984,-0.45350206,-0.6024132,-0.8060367,1.6627752,2.392759
2286,2026-05-11 16:07:34.100720,1.6028984,-0.45350206,-0.6024132,-0.8060367,1.6627752,2.392759
2287,2026-05-11 16:07:34.103570,1.6028984,-0.45350206,-0.6024132,-0.5177083,1.4425583,2.1568124
2288,2026-05-11 16:07:34.122392,1.6028984,-0.45350206,-0.6024132,-0.5177083,1.4425583,2.1568124
2289,2026-05-11 16:07:34.132174,1.6028984,-0.45350206,-0.6024132,-0.5177083,1.4425583,2.1568124
2290,2026-05-11 16:07:34.138815,1.6028984,-0.45350206,-0.6024132,-0.5177083,1.4425583,2.1568124
2291,2026-05-11 16:07:34.143945,1.6028984,-0.45350206,-0.6024132,-0.5177083,1.4425583,2.1568124
2292,2026-05-11 16:07:34.146831,1.6028984,-0.45350206,-0.6024132,-0.5177083,1.4425583,2.1568124
2293,2026-05-11 16:07:34.149730,1.6299732,-0.2680644,-0.52490866,-0.5177083,1.4425583,2.1568124
2294,2026-05-11 16:07:34.153162,1.6299732,-0.2680644,-0.52490866,-0.5177083,1.4425583,2.1568124
2295,2026-05-11 16:07:34.155972,1.6299732,-0.2680644,-0.52490866,-0.5177083,1.4425583,2.1568124
2296,2026-05-11 16:07:34.158704,1.6299732,-0.2680644,-0.52490866,-0.5177083,1.4425583,2.1568124
2297,2026-05-11 16:07:34.161593,1.6367419,-0.13909347,-0.52643317,-0.5177083,1.4425583,2.1568124
2298,2026-05-11 16:07:34.164340,1.6367419,-0.13909347,-0.52643317,0.14767668,0.88346386,1.6333009
2299,2026-05-11 16:07:34.167647,1.6367419,-0.13909347,-0.52643317,0.14767668,0.88346386,1.6333009
2300,2026-05-11 16:07:34.170539,1.6367419,-0.13909347,-0.52643317,0.14767668,0.88346386,1.6333009
2301,2026-05-11 16:07:34.173464,1.6367419,-0.13909347,-0.52643317,0.14767668,0.88346386,1.6333009
2302,2026-05-11 16:07:34.176237,1.6367419,-0.13909347,-0.52643317,0.14767668,0.88346386,1.6333009
2303,2026-05-11 16:07:34.178975,1.5883853,0.14671588,-0.80876666,0.28237244,0.56169057,1.2524265
2304,2026-05-11 16:07:34.181742,1.5883853,0.14671588,-0.80876666,0.28237244,0.56169057,1.2524265
2305,2026-05-11 16:07:34.184925,1.5883853,0.14671588,-0.80876666,0.28237244,0.56169057,1.2524265
2306,2026-05-11 16:07:34.187727,1.5883853,0.14671588,-0.80876666,0.21762075,0.40393466,1.0494665
2307,2026-05-11 16:07:34.190476,1.5883853,0.14671588,-0.80876666,0.21762075,0.40393466,1.0494665
2308,2026-05-11 16:07:34.193127,1.569055,0.22019579,-0.8865151,0.21762075,0.40393466,1.0494665
2309,2026-05-11 16:07:34.195744,1.569055,0.22019579,-0.8865151,0.21762075,0.40393466,1.0494665
2310,2026-05-11 16:07:34.198455,1.569055,0.22019579,-0.8865151,0.21762075,0.40393466,1.0494665
2311,2026-05-11 16:07:34.201492,1.569055,0.22019579,-0.8865151,0.21762075,0.40393466,1.0494665
2312,2026-05-11 16:07:34.204315,1.569055,0.22019579,-0.8865151,0.21762075,0.40393466,1.0494665
2313,2026-05-11 16:07:34.206986,1.569055,0.22019579,-0.8865151,0.21762075,0.40393466,1.0494665
2314,2026-05-11 16:07:34.209765,1.569055,0.22019579,-0.8865151,0.21762075,0.40393466,1.0494665
2315,2026-05-11 16:07:34.212607,1.569055,0.22019579,-0.8865151,0.21762075,0.40393466,1.0494665
2316,2026-05-11 16:07:34.215275,1.569055,0.22019579,-0.8865151,0.21762075,0.40393466,1.0494665
2317,2026-05-11 16:07:34.218568,1.6598529,0.30843264,-0.90737003,0.21762075,0.40393466,1.0494665
2318,2026-05-11 16:07:34.221405,1.6598529,0.30843264,-0.90737003,0.21762075,0.40393466,1.0494665
2319,2026-05-11 16:07:34.224113,1.6598529,0.30843264,-0.90737003,-0.1704314,0.24190263,0.56153786
2320,2026-05-11 16:07:34.226887,1.6598529,0.30843264,-0.90737003,-0.1704314,0.24190263,0.56153786
2321,2026-05-11 16:07:34.229662,1.6598529,0.30843264,-0.90737003,-0.1704314,0.24190263,0.56153786
2322,2026-05-11 16:07:34.232455,1.7207712,0.3287387,-0.8778561,-0.28115073,0.2602286,0.3481932
2323,2026-05-11 16:07:34.235476,1.7207712,0.3287387,-0.8778561,-0.28115073,0.2602286,0.3481932
2324,2026-05-11 16:07:34.238197,1.7207712,0.3287387,-0.8778561,-0.28115073,0.2602286,0.3481932
2325,2026-05-11 16:07:34.240938,1.7207712,0.3287387,-0.8778561,-0.28115073,0.2602286,0.3481932
2326,2026-05-11 16:07:34.243654,1.7207712,0.3287387,-0.8778561,-0.28115073,0.2602286,0.3481932
2327,2026-05-11 16:07:34.246330,1.7207712,0.3287387,-0.8778561,-0.28115073,0.2602286,0.3481932
2328,2026-05-11 16:07:34.249056,1.7207712,0.3287387,-0.8778561,-0.28115073,0.2602286,0.3481932
2329,2026-05-11 16:07:34.251964,1.7207712,0.3287387,-0.8778561,-0.28115073,0.2602286,0.3481932
2330,2026-05-11 16:07:34.254876,1.9726762,0.2733696,-0.7197371,-0.45982882,0.2764165,-0.6123924
2331,2026-05-11 16:07:34.257565,2.0941465,0.14805742,-0.6786981,-0.45982882,0.2764165,-0.6123924
2332,2026-05-11 16:07:34.260256,2.0941465,0.14805742,-0.6786981,-0.45982882,0.2764165,-0.6123924
2333,2026-05-11 16:07:34.262845,2.0941465,0.14805742,-0.6786981,-0.45982882,0.2764165,-0.6123924
2334,2026-05-11 16:07:34.265629,2.0941465,0.14805742,-0.6786981,-0.3640757,0.15225816,-1.4248432
2335,2026-05-11 16:07:34.268842,2.0941465,0.14805742,-0.6786981,-0.3640757,0.15225816,-1.4248432
2336,2026-05-11 16:07:34.271679,2.0941465,0.14805742,-0.6786981,-0.3640757,0.15225816,-1.4248432
2337,2026-05-11 16:07:34.274383,2.0941465,0.14805742,-0.6786981,-0.3640757,0.15225816,-1.4248432
2338,2026-05-11 16:07:34.277121,2.0941465,0.14805742,-0.6786981,-0.3640757,0.15225816,-1.4248432
2339,2026-05-11 16:07:34.279775,2.0941465,0.14805742,-0.6786981,-0.2648101,-0.0016798794,-1.9443841
2340,2026-05-11 16:07:34.282442,2.0941465,0.14805742,-0.6786981,-0.2648101,-0.0016798794,-1.9443841
2341,2026-05-11 16:07:34.285447,2.0941465,0.14805742,-0.6786981,-0.2648101,-0.0016798794,-1.9443841
2342,2026-05-11 16:07:34.288253,2.0937808,0.028050419,-0.6931502,-0.2648101,-0.0016798794,-1.9443841
2343,2026-05-11 16:07:34.290977,2.0937808,0.028050419,-0.6931502,-0.2648101,-0.0016798794,-1.9443841
2344,2026-05-11 16:07:34.293821,1.9241976,-0.22970851,-0.7358966,-0.2648101,-0.0016798794,-1.9443841
2345,2026-05-11 16:07:34.296528,1.9241976,-0.22970851,-0.7358966,-0.2648101,-0.0016798794,-1.9443841
2346,2026-05-11 16:07:34.299436,1.9241976,-0.22970851,-0.7358966,-0.07238753,-0.46838093,-2.8286116
2347,2026-05-11 16:07:34.302512,1.9241976,-0.22970851,-0.7358966,-0.07238753,-0.46838093,-2.8286116
2348,2026-05-11 16:07:34.305349,1.9241976,-0.22970851,-0.7358966,0.07040222,-1.0322095,-3.2520938
2349,2026-05-11 16:07:34.308087,1.6447302,-0.453624,-0.746385,0.07040222,-1.0322095,-3.2520938
2350,2026-05-11 16:07:34.310904,1.6447302,-0.453624,-0.746385,0.07040222,-1.0322095,-3.2520938
2351,2026-05-11 16:07:34.313691,1.5276501,-0.54460496,-0.74705577,0.15485434,-1.6794213,-3.1354187
2352,2026-05-11 16:07:34.316479,1.411058,-0.6415618,-0.7399822,0.15485434,-1.6794213,-3.1354187
2353,2026-05-11 16:07:34.319663,1.411058,-0.6415618,-0.7399822,0.15485434,-1.6794213,-3.1354187
2354,2026-05-11 16:07:34.322356,1.411058,-0.6415618,-0.7399822,0.15485434,-1.6794213,-3.1354187
2355,2026-05-11 16:07:34.325031,1.4583777,-0.64211065,-0.7218104,0.17394388,-1.9517145,-2.9451342
2356,2026-05-11 16:07:34.327705,1.4583777,-0.64211065,-0.7218104,0.17394388,-1.9517145,-2.9451342
2357,2026-05-11 16:07:34.330463,1.7227836,-0.585339,-0.7030898,0.17394388,-1.9517145,-2.9451342
2358,2026-05-11 16:07:34.333640,1.8062639,-0.56802094,-0.71876144,0.19425514,-2.3092234,-2.8852692
2359,2026-05-11 16:07:34.336421,1.8062639,-0.56802094,-0.71876144,0.19135354,-2.3585508,-2.9492574
2360,2026-05-11 16:07:34.339149,1.8062639,-0.56802094,-0.71876144,-0.04337143,-2.4121542,-3.3987014
2361,2026-05-11 16:07:34.341866,1.8062639,-0.56802094,-0.71876144,-0.04337143,-2.4121542,-3.3987014
2362,2026-05-11 16:07:34.344610,1.93743,-0.48984566,-0.9215172,-0.04337143,-2.4121542,-3.3987014
2363,2026-05-11 16:07:34.347296,1.93743,-0.48984566,-0.9215172,-0.04337143,-2.4121542,-3.3987014
2364,2026-05-11 16:07:34.349979,1.93743,-0.48984566,-0.9215172,-0.04337143,-2.4121542,-3.3987014
2365,2026-05-11 16:07:34.353221,1.93743,-0.48984566,-0.9215172,-0.04337143,-2.4121542,-3.3987014
2366,2026-05-11 16:07:34.356085,1.93743,-0.48984566,-0.9215172,-0.04337143,-2.4121542,-3.3987014
2367,2026-05-11 16:07:34.358755,1.7410163,-0.43081784,-1.0429267,-0.04337143,-2.4121542,-3.3987014
2368,2026-05-11 16:07:34.361374,1.7410163,-0.43081784,-1.0429267,-0.04337143,-2.4121542,-3.3987014
2369,2026-05-11 16:07:34.364199,1.7410163,-0.43081784,-1.0429267,-0.4334089,-2.4695754,-3.8049269
2370,2026-05-11 16:07:34.367400,1.7410163,-0.43081784,-1.0429267,-0.4334089,-2.4695754,-3.8049269
2371,2026-05-11 16:07:34.370398,1.7410163,-0.43081784,-1.0429267,-0.4334089,-2.4695754,-3.8049269
2372,2026-05-11 16:07:34.373115,1.7410163,-0.43081784,-1.0429267,-0.4334089,-2.4695754,-3.8049269
2373,2026-05-11 16:07:34.375826,1.7410163,-0.43081784,-1.0429267,-0.4334089,-2.4695754,-3.8049269
2374,2026-05-11 16:07:34.378635,1.7410163,-0.43081784,-1.0429267,-0.82894415,-2.5462391,-3.8843393
2375,2026-05-11 16:07:34.381353,1.5214913,-0.3697167,-1.0728065,-0.82894415,-2.5462391,-3.8843393
2376,2026-05-11 16:07:34.384383,1.5214913,-0.3697167,-1.0728065,-0.82894415,-2.5462391,-3.8843393
2377,2026-05-11 16:07:34.387271,1.5214913,-0.3697167,-1.0728065,-0.82894415,-2.5462391,-3.8843393
2378,2026-05-11 16:07:34.390029,1.2659885,-0.36038688,-0.9482261,-1.4240797,-2.666427,-3.8366919
2379,2026-05-11 16:07:34.392778,1.2659885,-0.36038688,-0.9482261,-1.4240797,-2.666427,-3.8366919
2380,2026-05-11 16:07:34.395571,1.2659885,-0.36038688,-0.9482261,-1.4240797,-2.666427,-3.8366919
2381,2026-05-11 16:07:34.398391,1.2659885,-0.36038688,-0.9482261,-1.4240797,-2.666427,-3.8366919
2382,2026-05-11 16:07:34.401484,1.2659885,-0.36038688,-0.9482261,-1.4240797,-2.666427,-3.8366919
2383,2026-05-11 16:07:34.404448,1.2659885,-0.36038688,-0.9482261,-1.4240797,-2.666427,-3.8366919
2384,2026-05-11 16:07:34.407254,1.1343344,-0.3284338,-0.7738866,-1.4240797,-2.666427,-3.8366919
2385,2026-05-11 16:07:34.410127,1.1343344,-0.3284338,-0.7738866,-1.4240797,-2.666427,-3.8366919
2386,2026-05-11 16:07:34.412851,1.1343344,-0.3284338,-0.7738866,-1.4240797,-2.666427,-3.8366919
2387,2026-05-11 16:07:34.415659,1.1343344,-0.3284338,-0.7738866,-1.6723963,-2.713158,-3.7743835
2388,2026-05-11 16:07:34.419140,1.1343344,-0.3284338,-0.7738866,-1.6723963,-2.713158,-3.7743835
2389,2026-05-11 16:07:34.421878,1.1343344,-0.3284338,-0.7738866,-1.6723963,-2.713158,-3.7743835
2390,2026-05-11 16:07:34.424643,1.1343344,-0.3284338,-0.7738866,-1.6723963,-2.713158,-3.7743835
2391,2026-05-11 16:07:34.427421,1.1343344,-0.3284338,-0.7738866,-1.6723963,-2.713158,-3.7743835
2392,2026-05-11 16:07:34.430085,1.1343344,-0.3284338,-0.7738866,-1.821142,-2.595872,-3.715435
2393,2026-05-11 16:07:34.432929,1.1343344,-0.3284338,-0.7738866,-1.821142,-2.595872,-3.715435
2394,2026-05-11 16:07:34.436142,1.1343344,-0.3284338,-0.7738866,-1.821142,-2.595872,-3.715435
2395,2026-05-11 16:07:34.438906,1.1343344,-0.3284338,-0.7738866,-1.821142,-2.595872,-3.715435
2396,2026-05-11 16:07:34.441593,0.8874908,-0.23781876,-0.6100356,-1.821142,-2.595872,-3.715435
2397,2026-05-11 16:07:34.444359,0.8874908,-0.23781876,-0.6100356,-1.821142,-2.595872,-3.715435
2398,2026-05-11 16:07:34.447077,0.8874908,-0.23781876,-0.6100356,-1.821142,-2.595872,-3.715435
2399,2026-05-11 16:07:34.449736,0.8874908,-0.23781876,-0.6100356,-1.821142,-2.595872,-3.715435
2400,2026-05-11 16:07:34.453042,0.5973519,-0.2013532,-0.51856685,-2.1142046,-1.6588045,-3.4490979
2401,2026-05-11 16:07:34.455888,0.5973519,-0.2013532,-0.51856685,-2.1142046,-1.6588045,-3.4490979
2402,2026-05-11 16:07:34.458538,0.5973519,-0.2013532,-0.51856685,-2.1142046,-1.6588045,-3.4490979
2403,2026-05-11 16:07:34.461154,0.3006273,-0.18836464,-0.4831989,-2.1142046,-1.6588045,-3.4490979
2404,2026-05-11 16:07:34.463873,0.3006273,-0.18836464,-0.4831989,-2.1142046,-1.6588045,-3.4490979
2405,2026-05-11 16:07:34.466562,0.3006273,-0.18836464,-0.4831989,-2.1142046,-1.6588045,-3.4490979
2406,2026-05-11 16:07:34.469833,0.3006273,-0.18836464,-0.4831989,-2.1142046,-1.6588045,-3.4490979
2407,2026-05-11 16:07:34.472552,0.3006273,-0.18836464,-0.4831989,-2.1142046,-1.6588045,-3.4490979
2408,2026-05-11 16:07:34.475371,0.3006273,-0.18836464,-0.4831989,-2.1142046,-1.6588045,-3.4490979
2409,2026-05-11 16:07:34.478132,-0.085431814,-0.13525179,-0.45831943,-2.1142046,-1.6588045,-3.4490979
2410,2026-05-11 16:07:34.480794,-0.085431814,-0.13525179,-0.45831943,-2.1142046,-1.6588045,-3.4490979
2411,2026-05-11 16:07:34.483641,-0.085431814,-0.13525179,-0.45831943,-2.1142046,-1.6588045,-3.4490979
2412,2026-05-11 16:07:34.486822,-0.085431814,-0.13525179,-0.45831943,-2.1142046,-1.6588045,-3.4490979
2413,2026-05-11 16:07:34.489753,-0.085431814,-0.13525179,-0.45831943,-2.2866213,-1.0980303,-3.1490104
2414,2026-05-11 16:07:34.492475,-0.085431814,-0.13525179,-0.45831943,-2.2866213,-1.0980303,-3.1490104
2415,2026-05-11 16:07:34.495322,-0.085431814,-0.13525179,-0.45831943,-2.2866213,-1.0980303,-3.1490104
2416,2026-05-11 16:07:34.498008,-0.085431814,-0.13525179,-0.45831943,-2.2866213,-1.0980303,-3.1490104
2417,2026-05-11 16:07:34.501043,-0.085431814,-0.13525179,-0.45831943,-2.2866213,-1.0980303,-3.1490104
2418,2026-05-11 16:07:34.503905,-0.085431814,-0.13525179,-0.45831943,-2.2866213,-1.0980303,-3.1490104
2419,2026-05-11 16:07:34.506686,-0.085431814,-0.13525179,-0.45831943,-2.2866213,-1.0980303,-3.1490104
2420,2026-05-11 16:07:34.509366,-0.085431814,-0.13525179,-0.45831943,-2.2866213,-1.0980303,-3.1490104
2421,2026-05-11 16:07:34.512150,-0.085431814,-0.13525179,-0.45831943,-2.2866213,-1.0980303,-3.1490104
2422,2026-05-11 16:07:34.514865,-0.085431814,-0.13525179,-0.45831943,-2.2866213,-1.0980303,-3.1490104
2423,2026-05-11 16:07:34.517878,-0.085431814,-0.13525179,-0.45831943,-2.2866213,-1.0980303,-3.1490104
2424,2026-05-11 16:07:34.520763,-0.30270058,-0.12519024,-0.40856043,-2.2866213,-1.0980303,-3.1490104
2425,2026-05-11 16:07:34.523551,-0.30270058,-0.12519024,-0.40856043,-2.2866213,-1.0980303,-3.1490104
2426,2026-05-11 16:07:34.526308,-0.30270058,-0.12519024,-0.40856043,-2.3356433,-0.8575021,-2.9046643
2427,2026-05-11 16:07:34.529102,-0.30270058,-0.12519024,-0.40856043,-2.3356433,-0.8575021,-2.9046643
2428,2026-05-11 16:07:34.531934,-0.30270058,-0.12519024,-0.40856043,-2.3356433,-0.8575021,-2.9046643
2429,2026-05-11 16:07:34.535272,-0.30270058,-0.12519024,-0.40856043,-2.3356433,-0.8575021,-2.9046643
2430,2026-05-11 16:07:34.538230,-0.30270058,-0.12519024,-0.40856043,-2.3356433,-0.8575021,-2.9046643
2431,2026-05-11 16:07:34.540918,-0.7213836,-0.11427496,-0.21056107,-2.3356433,-0.8575021,-2.9046643
2432,2026-05-11 16:07:34.543653,-0.7213836,-0.11427496,-0.21056107,-2.1413882,-0.7108944,-2.2050707
2433,2026-05-11 16:07:34.546345,-0.7213836,-0.11427496,-0.21056107,-2.1413882,-0.7108944,-2.2050707
2434,2026-05-11 16:07:34.548992,-0.7213836,-0.11427496,-0.21056107,-2.1413882,-0.7108944,-2.2050707
2435,2026-05-11 16:07:34.552040,-0.7213836,-0.11427496,-0.21056107,-2.1413882,-0.7108944,-2.2050707
2436,2026-05-11 16:07:34.554904,-0.7213836,-0.11427496,-0.21056107,-2.1413882,-0.7108944,-2.2050707
2437,2026-05-11 16:07:34.557512,-0.7213836,-0.11427496,-0.21056107,-2.1413882,-0.7108944,-2.2050707
2438,2026-05-11 16:07:34.560098,-0.7213836,-0.11427496,-0.21056107,-2.1413882,-0.7108944,-2.2050707
2439,2026-05-11 16:07:34.562945,-0.7213836,-0.11427496,-0.21056107,-2.1413882,-0.7108944,-2.2050707
2440,2026-05-11 16:07:34.565570,-0.7213836,-0.11427496,-0.21056107,-2.1413882,-0.7108944,-2.2050707
2441,2026-05-11 16:07:34.569001,-0.7213836,-0.11427496,-0.21056107,-2.1413882,-0.7108944,-2.2050707
2442,2026-05-11 16:07:34.571790,-0.77967966,-0.045795355,-0.11811664,-2.1413882,-0.7108944,-2.2050707
2443,2026-05-11 16:07:34.574444,-0.77967966,-0.045795355,-0.11811664,-2.1413882,-0.7108944,-2.2050707
2444,2026-05-11 16:07:34.577089,-0.77967966,-0.045795355,-0.11811664,-2.1413882,-0.7108944,-2.2050707
2445,2026-05-11 16:07:34.579811,-0.77967966,-0.045795355,-0.11811664,-1.7299703,-0.8025242,-1.6633861
2446,2026-05-11 16:07:34.582424,-0.77967966,-0.045795355,-0.11811664,-1.7299703,-0.8025242,-1.6633861
2447,2026-05-11 16:07:34.585625,-0.77967966,-0.045795355,-0.11811664,-1.7299703,-0.8025242,-1.6633861
2448,2026-05-11 16:07:34.588378,-0.77967966,-0.045795355,-0.11811664,-1.7299703,-0.8025242,-1.6633861
2449,2026-05-11 16:07:34.591075,-0.77967966,-0.045795355,-0.11811664,-1.7299703,-0.8025242,-1.6633861
2450,2026-05-11 16:07:34.593818,-0.8239506,-0.02042802,-0.17324181,-1.7299703,-0.8025242,-1.6633861
2451,2026-05-11 16:07:34.596449,-0.8239506,-0.02042802,-0.17324181,-1.3739886,-0.8518516,-1.3263412
2452,2026-05-11 16:07:34.599239,-0.8239506,-0.02042802,-0.17324181,-1.3739886,-0.8518516,-1.3263412
2453,2026-05-11 16:07:34.602375,-0.8239506,-0.02042802,-0.17324181,-1.3739886,-0.8518516,-1.3263412
2454,2026-05-11 16:07:34.605173,-0.8239506,-0.02042802,-0.17324181,-1.1334605,-0.7852673,-0.9390526
2455,2026-05-11 16:07:34.607880,-0.8239506,-0.02042802,-0.17324181,-1.1334605,-0.7852673,-0.9390526
2456,2026-05-11 16:07:34.610594,-0.8239506,-0.02042802,-0.17324181,-1.1334605,-0.7852673,-0.9390526
2457,2026-05-11 16:07:34.613329,-0.8239506,-0.02042802,-0.17324181,-1.1334605,-0.7852673,-0.9390526
2458,2026-05-11 16:07:34.616093,-0.9232856,0.017562,-0.2816018,-1.1334605,-0.7852673,-0.9390526
2459,2026-05-11 16:07:34.619295,-0.9232856,0.017562,-0.2816018,-1.1334605,-0.7852673,-0.9390526
2460,2026-05-11 16:07:34.622112,-0.9232856,0.017562,-0.2816018,-1.1174252,-0.6937902,-0.6805039
2461,2026-05-11 16:07:34.624840,-0.9232856,0.017562,-0.2816018,-1.1174252,-0.6937902,-0.6805039
2462,2026-05-11 16:07:34.627644,-0.9232856,0.017562,-0.2816018,-1.1174252,-0.6937902,-0.6805039
2463,2026-05-11 16:07:34.630438,-0.9232856,0.017562,-0.2816018,-1.1174252,-0.6937902,-0.6805039
2464,2026-05-11 16:07:34.633163,-0.9232856,0.017562,-0.2816018,-1.1174252,-0.6937902,-0.6805039
2465,2026-05-11 16:07:34.636233,-0.9232856,0.017562,-0.2816018,-1.1174252,-0.6937902,-0.6805039
2466,2026-05-11 16:07:34.639088,-0.9232856,0.017562,-0.2816018,-1.1174252,-0.6937902,-0.6805039
2467,2026-05-11 16:07:34.641911,-1.0763433,0.07036996,-0.36337486,-1.1174252,-0.6937902,-0.6805039
2468,2026-05-11 16:07:34.644619,-1.0763433,0.07036996,-0.36337486,-1.1174252,-0.6937902,-0.6805039
2469,2026-05-11 16:07:34.647289,-1.0763433,0.07036996,-0.36337486,-1.1174252,-0.6937902,-0.6805039
2470,2026-05-11 16:07:34.650440,-1.0763433,0.07036996,-0.36337486,-1.1174252,-0.6937902,-0.6805039
2471,2026-05-11 16:07:34.653395,-1.0763433,0.07036996,-0.36337486,-1.1174252,-0.6937902,-0.6805039
2472,2026-05-11 16:07:34.656156,-1.0763433,0.07036996,-0.36337486,-1.1174252,-0.6937902,-0.6805039
2473,2026-05-11 16:07:34.658980,-1.4198389,0.10634767,-0.38069293,-1.5296066,-0.11148291,0.6780604
2474,2026-05-11 16:07:34.661857,-1.4198389,0.10634767,-0.38069293,-1.5296066,-0.11148291,0.6780604
2475,2026-05-11 16:07:34.664462,-1.4198389,0.10634767,-0.38069293,-1.5296066,-0.11148291,0.6780604
2476,2026-05-11 16:07:34.667593,-1.4198389,0.10634767,-0.38069293,-1.5296066,-0.11148291,0.6780604
2477,2026-05-11 16:07:34.670380,-1.4198389,0.10634767,-0.38069293,-1.5296066,-0.11148291,0.6780604
2478,2026-05-11 16:07:34.673129,-1.4198389,0.10634767,-0.38069293,-1.5296066,-0.11148291,0.6780604
2479,2026-05-11 16:07:34.675726,-1.4198389,0.10634767,-0.38069293,-1.5296066,-0.11148291,0.6780604
2480,2026-05-11 16:07:34.678432,-1.4443525,0.13397123,-0.3597771,-1.5296066,-0.11148291,0.6780604
2481,2026-05-11 16:07:34.681148,-1.4443525,0.13397123,-0.3597771,-1.7539468,0.12873985,1.2353222
2482,2026-05-11 16:07:34.684173,-1.4443525,0.13397123,-0.3597771,-1.7539468,0.12873985,1.2353222
2483,2026-05-11 16:07:34.687061,-1.4193511,0.11817763,-0.17958365,-1.8495473,0.5739079,2.025171
2484,2026-05-11 16:07:34.689750,-1.4585607,0.117933705,-0.09994486,-1.7432567,0.73914695,2.2745566
2485,2026-05-11 16:07:34.692298,-1.4585607,0.117933705,-0.09994486,-1.7432567,0.73914695,2.2745566
2486,2026-05-11 16:07:34.695109,-1.5369189,0.20202398,-0.013354438,-0.92347556,1.002888,3.285386
2487,2026-05-11 16:07:34.697691,-1.5369189,0.20202398,-0.013354438,-0.92347556,1.002888,3.285386
2488,2026-05-11 16:07:34.700688,-1.3955083,0.27416235,-0.19659685,-0.1872302,0.9427178,4.078289
2489,2026-05-11 16:07:34.703644,-1.1671413,0.37477797,-0.43350092,0.36132678,0.8509353,4.771163
2490,2026-05-11 16:07:34.706226,-1.1671413,0.37477797,-0.43350092,0.36132678,0.8509353,4.771163
2491,2026-05-11 16:07:34.708815,-1.1671413,0.37477797,-0.43350092,0.36132678,0.8509353,4.771163
2492,2026-05-11 16:07:34.711409,-1.1671413,0.37477797,-0.43350092,0.36132678,0.8509353,4.771163
2493,2026-05-11 16:07:34.714119,-1.1671413,0.37477797,-0.43350092,0.36132678,0.8509353,4.771163
2494,2026-05-11 16:07:34.717064,-0.78474087,0.5382631,-0.8044982,0.53023106,0.81245077,5.1477613
2495,2026-05-11 16:07:34.720220,-0.78474087,0.5382631,-0.8044982,0.53023106,0.81245077,5.1477613
2496,2026-05-11 16:07:34.722953,-0.78474087,0.5382631,-0.8044982,0.53023106,0.81245077,5.1477613
2497,2026-05-11 16:07:34.725696,-0.78474087,0.5382631,-0.8044982,0.462425,0.86926126,5.304754
2498,2026-05-11 16:07:34.728489,-0.78474087,0.5382631,-0.8044982,0.462425,0.86926126,5.304754
2499,2026-05-11 16:07:34.731257,-0.5441781,0.6575384,-1.053964,0.462425,0.86926126,5.304754
2500,2026-05-11 16:07:34.734362,-0.5441781,0.6575384,-1.053964,0.462425,0.86926126,5.304754
2501,2026-05-11 16:07:34.737168,-0.1733028,0.92481005,-1.5556395,0.462425,0.86926126,5.304754
2502,2026-05-11 16:07:34.739944,-0.1733028,0.92481005,-1.5556395,0.462425,0.86926126,5.304754
2503,2026-05-11 16:07:34.742621,-0.1733028,0.92481005,-1.5556395,0.462425,0.86926126,5.304754
2504,2026-05-11 16:07:34.745382,-0.042258564,1.042073,-1.7028433,-0.39400807,1.1943942,5.351332
2505,2026-05-11 16:07:34.748047,-0.042258564,1.042073,-1.7028433,-1.2263119,1.3878858,5.2926893
2506,2026-05-11 16:07:34.751416,0.15561883,1.1322612,-1.6000324,-2.2670736,1.4647021,5.0685015
2507,2026-05-11 16:07:34.754310,0.15561883,1.1322612,-1.6000324,-2.2670736,1.4647021,5.0685015
2508,2026-05-11 16:07:34.757102,0.17537609,1.2068387,-1.3134913,-2.9297097,1.3590225,4.632802
2509,2026-05-11 16:07:34.759996,0.17537609,1.2068387,-1.3134913,-2.9297097,1.3590225,4.632802
2510,2026-05-11 16:07:34.762800,0.092505395,1.2666593,-1.1286634,-3.1059444,1.2070698,4.3788347
2511,2026-05-11 16:07:34.765580,0.092505395,1.2666593,-1.1286634,-3.1059444,1.2070698,4.3788347
2512,2026-05-11 16:07:34.768599,0.092505395,1.2666593,-1.1286634,-3.1059444,1.2070698,4.3788347
2513,2026-05-11 16:07:34.771391,0.092505395,1.2666593,-1.1286634,-3.1059444,1.2070698,4.3788347
2514,2026-05-11 16:07:34.774155,0.092505395,1.2666593,-1.1286634,-3.1059444,1.2070698,4.3788347
2515,2026-05-11 16:07:34.776970,0.092505395,1.2666593,-1.1286634,-3.1059444,1.2070698,4.3788347
2516,2026-05-11 16:07:34.779601,0.092505395,1.2666593,-1.1286634,-3.1059444,1.2070698,4.3788347
2517,2026-05-11 16:07:34.782395,0.092505395,1.2666593,-1.1286634,-3.1059444,1.2070698,4.3788347
2518,2026-05-11 16:07:34.785532,-0.19616999,1.4728298,-0.6272927,-3.1059444,1.2070698,4.3788347
2519,2026-05-11 16:07:34.788360,-0.19616999,1.4728298,-0.6272927,-2.8185322,0.6198755,3.884034
2520,2026-05-11 16:07:34.791007,-0.19616999,1.4728298,-0.6272927,-2.8185322,0.6198755,3.884034
2521,2026-05-11 16:07:34.793603,-0.19616999,1.4728298,-0.6272927,-2.8185322,0.6198755,3.884034
2522,2026-05-11 16:07:34.796368,-0.19616999,1.4728298,-0.6272927,-2.8185322,0.6198755,3.884034
2523,2026-05-11 16:07:34.799285,-0.19616999,1.4728298,-0.6272927,-2.8185322,0.6198755,3.884034
2524,2026-05-11 16:07:34.802471,-0.27062553,1.5338091,-0.52173775,-2.4190264,0.474795,3.7730093
2525,2026-05-11 16:07:34.805213,-0.27062553,1.5338091,-0.52173775,-2.4190264,0.474795,3.7730093
2526,2026-05-11 16:07:34.807900,-0.27062553,1.5338091,-0.52173775,-2.4190264,0.474795,3.7730093
2527,2026-05-11 16:07:34.810652,-0.27062553,1.5338091,-0.52173775,-2.4190264,0.474795,3.7730093
2528,2026-05-11 16:07:34.813333,-0.27062553,1.5338091,-0.52173775,-2.4190264,0.474795,3.7730093
2529,2026-05-11 16:07:34.816288,-0.39971846,1.7802258,-0.44953844,-1.5661057,0.26557365,3.6080756
2530,2026-05-11 16:07:34.819101,-0.39971846,1.7802258,-0.44953844,-1.5661057,0.26557365,3.6080756
2531,2026-05-11 16:07:34.821923,-0.39971846,1.7802258,-0.44953844,-1.5661057,0.26557365,3.6080756
2532,2026-05-11 16:07:34.824544,-0.39971846,1.7802258,-0.44953844,-1.5661057,0.26557365,3.6080756
2533,2026-05-11 16:07:34.827475,-0.39971846,1.7802258,-0.44953844,-1.5661057,0.26557365,3.6080756
2534,2026-05-11 16:07:34.830176,-0.29934675,1.9413939,-0.6493062,-1.5661057,0.26557365,3.6080756
2535,2026-05-11 16:07:34.832781,-0.29934675,1.9413939,-0.6493062,-1.5661057,0.26557365,3.6080756
2536,2026-05-11 16:07:34.835989,-0.29934675,1.9413939,-0.6493062,-0.8385653,0.073303826,3.3444872
2537,2026-05-11 16:07:34.838695,-0.29934675,1.9413939,-0.6493062,-0.8385653,0.073303826,3.3444872
2538,2026-05-11 16:07:34.841319,-0.29934675,1.9413939,-0.6493062,-0.8385653,0.073303826,3.3444872
2539,2026-05-11 16:07:34.844078,-0.19812131,2.0146906,-0.75047064,-0.5386304,0.007330383,3.0622675
2540,2026-05-11 16:07:34.846715,-0.19812131,2.0146906,-0.75047064,-0.5386304,0.007330383,3.0622675
2541,2026-05-11 16:07:34.849313,-0.19812131,2.0146906,-0.75047064,-0.5386304,0.007330383,3.0622675
2542,2026-05-11 16:07:34.852583,-0.19812131,2.0146906,-0.75047064,-0.5386304,0.007330383,3.0622675
2543,2026-05-11 16:07:34.855304,-0.19812131,2.0146906,-0.75047064,-0.5386304,0.007330383,3.0622675
2544,2026-05-11 16:07:34.858171,-0.19812131,2.0146906,-0.75047064,-0.5386304,0.007330383,3.0622675
2545,2026-05-11 16:07:34.860954,-0.19812131,2.0146906,-0.75047064,-0.5386304,0.007330383,3.0622675
2546,2026-05-11 16:07:34.863737,-0.19812131,2.0146906,-0.75047064,-0.10262536,0.08536842,2.0680842
2547,2026-05-11 16:07:34.866809,-0.19812131,2.0146906,-0.75047064,-0.10262536,0.08536842,2.0680842
2548,2026-05-11 16:07:34.869610,-0.19812131,2.0146906,-0.75047064,-0.10262536,0.08536842,2.0680842
2549,2026-05-11 16:07:34.872401,-0.19812131,2.0146906,-0.75047064,-0.10262536,0.08536842,2.0680842
2550,2026-05-11 16:07:34.875069,-0.049637042,2.09,-0.8465737,-0.10262536,0.08536842,2.0680842
2551,2026-05-11 16:07:34.877666,-0.049637042,2.09,-0.8465737,-0.10262536,0.08536842,2.0680842
2552,2026-05-11 16:07:34.880365,-0.088114895,2.0777433,-0.8491959,-0.10262536,0.08536842,2.0680842
2553,2026-05-11 16:07:34.883034,-0.088114895,2.0777433,-0.8491959,-0.10262536,0.08536842,2.0680842
2554,2026-05-11 16:07:34.886320,-0.088114895,2.0777433,-0.8491959,0.12461651,0.3061962,1.2637274
2555,2026-05-11 16:07:34.889208,-0.088114895,2.0777433,-0.8491959,0.12461651,0.3061962,1.2637274
2556,2026-05-11 16:07:34.891891,-0.088114895,2.0777433,-0.8491959,0.12461651,0.3061962,1.2637274
2557,2026-05-11 16:07:34.894495,-0.088114895,2.0777433,-0.8491959,0.12461651,0.3061962,1.2637274
2558,2026-05-11 16:07:34.897230,-0.088114895,2.0777433,-0.8491959,0.12461651,0.3061962,1.2637274
2559,2026-05-11 16:07:34.899889,-0.088114895,2.0777433,-0.8491959,0.12461651,0.3061962,1.2637274
2560,2026-05-11 16:07:34.903188,-0.088114895,2.0777433,-0.8491959,0.33444872,0.44165558,0.6771441
2561,2026-05-11 16:07:34.906022,-0.088114895,2.0777433,-0.8491959,0.33444872,0.44165558,0.6771441
2562,2026-05-11 16:07:34.908794,-0.19702369,2.0241425,-0.8205357,0.33444872,0.44165558,0.6771441
2563,2026-05-11 16:07:34.911571,-0.19702369,2.0241425,-0.8205357,0.33444872,0.44165558,0.6771441
2564,2026-05-11 16:07:34.914308,-0.19702369,2.0241425,-0.8205357,0.600786,0.50808716,0.1459968
2565,2026-05-11 16:07:34.917830,-0.19702369,2.0241425,-0.8205357,0.600786,0.50808716,0.1459968
2566,2026-05-11 16:07:34.920701,-0.26190552,1.9265147,-0.78309447,0.600786,0.50808716,0.1459968
2567,2026-05-11 16:07:34.923522,-0.26190552,1.9265147,-0.78309447,0.600786,0.50808716,0.1459968
2568,2026-05-11 16:07:34.926287,-0.26190552,1.9265147,-0.78309447,0.600786,0.50808716,0.1459968
2569,2026-05-11 16:07:34.929132,-0.26190552,1.9265147,-0.78309447,0.600786,0.50808716,0.1459968
2570,2026-05-11 16:07:34.931760,-0.26190552,1.9265147,-0.78309447,0.600786,0.50808716,0.1459968
2571,2026-05-11 16:07:34.934701,-0.26190552,1.9265147,-0.78309447,0.600786,0.50808716,0.1459968
2572,2026-05-11 16:07:34.937486,-0.26190552,1.9265147,-0.78309447,0.600786,0.50808716,0.1459968
2573,2026-05-11 16:07:34.940088,-0.26190552,1.9265147,-0.78309447,0.600786,0.50808716,0.1459968
2574,2026-05-11 16:07:34.942720,-0.26190552,1.9265147,-0.78309447,0.600786,0.50808716,0.1459968
2575,2026-05-11 16:07:34.945502,-0.26190552,1.9265147,-0.78309447,0.600786,0.50808716,0.1459968
2576,2026-05-11 16:07:34.948364,-0.3603259,1.6500962,-0.80809593,0.89858276,0.5306892,-0.3294091
2577,2026-05-11 16:07:34.951505,-0.3603259,1.6500962,-0.80809593,1.2962561,0.49037206,-0.9254609
2578,2026-05-11 16:07:34.954322,-0.3603259,1.6500962,-0.80809593,1.2962561,0.49037206,-0.9254609
2579,2026-05-11 16:07:34.957204,-0.3603259,1.6500962,-0.80809593,1.2962561,0.49037206,-0.9254609
2580,2026-05-11 16:07:34.959855,-0.3603259,1.6500962,-0.80809593,1.6081028,0.3361286,-1.4894422
2581,2026-05-11 16:07:34.962573,-0.3603259,1.6500962,-0.80809593,1.6081028,0.3361286,-1.4894422
2582,2026-05-11 16:07:34.965198,-0.35526463,1.4790497,-0.8509033,1.6081028,0.3361286,-1.4894422
2583,2026-05-11 16:07:34.968332,-0.35526463,1.4790497,-0.8509033,1.6081028,0.3361286,-1.4894422
2584,2026-05-11 16:07:34.971585,-0.35526463,1.4790497,-0.8509033,1.6081028,0.3361286,-1.4894422
2585,2026-05-11 16:07:34.974529,-0.35526463,1.4790497,-0.8509033,1.6081028,0.3361286,-1.4894422
2586,2026-05-11 16:07:34.977394,-0.34520307,1.3118448,-0.9403598,1.6297885,0.22968534,-1.947133
2587,2026-05-11 16:07:34.980099,-0.34520307,1.3118448,-0.9403598,1.6297885,0.22968534,-1.947133
2588,2026-05-11 16:07:34.982945,-0.34520307,1.3118448,-0.9403598,1.6297885,0.22968534,-1.947133
2589,2026-05-11 16:07:34.986586,-0.34520307,1.3118448,-0.9403598,1.6297885,0.22968534,-1.947133
2590,2026-05-11 16:07:34.989897,-0.34520307,1.3118448,-0.9403598,1.6297885,0.22968534,-1.947133
2591,2026-05-11 16:07:34.992637,-0.34520307,1.3118448,-0.9403598,1.6297885,0.22968534,-1.947133
2592,2026-05-11 16:07:34.995549,-0.31684774,1.2449507,-0.9448112,1.6297885,0.22968534,-1.947133
2593,2026-05-11 16:07:34.998320,-0.31684774,1.2449507,-0.9448112,1.5253305,0.24037547,-2.0775528
2594,2026-05-11 16:07:35.001523,-0.31684774,1.2449507,-0.9448112,1.5253305,0.24037547,-2.0775528
2595,2026-05-11 16:07:35.004336,-0.31684774,1.2449507,-0.9448112,1.5253305,0.24037547,-2.0775528
2596,2026-05-11 16:07:35.007185,-0.31684774,1.2449507,-0.9448112,1.5253305,0.24037547,-2.0775528
2597,2026-05-11 16:07:35.009910,-0.31684774,1.2449507,-0.9448112,1.5253305,0.24037547,-2.0775528
2598,2026-05-11 16:07:35.012578,-0.28666306,1.1790932,-0.8918203,1.4101825,0.3036,-2.264783
2599,2026-05-11 16:07:35.015411,-0.28666306,1.1790932,-0.8918203,1.4101825,0.3036,-2.264783
2600,2026-05-11 16:07:35.018482,-0.28666306,1.1790932,-0.8918203,1.4101825,0.3036,-2.264783
2601,2026-05-11 16:07:35.021531,-0.26879618,1.1479329,-0.79785144,1.3878858,0.29260445,-2.4236078
2602,2026-05-11 16:07:35.024258,-0.26202747,1.1468352,-0.7803504,1.3878858,0.29260445,-2.4236078
2603,2026-05-11 16:07:35.026903,-0.26202747,1.1468352,-0.7803504,1.3878858,0.29260445,-2.4236078
2604,2026-05-11 16:07:35.029658,-0.26202747,1.1468352,-0.7803504,1.3878858,0.29260445,-2.4236078
2605,2026-05-11 16:07:35.032487,-0.26202747,1.1468352,-0.7803504,1.3878858,0.29260445,-2.4236078
2606,2026-05-11 16:07:35.035509,-0.26202747,1.1468352,-0.7803504,1.3878858,0.29260445,-2.4236078
2607,2026-05-11 16:07:35.038211,-0.26202747,1.1468352,-0.7803504,1.3878858,0.29260445,-2.4236078
2608,2026-05-11 16:07:35.040986,-0.26202747,1.1468352,-0.7803504,1.3878858,0.29260445,-2.4236078
2609,2026-05-11 16:07:35.043738,-0.26202747,1.1468352,-0.7803504,1.4004086,0.27351493,-2.4420865
2610,2026-05-11 16:07:35.046413,-0.26202747,1.1468352,-0.7803504,1.4004086,0.27351493,-2.4420865
2611,2026-05-11 16:07:35.049279,-0.26202747,1.1468352,-0.7803504,1.4004086,0.27351493,-2.4420865
2612,2026-05-11 16:07:35.052395,-0.26202747,1.1468352,-0.7803504,1.4004086,0.27351493,-2.4420865
2613,2026-05-11 16:07:35.055067,-0.26202747,1.1468352,-0.7803504,1.4004086,0.27351493,-2.4420865
2614,2026-05-11 16:07:35.057744,-0.26202747,1.1468352,-0.7803504,1.4004086,0.27351493,-2.4420865
2615,2026-05-11 16:07:35.060521,-0.26202747,1.1468352,-0.7803504,1.4004086,0.27351493,-2.4420865
2616,2026-05-11 16:07:35.063332,-0.26202747,1.1468352,-0.7803504,1.4004086,0.27351493,-2.4420865
2617,2026-05-11 16:07:35.066311,-0.26202747,1.1468352,-0.7803504,1.4004086,0.27351493,-2.4420865
2618,2026-05-11 16:07:35.069244,-0.26202747,1.1468352,-0.7803504,1.4004086,0.27351493,-2.4420865
2619,2026-05-11 16:07:35.071955,-0.26202747,1.1468352,-0.7803504,1.4004086,0.27351493,-2.4420865
2620,2026-05-11 16:07:35.074595,-0.26202747,1.1468352,-0.7803504,1.4004086,0.27351493,-2.4420865
2621,2026-05-11 16:07:35.077266,-0.26202747,1.1468352,-0.7803504,1.4004086,0.27351493,-2.4420865
2622,2026-05-11 16:07:35.079975,-0.26202747,1.1468352,-0.7803504,1.4004086,0.27351493,-2.4420865
2623,2026-05-11 16:07:35.082964,0.05866196,1.162141,-0.8130962,1.6505579,-0.20479257,-2.7966938
2624,2026-05-11 16:07:35.086083,0.05866196,1.162141,-0.8130962,1.6505579,-0.20479257,-2.7966938
2625,2026-05-11 16:07:35.088818,0.05866196,1.162141,-0.8130962,1.6505579,-0.20479257,-2.7966938
2626,2026-05-11 16:07:35.091496,0.05866196,1.162141,-0.8130962,1.640784,-0.6969972,-3.104417
2627,2026-05-11 16:07:35.094195,0.05866196,1.162141,-0.8130962,1.640784,-0.6969972,-3.104417
2628,2026-05-11 16:07:35.096934,0.06890646,1.141652,-0.81504756,1.6120734,-0.8793405,-3.2766812
2629,2026-05-11 16:07:35.099682,0.06890646,1.141652,-0.81504756,1.6120734,-0.8793405,-3.2766812
2630,2026-05-11 16:07:35.103151,0.06890646,1.141652,-0.81504756,1.6120734,-0.8793405,-3.2766812
2631,2026-05-11 16:07:35.106010,0.06890646,1.141652,-0.81504756,1.6120734,-0.8793405,-3.2766812
2632,2026-05-11 16:07:35.108695,0.06890646,1.141652,-0.81504756,1.6120734,-0.8793405,-3.2766812
2633,2026-05-11 16:07:35.111391,-0.120494835,1.0971372,-0.78083825,1.3999504,-1.3374895,-3.5315647
2634,2026-05-11 16:07:35.114075,-0.120494835,1.0971372,-0.78083825,1.3999504,-1.3374895,-3.5315647
2635,2026-05-11 16:07:35.117202,-0.120494835,1.0971372,-0.78083825,1.3999504,-1.3374895,-3.5315647
2636,2026-05-11 16:07:35.120187,-0.120494835,1.0971372,-0.78083825,1.3999504,-1.3374895,-3.5315647
2637,2026-05-11 16:07:35.122806,-0.120494835,1.0971372,-0.78083825,1.3999504,-1.3374895,-3.5315647
2638,2026-05-11 16:07:35.125620,-0.120494835,1.0971372,-0.78083825,1.3999504,-1.3374895,-3.5315647
2639,2026-05-11 16:07:35.128357,-0.120494835,1.0971372,-0.78083825,1.3999504,-1.3374895,-3.5315647
2640,2026-05-11 16:07:35.131069,-0.120494835,1.0971372,-0.78083825,1.3999504,-1.3374895,-3.5315647
2641,2026-05-11 16:07:35.134414,-0.41112155,1.2204981,-0.6779664,1.0519099,-1.0560333,-3.302032
2642,2026-05-11 16:07:35.137290,-0.41112155,1.2204981,-0.6779664,1.0519099,-1.0560333,-3.302032
2643,2026-05-11 16:07:35.140166,-0.41112155,1.2204981,-0.6779664,1.0519099,-1.0560333,-3.302032
2644,2026-05-11 16:07:35.142841,-0.41112155,1.2204981,-0.6779664,1.0519099,-1.0560333,-3.302032
2645,2026-05-11 16:07:35.145456,-0.41112155,1.2204981,-0.6779664,1.0519099,-1.0560333,-3.302032
2646,2026-05-11 16:07:35.148273,-0.41112155,1.2204981,-0.6779664,1.0519099,-1.0560333,-3.302032
2647,2026-05-11 16:07:35.151444,-0.41112155,1.2204981,-0.6779664,1.0519099,-1.0560333,-3.302032
2648,2026-05-11 16:07:35.154305,-0.41112155,1.2204981,-0.6779664,0.7654142,-0.7275405,-3.0283644
2649,2026-05-11 16:07:35.157066,-0.58241206,1.0234133,-0.6222314,0.7654142,-0.7275405,-3.0283644
2650,2026-05-11 16:07:35.159781,-0.58241206,1.0234133,-0.6222314,0.7654142,-0.7275405,-3.0283644
2651,2026-05-11 16:07:35.162524,-0.58241206,1.0234133,-0.6222314,0.7654142,-0.7275405,-3.0283644
2652,2026-05-11 16:07:35.165131,-0.58241206,1.0234133,-0.6222314,0.7654142,-0.7275405,-3.0283644
2653,2026-05-11 16:07:35.168220,-0.693638,1.000973,-0.4265493,0.7654142,-0.7275405,-3.0283644
2654,2026-05-11 16:07:35.171241,-0.693638,1.000973,-0.4265493,0.66339964,-0.33505958,-2.7214046
2655,2026-05-11 16:07:35.174051,-0.6127797,0.79577816,-0.088419795,0.9184359,0.29886582,-1.9743165
2656,2026-05-11 16:07:35.176896,-0.42130506,0.699553,-0.17263202,1.6749926,0.9860892,-1.128879
2657,2026-05-11 16:07:35.179608,-0.42130506,0.699553,-0.17263202,1.6749926,0.9860892,-1.128879
2658,2026-05-11 16:07:35.182413,-0.42130506,0.699553,-0.17263202,1.6749926,0.9860892,-1.128879
2659,2026-05-11 16:07:35.185619,-0.2962978,0.5956445,-0.38709575,1.9569068,1.1656836,-0.87857693
2660,2026-05-11 16:07:35.188350,-0.2608079,0.54234874,-0.53899485,1.9569068,1.1656836,-0.87857693
2661,2026-05-11 16:07:35.191108,-0.2608079,0.54234874,-0.53899485,2.0201313,1.1316279,-0.76067996
2662,2026-05-11 16:07:35.193998,-0.2608079,0.54234874,-0.53899485,1.9886718,0.55741453,-0.6001751
2663,2026-05-11 16:07:35.196694,-0.2608079,0.54234874,-0.53899485,1.9886718,0.55741453,-0.6001751
2664,2026-05-11 16:07:35.199649,-0.34398347,0.3023957,-0.8126084,1.9950858,-0.15989397,-0.452193
2665,2026-05-11 16:07:35.202746,-0.34398347,0.3023957,-0.8126084,1.9950858,-0.15989397,-0.452193
2666,2026-05-11 16:07:35.218430,-0.12573905,1.5440534,-0.9335301,-1.1890492,0.5242751,1.8779525
2667,2026-05-11 16:07:35.221680,-0.12573905,1.5440534,-0.9335301,-1.1890492,0.5242751,1.8779525
2668,2026-05-11 16:07:35.224664,-0.12573905,1.5440534,-0.9335301,-1.1890492,0.5242751,1.8779525
2669,2026-05-11 16:07:35.232484,-0.15616766,1.5559444,-0.85181797,-0.68432176,0.34208453,1.5296066
2670,2026-05-11 16:07:35.236337,-0.19281614,1.5474074,-0.8252311,-0.68432176,0.34208453,1.5296066
2671,2026-05-11 16:07:35.243092,-0.19281614,1.5474074,-0.8252311,-0.13179417,0.15363261,1.1687379
2672,2026-05-11 16:07:35.246529,-0.25623447,1.5459439,-0.83571947,-0.13179417,0.15363261,1.1687379
2673,2026-05-11 16:07:35.249724,-0.25623447,1.5459439,-0.83571947,-0.13179417,0.15363261,1.1687379
2674,2026-05-11 16:07:35.252640,-0.25623447,1.5459439,-0.83571947,0.50335294,-0.016798794,0.74067414
2675,2026-05-11 16:07:35.255270,-0.25623447,1.5459439,-0.83571947,0.50335294,-0.016798794,0.74067414
2676,2026-05-11 16:07:35.258155,-0.25623447,1.5459439,-0.83571947,0.50335294,-0.016798794,0.74067414
2677,2026-05-11 16:07:35.260902,-0.25623447,1.5459439,-0.83571947,0.50335294,-0.016798794,0.74067414
2678,2026-05-11 16:07:35.263614,-0.33172667,1.5123444,-0.9101141,0.50335294,-0.016798794,0.74067414
2679,2026-05-11 16:07:35.266828,-0.33172667,1.5123444,-0.9101141,0.50335294,-0.016798794,0.74067414
2680,2026-05-11 16:07:35.269795,-0.33172667,1.5123444,-0.9101141,0.50335294,-0.016798794,0.74067414
2681,2026-05-11 16:07:35.272466,-0.33172667,1.5123444,-0.9101141,0.50335294,-0.016798794,0.74067414
2682,2026-05-11 16:07:35.275141,-0.33172667,1.5123444,-0.9101141,0.50335294,-0.016798794,0.74067414
2683,2026-05-11 16:07:35.277711,-0.33172667,1.5123444,-0.9101141,0.50335294,-0.016798794,0.74067414
2684,2026-05-11 16:07:35.280477,-0.33172667,1.5123444,-0.9101141,0.50335294,-0.016798794,0.74067414
2685,2026-05-11 16:07:35.283480,-0.33172667,1.5123444,-0.9101141,0.50335294,-0.016798794,0.74067414
2686,2026-05-11 16:07:35.286297,-0.33172667,1.5123444,-0.9101141,0.50335294,-0.016798794,0.74067414
2687,2026-05-11 16:07:35.288920,-0.33172667,1.5123444,-0.9101141,0.50335294,-0.016798794,0.74067414
2688,2026-05-11 16:07:35.291532,-0.33172667,1.5123444,-0.9101141,0.50335294,-0.016798794,0.74067414
2689,2026-05-11 16:07:35.294146,-0.33172667,1.5123444,-0.9101141,0.50335294,-0.016798794,0.74067414
2690,2026-05-11 16:07:35.296658,-0.33172667,1.5123444,-0.9101141,0.50335294,-0.016798794,0.74067414
2691,2026-05-11 16:07:35.299578,-0.33172667,1.5123444,-0.9101141,0.50335294,-0.016798794,0.74067414
2692,2026-05-11 16:07:35.302543,-0.35392308,1.4710615,-0.99109435,0.50335294,-0.016798794,0.74067414
2693,2026-05-11 16:07:35.305281,-0.35392308,1.4710615,-0.99109435,0.8914051,-0.029626964,0.43569964
2694,2026-05-11 16:07:35.308074,-0.35392308,1.4710615,-0.99109435,0.8914051,-0.029626964,0.43569964
2695,2026-05-11 16:07:35.310861,-0.35392308,1.4710615,-0.99109435,0.8914051,-0.029626964,0.43569964
2696,2026-05-11 16:07:35.313642,-0.35392308,1.4710615,-0.99109435,0.8914051,-0.029626964,0.43569964
2697,2026-05-11 16:07:35.317108,-0.35392308,1.4710615,-0.99109435,0.8914051,-0.029626964,0.43569964
2698,2026-05-11 16:07:35.319943,-0.35392308,1.4710615,-0.99109435,0.8914051,-0.029626964,0.43569964
2699,2026-05-11 16:07:35.322585,-0.35392308,1.4710615,-0.99109435,0.8914051,-0.029626964,0.43569964
2700,2026-05-11 16:07:35.325266,-0.35392308,1.4710615,-0.99109435,0.8914051,-0.029626964,0.43569964
2701,2026-05-11 16:07:35.327890,-0.35392308,1.4710615,-0.99109435,0.8914051,-0.029626964,0.43569964
2702,2026-05-11 16:07:35.330697,-0.35392308,1.4710615,-0.99109435,0.8914051,-0.029626964,0.43569964
2703,2026-05-11 16:07:35.333859,-0.35392308,1.4710615,-0.99109435,0.8914051,-0.029626964,0.43569964
2704,2026-05-11 16:07:35.336645,-0.35392308,1.4710615,-0.99109435,0.8914051,-0.029626964,0.43569964
2705,2026-05-11 16:07:35.339486,-0.35392308,1.4710615,-0.99109435,0.8914051,-0.029626964,0.43569964
2706,2026-05-11 16:07:35.342270,-0.35392308,1.4710615,-0.99109435,0.8914051,-0.029626964,0.43569964
2707,2026-05-11 16:07:35.345049,-0.26099083,1.3329437,-1.2656837,1.4450017,-0.16737708,-0.6036876
2708,2026-05-11 16:07:35.347793,-0.26099083,1.3329437,-1.2656837,1.3406965,-0.31031954,-0.8943067
2709,2026-05-11 16:07:35.350878,-0.26099083,1.3329437,-1.2656837,1.3406965,-0.31031954,-0.8943067
2710,2026-05-11 16:07:35.353729,-0.26099083,1.3329437,-1.2656837,1.3406965,-0.31031954,-0.8943067
2711,2026-05-11 16:07:35.356461,-0.15305771,1.3286141,-1.3130034,1.3406965,-0.31031954,-0.8943067
2712,2026-05-11 16:07:35.359338,0.0001829375,1.3269067,-1.3216624,0.48517972,-0.4352415,-1.9453003
2713,2026-05-11 16:07:35.362215,-0.020489,1.1808616,-0.7885216,0.27030787,-0.3933972,-2.5001187
2714,2026-05-11 16:07:35.364891,-0.020489,1.1808616,-0.7885216,0.27030787,-0.3933972,-2.5001187
2715,2026-05-11 16:07:35.368275,-0.020489,1.1808616,-0.7885216,0.27030787,-0.3933972,-2.5001187
2716,2026-05-11 16:07:35.371336,-0.12610492,1.1411641,-0.6751004,0.27030787,-0.3933972,-2.5001187
2717,2026-05-11 16:07:35.374212,-0.12610492,1.1411641,-0.6751004,0.27030787,-0.3933972,-2.5001187
2718,2026-05-11 16:07:35.377041,-0.12610492,1.1411641,-0.6751004,0.27030787,-0.3933972,-2.5001187
2719,2026-05-11 16:07:35.379759,-0.12610492,1.1411641,-0.6751004,0.27030787,-0.3933972,-2.5001187
2720,2026-05-11 16:07:35.382571,-0.12610492,1.1411641,-0.6751004,0.27030787,-0.3933972,-2.5001187
2721,2026-05-11 16:07:35.385768,-0.12610492,1.1411641,-0.6751004,0.34804046,-0.38912117,-2.6626089
2722,2026-05-11 16:07:35.388631,-0.12610492,1.1411641,-0.6751004,0.34804046,-0.38912117,-2.6626089
2723,2026-05-11 16:07:35.391350,-0.12610492,1.1411641,-0.6751004,0.34804046,-0.38912117,-2.6626089
2724,2026-05-11 16:07:35.394105,-0.12610492,1.1411641,-0.6751004,0.34804046,-0.38912117,-2.6626089
2725,2026-05-11 16:07:35.396849,-0.3518498,1.0429267,-0.5375314,0.34804046,-0.38912117,-2.6626089
2726,2026-05-11 16:07:35.399884,-0.3518498,1.0429267,-0.5375314,0.34804046,-0.38912117,-2.6626089
2727,2026-05-11 16:07:35.402869,-0.3518498,1.0429267,-0.5375314,0.5363397,-0.2706133,-2.6984973
2728,2026-05-11 16:07:35.405596,-0.3518498,1.0429267,-0.5375314,0.5363397,-0.2706133,-2.6984973
2729,2026-05-11 16:07:35.408203,-0.52423793,0.97889864,-0.4463675,0.5363397,-0.2706133,-2.6984973
2730,2026-05-11 16:07:35.410968,-0.52423793,0.97889864,-0.4463675,0.5363397,-0.2706133,-2.6984973
2731,2026-05-11 16:07:35.413584,-0.52423793,0.97889864,-0.4463675,0.5363397,-0.2706133,-2.6984973
2732,2026-05-11 16:07:35.416590,-0.52423793,0.97889864,-0.4463675,0.5363397,-0.2706133,-2.6984973
2733,2026-05-11 16:07:35.419657,-0.52423793,0.97889864,-0.4463675,0.5363397,-0.2706133,-2.6984973
2734,2026-05-11 16:07:35.422314,-0.52423793,0.97889864,-0.4463675,0.5363397,-0.2706133,-2.6984973
2735,2026-05-11 16:07:35.425079,-0.52423793,0.97889864,-0.4463675,0.7150178,-0.13683382,-2.5705209
2736,2026-05-11 16:07:35.427692,-0.52423793,0.97889864,-0.4463675,0.7150178,-0.13683382,-2.5705209
2737,2026-05-11 16:07:35.430615,-0.52423793,0.97889864,-0.4463675,0.7150178,-0.13683382,-2.5705209
2738,2026-05-11 16:07:35.433915,-0.7718743,0.9228587,-0.32971436,1.045954,0.05375614,-2.2237022
2739,2026-05-11 16:07:35.436678,-0.7718743,0.9228587,-0.32971436,1.045954,0.05375614,-2.2237022
2740,2026-05-11 16:07:35.439466,-0.7718743,0.9228587,-0.32971436,1.045954,0.05375614,-2.2237022
2741,2026-05-11 16:07:35.442122,-0.86517245,0.90273565,-0.27995536,1.045954,0.05375614,-2.2237022
2742,2026-05-11 16:07:35.444850,-0.86517245,0.90273565,-0.27995536,1.045954,0.05375614,-2.2237022
2743,2026-05-11 16:07:35.447554,-0.86517245,0.90273565,-0.27995536,1.3970488,0.09437868,-1.7356209
2744,2026-05-11 16:07:35.450665,-0.86517245,0.90273565,-0.27995536,1.3970488,0.09437868,-1.7356209
2745,2026-05-11 16:07:35.453393,-0.86517245,0.90273565,-0.27995536,1.3970488,0.09437868,-1.7356209
2746,2026-05-11 16:07:35.455975,-0.86517245,0.90273565,-0.27995536,1.3970488,0.09437868,-1.7356209
2747,2026-05-11 16:07:35.458741,-0.86517245,0.90273565,-0.27995536,1.3970488,0.09437868,-1.7356209
2748,2026-05-11 16:07:35.461534,-0.86517245,0.90273565,-0.27995536,1.3970488,0.09437868,-1.7356209
2749,2026-05-11 16:07:35.464255,-0.86517245,0.90273565,-0.27995536,1.3970488,0.09437868,-1.7356209
2750,2026-05-11 16:07:35.467364,-0.75095844,0.89029586,-0.2912365,1.3970488,0.09437868,-1.7356209
2751,2026-05-11 16:07:35.470163,-0.75095844,0.89029586,-0.2912365,1.3970488,0.09437868,-1.7356209
2752,2026-05-11 16:07:35.472892,-0.75095844,0.89029586,-0.2912365,1.3970488,0.09437868,-1.7356209
2753,2026-05-11 16:07:35.475505,-0.75095844,0.89029586,-0.2912365,1.3970488,0.09437868,-1.7356209
2754,2026-05-11 16:07:35.478208,-0.75095844,0.89029586,-0.2912365,1.9763018,-0.007483099,-0.9647089
2755,2026-05-11 16:07:35.480792,-0.75095844,0.89029586,-0.2912365,1.9763018,-0.007483099,-0.9647089
2756,2026-05-11 16:07:35.483690,-0.75095844,0.89029586,-0.2912365,1.9763018,-0.007483099,-0.9647089
2757,2026-05-11 16:07:35.486591,-0.75095844,0.89029586,-0.2912365,1.9763018,-0.007483099,-0.9647089
2758,2026-05-11 16:07:35.489261,-0.75095844,0.89029586,-0.2912365,1.9763018,-0.007483099,-0.9647089
2759,2026-05-11 16:07:35.491865,-0.75095844,0.89029586,-0.2912365,1.9763018,-0.007483099,-0.9647089
2760,2026-05-11 16:07:35.494609,-0.75095844,0.89029586,-0.2912365,2.159256,-0.09972375,-0.7828238
2761,2026-05-11 16:07:35.497457,-0.75095844,0.89029586,-0.2912365,2.159256,-0.09972375,-0.7828238
2762,2026-05-11 16:07:35.500451,-0.75095844,0.89029586,-0.2912365,2.159256,-0.09972375,-0.7828238
2763,2026-05-11 16:07:35.503519,-0.75095844,0.89029586,-0.2912365,2.159256,-0.09972375,-0.7828238
2764,2026-05-11 16:07:35.506216,-0.75095844,0.89029586,-0.2912365,2.159256,-0.09972375,-0.7828238
2765,2026-05-11 16:07:35.508896,-0.75095844,0.89029586,-0.2912365,2.159256,-0.09972375,-0.7828238
2766,2026-05-11 16:07:35.511654,-0.75095844,0.89029586,-0.2912365,2.159256,-0.09972375,-0.7828238
2767,2026-05-11 16:07:35.514358,-0.75095844,0.89029586,-0.2912365,2.159256,-0.09972375,-0.7828238
2768,2026-05-11 16:07:35.517523,-0.16970502,0.860599,-0.7704718,2.159256,-0.09972375,-0.7828238
2769,2026-05-11 16:07:35.520327,-0.12287302,0.8329144,-0.94907975,2.159256,-0.09972375,-0.7828238
2770,2026-05-11 16:07:35.523083,-0.12287302,0.8329144,-0.94907975,2.159256,-0.09972375,-0.7828238
2771,2026-05-11 16:07:35.525865,-0.12287302,0.8329144,-0.94907975,2.159256,-0.09972375,-0.7828238
2772,2026-05-11 16:07:35.528612,-0.2045851,0.7565685,-1.0498784,0.47326785,0.18570304,-1.0170907
2773,2026-05-11 16:07:35.531271,-0.2045851,0.7565685,-1.0498784,0.47326785,0.18570304,-1.0170907
2774,2026-05-11 16:07:35.534439,0.36380172,-0.15647253,-0.37721714,0.9943359,-1.1189524,0.6554584
2775,2026-05-11 16:07:35.537372,0.29513916,-0.28318727,-0.42215878,0.9943359,-1.1189524,0.6554584
2776,2026-05-11 16:07:35.540136,0.29513916,-0.28318727,-0.42215878,0.8529206,-1.333977,1.6417004
2777,2026-05-11 16:07:35.542877,0.29513916,-0.28318727,-0.42215878,0.8529206,-1.333977,1.6417004
2778,2026-05-11 16:07:35.545627,0.29513916,-0.28318727,-0.42215878,0.8529206,-1.333977,1.6417004
2779,2026-05-11 16:07:35.548529,0.29513916,-0.28318727,-0.42215878,0.8529206,-1.333977,1.6417004
2780,2026-05-11 16:07:35.551604,0.29513916,-0.28318727,-0.42215878,0.96959585,-1.0937542,2.222786
2781,2026-05-11 16:07:35.554620,0.64326924,-0.5371045,-0.01396423,0.96959585,-1.0937542,2.222786
2782,2026-05-11 16:07:35.557370,0.64326924,-0.5371045,-0.01396423,0.96959585,-1.0937542,2.222786
2783,2026-05-11 16:07:35.559969,0.64326924,-0.5371045,-0.01396423,0.96959585,-1.0937542,2.222786
2784,2026-05-11 16:07:35.562901,0.64326924,-0.5371045,-0.01396423,0.96959585,-1.0937542,2.222786
2785,2026-05-11 16:07:35.565766,0.64326924,-0.5371045,-0.01396423,0.96959585,-1.0937542,2.222786
2786,2026-05-11 16:07:35.568972,0.64326924,-0.5371045,-0.01396423,0.96959585,-1.0937542,2.222786
2787,2026-05-11 16:07:35.571722,0.64326924,-0.5371045,-0.01396423,0.96959585,-1.0937542,2.222786
2788,2026-05-11 16:07:35.574498,0.64326924,-0.5371045,-0.01396423,0.96959585,-1.0937542,2.222786
2789,2026-05-11 16:07:35.577235,1.5737504,-0.8736486,-0.11872645,2.552806,-0.1375974,2.9640708
2790,2026-05-11 16:07:35.579896,1.5737504,-0.8736486,-0.11872645,2.552806,-0.1375974,2.9640708
2791,2026-05-11 16:07:35.582467,1.5737504,-0.8736486,-0.11872645,2.552806,-0.1375974,2.9640708
2792,2026-05-11 16:07:35.585657,1.5737504,-0.8736486,-0.11872645,2.552806,-0.1375974,2.9640708
2793,2026-05-11 16:07:35.588462,1.5737504,-0.8736486,-0.11872645,2.552806,-0.1375974,2.9640708
2794,2026-05-11 16:07:35.591297,1.8584011,-0.86828244,-0.62149966,2.6583328,0.23655757,2.942996
2795,2026-05-11 16:07:35.593962,1.8584011,-0.86828244,-0.62149966,2.6583328,0.23655757,2.942996
2796,2026-05-11 16:07:35.596568,1.8584011,-0.86828244,-0.62149966,2.6583328,0.23655757,2.942996
2797,2026-05-11 16:07:35.599423,1.9024282,-0.8590135,-0.8856615,2.1800253,0.7142542,2.9475775
2798,2026-05-11 16:07:35.602547,1.9024282,-0.8590135,-0.8856615,2.1800253,0.7142542,2.9475775
2799,2026-05-11 16:07:35.605399,1.9024282,-0.8590135,-0.8856615,2.1800253,0.7142542,2.9475775
2800,2026-05-11 16:07:35.608126,1.9024282,-0.8590135,-0.8856615,2.1800253,0.7142542,2.9475775
2801,2026-05-11 16:07:35.610762,1.9024282,-0.8590135,-0.8856615,2.1800253,0.7142542,2.9475775
2802,2026-05-11 16:07:35.613548,1.9024282,-0.8590135,-0.8856615,2.1800253,0.7142542,2.9475775
2803,2026-05-11 16:07:35.616838,1.8990742,-0.81608415,-0.9347496,2.1800253,0.7142542,2.9475775
2804,2026-05-11 16:07:35.619706,1.8990742,-0.81608415,-0.9347496,2.1800253,0.7142542,2.9475775
2805,2026-05-11 16:07:35.622538,1.8990742,-0.81608415,-0.9347496,2.1800253,0.7142542,2.9475775
2806,2026-05-11 16:07:35.625247,1.9113921,-0.6517453,-0.7930341,2.1800253,0.7142542,2.9475775
2807,2026-05-11 16:07:35.628014,1.9113921,-0.6517453,-0.7930341,1.0187705,2.0308216,3.3782375
2808,2026-05-11 16:07:35.630650,1.9113921,-0.6517453,-0.7930341,1.0187705,2.0308216,3.3782375
2809,2026-05-11 16:07:35.633409,1.9113921,-0.6517453,-0.7930341,1.0187705,2.0308216,3.3782375
2810,2026-05-11 16:07:35.637059,1.9113921,-0.6517453,-0.7930341,1.0187705,2.0308216,3.3782375
2811,2026-05-11 16:07:35.639857,1.9113921,-0.6517453,-0.7930341,1.0187705,2.0308216,3.3782375
2812,2026-05-11 16:07:35.642535,1.9113921,-0.6517453,-0.7930341,1.0187705,2.0308216,3.3782375
2813,2026-05-11 16:07:35.645298,1.9113921,-0.6517453,-0.7930341,1.0187705,2.0308216,3.3782375
2814,2026-05-11 16:07:35.648059,1.9113921,-0.6517453,-0.7930341,1.0187705,2.0308216,3.3782375
2815,2026-05-11 16:07:35.651221,1.9113921,-0.6517453,-0.7930341,1.5034921,1.8558086,3.3730452
2816,2026-05-11 16:07:35.654004,1.9113921,-0.6517453,-0.7930341,1.5034921,1.8558086,3.3730452
2817,2026-05-11 16:07:35.656601,1.9113921,-0.6517453,-0.7930341,1.5034921,1.8558086,3.3730452
2818,2026-05-11 16:07:35.659366,1.9113921,-0.6517453,-0.7930341,1.5034921,1.8558086,3.3730452
2819,2026-05-11 16:07:35.662079,2.371053,0.12421457,-1.1903133,1.5034921,1.8558086,3.3730452
2820,2026-05-11 16:07:35.664753,2.371053,0.12421457,-1.1903133,1.5034921,1.8558086,3.3730452
2821,2026-05-11 16:07:35.667720,2.371053,0.12421457,-1.1903133,1.5034921,1.8558086,3.3730452
2822,2026-05-11 16:07:35.670610,2.2729375,0.44886765,-1.454658,1.5034921,1.8558086,3.3730452
2823,2026-05-11 16:07:35.673306,2.2729375,0.44886765,-1.454658,1.5034921,1.8558086,3.3730452
2824,2026-05-11 16:07:35.675993,2.2729375,0.44886765,-1.454658,-1.5829046,-0.05390886,-2.7102563
2825,2026-05-11 16:07:35.678846,2.2729375,0.44886765,-1.454658,-1.5829046,-0.05390886,-2.7102563
2826,2026-05-11 16:07:35.681669,2.2729375,0.44886765,-1.454658,-1.5829046,-0.05390886,-2.7102563
2827,2026-05-11 16:07:35.684654,1.2394016,-0.47600338,-0.5927175,-1.5829046,-0.05390886,-2.7102563
2828,2026-05-11 16:07:35.687527,1.2394016,-0.47600338,-0.5927175,-1.1136073,-0.698219,-2.6540568
2829,2026-05-11 16:07:35.690304,1.2394016,-0.47600338,-0.5927175,-1.1136073,-0.698219,-2.6540568
2830,2026-05-11 16:07:35.692897,1.2394016,-0.47600338,-0.5927175,-1.1136073,-0.698219,-2.6540568
2831,2026-05-11 16:07:35.695731,1.2394016,-0.47600338,-0.5927175,-1.1136073,-0.698219,-2.6540568
2832,2026-05-11 16:07:35.698511,1.2394016,-0.47600338,-0.5927175,-1.1136073,-0.698219,-2.6540568
2833,2026-05-11 16:07:35.701520,1.2394016,-0.47600338,-0.5927175,-1.1136073,-0.698219,-2.6540568
2834,2026-05-11 16:07:35.704371,1.2394016,-0.47600338,-0.5927175,-1.1136073,-0.698219,-2.6540568
2835,2026-05-11 16:07:35.707055,1.2394016,-0.47600338,-0.5927175,-1.1136073,-0.698219,-2.6540568
2836,2026-05-11 16:07:35.709952,1.1287854,-0.6712587,-0.40624323,-0.58184916,-0.33460143,-2.7688994
2837,2026-05-11 16:07:35.712632,1.1287854,-0.6712587,-0.40624323,-0.58184916,-0.33460143,-2.7688994
2838,2026-05-11 16:07:35.715288,1.1287854,-0.6712587,-0.40624323,-0.58184916,-0.33460143,-2.7688994
2839,2026-05-11 16:07:35.718528,1.1287854,-0.6712587,-0.40624323,-0.58184916,-0.33460143,-2.7688994
2840,2026-05-11 16:07:35.721185,1.1287854,-0.6712587,-0.40624323,-0.58184916,-0.33460143,-2.7688994
2841,2026-05-11 16:07:35.723973,0.81919414,-0.59405905,-0.55186146,-0.41874814,-0.15027285,-2.601217
2842,2026-05-11 16:07:35.726623,0.81919414,-0.59405905,-0.55186146,-0.41874814,-0.15027285,-2.601217
2843,2026-05-11 16:07:35.729452,0.81919414,-0.59405905,-0.55186146,-0.41874814,-0.15027285,-2.601217
2844,2026-05-11 16:07:35.732087,0.81919414,-0.59405905,-0.55186146,-0.41874814,-0.15027285,-2.601217
2845,2026-05-11 16:07:35.735005,0.81919414,-0.59405905,-0.55186146,-0.41874814,-0.15027285,-2.601217
2846,2026-05-11 16:07:35.737683,0.81919414,-0.59405905,-0.55186146,-0.41874814,-0.15027285,-2.601217
2847,2026-05-11 16:07:35.740331,0.81919414,-0.59405905,-0.55186146,-0.41874814,-0.15027285,-2.601217
2848,2026-05-11 16:07:35.742953,0.81919414,-0.59405905,-0.55186146,-0.41874814,-0.15027285,-2.601217
2849,2026-05-11 16:07:35.745701,0.81919414,-0.59405905,-0.55186146,-0.41874814,-0.15027285,-2.601217
2850,2026-05-11 16:07:35.748466,0.81919414,-0.59405905,-0.55186146,-0.41874814,-0.15027285,-2.601217
2851,2026-05-11 16:07:35.751422,0.7959001,-0.5300309,-0.60973066,-0.41874814,-0.15027285,-2.601217
2852,2026-05-11 16:07:35.754151,0.7959001,-0.5300309,-0.60973066,-0.41874814,-0.15027285,-2.601217
2853,2026-05-11 16:07:35.756784,0.7959001,-0.5300309,-0.60973066,-0.41874814,-0.15027285,-2.601217
2854,2026-05-11 16:07:35.759432,0.7959001,-0.5300309,-0.60973066,-0.41874814,-0.15027285,-2.601217
2855,2026-05-11 16:07:35.762331,0.7247374,-0.45880726,-0.6653437,-0.41874814,-0.15027285,-2.601217
2856,2026-05-11 16:07:35.765089,0.7247374,-0.45880726,-0.6653437,-0.41874814,-0.15027285,-2.601217
2857,2026-05-11 16:07:35.768247,0.7247374,-0.45880726,-0.6653437,-0.41874814,-0.15027285,-2.601217
2858,2026-05-11 16:07:35.771049,0.7247374,-0.45880726,-0.6653437,-0.6582073,-0.34315357,-2.0616703
2859,2026-05-11 16:07:35.773776,0.7247374,-0.45880726,-0.6653437,-0.6582073,-0.34315357,-2.0616703
2860,2026-05-11 16:07:35.776450,0.7247374,-0.45880726,-0.6653437,-0.6582073,-0.34315357,-2.0616703
2861,2026-05-11 16:07:35.779058,0.7247374,-0.45880726,-0.6653437,-0.6582073,-0.34315357,-2.0616703
2862,2026-05-11 16:07:35.781846,0.7247374,-0.45880726,-0.6653437,-0.6582073,-0.34315357,-2.0616703
2863,2026-05-11 16:07:35.784915,0.4557583,-0.21470766,-0.68375945,-0.6582073,-0.34315357,-2.0616703
2864,2026-05-11 16:07:35.787873,0.4557583,-0.21470766,-0.68375945,-0.68600166,-0.33567044,-1.8845193
2865,2026-05-11 16:07:35.790600,0.4557583,-0.21470766,-0.68375945,-0.68600166,-0.33567044,-1.8845193
2866,2026-05-11 16:07:35.793237,0.4557583,-0.21470766,-0.68375945,-0.68600166,-0.33567044,-1.8845193
2867,2026-05-11 16:07:35.796110,0.20989029,-0.037136313,-0.73778695,-0.72143185,-0.31948254,-1.7547104
2868,2026-05-11 16:07:35.798924,0.20989029,-0.037136313,-0.73778695,-0.8425359,-0.3471242,-1.5361733
2869,2026-05-11 16:07:35.802001,0.20989029,-0.037136313,-0.73778695,-0.8425359,-0.3471242,-1.5361733
2870,2026-05-11 16:07:35.804978,0.20989029,-0.037136313,-0.73778695,-0.8425359,-0.3471242,-1.5361733
2871,2026-05-11 16:07:35.807645,0.20989029,-0.037136313,-0.73778695,-0.8425359,-0.3471242,-1.5361733
2872,2026-05-11 16:07:35.810522,0.20989029,-0.037136313,-0.73778695,-0.8425359,-0.3471242,-1.5361733
2873,2026-05-11 16:07:35.813203,0.20989029,-0.037136313,-0.73778695,-0.8425359,-0.3471242,-1.5361733
2874,2026-05-11 16:07:35.815990,0.19623096,0.14854525,-0.5869245,-0.95004815,-0.44700065,-1.2524265
2875,2026-05-11 16:07:35.819068,0.19623096,0.14854525,-0.5869245,-0.95004815,-0.44700065,-1.2524265
2876,2026-05-11 16:07:35.821947,0.19623096,0.14854525,-0.5869245,-0.95004815,-0.44700065,-1.2524265
2877,2026-05-11 16:07:35.824770,0.19623096,0.14854525,-0.5869245,-0.8979719,-0.41355577,-1.2118039
2878,2026-05-11 16:07:35.827478,0.19623096,0.14854525,-0.5869245,-0.8979719,-0.41355577,-1.2118039
2879,2026-05-11 16:07:35.830141,0.19623096,0.14854525,-0.5869245,-0.8979719,-0.41355577,-1.2118039
2880,2026-05-11 16:07:35.832763,0.19623096,0.14854525,-0.5869245,-0.8979719,-0.41355577,-1.2118039
2881,2026-05-11 16:07:35.835911,0.19623096,0.14854525,-0.5869245,-0.8979719,-0.41355577,-1.2118039
2882,2026-05-11 16:07:35.838796,0.16189969,0.2935537,-0.5272868,-0.7959574,-0.39019018,-1.2814425
2883,2026-05-11 16:07:35.841451,0.16189969,0.2935537,-0.5272868,-0.7959574,-0.39019018,-1.2814425
2884,2026-05-11 16:07:35.844124,0.16189969,0.2935537,-0.5272868,-0.7959574,-0.39019018,-1.2814425
2885,2026-05-11 16:07:35.846817,0.16189969,0.2935537,-0.5272868,-0.7959574,-0.39019018,-1.2814425
2886,2026-05-11 16:07:35.850100,0.16189969,0.2935537,-0.5272868,-0.7959574,-0.39019018,-1.2814425
2887,2026-05-11 16:07:35.853074,0.16189969,0.2935537,-0.5272868,-0.7959574,-0.39019018,-1.2814425
2888,2026-05-11 16:07:35.855939,0.16189969,0.2935537,-0.5272868,-0.7959574,-0.39019018,-1.2814425
2889,2026-05-11 16:07:35.858736,0.16189969,0.2935537,-0.5272868,-0.7959574,-0.39019018,-1.2814425
2890,2026-05-11 16:07:35.861415,0.16189969,0.2935537,-0.5272868,-0.7959574,-0.39019018,-1.2814425
2891,2026-05-11 16:07:35.864169,0.16189969,0.2935537,-0.5272868,-0.7959574,-0.39019018,-1.2814425
2892,2026-05-11 16:07:35.867276,-0.15964346,0.38740066,-0.56966734,-0.7959574,-0.39019018,-1.2814425
2893,2026-05-11 16:07:35.870228,-0.15964346,0.38740066,-0.56966734,-0.7959574,-0.39019018,-1.2814425
2894,2026-05-11 16:07:35.872845,-0.15964346,0.38740066,-0.56966734,-0.7959574,-0.39019018,-1.2814425
2895,2026-05-11 16:07:35.875668,-0.15964346,0.38740066,-0.56966734,-0.7959574,-0.39019018,-1.2814425
2896,2026-05-11 16:07:35.878501,-0.2022679,0.5300309,-0.52124995,-0.8127562,-0.10354166,-0.95371336
2897,2026-05-11 16:07:35.881158,-0.2022679,0.5300309,-0.52124995,-0.8127562,-0.10354166,-0.95371336
2898,2026-05-11 16:07:35.884361,-0.2022679,0.5300309,-0.52124995,-0.8127562,-0.10354166,-0.95371336
2899,2026-05-11 16:07:35.887113,-0.2022679,0.5300309,-0.52124995,-0.8127562,-0.10354166,-0.95371336
2900,2026-05-11 16:07:35.890018,-0.2022679,0.5300309,-0.52124995,-0.8127562,-0.10354166,-0.95371336
2901,2026-05-11 16:07:35.892773,-0.2022679,0.5300309,-0.52124995,-0.8127562,-0.10354166,-0.95371336
2902,2026-05-11 16:07:35.895588,-0.2022679,0.5300309,-0.52124995,-0.8127562,-0.10354166,-0.95371336
2903,2026-05-11 16:07:35.898245,-0.2022679,0.5300309,-0.52124995,-0.8127562,-0.10354166,-0.95371336
2904,2026-05-11 16:07:35.901646,-0.2022679,0.5300309,-0.52124995,-0.8127562,-0.10354166,-0.95371336
2905,2026-05-11 16:07:35.904467,-0.47984505,0.8069983,-0.82834107,0.9024007,-0.76251256,0.8142834
2906,2026-05-11 16:07:35.907213,-0.3026396,1.0429267,-1.3445296,0.23900102,0.030695979,1.9556851
2907,2026-05-11 16:07:35.909967,-0.3026396,1.0429267,-1.3445296,0.23900102,0.030695979,1.9556851
2908,2026-05-11 16:07:35.912615,-0.257515,1.0879903,-1.2405602,0.23900102,0.030695979,1.9556851
2909,2026-05-11 16:07:35.915380,-0.257515,1.0879903,-1.2405602,0.23900102,0.030695979,1.9556851
2910,2026-05-11 16:07:35.918433,-0.257515,1.0879903,-1.2405602,-1.7811303,0.783282,2.660929
2911,2026-05-11 16:07:35.921330,-0.20543882,1.1772028,-1.2167174,-1.7811303,0.783282,2.660929
2912,2026-05-11 16:07:35.924098,-0.14555727,1.2398285,-1.1642143,-1.7811303,0.783282,2.660929
2913,2026-05-11 16:07:35.926736,-0.14555727,1.2398285,-1.1642143,-1.7811303,0.783282,2.660929
2914,2026-05-11 16:07:35.929530,-0.14555727,1.2398285,-1.1642143,-1.7811303,0.783282,2.660929
2915,2026-05-11 16:07:35.932376,-0.14555727,1.2398285,-1.1642143,-1.7811303,0.783282,2.660929
2916,2026-05-11 16:07:35.935369,-0.35471582,1.358372,-0.6316222,-1.7811303,0.783282,2.660929
2917,2026-05-11 16:07:35.938263,-0.35471582,1.358372,-0.6316222,-1.7811303,0.783282,2.660929
2918,2026-05-11 16:07:35.940949,-0.35471582,1.358372,-0.6316222,-1.7811303,0.783282,2.660929
2919,2026-05-11 16:07:35.943636,-0.35471582,1.358372,-0.6316222,-1.7811303,0.783282,2.660929
2920,2026-05-11 16:07:35.946365,-0.27641857,1.504722,-0.76041025,-2.2131648,0.12232576,1.7357736
2921,2026-05-11 16:07:35.949061,-0.27641857,1.504722,-0.76041025,-2.2131648,0.12232576,1.7357736
2922,2026-05-11 16:07:35.952261,-0.22897679,1.5325894,-0.81175464,-1.5271631,-0.43050727,1.2403619
2923,2026-05-11 16:07:35.955045,-0.22897679,1.5325894,-0.81175464,-1.2586879,-0.58169645,0.88040954
2924,2026-05-11 16:07:35.957777,-0.22897679,1.5325894,-0.81175464,-1.2586879,-0.58169645,0.88040954
2925,2026-05-11 16:07:35.960422,-0.22897679,1.5325894,-0.81175464,-1.2586879,-0.58169645,0.88040954
2926,2026-05-11 16:07:35.963045,-0.18641332,1.5008193,-0.8637699,-1.2586879,-0.58169645,0.88040954
2927,2026-05-11 16:07:35.965851,-0.18641332,1.5008193,-0.8637699,-1.2586879,-0.58169645,0.88040954
2928,2026-05-11 16:07:35.968980,-0.18641332,1.5008193,-0.8637699,-1.2586879,-0.58169645,0.88040954
2929,2026-05-11 16:07:35.971928,-0.18641332,1.5008193,-0.8637699,-1.2586879,-0.58169645,0.88040954
2930,2026-05-11 16:07:35.974582,-0.18641332,1.5008193,-0.8637699,-1.2586879,-0.58169645,0.88040954
2931,2026-05-11 16:07:35.977282,-0.18641332,1.4734396,-0.8580378,-1.2586879,-0.58169645,0.88040954
2932,2026-05-11 16:07:35.979899,-0.18641332,1.4734396,-0.8580378,-1.2586879,-0.58169645,0.88040954
2933,2026-05-11 16:07:35.982618,-0.25574663,1.3913617,-0.81419384,-1.2586879,-0.58169645,0.88040954
2934,2026-05-11 16:07:35.985791,-0.25574663,1.3913617,-0.81419384,-0.5015204,0.19043724,-0.8697194
2935,2026-05-11 16:07:35.988644,-0.25574663,1.3913617,-0.81419384,-0.5015204,0.19043724,-0.8697194
2936,2026-05-11 16:07:35.991390,-0.25574663,1.3913617,-0.81419384,-0.5015204,0.19043724,-0.8697194
2937,2026-05-11 16:07:35.994057,-0.2987979,1.2994051,-0.7503486,-0.5015204,0.19043724,-0.8697194
2938,2026-05-11 16:07:35.996831,-0.2987979,1.2994051,-0.7503486,-0.5015204,0.19043724,-0.8697194
2939,2026-05-11 16:07:35.999575,-0.2987979,1.2994051,-0.7503486,-0.5015204,0.19043724,-0.8697194
2940,2026-05-11 16:07:36.002769,-0.2987979,1.2994051,-0.7503486,-0.5015204,0.19043724,-0.8697194
2941,2026-05-11 16:07:36.005506,-0.2987979,1.2994051,-0.7503486,-0.5015204,0.19043724,-0.8697194
2942,2026-05-11 16:07:36.008135,-0.2987979,1.2994051,-0.7503486,-0.5015204,0.19043724,-0.8697194
2943,2026-05-11 16:07:36.010961,-0.2987979,1.2994051,-0.7503486,-0.14446963,0.45998153,-1.186453
2944,2026-05-11 16:07:36.013569,-0.2987979,1.2994051,-0.7503486,-0.14446963,0.45998153,-1.186453
2945,2026-05-11 16:07:36.016403,-0.2987979,1.2994051,-0.7503486,-0.14446963,0.45998153,-1.186453
2946,2026-05-11 16:07:36.019983,-0.2987979,1.2994051,-0.7503486,0.054519724,0.5795584,-1.3017539
2947,2026-05-11 16:07:36.022736,-0.2987979,1.2994051,-0.7503486,0.054519724,0.5795584,-1.3017539
2948,2026-05-11 16:07:36.025525,-0.2987979,1.2994051,-0.7503486,0.42638394,0.6618725,-1.5166256
2949,2026-05-11 16:07:36.028246,-0.2987979,1.2994051,-0.7503486,0.42638394,0.6618725,-1.5166256
2950,2026-05-11 16:07:36.030978,-0.061527982,1.0734773,-0.7480924,0.7324274,0.6062838,-1.7243198
2951,2026-05-11 16:07:36.033986,-0.013781292,1.0168886,-0.9135899,1.1177307,0.6728681,-2.0505219
2952,2026-05-11 16:07:36.037071,-0.013781292,1.0168886,-0.9135899,1.1177307,0.6728681,-2.0505219
2953,2026-05-11 16:07:36.039833,-0.013781292,1.0168886,-0.9135899,1.1177307,0.6728681,-2.0505219
2954,2026-05-11 16:07:36.042526,-0.029148044,1.0882342,-1.0283527,1.1177307,0.6728681,-2.0505219
2955,2026-05-11 16:07:36.045136,-0.029148044,1.0882342,-1.0283527,1.1177307,0.6728681,-2.0505219
2956,2026-05-11 16:07:36.047814,-0.029148044,1.0882342,-1.0283527,1.1177307,0.6728681,-2.0505219
2957,2026-05-11 16:07:36.050998,-0.029148044,1.0882342,-1.0283527,1.1177307,0.6728681,-2.0505219
2958,2026-05-11 16:07:36.053885,-0.029148044,1.0882342,-1.0283527,1.1177307,0.6728681,-2.0505219
2959,2026-05-11 16:07:36.056482,-0.029148044,1.0882342,-1.0283527,1.1177307,0.6728681,-2.0505219
2960,2026-05-11 16:07:36.059276,-0.029148044,1.0882342,-1.0283527,1.1177307,0.6728681,-2.0505219
2961,2026-05-11 16:07:36.061906,-0.029148044,1.0882342,-1.0283527,1.1177307,0.6728681,-2.0505219
2962,2026-05-11 16:07:36.064593,-0.029148044,1.0882342,-1.0283527,1.1177307,0.6728681,-2.0505219
2963,2026-05-11 16:07:36.067577,-0.029148044,1.0882342,-1.0283527,1.1177307,0.6728681,-2.0505219
2964,2026-05-11 16:07:36.070305,-0.14073992,1.004022,-1.0708551,1.1177307,0.6728681,-2.0505219
2965,2026-05-11 16:07:36.072928,-0.14073992,1.004022,-1.0708551,0.61941737,1.4271339,-2.6746736
2966,2026-05-11 16:07:36.075762,-0.14073992,1.004022,-1.0708551,0.61941737,1.4271339,-2.6746736
2967,2026-05-11 16:07:36.078543,-0.14073992,1.004022,-1.0708551,0.38224894,1.4333953,-2.6484063
2968,2026-05-11 16:07:36.081234,-0.14073992,1.004022,-1.0708551,0.38224894,1.4333953,-2.6484063
2969,2026-05-11 16:07:36.084483,-0.14073992,1.004022,-1.0708551,0.38224894,1.4333953,-2.6484063
2970,2026-05-11 16:07:36.087268,-0.14073992,1.004022,-1.0708551,0.38224894,1.4333953,-2.6484063
2971,2026-05-11 16:07:36.090099,-0.3333731,0.97395927,-0.90182096,0.38224894,1.4333953,-2.6484063
2972,2026-05-11 16:07:36.092735,-0.3333731,0.97395927,-0.90182096,0.38224894,1.4333953,-2.6484063
2973,2026-05-11 16:07:36.095429,-0.48655275,0.91639495,-0.7132124,0.39584067,1.2493721,-2.5219572
2974,2026-05-11 16:07:36.098199,-0.720225,0.8344999,-0.49283364,0.39584067,1.2493721,-2.5219572
2975,2026-05-11 16:07:36.101342,-0.720225,0.8344999,-0.49283364,0.39584067,1.2493721,-2.5219572
2976,2026-05-11 16:07:36.104240,-0.720225,0.8344999,-0.49283364,0.39584067,1.2493721,-2.5219572
2977,2026-05-11 16:07:36.106905,-0.720225,0.8344999,-0.49283364,0.39584067,1.2493721,-2.5219572
2978,2026-05-11 16:07:36.109576,-0.720225,0.8344999,-0.49283364,0.39584067,1.2493721,-2.5219572
2979,2026-05-11 16:07:36.112586,-0.720225,0.8344999,-0.49283364,0.68859786,0.9294315,-2.1716259
2980,2026-05-11 16:07:36.115327,-0.720225,0.8344999,-0.49283364,0.68859786,0.9294315,-2.1716259
2981,2026-05-11 16:07:36.118530,-0.720225,0.8344999,-0.49283364,0.68859786,0.9294315,-2.1716259
2982,2026-05-11 16:07:36.121374,-0.720225,0.8344999,-0.49283364,0.68859786,0.9294315,-2.1716259
2983,2026-05-11 16:07:36.124091,-0.720225,0.8344999,-0.49283364,0.68859786,0.9294315,-2.1716259
2984,2026-05-11 16:07:36.126810,-0.720225,0.8344999,-0.49283364,0.68859786,0.9294315,-2.1716259
2985,2026-05-11 16:07:36.129527,-0.720225,0.8344999,-0.49283364,0.68859786,0.9294315,-2.1716259
2986,2026-05-11 16:07:36.132382,-0.720225,0.8344999,-0.49283364,0.68859786,0.9294315,-2.1716259
2987,2026-05-11 16:07:36.135472,-0.720225,0.8344999,-0.49283364,0.68859786,0.9294315,-2.1716259
2988,2026-05-11 16:07:36.138338,-0.720225,0.8344999,-0.49283364,0.68859786,0.9294315,-2.1716259
2989,2026-05-11 16:07:36.141093,-0.720225,0.8344999,-0.49283364,2.1843014,-0.4841107,-0.48380527
2990,2026-05-11 16:07:36.143823,-0.4437454,0.9320666,-0.44179407,2.1843014,-0.4841107,-0.48380527
2991,2026-05-11 16:07:36.146685,-0.33636108,0.9528605,-0.4607586,2.1843014,-0.4841107,-0.48380527
2992,2026-05-11 16:07:36.149364,0.18141302,1.0003633,-0.465393,2.1843014,-0.4841107,-0.48380527
2993,2026-05-11 16:07:36.152511,0.45649004,0.91602904,-0.6091209,2.1843014,-0.4841107,-0.48380527
2994,2026-05-11 16:07:36.155250,0.45649004,0.91602904,-0.6091209,2.9188669,-0.9586003,-1.0419834
2995,2026-05-11 16:07:36.158070,0.45649004,0.91602904,-0.6091209,2.9188669,-0.9586003,-1.0419834
2996,2026-05-11 16:07:36.160991,0.45649004,0.91602904,-0.6091209,2.9188669,-0.9586003,-1.0419834
2997,2026-05-11 16:07:36.163746,0.45649004,0.91602904,-0.6091209,2.9188669,-0.9586003,-1.0419834
2998,2026-05-11 16:07:36.166555,0.45649004,0.91602904,-0.6091209,2.9188669,-0.9586003,-1.0419834
2999,2026-05-11 16:07:36.169764,0.45649004,0.91602904,-0.6091209,2.665205,-0.7866417,-1.6271923
3000,2026-05-11 16:07:36.172611,0.45649004,0.91602904,-0.6091209,2.665205,-0.7866417,-1.6271923
3001,2026-05-11 16:07:36.175304,-0.050917607,0.82974356,-0.85383034,2.665205,-0.7866417,-1.6271923
3002,2026-05-11 16:07:36.177996,0.11817763,0.85273266,-0.7929731,2.665205,-0.7866417,-1.6271923
3003,2026-05-11 16:07:36.180761,0.11817763,0.85273266,-0.7929731,2.4885123,-0.6945538,-1.6626225
3004,2026-05-11 16:07:36.183544,0.11817763,0.85273266,-0.7929731,2.4885123,-0.6945538,-1.6626225
3005,2026-05-11 16:07:36.186747,-0.34532502,0.6549163,-0.9552996,2.4885123,-0.6945538,-1.6626225
3006,2026-05-11 16:07:36.189575,-0.55466646,0.43923298,-0.8973084,2.4885123,-0.6945538,-1.6626225
3007,2026-05-11 16:07:36.192296,-0.55466646,0.43923298,-0.8973084,0.8935431,0.18280143,-1.0387764
3008,2026-05-11 16:07:36.194991,-0.55466646,0.43923298,-0.8973084,0.8935431,0.18280143,-1.0387764
3009,2026-05-11 16:07:36.197739,-0.6269878,0.35697204,-0.8262678,0.8935431,0.18280143,-1.0387764
3010,2026-05-11 16:07:36.200917,-0.6269878,0.35697204,-0.8262678,0.43142357,0.38896844,-0.5740606
3011,2026-05-11 16:07:36.203701,-0.6269878,0.35697204,-0.8262678,0.43142357,0.38896844,-0.5740606
3012,2026-05-11 16:07:36.206388,-0.6269878,0.35697204,-0.8262678,0.43142357,0.38896844,-0.5740606
3013,2026-05-11 16:07:36.209138,-0.6269878,0.35697204,-0.8262678,0.040927973,0.50946164,0.06658431
3014,2026-05-11 16:07:36.211752,-0.6269878,0.35697204,-0.8262678,0.040927973,0.50946164,0.06658431
3015,2026-05-11 16:07:36.214496,-0.6269878,0.35697204,-0.8262678,0.040927973,0.50946164,0.06658431
3016,2026-05-11 16:07:36.217626,-0.64778167,0.2280621,-0.67381984,0.040927973,0.50946164,0.06658431
3017,2026-05-11 16:07:36.220390,-0.64778167,0.2280621,-0.67381984,0.040927973,0.50946164,0.06658431
3018,2026-05-11 16:07:36.223282,-0.47502774,0.091224834,-0.43295208,0.040927973,0.50946164,0.06658431
3019,2026-05-11 16:07:36.225987,-0.47502774,0.091224834,-0.43295208,0.040927973,0.50946164,0.06658431
3020,2026-05-11 16:07:36.228668,-0.47502774,0.091224834,-0.43295208,0.040927973,0.50946164,0.06658431
3021,2026-05-11 16:07:36.231364,-0.47502774,0.091224834,-0.43295208,0.040927973,0.50946164,0.06658431
3022,2026-05-11 16:07:36.234381,-0.47502774,0.091224834,-0.43295208,0.040927973,0.50946164,0.06658431
3023,2026-05-11 16:07:36.237181,-0.47502774,0.091224834,-0.43295208,-0.07727446,0.5729916,0.67073005
3024,2026-05-11 16:07:36.239881,-0.47502774,0.091224834,-0.43295208,-0.07727446,0.5729916,0.67073005
3025,2026-05-11 16:07:36.242522,-0.47502774,0.091224834,-0.43295208,-0.07727446,0.5729916,0.67073005
3026,2026-05-11 16:07:36.245375,-0.47502774,0.091224834,-0.43295208,-0.07727446,0.5729916,0.67073005
3027,2026-05-11 16:07:36.248002,-0.47502774,0.091224834,-0.43295208,-0.07727446,0.5729916,0.67073005
3028,2026-05-11 16:07:36.250989,-0.47502774,0.091224834,-0.43295208,-0.07727446,0.5729916,0.67073005
3029,2026-05-11 16:07:36.253870,-0.47502774,0.091224834,-0.43295208,-0.07727446,0.5729916,0.67073005
3030,2026-05-11 16:07:36.256503,-0.3289826,0.04451479,-0.27184513,-0.07727446,0.5729916,0.67073005
3031,2026-05-11 16:07:36.259124,-0.3289826,0.04451479,-0.27184513,-0.07727446,0.5729916,0.67073005
3032,2026-05-11 16:07:36.262022,1.0571959,-0.3216651,-0.3389222,1.9242256,-1.8359555,1.1557571
3033,2026-05-11 16:07:36.264605,1.0571959,-0.3216651,-0.3389222,1.9242256,-1.8359555,1.1557571
3034,2026-05-11 16:07:36.267826,1.0571959,-0.3216651,-0.3389222,1.9242256,-1.8359555,1.1557571
3035,2026-05-11 16:07:36.270587,1.0571959,-0.3216651,-0.3389222,1.9242256,-1.8359555,1.1557571
3036,2026-05-11 16:07:36.273390,1.0571959,-0.3216651,-0.3389222,1.9242256,-1.8359555,1.1557571
3037,2026-05-11 16:07:36.276124,0.8861493,-0.86822134,-0.10153031,2.5560129,-2.1499403,1.2942708
3038,2026-05-11 16:07:36.278845,1.5147225,-0.9842648,-0.74687284,2.5560129,-2.1499403,1.2942708
3039,2026-05-11 16:07:36.281612,1.5147225,-0.9842648,-0.74687284,3.934125,-1.2869403,2.8093693
3040,2026-05-11 16:07:36.284817,1.5147225,-0.9842648,-0.74687284,3.934125,-1.2869403,2.8093693
3041,2026-05-11 16:07:36.287626,1.5147225,-0.9842648,-0.74687284,3.934125,-1.2869403,2.8093693
3042,2026-05-11 16:07:36.290565,1.5147225,-0.9842648,-0.74687284,3.934125,-1.2869403,2.8093693
3043,2026-05-11 16:07:36.293266,1.5147225,-0.9842648,-0.74687284,3.934125,-1.2869403,2.8093693
3044,2026-05-11 16:07:36.296032,1.8152279,-0.96408063,-1.1618361,3.934125,-1.2869403,2.8093693
3045,2026-05-11 16:07:36.299117,1.8152279,-0.96408063,-1.1618361,3.1635184,0.23167065,3.159395
3046,2026-05-11 16:07:36.302311,1.8152279,-0.96408063,-1.1618361,3.1635184,0.23167065,3.159395
3047,2026-05-11 16:07:36.304955,1.8152279,-0.96408063,-1.1618361,3.1635184,0.23167065,3.159395
3048,2026-05-11 16:07:36.307586,1.8152279,-0.96408063,-1.1618361,3.1635184,0.23167065,3.159395
3049,2026-05-11 16:07:36.310178,1.8152279,-0.96408063,-1.1618361,3.1635184,0.23167065,3.159395
3050,2026-05-11 16:07:36.312767,1.8152279,-0.96408063,-1.1618361,3.1635184,0.23167065,3.159395
3051,2026-05-11 16:07:36.315399,2.0860972,-0.75772715,-1.2084242,0.8162687,3.0729575,3.5451565
3052,2026-05-11 16:07:36.318621,2.1078057,-0.6640022,-1.1404324,0.8162687,3.0729575,3.5451565
3053,2026-05-11 16:07:36.321369,2.1078057,-0.6640022,-1.1404324,0.8162687,3.0729575,3.5451565
3054,2026-05-11 16:07:36.324131,2.1078057,-0.6640022,-1.1404324,0.8162687,3.0729575,3.5451565
3055,2026-05-11 16:07:36.326765,2.1078057,-0.6640022,-1.1404324,0.8162687,3.0729575,3.5451565
3056,2026-05-11 16:07:36.329496,2.1078057,-0.6640022,-1.1404324,0.8162687,3.0729575,3.5451565
3057,2026-05-11 16:07:36.332152,2.1078057,-0.6640022,-1.1404324,0.8162687,3.0729575,3.5451565
3058,2026-05-11 16:07:36.335250,2.1078057,-0.6640022,-1.1404324,0.8162687,3.0729575,3.5451565
3059,2026-05-11 16:07:36.338121,2.1944573,-0.40209663,-1.0882342,0.8162687,3.0729575,3.5451565
3060,2026-05-11 16:07:36.340879,2.1944573,-0.40209663,-1.0882342,0.5367978,2.8469374,3.4373388
3061,2026-05-11 16:07:36.343476,2.1944573,-0.40209663,-1.0882342,0.5367978,2.8469374,3.4373388
3062,2026-05-11 16:07:36.346302,2.1944573,-0.40209663,-1.0882342,0.5367978,2.8469374,3.4373388
3063,2026-05-11 16:07:36.348951,2.1944573,-0.40209663,-1.0882342,0.5367978,2.8469374,3.4373388
3064,2026-05-11 16:07:36.352007,2.1944573,-0.40209663,-1.0882342,0.5367978,2.8469374,3.4373388
3065,2026-05-11 16:07:36.354777,2.1944573,-0.40209663,-1.0882342,0.5367978,2.8469374,3.4373388
3066,2026-05-11 16:07:36.357428,2.2427528,-0.16805859,-1.1404933,0.5367978,2.8469374,3.4373388
3067,2026-05-11 16:07:36.384968,0.8202307,-0.12287302,-0.47758886,0.23151793,-0.010537425,-1.9613355
3068,2026-05-11 16:07:36.388642,0.8202307,-0.12287302,-0.47758886,0.23151793,-0.010537425,-1.9613355
3069,2026-05-11 16:07:36.396876,0.8202307,-0.12287302,-0.47758886,0.23151793,-0.010537425,-1.9613355
3070,2026-05-11 16:07:36.399819,0.8202307,-0.12287302,-0.47758886,0.18325958,-0.020616703,-1.7707456
3071,2026-05-11 16:07:36.402966,0.8202307,-0.12287302,-0.47758886,0.18325958,-0.020616703,-1.7707456
3072,2026-05-11 16:07:36.405769,0.7798016,-0.041404855,-0.52472574,0.18325958,-0.020616703,-1.7707456
3073,2026-05-11 16:07:36.408389,0.7798016,-0.041404855,-0.52472574,0.18325958,-0.020616703,-1.7707456
3074,2026-05-11 16:07:36.411254,0.7798016,-0.041404855,-0.52472574,0.18325958,-0.020616703,-1.7707456
3075,2026-05-11 16:07:36.413961,0.78772885,0.05256404,-0.59405905,0.11530081,-0.16875152,-1.7244726
3076,2026-05-11 16:07:36.416726,0.78772885,0.05256404,-0.59405905,0.11530081,-0.16875152,-1.7244726
3077,2026-05-11 16:07:36.419833,0.78772885,0.05256404,-0.59405905,0.11530081,-0.16875152,-1.7244726
3078,2026-05-11 16:07:36.422680,0.78772885,0.05256404,-0.59405905,0.11530081,-0.16875152,-1.7244726
3079,2026-05-11 16:07:36.425473,0.78772885,0.05256404,-0.59405905,0.11530081,-0.16875152,-1.7244726
3080,2026-05-11 16:07:36.428478,0.67808837,0.08677336,-0.6660145,-0.082924955,-0.22434026,-1.771051
3081,2026-05-11 16:07:36.431292,0.67808837,0.08677336,-0.6660145,-0.082924955,-0.22434026,-1.771051
3082,2026-05-11 16:07:36.434344,0.67808837,0.08677336,-0.6660145,-0.082924955,-0.22434026,-1.771051
3083,2026-05-11 16:07:36.437354,0.5975349,0.12720254,-0.66278255,-0.35506544,-0.11148291,-1.7400496
3084,2026-05-11 16:07:36.440096,0.5975349,0.12720254,-0.66278255,-0.35506544,-0.11148291,-1.7400496
3085,2026-05-11 16:07:36.442720,0.5975349,0.12720254,-0.66278255,-0.35506544,-0.11148291,-1.7400496
3086,2026-05-11 16:07:36.445563,0.5975349,0.12720254,-0.66278255,-0.35506544,-0.11148291,-1.7400496
3087,2026-05-11 16:07:36.448186,0.5975349,0.12720254,-0.66278255,-0.35506544,-0.11148291,-1.7400496
3088,2026-05-11 16:07:36.451427,0.56753314,0.1583629,-0.5441171,-0.589485,0.19990565,-1.7365372
3089,2026-05-11 16:07:36.454347,0.47319835,0.1367153,-0.48313794,-0.589485,0.19990565,-1.7365372
3090,2026-05-11 16:07:36.457171,0.47319835,0.1367153,-0.48313794,-0.4552473,0.27366763,-1.7886134
3091,2026-05-11 16:07:36.459995,0.47319835,0.1367153,-0.48313794,-0.4552473,0.27366763,-1.7886134
3092,2026-05-11 16:07:36.462666,0.47319835,0.1367153,-0.48313794,-0.4552473,0.27366763,-1.7886134
3093,2026-05-11 16:07:36.465720,0.47319835,0.1367153,-0.48313794,-0.4552473,0.27366763,-1.7886134
3094,2026-05-11 16:07:36.468885,0.47319835,0.1367153,-0.48313794,-0.4552473,0.27366763,-1.7886134
3095,2026-05-11 16:07:36.471756,0.47319835,0.1367153,-0.48313794,-0.4552473,0.27366763,-1.7886134
3096,2026-05-11 16:07:36.474401,0.47319835,0.1367153,-0.48313794,-0.4552473,0.27366763,-1.7886134
3097,2026-05-11 16:07:36.477221,0.3204455,0.15507002,-0.48271108,-0.4552473,0.27366763,-1.7886134
3098,2026-05-11 16:07:36.479903,0.3204455,0.15507002,-0.48271108,-0.09392053,0.16325374,-1.7733418
3099,2026-05-11 16:07:36.482509,0.3204455,0.15507002,-0.48271108,-0.09392053,0.16325374,-1.7733418
3100,2026-05-11 16:07:36.485613,0.3204455,0.15507002,-0.48271108,-0.09392053,0.16325374,-1.7733418
3101,2026-05-11 16:07:36.488399,0.3204455,0.15507002,-0.48271108,-0.09392053,0.16325374,-1.7733418
3102,2026-05-11 16:07:36.491092,0.3204455,0.15507002,-0.48271108,-0.09392053,0.16325374,-1.7733418
3103,2026-05-11 16:07:36.493783,0.3204455,0.15507002,-0.48271108,-0.09392053,0.16325374,-1.7733418
3104,2026-05-11 16:07:36.496369,0.3204455,0.15507002,-0.48271108,-0.09392053,0.16325374,-1.7733418
3105,2026-05-11 16:07:36.499141,0.3204455,0.15507002,-0.48271108,-0.09392053,0.16325374,-1.7733418
3106,2026-05-11 16:07:36.502106,0.3204455,0.15507002,-0.48271108,-0.09392053,0.16325374,-1.7733418
3107,2026-05-11 16:07:36.504920,-0.006524771,0.22019579,-0.70095557,0.4166101,-0.2959642,-1.3697126
3108,2026-05-11 16:07:36.507763,-0.006524771,0.22019579,-0.70095557,0.4166101,-0.2959642,-1.3697126
3109,2026-05-11 16:07:36.510463,-0.006524771,0.22019579,-0.70095557,0.4166101,-0.2959642,-1.3697126
3110,2026-05-11 16:07:36.513189,-0.006524771,0.22019579,-0.70095557,0.4166101,-0.2959642,-1.3697126
3111,2026-05-11 16:07:36.516315,-0.006524771,0.22019579,-0.70095557,0.47342056,-0.54092115,-1.0340421
3112,2026-05-11 16:07:36.519328,-0.006524771,0.22019579,-0.70095557,0.47342056,-0.54092115,-1.0340421
3113,2026-05-11 16:07:36.521966,-0.006524771,0.22019579,-0.70095557,0.47342056,-0.54092115,-1.0340421
3114,2026-05-11 16:07:36.524841,-0.181474,0.3565452,-0.8337072,0.47342056,-0.54092115,-1.0340421
3115,2026-05-11 16:07:36.527557,-0.181474,0.3565452,-0.8337072,0.47342056,-0.54092115,-1.0340421
3116,2026-05-11 16:07:36.530289,-0.181474,0.3565452,-0.8337072,0.47342056,-0.54092115,-1.0340421
3117,2026-05-11 16:07:36.533048,-0.181474,0.3565452,-0.8337072,0.47342056,-0.54092115,-1.0340421
3118,2026-05-11 16:07:36.536113,-0.181474,0.3565452,-0.8337072,0.47342056,-0.54092115,-1.0340421
3119,2026-05-11 16:07:36.539048,-0.181474,0.3565452,-0.8337072,0.47342056,-0.54092115,-1.0340421
3120,2026-05-11 16:07:36.541888,-0.13183697,0.6243657,-0.8454762,-1.3249667,0.5561928,0.5132795
3121,2026-05-11 16:07:36.544659,-0.13183697,0.6243657,-0.8454762,-1.3249667,0.5561928,0.5132795
3122,2026-05-11 16:07:36.547317,-0.32684833,0.6247926,-0.91828525,-1.3249667,0.5561928,0.5132795
3123,2026-05-11 16:07:36.549976,-0.32684833,0.6247926,-0.91828525,-1.3249667,0.5561928,0.5132795
3124,2026-05-11 16:07:36.553343,-0.32684833,0.6247926,-0.91828525,-1.5679383,0.49663344,0.6426302
3125,2026-05-11 16:07:36.556153,-0.32684833,0.6247926,-0.91828525,-1.5679383,0.49663344,0.6426302
3126,2026-05-11 16:07:36.558881,-0.66070926,0.6053402,-0.8598063,-2.4034493,0.8518516,1.6641496
3127,2026-05-11 16:07:36.561677,-0.66070926,0.6053402,-0.8598063,-2.4034493,0.8518516,1.6641496
3128,2026-05-11 16:07:36.564346,-0.66070926,0.6053402,-0.8598063,-2.4034493,0.8518516,1.6641496
3129,2026-05-11 16:07:36.567213,-0.7238837,0.5887539,-0.7578491,-2.4034493,0.8518516,1.6641496
3130,2026-05-11 16:07:36.570094,-0.7238837,0.5887539,-0.7578491,-2.4034493,0.8518516,1.6641496
3131,2026-05-11 16:07:36.572817,-0.7238837,0.5887539,-0.7578491,-2.8351784,1.149343,2.1514673
3132,2026-05-11 16:07:36.575610,-0.7238837,0.5887539,-0.7578491,-2.8351784,1.149343,2.1514673
3133,2026-05-11 16:07:36.578344,-0.7238837,0.5887539,-0.7578491,-2.8351784,1.149343,2.1514673
3134,2026-05-11 16:07:36.580942,-0.7238837,0.5887539,-0.7578491,-2.8351784,1.149343,2.1514673
3135,2026-05-11 16:07:36.584074,-0.7238837,0.5887539,-0.7578491,-2.8351784,1.149343,2.1514673
3136,2026-05-11 16:07:36.586949,-0.7238837,0.5887539,-0.7578491,-2.8351784,1.149343,2.1514673
3137,2026-05-11 16:07:36.589768,-0.7238837,0.5887539,-0.7578491,-2.8351784,1.149343,2.1514673
3138,2026-05-11 16:07:36.592424,-0.7238837,0.5887539,-0.7578491,-2.8351784,1.149343,2.1514673
3139,2026-05-11 16:07:36.595065,-0.7238837,0.5887539,-0.7578491,-2.8351784,1.149343,2.1514673
3140,2026-05-11 16:07:36.597671,-0.7238837,0.5887539,-0.7578491,-2.8351784,1.149343,2.1514673
3141,2026-05-11 16:07:36.600895,0.021769563,0.9040772,-0.85383034,-2.8351784,1.149343,2.1514673
3142,2026-05-11 16:07:36.603964,0.021769563,0.9040772,-0.85383034,-3.96421,1.1085677,3.3745723
3143,2026-05-11 16:07:36.606684,0.021769563,0.9040772,-0.85383034,-3.96421,1.1085677,3.3745723
3144,2026-05-11 16:07:36.609522,0.099457026,1.0123152,-0.93163973,-3.96421,1.1085677,3.3745723
3145,2026-05-11 16:07:36.612285,0.099457026,1.0123152,-0.93163973,-4.275446,1.0725267,3.2259793
3146,2026-05-11 16:07:36.615031,0.099457026,1.0123152,-0.93163973,-4.275446,1.0725267,3.2259793
3147,2026-05-11 16:07:36.618185,0.099457026,1.0123152,-0.93163973,-4.275446,1.0725267,3.2259793
3148,2026-05-11 16:07:36.621086,0.099457026,1.0123152,-0.93163973,-4.7419944,1.2417363,3.1210632
3149,2026-05-11 16:07:36.623735,0.099457026,1.0123152,-0.93163973,-4.7419944,1.2417363,3.1210632
3150,2026-05-11 16:07:36.626369,0.099457026,1.0123152,-0.93163973,-4.7419944,1.2417363,3.1210632
3151,2026-05-11 16:07:36.629065,0.099457026,1.0123152,-0.93163973,-4.7419944,1.2417363,3.1210632
3152,2026-05-11 16:07:36.631782,-0.008171208,1.0607935,-1.0151812,-4.7419944,1.2417363,3.1210632
3153,2026-05-11 16:07:36.634841,-0.008171208,1.0607935,-1.0151812,-4.7419944,1.2417363,3.1210632
3154,2026-05-11 16:07:36.637643,-0.008171208,1.0607935,-1.0151812,-4.7419944,1.2417363,3.1210632
3155,2026-05-11 16:07:36.640252,-0.008171208,1.0607935,-1.0151812,-4.7419944,1.2417363,3.1210632
3156,2026-05-11 16:07:36.642891,-0.008171208,1.0607935,-1.0151812,-4.7419944,1.2417363,3.1210632
3157,2026-05-11 16:07:36.645727,-0.2774552,1.226352,-1.0942101,-5.6538634,1.4662293,3.2290337
3158,2026-05-11 16:07:36.648595,-0.2774552,1.226352,-1.0942101,-5.6538634,1.4662293,3.2290337
3159,2026-05-11 16:07:36.651856,-0.2774552,1.226352,-1.0942101,-5.6538634,1.4662293,3.2290337
3160,2026-05-11 16:07:36.654808,-0.2774552,1.226352,-1.0942101,-5.9402065,1.4500414,3.4651332
3161,2026-05-11 16:07:36.657577,-0.2774552,1.226352,-1.0942101,-5.9402065,1.4500414,3.4651332
3162,2026-05-11 16:07:36.660347,-0.2774552,1.226352,-1.0942101,-5.9402065,1.4500414,3.4651332
3163,2026-05-11 16:07:36.663159,-0.2013532,1.4632561,-0.49002862,-5.9402065,1.4500414,3.4651332
3164,2026-05-11 16:07:36.665832,-0.2013532,1.4632561,-0.49002862,-5.9402065,1.4500414,3.4651332
3165,2026-05-11 16:07:36.669196,-0.2013532,1.4632561,-0.49002862,-5.9402065,1.4500414,3.4651332
3166,2026-05-11 16:07:36.672062,0.16720487,1.7530291,-0.18251066,-5.134322,1.0118983,3.2991304
3167,2026-05-11 16:07:36.674869,0.16720487,1.7530291,-0.18251066,-5.134322,1.0118983,3.2991304
3168,2026-05-11 16:07:36.677596,0.2084268,1.9987751,-0.13153206,-5.134322,1.0118983,3.2991304
3169,2026-05-11 16:07:36.680397,0.2084268,1.9987751,-0.13153206,-2.5550966,0.35460728,2.134516
3170,2026-05-11 16:07:36.683311,0.2084268,1.9987751,-0.13153206,-2.5550966,0.35460728,2.134516
3171,2026-05-11 16:07:36.686606,0.2084268,1.9987751,-0.13153206,-2.5550966,0.35460728,2.134516
3172,2026-05-11 16:07:36.689433,0.2084268,1.9987751,-0.13153206,-2.5550966,0.35460728,2.134516
3173,2026-05-11 16:07:36.692333,0.1144579,2.1181724,-0.2698938,-1.2286028,0.15393804,1.3956743
3174,2026-05-11 16:07:36.694996,0.1144579,2.1181724,-0.2698938,-1.2286028,0.15393804,1.3956743
3175,2026-05-11 16:07:36.697654,0.1144579,2.1181724,-0.2698938,-1.2286028,0.15393804,1.3956743
3176,2026-05-11 16:07:36.700928,0.1144579,2.1181724,-0.2698938,-1.2286028,0.15393804,1.3956743
3177,2026-05-11 16:07:36.703953,-0.07982173,2.11988,-0.43032995,-1.2286028,0.15393804,1.3956743
3178,2026-05-11 16:07:36.706618,-0.07982173,2.11988,-0.43032995,-1.2286028,0.15393804,1.3956743
3179,2026-05-11 16:07:36.709444,-0.15598471,2.116404,-0.6507087,1.106277,-0.2087632,-0.027030786
3180,2026-05-11 16:07:36.712291,-0.14488651,2.066462,-0.79833925,1.106277,-0.2087632,-0.027030786
3181,2026-05-11 16:07:36.714981,-0.14488651,2.066462,-0.79833925,1.106277,-0.2087632,-0.027030786
3182,2026-05-11 16:07:36.718216,-0.14488651,2.066462,-0.79833925,1.106277,-0.2087632,-0.027030786
3183,2026-05-11 16:07:36.721085,-0.14488651,2.066462,-0.79833925,1.106277,-0.2087632,-0.027030786
3184,2026-05-11 16:07:36.723834,-0.14488651,2.066462,-0.79833925,1.106277,-0.2087632,-0.027030786
3185,2026-05-11 16:07:36.726455,-0.14488651,2.066462,-0.79833925,1.106277,-0.2087632,-0.027030786
3186,2026-05-11 16:07:36.729386,-0.14488651,2.066462,-0.79833925,1.9611828,-0.100029185,-1.3674219
3187,2026-05-11 16:07:36.732105,-0.14488651,2.066462,-0.79833925,1.9611828,-0.100029185,-1.3674219
3188,2026-05-11 16:07:36.735326,-0.14482552,1.6764392,-1.367031,2.0263927,-0.18051068,-1.7322611
3189,2026-05-11 16:07:36.738061,-0.14482552,1.6764392,-1.367031,2.0263927,-0.18051068,-1.7322611
3190,2026-05-11 16:07:36.740812,-0.14482552,1.6764392,-1.367031,2.0263927,-0.18051068,-1.7322611
3191,2026-05-11 16:07:36.743534,-0.14482552,1.6764392,-1.367031,2.0263927,-0.18051068,-1.7322611
3192,2026-05-11 16:07:36.746209,-0.14482552,1.6764392,-1.367031,2.0263927,-0.18051068,-1.7322611
3193,2026-05-11 16:07:36.748980,-0.11817763,1.586556,-1.4728298,2.0263927,-0.18051068,-1.7322611
3194,2026-05-11 16:07:36.752085,-0.083907336,1.3913007,-1.4868551,1.9840903,-0.36911532,-2.0894647
3195,2026-05-11 16:07:36.754990,-0.083907336,1.3913007,-1.4868551,1.3408492,-0.76052725,-2.8087585
3196,2026-05-11 16:07:36.757642,-0.083907336,1.3913007,-1.4868551,1.3408492,-0.76052725,-2.8087585
3197,2026-05-11 16:07:36.760262,-0.083907336,1.3913007,-1.4868551,1.3408492,-0.76052725,-2.8087585
3198,2026-05-11 16:07:36.763034,-0.083907336,1.3913007,-1.4868551,1.3408492,-0.76052725,-2.8087585
3199,2026-05-11 16:07:36.765909,-0.083907336,1.3913007,-1.4868551,1.3408492,-0.76052725,-2.8087585
3200,2026-05-11 16:07:36.769059,-0.083907336,1.3913007,-1.4868551,1.3408492,-0.76052725,-2.8087585
3201,2026-05-11 16:07:36.771829,-0.012378771,1.2179369,-0.7260789,1.3408492,-0.76052725,-2.8087585
3202,2026-05-11 16:07:36.774554,-0.012378771,1.2179369,-0.7260789,1.3408492,-0.76052725,-2.8087585
3203,2026-05-11 16:07:36.777287,-0.012378771,1.2179369,-0.7260789,0.2762638,-0.8846856,-3.8373027
3204,2026-05-11 16:07:36.779937,-0.012378771,1.2179369,-0.7260789,0.2762638,-0.8846856,-3.8373027
3205,2026-05-11 16:07:36.782555,-0.012378771,1.2179369,-0.7260789,0.2762638,-0.8846856,-3.8373027
3206,2026-05-11 16:07:36.785957,-0.012378771,1.2179369,-0.7260789,0.2762638,-0.8846856,-3.8373027
3207,2026-05-11 16:07:36.788917,-0.06097917,1.1773248,-0.5652159,0.22143865,-0.8324566,-3.9185479
3208,2026-05-11 16:07:36.791757,-0.37746105,1.0503052,-0.22409843,0.48090366,-0.15806139,-3.5521815
3209,2026-05-11 16:07:36.794428,-0.37746105,1.0503052,-0.22409843,0.48090366,-0.15806139,-3.5521815
3210,2026-05-11 16:07:36.797152,-1.1629947,1.0825021,0.17019285,0.48090366,-0.15806139,-3.5521815
3211,2026-05-11 16:07:36.799915,-1.1629947,1.0825021,0.17019285,0.9068295,0.12889257,-2.5573874
3212,2026-05-11 16:07:36.803037,-1.1629947,1.0825021,0.17019285,0.9068295,0.12889257,-2.5573874
3213,2026-05-11 16:07:36.805992,-1.1629947,1.0825021,0.17019285,0.9068295,0.12889257,-2.5573874
3214,2026-05-11 16:07:36.808608,-1.1629947,1.0825021,0.17019285,0.9068295,0.12889257,-2.5573874
3215,2026-05-11 16:07:36.811279,-1.1629947,1.0825021,0.17019285,0.9068295,0.12889257,-2.5573874
3216,2026-05-11 16:07:36.814059,-1.1629947,1.0825021,0.17019285,1.2768611,0.25381452,-1.6849191
3217,2026-05-11 16:07:36.816970,-1.2393407,1.0307918,0.26562527,1.2768611,0.25381452,-1.6849191
3218,2026-05-11 16:07:36.819945,-1.2393407,1.0307918,0.26562527,1.2768611,0.25381452,-1.6849191
3219,2026-05-11 16:07:36.822676,-1.2393407,1.0307918,0.26562527,1.2768611,0.25381452,-1.6849191
3220,2026-05-11 16:07:36.825377,-1.2393407,1.0307918,0.26562527,1.2768611,0.25381452,-1.6849191
3221,2026-05-11 16:07:36.828055,-1.2393407,1.0307918,0.26562527,1.2768611,0.25381452,-1.6849191
3222,2026-05-11 16:07:36.830816,-1.2393407,1.0307918,0.26562527,1.2768611,0.25381452,-1.6849191
3223,2026-05-11 16:07:36.833929,-1.2393407,1.0307918,0.26562527,1.2768611,0.25381452,-1.6849191
3224,2026-05-11 16:07:36.836947,-1.2393407,1.0307918,0.26562527,1.2768611,0.25381452,-1.6849191
3225,2026-05-11 16:07:36.839568,-1.2393407,1.0307918,0.26562527,1.2768611,0.25381452,-1.6849191
3226,2026-05-11 16:07:36.842329,-0.24489233,0.72077376,0.14897211,1.2768611,0.25381452,-1.6849191
3227,2026-05-11 16:07:36.845065,-0.24489233,0.72077376,0.14897211,1.2768611,0.25381452,-1.6849191
3228,2026-05-11 16:07:36.847802,-0.24489233,0.72077376,0.14897211,2.4604125,1.1867584,0.8743009
3229,2026-05-11 16:07:36.850913,-0.24489233,0.72077376,0.14897211,2.4604125,1.1867584,0.8743009
3230,2026-05-11 16:07:36.853863,-0.24489233,0.72077376,0.14897211,2.4604125,1.1867584,0.8743009
3231,2026-05-11 16:07:36.856574,-0.24489233,0.72077376,0.14897211,2.8290696,1.5406022,0.9221011
3232,2026-05-11 16:07:36.859313,-0.24489233,0.72077376,0.14897211,2.8290696,1.5406022,0.9221011
3233,2026-05-11 16:07:36.862072,-0.24489233,0.72077376,0.14897211,2.8290696,1.5406022,0.9221011
3234,2026-05-11 16:07:36.864674,-0.24489233,0.72077376,0.14897211,2.8290696,1.5406022,0.9221011
3235,2026-05-11 16:07:36.867967,-0.12342183,0.42307347,-0.403926,2.8290696,1.5406022,0.9221011
3236,2026-05-11 16:07:36.870832,-0.053966567,0.32648247,-0.68382037,2.8290696,1.5406022,0.9221011
3237,2026-05-11 16:07:36.873570,-0.053966567,0.32648247,-0.68382037,2.8290696,1.5406022,0.9221011
3238,2026-05-11 16:07:36.876442,-0.053966567,0.32648247,-0.68382037,2.8290696,1.5406022,0.9221011
3239,2026-05-11 16:07:36.879202,-0.053966567,0.32648247,-0.68382037,2.8290696,1.5406022,0.9221011
3240,2026-05-11 16:07:36.881904,-0.053966567,0.32648247,-0.68382037,2.8290696,1.5406022,0.9221011
3241,2026-05-11 16:07:36.885032,-0.053966567,0.32648247,-0.68382037,2.8290696,1.5406022,0.9221011
3242,2026-05-11 16:07:36.887791,-0.053966567,0.32648247,-0.68382037,2.8290696,1.5406022,0.9221011
3243,2026-05-11 16:07:36.890576,-0.053966567,0.32648247,-0.68382037,2.8290696,1.5406022,0.9221011
3244,2026-05-11 16:07:36.893299,-0.053966567,0.32648247,-0.68382037,2.8290696,1.5406022,0.9221011
3245,2026-05-11 16:07:36.895986,-0.053966567,0.32648247,-0.68382037,2.437505,0.5647449,1.1979067
3246,2026-05-11 16:07:36.898591,-0.053966567,0.32648247,-0.68382037,2.437505,0.5647449,1.1979067
3247,2026-05-11 16:07:36.901842,-0.053966567,0.32648247,-0.68382037,2.437505,0.5647449,1.1979067
3248,2026-05-11 16:07:36.904567,-0.053966567,0.32648247,-0.68382037,2.437505,0.5647449,1.1979067
3249,2026-05-11 16:07:36.907439,0.18415709,0.30574957,-0.681991,2.018146,-0.18112154,1.331839
3250,2026-05-11 16:07:36.910144,0.22617173,0.28483367,-0.68674743,2.018146,-0.18112154,1.331839
3251,2026-05-11 16:07:36.912879,0.22617173,0.28483367,-0.68674743,2.018146,-0.18112154,1.331839
3252,2026-05-11 16:07:36.915742,0.22617173,0.28483367,-0.68674743,2.018146,-0.18112154,1.331839
3253,2026-05-11 16:07:36.918996,0.57735074,-0.08116327,-0.52807957,0.5899431,-0.5410739,1.6097827
3254,2026-05-11 16:07:36.921813,0.57735074,-0.08116327,-0.52807957,0.5899431,-0.5410739,1.6097827
3255,2026-05-11 16:07:36.924525,0.57735074,-0.08116327,-0.52807957,0.5899431,-0.5410739,1.6097827
3256,2026-05-11 16:07:36.927282,0.57735074,-0.08116327,-0.52807957,0.5899431,-0.5410739,1.6097827
3257,2026-05-11 16:07:36.930046,0.7526659,-0.24672171,-0.13397123,0.49449542,-0.50594914,1.8216002
3258,2026-05-11 16:07:36.932928,0.7526659,-0.24672171,-0.13397123,0.49449542,-0.50594914,1.8216002
3259,2026-05-11 16:07:36.936095,0.7526659,-0.24672171,-0.13397123,0.49449542,-0.50594914,1.8216002
3260,2026-05-11 16:07:36.938945,0.7526659,-0.24672171,-0.13397123,0.49449542,-0.50594914,1.8216002
3261,2026-05-11 16:07:36.941742,0.7789479,-0.26355198,-0.102262065,0.49449542,-0.50594914,1.8216002
3262,2026-05-11 16:07:36.944472,0.7789479,-0.26355198,-0.102262065,0.5523749,-0.52595496,1.8603901
3263,2026-05-11 16:07:36.947195,0.7789479,-0.26355198,-0.102262065,0.5523749,-0.52595496,1.8603901
3264,2026-05-11 16:07:36.950112,0.7789479,-0.26355198,-0.102262065,1.9262109,-0.93935806,2.3516784
3265,2026-05-11 16:07:36.953249,0.7789479,-0.26355198,-0.102262065,1.9262109,-0.93935806,2.3516784
3266,2026-05-11 16:07:36.956099,1.2826358,-0.6899183,-0.052259143,2.381,-0.9833403,2.5847235
3267,2026-05-11 16:07:36.959315,1.478074,-0.6961382,-0.3694118,2.5851817,-0.5545129,3.0111074
3268,2026-05-11 16:07:36.962358,1.478074,-0.6961382,-0.3694118,2.5851817,-0.5545129,3.0111074
3269,2026-05-11 16:07:36.965172,1.478074,-0.6961382,-0.3694118,2.5851817,-0.5545129,3.0111074
3270,2026-05-11 16:07:36.968721,2.0006044,-0.5848512,-0.77791125,1.3271047,1.1586586,3.8489091
3271,2026-05-11 16:07:36.971574,2.0006044,-0.5848512,-0.77791125,1.3271047,1.1586586,3.8489091
3272,2026-05-11 16:07:36.974359,2.0006044,-0.5848512,-0.77791125,1.3271047,1.1586586,3.8489091
3273,2026-05-11 16:07:36.977205,2.0006044,-0.5848512,-0.77791125,0.8536842,1.7221818,3.9397755
3274,2026-05-11 16:07:36.980261,2.0006044,-0.5848512,-0.77791125,0.8536842,1.7221818,3.9397755
3275,2026-05-11 16:07:36.983384,2.0006044,-0.5848512,-0.77791125,0.8536842,1.7221818,3.9397755
3276,2026-05-11 16:07:36.986575,2.0006044,-0.5848512,-0.77791125,0.8536842,1.7221818,3.9397755
3277,2026-05-11 16:07:36.989434,2.2643394,-0.45722178,-0.70644367,0.8536842,1.7221818,3.9397755
3278,2026-05-11 16:07:36.992123,2.2643394,-0.45722178,-0.70644367,0.8536842,1.7221818,3.9397755
3279,2026-05-11 16:07:36.995040,2.2643394,-0.45722178,-0.70644367,0.8536842,1.7221818,3.9397755
3280,2026-05-11 16:07:36.997708,2.2643394,-0.45722178,-0.70644367,0.8536842,1.7221818,3.9397755
3281,2026-05-11 16:07:37.000841,2.4228852,-0.27129632,-0.5052124,0.8536842,1.7221818,3.9397755
3282,2026-05-11 16:07:37.003771,2.207507,0.38459563,-1.2126927,2.6067147,-0.97784257,0.52412236
3283,2026-05-11 16:07:37.006556,2.207507,0.38459563,-1.2126927,2.6067147,-0.97784257,0.52412236
3284,2026-05-11 16:07:37.009388,1.5172226,-0.077077664,-0.7575442,0.6291912,-0.72418076,-1.6882788
3285,2026-05-11 16:07:37.012321,1.5172226,-0.077077664,-0.7575442,0.6291912,-0.72418076,-1.6882788
3286,2026-05-11 16:07:37.015006,1.5172226,-0.077077664,-0.7575442,0.6291912,-0.72418076,-1.6882788
3287,2026-05-11 16:07:37.018095,1.5172226,-0.077077664,-0.7575442,0.6291912,-0.72418076,-1.6882788
3288,2026-05-11 16:07:37.021002,1.5172226,-0.077077664,-0.7575442,0.6291912,-0.72418076,-1.6882788
3289,2026-05-11 16:07:37.023780,1.2600735,-0.40325522,-0.693699,0.41141775,-1.287704,-2.6752844
3290,2026-05-11 16:07:37.026417,1.1814713,-0.5184449,-0.6583311,0.41141775,-1.287704,-2.6752844
3291,2026-05-11 16:07:37.029193,1.1814713,-0.5184449,-0.6583311,0.41141775,-1.287704,-2.6752844
3292,2026-05-11 16:07:37.031804,1.1814713,-0.5184449,-0.6583311,0.41141775,-1.287704,-2.6752844
3293,2026-05-11 16:07:37.035164,1.1814713,-0.5184449,-0.6583311,0.38423425,-1.6694947,-2.7278187
3294,2026-05-11 16:07:37.038153,1.1067718,-0.5783264,-0.6363786,0.38423425,-1.6694947,-2.7278187
3295,2026-05-11 16:07:37.040932,1.1067718,-0.5783264,-0.6363786,0.28725937,-1.6391041,-2.6552784
3296,2026-05-11 16:07:37.043688,1.1067718,-0.5783264,-0.6363786,0.28725937,-1.6391041,-2.6552784
3297,2026-05-11 16:07:37.046448,1.1067718,-0.5783264,-0.6363786,0.28725937,-1.6391041,-2.6552784
3298,2026-05-11 16:07:37.049097,0.9492017,-0.54661727,-0.86474556,0.28725937,-1.6391041,-2.6552784
3299,2026-05-11 16:07:37.052338,0.9492017,-0.54661727,-0.86474556,0.28725937,-1.6391041,-2.6552784
3300,2026-05-11 16:07:37.055083,0.9492017,-0.54661727,-0.86474556,0.28725937,-1.6391041,-2.6552784
3301,2026-05-11 16:07:37.057884,0.9492017,-0.54661727,-0.86474556,-1.2916746,-0.59238654,-2.7076602
3302,2026-05-11 16:07:37.060604,0.9492017,-0.54661727,-0.86474556,-1.2916746,-0.59238654,-2.7076602
3303,2026-05-11 16:07:37.063321,0.822304,-0.52149385,-0.8496228,-1.2916746,-0.59238654,-2.7076602
3304,2026-05-11 16:07:37.066186,0.7097365,-0.45295325,-0.7208957,-1.8729129,-0.25137106,-2.3715315
3305,2026-05-11 16:07:37.069297,0.7097365,-0.45295325,-0.7208957,-1.8729129,-0.25137106,-2.3715315
3306,2026-05-11 16:07:37.072104,0.7097365,-0.45295325,-0.7208957,-1.8729129,-0.25137106,-2.3715315
3307,2026-05-11 16:07:37.074959,0.7097365,-0.45295325,-0.7208957,-1.8729129,-0.25137106,-2.3715315
3308,2026-05-11 16:07:37.077658,0.7097365,-0.45295325,-0.7208957,-1.8729129,-0.25137106,-2.3715315
3309,2026-05-11 16:07:37.080478,0.6099746,-0.4033772,-0.6515014,-1.8729129,-0.25137106,-2.3715315
3310,2026-05-11 16:07:37.083144,0.6099746,-0.4033772,-0.6515014,-1.8729129,-0.25137106,-2.3715315
3311,2026-05-11 16:07:37.086219,0.6099746,-0.4033772,-0.6515014,-2.0564778,-0.027488936,-2.221717
3312,2026-05-11 16:07:37.089056,0.6099746,-0.4033772,-0.6515014,-2.0564778,-0.027488936,-2.221717
3313,2026-05-11 16:07:37.091840,0.6099746,-0.4033772,-0.6515014,-2.0564778,-0.027488936,-2.221717
3314,2026-05-11 16:07:37.094499,0.49911448,-0.36660674,-0.6246096,-2.0575469,0.05375614,-2.0486894
3315,2026-05-11 16:07:37.097105,0.49911448,-0.36660674,-0.6246096,-2.0575469,0.05375614,-2.0486894
3316,2026-05-11 16:07:37.099836,0.49911448,-0.36660674,-0.6246096,-2.0575469,0.05375614,-2.0486894
3317,2026-05-11 16:07:37.102931,0.49911448,-0.36660674,-0.6246096,-1.8464929,-0.030695979,-1.8777997
3318,2026-05-11 16:07:37.105780,0.49911448,-0.36660674,-0.6246096,-1.8464929,-0.030695979,-1.8777997
3319,2026-05-11 16:07:37.108428,0.49911448,-0.36660674,-0.6246096,-1.8464929,-0.030695979,-1.8777997
3320,2026-05-11 16:07:37.111234,0.49911448,-0.36660674,-0.6246096,-1.8464929,-0.030695979,-1.8777997
3321,2026-05-11 16:07:37.114155,0.49911448,-0.36660674,-0.6246096,-1.8464929,-0.030695979,-1.8777997
3322,2026-05-11 16:07:37.117154,0.49911448,-0.36660674,-0.6246096,-1.8464929,-0.030695979,-1.8777997
3323,2026-05-11 16:07:37.120055,0.42526874,-0.30623737,-0.55460554,-1.8464929,-0.030695979,-1.8777997
3324,2026-05-11 16:07:37.122721,0.42526874,-0.30623737,-0.55460554,-1.8464929,-0.030695979,-1.8777997
3325,2026-05-11 16:07:37.125325,0.42526874,-0.30623737,-0.55460554,-1.8464929,-0.030695979,-1.8777997
3326,2026-05-11 16:07:37.128262,0.42526874,-0.30623737,-0.55460554,-1.8464929,-0.030695979,-1.8777997
3327,2026-05-11 16:07:37.131106,0.42526874,-0.30623737,-0.55460554,-1.2692252,-0.49770245,-1.7712038
3328,2026-05-11 16:07:37.134179,0.3357513,-0.24202631,-0.4841746,-1.2692252,-0.49770245,-1.7712038
3329,2026-05-11 16:07:37.137089,0.3357513,-0.24202631,-0.4841746,-1.2692252,-0.49770245,-1.7712038
3330,2026-05-11 16:07:37.139871,0.3357513,-0.24202631,-0.4841746,-1.2692252,-0.49770245,-1.7712038
3331,2026-05-11 16:07:37.142516,0.3357513,-0.24202631,-0.4841746,-1.2692252,-0.49770245,-1.7712038
3332,2026-05-11 16:07:37.145403,0.3357513,-0.24202631,-0.4841746,-1.2692252,-0.49770245,-1.7712038
3333,2026-05-11 16:07:37.148040,0.3357513,-0.24202631,-0.4841746,-1.2692252,-0.49770245,-1.7712038
3334,2026-05-11 16:07:37.151080,0.3357513,-0.24202631,-0.4841746,-1.2692252,-0.49770245,-1.7712038
3335,2026-05-11 16:07:37.153851,0.3357513,-0.24202631,-0.4841746,-1.2692252,-0.49770245,-1.7712038
3336,2026-05-11 16:07:37.156669,0.26300314,-0.17488825,-0.45947802,-1.2692252,-0.49770245,-1.7712038
3337,2026-05-11 16:07:37.159441,0.26300314,-0.17488825,-0.45947802,-1.0343475,-0.70341134,-1.7383698
3338,2026-05-11 16:07:37.162222,0.26300314,-0.17488825,-0.45947802,-1.0343475,-0.70341134,-1.7383698
3339,2026-05-11 16:07:37.164884,0.10092052,-0.059698608,-0.47002742,-1.0343475,-0.70341134,-1.7383698
3340,2026-05-11 16:07:37.168320,0.10092052,-0.059698608,-0.47002742,-1.0343475,-0.70341134,-1.7383698
3341,2026-05-11 16:07:37.171256,0.10092052,-0.059698608,-0.47002742,-1.0343475,-0.70341134,-1.7383698
3342,2026-05-11 16:07:37.174003,0.10092052,-0.059698608,-0.47002742,-0.29932398,-1.2896893,-1.4952455
3343,2026-05-11 16:07:37.176695,-0.022379354,0.02646496,-0.5637524,-0.29932398,-1.2896893,-1.4952455
3344,2026-05-11 16:07:37.179318,-0.022379354,0.02646496,-0.5637524,0.050549097,-1.4778358,-1.3037392
3345,2026-05-11 16:07:37.181897,-0.022379354,0.02646496,-0.5637524,0.050549097,-1.4778358,-1.3037392
3346,2026-05-11 16:07:37.185028,-0.022379354,0.02646496,-0.5637524,0.050549097,-1.4778358,-1.3037392
3347,2026-05-11 16:07:37.187797,-0.022379354,0.02646496,-0.5637524,0.050549097,-1.4778358,-1.3037392
3348,2026-05-11 16:07:37.190487,-0.022379354,0.02646496,-0.5637524,0.050549097,-1.4778358,-1.3037392
3349,2026-05-11 16:07:37.193107,-0.022379354,0.02646496,-0.5637524,0.050549097,-1.4778358,-1.3037392
3350,2026-05-11 16:07:37.196036,-0.097871564,0.06640632,-0.61460906,0.18371773,-1.4633276,-1.1682798
3351,2026-05-11 16:07:37.198780,-0.097871564,0.06640632,-0.61460906,0.18371773,-1.4633276,-1.1682798
3352,2026-05-11 16:07:37.202169,-0.24702659,0.12366576,-0.70022374,0.18371773,-1.4633276,-1.1682798
3353,2026-05-11 16:07:37.205046,-0.24702659,0.12366576,-0.70022374,0.18371773,-1.4633276,-1.1682798
3354,2026-05-11 16:07:37.207800,-0.24702659,0.12366576,-0.70022374,0.18371773,-1.4633276,-1.1682798
3355,2026-05-11 16:07:37.210427,-0.24702659,0.12366576,-0.70022374,0.18371773,-1.4633276,-1.1682798
3356,2026-05-11 16:07:37.213149,-0.24702659,0.12366576,-0.70022374,0.18371773,-1.4633276,-1.1682798
3357,2026-05-11 16:07:37.216210,-0.24702659,0.12366576,-0.70022374,0.18371773,-1.4633276,-1.1682798
3358,2026-05-11 16:07:37.219371,-0.5485686,0.362948,-0.78016746,-0.19547687,-0.9147707,-0.14721853
3359,2026-05-11 16:07:37.222155,-0.5485686,0.362948,-0.78016746,-0.19547687,-0.9147707,-0.14721853
3360,2026-05-11 16:07:37.224880,-0.5485686,0.362948,-0.78016746,-0.19547687,-0.9147707,-0.14721853
3361,2026-05-11 16:07:37.227690,-0.5674112,0.4198416,-0.86334306,-0.6068946,-0.55970526,0.75961095
3362,2026-05-11 16:07:37.230550,-0.5674112,0.4198416,-0.86334306,-0.6068946,-0.55970526,0.75961095
3363,2026-05-11 16:07:37.233634,-0.5674112,0.4198416,-0.86334306,-0.6068946,-0.55970526,0.75961095
3364,2026-05-11 16:07:37.236613,-0.6210728,0.4831989,-0.90230876,-0.6068946,-0.55970526,0.75961095
3365,2026-05-11 16:07:37.239367,-0.6210728,0.4831989,-0.90230876,-0.90133166,-0.3846924,1.1259774
3366,2026-05-11 16:07:37.242064,-0.6210728,0.4831989,-0.90230876,-1.1276573,-0.26068676,1.4573717
3367,2026-05-11 16:07:37.244809,-0.670405,0.54692215,-0.88139284,-1.1276573,-0.26068676,1.4573717
3368,2026-05-11 16:07:37.247776,-0.670405,0.54692215,-0.88139284,-1.1276573,-0.26068676,1.4573717
3369,2026-05-11 16:07:37.250981,-0.670405,0.54692215,-0.88139284,-1.1276573,-0.26068676,1.4573717
3370,2026-05-11 16:07:37.253849,-0.670405,0.54692215,-0.88139284,-1.1276573,-0.26068676,1.4573717
3371,2026-05-11 16:07:37.256868,-0.8034005,0.5628987,-0.7748013,-1.1276573,-0.26068676,1.4573717
3372,2026-05-11 16:07:37.259526,-0.8034005,0.5628987,-0.7748013,-1.1276573,-0.26068676,1.4573717
3373,2026-05-11 16:07:37.262330,-0.8034005,0.5628987,-0.7748013,-1.1276573,-0.26068676,1.4573717
3374,2026-05-11 16:07:37.265354,-0.8034005,0.5628987,-0.7748013,-1.1276573,-0.26068676,1.4573717
3375,2026-05-11 16:07:37.268468,-0.8034005,0.5628987,-0.7748013,-1.1276573,-0.26068676,1.4573717
3376,2026-05-11 16:07:37.271457,-0.8034005,0.5628987,-0.7748013,-1.1276573,-0.26068676,1.4573717
3377,2026-05-11 16:07:37.274371,-0.8034005,0.5628987,-0.7748013,-1.4943291,-0.076358154,2.3393085
3378,2026-05-11 16:07:37.277385,-0.8034005,0.5628987,-0.7748013,-1.4943291,-0.076358154,2.3393085
3379,2026-05-11 16:07:37.280210,-0.91237026,0.5724114,-0.48600397,-1.9506454,0.58352906,5.2264104
3380,2026-05-11 16:07:37.282986,-0.91237026,0.5724114,-0.48600397,-1.9506454,0.58352906,5.2264104
3381,2026-05-11 16:07:37.286247,-0.91237026,0.5724114,-0.48600397,-1.9506454,0.58352906,5.2264104
3382,2026-05-11 16:07:37.289134,-0.91237026,0.5724114,-0.48600397,-1.9506454,0.58352906,5.2264104
3383,2026-05-11 16:07:37.291880,-0.91237026,0.5724114,-0.48600397,-1.9506454,0.58352906,5.2264104
3384,2026-05-11 16:07:37.294539,-0.91237026,0.5724114,-0.48600397,-1.9506454,0.58352906,5.2264104
3385,2026-05-11 16:07:37.297352,-0.91237026,0.5724114,-0.48600397,-1.9506454,0.58352906,5.2264104
3386,2026-05-11 16:07:37.300505,-0.91237026,0.5724114,-0.48600397,-1.9506454,0.58352906,5.2264104
3387,2026-05-11 16:07:37.303327,-0.91237026,0.5724114,-0.48600397,-1.9506454,0.58352906,5.2264104
3388,2026-05-11 16:07:37.305964,-0.91237026,0.5724114,-0.48600397,-1.9506454,0.58352906,5.2264104
3389,2026-05-11 16:07:37.308581,-0.91237026,0.5724114,-0.48600397,-1.9506454,0.58352906,5.2264104
3390,2026-05-11 16:07:37.311396,-0.91237026,0.5724114,-0.48600397,-1.9506454,0.58352906,5.2264104
3391,2026-05-11 16:07:37.314042,-0.91237026,0.5724114,-0.48600397,-1.9506454,0.58352906,5.2264104
3392,2026-05-11 16:07:37.316874,-0.91237026,0.5724114,-0.48600397,-1.9506454,0.58352906,5.2264104
3393,2026-05-11 16:07:37.320376,0.73053044,1.6689998,-0.49454108,-2.9926288,0.4445572,2.8153253
3394,2026-05-11 16:07:37.323136,0.32123825,1.9997507,-0.3842907,-2.9926288,0.4445572,2.8153253
3395,2026-05-11 16:07:37.325778,0.32123825,1.9997507,-0.3842907,-2.9926288,0.4445572,2.8153253
3396,2026-05-11 16:07:37.328481,0.32123825,1.9997507,-0.3842907,-2.9926288,0.4445572,2.8153253
3397,2026-05-11 16:07:37.331150,0.32123825,1.9997507,-0.3842907,-2.9926288,0.4445572,2.8153253
3398,2026-05-11 16:07:37.334040,0.0046344167,2.1115255,-0.4665516,-2.9926288,0.4445572,2.8153253
3399,2026-05-11 16:07:37.337051,0.0046344167,2.1115255,-0.4665516,-2.9926288,0.4445572,2.8153253
3400,2026-05-11 16:07:37.339720,0.0046344167,2.1115255,-0.4665516,-2.9926288,0.4445572,2.8153253
3401,2026-05-11 16:07:37.342409,0.0046344167,2.1115255,-0.4665516,-2.9926288,0.4445572,2.8153253
3402,2026-05-11 16:07:37.345309,0.0046344167,2.1115255,-0.4665516,-2.9926288,0.4445572,2.8153253
3403,2026-05-11 16:07:37.348019,0.0046344167,2.1115255,-0.4665516,-2.9926288,0.4445572,2.8153253
3404,2026-05-11 16:07:37.350984,0.0046344167,2.1115255,-0.4665516,-2.9926288,0.4445572,2.8153253
3405,2026-05-11 16:07:37.353886,0.0046344167,2.1115255,-0.4665516,-2.9926288,0.4445572,2.8153253
3406,2026-05-11 16:07:37.356542,0.0046344167,2.1115255,-0.4665516,-2.5143213,0.29031372,2.304642
3407,2026-05-11 16:07:37.359176,0.0046344167,2.1115255,-0.4665516,-2.5143213,0.29031372,2.304642
3408,2026-05-11 16:07:37.361991,0.0046344167,2.1115255,-0.4665516,-2.5143213,0.29031372,2.304642
3409,2026-05-11 16:07:37.364592,0.0046344167,2.1115255,-0.4665516,-2.5143213,0.29031372,2.304642
3410,2026-05-11 16:07:37.367618,0.0046344167,2.1115255,-0.4665516,-2.5143213,0.29031372,2.304642
3411,2026-05-11 16:07:37.370479,0.0046344167,2.1115255,-0.4665516,-2.406809,0.33735034,2.1888828
3412,2026-05-11 16:07:37.373222,-0.0918956,2.165553,-0.5159447,-2.406809,0.33735034,2.1888828
3413,2026-05-11 16:07:37.376044,0.09409086,2.2560463,-0.5549104,-1.9339994,0.5720753,1.4330899
3414,2026-05-11 16:07:37.378854,0.09409086,2.2560463,-0.5549104,-1.9339994,0.5720753,1.4330899
3415,2026-05-11 16:07:37.381574,0.09409086,2.2560463,-0.5549104,-1.9339994,0.5720753,1.4330899
3416,2026-05-11 16:07:37.384922,0.09409086,2.2560463,-0.5549104,-1.318858,0.66507953,0.37507126
3417,2026-05-11 16:07:37.387704,0.20489,2.2255566,-0.57643604,-1.318858,0.66507953,0.37507126
3418,2026-05-11 16:07:37.390545,0.14799644,2.10433,-0.62710977,-0.8037459,0.659429,-0.40759984
3419,2026-05-11 16:07:37.393306,0.14799644,2.10433,-0.62710977,-0.8037459,0.659429,-0.40759984
3420,2026-05-11 16:07:37.396030,0.14799644,2.10433,-0.62710977,-0.37018433,0.59498274,-0.9599747
3421,2026-05-11 16:07:37.398698,0.14799644,2.10433,-0.62710977,-0.37018433,0.59498274,-0.9599747
3422,2026-05-11 16:07:37.401751,0.14799644,2.10433,-0.62710977,-0.37018433,0.59498274,-0.9599747
3423,2026-05-11 16:07:37.404592,0.14799644,2.10433,-0.62710977,-0.37018433,0.59498274,-0.9599747
3424,2026-05-11 16:07:37.407319,0.14799644,2.10433,-0.62710977,-0.37018433,0.59498274,-0.9599747
3425,2026-05-11 16:07:37.410042,0.14799644,2.10433,-0.62710977,-0.37018433,0.59498274,-0.9599747
3426,2026-05-11 16:07:37.412640,0.14799644,2.10433,-0.62710977,-0.37018433,0.59498274,-0.9599747
3427,2026-05-11 16:07:37.415539,0.008598062,1.3636771,-0.96170247,1.0793989,0.6818783,-2.660929
3428,2026-05-11 16:07:37.418616,0.008598062,1.3636771,-0.96170247,1.0793989,0.6818783,-2.660929
3429,2026-05-11 16:07:37.421348,0.008598062,1.3636771,-0.96170247,1.0793989,0.6818783,-2.660929
3430,2026-05-11 16:07:37.424138,0.09159071,1.2875141,-0.9567021,1.2534955,0.42638394,-2.8787024
3431,2026-05-11 16:07:37.426867,0.09159071,1.2875141,-0.9567021,1.2534955,0.42638394,-2.8787024
3432,2026-05-11 16:07:37.429622,0.09159071,1.2875141,-0.9567021,1.4650075,0.063224554,-3.1245756
3433,2026-05-11 16:07:37.432281,0.09159071,1.2875141,-0.9567021,1.4650075,0.063224554,-3.1245756
3434,2026-05-11 16:07:37.435188,0.1847059,1.267635,-0.9018819,1.4650075,0.063224554,-3.1245756
3435,2026-05-11 16:07:37.438063,0.1847059,1.267635,-0.9018819,1.4650075,0.063224554,-3.1245756
3436,2026-05-11 16:07:37.440733,0.1847059,1.267635,-0.9018819,1.4650075,0.063224554,-3.1245756
3437,2026-05-11 16:07:37.443340,0.1847059,1.267635,-0.9018819,1.4650075,0.063224554,-3.1245756
3438,2026-05-11 16:07:37.446182,0.24855109,1.229279,-0.86718476,1.4650075,0.063224554,-3.1245756
3439,2026-05-11 16:07:37.448829,0.24855109,1.229279,-0.86718476,1.4650075,0.063224554,-3.1245756
3440,2026-05-11 16:07:37.451929,0.24855109,1.229279,-0.86718476,1.6771306,-0.3277292,-3.385415
3441,2026-05-11 16:07:37.454708,0.24855109,1.229279,-0.86718476,1.6771306,-0.3277292,-3.385415
3442,2026-05-11 16:07:37.457362,0.24855109,1.229279,-0.86718476,1.6771306,-0.3277292,-3.385415
3443,2026-05-11 16:07:37.460178,0.24855109,1.229279,-0.86718476,1.6771306,-0.3277292,-3.385415
3444,2026-05-11 16:07:37.462916,0.24855109,1.229279,-0.86718476,1.6771306,-0.3277292,-3.385415
3445,2026-05-11 16:07:37.465553,0.24855109,1.229279,-0.86718476,1.6771306,-0.3277292,-3.385415
3446,2026-05-11 16:07:37.468622,0.24855109,1.229279,-0.86718476,1.6771306,-0.3277292,-3.385415
3447,2026-05-11 16:07:37.471393,0.24855109,1.229279,-0.86718476,1.865277,-0.58062744,-3.83883
3448,2026-05-11 16:07:37.474021,0.24855109,1.229279,-0.86718476,1.865277,-0.58062744,-3.83883
3449,2026-05-11 16:07:37.476773,0.24855109,1.229279,-0.86718476,1.865277,-0.58062744,-3.83883
3450,2026-05-11 16:07:37.479533,0.13970327,1.1082355,-0.837244,1.865277,-0.58062744,-3.83883
3451,2026-05-11 16:07:37.482164,0.13970327,1.1082355,-0.837244,1.865277,-0.58062744,-3.83883
3452,2026-05-11 16:07:37.485235,0.13970327,1.1082355,-0.837244,1.865277,-0.58062744,-3.83883
3453,2026-05-11 16:07:37.488114,0.13970327,1.1082355,-0.837244,1.865277,-0.58062744,-3.83883
3454,2026-05-11 16:07:37.490905,0.13970327,1.1082355,-0.837244,1.8739818,-0.6049093,-3.9503129
3455,2026-05-11 16:07:37.517367,-0.6328418,0.8979183,-0.7444947,1.5986344,0.17745635,-2.588847
3456,2026-05-11 16:07:37.521340,-0.8893812,0.92621255,-0.6061939,1.5986344,0.17745635,-2.588847
3457,2026-05-11 16:07:37.527373,-0.8893812,0.92621255,-0.6061939,1.5986344,0.17745635,-2.588847
3458,2026-05-11 16:07:37.531422,-0.8893812,0.92621255,-0.6061939,1.5986344,0.17745635,-2.588847
3459,2026-05-11 16:07:37.534717,-0.8893812,0.92621255,-0.6061939,1.5986344,0.17745635,-2.588847
3460,2026-05-11 16:07:37.537599,-0.8893812,0.92621255,-0.6061939,1.5986344,0.17745635,-2.588847
3461,2026-05-11 16:07:37.540329,-0.8893812,0.92621255,-0.6061939,1.5986344,0.17745635,-2.588847
3462,2026-05-11 16:07:37.543118,-0.69247943,0.82803607,-0.474235,1.9013181,0.09056077,-0.91354895
