id,timestamp,acc_x,acc_y,acc_z,gyro_x,gyro_y,gyro_z
1,2026-05-11 16:14:58.497624,-0.18153499,0.37307054,0.9122484,0.32238412,-0.5702427,0.13836098
2,2026-05-11 16:14:58.508091,-0.20836583,0.36270407,0.91791934,0.31215215,-0.6542367,0.12415836
3,2026-05-11 16:14:58.511143,-0.20836583,0.36270407,0.91791934,0.31215215,-0.6542367,0.12415836
4,2026-05-11 16:14:58.513861,-0.20836583,0.36270407,0.91791934,0.31215215,-0.6542367,0.12415836
5,2026-05-11 16:14:58.517247,-0.20836583,0.36270407,0.91791934,0.31215215,-0.6542367,0.12415836
6,2026-05-11 16:14:58.520224,-0.20836583,0.36270407,0.91791934,0.31215215,-0.6542367,0.12415836
7,2026-05-11 16:14:58.523048,-0.20836583,0.36270407,0.91791934,0.31215215,-0.6542367,0.12415836
8,2026-05-11 16:14:58.525651,-0.20836583,0.36270407,0.91791934,0.31215215,-0.6542367,0.12415836
9,2026-05-11 16:14:58.528574,-0.20836583,0.36270407,0.91791934,0.31215215,-0.6542367,0.12415836
10,2026-05-11 16:14:58.531212,-0.20836583,0.36270407,0.91791934,0.31215215,-0.6542367,0.12415836
11,2026-05-11 16:14:58.534175,-0.20836583,0.36270407,0.91791934,0.31215215,-0.6542367,0.12415836
12,2026-05-11 16:14:58.537105,-0.20836583,0.36270407,0.91791934,0.31215215,-0.6542367,0.12415836
13,2026-05-11 16:14:58.539749,-0.20836583,0.36270407,0.91791934,0.31215215,-0.6542367,0.12415836
14,2026-05-11 16:14:58.542492,-0.20836583,0.36270407,0.91791934,0.31215215,-0.6542367,0.12415836
15,2026-05-11 16:14:58.545259,-0.20836583,0.36270407,0.91791934,0.31215215,-0.6542367,0.12415836
16,2026-05-11 16:14:58.548027,-0.20836583,0.36270407,0.91791934,0.31215215,-0.6542367,0.12415836
17,2026-05-11 16:14:58.551115,-0.20836583,0.36270407,0.91791934,0.31215215,-0.6542367,0.12415836
18,2026-05-11 16:14:58.553783,-0.20836583,0.36270407,0.91791934,0.31215215,-0.6542367,0.12415836
19,2026-05-11 16:14:58.556402,-0.20836583,0.36270407,0.91791934,0.31215215,-0.6542367,0.12415836
20,2026-05-11 16:14:58.558957,-0.20836583,0.36270407,0.91791934,0.31215215,-0.6542367,0.12415836
21,2026-05-11 16:14:58.561812,-0.20836583,0.36270407,0.91791934,0.31215215,-0.6542367,0.12415836
22,2026-05-11 16:14:58.564452,-0.20836583,0.36270407,0.91791934,0.31215215,-0.6542367,0.12415836
23,2026-05-11 16:14:58.567613,-0.20836583,0.36270407,0.91791934,0.31215215,-0.6542367,0.12415836
24,2026-05-11 16:14:58.570490,-0.20836583,0.36270407,0.91791934,0.31215215,-0.6542367,0.12415836
25,2026-05-11 16:14:58.573093,-0.20836583,0.36270407,0.91791934,0.31215215,-0.6542367,0.12415836
26,2026-05-11 16:14:58.575700,-0.20836583,0.36270407,0.91791934,0.31215215,-0.6542367,0.12415836
27,2026-05-11 16:14:58.578502,-0.20836583,0.36270407,0.91791934,0.31215215,-0.6542367,0.12415836
28,2026-05-11 16:14:58.581175,-0.26440567,0.35996002,0.89041775,0.31215215,-0.6542367,0.12415836
29,2026-05-11 16:14:58.584371,-0.26440567,0.35996002,0.89041775,0.31215215,-0.6542367,0.12415836
30,2026-05-11 16:14:58.587102,-0.26440567,0.35996002,0.89041775,0.31215215,-0.6542367,0.12415836
31,2026-05-11 16:14:58.589803,-0.26440567,0.35996002,0.89041775,0.31215215,-0.6542367,0.12415836
32,2026-05-11 16:14:58.592423,-0.26440567,0.35996002,0.89041775,0.31215215,-0.6542367,0.12415836
33,2026-05-11 16:14:58.595037,-0.26440567,0.35996002,0.89041775,0.31215215,-0.6542367,0.12415836
34,2026-05-11 16:14:58.597619,-0.26440567,0.35996002,0.89041775,0.31215215,-0.6542367,0.12415836
35,2026-05-11 16:14:58.600855,-0.26440567,0.35996002,0.89041775,0.31215215,-0.6542367,0.12415836
36,2026-05-11 16:14:58.603599,-0.26440567,0.35996002,0.89041775,0.31215215,-0.6542367,0.12415836
37,2026-05-11 16:14:58.606182,-0.26440567,0.35996002,0.89041775,0.31215215,-0.6542367,0.12415836
38,2026-05-11 16:14:58.608953,-0.26440567,0.35996002,0.89041775,0.31215215,-0.6542367,0.12415836
39,2026-05-11 16:14:58.611567,-0.26440567,0.35996002,0.89041775,0.31215215,-0.6542367,0.12415836
40,2026-05-11 16:14:58.614544,-0.26440567,0.35996002,0.89041775,0.3184135,-0.91247994,0.22052236
41,2026-05-11 16:14:58.618111,-0.26440567,0.35996002,0.89041775,0.3184135,-0.91247994,0.22052236
42,2026-05-11 16:14:58.620923,-0.26440567,0.35996002,0.89041775,0.3184135,-0.91247994,0.22052236
43,2026-05-11 16:14:58.623539,-0.26440567,0.35996002,0.89041775,0.3184135,-0.91247994,0.22052236
44,2026-05-11 16:14:58.626373,-0.26440567,0.35996002,0.89041775,0.3184135,-0.91247994,0.22052236
45,2026-05-11 16:14:58.628961,-0.26440567,0.35996002,0.89041775,0.3184135,-0.91247994,0.22052236
46,2026-05-11 16:14:58.631886,-0.26440567,0.35996002,0.89041775,0.3184135,-0.91247994,0.22052236
47,2026-05-11 16:14:58.634781,-0.26440567,0.35996002,0.89041775,0.3184135,-0.91247994,0.22052236
48,2026-05-11 16:14:58.637523,-0.26440567,0.35996002,0.89041775,0.3184135,-0.91247994,0.22052236
49,2026-05-11 16:14:58.640583,-0.26440567,0.35996002,0.89041775,0.3184135,-0.91247994,0.22052236
50,2026-05-11 16:14:58.643523,-0.26440567,0.35996002,0.89041775,0.3184135,-0.91247994,0.22052236
51,2026-05-11 16:14:58.646189,-0.26440567,0.35996002,0.89041775,0.3184135,-0.91247994,0.22052236
52,2026-05-11 16:14:58.649024,-0.26440567,0.35996002,0.89041775,0.3184135,-0.91247994,0.22052236
53,2026-05-11 16:14:58.652164,-0.26440567,0.35996002,0.89041775,0.3184135,-0.91247994,0.22052236
54,2026-05-11 16:14:58.655036,-0.26440567,0.35996002,0.89041775,0.3184135,-0.91247994,0.22052236
55,2026-05-11 16:14:58.657783,-0.26440567,0.35996002,0.89041775,0.3184135,-0.91247994,0.22052236
56,2026-05-11 16:14:58.660763,-0.27605268,0.32648247,0.86498946,0.2518292,-0.9955576,0.35170567
57,2026-05-11 16:14:58.663567,-0.27605268,0.32648247,0.86498946,0.2518292,-0.9955576,0.35170567
58,2026-05-11 16:14:58.666799,-0.27605268,0.32648247,0.86498946,0.2518292,-0.9955576,0.35170567
59,2026-05-11 16:14:58.669558,-0.27605268,0.32648247,0.86498946,0.2518292,-0.9955576,0.35170567
60,2026-05-11 16:14:58.672231,-0.27605268,0.32648247,0.86498946,0.2518292,-0.9955576,0.35170567
61,2026-05-11 16:14:58.674803,-0.27605268,0.32648247,0.86498946,0.2518292,-0.9955576,0.35170567
62,2026-05-11 16:14:58.677362,-0.27605268,0.32648247,0.86498946,0.2518292,-0.9955576,0.35170567
63,2026-05-11 16:14:58.680233,-0.27605268,0.32648247,0.86498946,0.2518292,-0.9955576,0.35170567
64,2026-05-11 16:14:58.683343,-0.27605268,0.32648247,0.86498946,0.2518292,-0.9955576,0.35170567
65,2026-05-11 16:14:58.686056,-0.27605268,0.32648247,0.86498946,0.2518292,-0.9955576,0.35170567
66,2026-05-11 16:14:58.688753,-0.27605268,0.32648247,0.86498946,0.17684549,-1.0225884,0.47983465
67,2026-05-11 16:14:58.691417,-0.27605268,0.32648247,0.86498946,0.17684549,-1.0225884,0.47983465
68,2026-05-11 16:14:58.693977,-0.27605268,0.32648247,0.86498946,0.17684549,-1.0225884,0.47983465
69,2026-05-11 16:14:58.696676,-0.27605268,0.32648247,0.86498946,0.17684549,-1.0225884,0.47983465
70,2026-05-11 16:14:58.699614,-0.22543997,0.3413004,0.9110288,0.17684549,-1.0225884,0.47983465
71,2026-05-11 16:14:58.702405,-0.22543997,0.3413004,0.9110288,0.17684549,-1.0225884,0.47983465
72,2026-05-11 16:14:58.704993,-0.22543997,0.3413004,0.9110288,0.17684549,-1.0225884,0.47983465
73,2026-05-11 16:14:58.707634,-0.22543997,0.3413004,0.9110288,0.17684549,-1.0225884,0.47983465
74,2026-05-11 16:14:58.710285,-0.22543997,0.3413004,0.9110288,0.17684549,-1.0225884,0.47983465
75,2026-05-11 16:14:58.712818,-0.22543997,0.3413004,0.9110288,0.17684549,-1.0225884,0.47983465
76,2026-05-11 16:14:58.715758,-0.22543997,0.3413004,0.9110288,0.17684549,-1.0225884,0.47983465
77,2026-05-11 16:14:58.718490,-0.22543997,0.3413004,0.9110288,0.17684549,-1.0225884,0.47983465
78,2026-05-11 16:14:58.721103,-0.22543997,0.3413004,0.9110288,0.17684549,-1.0225884,0.47983465
79,2026-05-11 16:14:58.723869,-0.22543997,0.3413004,0.9110288,0.17684549,-1.0225884,0.47983465
80,2026-05-11 16:14:58.726612,-0.22543997,0.3413004,0.9110288,0.17684549,-1.0225884,0.47983465
81,2026-05-11 16:14:58.729209,-0.22543997,0.3413004,0.9110288,0.17684549,-1.0225884,0.47983465
82,2026-05-11 16:14:58.731871,-0.22543997,0.3413004,0.9110288,0.17684549,-1.0225884,0.47983465
83,2026-05-11 16:14:58.735154,-0.22543997,0.3413004,0.9110288,0.17684549,-1.0225884,0.47983465
84,2026-05-11 16:14:58.737903,-0.22543997,0.3413004,0.9110288,0.17684549,-1.0225884,0.47983465
85,2026-05-11 16:14:58.740633,-0.22543997,0.3413004,0.9110288,0.17684549,-1.0225884,0.47983465
86,2026-05-11 16:14:58.743230,-0.22543997,0.3413004,0.9110288,0.17684549,-1.0225884,0.47983465
87,2026-05-11 16:14:58.745992,-0.22543997,0.3413004,0.9110288,0.17684549,-1.0225884,0.47983465
88,2026-05-11 16:14:58.748700,-0.18842563,0.34721538,0.9584096,0.17684549,-1.0225884,0.47983465
89,2026-05-11 16:14:58.751999,-0.18842563,0.34721538,0.9584096,0.17684549,-1.0225884,0.47983465
90,2026-05-11 16:14:58.754973,-0.18842563,0.34721538,0.9584096,0.17684549,-1.0225884,0.47983465
91,2026-05-11 16:14:58.757608,-0.18842563,0.34721538,0.9584096,0.17684549,-1.0225884,0.47983465
92,2026-05-11 16:14:58.760152,-0.18842563,0.34721538,0.9584096,0.17684549,-1.0225884,0.47983465
93,2026-05-11 16:14:58.763030,-0.18842563,0.34721538,0.9584096,0.16371189,-1.0280862,0.5164866
94,2026-05-11 16:14:58.765725,-0.18842563,0.34721538,0.9584096,0.16371189,-1.0280862,0.5164866
95,2026-05-11 16:14:58.769188,-0.18842563,0.34721538,0.9584096,0.16371189,-1.0280862,0.5164866
96,2026-05-11 16:14:58.771943,-0.18842563,0.34721538,0.9584096,0.16371189,-1.0280862,0.5164866
97,2026-05-11 16:14:58.774534,-0.18842563,0.34721538,0.9584096,0.16371189,-1.0280862,0.5164866
98,2026-05-11 16:14:58.777353,-0.18842563,0.34721538,0.9584096,0.16371189,-1.0280862,0.5164866
99,2026-05-11 16:14:58.779963,-0.18842563,0.34721538,0.9584096,0.16371189,-1.0280862,0.5164866
100,2026-05-11 16:14:58.783109,-0.18842563,0.34721538,0.9584096,0.16371189,-1.0280862,0.5164866
101,2026-05-11 16:14:58.785813,-0.18842563,0.34721538,0.9584096,0.16371189,-1.0280862,0.5164866
102,2026-05-11 16:14:58.788393,-0.18842563,0.34721538,0.9584096,0.16371189,-1.0280862,0.5164866
103,2026-05-11 16:14:58.790983,-0.18842563,0.34721538,0.9584096,0.16371189,-1.0280862,0.5164866
104,2026-05-11 16:14:58.793533,-0.18842563,0.34721538,0.9584096,0.16371189,-1.0280862,0.5164866
105,2026-05-11 16:14:58.796264,-0.18842563,0.34721538,0.9584096,0.16371189,-1.0280862,0.5164866
106,2026-05-11 16:14:58.799944,-0.18842563,0.34721538,0.9584096,0.16371189,-1.0280862,0.5164866
107,2026-05-11 16:14:58.803135,-0.18842563,0.34721538,0.9584096,0.16371189,-1.0280862,0.5164866
108,2026-05-11 16:14:58.805741,-0.18842563,0.34721538,0.9584096,0.16371189,-1.0280862,0.5164866
109,2026-05-11 16:14:58.808638,-0.18842563,0.34721538,0.9584096,0.16371189,-1.0280862,0.5164866
110,2026-05-11 16:14:58.811241,-0.18842563,0.34721538,0.9584096,0.16371189,-1.0280862,0.5164866
111,2026-05-11 16:14:58.814131,-0.18842563,0.34721538,0.9584096,0.16371189,-1.0280862,0.5164866
112,2026-05-11 16:14:58.817230,-0.18842563,0.34721538,0.9584096,0.16371189,-1.0280862,0.5164866
113,2026-05-11 16:14:58.819971,-0.18842563,0.34721538,0.9584096,0.16371189,-1.0280862,0.5164866
114,2026-05-11 16:14:58.822580,-0.18842563,0.34721538,0.9584096,0.16371189,-1.0280862,0.5164866
115,2026-05-11 16:14:58.825509,-0.18842563,0.34721538,0.9584096,0.16371189,-1.0280862,0.5164866
116,2026-05-11 16:14:58.828103,-0.18842563,0.34721538,0.9584096,0.16371189,-1.0280862,0.5164866
117,2026-05-11 16:14:58.830915,-0.18842563,0.34721538,0.9584096,0.16371189,-1.0280862,0.5164866
118,2026-05-11 16:14:58.833873,-0.18842563,0.34721538,0.9584096,0.16371189,-1.0280862,0.5164866
119,2026-05-11 16:14:58.836662,-0.18842563,0.34721538,0.9584096,0.16371189,-1.0280862,0.5164866
120,2026-05-11 16:14:58.839226,-0.18842563,0.34721538,0.9584096,0.16371189,-1.0280862,0.5164866
121,2026-05-11 16:14:58.842002,-0.18842563,0.34721538,0.9584096,0.16371189,-1.0280862,0.5164866
122,2026-05-11 16:14:58.844585,-0.18842563,0.34721538,0.9584096,0.16371189,-1.0280862,0.5164866
123,2026-05-11 16:14:58.847207,-0.18842563,0.34721538,0.9584096,0.16371189,-1.0280862,0.5164866
124,2026-05-11 16:14:58.850198,-0.18842563,0.34721538,0.9584096,0.16371189,-1.0280862,0.5164866
125,2026-05-11 16:14:58.852982,-0.18842563,0.34721538,0.9584096,0.16371189,-1.0280862,0.5164866
126,2026-05-11 16:14:58.855556,-0.18842563,0.34721538,0.9584096,0.16371189,-1.0280862,0.5164866
127,2026-05-11 16:14:58.858140,-0.18842563,0.34721538,0.9584096,0.16371189,-1.0280862,0.5164866
128,2026-05-11 16:14:58.860657,-0.18842563,0.34721538,0.9584096,0.16371189,-1.0280862,0.5164866
129,2026-05-11 16:14:58.863359,-0.18842563,0.34721538,0.9584096,0.16371189,-1.0280862,0.5164866
130,2026-05-11 16:14:58.866318,-0.18842563,0.34721538,0.9584096,0.16371189,-1.0280862,0.5164866
131,2026-05-11 16:14:58.869208,-0.18842563,0.34721538,0.9584096,0.16371189,-1.0280862,0.5164866
132,2026-05-11 16:14:58.871844,-0.18842563,0.34721538,0.9584096,0.16371189,-1.0280862,0.5164866
133,2026-05-11 16:14:58.874397,-0.18842563,0.34721538,0.9584096,0.16371189,-1.0280862,0.5164866
134,2026-05-11 16:14:58.877186,-0.18842563,0.34721538,0.9584096,0.16371189,-1.0280862,0.5164866
135,2026-05-11 16:14:58.879933,-0.18842563,0.34721538,0.9584096,0.21410827,-0.9807441,0.50701815
136,2026-05-11 16:14:58.883267,-0.18842563,0.34721538,0.9584096,0.21410827,-0.9807441,0.50701815
137,2026-05-11 16:14:58.886045,-0.18842563,0.34721538,0.9584096,0.21410827,-0.9807441,0.50701815
138,2026-05-11 16:14:58.888760,-0.18842563,0.34721538,0.9584096,0.21410827,-0.9807441,0.50701815
139,2026-05-11 16:14:58.891341,-0.18842563,0.34721538,0.9584096,0.21410827,-0.9807441,0.50701815
140,2026-05-11 16:14:58.894087,-0.18842563,0.34721538,0.9584096,0.21410827,-0.9807441,0.50701815
141,2026-05-11 16:14:58.896665,-0.18842563,0.34721538,0.9584096,0.21410827,-0.9807441,0.50701815
142,2026-05-11 16:14:58.899661,-0.18842563,0.34721538,0.9584096,0.21410827,-0.9807441,0.50701815
143,2026-05-11 16:14:58.902377,-0.18842563,0.34721538,0.9584096,0.21410827,-0.9807441,0.50701815
144,2026-05-11 16:14:58.904988,-0.18842563,0.34721538,0.9584096,0.21410827,-0.9807441,0.50701815
145,2026-05-11 16:14:58.907788,-0.18842563,0.34721538,0.9584096,0.21410827,-0.9807441,0.50701815
146,2026-05-11 16:14:58.910433,-0.18842563,0.34721538,0.9584096,0.21410827,-0.9807441,0.50701815
147,2026-05-11 16:14:58.912975,-0.18842563,0.34721538,0.9584096,0.21410827,-0.9807441,0.50701815
148,2026-05-11 16:14:58.916032,-0.18842563,0.34721538,0.9584096,0.21410827,-0.9807441,0.50701815
149,2026-05-11 16:14:58.918721,-0.18842563,0.34721538,0.9584096,0.21410827,-0.9807441,0.50701815
150,2026-05-11 16:14:58.921291,-0.18842563,0.34721538,0.9584096,0.21410827,-0.9807441,0.50701815
151,2026-05-11 16:14:58.924110,-0.18842563,0.34721538,0.9584096,0.21410827,-0.9807441,0.50701815
152,2026-05-11 16:14:58.926766,-0.18842563,0.34721538,0.9584096,0.21410827,-0.9807441,0.50701815
153,2026-05-11 16:14:58.929461,-0.18842563,0.34721538,0.9584096,0.21410827,-0.9807441,0.50701815
154,2026-05-11 16:14:58.932565,-0.062686585,0.34623972,1.0314016,0.3417791,-0.75945824,0.44913867
155,2026-05-11 16:14:58.935504,-0.062686585,0.34623972,1.0314016,0.3417791,-0.75945824,0.44913867
156,2026-05-11 16:14:58.938293,-0.062686585,0.34623972,1.0314016,0.3417791,-0.75945824,0.44913867
157,2026-05-11 16:14:58.940876,-0.062686585,0.34623972,1.0314016,0.3417791,-0.75945824,0.44913867
158,2026-05-11 16:14:58.943434,-0.062686585,0.34623972,1.0314016,0.3417791,-0.75945824,0.44913867
159,2026-05-11 16:14:58.946163,-0.062686585,0.34623972,1.0314016,0.3417791,-0.75945824,0.44913867
160,2026-05-11 16:14:58.949051,-0.05195425,0.36599696,1.0081686,0.40591997,-0.47952923,0.38698313
161,2026-05-11 16:14:58.952235,-0.05195425,0.36599696,1.0081686,0.40591997,-0.47952923,0.38698313
162,2026-05-11 16:14:58.954857,-0.05195425,0.36599696,1.0081686,0.40591997,-0.47952923,0.38698313
163,2026-05-11 16:14:58.957399,-0.05195425,0.36599696,1.0081686,0.40591997,-0.47952923,0.38698313
164,2026-05-11 16:14:58.960036,-0.05195425,0.36599696,1.0081686,0.40591997,-0.47952923,0.38698313
165,2026-05-11 16:14:58.962553,-0.05195425,0.36599696,1.0081686,0.40591997,-0.47952923,0.38698313
166,2026-05-11 16:14:58.965259,-0.05195425,0.36599696,1.0081686,0.40591997,-0.47952923,0.38698313
167,2026-05-11 16:14:58.968320,-0.05195425,0.36599696,1.0081686,0.40591997,-0.47952923,0.38698313
168,2026-05-11 16:14:58.971247,-0.05195425,0.36599696,1.0081686,0.40591997,-0.47952923,0.38698313
169,2026-05-11 16:14:58.974037,-0.05195425,0.36599696,1.0081686,0.40591997,-0.47952923,0.38698313
170,2026-05-11 16:14:58.976765,-0.05195425,0.36599696,1.0081686,0.40591997,-0.47952923,0.38698313
171,2026-05-11 16:14:58.979433,-0.05195425,0.36599696,1.0081686,0.40591997,-0.47952923,0.38698313
172,2026-05-11 16:14:58.982119,-0.05195425,0.36599696,1.0081686,0.40591997,-0.47952923,0.38698313
173,2026-05-11 16:14:58.985257,-0.05195425,0.36599696,1.0081686,0.40591997,-0.47952923,0.38698313
174,2026-05-11 16:14:58.987818,-0.05195425,0.36599696,1.0081686,0.40591997,-0.47952923,0.38698313
175,2026-05-11 16:14:58.990391,-0.05195425,0.36599696,1.0081686,0.40591997,-0.47952923,0.38698313
176,2026-05-11 16:14:58.992987,-0.05195425,0.36599696,1.0081686,0.40591997,-0.47952923,0.38698313
177,2026-05-11 16:14:58.995492,-0.05195425,0.36599696,1.0081686,0.40591997,-0.47952923,0.38698313
178,2026-05-11 16:14:58.998064,-0.05195425,0.36599696,1.0081686,0.40591997,-0.47952923,0.38698313
179,2026-05-11 16:14:59.001113,-0.05195425,0.36599696,1.0081686,0.40591997,-0.47952923,0.38698313
180,2026-05-11 16:14:59.003763,-0.05195425,0.36599696,1.0081686,0.40591997,-0.47952923,0.38698313
181,2026-05-11 16:14:59.006359,-0.05195425,0.36599696,1.0081686,0.40591997,-0.47952923,0.38698313
182,2026-05-11 16:14:59.008887,-0.05195425,0.36599696,1.0081686,0.40591997,-0.47952923,0.38698313
183,2026-05-11 16:14:59.011477,-0.05195425,0.36599696,1.0081686,0.40591997,-0.47952923,0.38698313
184,2026-05-11 16:14:59.014009,-0.05195425,0.36599696,1.0081686,0.40591997,-0.47952923,0.38698313
185,2026-05-11 16:14:59.016970,-0.05195425,0.36599696,1.0081686,0.40591997,-0.47952923,0.38698313
186,2026-05-11 16:14:59.019702,-0.05195425,0.36599696,1.0081686,0.40591997,-0.47952923,0.38698313
187,2026-05-11 16:14:59.022279,-0.05195425,0.36599696,1.0081686,0.40591997,-0.47952923,0.38698313
188,2026-05-11 16:14:59.025148,-0.05195425,0.36599696,1.0081686,0.40591997,-0.47952923,0.38698313
189,2026-05-11 16:14:59.027755,-0.05195425,0.36599696,1.0081686,0.40591997,-0.47952923,0.38698313
190,2026-05-11 16:14:59.030666,-0.05195425,0.36599696,1.0081686,0.44135013,-0.28680122,0.32650748
191,2026-05-11 16:14:59.033497,-0.05195425,0.36599696,1.0081686,0.44135013,-0.28680122,0.32650748
192,2026-05-11 16:14:59.036805,-0.05195425,0.36599696,1.0081686,0.44135013,-0.28680122,0.32650748
193,2026-05-11 16:14:59.039739,-0.05195425,0.36599696,1.0081686,0.44135013,-0.28680122,0.32650748
194,2026-05-11 16:14:59.042400,-0.05195425,0.36599696,1.0081686,0.44135013,-0.28680122,0.32650748
195,2026-05-11 16:14:59.045004,-0.05195425,0.36599696,1.0081686,0.44135013,-0.28680122,0.32650748
196,2026-05-11 16:14:59.047594,-0.05195425,0.36599696,1.0081686,0.44135013,-0.28680122,0.32650748
197,2026-05-11 16:14:59.050268,-0.05195425,0.36599696,1.0081686,0.44135013,-0.28680122,0.32650748
198,2026-05-11 16:14:59.053616,-0.05195425,0.36599696,1.0081686,0.44135013,-0.28680122,0.32650748
199,2026-05-11 16:14:59.056390,-0.05195425,0.36599696,1.0081686,0.44135013,-0.28680122,0.32650748
200,2026-05-11 16:14:59.058935,-0.05195425,0.36599696,1.0081686,0.44135013,-0.28680122,0.32650748
201,2026-05-11 16:14:59.061488,-0.05195425,0.36599696,1.0081686,0.44135013,-0.28680122,0.32650748
202,2026-05-11 16:14:59.064045,-0.05195425,0.36599696,1.0081686,0.44135013,-0.28680122,0.32650748
203,2026-05-11 16:14:59.066975,-0.05195425,0.36599696,1.0081686,0.44135013,-0.28680122,0.32650748
204,2026-05-11 16:14:59.069700,-0.05195425,0.36599696,1.0081686,0.44135013,-0.28680122,0.32650748
205,2026-05-11 16:14:59.072408,-0.05195425,0.36599696,1.0081686,0.44135013,-0.28680122,0.32650748
206,2026-05-11 16:14:59.074987,-0.05195425,0.36599696,1.0081686,0.44135013,-0.28680122,0.32650748
207,2026-05-11 16:14:59.077616,-0.05195425,0.36599696,1.0081686,0.44135013,-0.28680122,0.32650748
208,2026-05-11 16:14:59.080162,-0.05195425,0.36599696,1.0081686,0.44135013,-0.28680122,0.32650748
209,2026-05-11 16:14:59.083536,-0.05195425,0.36599696,1.0081686,0.44135013,-0.28680122,0.32650748
210,2026-05-11 16:14:59.086301,-0.05195425,0.36599696,1.0081686,0.44135013,-0.28680122,0.32650748
211,2026-05-11 16:14:59.088868,-0.05195425,0.36599696,1.0081686,0.44135013,-0.28680122,0.32650748
212,2026-05-11 16:14:59.091500,-0.07335794,0.3784367,0.97889864,0.44135013,-0.28680122,0.32650748
213,2026-05-11 16:14:59.094371,-0.07335794,0.3784367,0.97889864,0.44135013,-0.28680122,0.32650748
214,2026-05-11 16:14:59.096993,-0.07335794,0.3784367,0.97889864,0.44135013,-0.28680122,0.32650748
215,2026-05-11 16:14:59.100346,-0.07335794,0.3784367,0.97889864,0.44135013,-0.28680122,0.32650748
216,2026-05-11 16:14:59.103087,-0.07335794,0.3784367,0.97889864,0.44135013,-0.28680122,0.32650748
217,2026-05-11 16:14:59.105735,-0.07335794,0.3784367,0.97889864,0.44135013,-0.28680122,0.32650748
218,2026-05-11 16:14:59.108420,-0.07335794,0.3784367,0.97889864,0.44135013,-0.28680122,0.32650748
219,2026-05-11 16:14:59.111017,-0.07335794,0.3784367,0.97889864,0.44135013,-0.28680122,0.32650748
220,2026-05-11 16:14:59.113704,-0.07335794,0.3784367,0.97889864,0.44135013,-0.28680122,0.32650748
221,2026-05-11 16:14:59.116705,-0.07335794,0.3784367,0.97889864,0.44135013,-0.28680122,0.32650748
222,2026-05-11 16:14:59.119487,-0.07335794,0.3784367,0.97889864,0.44135013,-0.28680122,0.32650748
223,2026-05-11 16:14:59.122078,-0.07335794,0.3784367,0.97889864,0.44135013,-0.28680122,0.32650748
224,2026-05-11 16:14:59.124632,-0.07335794,0.3784367,0.97889864,0.44135013,-0.28680122,0.32650748
225,2026-05-11 16:14:59.127394,-0.07335794,0.3784367,0.97889864,0.44135013,-0.28680122,0.32650748
226,2026-05-11 16:14:59.129978,-0.07335794,0.3784367,0.97889864,0.44135013,-0.28680122,0.32650748
227,2026-05-11 16:14:59.133016,-0.07335794,0.3784367,0.97889864,0.44135013,-0.28680122,0.32650748
228,2026-05-11 16:14:59.135833,-0.07335794,0.3784367,0.97889864,0.44135013,-0.28680122,0.32650748
229,2026-05-11 16:14:59.138442,-0.07335794,0.3784367,0.97889864,0.44135013,-0.28680122,0.32650748
230,2026-05-11 16:14:59.141142,-0.07335794,0.3784367,0.97889864,0.44135013,-0.28680122,0.32650748
231,2026-05-11 16:14:59.143711,-0.07335794,0.3784367,0.97889864,0.44135013,-0.28680122,0.32650748
232,2026-05-11 16:14:59.146605,-0.07335794,0.3784367,0.97889864,0.44135013,-0.28680122,0.32650748
233,2026-05-11 16:14:59.149634,-0.07335794,0.3784367,0.97889864,0.44135013,-0.28680122,0.32650748
234,2026-05-11 16:14:59.152609,-0.07335794,0.3784367,0.97889864,0.44135013,-0.28680122,0.32650748
235,2026-05-11 16:14:59.155260,-0.07335794,0.3784367,0.97889864,0.44135013,-0.28680122,0.32650748
236,2026-05-11 16:14:59.157842,-0.07335794,0.3784367,0.97889864,0.44135013,-0.28680122,0.32650748
237,2026-05-11 16:14:59.160552,-0.07335794,0.3784367,0.97889864,0.44135013,-0.28680122,0.32650748
238,2026-05-11 16:14:59.163125,-0.07335794,0.3784367,0.97889864,0.44135013,-0.28680122,0.32650748
239,2026-05-11 16:14:59.166058,-0.07335794,0.3784367,0.97889864,0.44135013,-0.28680122,0.32650748
240,2026-05-11 16:14:59.169069,-0.07335794,0.3784367,0.97889864,0.44135013,-0.28680122,0.32650748
241,2026-05-11 16:14:59.171721,-0.07335794,0.3784367,0.97889864,0.44135013,-0.28680122,0.32650748
242,2026-05-11 16:14:59.174278,-0.07335794,0.3784367,0.97889864,0.44135013,-0.28680122,0.32650748
243,2026-05-11 16:14:59.176848,-0.07335794,0.3784367,0.97889864,0.44135013,-0.28680122,0.32650748
244,2026-05-11 16:14:59.179544,-0.07335794,0.3784367,0.97889864,0.44135013,-0.28680122,0.32650748
245,2026-05-11 16:14:59.182186,-0.07335794,0.3784367,0.97889864,0.44135013,-0.28680122,0.32650748
246,2026-05-11 16:14:59.185306,-0.07335794,0.3784367,0.97889864,0.44135013,-0.28680122,0.32650748
247,2026-05-11 16:14:59.187927,-0.07335794,0.3784367,0.97889864,0.44135013,-0.28680122,0.32650748
248,2026-05-11 16:14:59.190482,-0.07335794,0.3784367,0.97889864,0.44135013,-0.28680122,0.32650748
249,2026-05-11 16:14:59.193336,-0.07335794,0.3784367,0.97889864,0.44135013,-0.28680122,0.32650748
250,2026-05-11 16:14:59.195923,-0.07335794,0.3784367,0.97889864,0.44135013,-0.28680122,0.32650748
251,2026-05-11 16:14:59.199177,-0.07335794,0.3784367,0.97889864,0.44135013,-0.28680122,0.32650748
252,2026-05-11 16:14:59.201907,-0.07335794,0.3784367,0.97889864,0.44135013,-0.28680122,0.32650748
253,2026-05-11 16:14:59.204499,-0.07335794,0.3784367,0.97889864,0.44135013,-0.28680122,0.32650748
254,2026-05-11 16:14:59.207181,-0.07335794,0.3784367,0.97889864,0.44135013,-0.28680122,0.32650748
255,2026-05-11 16:14:59.209741,-0.07335794,0.3784367,0.97889864,0.44135013,-0.28680122,0.32650748
256,2026-05-11 16:14:59.212324,-0.07335794,0.3784367,0.97889864,0.44135013,-0.28680122,0.32650748
257,2026-05-11 16:14:59.214980,-0.07335794,0.3784367,0.97889864,0.44135013,-0.28680122,0.32650748
258,2026-05-11 16:14:59.218212,-0.07335794,0.3784367,0.97889864,0.44135013,-0.28680122,0.32650748
259,2026-05-11 16:14:59.220978,-0.07335794,0.3784367,0.97889864,0.44135013,-0.28680122,0.32650748
260,2026-05-11 16:14:59.223715,-0.07335794,0.3784367,0.97889864,0.44135013,-0.28680122,0.32650748
261,2026-05-11 16:14:59.226384,-0.07335794,0.3784367,0.97889864,0.44135013,-0.28680122,0.32650748
262,2026-05-11 16:14:59.228953,-0.07335794,0.3784367,0.97889864,0.44135013,-0.28680122,0.32650748
263,2026-05-11 16:14:59.231621,-0.07335794,0.3784367,0.97889864,0.4992296,-0.2489276,0.29749137
264,2026-05-11 16:14:59.234503,-0.07335794,0.3784367,0.97889864,0.4992296,-0.2489276,0.29749137
265,2026-05-11 16:14:59.237282,-0.07335794,0.3784367,0.97889864,0.4992296,-0.2489276,0.29749137
266,2026-05-11 16:14:59.240069,-0.07335794,0.3784367,0.97889864,0.4992296,-0.2489276,0.29749137
267,2026-05-11 16:14:59.242736,-0.07335794,0.3784367,0.97889864,0.4992296,-0.2489276,0.29749137
268,2026-05-11 16:14:59.245370,-0.07335794,0.3784367,0.97889864,0.4992296,-0.2489276,0.29749137
269,2026-05-11 16:14:59.247946,-0.07335794,0.3784367,0.97889864,0.4992296,-0.2489276,0.29749137
270,2026-05-11 16:14:59.251110,-0.07335794,0.3784367,0.97889864,0.4992296,-0.2489276,0.29749137
271,2026-05-11 16:14:59.253760,-0.07335794,0.3784367,0.97889864,0.4992296,-0.2489276,0.29749137
272,2026-05-11 16:14:59.256332,-0.07335794,0.3784367,0.97889864,0.4992296,-0.2489276,0.29749137
273,2026-05-11 16:14:59.259022,-0.07335794,0.3784367,0.97889864,0.4992296,-0.2489276,0.29749137
274,2026-05-11 16:14:59.261565,-0.07335794,0.3784367,0.97889864,0.4992296,-0.2489276,0.29749137
275,2026-05-11 16:14:59.264094,-0.07335794,0.3784367,0.97889864,0.4992296,-0.2489276,0.29749137
276,2026-05-11 16:14:59.267228,-0.07335794,0.3784367,0.97889864,0.4992296,-0.2489276,0.29749137
277,2026-05-11 16:14:59.270111,-0.07335794,0.3784367,0.97889864,0.4992296,-0.2489276,0.29749137
278,2026-05-11 16:14:59.272757,-0.07335794,0.3784367,0.97889864,0.4992296,-0.2489276,0.29749137
279,2026-05-11 16:14:59.275318,-0.07335794,0.3784367,0.97889864,0.4992296,-0.2489276,0.29749137
280,2026-05-11 16:14:59.278598,-0.10110346,0.37770495,0.9466406,0.4992296,-0.2489276,0.29749137
281,2026-05-11 16:14:59.309452,-0.10110346,0.37770495,0.9466406,0.4992296,-0.2489276,0.29749137
282,2026-05-11 16:14:59.315918,-0.10110346,0.37770495,0.9466406,0.4992296,-0.2489276,0.29749137
283,2026-05-11 16:14:59.321904,-0.10110346,0.37770495,0.9466406,0.4992296,-0.2489276,0.29749137
284,2026-05-11 16:14:59.324584,-0.10110346,0.37770495,0.9466406,0.4992296,-0.2489276,0.29749137
285,2026-05-11 16:14:59.327170,-0.10110346,0.37770495,0.9466406,0.4992296,-0.2489276,0.29749137
286,2026-05-11 16:14:59.329737,-0.10110346,0.37770495,0.9466406,0.4992296,-0.2489276,0.29749137
287,2026-05-11 16:14:59.332804,-0.10110346,0.37770495,0.9466406,0.4992296,-0.2489276,0.29749137
288,2026-05-11 16:14:59.335488,-0.10110346,0.37770495,0.9466406,0.4992296,-0.2489276,0.29749137
289,2026-05-11 16:14:59.338084,-0.10110346,0.37770495,0.9466406,0.4992296,-0.2489276,0.29749137
290,2026-05-11 16:14:59.340761,-0.10110346,0.37770495,0.9466406,0.4992296,-0.2489276,0.29749137
291,2026-05-11 16:14:59.343349,-0.10110346,0.37770495,0.9466406,0.4992296,-0.2489276,0.29749137
292,2026-05-11 16:14:59.346004,-0.10110346,0.37770495,0.9466406,0.4992296,-0.2489276,0.29749137
293,2026-05-11 16:14:59.348795,-0.10110346,0.37770495,0.9466406,0.4992296,-0.2489276,0.29749137
294,2026-05-11 16:14:59.351874,-0.10110346,0.37770495,0.9466406,0.4992296,-0.2489276,0.29749137
295,2026-05-11 16:14:59.354469,-0.10110346,0.37770495,0.9466406,0.4992296,-0.2489276,0.29749137
296,2026-05-11 16:14:59.357049,-0.10110346,0.37770495,0.9466406,0.4992296,-0.2489276,0.29749137
297,2026-05-11 16:14:59.359590,-0.10110346,0.37770495,0.9466406,0.4992296,-0.2489276,0.29749137
298,2026-05-11 16:14:59.362438,-0.10110346,0.37770495,0.9466406,0.4992296,-0.2489276,0.29749137
299,2026-05-11 16:14:59.365141,-0.10110346,0.37770495,0.9466406,0.4992296,-0.2489276,0.29749137
300,2026-05-11 16:14:59.368425,-0.10110346,0.37770495,0.9466406,0.4992296,-0.2489276,0.29749137
301,2026-05-11 16:14:59.371194,-0.10110346,0.37770495,0.9466406,0.4992296,-0.2489276,0.29749137
302,2026-05-11 16:14:59.373955,-0.10110346,0.37770495,0.9466406,0.4992296,-0.2489276,0.29749137
303,2026-05-11 16:14:59.376714,-0.10110346,0.37770495,0.9466406,0.4992296,-0.2489276,0.29749137
304,2026-05-11 16:14:59.379414,-0.10110346,0.37770495,0.9466406,0.4992296,-0.2489276,0.29749137
305,2026-05-11 16:14:59.382282,-0.1247024,0.40173078,0.8249262,0.7545713,-0.9775371,0.22510384
306,2026-05-11 16:14:59.385338,-0.1247024,0.40173078,0.8249262,0.7545713,-0.9775371,0.22510384
307,2026-05-11 16:14:59.388030,-0.1247024,0.40173078,0.8249262,0.7545713,-0.9775371,0.22510384
308,2026-05-11 16:14:59.390644,-0.1247024,0.40173078,0.8249262,0.7545713,-0.9775371,0.22510384
309,2026-05-11 16:14:59.393446,-0.1247024,0.40173078,0.8249262,0.7545713,-0.9775371,0.22510384
310,2026-05-11 16:14:59.396031,-0.1247024,0.40173078,0.8249262,0.7545713,-0.9775371,0.22510384
311,2026-05-11 16:14:59.399003,-0.17812014,0.3998404,0.7029678,0.7545713,-0.9775371,0.22510384
312,2026-05-11 16:14:59.402021,-0.17812014,0.3998404,0.7029678,0.7545713,-0.9775371,0.22510384
313,2026-05-11 16:14:59.404658,-0.17812014,0.3998404,0.7029678,0.7545713,-0.9775371,0.22510384
314,2026-05-11 16:14:59.407393,-0.17812014,0.3998404,0.7029678,0.7545713,-0.9775371,0.22510384
315,2026-05-11 16:14:59.409967,-0.17812014,0.3998404,0.7029678,0.7545713,-0.9775371,0.22510384
316,2026-05-11 16:14:59.412677,-0.17812014,0.3998404,0.7029678,0.7545713,-0.9775371,0.22510384
317,2026-05-11 16:14:59.415414,-0.17812014,0.3998404,0.7029678,0.7545713,-0.9775371,0.22510384
318,2026-05-11 16:14:59.418739,-0.17812014,0.3998404,0.7029678,0.7545713,-0.9775371,0.22510384
319,2026-05-11 16:14:59.421476,-0.17812014,0.3998404,0.7029678,0.7545713,-0.9775371,0.22510384
320,2026-05-11 16:14:59.424112,-0.17812014,0.3998404,0.7029678,0.7545713,-0.9775371,0.22510384
321,2026-05-11 16:14:59.426971,-0.17812014,0.3998404,0.7029678,0.7545713,-0.9775371,0.22510384
322,2026-05-11 16:14:59.429608,-0.17812014,0.3998404,0.7029678,0.7545713,-0.9775371,0.22510384
323,2026-05-11 16:14:59.432538,-0.17812014,0.3998404,0.7029678,0.7545713,-0.9775371,0.22510384
324,2026-05-11 16:14:59.435437,-0.17812014,0.3998404,0.7029678,0.7545713,-0.9775371,0.22510384
325,2026-05-11 16:14:59.438073,-0.17812014,0.3998404,0.7029678,0.7545713,-0.9775371,0.22510384
326,2026-05-11 16:14:59.440589,-0.17812014,0.3998404,0.7029678,0.7545713,-0.9775371,0.22510384
327,2026-05-11 16:14:59.443286,-0.17812014,0.3998404,0.7029678,0.7545713,-0.9775371,0.22510384
328,2026-05-11 16:14:59.445771,-0.17812014,0.3998404,0.7029678,0.7545713,-0.9775371,0.22510384
329,2026-05-11 16:14:59.448667,-0.17812014,0.3998404,0.7029678,0.7545713,-0.9775371,0.22510384
330,2026-05-11 16:14:59.451337,-0.17812014,0.3998404,0.7029678,0.7545713,-0.9775371,0.22510384
331,2026-05-11 16:14:59.453866,-0.17812014,0.3998404,0.7029678,0.7545713,-0.9775371,0.22510384
332,2026-05-11 16:14:59.456587,-0.17812014,0.3998404,0.7029678,0.7545713,-0.9775371,0.22510384
333,2026-05-11 16:14:59.459147,-0.17812014,0.3998404,0.7029678,0.7545713,-0.9775371,0.22510384
334,2026-05-11 16:14:59.461673,-0.17812014,0.3998404,0.7029678,0.7545713,-0.9775371,0.22510384
335,2026-05-11 16:14:59.464299,-0.17812014,0.3998404,0.7029678,0.7545713,-0.9775371,0.22510384
336,2026-05-11 16:14:59.467152,-0.17812014,0.3998404,0.7029678,0.7545713,-0.9775371,0.22510384
337,2026-05-11 16:14:59.469777,-0.17812014,0.3998404,0.7029678,0.7545713,-0.9775371,0.22510384
338,2026-05-11 16:14:59.472421,-0.17812014,0.3998404,0.7029678,0.7545713,-0.9775371,0.22510384
339,2026-05-11 16:14:59.474872,-0.17812014,0.3998404,0.7029678,0.7545713,-0.9775371,0.22510384
340,2026-05-11 16:14:59.477551,-0.17812014,0.3998404,0.7029678,0.7545713,-0.9775371,0.22510384
341,2026-05-11 16:14:59.480025,-0.17812014,0.3998404,0.7029678,0.7545713,-0.9775371,0.22510384
342,2026-05-11 16:14:59.482829,-0.17812014,0.3998404,0.7029678,0.7545713,-0.9775371,0.22510384
343,2026-05-11 16:14:59.485552,-0.17812014,0.3998404,0.7029678,0.7545713,-0.9775371,0.22510384
344,2026-05-11 16:14:59.488116,-0.17812014,0.3998404,0.7029678,0.7545713,-0.9775371,0.22510384
345,2026-05-11 16:14:59.490598,-0.17812014,0.3998404,0.7029678,0.7545713,-0.9775371,0.22510384
346,2026-05-11 16:14:59.493085,-0.17812014,0.3998404,0.7029678,0.7545713,-0.9775371,0.22510384
347,2026-05-11 16:14:59.495524,-0.17812014,0.3998404,0.7029678,0.7545713,-0.9775371,0.22510384
348,2026-05-11 16:14:59.497994,-0.17812014,0.3998404,0.7029678,0.7545713,-0.9775371,0.22510384
349,2026-05-11 16:14:59.501428,-0.17812014,0.3998404,0.7029678,0.7545713,-0.9775371,0.22510384
350,2026-05-11 16:14:59.504157,-0.17812014,0.3998404,0.7029678,0.7545713,-0.9775371,0.22510384
351,2026-05-11 16:14:59.506971,-0.17812014,0.3998404,0.7029678,0.7545713,-0.9775371,0.22510384
352,2026-05-11 16:14:59.509635,-0.17812014,0.3998404,0.7029678,0.7545713,-0.9775371,0.22510384
353,2026-05-11 16:14:59.512456,-0.17812014,0.3998404,0.7029678,0.7545713,-0.9775371,0.22510384
354,2026-05-11 16:14:59.515353,-0.17812014,0.3998404,0.7029678,0.7545713,-0.9775371,0.22510384
355,2026-05-11 16:14:59.518831,-0.17812014,0.3998404,0.7029678,0.7545713,-0.9775371,0.22510384
356,2026-05-11 16:14:59.521563,-0.17812014,0.3998404,0.7029678,0.7370089,-1.2040154,0.27656925
357,2026-05-11 16:14:59.524459,-0.17812014,0.3998404,0.7029678,0.7370089,-1.2040154,0.27656925
358,2026-05-11 16:14:59.527320,-0.17812014,0.3998404,0.7029678,0.7370089,-1.2040154,0.27656925
359,2026-05-11 16:14:59.530059,-0.17812014,0.3998404,0.7029678,0.7370089,-1.2040154,0.27656925
360,2026-05-11 16:14:59.533313,-0.17812014,0.3998404,0.7029678,0.7370089,-1.2040154,0.27656925
361,2026-05-11 16:14:59.536177,-0.17812014,0.3998404,0.7029678,0.7370089,-1.2040154,0.27656925
362,2026-05-11 16:14:59.538916,-0.17812014,0.3998404,0.7029678,0.7370089,-1.2040154,0.27656925
363,2026-05-11 16:14:59.541548,-0.17812014,0.3998404,0.7029678,0.7370089,-1.2040154,0.27656925
364,2026-05-11 16:14:59.544333,-0.17812014,0.3998404,0.7029678,0.7370089,-1.2040154,0.27656925
365,2026-05-11 16:14:59.546915,-0.17812014,0.3998404,0.7029678,0.7370089,-1.2040154,0.27656925
366,2026-05-11 16:14:59.550386,-0.17812014,0.3998404,0.7029678,0.7370089,-1.2040154,0.27656925
367,2026-05-11 16:14:59.553152,-0.17812014,0.3998404,0.7029678,0.7370089,-1.2040154,0.27656925
368,2026-05-11 16:14:59.555943,-0.17812014,0.3998404,0.7029678,0.7370089,-1.2040154,0.27656925
369,2026-05-11 16:14:59.558565,-0.17812014,0.3998404,0.7029678,0.7370089,-1.2040154,0.27656925
370,2026-05-11 16:14:59.561320,-0.14872819,0.39703536,0.6383299,0.7370089,-1.2040154,0.27656925
371,2026-05-11 16:14:59.564246,-0.14872819,0.39703536,0.6383299,0.7370089,-1.2040154,0.27656925
372,2026-05-11 16:14:59.567604,-0.14872819,0.39703536,0.6383299,0.7370089,-1.2040154,0.27656925
373,2026-05-11 16:14:59.570330,-0.14872819,0.39703536,0.6383299,0.7370089,-1.2040154,0.27656925
374,2026-05-11 16:14:59.572901,-0.14872819,0.39703536,0.6383299,0.7370089,-1.2040154,0.27656925
375,2026-05-11 16:14:59.575759,-0.14872819,0.39703536,0.6383299,0.7370089,-1.2040154,0.27656925
376,2026-05-11 16:14:59.578342,-0.14872819,0.39703536,0.6383299,0.7370089,-1.2040154,0.27656925
377,2026-05-11 16:14:59.580918,-0.14872819,0.39703536,0.6383299,0.7370089,-1.2040154,0.27656925
378,2026-05-11 16:14:59.584217,-0.14872819,0.39703536,0.6383299,0.7370089,-1.2040154,0.27656925
379,2026-05-11 16:14:59.586952,-0.14872819,0.39703536,0.6383299,0.7370089,-1.2040154,0.27656925
380,2026-05-11 16:14:59.589552,-0.14872819,0.39703536,0.6383299,0.7370089,-1.2040154,0.27656925
381,2026-05-11 16:14:59.592464,-0.14872819,0.39703536,0.6383299,0.7370089,-1.2040154,0.27656925
382,2026-05-11 16:14:59.595067,-0.14872819,0.39703536,0.6383299,0.7370089,-1.2040154,0.27656925
383,2026-05-11 16:14:59.597845,-0.14872819,0.39703536,0.6383299,0.7370089,-1.2040154,0.27656925
384,2026-05-11 16:14:59.600979,-0.14872819,0.39703536,0.6383299,0.7370089,-1.2040154,0.27656925
385,2026-05-11 16:14:59.603775,-0.14872819,0.39703536,0.6383299,0.7370089,-1.2040154,0.27656925
386,2026-05-11 16:14:59.606424,-0.14872819,0.39703536,0.6383299,0.7370089,-1.2040154,0.27656925
387,2026-05-11 16:14:59.609015,-0.14872819,0.39703536,0.6383299,0.7370089,-1.2040154,0.27656925
388,2026-05-11 16:14:59.611833,-0.14872819,0.39703536,0.6383299,0.7370089,-1.2040154,0.27656925
389,2026-05-11 16:14:59.614458,-0.14872819,0.39703536,0.6383299,0.7370089,-1.2040154,0.27656925
390,2026-05-11 16:14:59.617780,-0.14872819,0.39703536,0.6383299,0.7370089,-1.2040154,0.27656925
391,2026-05-11 16:14:59.620784,-0.14872819,0.39703536,0.6383299,0.7370089,-1.2040154,0.27656925
392,2026-05-11 16:14:59.623477,-0.14872819,0.39703536,0.6383299,0.7370089,-1.2040154,0.27656925
393,2026-05-11 16:14:59.626156,-0.14872819,0.39703536,0.6383299,0.7370089,-1.2040154,0.27656925
394,2026-05-11 16:14:59.628822,-0.14872819,0.39703536,0.6383299,0.7370089,-1.2040154,0.27656925
395,2026-05-11 16:14:59.631384,-0.14872819,0.39703536,0.6383299,0.7370089,-1.2040154,0.27656925
396,2026-05-11 16:14:59.634730,-0.14872819,0.39703536,0.6383299,0.7370089,-1.2040154,0.27656925
397,2026-05-11 16:14:59.637572,-0.14872819,0.39703536,0.6383299,0.7370089,-1.2040154,0.27656925
398,2026-05-11 16:14:59.640286,-0.14872819,0.39703536,0.6383299,0.7370089,-1.2040154,0.27656925
399,2026-05-11 16:14:59.642918,-0.14872819,0.39703536,0.6383299,0.7370089,-1.2040154,0.27656925
400,2026-05-11 16:14:59.645739,-0.14872819,0.39703536,0.6383299,0.7370089,-1.2040154,0.27656925
401,2026-05-11 16:14:59.648407,-0.14872819,0.39703536,0.6383299,0.7370089,-1.2040154,0.27656925
402,2026-05-11 16:14:59.651632,-0.14872819,0.39703536,0.6383299,0.7370089,-1.2040154,0.27656925
403,2026-05-11 16:14:59.654494,-0.14872819,0.39703536,0.6383299,0.7370089,-1.2040154,0.27656925
404,2026-05-11 16:14:59.657088,-0.14872819,0.39703536,0.6383299,0.7370089,-1.2040154,0.27656925
405,2026-05-11 16:14:59.659734,-0.14872819,0.39703536,0.6383299,0.59757894,-1.4465289,0.366061
406,2026-05-11 16:14:59.662597,-0.14872819,0.39703536,0.6383299,0.59757894,-1.4465289,0.366061
407,2026-05-11 16:14:59.666198,-0.14872819,0.39703536,0.6383299,0.59757894,-1.4465289,0.366061
408,2026-05-11 16:14:59.670477,0.109884456,0.34910575,0.67814934,0.6794349,-2.449875,0.12034045
409,2026-05-11 16:14:59.673632,0.109884456,0.34910575,0.67814934,0.6794349,-2.449875,0.12034045
410,2026-05-11 16:14:59.676621,0.109884456,0.34910575,0.67814934,0.6794349,-2.449875,0.12034045
411,2026-05-11 16:14:59.679925,0.30379823,0.31538427,0.3808759,0.6794349,-2.449875,0.12034045
412,2026-05-11 16:14:59.683287,0.30379823,0.31538427,0.3808759,0.6794349,-2.449875,0.12034045
413,2026-05-11 16:14:59.687216,0.30379823,0.31538427,0.3808759,0.6794349,-2.449875,0.12034045
414,2026-05-11 16:14:59.690241,0.30379823,0.31538427,0.3808759,0.6794349,-2.449875,0.12034045
415,2026-05-11 16:14:59.693518,0.30379823,0.31538427,0.3808759,0.6794349,-2.449875,0.12034045
416,2026-05-11 16:14:59.696512,0.30379823,0.31538427,0.3808759,0.6794349,-2.449875,0.12034045
417,2026-05-11 16:14:59.700474,0.30379823,0.31538427,0.3808759,0.6794349,-2.449875,0.12034045
418,2026-05-11 16:14:59.703453,0.30379823,0.31538427,0.3808759,0.6794349,-2.449875,0.12034045
419,2026-05-11 16:14:59.706317,0.30379823,0.31538427,0.3808759,0.6794349,-2.449875,0.12034045
420,2026-05-11 16:14:59.709116,0.30379823,0.31538427,0.3808759,0.6794349,-2.449875,0.12034045
421,2026-05-11 16:14:59.711989,0.30379823,0.31538427,0.3808759,0.6794349,-2.449875,0.12034045
422,2026-05-11 16:14:59.714804,0.30379823,0.31538427,0.3808759,0.6794349,-2.449875,0.12034045
423,2026-05-11 16:14:59.717984,0.30379823,0.31538427,0.3808759,0.6794349,-2.449875,0.12034045
424,2026-05-11 16:14:59.720737,0.30379823,0.31538427,0.3808759,0.6794349,-2.449875,0.12034045
425,2026-05-11 16:14:59.723593,0.30379823,0.31538427,0.3808759,0.61911196,-2.4874432,-0.36468655
426,2026-05-11 16:14:59.726290,0.30379823,0.31538427,0.3808759,0.61911196,-2.4874432,-0.36468655
427,2026-05-11 16:14:59.728855,0.30379823,0.31538427,0.3808759,0.61911196,-2.4874432,-0.36468655
428,2026-05-11 16:14:59.731436,0.30379823,0.31538427,0.3808759,0.61911196,-2.4874432,-0.36468655
429,2026-05-11 16:14:59.734381,0.30379823,0.31538427,0.3808759,0.61911196,-2.4874432,-0.36468655
430,2026-05-11 16:14:59.737119,0.30379823,0.31538427,0.3808759,0.61911196,-2.4874432,-0.36468655
431,2026-05-11 16:14:59.739880,0.30379823,0.31538427,0.3808759,0.61911196,-2.4874432,-0.36468655
432,2026-05-11 16:14:59.742483,0.30379823,0.31538427,0.3808759,0.61911196,-2.4874432,-0.36468655
433,2026-05-11 16:14:59.745253,0.30379823,0.31538427,0.3808759,0.61911196,-2.4874432,-0.36468655
434,2026-05-11 16:14:59.747850,0.30379823,0.31538427,0.3808759,0.61911196,-2.4874432,-0.36468655
435,2026-05-11 16:14:59.751045,0.30379823,0.31538427,0.3808759,0.61911196,-2.4874432,-0.36468655
436,2026-05-11 16:14:59.753715,0.30379823,0.31538427,0.3808759,0.61911196,-2.4874432,-0.36468655
437,2026-05-11 16:14:59.756314,0.30379823,0.31538427,0.3808759,0.61911196,-2.4874432,-0.36468655
438,2026-05-11 16:14:59.758909,0.30379823,0.31538427,0.3808759,0.61911196,-2.4874432,-0.36468655
439,2026-05-11 16:14:59.761433,0.30379823,0.31538427,0.3808759,0.61911196,-2.4874432,-0.36468655
440,2026-05-11 16:14:59.764179,0.30379823,0.31538427,0.3808759,0.61911196,-2.4874432,-0.36468655
441,2026-05-11 16:14:59.767295,0.027013771,0.3706314,0.6107064,0.61911196,-2.4874432,-0.36468655
442,2026-05-11 16:14:59.770102,0.027013771,0.3706314,0.6107064,0.61911196,-2.4874432,-0.36468655
443,2026-05-11 16:14:59.772667,0.027013771,0.3706314,0.6107064,0.61911196,-2.4874432,-0.36468655
444,2026-05-11 16:14:59.775226,0.027013771,0.3706314,0.6107064,0.61911196,-2.4874432,-0.36468655
445,2026-05-11 16:14:59.777771,0.027013771,0.3706314,0.6107064,0.61911196,-2.4874432,-0.36468655
446,2026-05-11 16:14:59.780437,0.027013771,0.3706314,0.6107064,0.61911196,-2.4874432,-0.36468655
447,2026-05-11 16:14:59.783301,0.027013771,0.3706314,0.6107064,0.61911196,-2.4874432,-0.36468655
448,2026-05-11 16:14:59.785946,0.027013771,0.3706314,0.6107064,0.61911196,-2.4874432,-0.36468655
449,2026-05-11 16:14:59.788507,0.027013771,0.3706314,0.6107064,0.61911196,-2.4874432,-0.36468655
450,2026-05-11 16:14:59.791071,0.027013771,0.3706314,0.6107064,0.61911196,-2.4874432,-0.36468655
451,2026-05-11 16:14:59.793825,0.027013771,0.3706314,0.6107064,0.61911196,-2.4874432,-0.36468655
452,2026-05-11 16:14:59.796400,0.027013771,0.3706314,0.6107064,0.61911196,-2.4874432,-0.36468655
453,2026-05-11 16:14:59.799373,0.027013771,0.3706314,0.6107064,0.61911196,-2.4874432,-0.36468655
454,2026-05-11 16:14:59.802152,0.027013771,0.3706314,0.6107064,0.61911196,-2.4874432,-0.36468655
455,2026-05-11 16:14:59.804723,0.027013771,0.3706314,0.6107064,0.61911196,-2.4874432,-0.36468655
456,2026-05-11 16:14:59.807319,0.027013771,0.3706314,0.6107064,0.61911196,-2.4874432,-0.36468655
457,2026-05-11 16:14:59.809931,0.027013771,0.3706314,0.6107064,0.61911196,-2.4874432,-0.36468655
458,2026-05-11 16:14:59.812477,0.027013771,0.3706314,0.6107064,0.61911196,-2.4874432,-0.36468655
459,2026-05-11 16:14:59.815453,0.027013771,0.3706314,0.6107064,0.61911196,-2.4874432,-0.36468655
460,2026-05-11 16:14:59.818338,0.027013771,0.3706314,0.6107064,0.61911196,-2.4874432,-0.36468655
461,2026-05-11 16:14:59.821245,0.027013771,0.3706314,0.6107064,0.61911196,-2.4874432,-0.36468655
462,2026-05-11 16:14:59.823946,0.027013771,0.3706314,0.6107064,0.61911196,-2.4874432,-0.36468655
463,2026-05-11 16:14:59.826682,0.027013771,0.3706314,0.6107064,0.61911196,-2.4874432,-0.36468655
464,2026-05-11 16:14:59.829239,0.027013771,0.3706314,0.6107064,0.61911196,-2.4874432,-0.36468655
465,2026-05-11 16:14:59.831960,0.027013771,0.3706314,0.6107064,0.61911196,-2.4874432,-0.36468655
466,2026-05-11 16:14:59.834912,0.027013771,0.3706314,0.6107064,0.61911196,-2.4874432,-0.36468655
467,2026-05-11 16:14:59.837702,0.027013771,0.3706314,0.6107064,0.61911196,-2.4874432,-0.36468655
468,2026-05-11 16:14:59.840416,0.027013771,0.3706314,0.6107064,0.61911196,-2.4874432,-0.36468655
469,2026-05-11 16:14:59.843060,0.027013771,0.3706314,0.6107064,0.61911196,-2.4874432,-0.36468655
470,2026-05-11 16:14:59.845617,0.027013771,0.3706314,0.6107064,0.61911196,-2.4874432,-0.36468655
471,2026-05-11 16:14:59.848294,0.027013771,0.3706314,0.6107064,0.61911196,-2.4874432,-0.36468655
472,2026-05-11 16:14:59.851132,0.027013771,0.3706314,0.6107064,0.61911196,-2.4874432,-0.36468655
473,2026-05-11 16:14:59.853773,0.027013771,0.3706314,0.6107064,0.61911196,-2.4874432,-0.36468655
474,2026-05-11 16:14:59.856307,0.027013771,0.3706314,0.6107064,0.61911196,-2.4874432,-0.36468655
475,2026-05-11 16:14:59.858826,0.027013771,0.3706314,0.6107064,0.61911196,-2.4874432,-0.36468655
476,2026-05-11 16:14:59.861488,0.027013771,0.3706314,0.6107064,0.61911196,-2.4874432,-0.36468655
477,2026-05-11 16:14:59.864029,0.027013771,0.3706314,0.6107064,0.61911196,-2.4874432,-0.36468655
478,2026-05-11 16:14:59.867182,0.027013771,0.3706314,0.6107064,0.61911196,-2.4874432,-0.36468655
479,2026-05-11 16:14:59.869914,0.027013771,0.3706314,0.6107064,0.61911196,-2.4874432,-0.36468655
480,2026-05-11 16:14:59.872591,0.027013771,0.3706314,0.6107064,0.61911196,-2.4874432,-0.36468655
481,2026-05-11 16:14:59.875271,0.027013771,0.3706314,0.6107064,0.61911196,-2.4874432,-0.36468655
482,2026-05-11 16:14:59.877860,0.027013771,0.3706314,0.6107064,0.61911196,-2.4874432,-0.36468655
483,2026-05-11 16:14:59.880607,0.027013771,0.3706314,0.6107064,0.61911196,-2.4874432,-0.36468655
484,2026-05-11 16:14:59.883429,0.027013771,0.3706314,0.6107064,0.61911196,-2.4874432,-0.36468655
485,2026-05-11 16:14:59.886069,0.027013771,0.3706314,0.6107064,0.61911196,-2.4874432,-0.36468655
486,2026-05-11 16:14:59.888838,0.027013771,0.3706314,0.6107064,0.61911196,-2.4874432,-0.36468655
487,2026-05-11 16:14:59.891428,0.027013771,0.3706314,0.6107064,0.61911196,-2.4874432,-0.36468655
488,2026-05-11 16:14:59.893991,0.027013771,0.3706314,0.6107064,0.61911196,-2.4874432,-0.36468655
489,2026-05-11 16:14:59.896762,0.027013771,0.3706314,0.6107064,0.61911196,-2.4874432,-0.36468655
490,2026-05-11 16:14:59.899716,0.027013771,0.3706314,0.6107064,0.61911196,-2.4874432,-0.36468655
491,2026-05-11 16:14:59.902531,0.027013771,0.3706314,0.6107064,0.61911196,-2.4874432,-0.36468655
492,2026-05-11 16:14:59.905171,0.027013771,0.3706314,0.6107064,0.61911196,-2.4874432,-0.36468655
493,2026-05-11 16:14:59.907746,0.027013771,0.3706314,0.6107064,0.61911196,-2.4874432,-0.36468655
494,2026-05-11 16:14:59.910369,0.027013771,0.3706314,0.6107064,0.61911196,-2.4874432,-0.36468655
495,2026-05-11 16:14:59.912904,0.027013771,0.3706314,0.6107064,0.61911196,-2.4874432,-0.36468655
496,2026-05-11 16:14:59.915887,0.027013771,0.3706314,0.6107064,0.61911196,-2.4874432,-0.36468655
497,2026-05-11 16:14:59.918560,0.027013771,0.3706314,0.6107064,0.61911196,-2.4874432,-0.36468655
498,2026-05-11 16:14:59.921144,0.027013771,0.3706314,0.6107064,0.61911196,-2.4874432,-0.36468655
499,2026-05-11 16:14:59.923970,0.027013771,0.3706314,0.6107064,0.61911196,-2.4874432,-0.36468655
500,2026-05-11 16:14:59.926692,0.027013771,0.3706314,0.6107064,0.61911196,-2.4874432,-0.36468655
501,2026-05-11 16:14:59.929419,0.027013771,0.3706314,0.6107064,0.61911196,-2.4874432,-0.36468655
502,2026-05-11 16:14:59.932220,-0.087992944,0.35782576,0.55667883,0.61911196,-2.4874432,-0.36468655
503,2026-05-11 16:14:59.935322,-0.087992944,0.35782576,0.55667883,0.61911196,-2.4874432,-0.36468655
504,2026-05-11 16:14:59.937967,-0.087992944,0.35782576,0.55667883,0.61911196,-2.4874432,-0.36468655
505,2026-05-11 16:14:59.940699,-0.087992944,0.35782576,0.55667883,0.61911196,-2.4874432,-0.36468655
506,2026-05-11 16:14:59.943286,-0.087992944,0.35782576,0.55667883,0.61911196,-2.4874432,-0.36468655
507,2026-05-11 16:14:59.946050,-0.087992944,0.35782576,0.55667883,0.61911196,-2.4874432,-0.36468655
508,2026-05-11 16:14:59.948788,-0.087992944,0.35782576,0.55667883,0.61911196,-2.4874432,-0.36468655
509,2026-05-11 16:14:59.951980,-0.087992944,0.35782576,0.55667883,0.61911196,-2.4874432,-0.36468655
510,2026-05-11 16:14:59.954595,-0.087992944,0.35782576,0.55667883,0.61911196,-2.4874432,-0.36468655
511,2026-05-11 16:14:59.957287,-0.087992944,0.35782576,0.55667883,0.61911196,-2.4874432,-0.36468655
512,2026-05-11 16:14:59.959879,-0.087992944,0.35782576,0.55667883,0.61911196,-2.4874432,-0.36468655
513,2026-05-11 16:14:59.962673,-0.087992944,0.35782576,0.55667883,0.61911196,-2.4874432,-0.36468655
514,2026-05-11 16:14:59.965416,-0.087992944,0.35782576,0.55667883,0.61911196,-2.4874432,-0.36468655
515,2026-05-11 16:14:59.968533,-0.087992944,0.35782576,0.55667883,0.49953505,-2.4301746,-0.34437528
516,2026-05-11 16:14:59.971283,-0.087992944,0.35782576,0.55667883,0.49953505,-2.4301746,-0.34437528
517,2026-05-11 16:14:59.973878,-0.087992944,0.35782576,0.55667883,0.49953505,-2.4301746,-0.34437528
518,2026-05-11 16:14:59.976479,-0.087992944,0.35782576,0.55667883,0.49953505,-2.4301746,-0.34437528
519,2026-05-11 16:14:59.979162,-0.087992944,0.35782576,0.55667883,0.345597,-2.134516,-0.07376198
520,2026-05-11 16:14:59.981763,-0.087992944,0.35782576,0.55667883,0.345597,-2.134516,-0.07376198
521,2026-05-11 16:14:59.984965,-0.087992944,0.35782576,0.55667883,0.345597,-2.134516,-0.07376198
522,2026-05-11 16:14:59.987580,-0.087992944,0.35782576,0.55667883,0.345597,-2.134516,-0.07376198
523,2026-05-11 16:14:59.990182,-0.087992944,0.35782576,0.55667883,0.345597,-2.134516,-0.07376198
524,2026-05-11 16:14:59.992742,-0.087992944,0.35782576,0.55667883,0.345597,-2.134516,-0.07376198
525,2026-05-11 16:14:59.995493,-0.087992944,0.35782576,0.55667883,0.345597,-2.134516,-0.07376198
526,2026-05-11 16:14:59.998117,-0.087992944,0.35782576,0.55667883,0.345597,-2.134516,-0.07376198
527,2026-05-11 16:15:00.001390,-0.087992944,0.35782576,0.55667883,0.345597,-2.134516,-0.07376198
528,2026-05-11 16:15:00.004159,-0.087992944,0.35782576,0.55667883,0.345597,-2.134516,-0.07376198
529,2026-05-11 16:15:00.006839,-0.087992944,0.35782576,0.55667883,0.345597,-2.134516,-0.07376198
530,2026-05-11 16:15:00.009512,-0.087992944,0.35782576,0.55667883,0.345597,-2.134516,-0.07376198
531,2026-05-11 16:15:00.012115,-0.087992944,0.35782576,0.55667883,0.345597,-2.134516,-0.07376198
532,2026-05-11 16:15:00.014873,-0.087992944,0.35782576,0.55667883,0.345597,-2.134516,-0.07376198
533,2026-05-11 16:15:00.017951,-0.087992944,0.35782576,0.55667883,0.345597,-2.134516,-0.07376198
534,2026-05-11 16:15:00.020722,-0.087992944,0.35782576,0.55667883,0.345597,-2.134516,-0.07376198
535,2026-05-11 16:15:00.023449,-0.087992944,0.35782576,0.55667883,0.345597,-2.134516,-0.07376198
536,2026-05-11 16:15:00.026099,-0.087992944,0.35782576,0.55667883,0.345597,-2.134516,-0.07376198
537,2026-05-11 16:15:00.028663,-0.087992944,0.35782576,0.55667883,0.345597,-2.134516,-0.07376198
538,2026-05-11 16:15:00.031362,-0.087992944,0.35782576,0.55667883,0.345597,-2.134516,-0.07376198
539,2026-05-11 16:15:00.034279,-0.20702426,0.3009322,0.56527686,0.345597,-2.134516,-0.07376198
540,2026-05-11 16:15:00.037071,-0.20702426,0.3009322,0.56527686,0.345597,-2.134516,-0.07376198
541,2026-05-11 16:15:00.039756,-0.20702426,0.3009322,0.56527686,0.345597,-2.134516,-0.07376198
542,2026-05-11 16:15:00.042381,-0.20702426,0.3009322,0.56527686,0.345597,-2.134516,-0.07376198
543,2026-05-11 16:15:00.044930,-0.20702426,0.3009322,0.56527686,0.345597,-2.134516,-0.07376198
544,2026-05-11 16:15:00.047484,-0.20702426,0.3009322,0.56527686,0.345597,-2.134516,-0.07376198
545,2026-05-11 16:15:00.050380,-0.20702426,0.3009322,0.56527686,0.345597,-2.134516,-0.07376198
546,2026-05-11 16:15:00.053079,-0.20702426,0.3009322,0.56527686,0.345597,-2.134516,-0.07376198
547,2026-05-11 16:15:00.055693,-0.20702426,0.3009322,0.56527686,0.345597,-2.134516,-0.07376198
548,2026-05-11 16:15:00.058246,-0.20702426,0.3009322,0.56527686,0.345597,-2.134516,-0.07376198
549,2026-05-11 16:15:00.060990,-0.20702426,0.3009322,0.56527686,0.345597,-2.134516,-0.07376198
550,2026-05-11 16:15:00.063577,-0.20702426,0.3009322,0.56527686,0.345597,-2.134516,-0.07376198
551,2026-05-11 16:15:00.066680,-0.20702426,0.3009322,0.56527686,0.345597,-2.134516,-0.07376198
552,2026-05-11 16:15:00.069606,-0.20702426,0.3009322,0.56527686,0.345597,-2.134516,-0.07376198
553,2026-05-11 16:15:00.072304,-0.20702426,0.3009322,0.56527686,0.345597,-2.134516,-0.07376198
554,2026-05-11 16:15:00.074904,-0.20702426,0.3009322,0.56527686,0.345597,-2.134516,-0.07376198
555,2026-05-11 16:15:00.077671,-0.20702426,0.3009322,0.56527686,0.345597,-2.134516,-0.07376198
556,2026-05-11 16:15:00.080216,-0.20702426,0.3009322,0.56527686,0.345597,-2.134516,-0.07376198
557,2026-05-11 16:15:00.083623,-0.29599288,0.2587346,0.6275976,0.2695443,-1.5587754,0.25457808
558,2026-05-11 16:15:00.086547,-0.29599288,0.2587346,0.6275976,0.2695443,-1.5587754,0.25457808
559,2026-05-11 16:15:00.089146,-0.29599288,0.2587346,0.6275976,0.2695443,-1.5587754,0.25457808
560,2026-05-11 16:15:00.091720,-0.29599288,0.2587346,0.6275976,0.2695443,-1.5587754,0.25457808
561,2026-05-11 16:15:00.094441,-0.29599288,0.2587346,0.6275976,0.2695443,-1.5587754,0.25457808
562,2026-05-11 16:15:00.096992,-0.29599288,0.2587346,0.6275976,0.2695443,-1.5587754,0.25457808
563,2026-05-11 16:15:00.100144,-0.29599288,0.2587346,0.6275976,0.2695443,-1.5587754,0.25457808
564,2026-05-11 16:15:00.102952,-0.29599288,0.2587346,0.6275976,0.2695443,-1.5587754,0.25457808
565,2026-05-11 16:15:00.105649,-0.29599288,0.2587346,0.6275976,0.2695443,-1.5587754,0.25457808
566,2026-05-11 16:15:00.108447,-0.29599288,0.2587346,0.6275976,0.2695443,-1.5587754,0.25457808
567,2026-05-11 16:15:00.111024,-0.29599288,0.2587346,0.6275976,0.2695443,-1.5587754,0.25457808
568,2026-05-11 16:15:00.113730,-0.29599288,0.2587346,0.6275976,0.2695443,-1.5587754,0.25457808
569,2026-05-11 16:15:00.116696,-0.29599288,0.2587346,0.6275976,0.2695443,-1.5587754,0.25457808
570,2026-05-11 16:15:00.119446,-0.29599288,0.2587346,0.6275976,0.2695443,-1.5587754,0.25457808
571,2026-05-11 16:15:00.122023,-0.29599288,0.2587346,0.6275976,0.2695443,-1.5587754,0.25457808
572,2026-05-11 16:15:00.124599,-0.29599288,0.2587346,0.6275976,0.2695443,-1.5587754,0.25457808
573,2026-05-11 16:15:00.127453,-0.30629835,0.24714857,0.6650388,0.2695443,-1.5587754,0.25457808
574,2026-05-11 16:15:00.130057,-0.30629835,0.24714857,0.6650388,0.2695443,-1.5587754,0.25457808
575,2026-05-11 16:15:00.133185,-0.30629835,0.24714857,0.6650388,0.2695443,-1.5587754,0.25457808
576,2026-05-11 16:15:00.135894,-0.30629835,0.24714857,0.6650388,0.2695443,-1.5587754,0.25457808
577,2026-05-11 16:15:00.138557,-0.30629835,0.24714857,0.6650388,0.2695443,-1.5587754,0.25457808
578,2026-05-11 16:15:00.141301,-0.30629835,0.24714857,0.6650388,0.2695443,-1.5587754,0.25457808
579,2026-05-11 16:15:00.143880,-0.30629835,0.24714857,0.6650388,0.2695443,-1.5587754,0.25457808
580,2026-05-11 16:15:00.146568,-0.30629835,0.24714857,0.6650388,0.2695443,-1.5587754,0.25457808
581,2026-05-11 16:15:00.149579,-0.30629835,0.24714857,0.6650388,0.2695443,-1.5587754,0.25457808
582,2026-05-11 16:15:00.152364,-0.30629835,0.24714857,0.6650388,0.3481932,-0.7244862,0.86101454
583,2026-05-11 16:15:00.155065,-0.30629835,0.24714857,0.6650388,0.3481932,-0.7244862,0.86101454
584,2026-05-11 16:15:00.157738,-0.30629835,0.24714857,0.6650388,0.3481932,-0.7244862,0.86101454
585,2026-05-11 16:15:00.160690,-0.30629835,0.24714857,0.6650388,0.3481932,-0.7244862,0.86101454
586,2026-05-11 16:15:00.163532,-0.20330454,0.21458568,0.6648559,0.55665094,-0.64904433,1.26556
587,2026-05-11 16:15:00.166671,-0.20330454,0.21458568,0.6648559,0.55665094,-0.64904433,1.26556
588,2026-05-11 16:15:00.169527,-0.20330454,0.21458568,0.6648559,0.55665094,-0.64904433,1.26556
589,2026-05-11 16:15:00.172262,-0.20330454,0.21458568,0.6648559,0.55665094,-0.64904433,1.26556
590,2026-05-11 16:15:00.174850,-0.20330454,0.21458568,0.6648559,0.55665094,-0.64904433,1.26556
591,2026-05-11 16:15:00.177551,-0.20330454,0.21458568,0.6648559,0.55665094,-0.64904433,1.26556
592,2026-05-11 16:15:00.180119,-0.20330454,0.21458568,0.6648559,0.55665094,-0.64904433,1.26556
593,2026-05-11 16:15:00.183109,-0.20330454,0.21458568,0.6648559,0.55665094,-0.64904433,1.26556
594,2026-05-11 16:15:00.186038,-0.20330454,0.21458568,0.6648559,0.55665094,-0.64904433,1.26556
595,2026-05-11 16:15:00.188760,-0.20330454,0.21458568,0.6648559,0.55665094,-0.64904433,1.26556
596,2026-05-11 16:15:00.191456,-0.094456725,0.21239044,0.6492452,0.99265605,-1.0112875,1.3611605
597,2026-05-11 16:15:00.194379,-0.094456725,0.21239044,0.6492452,0.99265605,-1.0112875,1.3611605
598,2026-05-11 16:15:00.197024,-0.094456725,0.21239044,0.6492452,0.99265605,-1.0112875,1.3611605
599,2026-05-11 16:15:00.200256,-0.094456725,0.21239044,0.6492452,0.99265605,-1.0112875,1.3611605
600,2026-05-11 16:15:00.202979,-0.094456725,0.21239044,0.6492452,0.99265605,-1.0112875,1.3611605
601,2026-05-11 16:15:00.205581,-0.094456725,0.21239044,0.6492452,0.99265605,-1.0112875,1.3611605
602,2026-05-11 16:15:00.208375,-0.094456725,0.21239044,0.6492452,0.99265605,-1.0112875,1.3611605
603,2026-05-11 16:15:00.211012,-0.094456725,0.21239044,0.6492452,0.99265605,-1.0112875,1.3611605
604,2026-05-11 16:15:00.213768,-0.094456725,0.21239044,0.6492452,0.99265605,-1.0112875,1.3611605
605,2026-05-11 16:15:00.216772,-0.094456725,0.21239044,0.6492452,0.99265605,-1.0112875,1.3611605
606,2026-05-11 16:15:00.219666,-0.094456725,0.21239044,0.6492452,0.99265605,-1.0112875,1.3611605
607,2026-05-11 16:15:00.222342,-0.094456725,0.21239044,0.6492452,1.4263704,-1.5378532,1.280679
608,2026-05-11 16:15:00.224918,-0.094456725,0.21239044,0.6492452,1.4263704,-1.5378532,1.280679
609,2026-05-11 16:15:00.227706,-0.094456725,0.21239044,0.6492452,1.4263704,-1.5378532,1.280679
610,2026-05-11 16:15:00.230287,-0.094456725,0.21239044,0.6492452,1.4263704,-1.5378532,1.280679
611,2026-05-11 16:15:00.233284,-0.094456725,0.21239044,0.6492452,1.4263704,-1.5378532,1.280679
612,2026-05-11 16:15:00.235942,-0.094456725,0.21239044,0.6492452,1.4263704,-1.5378532,1.280679
613,2026-05-11 16:15:00.238482,-0.094456725,0.21239044,0.6492452,1.4263704,-1.5378532,1.280679
614,2026-05-11 16:15:00.240998,-0.094456725,0.21239044,0.6492452,1.4263704,-1.5378532,1.280679
615,2026-05-11 16:15:00.243690,-0.009085896,0.23391607,0.4358791,1.4263704,-1.5378532,1.280679
616,2026-05-11 16:15:00.246346,-0.009085896,0.23391607,0.4358791,1.4263704,-1.5378532,1.280679
617,2026-05-11 16:15:00.249300,-0.009085896,0.23391607,0.4358791,1.4263704,-1.5378532,1.280679
618,2026-05-11 16:15:00.252206,-0.009085896,0.23391607,0.4358791,1.4263704,-1.5378532,1.280679
619,2026-05-11 16:15:00.254857,-0.009085896,0.23391607,0.4358791,1.4263704,-1.5378532,1.280679
620,2026-05-11 16:15:00.257443,-0.009085896,0.23391607,0.4358791,1.4263704,-1.5378532,1.280679
621,2026-05-11 16:15:00.259924,-0.009085896,0.23391607,0.4358791,1.4263704,-1.5378532,1.280679
622,2026-05-11 16:15:00.262613,-0.009085896,0.23391607,0.4358791,1.4263704,-1.5378532,1.280679
623,2026-05-11 16:15:00.265242,-0.009085896,0.23391607,0.4358791,1.4263704,-1.5378532,1.280679
624,2026-05-11 16:15:00.268611,-0.009085896,0.23391607,0.4358791,1.4263704,-1.5378532,1.280679
625,2026-05-11 16:15:00.271434,-0.009085896,0.23391607,0.4358791,1.4263704,-1.5378532,1.280679
626,2026-05-11 16:15:00.274043,-0.009085896,0.23391607,0.4358791,1.4263704,-1.5378532,1.280679
627,2026-05-11 16:15:00.276673,-0.009085896,0.23391607,0.4358791,1.4263704,-1.5378532,1.280679
628,2026-05-11 16:15:00.279466,-0.009085896,0.23391607,0.4358791,1.4263704,-1.5378532,1.280679
629,2026-05-11 16:15:00.282307,-0.009085896,0.23391607,0.4358791,1.4263704,-1.5378532,1.280679
630,2026-05-11 16:15:00.285518,-0.009085896,0.23391607,0.4358791,1.4263704,-1.5378532,1.280679
631,2026-05-11 16:15:00.288151,-0.009085896,0.23391607,0.4358791,1.4263704,-1.5378532,1.280679
632,2026-05-11 16:15:00.290786,-0.009085896,0.23391607,0.4358791,1.4263704,-1.5378532,1.280679
633,2026-05-11 16:15:00.293399,-0.009085896,0.23391607,0.4358791,1.4263704,-1.5378532,1.280679
634,2026-05-11 16:15:00.296251,-0.009085896,0.23391607,0.4358791,1.4263704,-1.5378532,1.280679
635,2026-05-11 16:15:00.299479,0.21269535,0.2037314,0.12756842,1.4263704,-1.5378532,1.280679
636,2026-05-11 16:15:00.302338,0.21269535,0.2037314,0.12756842,1.4263704,-1.5378532,1.280679
637,2026-05-11 16:15:00.305248,0.21269535,0.2037314,0.12756842,1.5106697,-1.8660406,1.2185235
638,2026-05-11 16:15:00.307999,0.21269535,0.2037314,0.12756842,1.5106697,-1.8660406,1.2185235
639,2026-05-11 16:15:00.310651,0.21269535,0.2037314,0.12756842,1.5106697,-1.8660406,1.2185235
640,2026-05-11 16:15:00.313233,0.21269535,0.2037314,0.12756842,1.5106697,-1.8660406,1.2185235
641,2026-05-11 16:15:00.316154,0.21269535,0.2037314,0.12756842,1.5106697,-1.8660406,1.2185235
642,2026-05-11 16:15:00.319189,0.21269535,0.2037314,0.12756842,1.5106697,-1.8660406,1.2185235
643,2026-05-11 16:15:00.321791,0.21269535,0.2037314,0.12756842,1.5106697,-1.8660406,1.2185235
644,2026-05-11 16:15:00.324657,0.1343371,0.22708642,0.022135438,1.5106697,-1.8660406,1.2185235
645,2026-05-11 16:15:00.327321,0.1343371,0.22708642,0.022135438,1.5106697,-1.8660406,1.2185235
646,2026-05-11 16:15:00.330017,0.1343371,0.22708642,0.022135438,1.5106697,-1.8660406,1.2185235
647,2026-05-11 16:15:00.333082,0.1343371,0.22708642,0.022135438,1.5106697,-1.8660406,1.2185235
648,2026-05-11 16:15:00.335976,0.19446257,0.21141478,-0.018537667,1.217149,-2.2116377,0.95814216
649,2026-05-11 16:15:00.338537,0.19446257,0.21141478,-0.018537667,1.217149,-2.2116377,0.95814216
650,2026-05-11 16:15:00.341356,0.19446257,0.21141478,-0.018537667,1.217149,-2.2116377,0.95814216
651,2026-05-11 16:15:00.343945,0.19446257,0.21141478,-0.018537667,1.217149,-2.2116377,0.95814216
652,2026-05-11 16:15:00.346508,0.19446257,0.21141478,-0.018537667,1.217149,-2.2116377,0.95814216
653,2026-05-11 16:15:00.349551,0.19446257,0.21141478,-0.018537667,1.217149,-2.2116377,0.95814216
654,2026-05-11 16:15:00.352450,0.19446257,0.21141478,-0.018537667,1.217149,-2.2116377,0.95814216
655,2026-05-11 16:15:00.355078,0.19446257,0.21141478,-0.018537667,1.217149,-2.2116377,0.95814216
656,2026-05-11 16:15:00.357771,0.19446257,0.21141478,-0.018537667,1.217149,-2.2116377,0.95814216
657,2026-05-11 16:15:00.360350,0.19446257,0.21141478,-0.018537667,1.217149,-2.2116377,0.95814216
658,2026-05-11 16:15:00.362907,0.19446257,0.21141478,-0.018537667,1.217149,-2.2116377,0.95814216
659,2026-05-11 16:15:00.365833,0.19446257,0.21141478,-0.018537667,1.217149,-2.2116377,0.95814216
660,2026-05-11 16:15:00.368655,0.19446257,0.21141478,-0.018537667,1.217149,-2.2116377,0.95814216
661,2026-05-11 16:15:00.371255,0.19446257,0.21141478,-0.018537667,1.217149,-2.2116377,0.95814216
662,2026-05-11 16:15:00.373954,0.19446257,0.21141478,-0.018537667,1.217149,-2.2116377,0.95814216
663,2026-05-11 16:15:00.376559,0.19446257,0.21141478,-0.018537667,1.217149,-2.2116377,0.95814216
664,2026-05-11 16:15:00.379207,0.19446257,0.21141478,-0.018537667,1.217149,-2.2116377,0.95814216
665,2026-05-11 16:15:00.381885,0.19446257,0.21141478,-0.018537667,1.217149,-2.2116377,0.95814216
666,2026-05-11 16:15:00.385280,0.19446257,0.21141478,-0.018537667,1.217149,-2.2116377,0.95814216
667,2026-05-11 16:15:00.388294,0.19446257,0.21141478,-0.018537667,1.217149,-2.2116377,0.95814216
668,2026-05-11 16:15:00.390970,0.19446257,0.21141478,-0.018537667,1.217149,-2.2116377,0.95814216
669,2026-05-11 16:15:00.393540,0.19446257,0.21141478,-0.018537667,1.217149,-2.2116377,0.95814216
670,2026-05-11 16:15:00.396281,0.19446257,0.21141478,-0.018537667,1.217149,-2.2116377,0.95814216
671,2026-05-11 16:15:00.399349,0.19446257,0.21141478,-0.018537667,1.217149,-2.2116377,0.95814216
672,2026-05-11 16:15:00.402348,0.19446257,0.21141478,-0.018537667,1.0294607,-2.5445592,0.88346386
673,2026-05-11 16:15:00.405037,0.19446257,0.21141478,-0.018537667,1.0294607,-2.5445592,0.88346386
674,2026-05-11 16:15:00.413303,0.19446257,0.21141478,-0.018537667,1.0294607,-2.5445592,0.88346386
675,2026-05-11 16:15:00.433433,0.19446257,0.21141478,-0.018537667,1.0294607,-2.5445592,0.88346386
676,2026-05-11 16:15:00.436808,0.19446257,0.21141478,-0.018537667,1.0294607,-2.5445592,0.88346386
677,2026-05-11 16:15:00.445461,0.19446257,0.21141478,-0.018537667,1.0294607,-2.5445592,0.88346386
678,2026-05-11 16:15:00.448581,0.19446257,0.21141478,-0.018537667,1.0294607,-2.5445592,0.88346386
679,2026-05-11 16:15:00.451531,0.19446257,0.21141478,-0.018537667,1.0294607,-2.5445592,0.88346386
680,2026-05-11 16:15:00.454202,0.19446257,0.21141478,-0.018537667,1.0294607,-2.5445592,0.88346386
681,2026-05-11 16:15:00.456777,0.19446257,0.21141478,-0.018537667,1.0294607,-2.5445592,0.88346386
682,2026-05-11 16:15:00.459577,0.19446257,0.21141478,-0.018537667,1.0294607,-2.5445592,0.88346386
683,2026-05-11 16:15:00.462180,0.19446257,0.21141478,-0.018537667,1.0294607,-2.5445592,0.88346386
684,2026-05-11 16:15:00.464768,0.19446257,0.21141478,-0.018537667,1.0294607,-2.5445592,0.88346386
685,2026-05-11 16:15:00.467821,0.19446257,0.21141478,-0.018537667,1.0294607,-2.5445592,0.88346386
686,2026-05-11 16:15:00.470502,0.19446257,0.21141478,-0.018537667,1.0294607,-2.5445592,0.88346386
687,2026-05-11 16:15:00.473078,0.19446257,0.21141478,-0.018537667,1.0294607,-2.5445592,0.88346386
688,2026-05-11 16:15:00.475847,0.19446257,0.21141478,-0.018537667,1.0294607,-2.5445592,0.88346386
689,2026-05-11 16:15:00.478471,0.19446257,0.21141478,-0.018537667,1.0294607,-2.5445592,0.88346386
690,2026-05-11 16:15:00.481060,0.19446257,0.21141478,-0.018537667,1.0294607,-2.5445592,0.88346386
691,2026-05-11 16:15:00.484174,0.19446257,0.21141478,-0.018537667,1.0294607,-2.5445592,0.88346386
692,2026-05-11 16:15:00.486917,0.11122601,0.30843264,-0.11549455,1.0294607,-2.5445592,0.88346386
693,2026-05-11 16:15:00.489793,0.11122601,0.30843264,-0.11549455,1.0294607,-2.5445592,0.88346386
694,2026-05-11 16:15:00.492373,0.11122601,0.30843264,-0.11549455,1.0294607,-2.5445592,0.88346386
695,2026-05-11 16:15:00.494920,0.11122601,0.30843264,-0.11549455,1.0294607,-2.5445592,0.88346386
696,2026-05-11 16:15:00.497635,0.11122601,0.30843264,-0.11549455,1.0294607,-2.5445592,0.88346386
697,2026-05-11 16:15:00.500493,0.11122601,0.30843264,-0.11549455,1.0294607,-2.5445592,0.88346386
698,2026-05-11 16:15:00.503379,0.11122601,0.30843264,-0.11549455,1.0294607,-2.5445592,0.88346386
699,2026-05-11 16:15:00.506024,0.11122601,0.30843264,-0.11549455,1.0294607,-2.5445592,0.88346386
700,2026-05-11 16:15:00.508610,0.11122601,0.30843264,-0.11549455,1.0294607,-2.5445592,0.88346386
701,2026-05-11 16:15:00.511395,0.11122601,0.30843264,-0.11549455,1.0294607,-2.5445592,0.88346386
702,2026-05-11 16:15:00.513954,0.11122601,0.30843264,-0.11549455,1.0294607,-2.5445592,0.88346386
703,2026-05-11 16:15:00.516935,0.11122601,0.30843264,-0.11549455,1.0294607,-2.5445592,0.88346386
704,2026-05-11 16:15:00.519590,0.11122601,0.30843264,-0.11549455,1.0294607,-2.5445592,0.88346386
705,2026-05-11 16:15:00.522370,0.11122601,0.30843264,-0.11549455,1.0294607,-2.5445592,0.88346386
706,2026-05-11 16:15:00.525145,0.11122601,0.30843264,-0.11549455,1.0294607,-2.5445592,0.88346386
707,2026-05-11 16:15:00.527886,0.11122601,0.30843264,-0.11549455,1.0294607,-2.5445592,0.88346386
708,2026-05-11 16:15:00.530560,0.11122601,0.30843264,-0.11549455,1.0294607,-2.5445592,0.88346386
709,2026-05-11 16:15:00.533766,0.11122601,0.30843264,-0.11549455,1.0294607,-2.5445592,0.88346386
710,2026-05-11 16:15:00.536506,0.11122601,0.30843264,-0.11549455,1.0294607,-2.5445592,0.88346386
711,2026-05-11 16:15:00.539094,0.11122601,0.30843264,-0.11549455,1.0294607,-2.5445592,0.88346386
712,2026-05-11 16:15:00.541850,0.11122601,0.30843264,-0.11549455,1.0294607,-2.5445592,0.88346386
713,2026-05-11 16:15:00.544438,0.11122601,0.30843264,-0.11549455,1.0294607,-2.5445592,0.88346386
714,2026-05-11 16:15:00.547220,0.11122601,0.30843264,-0.11549455,0.31764993,-3.4710891,0.7154759
715,2026-05-11 16:15:00.550278,0.11122601,0.30843264,-0.11549455,0.31764993,-3.4710891,0.7154759
716,2026-05-11 16:15:00.553027,0.11122601,0.30843264,-0.11549455,0.31764993,-3.4710891,0.7154759
717,2026-05-11 16:15:00.555777,0.11122601,0.30843264,-0.11549455,0.31764993,-3.4710891,0.7154759
718,2026-05-11 16:15:00.558582,0.11122601,0.30843264,-0.11549455,0.31764993,-3.4710891,0.7154759
719,2026-05-11 16:15:00.561203,0.11122601,0.30843264,-0.11549455,0.31764993,-3.4710891,0.7154759
720,2026-05-11 16:15:00.563964,0.11122601,0.30843264,-0.11549455,0.31764993,-3.4710891,0.7154759
721,2026-05-11 16:15:00.567122,0.11122601,0.30843264,-0.11549455,0.31764993,-3.4710891,0.7154759
722,2026-05-11 16:15:00.569883,0.11122601,0.30843264,-0.11549455,0.31764993,-3.4710891,0.7154759
723,2026-05-11 16:15:00.572608,0.11122601,0.30843264,-0.11549455,0.31764993,-3.4710891,0.7154759
724,2026-05-11 16:15:00.575255,0.11122601,0.30843264,-0.11549455,0.31764993,-3.4710891,0.7154759
725,2026-05-11 16:15:00.577805,0.11122601,0.30843264,-0.11549455,0.31764993,-3.4710891,0.7154759
726,2026-05-11 16:15:00.580548,0.11122601,0.30843264,-0.11549455,0.31764993,-3.4710891,0.7154759
727,2026-05-11 16:15:00.583571,0.11122601,0.30843264,-0.11549455,0.31764993,-3.4710891,0.7154759
728,2026-05-11 16:15:00.586426,0.11122601,0.30843264,-0.11549455,0.31764993,-3.4710891,0.7154759
729,2026-05-11 16:15:00.589063,0.11122601,0.30843264,-0.11549455,0.31764993,-3.4710891,0.7154759
730,2026-05-11 16:15:00.591672,0.11122601,0.30843264,-0.11549455,0.31764993,-3.4710891,0.7154759
731,2026-05-11 16:15:00.594586,0.11122601,0.30843264,-0.11549455,0.31764993,-3.4710891,0.7154759
732,2026-05-11 16:15:00.597426,0.11122601,0.30843264,-0.11549455,0.31764993,-3.4710891,0.7154759
733,2026-05-11 16:15:00.600510,0.11122601,0.30843264,-0.11549455,-0.32910365,-3.9099958,0.70646566
734,2026-05-11 16:15:00.603210,0.11122601,0.30843264,-0.11549455,-0.32910365,-3.9099958,0.70646566
735,2026-05-11 16:15:00.605792,0.11122601,0.30843264,-0.11549455,-0.32910365,-3.9099958,0.70646566
736,2026-05-11 16:15:00.608558,-0.005366167,0.3231896,-0.14366692,-0.32910365,-3.9099958,0.70646566
737,2026-05-11 16:15:00.611249,-0.005366167,0.3231896,-0.14366692,-0.32910365,-3.9099958,0.70646566
738,2026-05-11 16:15:00.613838,-0.005366167,0.3231896,-0.14366692,-0.32910365,-3.9099958,0.70646566
739,2026-05-11 16:15:00.617129,-0.005366167,0.3231896,-0.14366692,-0.32910365,-3.9099958,0.70646566
740,2026-05-11 16:15:00.619882,-0.005366167,0.3231896,-0.14366692,-0.32910365,-3.9099958,0.70646566
741,2026-05-11 16:15:00.622515,-0.005366167,0.3231896,-0.14366692,-0.32910365,-3.9099958,0.70646566
742,2026-05-11 16:15:00.625347,-0.005366167,0.3231896,-0.14366692,-0.9502009,-4.0613375,0.9114109
743,2026-05-11 16:15:00.628100,-0.020245085,0.32270175,-0.03811198,-0.9502009,-4.0613375,0.9114109
744,2026-05-11 16:15:00.630827,-0.020245085,0.32270175,-0.03811198,-0.9502009,-4.0613375,0.9114109
745,2026-05-11 16:15:00.633758,-0.020245085,0.32270175,-0.03811198,-0.9502009,-4.0613375,0.9114109
746,2026-05-11 16:15:00.636523,-0.020245085,0.32270175,-0.03811198,-0.9502009,-4.0613375,0.9114109
747,2026-05-11 16:15:00.639218,-0.020245085,0.32270175,-0.03811198,-0.9502009,-4.0613375,0.9114109
748,2026-05-11 16:15:00.641781,-0.020245085,0.32270175,-0.03811198,-0.9502009,-4.0613375,0.9114109
749,2026-05-11 16:15:00.644553,-0.020245085,0.32270175,-0.03811198,-0.9502009,-4.0613375,0.9114109
750,2026-05-11 16:15:00.647130,-0.020245085,0.32270175,-0.03811198,-0.9502009,-4.0613375,0.9114109
751,2026-05-11 16:15:00.650068,-0.020245085,0.32270175,-0.03811198,-0.9502009,-4.0613375,0.9114109
752,2026-05-11 16:15:00.652834,-0.020245085,0.32270175,-0.03811198,-0.9502009,-4.0613375,0.9114109
753,2026-05-11 16:15:00.655419,-0.020245085,0.32270175,-0.03811198,-0.9502009,-4.0613375,0.9114109
754,2026-05-11 16:15:00.657990,-0.020245085,0.32270175,-0.03811198,-0.9502009,-4.0613375,0.9114109
755,2026-05-11 16:15:00.660725,-0.020245085,0.32270175,-0.03811198,-0.9502009,-4.0613375,0.9114109
756,2026-05-11 16:15:00.663295,-0.020245085,0.32270175,-0.03811198,-0.9502009,-4.0613375,0.9114109
757,2026-05-11 16:15:00.666172,-0.020245085,0.32270175,-0.03811198,-0.9502009,-4.0613375,0.9114109
758,2026-05-11 16:15:00.669155,-0.020245085,0.32270175,-0.03811198,-0.9502009,-4.0613375,0.9114109
759,2026-05-11 16:15:00.671940,-0.020245085,0.32270175,-0.03811198,-0.9502009,-4.0613375,0.9114109
760,2026-05-11 16:15:00.674647,-0.020245085,0.32270175,-0.03811198,-0.9502009,-4.0613375,0.9114109
761,2026-05-11 16:15:00.677231,-0.020245085,0.32270175,-0.03811198,-0.9502009,-4.0613375,0.9114109
762,2026-05-11 16:15:00.679915,-0.020245085,0.32270175,-0.03811198,-0.9502009,-4.0613375,0.9114109
763,2026-05-11 16:15:00.683010,0.16354613,0.3047739,0.4552705,-1.5447255,-3.2264376,1.5377005
764,2026-05-11 16:15:00.685811,0.16354613,0.3047739,0.4552705,-1.5447255,-3.2264376,1.5377005
765,2026-05-11 16:15:00.688503,0.16354613,0.3047739,0.4552705,-1.5447255,-3.2264376,1.5377005
766,2026-05-11 16:15:00.691205,0.16354613,0.3047739,0.4552705,-1.5447255,-3.2264376,1.5377005
767,2026-05-11 16:15:00.693942,0.16354613,0.3047739,0.4552705,-1.5447255,-3.2264376,1.5377005
768,2026-05-11 16:15:00.696690,0.70266294,0.078785084,0.775716,-2.0905335,-1.6948457,1.511128
769,2026-05-11 16:15:00.699925,0.70266294,0.078785084,0.775716,-2.0905335,-1.6948457,1.511128
770,2026-05-11 16:15:00.702726,0.70266294,0.078785084,0.775716,-2.0905335,-1.6948457,1.511128
771,2026-05-11 16:15:00.705339,0.70266294,0.078785084,0.775716,-2.0905335,-1.6948457,1.511128
772,2026-05-11 16:15:00.708113,0.68674743,0.14994776,1.1146992,-2.0905335,-1.6948457,1.511128
773,2026-05-11 16:15:00.710941,0.68674743,0.14994776,1.1146992,-2.0905335,-1.6948457,1.511128
774,2026-05-11 16:15:00.713657,0.68674743,0.14994776,1.1146992,-2.0905335,-1.6948457,1.511128
775,2026-05-11 16:15:00.716735,0.68674743,0.14994776,1.1146992,-2.0905335,-1.6948457,1.511128
776,2026-05-11 16:15:00.719458,0.68674743,0.14994776,1.1146992,-2.0905335,-1.6948457,1.511128
777,2026-05-11 16:15:00.722018,0.68674743,0.14994776,1.1146992,-2.0905335,-1.6948457,1.511128
778,2026-05-11 16:15:00.724648,0.68674743,0.14994776,1.1146992,-2.0905335,-1.6948457,1.511128
779,2026-05-11 16:15:00.727203,0.68674743,0.14994776,1.1146992,-2.0905335,-1.6948457,1.511128
780,2026-05-11 16:15:00.729748,0.68674743,0.14994776,1.1146992,-2.0905335,-1.6948457,1.511128
781,2026-05-11 16:15:00.732745,0.68674743,0.14994776,1.1146992,-2.0905335,-1.6948457,1.511128
782,2026-05-11 16:15:00.735570,0.68674743,0.14994776,1.1146992,-2.0905335,-1.6948457,1.511128
783,2026-05-11 16:15:00.738152,0.68674743,0.14994776,1.1146992,-2.0905335,-1.6948457,1.511128
784,2026-05-11 16:15:00.740754,0.68674743,0.14994776,1.1146992,-2.0905335,-1.6948457,1.511128
785,2026-05-11 16:15:00.743302,0.68674743,0.14994776,1.1146992,-2.0905335,-1.6948457,1.511128
786,2026-05-11 16:15:00.746111,0.68674743,0.14994776,1.1146992,-2.0905335,-1.6948457,1.511128
787,2026-05-11 16:15:00.749552,0.68674743,0.14994776,1.1146992,-1.2565498,-0.66156703,1.2093605
788,2026-05-11 16:15:00.752381,0.68674743,0.14994776,1.1146992,-1.2565498,-0.66156703,1.2093605
789,2026-05-11 16:15:00.754999,0.68674743,0.14994776,1.1146992,-1.2565498,-0.66156703,1.2093605
790,2026-05-11 16:15:00.757679,0.68674743,0.14994776,1.1146992,-1.2565498,-0.66156703,1.2093605
791,2026-05-11 16:15:00.760618,0.5518005,0.19147459,1.2014115,-0.4027129,-0.50625455,1.295798
792,2026-05-11 16:15:00.763294,0.5518005,0.19147459,1.2014115,-0.4027129,-0.50625455,1.295798
793,2026-05-11 16:15:00.766201,0.35245958,0.17787623,1.117809,-0.4027129,-0.50625455,1.295798
794,2026-05-11 16:15:00.769175,0.35245958,0.17787623,1.117809,-0.4027129,-0.50625455,1.295798
795,2026-05-11 16:15:00.771829,0.35245958,0.17787623,1.117809,-0.4027129,-0.50625455,1.295798
796,2026-05-11 16:15:00.774661,0.35245958,0.17787623,1.117809,-0.4027129,-0.50625455,1.295798
797,2026-05-11 16:15:00.777292,0.35245958,0.17787623,1.117809,-0.4027129,-0.50625455,1.295798
798,2026-05-11 16:15:00.780067,0.26330805,0.16659509,0.84139055,0.23777929,-0.7292204,1.617113
799,2026-05-11 16:15:00.783048,0.26330805,0.16659509,0.84139055,0.23777929,-0.7292204,1.617113
800,2026-05-11 16:15:00.785824,0.26330805,0.16659509,0.84139055,0.23777929,-0.7292204,1.617113
801,2026-05-11 16:15:00.788457,0.26330805,0.16659509,0.84139055,0.23777929,-0.7292204,1.617113
802,2026-05-11 16:15:00.791400,0.26330805,0.16659509,0.84139055,0.23777929,-0.7292204,1.617113
803,2026-05-11 16:15:00.794108,0.26330805,0.16659509,0.84139055,0.23777929,-0.7292204,1.617113
804,2026-05-11 16:15:00.796719,0.26330805,0.16659509,0.84139055,0.23777929,-0.7292204,1.617113
805,2026-05-11 16:15:00.799800,0.26330805,0.16659509,0.84139055,0.23777929,-0.7292204,1.617113
806,2026-05-11 16:15:00.802739,0.26330805,0.16659509,0.84139055,0.23777929,-0.7292204,1.617113
807,2026-05-11 16:15:00.805394,0.26330805,0.16659509,0.84139055,0.23777929,-0.7292204,1.617113
808,2026-05-11 16:15:00.808081,0.26330805,0.16659509,0.84139055,0.23777929,-0.7292204,1.617113
809,2026-05-11 16:15:00.810791,0.26330805,0.16659509,0.84139055,0.23777929,-0.7292204,1.617113
810,2026-05-11 16:15:00.813495,0.26330805,0.16659509,0.84139055,0.23777929,-0.7292204,1.617113
811,2026-05-11 16:15:00.817110,0.26330805,0.16659509,0.84139055,0.23777929,-0.7292204,1.617113
812,2026-05-11 16:15:00.819887,0.26330805,0.16659509,0.84139055,0.23777929,-0.7292204,1.617113
813,2026-05-11 16:15:00.822602,0.26330805,0.16659509,0.84139055,0.23777929,-0.7292204,1.617113
814,2026-05-11 16:15:00.825263,0.26330805,0.16659509,0.84139055,0.23777929,-0.7292204,1.617113
815,2026-05-11 16:15:00.827789,0.26330805,0.16659509,0.84139055,0.23777929,-0.7292204,1.617113
816,2026-05-11 16:15:00.830455,0.26330805,0.16659509,0.84139055,0.23777929,-0.7292204,1.617113
817,2026-05-11 16:15:00.833389,0.26330805,0.16659509,0.84139055,0.23777929,-0.7292204,1.617113
818,2026-05-11 16:15:00.836019,0.26330805,0.16659509,0.84139055,0.23777929,-0.7292204,1.617113
819,2026-05-11 16:15:00.838550,0.26330805,0.16659509,0.84139055,0.23777929,-0.7292204,1.617113
820,2026-05-11 16:15:00.841118,0.26330805,0.16659509,0.84139055,0.23777929,-0.7292204,1.617113
821,2026-05-11 16:15:00.843869,0.36313096,0.18653527,0.48252818,0.29871312,-1.0236574,1.7802141
822,2026-05-11 16:15:00.846436,0.36313096,0.18653527,0.48252818,0.29871312,-1.0236574,1.7802141
823,2026-05-11 16:15:00.849588,0.36313096,0.18653527,0.48252818,0.29871312,-1.0236574,1.7802141
824,2026-05-11 16:15:00.852277,0.36313096,0.18653527,0.48252818,0.29871312,-1.0236574,1.7802141
825,2026-05-11 16:15:00.854842,0.36313096,0.18653527,0.48252818,0.29871312,-1.0236574,1.7802141
826,2026-05-11 16:15:00.857575,0.36313096,0.18653527,0.48252818,0.29871312,-1.0236574,1.7802141
827,2026-05-11 16:15:00.860189,0.36313096,0.18653527,0.48252818,0.29871312,-1.0236574,1.7802141
828,2026-05-11 16:15:00.862754,0.36313096,0.18653527,0.48252818,0.29871312,-1.0236574,1.7802141
829,2026-05-11 16:15:00.866019,0.45679495,0.05585692,0.7366893,0.12873985,-1.9497292,2.1207714
830,2026-05-11 16:15:00.868718,0.45679495,0.05585692,0.7366893,0.12873985,-1.9497292,2.1207714
831,2026-05-11 16:15:00.871520,0.45679495,0.05585692,0.7366893,0.12873985,-1.9497292,2.1207714
832,2026-05-11 16:15:00.874166,0.45679495,0.05585692,0.7366893,0.12873985,-1.9497292,2.1207714
833,2026-05-11 16:15:00.876750,0.45679495,0.05585692,0.7366893,0.12873985,-1.9497292,2.1207714
834,2026-05-11 16:15:00.879644,0.45679495,0.05585692,0.7366893,0.12873985,-1.9497292,2.1207714
835,2026-05-11 16:15:00.883098,0.468381,-0.0075004376,0.8310241,1.0398453,-2.6615398,2.4414756
836,2026-05-11 16:15:00.885956,0.468381,-0.0075004376,0.8310241,1.0398453,-2.6615398,2.4414756
837,2026-05-11 16:15:00.888674,0.468381,-0.0075004376,0.8310241,1.0398453,-2.6615398,2.4414756
838,2026-05-11 16:15:00.891446,0.468381,-0.0075004376,0.8310241,1.0398453,-2.6615398,2.4414756
839,2026-05-11 16:15:00.894047,0.468381,-0.0075004376,0.8310241,1.0398453,-2.6615398,2.4414756
840,2026-05-11 16:15:00.896768,0.468381,-0.0075004376,0.8310241,1.0398453,-2.6615398,2.4414756
841,2026-05-11 16:15:00.899750,0.468381,-0.0075004376,0.8310241,1.8605428,-3.1957414,2.6360362
842,2026-05-11 16:15:00.902698,0.45100194,-0.13525179,0.75272685,2.5404358,-3.5934148,2.8151724
843,2026-05-11 16:15:00.905365,0.45100194,-0.13525179,0.75272685,2.5404358,-3.5934148,2.8151724
844,2026-05-11 16:15:00.907955,0.45100194,-0.13525179,0.75272685,2.5404358,-3.5934148,2.8151724
845,2026-05-11 16:15:00.910747,0.45100194,-0.13525179,0.75272685,2.5404358,-3.5934148,2.8151724
846,2026-05-11 16:15:00.913342,0.45100194,-0.13525179,0.75272685,2.5404358,-3.5934148,2.8151724
847,2026-05-11 16:15:00.916214,0.45100194,-0.13525179,0.75272685,2.5404358,-3.5934148,2.8151724
848,2026-05-11 16:15:00.919129,0.45100194,-0.13525179,0.75272685,2.5404358,-3.5934148,2.8151724
849,2026-05-11 16:15:00.921734,0.45100194,-0.13525179,0.75272685,2.5404358,-3.5934148,2.8151724
850,2026-05-11 16:15:00.924338,0.45100194,-0.13525179,0.75272685,2.5404358,-3.5934148,2.8151724
851,2026-05-11 16:15:00.927016,0.45100194,-0.13525179,0.75272685,2.5404358,-3.5934148,2.8151724
852,2026-05-11 16:15:00.929628,0.45100194,-0.13525179,0.75272685,2.5404358,-3.5934148,2.8151724
853,2026-05-11 16:15:00.932763,0.45100194,-0.13525179,0.75272685,2.5404358,-3.5934148,2.8151724
854,2026-05-11 16:15:00.935690,0.45100194,-0.13525179,0.75272685,2.5404358,-3.5934148,2.8151724
855,2026-05-11 16:15:00.938480,0.4136217,-0.25068536,0.48887,2.5404358,-3.5934148,2.8151724
856,2026-05-11 16:15:00.941076,0.4136217,-0.25068536,0.48887,2.5404358,-3.5934148,2.8151724
857,2026-05-11 16:15:00.943761,0.4136217,-0.25068536,0.48887,2.5404358,-3.5934148,2.8151724
858,2026-05-11 16:15:00.946359,0.4136217,-0.25068536,0.48887,2.5404358,-3.5934148,2.8151724
859,2026-05-11 16:15:00.949141,0.4136217,-0.25068536,0.48887,2.5404358,-3.5934148,2.8151724
860,2026-05-11 16:15:00.952239,0.4136217,-0.25068536,0.48887,3.2850807,-3.9532144,3.2276592
861,2026-05-11 16:15:00.955048,0.48325992,-0.386364,0.16549747,3.642895,-4.0903535,4.0695844
862,2026-05-11 16:15:00.957743,0.48325992,-0.386364,0.16549747,3.642895,-4.0903535,4.0695844
863,2026-05-11 16:15:00.960328,0.48325992,-0.386364,0.16549747,3.642895,-4.0903535,4.0695844
864,2026-05-11 16:15:00.963079,0.48325992,-0.386364,0.16549747,3.642895,-4.0903535,4.0695844
865,2026-05-11 16:15:00.966292,0.48325992,-0.386364,0.16549747,3.642895,-4.0903535,4.0695844
866,2026-05-11 16:15:00.969257,0.5302139,-0.39959648,0.12183637,3.695582,-4.195575,4.3247733
867,2026-05-11 16:15:00.972090,0.5302139,-0.39959648,0.12183637,3.695582,-4.195575,4.3247733
868,2026-05-11 16:15:00.974804,0.5302139,-0.39959648,0.12183637,3.695582,-4.195575,4.3247733
869,2026-05-11 16:15:00.977530,0.5302139,-0.39959648,0.12183637,3.695582,-4.195575,4.3247733
870,2026-05-11 16:15:00.980290,0.5302139,-0.39959648,0.12183637,3.695582,-4.195575,4.3247733
871,2026-05-11 16:15:00.983541,0.5302139,-0.39959648,0.12183637,3.695582,-4.195575,4.3247733
872,2026-05-11 16:15:00.986348,0.5302139,-0.39959648,0.12183637,3.695582,-4.195575,4.3247733
873,2026-05-11 16:15:00.988948,0.5302139,-0.39959648,0.12183637,3.695582,-4.195575,4.3247733
874,2026-05-11 16:15:00.991653,0.5302139,-0.39959648,0.12183637,3.8147008,-4.565607,4.717865
875,2026-05-11 16:15:00.994407,0.5302139,-0.39959648,0.12183637,3.8147008,-4.565607,4.717865
876,2026-05-11 16:15:00.997043,0.5302139,-0.39959648,0.12183637,3.8147008,-4.565607,4.717865
877,2026-05-11 16:15:01.000055,0.5302139,-0.39959648,0.12183637,3.8147008,-4.565607,4.717865
878,2026-05-11 16:15:01.002861,0.7754111,-0.4344156,0.005366167,3.8147008,-4.565607,4.717865
879,2026-05-11 16:15:01.005436,0.7754111,-0.4344156,0.005366167,3.8147008,-4.565607,4.717865
880,2026-05-11 16:15:01.008127,0.7754111,-0.4344156,0.005366167,3.8147008,-4.565607,4.717865
881,2026-05-11 16:15:01.010791,0.7754111,-0.4344156,0.005366167,3.8147008,-4.565607,4.717865
882,2026-05-11 16:15:01.013449,0.7754111,-0.4344156,0.005366167,3.8147008,-4.565607,4.717865
883,2026-05-11 16:15:01.016757,0.7754111,-0.4344156,0.005366167,3.8147008,-4.565607,4.717865
884,2026-05-11 16:15:01.019538,0.7754111,-0.4344156,0.005366167,3.8147008,-4.565607,4.717865
885,2026-05-11 16:15:01.022128,0.7754111,-0.4344156,0.005366167,3.8147008,-4.565607,4.717865
886,2026-05-11 16:15:01.024925,0.7754111,-0.4344156,0.005366167,3.8147008,-4.565607,4.717865
887,2026-05-11 16:15:01.027667,0.7754111,-0.4344156,0.005366167,3.8147008,-4.565607,4.717865
888,2026-05-11 16:15:01.030244,0.7754111,-0.4344156,0.005366167,3.8147008,-4.565607,4.717865
889,2026-05-11 16:15:01.033242,0.7754111,-0.4344156,0.005366167,3.8147008,-4.565607,4.717865
890,2026-05-11 16:15:01.036026,0.7754111,-0.4344156,0.005366167,3.8147008,-4.565607,4.717865
891,2026-05-11 16:15:01.038600,0.7754111,-0.4344156,0.005366167,3.8147008,-4.565607,4.717865
892,2026-05-11 16:15:01.041169,0.7754111,-0.4344156,0.005366167,3.8147008,-4.565607,4.717865
893,2026-05-11 16:15:01.043990,0.7754111,-0.4344156,0.005366167,3.8147008,-4.565607,4.717865
894,2026-05-11 16:15:01.046685,0.7754111,-0.4344156,0.005366167,3.8147008,-4.565607,4.717865
895,2026-05-11 16:15:01.049647,0.7754111,-0.4344156,0.005366167,3.8147008,-4.565607,4.717865
896,2026-05-11 16:15:01.052310,0.7754111,-0.4344156,0.005366167,3.8147008,-4.565607,4.717865
897,2026-05-11 16:15:01.055112,0.7754111,-0.4344156,0.005366167,3.8147008,-4.565607,4.717865
898,2026-05-11 16:15:01.057831,0.7754111,-0.4344156,0.005366167,3.8147008,-4.565607,4.717865
899,2026-05-11 16:15:01.060532,0.7754111,-0.4344156,0.005366167,3.8147008,-4.565607,4.717865
900,2026-05-11 16:15:01.063108,0.7754111,-0.4344156,0.005366167,3.8147008,-4.565607,4.717865
901,2026-05-11 16:15:01.066330,0.7754111,-0.4344156,0.005366167,3.8147008,-4.565607,4.717865
902,2026-05-11 16:15:01.069292,0.7754111,-0.4344156,0.005366167,3.8147008,-4.565607,4.717865
903,2026-05-11 16:15:01.072077,0.7754111,-0.4344156,0.005366167,3.8147008,-4.565607,4.717865
904,2026-05-11 16:15:01.074881,1.1568358,-0.42703712,-0.12061679,3.8492146,-4.6964846,4.820338
905,2026-05-11 16:15:01.077544,1.1568358,-0.42703712,-0.12061679,3.8492146,-4.6964846,4.820338
906,2026-05-11 16:15:01.080121,1.1568358,-0.42703712,-0.12061679,3.8492146,-4.6964846,4.820338
907,2026-05-11 16:15:01.083221,1.1568358,-0.42703712,-0.12061679,3.8492146,-4.6964846,4.820338
908,2026-05-11 16:15:01.085981,1.1568358,-0.42703712,-0.12061679,3.7771325,-4.638147,4.825835
909,2026-05-11 16:15:01.088569,1.1568358,-0.42703712,-0.12061679,3.7771325,-4.638147,4.825835
910,2026-05-11 16:15:01.091283,1.1568358,-0.42703712,-0.12061679,3.7771325,-4.638147,4.825835
911,2026-05-11 16:15:01.094186,1.1568358,-0.42703712,-0.12061679,3.7771325,-4.638147,4.825835
912,2026-05-11 16:15:01.096935,1.3280044,-0.3983159,-0.30489585,3.2774448,-4.13907,4.7061057
913,2026-05-11 16:15:01.100271,1.3400172,-0.41758534,-0.43679374,2.4449883,-3.414584,4.618447
914,2026-05-11 16:15:01.103115,1.3400172,-0.41758534,-0.43679374,2.4449883,-3.414584,4.618447
915,2026-05-11 16:15:01.105799,1.3400172,-0.41758534,-0.43679374,2.4449883,-3.414584,4.618447
916,2026-05-11 16:15:01.108410,1.3400172,-0.41758534,-0.43679374,2.4449883,-3.414584,4.618447
917,2026-05-11 16:15:01.111225,1.3400172,-0.41758534,-0.43679374,1.6453656,-2.859613,4.691598
918,2026-05-11 16:15:01.113963,1.3400172,-0.41758534,-0.43679374,1.6453656,-2.859613,4.691598
919,2026-05-11 16:15:01.117047,1.3400172,-0.41758534,-0.43679374,1.6453656,-2.859613,4.691598
920,2026-05-11 16:15:01.119858,1.3400172,-0.41758534,-0.43679374,1.6453656,-2.859613,4.691598
921,2026-05-11 16:15:01.122675,1.373251,-0.40752378,-0.24873403,1.6453656,-2.859613,4.691598
922,2026-05-11 16:15:01.125299,1.373251,-0.40752378,-0.24873403,1.6453656,-2.859613,4.691598
923,2026-05-11 16:15:01.128126,1.373251,-0.40752378,-0.24873403,1.6453656,-2.859613,4.691598
924,2026-05-11 16:15:01.130872,1.373251,-0.40752378,-0.24873403,1.6453656,-2.859613,4.691598
925,2026-05-11 16:15:01.133964,1.373251,-0.40752378,-0.24873403,1.6453656,-2.859613,4.691598
926,2026-05-11 16:15:01.136686,1.373251,-0.40752378,-0.24873403,1.6453656,-2.859613,4.691598
927,2026-05-11 16:15:01.139313,1.373251,-0.40752378,-0.24873403,1.6453656,-2.859613,4.691598
928,2026-05-11 16:15:01.141903,1.373251,-0.40752378,-0.24873403,1.6453656,-2.859613,4.691598
929,2026-05-11 16:15:01.144684,1.373251,-0.40752378,-0.24873403,1.6453656,-2.859613,4.691598
930,2026-05-11 16:15:01.147291,1.373251,-0.40752378,-0.24873403,1.6453656,-2.859613,4.691598
931,2026-05-11 16:15:01.150205,1.373251,-0.40752378,-0.24873403,1.6453656,-2.859613,4.691598
932,2026-05-11 16:15:01.152904,1.373251,-0.40752378,-0.24873403,1.6453656,-2.859613,4.691598
933,2026-05-11 16:15:01.155461,1.373251,-0.40752378,-0.24873403,1.6453656,-2.859613,4.691598
934,2026-05-11 16:15:01.158058,1.373251,-0.40752378,-0.24873403,1.6453656,-2.859613,4.691598
935,2026-05-11 16:15:01.160722,1.373251,-0.40752378,-0.24873403,1.6453656,-2.859613,4.691598
936,2026-05-11 16:15:01.163278,1.373251,-0.40752378,-0.24873403,1.6453656,-2.859613,4.691598
937,2026-05-11 16:15:01.166275,1.373251,-0.40752378,-0.24873403,1.6453656,-2.859613,4.691598
938,2026-05-11 16:15:01.169141,1.373251,-0.40752378,-0.24873403,1.6453656,-2.859613,4.691598
939,2026-05-11 16:15:01.171770,1.373251,-0.40752378,-0.24873403,1.6453656,-2.859613,4.691598
940,2026-05-11 16:15:01.174351,1.373251,-0.40752378,-0.24873403,1.6453656,-2.859613,4.691598
941,2026-05-11 16:15:01.176953,1.373251,-0.40752378,-0.24873403,1.6453656,-2.859613,4.691598
942,2026-05-11 16:15:01.179532,1.373251,-0.40752378,-0.24873403,1.6453656,-2.859613,4.691598
943,2026-05-11 16:15:01.182590,1.373251,-0.40752378,-0.24873403,1.6453656,-2.859613,4.691598
944,2026-05-11 16:15:01.185440,1.373251,-0.40752378,-0.24873403,0.79320854,-2.4237607,4.889365
945,2026-05-11 16:15:01.188318,1.373251,-0.40752378,-0.24873403,0.79320854,-2.4237607,4.889365
946,2026-05-11 16:15:01.190970,1.373251,-0.40752378,-0.24873403,0.79320854,-2.4237607,4.889365
947,2026-05-11 16:15:01.193805,1.373251,-0.40752378,-0.24873403,0.79320854,-2.4237607,4.889365
948,2026-05-11 16:15:01.196397,1.373251,-0.40752378,-0.24873403,0.79320854,-2.4237607,4.889365
949,2026-05-11 16:15:01.199600,1.373251,-0.40752378,-0.24873403,0.35735616,-2.292119,5.0552154
950,2026-05-11 16:15:01.202533,1.373251,-0.40752378,-0.24873403,0.35735616,-2.292119,5.0552154
951,2026-05-11 16:15:01.205219,1.373251,-0.40752378,-0.24873403,0.35735616,-2.292119,5.0552154
952,2026-05-11 16:15:01.207871,1.373251,-0.40752378,-0.24873403,0.35735616,-2.292119,5.0552154
953,2026-05-11 16:15:01.210502,1.373251,-0.40752378,-0.24873403,0.35735616,-2.292119,5.0552154
954,2026-05-11 16:15:01.213076,1.373251,-0.40752378,-0.24873403,0.35735616,-2.292119,5.0552154
955,2026-05-11 16:15:01.216288,1.373251,-0.40752378,-0.24873403,0.35735616,-2.292119,5.0552154
956,2026-05-11 16:15:01.219153,1.373251,-0.40752378,-0.24873403,0.35735616,-2.292119,5.0552154
957,2026-05-11 16:15:01.221730,1.373251,-0.40752378,-0.24873403,0.35735616,-2.292119,5.0552154
958,2026-05-11 16:15:01.224484,1.373251,-0.40752378,-0.24873403,0.35735616,-2.292119,5.0552154
959,2026-05-11 16:15:01.227100,1.373251,-0.40752378,-0.24873403,0.35735616,-2.292119,5.0552154
960,2026-05-11 16:15:01.229905,1.373251,-0.40752378,-0.24873403,0.35735616,-2.292119,5.0552154
961,2026-05-11 16:15:01.232812,1.373251,-0.40752378,-0.24873403,0.35735616,-2.292119,5.0552154
962,2026-05-11 16:15:01.235720,1.4905138,-0.4045358,-0.08226089,0.35735616,-2.292119,5.0552154
963,2026-05-11 16:15:01.238296,1.4905138,-0.4045358,-0.08226089,0.35735616,-2.292119,5.0552154
964,2026-05-11 16:15:01.240872,1.4905138,-0.4045358,-0.08226089,0.35735616,-2.292119,5.0552154
965,2026-05-11 16:15:01.243619,1.4905138,-0.4045358,-0.08226089,0.35735616,-2.292119,5.0552154
966,2026-05-11 16:15:01.246207,1.4905138,-0.4045358,-0.08226089,0.35735616,-2.292119,5.0552154
967,2026-05-11 16:15:01.248871,1.4905138,-0.4045358,-0.08226089,0.35735616,-2.292119,5.0552154
968,2026-05-11 16:15:01.252115,1.4905138,-0.4045358,-0.08226089,0.35735616,-2.292119,5.0552154
969,2026-05-11 16:15:01.254826,1.4905138,-0.4045358,-0.08226089,0.35735616,-2.292119,5.0552154
970,2026-05-11 16:15:01.257658,1.4905138,-0.4045358,-0.08226089,0.35735616,-2.292119,5.0552154
971,2026-05-11 16:15:01.260323,1.4905138,-0.4045358,-0.08226089,0.35735616,-2.292119,5.0552154
972,2026-05-11 16:15:01.263012,1.4905138,-0.4045358,-0.08226089,0.35735616,-2.292119,5.0552154
973,2026-05-11 16:15:01.266196,1.4905138,-0.4045358,-0.08226089,0.35735616,-2.292119,5.0552154
974,2026-05-11 16:15:01.269071,1.4905138,-0.4045358,-0.08226089,0.35735616,-2.292119,5.0552154
975,2026-05-11 16:15:01.271766,1.4905138,-0.4045358,-0.08226089,0.35735616,-2.292119,5.0552154
976,2026-05-11 16:15:01.274552,1.4905138,-0.4045358,-0.08226089,0.35735616,-2.292119,5.0552154
977,2026-05-11 16:15:01.277336,1.4905138,-0.4045358,-0.08226089,0.35735616,-2.292119,5.0552154
978,2026-05-11 16:15:01.279920,1.4905138,-0.4045358,-0.08226089,0.35735616,-2.292119,5.0552154
979,2026-05-11 16:15:01.283064,1.4905138,-0.4045358,-0.08226089,0.35735616,-2.292119,5.0552154
980,2026-05-11 16:15:01.285865,1.4905138,-0.4045358,-0.08226089,0.35735616,-2.292119,5.0552154
981,2026-05-11 16:15:01.288567,1.4905138,-0.4045358,-0.08226089,0.35735616,-2.292119,5.0552154
982,2026-05-11 16:15:01.291273,1.4905138,-0.4045358,-0.08226089,0.35735616,-2.292119,5.0552154
983,2026-05-11 16:15:01.293973,1.6994286,-0.3579477,0.08909056,0.030390546,-2.2489004,5.1100407
984,2026-05-11 16:15:01.296759,1.8055321,-0.26056397,0.18860857,0.030390546,-2.2489004,5.1100407
985,2026-05-11 16:15:01.299909,1.8055321,-0.26056397,0.18860857,0.030390546,-2.2489004,5.1100407
986,2026-05-11 16:15:01.302676,1.8055321,-0.26056397,0.18860857,0.030390546,-2.2489004,5.1100407
987,2026-05-11 16:15:01.305403,1.8055321,-0.26056397,0.18860857,-0.05375614,-2.326633,5.0546045
988,2026-05-11 16:15:01.308055,1.8055321,-0.26056397,0.18860857,-0.05375614,-2.326633,5.0546045
989,2026-05-11 16:15:01.310723,2.0251791,-0.13897152,0.3295924,-0.05375614,-2.326633,5.0546045
990,2026-05-11 16:15:01.313326,2.0251791,-0.13897152,0.3295924,-0.05375614,-2.326633,5.0546045
991,2026-05-11 16:15:01.316310,2.0251791,-0.13897152,0.3295924,-0.05375614,-2.326633,5.0546045
992,2026-05-11 16:15:01.319262,2.0251791,-0.13897152,0.3295924,-0.05375614,-2.326633,5.0546045
993,2026-05-11 16:15:01.321841,2.0251791,-0.13897152,0.3295924,-0.05375614,-2.326633,5.0546045
994,2026-05-11 16:15:01.324683,2.0251791,-0.13897152,0.3295924,-0.05375614,-2.326633,5.0546045
995,2026-05-11 16:15:01.327477,2.0036535,-0.23867247,0.38618106,-0.01282817,-2.2319489,4.5594983
996,2026-05-11 16:15:01.330130,2.0036535,-0.23867247,0.38618106,-0.01282817,-2.2319489,4.5594983
997,2026-05-11 16:15:01.333237,2.0036535,-0.23867247,0.38618106,-0.01282817,-2.2319489,4.5594983
998,2026-05-11 16:15:01.336092,2.0036535,-0.23867247,0.38618106,-0.01282817,-2.2319489,4.5594983
999,2026-05-11 16:15:01.338718,2.0036535,-0.23867247,0.38618106,-0.01282817,-2.2319489,4.5594983
1000,2026-05-11 16:15:01.341504,2.0036535,-0.23867247,0.38618106,-0.01282817,-2.2319489,4.5594983
1001,2026-05-11 16:15:01.344408,2.0734136,-0.044453815,0.36166742,-0.09040806,-1.821142,4.4452662
1002,2026-05-11 16:15:01.347128,2.0734136,-0.044453815,0.36166742,-0.09040806,-1.821142,4.4452662
1003,2026-05-11 16:15:01.350442,2.244826,0.07927292,0.47466183,-0.14370605,-1.5604553,4.120744
1004,2026-05-11 16:15:01.353254,2.244826,0.07927292,0.47466183,-0.14370605,-1.5604553,4.120744
1005,2026-05-11 16:15:01.355922,2.1525645,-0.00085370836,0.52082306,-0.0759,-1.4842498,3.9564214
1006,2026-05-11 16:15:01.358761,2.1525645,-0.00085370836,0.52082306,-0.0759,-1.4842498,3.9564214
1007,2026-05-11 16:15:01.361390,2.1525645,-0.00085370836,0.52082306,-0.0759,-1.4842498,3.9564214
1008,2026-05-11 16:15:01.364087,2.1525645,-0.00085370836,0.52082306,-0.0759,-1.4842498,3.9564214
1009,2026-05-11 16:15:01.367262,2.1525645,-0.00085370836,0.52082306,0.1777618,-1.4294246,3.6939023
1010,2026-05-11 16:15:01.370074,2.1525645,-0.00085370836,0.52082306,0.1777618,-1.4294246,3.6939023
1011,2026-05-11 16:15:01.372726,2.1525645,-0.00085370836,0.52082306,0.1777618,-1.4294246,3.6939023
1012,2026-05-11 16:15:01.375243,2.1525645,-0.00085370836,0.52082306,0.1777618,-1.4294246,3.6939023
1013,2026-05-11 16:15:01.377820,2.1525645,-0.00085370836,0.52082306,0.1777618,-1.4294246,3.6939023
1014,2026-05-11 16:15:01.380412,2.1525645,-0.00085370836,0.52082306,0.1777618,-1.4294246,3.6939023
1015,2026-05-11 16:15:01.383309,2.1525645,-0.00085370836,0.52082306,0.1777618,-1.4294246,3.6939023
1016,2026-05-11 16:15:01.386028,2.1525645,-0.00085370836,0.52082306,0.1777618,-1.4294246,3.6939023
1017,2026-05-11 16:15:01.388645,2.1003664,0.07762648,0.47697908,0.1777618,-1.4294246,3.6939023
1018,2026-05-11 16:15:01.391361,2.1003664,0.07762648,0.47697908,0.1777618,-1.4294246,3.6939023
1019,2026-05-11 16:15:01.394002,2.1003664,0.07762648,0.47697908,0.1777618,-1.4294246,3.6939023
1020,2026-05-11 16:15:01.396503,2.1003664,0.07762648,0.47697908,0.1777618,-1.4294246,3.6939023
1021,2026-05-11 16:15:01.399529,2.1003664,0.07762648,0.47697908,0.1777618,-1.4294246,3.6939023
1022,2026-05-11 16:15:01.402321,2.0617058,0.17488825,0.5228354,0.32528573,-1.5129606,3.4289393
1023,2026-05-11 16:15:01.404853,2.0617058,0.17488825,0.5228354,0.32528573,-1.5129606,3.4289393
1024,2026-05-11 16:15:01.407385,2.0617058,0.17488825,0.5228354,0.32528573,-1.5129606,3.4289393
1025,2026-05-11 16:15:01.409930,2.0617058,0.17488825,0.5228354,0.32528573,-1.5129606,3.4289393
1026,2026-05-11 16:15:01.412605,2.0617058,0.17488825,0.5228354,0.32528573,-1.5129606,3.4289393
1027,2026-05-11 16:15:01.415687,2.0617058,0.17488825,0.5228354,0.32528573,-1.5129606,3.4289393
1028,2026-05-11 16:15:01.418451,2.057315,0.05744238,0.5429585,0.46883908,-1.5146403,3.1355712
1029,2026-05-11 16:15:01.421098,2.057315,0.05744238,0.5429585,0.46883908,-1.5146403,3.1355712
1030,2026-05-11 16:15:01.423661,2.057315,0.05744238,0.5429585,0.46883908,-1.5146403,3.1355712
1031,2026-05-11 16:15:01.426298,2.057315,0.05744238,0.5429585,0.46883908,-1.5146403,3.1355712
1032,2026-05-11 16:15:01.428797,2.057315,0.05744238,0.5429585,0.46883908,-1.5146403,3.1355712
1033,2026-05-11 16:15:01.431469,2.057315,0.05744238,0.5429585,0.46883908,-1.5146403,3.1355712
1034,2026-05-11 16:15:01.434546,2.057315,0.05744238,0.5429585,0.46883908,-1.5146403,3.1355712
1035,2026-05-11 16:15:01.437276,2.057315,0.05744238,0.5429585,0.46883908,-1.5146403,3.1355712
1036,2026-05-11 16:15:01.439874,2.057315,0.05744238,0.5429585,0.46883908,-1.5146403,3.1355712
1037,2026-05-11 16:15:01.442519,2.057315,0.05744238,0.5429585,0.46883908,-1.5146403,3.1355712
1038,2026-05-11 16:15:01.445273,2.1615896,0.18714507,0.5822291,0.5119051,-1.326952,2.7391198
1039,2026-05-11 16:15:01.447855,2.1615896,0.18714507,0.5822291,0.5119051,-1.326952,2.7391198
1040,2026-05-11 16:15:01.450987,2.1615896,0.18714507,0.5822291,0.5119051,-1.326952,2.7391198
1041,2026-05-11 16:15:01.453671,2.1615896,0.18714507,0.5822291,0.5119051,-1.326952,2.7391198
1042,2026-05-11 16:15:01.456266,2.1615896,0.18714507,0.5822291,0.5119051,-1.326952,2.7391198
1043,2026-05-11 16:15:01.458869,2.1615896,0.18714507,0.5822291,0.5119051,-1.326952,2.7391198
1044,2026-05-11 16:15:01.461433,2.1615896,0.18714507,0.5822291,0.5119051,-1.326952,2.7391198
1045,2026-05-11 16:15:01.464204,2.1615896,0.18714507,0.5822291,0.5119051,-1.326952,2.7391198
1046,2026-05-11 16:15:01.467249,2.1615896,0.18714507,0.5822291,0.5119051,-1.326952,2.7391198
1047,2026-05-11 16:15:01.470187,2.1615896,0.18714507,0.5822291,0.5119051,-1.326952,2.7391198
1048,2026-05-11 16:15:01.472872,2.1615896,0.18714507,0.5822291,0.5119051,-1.326952,2.7391198
1049,2026-05-11 16:15:01.475489,2.1434786,0.2403189,0.59149796,0.5119051,-1.326952,2.7391198
1050,2026-05-11 16:15:01.478339,2.1434786,0.2403189,0.59149796,0.5119051,-1.326952,2.7391198
1051,2026-05-11 16:15:01.480939,2.1434786,0.2403189,0.59149796,0.5119051,-1.326952,2.7391198
1052,2026-05-11 16:15:01.484124,2.1434786,0.2403189,0.59149796,0.5119051,-1.326952,2.7391198
1053,2026-05-11 16:15:01.486859,2.1434786,0.2403189,0.59149796,0.5119051,-1.326952,2.7391198
1054,2026-05-11 16:15:01.489465,2.1434786,0.2403189,0.59149796,0.5119051,-1.326952,2.7391198
1055,2026-05-11 16:15:01.492295,2.1434786,0.2403189,0.59149796,0.5119051,-1.326952,2.7391198
1056,2026-05-11 16:15:01.494900,2.1434786,0.2403189,0.59149796,0.5119051,-1.326952,2.7391198
1057,2026-05-11 16:15:01.497524,2.1434786,0.2403189,0.59149796,0.5119051,-1.326952,2.7391198
1058,2026-05-11 16:15:01.500515,2.1434786,0.2403189,0.59149796,0.5119051,-1.326952,2.7391198
1059,2026-05-11 16:15:01.503329,2.1434786,0.2403189,0.59149796,0.5119051,-1.326952,2.7391198
1060,2026-05-11 16:15:01.506010,2.1434786,0.2403189,0.59149796,0.5235115,-1.1276573,2.474768
1061,2026-05-11 16:15:01.508844,2.0845118,0.31971377,0.5515566,0.5001459,-0.6093381,1.9475911
1062,2026-05-11 16:15:01.511576,2.0845118,0.31971377,0.5515566,0.5001459,-0.6093381,1.9475911
1063,2026-05-11 16:15:01.514227,2.0845118,0.31971377,0.5515566,0.5001459,-0.6093381,1.9475911
1064,2026-05-11 16:15:01.517293,2.022557,0.4167926,0.5038709,0.4700608,-0.27779096,1.6577356
1065,2026-05-11 16:15:01.520144,2.1200018,0.5938761,0.5438122,0.46379945,-0.107359566,1.4408784
1066,2026-05-11 16:15:01.522890,2.1200018,0.5938761,0.5438122,0.5448918,0.021227567,1.0548116
1067,2026-05-11 16:15:01.525655,2.2023847,0.6324759,0.5514346,0.5448918,0.021227567,1.0548116
1068,2026-05-11 16:15:01.528395,2.2023847,0.6324759,0.5514346,0.5448918,0.021227567,1.0548116
1069,2026-05-11 16:15:01.530983,2.2023847,0.6324759,0.5514346,0.5448918,0.021227567,1.0548116
1070,2026-05-11 16:15:01.533937,2.2023847,0.6324759,0.5514346,0.5448918,0.021227567,1.0548116
1071,2026-05-11 16:15:01.536582,2.2023847,0.6324759,0.5514346,0.5448918,0.021227567,1.0548116
1072,2026-05-11 16:15:01.539132,2.2023847,0.6324759,0.5514346,0.5448918,0.021227567,1.0548116
1073,2026-05-11 16:15:01.541918,2.2023847,0.6324759,0.5514346,0.5448918,0.021227567,1.0548116
1074,2026-05-11 16:15:01.544666,2.2023847,0.6324759,0.5514346,0.6383542,0.07498371,0.7302894
1075,2026-05-11 16:15:01.547364,2.2023847,0.6324759,0.5514346,0.6383542,0.07498371,0.7302894
1076,2026-05-11 16:15:01.550389,2.2023847,0.6324759,0.5514346,0.6383542,0.07498371,0.7302894
1077,2026-05-11 16:15:01.553111,2.2023847,0.6324759,0.5514346,0.6383542,0.07498371,0.7302894
1078,2026-05-11 16:15:01.555664,2.2023847,0.6324759,0.5514346,0.6383542,0.07498371,0.7302894
1079,2026-05-11 16:15:01.558214,2.2023847,0.6324759,0.5514346,0.6383542,0.07498371,0.7302894
1080,2026-05-11 16:15:01.560994,2.2023847,0.6324759,0.5514346,0.6383542,0.07498371,0.7302894
1081,2026-05-11 16:15:01.563558,2.2023847,0.6324759,0.5514346,0.6383542,0.07498371,0.7302894
1082,2026-05-11 16:15:01.566637,2.2023847,0.6324759,0.5514346,0.6383542,0.07498371,0.7302894
1083,2026-05-11 16:15:01.569427,2.2023847,0.6324759,0.5514346,0.6383542,0.07498371,0.7302894
1084,2026-05-11 16:15:01.572047,2.2023847,0.6324759,0.5514346,0.6383542,0.07498371,0.7302894
1085,2026-05-11 16:15:01.574745,2.2023847,0.6324759,0.5514346,0.6383542,0.07498371,0.7302894
1086,2026-05-11 16:15:01.577501,2.2023847,0.6324759,0.5514346,0.6383542,0.07498371,0.7302894
1087,2026-05-11 16:15:01.580103,2.2023847,0.6324759,0.5514346,0.6383542,0.07498371,0.7302894
1088,2026-05-11 16:15:01.583085,2.2023847,0.6324759,0.5514346,0.6383542,0.07498371,0.7302894
1089,2026-05-11 16:15:01.585812,2.2023847,0.6324759,0.5514346,0.6383542,0.07498371,0.7302894
1090,2026-05-11 16:15:01.588586,2.2023847,0.6324759,0.5514346,0.6383542,0.07498371,0.7302894
1091,2026-05-11 16:15:01.591321,2.2023847,0.6324759,0.5514346,0.6383542,0.07498371,0.7302894
1092,2026-05-11 16:15:01.600447,2.2023847,0.6324759,0.5514346,0.6383542,0.07498371,0.7302894
1093,2026-05-11 16:15:01.617156,2.2023847,0.6324759,0.5514346,0.6383542,0.07498371,0.7302894
1094,2026-05-11 16:15:01.621763,2.2023847,0.6324759,0.5514346,0.6383542,0.07498371,0.7302894
1095,2026-05-11 16:15:01.628102,2.2516556,0.717054,0.54844666,0.9083566,0.10262536,-0.06383542
1096,2026-05-11 16:15:01.633703,2.2516556,0.717054,0.54844666,0.9083566,0.10262536,-0.06383542
1097,2026-05-11 16:15:01.637053,2.2516556,0.717054,0.54844666,0.9083566,0.10262536,-0.06383542
1098,2026-05-11 16:15:01.640008,2.2516556,0.717054,0.54844666,0.9083566,0.10262536,-0.06383542
1099,2026-05-11 16:15:01.642630,2.2516556,0.717054,0.54844666,0.9083566,0.10262536,-0.06383542
1100,2026-05-11 16:15:01.645187,2.2516556,0.717054,0.54844666,0.9083566,0.10262536,-0.06383542
1101,2026-05-11 16:15:01.647919,2.2516556,0.717054,0.54844666,0.9083566,0.10262536,-0.06383542
1102,2026-05-11 16:15:01.650842,2.2516556,0.717054,0.54844666,0.9083566,0.10262536,-0.06383542
1103,2026-05-11 16:15:01.654339,2.2516556,0.717054,0.54844666,0.9083566,0.10262536,-0.06383542
1104,2026-05-11 16:15:01.657065,2.2516556,0.717054,0.54844666,0.9083566,0.10262536,-0.06383542
1105,2026-05-11 16:15:01.659878,2.2516556,0.717054,0.54844666,0.9083566,0.10262536,-0.06383542
1106,2026-05-11 16:15:01.662463,2.2516556,0.717054,0.54844666,0.9083566,0.10262536,-0.06383542
1107,2026-05-11 16:15:01.665256,2.2516556,0.717054,0.54844666,0.9083566,0.10262536,-0.06383542
1108,2026-05-11 16:15:01.668299,2.2516556,0.717054,0.54844666,0.9083566,0.10262536,-0.06383542
1109,2026-05-11 16:15:01.671190,2.2516556,0.717054,0.54844666,1.1754575,0.037110064,-0.8014552
1110,2026-05-11 16:15:01.673880,2.2516556,0.717054,0.54844666,1.1754575,0.037110064,-0.8014552
1111,2026-05-11 16:15:01.676779,2.2516556,0.717054,0.54844666,1.1754575,0.037110064,-0.8014552
1112,2026-05-11 16:15:01.679613,2.2516556,0.717054,0.54844666,1.1754575,0.037110064,-0.8014552
1113,2026-05-11 16:15:01.682758,2.2516556,0.717054,0.54844666,1.1754575,0.037110064,-0.8014552
1114,2026-05-11 16:15:01.685637,2.188847,0.7263228,0.49027252,1.1754575,0.037110064,-0.8014552
1115,2026-05-11 16:15:01.688302,2.188847,0.7263228,0.49027252,1.1754575,0.037110064,-0.8014552
1116,2026-05-11 16:15:01.690877,2.188847,0.7263228,0.49027252,1.1754575,0.037110064,-0.8014552
1117,2026-05-11 16:15:01.693765,2.188847,0.7263228,0.49027252,1.1754575,0.037110064,-0.8014552
1118,2026-05-11 16:15:01.696395,2.188847,0.7263228,0.49027252,1.1754575,0.037110064,-0.8014552
1119,2026-05-11 16:15:01.699383,2.188847,0.7263228,0.49027252,1.1754575,0.037110064,-0.8014552
1120,2026-05-11 16:15:01.702107,2.188847,0.7263228,0.49027252,1.1754575,0.037110064,-0.8014552
1121,2026-05-11 16:15:01.704711,2.188847,0.7263228,0.49027252,1.1754575,0.037110064,-0.8014552
1122,2026-05-11 16:15:01.707299,2.188847,0.7263228,0.49027252,1.1754575,0.037110064,-0.8014552
1123,2026-05-11 16:15:01.709956,2.188847,0.7263228,0.49027252,1.1754575,0.037110064,-0.8014552
1124,2026-05-11 16:15:01.712511,2.188847,0.7263228,0.49027252,1.1754575,0.037110064,-0.8014552
1125,2026-05-11 16:15:01.715355,2.188847,0.7263228,0.49027252,1.1754575,0.037110064,-0.8014552
1126,2026-05-11 16:15:01.718379,2.188847,0.7263228,0.49027252,1.1754575,0.037110064,-0.8014552
1127,2026-05-11 16:15:01.721040,2.188847,0.7263228,0.49027252,1.1754575,0.037110064,-0.8014552
1128,2026-05-11 16:15:01.723711,2.188847,0.7263228,0.49027252,1.1754575,0.037110064,-0.8014552
1129,2026-05-11 16:15:01.726333,2.188847,0.7263228,0.49027252,1.1754575,0.037110064,-0.8014552
1130,2026-05-11 16:15:01.729243,2.0836582,0.65461135,0.41325584,1.3437508,-0.0143553335,-1.3249667
1131,2026-05-11 16:15:01.732234,1.8376073,0.46484417,0.3031884,1.481501,-0.022143865,-1.9872974
1132,2026-05-11 16:15:01.735710,1.8376073,0.46484417,0.3031884,1.481501,-0.022143865,-1.9872974
1133,2026-05-11 16:15:01.738519,1.8376073,0.46484417,0.3031884,1.481501,-0.022143865,-1.9872974
1134,2026-05-11 16:15:01.741171,1.8376073,0.46484417,0.3031884,1.481501,-0.022143865,-1.9872974
1135,2026-05-11 16:15:01.743764,1.8376073,0.46484417,0.3031884,1.481501,-0.022143865,-1.9872974
1136,2026-05-11 16:15:01.746507,1.8376073,0.46484417,0.3031884,1.481501,-0.022143865,-1.9872974
1137,2026-05-11 16:15:01.749675,1.8376073,0.46484417,0.3031884,1.481501,-0.022143865,-1.9872974
1138,2026-05-11 16:15:01.752518,1.8376073,0.46484417,0.3031884,1.481501,-0.022143865,-1.9872974
1139,2026-05-11 16:15:01.755263,1.8376073,0.46484417,0.3031884,1.5219707,-0.11591168,-2.1568124
1140,2026-05-11 16:15:01.758085,1.8376073,0.46484417,0.3031884,1.5219707,-0.11591168,-2.1568124
1141,2026-05-11 16:15:01.760954,2.0415215,0.28196767,0.34928867,1.6420058,-0.34376442,-2.326633
1142,2026-05-11 16:15:01.763636,2.0415215,0.28196767,0.34928867,1.6420058,-0.34376442,-2.326633
1143,2026-05-11 16:15:01.766987,2.0415215,0.28196767,0.34928867,1.6420058,-0.34376442,-2.326633
1144,2026-05-11 16:15:01.769782,2.0415215,0.28196767,0.34928867,1.6420058,-0.34376442,-2.326633
1145,2026-05-11 16:15:01.772387,2.0415215,0.28196767,0.34928867,1.6420058,-0.34376442,-2.326633
1146,2026-05-11 16:15:01.775137,2.0415215,0.28196767,0.34928867,1.6420058,-0.34376442,-2.326633
1147,2026-05-11 16:15:01.777719,2.0415215,0.28196767,0.34928867,1.6420058,-0.34376442,-2.326633
1148,2026-05-11 16:15:01.780597,2.0415215,0.28196767,0.34928867,1.8005253,-0.551764,-2.5622742
1149,2026-05-11 16:15:01.783866,2.3885539,0.13866661,0.354167,1.8005253,-0.551764,-2.5622742
1150,2026-05-11 16:15:01.786653,2.3885539,0.13866661,0.354167,1.8005253,-0.551764,-2.5622742
1151,2026-05-11 16:15:01.789233,2.3885539,0.13866661,0.354167,1.8005253,-0.551764,-2.5622742
1152,2026-05-11 16:15:01.792097,2.3885539,0.13866661,0.354167,1.8005253,-0.551764,-2.5622742
1153,2026-05-11 16:15:01.794776,2.3885539,0.13866661,0.354167,1.8005253,-0.551764,-2.5622742
1154,2026-05-11 16:15:01.797460,2.3885539,0.13866661,0.354167,2.0015,-0.7696902,-2.96178
1155,2026-05-11 16:15:01.800602,2.3885539,0.13866661,0.354167,2.0015,-0.7696902,-2.96178
1156,2026-05-11 16:15:01.803367,2.3885539,0.13866661,0.354167,2.0015,-0.7696902,-2.96178
1157,2026-05-11 16:15:01.806061,2.3885539,0.13866661,0.354167,2.0015,-0.7696902,-2.96178
1158,2026-05-11 16:15:01.808802,2.3885539,0.13866661,0.354167,2.0015,-0.7696902,-2.96178
1159,2026-05-11 16:15:01.811414,2.3885539,0.13866661,0.354167,2.0015,-0.7696902,-2.96178
1160,2026-05-11 16:15:01.814076,2.3885539,0.13866661,0.354167,2.0015,-0.7696902,-2.96178
1161,2026-05-11 16:15:01.817335,2.3885539,0.13866661,0.354167,2.0015,-0.7696902,-2.96178
1162,2026-05-11 16:15:01.820127,2.3885539,0.13866661,0.354167,2.0015,-0.7696902,-2.96178
1163,2026-05-11 16:15:01.822800,2.3885539,0.13866661,0.354167,2.0015,-0.7696902,-2.96178
1164,2026-05-11 16:15:01.825464,2.3885539,0.13866661,0.354167,2.0015,-0.7696902,-2.96178
1165,2026-05-11 16:15:01.828077,2.4134946,0.10262794,0.34197116,2.0015,-0.7696902,-2.96178
1166,2026-05-11 16:15:01.830856,2.4134946,0.10262794,0.34197116,2.0015,-0.7696902,-2.96178
1167,2026-05-11 16:15:01.833988,2.4134946,0.10262794,0.34197116,2.0015,-0.7696902,-2.96178
1168,2026-05-11 16:15:01.836820,2.4134946,0.10262794,0.34197116,2.0015,-0.7696902,-2.96178
1169,2026-05-11 16:15:01.839448,2.4134946,0.10262794,0.34197116,2.0015,-0.7696902,-2.96178
1170,2026-05-11 16:15:01.842364,2.4134946,0.10262794,0.34197116,2.0015,-0.7696902,-2.96178
1171,2026-05-11 16:15:01.845105,2.4134946,0.10262794,0.34197116,2.0015,-0.7696902,-2.96178
1172,2026-05-11 16:15:01.847851,2.4134946,0.10262794,0.34197116,2.0796907,-0.86452705,-3.2010865
1173,2026-05-11 16:15:01.850749,2.4134946,0.10262794,0.34197116,2.0796907,-0.86452705,-3.2010865
1174,2026-05-11 16:15:01.853548,2.4134946,0.10262794,0.34197116,2.0796907,-0.86452705,-3.2010865
1175,2026-05-11 16:15:01.856243,2.4134946,0.10262794,0.34197116,2.0796907,-0.86452705,-3.2010865
1176,2026-05-11 16:15:01.858985,2.4134946,0.10262794,0.34197116,2.0796907,-0.86452705,-3.2010865
1177,2026-05-11 16:15:01.861753,2.4134946,0.10262794,0.34197116,2.0900755,-0.8323039,-3.712381
1178,2026-05-11 16:15:01.864420,2.4134946,0.10262794,0.34197116,2.0900755,-0.8323039,-3.712381
1179,2026-05-11 16:15:01.867392,2.4134946,0.10262794,0.34197116,2.0900755,-0.8323039,-3.712381
1180,2026-05-11 16:15:01.870208,2.4134946,0.10262794,0.34197116,2.0900755,-0.8323039,-3.712381
1181,2026-05-11 16:15:01.872816,2.4134946,0.10262794,0.34197116,2.0900755,-0.8323039,-3.712381
1182,2026-05-11 16:15:01.875658,2.4134946,0.10262794,0.34197116,2.0900755,-0.8323039,-3.712381
1183,2026-05-11 16:15:01.878240,2.4134946,0.10262794,0.34197116,2.0900755,-0.8323039,-3.712381
1184,2026-05-11 16:15:01.881035,2.4134946,0.10262794,0.34197116,2.0900755,-0.8323039,-3.712381
1185,2026-05-11 16:15:01.884090,2.4134946,0.10262794,0.34197116,2.0900755,-0.8323039,-3.712381
1186,2026-05-11 16:15:01.886851,2.4134946,0.10262794,0.34197116,2.0900755,-0.8323039,-3.712381
1187,2026-05-11 16:15:01.889437,2.4134946,0.10262794,0.34197116,2.0900755,-0.8323039,-3.712381
1188,2026-05-11 16:15:01.892142,2.4594119,0.0001829375,0.33361703,2.0900755,-0.8323039,-3.712381
1189,2026-05-11 16:15:01.894759,2.4594119,0.0001829375,0.33361703,2.0900755,-0.8323039,-3.712381
1190,2026-05-11 16:15:01.897514,2.4594119,0.0001829375,0.33361703,2.0900755,-0.8323039,-3.712381
1191,2026-05-11 16:15:01.900541,2.4594119,0.0001829375,0.33361703,2.0900755,-0.8323039,-3.712381
1192,2026-05-11 16:15:01.903303,2.4594119,0.0001829375,0.33361703,2.0900755,-0.8323039,-3.712381
1193,2026-05-11 16:15:01.905870,2.4594119,0.0001829375,0.33361703,2.0900755,-0.8323039,-3.712381
1194,2026-05-11 16:15:01.908600,2.4594119,0.0001829375,0.33361703,2.0900755,-0.8323039,-3.712381
1195,2026-05-11 16:15:01.911218,2.4594119,0.0001829375,0.33361703,2.0900755,-0.8323039,-3.712381
1196,2026-05-11 16:15:01.913794,2.4594119,0.0001829375,0.33361703,2.0900755,-0.8323039,-3.712381
1197,2026-05-11 16:15:01.916921,2.450143,-0.10799411,0.35813063,2.044108,-0.5757405,-4.0908117
1198,2026-05-11 16:15:01.919602,2.450143,-0.10799411,0.35813063,2.044108,-0.5757405,-4.0908117
1199,2026-05-11 16:15:01.922253,2.450143,-0.10799411,0.35813063,2.044108,-0.5757405,-4.0908117
1200,2026-05-11 16:15:01.924905,2.450143,-0.10799411,0.35813063,2.044108,-0.5757405,-4.0908117
1201,2026-05-11 16:15:01.927486,2.450143,-0.10799411,0.35813063,2.044108,-0.5757405,-4.0908117
1202,2026-05-11 16:15:01.930337,2.450143,-0.10799411,0.35813063,2.044108,-0.5757405,-4.0908117
1203,2026-05-11 16:15:01.933325,2.450143,-0.10799411,0.35813063,2.044108,-0.5757405,-4.0908117
1204,2026-05-11 16:15:01.936041,2.450143,-0.10799411,0.35813063,2.044108,-0.5757405,-4.0908117
1205,2026-05-11 16:15:01.938592,2.450143,-0.10799411,0.35813063,2.044108,-0.5757405,-4.0908117
1206,2026-05-11 16:15:01.941171,2.450143,-0.10799411,0.35813063,2.044108,-0.5757405,-4.0908117
1207,2026-05-11 16:15:01.943919,2.450143,-0.10799411,0.35813063,2.044108,-0.5757405,-4.0908117
1208,2026-05-11 16:15:01.946509,2.450143,-0.10799411,0.35813063,2.044108,-0.5757405,-4.0908117
1209,2026-05-11 16:15:01.949356,2.450143,-0.10799411,0.35813063,2.044108,-0.5757405,-4.0908117
1210,2026-05-11 16:15:01.952111,2.450143,-0.10799411,0.35813063,2.044108,-0.5757405,-4.0908117
1211,2026-05-11 16:15:01.954798,2.450143,-0.10799411,0.35813063,2.044108,-0.5757405,-4.0908117
1212,2026-05-11 16:15:01.957371,2.450143,-0.10799411,0.35813063,2.044108,-0.5757405,-4.0908117
1213,2026-05-11 16:15:01.959957,2.450143,-0.10799411,0.35813063,2.044108,-0.5757405,-4.0908117
1214,2026-05-11 16:15:01.962783,2.450143,-0.10799411,0.35813063,2.044108,-0.5757405,-4.0908117
1215,2026-05-11 16:15:01.965533,2.450143,-0.10799411,0.35813063,2.044108,-0.5757405,-4.0908117
1216,2026-05-11 16:15:01.968775,2.450143,-0.10799411,0.35813063,2.044108,-0.5757405,-4.0908117
1217,2026-05-11 16:15:01.971445,2.450143,-0.10799411,0.35813063,2.044108,-0.5757405,-4.0908117
1218,2026-05-11 16:15:01.974048,2.450143,-0.10799411,0.35813063,2.044108,-0.5757405,-4.0908117
1219,2026-05-11 16:15:01.976860,2.450143,-0.10799411,0.35813063,2.044108,-0.5757405,-4.0908117
1220,2026-05-11 16:15:01.979493,2.450143,-0.10799411,0.35813063,2.044108,-0.5757405,-4.0908117
1221,2026-05-11 16:15:01.982421,2.450143,-0.10799411,0.35813063,2.044108,-0.5757405,-4.0908117
1222,2026-05-11 16:15:01.985447,2.450143,-0.10799411,0.35813063,2.044108,-0.5757405,-4.0908117
1223,2026-05-11 16:15:01.988210,2.450143,-0.10799411,0.35813063,2.044108,-0.5757405,-4.0908117
1224,2026-05-11 16:15:01.990996,2.450143,-0.10799411,0.35813063,2.044108,-0.5757405,-4.0908117
1225,2026-05-11 16:15:01.993642,2.450143,-0.10799411,0.35813063,2.044108,-0.5757405,-4.0908117
1226,2026-05-11 16:15:01.996412,2.450143,-0.10799411,0.35813063,2.044108,-0.5757405,-4.0908117
1227,2026-05-11 16:15:01.999729,2.364772,-0.14031307,0.3591673,2.043955,-0.34529158,-4.329202
1228,2026-05-11 16:15:02.002523,2.364772,-0.14031307,0.3591673,2.043955,-0.34529158,-4.329202
1229,2026-05-11 16:15:02.005112,2.364772,-0.14031307,0.3591673,1.9709567,-0.18646662,-4.488638
1230,2026-05-11 16:15:02.007814,2.364772,-0.14031307,0.3591673,1.9709567,-0.18646662,-4.488638
1231,2026-05-11 16:15:02.010355,2.364772,-0.14031307,0.3591673,1.9709567,-0.18646662,-4.488638
1232,2026-05-11 16:15:02.012875,2.364772,-0.14031307,0.3591673,1.9709567,-0.18646662,-4.488638
1233,2026-05-11 16:15:02.015901,2.364772,-0.14031307,0.3591673,1.9709567,-0.18646662,-4.488638
1234,2026-05-11 16:15:02.018893,2.364772,-0.14031307,0.3591673,1.9709567,-0.18646662,-4.488638
1235,2026-05-11 16:15:02.021638,2.1285388,-0.09762765,0.36026493,1.9709567,-0.18646662,-4.488638
1236,2026-05-11 16:15:02.024309,2.1285388,-0.09762765,0.36026493,1.9709567,-0.18646662,-4.488638
1237,2026-05-11 16:15:02.026874,2.1285388,-0.09762765,0.36026493,1.9709567,-0.18646662,-4.488638
1238,2026-05-11 16:15:02.029505,2.1285388,-0.09762765,0.36026493,1.9709567,-0.18646662,-4.488638
1239,2026-05-11 16:15:02.032549,2.017191,-0.026221042,0.3902057,1.8442022,-0.12156218,-4.39487
1240,2026-05-11 16:15:02.035535,2.017191,-0.026221042,0.3902057,1.8442022,-0.12156218,-4.39487
1241,2026-05-11 16:15:02.038169,2.017191,-0.026221042,0.3902057,1.8442022,-0.12156218,-4.39487
1242,2026-05-11 16:15:02.040778,2.017191,-0.026221042,0.3902057,1.8442022,-0.12156218,-4.39487
1243,2026-05-11 16:15:02.043644,2.017191,-0.026221042,0.3902057,1.8442022,-0.12156218,-4.39487
1244,2026-05-11 16:15:02.046263,2.017191,-0.026221042,0.3902057,1.8442022,-0.12156218,-4.39487
1245,2026-05-11 16:15:02.049339,2.2940364,-0.17208321,0.34904477,1.8442022,-0.12156218,-4.39487
1246,2026-05-11 16:15:02.052543,2.2940364,-0.17208321,0.34904477,1.4349225,0.6049093,-4.267199
1247,2026-05-11 16:15:02.055415,2.2255566,-0.21050009,0.42801276,1.4349225,0.6049093,-4.267199
1248,2026-05-11 16:15:02.058186,2.2255566,-0.21050009,0.42801276,1.4349225,0.6049093,-4.267199
1249,2026-05-11 16:15:02.060805,2.2255566,-0.21050009,0.42801276,1.4349225,0.6049093,-4.267199
1250,2026-05-11 16:15:02.063661,1.7004042,-0.26593015,0.49588257,1.8577939,0.7377725,-4.681977
1251,2026-05-11 16:15:02.066982,1.5632619,-0.24751444,0.4978339,2.182469,0.3680463,-4.669301
1252,2026-05-11 16:15:02.069887,1.5632619,-0.24751444,0.4978339,2.182469,0.3680463,-4.669301
1253,2026-05-11 16:15:02.072659,1.501368,-0.24580702,0.46496618,2.5943446,0.22632557,-4.734969
1254,2026-05-11 16:15:02.075348,1.501368,-0.24580702,0.46496618,2.5943446,0.22632557,-4.734969
1255,2026-05-11 16:15:02.077941,1.501368,-0.24580702,0.46496618,2.5943446,0.22632557,-4.734969
1256,2026-05-11 16:15:02.080549,1.501368,-0.24580702,0.46496618,2.5943446,0.22632557,-4.734969
1257,2026-05-11 16:15:02.083818,1.501368,-0.24580702,0.46496618,2.5943446,0.22632557,-4.734969
1258,2026-05-11 16:15:02.086712,1.501368,-0.24580702,0.46496618,2.5943446,0.22632557,-4.734969
1259,2026-05-11 16:15:02.089485,1.501368,-0.24580702,0.46496618,2.5943446,0.22632557,-4.734969
1260,2026-05-11 16:15:02.092085,1.501368,-0.24580702,0.46496618,2.5943446,0.22632557,-4.734969
1261,2026-05-11 16:15:02.094931,1.501368,-0.24580702,0.46496618,2.5943446,0.22632557,-4.734969
1262,2026-05-11 16:15:02.097553,1.501368,-0.24580702,0.46496618,2.5943446,0.22632557,-4.734969
1263,2026-05-11 16:15:02.100612,1.501368,-0.24580702,0.46496618,2.5943446,0.22632557,-4.734969
1264,2026-05-11 16:15:02.103380,1.443011,-0.28727287,0.39355955,2.5943446,0.22632557,-4.734969
1265,2026-05-11 16:15:02.105991,1.443011,-0.28727287,0.39355955,2.5943446,0.22632557,-4.734969
1266,2026-05-11 16:15:02.108800,1.443011,-0.28727287,0.39355955,2.5943446,0.22632557,-4.734969
1267,2026-05-11 16:15:02.111455,1.443011,-0.28727287,0.39355955,2.5943446,0.22632557,-4.734969
1268,2026-05-11 16:15:02.114030,1.443011,-0.28727287,0.39355955,2.5943446,0.22632557,-4.734969
1269,2026-05-11 16:15:02.117329,1.443011,-0.28727287,0.39355955,2.5943446,0.22632557,-4.734969
1270,2026-05-11 16:15:02.120098,1.443011,-0.28727287,0.39355955,2.5943446,0.22632557,-4.734969
1271,2026-05-11 16:15:02.122865,1.443011,-0.28727287,0.39355955,2.5943446,0.22632557,-4.734969
1272,2026-05-11 16:15:02.125672,1.2026922,-0.32075045,0.28635818,2.6427557,0.5534439,-4.9066224
1273,2026-05-11 16:15:02.128269,1.2026922,-0.32075045,0.28635818,2.6427557,0.5534439,-4.9066224
1274,2026-05-11 16:15:02.131028,1.2026922,-0.32075045,0.28635818,2.6427557,0.5534439,-4.9066224
1275,2026-05-11 16:15:02.133900,1.2026922,-0.32075045,0.28635818,2.6427557,0.5534439,-4.9066224
1276,2026-05-11 16:15:02.137354,1.2026922,-0.32075045,0.28635818,2.6427557,0.5534439,-4.9066224
1277,2026-05-11 16:15:02.140239,1.2026922,-0.32075045,0.28635818,2.6051877,0.73655075,-4.877759
1278,2026-05-11 16:15:02.142958,1.2026922,-0.32075045,0.28635818,2.6051877,0.73655075,-4.877759
1279,2026-05-11 16:15:02.145580,1.2026922,-0.32075045,0.28635818,2.6051877,0.73655075,-4.877759
1280,2026-05-11 16:15:02.148343,1.2026922,-0.32075045,0.28635818,2.6051877,0.73655075,-4.877759
1281,2026-05-11 16:15:02.151581,0.99298483,-0.36392367,0.22794013,2.6051877,0.73655075,-4.877759
1282,2026-05-11 16:15:02.154855,0.99298483,-0.36392367,0.22794013,2.6051877,0.73655075,-4.877759
1283,2026-05-11 16:15:02.157715,0.99298483,-0.36392367,0.22794013,2.6051877,0.73655075,-4.877759
1284,2026-05-11 16:15:02.160586,0.99298483,-0.36392367,0.22794013,2.6051877,0.73655075,-4.877759
1285,2026-05-11 16:15:02.163180,0.99298483,-0.36392367,0.22794013,2.6051877,0.73655075,-4.877759
1286,2026-05-11 16:15:02.166214,0.99298483,-0.36392367,0.22794013,2.6051877,0.73655075,-4.877759
1287,2026-05-11 16:15:02.169148,0.99298483,-0.36392367,0.22794013,2.6051877,0.73655075,-4.877759
1288,2026-05-11 16:15:02.171860,0.99298483,-0.36392367,0.22794013,2.6051877,0.73655075,-4.877759
1289,2026-05-11 16:15:02.174628,0.82962155,-0.3966085,0.20629252,2.5654814,0.86086184,-4.70183
1290,2026-05-11 16:15:02.177319,0.82962155,-0.3966085,0.20629252,2.5654814,0.86086184,-4.70183
1291,2026-05-11 16:15:02.180004,0.82962155,-0.3966085,0.20629252,2.5654814,0.86086184,-4.70183
1292,2026-05-11 16:15:02.183024,0.82962155,-0.3966085,0.20629252,2.5654814,0.86086184,-4.70183
1293,2026-05-11 16:15:02.185711,0.82962155,-0.3966085,0.20629252,2.5654814,0.86086184,-4.70183
1294,2026-05-11 16:15:02.188483,0.82962155,-0.3966085,0.20629252,2.5654814,0.86086184,-4.70183
1295,2026-05-11 16:15:02.191256,0.7276644,-0.4136217,0.178547,2.5654814,0.86086184,-4.70183
1296,2026-05-11 16:15:02.194038,0.7276644,-0.4136217,0.178547,2.5654814,0.86086184,-4.70183
1297,2026-05-11 16:15:02.196726,0.7276644,-0.4136217,0.178547,2.5825856,0.8371908,-4.372421
1298,2026-05-11 16:15:02.199836,0.7276644,-0.4136217,0.178547,2.5825856,0.8371908,-4.372421
1299,2026-05-11 16:15:02.202658,0.7276644,-0.4136217,0.178547,2.5825856,0.8371908,-4.372421
1300,2026-05-11 16:15:02.205244,0.7276644,-0.4136217,0.178547,2.5825856,0.8371908,-4.372421
1301,2026-05-11 16:15:02.208078,0.7276644,-0.4136217,0.178547,2.5825856,0.8371908,-4.372421
1302,2026-05-11 16:15:02.210795,0.7276644,-0.4136217,0.178547,2.5825856,0.8371908,-4.372421
1303,2026-05-11 16:15:02.213508,0.6863815,-0.3919741,0.10738432,2.5825856,0.8371908,-4.372421
1304,2026-05-11 16:15:02.216880,0.6863815,-0.3919741,0.10738432,2.5825856,0.8371908,-4.372421
1305,2026-05-11 16:15:02.219697,0.6863815,-0.3919741,0.10738432,2.5825856,0.8371908,-4.372421
1306,2026-05-11 16:15:02.222431,0.6863815,-0.3919741,0.10738432,2.5825856,0.8371908,-4.372421
1307,2026-05-11 16:15:02.225079,0.6863815,-0.3919741,0.10738432,2.5825856,0.8371908,-4.372421
1308,2026-05-11 16:15:02.227663,0.6863815,-0.3919741,0.10738432,2.5825856,0.8371908,-4.372421
1309,2026-05-11 16:15:02.230421,0.6863815,-0.3919741,0.10738432,2.5825856,0.8371908,-4.372421
1310,2026-05-11 16:15:02.233424,0.6863815,-0.3919741,0.10738432,2.5825856,0.8371908,-4.372421
1311,2026-05-11 16:15:02.236160,0.6863815,-0.3919741,0.10738432,2.5825856,0.8371908,-4.372421
1312,2026-05-11 16:15:02.238742,0.6863815,-0.3919741,0.10738432,2.5825856,0.8371908,-4.372421
1313,2026-05-11 16:15:02.241531,0.6863815,-0.3919741,0.10738432,2.5825856,0.8371908,-4.372421
1314,2026-05-11 16:15:02.244151,0.6863815,-0.3919741,0.10738432,2.5825856,0.8371908,-4.372421
1315,2026-05-11 16:15:02.246713,0.6863815,-0.3919741,0.10738432,2.5825856,0.8371908,-4.372421
1316,2026-05-11 16:15:02.249798,0.6863815,-0.3919741,0.10738432,2.5825856,0.8371908,-4.372421
1317,2026-05-11 16:15:02.252594,0.6863815,-0.3919741,0.10738432,2.5825856,0.8371908,-4.372421
1318,2026-05-11 16:15:02.255203,0.6863815,-0.3919741,0.10738432,2.5825856,0.8371908,-4.372421
1319,2026-05-11 16:15:02.258010,0.6863815,-0.3919741,0.10738432,2.5825856,0.8371908,-4.372421
1320,2026-05-11 16:15:02.260633,0.6863815,-0.3919741,0.10738432,2.5825856,0.8371908,-4.372421
1321,2026-05-11 16:15:02.263303,0.6863815,-0.3919741,0.10738432,2.5825856,0.8371908,-4.372421
1322,2026-05-11 16:15:02.266269,0.6863815,-0.3919741,0.10738432,2.5825856,0.8371908,-4.372421
1323,2026-05-11 16:15:02.269108,0.6863815,-0.3919741,0.10738432,2.5825856,0.8371908,-4.372421
1324,2026-05-11 16:15:02.271772,0.6830276,-0.383437,0.078663126,2.5780041,0.6973027,-4.298048
1325,2026-05-11 16:15:02.274504,0.6830276,-0.383437,0.078663126,2.5780041,0.6973027,-4.298048
1326,2026-05-11 16:15:02.277229,0.6788201,-0.3699606,-0.006524771,2.5780041,0.6973027,-4.298048
1327,2026-05-11 16:15:02.280015,0.6817471,-0.3664848,-0.011829958,2.5448647,0.12782355,-4.2510114
1328,2026-05-11 16:15:02.283329,0.66991717,-0.363009,0.033416584,2.3872614,-0.39935315,-4.260785
1329,2026-05-11 16:15:02.286088,0.66991717,-0.363009,0.033416584,2.3872614,-0.39935315,-4.260785
1330,2026-05-11 16:15:02.288821,0.66991717,-0.363009,0.033416584,2.3872614,-0.39935315,-4.260785
1331,2026-05-11 16:15:02.291623,0.66991717,-0.363009,0.033416584,2.3872614,-0.39935315,-4.260785
1332,2026-05-11 16:15:02.294294,0.66991717,-0.363009,0.033416584,2.3872614,-0.39935315,-4.260785
1333,2026-05-11 16:15:02.296997,0.66991717,-0.363009,0.033416584,2.3872614,-0.39935315,-4.260785
1334,2026-05-11 16:15:02.300056,0.66991717,-0.363009,0.033416584,2.3872614,-0.39935315,-4.260785
1335,2026-05-11 16:15:02.302942,0.66991717,-0.363009,0.033416584,2.3872614,-0.39935315,-4.260785
1336,2026-05-11 16:15:02.305636,0.66991717,-0.363009,0.033416584,2.251802,-0.34208453,-4.262465
1337,2026-05-11 16:15:02.308368,0.66991717,-0.363009,0.033416584,2.251802,-0.34208453,-4.262465
1338,2026-05-11 16:15:02.311021,0.66991717,-0.363009,0.033416584,2.251802,-0.34208453,-4.262465
1339,2026-05-11 16:15:02.313789,0.66991717,-0.363009,0.033416584,2.251802,-0.34208453,-4.262465
1340,2026-05-11 16:15:02.316825,0.66991717,-0.363009,0.033416584,2.251802,-0.34208453,-4.262465
1341,2026-05-11 16:15:02.319651,0.66991717,-0.363009,0.033416584,2.251802,-0.34208453,-4.262465
1342,2026-05-11 16:15:02.322306,0.66991717,-0.363009,0.033416584,2.251802,-0.34208453,-4.262465
1343,2026-05-11 16:15:02.324892,0.66991717,-0.363009,0.033416584,2.251802,-0.34208453,-4.262465
1344,2026-05-11 16:15:02.327703,0.66991717,-0.363009,0.033416584,2.251802,-0.34208453,-4.262465
1345,2026-05-11 16:15:02.330492,0.6552211,-0.39703536,0.0687845,2.251802,-0.34208453,-4.262465
1346,2026-05-11 16:15:02.333646,0.6552211,-0.39703536,0.0687845,2.251802,-0.34208453,-4.262465
1347,2026-05-11 16:15:02.336383,0.6552211,-0.39703536,0.0687845,2.251802,-0.34208453,-4.262465
1348,2026-05-11 16:15:02.338978,0.6552211,-0.39703536,0.0687845,2.251802,-0.34208453,-4.262465
1349,2026-05-11 16:15:02.341815,0.6552211,-0.39703536,0.0687845,2.1371121,-0.15286903,-4.2468877
1350,2026-05-11 16:15:02.344500,0.6552211,-0.39703536,0.0687845,2.1371121,-0.15286903,-4.2468877
1351,2026-05-11 16:15:02.347167,0.6552211,-0.39703536,0.0687845,2.1371121,-0.15286903,-4.2468877
1352,2026-05-11 16:15:02.350331,0.6552211,-0.39703536,0.0687845,2.1371121,-0.15286903,-4.2468877
1353,2026-05-11 16:15:02.353080,0.54423904,-0.44100136,0.1636681,2.1371121,-0.15286903,-4.2468877
1354,2026-05-11 16:15:02.355727,0.54423904,-0.44100136,0.1636681,2.1371121,-0.15286903,-4.2468877
1355,2026-05-11 16:15:02.358362,0.6073525,-0.4253297,0.10939662,2.0607538,0.086132,-4.155258
1356,2026-05-11 16:15:02.361172,0.49051642,-0.46283188,0.19354787,2.21683,0.34513888,-3.7866008
1357,2026-05-11 16:15:02.363750,0.49051642,-0.46283188,0.19354787,2.21683,0.34513888,-3.7866008
1358,2026-05-11 16:15:02.366881,0.49051642,-0.46283188,0.19354787,2.21683,0.34513888,-3.7866008
1359,2026-05-11 16:15:02.369910,0.39904767,-0.46490517,0.3047129,2.21683,0.34513888,-3.7866008
1360,2026-05-11 16:15:02.372581,0.39904767,-0.46490517,0.3047129,2.21683,0.34513888,-3.7866008
1361,2026-05-11 16:15:02.375384,0.33300725,-0.47783276,0.15732625,2.3151793,0.42088616,-3.4965928
1362,2026-05-11 16:15:02.378179,0.22861089,-0.4674663,0.13214186,2.3529003,0.44898596,-3.310737
1363,2026-05-11 16:15:02.380904,0.22861089,-0.4674663,0.13214186,2.3645067,0.38774672,-3.0219505
1364,2026-05-11 16:15:02.384397,0.11592139,-0.4475871,0.13659334,2.3620632,0.29260445,-2.7762299
1365,2026-05-11 16:15:02.387107,0.11592139,-0.4475871,0.13659334,2.3620632,0.29260445,-2.7762299
1366,2026-05-11 16:15:02.389840,0.11592139,-0.4475871,0.13659334,2.3620632,0.29260445,-2.7762299
1367,2026-05-11 16:15:02.392512,0.11592139,-0.4475871,0.13659334,2.3620632,0.29260445,-2.7762299
1368,2026-05-11 16:15:02.395173,0.11592139,-0.4475871,0.13659334,2.3620632,0.29260445,-2.7762299
1369,2026-05-11 16:15:02.397738,0.11592139,-0.4475871,0.13659334,2.3620632,0.29260445,-2.7762299
1370,2026-05-11 16:15:02.400885,0.11592139,-0.4475871,0.13659334,2.3620632,0.29260445,-2.7762299
1371,2026-05-11 16:15:02.403721,0.11592139,-0.4475871,0.13659334,2.3620632,0.29260445,-2.7762299
1372,2026-05-11 16:15:02.406353,0.11592139,-0.4475871,0.13659334,2.3620632,0.29260445,-2.7762299
1373,2026-05-11 16:15:02.409074,-0.0028050416,-0.3521547,0.15781409,2.3559546,0.10170906,-2.2492058
1374,2026-05-11 16:15:02.411652,-0.0028050416,-0.3521547,0.15781409,2.3559546,0.10170906,-2.2492058
1375,2026-05-11 16:15:02.414500,-0.0028050416,-0.3521547,0.15781409,2.3559546,0.10170906,-2.2492058
1376,2026-05-11 16:15:02.417684,-0.0028050416,-0.3521547,0.15781409,2.3559546,0.10170906,-2.2492058
1377,2026-05-11 16:15:02.420417,-0.0028050416,-0.3521547,0.15781409,2.3559546,0.10170906,-2.2492058
1378,2026-05-11 16:15:02.423059,-0.1156165,-0.2523318,0.178547,2.3426683,-0.052381694,-1.8623754
1379,2026-05-11 16:15:02.425641,-0.1156165,-0.2523318,0.178547,2.3426683,-0.052381694,-1.8623754
1380,2026-05-11 16:15:02.428295,-0.1156165,-0.2523318,0.178547,2.3426683,-0.052381694,-1.8623754
1381,2026-05-11 16:15:02.430848,-0.1156165,-0.2523318,0.178547,2.3426683,-0.052381694,-1.8623754
1382,2026-05-11 16:15:02.433981,-0.1156165,-0.2523318,0.178547,2.3426683,-0.052381694,-1.8623754
1383,2026-05-11 16:15:02.436650,-0.1156165,-0.2523318,0.178547,2.3426683,-0.052381694,-1.8623754
1384,2026-05-11 16:15:02.439263,-0.1156165,-0.2523318,0.178547,2.3426683,-0.052381694,-1.8623754
1385,2026-05-11 16:15:02.441996,-0.1156165,-0.2523318,0.178547,2.3426683,-0.052381694,-1.8623754
1386,2026-05-11 16:15:02.444693,-0.1156165,-0.2523318,0.178547,2.3426683,-0.052381694,-1.8623754
1387,2026-05-11 16:15:02.447414,-0.1156165,-0.2523318,0.178547,2.3426683,-0.052381694,-1.8623754
1388,2026-05-11 16:15:02.450339,-0.1156165,-0.2523318,0.178547,2.3426683,-0.052381694,-1.8623754
1389,2026-05-11 16:15:02.453311,-0.1156165,-0.2523318,0.178547,2.3426683,-0.052381694,-1.8623754
1390,2026-05-11 16:15:02.455958,-0.1156165,-0.2523318,0.178547,2.3426683,-0.052381694,-1.8623754
1391,2026-05-11 16:15:02.458535,-0.1156165,-0.2523318,0.178547,2.3426683,-0.052381694,-1.8623754
1392,2026-05-11 16:15:02.461141,-0.1156165,-0.2523318,0.178547,2.3426683,-0.052381694,-1.8623754
1393,2026-05-11 16:15:02.463717,-0.1156165,-0.2523318,0.178547,2.3426683,-0.052381694,-1.8623754
1394,2026-05-11 16:15:02.466669,-0.1156165,-0.2523318,0.178547,2.3426683,-0.052381694,-1.8623754
1395,2026-05-11 16:15:02.469461,-0.14689882,-0.15567982,0.18263261,2.3426683,-0.052381694,-1.8623754
1396,2026-05-11 16:15:02.472073,-0.14689882,-0.15567982,0.18263261,2.3426683,-0.052381694,-1.8623754
1397,2026-05-11 16:15:02.474783,-0.14689882,-0.15567982,0.18263261,2.3426683,-0.052381694,-1.8623754
1398,2026-05-11 16:15:02.477577,-0.14689882,-0.15567982,0.18263261,2.2710443,-0.21991149,-1.4657712
1399,2026-05-11 16:15:02.480279,-0.14689882,-0.15567982,0.18263261,2.2710443,-0.21991149,-1.4657712
1400,2026-05-11 16:15:02.483166,-0.14689882,-0.15567982,0.18263261,2.2710443,-0.21991149,-1.4657712
1401,2026-05-11 16:15:02.485824,-0.14689882,-0.15567982,0.18263261,2.2710443,-0.21991149,-1.4657712
1402,2026-05-11 16:15:02.488543,-0.14689882,-0.15567982,0.18263261,2.2710443,-0.21991149,-1.4657712
1403,2026-05-11 16:15:02.491104,-0.14689882,-0.15567982,0.18263261,2.2710443,-0.21991149,-1.4657712
1404,2026-05-11 16:15:02.493890,-0.14689882,-0.15567982,0.18263261,2.2710443,-0.21991149,-1.4657712
1405,2026-05-11 16:15:02.496676,-0.14689882,-0.15567982,0.18263261,2.2710443,-0.21991149,-1.4657712
1406,2026-05-11 16:15:02.499656,-0.14689882,-0.15567982,0.18263261,2.2710443,-0.21991149,-1.4657712
1407,2026-05-11 16:15:02.502329,-0.14689882,-0.15567982,0.18263261,2.2710443,-0.21991149,-1.4657712
1408,2026-05-11 16:15:02.504918,-0.14689882,-0.15567982,0.18263261,2.2710443,-0.21991149,-1.4657712
1409,2026-05-11 16:15:02.507512,-0.14689882,-0.15567982,0.18263261,2.2710443,-0.21991149,-1.4657712
1410,2026-05-11 16:15:02.510364,-0.14689882,-0.15567982,0.18263261,2.2710443,-0.21991149,-1.4657712
1411,2026-05-11 16:15:02.512980,-0.14689882,-0.15567982,0.18263261,2.2710443,-0.21991149,-1.4657712
1412,2026-05-11 16:15:02.516147,-0.14689882,-0.15567982,0.18263261,2.2710443,-0.21991149,-1.4657712
1413,2026-05-11 16:15:02.518889,-0.14689882,-0.15567982,0.18263261,2.2710443,-0.21991149,-1.4657712
1414,2026-05-11 16:15:02.521685,-0.14689882,-0.15567982,0.18263261,2.2710443,-0.21991149,-1.4657712
1415,2026-05-11 16:15:02.524344,-0.14689882,-0.15567982,0.18263261,2.097253,-0.29794952,-1.1827878
1416,2026-05-11 16:15:02.526925,-0.14689882,-0.15567982,0.18263261,2.097253,-0.29794952,-1.1827878
1417,2026-05-11 16:15:02.529739,-0.14689882,-0.15567982,0.18263261,2.097253,-0.29794952,-1.1827878
1418,2026-05-11 16:15:02.532831,-0.06780884,-0.09524946,0.15531394,1.9016235,-0.2134974,-1.0899363
1419,2026-05-11 16:15:02.535675,-0.06780884,-0.09524946,0.15531394,1.9016235,-0.2134974,-1.0899363
1420,2026-05-11 16:15:02.538421,-0.06780884,-0.09524946,0.15531394,1.9016235,-0.2134974,-1.0899363
1421,2026-05-11 16:15:02.541031,-0.06780884,-0.09524946,0.15531394,1.9016235,-0.2134974,-1.0899363
1422,2026-05-11 16:15:02.543655,-0.06780884,-0.09524946,0.15531394,1.9016235,-0.2134974,-1.0899363
1423,2026-05-11 16:15:02.546221,-0.06780884,-0.09524946,0.15531394,1.9016235,-0.2134974,-1.0899363
1424,2026-05-11 16:15:02.549341,-0.06780884,-0.09524946,0.15531394,1.9016235,-0.2134974,-1.0899363
1425,2026-05-11 16:15:02.552355,-0.06780884,-0.09524946,0.15531394,1.9016235,-0.2134974,-1.0899363
1426,2026-05-11 16:15:02.554970,-0.06780884,-0.09524946,0.15531394,1.9016235,-0.2134974,-1.0899363
1427,2026-05-11 16:15:02.557776,-0.06780884,-0.09524946,0.15531394,1.9016235,-0.2134974,-1.0899363
1428,2026-05-11 16:15:02.560449,-0.11073817,-0.113299295,0.1478135,1.9016235,-0.2134974,-1.0899363
1429,2026-05-11 16:15:02.563073,-0.11073817,-0.113299295,0.1478135,1.9016235,-0.2134974,-1.0899363
1430,2026-05-11 16:15:02.566381,-0.11073817,-0.113299295,0.1478135,1.9016235,-0.2134974,-1.0899363
1431,2026-05-11 16:15:02.569400,-0.11073817,-0.113299295,0.1478135,1.582141,0.09040806,-0.98990715
1432,2026-05-11 16:15:02.572229,-0.11073817,-0.113299295,0.1478135,1.582141,0.09040806,-0.98990715
1433,2026-05-11 16:15:02.574912,-0.11073817,-0.113299295,0.1478135,1.582141,0.09040806,-0.98990715
1434,2026-05-11 16:15:02.577488,-0.11073817,-0.113299295,0.1478135,1.582141,0.09040806,-0.98990715
1435,2026-05-11 16:15:02.580344,-0.21415883,-0.17263202,0.15403338,1.582141,0.09040806,-0.98990715
1436,2026-05-11 16:15:02.583337,-0.21415883,-0.17263202,0.15403338,1.582141,0.09040806,-0.98990715
1437,2026-05-11 16:15:02.586173,-0.21415883,-0.17263202,0.15403338,1.582141,0.09040806,-0.98990715
1438,2026-05-11 16:15:02.588739,-0.21415883,-0.17263202,0.15403338,1.582141,0.09040806,-0.98990715
1439,2026-05-11 16:15:02.591505,-0.21415883,-0.17263202,0.15403338,1.582141,0.09040806,-0.98990715
1440,2026-05-11 16:15:02.594058,-0.21415883,-0.17263202,0.15403338,1.582141,0.09040806,-0.98990715
1441,2026-05-11 16:15:02.596582,-0.21415883,-0.17263202,0.15403338,1.582141,0.09040806,-0.98990715
1442,2026-05-11 16:15:02.599482,-0.21415883,-0.17263202,0.15403338,1.582141,0.09040806,-0.98990715
1443,2026-05-11 16:15:02.602331,-0.21415883,-0.17263202,0.15403338,1.582141,0.09040806,-0.98990715
1444,2026-05-11 16:15:02.605070,-0.21415883,-0.17263202,0.15403338,1.2434162,0.52549684,-0.73945236
1445,2026-05-11 16:15:02.607681,-0.21415883,-0.17263202,0.15403338,1.2434162,0.52549684,-0.73945236
1446,2026-05-11 16:15:02.610472,-0.21415883,-0.17263202,0.15403338,1.2434162,0.52549684,-0.73945236
1447,2026-05-11 16:15:02.613201,-0.2800773,-0.21050009,0.17562,1.2434162,0.52549684,-0.73945236
1448,2026-05-11 16:15:02.616506,-0.2800773,-0.21050009,0.17562,1.2434162,0.52549684,-0.73945236
1449,2026-05-11 16:15:02.619241,-0.2800773,-0.21050009,0.17562,1.2434162,0.52549684,-0.73945236
1450,2026-05-11 16:15:02.621843,-0.2800773,-0.21050009,0.17562,1.2434162,0.52549684,-0.73945236
1451,2026-05-11 16:15:02.624603,-0.2800773,-0.21050009,0.17562,1.2434162,0.52549684,-0.73945236
1452,2026-05-11 16:15:02.627508,-0.2800773,-0.21050009,0.17562,0.96867955,0.959822,-0.3022256
1453,2026-05-11 16:15:02.630208,-0.2800773,-0.21050009,0.17562,0.96867955,0.959822,-0.3022256
1454,2026-05-11 16:15:02.633362,-0.2800773,-0.21050009,0.17562,0.96867955,0.959822,-0.3022256
1455,2026-05-11 16:15:02.636188,-0.2800773,-0.21050009,0.17562,0.96867955,0.959822,-0.3022256
1456,2026-05-11 16:15:02.638939,-0.2800773,-0.21050009,0.17562,0.96867955,0.959822,-0.3022256
1457,2026-05-11 16:15:02.641695,-0.2800773,-0.21050009,0.17562,0.96867955,0.959822,-0.3022256
1458,2026-05-11 16:15:02.644371,-0.2800773,-0.21050009,0.17562,0.96867955,0.959822,-0.3022256
1459,2026-05-11 16:15:02.647053,-0.2800773,-0.21050009,0.17562,0.96867955,0.959822,-0.3022256
1460,2026-05-11 16:15:02.650161,-0.2800773,-0.21050009,0.17562,0.96867955,0.959822,-0.3022256
1461,2026-05-11 16:15:02.652999,-0.2800773,-0.21050009,0.17562,0.8594874,1.2292136,0.10980303
1462,2026-05-11 16:15:02.655732,-0.2800773,-0.21050009,0.17562,0.8594874,1.2292136,0.10980303
1463,2026-05-11 16:15:02.658507,-0.2800773,-0.21050009,0.17562,0.8594874,1.2292136,0.10980303
1464,2026-05-11 16:15:02.661121,-0.2800773,-0.21050009,0.17562,0.8594874,1.2292136,0.10980303
1465,2026-05-11 16:15:02.663849,-0.2800773,-0.21050009,0.17562,0.8594874,1.2292136,0.10980303
1466,2026-05-11 16:15:02.667021,-0.322031,-0.26391783,0.19037697,0.8594874,1.2292136,0.10980303
1467,2026-05-11 16:15:02.669846,-0.322031,-0.26391783,0.19037697,0.8594874,1.2292136,0.10980303
1468,2026-05-11 16:15:02.672486,-0.322031,-0.26391783,0.19037697,0.8594874,1.2292136,0.10980303
1469,2026-05-11 16:15:02.675201,-0.31800637,-0.31343293,0.15860681,0.8594874,1.2292136,0.10980303
1470,2026-05-11 16:15:02.677767,-0.31800637,-0.31343293,0.15860681,0.8594874,1.2292136,0.10980303
1471,2026-05-11 16:15:02.680772,-0.31800637,-0.31343293,0.15860681,0.8594874,1.2292136,0.10980303
1472,2026-05-11 16:15:02.683813,-0.31800637,-0.31343293,0.15860681,0.8594874,1.2292136,0.10980303
1473,2026-05-11 16:15:02.686521,-0.31800637,-0.31343293,0.15860681,0.8594874,1.2292136,0.10980303
1474,2026-05-11 16:15:02.689089,-0.31800637,-0.31343293,0.15860681,0.8594874,1.2292136,0.10980303
1475,2026-05-11 16:15:02.691947,-0.31800637,-0.31343293,0.15860681,0.8594874,1.2292136,0.10980303
1476,2026-05-11 16:15:02.694547,-0.31800637,-0.31343293,0.15860681,0.8594874,1.2292136,0.10980303
1477,2026-05-11 16:15:02.697256,-0.31800637,-0.31343293,0.15860681,0.8594874,1.2292136,0.10980303
1478,2026-05-11 16:15:02.700187,-0.31800637,-0.31343293,0.15860681,0.8594874,1.2292136,0.10980303
1479,2026-05-11 16:15:02.703079,-0.31800637,-0.31343293,0.15860681,0.8594874,1.2292136,0.10980303
1480,2026-05-11 16:15:02.705671,-0.31800637,-0.31343293,0.15860681,0.8594874,1.2292136,0.10980303
1481,2026-05-11 16:15:02.708232,-0.31800637,-0.31343293,0.15860681,0.8594874,1.2292136,0.10980303
1482,2026-05-11 16:15:02.711034,-0.31800637,-0.31343293,0.15860681,0.8594874,1.2292136,0.10980303
1483,2026-05-11 16:15:02.713624,-0.31800637,-0.31343293,0.15860681,0.8594874,1.2292136,0.10980303
1484,2026-05-11 16:15:02.716678,-0.31800637,-0.31343293,0.15860681,0.82909685,1.4048374,0.5476407
1485,2026-05-11 16:15:02.719406,-0.31800637,-0.31343293,0.15860681,0.82909685,1.4048374,0.5476407
1486,2026-05-11 16:15:02.721976,-0.31800637,-0.31343293,0.15860681,0.82909685,1.4048374,0.5476407
1487,2026-05-11 16:15:02.724718,-0.31800637,-0.31343293,0.15860681,0.82909685,1.4048374,0.5476407
1488,2026-05-11 16:15:02.727318,-0.31800637,-0.31343293,0.15860681,0.82909685,1.4048374,0.5476407
1489,2026-05-11 16:15:02.729873,-0.31800637,-0.31343293,0.15860681,0.82909685,1.4048374,0.5476407
1490,2026-05-11 16:15:02.732987,-0.31800637,-0.31343293,0.15860681,0.82909685,1.4048374,0.5476407
1491,2026-05-11 16:15:02.735693,-0.31800637,-0.31343293,0.15860681,0.82909685,1.4048374,0.5476407
1492,2026-05-11 16:15:02.762255,-0.31800637,-0.31343293,0.15860681,0.82909685,1.4048374,0.5476407
1493,2026-05-11 16:15:02.765843,-0.31800637,-0.31343293,0.15860681,0.82909685,1.4048374,0.5476407
1494,2026-05-11 16:15:02.775178,-0.31800637,-0.31343293,0.15860681,0.82909685,1.4048374,0.5476407
1495,2026-05-11 16:15:02.778115,-0.31800637,-0.31343293,0.15860681,0.82909685,1.4048374,0.5476407
1496,2026-05-11 16:15:02.780728,-0.31800637,-0.31343293,0.15860681,0.82909685,1.4048374,0.5476407
1497,2026-05-11 16:15:02.784063,-0.31800637,-0.31343293,0.15860681,0.82909685,1.4048374,0.5476407
1498,2026-05-11 16:15:02.786865,-0.31800637,-0.31343293,0.15860681,0.82909685,1.4048374,0.5476407
1499,2026-05-11 16:15:02.789668,-0.2406238,-0.34892282,0.037624147,0.82909685,1.4048374,0.5476407
1500,2026-05-11 16:15:02.792321,-0.2406238,-0.34892282,0.037624147,0.82909685,1.4048374,0.5476407
1501,2026-05-11 16:15:02.795143,-0.2406238,-0.34892282,0.037624147,0.7982482,1.5118915,1.2411255
1502,2026-05-11 16:15:02.797733,-0.2406238,-0.34892282,0.037624147,0.7982482,1.5118915,1.2411255
1503,2026-05-11 16:15:02.800786,-0.2406238,-0.34892282,0.037624147,0.7982482,1.5118915,1.2411255
1504,2026-05-11 16:15:02.803505,-0.2406238,-0.34892282,0.037624147,0.7982482,1.5118915,1.2411255
1505,2026-05-11 16:15:02.806063,-0.2406238,-0.34892282,0.037624147,0.7982482,1.5118915,1.2411255
1506,2026-05-11 16:15:02.808745,-0.2406238,-0.34892282,0.037624147,0.7982482,1.5118915,1.2411255
1507,2026-05-11 16:15:02.811312,-0.2406238,-0.34892282,0.037624147,0.7982482,1.5118915,1.2411255
1508,2026-05-11 16:15:02.814099,-0.2406238,-0.34892282,0.037624147,0.7982482,1.5118915,1.2411255
1509,2026-05-11 16:15:02.817062,-0.2406238,-0.34892282,0.037624147,0.7982482,1.5118915,1.2411255
1510,2026-05-11 16:15:02.819801,-0.2406238,-0.34892282,0.037624147,0.7982482,1.5118915,1.2411255
1511,2026-05-11 16:15:02.822542,-0.13299556,-0.38691282,-0.07110171,0.7982482,1.5118915,1.2411255
1512,2026-05-11 16:15:02.825448,-0.028904125,-0.42618343,-0.14189851,0.4636467,1.5030339,2.228589
1513,2026-05-11 16:15:02.828182,-0.028904125,-0.42618343,-0.14189851,0.4636467,1.5030339,2.228589
1514,2026-05-11 16:15:02.830833,-0.028904125,-0.42618343,-0.14189851,0.4636467,1.5030339,2.228589
1515,2026-05-11 16:15:02.833974,0.037136313,-0.49600452,-0.19440159,0.009010263,1.3497068,3.043789
1516,2026-05-11 16:15:02.836869,0.14994776,-0.59149796,-0.20739016,0.009010263,1.3497068,3.043789
1517,2026-05-11 16:15:02.839598,0.14994776,-0.59149796,-0.20739016,0.009010263,1.3497068,3.043789
1518,2026-05-11 16:15:02.842229,0.14994776,-0.59149796,-0.20739016,0.009010263,1.3497068,3.043789
1519,2026-05-11 16:15:02.844958,0.14994776,-0.59149796,-0.20739016,0.009010263,1.3497068,3.043789
1520,2026-05-11 16:15:02.847569,0.14994776,-0.59149796,-0.20739016,0.009010263,1.3497068,3.043789
1521,2026-05-11 16:15:02.850569,0.14994776,-0.59149796,-0.20739016,0.009010263,1.3497068,3.043789
1522,2026-05-11 16:15:02.853536,0.14994776,-0.59149796,-0.20739016,-0.528093,1.2699889,4.1470113
1523,2026-05-11 16:15:02.856334,0.14994776,-0.59149796,-0.20739016,-0.528093,1.2699889,4.1470113
1524,2026-05-11 16:15:02.858963,0.14994776,-0.59149796,-0.20739016,-0.528093,1.2699889,4.1470113
1525,2026-05-11 16:15:02.861703,0.14994776,-0.59149796,-0.20739016,-0.528093,1.2699889,4.1470113
1526,2026-05-11 16:15:02.864586,0.18409611,-0.626317,-0.190255,-0.528093,1.2699889,4.1470113
1527,2026-05-11 16:15:02.867643,0.18409611,-0.626317,-0.190255,-0.8321512,1.2366967,4.9496884
1528,2026-05-11 16:15:02.870500,0.18409611,-0.626317,-0.190255,-0.8321512,1.2366967,4.9496884
1529,2026-05-11 16:15:02.873183,0.18409611,-0.626317,-0.190255,-0.8321512,1.2366967,4.9496884
1530,2026-05-11 16:15:02.875811,0.18409611,-0.626317,-0.190255,-0.8321512,1.2366967,4.9496884
1531,2026-05-11 16:15:02.878414,0.18409611,-0.626317,-0.190255,-0.8321512,1.2366967,4.9496884
1532,2026-05-11 16:15:02.880997,0.18409611,-0.626317,-0.190255,-0.8321512,1.2366967,4.9496884
1533,2026-05-11 16:15:02.884338,0.33081198,-0.673088,-0.13043444,-0.8321512,1.2366967,4.9496884
1534,2026-05-11 16:15:02.887082,0.5674112,-0.6741857,-0.0837244,-0.8321512,1.2366967,4.9496884
1535,2026-05-11 16:15:02.889718,0.5674112,-0.6741857,-0.0837244,-0.8321512,1.2366967,4.9496884
1536,2026-05-11 16:15:02.892451,0.5674112,-0.6741857,-0.0837244,-0.8321512,1.2366967,4.9496884
1537,2026-05-11 16:15:02.895193,0.5674112,-0.6741857,-0.0837244,-0.8321512,1.2366967,4.9496884
1538,2026-05-11 16:15:02.897898,0.5674112,-0.6741857,-0.0837244,-0.8321512,1.2366967,4.9496884
1539,2026-05-11 16:15:02.901225,0.82840204,-0.65461135,-0.05683258,-1.1378893,1.1023064,5.8502564
1540,2026-05-11 16:15:02.904051,1.229401,-0.579607,-0.038965687,-1.269378,1.1562152,5.9585323
1541,2026-05-11 16:15:02.906754,1.6788785,-0.25928342,-0.12927583,-1.4057536,1.4257594,5.2079315
1542,2026-05-11 16:15:02.909524,1.6788785,-0.25928342,-0.12927583,-1.4057536,1.4257594,5.2079315
1543,2026-05-11 16:15:02.912245,1.6788785,-0.25928342,-0.12927583,-1.4057536,1.4257594,5.2079315
1544,2026-05-11 16:15:02.914985,1.6788785,-0.25928342,-0.12927583,-1.4057536,1.4257594,5.2079315
1545,2026-05-11 16:15:02.918122,1.6788785,-0.25928342,-0.12927583,-1.4057536,1.4257594,5.2079315
1546,2026-05-11 16:15:02.921135,1.6788785,-0.25928342,-0.12927583,-1.6016886,1.4465289,4.7273335
1547,2026-05-11 16:15:02.923906,1.3766657,-0.0062808543,-0.32605562,-1.8025106,1.3859005,4.563469
1548,2026-05-11 16:15:02.926722,1.3766657,-0.0062808543,-0.32605562,-1.8025106,1.3859005,4.563469
1549,2026-05-11 16:15:02.929452,1.3766657,-0.0062808543,-0.32605562,-1.8025106,1.3859005,4.563469
1550,2026-05-11 16:15:02.932502,1.3766657,-0.0062808543,-0.32605562,-1.8025106,1.3859005,4.563469
1551,2026-05-11 16:15:02.935395,1.3766657,-0.0062808543,-0.32605562,-1.8025106,1.3859005,4.563469
1552,2026-05-11 16:15:02.938005,1.3766657,-0.0062808543,-0.32605562,-1.8025106,1.3859005,4.563469
1553,2026-05-11 16:15:02.940726,1.3766657,-0.0062808543,-0.32605562,-1.8025106,1.3859005,4.563469
1554,2026-05-11 16:15:02.943324,1.3766657,-0.0062808543,-0.32605562,-1.8025106,1.3859005,4.563469
1555,2026-05-11 16:15:02.945903,1.3766657,-0.0062808543,-0.32605562,-1.8025106,1.3859005,4.563469
1556,2026-05-11 16:15:02.949041,1.3766657,-0.0062808543,-0.32605562,-1.8025106,1.3859005,4.563469
1557,2026-05-11 16:15:02.951833,1.3766657,-0.0062808543,-0.32605562,-1.8025106,1.3859005,4.563469
1558,2026-05-11 16:15:02.954444,1.3766657,-0.0062808543,-0.32605562,-1.8025106,1.3859005,4.563469
1559,2026-05-11 16:15:02.957037,1.3766657,-0.0062808543,-0.32605562,-1.8025106,1.3859005,4.563469
1560,2026-05-11 16:15:02.959588,1.3766657,-0.0062808543,-0.32605562,-1.8025106,1.3859005,4.563469
1561,2026-05-11 16:15:02.962152,1.3766657,-0.0062808543,-0.32605562,-1.8025106,1.3859005,4.563469
1562,2026-05-11 16:15:02.965375,1.3766657,-0.0062808543,-0.32605562,-1.8025106,1.3859005,4.563469
1563,2026-05-11 16:15:02.968340,1.3766657,-0.0062808543,-0.32605562,-1.8025106,1.3859005,4.563469
1564,2026-05-11 16:15:02.971140,1.3766657,-0.0062808543,-0.32605562,-1.8025106,1.3859005,4.563469
1565,2026-05-11 16:15:02.973756,1.3766657,-0.0062808543,-0.32605562,-1.8025106,1.3859005,4.563469
1566,2026-05-11 16:15:02.976526,1.3766657,-0.0062808543,-0.32605562,-1.8025106,1.3859005,4.563469
1567,2026-05-11 16:15:02.979275,1.3766657,-0.0062808543,-0.32605562,-1.8025106,1.3859005,4.563469
1568,2026-05-11 16:15:02.982384,1.3766657,-0.0062808543,-0.32605562,-1.8025106,1.3859005,4.563469
1569,2026-05-11 16:15:02.985350,1.3766657,-0.0062808543,-0.32605562,-1.8025106,1.3859005,4.563469
1570,2026-05-11 16:15:02.988045,1.3766657,-0.0062808543,-0.32605562,-1.8025106,1.3859005,4.563469
1571,2026-05-11 16:15:02.990643,1.3766657,-0.0062808543,-0.32605562,-1.8025106,1.3859005,4.563469
1572,2026-05-11 16:15:02.993347,1.3766657,-0.0062808543,-0.32605562,-1.8025106,1.3859005,4.563469
1573,2026-05-11 16:15:02.995909,1.3766657,-0.0062808543,-0.32605562,-1.8025106,1.3859005,4.563469
1574,2026-05-11 16:15:02.998824,1.3766657,-0.0062808543,-0.32605562,-1.8025106,1.3859005,4.563469
1575,2026-05-11 16:15:03.001553,1.3766657,-0.0062808543,-0.32605562,-1.8025106,1.3859005,4.563469
1576,2026-05-11 16:15:03.004152,1.3766657,-0.0062808543,-0.32605562,-1.8025106,1.3859005,4.563469
1577,2026-05-11 16:15:03.006901,1.3766657,-0.0062808543,-0.32605562,-1.8025106,1.3859005,4.563469
1578,2026-05-11 16:15:03.009655,1.3766657,-0.0062808543,-0.32605562,-1.8025106,1.3859005,4.563469
1579,2026-05-11 16:15:03.012463,1.1331758,0.082199916,-0.3603259,-1.8025106,1.3859005,4.563469
1580,2026-05-11 16:15:03.015232,1.1331758,0.082199916,-0.3603259,-1.8025106,1.3859005,4.563469
1581,2026-05-11 16:15:03.018398,1.1331758,0.082199916,-0.3603259,-2.3614523,1.2124147,4.5312457
1582,2026-05-11 16:15:03.021011,1.1331758,0.082199916,-0.3603259,-2.3614523,1.2124147,4.5312457
1583,2026-05-11 16:15:03.023821,1.1331758,0.082199916,-0.3603259,-2.6459627,1.1452196,4.612949
1584,2026-05-11 16:15:03.026449,1.1331758,0.082199916,-0.3603259,-2.6459627,1.1452196,4.612949
1585,2026-05-11 16:15:03.029063,1.1331758,0.082199916,-0.3603259,-2.6459627,1.1452196,4.612949
1586,2026-05-11 16:15:03.031829,1.0812826,0.11671413,-0.29568797,-2.6459627,1.1452196,4.612949
1587,2026-05-11 16:15:03.035172,1.0812826,0.11671413,-0.29568797,-2.6459627,1.1452196,4.612949
1588,2026-05-11 16:15:03.037828,1.0812826,0.11671413,-0.29568797,-2.6459627,1.1452196,4.612949
1589,2026-05-11 16:15:03.040508,1.0812826,0.11671413,-0.29568797,-2.6459627,1.1452196,4.612949
1590,2026-05-11 16:15:03.043085,1.0812826,0.11671413,-0.29568797,-2.6459627,1.1452196,4.612949
1591,2026-05-11 16:15:03.045667,1.0812826,0.11671413,-0.29568797,-2.6459627,1.1452196,4.612949
1592,2026-05-11 16:15:03.048353,1.0812826,0.11671413,-0.29568797,-3.0159945,1.0361801,4.822781
1593,2026-05-11 16:15:03.051479,1.0812826,0.11671413,-0.29568797,-3.0159945,1.0361801,4.822781
1594,2026-05-11 16:15:03.054144,1.0812826,0.11671413,-0.29568797,-3.0159945,1.0361801,4.822781
1595,2026-05-11 16:15:03.056874,1.0812826,0.11671413,-0.29568797,-3.0159945,1.0361801,4.822781
1596,2026-05-11 16:15:03.059813,1.0812826,0.11671413,-0.29568797,-3.0159945,1.0361801,4.822781
1597,2026-05-11 16:15:03.062581,1.0812826,0.11671413,-0.29568797,-3.0159945,1.0361801,4.822781
1598,2026-05-11 16:15:03.065727,1.0812826,0.11671413,-0.29568797,-3.0159945,1.0361801,4.822781
1599,2026-05-11 16:15:03.068534,1.1559821,0.20159712,-0.110189356,-3.0159945,1.0361801,4.822781
1600,2026-05-11 16:15:03.071134,1.1559821,0.20159712,-0.110189356,-3.0159945,1.0361801,4.822781
1601,2026-05-11 16:15:03.073907,1.1559821,0.20159712,-0.110189356,-3.0159945,1.0361801,4.822781
1602,2026-05-11 16:15:03.076641,1.1559821,0.20159712,-0.110189356,-3.0159945,1.0361801,4.822781
1603,2026-05-11 16:15:03.079221,1.1559821,0.20159712,-0.110189356,-3.0159945,1.0361801,4.822781
1604,2026-05-11 16:15:03.081847,1.1559821,0.20159712,-0.110189356,-3.0159945,1.0361801,4.822781
1605,2026-05-11 16:15:03.085178,1.1559821,0.20159712,-0.110189356,-3.0159945,1.0361801,4.822781
1606,2026-05-11 16:15:03.088011,1.3795317,0.32447016,0.050734665,-3.0159945,1.0361801,4.822781
1607,2026-05-11 16:15:03.090738,1.3795317,0.32447016,0.050734665,-3.0159945,1.0361801,4.822781
1608,2026-05-11 16:15:03.093313,1.3795317,0.32447016,0.050734665,-3.0159945,1.0361801,4.822781
1609,2026-05-11 16:15:03.096000,1.3795317,0.32447016,0.050734665,-3.0159945,1.0361801,4.822781
1610,2026-05-11 16:15:03.098671,1.3795317,0.32447016,0.050734665,-3.0159945,1.0361801,4.822781
1611,2026-05-11 16:15:03.101896,1.3795317,0.32447016,0.050734665,-3.0159945,1.0361801,4.822781
1612,2026-05-11 16:15:03.104742,1.3795317,0.32447016,0.050734665,-3.0159945,1.0361801,4.822781
1613,2026-05-11 16:15:03.107599,1.3795317,0.32447016,0.050734665,-3.0159945,1.0361801,4.822781
1614,2026-05-11 16:15:03.110310,1.3795317,0.32447016,0.050734665,-3.0159945,1.0361801,4.822781
1615,2026-05-11 16:15:03.113013,1.3795317,0.32447016,0.050734665,-3.0159945,1.0361801,4.822781
1616,2026-05-11 16:15:03.116189,1.3795317,0.32447016,0.050734665,-2.9999592,1.1333077,4.64899
1617,2026-05-11 16:15:03.119186,1.4603292,0.39465716,0.12964171,-2.9999592,1.1333077,4.64899
1618,2026-05-11 16:15:03.121803,1.4603292,0.39465716,0.12964171,-2.9999592,1.1333077,4.64899
1619,2026-05-11 16:15:03.124679,1.4603292,0.39465716,0.12964171,-2.9999592,1.1333077,4.64899
1620,2026-05-11 16:15:03.127384,1.4603292,0.39465716,0.12964171,-2.9999592,1.1333077,4.64899
1621,2026-05-11 16:15:03.130140,1.4603292,0.39465716,0.12964171,-2.9999592,1.1333077,4.64899
1622,2026-05-11 16:15:03.133370,1.4603292,0.39465716,0.12964171,-2.9999592,1.1333077,4.64899
1623,2026-05-11 16:15:03.136183,1.4603292,0.39465716,0.12964171,-2.6648996,1.0783299,4.3217187
1624,2026-05-11 16:15:03.138893,1.5252719,0.5188717,0.2816018,-2.6648996,1.0783299,4.3217187
1625,2026-05-11 16:15:03.141582,1.5252719,0.5188717,0.2816018,-2.6648996,1.0783299,4.3217187
1626,2026-05-11 16:15:03.144164,1.5252719,0.5188717,0.2816018,-2.6648996,1.0783299,4.3217187
1627,2026-05-11 16:15:03.146927,1.5252719,0.5188717,0.2816018,-2.6648996,1.0783299,4.3217187
1628,2026-05-11 16:15:03.150146,1.5252719,0.5188717,0.2816018,-2.6648996,1.0783299,4.3217187
1629,2026-05-11 16:15:03.152942,1.5252719,0.5188717,0.2816018,-2.6648996,1.0783299,4.3217187
1630,2026-05-11 16:15:03.155547,1.5252719,0.5188717,0.2816018,-2.6648996,1.0783299,4.3217187
1631,2026-05-11 16:15:03.158420,1.5490538,0.5815583,0.32325056,-2.6648996,1.0783299,4.3217187
1632,2026-05-11 16:15:03.161004,1.5490538,0.5815583,0.32325056,-2.6648996,1.0783299,4.3217187
1633,2026-05-11 16:15:03.163664,1.5490538,0.5815583,0.32325056,-2.3689353,0.9747882,4.1357102
1634,2026-05-11 16:15:03.166981,1.5490538,0.5815583,0.32325056,-2.3689353,0.9747882,4.1357102
1635,2026-05-11 16:15:03.169868,2.0138369,0.8446834,0.18171792,-1.7321084,0.6571383,3.7965274
1636,2026-05-11 16:15:03.172476,2.0138369,0.8446834,0.18171792,-1.3245085,0.50533825,3.3948836
1637,2026-05-11 16:15:03.175235,2.0138369,0.8446834,0.18171792,-1.3245085,0.50533825,3.3948836
1638,2026-05-11 16:15:03.177932,2.0138369,0.8446834,0.18171792,-1.3245085,0.50533825,3.3948836
1639,2026-05-11 16:15:03.180499,2.0138369,0.8446834,0.18171792,-1.3245085,0.50533825,3.3948836
1640,2026-05-11 16:15:03.183526,2.0138369,0.8446834,0.18171792,-1.3245085,0.50533825,3.3948836
1641,2026-05-11 16:15:03.186395,2.0138369,0.8446834,0.18171792,-1.3245085,0.50533825,3.3948836
1642,2026-05-11 16:15:03.189192,2.0138369,0.8446834,0.18171792,-1.3245085,0.50533825,3.3948836
1643,2026-05-11 16:15:03.191851,2.0138369,0.8446834,0.18171792,-1.3245085,0.50533825,3.3948836
1644,2026-05-11 16:15:03.194612,2.0138369,0.8446834,0.18171792,-1.3245085,0.50533825,3.3948836
1645,2026-05-11 16:15:03.197241,2.0138369,0.8446834,0.18171792,-1.3245085,0.50533825,3.3948836
1646,2026-05-11 16:15:03.200509,2.0138369,0.8446834,0.18171792,-1.3245085,0.50533825,3.3948836
1647,2026-05-11 16:15:03.203329,2.0138369,0.8446834,0.18171792,-1.3245085,0.50533825,3.3948836
1648,2026-05-11 16:15:03.206049,2.0138369,0.8446834,0.18171792,-1.3245085,0.50533825,3.3948836
1649,2026-05-11 16:15:03.208704,2.0138369,0.8446834,0.18171792,-1.3245085,0.50533825,3.3948836
1650,2026-05-11 16:15:03.211374,2.0138369,0.8446834,0.18171792,-1.3245085,0.50533825,3.3948836
1651,2026-05-11 16:15:03.213938,2.0138369,0.8446834,0.18171792,-1.3245085,0.50533825,3.3948836
1652,2026-05-11 16:15:03.217100,2.0138369,0.8446834,0.18171792,-1.3245085,0.50533825,3.3948836
1653,2026-05-11 16:15:03.219937,2.1696997,0.9496286,0.047258858,-1.3245085,0.50533825,3.3948836
1654,2026-05-11 16:15:03.222646,2.1696997,0.9496286,0.047258858,-1.3245085,0.50533825,3.3948836
1655,2026-05-11 16:15:03.225294,2.1696997,0.9496286,0.047258858,-1.3245085,0.50533825,3.3948836
1656,2026-05-11 16:15:03.227873,2.1696997,0.9496286,0.047258858,-1.3245085,0.50533825,3.3948836
1657,2026-05-11 16:15:03.230469,2.1696997,0.9496286,0.047258858,-1.3245085,0.50533825,3.3948836
1658,2026-05-11 16:15:03.233538,2.1696997,0.9496286,0.047258858,-1.3245085,0.50533825,3.3948836
1659,2026-05-11 16:15:03.236315,2.1696997,0.9496286,0.047258858,-1.3245085,0.50533825,3.3948836
1660,2026-05-11 16:15:03.239054,2.1696997,0.9496286,0.047258858,-1.3245085,0.50533825,3.3948836
1661,2026-05-11 16:15:03.241704,2.1696997,0.9496286,0.047258858,-1.3245085,0.50533825,3.3948836
1662,2026-05-11 16:15:03.244452,2.1696997,0.9496286,0.047258858,-1.3245085,0.50533825,3.3948836
1663,2026-05-11 16:15:03.247041,2.1696997,0.9496286,0.047258858,-1.3245085,0.50533825,3.3948836
1664,2026-05-11 16:15:03.249935,2.1696997,0.9496286,0.047258858,-1.3245085,0.50533825,3.3948836
1665,2026-05-11 16:15:03.252571,2.1696997,0.9496286,0.047258858,-1.3245085,0.50533825,3.3948836
1666,2026-05-11 16:15:03.255211,2.1696997,0.9496286,0.047258858,-1.1890492,0.39064834,2.9281826
1667,2026-05-11 16:15:03.258043,2.1696997,0.9496286,0.047258858,-1.1890492,0.39064834,2.9281826
1668,2026-05-11 16:15:03.260910,2.1962867,1.0037781,-0.046892982,-1.3238977,0.10995574,2.0879374
1669,2026-05-11 16:15:03.263550,2.1962867,1.0037781,-0.046892982,-1.3238977,0.10995574,2.0879374
1670,2026-05-11 16:15:03.266541,2.1962867,1.0037781,-0.046892982,-1.3238977,0.10995574,2.0879374
1671,2026-05-11 16:15:03.269288,2.1962867,1.0037781,-0.046892982,-1.3238977,0.10995574,2.0879374
1672,2026-05-11 16:15:03.271852,2.1962867,1.0037781,-0.046892982,-1.3238977,0.10995574,2.0879374
1673,2026-05-11 16:15:03.274675,2.1962867,1.0037781,-0.046892982,-1.3238977,0.10995574,2.0879374
1674,2026-05-11 16:15:03.277383,2.1590893,0.99371654,-0.017866896,-1.3238977,0.10995574,2.0879374
1675,2026-05-11 16:15:03.280107,2.1590893,0.99371654,-0.017866896,-1.3238977,0.10995574,2.0879374
1676,2026-05-11 16:15:03.283141,2.1590893,0.99371654,-0.017866896,-1.3238977,0.10995574,2.0879374
1677,2026-05-11 16:15:03.285964,2.1590893,0.99371654,-0.017866896,-1.3238977,0.10995574,2.0879374
1678,2026-05-11 16:15:03.288571,2.1590893,0.99371654,-0.017866896,-1.4425583,-0.05467244,1.7458528
1679,2026-05-11 16:15:03.291272,2.1590893,0.99371654,-0.017866896,-1.4425583,-0.05467244,1.7458528
1680,2026-05-11 16:15:03.293819,2.1590893,0.99371654,-0.017866896,-1.4425583,-0.05467244,1.7458528
1681,2026-05-11 16:15:03.296596,2.1590893,0.99371654,-0.017866896,-1.4425583,-0.05467244,1.7458528
1682,2026-05-11 16:15:03.299582,2.1590893,0.99371654,-0.017866896,-1.4425583,-0.05467244,1.7458528
1683,2026-05-11 16:15:03.302443,2.016703,0.94285995,0.18781583,-1.4425583,-0.05467244,1.7458528
1684,2026-05-11 16:15:03.305108,2.016703,0.94285995,0.18781583,-1.5607607,-0.24266621,1.4352279
1685,2026-05-11 16:15:03.307693,2.016703,0.94285995,0.18781583,-1.5607607,-0.24266621,1.4352279
1686,2026-05-11 16:15:03.310499,2.016703,0.94285995,0.18781583,-1.5271631,-0.2863431,1.3541355
1687,2026-05-11 16:15:03.313065,2.016703,0.94285995,0.18781583,-1.5271631,-0.2863431,1.3541355
1688,2026-05-11 16:15:03.316115,2.016703,0.94285995,0.18781583,-1.5271631,-0.2863431,1.3541355
1689,2026-05-11 16:15:03.318805,2.016703,0.94285995,0.18781583,-1.5271631,-0.2863431,1.3541355
1690,2026-05-11 16:15:03.321383,2.016703,0.94285995,0.18781583,-1.5271631,-0.2863431,1.3541355
1691,2026-05-11 16:15:03.324197,2.016703,0.94285995,0.18781583,-1.5271631,-0.2863431,1.3541355
1692,2026-05-11 16:15:03.326903,2.0357895,0.933896,0.37191194,-1.3213016,-0.3239113,1.341002
1693,2026-05-11 16:15:03.329518,2.2389112,0.96645886,0.5213109,-0.9640981,-0.35521814,1.2399037
1694,2026-05-11 16:15:03.332615,2.5831995,1.0510979,0.6008277,-0.9640981,-0.35521814,1.2399037
1695,2026-05-11 16:15:03.335567,2.5831995,1.0510979,0.6008277,-0.9640981,-0.35521814,1.2399037
1696,2026-05-11 16:15:03.338213,2.5831995,1.0510979,0.6008277,-0.9640981,-0.35521814,1.2399037
1697,2026-05-11 16:15:03.340833,2.5831995,1.0510979,0.6008277,-0.9640981,-0.35521814,1.2399037
1698,2026-05-11 16:15:03.343662,2.5831995,1.0510979,0.6008277,-0.9640981,-0.35521814,1.2399037
1699,2026-05-11 16:15:03.346265,2.5831995,1.0510979,0.6008277,-0.9640981,-0.35521814,1.2399037
1700,2026-05-11 16:15:03.349344,2.5831995,1.0510979,0.6008277,-0.9640981,-0.35521814,1.2399037
1701,2026-05-11 16:15:03.352329,2.5831995,1.0510979,0.6008277,-0.9640981,-0.35521814,1.2399037
1702,2026-05-11 16:15:03.354994,2.5831995,1.0510979,0.6008277,-0.9640981,-0.35521814,1.2399037
1703,2026-05-11 16:15:03.357734,2.815896,1.1273829,0.61948735,-0.70631295,-0.3755294,1.0693196
1704,2026-05-11 16:15:03.360372,2.815896,1.1273829,0.61948735,-0.70631295,-0.3755294,1.0693196
1705,2026-05-11 16:15:03.362914,2.815896,1.1273829,0.61948735,-0.70631295,-0.3755294,1.0693196
1706,2026-05-11 16:15:03.366253,2.815896,1.1273829,0.61948735,-0.70631295,-0.3755294,1.0693196
1707,2026-05-11 16:15:03.369102,2.815896,1.1273829,0.61948735,-0.70631295,-0.3755294,1.0693196
1708,2026-05-11 16:15:03.371737,2.815896,1.1273829,0.61948735,-0.70631295,-0.3755294,1.0693196
1709,2026-05-11 16:15:03.374325,2.815896,1.1273829,0.61948735,-0.70631295,-0.3755294,1.0693196
1710,2026-05-11 16:15:03.376873,2.815896,1.1273829,0.61948735,-0.70631295,-0.3755294,1.0693196
1711,2026-05-11 16:15:03.379651,2.815896,1.1273829,0.61948735,-0.70631295,-0.3755294,1.0693196
1712,2026-05-11 16:15:03.382578,2.815896,1.1273829,0.61948735,-0.70631295,-0.3755294,1.0693196
1713,2026-05-11 16:15:03.385560,2.815896,1.1273829,0.61948735,-0.70631295,-0.3755294,1.0693196
1714,2026-05-11 16:15:03.388187,2.815896,1.1273829,0.61948735,-0.70631295,-0.3755294,1.0693196
1715,2026-05-11 16:15:03.390764,2.815896,1.1273829,0.61948735,-0.70631295,-0.3755294,1.0693196
1716,2026-05-11 16:15:03.393594,2.815896,1.1273829,0.61948735,-0.70631295,-0.3755294,1.0693196
1717,2026-05-11 16:15:03.396197,2.815896,1.1273829,0.61948735,-0.70631295,-0.3755294,1.0693196
1718,2026-05-11 16:15:03.398919,2.815896,1.1273829,0.61948735,-0.70631295,-0.3755294,1.0693196
1719,2026-05-11 16:15:03.402148,2.815896,1.1273829,0.61948735,-0.70631295,-0.3755294,1.0693196
1720,2026-05-11 16:15:03.404937,3.217017,1.2836114,0.573753,-0.1928807,-0.408058,0.40851614
1721,2026-05-11 16:15:03.407690,3.217017,1.2836114,0.573753,-0.1928807,-0.408058,0.40851614
1722,2026-05-11 16:15:03.410329,3.217017,1.2836114,0.573753,-0.1928807,-0.408058,0.40851614
1723,2026-05-11 16:15:03.413089,3.217017,1.2836114,0.573753,-0.1928807,-0.408058,0.40851614
1724,2026-05-11 16:15:03.416463,3.217017,1.2836114,0.573753,0.15760323,-0.3680463,-0.37094793
1725,2026-05-11 16:15:03.419307,3.217017,1.2836114,0.573753,0.15760323,-0.3680463,-0.37094793
1726,2026-05-11 16:15:03.421916,3.217017,1.2836114,0.573753,0.15760323,-0.3680463,-0.37094793
1727,2026-05-11 16:15:03.424795,3.217017,1.2836114,0.573753,0.15760323,-0.3680463,-0.37094793
1728,2026-05-11 16:15:03.427701,3.3855026,1.3309313,0.49277264,0.15760323,-0.3680463,-0.37094793
1729,2026-05-11 16:15:03.430353,3.3855026,1.3309313,0.49277264,0.15760323,-0.3680463,-0.37094793
1730,2026-05-11 16:15:03.433465,3.3855026,1.3309313,0.49277264,0.15760323,-0.3680463,-0.37094793
1731,2026-05-11 16:15:03.436268,3.3855026,1.3309313,0.49277264,0.15760323,-0.3680463,-0.37094793
1732,2026-05-11 16:15:03.438860,3.3855026,1.3309313,0.49277264,0.15760323,-0.3680463,-0.37094793
1733,2026-05-11 16:15:03.441460,3.3855026,1.3309313,0.49277264,0.15760323,-0.3680463,-0.37094793
1734,2026-05-11 16:15:03.444356,3.3329992,1.3301386,0.41417053,0.39690968,-0.20143281,-1.2076806
1735,2026-05-11 16:15:03.446962,3.3329992,1.3301386,0.41417053,0.39690968,-0.20143281,-1.2076806
1736,2026-05-11 16:15:03.450226,3.3329992,1.3301386,0.41417053,0.39690968,-0.20143281,-1.2076806
1737,2026-05-11 16:15:03.453010,3.3329992,1.3301386,0.41417053,0.39690968,-0.20143281,-1.2076806
1738,2026-05-11 16:15:03.455750,3.1038396,1.2509266,0.336605,0.5320636,0.045356743,-1.9663752
1739,2026-05-11 16:15:03.458483,3.1038396,1.2509266,0.336605,0.5320636,0.045356743,-1.9663752
1740,2026-05-11 16:15:03.461109,3.1038396,1.2509266,0.336605,0.5320636,0.045356743,-1.9663752
1741,2026-05-11 16:15:03.463878,3.1038396,1.2509266,0.336605,0.5320636,0.045356743,-1.9663752
1742,2026-05-11 16:15:03.467023,3.1038396,1.2509266,0.336605,0.5320636,0.045356743,-1.9663752
1743,2026-05-11 16:15:03.469886,3.1038396,1.2509266,0.336605,0.5320636,0.045356743,-1.9663752
1744,2026-05-11 16:15:03.472591,3.1038396,1.2509266,0.336605,0.5320636,0.045356743,-1.9663752
1745,2026-05-11 16:15:03.475185,3.1038396,1.2509266,0.336605,0.5320636,0.045356743,-1.9663752
1746,2026-05-11 16:15:03.478060,3.1038396,1.2509266,0.336605,0.5320636,0.045356743,-1.9663752
1747,2026-05-11 16:15:03.480857,2.930293,1.1552503,0.30599347,0.5320636,0.045356743,-1.9663752
1748,2026-05-11 16:15:03.483826,2.930293,1.1552503,0.30599347,0.5320636,0.045356743,-1.9663752
1749,2026-05-11 16:15:03.486682,2.930293,1.1552503,0.30599347,0.5320636,0.045356743,-1.9663752
1750,2026-05-11 16:15:03.489289,2.930293,1.1552503,0.30599347,0.5320636,0.045356743,-1.9663752
1751,2026-05-11 16:15:03.491841,2.930293,1.1552503,0.30599347,0.5320636,0.045356743,-1.9663752
1752,2026-05-11 16:15:03.494595,2.930293,1.1552503,0.30599347,0.5320636,0.045356743,-1.9663752
1753,2026-05-11 16:15:03.497217,2.930293,1.1552503,0.30599347,0.5320636,0.045356743,-1.9663752
1754,2026-05-11 16:15:03.500330,2.930293,1.1552503,0.30599347,0.5320636,0.045356743,-1.9663752
1755,2026-05-11 16:15:03.503104,2.930293,1.1552503,0.30599347,0.5320636,0.045356743,-1.9663752
1756,2026-05-11 16:15:03.505693,2.930293,1.1552503,0.30599347,0.5320636,0.045356743,-1.9663752
1757,2026-05-11 16:15:03.508314,2.930293,1.1552503,0.30599347,0.5320636,0.045356743,-1.9663752
1758,2026-05-11 16:15:03.511222,2.930293,1.1552503,0.30599347,0.5795584,0.20723604,-2.3324363
1759,2026-05-11 16:15:03.513900,2.930293,1.1552503,0.30599347,0.5795584,0.20723604,-2.3324363
1760,2026-05-11 16:15:03.517008,2.930293,1.1552503,0.30599347,0.5795584,0.20723604,-2.3324363
1761,2026-05-11 16:15:03.519877,2.930293,1.1552503,0.30599347,0.5795584,0.20723604,-2.3324363
1762,2026-05-11 16:15:03.522645,2.930293,1.1552503,0.30599347,0.5795584,0.20723604,-2.3324363
1763,2026-05-11 16:15:03.525274,2.930293,1.1552503,0.30599347,0.5795584,0.20723604,-2.3324363
1764,2026-05-11 16:15:03.528126,2.930293,1.1552503,0.30599347,0.68233645,0.3912592,-2.8535042
1765,2026-05-11 16:15:03.530766,2.930293,1.1552503,0.30599347,0.68233645,0.3912592,-2.8535042
1766,2026-05-11 16:15:03.533771,2.930293,1.1552503,0.30599347,0.68233645,0.3912592,-2.8535042
1767,2026-05-11 16:15:03.536471,2.930293,1.1552503,0.30599347,0.68233645,0.3912592,-2.8535042
1768,2026-05-11 16:15:03.539261,2.5771017,0.9200537,0.29422447,0.68233645,0.3912592,-2.8535042
1769,2026-05-11 16:15:03.541954,2.5771017,0.9200537,0.29422447,0.68233645,0.3912592,-2.8535042
1770,2026-05-11 16:15:03.544701,2.5771017,0.9200537,0.29422447,0.68233645,0.3912592,-2.8535042
1771,2026-05-11 16:15:03.547281,2.5771017,0.9200537,0.29422447,0.68233645,0.3912592,-2.8535042
1772,2026-05-11 16:15:03.550482,2.5771017,0.9200537,0.29422447,0.68233645,0.3912592,-2.8535042
1773,2026-05-11 16:15:03.553346,2.5771017,0.9200537,0.29422447,0.68233645,0.3912592,-2.8535042
1774,2026-05-11 16:15:03.556047,2.5771017,0.9200537,0.29422447,0.68233645,0.3912592,-2.8535042
1775,2026-05-11 16:15:03.558626,2.5771017,0.9200537,0.29422447,0.68233645,0.3912592,-2.8535042
1776,2026-05-11 16:15:03.561309,2.5771017,0.9200537,0.29422447,0.68233645,0.3912592,-2.8535042
1777,2026-05-11 16:15:03.563904,2.5771017,0.9200537,0.29422447,0.68233645,0.3912592,-2.8535042
1778,2026-05-11 16:15:03.567278,2.5771017,0.9200537,0.29422447,0.68233645,0.3912592,-2.8535042
1779,2026-05-11 16:15:03.570068,2.5771017,0.9200537,0.29422447,0.68233645,0.3912592,-2.8535042
1780,2026-05-11 16:15:03.572777,2.5771017,0.9200537,0.29422447,0.68233645,0.3912592,-2.8535042
1781,2026-05-11 16:15:03.575476,2.5771017,0.9200537,0.29422447,0.68233645,0.3912592,-2.8535042
1782,2026-05-11 16:15:03.578063,2.5771017,0.9200537,0.29422447,0.68233645,0.3912592,-2.8535042
1783,2026-05-11 16:15:03.580783,2.5771017,0.9200537,0.29422447,0.68233645,0.3912592,-2.8535042
1784,2026-05-11 16:15:03.583900,2.2926948,0.75345856,0.31209138,0.9042333,0.377362,-3.121674
1785,2026-05-11 16:15:03.586725,2.2926948,0.75345856,0.31209138,0.9042333,0.377362,-3.121674
1786,2026-05-11 16:15:03.589494,2.1409786,0.67180747,0.30007848,0.9042333,0.377362,-3.121674
1787,2026-05-11 16:15:03.592155,2.1409786,0.67180747,0.30007848,0.9042333,0.377362,-3.121674
1788,2026-05-11 16:15:03.594798,2.1409786,0.67180747,0.30007848,0.9042333,0.377362,-3.121674
1789,2026-05-11 16:15:03.597505,2.1409786,0.67180747,0.30007848,0.9042333,0.377362,-3.121674
1790,2026-05-11 16:15:03.600569,2.1409786,0.67180747,0.30007848,0.9964739,0.34040466,-3.1612277
1791,2026-05-11 16:15:03.603345,2.1409786,0.67180747,0.30007848,0.9964739,0.34040466,-3.1612277
1792,2026-05-11 16:15:03.606035,2.1409786,0.67180747,0.30007848,0.9964739,0.34040466,-3.1612277
1793,2026-05-11 16:15:03.608719,2.1409786,0.67180747,0.30007848,0.9964739,0.34040466,-3.1612277
1794,2026-05-11 16:15:03.611354,2.1409786,0.67180747,0.30007848,0.9964739,0.34040466,-3.1612277
1795,2026-05-11 16:15:03.614255,2.1409786,0.67180747,0.30007848,0.9964739,0.34040466,-3.1612277
1796,2026-05-11 16:15:03.617467,2.1409786,0.67180747,0.30007848,0.9964739,0.34040466,-3.1612277
1797,2026-05-11 16:15:03.620141,2.1409786,0.67180747,0.30007848,0.9964739,0.34040466,-3.1612277
1798,2026-05-11 16:15:03.622718,2.1409786,0.67180747,0.30007848,0.9964739,0.34040466,-3.1612277
1799,2026-05-11 16:15:03.625462,2.1409786,0.67180747,0.30007848,1.138042,0.28710666,-3.1754303
1800,2026-05-11 16:15:03.628044,2.1409786,0.67180747,0.30007848,1.138042,0.28710666,-3.1754303
1801,2026-05-11 16:15:03.630615,2.1409786,0.67180747,0.30007848,1.138042,0.28710666,-3.1754303
1802,2026-05-11 16:15:03.633653,2.1409786,0.67180747,0.30007848,1.138042,0.28710666,-3.1754303
1803,2026-05-11 16:15:03.636324,2.1409786,0.67180747,0.30007848,1.138042,0.28710666,-3.1754303
1804,2026-05-11 16:15:03.639118,1.7469312,0.5543006,0.010427438,1.138042,0.28710666,-3.1754303
1805,2026-05-11 16:15:03.641753,1.7469312,0.5543006,0.010427438,1.138042,0.28710666,-3.1754303
1806,2026-05-11 16:15:03.644320,1.7469312,0.5543006,0.010427438,1.138042,0.28710666,-3.1754303
1807,2026-05-11 16:15:03.647137,1.8720604,0.5836926,0.12445848,0.42546764,0.8594874,-2.8362474
1808,2026-05-11 16:15:03.650149,1.8720604,0.5836926,0.12445848,0.42546764,0.8594874,-2.8362474
1809,2026-05-11 16:15:03.652976,1.8688896,0.58027774,0.23251356,0.5012149,1.0138836,-3.143818
1810,2026-05-11 16:15:03.655745,1.8688896,0.58027774,0.23251356,0.5012149,1.0138836,-3.143818
1811,2026-05-11 16:15:03.658374,1.8688896,0.58027774,0.23251356,0.5012149,1.0138836,-3.143818
1812,2026-05-11 16:15:03.661190,1.8688896,0.58027774,0.23251356,0.5012149,1.0138836,-3.143818
1813,2026-05-11 16:15:03.663779,1.8688896,0.58027774,0.23251356,0.5012149,1.0138836,-3.143818
1814,2026-05-11 16:15:03.667002,1.8688896,0.58027774,0.23251356,0.5012149,1.0138836,-3.143818
1815,2026-05-11 16:15:03.669903,1.8688896,0.58027774,0.23251356,0.5012149,1.0138836,-3.143818
1816,2026-05-11 16:15:03.672556,1.8688896,0.58027774,0.23251356,0.5012149,1.0138836,-3.143818
1817,2026-05-11 16:15:03.675147,1.8688896,0.58027774,0.23251356,0.5012149,1.0138836,-3.143818
1818,2026-05-11 16:15:03.678042,1.8688896,0.58027774,0.23251356,0.63499445,1.0823005,-3.392593
1819,2026-05-11 16:15:03.680664,1.8688896,0.58027774,0.23251356,0.63499445,1.0823005,-3.392593
1820,2026-05-11 16:15:03.683999,1.8688896,0.58027774,0.23251356,0.63499445,1.0823005,-3.392593
1821,2026-05-11 16:15:03.686957,1.7751646,0.5422268,0.27001578,0.63499445,1.0823005,-3.392593
1822,2026-05-11 16:15:03.689708,1.7751646,0.5422268,0.27001578,0.63499445,1.0823005,-3.392593
1823,2026-05-11 16:15:03.692306,1.7751646,0.5422268,0.27001578,0.63499445,1.0823005,-3.392593
1824,2026-05-11 16:15:03.695000,1.7751646,0.5422268,0.27001578,0.63499445,1.0823005,-3.392593
1825,2026-05-11 16:15:03.697705,1.7751646,0.5422268,0.27001578,0.63499445,1.0823005,-3.392593
1826,2026-05-11 16:15:03.700999,1.7751646,0.5422268,0.27001578,0.63499445,1.0823005,-3.392593
1827,2026-05-11 16:15:03.703824,1.7751646,0.5422268,0.27001578,0.63499445,1.0823005,-3.392593
1828,2026-05-11 16:15:03.706574,1.7751646,0.5422268,0.27001578,0.63499445,1.0823005,-3.392593
1829,2026-05-11 16:15:03.709392,1.4531335,0.43594006,0.26653996,1.010982,1.1151345,-3.7716348
1830,2026-05-11 16:15:03.712020,1.4531335,0.43594006,0.26653996,1.010982,1.1151345,-3.7716348
1831,2026-05-11 16:15:03.714588,1.4531335,0.43594006,0.26653996,1.010982,1.1151345,-3.7716348
1832,2026-05-11 16:15:03.717727,1.4531335,0.43594006,0.26653996,1.010982,1.1151345,-3.7716348
1833,2026-05-11 16:15:03.720558,1.4531335,0.43594006,0.26653996,1.010982,1.1151345,-3.7716348
1834,2026-05-11 16:15:03.723140,1.4531335,0.43594006,0.26653996,1.010982,1.1151345,-3.7716348
1835,2026-05-11 16:15:03.725802,1.4531335,0.43594006,0.26653996,1.010982,1.1151345,-3.7716348
1836,2026-05-11 16:15:03.728379,1.4531335,0.43594006,0.26653996,1.010982,1.1151345,-3.7716348
1837,2026-05-11 16:15:03.730945,1.4531335,0.43594006,0.26653996,1.010982,1.1151345,-3.7716348
1838,2026-05-11 16:15:03.734142,1.2040337,0.3605698,0.19373082,1.3060299,1.01312,-3.8733437
1839,2026-05-11 16:15:03.736853,1.2040337,0.3605698,0.19373082,1.3060299,1.01312,-3.8733437
1840,2026-05-11 16:15:03.739575,1.2040337,0.3605698,0.19373082,1.3060299,1.01312,-3.8733437
1841,2026-05-11 16:15:03.742387,1.2040337,0.3605698,0.19373082,1.3060299,1.01312,-3.8733437
1842,2026-05-11 16:15:03.745047,1.2040337,0.3605698,0.19373082,1.3060299,1.01312,-3.8733437
1843,2026-05-11 16:15:03.747876,1.2040337,0.3605698,0.19373082,1.3060299,1.01312,-3.8733437
1844,2026-05-11 16:15:03.751065,1.2040337,0.3605698,0.19373082,1.5031867,0.8535315,-3.8802161
1845,2026-05-11 16:15:03.753902,1.2040337,0.3605698,0.19373082,1.5031867,0.8535315,-3.8802161
1846,2026-05-11 16:15:03.756575,0.96444654,0.22489117,-0.010122542,1.5031867,0.8535315,-3.8802161
1847,2026-05-11 16:15:03.759474,0.96444654,0.22489117,-0.010122542,1.5607607,0.7145596,-3.9086213
1848,2026-05-11 16:15:03.762157,0.96444654,0.22489117,-0.010122542,1.5607607,0.7145596,-3.9086213
1849,2026-05-11 16:15:03.764743,0.96444654,0.22489117,-0.010122542,1.5607607,0.7145596,-3.9086213
1850,2026-05-11 16:15:03.768064,0.96444654,0.22489117,-0.010122542,1.5607607,0.7145596,-3.9086213
1851,2026-05-11 16:15:03.770900,0.96444654,0.22489117,-0.010122542,1.5607607,0.7145596,-3.9086213
1852,2026-05-11 16:15:03.773612,0.96444654,0.22489117,-0.010122542,1.5607607,0.7145596,-3.9086213
1853,2026-05-11 16:15:03.776235,0.96444654,0.22489117,-0.010122542,1.5607607,0.7145596,-3.9086213
1854,2026-05-11 16:15:03.779018,0.96444654,0.22489117,-0.010122542,1.5607607,0.7145596,-3.9086213
1855,2026-05-11 16:15:03.781794,0.96444654,0.22489117,-0.010122542,1.5607607,0.7145596,-3.9086213
1856,2026-05-11 16:15:03.784929,0.96444654,0.22489117,-0.010122542,1.5607607,0.7145596,-3.9086213
1857,2026-05-11 16:15:03.787616,0.96444654,0.22489117,-0.010122542,1.5607607,0.7145596,-3.9086213
1858,2026-05-11 16:15:03.790356,0.96444654,0.22489117,-0.010122542,1.5607607,0.7145596,-3.9086213
1859,2026-05-11 16:15:03.792998,0.96444654,0.22489117,-0.010122542,1.5607607,0.7145596,-3.9086213
1860,2026-05-11 16:15:03.795689,0.96444654,0.22489117,-0.010122542,1.5607607,0.7145596,-3.9086213
1861,2026-05-11 16:15:03.798311,0.96444654,0.22489117,-0.010122542,1.5607607,0.7145596,-3.9086213
1862,2026-05-11 16:15:03.801705,0.96444654,0.22489117,-0.010122542,1.5607607,0.7145596,-3.9086213
1863,2026-05-11 16:15:03.804559,0.96444654,0.22489117,-0.010122542,1.5607607,0.7145596,-3.9086213
1864,2026-05-11 16:15:03.807331,0.96444654,0.22489117,-0.010122542,1.5607607,0.7145596,-3.9086213
1865,2026-05-11 16:15:03.810005,0.96444654,0.22489117,-0.010122542,1.5607607,0.7145596,-3.9086213
1866,2026-05-11 16:15:03.812710,0.96444654,0.22489117,-0.010122542,1.5607607,0.7145596,-3.9086213
1867,2026-05-11 16:15:03.815888,0.96444654,0.22489117,-0.010122542,1.5607607,0.7145596,-3.9086213
1868,2026-05-11 16:15:03.818826,0.96444654,0.22489117,-0.010122542,1.5607607,0.7145596,-3.9086213
1869,2026-05-11 16:15:03.821476,0.96444654,0.22489117,-0.010122542,1.5607607,0.7145596,-3.9086213
1870,2026-05-11 16:15:03.824456,0.76754475,0.08024859,-0.07994369,1.3994923,0.62125,-4.1399865
1871,2026-05-11 16:15:03.827079,0.76754475,0.08024859,-0.07994369,1.3994923,0.62125,-4.1399865
1872,2026-05-11 16:15:03.829755,0.76754475,0.08024859,-0.07994369,1.3994923,0.62125,-4.1399865
1873,2026-05-11 16:15:03.832911,0.76754475,0.08024859,-0.07994369,1.3466524,0.63270366,-4.167781
1874,2026-05-11 16:15:03.835707,0.76754475,0.08024859,-0.07994369,1.3466524,0.63270366,-4.167781
1875,2026-05-11 16:15:03.838297,0.76754475,0.08024859,-0.07994369,1.3466524,0.63270366,-4.167781
1876,2026-05-11 16:15:03.841065,0.7065656,0.04402696,-0.08268775,1.3466524,0.63270366,-4.167781
1877,2026-05-11 16:15:03.843708,0.7065656,0.04402696,-0.08268775,1.3466524,0.63270366,-4.167781
1878,2026-05-11 16:15:03.846489,0.7065656,0.04402696,-0.08268775,1.3466524,0.63270366,-4.167781
1879,2026-05-11 16:15:03.849387,0.7065656,0.04402696,-0.08268775,1.3466524,0.63270366,-4.167781
1880,2026-05-11 16:15:03.852315,0.7065656,0.04402696,-0.08268775,1.3466524,0.63270366,-4.167781
1881,2026-05-11 16:15:03.855001,0.53869,-0.064394,-0.052990895,1.2153164,0.72418076,-4.166712
1882,2026-05-11 16:15:03.857615,0.53869,-0.064394,-0.052990895,1.2153164,0.72418076,-4.166712
1883,2026-05-11 16:15:03.860216,0.53869,-0.064394,-0.052990895,1.2153164,0.72418076,-4.166712
1884,2026-05-11 16:15:03.862884,0.53869,-0.064394,-0.052990895,1.2153164,0.72418076,-4.166712
1885,2026-05-11 16:15:03.866075,0.53869,-0.064394,-0.052990895,1.2153164,0.72418076,-4.166712
1886,2026-05-11 16:15:03.869048,0.53869,-0.064394,-0.052990895,1.2153164,0.72418076,-4.166712
1887,2026-05-11 16:15:03.871735,0.53869,-0.064394,-0.052990895,1.2153164,0.72418076,-4.166712
1888,2026-05-11 16:15:03.874489,0.53869,-0.064394,-0.052990895,1.2153164,0.72418076,-4.166712
1889,2026-05-11 16:15:03.877111,0.53869,-0.064394,-0.052990895,1.2153164,0.72418076,-4.166712
1890,2026-05-11 16:15:03.879915,0.53869,-0.064394,-0.052990895,1.2153164,0.72418076,-4.166712
1891,2026-05-11 16:15:03.882780,0.53869,-0.064394,-0.052990895,1.2153164,0.72418076,-4.166712
1892,2026-05-11 16:15:03.885811,0.4161218,-0.12604393,-0.0034758127,1.1988231,0.7623598,-4.1112757
1893,2026-05-11 16:15:03.888435,0.4161218,-0.12604393,-0.0034758127,1.1988231,0.7623598,-4.1112757
1894,2026-05-11 16:15:03.891092,0.30824968,-0.15635058,0.040307228,1.2651019,0.699288,-4.0265183
1895,2026-05-11 16:15:03.893989,0.30824968,-0.15635058,0.040307228,1.2651019,0.699288,-4.0265183
1896,2026-05-11 16:15:03.896661,0.27355254,-0.1741565,0.060552314,1.4140003,0.5308419,-3.8563924
1897,2026-05-11 16:15:03.899752,0.27355254,-0.1741565,0.060552314,1.4140003,0.5308419,-3.8563924
1898,2026-05-11 16:15:03.902605,0.27355254,-0.1741565,0.060552314,1.4140003,0.5308419,-3.8563924
1899,2026-05-11 16:15:03.905214,0.27355254,-0.1741565,0.060552314,1.4140003,0.5308419,-3.8563924
1900,2026-05-11 16:15:03.907992,0.27355254,-0.1741565,0.060552314,1.4140003,0.5308419,-3.8563924
1901,2026-05-11 16:15:03.910752,0.27355254,-0.1741565,0.060552314,1.4140003,0.5308419,-3.8563924
1902,2026-05-11 16:15:03.913394,0.27355254,-0.1741565,0.060552314,1.4140003,0.5308419,-3.8563924
1903,2026-05-11 16:15:03.916443,0.27355254,-0.1741565,0.060552314,1.4140003,0.5308419,-3.8563924
1904,2026-05-11 16:15:03.919273,0.27355254,-0.1741565,0.060552314,1.4140003,0.5308419,-3.8563924
1905,2026-05-11 16:15:03.921846,0.27355254,-0.1741565,0.060552314,1.4140003,0.5308419,-3.8563924
1906,2026-05-11 16:15:03.924679,0.27794304,-0.17659567,0.057625312,1.4140003,0.5308419,-3.8563924
1907,2026-05-11 16:15:03.927410,0.33410487,-0.19537725,0.038355898,1.5300647,0.42959097,-3.6425896
1908,2026-05-11 16:15:03.930005,0.33410487,-0.19537725,0.038355898,1.5300647,0.42959097,-3.6425896
1909,2026-05-11 16:15:03.933225,0.33410487,-0.19537725,0.038355898,1.5300647,0.42959097,-3.6425896
1910,2026-05-11 16:15:03.935929,0.33410487,-0.19537725,0.038355898,1.5300647,0.42959097,-3.6425896
1911,2026-05-11 16:15:03.938534,0.33410487,-0.19537725,0.038355898,1.5300647,0.42959097,-3.6425896
1912,2026-05-11 16:15:03.941281,0.33410487,-0.19537725,0.038355898,1.5300647,0.42959097,-3.6425896
1913,2026-05-11 16:15:03.943933,0.41514617,-0.24257512,0.025428312,1.5117388,0.44226643,-3.5935676
1914,2026-05-11 16:15:03.967630,-0.6655266,-0.35971612,-0.0074394583,1.784032,-0.11224649,-1.9252945
1915,2026-05-11 16:15:03.973661,-0.6655266,-0.35971612,-0.0074394583,1.784032,-0.11224649,-1.9252945
1916,2026-05-11 16:15:03.977861,-0.6923575,-0.374717,-0.030489584,1.784032,-0.11224649,-1.9252945
1917,2026-05-11 16:15:03.983672,-0.6923575,-0.374717,-0.030489584,1.784032,-0.11224649,-1.9252945
1918,2026-05-11 16:15:03.986767,-0.6923575,-0.374717,-0.030489584,1.784032,-0.11224649,-1.9252945
1919,2026-05-11 16:15:03.989456,-0.6923575,-0.374717,-0.030489584,1.784032,-0.11224649,-1.9252945
1920,2026-05-11 16:15:03.992085,-0.6923575,-0.374717,-0.030489584,1.784032,-0.11224649,-1.9252945
1921,2026-05-11 16:15:03.995002,-0.6923575,-0.374717,-0.030489584,1.784032,-0.11224649,-1.9252945
1922,2026-05-11 16:15:03.997672,-0.6923575,-0.374717,-0.030489584,1.784032,-0.11224649,-1.9252945
1923,2026-05-11 16:15:04.000777,-0.6923575,-0.374717,-0.030489584,1.784032,-0.11224649,-1.9252945
1924,2026-05-11 16:15:04.003673,-0.58003384,-0.33361703,-0.07665081,1.0658071,0.052687127,-0.012064588
1925,2026-05-11 16:15:04.006457,-0.5145422,-0.32697028,-0.10317675,0.48258355,0.3837761,0.89980453
1926,2026-05-11 16:15:04.009348,-0.4446601,-0.29751736,-0.15781409,0.018784106,0.5027421,1.5454891
1927,2026-05-11 16:15:04.012190,-0.39392543,-0.29983455,-0.17025384,0.018784106,0.5027421,1.5454891
1928,2026-05-11 16:15:04.015019,-0.39392543,-0.29983455,-0.17025384,0.018784106,0.5027421,1.5454891
1929,2026-05-11 16:15:04.018054,-0.39392543,-0.29983455,-0.17025384,0.018784106,0.5027421,1.5454891
1930,2026-05-11 16:15:04.020780,-0.39392543,-0.29983455,-0.17025384,0.018784106,0.5027421,1.5454891
1931,2026-05-11 16:15:04.023539,-0.39392543,-0.29983455,-0.17025384,0.018784106,0.5027421,1.5454891
1932,2026-05-11 16:15:04.026205,-0.39392543,-0.29983455,-0.17025384,0.018784106,0.5027421,1.5454891
1933,2026-05-11 16:15:04.028953,-0.39392543,-0.29983455,-0.17025384,0.018784106,0.5027421,1.5454891
1934,2026-05-11 16:15:04.031681,-0.39392543,-0.29983455,-0.17025384,0.018784106,0.5027421,1.5454891
1935,2026-05-11 16:15:04.034973,-0.39392543,-0.29983455,-0.17025384,0.018784106,0.5027421,1.5454891
1936,2026-05-11 16:15:04.037652,-0.39392543,-0.29983455,-0.17025384,0.018784106,0.5027421,1.5454891
1937,2026-05-11 16:15:04.040256,-0.39392543,-0.29983455,-0.17025384,0.018784106,0.5027421,1.5454891
1938,2026-05-11 16:15:04.043099,-0.39392543,-0.29983455,-0.17025384,-0.42623124,0.6102544,2.272877
1939,2026-05-11 16:15:04.045940,-0.39392543,-0.29983455,-0.17025384,-0.42623124,0.6102544,2.272877
1940,2026-05-11 16:15:04.048732,-0.39392543,-0.29983455,-0.17025384,-0.42623124,0.6102544,2.272877
1941,2026-05-11 16:15:04.051766,-0.39392543,-0.29983455,-0.17025384,-0.42623124,0.6102544,2.272877
1942,2026-05-11 16:15:04.054389,-0.39392543,-0.29983455,-0.17025384,-0.42623124,0.6102544,2.272877
1943,2026-05-11 16:15:04.056962,-0.39392543,-0.29983455,-0.17025384,-0.42623124,0.6102544,2.272877
1944,2026-05-11 16:15:04.059717,-0.39392543,-0.29983455,-0.17025384,-0.42623124,0.6102544,2.272877
1945,2026-05-11 16:15:04.062352,-0.2915414,-0.38971785,-0.102445,-0.42623124,0.6102544,2.272877
1946,2026-05-11 16:15:04.064940,-0.2915414,-0.38971785,-0.102445,-0.42623124,0.6102544,2.272877
1947,2026-05-11 16:15:04.068146,-0.2915414,-0.38971785,-0.102445,-0.42623124,0.6102544,2.272877
1948,2026-05-11 16:15:04.070825,-0.2915414,-0.38971785,-0.102445,-0.42623124,0.6102544,2.272877
1949,2026-05-11 16:15:04.073643,-0.2915414,-0.38971785,-0.102445,-0.42623124,0.6102544,2.272877
1950,2026-05-11 16:15:04.076249,-0.2915414,-0.38971785,-0.102445,-0.42623124,0.6102544,2.272877
1951,2026-05-11 16:15:04.079001,-0.240014,-0.47027132,0.008537084,-0.42623124,0.6102544,2.272877
1952,2026-05-11 16:15:04.082184,-0.240014,-0.47027132,0.008537084,-0.42623124,0.6102544,2.272877
1953,2026-05-11 16:15:04.085036,-0.240014,-0.47027132,0.008537084,-0.42623124,0.6102544,2.272877
1954,2026-05-11 16:15:04.087704,-0.240014,-0.47027132,0.008537084,-0.42623124,0.6102544,2.272877
1955,2026-05-11 16:15:04.090448,-0.240014,-0.47027132,0.008537084,-0.42623124,0.6102544,2.272877
1956,2026-05-11 16:15:04.093174,-0.018903542,-0.6269268,0.23391607,-0.8381071,0.86009824,4.66869
1957,2026-05-11 16:15:04.095779,-0.018903542,-0.6269268,0.23391607,-0.8381071,0.86009824,4.66869
1958,2026-05-11 16:15:04.098461,-0.018903542,-0.6269268,0.23391607,-0.8381071,0.86009824,4.66869
1959,2026-05-11 16:15:04.101649,-0.018903542,-0.6269268,0.23391607,-0.8381071,0.86009824,4.66869
1960,2026-05-11 16:15:04.104335,-0.018903542,-0.6269268,0.23391607,-0.8381071,0.86009824,4.66869
1961,2026-05-11 16:15:04.106908,-0.018903542,-0.6269268,0.23391607,-0.8381071,0.86009824,4.66869
1962,2026-05-11 16:15:04.109527,-0.018903542,-0.6269268,0.23391607,-0.8381071,0.86009824,4.66869
1963,2026-05-11 16:15:04.112193,-0.018903542,-0.6269268,0.23391607,-0.8381071,0.86009824,4.66869
1964,2026-05-11 16:15:04.114764,-0.018903542,-0.6269268,0.23391607,-0.8381071,0.86009824,4.66869
1965,2026-05-11 16:15:04.117932,-0.018903542,-0.6269268,0.23391607,-0.8381071,0.86009824,4.66869
1966,2026-05-11 16:15:04.120641,-0.018903542,-0.6269268,0.23391607,-0.8381071,0.86009824,4.66869
1967,2026-05-11 16:15:04.123451,-0.018903542,-0.6269268,0.23391607,-0.8381071,0.86009824,4.66869
1968,2026-05-11 16:15:04.126213,-0.018903542,-0.6269268,0.23391607,-0.8381071,0.86009824,4.66869
1969,2026-05-11 16:15:04.128983,-0.018903542,-0.6269268,0.23391607,-0.8381071,0.86009824,4.66869
1970,2026-05-11 16:15:04.131672,-0.018903542,-0.6269268,0.23391607,-0.8381071,0.86009824,4.66869
1971,2026-05-11 16:15:04.134957,0.30361527,-0.6961382,0.25745404,-0.754724,0.82863873,5.534134
1972,2026-05-11 16:15:04.137752,0.30361527,-0.6961382,0.25745404,-0.754724,0.82863873,5.534134
1973,2026-05-11 16:15:04.140496,0.30361527,-0.6961382,0.25745404,-0.754724,0.82863873,5.534134
1974,2026-05-11 16:15:04.143237,0.61156005,-0.7322988,0.24007498,-0.754724,0.82863873,5.534134
1975,2026-05-11 16:15:04.145855,0.61156005,-0.7322988,0.24007498,-0.6760751,0.81596327,6.0796366
1976,2026-05-11 16:15:04.148499,0.61156005,-0.7322988,0.24007498,-0.6760751,0.81596327,6.0796366
1977,2026-05-11 16:15:04.151924,0.61156005,-0.7322988,0.24007498,-0.6760751,0.81596327,6.0796366
1978,2026-05-11 16:15:04.154953,0.61156005,-0.7322988,0.24007498,-0.6760751,0.81596327,6.0796366
1979,2026-05-11 16:15:04.157810,0.61156005,-0.7322988,0.24007498,-0.6760751,0.81596327,6.0796366
1980,2026-05-11 16:15:04.160619,0.61156005,-0.7322988,0.24007498,-0.6760751,0.81596327,6.0796366
1981,2026-05-11 16:15:04.163218,0.61156005,-0.7322988,0.24007498,-0.6760751,0.81596327,6.0796366
1982,2026-05-11 16:15:04.166057,0.61156005,-0.7322988,0.24007498,-0.6221663,0.86727595,6.5417557
1983,2026-05-11 16:15:04.169820,0.9595682,-0.74919003,0.20391434,-0.6221663,0.86727595,6.5417557
1984,2026-05-11 16:15:04.172684,0.9595682,-0.74919003,0.20391434,-0.6221663,0.86727595,6.5417557
1985,2026-05-11 16:15:04.175290,0.9595682,-0.74919003,0.20391434,-0.6221663,0.86727595,6.5417557
1986,2026-05-11 16:15:04.178089,1.5049049,-0.5458855,0.04549046,-0.6337727,0.9268353,6.7792296
1987,2026-05-11 16:15:04.180945,1.5049049,-0.5458855,0.04549046,-0.6337727,0.9268353,6.7792296
1988,2026-05-11 16:15:04.184018,1.5049049,-0.5458855,0.04549046,-0.6337727,0.9268353,6.7792296
1989,2026-05-11 16:15:04.186630,1.5049049,-0.5458855,0.04549046,-0.6337727,0.9268353,6.7792296
1990,2026-05-11 16:15:04.189369,1.5049049,-0.5458855,0.04549046,-0.6337727,0.9268353,6.7792296
1991,2026-05-11 16:15:04.192142,1.5049049,-0.5458855,0.04549046,-0.6337727,0.9268353,6.7792296
1992,2026-05-11 16:15:04.194911,1.5049049,-0.5458855,0.04549046,-0.6337727,0.9268353,6.7792296
1993,2026-05-11 16:15:04.197526,1.5049049,-0.5458855,0.04549046,-0.6337727,0.9268353,6.7792296
1994,2026-05-11 16:15:04.200670,1.5049049,-0.5458855,0.04549046,-0.6337727,0.9268353,6.7792296
1995,2026-05-11 16:15:04.203472,1.5049049,-0.5458855,0.04549046,-0.7770206,0.9166033,7.0420547
1996,2026-05-11 16:15:04.206103,1.5049049,-0.5458855,0.04549046,-0.7770206,0.9166033,7.0420547
1997,2026-05-11 16:15:04.208931,1.5049049,-0.5458855,0.04549046,-0.7770206,0.9166033,7.0420547
1998,2026-05-11 16:15:04.211632,1.8036419,-0.43502536,-0.01975725,-0.7770206,0.9166033,7.0420547
1999,2026-05-11 16:15:04.214293,1.8036419,-0.43502536,-0.01975725,-0.7770206,0.9166033,7.0420547
2000,2026-05-11 16:15:04.217393,1.8036419,-0.43502536,-0.01975725,-0.7770206,0.9166033,7.0420547
2001,2026-05-11 16:15:04.220171,1.8036419,-0.43502536,-0.01975725,-0.7770206,0.9166033,7.0420547
2002,2026-05-11 16:15:04.222892,1.8036419,-0.43502536,-0.01975725,-0.7770206,0.9166033,7.0420547
2003,2026-05-11 16:15:04.225713,1.8036419,-0.43502536,-0.01975725,-0.99204516,0.8546005,7.109097
2004,2026-05-11 16:15:04.228351,1.8036419,-0.43502536,-0.01975725,-0.99204516,0.8546005,7.109097
2005,2026-05-11 16:15:04.231143,1.8036419,-0.43502536,-0.01975725,-0.99204516,0.8546005,7.109097
2006,2026-05-11 16:15:04.234226,1.8036419,-0.43502536,-0.01975725,-0.99204516,0.8546005,7.109097
2007,2026-05-11 16:15:04.237021,1.8036419,-0.43502536,-0.01975725,-0.99204516,0.8546005,7.109097
2008,2026-05-11 16:15:04.239747,1.8036419,-0.43502536,-0.01975725,-0.99204516,0.8546005,7.109097
2009,2026-05-11 16:15:04.242403,1.8036419,-0.43502536,-0.01975725,-0.99204516,0.8546005,7.109097
2010,2026-05-11 16:15:04.245008,1.8036419,-0.43502536,-0.01975725,-0.99204516,0.8546005,7.109097
2011,2026-05-11 16:15:04.247774,1.8036419,-0.43502536,-0.01975725,-0.99204516,0.8546005,7.109097
2012,2026-05-11 16:15:04.250738,1.8036419,-0.43502536,-0.01975725,-0.99204516,0.8546005,7.109097
2013,2026-05-11 16:15:04.253491,1.8036419,-0.43502536,-0.01975725,-0.99204516,0.8546005,7.109097
2014,2026-05-11 16:15:04.256182,1.8036419,-0.43502536,-0.01975725,-0.99204516,0.8546005,7.109097
2015,2026-05-11 16:15:04.258793,1.8036419,-0.43502536,-0.01975725,-0.99204516,0.8546005,7.109097
2016,2026-05-11 16:15:04.261721,1.8036419,-0.43502536,-0.01975725,-1.2803736,0.8202393,6.840622
2017,2026-05-11 16:15:04.264521,1.8036419,-0.43502536,-0.01975725,-1.2803736,0.8202393,6.840622
2018,2026-05-11 16:15:04.267563,1.8036419,-0.43502536,-0.01975725,-1.2803736,0.8202393,6.840622
2019,2026-05-11 16:15:04.270451,1.8036419,-0.43502536,-0.01975725,-1.2803736,0.8202393,6.840622
2020,2026-05-11 16:15:04.273114,1.8036419,-0.43502536,-0.01975725,-1.2803736,0.8202393,6.840622
2021,2026-05-11 16:15:04.275730,1.8036419,-0.43502536,-0.01975725,-1.2803736,0.8202393,6.840622
2022,2026-05-11 16:15:04.278377,1.8036419,-0.43502536,-0.01975725,-1.2803736,0.8202393,6.840622
2023,2026-05-11 16:15:04.280927,1.8036419,-0.43502536,-0.01975725,-1.2803736,0.8202393,6.840622
2024,2026-05-11 16:15:04.283998,1.8036419,-0.43502536,-0.01975725,-1.2803736,0.8202393,6.840622
2025,2026-05-11 16:15:04.286668,1.8036419,-0.43502536,-0.01975725,-1.2803736,0.8202393,6.840622
2026,2026-05-11 16:15:04.289317,2.0407288,-0.34056866,-0.011708,-1.2803736,0.8202393,6.840622
2027,2026-05-11 16:15:04.292256,2.0798774,-0.19464551,0.11348223,-1.2803736,0.8202393,6.840622
2028,2026-05-11 16:15:04.295012,2.0798774,-0.19464551,0.11348223,-1.4633276,0.9451612,5.9702916
2029,2026-05-11 16:15:04.297681,2.0798774,-0.19464551,0.11348223,-1.4633276,0.9451612,5.9702916
2030,2026-05-11 16:15:04.300709,2.0798774,-0.19464551,0.11348223,-1.4633276,0.9451612,5.9702916
2031,2026-05-11 16:15:04.303452,1.9323078,-0.112872444,0.18415709,-1.4633276,0.9451612,5.9702916
2032,2026-05-11 16:15:04.306069,1.9323078,-0.112872444,0.18415709,-1.4633276,0.9451612,5.9702916
2033,2026-05-11 16:15:04.308776,1.9323078,-0.112872444,0.18415709,-1.4633276,0.9451612,5.9702916
2034,2026-05-11 16:15:04.311372,1.9323078,-0.112872444,0.18415709,-1.4633276,0.9451612,5.9702916
2035,2026-05-11 16:15:04.314036,1.9323078,-0.112872444,0.18415709,-1.4633276,0.9451612,5.9702916
2036,2026-05-11 16:15:04.317110,1.9323078,-0.112872444,0.18415709,-1.4633276,0.9451612,5.9702916
2037,2026-05-11 16:15:04.319788,1.9323078,-0.112872444,0.18415709,-1.4633276,0.9451612,5.9702916
2038,2026-05-11 16:15:04.322422,1.668695,0.039026666,0.21031716,-1.4431691,1.1235338,5.6019397
2039,2026-05-11 16:15:04.325044,1.668695,0.039026666,0.21031716,-1.4431691,1.1235338,5.6019397
2040,2026-05-11 16:15:04.327710,1.5389922,0.15141128,0.13269067,-1.4579827,1.2524265,5.4970236
2041,2026-05-11 16:15:04.330320,1.4932579,0.21415883,0.048905294,-1.4579827,1.2524265,5.4970236
2042,2026-05-11 16:15:04.333245,1.4932579,0.21415883,0.048905294,-1.4579827,1.2524265,5.4970236
2043,2026-05-11 16:15:04.336104,1.4932579,0.21415883,0.048905294,-1.4579827,1.2524265,5.4970236
2044,2026-05-11 16:15:04.338721,1.4932579,0.21415883,0.048905294,-1.4579827,1.2524265,5.4970236
2045,2026-05-11 16:15:04.341313,1.4932579,0.21415883,0.048905294,-1.4579827,1.2524265,5.4970236
2046,2026-05-11 16:15:04.343871,1.4932579,0.21415883,0.048905294,-1.4579827,1.2524265,5.4970236
2047,2026-05-11 16:15:04.346503,1.4932579,0.21415883,0.048905294,-1.4579827,1.2524265,5.4970236
2048,2026-05-11 16:15:04.349361,1.4932579,0.21415883,0.048905294,-1.4579827,1.2524265,5.4970236
2049,2026-05-11 16:15:04.352177,1.4932579,0.21415883,0.048905294,-1.4579827,1.2524265,5.4970236
2050,2026-05-11 16:15:04.354808,1.4932579,0.21415883,0.048905294,-1.5346462,1.2884675,5.40463
2051,2026-05-11 16:15:04.357642,1.7449188,0.4080726,0.08256579,-1.6158913,1.0160216,5.0626984
2052,2026-05-11 16:15:04.360307,1.7449188,0.4080726,0.08256579,-1.6158913,1.0160216,5.0626984
2053,2026-05-11 16:15:04.362865,1.7449188,0.4080726,0.08256579,-1.6158913,1.0160216,5.0626984
2054,2026-05-11 16:15:04.365884,1.7449188,0.4080726,0.08256579,-1.6158913,1.0160216,5.0626984
2055,2026-05-11 16:15:04.368642,1.7449188,0.4080726,0.08256579,-1.2886202,0.5768095,4.5984406
2056,2026-05-11 16:15:04.371282,1.7449188,0.4080726,0.08256579,-1.2886202,0.5768095,4.5984406
2057,2026-05-11 16:15:04.374018,2.0094466,0.5936932,0.22726935,-1.2886202,0.5768095,4.5984406
2058,2026-05-11 16:15:04.376877,2.0094466,0.5936932,0.22726935,-1.2886202,0.5768095,4.5984406
2059,2026-05-11 16:15:04.379625,2.098232,0.8013272,0.395206,-0.5878051,-0.008857546,3.8779254
2060,2026-05-11 16:15:04.382731,2.098232,0.8013272,0.395206,-0.5878051,-0.008857546,3.8779254
2061,2026-05-11 16:15:04.385617,2.098232,0.8013272,0.395206,-0.5878051,-0.008857546,3.8779254
2062,2026-05-11 16:15:04.388372,2.098232,0.8013272,0.395206,-0.5878051,-0.008857546,3.8779254
2063,2026-05-11 16:15:04.391102,2.098232,0.8013272,0.395206,-0.5878051,-0.008857546,3.8779254
2064,2026-05-11 16:15:04.393716,2.098232,0.8013272,0.395206,-0.5878051,-0.008857546,3.8779254
2065,2026-05-11 16:15:04.396659,2.098232,0.8013272,0.395206,-0.5878051,-0.008857546,3.8779254
2066,2026-05-11 16:15:04.399967,2.098232,0.8013272,0.395206,-0.5878051,-0.008857546,3.8779254
2067,2026-05-11 16:15:04.402836,2.098232,0.8013272,0.395206,-0.5878051,-0.008857546,3.8779254
2068,2026-05-11 16:15:04.405590,2.098232,0.8013272,0.395206,-0.5878051,-0.008857546,3.8779254
2069,2026-05-11 16:15:04.408355,2.098232,0.8013272,0.395206,-0.5878051,-0.008857546,3.8779254
2070,2026-05-11 16:15:04.411071,2.098232,0.8013272,0.395206,-0.5878051,-0.008857546,3.8779254
2071,2026-05-11 16:15:04.413779,2.098232,0.8013272,0.395206,-0.5878051,-0.008857546,3.8779254
2072,2026-05-11 16:15:04.416826,2.098232,0.8013272,0.395206,0.4877759,-0.7870999,2.9753718
2073,2026-05-11 16:15:04.419654,2.098232,0.8013272,0.395206,0.4877759,-0.7870999,2.9753718
2074,2026-05-11 16:15:04.422270,2.098232,0.8013272,0.395206,0.4877759,-0.7870999,2.9753718
2075,2026-05-11 16:15:04.424850,2.098232,0.8013272,0.395206,0.4877759,-0.7870999,2.9753718
2076,2026-05-11 16:15:04.427615,2.098232,0.8013272,0.395206,0.4877759,-0.7870999,2.9753718
2077,2026-05-11 16:15:04.430257,2.0537174,1.0553055,0.39764515,0.4877759,-0.7870999,2.9753718
2078,2026-05-11 16:15:04.433378,2.0537174,1.0553055,0.39764515,0.4877759,-0.7870999,2.9753718
2079,2026-05-11 16:15:04.436171,2.0537174,1.0553055,0.39764515,0.4877759,-0.7870999,2.9753718
2080,2026-05-11 16:15:04.438759,2.0537174,1.0553055,0.39764515,0.4877759,-0.7870999,2.9753718
2081,2026-05-11 16:15:04.441365,2.0537174,1.0553055,0.39764515,0.4877759,-0.7870999,2.9753718
2082,2026-05-11 16:15:04.444166,2.0537174,1.0553055,0.39764515,0.4877759,-0.7870999,2.9753718
2083,2026-05-11 16:15:04.446846,2.0537174,1.0553055,0.39764515,0.4877759,-0.7870999,2.9753718
2084,2026-05-11 16:15:04.450032,2.1328683,1.2284253,-0.10500612,0.9966267,-1.2134838,2.4278839
2085,2026-05-11 16:15:04.452911,2.1328683,1.2284253,-0.10500612,1.0598512,-1.3982705,1.8750509
2086,2026-05-11 16:15:04.455560,2.1328683,1.2284253,-0.10500612,1.0598512,-1.3982705,1.8750509
2087,2026-05-11 16:15:04.458261,2.1328683,1.2284253,-0.10500612,1.0598512,-1.3982705,1.8750509
2088,2026-05-11 16:15:04.460976,2.1328683,1.2284253,-0.10500612,0.2060143,-1.054048,1.1181889
2089,2026-05-11 16:15:04.463541,2.1328683,1.2284253,-0.10500612,0.2060143,-1.054048,1.1181889
2090,2026-05-11 16:15:04.466603,2.2006161,1.1583602,-0.5026513,0.2060143,-1.054048,1.1181889
2091,2026-05-11 16:15:04.469426,2.2006161,1.1583602,-0.5026513,0.2060143,-1.054048,1.1181889
2092,2026-05-11 16:15:04.472212,2.2184222,1.0935394,-0.5689966,-0.5331327,-0.64675355,0.8379544
2093,2026-05-11 16:15:04.474797,2.2184222,1.0935394,-0.5689966,-0.5331327,-0.64675355,0.8379544
2094,2026-05-11 16:15:04.477569,2.2184222,1.0935394,-0.5689966,-0.5331327,-0.64675355,0.8379544
2095,2026-05-11 16:15:04.480294,2.309952,0.86834335,-0.4533801,-2.104278,0.20311269,0.47952923
2096,2026-05-11 16:15:04.483436,2.309952,0.86834335,-0.4533801,-2.104278,0.20311269,0.47952923
2097,2026-05-11 16:15:04.486240,2.309952,0.86834335,-0.4533801,-2.104278,0.20311269,0.47952923
2098,2026-05-11 16:15:04.489067,2.3958714,0.81663305,-0.01841571,-3.2734742,0.8498663,0.08536842
2099,2026-05-11 16:15:04.491662,2.3958714,0.81663305,-0.01841571,-3.2734742,0.8498663,0.08536842
2100,2026-05-11 16:15:04.494481,2.3958714,0.81663305,-0.01841571,-3.2734742,0.8498663,0.08536842
2101,2026-05-11 16:15:04.497099,2.3958714,0.81663305,-0.01841571,-3.2734742,0.8498663,0.08536842
2102,2026-05-11 16:15:04.500146,2.3958714,0.81663305,-0.01841571,-3.2734742,0.8498663,0.08536842
2103,2026-05-11 16:15:04.503000,2.3958714,0.81663305,-0.01841571,-3.2734742,0.8498663,0.08536842
2104,2026-05-11 16:15:04.505625,2.3958714,0.81663305,-0.01841571,-3.2734742,0.8498663,0.08536842
2105,2026-05-11 16:15:04.508313,2.3958714,0.81663305,-0.01841571,-3.2734742,0.8498663,0.08536842
2106,2026-05-11 16:15:04.510958,2.5142932,0.8088277,0.47960114,-3.4074063,0.87674433,-0.044745877
2107,2026-05-11 16:15:04.513789,2.5142932,0.8088277,0.47960114,-3.349527,0.68569624,-0.3483459
2108,2026-05-11 16:15:04.516921,2.573809,0.82846296,0.6931502,-3.349527,0.68569624,-0.3483459
2109,2026-05-11 16:15:04.519867,2.573809,0.82846296,0.6931502,-3.0575333,0.46975538,-0.5172501
2110,2026-05-11 16:15:04.522567,2.6355805,0.94139636,0.96389776,-3.0575333,0.46975538,-0.5172501
2111,2026-05-11 16:15:04.525179,2.6355805,0.94139636,0.96389776,-3.0575333,0.46975538,-0.5172501
2112,2026-05-11 16:15:04.527851,2.6355805,0.94139636,0.96389776,-3.0575333,0.46975538,-0.5172501
2113,2026-05-11 16:15:04.530426,2.6355805,0.94139636,0.96389776,-3.0575333,0.46975538,-0.5172501
2114,2026-05-11 16:15:04.533580,2.6355805,0.94139636,0.96389776,-3.0575333,0.46975538,-0.5172501
2115,2026-05-11 16:15:04.536479,2.6036885,0.93163973,0.8469397,-0.8374963,-0.10048734,-1.527774
2116,2026-05-11 16:15:04.539214,2.5425873,0.8872469,0.67613703,-0.2919936,-0.16691893,-1.7994562
2117,2026-05-11 16:15:04.541807,2.5425873,0.8872469,0.67613703,-0.2919936,-0.16691893,-1.7994562
2118,2026-05-11 16:15:04.544484,2.5425873,0.8872469,0.67613703,-0.2919936,-0.16691893,-1.7994562
2119,2026-05-11 16:15:04.547002,2.5425873,0.8872469,0.67613703,-0.2919936,-0.16691893,-1.7994562
2120,2026-05-11 16:15:04.550305,2.5425873,0.8872469,0.67613703,-0.2919936,-0.16691893,-1.7994562
2121,2026-05-11 16:15:04.553116,2.5425873,0.8872469,0.67613703,-0.2919936,-0.16691893,-1.7994562
2122,2026-05-11 16:15:04.555851,2.5425873,0.8872469,0.67613703,-0.2919936,-0.16691893,-1.7994562
2123,2026-05-11 16:15:04.558534,2.5425873,0.8872469,0.67613703,-0.2919936,-0.16691893,-1.7994562
2124,2026-05-11 16:15:04.561097,2.5425873,0.8872469,0.67613703,-0.2919936,-0.16691893,-1.7994562
2125,2026-05-11 16:15:04.563956,2.5425873,0.8872469,0.67613703,0.14385876,-0.12140947,-2.111303
2126,2026-05-11 16:15:04.567059,2.4475818,0.7996198,0.4106947,0.24098633,-0.10354166,-2.251802
2127,2026-05-11 16:15:04.569800,2.4475818,0.7996198,0.4106947,0.24098633,-0.10354166,-2.251802
2128,2026-05-11 16:15:04.572402,2.4475818,0.7996198,0.4106947,0.24098633,-0.10354166,-2.251802
2129,2026-05-11 16:15:04.575060,2.4216046,0.7001018,0.28715092,0.24098633,-0.10354166,-2.251802
2130,2026-05-11 16:15:04.577764,2.4216046,0.7001018,0.28715092,0.24098633,-0.10354166,-2.251802
2131,2026-05-11 16:15:04.580318,2.4216046,0.7001018,0.28715092,0.24098633,-0.10354166,-2.251802
2132,2026-05-11 16:15:04.583295,2.4216046,0.7001018,0.28715092,0.24098633,-0.10354166,-2.251802
2133,2026-05-11 16:15:04.586182,2.4216046,0.7001018,0.28715092,0.24098633,-0.10354166,-2.251802
2134,2026-05-11 16:15:04.588805,2.4216046,0.7001018,0.28715092,0.24098633,-0.10354166,-2.251802
2135,2026-05-11 16:15:04.591396,2.4216046,0.7001018,0.28715092,0.24098633,-0.10354166,-2.251802
2136,2026-05-11 16:15:04.594098,2.4216046,0.7001018,0.28715092,0.26007587,-0.057726767,-2.5358543
2137,2026-05-11 16:15:04.596736,2.4216046,0.7001018,0.28715092,0.26007587,-0.057726767,-2.5358543
2138,2026-05-11 16:15:04.599777,2.4216046,0.7001018,0.28715092,0.26007587,-0.057726767,-2.5358543
2139,2026-05-11 16:15:04.602556,2.4216046,0.7001018,0.28715092,0.26007587,-0.057726767,-2.5358543
2140,2026-05-11 16:15:04.605172,2.4216046,0.7001018,0.28715092,0.26007587,-0.057726767,-2.5358543
2141,2026-05-11 16:15:04.608000,2.4216046,0.7001018,0.28715092,0.26007587,-0.057726767,-2.5358543
2142,2026-05-11 16:15:04.610845,2.3670282,0.6383299,0.248795,0.26007587,-0.057726767,-2.5358543
2143,2026-05-11 16:15:04.613526,2.3670282,0.6383299,0.248795,0.183565,0.022602014,-2.780353
2144,2026-05-11 16:15:04.616696,2.3670282,0.6383299,0.248795,0.183565,0.022602014,-2.780353
2145,2026-05-11 16:15:04.619492,2.3670282,0.6383299,0.248795,0.183565,0.022602014,-2.780353
2146,2026-05-11 16:15:04.622091,2.3670282,0.6383299,0.248795,0.183565,0.022602014,-2.780353
2147,2026-05-11 16:15:04.624951,2.3670282,0.6383299,0.248795,0.183565,0.022602014,-2.780353
2148,2026-05-11 16:15:04.627719,2.2026894,0.5889368,0.23629428,0.09896017,0.14248432,-2.9683468
2149,2026-05-11 16:15:04.630511,1.9675539,0.5547275,0.2089756,-0.052839845,0.32986724,-3.0920472
2150,2026-05-11 16:15:04.633684,1.9675539,0.5547275,0.2089756,-0.052839845,0.32986724,-3.0920472
2151,2026-05-11 16:15:04.636483,1.9675539,0.5547275,0.2089756,-0.052839845,0.32986724,-3.0920472
2152,2026-05-11 16:15:04.639129,1.9675539,0.5547275,0.2089756,-0.052839845,0.32986724,-3.0920472
2153,2026-05-11 16:15:04.641831,1.9675539,0.5547275,0.2089756,-0.052839845,0.32986724,-3.0920472
2154,2026-05-11 16:15:04.644855,1.8357779,0.5453367,0.20501198,-0.17745635,0.46410486,-3.086702
2155,2026-05-11 16:15:04.647506,1.8357779,0.5453367,0.20501198,-0.17745635,0.46410486,-3.086702
2156,2026-05-11 16:15:04.650560,1.8357779,0.5453367,0.20501198,-0.41599923,0.8126035,-3.019354
2157,2026-05-11 16:15:04.653552,1.8357779,0.5453367,0.20501198,-0.41599923,0.8126035,-3.019354
2158,2026-05-11 16:15:04.656193,1.8357779,0.5453367,0.20501198,-0.41599923,0.8126035,-3.019354
2159,2026-05-11 16:15:04.658924,1.6698536,0.5067369,0.2373919,-0.41599923,0.8126035,-3.019354
2160,2026-05-11 16:15:04.661634,1.6698536,0.5067369,0.2373919,-0.41599923,0.8126035,-3.019354
2161,2026-05-11 16:15:04.664977,1.6698536,0.5067369,0.2373919,-0.41599923,0.8126035,-3.019354
2162,2026-05-11 16:15:04.668427,1.6698536,0.5067369,0.2373919,-0.41599923,0.8126035,-3.019354
2163,2026-05-11 16:15:04.671556,1.6043009,0.46551496,0.3032494,-0.41599923,0.8126035,-3.019354
2164,2026-05-11 16:15:04.674613,1.6043009,0.46551496,0.3032494,-0.41599923,0.8126035,-3.019354
2165,2026-05-11 16:15:04.677785,1.6043009,0.46551496,0.3032494,-0.49006665,1.1125383,-3.025921
2166,2026-05-11 16:15:04.680910,1.5402728,0.4276469,0.3817296,-0.36926803,1.3014483,-3.1513011
2167,2026-05-11 16:15:04.684550,1.5402728,0.4276469,0.3817296,-0.36926803,1.3014483,-3.1513011
2168,2026-05-11 16:15:04.687397,1.5402728,0.4276469,0.3817296,-0.36926803,1.3014483,-3.1513011
2169,2026-05-11 16:15:04.690430,1.5402728,0.4276469,0.3817296,-0.36926803,1.3014483,-3.1513011
2170,2026-05-11 16:15:04.693307,1.5402728,0.4276469,0.3817296,-0.36926803,1.3014483,-3.1513011
2171,2026-05-11 16:15:04.696355,1.5402728,0.4276469,0.3817296,-0.36926803,1.3014483,-3.1513011
2172,2026-05-11 16:15:04.699889,1.5402728,0.4276469,0.3817296,-0.36926803,1.3014483,-3.1513011
2173,2026-05-11 16:15:04.702899,1.5402728,0.4276469,0.3817296,-0.11957687,1.3834571,-3.3269248
2174,2026-05-11 16:15:04.705609,1.4303883,0.38020512,0.4293543,-0.11957687,1.3834571,-3.3269248
2175,2026-05-11 16:15:04.708219,1.4303883,0.38020512,0.4293543,-0.11957687,1.3834571,-3.3269248
2176,2026-05-11 16:15:04.710954,1.2820259,0.32623854,0.4378914,0.22953261,1.3758212,-3.5023959
2177,2026-05-11 16:15:04.713567,1.0376825,0.2541002,0.3855713,0.8381071,1.2255484,-3.6650388
2178,2026-05-11 16:15:04.716570,1.0376825,0.2541002,0.3855713,0.8381071,1.2255484,-3.6650388
2179,2026-05-11 16:15:04.719835,1.0376825,0.2541002,0.3855713,0.8381071,1.2255484,-3.6650388
2180,2026-05-11 16:15:04.722790,1.0376825,0.2541002,0.3855713,0.8381071,1.2255484,-3.6650388
2181,2026-05-11 16:15:04.725492,1.0376825,0.2541002,0.3855713,0.8381071,1.2255484,-3.6650388
2182,2026-05-11 16:15:04.728247,1.0376825,0.2541002,0.3855713,0.8381071,1.2255484,-3.6650388
2183,2026-05-11 16:15:04.731033,1.0376825,0.2541002,0.3855713,0.8381071,1.2255484,-3.6650388
2184,2026-05-11 16:15:04.734553,1.0376825,0.2541002,0.3855713,1.3008375,0.9795224,-3.6990945
2185,2026-05-11 16:15:04.737519,1.0376825,0.2541002,0.3855713,1.3008375,0.9795224,-3.6990945
2186,2026-05-11 16:15:04.740179,1.0376825,0.2541002,0.3855713,1.3008375,0.9795224,-3.6990945
2187,2026-05-11 16:15:04.742875,1.0376825,0.2541002,0.3855713,1.3008375,0.9795224,-3.6990945
2188,2026-05-11 16:15:04.745542,1.0376825,0.2541002,0.3855713,1.3008375,0.9795224,-3.6990945
2189,2026-05-11 16:15:04.748333,0.8101692,0.17159538,0.24184339,1.3008375,0.9795224,-3.6990945
2190,2026-05-11 16:15:04.751783,0.8101692,0.17159538,0.24184339,1.6798794,0.7089091,-3.7281106
2191,2026-05-11 16:15:04.754485,0.8101692,0.17159538,0.24184339,1.6798794,0.7089091,-3.7281106
2192,2026-05-11 16:15:04.757134,0.8101692,0.17159538,0.24184339,1.6798794,0.7089091,-3.7281106
2193,2026-05-11 16:15:04.759760,0.8101692,0.17159538,0.24184339,1.6798794,0.7089091,-3.7281106
2194,2026-05-11 16:15:04.762535,0.8101692,0.17159538,0.24184339,1.6798794,0.7089091,-3.7281106
2195,2026-05-11 16:15:04.766036,0.8101692,0.17159538,0.24184339,1.6798794,0.7089091,-3.7281106
2196,2026-05-11 16:15:04.768812,0.8101692,0.17159538,0.24184339,1.6798794,0.7089091,-3.7281106
2197,2026-05-11 16:15:04.771587,0.8101692,0.17159538,0.24184339,1.6798794,0.7089091,-3.7281106
2198,2026-05-11 16:15:04.774287,0.8101692,0.17159538,0.24184339,1.6798794,0.7089091,-3.7281106
2199,2026-05-11 16:15:04.776882,0.8101692,0.17159538,0.24184339,1.6798794,0.7089091,-3.7281106
2200,2026-05-11 16:15:04.779575,0.8101692,0.17159538,0.24184339,1.6798794,0.7089091,-3.7281106
2201,2026-05-11 16:15:04.782561,0.8101692,0.17159538,0.24184339,1.6798794,0.7089091,-3.7281106
2202,2026-05-11 16:15:04.785518,0.71809065,0.09079798,0.19836523,1.6798794,0.7089091,-3.7281106
2203,2026-05-11 16:15:04.788241,0.71809065,0.09079798,0.19836523,1.6798794,0.7089091,-3.7281106
2204,2026-05-11 16:15:04.790845,0.71809065,0.09079798,0.19836523,1.6798794,0.7089091,-3.7281106
2205,2026-05-11 16:15:04.793508,0.71809065,0.09079798,0.19836523,1.6798794,0.7089091,-3.7281106
2206,2026-05-11 16:15:04.796068,0.71809065,0.09079798,0.19836523,1.6798794,0.7089091,-3.7281106
2207,2026-05-11 16:15:04.799520,0.71809065,0.09079798,0.19836523,2.1702516,0.47433686,-3.864639
2208,2026-05-11 16:15:04.803099,0.71809065,0.09079798,0.19836523,2.1702516,0.47433686,-3.864639
2209,2026-05-11 16:15:04.806065,0.48027194,-0.04524654,0.09043211,2.1702516,0.47433686,-3.864639
2210,2026-05-11 16:15:04.808800,0.48027194,-0.04524654,0.09043211,2.1702516,0.47433686,-3.864639
2211,2026-05-11 16:15:04.811416,0.48027194,-0.04524654,0.09043211,2.1702516,0.47433686,-3.864639
2212,2026-05-11 16:15:04.814224,0.48027194,-0.04524654,0.09043211,2.1702516,0.47433686,-3.864639
2213,2026-05-11 16:15:04.817368,0.35514265,-0.10848194,-0.00512225,2.4130704,0.49128836,-3.8906007
2214,2026-05-11 16:15:04.820293,0.35514265,-0.10848194,-0.00512225,2.4130704,0.49128836,-3.8906007
2215,2026-05-11 16:15:04.823102,0.35514265,-0.10848194,-0.00512225,2.4130704,0.49128836,-3.8906007
2216,2026-05-11 16:15:04.825755,0.35514265,-0.10848194,-0.00512225,2.4130704,0.49128836,-3.8906007
2217,2026-05-11 16:15:04.828468,0.2860533,-0.13519081,-0.08439517,2.5047002,0.567952,-3.8166862
2218,2026-05-11 16:15:04.831089,0.2860533,-0.13519081,-0.08439517,2.5047002,0.567952,-3.8166862
2219,2026-05-11 16:15:04.834300,0.22135438,-0.14726469,-0.16549747,2.4825563,0.6586655,-3.67298
2220,2026-05-11 16:15:04.837041,0.22135438,-0.14726469,-0.16549747,2.4825563,0.6586655,-3.67298
2221,2026-05-11 16:15:04.839801,0.22135438,-0.14726469,-0.16549747,2.390163,0.7153232,-3.5280523
2222,2026-05-11 16:15:04.842439,0.22135438,-0.14726469,-0.16549747,2.390163,0.7153232,-3.5280523
2223,2026-05-11 16:15:04.844988,0.22135438,-0.14726469,-0.16549747,2.390163,0.7153232,-3.5280523
2224,2026-05-11 16:15:04.847938,0.22135438,-0.14726469,-0.16549747,2.390163,0.7153232,-3.5280523
2225,2026-05-11 16:15:04.850958,0.190255,-0.14171559,-0.24251415,2.2493587,0.75136423,-3.3698382
2226,2026-05-11 16:15:04.853764,0.190255,-0.14171559,-0.24251415,2.0384574,0.7538077,-3.1667254
2227,2026-05-11 16:15:04.856520,0.190255,-0.14171559,-0.24251415,2.0384574,0.7538077,-3.1667254
2228,2026-05-11 16:15:04.859338,0.190255,-0.14171559,-0.24251415,2.0384574,0.7538077,-3.1667254
2229,2026-05-11 16:15:04.862067,0.190255,-0.14171559,-0.24251415,2.0384574,0.7538077,-3.1667254
2230,2026-05-11 16:15:04.865355,0.23470882,-0.13964228,-0.25013652,1.7857119,0.70448035,-2.9675834
2231,2026-05-11 16:15:04.868246,0.23470882,-0.13964228,-0.25013652,1.7857119,0.70448035,-2.9675834
2232,2026-05-11 16:15:04.870869,0.23470882,-0.13964228,-0.25013652,1.7857119,0.70448035,-2.9675834
2233,2026-05-11 16:15:04.873845,0.23470882,-0.13964228,-0.25013652,1.7857119,0.70448035,-2.9675834
2234,2026-05-11 16:15:04.876732,0.23470882,-0.13964228,-0.25013652,1.7857119,0.70448035,-2.9675834
2235,2026-05-11 16:15:04.879569,0.23470882,-0.13964228,-0.25013652,1.7857119,0.70448035,-2.9675834
2236,2026-05-11 16:15:04.882648,0.23470882,-0.13964228,-0.25013652,1.7857119,0.70448035,-2.9675834
2237,2026-05-11 16:15:04.885411,0.23470882,-0.13964228,-0.25013652,1.7857119,0.70448035,-2.9675834
2238,2026-05-11 16:15:04.888081,0.254649,-0.13830076,-0.23397705,1.7857119,0.70448035,-2.9675834
2239,2026-05-11 16:15:04.890946,0.254649,-0.13830076,-0.23397705,1.7857119,0.70448035,-2.9675834
2240,2026-05-11 16:15:04.893720,0.254649,-0.13830076,-0.23397705,1.7857119,0.70448035,-2.9675834
2241,2026-05-11 16:15:04.896456,0.254649,-0.13830076,-0.23397705,1.7857119,0.70448035,-2.9675834
2242,2026-05-11 16:15:04.899863,0.254649,-0.13830076,-0.23397705,1.6615535,0.6207918,-2.882673
2243,2026-05-11 16:15:04.902966,0.254649,-0.13830076,-0.23397705,1.6615535,0.6207918,-2.882673
2244,2026-05-11 16:15:04.905602,0.25660032,-0.13543473,-0.22861089,1.5404494,0.4456262,-2.7962356
2245,2026-05-11 16:15:04.908259,0.25660032,-0.13543473,-0.22861089,1.5404494,0.4456262,-2.7962356
2246,2026-05-11 16:15:04.910879,0.23074517,-0.1326297,-0.21556135,1.5404494,0.4456262,-2.7962356
2247,2026-05-11 16:15:04.913562,0.23074517,-0.1326297,-0.21556135,1.451874,0.29565877,-2.7107146
2248,2026-05-11 16:15:04.916574,0.23074517,-0.1326297,-0.21556135,1.451874,0.29565877,-2.7107146
2249,2026-05-11 16:15:04.919461,0.23074517,-0.1326297,-0.21556135,1.340391,0.067500606,-2.5418103
2250,2026-05-11 16:15:04.922062,0.23074517,-0.1326297,-0.21556135,1.340391,0.067500606,-2.5418103
2251,2026-05-11 16:15:04.924797,0.23074517,-0.1326297,-0.21556135,1.340391,0.067500606,-2.5418103
2252,2026-05-11 16:15:04.927434,0.23074517,-0.1326297,-0.21556135,1.340391,0.067500606,-2.5418103
2253,2026-05-11 16:15:04.930112,0.21208555,-0.13781293,-0.18592548,1.340391,0.067500606,-2.5418103
2254,2026-05-11 16:15:04.933188,0.21208555,-0.13781293,-0.18592548,1.340391,0.067500606,-2.5418103
2255,2026-05-11 16:15:04.935849,0.21208555,-0.13781293,-0.18592548,1.340391,0.067500606,-2.5418103
2256,2026-05-11 16:15:04.938526,0.24080674,-0.13372731,-0.14830133,1.2669345,-0.086437434,-2.2892175
2257,2026-05-11 16:15:04.941422,0.28666306,-0.073540874,-0.15238695,1.018465,0.014813482,-1.6720909
2258,2026-05-11 16:15:04.944146,0.28666306,-0.073540874,-0.15238695,1.018465,0.014813482,-1.6720909
2259,2026-05-11 16:15:04.946839,0.28666306,-0.073540874,-0.15238695,0.9106474,0.11728613,-1.5108224
2260,2026-05-11 16:15:04.949795,0.28666306,-0.073540874,-0.15238695,0.9106474,0.11728613,-1.5108224
2261,2026-05-11 16:15:04.952612,0.28666306,-0.073540874,-0.15238695,0.9106474,0.11728613,-1.5108224
2262,2026-05-11 16:15:04.955250,0.28666306,-0.073540874,-0.15238695,0.9106474,0.11728613,-1.5108224
2263,2026-05-11 16:15:04.957825,0.28666306,-0.073540874,-0.15238695,0.9106474,0.11728613,-1.5108224
2264,2026-05-11 16:15:04.960653,0.32129923,-0.012378771,-0.15933856,0.9106474,0.11728613,-1.5108224
2265,2026-05-11 16:15:04.963262,0.32129923,-0.012378771,-0.15933856,0.9106474,0.11728613,-1.5108224
2266,2026-05-11 16:15:04.966228,0.32129923,-0.012378771,-0.15933856,0.9106474,0.11728613,-1.5108224
2267,2026-05-11 16:15:04.969126,0.32129923,-0.012378771,-0.15933856,0.9106474,0.11728613,-1.5108224
2268,2026-05-11 16:15:04.971744,0.32129923,-0.012378771,-0.15933856,0.9106474,0.11728613,-1.5108224
2269,2026-05-11 16:15:04.974359,0.32129923,-0.012378771,-0.15933856,0.9106474,0.11728613,-1.5108224
2270,2026-05-11 16:15:04.977235,0.2826994,-0.015061854,-0.14055698,0.7805331,0.22953261,-1.399645
2271,2026-05-11 16:15:04.979851,0.2826994,-0.015061854,-0.14055698,0.7805331,0.22953261,-1.399645
2272,2026-05-11 16:15:04.982770,0.22312276,-0.018781584,-0.111591876,0.7470882,0.32910365,-1.2886202
2273,2026-05-11 16:15:04.985557,0.037136313,-0.011403104,-0.083053626,0.7470882,0.32910365,-1.2886202
2274,2026-05-11 16:15:04.988522,0.037136313,-0.011403104,-0.083053626,0.7470882,0.32910365,-1.2886202
2275,2026-05-11 16:15:04.991381,-0.095493376,-0.05079565,-0.12122658,0.7470882,0.32910365,-1.2886202
2276,2026-05-11 16:15:04.994149,-0.095493376,-0.05079565,-0.12122658,0.7305948,-0.0076358155,-1.1808025
2277,2026-05-11 16:15:04.996769,-0.095493376,-0.05079565,-0.12122658,0.7305948,-0.0076358155,-1.1808025
2278,2026-05-11 16:15:04.999857,-0.095493376,-0.05079565,-0.12122658,0.7305948,-0.0076358155,-1.1808025
2279,2026-05-11 16:15:05.002595,-0.095493376,-0.05079565,-0.12122658,0.7305948,-0.0076358155,-1.1808025
2280,2026-05-11 16:15:05.005444,-0.095493376,-0.05079565,-0.12122658,0.7305948,-0.0076358155,-1.1808025
2281,2026-05-11 16:15:05.008099,-0.095493376,-0.05079565,-0.12122658,0.7305948,-0.0076358155,-1.1808025
2282,2026-05-11 16:15:05.010700,-0.095493376,-0.05079565,-0.12122658,0.7305948,-0.0076358155,-1.1808025
2283,2026-05-11 16:15:05.013532,-0.28178474,-0.07982173,-0.17799819,0.59513545,-0.5158757,-0.9790643
2284,2026-05-11 16:15:05.016766,-0.44283074,-0.10171325,-0.15196009,0.59513545,-0.5158757,-0.9790643
2285,2026-05-11 16:15:05.019533,-0.44283074,-0.10171325,-0.15196009,0.59513545,-0.5158757,-0.9790643
2286,2026-05-11 16:15:05.022220,-0.44283074,-0.10171325,-0.15196009,0.3399465,-0.99280876,-0.6047566
2287,2026-05-11 16:15:05.024974,-0.44283074,-0.10171325,-0.15196009,0.3399465,-0.99280876,-0.6047566
2288,2026-05-11 16:15:05.027814,-0.44283074,-0.10171325,-0.15196009,0.3399465,-0.99280876,-0.6047566
2289,2026-05-11 16:15:05.030477,-0.44283074,-0.10171325,-0.15196009,0.3399465,-0.99280876,-0.6047566
2290,2026-05-11 16:15:05.033632,-0.44283074,-0.10171325,-0.15196009,0.3399465,-0.99280876,-0.6047566
2291,2026-05-11 16:15:05.036435,-0.5513126,-0.12683667,-0.09012721,0.3399465,-0.99280876,-0.6047566
2292,2026-05-11 16:15:05.039033,-0.5513126,-0.12683667,-0.09012721,0.3399465,-0.99280876,-0.6047566
2293,2026-05-11 16:15:05.041739,-0.5513126,-0.12683667,-0.09012721,0.3399465,-0.99280876,-0.6047566
2294,2026-05-11 16:15:05.044357,-0.5513126,-0.12683667,-0.09012721,0.07437284,-1.353372,-0.04596761
2295,2026-05-11 16:15:05.073737,1.352701,0.27257687,-0.15641156,-0.8535315,-0.92255926,4.6218066
2296,2026-05-11 16:15:05.077851,1.7528461,0.51131034,-0.20238985,-0.8535315,-0.92255926,4.6218066
2297,2026-05-11 16:15:05.084837,1.7528461,0.51131034,-0.20238985,-0.8535315,-0.92255926,4.6218066
2298,2026-05-11 16:15:05.087733,1.7528461,0.51131034,-0.20238985,-0.8718574,-1.0404562,4.1798453
2299,2026-05-11 16:15:05.090378,1.7528461,0.51131034,-0.20238985,-0.8718574,-1.0404562,4.1798453
2300,2026-05-11 16:15:05.093185,1.7528461,0.51131034,-0.20238985,-0.8718574,-1.0404562,4.1798453
2301,2026-05-11 16:15:05.096055,1.7528461,0.51131034,-0.20238985,-0.8718574,-1.0404562,4.1798453
2302,2026-05-11 16:15:05.098880,1.8489493,0.6822959,-0.24977067,-1.00075,-0.94959,3.6399932
2303,2026-05-11 16:15:05.102052,1.861206,0.8024249,-0.29513916,-1.00075,-0.94959,3.6399932
2304,2026-05-11 16:15:05.104705,1.861206,0.8024249,-0.29513916,-1.00075,-0.94959,3.6399932
2305,2026-05-11 16:15:05.107431,1.861206,0.8024249,-0.29513916,-1.2745703,-0.7622071,3.0586023
2306,2026-05-11 16:15:05.110231,1.861206,0.8024249,-0.29513916,-1.2745703,-0.7622071,3.0586023
2307,2026-05-11 16:15:05.112843,1.861206,0.8024249,-0.29513916,-1.2745703,-0.7622071,3.0586023
2308,2026-05-11 16:15:05.115970,1.861206,0.8024249,-0.29513916,-1.2745703,-0.7622071,3.0586023
2309,2026-05-11 16:15:05.118894,1.861206,0.8024249,-0.29513916,-1.6626225,-0.5369505,2.4889705
2310,2026-05-11 16:15:05.121646,1.861206,0.8024249,-0.29513916,-1.6626225,-0.5369505,2.4889705
2311,2026-05-11 16:15:05.124445,1.861206,0.8024249,-0.29513916,-1.6626225,-0.5369505,2.4889705
2312,2026-05-11 16:15:05.127158,1.861206,0.8024249,-0.29513916,-1.6626225,-0.5369505,2.4889705
2313,2026-05-11 16:15:05.129933,1.861206,0.8024249,-0.29513916,-1.6626225,-0.5369505,2.4889705
2314,2026-05-11 16:15:05.132976,1.861206,0.8024249,-0.29513916,-1.6626225,-0.5369505,2.4889705
2315,2026-05-11 16:15:05.135908,1.8577913,0.8465128,-0.30672523,-1.6626225,-0.5369505,2.4889705
2316,2026-05-11 16:15:05.138585,1.8577913,0.8465128,-0.30672523,-1.6626225,-0.5369505,2.4889705
2317,2026-05-11 16:15:05.141215,1.8577913,0.8465128,-0.30672523,-1.6626225,-0.5369505,2.4889705
2318,2026-05-11 16:15:05.143980,1.8577913,0.8465128,-0.30672523,-1.6626225,-0.5369505,2.4889705
2319,2026-05-11 16:15:05.146666,1.8577913,0.8465128,-0.30672523,-1.6626225,-0.5369505,2.4889705
2320,2026-05-11 16:15:05.149720,1.8577913,0.8465128,-0.30672523,-1.6626225,-0.5369505,2.4889705
2321,2026-05-11 16:15:05.152519,1.8577913,0.8465128,-0.30672523,-1.6626225,-0.5369505,2.4889705
2322,2026-05-11 16:15:05.155198,1.8577913,0.8465128,-0.30672523,-1.6626225,-0.5369505,2.4889705
2323,2026-05-11 16:15:05.157914,1.8577913,0.8465128,-0.30672523,-1.6626225,-0.5369505,2.4889705
2324,2026-05-11 16:15:05.160584,1.8577913,0.8465128,-0.30672523,-1.6626225,-0.5369505,2.4889705
2325,2026-05-11 16:15:05.163206,1.8577913,0.8465128,-0.30672523,-2.2296581,-0.3118467,1.7278323
2326,2026-05-11 16:15:05.166268,1.8577913,0.8465128,-0.30672523,-2.2296581,-0.3118467,1.7278323
2327,2026-05-11 16:15:05.169030,1.8702922,0.82760924,-0.21226847,-2.2296581,-0.3118467,1.7278323
2328,2026-05-11 16:15:05.171930,1.8702922,0.82760924,-0.21226847,-2.2296581,-0.3118467,1.7278323
2329,2026-05-11 16:15:05.174553,1.8702922,0.82760924,-0.21226847,-2.2296581,-0.3118467,1.7278323
2330,2026-05-11 16:15:05.177287,1.8702922,0.82760924,-0.21226847,-2.2296581,-0.3118467,1.7278323
2331,2026-05-11 16:15:05.179871,1.8702922,0.82760924,-0.21226847,-2.447279,-0.15958855,1.3487904
2332,2026-05-11 16:15:05.182980,1.8674871,0.7341892,-0.03872177,-2.447279,-0.15958855,1.3487904
2333,2026-05-11 16:15:05.185841,1.8674871,0.7341892,-0.03872177,-2.447279,-0.15958855,1.3487904
2334,2026-05-11 16:15:05.188474,1.8674871,0.7341892,-0.03872177,-2.447279,-0.15958855,1.3487904
2335,2026-05-11 16:15:05.191401,2.2184222,0.523933,0.18897444,-2.2840252,-0.41325033,0.6742425
2336,2026-05-11 16:15:05.194090,2.2184222,0.523933,0.18897444,-2.2840252,-0.41325033,0.6742425
2337,2026-05-11 16:15:05.196867,2.2184222,0.523933,0.18897444,-2.2840252,-0.41325033,0.6742425
2338,2026-05-11 16:15:05.199957,2.2184222,0.523933,0.18897444,-2.2840252,-0.41325033,0.6742425
2339,2026-05-11 16:15:05.202716,2.2184222,0.523933,0.18897444,-2.2840252,-0.41325033,0.6742425
2340,2026-05-11 16:15:05.205556,2.2184222,0.523933,0.18897444,-2.2840252,-0.41325033,0.6742425
2341,2026-05-11 16:15:05.208470,2.4144092,0.4352693,0.2932488,-1.781283,-0.72158456,0.014202617
2342,2026-05-11 16:15:05.211159,2.3778827,0.45136783,0.23909931,-1.781283,-0.72158456,0.014202617
2343,2026-05-11 16:15:05.213904,2.3778827,0.45136783,0.23909931,-1.781283,-0.72158456,0.014202617
2344,2026-05-11 16:15:05.216976,2.3894687,0.44490403,0.30142003,-1.6873626,-0.6638578,-0.08307768
2345,2026-05-11 16:15:05.219829,2.3894687,0.44490403,0.30142003,-1.6873626,-0.6638578,-0.08307768
2346,2026-05-11 16:15:05.222641,2.3894687,0.44490403,0.30142003,-1.6873626,-0.6638578,-0.08307768
2347,2026-05-11 16:15:05.225465,2.4706929,0.7033947,0.3574599,-1.5746579,-0.41447207,-0.05513059
2348,2026-05-11 16:15:05.228274,2.4706929,0.7033947,0.3574599,-1.5746579,-0.41447207,-0.05513059
2349,2026-05-11 16:15:05.231106,2.4706929,0.7033947,0.3574599,-1.5099062,-0.30100384,-0.18493946
2350,2026-05-11 16:15:05.234173,2.6886325,0.8037664,0.41508517,-1.5099062,-0.30100384,-0.18493946
2351,2026-05-11 16:15:05.237100,2.6886325,0.8037664,0.41508517,-1.5099062,-0.30100384,-0.18493946
2352,2026-05-11 16:15:05.239806,2.6886325,0.8037664,0.41508517,-1.5099062,-0.30100384,-0.18493946
2353,2026-05-11 16:15:05.242435,2.6886325,0.8037664,0.41508517,-1.5099062,-0.30100384,-0.18493946
2354,2026-05-11 16:15:05.245084,2.6886325,0.8037664,0.41508517,-1.5099062,-0.30100384,-0.18493946
2355,2026-05-11 16:15:05.247705,2.6886325,0.8037664,0.41508517,-1.5099062,-0.30100384,-0.18493946
2356,2026-05-11 16:15:05.250961,2.6886325,0.8037664,0.41508517,-1.5099062,-0.30100384,-0.18493946
2357,2026-05-11 16:15:05.253729,2.6886325,0.8037664,0.41508517,-1.5099062,-0.30100384,-0.18493946
2358,2026-05-11 16:15:05.256401,2.6886325,0.8037664,0.41508517,-1.5099062,-0.30100384,-0.18493946
2359,2026-05-11 16:15:05.259167,2.9022427,0.86864823,0.45161173,-1.3147347,0.20540343,-0.9399689
2360,2026-05-11 16:15:05.261854,2.9022427,0.86864823,0.45161173,-1.3147347,0.20540343,-0.9399689
2361,2026-05-11 16:15:05.264501,2.9022427,0.86864823,0.45161173,-1.3147347,0.20540343,-0.9399689
2362,2026-05-11 16:15:05.267829,2.9022427,0.86864823,0.45161173,-1.3147347,0.20540343,-0.9399689
2363,2026-05-11 16:15:05.270693,2.9022427,0.86864823,0.45161173,-1.3147347,0.20540343,-0.9399689
2364,2026-05-11 16:15:05.273530,2.9022427,0.86864823,0.45161173,-1.3965907,-0.011911872,-0.5839872
2365,2026-05-11 16:15:05.276252,2.9022427,0.86864823,0.45161173,-1.3965907,-0.011911872,-0.5839872
2366,2026-05-11 16:15:05.278857,2.9734662,0.8974914,0.4563681,-1.3965907,-0.011911872,-0.5839872
2367,2026-05-11 16:15:05.281610,2.9734662,0.8974914,0.4563681,-1.3965907,-0.011911872,-0.5839872
2368,2026-05-11 16:15:05.284554,2.9734662,0.8974914,0.4563681,-1.3965907,-0.011911872,-0.5839872
2369,2026-05-11 16:15:05.287408,2.9734662,0.8974914,0.4563681,-1.3965907,-0.011911872,-0.5839872
2370,2026-05-11 16:15:05.290037,2.9734662,0.8974914,0.4563681,-1.3965907,-0.011911872,-0.5839872
2371,2026-05-11 16:15:05.292671,2.9734662,0.8974914,0.4563681,-1.3965907,-0.011911872,-0.5839872
2372,2026-05-11 16:15:05.295465,2.9734662,0.8974914,0.4563681,-1.3965907,-0.011911872,-0.5839872
2373,2026-05-11 16:15:05.298503,2.9257195,0.884076,0.42307347,-1.1499538,0.6754643,-1.9077321
2374,2026-05-11 16:15:05.301339,2.9257195,0.884076,0.42307347,-1.1499538,0.6754643,-1.9077321
2375,2026-05-11 16:15:05.303955,2.6623504,0.77358174,0.4012429,-1.1499538,0.6754643,-1.9077321
2376,2026-05-11 16:15:05.306552,2.6623504,0.77358174,0.4012429,-1.1499538,0.6754643,-1.9077321
2377,2026-05-11 16:15:05.309415,2.3549545,0.6543065,0.42453694,-0.9970848,1.0144944,-2.7046058
2378,2026-05-11 16:15:05.312034,2.3549545,0.6543065,0.42453694,-0.83016586,1.0955868,-2.8275425
2379,2026-05-11 16:15:05.314753,2.3549545,0.6543065,0.42453694,-0.83016586,1.0955868,-2.8275425
2380,2026-05-11 16:15:05.317693,2.3549545,0.6543065,0.42453694,-0.83016586,1.0955868,-2.8275425
2381,2026-05-11 16:15:05.320399,2.101708,0.5601546,0.43837923,-0.83016586,1.0955868,-2.8275425
2382,2026-05-11 16:15:05.322990,2.101708,0.5601546,0.43837923,-0.83016586,1.0955868,-2.8275425
2383,2026-05-11 16:15:05.325530,2.101708,0.5601546,0.43837923,-0.83016586,1.0955868,-2.8275425
2384,2026-05-11 16:15:05.328250,2.101708,0.5601546,0.43837923,-0.83016586,1.0955868,-2.8275425
2385,2026-05-11 16:15:05.330844,1.9129164,0.48368677,0.44033056,-0.83016586,1.0955868,-2.8275425
2386,2026-05-11 16:15:05.333974,1.9129164,0.48368677,0.44033056,-0.83016586,1.0955868,-2.8275425
2387,2026-05-11 16:15:05.336821,1.9129164,0.48368677,0.44033056,-0.699288,1.150412,-2.818685
2388,2026-05-11 16:15:05.339534,1.9129164,0.48368677,0.44033056,-0.50976706,1.2108877,-2.7794368
2389,2026-05-11 16:15:05.342275,1.9129164,0.48368677,0.44033056,-0.50976706,1.2108877,-2.7794368
2390,2026-05-11 16:15:05.344911,1.7968122,0.43575716,0.4349034,-0.50976706,1.2108877,-2.7794368
2391,2026-05-11 16:15:05.347739,1.7968122,0.43575716,0.4349034,-0.50976706,1.2108877,-2.7794368
2392,2026-05-11 16:15:05.350847,1.7968122,0.43575716,0.4349034,-0.50976706,1.2108877,-2.7794368
2393,2026-05-11 16:15:05.353487,1.7968122,0.43575716,0.4349034,-0.50976706,1.2108877,-2.7794368
2394,2026-05-11 16:15:05.356242,1.7968122,0.43575716,0.4349034,-0.50976706,1.2108877,-2.7794368
2395,2026-05-11 16:15:05.358848,1.7968122,0.43575716,0.4349034,-0.50976706,1.2108877,-2.7794368
2396,2026-05-11 16:15:05.361646,1.5236255,0.42648828,0.3972183,-0.08307768,1.2064588,-2.7608054
2397,2026-05-11 16:15:05.364315,1.5236255,0.42648828,0.3972183,-0.08307768,1.2064588,-2.7608054
2398,2026-05-11 16:15:05.367390,1.5236255,0.42648828,0.3972183,-0.08307768,1.2064588,-2.7608054
2399,2026-05-11 16:15:05.370172,1.5236255,0.42648828,0.3972183,-0.08307768,1.2064588,-2.7608054
2400,2026-05-11 16:15:05.372894,1.5236255,0.42648828,0.3972183,-0.08307768,1.2064588,-2.7608054
2401,2026-05-11 16:15:05.375478,1.5236255,0.42648828,0.3972183,-0.08307768,1.2064588,-2.7608054
2402,2026-05-11 16:15:05.378266,1.5236255,0.42648828,0.3972183,-0.08307768,1.2064588,-2.7608054
2403,2026-05-11 16:15:05.380841,1.5236255,0.42648828,0.3972183,-0.08307768,1.2064588,-2.7608054
2404,2026-05-11 16:15:05.383811,1.3841661,0.465454,0.3398369,0.16187929,1.1039863,-2.7806585
2405,2026-05-11 16:15:05.386655,1.3841661,0.465454,0.3398369,0.16187929,1.1039863,-2.7806585
2406,2026-05-11 16:15:05.389416,1.3841661,0.465454,0.3398369,0.16187929,1.1039863,-2.7806585
2407,2026-05-11 16:15:05.392134,1.3349559,0.4985047,0.29934675,0.2677117,1.0010555,-2.7757716
2408,2026-05-11 16:15:05.394835,1.3349559,0.4985047,0.29934675,0.2677117,1.0010555,-2.7757716
2409,2026-05-11 16:15:05.397497,1.3349559,0.4985047,0.29934675,0.2677117,1.0010555,-2.7757716
2410,2026-05-11 16:15:05.400728,1.3349559,0.4985047,0.29934675,0.2677117,1.0010555,-2.7757716
2411,2026-05-11 16:15:05.403442,1.3159915,0.57546043,0.26684484,0.40317106,0.81122905,-2.8108964
2412,2026-05-11 16:15:05.406055,1.3159915,0.57546043,0.26684484,0.47540587,0.78969604,-2.9675834
2413,2026-05-11 16:15:05.408787,1.3159915,0.57546043,0.26684484,0.47540587,0.78969604,-2.9675834
2414,2026-05-11 16:15:05.411418,1.3178818,0.58570486,0.27025968,0.47540587,0.78969604,-2.9675834
2415,2026-05-11 16:15:05.414091,1.3178818,0.58570486,0.27025968,0.47540587,0.78969604,-2.9675834
2416,2026-05-11 16:15:05.416825,1.3178818,0.58570486,0.27025968,0.47540587,0.78969604,-2.9675834
2417,2026-05-11 16:15:05.420184,1.3178818,0.58570486,0.27025968,0.47540587,0.78969604,-2.9675834
2418,2026-05-11 16:15:05.422981,1.3178818,0.58570486,0.27025968,0.47540587,0.78969604,-2.9675834
2419,2026-05-11 16:15:05.425734,1.3178818,0.58570486,0.27025968,0.47540587,0.78969604,-2.9675834
2420,2026-05-11 16:15:05.428327,1.3178818,0.58570486,0.27025968,0.47540587,0.78969604,-2.9675834
2421,2026-05-11 16:15:05.430992,1.3178818,0.58570486,0.27025968,0.47540587,0.78969604,-2.9675834
2422,2026-05-11 16:15:05.434391,1.3178818,0.58570486,0.27025968,0.5320636,0.86590147,-3.1624494
2423,2026-05-11 16:15:05.437342,1.3134913,0.5728993,0.28288236,0.61941737,1.0571023,-3.4623842
2424,2026-05-11 16:15:05.439980,1.3134913,0.5728993,0.28288236,0.61941737,1.0571023,-3.4623842
2425,2026-05-11 16:15:05.442626,1.3134913,0.5728993,0.28288236,0.61941737,1.0571023,-3.4623842
2426,2026-05-11 16:15:05.445177,1.3134913,0.5728993,0.28288236,0.61941737,1.0571023,-3.4623842
2427,2026-05-11 16:15:05.448246,1.2744646,0.5052734,0.29959065,0.61941737,1.0571023,-3.4623842
2428,2026-05-11 16:15:05.451282,1.2744646,0.5052734,0.29959065,0.61941737,1.0571023,-3.4623842
2429,2026-05-11 16:15:05.453936,1.2281204,0.41575596,0.30648127,0.61941737,1.0571023,-3.4623842
2430,2026-05-11 16:15:05.456674,1.0750017,0.24519724,0.295627,0.978148,1.5871806,-4.0819545
2431,2026-05-11 16:15:05.459523,1.0750017,0.24519724,0.295627,0.978148,1.5871806,-4.0819545
2432,2026-05-11 16:15:05.462273,1.0750017,0.24519724,0.295627,0.978148,1.5871806,-4.0819545
2433,2026-05-11 16:15:05.465144,1.0750017,0.24519724,0.295627,0.978148,1.5871806,-4.0819545
2434,2026-05-11 16:15:05.468343,1.0750017,0.24519724,0.295627,1.2174544,1.7030923,-4.2497897
2435,2026-05-11 16:15:05.471137,1.0750017,0.24519724,0.295627,1.2174544,1.7030923,-4.2497897
2436,2026-05-11 16:15:05.474078,1.0750017,0.24519724,0.295627,1.2174544,1.7030923,-4.2497897
2437,2026-05-11 16:15:05.476823,1.0750017,0.24519724,0.295627,1.2174544,1.7030923,-4.2497897
2438,2026-05-11 16:15:05.479689,0.9062724,0.13482493,0.27178416,1.2174544,1.7030923,-4.2497897
2439,2026-05-11 16:15:05.482767,0.70248,0.03439225,0.22592781,1.2174544,1.7030923,-4.2497897
2440,2026-05-11 16:15:05.485789,0.70248,0.03439225,0.22592781,1.2174544,1.7030923,-4.2497897
2441,2026-05-11 16:15:05.488560,0.70248,0.03439225,0.22592781,1.2174544,1.7030923,-4.2497897
2442,2026-05-11 16:15:05.491252,0.70248,0.03439225,0.22592781,1.2174544,1.7030923,-4.2497897
2443,2026-05-11 16:15:05.494029,0.70248,0.03439225,0.22592781,1.2174544,1.7030923,-4.2497897
2444,2026-05-11 16:15:05.496743,0.70248,0.03439225,0.22592781,1.2174544,1.7030923,-4.2497897
2445,2026-05-11 16:15:05.499808,0.70248,0.03439225,0.22592781,1.5679383,1.7055358,-4.3263
2446,2026-05-11 16:15:05.502689,0.70248,0.03439225,0.22592781,1.5679383,1.7055358,-4.3263
2447,2026-05-11 16:15:05.505281,0.70248,0.03439225,0.22592781,1.5679383,1.7055358,-4.3263
2448,2026-05-11 16:15:05.507844,0.70248,0.03439225,0.22592781,1.5679383,1.7055358,-4.3263
2449,2026-05-11 16:15:05.510594,0.70248,0.03439225,0.22592781,1.5679383,1.7055358,-4.3263
2450,2026-05-11 16:15:05.513252,0.5221036,-0.041953668,0.16708292,1.9352211,1.5462526,-4.3041563
2451,2026-05-11 16:15:05.516121,0.5221036,-0.041953668,0.16708292,1.9352211,1.5462526,-4.3041563
2452,2026-05-11 16:15:05.519192,0.42709813,-0.04835648,0.1062867,1.9352211,1.5462526,-4.3041563
2453,2026-05-11 16:15:05.521777,0.42709813,-0.04835648,0.1062867,1.9352211,1.5462526,-4.3041563
2454,2026-05-11 16:15:05.524414,0.42709813,-0.04835648,0.1062867,2.2470677,1.2286028,-4.1442623
2455,2026-05-11 16:15:05.526994,0.42709813,-0.04835648,0.1062867,2.2470677,1.2286028,-4.1442623
2456,2026-05-11 16:15:05.529475,0.42709813,-0.04835648,0.1062867,2.2470677,1.2286028,-4.1442623
2457,2026-05-11 16:15:05.532244,0.42709813,-0.04835648,0.1062867,2.2470677,1.2286028,-4.1442623
2458,2026-05-11 16:15:05.535174,0.39904767,-0.01603752,-0.014939896,2.2470677,1.2286028,-4.1442623
2459,2026-05-11 16:15:05.537819,0.39904767,-0.01603752,-0.014939896,2.412765,0.8926268,-3.904956
2460,2026-05-11 16:15:05.540554,0.52521354,0.01597654,-0.13945936,2.403144,0.7113526,-3.723529
2461,2026-05-11 16:15:05.543317,0.52521354,0.01597654,-0.13945936,2.2206478,0.6235407,-3.5714238
2462,2026-05-11 16:15:05.545965,0.52521354,0.01597654,-0.13945936,2.2206478,0.6235407,-3.5714238
2463,2026-05-11 16:15:05.549278,0.52521354,0.01597654,-0.13945936,1.960572,0.6818783,-3.551876
2464,2026-05-11 16:15:05.552438,0.52521354,0.01597654,-0.13945936,1.960572,0.6818783,-3.551876
2465,2026-05-11 16:15:05.555079,0.52521354,0.01597654,-0.13945936,1.960572,0.6818783,-3.551876
2466,2026-05-11 16:15:05.557920,0.52521354,0.01597654,-0.13945936,1.960572,0.6818783,-3.551876
2467,2026-05-11 16:15:05.560602,0.52521354,0.01597654,-0.13945936,1.960572,0.6818783,-3.551876
2468,2026-05-11 16:15:05.563245,0.52521354,0.01597654,-0.13945936,1.960572,0.6818783,-3.551876
2469,2026-05-11 16:15:05.566402,0.82956064,0.027989438,-0.079333894,1.960572,0.6818783,-3.551876
2470,2026-05-11 16:15:05.569434,0.82956064,0.027989438,-0.079333894,1.6206255,0.9166033,-3.8811324
2471,2026-05-11 16:15:05.572141,0.82956064,0.027989438,-0.079333894,1.6206255,0.9166033,-3.8811324
2472,2026-05-11 16:15:05.574957,0.82956064,0.027989438,-0.079333894,1.6206255,0.9166033,-3.8811324
2473,2026-05-11 16:15:05.577586,0.82956064,0.027989438,-0.079333894,1.6206255,0.9166033,-3.8811324
2474,2026-05-11 16:15:05.580374,-0.03591673,-0.5321042,-0.2598932,1.6050484,-0.37965274,0.7982482
2475,2026-05-11 16:15:05.583477,-0.03591673,-0.5321042,-0.2598932,-0.094225965,-0.027947085,3.1720705
2476,2026-05-11 16:15:05.586275,-0.03591673,-0.5321042,-0.2598932,-0.094225965,-0.027947085,3.1720705
2477,2026-05-11 16:15:05.588932,-0.03591673,-0.5321042,-0.2598932,-0.094225965,-0.027947085,3.1720705
2478,2026-05-11 16:15:05.591544,-0.03591673,-0.5321042,-0.2598932,-0.094225965,-0.027947085,3.1720705
2479,2026-05-11 16:15:05.594271,-0.03591673,-0.5321042,-0.2598932,-0.094225965,-0.027947085,3.1720705
2480,2026-05-11 16:15:05.597001,0.12061679,-0.57844836,-0.19184047,-0.094225965,-0.027947085,3.1720705
2481,2026-05-11 16:15:05.600207,0.12061679,-0.57844836,-0.19184047,-0.094225965,-0.027947085,3.1720705
2482,2026-05-11 16:15:05.603110,0.12061679,-0.57844836,-0.19184047,-0.6404922,0.31535918,3.7896552
2483,2026-05-11 16:15:05.605864,0.12061679,-0.57844836,-0.19184047,-0.6404922,0.31535918,3.7896552
2484,2026-05-11 16:15:05.608578,0.12061679,-0.57844836,-0.19184047,-1.1517864,0.47158796,4.7693305
2485,2026-05-11 16:15:05.611222,0.12061679,-0.57844836,-0.19184047,-1.1517864,0.47158796,4.7693305
2486,2026-05-11 16:15:05.613985,0.12061679,-0.57844836,-0.19184047,-1.1517864,0.47158796,4.7693305
2487,2026-05-11 16:15:05.617160,0.12061679,-0.57844836,-0.19184047,-1.1517864,0.47158796,4.7693305
2488,2026-05-11 16:15:05.619949,0.12061679,-0.57844836,-0.19184047,-1.1517864,0.47158796,4.7693305
2489,2026-05-11 16:15:05.622703,0.57106996,-0.59765685,-0.013415418,-1.274723,0.37308595,5.2290063
2490,2026-05-11 16:15:05.625435,0.57106996,-0.59765685,-0.013415418,-1.274723,0.37308595,5.2290063
2491,2026-05-11 16:15:05.628033,0.57106996,-0.59765685,-0.013415418,-1.274723,0.37308595,5.2290063
2492,2026-05-11 16:15:05.630778,0.57106996,-0.59765685,-0.013415418,-1.274723,0.37308595,5.2290063
2493,2026-05-11 16:15:05.633756,0.57106996,-0.59765685,-0.013415418,-1.274723,0.37308595,5.2290063
2494,2026-05-11 16:15:05.636580,0.57106996,-0.59765685,-0.013415418,-1.274723,0.37308595,5.2290063
2495,2026-05-11 16:15:05.639282,0.57106996,-0.59765685,-0.013415418,-1.274723,0.37308595,5.2290063
2496,2026-05-11 16:15:05.641943,0.66430706,-0.58588785,-0.007622396,-1.274723,0.37308595,5.2290063
2497,2026-05-11 16:15:05.644639,0.66430706,-0.58588785,-0.007622396,-1.274723,0.37308595,5.2290063
2498,2026-05-11 16:15:05.647212,0.66430706,-0.58588785,-0.007622396,-1.274723,0.37308595,5.2290063
2499,2026-05-11 16:15:05.650503,0.66430706,-0.58588785,-0.007622396,-1.274723,0.37308595,5.2290063
2500,2026-05-11 16:15:05.653315,0.66430706,-0.58588785,-0.007622396,-1.274723,0.37308595,5.2290063
2501,2026-05-11 16:15:05.656047,0.66430706,-0.58588785,-0.007622396,-1.274723,0.37308595,5.2290063
2502,2026-05-11 16:15:05.658660,0.66430706,-0.58588785,-0.007622396,-1.274723,0.37308595,5.2290063
2503,2026-05-11 16:15:05.661336,0.66430706,-0.58588785,-0.007622396,-1.3191634,0.29092458,5.4432673
2504,2026-05-11 16:15:05.663924,0.66430706,-0.58588785,-0.007622396,-1.3191634,0.29092458,5.4432673
2505,2026-05-11 16:15:05.667020,0.66430706,-0.58588785,-0.007622396,-1.3191634,0.29092458,5.4432673
2506,2026-05-11 16:15:05.669848,0.66430706,-0.58588785,-0.007622396,-1.4217888,0.073303826,5.7856574
2507,2026-05-11 16:15:05.672487,0.66430706,-0.58588785,-0.007622396,-1.4217888,0.073303826,5.7856574
2508,2026-05-11 16:15:05.675359,0.79602206,-0.5490564,-0.011890938,-1.4217888,0.073303826,5.7856574
2509,2026-05-11 16:15:05.678028,0.79602206,-0.5490564,-0.011890938,-1.4217888,0.073303826,5.7856574
2510,2026-05-11 16:15:05.680706,0.79602206,-0.5490564,-0.011890938,-1.4217888,0.073303826,5.7856574
2511,2026-05-11 16:15:05.683830,0.8482203,-0.5368606,-0.005305188,-1.5247196,-0.010995574,5.9817452
2512,2026-05-11 16:15:05.686563,1.0638425,-0.47819862,0.016647313,-1.6048957,-0.08246681,6.1436243
2513,2026-05-11 16:15:05.689277,1.0638425,-0.47819862,0.016647313,-1.6048957,-0.08246681,6.1436243
2514,2026-05-11 16:15:05.691871,1.0638425,-0.47819862,0.016647313,-1.6048957,-0.08246681,6.1436243
2515,2026-05-11 16:15:05.694734,1.0638425,-0.47819862,0.016647313,-1.6048957,-0.08246681,6.1436243
2516,2026-05-11 16:15:05.697433,1.0638425,-0.47819862,0.016647313,-1.6048957,-0.08246681,6.1436243
2517,2026-05-11 16:15:05.700380,1.3823367,-0.3310559,0.047990605,-1.6048957,-0.08246681,6.1436243
2518,2026-05-11 16:15:05.703243,1.3823367,-0.3310559,0.047990605,-1.6048957,-0.08246681,6.1436243
2519,2026-05-11 16:15:05.705885,1.3823367,-0.3310559,0.047990605,-1.6048957,-0.08246681,6.1436243
2520,2026-05-11 16:15:05.708498,1.3823367,-0.3310559,0.047990605,-1.617724,-0.05757405,6.0706263
2521,2026-05-11 16:15:05.711207,1.5618594,-0.2209885,0.04853942,-1.617724,-0.05757405,6.0706263
2522,2026-05-11 16:15:05.713768,1.5618594,-0.2209885,0.04853942,-1.617724,-0.05757405,6.0706263
2523,2026-05-11 16:15:05.716933,1.5618594,-0.2209885,0.04853942,-1.617724,-0.05757405,6.0706263
2524,2026-05-11 16:15:05.719647,1.5618594,-0.2209885,0.04853942,-1.617724,-0.05757405,6.0706263
2525,2026-05-11 16:15:05.722271,1.5618594,-0.2209885,0.04853942,-1.5867225,0.008093964,5.780465
2526,2026-05-11 16:15:05.724990,1.5618594,-0.2209885,0.04853942,-1.5867225,0.008093964,5.780465
2527,2026-05-11 16:15:05.727769,1.5907025,0.16799761,-0.0690894,-1.6978999,0.37858373,4.1442623
2528,2026-05-11 16:15:05.730434,1.5907025,0.16799761,-0.0690894,-1.6978999,0.37858373,4.1442623
2529,2026-05-11 16:15:05.733607,1.0615253,0.44459912,0.17683959,-1.892766,0.5853616,3.4738379
2530,2026-05-11 16:15:05.736412,1.0615253,0.44459912,0.17683959,-1.9488128,0.68508536,2.8008173
2531,2026-05-11 16:15:05.739060,1.0615253,0.44459912,0.17683959,-1.9488128,0.68508536,2.8008173
2532,2026-05-11 16:15:05.741658,1.0615253,0.44459912,0.17683959,-1.9488128,0.68508536,2.8008173
2533,2026-05-11 16:15:05.744324,1.0615253,0.44459912,0.17683959,-1.9488128,0.68508536,2.8008173
2534,2026-05-11 16:15:05.747029,1.0615253,0.44459912,0.17683959,-1.9488128,0.68508536,2.8008173
2535,2026-05-11 16:15:05.750227,1.0615253,0.44459912,0.17683959,-1.9488128,0.68508536,2.8008173
2536,2026-05-11 16:15:05.752965,1.3061128,0.77724046,0.6957723,-0.63621616,-0.37094793,2.7997482
2537,2026-05-11 16:15:05.755626,1.3061128,0.77724046,0.6957723,-0.63621616,-0.37094793,2.7997482
2538,2026-05-11 16:15:05.758289,1.6860131,0.96761745,0.75473917,-0.63621616,-0.37094793,2.7997482
2539,2026-05-11 16:15:05.760859,1.6860131,0.96761745,0.75473917,-0.63621616,-0.37094793,2.7997482
2540,2026-05-11 16:15:05.763619,1.6860131,0.96761745,0.75473917,-0.63621616,-0.37094793,2.7997482
2541,2026-05-11 16:15:05.766607,1.7540658,1.3147718,-0.5137495,-0.63621616,-0.37094793,2.7997482
2542,2026-05-11 16:15:05.769339,1.7540658,1.3147718,-0.5137495,-0.63621616,-0.37094793,2.7997482
2543,2026-05-11 16:15:05.771945,1.7540658,1.3147718,-0.5137495,-0.63621616,-0.37094793,2.7997482
2544,2026-05-11 16:15:05.774504,1.7540658,1.3147718,-0.5137495,-0.63621616,-0.37094793,2.7997482
2545,2026-05-11 16:15:05.777478,1.7540658,1.3147718,-0.5137495,-0.63621616,-0.37094793,2.7997482
2546,2026-05-11 16:15:05.780282,1.7540658,1.3147718,-0.5137495,-0.63621616,-0.37094793,2.7997482
2547,2026-05-11 16:15:05.783485,1.7540658,1.3147718,-0.5137495,-0.63621616,-0.37094793,2.7997482
2548,2026-05-11 16:15:05.786289,1.7540658,1.3147718,-0.5137495,-0.63621616,-0.37094793,2.7997482
2549,2026-05-11 16:15:05.789048,1.7540658,1.3147718,-0.5137495,-0.63621616,-0.37094793,2.7997482
2550,2026-05-11 16:15:05.791698,1.7540658,1.3147718,-0.5137495,-0.63621616,-0.37094793,2.7997482
2551,2026-05-11 16:15:05.794527,1.7540658,1.3147718,-0.5137495,-2.2721133,-0.43799037,0.86437434
2552,2026-05-11 16:15:05.797191,2.1904328,1.5286868,0.027989438,-2.2721133,-0.43799037,0.86437434
2553,2026-05-11 16:15:05.800388,2.1904328,1.5286868,0.027989438,-2.2721133,-0.43799037,0.86437434
2554,2026-05-11 16:15:05.803249,2.611372,1.5299673,0.5379582,-2.869234,-0.269697,0.84650654
2555,2026-05-11 16:15:05.806130,2.611372,1.5299673,0.5379582,-3.0234776,-0.3587306,0.56153786
2556,2026-05-11 16:15:05.808885,2.611372,1.5299673,0.5379582,-3.0234776,-0.3587306,0.56153786
2557,2026-05-11 16:15:05.811727,2.611372,1.5299673,0.5379582,-3.0234776,-0.3587306,0.56153786
2558,2026-05-11 16:15:05.814413,2.611372,1.5299673,0.5379582,-3.0234776,-0.3587306,0.56153786
2559,2026-05-11 16:15:05.817474,2.611372,1.5299673,0.5379582,-3.0234776,-0.3587306,0.56153786
2560,2026-05-11 16:15:05.820464,2.611372,1.5299673,0.5379582,-3.0234776,-0.3587306,0.56153786
2561,2026-05-11 16:15:05.823165,2.611372,1.5299673,0.5379582,-3.0234776,-0.3587306,0.56153786
2562,2026-05-11 16:15:05.826006,2.7958949,1.440267,0.75461715,-2.334727,-0.6000224,0.0032070426
2563,2026-05-11 16:15:05.828632,2.7958949,1.440267,0.75461715,-2.334727,-0.6000224,0.0032070426
2564,2026-05-11 16:15:05.831388,2.7958949,1.440267,0.75461715,-0.16722436,-0.7991645,-1.6360499
2565,2026-05-11 16:15:05.834475,2.408616,1.3309922,0.2595883,-0.16722436,-0.7991645,-1.6360499
2566,2026-05-11 16:15:05.837203,2.408616,1.3309922,0.2595883,-0.16722436,-0.7991645,-1.6360499
2567,2026-05-11 16:15:05.840005,2.408616,1.3309922,0.2595883,-0.16722436,-0.7991645,-1.6360499
2568,2026-05-11 16:15:05.842752,2.408616,1.3309922,0.2595883,-0.16722436,-0.7991645,-1.6360499
2569,2026-05-11 16:15:05.845429,2.408616,1.3309922,0.2595883,-0.16722436,-0.7991645,-1.6360499
2570,2026-05-11 16:15:05.848030,2.408616,1.3309922,0.2595883,-0.16722436,-0.7991645,-1.6360499
2571,2026-05-11 16:15:05.851288,2.408616,1.3309922,0.2595883,-0.16722436,-0.7991645,-1.6360499
2572,2026-05-11 16:15:05.854143,2.408616,1.3309922,0.2595883,-0.16722436,-0.7991645,-1.6360499
2573,2026-05-11 16:15:05.856902,2.2622051,1.226718,0.100005835,-0.25350907,-0.23991732,-2.5891523
2574,2026-05-11 16:15:05.859550,2.1786637,1.1606774,0.15354554,-0.25350907,-0.23991732,-2.5891523
2575,2026-05-11 16:15:05.862463,2.1786637,1.1606774,0.15354554,-0.25350907,-0.23991732,-2.5891523
2576,2026-05-11 16:15:05.865212,2.1786637,1.1606774,0.15354554,-0.25350907,-0.23991732,-2.5891523
2577,2026-05-11 16:15:05.868214,2.1786637,1.1606774,0.15354554,-0.25350907,-0.23991732,-2.5891523
2578,2026-05-11 16:15:05.870865,2.1786637,1.1606774,0.15354554,-0.25350907,-0.23991732,-2.5891523
2579,2026-05-11 16:15:05.873470,2.1786637,1.1606774,0.15354554,-0.5083926,-0.085673854,-2.7543914
2580,2026-05-11 16:15:05.876346,2.0833533,1.1350052,0.23196477,-0.5083926,-0.085673854,-2.7543914
2581,2026-05-11 16:15:05.879090,2.0833533,1.1350052,0.23196477,-0.5083926,-0.085673854,-2.7543914
2582,2026-05-11 16:15:05.881897,2.0159104,1.1087233,0.26617405,-0.78801614,0.113926366,-3.1059444
2583,2026-05-11 16:15:05.885013,2.0159104,1.1087233,0.26617405,-0.78801614,0.113926366,-3.1059444
2584,2026-05-11 16:15:05.887730,1.8085201,1.0016438,0.30111513,-0.78801614,0.113926366,-3.1059444
2585,2026-05-11 16:15:05.890306,1.8085201,1.0016438,0.30111513,-0.78801614,0.113926366,-3.1059444
2586,2026-05-11 16:15:05.893042,1.8085201,1.0016438,0.30111513,-0.78801614,0.113926366,-3.1059444
2587,2026-05-11 16:15:05.895728,1.8085201,1.0016438,0.30111513,-0.8933904,0.3397938,-3.4600935
2588,2026-05-11 16:15:05.898618,1.8085201,1.0016438,0.30111513,-0.8933904,0.3397938,-3.4600935
2589,2026-05-11 16:15:05.901720,1.8085201,1.0016438,0.30111513,-0.8933904,0.3397938,-3.4600935
2590,2026-05-11 16:15:05.904421,1.8085201,1.0016438,0.30111513,-0.8933904,0.3397938,-3.4600935
2591,2026-05-11 16:15:05.907150,1.6474742,0.94127446,0.31684774,-0.91522884,0.50610185,-3.6551123
2592,2026-05-11 16:15:05.909979,1.6474742,0.94127446,0.31684774,-0.91522884,0.50610185,-3.6551123
2593,2026-05-11 16:15:05.912658,1.399594,0.8118766,0.3325804,-0.91522884,0.50610185,-3.6551123
2594,2026-05-11 16:15:05.915357,1.399594,0.8118766,0.3325804,-0.91522884,0.50610185,-3.6551123
2595,2026-05-11 16:15:05.918494,1.399594,0.8118766,0.3325804,-0.91522884,0.50610185,-3.6551123
2596,2026-05-11 16:15:05.921204,1.399594,0.8118766,0.3325804,-0.8912524,0.70081514,-3.815617
2597,2026-05-11 16:15:05.923916,1.399594,0.8118766,0.3325804,-0.8912524,0.70081514,-3.815617
2598,2026-05-11 16:15:05.926638,1.399594,0.8118766,0.3325804,-0.8912524,0.70081514,-3.815617
2599,2026-05-11 16:15:05.929408,1.399594,0.8118766,0.3325804,-0.8912524,0.70081514,-3.815617
2600,2026-05-11 16:15:05.932119,1.399594,0.8118766,0.3325804,-0.8912524,0.70081514,-3.815617
2601,2026-05-11 16:15:05.935322,1.399594,0.8118766,0.3325804,-0.8912524,0.70081514,-3.815617
2602,2026-05-11 16:15:05.938033,1.399594,0.8118766,0.3325804,-0.8912524,0.70081514,-3.815617
2603,2026-05-11 16:15:05.940856,1.399594,0.8118766,0.3325804,-0.8912524,0.70081514,-3.815617
2604,2026-05-11 16:15:05.943758,1.399594,0.8118766,0.3325804,-0.8912524,0.70081514,-3.815617
2605,2026-05-11 16:15:05.959228,1.399594,0.8118766,0.3325804,-0.8912524,0.70081514,-3.815617
2606,2026-05-11 16:15:05.962490,1.399594,0.8118766,0.3325804,-0.8912524,0.70081514,-3.815617
2607,2026-05-11 16:15:05.973492,1.1312855,0.6068037,0.34550798,-0.7432703,0.9456194,-3.8806741
2608,2026-05-11 16:15:05.981840,1.1312855,0.6068037,0.34550798,-0.5532912,1.0444268,-3.893655
2609,2026-05-11 16:15:05.985501,1.1312855,0.6068037,0.34550798,-0.5532912,1.0444268,-3.893655
2610,2026-05-11 16:15:05.988301,1.1312855,0.6068037,0.34550798,0.111635625,0.96684694,-3.9165626
2611,2026-05-11 16:15:05.991283,0.26251534,-0.08909056,-0.058540005,1.9361374,-0.052381694,-3.2183435
2612,2026-05-11 16:15:05.994099,0.26251534,-0.08909056,-0.058540005,1.9361374,-0.052381694,-3.2183435
2613,2026-05-11 16:15:05.996959,0.1507405,-0.18787682,-0.22379355,1.9361374,-0.052381694,-3.2183435
2614,2026-05-11 16:15:06.000227,0.1507405,-0.18787682,-0.22379355,2.17804,-0.6267477,-3.1390839
2615,2026-05-11 16:15:06.003041,0.1507405,-0.18787682,-0.22379355,2.17804,-0.6267477,-3.1390839
2616,2026-05-11 16:15:06.005783,0.1507405,-0.18787682,-0.22379355,2.17804,-0.6267477,-3.1390839
2617,2026-05-11 16:15:06.008505,0.10787215,-0.20464608,-0.2619665,2.17804,-0.6267477,-3.1390839
2618,2026-05-11 16:15:06.011128,0.10787215,-0.20464608,-0.2619665,2.17804,-0.6267477,-3.1390839
2619,2026-05-11 16:15:06.013921,0.10787215,-0.20464608,-0.2619665,2.17804,-0.6267477,-3.1390839
2620,2026-05-11 16:15:06.017000,0.10787215,-0.20464608,-0.2619665,2.17804,-0.6267477,-3.1390839
2621,2026-05-11 16:15:06.020033,-0.024757542,-0.25300255,-0.06500379,1.1410962,-0.11102476,-2.510198
2622,2026-05-11 16:15:06.022715,-0.024757542,-0.25300255,-0.06500379,1.1410962,-0.11102476,-2.510198
2623,2026-05-11 16:15:06.025412,-0.024757542,-0.25300255,-0.06500379,1.518611,-0.8691085,-1.8602374
2624,2026-05-11 16:15:06.028079,-0.024757542,-0.25300255,-0.06500379,1.518611,-0.8691085,-1.8602374
2625,2026-05-11 16:15:06.030757,-0.47149092,-0.34404445,0.06445498,1.5957327,-1.1055133,-1.6013832
2626,2026-05-11 16:15:06.034017,-0.47149092,-0.34404445,0.06445498,0.302531,-0.3849978,2.3031147
2627,2026-05-11 16:15:06.036745,-0.47149092,-0.34404445,0.06445498,0.302531,-0.3849978,2.3031147
2628,2026-05-11 16:15:06.039370,-0.47149092,-0.34404445,0.06445498,0.302531,-0.3849978,2.3031147
2629,2026-05-11 16:15:06.042058,-0.47149092,-0.34404445,0.06445498,-1.473407,0.4382958,4.4533606
2630,2026-05-11 16:15:06.044911,0.9799352,-0.46728337,0.20281671,-2.1988094,1.3109168,4.857906
2631,2026-05-11 16:15:06.047562,0.9799352,-0.46728337,0.20281671,-2.1988094,1.3109168,4.857906
2632,2026-05-11 16:15:06.050680,1.340688,-0.3621553,0.12805626,-1.9814942,0.044745877,6.0138154
2633,2026-05-11 16:15:06.053541,1.340688,-0.3621553,0.12805626,-1.9814942,0.044745877,6.0138154
2634,2026-05-11 16:15:06.056280,1.439962,-0.33038515,0.029270003,-1.9814942,0.044745877,6.0138154
2635,2026-05-11 16:15:06.058964,1.439962,-0.33038515,0.029270003,-1.9814942,0.044745877,6.0138154
2636,2026-05-11 16:15:06.061595,1.439962,-0.33038515,0.029270003,-1.9814942,0.044745877,6.0138154
2637,2026-05-11 16:15:06.064408,1.439962,-0.33038515,0.029270003,-1.9814942,0.044745877,6.0138154
2638,2026-05-11 16:15:06.067486,1.439962,-0.33038515,0.029270003,-1.9814942,0.044745877,6.0138154
2639,2026-05-11 16:15:06.070467,1.439962,-0.33038515,0.029270003,-1.9814942,0.044745877,6.0138154
2640,2026-05-11 16:15:06.073071,1.439962,-0.33038515,0.029270003,-1.9814942,0.044745877,6.0138154
2641,2026-05-11 16:15:06.075897,1.439962,-0.33038515,0.029270003,-1.9814942,0.044745877,6.0138154
2642,2026-05-11 16:15:06.078652,1.5089904,-0.22074458,0.12134854,-2.322204,0.26251933,6.2841234
2643,2026-05-11 16:15:06.081439,1.5089904,-0.22074458,0.12134854,-2.322204,0.26251933,6.2841234
2644,2026-05-11 16:15:06.084630,1.5266135,-0.0983594,0.25952733,-2.322204,0.26251933,6.2841234
2645,2026-05-11 16:15:06.087353,1.5266135,-0.0983594,0.25952733,-2.322204,0.26251933,6.2841234
2646,2026-05-11 16:15:06.090041,1.5266135,-0.0983594,0.25952733,-2.322204,0.26251933,6.2841234
2647,2026-05-11 16:15:06.092768,1.5266135,-0.0983594,0.25952733,-2.342821,0.38973203,6.321997
2648,2026-05-11 16:15:06.095522,1.5266135,-0.0983594,0.25952733,-2.342821,0.38973203,6.321997
2649,2026-05-11 16:15:06.098844,1.5962516,0.023476979,0.29715148,-2.342821,0.38973203,6.321997
2650,2026-05-11 16:15:06.101871,1.5962516,0.023476979,0.29715148,-2.2725713,0.48548517,6.2738914
2651,2026-05-11 16:15:06.104477,1.5962516,0.023476979,0.29715148,-2.2725713,0.48548517,6.2738914
2652,2026-05-11 16:15:06.107278,1.5962516,0.023476979,0.29715148,-2.2725713,0.48548517,6.2738914
2653,2026-05-11 16:15:06.109893,1.5962516,0.023476979,0.29715148,-2.2725713,0.48548517,6.2738914
2654,2026-05-11 16:15:06.112528,1.5962516,0.023476979,0.29715148,-2.2725713,0.48548517,6.2738914
2655,2026-05-11 16:15:06.115586,1.8104715,0.2742843,0.24946578,-2.2346978,0.6377433,6.001751
2656,2026-05-11 16:15:06.118461,1.8104715,0.2742843,0.24946578,-2.2346978,0.6377433,6.001751
2657,2026-05-11 16:15:06.121106,1.8104715,0.2742843,0.24946578,-2.2346978,0.6377433,6.001751
2658,2026-05-11 16:15:06.123917,1.8104715,0.2742843,0.24946578,-2.2346978,0.6377433,6.001751
2659,2026-05-11 16:15:06.126559,1.8104715,0.2742843,0.24946578,-2.3425155,0.7958047,5.5981216
2660,2026-05-11 16:15:06.129145,1.8104715,0.2742843,0.24946578,-2.3425155,0.7958047,5.5981216
2661,2026-05-11 16:15:06.131925,1.9643219,0.40136486,0.15354554,-2.3425155,0.7958047,5.5981216
2662,2026-05-11 16:15:06.135282,1.9643219,0.40136486,0.15354554,-2.3425155,0.7958047,5.5981216
2663,2026-05-11 16:15:06.138007,1.9652367,0.5003341,0.17525412,-2.5390613,0.9622655,4.940678
2664,2026-05-11 16:15:06.140691,1.9652367,0.5003341,0.17525412,-2.5390613,0.9622655,4.940678
2665,2026-05-11 16:15:06.143366,1.9652367,0.5003341,0.17525412,-2.5390613,0.9622655,4.940678
2666,2026-05-11 16:15:06.146027,1.9652367,0.5003341,0.17525412,-2.47095,0.84223044,4.3849435
2667,2026-05-11 16:15:06.148935,1.9652367,0.5003341,0.17525412,-2.47095,0.84223044,4.3849435
2668,2026-05-11 16:15:06.151881,1.9652367,0.5003341,0.17525412,-2.47095,0.84223044,4.3849435
2669,2026-05-11 16:15:06.154631,1.8856589,0.6132675,0.36947277,-2.47095,0.84223044,4.3849435
2670,2026-05-11 16:15:06.157352,1.8005928,0.74278724,0.620707,-2.47095,0.84223044,4.3849435
2671,2026-05-11 16:15:06.159967,1.8005928,0.74278724,0.620707,-2.47095,0.84223044,4.3849435
2672,2026-05-11 16:15:06.162643,1.8005928,0.74278724,0.620707,-2.47095,0.84223044,4.3849435
2673,2026-05-11 16:15:06.165277,1.8005928,0.74278724,0.620707,-2.47095,0.84223044,4.3849435
2674,2026-05-11 16:15:06.168614,1.8005928,0.74278724,0.620707,-2.1595614,0.61926466,4.098753
2675,2026-05-11 16:15:06.171341,1.8005928,0.74278724,0.620707,-2.1595614,0.61926466,4.098753
2676,2026-05-11 16:15:06.174021,1.8005928,0.74278724,0.620707,-2.1595614,0.61926466,4.098753
2677,2026-05-11 16:15:06.176927,1.7085143,0.9709103,0.72077376,-0.7948884,-0.1563815,3.4837644
2678,2026-05-11 16:15:06.179647,1.7085143,0.9709103,0.72077376,-0.7948884,-0.1563815,3.4837644
2679,2026-05-11 16:15:06.182950,1.7085143,0.9709103,0.72077376,0.07498371,-0.57726765,3.1784847
2680,2026-05-11 16:15:06.185794,1.7085143,0.9709103,0.72077376,0.07498371,-0.57726765,3.1784847
2681,2026-05-11 16:15:06.188388,1.7085143,0.9709103,0.72077376,0.07498371,-0.57726765,3.1784847
2682,2026-05-11 16:15:06.191112,1.7085143,0.9709103,0.72077376,0.07498371,-0.57726765,3.1784847
2683,2026-05-11 16:15:06.193864,1.7085143,0.9709103,0.72077376,0.07498371,-0.57726765,3.1784847
2684,2026-05-11 16:15:06.196579,1.7085143,0.9709103,0.72077376,0.07498371,-0.57726765,3.1784847
2685,2026-05-11 16:15:06.199779,1.7085143,0.9709103,0.72077376,0.8784242,-0.9138544,2.843883
2686,2026-05-11 16:15:06.202600,1.7085143,0.9709103,0.72077376,0.8784242,-0.9138544,2.843883
2687,2026-05-11 16:15:06.205352,1.7919948,1.0617692,0.45649004,0.8784242,-0.9138544,2.843883
2688,2026-05-11 16:15:06.208080,2.0282283,1.1953746,0.19049892,-0.35170567,-0.8135198,0.29245174
2689,2026-05-11 16:15:06.210739,2.0282283,1.1953746,0.19049892,-0.35170567,-0.8135198,0.29245174
2690,2026-05-11 16:15:06.213510,2.0282283,1.1953746,0.19049892,-0.35170567,-0.8135198,0.29245174
2691,2026-05-11 16:15:06.216445,2.0282283,1.1953746,0.19049892,-0.35170567,-0.8135198,0.29245174
2692,2026-05-11 16:15:06.219181,2.0282283,1.1953746,0.19049892,-0.35170567,-0.8135198,0.29245174
2693,2026-05-11 16:15:06.221980,2.0282283,1.1953746,0.19049892,-2.4659102,0.08674286,-0.86544335
2694,2026-05-11 16:15:06.224847,2.0282283,1.1953746,0.19049892,-2.4659102,0.08674286,-0.86544335
2695,2026-05-11 16:15:06.227565,2.0282283,1.1953746,0.19049892,-2.4659102,0.08674286,-0.86544335
2696,2026-05-11 16:15:06.230151,2.0282283,1.1953746,0.19049892,-2.4659102,0.08674286,-0.86544335
2697,2026-05-11 16:15:06.233426,2.0282283,1.1953746,0.19049892,-2.4659102,0.08674286,-0.86544335
2698,2026-05-11 16:15:06.236240,2.0282283,1.1953746,0.19049892,-2.4659102,0.08674286,-0.86544335
2699,2026-05-11 16:15:06.238957,2.0282283,1.1953746,0.19049892,-2.3322835,0.18066339,-1.4595097
2700,2026-05-11 16:15:06.241566,2.0282283,1.1953746,0.19049892,-2.3322835,0.18066339,-1.4595097
2701,2026-05-11 16:15:06.244398,2.5208178,1.3158695,0.7020531,-2.3322835,0.18066339,-1.4595097
2702,2026-05-11 16:15:06.247102,2.5208178,1.3158695,0.7020531,-1.7658587,0.17012598,-1.7881553
2703,2026-05-11 16:15:06.250294,2.6129572,1.1833618,0.5667404,0.75533485,-0.43325618,-3.3209689
2704,2026-05-11 16:15:06.253105,2.3938591,1.0704893,0.16342416,0.75533485,-0.43325618,-3.3209689
2705,2026-05-11 16:15:06.255900,2.3938591,1.0704893,0.16342416,0.26725355,-0.20830505,-3.7953057
2706,2026-05-11 16:15:06.258542,2.3938591,1.0704893,0.16342416,0.26725355,-0.20830505,-3.7953057
2707,2026-05-11 16:15:06.261296,2.3938591,1.0704893,0.16342416,0.26725355,-0.20830505,-3.7953057
2708,2026-05-11 16:15:06.263957,2.3938591,1.0704893,0.16342416,0.26725355,-0.20830505,-3.7953057
2709,2026-05-11 16:15:06.266943,2.3938591,1.0704893,0.16342416,0.26725355,-0.20830505,-3.7953057
2710,2026-05-11 16:15:06.269807,2.183603,0.94657964,0.16952209,0.26725355,-0.20830505,-3.7953057
2711,2026-05-11 16:15:06.272406,2.183603,0.94657964,0.16952209,0.26725355,-0.20830505,-3.7953057
2712,2026-05-11 16:15:06.275233,1.3556888,0.47557652,0.4025235,-0.43799037,1.059393,-4.076915
2713,2026-05-11 16:15:06.277938,1.3556888,0.47557652,0.4025235,-0.43799037,1.059393,-4.076915
2714,2026-05-11 16:15:06.280609,1.3556888,0.47557652,0.4025235,-0.43799037,1.059393,-4.076915
2715,2026-05-11 16:15:06.283742,1.3556888,0.47557652,0.4025235,-0.43799037,1.059393,-4.076915
2716,2026-05-11 16:15:06.286667,1.3556888,0.47557652,0.4025235,-0.14996742,1.0740538,-4.148233
2717,2026-05-11 16:15:06.289425,0.40386504,-0.1934869,0.056649648,1.8724546,0.5102252,-4.4730606
2718,2026-05-11 16:15:06.292076,0.40386504,-0.1934869,0.056649648,1.8724546,0.5102252,-4.4730606
2719,2026-05-11 16:15:06.294753,0.40386504,-0.1934869,0.056649648,1.8724546,0.5102252,-4.4730606
2720,2026-05-11 16:15:06.297417,0.40386504,-0.1934869,0.056649648,1.8724546,0.5102252,-4.4730606
2721,2026-05-11 16:15:06.300314,0.40386504,-0.1934869,0.056649648,1.8724546,0.5102252,-4.4730606
2722,2026-05-11 16:15:06.303189,0.40386504,-0.1934869,0.056649648,1.8724546,0.5102252,-4.4730606
2723,2026-05-11 16:15:06.305775,0.25312454,-0.22617173,0.026769854,1.8724546,0.5102252,-4.4730606
2724,2026-05-11 16:15:06.308547,0.25312454,-0.22617173,0.026769854,2.1140518,0.27488935,-4.3904414
2725,2026-05-11 16:15:06.311307,0.25312454,-0.22617173,0.026769854,2.1140518,0.27488935,-4.3904414
2726,2026-05-11 16:15:06.313950,0.25312454,-0.22617173,0.026769854,2.1140518,0.27488935,-4.3904414
2727,2026-05-11 16:15:06.316985,0.25312454,-0.22617173,0.026769854,2.1140518,0.27488935,-4.3904414
2728,2026-05-11 16:15:06.319938,0.25312454,-0.22617173,0.026769854,2.1140518,0.27488935,-4.3904414
2729,2026-05-11 16:15:06.322576,0.25312454,-0.22617173,0.026769854,2.1140518,0.27488935,-4.3904414
2730,2026-05-11 16:15:06.325359,0.25312454,-0.22617173,0.026769854,2.1140518,0.27488935,-4.3904414
2731,2026-05-11 16:15:06.328012,0.25312454,-0.22617173,0.026769854,2.1140518,0.27488935,-4.3904414
2732,2026-05-11 16:15:06.330722,0.028904125,-0.34398347,-0.045063604,2.1140518,0.27488935,-4.3904414
2733,2026-05-11 16:15:06.334010,0.06872352,-0.35752088,-0.15933856,2.5083654,-0.14034629,-3.2290337
2734,2026-05-11 16:15:06.336822,0.06872352,-0.35752088,-0.15933856,2.5083654,-0.14034629,-3.2290337
2735,2026-05-11 16:15:06.339578,0.06872352,-0.35752088,-0.15933856,2.5083654,-0.14034629,-3.2290337
2736,2026-05-11 16:15:06.342340,0.05512517,-0.3690459,-0.18427904,2.3800838,-0.06429356,-3.1497738
2737,2026-05-11 16:15:06.345030,0.05512517,-0.3690459,-0.18427904,2.3800838,-0.06429356,-3.1497738
2738,2026-05-11 16:15:06.347845,0.05512517,-0.3690459,-0.18427904,2.3800838,-0.06429356,-3.1497738
2739,2026-05-11 16:15:06.350943,0.05512517,-0.3690459,-0.18427904,2.3800838,-0.06429356,-3.1497738
2740,2026-05-11 16:15:06.353691,0.05512517,-0.3690459,-0.18427904,2.3800838,-0.06429356,-3.1497738
2741,2026-05-11 16:15:06.356380,0.05512517,-0.3690459,-0.18427904,2.3800838,-0.06429356,-3.1497738
2742,2026-05-11 16:15:06.358961,0.05512517,-0.3690459,-0.18427904,2.3800838,-0.06429356,-3.1497738
2743,2026-05-11 16:15:06.361615,0.05512517,-0.3690459,-0.18427904,0.88208944,0.9221011,-2.521499
2744,2026-05-11 16:15:06.364229,-0.30623737,-0.45709983,-0.054027542,0.93676186,0.8755226,-2.518292
2745,2026-05-11 16:15:06.367614,-0.30623737,-0.45709983,-0.054027542,0.93676186,0.8755226,-2.518292
2746,2026-05-11 16:15:06.370518,-0.30623737,-0.45709983,-0.054027542,0.93676186,0.8755226,-2.518292
2747,2026-05-11 16:15:06.373164,-0.30623737,-0.45709983,-0.054027542,0.93676186,0.8755226,-2.518292
2748,2026-05-11 16:15:06.376021,-0.8244384,-0.55552024,-0.03585575,0.93676186,0.8755226,-2.518292
2749,2026-05-11 16:15:06.378773,-1.053659,-0.5835096,-0.102566965,2.1474967,-0.9036224,-0.7699956
2750,2026-05-11 16:15:06.381830,-1.053659,-0.5835096,-0.102566965,2.1474967,-0.9036224,-0.7699956
2751,2026-05-11 16:15:06.385050,-1.1251266,-0.4549046,-0.23348923,2.1474967,-0.9036224,-0.7699956
2752,2026-05-11 16:15:06.387726,-1.1251266,-0.4549046,-0.23348923,2.1474967,-0.9036224,-0.7699956
2753,2026-05-11 16:15:06.390563,-1.1251266,-0.4549046,-0.23348923,2.1244366,-1.3669637,0.7470882
2754,2026-05-11 16:15:06.393341,-1.1251266,-0.4549046,-0.23348923,2.1244366,-1.3669637,0.7470882
2755,2026-05-11 16:15:06.396013,-1.1251266,-0.4549046,-0.23348923,2.1244366,-1.3669637,0.7470882
2756,2026-05-11 16:15:06.398704,-1.1251266,-0.4549046,-0.23348923,2.1244366,-1.3669637,0.7470882
2757,2026-05-11 16:15:06.402106,-1.1251266,-0.4549046,-0.23348923,2.1244366,-1.3669637,0.7470882
2758,2026-05-11 16:15:06.404848,1.164702,-0.7941927,-0.084578104,2.1244366,-1.3669637,0.7470882
2759,2026-05-11 16:15:06.407900,3.1252432,0.09244442,0.20702426,-1.7588338,-0.0355829,7.4963856
2760,2026-05-11 16:15:06.410692,2.259278,0.58747333,0.67131966,-1.0630583,0.15515977,6.194937
2761,2026-05-11 16:15:06.413369,2.259278,0.58747333,0.67131966,-1.0630583,0.15515977,6.194937
2762,2026-05-11 16:15:06.416549,2.259278,0.58747333,0.67131966,-1.0630583,0.15515977,6.194937
2763,2026-05-11 16:15:06.419455,2.259278,0.58747333,0.67131966,-1.0630583,0.15515977,6.194937
2764,2026-05-11 16:15:06.422077,2.259278,0.58747333,0.67131966,-1.0630583,0.15515977,6.194937
2765,2026-05-11 16:15:06.424922,2.259278,0.58747333,0.67131966,-1.0630583,0.15515977,6.194937
2766,2026-05-11 16:15:06.427544,2.259278,0.58747333,0.67131966,-1.0630583,0.15515977,6.194937
2767,2026-05-11 16:15:06.430145,2.259278,0.58747333,0.67131966,-1.0630583,0.15515977,6.194937
2768,2026-05-11 16:15:06.433148,2.259278,0.58747333,0.67131966,-1.0630583,0.15515977,6.194937
2769,2026-05-11 16:15:06.436071,2.069938,0.77583796,1.0512809,-0.10705414,0.20555615,6.2398357
2770,2026-05-11 16:15:06.438825,2.2212882,1.0455488,1.1728734,-0.10705414,0.20555615,6.2398357
2771,2026-05-11 16:15:06.441576,2.2212882,1.0455488,1.1728734,1.6937766,0.10980303,6.3719354
2772,2026-05-11 16:15:06.444305,2.2212882,1.0455488,1.1728734,1.6937766,0.10980303,6.3719354
2773,2026-05-11 16:15:06.446894,2.2212882,1.0455488,1.1728734,1.6937766,0.10980303,6.3719354
2774,2026-05-11 16:15:06.449892,2.2212882,1.0455488,1.1728734,1.6937766,0.10980303,6.3719354
2775,2026-05-11 16:15:06.452607,2.2212882,1.0455488,1.1728734,3.3115005,-0.182496,6.0675716
2776,2026-05-11 16:15:06.455169,2.2212882,1.0455488,1.1728734,3.3115005,-0.182496,6.0675716
2777,2026-05-11 16:15:06.458114,2.2212882,1.0455488,1.1728734,3.3115005,-0.182496,6.0675716
2778,2026-05-11 16:15:06.460824,2.2212882,1.0455488,1.1728734,3.3115005,-0.182496,6.0675716
2779,2026-05-11 16:15:06.463534,2.7407696,1.2033019,0.5925956,3.3115005,-0.182496,6.0675716
2780,2026-05-11 16:15:06.466519,3.3156815,1.4060577,-0.15433827,3.3115005,-0.182496,6.0675716
2781,2026-05-11 16:15:06.469380,3.3156815,1.4060577,-0.15433827,3.3115005,-0.182496,6.0675716
2782,2026-05-11 16:15:06.472068,3.3156815,1.4060577,-0.15433827,3.3115005,-0.182496,6.0675716
2783,2026-05-11 16:15:06.474788,3.3156815,1.4060577,-0.15433827,3.3115005,-0.182496,6.0675716
2784,2026-05-11 16:15:06.477441,3.3156815,1.4060577,-0.15433827,3.3115005,-0.182496,6.0675716
2785,2026-05-11 16:15:06.480101,3.3156815,1.4060577,-0.15433827,3.4298556,-0.9460775,3.6344955
2786,2026-05-11 16:15:06.483215,3.3156815,1.4060577,-0.15433827,3.4298556,-0.9460775,3.6344955
2787,2026-05-11 16:15:06.485893,3.3156815,1.4060577,-0.15433827,3.4298556,-0.9460775,3.6344955
2788,2026-05-11 16:15:06.488603,3.3156815,1.4060577,-0.15433827,3.4298556,-0.9460775,3.6344955
2789,2026-05-11 16:15:06.491387,3.3156815,1.4060577,-0.15433827,3.4298556,-0.9460775,3.6344955
2790,2026-05-11 16:15:06.493976,3.3156815,1.4060577,-0.15433827,3.4298556,-0.9460775,3.6344955
2791,2026-05-11 16:15:06.496693,3.2052479,1.7551633,-1.2298278,3.4298556,-0.9460775,3.6344955
2792,2026-05-11 16:15:06.499677,3.2052479,1.7551633,-1.2298278,3.4298556,-0.9460775,3.6344955
2793,2026-05-11 16:15:06.502607,2.9309027,1.5649084,-1.130127,3.4298556,-0.9460775,3.6344955
2794,2026-05-11 16:15:06.505272,2.9309027,1.5649084,-1.130127,3.4298556,-0.9460775,3.6344955
2795,2026-05-11 16:15:06.507851,2.9309027,1.5649084,-1.130127,3.4298556,-0.9460775,3.6344955
2796,2026-05-11 16:15:06.510687,2.9309027,1.5649084,-1.130127,3.4298556,-0.9460775,3.6344955
2797,2026-05-11 16:15:06.513333,2.9309027,1.5649084,-1.130127,3.4298556,-0.9460775,3.6344955
2798,2026-05-11 16:15:06.516346,2.7085118,1.0004243,-0.42368326,-3.5457673,0.906524,-0.95157534
2799,2026-05-11 16:15:06.519193,2.543014,0.819316,0.080065645,-3.5457673,0.906524,-0.95157534
2800,2026-05-11 16:15:06.521827,2.543014,0.819316,0.080065645,-3.5457673,0.906524,-0.95157534
2801,2026-05-11 16:15:06.524429,2.543014,0.819316,0.080065645,-3.5457673,0.906524,-0.95157534
2802,2026-05-11 16:15:06.527269,2.543014,0.819316,0.080065645,-3.5457673,0.906524,-0.95157534
2803,2026-05-11 16:15:06.529938,2.543014,0.819316,0.080065645,-3.5457673,0.906524,-0.95157534
2804,2026-05-11 16:15:06.532958,2.3949568,0.78992414,0.82913375,-3.5457673,0.906524,-0.95157534
2805,2026-05-11 16:15:06.535836,2.3949568,0.78992414,0.82913375,-0.4906775,0.453262,-2.3558018
2806,2026-05-11 16:15:06.538460,2.3949568,0.78992414,0.82913375,-0.4906775,0.453262,-2.3558018
2807,2026-05-11 16:15:06.541096,2.2267153,0.8598063,0.31843323,0.3801109,0.0627664,-3.0088167
2808,2026-05-11 16:15:06.543728,2.2267153,0.8598063,0.31843323,0.3801109,0.0627664,-3.0088167
2809,2026-05-11 16:15:06.546276,2.2267153,0.8598063,0.31843323,0.3801109,0.0627664,-3.0088167
2810,2026-05-11 16:15:06.549037,2.2267153,0.8598063,0.31843323,0.3801109,0.0627664,-3.0088167
2811,2026-05-11 16:15:06.552155,2.2267153,0.8598063,0.31843323,0.3801109,0.0627664,-3.0088167
2812,2026-05-11 16:15:06.554911,2.2267153,0.8598063,0.31843323,0.3801109,0.0627664,-3.0088167
2813,2026-05-11 16:15:06.557693,2.2267153,0.8598063,0.31843323,0.3801109,0.0627664,-3.0088167
2814,2026-05-11 16:15:06.560437,2.2267153,0.8598063,0.31843323,0.3801109,0.0627664,-3.0088167
2815,2026-05-11 16:15:06.563091,2.2267153,0.8598063,0.31843323,0.3801109,0.0627664,-3.0088167
2816,2026-05-11 16:15:06.566235,2.0039585,0.89072275,0.22025676,0.3801109,0.0627664,-3.0088167
2817,2026-05-11 16:15:06.569004,2.0039585,0.89072275,0.22025676,0.17440203,-0.25900686,-3.173903
2818,2026-05-11 16:15:06.571643,2.0039585,0.89072275,0.22025676,0.17440203,-0.25900686,-3.173903
2819,2026-05-11 16:15:06.574425,2.0039585,0.89072275,0.22025676,0.17440203,-0.25900686,-3.173903
2820,2026-05-11 16:15:06.577078,2.0039585,0.89072275,0.22025676,0.17440203,-0.25900686,-3.173903
2821,2026-05-11 16:15:06.579812,2.0039585,0.89072275,0.22025676,0.17440203,-0.25900686,-3.173903
2822,2026-05-11 16:15:06.582848,2.0039585,0.89072275,0.22025676,0.17440203,-0.25900686,-3.173903
2823,2026-05-11 16:15:06.585773,2.0039585,0.89072275,0.22025676,0.17440203,-0.25900686,-3.173903
2824,2026-05-11 16:15:06.588442,1.6646094,0.7658374,0.32422623,0.17440203,-0.25900686,-3.173903
2825,2026-05-11 16:15:06.591002,1.6646094,0.7658374,0.32422623,0.17440203,-0.25900686,-3.173903
2826,2026-05-11 16:15:06.593755,1.6107037,0.71248055,0.4402086,-0.6814202,1.057255,-3.215442
2827,2026-05-11 16:15:06.596339,1.6107037,0.71248055,0.4402086,-0.6814202,1.057255,-3.215442
2828,2026-05-11 16:15:06.599560,1.6107037,0.71248055,0.4402086,-0.6814202,1.057255,-3.215442
2829,2026-05-11 16:15:06.602370,1.6107037,0.71248055,0.4402086,-0.6814202,1.057255,-3.215442
2830,2026-05-11 16:15:06.605067,1.6107037,0.71248055,0.4402086,-0.6814202,1.057255,-3.215442
2831,2026-05-11 16:15:06.607848,1.6107037,0.71248055,0.4402086,-0.6814202,1.057255,-3.215442
2832,2026-05-11 16:15:06.610495,1.6107037,0.71248055,0.4402086,-0.6814202,1.057255,-3.215442
2833,2026-05-11 16:15:06.613093,1.6107037,0.71248055,0.4402086,-0.6814202,1.057255,-3.215442
2834,2026-05-11 16:15:06.616304,1.6107037,0.71248055,0.4402086,-0.5902485,1.2044735,-3.2653801
2835,2026-05-11 16:15:06.619046,1.6107037,0.71248055,0.4402086,-0.5902485,1.2044735,-3.2653801
2836,2026-05-11 16:15:06.621844,1.6107037,0.71248055,0.4402086,-0.5902485,1.2044735,-3.2653801
2837,2026-05-11 16:15:06.624646,1.5549688,0.6478427,0.50069994,-0.5902485,1.2044735,-3.2653801
2838,2026-05-11 16:15:06.627425,1.0843315,0.35648423,0.47027132,0.73731434,1.4610369,-3.6332738
2839,2026-05-11 16:15:06.630095,1.0843315,0.35648423,0.47027132,0.73731434,1.4610369,-3.6332738
2840,2026-05-11 16:15:06.633400,1.0454268,0.28458977,0.41978058,1.1394165,1.3720033,-3.7363572
2841,2026-05-11 16:15:06.636231,1.0454268,0.28458977,0.41978058,1.1394165,1.3720033,-3.7363572
2842,2026-05-11 16:15:06.639158,0.94365263,0.19123067,0.35776478,1.1394165,1.3720033,-3.7363572
2843,2026-05-11 16:15:06.641849,0.94365263,0.19123067,0.35776478,1.1394165,1.3720033,-3.7363572
2844,2026-05-11 16:15:06.644429,0.94365263,0.19123067,0.35776478,1.1394165,1.3720033,-3.7363572
2845,2026-05-11 16:15:06.647202,0.94365263,0.19123067,0.35776478,1.1394165,1.3720033,-3.7363572
2846,2026-05-11 16:15:06.650194,0.94365263,0.19123067,0.35776478,1.5477798,1.2705997,-3.923893
2847,2026-05-11 16:15:06.652926,0.94365263,0.19123067,0.35776478,1.5477798,1.2705997,-3.923893
2848,2026-05-11 16:15:06.655473,0.94365263,0.19123067,0.35776478,1.5477798,1.2705997,-3.923893
2849,2026-05-11 16:15:06.658149,0.94365263,0.19123067,0.35776478,1.5477798,1.2705997,-3.923893
2850,2026-05-11 16:15:06.660842,0.68680835,0.03280679,0.23806266,2.3475552,1.0001391,-4.285983
2851,2026-05-11 16:15:06.663399,0.47923526,-0.053966567,0.14104481,2.3475552,1.0001391,-4.285983
2852,2026-05-11 16:15:06.666276,0.47923526,-0.053966567,0.14104481,2.3475552,1.0001391,-4.285983
2853,2026-05-11 16:15:06.669270,0.21653701,-0.15671647,0.015610667,2.3475552,1.0001391,-4.285983
2854,2026-05-11 16:15:06.672099,0.21653701,-0.15671647,0.015610667,2.5576928,0.89934635,-4.057825
2855,2026-05-11 16:15:06.674682,0.21653701,-0.15671647,0.015610667,2.5576928,0.89934635,-4.057825
2856,2026-05-11 16:15:06.677451,0.11665315,-0.2189152,-0.031709168,2.5576928,0.89934635,-4.057825
2857,2026-05-11 16:15:06.680115,0.11665315,-0.2189152,-0.031709168,2.5576928,0.89934635,-4.057825
2858,2026-05-11 16:15:06.683512,0.11665315,-0.2189152,-0.031709168,2.562885,0.8333729,-3.9193115
2859,2026-05-11 16:15:06.686334,0.11665315,-0.2189152,-0.031709168,2.562885,0.8333729,-3.9193115
2860,2026-05-11 16:15:06.689013,0.11665315,-0.2189152,-0.031709168,2.562885,0.8333729,-3.9193115
2861,2026-05-11 16:15:06.691679,0.11665315,-0.2189152,-0.031709168,2.562885,0.8333729,-3.9193115
2862,2026-05-11 16:15:06.694302,0.11665315,-0.2189152,-0.031709168,2.562885,0.8333729,-3.9193115
2863,2026-05-11 16:15:06.697107,0.059088815,-0.30349332,-0.033111688,2.562885,0.8333729,-3.9193115
2864,2026-05-11 16:15:06.700366,0.059088815,-0.30349332,-0.033111688,2.562885,0.8333729,-3.9193115
2865,2026-05-11 16:15:06.703177,0.059088815,-0.30349332,-0.033111688,2.6158776,0.7602218,-3.8176024
2866,2026-05-11 16:15:06.705871,0.059088815,-0.30349332,-0.033111688,2.6158776,0.7602218,-3.8176024
2867,2026-05-11 16:15:06.708512,0.059088815,-0.30349332,-0.033111688,2.6158776,0.7602218,-3.8176024
2868,2026-05-11 16:15:06.711181,0.059088815,-0.30349332,-0.033111688,2.6158776,0.7602218,-3.8176024
2869,2026-05-11 16:15:06.714011,0.011829958,-0.4502092,-0.017683959,2.6158776,0.7602218,-3.8176024
2870,2026-05-11 16:15:06.717268,0.011829958,-0.4502092,-0.017683959,2.6158776,0.7602218,-3.8176024
2871,2026-05-11 16:15:06.720189,0.011829958,-0.4502092,-0.017683959,2.6158776,0.7602218,-3.8176024
2872,2026-05-11 16:15:06.722869,0.011829958,-0.4502092,-0.017683959,2.6681066,0.70921457,-3.860821
2873,2026-05-11 16:15:06.725626,-0.116592176,-0.67205137,-0.13708118,2.650697,0.6440047,-3.9542835
2874,2026-05-11 16:15:06.728510,-0.62302417,-0.8552938,-0.3533133,2.158187,0.45005497,-4.0162864
2875,2026-05-11 16:15:06.731139,-0.62302417,-0.8552938,-0.3533133,1.6924021,0.36758816,-3.72414
2876,2026-05-11 16:15:06.734302,-0.62302417,-0.8552938,-0.3533133,1.1835514,0.3390302,-3.1592424
2877,2026-05-11 16:15:06.737058,-0.62302417,-0.8552938,-0.3533133,1.1835514,0.3390302,-3.1592424
2878,2026-05-11 16:15:06.739785,-0.62302417,-0.8552938,-0.3533133,1.1835514,0.3390302,-3.1592424
2879,2026-05-11 16:15:06.742490,-0.62302417,-0.8552938,-0.3533133,1.1835514,0.3390302,-3.1592424
2880,2026-05-11 16:15:06.745313,-0.62302417,-0.8552938,-0.3533133,1.1835514,0.3390302,-3.1592424
2881,2026-05-11 16:15:06.748113,-0.8102302,-0.8244384,-0.22153732,0.712727,0.45341474,-2.4426973
2882,2026-05-11 16:15:06.751585,-0.8102302,-0.8244384,-0.22153732,0.712727,0.45341474,-2.4426973
2883,2026-05-11 16:15:06.754444,-0.8102302,-0.8244384,-0.22153732,0.712727,0.45341474,-2.4426973
2884,2026-05-11 16:15:06.757074,-0.8102302,-0.8244384,-0.22153732,0.712727,0.45341474,-2.4426973
2885,2026-05-11 16:15:06.759937,-0.8102302,-0.8244384,-0.22153732,0.34865135,0.66523224,-1.7461584
2886,2026-05-11 16:15:06.762618,-0.8102302,-0.8244384,-0.22153732,0.34865135,0.66523224,-1.7461584
2887,2026-05-11 16:15:06.765336,-0.8102302,-0.8244384,-0.22153732,0.34865135,0.66523224,-1.7461584
2888,2026-05-11 16:15:06.768639,-0.8102302,-0.8244384,-0.22153732,0.34865135,0.66523224,-1.7461584
2889,2026-05-11 16:15:06.771329,-0.8102302,-0.8244384,-0.22153732,0.34865135,0.66523224,-1.7461584
2890,2026-05-11 16:15:06.773976,-0.7158345,-0.7890704,-0.12372673,0.34865135,0.66523224,-1.7461584
2891,2026-05-11 16:15:06.776577,-0.7158345,-0.7890704,-0.12372673,0.34865135,0.66523224,-1.7461584
2892,2026-05-11 16:15:06.779240,-0.40258446,-0.76089805,0.0898833,0.17928895,0.8330675,-1.2825116
2893,2026-05-11 16:15:06.781894,-0.40258446,-0.76089805,0.0898833,0.17928895,0.8330675,-1.2825116
2894,2026-05-11 16:15:06.785181,-0.40258446,-0.76089805,0.0898833,0.17928895,0.8330675,-1.2825116
2895,2026-05-11 16:15:06.787937,-0.29977357,-0.7418116,0.15653352,0.29077184,0.9673051,-0.59986967
2896,2026-05-11 16:15:06.790728,-0.29977357,-0.7418116,0.15653352,0.29077184,0.9673051,-0.59986967
2897,2026-05-11 16:15:06.793447,-0.29977357,-0.7418116,0.15653352,0.29077184,0.9673051,-0.59986967
2898,2026-05-11 16:15:06.796209,-0.29977357,-0.7418116,0.15653352,0.29077184,0.9673051,-0.59986967
2899,2026-05-11 16:15:06.799514,-0.22233005,-0.7579711,0.2245253,0.29077184,0.9673051,-0.59986967
2900,2026-05-11 16:15:06.802360,-0.22233005,-0.7579711,0.2245253,0.29077184,0.9673051,-0.59986967
2901,2026-05-11 16:15:06.805055,-0.22233005,-0.7579711,0.2245253,0.29077184,0.9673051,-0.59986967
2902,2026-05-11 16:15:06.807754,-0.22233005,-0.7579711,0.2245253,0.29077184,0.9673051,-0.59986967
2903,2026-05-11 16:15:06.810524,-0.22233005,-0.7579711,0.2245253,0.8744536,0.7713701,-0.29168814
2904,2026-05-11 16:15:06.813322,-0.22233005,-0.7579711,0.2245253,0.8744536,0.7713701,-0.29168814
2905,2026-05-11 16:15:06.816733,-0.22233005,-0.7579711,0.2245253,0.8744536,0.7713701,-0.29168814
2906,2026-05-11 16:15:06.819661,-0.22233005,-0.7579711,0.2245253,0.8744536,0.7713701,-0.29168814
2907,2026-05-11 16:15:06.822415,-0.22233005,-0.7579711,0.2245253,0.8744536,0.7713701,-0.29168814
2908,2026-05-11 16:15:06.825088,-0.22233005,-0.7579711,0.2245253,0.8744536,0.7713701,-0.29168814
2909,2026-05-11 16:15:06.827772,-0.22233005,-0.7579711,0.2245253,0.8744536,0.7713701,-0.29168814
2910,2026-05-11 16:15:06.830626,-0.3105669,-0.78766793,0.19958481,1.3938417,0.54534996,-0.004276057
2911,2026-05-11 16:15:06.833749,-0.3105669,-0.78766793,0.19958481,1.3938417,0.54534996,-0.004276057
2912,2026-05-11 16:15:06.836590,-0.3105669,-0.78766793,0.19958481,1.3938417,0.54534996,-0.004276057
2913,2026-05-11 16:15:06.839276,-0.3105669,-0.78766793,0.19958481,1.3938417,0.54534996,-0.004276057
2914,2026-05-11 16:15:06.841982,-0.3105669,-0.78766793,0.19958481,1.3938417,0.54534996,-0.004276057
2915,2026-05-11 16:15:06.844722,-0.3105669,-0.78766793,0.19958481,1.3938417,0.54534996,-0.004276057
2916,2026-05-11 16:15:06.847390,-0.42648828,-0.8271825,0.12659276,1.3938417,0.54534996,-0.004276057
2917,2026-05-11 16:15:06.850468,-0.42648828,-0.8271825,0.12659276,1.3938417,0.54534996,-0.004276057
2918,2026-05-11 16:15:06.853438,-0.42648828,-0.8271825,0.12659276,1.7643316,0.32604933,0.41172317
2919,2026-05-11 16:15:06.856069,-0.42648828,-0.8271825,0.12659276,1.7643316,0.32604933,0.41172317
2920,2026-05-11 16:15:06.858670,-0.42648828,-0.8271825,0.12659276,1.7643316,0.32604933,0.41172317
2921,2026-05-11 16:15:06.861385,-0.48576006,-0.872185,0.015732625,2.0248656,0.065515295,0.97524637
2922,2026-05-11 16:15:06.863990,-0.48576006,-0.872185,0.015732625,2.0248656,0.065515295,0.97524637
2923,2026-05-11 16:15:06.867215,-0.48576006,-0.872185,0.015732625,2.0248656,0.065515295,0.97524637
2924,2026-05-11 16:15:06.870001,-0.48576006,-0.872185,0.015732625,2.0248656,0.065515295,0.97524637
2925,2026-05-11 16:15:06.872668,-0.48576006,-0.872185,0.015732625,2.0248656,0.065515295,0.97524637
2926,2026-05-11 16:15:06.875335,-0.5469831,-0.89261305,-0.107750185,2.105958,-0.16798794,1.909412
2927,2026-05-11 16:15:06.878142,-0.5469831,-0.89261305,-0.107750185,2.105958,-0.16798794,1.909412
2928,2026-05-11 16:15:06.880829,-0.5469831,-0.89261305,-0.107750185,2.105958,-0.16798794,1.909412
2929,2026-05-11 16:15:06.883841,-0.5469831,-0.89261305,-0.107750185,2.105958,-0.16798794,1.909412
2930,2026-05-11 16:15:06.886637,-0.5469831,-0.89261305,-0.107750185,2.105958,-0.16798794,1.909412
2931,2026-05-11 16:15:06.889386,-0.5469831,-0.89261305,-0.107750185,2.105958,-0.16798794,1.909412
2932,2026-05-11 16:15:06.892173,-0.5016756,-0.7963879,-0.31422567,1.8469511,-0.20799962,3.094185
2933,2026-05-11 16:15:06.895027,-0.5016756,-0.7963879,-0.31422567,1.8469511,-0.20799962,3.094185
2934,2026-05-11 16:15:06.897722,-0.5016756,-0.7963879,-0.31422567,1.8469511,-0.20799962,3.094185
2935,2026-05-11 16:15:06.900740,0.6486354,-0.5483247,-0.65028185,1.8469511,-0.20799962,3.094185
2936,2026-05-11 16:15:06.903604,0.6486354,-0.5483247,-0.65028185,1.8469511,-0.20799962,3.094185
2937,2026-05-11 16:15:06.906367,0.6486354,-0.5483247,-0.65028185,1.8469511,-0.20799962,3.094185
2938,2026-05-11 16:15:06.909153,0.6486354,-0.5483247,-0.65028185,1.8469511,-0.20799962,3.094185
2939,2026-05-11 16:15:06.911873,0.6486354,-0.5483247,-0.65028185,1.8469511,-0.20799962,3.094185
2940,2026-05-11 16:15:06.914573,0.6486354,-0.5483247,-0.65028185,1.8469511,-0.20799962,3.094185
2941,2026-05-11 16:15:06.917796,0.6486354,-0.5483247,-0.65028185,1.8469511,-0.20799962,3.094185
2942,2026-05-11 16:15:06.920544,0.6486354,-0.5483247,-0.65028185,1.8469511,-0.20799962,3.094185
2943,2026-05-11 16:15:06.923285,0.6486354,-0.5483247,-0.65028185,1.8469511,-0.20799962,3.094185
2944,2026-05-11 16:15:06.926019,0.6486354,-0.5483247,-0.65028185,1.8469511,-0.20799962,3.094185
2945,2026-05-11 16:15:06.928709,0.6486354,-0.5483247,-0.65028185,1.8469511,-0.20799962,3.094185
2946,2026-05-11 16:15:06.931425,0.6486354,-0.5483247,-0.65028185,1.8469511,-0.20799962,3.094185
2947,2026-05-11 16:15:06.934472,1.770713,-0.22989148,-0.18092519,-5.417306,0.45646906,7.3183184
2948,2026-05-11 16:15:06.937357,2.1035373,-0.4246589,0.36246017,-5.5345917,-0.20051652,7.785936
2949,2026-05-11 16:15:06.939974,2.1035373,-0.4246589,0.36246017,-5.5345917,-0.20051652,7.785936
2950,2026-05-11 16:15:06.942607,2.1035373,-0.4246589,0.36246017,-5.5345917,-0.20051652,7.785936
2951,2026-05-11 16:15:06.945531,2.8708382,-0.27221102,0.7941317,-4.10868,-1.0906999,7.4017015
2952,2026-05-11 16:15:06.948344,2.9157188,-0.104396336,0.77089864,-3.0053043,-1.1070405,6.2195244
2953,2026-05-11 16:15:06.951581,2.9157188,-0.104396336,0.77089864,-3.0053043,-1.1070405,6.2195244
2954,2026-05-11 16:15:06.954337,2.9157188,-0.104396336,0.77089864,-3.0053043,-1.1070405,6.2195244
2955,2026-05-11 16:15:06.957168,2.0907316,0.6565627,0.73754305,-3.0053043,-1.1070405,6.2195244
2956,2026-05-11 16:15:06.959988,2.0907316,0.6565627,0.73754305,-2.2479842,-1.0155635,5.327356
2957,2026-05-11 16:15:06.962714,2.148296,0.7952293,0.9124313,-1.6145169,-1.0809261,5.011386
2958,2026-05-11 16:15:06.965964,2.3958714,0.9738983,1.009815,-0.77457714,-1.2356277,4.489096
2959,2026-05-11 16:15:06.968730,2.3958714,0.9738983,1.009815,-0.77457714,-1.2356277,4.489096
2960,2026-05-11 16:15:06.971360,2.3958714,0.9738983,1.009815,-0.77457714,-1.2356277,4.489096
2961,2026-05-11 16:15:06.974128,2.3958714,0.9738983,1.009815,-0.77457714,-1.2356277,4.489096
2962,2026-05-11 16:15:06.976797,2.3958714,0.9738983,1.009815,-0.77457714,-1.2356277,4.489096
2963,2026-05-11 16:15:06.979505,2.3958714,0.9738983,1.009815,-0.77457714,-1.2356277,4.489096
2964,2026-05-11 16:15:06.982375,2.3958714,0.9738983,1.009815,-0.77457714,-1.2356277,4.489096
2965,2026-05-11 16:15:06.985128,2.3958714,0.9738983,1.009815,-0.77457714,-1.2356277,4.489096
2966,2026-05-11 16:15:06.987683,2.3958714,0.9738983,1.009815,-0.77457714,-1.2356277,4.489096
2967,2026-05-11 16:15:06.990271,2.3958714,0.9738983,1.009815,-0.77457714,-1.2356277,4.489096
2968,2026-05-11 16:15:06.992922,2.3958714,0.9738983,1.009815,-0.77457714,-1.2356277,4.489096
2969,2026-05-11 16:15:06.995722,2.6393614,1.1934233,0.96414167,-0.77457714,-1.2356277,4.489096
2970,2026-05-11 16:15:06.998473,2.6393614,1.1934233,0.96414167,0.38515055,-1.3939945,3.3567045
2971,2026-05-11 16:15:07.001635,2.6393614,1.1934233,0.96414167,0.38515055,-1.3939945,3.3567045
2972,2026-05-11 16:15:07.004327,2.5846019,1.2979416,0.7410189,0.38515055,-1.3939945,3.3567045
2973,2026-05-11 16:15:07.006892,2.5846019,1.2979416,0.7410189,0.38515055,-1.3939945,3.3567045
2974,2026-05-11 16:15:07.009730,2.5846019,1.2979416,0.7410189,0.38515055,-1.3939945,3.3567045
2975,2026-05-11 16:15:07.012441,1.8040687,0.6617459,-0.030428605,-0.30176744,0.8402451,-2.0459404
2976,2026-05-11 16:15:07.015030,1.8040687,0.6617459,-0.030428605,-0.30176744,0.8402451,-2.0459404
2977,2026-05-11 16:15:07.018291,2.008044,0.4563681,0.0160985,-0.30176744,0.8402451,-2.0459404
2978,2026-05-11 16:15:07.020961,2.008044,0.4563681,0.0160985,-0.30176744,0.8402451,-2.0459404
2979,2026-05-11 16:15:07.023715,2.008044,0.4563681,0.0160985,-0.61453044,1.1330023,-2.2682953
2980,2026-05-11 16:15:07.026335,2.008044,0.4563681,0.0160985,-0.61453044,1.1330023,-2.2682953
2981,2026-05-11 16:15:07.029108,2.1114037,0.35325232,0.08878566,-0.6762278,1.4440855,-2.6241243
2982,2026-05-11 16:15:07.032315,2.1114037,0.35325232,0.08878566,-0.6762278,1.4440855,-2.6241243
2983,2026-05-11 16:15:07.035221,2.1114037,0.35325232,0.08878566,-0.6762278,1.4440855,-2.6241243
2984,2026-05-11 16:15:07.037957,2.1114037,0.35325232,0.08878566,-0.6762278,1.4440855,-2.6241243
2985,2026-05-11 16:15:07.040671,2.1114037,0.35325232,0.08878566,-0.25793785,1.0157162,-2.7953193
2986,2026-05-11 16:15:07.043342,2.1114037,0.35325232,0.08878566,-0.25793785,1.0157162,-2.7953193
2987,2026-05-11 16:15:07.046005,2.1267095,0.35508168,0.43014705,0.13881913,0.49846604,-2.8819096
2988,2026-05-11 16:15:07.049212,2.1267095,0.35508168,0.43014705,0.13881913,0.49846604,-2.8819096
2989,2026-05-11 16:15:07.052096,2.1267095,0.35508168,0.43014705,0.13881913,0.49846604,-2.8819096
2990,2026-05-11 16:15:07.054875,2.1267095,0.35508168,0.43014705,0.6574437,-0.1872302,-2.976441
2991,2026-05-11 16:15:07.057642,2.1267095,0.35508168,0.43014705,0.6574437,-0.1872302,-2.976441
2992,2026-05-11 16:15:07.060259,2.1267095,0.35508168,0.43014705,0.6574437,-0.1872302,-2.976441
2993,2026-05-11 16:15:07.062929,2.1822615,0.40240154,0.43972078,0.6574437,-0.1872302,-2.976441
2994,2026-05-11 16:15:07.066470,2.1822615,0.40240154,0.43972078,0.6574437,-0.1872302,-2.976441
2995,2026-05-11 16:15:07.093873,0.023172084,-0.31221333,0.11323831,2.4576635,0.09239337,-2.7038424
2996,2026-05-11 16:15:07.100765,1.6628408,0.558996,0.51112735,0.14492778,-0.27107146,3.6650388
2997,2026-05-11 16:15:07.106917,1.551249,0.68564975,0.2086707,0.14492778,-0.27107146,3.6650388
2998,2026-05-11 16:15:07.109794,1.551249,0.68564975,0.2086707,0.1001819,-0.30757064,3.5634825
2999,2026-05-11 16:15:07.112469,1.5938735,0.9934116,-0.16086306,-0.2657264,-0.43249258,3.4225252
3000,2026-05-11 16:15:07.115449,1.5938735,0.9934116,-0.16086306,-0.2657264,-0.43249258,3.4225252
3001,2026-05-11 16:15:07.118437,1.5938735,0.9934116,-0.16086306,-0.2657264,-0.43249258,3.4225252
3002,2026-05-11 16:15:07.121059,1.5938735,0.9934116,-0.16086306,-0.57803124,-0.61850107,3.1538973
3003,2026-05-11 16:15:07.123787,1.8239478,1.1375664,-0.087017275,-0.57803124,-0.61850107,3.1538973
3004,2026-05-11 16:15:07.126482,1.8239478,1.1375664,-0.087017275,-0.57803124,-0.61850107,3.1538973
3005,2026-05-11 16:15:07.129288,1.8239478,1.1375664,-0.087017275,-0.57803124,-0.61850107,3.1538973
3006,2026-05-11 16:15:07.132345,2.0803041,1.1491524,0.06841862,-0.57803124,-0.61850107,3.1538973
3007,2026-05-11 16:15:07.135119,2.0803041,1.1491524,0.06841862,-0.79076505,-0.82604253,2.5331054
3008,2026-05-11 16:15:07.137745,2.0803041,1.1491524,0.06841862,-0.79076505,-0.82604253,2.5331054
3009,2026-05-11 16:15:07.140430,2.0803041,1.1491524,0.06841862,-0.79076505,-0.82604253,2.5331054
3010,2026-05-11 16:15:07.143182,2.0803041,1.1491524,0.06841862,-0.79076505,-0.82604253,2.5331054
3011,2026-05-11 16:15:07.145873,2.0803041,1.1491524,0.06841862,-0.79076505,-0.82604253,2.5331054
3012,2026-05-11 16:15:07.148499,2.0803041,1.1491524,0.06841862,-0.79076505,-0.82604253,2.5331054
3013,2026-05-11 16:15:07.151732,2.2143366,1.1252486,0.1326297,-0.79076505,-0.82604253,2.5331054
3014,2026-05-11 16:15:07.154571,2.2143366,1.1252486,0.1326297,-0.86315256,-0.821461,1.9556851
3015,2026-05-11 16:15:07.157203,2.2143366,1.1252486,0.1326297,-0.86315256,-0.821461,1.9556851
3016,2026-05-11 16:15:07.159797,2.2143366,1.1252486,0.1326297,-0.86315256,-0.821461,1.9556851
3017,2026-05-11 16:15:07.162503,2.2143366,1.1252486,0.1326297,-0.86315256,-0.821461,1.9556851
3018,2026-05-11 16:15:07.165357,2.2143366,1.1252486,0.1326297,-0.86315256,-0.821461,1.9556851
3019,2026-05-11 16:15:07.168780,2.3230624,1.1577505,0.17549805,-0.97066486,-0.6009387,1.0389291
3020,2026-05-11 16:15:07.171489,2.3230624,1.1577505,0.17549805,-1.120785,-0.36010507,0.59406644
3021,2026-05-11 16:15:07.174110,2.3230624,1.1577505,0.17549805,-1.120785,-0.36010507,0.59406644
3022,2026-05-11 16:15:07.177017,2.2610466,1.2137903,0.17982757,-1.3177891,0.071013086,0.28496864
3023,2026-05-11 16:15:07.179698,2.2610466,1.2137903,0.17982757,-1.3177891,0.071013086,0.28496864
3024,2026-05-11 16:15:07.182620,2.2610466,1.2137903,0.17982757,-1.3177891,0.071013086,0.28496864
3025,2026-05-11 16:15:07.185614,2.0965858,1.2992221,0.16525355,-1.3177891,0.071013086,0.28496864
3026,2026-05-11 16:15:07.188290,2.0965858,1.2992221,0.16525355,-1.5117388,0.29794952,0.15928312
3027,2026-05-11 16:15:07.190895,2.0965858,1.2992221,0.16525355,-1.5117388,0.29794952,0.15928312
3028,2026-05-11 16:15:07.193522,2.0965858,1.2992221,0.16525355,-1.5117388,0.29794952,0.15928312
3029,2026-05-11 16:15:07.196130,2.0965858,1.2992221,0.16525355,-1.5117388,0.29794952,0.15928312
3030,2026-05-11 16:15:07.199240,2.0764627,1.3369073,0.24538018,-1.5117388,0.29794952,0.15928312
3031,2026-05-11 16:15:07.202139,2.3315384,1.5018559,0.42429304,-1.3836098,0.007788532,-0.10399981
3032,2026-05-11 16:15:07.204882,2.3315384,1.5018559,0.42429304,-1.3836098,0.007788532,-0.10399981
3033,2026-05-11 16:15:07.207626,2.3315384,1.5018559,0.42429304,-1.3836098,0.007788532,-0.10399981
3034,2026-05-11 16:15:07.210280,2.3315384,1.5018559,0.42429304,-1.3836098,0.007788532,-0.10399981
3035,2026-05-11 16:15:07.212916,2.3315384,1.5018559,0.42429304,-1.3836098,0.007788532,-0.10399981
3036,2026-05-11 16:15:07.216164,2.3315384,1.5018559,0.42429304,-1.3836098,0.007788532,-0.10399981
3037,2026-05-11 16:15:07.218913,2.3315384,1.5018559,0.42429304,-1.3836098,0.007788532,-0.10399981
3038,2026-05-11 16:15:07.221796,2.388127,1.255439,0.72424954,-0.009468411,-0.8304713,-0.7770206
3039,2026-05-11 16:15:07.224691,2.388127,1.255439,0.72424954,0.7147123,-0.32788193,-1.1398746
3040,2026-05-11 16:15:07.227561,2.479657,1.2219615,0.59991306,0.74372846,-0.26068676,-1.2186762
3041,2026-05-11 16:15:07.230290,2.479657,1.2219615,0.59991306,0.74372846,-0.26068676,-1.2186762
3042,2026-05-11 16:15:07.233430,2.5354528,1.1772639,0.52893335,0.74372846,-0.26068676,-1.2186762
3043,2026-05-11 16:15:07.236336,2.5354528,1.1772639,0.52893335,0.7817548,-0.04734206,-1.50731
3044,2026-05-11 16:15:07.239000,2.4214218,1.0558543,0.48722354,0.7817548,-0.04734206,-1.50731
3045,2026-05-11 16:15:07.241697,2.4214218,1.0558543,0.48722354,0.7817548,-0.04734206,-1.50731
3046,2026-05-11 16:15:07.244255,2.4214218,1.0558543,0.48722354,0.7817548,-0.04734206,-1.50731
3047,2026-05-11 16:15:07.246849,2.4214218,1.0558543,0.48722354,0.7817548,-0.04734206,-1.50731
3048,2026-05-11 16:15:07.249832,2.4214218,1.0558543,0.48722354,0.8173377,0.2501493,-2.1615467
3049,2026-05-11 16:15:07.252604,2.4214218,1.0558543,0.48722354,0.8173377,0.2501493,-2.1615467
3050,2026-05-11 16:15:07.255247,2.4214218,1.0558543,0.48722354,0.8173377,0.2501493,-2.1615467
3051,2026-05-11 16:15:07.258043,2.2375696,1.0119493,0.45618513,0.8173377,0.2501493,-2.1615467
3052,2026-05-11 16:15:07.260884,2.2375696,1.0119493,0.45618513,0.8173377,0.2501493,-2.1615467
3053,2026-05-11 16:15:07.263652,2.2375696,1.0119493,0.45618513,0.893085,0.27580565,-2.5033257
3054,2026-05-11 16:15:07.266883,2.2375696,1.0119493,0.45618513,0.893085,0.27580565,-2.5033257
3055,2026-05-11 16:15:07.269740,2.1332343,0.9955459,0.42313445,0.893085,0.27580565,-2.5033257
3056,2026-05-11 16:15:07.272468,2.1332343,0.9955459,0.42313445,0.893085,0.27580565,-2.5033257
3057,2026-05-11 16:15:07.275105,2.1332343,0.9955459,0.42313445,0.893085,0.27580565,-2.5033257
3058,2026-05-11 16:15:07.277690,2.1332343,0.9955459,0.42313445,0.893085,0.27580565,-2.5033257
3059,2026-05-11 16:15:07.280464,2.1332343,0.9955459,0.42313445,0.893085,0.27580565,-2.5033257
3060,2026-05-11 16:15:07.283447,2.1332343,0.9955459,0.42313445,0.893085,0.27580565,-2.5033257
3061,2026-05-11 16:15:07.286329,2.1332343,0.9955459,0.42313445,0.893085,0.27580565,-2.5033257
3062,2026-05-11 16:15:07.289053,2.1332343,0.9955459,0.42313445,0.893085,0.27580565,-2.5033257
3063,2026-05-11 16:15:07.291875,2.1332343,0.9955459,0.42313445,0.893085,0.27580565,-2.5033257
3064,2026-05-11 16:15:07.294549,2.1332343,0.9955459,0.42313445,0.93019503,0.16600263,-2.670703
3065,2026-05-11 16:15:07.297263,2.1332343,0.9955459,0.42313445,0.93019503,0.16600263,-2.670703
3066,2026-05-11 16:15:07.300212,2.1332343,0.9955459,0.42313445,0.93019503,0.16600263,-2.670703
3067,2026-05-11 16:15:07.303213,1.9859085,0.97706926,0.3927668,0.90377516,0.05375614,-2.8365529
3068,2026-05-11 16:15:07.305927,1.9859085,0.97706926,0.3927668,0.90377516,0.05375614,-2.8365529
3069,2026-05-11 16:15:07.308503,1.9859085,0.97706926,0.3927668,0.90377516,0.05375614,-2.8365529
3070,2026-05-11 16:15:07.311229,1.8659016,0.9604219,0.38349798,0.8043568,0.06719518,-2.9034426
3071,2026-05-11 16:15:07.313945,1.8659016,0.9604219,0.38349798,0.8043568,0.06719518,-2.9034426
3072,2026-05-11 16:15:07.317057,1.8659016,0.9604219,0.38349798,0.8043568,0.06719518,-2.9034426
3073,2026-05-11 16:15:07.319781,1.8659016,0.9604219,0.38349798,0.8043568,0.06719518,-2.9034426
3074,2026-05-11 16:15:07.322487,1.8659016,0.9604219,0.38349798,0.8043568,0.06719518,-2.9034426
3075,2026-05-11 16:15:07.325277,1.8659016,0.9604219,0.38349798,0.8043568,0.06719518,-2.9034426
3076,2026-05-11 16:15:07.327975,1.8659016,0.9604219,0.38349798,0.8043568,0.06719518,-2.9034426
3077,2026-05-11 16:15:07.330646,1.8659016,0.9604219,0.38349798,0.8043568,0.06719518,-2.9034426
3078,2026-05-11 16:15:07.333706,1.8659016,0.9604219,0.38349798,0.56489766,0.25442538,-2.9364293
3079,2026-05-11 16:15:07.336447,1.8659016,0.9604219,0.38349798,0.56489766,0.25442538,-2.9364293
3080,2026-05-11 16:15:07.339011,1.7662616,0.9440795,0.45069703,0.56489766,0.25442538,-2.9364293
3081,2026-05-11 16:15:07.341766,1.7662616,0.9440795,0.45069703,0.56489766,0.25442538,-2.9364293
3082,2026-05-11 16:15:07.344383,1.7662616,0.9440795,0.45069703,0.56489766,0.25442538,-2.9364293
3083,2026-05-11 16:15:07.346979,1.7662616,0.9440795,0.45069703,0.56489766,0.25442538,-2.9364293
3084,2026-05-11 16:15:07.350091,1.7662616,0.9440795,0.45069703,0.56489766,0.25442538,-2.9364293
3085,2026-05-11 16:15:07.352843,1.7662616,0.9440795,0.45069703,0.56489766,0.25442538,-2.9364293
3086,2026-05-11 16:15:07.355496,1.7662616,0.9440795,0.45069703,0.56489766,0.25442538,-2.9364293
3087,2026-05-11 16:15:07.358333,1.7471142,0.92999333,0.49100426,0.47891834,0.40194935,-2.9616275
3088,2026-05-11 16:15:07.360965,1.7471142,0.92999333,0.49100426,0.47891834,0.40194935,-2.9616275
3089,2026-05-11 16:15:07.363693,1.7471142,0.92999333,0.49100426,0.47891834,0.40194935,-2.9616275
3090,2026-05-11 16:15:07.366720,1.6856471,0.8351097,0.7125416,0.6169739,1.0238101,-3.1891747
3091,2026-05-11 16:15:07.369605,1.6856471,0.8351097,0.7125416,0.6169739,1.0238101,-3.1891747
3092,2026-05-11 16:15:07.372237,1.6856471,0.8351097,0.7125416,0.6169739,1.0238101,-3.1891747
3093,2026-05-11 16:15:07.374895,1.6856471,0.8351097,0.7125416,0.6169739,1.0238101,-3.1891747
3094,2026-05-11 16:15:07.377757,1.6856471,0.8351097,0.7125416,0.6169739,1.0238101,-3.1891747
3095,2026-05-11 16:15:07.380495,1.6856471,0.8351097,0.7125416,0.6169739,1.0238101,-3.1891747
3096,2026-05-11 16:15:07.383477,1.6856471,0.8351097,0.7125416,0.6169739,1.0238101,-3.1891747
3097,2026-05-11 16:15:07.386306,1.6856471,0.8351097,0.7125416,0.6169739,1.0238101,-3.1891747
3098,2026-05-11 16:15:07.388903,1.6856471,0.8351097,0.7125416,0.6169739,1.0238101,-3.1891747
3099,2026-05-11 16:15:07.391518,1.6856471,0.8351097,0.7125416,0.6169739,1.0238101,-3.1891747
3100,2026-05-11 16:15:07.394254,1.5787507,0.7702279,0.7430922,0.798859,1.2209669,-3.2888985
3101,2026-05-11 16:15:07.396932,1.5787507,0.7702279,0.7430922,0.798859,1.2209669,-3.2888985
3102,2026-05-11 16:15:07.399908,1.5787507,0.7702279,0.7430922,1.0613784,1.4068227,-3.450014
3103,2026-05-11 16:15:07.402571,1.5787507,0.7702279,0.7430922,1.0613784,1.4068227,-3.450014
3104,2026-05-11 16:15:07.405395,1.5787507,0.7702279,0.7430922,1.0613784,1.4068227,-3.450014
3105,2026-05-11 16:15:07.408151,1.5787507,0.7702279,0.7430922,1.0613784,1.4068227,-3.450014
3106,2026-05-11 16:15:07.410819,1.5787507,0.7702279,0.7430922,1.0613784,1.4068227,-3.450014
3107,2026-05-11 16:15:07.413580,1.5787507,0.7702279,0.7430922,1.0613784,1.4068227,-3.450014
3108,2026-05-11 16:15:07.416692,1.5787507,0.7702279,0.7430922,1.0613784,1.4068227,-3.450014
3109,2026-05-11 16:15:07.419510,1.5787507,0.7702279,0.7430922,1.0613784,1.4068227,-3.450014
3110,2026-05-11 16:15:07.422105,1.5787507,0.7702279,0.7430922,1.0613784,1.4068227,-3.450014
3111,2026-05-11 16:15:07.424850,1.5090514,0.72638386,0.72516423,1.0613784,1.4068227,-3.450014
3112,2026-05-11 16:15:07.427727,1.1863497,0.49832174,0.6249145,1.4686728,1.6685784,-3.7475057
3113,2026-05-11 16:15:07.430387,1.1863497,0.49832174,0.6249145,1.4686728,1.6685784,-3.7475057
3114,2026-05-11 16:15:07.433404,1.027438,0.35288644,0.5859488,1.8245018,2.3477077,-3.9260309
3115,2026-05-11 16:15:07.436227,1.027438,0.35288644,0.5859488,1.8245018,2.3477077,-3.9260309
3116,2026-05-11 16:15:07.438815,0.822609,0.22598879,0.553142,1.8245018,2.3477077,-3.9260309
3117,2026-05-11 16:15:07.441458,0.822609,0.22598879,0.553142,1.8245018,2.3477077,-3.9260309
3118,2026-05-11 16:15:07.444240,0.822609,0.22598879,0.553142,1.8245018,2.3477077,-3.9260309
3119,2026-05-11 16:15:07.446955,0.822609,0.22598879,0.553142,1.8245018,2.3477077,-3.9260309
3120,2026-05-11 16:15:07.450032,0.822609,0.22598879,0.553142,1.8245018,2.3477077,-3.9260309
3121,2026-05-11 16:15:07.452848,0.822609,0.22598879,0.553142,1.8245018,2.3477077,-3.9260309
3122,2026-05-11 16:15:07.455570,0.822609,0.22598879,0.553142,1.8245018,2.3477077,-3.9260309
3123,2026-05-11 16:15:07.458156,0.822609,0.22598879,0.553142,1.8245018,2.3477077,-3.9260309
3124,2026-05-11 16:15:07.461050,0.822609,0.22598879,0.553142,1.8245018,2.3477077,-3.9260309
3125,2026-05-11 16:15:07.463712,0.69784564,0.1636681,0.51692045,1.8739818,2.5222626,-3.8426478
3126,2026-05-11 16:15:07.466543,0.69784564,0.1636681,0.51692045,1.8739818,2.5222626,-3.8426478
3127,2026-05-11 16:15:07.469541,0.479967,0.096895896,0.4180122,1.8739818,2.5222626,-3.8426478
3128,2026-05-11 16:15:07.472280,0.479967,0.096895896,0.4180122,1.8739818,2.5222626,-3.8426478
3129,2026-05-11 16:15:07.474952,0.479967,0.096895896,0.4180122,1.839468,2.8846583,-3.196505
3130,2026-05-11 16:15:07.477790,0.479967,0.096895896,0.4180122,1.839468,2.8846583,-3.196505
3131,2026-05-11 16:15:07.480561,0.479967,0.096895896,0.4180122,1.839468,2.8846583,-3.196505
3132,2026-05-11 16:15:07.483951,0.46295384,0.11817763,0.3819735,1.839468,2.8846583,-3.196505
3133,2026-05-11 16:15:07.486936,0.46295384,0.11817763,0.3819735,1.839468,2.8846583,-3.196505
3134,2026-05-11 16:15:07.489588,0.46295384,0.11817763,0.3819735,1.839468,2.8846583,-3.196505
3135,2026-05-11 16:15:07.492228,0.46295384,0.11817763,0.3819735,1.839468,2.8846583,-3.196505
3136,2026-05-11 16:15:07.495015,0.7045533,0.23897736,0.34380054,1.4504995,2.9594893,-2.7638597
3137,2026-05-11 16:15:07.497688,0.7045533,0.23897736,0.34380054,1.4504995,2.9594893,-2.7638597
3138,2026-05-11 16:15:07.500974,0.7045533,0.23897736,0.34380054,1.4504995,2.9594893,-2.7638597
3139,2026-05-11 16:15:07.503775,0.7045533,0.23897736,0.34380054,1.4504995,2.9594893,-2.7638597
3140,2026-05-11 16:15:07.506437,0.7045533,0.23897736,0.34380054,1.2654073,2.9889636,-2.7595837
3141,2026-05-11 16:15:07.509074,0.7045533,0.23897736,0.34380054,1.2654073,2.9889636,-2.7595837
3142,2026-05-11 16:15:07.511886,0.76974,0.24281906,0.41081664,1.2654073,2.9889636,-2.7595837
3143,2026-05-11 16:15:07.514493,0.76974,0.24281906,0.41081664,1.2654073,2.9889636,-2.7595837
3144,2026-05-11 16:15:07.517666,0.76974,0.24281906,0.41081664,1.2654073,2.9889636,-2.7595837
3145,2026-05-11 16:15:07.520521,0.76974,0.24281906,0.41081664,1.2654073,2.9889636,-2.7595837
3146,2026-05-11 16:15:07.523267,0.76974,0.24281906,0.41081664,1.1074986,3.116329,-2.8690813
3147,2026-05-11 16:15:07.525988,0.76974,0.24281906,0.41081664,1.1074986,3.116329,-2.8690813
3148,2026-05-11 16:15:07.528622,0.76974,0.24281906,0.41081664,1.1074986,3.116329,-2.8690813
3149,2026-05-11 16:15:07.531494,0.7704108,0.08085837,0.8183404,1.1675162,3.2746959,-3.0984612
3150,2026-05-11 16:15:07.534889,0.7704108,0.08085837,0.8183404,1.6111571,3.3790011,-3.3084462
3151,2026-05-11 16:15:07.537639,0.7046143,-0.10781116,1.0395728,1.6111571,3.3790011,-3.3084462
3152,2026-05-11 16:15:07.540289,0.7046143,-0.10781116,1.0395728,1.6111571,3.3790011,-3.3084462
3153,2026-05-11 16:15:07.542878,0.7046143,-0.10781116,1.0395728,1.6111571,3.3790011,-3.3084462
3154,2026-05-11 16:15:07.545697,0.7046143,-0.10781116,1.0395728,1.6111571,3.3790011,-3.3084462
3155,2026-05-11 16:15:07.548371,0.7046143,-0.10781116,1.0395728,1.6111571,3.3790011,-3.3084462
3156,2026-05-11 16:15:07.551672,0.6492452,-0.2534904,1.1538478,1.6111571,3.3790011,-3.3084462
3157,2026-05-11 16:15:07.554576,0.6492452,-0.2534904,1.1538478,1.6111571,3.3790011,-3.3084462
3158,2026-05-11 16:15:07.557298,0.59064424,-0.374656,1.200558,2.1978931,3.4144313,-3.4374914
3159,2026-05-11 16:15:07.559930,0.59064424,-0.374656,1.200558,2.1978931,3.4144313,-3.4374914
3160,2026-05-11 16:15:07.562657,0.59064424,-0.374656,1.200558,2.1978931,3.4144313,-3.4374914
3161,2026-05-11 16:15:07.565299,0.59064424,-0.374656,1.200558,2.1978931,3.4144313,-3.4374914
3162,2026-05-11 16:15:07.568565,0.59064424,-0.374656,1.200558,2.1978931,3.4144313,-3.4374914
3163,2026-05-11 16:15:07.571293,0.59064424,-0.374656,1.200558,2.9068022,3.397938,-3.50881
3164,2026-05-11 16:15:07.573970,0.5571057,-0.45600224,1.1763492,3.4631479,3.377932,-3.5236235
3165,2026-05-11 16:15:07.576680,0.5571057,-0.45600224,1.1763492,3.4631479,3.377932,-3.5236235
3166,2026-05-11 16:15:07.579301,0.5571057,-0.45600224,1.1763492,3.4631479,3.377932,-3.5236235
3167,2026-05-11 16:15:07.582005,0.5571057,-0.45600224,1.1763492,3.4631479,3.377932,-3.5236235
3168,2026-05-11 16:15:07.585319,0.5571057,-0.45600224,1.1763492,3.4631479,3.377932,-3.5236235
3169,2026-05-11 16:15:07.588183,0.4795402,-0.59021735,0.9872528,4.711756,3.2076533,-3.430161
3170,2026-05-11 16:15:07.591001,0.4795402,-0.59021735,0.9872528,5.1590624,3.1238122,-3.4028249
3171,2026-05-11 16:15:07.593739,0.45850238,-0.681991,0.81846243,5.1590624,3.1238122,-3.4028249
3172,2026-05-11 16:15:07.596420,0.45850238,-0.681991,0.81846243,5.1590624,3.1238122,-3.4028249
3173,2026-05-11 16:15:07.599567,0.45850238,-0.681991,0.81846243,5.1590624,3.1238122,-3.4028249
3174,2026-05-11 16:15:07.602493,0.45850238,-0.681991,0.81846243,5.1590624,3.1238122,-3.4028249
3175,2026-05-11 16:15:07.605242,0.36471638,-0.7735207,0.6640022,5.6312613,3.0456214,-3.43123
3176,2026-05-11 16:15:07.607976,0.36471638,-0.7735207,0.6640022,6.017175,2.859002,-3.438866
3177,2026-05-11 16:15:07.610698,0.19568215,-0.8043152,0.5352141,6.017175,2.859002,-3.438866
3178,2026-05-11 16:15:07.613525,0.19568215,-0.8043152,0.5352141,6.017175,2.859002,-3.438866
3179,2026-05-11 16:15:07.616542,0.008171208,-0.8139499,0.39081547,6.017175,2.859002,-3.438866
3180,2026-05-11 16:15:07.619350,0.008171208,-0.8139499,0.39081547,6.017175,2.859002,-3.438866
3181,2026-05-11 16:15:07.621973,0.008171208,-0.8139499,0.39081547,6.017175,2.859002,-3.438866
3182,2026-05-11 16:15:07.624585,0.008171208,-0.8139499,0.39081547,6.176,2.6725354,-3.3982434
3183,2026-05-11 16:15:07.627424,-0.2566613,-0.8562694,0.119397216,6.176,2.6725354,-3.3982434
3184,2026-05-11 16:15:07.630110,-0.2566613,-0.8562694,0.119397216,6.167601,2.1586452,-3.2432363
3185,2026-05-11 16:15:07.633190,-0.2566613,-0.8562694,0.119397216,6.167601,2.1586452,-3.2432363
3186,2026-05-11 16:15:07.636027,-0.2566613,-0.8562694,0.119397216,6.167601,2.1586452,-3.2432363
3187,2026-05-11 16:15:07.638656,-0.2566613,-0.8562694,0.119397216,6.167601,2.1586452,-3.2432363
3188,2026-05-11 16:15:07.641341,-0.2566613,-0.8562694,0.119397216,5.848424,1.8761199,-3.0317242
3189,2026-05-11 16:15:07.644025,-0.2566613,-0.8562694,0.119397216,5.848424,1.8761199,-3.0317242
3190,2026-05-11 16:15:07.646760,-0.5152739,-0.82901174,-0.11378712,5.848424,1.8761199,-3.0317242
3191,2026-05-11 16:15:07.649852,-0.5152739,-0.82901174,-0.11378712,5.848424,1.8761199,-3.0317242
3192,2026-05-11 16:15:07.652707,-0.75595874,-0.74162865,-0.30288354,5.848424,1.8761199,-3.0317242
3193,2026-05-11 16:15:07.655419,-0.75595874,-0.74162865,-0.30288354,5.848424,1.8761199,-3.0317242
3194,2026-05-11 16:15:07.658027,-0.75595874,-0.74162865,-0.30288354,5.848424,1.8761199,-3.0317242
3195,2026-05-11 16:15:07.660801,-0.75595874,-0.74162865,-0.30288354,5.084079,1.6551393,-2.4839308
3196,2026-05-11 16:15:07.663411,-0.8509643,-0.6481476,-0.386303,5.084079,1.6551393,-2.4839308
3197,2026-05-11 16:15:07.666380,-0.8509643,-0.6481476,-0.386303,5.084079,1.6551393,-2.4839308
3198,2026-05-11 16:15:07.669333,-0.8509643,-0.6481476,-0.386303,5.084079,1.6551393,-2.4839308
3199,2026-05-11 16:15:07.671930,-0.8509643,-0.6481476,-0.386303,5.084079,1.6551393,-2.4839308
3200,2026-05-11 16:15:07.674662,-0.8475495,-0.60430354,-0.37398523,3.2979088,1.8674151,-1.2067643
3201,2026-05-11 16:15:07.677465,-0.8475495,-0.60430354,-0.37398523,3.2979088,1.8674151,-1.2067643
3202,2026-05-11 16:15:07.680094,-0.8475495,-0.60430354,-0.37398523,3.2979088,1.8674151,-1.2067643
3203,2026-05-11 16:15:07.683181,-0.7429092,-0.5719236,-0.26343,3.2979088,1.8674151,-1.2067643
3204,2026-05-11 16:15:07.685972,-0.7429092,-0.5719236,-0.26343,3.2979088,1.8674151,-1.2067643
3205,2026-05-11 16:15:07.688758,-0.7429092,-0.5719236,-0.26343,3.2979088,1.8674151,-1.2067643
3206,2026-05-11 16:15:07.691468,-0.7429092,-0.5719236,-0.26343,3.2979088,1.8674151,-1.2067643
3207,2026-05-11 16:15:07.694065,-0.7429092,-0.5719236,-0.26343,3.2979088,1.8674151,-1.2067643
3208,2026-05-11 16:15:07.696892,-0.7429092,-0.5719236,-0.26343,3.2979088,1.8674151,-1.2067643
3209,2026-05-11 16:15:07.700123,-0.7429092,-0.5719236,-0.26343,3.2979088,1.8674151,-1.2067643
3210,2026-05-11 16:15:07.703056,-0.7429092,-0.5719236,-0.26343,1.133155,2.8166997,0.28603765
3211,2026-05-11 16:15:07.705795,-0.7429092,-0.5719236,-0.26343,1.133155,2.8166997,0.28603765
3212,2026-05-11 16:15:07.708442,-0.7429092,-0.5719236,-0.26343,1.133155,2.8166997,0.28603765
3213,2026-05-11 16:15:07.711234,-0.7429092,-0.5719236,-0.26343,1.133155,2.8166997,0.28603765
3214,2026-05-11 16:15:07.714056,-0.60119367,-0.6169872,-0.12714157,-0.44073927,3.715435,1.7331774
3215,2026-05-11 16:15:07.717223,-0.5086882,-0.676259,-0.045673396,-0.44073927,3.715435,1.7331774
3216,2026-05-11 16:15:07.719873,-0.5086882,-0.676259,-0.045673396,-0.44073927,3.715435,1.7331774
3217,2026-05-11 16:15:07.722565,-0.5086882,-0.676259,-0.045673396,-0.44073927,3.715435,1.7331774
3218,2026-05-11 16:15:07.725346,-0.43258622,-0.7238837,-0.004085604,-0.8857546,3.8811324,2.3854287
3219,2026-05-11 16:15:07.728106,-0.24964872,-0.7687644,0.0086590415,-1.4337007,3.908163,3.4029775
3220,2026-05-11 16:15:07.730827,-0.24964872,-0.7687644,0.0086590415,-1.4337007,3.908163,3.4029775
3221,2026-05-11 16:15:07.733865,-0.04170975,-0.8099863,0.0015854583,-1.9451476,3.748422,4.3904414
3222,2026-05-11 16:15:07.736837,-0.04170975,-0.8099863,0.0015854583,-1.9451476,3.748422,4.3904414
3223,2026-05-11 16:15:07.739551,0.13397123,-0.82553595,0.010061563,-2.2751677,3.5702019,5.002528
3224,2026-05-11 16:15:07.742448,0.13397123,-0.82553595,0.010061563,-2.2751677,3.5702019,5.002528
3225,2026-05-11 16:15:07.745140,0.3817296,-0.7899851,0.062442668,-2.2751677,3.5702019,5.002528
3226,2026-05-11 16:15:07.748102,0.53966564,-0.7751062,0.102384016,-2.7708848,2.8906143,5.9261565
3227,2026-05-11 16:15:07.751383,0.53966564,-0.7751062,0.102384016,-2.7708848,2.8906143,5.9261565
3228,2026-05-11 16:15:07.754002,0.53966564,-0.7751062,0.102384016,-2.7708848,2.8906143,5.9261565
3229,2026-05-11 16:15:07.756717,0.53966564,-0.7751062,0.102384016,-2.7708848,2.8906143,5.9261565
3230,2026-05-11 16:15:07.759298,0.53966564,-0.7751062,0.102384016,-2.7708848,2.8906143,5.9261565
3231,2026-05-11 16:15:07.761966,0.53966564,-0.7751062,0.102384016,-2.7708848,2.8906143,5.9261565
3232,2026-05-11 16:15:07.764821,0.59991306,-0.75998336,0.22092752,-2.7708848,2.8906143,5.9261565
3233,2026-05-11 16:15:07.768244,0.59991306,-0.75998336,0.22092752,-2.7708848,2.8906143,5.9261565
3234,2026-05-11 16:15:07.771194,0.59991306,-0.75998336,0.22092752,-2.9335277,2.2505803,6.457609
3235,2026-05-11 16:15:07.773906,0.59991306,-0.75998336,0.22092752,-2.9356656,1.7809776,6.9366803
3236,2026-05-11 16:15:07.776657,0.59991306,-0.75998336,0.22092752,-2.9356656,1.7809776,6.9366803
3237,2026-05-11 16:15:07.779440,0.59991306,-0.75998336,0.22092752,-2.9356656,1.7809776,6.9366803
3238,2026-05-11 16:15:07.782130,0.614731,-0.7192493,0.36130157,-2.9356656,1.7809776,6.9366803
3239,2026-05-11 16:15:07.785349,0.614731,-0.7192493,0.36130157,-2.9356656,1.7809776,6.9366803
3240,2026-05-11 16:15:07.787934,0.614731,-0.7192493,0.36130157,-2.9356656,1.7809776,6.9366803
3241,2026-05-11 16:15:07.790599,0.614731,-0.7192493,0.36130157,-2.7821858,1.3119859,7.6509347
3242,2026-05-11 16:15:07.793299,0.7366893,-0.66930735,0.57911915,-2.7821858,1.3119859,7.6509347
3243,2026-05-11 16:15:07.795891,0.7366893,-0.66930735,0.57911915,-2.7821858,1.3119859,7.6509347
3244,2026-05-11 16:15:07.798908,0.7366893,-0.66930735,0.57911915,-2.7821858,1.3119859,7.6509347
3245,2026-05-11 16:15:07.801611,0.7366893,-0.66930735,0.57911915,-2.7821858,1.3119859,7.6509347
3246,2026-05-11 16:15:07.804204,0.7366893,-0.66930735,0.57911915,-2.4860687,1.052368,8.312196
3247,2026-05-11 16:15:07.807026,0.7366893,-0.66930735,0.57911915,-2.4860687,1.052368,8.312196
3248,2026-05-11 16:15:07.809624,0.9510311,-0.6591848,0.72845715,-2.4860687,1.052368,8.312196
3249,2026-05-11 16:15:07.812305,0.9510311,-0.6591848,0.72845715,-2.4860687,1.052368,8.312196
3250,2026-05-11 16:15:07.814948,1.3512374,-0.5991813,0.8952351,-2.1801782,1.0173961,8.722697
3251,2026-05-11 16:15:07.818043,1.3512374,-0.5991813,0.8952351,-2.1801782,1.0173961,8.722697
3252,2026-05-11 16:15:07.820683,1.3512374,-0.5991813,0.8952351,-2.1801782,1.0173961,8.722697
3253,2026-05-11 16:15:07.823354,1.7495533,-0.48606494,1.0251818,-1.6462818,1.1142182,8.936348
3254,2026-05-11 16:15:07.826140,1.7495533,-0.48606494,1.0251818,-1.6462818,1.1142182,8.936348
3255,2026-05-11 16:15:07.828824,1.7495533,-0.48606494,1.0251818,-1.6462818,1.1142182,8.936348
3256,2026-05-11 16:15:07.831430,1.7495533,-0.48606494,1.0251818,-1.6462818,1.1142182,8.936348
3257,2026-05-11 16:15:07.834521,1.9660294,-0.3784977,1.0906124,0.083383106,0.6525568,8.580061
3258,2026-05-11 16:15:07.837322,2.3210502,-0.10951859,1.1054304,0.083383106,0.6525568,8.580061
3259,2026-05-11 16:15:07.839887,2.3210502,-0.10951859,1.1054304,0.083383106,0.6525568,8.580061
3260,2026-05-11 16:15:07.842635,2.8021758,0.24477036,1.0381703,1.928807,0.1085813,7.0480103
3261,2026-05-11 16:15:07.845254,2.8021758,0.24477036,1.0381703,1.928807,0.1085813,7.0480103
3262,2026-05-11 16:15:07.848165,3.2743983,0.6843082,1.0051806,1.928807,0.1085813,7.0480103
3263,2026-05-11 16:15:07.851235,3.2743983,0.6843082,1.0051806,1.928807,0.1085813,7.0480103
3264,2026-05-11 16:15:07.854108,3.5661838,1.2517194,0.6826618,3.2070425,0.1226312,3.1874948
3265,2026-05-11 16:15:07.856798,3.5661838,1.2517194,0.6826618,3.2925637,-0.10369437,-0.1001819
3266,2026-05-11 16:15:07.859515,3.5661838,1.2517194,0.6826618,3.2925637,-0.10369437,-0.1001819
3267,2026-05-11 16:15:07.862283,3.5661838,1.2517194,0.6826618,3.2925637,-0.10369437,-0.1001819
3268,2026-05-11 16:15:07.865042,3.5661838,1.2517194,0.6826618,3.2925637,-0.10369437,-0.1001819
3269,2026-05-11 16:15:07.868628,1.3486153,0.70790714,0.047746688,2.9263499,0.049632803,-0.73655075
3270,2026-05-11 16:15:07.871561,1.3486153,0.70790714,0.047746688,2.2989914,0.65087694,-0.33001995
3271,2026-05-11 16:15:07.874241,1.3486153,0.70790714,0.047746688,2.2989914,0.65087694,-0.33001995
3272,2026-05-11 16:15:07.876896,1.3486153,0.70790714,0.047746688,2.2989914,0.65087694,-0.33001995
3273,2026-05-11 16:15:07.879533,1.3486153,0.70790714,0.047746688,2.2989914,0.65087694,-0.33001995
3274,2026-05-11 16:15:07.882447,1.3486153,0.70790714,0.047746688,1.8817704,1.2921327,0.35979962
3275,2026-05-11 16:15:07.885452,1.2362306,0.62302417,0.12592198,1.8817704,1.2921327,0.35979962
3276,2026-05-11 16:15:07.888180,1.2362306,0.62302417,0.12592198,1.8817704,1.2921327,0.35979962
3277,2026-05-11 16:15:07.890879,1.2362306,0.62302417,0.12592198,1.8817704,1.2921327,0.35979962
3278,2026-05-11 16:15:07.893775,1.2362306,0.62302417,0.12592198,1.8817704,1.2921327,0.35979962
3279,2026-05-11 16:15:07.896511,1.2362306,0.62302417,0.12592198,1.8817704,1.2921327,0.35979962
3280,2026-05-11 16:15:07.899525,1.3892274,0.708456,0.20464608,1.8817704,1.2921327,0.35979962
3281,2026-05-11 16:15:07.902480,1.3892274,0.708456,0.20464608,1.8817704,1.2921327,0.35979962
3282,2026-05-11 16:15:07.905104,1.3892274,0.708456,0.20464608,1.8817704,1.2921327,0.35979962
3283,2026-05-11 16:15:07.907968,1.3892274,0.708456,0.20464608,1.8817704,1.2921327,0.35979962
3284,2026-05-11 16:15:07.910673,1.3892274,0.708456,0.20464608,1.6543758,1.6965255,0.95539325
3285,2026-05-11 16:15:07.913291,1.3892274,0.708456,0.20464608,1.6358972,1.702176,1.4575244
3286,2026-05-11 16:15:07.916233,1.3892274,0.708456,0.20464608,1.6358972,1.702176,1.4575244
3287,2026-05-11 16:15:07.919576,1.3892274,0.708456,0.20464608,1.6358972,1.702176,1.4575244
3288,2026-05-11 16:15:07.922373,1.7779696,0.8889543,0.2300744,1.6358972,1.702176,1.4575244
3289,2026-05-11 16:15:07.924985,1.7779696,0.8889543,0.2300744,1.6358972,1.702176,1.4575244
3290,2026-05-11 16:15:07.927806,1.7779696,0.8889543,0.2300744,1.6358972,1.702176,1.4575244
3291,2026-05-11 16:15:07.930520,1.7779696,0.8889543,0.2300744,1.6358972,1.702176,1.4575244
3292,2026-05-11 16:15:07.933601,2.6259458,1.1361028,0.22489117,1.8327484,0.95004815,1.1882856
3293,2026-05-11 16:15:07.936897,3.0403602,1.2747085,0.34813008,1.8327484,0.95004815,1.1882856
3294,2026-05-11 16:15:07.939703,3.0403602,1.2747085,0.34813008,2.1265745,0.43569964,0.48640144
3295,2026-05-11 16:15:07.942461,3.0403602,1.2747085,0.34813008,2.1265745,0.43569964,0.48640144
3296,2026-05-11 16:15:07.945163,3.0403602,1.2747085,0.34813008,2.1265745,0.43569964,0.48640144
3297,2026-05-11 16:15:07.948008,3.0403602,1.2747085,0.34813008,2.1265745,0.43569964,0.48640144
3298,2026-05-11 16:15:07.951071,3.0403602,1.2747085,0.34813008,2.382069,0.102319926,-0.07666359
3299,2026-05-11 16:15:07.953947,3.190552,1.296783,0.4091702,2.382069,0.102319926,-0.07666359
3300,2026-05-11 16:15:07.956649,3.190552,1.296783,0.4091702,2.382069,0.102319926,-0.07666359
3301,2026-05-11 16:15:07.959294,3.190552,1.296783,0.4091702,2.382069,0.102319926,-0.07666359
3302,2026-05-11 16:15:07.961894,3.190552,1.296783,0.4091702,2.382069,0.102319926,-0.07666359
3303,2026-05-11 16:15:07.964503,3.190552,1.296783,0.4091702,2.382069,0.102319926,-0.07666359
3304,2026-05-11 16:15:07.967367,3.190552,1.296783,0.4091702,2.8602238,-0.25350907,-1.1571314
3305,2026-05-11 16:15:07.970783,3.190552,1.296783,0.4091702,2.8602238,-0.25350907,-1.1571314
3306,2026-05-11 16:15:07.973579,3.190552,1.296783,0.4091702,2.8602238,-0.25350907,-1.1571314
3307,2026-05-11 16:15:07.976421,3.190552,1.296783,0.4091702,2.8602238,-0.25350907,-1.1571314
3308,2026-05-11 16:15:07.979160,2.7561364,1.1515917,0.47807667,3.307988,-0.28496864,-1.6847663
3309,2026-05-11 16:15:07.981963,2.7561364,1.1515917,0.47807667,3.307988,-0.28496864,-1.6847663
3310,2026-05-11 16:15:07.985387,2.541246,1.1151261,0.3729486,3.5023959,-0.24709499,-1.8057177
3311,2026-05-11 16:15:07.988267,2.541246,1.1151261,0.3729486,3.5023959,-0.24709499,-1.8057177
3312,2026-05-11 16:15:07.990977,2.541246,1.1151261,0.3729486,3.5023959,-0.24709499,-1.8057177
3313,2026-05-11 16:15:07.993597,2.541246,1.1151261,0.3729486,3.5023959,-0.24709499,-1.8057177
3314,2026-05-11 16:15:07.996441,2.5091097,1.0968323,0.12933682,3.5023959,-0.24709499,-1.8057177
3315,2026-05-11 16:15:07.999577,2.5091097,1.0968323,0.12933682,3.5023959,-0.24709499,-1.8057177
3316,2026-05-11 16:15:08.002432,2.5091097,1.0968323,0.12933682,3.5023959,-0.24709499,-1.8057177
3317,2026-05-11 16:15:08.005093,2.5091097,1.0968323,0.12933682,3.490484,-0.14614952,-1.9329304
3318,2026-05-11 16:15:08.007845,2.523257,1.1114674,-0.086712375,3.490484,-0.14614952,-1.9329304
3319,2026-05-11 16:15:08.010502,2.523257,1.1114674,-0.086712375,3.490484,-0.14614952,-1.9329304
3320,2026-05-11 16:15:08.013105,2.523257,1.1114674,-0.086712375,3.490484,-0.14614952,-1.9329304
3321,2026-05-11 16:15:08.016299,2.523257,1.1114674,-0.086712375,3.1969633,0.031154128,-2.161394
3322,2026-05-11 16:15:08.019101,2.523257,1.1114674,-0.086712375,3.1969633,0.031154128,-2.161394
3323,2026-05-11 16:15:08.021757,2.523257,1.1114674,-0.086712375,3.1969633,0.031154128,-2.161394
3324,2026-05-11 16:15:08.024577,2.5269158,1.1996433,-0.2242204,2.2853997,0.302531,-2.5806003
3325,2026-05-11 16:15:08.027452,2.5620399,1.317272,-0.04170975,1.6403259,0.25809056,-2.880077
3326,2026-05-11 16:15:08.030227,2.5620399,1.317272,-0.04170975,1.6403259,0.25809056,-2.880077
3327,2026-05-11 16:15:08.033426,2.5620399,1.317272,-0.04170975,1.1470522,0.038026363,-3.3672419
3328,2026-05-11 16:15:08.036149,2.5620399,1.317272,-0.04170975,1.1470522,0.038026363,-3.3672419
3329,2026-05-11 16:15:08.038976,2.5620399,1.317272,-0.04170975,1.1470522,0.038026363,-3.3672419
3330,2026-05-11 16:15:08.041705,2.5620399,1.317272,-0.04170975,1.1470522,0.038026363,-3.3672419
3331,2026-05-11 16:15:08.044450,2.5085,1.3391635,0.33886123,1.1470522,0.038026363,-3.3672419
3332,2026-05-11 16:15:08.047253,2.5085,1.3391635,0.33886123,1.1470522,0.038026363,-3.3672419
3333,2026-05-11 16:15:08.050372,2.5085,1.3391635,0.33886123,0.95615685,-0.017256944,-3.9182425
3334,2026-05-11 16:15:08.053186,2.5085,1.3391635,0.33886123,0.95615685,-0.017256944,-3.9182425
3335,2026-05-11 16:15:08.055968,2.121892,1.0930516,0.87559986,0.95615685,-0.017256944,-3.9182425
3336,2026-05-11 16:15:08.058631,2.121892,1.0930516,0.87559986,1.0010555,0.10247265,-4.1076107
3337,2026-05-11 16:15:08.061512,1.0938443,0.13250773,0.8236456,3.1566463,0.784351,-4.840649
3338,2026-05-11 16:15:08.064213,1.0938443,0.13250773,0.8236456,3.1566463,0.784351,-4.840649
3339,2026-05-11 16:15:08.067322,0.83980507,-0.09000525,0.59857154,3.1566463,0.784351,-4.840649
3340,2026-05-11 16:15:08.070147,0.83980507,-0.09000525,0.59857154,3.1566463,0.784351,-4.840649
3341,2026-05-11 16:15:08.072819,0.83980507,-0.09000525,0.59857154,3.1566463,0.784351,-4.840649
3342,2026-05-11 16:15:08.075595,0.83980507,-0.09000525,0.59857154,3.673591,0.7761043,-4.883257
3343,2026-05-11 16:15:08.078286,0.83980507,-0.09000525,0.59857154,3.673591,0.7761043,-4.883257
3344,2026-05-11 16:15:08.080995,0.83980507,-0.09000525,0.59857154,3.673591,0.7761043,-4.883257
3345,2026-05-11 16:15:08.084137,0.83980507,-0.09000525,0.59857154,3.673591,0.7761043,-4.883257
3346,2026-05-11 16:15:08.087012,0.83980507,-0.09000525,0.59857154,3.673591,0.7761043,-4.883257
3347,2026-05-11 16:15:08.089919,0.6100356,-0.27007675,0.39221802,3.9597812,0.77366084,-4.8314857
3348,2026-05-11 16:15:08.092753,0.503444,-0.3405077,0.28208962,4.01705,0.7910705,-4.764138
3349,2026-05-11 16:15:08.095665,0.26190552,-0.4444162,0.07439458,3.7129917,0.6768387,-4.524068
3350,2026-05-11 16:15:08.098459,0.1911087,-0.44575772,0.10183521,3.7129917,0.6768387,-4.524068
3351,2026-05-11 16:15:08.101634,0.1911087,-0.44575772,0.10183521,3.4170275,0.5682574,-4.457331
3352,2026-05-11 16:15:08.104433,0.17824212,-0.46758825,0.19616999,3.4170275,0.5682574,-4.457331
3353,2026-05-11 16:15:08.107065,0.17824212,-0.46758825,0.19616999,3.4170275,0.5682574,-4.457331
3354,2026-05-11 16:15:08.110012,0.17824212,-0.46758825,0.19616999,3.4170275,0.5682574,-4.457331
3355,2026-05-11 16:15:08.112711,0.18982814,-0.50631005,0.26233238,3.0317242,0.5879578,-4.46741
3356,2026-05-11 16:15:08.115746,0.18982814,-0.50631005,0.26233238,3.0317242,0.5879578,-4.46741
3357,2026-05-11 16:15:08.118508,0.18982814,-0.50631005,0.26233238,3.0317242,0.5879578,-4.46741
3358,2026-05-11 16:15:08.121172,0.19940189,-0.64162284,0.37447307,2.9680414,0.77503526,-4.6265407
3359,2026-05-11 16:15:08.124013,0.19940189,-0.64162284,0.37447307,2.9680414,0.77503526,-4.6265407
3360,2026-05-11 16:15:08.126692,0.19940189,-0.64162284,0.37447307,2.9680414,0.77503526,-4.6265407
3361,2026-05-11 16:15:08.129301,0.19940189,-0.64162284,0.37447307,2.9680414,0.77503526,-4.6265407
3362,2026-05-11 16:15:08.132065,0.17982757,-0.7558368,0.41307288,3.0338624,1.0250319,-4.7610836
3363,2026-05-11 16:15:08.135591,0.17982757,-0.7558368,0.41307288,3.0338624,1.0250319,-4.7610836
3364,2026-05-11 16:15:08.138569,0.17982757,-0.7558368,0.41307288,3.0338624,1.0250319,-4.7610836
3365,2026-05-11 16:15:08.141429,0.17982757,-0.7558368,0.41307288,3.0338624,1.0250319,-4.7610836
3366,2026-05-11 16:15:08.144253,0.17982757,-0.7558368,0.41307288,3.0338624,1.0250319,-4.7610836
3367,2026-05-11 16:15:08.147050,0.12622687,-0.81626713,0.38929102,3.0338624,1.0250319,-4.7610836
3368,2026-05-11 16:15:08.150049,0.12622687,-0.81626713,0.38929102,3.0338624,1.0250319,-4.7610836
3369,2026-05-11 16:15:08.157708,0.12622687,-0.81626713,0.38929102,3.1167872,1.2881621,-4.819727
3370,2026-05-11 16:15:08.160767,0.12622687,-0.81626713,0.38929102,3.1167872,1.2881621,-4.819727
3371,2026-05-11 16:15:08.180341,0.12622687,-0.81626713,0.38929102,3.1167872,1.2881621,-4.819727
3372,2026-05-11 16:15:08.190295,0.12622687,-0.81626713,0.38929102,3.1167872,1.2881621,-4.819727
3373,2026-05-11 16:15:08.193279,0.12622687,-0.81626713,0.38929102,3.1167872,1.2881621,-4.819727
3374,2026-05-11 16:15:08.195932,0.12622687,-0.81626713,0.38929102,3.1167872,1.2881621,-4.819727
3375,2026-05-11 16:15:08.199093,0.12622687,-0.81626713,0.38929102,3.1167872,1.2881621,-4.819727
3376,2026-05-11 16:15:08.202011,0.12622687,-0.81626713,0.38929102,3.1167872,1.2881621,-4.819727
3377,2026-05-11 16:15:08.204811,-0.09653002,-0.8014492,0.29257807,3.1167872,1.2881621,-4.819727
3378,2026-05-11 16:15:08.207490,-0.09653002,-0.8014492,0.29257807,3.1677945,1.6508633,-4.6500587
3379,2026-05-11 16:15:08.210344,-0.09653002,-0.8014492,0.29257807,3.1677945,1.6508633,-4.6500587
3380,2026-05-11 16:15:08.213250,-0.4136217,-0.5145422,0.18104716,3.1154127,1.8014416,-4.442212
3381,2026-05-11 16:15:08.216249,-0.4136217,-0.5145422,0.18104716,2.9251282,1.9827158,-3.9002218
3382,2026-05-11 16:15:08.219210,-0.5512517,-0.29105356,0.13391025,2.6618452,2.023033,-3.3154712
3383,2026-05-11 16:15:08.221874,-0.5512517,-0.29105356,0.13391025,2.6618452,2.023033,-3.3154712
3384,2026-05-11 16:15:08.224738,-0.5512517,-0.29105356,0.13391025,2.6618452,2.023033,-3.3154712
3385,2026-05-11 16:15:08.227449,-0.52350616,-0.022501312,0.09671296,2.6618452,2.023033,-3.3154712
3386,2026-05-11 16:15:08.230072,-0.52350616,-0.022501312,0.09671296,2.2913556,2.0560198,-2.670703
3387,2026-05-11 16:15:08.233074,-0.52350616,-0.022501312,0.09671296,2.2913556,2.0560198,-2.670703
3388,2026-05-11 16:15:08.235918,-0.52350616,-0.022501312,0.09671296,2.2913556,2.0560198,-2.670703
3389,2026-05-11 16:15:08.238705,-0.52350616,-0.022501312,0.09671296,2.2913556,2.0560198,-2.670703
3390,2026-05-11 16:15:08.241373,-0.52350616,-0.022501312,0.09671296,2.2913556,2.0560198,-2.670703
3391,2026-05-11 16:15:08.244034,-0.37770495,0.3492277,0.064272046,1.9055941,2.2154555,-2.2666154
3392,2026-05-11 16:15:08.246833,-0.37770495,0.3492277,0.064272046,1.9055941,2.2154555,-2.2666154
3393,2026-05-11 16:15:08.249856,-0.22794013,0.6728441,0.0009756667,1.9055941,2.2154555,-2.2666154
3394,2026-05-11 16:15:08.252704,-0.22794013,0.6728441,0.0009756667,1.26556,2.5595255,-2.0187569
3395,2026-05-11 16:15:08.255380,-0.22794013,0.6728441,0.0009756667,1.26556,2.5595255,-2.0187569
3396,2026-05-11 16:15:08.257963,-0.22794013,0.6728441,0.0009756667,1.26556,2.5595255,-2.0187569
3397,2026-05-11 16:15:08.260787,-0.1557408,0.94139636,-0.025794188,0.38881573,3.0546317,-1.9498819
3398,2026-05-11 16:15:08.263376,-0.1557408,0.94139636,-0.025794188,0.38881573,3.0546317,-1.9498819
3399,2026-05-11 16:15:08.266205,-0.1557408,0.94139636,-0.025794188,0.38881573,3.0546317,-1.9498819
3400,2026-05-11 16:15:08.269057,-0.1557408,0.94139636,-0.025794188,0.38881573,3.0546317,-1.9498819
3401,2026-05-11 16:15:08.271665,-0.1557408,0.94139636,-0.025794188,0.38881573,3.0546317,-1.9498819
3402,2026-05-11 16:15:08.274269,-0.1557408,0.94139636,-0.025794188,0.38881573,3.0546317,-1.9498819
3403,2026-05-11 16:15:08.277131,-0.09653002,0.9818866,0.09433477,-0.5013676,3.6763399,-1.8721492
3404,2026-05-11 16:15:08.279912,-0.081773065,0.86334306,0.29270002,-0.9440922,4.034154,-1.7785342
3405,2026-05-11 16:15:08.282794,-0.081773065,0.86334306,0.29270002,-0.9440922,4.034154,-1.7785342
3406,2026-05-11 16:15:08.285721,-0.081773065,0.86334306,0.29270002,-0.9440922,4.034154,-1.7785342
3407,2026-05-11 16:15:08.288431,-0.081773065,0.86334306,0.29270002,-1.0393872,4.208556,-1.4665347
3408,2026-05-11 16:15:08.291083,-0.081773065,0.86334306,0.29270002,-1.0393872,4.208556,-1.4665347
3409,2026-05-11 16:15:08.293748,-0.19092578,0.7385797,0.46624672,-1.0393872,4.208556,-1.4665347
3410,2026-05-11 16:15:08.296495,-0.3609357,0.6494281,0.57728976,-1.0393872,4.208556,-1.4665347
3411,2026-05-11 16:15:08.299435,-0.3609357,0.6494281,0.57728976,-0.9193522,4.1131086,-1.1012373
3412,2026-05-11 16:15:08.302458,-0.3609357,0.6494281,0.57728976,-0.9193522,4.1131086,-1.1012373
3413,2026-05-11 16:15:08.305113,-0.3609357,0.6494281,0.57728976,-0.9193522,4.1131086,-1.1012373
3414,2026-05-11 16:15:08.307902,-0.3609357,0.6494281,0.57728976,-0.9193522,4.1131086,-1.1012373
3415,2026-05-11 16:15:08.310506,-0.3609357,0.6494281,0.57728976,-0.9193522,4.1131086,-1.1012373
3416,2026-05-11 16:15:08.313176,-0.3609357,0.6494281,0.57728976,-0.9193522,4.1131086,-1.1012373
3417,2026-05-11 16:15:08.316342,-0.3609357,0.6494281,0.57728976,-0.4813618,3.559512,0.24037547
3418,2026-05-11 16:15:08.319162,-0.41179234,0.55009305,0.64351314,-0.4813618,3.559512,0.24037547
3419,2026-05-11 16:15:08.321768,-0.41179234,0.55009305,0.64351314,-0.4813618,3.559512,0.24037547
3420,2026-05-11 16:15:08.324420,-0.41179234,0.55009305,0.64351314,-0.4813618,3.559512,0.24037547
3421,2026-05-11 16:15:08.327016,-0.41179234,0.55009305,0.64351314,-0.4813618,3.559512,0.24037547
3422,2026-05-11 16:15:08.329777,-0.41179234,0.55009305,0.64351314,-0.4813618,3.559512,0.24037547
3423,2026-05-11 16:15:08.332775,-0.41179234,0.55009305,0.64351314,-0.4813618,3.559512,0.24037547
3424,2026-05-11 16:15:08.335613,-0.41179234,0.55009305,0.64351314,-0.4813618,3.559512,0.24037547
3425,2026-05-11 16:15:08.338252,-0.41179234,0.55009305,0.64351314,-0.4813618,3.559512,0.24037547
3426,2026-05-11 16:15:08.340852,-0.41179234,0.55009305,0.64351314,0.08200866,3.1936035,1.1212431
3427,2026-05-11 16:15:08.343664,-0.18190086,0.42051232,0.6329028,0.08200866,3.1936035,1.1212431
3428,2026-05-11 16:15:08.346436,-0.18190086,0.42051232,0.6329028,0.08200866,3.1936035,1.1212431
3429,2026-05-11 16:15:08.349435,-0.18190086,0.42051232,0.6329028,0.46578476,2.9912543,1.5824465
3430,2026-05-11 16:15:08.352280,-0.18190086,0.42051232,0.6329028,0.46578476,2.9912543,1.5824465
3431,2026-05-11 16:15:08.354938,-0.18190086,0.42051232,0.6329028,0.46578476,2.9912543,1.5824465
3432,2026-05-11 16:15:08.357513,-0.18190086,0.42051232,0.6329028,0.46578476,2.9912543,1.5824465
3433,2026-05-11 16:15:08.360228,-0.18190086,0.42051232,0.6329028,0.46578476,2.9912543,1.5824465
3434,2026-05-11 16:15:08.362919,0.20324357,0.102262065,0.43734258,0.46578476,2.9912543,1.5824465
3435,2026-05-11 16:15:08.366014,0.20324357,0.102262065,0.43734258,0.8729264,2.8388436,1.9709567
3436,2026-05-11 16:15:08.369074,0.24952675,-0.0395145,0.29404154,0.8729264,2.8388436,1.9709567
3437,2026-05-11 16:15:08.371963,0.24952675,-0.0395145,0.29404154,0.8729264,2.8388436,1.9709567
3438,2026-05-11 16:15:08.374734,0.24952675,-0.0395145,0.29404154,0.8729264,2.8388436,1.9709567
3439,2026-05-11 16:15:08.377631,0.23263553,-0.25660032,0.039758418,1.1345295,2.8518243,2.6154196
3440,2026-05-11 16:15:08.380362,0.23263553,-0.25660032,0.039758418,1.1345295,2.8518243,2.6154196
3441,2026-05-11 16:15:08.383489,0.23263553,-0.25660032,0.039758418,1.0111347,2.8901563,2.9347494
3442,2026-05-11 16:15:08.386343,0.23263553,-0.25660032,0.039758418,1.0111347,2.8901563,2.9347494
3443,2026-05-11 16:15:08.388944,0.23263553,-0.25660032,0.039758418,1.0111347,2.8901563,2.9347494
3444,2026-05-11 16:15:08.391641,0.23263553,-0.25660032,0.039758418,1.0111347,2.8901563,2.9347494
3445,2026-05-11 16:15:08.394260,0.23263553,-0.25660032,0.039758418,1.0111347,2.8901563,2.9347494
3446,2026-05-11 16:15:08.396866,0.19098675,-0.36502132,-0.07122366,1.0111347,2.8901563,2.9347494
3447,2026-05-11 16:15:08.400064,0.19098675,-0.36502132,-0.07122366,1.0111347,2.8901563,2.9347494
3448,2026-05-11 16:15:08.402945,0.14098383,-0.453624,-0.16903426,0.49663344,2.5792258,4.042859
3449,2026-05-11 16:15:08.405599,0.14098383,-0.453624,-0.16903426,0.49663344,2.5792258,4.042859
3450,2026-05-11 16:15:08.408312,0.07634591,-0.55533725,-0.26794246,0.23884831,2.3883305,4.59111
3451,2026-05-11 16:15:08.410940,0.07634591,-0.55533725,-0.26794246,-0.105832405,2.1636846,5.317429
3452,2026-05-11 16:15:08.413681,0.13689823,-0.5952786,-0.27800402,-0.105832405,2.1636846,5.317429
3453,2026-05-11 16:15:08.416619,0.13689823,-0.5952786,-0.27800402,-0.105832405,2.1636846,5.317429
3454,2026-05-11 16:15:08.419454,0.13689823,-0.5952786,-0.27800402,-0.105832405,2.1636846,5.317429
3455,2026-05-11 16:15:08.422262,0.13689823,-0.5952786,-0.27800402,-0.105832405,2.1636846,5.317429
3456,2026-05-11 16:15:08.424903,0.13689823,-0.5952786,-0.27800402,-0.105832405,2.1636846,5.317429
3457,2026-05-11 16:15:08.427698,0.13689823,-0.5952786,-0.27800402,-0.105832405,2.1636846,5.317429
3458,2026-05-11 16:15:08.430326,0.13689823,-0.5952786,-0.27800402,-0.105832405,2.1636846,5.317429
3459,2026-05-11 16:15:08.433585,0.13689823,-0.5952786,-0.27800402,-0.105832405,2.1636846,5.317429
3460,2026-05-11 16:15:08.436471,0.5491174,-0.579607,-0.22812307,-0.105832405,2.1636846,5.317429
3461,2026-05-11 16:15:08.439237,0.5491174,-0.579607,-0.22812307,-0.3915646,1.9173533,5.9910607
3462,2026-05-11 16:15:08.441884,0.5491174,-0.579607,-0.22812307,-0.3915646,1.9173533,5.9910607
3463,2026-05-11 16:15:08.444572,0.94426244,-0.4914921,-0.20391434,-0.5166393,1.7066047,6.2163177
3464,2026-05-11 16:15:08.447322,0.94426244,-0.4914921,-0.20391434,-0.5166393,1.7066047,6.2163177
3465,2026-05-11 16:15:08.450574,0.94426244,-0.4914921,-0.20391434,-0.5166393,1.7066047,6.2163177
3466,2026-05-11 16:15:08.453333,0.94426244,-0.4914921,-0.20391434,-0.5166393,1.7066047,6.2163177
3467,2026-05-11 16:15:08.456063,0.94426244,-0.4914921,-0.20391434,-0.5166393,1.7066047,6.2163177
3468,2026-05-11 16:15:08.458670,0.94426244,-0.4914921,-0.20391434,-0.5166393,1.7066047,6.2163177
3469,2026-05-11 16:15:08.461369,0.94426244,-0.4914921,-0.20391434,-0.5166393,1.7066047,6.2163177
3470,2026-05-11 16:15:08.463920,0.94426244,-0.4914921,-0.20391434,-0.5166393,1.7066047,6.2163177
3471,2026-05-11 16:15:08.467103,0.94426244,-0.4914921,-0.20391434,-0.5166393,1.7066047,6.2163177
3472,2026-05-11 16:15:08.469909,1.3678237,-0.34471524,-0.22958656,-0.5166393,1.7066047,6.2163177
3473,2026-05-11 16:15:08.472589,1.3678237,-0.34471524,-0.22958656,-0.5166393,1.7066047,6.2163177
3474,2026-05-11 16:15:08.475312,1.3678237,-0.34471524,-0.22958656,-0.5166393,1.7066047,6.2163177
3475,2026-05-11 16:15:08.477899,1.3678237,-0.34471524,-0.22958656,-0.5166393,1.7066047,6.2163177
3476,2026-05-11 16:15:08.480731,1.3678237,-0.34471524,-0.22958656,-0.59513545,1.4323263,5.94265
3477,2026-05-11 16:15:08.483841,1.3678237,-0.34471524,-0.22958656,-0.59513545,1.4323263,5.94265
3478,2026-05-11 16:15:08.486517,1.3678237,-0.34471524,-0.22958656,-0.59513545,1.4323263,5.94265
3479,2026-05-11 16:15:08.489286,1.5172837,-0.26275924,-0.3105669,-0.59513545,1.4323263,5.94265
3480,2026-05-11 16:15:08.491999,1.5172837,-0.26275924,-0.3105669,-0.66645396,1.3213016,5.453194
3481,2026-05-11 16:15:08.494746,1.5172837,-0.26275924,-0.3105669,-0.66645396,1.3213016,5.453194
3482,2026-05-11 16:15:08.497347,1.5172837,-0.26275924,-0.3105669,-0.66645396,1.3213016,5.453194
