id,timestamp,acc_x,acc_y,acc_z,gyro_x,gyro_y,gyro_z
1,2026-05-11 16:16:53.470921,0.31977475,-0.64851344,0.011281146,1.8666514,-0.57848936,-2.2134702
2,2026-05-11 16:16:53.480570,0.29587093,-0.7204079,-0.2008044,2.144137,-0.40653083,-2.2989914
3,2026-05-11 16:16:53.484014,0.29587093,-0.7204079,-0.2008044,2.144137,-0.40653083,-2.2989914
4,2026-05-11 16:16:53.487070,0.29587093,-0.7204079,-0.2008044,2.144137,-0.40653083,-2.2989914
5,2026-05-11 16:16:53.489795,0.29587093,-0.7204079,-0.2008044,2.144137,-0.40653083,-2.2989914
6,2026-05-11 16:16:53.492422,0.29587093,-0.7204079,-0.2008044,2.144137,-0.40653083,-2.2989914
7,2026-05-11 16:16:53.495069,0.29587093,-0.7204079,-0.2008044,2.144137,-0.40653083,-2.2989914
8,2026-05-11 16:16:53.497815,0.29587093,-0.7204079,-0.2008044,2.144137,-0.40653083,-2.2989914
9,2026-05-11 16:16:53.500749,0.29587093,-0.7204079,-0.2008044,2.144137,-0.40653083,-2.2989914
10,2026-05-11 16:16:53.503718,0.29587093,-0.7204079,-0.2008044,2.144137,-0.40653083,-2.2989914
11,2026-05-11 16:16:53.506355,0.29587093,-0.7204079,-0.2008044,2.144137,-0.40653083,-2.2989914
12,2026-05-11 16:16:53.508988,0.29587093,-0.7204079,-0.2008044,2.144137,-0.40653083,-2.2989914
13,2026-05-11 16:16:53.511796,0.29587093,-0.7204079,-0.2008044,2.144137,-0.40653083,-2.2989914
14,2026-05-11 16:16:53.514468,0.29587093,-0.7204079,-0.2008044,2.144137,-0.40653083,-2.2989914
15,2026-05-11 16:16:53.517776,0.29587093,-0.7204079,-0.2008044,2.144137,-0.40653083,-2.2989914
16,2026-05-11 16:16:53.520483,0.29587093,-0.7204079,-0.2008044,2.144137,-0.40653083,-2.2989914
17,2026-05-11 16:16:53.523139,0.29587093,-0.7204079,-0.2008044,2.144137,-0.40653083,-2.2989914
18,2026-05-11 16:16:53.525730,0.29587093,-0.7204079,-0.2008044,2.144137,-0.40653083,-2.2989914
19,2026-05-11 16:16:53.528483,0.29587093,-0.7204079,-0.2008044,2.144137,-0.40653083,-2.2989914
20,2026-05-11 16:16:53.531373,0.29587093,-0.7204079,-0.2008044,2.144137,-0.40653083,-2.2989914
21,2026-05-11 16:16:53.534479,0.29587093,-0.7204079,-0.2008044,2.144137,-0.40653083,-2.2989914
22,2026-05-11 16:16:53.537146,0.29587093,-0.7204079,-0.2008044,2.144137,-0.40653083,-2.2989914
23,2026-05-11 16:16:53.539876,0.29587093,-0.7204079,-0.2008044,2.144137,-0.40653083,-2.2989914
24,2026-05-11 16:16:53.542459,0.29587093,-0.7204079,-0.2008044,2.144137,-0.40653083,-2.2989914
25,2026-05-11 16:16:53.545288,0.29587093,-0.7204079,-0.2008044,2.144137,-0.40653083,-2.2989914
26,2026-05-11 16:16:53.548042,0.29587093,-0.7204079,-0.2008044,2.144137,-0.40653083,-2.2989914
27,2026-05-11 16:16:53.571386,-0.90554065,-1.929076,-0.9548118,1.6500998,-0.8561276,1.0939069
28,2026-05-11 16:16:53.574673,-0.90554065,-1.929076,-0.9548118,1.6500998,-0.8561276,1.0939069
29,2026-05-11 16:16:53.578111,-0.90554065,-1.929076,-0.9548118,1.6500998,-0.8561276,1.0939069
30,2026-05-11 16:16:53.581592,-0.933591,-2.0390823,-0.8689531,1.8145752,-0.82634795,1.5861117
31,2026-05-11 16:16:53.589247,-0.933591,-2.0390823,-0.8689531,2.087174,-0.8940013,2.1453588
32,2026-05-11 16:16:53.592336,-0.933591,-2.0390823,-0.8689531,2.087174,-0.8940013,2.1453588
33,2026-05-11 16:16:53.594958,-0.933591,-2.0390823,-0.8689531,2.087174,-0.8940013,2.1453588
34,2026-05-11 16:16:53.597762,-0.933591,-2.0390823,-0.8689531,2.087174,-0.8940013,2.1453588
35,2026-05-11 16:16:53.600785,-0.933591,-2.0390823,-0.8689531,2.087174,-0.8940013,2.1453588
36,2026-05-11 16:16:53.603595,-0.933591,-2.0390823,-0.8689531,2.087174,-0.8940013,2.1453588
37,2026-05-11 16:16:53.606178,-0.933591,-2.0390823,-0.8689531,2.087174,-0.8940013,2.1453588
38,2026-05-11 16:16:53.608963,-0.933591,-2.0390823,-0.8689531,2.087174,-0.8940013,2.1453588
39,2026-05-11 16:16:53.611571,-0.933591,-2.0390823,-0.8689531,2.087174,-0.8940013,2.1453588
40,2026-05-11 16:16:53.614140,-0.933591,-2.0390823,-0.8689531,2.087174,-0.8940013,2.1453588
41,2026-05-11 16:16:53.617314,-0.933591,-2.0390823,-0.8689531,2.087174,-0.8940013,2.1453588
42,2026-05-11 16:16:53.619996,-0.933591,-2.0390823,-0.8689531,2.087174,-0.8940013,2.1453588
43,2026-05-11 16:16:53.622594,-0.933591,-2.0390823,-0.8689531,2.087174,-0.8940013,2.1453588
44,2026-05-11 16:16:53.625350,-0.933591,-2.0390823,-0.8689531,2.087174,-0.8940013,2.1453588
45,2026-05-11 16:16:53.627940,-0.933591,-2.0390823,-0.8689531,2.087174,-0.8940013,2.1453588
46,2026-05-11 16:16:53.630760,-0.933591,-2.0390823,-0.8689531,2.087174,-0.8940013,2.1453588
47,2026-05-11 16:16:53.633785,-0.933591,-2.0390823,-0.8689531,2.087174,-0.8940013,2.1453588
48,2026-05-11 16:16:53.636560,-0.933591,-2.0390823,-0.8689531,2.087174,-0.8940013,2.1453588
49,2026-05-11 16:16:53.639124,-0.933591,-2.0390823,-0.8689531,2.087174,-0.8940013,2.1453588
50,2026-05-11 16:16:53.641716,-0.813584,-2.139881,-0.83029234,2.087174,-0.8940013,2.1453588
51,2026-05-11 16:16:53.644372,-0.813584,-2.139881,-0.83029234,2.087174,-0.8940013,2.1453588
52,2026-05-11 16:16:53.646927,-0.813584,-2.139881,-0.83029234,2.087174,-0.8940013,2.1453588
53,2026-05-11 16:16:53.649819,-0.813584,-2.139881,-0.83029234,2.087174,-0.8940013,2.1453588
54,2026-05-11 16:16:53.652975,-0.813584,-2.139881,-0.83029234,2.087174,-0.8940013,2.1453588
55,2026-05-11 16:16:53.655722,-0.813584,-2.139881,-0.83029234,2.087174,-0.8940013,2.1453588
56,2026-05-11 16:16:53.658345,-0.813584,-2.139881,-0.83029234,2.087174,-0.8940013,2.1453588
57,2026-05-11 16:16:53.661136,-0.813584,-2.139881,-0.83029234,2.087174,-0.8940013,2.1453588
58,2026-05-11 16:16:53.663720,-0.813584,-2.139881,-0.83029234,2.087174,-0.8940013,2.1453588
59,2026-05-11 16:16:53.666484,-0.813584,-2.139881,-0.83029234,2.087174,-0.8940013,2.1453588
60,2026-05-11 16:16:53.669658,-0.813584,-2.139881,-0.83029234,2.087174,-0.8940013,2.1453588
61,2026-05-11 16:16:53.672347,-0.813584,-2.139881,-0.83029234,2.087174,-0.8940013,2.1453588
62,2026-05-11 16:16:53.675142,-0.813584,-2.139881,-0.83029234,2.087174,-0.8940013,2.1453588
63,2026-05-11 16:16:53.677784,-0.813584,-2.139881,-0.83029234,2.087174,-0.8940013,2.1453588
64,2026-05-11 16:16:53.680561,-0.813584,-2.139881,-0.83029234,2.087174,-0.8940013,2.1453588
65,2026-05-11 16:16:53.683632,-0.813584,-2.139881,-0.83029234,2.087174,-0.8940013,2.1453588
66,2026-05-11 16:16:53.686482,-0.813584,-2.139881,-0.83029234,2.087174,-0.8940013,2.1453588
67,2026-05-11 16:16:53.689146,-0.813584,-2.139881,-0.83029234,2.087174,-0.8940013,2.1453588
68,2026-05-11 16:16:53.691749,-0.813584,-2.139881,-0.83029234,2.087174,-0.8940013,2.1453588
69,2026-05-11 16:16:53.694320,-0.813584,-2.139881,-0.83029234,2.087174,-0.8940013,2.1453588
70,2026-05-11 16:16:53.697072,-0.813584,-2.139881,-0.83029234,2.087174,-0.8940013,2.1453588
71,2026-05-11 16:16:53.700150,-0.813584,-2.139881,-0.83029234,2.087174,-0.8940013,2.1453588
72,2026-05-11 16:16:53.702969,-0.813584,-2.139881,-0.83029234,2.087174,-0.8940013,2.1453588
73,2026-05-11 16:16:53.705712,-0.813584,-2.139881,-0.83029234,2.087174,-0.8940013,2.1453588
74,2026-05-11 16:16:53.708272,-0.813584,-2.139881,-0.83029234,2.087174,-0.8940013,2.1453588
75,2026-05-11 16:16:53.710896,-0.813584,-2.139881,-0.83029234,2.087174,-0.8940013,2.1453588
76,2026-05-11 16:16:53.713430,-0.813584,-2.139881,-0.83029234,2.087174,-0.8940013,2.1453588
77,2026-05-11 16:16:53.716327,-0.813584,-2.139881,-0.83029234,2.087174,-0.8940013,2.1453588
78,2026-05-11 16:16:53.719076,-0.813584,-2.139881,-0.83029234,2.087174,-0.8940013,2.1453588
79,2026-05-11 16:16:53.721601,-0.813584,-2.139881,-0.83029234,2.087174,-0.8940013,2.1453588
80,2026-05-11 16:16:53.724273,-0.813584,-2.139881,-0.83029234,2.087174,-0.8940013,2.1453588
81,2026-05-11 16:16:53.726887,-0.813584,-2.139881,-0.83029234,2.087174,-0.8940013,2.1453588
82,2026-05-11 16:16:53.729638,-0.813584,-2.139881,-0.83029234,2.087174,-0.8940013,2.1453588
83,2026-05-11 16:16:53.732399,-0.813584,-2.139881,-0.83029234,2.087174,-0.8940013,2.1453588
84,2026-05-11 16:16:53.735956,-0.813584,-2.139881,-0.83029234,2.087174,-0.8940013,2.1453588
85,2026-05-11 16:16:53.738838,-0.6758321,-2.197994,-0.8737095,2.087174,-0.8940013,2.1453588
86,2026-05-11 16:16:53.741612,-0.6758321,-2.197994,-0.8737095,2.087174,-0.8940013,2.1453588
87,2026-05-11 16:16:53.744229,-0.6758321,-2.197994,-0.8737095,2.087174,-0.8940013,2.1453588
88,2026-05-11 16:16:53.746934,-0.6758321,-2.197994,-0.8737095,2.087174,-0.8940013,2.1453588
89,2026-05-11 16:16:53.749716,-0.6758321,-2.197994,-0.8737095,2.191479,-0.86742866,2.4923303
90,2026-05-11 16:16:53.753169,-0.6758321,-2.197994,-0.8737095,2.191479,-0.86742866,2.4923303
91,2026-05-11 16:16:53.756076,-0.6758321,-2.197994,-0.8737095,2.191479,-0.86742866,2.4923303
92,2026-05-11 16:16:53.758722,-0.6758321,-2.197994,-0.8737095,2.191479,-0.86742866,2.4923303
93,2026-05-11 16:16:53.761428,-0.6758321,-2.197994,-0.8737095,2.191479,-0.86742866,2.4923303
94,2026-05-11 16:16:53.764454,-0.6758321,-2.197994,-0.8737095,2.191479,-0.86742866,2.4923303
95,2026-05-11 16:16:53.768685,-0.6758321,-2.197994,-0.8737095,2.191479,-0.86742866,2.4923303
96,2026-05-11 16:16:53.771604,-0.6758321,-2.197994,-0.8737095,2.191479,-0.86742866,2.4923303
97,2026-05-11 16:16:53.774522,-0.6758321,-2.197994,-0.8737095,2.191479,-0.86742866,2.4923303
98,2026-05-11 16:16:53.777301,-0.6758321,-2.197994,-0.8737095,2.191479,-0.86742866,2.4923303
99,2026-05-11 16:16:53.779962,-0.6758321,-2.197994,-0.8737095,2.191479,-0.86742866,2.4923303
100,2026-05-11 16:16:53.783048,-0.6758321,-2.197994,-0.8737095,2.191479,-0.86742866,2.4923303
101,2026-05-11 16:16:53.785911,-0.6758321,-2.197994,-0.8737095,2.191479,-0.86742866,2.4923303
102,2026-05-11 16:16:53.788597,-0.6758321,-2.197994,-0.8737095,2.191479,-0.86742866,2.4923303
103,2026-05-11 16:16:53.791238,-0.6758321,-2.197994,-0.8737095,2.191479,-0.86742866,2.4923303
104,2026-05-11 16:16:53.793952,-0.6758321,-2.197994,-0.8737095,2.191479,-0.86742866,2.4923303
105,2026-05-11 16:16:53.796528,-0.6758321,-2.197994,-0.8737095,2.191479,-0.86742866,2.4923303
106,2026-05-11 16:16:53.799754,-0.6758321,-2.197994,-0.8737095,2.191479,-0.86742866,2.4923303
107,2026-05-11 16:16:53.802594,-0.6758321,-2.197994,-0.8737095,2.191479,-0.86742866,2.4923303
108,2026-05-11 16:16:53.805278,-0.6758321,-2.197994,-0.8737095,2.191479,-0.86742866,2.4923303
109,2026-05-11 16:16:53.808154,-0.6758321,-2.197994,-0.8737095,2.191479,-0.86742866,2.4923303
110,2026-05-11 16:16:53.811021,-0.6758321,-2.197994,-0.8737095,2.191479,-0.86742866,2.4923303
111,2026-05-11 16:16:53.813629,-0.6758321,-2.197994,-0.8737095,2.191479,-0.86742866,2.4923303
112,2026-05-11 16:16:53.816808,-0.6758321,-2.197994,-0.8737095,2.191479,-0.86742866,2.4923303
113,2026-05-11 16:16:53.819732,-0.6758321,-2.197994,-0.8737095,2.191479,-0.86742866,2.4923303
114,2026-05-11 16:16:53.822363,-0.6758321,-2.197994,-0.8737095,2.191479,-0.86742866,2.4923303
115,2026-05-11 16:16:53.824960,-0.6758321,-2.197994,-0.8737095,2.191479,-0.86742866,2.4923303
116,2026-05-11 16:16:53.827563,-0.6758321,-2.197994,-0.8737095,2.191479,-0.86742866,2.4923303
117,2026-05-11 16:16:53.830061,-0.6758321,-2.197994,-0.8737095,2.191479,-0.86742866,2.4923303
118,2026-05-11 16:16:53.833619,-0.6758321,-2.197994,-0.8737095,2.191479,-0.86742866,2.4923303
119,2026-05-11 16:16:53.836284,-0.6758321,-2.197994,-0.8737095,2.191479,-0.86742866,2.4923303
120,2026-05-11 16:16:53.838816,-0.6758321,-2.197994,-0.8737095,2.191479,-0.86742866,2.4923303
121,2026-05-11 16:16:53.841573,-0.6758321,-2.197994,-0.8737095,2.191479,-0.86742866,2.4923303
122,2026-05-11 16:16:53.844424,-0.6758321,-2.197994,-0.8737095,2.191479,-0.86742866,2.4923303
123,2026-05-11 16:16:53.847106,-0.6758321,-2.197994,-0.8737095,2.191479,-0.86742866,2.4923303
124,2026-05-11 16:16:53.850041,-0.6758321,-2.197994,-0.8737095,2.191479,-0.86742866,2.4923303
125,2026-05-11 16:16:53.852921,-0.6758321,-2.197994,-0.8737095,2.191479,-0.86742866,2.4923303
126,2026-05-11 16:16:53.855505,-0.6758321,-2.197994,-0.8737095,2.191479,-0.86742866,2.4923303
127,2026-05-11 16:16:53.858388,-0.6758321,-2.197994,-0.8737095,2.191479,-0.86742866,2.4923303
128,2026-05-11 16:16:53.861125,-0.6758321,-2.197994,-0.8737095,2.191479,-0.86742866,2.4923303
129,2026-05-11 16:16:53.863844,-0.6758321,-2.197994,-0.8737095,2.191479,-0.86742866,2.4923303
130,2026-05-11 16:16:53.866810,-0.6758321,-2.197994,-0.8737095,2.191479,-0.86742866,2.4923303
131,2026-05-11 16:16:53.869771,-0.6758321,-2.197994,-0.8737095,2.191479,-0.86742866,2.4923303
132,2026-05-11 16:16:53.872385,-0.6758321,-2.197994,-0.8737095,2.191479,-0.86742866,2.4923303
133,2026-05-11 16:16:53.875078,-0.6758321,-2.197994,-0.8737095,2.191479,-0.86742866,2.4923303
134,2026-05-11 16:16:53.877656,-0.6758321,-2.197994,-0.8737095,2.191479,-0.86742866,2.4923303
135,2026-05-11 16:16:53.880216,-0.6758321,-2.197994,-0.8737095,2.191479,-0.86742866,2.4923303
136,2026-05-11 16:16:53.883382,-0.6758321,-2.197994,-0.8737095,2.191479,-0.86742866,2.4923303
137,2026-05-11 16:16:53.886095,-0.6758321,-2.197994,-0.8737095,2.191479,-0.86742866,2.4923303
138,2026-05-11 16:16:53.888684,-0.6758321,-2.197994,-0.8737095,2.191479,-0.86742866,2.4923303
139,2026-05-11 16:16:53.891395,-0.6758321,-2.197994,-0.8737095,2.191479,-0.86742866,2.4923303
140,2026-05-11 16:16:53.893981,-0.6758321,-2.197994,-0.8737095,2.191479,-0.86742866,2.4923303
141,2026-05-11 16:16:53.896779,-0.6758321,-2.197994,-0.8737095,2.191479,-0.86742866,2.4923303
142,2026-05-11 16:16:53.899876,-0.6758321,-2.197994,-0.8737095,2.191479,-0.86742866,2.4923303
143,2026-05-11 16:16:53.902708,-0.6758321,-2.197994,-0.8737095,2.191479,-0.86742866,2.4923303
144,2026-05-11 16:16:53.905260,-0.6758321,-2.197994,-0.8737095,2.191479,-0.86742866,2.4923303
145,2026-05-11 16:16:53.907847,-0.6758321,-2.197994,-0.8737095,2.191479,-0.86742866,2.4923303
146,2026-05-11 16:16:53.910565,-0.6758321,-2.197994,-0.8737095,2.191479,-0.86742866,2.4923303
147,2026-05-11 16:16:53.913141,-0.6758321,-2.197994,-0.8737095,2.191479,-0.86742866,2.4923303
148,2026-05-11 16:16:53.916130,-0.6758321,-2.197994,-0.8737095,2.191479,-0.86742866,2.4923303
149,2026-05-11 16:16:53.918882,-0.6758321,-2.197994,-0.8737095,2.191479,-0.86742866,2.4923303
150,2026-05-11 16:16:53.921534,-0.6758321,-2.197994,-0.8737095,2.191479,-0.86742866,2.4923303
151,2026-05-11 16:16:53.924246,-0.6758321,-2.197994,-0.8737095,2.191479,-0.86742866,2.4923303
152,2026-05-11 16:16:53.926917,-0.6758321,-2.197994,-0.8737095,2.191479,-0.86742866,2.4923303
153,2026-05-11 16:16:53.929626,-0.6758321,-2.197994,-0.8737095,2.191479,-0.86742866,2.4923303
154,2026-05-11 16:16:53.932651,-0.6758321,-2.197994,-0.8737095,2.191479,-0.86742866,2.4923303
155,2026-05-11 16:16:53.935429,-0.6758321,-2.197994,-0.8737095,2.191479,-0.86742866,2.4923303
156,2026-05-11 16:16:53.938004,-0.6758321,-2.197994,-0.8737095,2.191479,-0.86742866,2.4923303
157,2026-05-11 16:16:53.940588,-0.6758321,-2.197994,-0.8737095,2.191479,-0.86742866,2.4923303
158,2026-05-11 16:16:53.943278,-0.6758321,-2.197994,-0.8737095,2.191479,-0.86742866,2.4923303
159,2026-05-11 16:16:53.946022,-0.50307816,-2.186591,-0.8710264,2.191479,-0.86742866,2.4923303
160,2026-05-11 16:16:53.948996,-0.50307816,-2.186591,-0.8710264,2.191479,-0.86742866,2.4923303
161,2026-05-11 16:16:53.951904,-0.50307816,-2.186591,-0.8710264,2.191479,-0.86742866,2.4923303
162,2026-05-11 16:16:53.954548,-0.50307816,-2.186591,-0.8710264,2.191479,-0.86742866,2.4923303
163,2026-05-11 16:16:53.957171,-0.50307816,-2.186591,-0.8710264,2.0216584,-0.63361996,2.8185322
164,2026-05-11 16:16:53.959844,-0.50307816,-2.186591,-0.8710264,2.0216584,-0.63361996,2.8185322
165,2026-05-11 16:16:53.962420,-0.50307816,-2.186591,-0.8710264,2.0216584,-0.63361996,2.8185322
166,2026-05-11 16:16:53.965219,-0.50307816,-2.186591,-0.8710264,2.0216584,-0.63361996,2.8185322
167,2026-05-11 16:16:53.968285,-0.50307816,-2.186591,-0.8710264,2.0216584,-0.63361996,2.8185322
168,2026-05-11 16:16:53.970921,-0.50307816,-2.186591,-0.8710264,2.0216584,-0.63361996,2.8185322
169,2026-05-11 16:16:53.973512,-0.50307816,-2.186591,-0.8710264,2.0216584,-0.63361996,2.8185322
170,2026-05-11 16:16:53.976057,-0.50307816,-2.186591,-0.8710264,2.0216584,-0.63361996,2.8185322
171,2026-05-11 16:16:53.978743,-0.50307816,-2.186591,-0.8710264,2.0216584,-0.63361996,2.8185322
172,2026-05-11 16:16:53.981477,-0.50307816,-2.186591,-0.8710264,2.0216584,-0.63361996,2.8185322
173,2026-05-11 16:16:53.984692,-0.50307816,-2.186591,-0.8710264,2.0216584,-0.63361996,2.8185322
174,2026-05-11 16:16:53.987382,-0.50307816,-2.186591,-0.8710264,2.0216584,-0.63361996,2.8185322
175,2026-05-11 16:16:53.990037,-0.50307816,-2.186591,-0.8710264,2.0216584,-0.63361996,2.8185322
176,2026-05-11 16:16:53.992623,-0.50307816,-2.186591,-0.8710264,2.0216584,-0.63361996,2.8185322
177,2026-05-11 16:16:53.995180,-0.50307816,-2.186591,-0.8710264,2.0216584,-0.63361996,2.8185322
178,2026-05-11 16:16:53.997908,-0.50307816,-2.186591,-0.8710264,2.0216584,-0.63361996,2.8185322
179,2026-05-11 16:16:54.000823,-0.50307816,-2.186591,-0.8710264,2.0216584,-0.63361996,2.8185322
180,2026-05-11 16:16:54.003481,-0.50307816,-2.186591,-0.8710264,2.0216584,-0.63361996,2.8185322
181,2026-05-11 16:16:54.006163,-0.50307816,-2.186591,-0.8710264,2.0216584,-0.63361996,2.8185322
182,2026-05-11 16:16:54.008745,-0.50307816,-2.186591,-0.8710264,2.0216584,-0.63361996,2.8185322
183,2026-05-11 16:16:54.011321,-0.50307816,-2.186591,-0.8710264,2.0216584,-0.63361996,2.8185322
184,2026-05-11 16:16:54.013876,-0.50307816,-2.186591,-0.8710264,2.0216584,-0.63361996,2.8185322
185,2026-05-11 16:16:54.016781,-0.50307816,-2.186591,-0.8710264,2.0216584,-0.63361996,2.8185322
186,2026-05-11 16:16:54.019483,-0.50307816,-2.186591,-0.8710264,2.0216584,-0.63361996,2.8185322
187,2026-05-11 16:16:54.022094,-0.50307816,-2.186591,-0.8710264,2.0216584,-0.63361996,2.8185322
188,2026-05-11 16:16:54.024647,-0.50307816,-2.186591,-0.8710264,2.0216584,-0.63361996,2.8185322
189,2026-05-11 16:16:54.027281,-0.50307816,-2.186591,-0.8710264,2.0216584,-0.63361996,2.8185322
190,2026-05-11 16:16:54.030073,-0.50307816,-2.186591,-0.8710264,2.0216584,-0.63361996,2.8185322
191,2026-05-11 16:16:54.033046,-0.50307816,-2.186591,-0.8710264,2.0216584,-0.63361996,2.8185322
192,2026-05-11 16:16:54.035764,-0.50307816,-2.186591,-0.8710264,2.0216584,-0.63361996,2.8185322
193,2026-05-11 16:16:54.038519,-0.50307816,-2.186591,-0.8710264,2.0216584,-0.63361996,2.8185322
194,2026-05-11 16:16:54.041128,-0.50307816,-2.186591,-0.8710264,2.0216584,-0.63361996,2.8185322
195,2026-05-11 16:16:54.043751,-0.50307816,-2.186591,-0.8710264,2.0216584,-0.63361996,2.8185322
196,2026-05-11 16:16:54.046312,-0.50307816,-2.186591,-0.8710264,2.0216584,-0.63361996,2.8185322
197,2026-05-11 16:16:54.049385,-0.50307816,-2.186591,-0.8710264,2.0216584,-0.63361996,2.8185322
198,2026-05-11 16:16:54.052110,-0.50307816,-2.186591,-0.8710264,2.0216584,-0.63361996,2.8185322
199,2026-05-11 16:16:54.054708,-0.50307816,-2.186591,-0.8710264,2.0216584,-0.63361996,2.8185322
200,2026-05-11 16:16:54.057384,-0.50307816,-2.186591,-0.8710264,2.0216584,-0.63361996,2.8185322
201,2026-05-11 16:16:54.059977,-0.50307816,-2.186591,-0.8710264,2.0216584,-0.63361996,2.8185322
202,2026-05-11 16:16:54.062649,-0.50307816,-2.186591,-0.8710264,2.0216584,-0.63361996,2.8185322
203,2026-05-11 16:16:54.065580,-0.50307816,-2.186591,-0.8710264,2.0216584,-0.63361996,2.8185322
204,2026-05-11 16:16:54.068570,-0.50307816,-2.186591,-0.8710264,2.0216584,-0.63361996,2.8185322
205,2026-05-11 16:16:54.071277,-0.50307816,-2.186591,-0.8710264,2.0216584,-0.63361996,2.8185322
206,2026-05-11 16:16:54.074019,-0.50307816,-2.186591,-0.8710264,2.0216584,-0.63361996,2.8185322
207,2026-05-11 16:16:54.076627,-0.50307816,-2.186591,-0.8710264,2.0216584,-0.63361996,2.8185322
208,2026-05-11 16:16:54.079388,-0.50307816,-2.186591,-0.8710264,2.0216584,-0.63361996,2.8185322
209,2026-05-11 16:16:54.082517,-0.50307816,-2.186591,-0.8710264,2.0216584,-0.63361996,2.8185322
210,2026-05-11 16:16:54.085336,-0.50307816,-2.186591,-0.8710264,2.0216584,-0.63361996,2.8185322
211,2026-05-11 16:16:54.087970,-0.50307816,-2.186591,-0.8710264,2.0216584,-0.63361996,2.8185322
212,2026-05-11 16:16:54.090728,-0.50307816,-2.186591,-0.8710264,2.0216584,-0.63361996,2.8185322
213,2026-05-11 16:16:54.093411,-0.50307816,-2.186591,-0.8710264,2.0216584,-0.63361996,2.8185322
214,2026-05-11 16:16:54.096276,-0.50307816,-2.186591,-0.8710264,2.0216584,-0.63361996,2.8185322
215,2026-05-11 16:16:54.099197,-0.50307816,-2.186591,-0.8710264,2.0216584,-0.63361996,2.8185322
216,2026-05-11 16:16:54.102038,-0.50307816,-2.186591,-0.8710264,2.0216584,-0.63361996,2.8185322
217,2026-05-11 16:16:54.104762,-0.50307816,-2.186591,-0.8710264,2.0216584,-0.63361996,2.8185322
218,2026-05-11 16:16:54.107340,-0.50307816,-2.186591,-0.8710264,2.0216584,-0.63361996,2.8185322
219,2026-05-11 16:16:54.109964,-0.50307816,-2.186591,-0.8710264,2.0216584,-0.63361996,2.8185322
220,2026-05-11 16:16:54.112539,-0.50307816,-2.186591,-0.8710264,2.0216584,-0.63361996,2.8185322
221,2026-05-11 16:16:54.115470,-0.50307816,-2.186591,-0.8710264,2.0216584,-0.63361996,2.8185322
222,2026-05-11 16:16:54.118557,-0.46508813,-2.1612236,-0.8615746,1.7983873,-0.4390594,2.9405525
223,2026-05-11 16:16:54.121154,-0.46508813,-2.1612236,-0.8615746,1.7983873,-0.4390594,2.9405525
224,2026-05-11 16:16:54.123720,-0.46508813,-2.1612236,-0.8615746,1.7983873,-0.4390594,2.9405525
225,2026-05-11 16:16:54.126328,-0.46508813,-2.1612236,-0.8615746,1.7983873,-0.4390594,2.9405525
226,2026-05-11 16:16:54.128909,-0.46508813,-2.1612236,-0.8615746,1.7983873,-0.4390594,2.9405525
227,2026-05-11 16:16:54.131679,-0.46508813,-2.1612236,-0.8615746,1.7983873,-0.4390594,2.9405525
228,2026-05-11 16:16:54.134688,-0.46508813,-2.1612236,-0.8615746,1.7983873,-0.4390594,2.9405525
229,2026-05-11 16:16:54.137605,-0.46508813,-2.1612236,-0.8615746,1.7983873,-0.4390594,2.9405525
230,2026-05-11 16:16:54.140202,-0.46508813,-2.1612236,-0.8615746,1.7983873,-0.4390594,2.9405525
231,2026-05-11 16:16:54.142937,-0.46508813,-2.1612236,-0.8615746,1.7983873,-0.4390594,2.9405525
232,2026-05-11 16:16:54.145528,-0.46508813,-2.1612236,-0.8615746,1.7983873,-0.4390594,2.9405525
233,2026-05-11 16:16:54.148287,-0.46508813,-2.1612236,-0.8615746,1.7983873,-0.4390594,2.9405525
234,2026-05-11 16:16:54.151236,-0.46508813,-2.1612236,-0.8615746,1.7983873,-0.4390594,2.9405525
235,2026-05-11 16:16:54.153840,-0.46508813,-2.1612236,-0.8615746,1.7983873,-0.4390594,2.9405525
236,2026-05-11 16:16:54.156550,-0.46508813,-2.1612236,-0.8615746,1.7983873,-0.4390594,2.9405525
237,2026-05-11 16:16:54.159166,-0.46508813,-2.1612236,-0.8615746,1.7983873,-0.4390594,2.9405525
238,2026-05-11 16:16:54.162070,-0.46508813,-2.1612236,-0.8615746,1.7983873,-0.4390594,2.9405525
239,2026-05-11 16:16:54.164746,-0.46508813,-2.1612236,-0.8615746,1.7983873,-0.4390594,2.9405525
240,2026-05-11 16:16:54.167793,-0.46508813,-2.1612236,-0.8615746,1.7983873,-0.4390594,2.9405525
241,2026-05-11 16:16:54.171014,-0.46508813,-2.1612236,-0.8615746,1.7983873,-0.4390594,2.9405525
242,2026-05-11 16:16:54.173608,-0.46508813,-2.1612236,-0.8615746,1.7983873,-0.4390594,2.9405525
243,2026-05-11 16:16:54.176162,-0.46508813,-2.1612236,-0.8615746,1.7983873,-0.4390594,2.9405525
244,2026-05-11 16:16:54.178718,-0.46508813,-2.1612236,-0.8615746,1.7983873,-0.4390594,2.9405525
245,2026-05-11 16:16:54.181314,-0.46508813,-2.1612236,-0.8615746,1.7983873,-0.4390594,2.9405525
246,2026-05-11 16:16:54.184221,-0.46508813,-2.1612236,-0.8615746,1.7983873,-0.4390594,2.9405525
247,2026-05-11 16:16:54.187611,-0.46508813,-2.1612236,-0.8615746,1.7983873,-0.4390594,2.9405525
248,2026-05-11 16:16:54.190294,-0.46508813,-2.1612236,-0.8615746,1.7983873,-0.4390594,2.9405525
249,2026-05-11 16:16:54.193029,-0.46508813,-2.1612236,-0.8615746,1.7983873,-0.4390594,2.9405525
250,2026-05-11 16:16:54.195587,-0.46508813,-2.1612236,-0.8615746,1.7983873,-0.4390594,2.9405525
251,2026-05-11 16:16:54.198577,-0.34373957,-2.0950613,-0.8122425,1.7983873,-0.4390594,2.9405525
252,2026-05-11 16:16:54.201608,-0.34373957,-2.0950613,-0.8122425,1.7983873,-0.4390594,2.9405525
253,2026-05-11 16:16:54.204219,-0.34373957,-2.0950613,-0.8122425,1.7983873,-0.4390594,2.9405525
254,2026-05-11 16:16:54.206792,-0.34373957,-2.0950613,-0.8122425,1.7983873,-0.4390594,2.9405525
255,2026-05-11 16:16:54.209678,-0.34373957,-2.0950613,-0.8122425,1.7983873,-0.4390594,2.9405525
256,2026-05-11 16:16:54.212313,-0.34373957,-2.0950613,-0.8122425,1.7983873,-0.4390594,2.9405525
257,2026-05-11 16:16:54.215359,-0.34373957,-2.0950613,-0.8122425,0.946383,0.1947133,3.2123876
258,2026-05-11 16:16:54.218375,-0.34373957,-2.0950613,-0.8122425,0.946383,0.1947133,3.2123876
259,2026-05-11 16:16:54.220978,-0.34373957,-2.0950613,-0.8122425,0.946383,0.1947133,3.2123876
260,2026-05-11 16:16:54.223547,-0.34373957,-2.0950613,-0.8122425,0.946383,0.1947133,3.2123876
261,2026-05-11 16:16:54.226158,-0.34373957,-2.0950613,-0.8122425,0.946383,0.1947133,3.2123876
262,2026-05-11 16:16:54.228725,-0.34373957,-2.0950613,-0.8122425,0.946383,0.1947133,3.2123876
263,2026-05-11 16:16:54.231321,-0.34373957,-2.0950613,-0.8122425,0.946383,0.1947133,3.2123876
264,2026-05-11 16:16:54.234626,-0.34373957,-2.0950613,-0.8122425,0.946383,0.1947133,3.2123876
265,2026-05-11 16:16:54.237272,-0.34373957,-2.0950613,-0.8122425,0.946383,0.1947133,3.2123876
266,2026-05-11 16:16:54.239882,-0.34373957,-2.0950613,-0.8122425,0.946383,0.1947133,3.2123876
267,2026-05-11 16:16:54.242464,-0.34373957,-2.0950613,-0.8122425,0.946383,0.1947133,3.2123876
268,2026-05-11 16:16:54.245294,-0.34373957,-2.0950613,-0.8122425,0.946383,0.1947133,3.2123876
269,2026-05-11 16:16:54.248081,-0.34373957,-2.0950613,-0.8122425,0.946383,0.1947133,3.2123876
270,2026-05-11 16:16:54.251303,-0.34373957,-2.0950613,-0.8122425,0.946383,0.1947133,3.2123876
271,2026-05-11 16:16:54.253937,-0.34373957,-2.0950613,-0.8122425,0.946383,0.1947133,3.2123876
272,2026-05-11 16:16:54.256603,-0.34373957,-2.0950613,-0.8122425,0.946383,0.1947133,3.2123876
273,2026-05-11 16:16:54.259234,-0.34373957,-2.0950613,-0.8122425,0.946383,0.1947133,3.2123876
274,2026-05-11 16:16:54.261808,-0.34373957,-2.0950613,-0.8122425,0.946383,0.1947133,3.2123876
275,2026-05-11 16:16:54.264349,-0.34373957,-2.0950613,-0.8122425,0.946383,0.1947133,3.2123876
276,2026-05-11 16:16:54.267701,-0.34373957,-2.0950613,-0.8122425,0.946383,0.1947133,3.2123876
277,2026-05-11 16:16:54.270453,-0.34373957,-2.0950613,-0.8122425,0.946383,0.1947133,3.2123876
278,2026-05-11 16:16:54.273172,-0.34373957,-2.0950613,-0.8122425,0.946383,0.1947133,3.2123876
279,2026-05-11 16:16:54.275872,-0.34373957,-2.0950613,-0.8122425,0.946383,0.1947133,3.2123876
280,2026-05-11 16:16:54.278466,-0.34373957,-2.0950613,-0.8122425,0.946383,0.1947133,3.2123876
281,2026-05-11 16:16:54.281353,-0.34373957,-2.0950613,-0.8122425,0.946383,0.1947133,3.2123876
282,2026-05-11 16:16:54.284431,-0.34373957,-2.0950613,-0.8122425,0.946383,0.1947133,3.2123876
283,2026-05-11 16:16:54.287520,-0.34373957,-2.0950613,-0.8122425,0.946383,0.1947133,3.2123876
284,2026-05-11 16:16:54.290216,-0.34373957,-2.0950613,-0.8122425,0.946383,0.1947133,3.2123876
285,2026-05-11 16:16:54.292909,-0.34373957,-2.0950613,-0.8122425,0.946383,0.1947133,3.2123876
286,2026-05-11 16:16:54.295481,-0.34373957,-2.0950613,-0.8122425,0.946383,0.1947133,3.2123876
287,2026-05-11 16:16:54.298297,-0.34373957,-2.0950613,-0.8122425,0.946383,0.1947133,3.2123876
288,2026-05-11 16:16:54.301687,-0.34373957,-2.0950613,-0.8122425,0.946383,0.1947133,3.2123876
289,2026-05-11 16:16:54.304507,-0.34373957,-2.0950613,-0.8122425,0.946383,0.1947133,3.2123876
290,2026-05-11 16:16:54.307310,-0.34373957,-2.0950613,-0.8122425,0.946383,0.1947133,3.2123876
291,2026-05-11 16:16:54.310045,-0.34373957,-2.0950613,-0.8122425,0.946383,0.1947133,3.2123876
292,2026-05-11 16:16:54.312776,-0.3187381,-2.0358505,-0.661563,0.946383,0.1947133,3.2123876
293,2026-05-11 16:16:54.315531,-0.3187381,-2.0358505,-0.661563,0.946383,0.1947133,3.2123876
294,2026-05-11 16:16:54.318863,-0.3187381,-2.0358505,-0.661563,0.946383,0.1947133,3.2123876
295,2026-05-11 16:16:54.321566,-0.3187381,-2.0358505,-0.661563,0.946383,0.1947133,3.2123876
296,2026-05-11 16:16:54.324335,-0.3187381,-2.0358505,-0.661563,0.946383,0.1947133,3.2123876
297,2026-05-11 16:16:54.327043,-0.3187381,-2.0358505,-0.661563,0.946383,0.1947133,3.2123876
298,2026-05-11 16:16:54.329613,-0.3187381,-2.0358505,-0.661563,0.946383,0.1947133,3.2123876
299,2026-05-11 16:16:54.332481,-0.3187381,-2.0358505,-0.661563,0.946383,0.1947133,3.2123876
300,2026-05-11 16:16:54.335821,-0.3187381,-2.0358505,-0.661563,0.946383,0.1947133,3.2123876
301,2026-05-11 16:16:54.338635,-0.3187381,-2.0358505,-0.661563,0.946383,0.1947133,3.2123876
302,2026-05-11 16:16:54.341252,-0.3187381,-2.0358505,-0.661563,0.946383,0.1947133,3.2123876
303,2026-05-11 16:16:54.344050,-0.3187381,-2.0358505,-0.661563,0.29886582,0.473726,3.370449
304,2026-05-11 16:16:54.346730,-0.3187381,-2.0358505,-0.661563,0.29886582,0.473726,3.370449
305,2026-05-11 16:16:54.350318,-0.3187381,-2.0358505,-0.661563,0.29886582,0.473726,3.370449
306,2026-05-11 16:16:54.353255,-0.3187381,-2.0358505,-0.661563,0.29886582,0.473726,3.370449
307,2026-05-11 16:16:54.355886,-0.3187381,-2.0358505,-0.661563,0.29886582,0.473726,3.370449
308,2026-05-11 16:16:54.358475,-0.3187381,-2.0358505,-0.661563,0.29886582,0.473726,3.370449
309,2026-05-11 16:16:54.361040,-0.3187381,-2.0358505,-0.661563,0.29886582,0.473726,3.370449
310,2026-05-11 16:16:54.363634,-0.3187381,-2.0358505,-0.661563,0.29886582,0.473726,3.370449
311,2026-05-11 16:16:54.366713,-0.3187381,-2.0358505,-0.661563,0.29886582,0.473726,3.370449
312,2026-05-11 16:16:54.369448,-0.3187381,-2.0358505,-0.661563,0.29886582,0.473726,3.370449
313,2026-05-11 16:16:54.372065,-0.3187381,-2.0358505,-0.661563,0.29886582,0.473726,3.370449
314,2026-05-11 16:16:54.374680,-0.3187381,-2.0358505,-0.661563,0.29886582,0.473726,3.370449
315,2026-05-11 16:16:54.377348,-0.3187381,-2.0358505,-0.661563,0.29886582,0.473726,3.370449
316,2026-05-11 16:16:54.379900,-0.3187381,-2.0358505,-0.661563,0.29886582,0.473726,3.370449
317,2026-05-11 16:16:54.383039,-0.3187381,-2.0358505,-0.661563,0.29886582,0.473726,3.370449
318,2026-05-11 16:16:54.385756,-0.3187381,-2.0358505,-0.661563,0.29886582,0.473726,3.370449
319,2026-05-11 16:16:54.388320,-0.3187381,-2.0358505,-0.661563,0.29886582,0.473726,3.370449
320,2026-05-11 16:16:54.391160,-0.3187381,-2.0358505,-0.661563,0.29886582,0.473726,3.370449
321,2026-05-11 16:16:54.393781,-0.3187381,-2.0358505,-0.661563,0.29886582,0.473726,3.370449
322,2026-05-11 16:16:54.396385,-0.3187381,-2.0358505,-0.661563,0.29886582,0.473726,3.370449
323,2026-05-11 16:16:54.399390,-0.3187381,-2.0358505,-0.661563,0.29886582,0.473726,3.370449
324,2026-05-11 16:16:54.402092,-0.3187381,-2.0358505,-0.661563,0.29886582,0.473726,3.370449
325,2026-05-11 16:16:54.404693,-0.3187381,-2.0358505,-0.661563,0.29886582,0.473726,3.370449
326,2026-05-11 16:16:54.407447,-0.3187381,-2.0358505,-0.661563,0.29886582,0.473726,3.370449
327,2026-05-11 16:16:54.410228,-0.3187381,-2.0358505,-0.661563,0.29886582,0.473726,3.370449
328,2026-05-11 16:16:54.412975,-0.3187381,-2.0358505,-0.661563,0.29886582,0.473726,3.370449
329,2026-05-11 16:16:54.416086,-0.3187381,-2.0358505,-0.661563,0.29886582,0.473726,3.370449
330,2026-05-11 16:16:54.418783,-0.3187381,-2.0358505,-0.661563,0.29886582,0.473726,3.370449
331,2026-05-11 16:16:54.421355,-0.3187381,-2.0358505,-0.661563,0.29886582,0.473726,3.370449
332,2026-05-11 16:16:54.424118,-0.3187381,-2.0358505,-0.661563,0.29886582,0.473726,3.370449
333,2026-05-11 16:16:54.426756,-0.3187381,-2.0358505,-0.661563,0.29886582,0.473726,3.370449
334,2026-05-11 16:16:54.429322,-0.3187381,-2.0358505,-0.661563,0.29886582,0.473726,3.370449
335,2026-05-11 16:16:54.432330,-0.3187381,-2.0358505,-0.661563,0.29886582,0.473726,3.370449
336,2026-05-11 16:16:54.435031,-0.3187381,-2.0358505,-0.661563,0.29886582,0.473726,3.370449
337,2026-05-11 16:16:54.437606,-0.3187381,-2.0358505,-0.661563,0.29886582,0.473726,3.370449
338,2026-05-11 16:16:54.440281,-0.3187381,-2.0358505,-0.661563,0.29886582,0.473726,3.370449
339,2026-05-11 16:16:54.442843,-0.3187381,-2.0358505,-0.661563,0.29886582,0.473726,3.370449
340,2026-05-11 16:16:54.445379,-0.3187381,-2.0358505,-0.661563,0.29886582,0.473726,3.370449
341,2026-05-11 16:16:54.448009,-0.3187381,-2.0358505,-0.661563,0.29886582,0.473726,3.370449
342,2026-05-11 16:16:54.451040,-0.3187381,-2.0358505,-0.661563,0.29886582,0.473726,3.370449
343,2026-05-11 16:16:54.453761,-0.3187381,-2.0358505,-0.661563,0.29886582,0.473726,3.370449
344,2026-05-11 16:16:54.456390,-0.3187381,-2.0358505,-0.661563,0.29886582,0.473726,3.370449
345,2026-05-11 16:16:54.458946,-0.3187381,-2.0358505,-0.661563,0.29886582,0.473726,3.370449
346,2026-05-11 16:16:54.461491,-0.3187381,-2.0358505,-0.661563,0.29886582,0.473726,3.370449
347,2026-05-11 16:16:54.464017,-0.3187381,-2.0358505,-0.661563,0.29886582,0.473726,3.370449
348,2026-05-11 16:16:54.467291,-0.3187381,-2.0358505,-0.661563,0.29886582,0.473726,3.370449
349,2026-05-11 16:16:54.470003,-0.3187381,-2.0358505,-0.661563,0.29886582,0.473726,3.370449
350,2026-05-11 16:16:54.472595,-0.3187381,-2.0358505,-0.661563,0.29886582,0.473726,3.370449
351,2026-05-11 16:16:54.475276,-0.3187381,-2.0358505,-0.661563,0.29886582,0.473726,3.370449
352,2026-05-11 16:16:54.477838,-0.3187381,-2.0358505,-0.661563,0.29886582,0.473726,3.370449
353,2026-05-11 16:16:54.480534,-0.3187381,-2.0358505,-0.661563,0.29886582,0.473726,3.370449
354,2026-05-11 16:16:54.483316,-0.3187381,-2.0358505,-0.661563,0.29886582,0.473726,3.370449
355,2026-05-11 16:16:54.486670,-0.3187381,-2.0358505,-0.661563,0.29886582,0.473726,3.370449
356,2026-05-11 16:16:54.489422,-0.3187381,-2.0358505,-0.661563,0.29886582,0.473726,3.370449
357,2026-05-11 16:16:54.492039,-0.3187381,-2.0358505,-0.661563,0.29886582,0.473726,3.370449
358,2026-05-11 16:16:54.494649,-0.3187381,-2.0358505,-0.661563,0.29886582,0.473726,3.370449
359,2026-05-11 16:16:54.497311,-0.3187381,-2.0358505,-0.661563,0.29886582,0.473726,3.370449
360,2026-05-11 16:16:54.500432,-0.3187381,-2.0358505,-0.661563,0.29886582,0.473726,3.370449
361,2026-05-11 16:16:54.503300,-0.3187381,-2.0358505,-0.661563,0.29886582,0.473726,3.370449
362,2026-05-11 16:16:54.505893,-0.3187381,-2.0358505,-0.661563,0.29886582,0.473726,3.370449
363,2026-05-11 16:16:54.508625,-0.3187381,-2.0358505,-0.661563,-0.3791946,0.5757405,3.734372
364,2026-05-11 16:16:54.511278,-0.3187381,-2.0358505,-0.661563,-0.3791946,0.5757405,3.734372
365,2026-05-11 16:16:54.513991,-0.3187381,-2.0358505,-0.661563,-0.3791946,0.5757405,3.734372
366,2026-05-11 16:16:54.516931,-0.3187381,-2.0358505,-0.661563,-0.3791946,0.5757405,3.734372
367,2026-05-11 16:16:54.520404,-0.3187381,-2.0358505,-0.661563,-0.3791946,0.5757405,3.734372
368,2026-05-11 16:16:54.523133,-0.3187381,-2.0358505,-0.661563,-0.3791946,0.5757405,3.734372
369,2026-05-11 16:16:54.525835,-0.3187381,-2.0358505,-0.661563,-0.3791946,0.5757405,3.734372
370,2026-05-11 16:16:54.528407,-0.3187381,-2.0358505,-0.661563,-0.3791946,0.5757405,3.734372
371,2026-05-11 16:16:54.531051,-0.35172784,-1.8820001,-0.12378771,-0.3791946,0.5757405,3.734372
372,2026-05-11 16:16:54.533979,-0.35172784,-1.8820001,-0.12378771,-0.7817548,0.9166033,4.1292963
373,2026-05-11 16:16:54.537266,-0.35172784,-1.8820001,-0.12378771,-0.7817548,0.9166033,4.1292963
374,2026-05-11 16:16:54.540024,-0.35172784,-1.8820001,-0.12378771,-0.7817548,0.9166033,4.1292963
375,2026-05-11 16:16:54.542678,-0.35172784,-1.8820001,-0.12378771,-0.7817548,0.9166033,4.1292963
376,2026-05-11 16:16:54.545416,-0.35172784,-1.8820001,-0.12378771,-0.7817548,0.9166033,4.1292963
377,2026-05-11 16:16:54.548168,-0.35172784,-1.8820001,-0.12378771,-0.7817548,0.9166033,4.1292963
378,2026-05-11 16:16:54.551331,-0.35172784,-1.8820001,-0.12378771,-0.7817548,0.9166033,4.1292963
379,2026-05-11 16:16:54.554613,-0.35172784,-1.8820001,-0.12378771,-0.7817548,0.9166033,4.1292963
380,2026-05-11 16:16:54.557322,-0.35172784,-1.8820001,-0.12378771,-0.7817548,0.9166033,4.1292963
381,2026-05-11 16:16:54.560029,-0.35172784,-1.8820001,-0.12378771,-0.7817548,0.9166033,4.1292963
382,2026-05-11 16:16:54.562743,-0.35172784,-1.8820001,-0.12378771,-0.7817548,0.9166033,4.1292963
383,2026-05-11 16:16:54.565811,-0.35172784,-1.8820001,-0.12378771,-0.7817548,0.9166033,4.1292963
384,2026-05-11 16:16:54.568798,-0.29672462,-1.826692,0.3591063,-0.7817548,0.9166033,4.1292963
385,2026-05-11 16:16:54.571377,-0.29672462,-1.826692,0.3591063,-0.7817548,0.9166033,4.1292963
386,2026-05-11 16:16:54.574201,-0.29672462,-1.826692,0.3591063,-0.7817548,0.9166033,4.1292963
387,2026-05-11 16:16:54.576822,-0.29672462,-1.826692,0.3591063,-0.7817548,0.9166033,4.1292963
388,2026-05-11 16:16:54.579375,-0.29672462,-1.826692,0.3591063,-0.7817548,0.9166033,4.1292963
389,2026-05-11 16:16:54.582390,-0.29672462,-1.826692,0.3591063,-0.7817548,0.9166033,4.1292963
390,2026-05-11 16:16:54.585220,-0.29672462,-1.826692,0.3591063,-0.7817548,0.9166033,4.1292963
391,2026-05-11 16:16:54.587790,-0.29672462,-1.826692,0.3591063,-0.7817548,0.9166033,4.1292963
392,2026-05-11 16:16:54.590466,-0.29672462,-1.826692,0.3591063,-0.7817548,0.9166033,4.1292963
393,2026-05-11 16:16:54.593054,-0.29672462,-1.826692,0.3591063,-0.7817548,0.9166033,4.1292963
394,2026-05-11 16:16:54.595699,-0.29672462,-1.826692,0.3591063,-0.7817548,0.9166033,4.1292963
395,2026-05-11 16:16:54.598518,-0.29672462,-1.826692,0.3591063,-0.7817548,0.9166033,4.1292963
396,2026-05-11 16:16:54.601560,-0.29672462,-1.826692,0.3591063,-0.7817548,0.9166033,4.1292963
397,2026-05-11 16:16:54.604163,-0.29672462,-1.826692,0.3591063,-0.7817548,0.9166033,4.1292963
398,2026-05-11 16:16:54.606768,-0.29672462,-1.826692,0.3591063,-0.7817548,0.9166033,4.1292963
399,2026-05-11 16:16:54.609436,-0.29672462,-1.826692,0.3591063,-0.7817548,0.9166033,4.1292963
400,2026-05-11 16:16:54.611993,-0.29672462,-1.826692,0.3591063,-0.7817548,0.9166033,4.1292963
401,2026-05-11 16:16:54.614672,-0.29672462,-1.826692,0.3591063,-0.7817548,0.9166033,4.1292963
402,2026-05-11 16:16:54.617609,-0.29672462,-1.826692,0.3591063,-0.7817548,0.9166033,4.1292963
403,2026-05-11 16:16:54.620425,-0.29672462,-1.826692,0.3591063,-0.7817548,0.9166033,4.1292963
404,2026-05-11 16:16:54.623194,-0.29672462,-1.826692,0.3591063,-0.7817548,0.9166033,4.1292963
405,2026-05-11 16:16:54.625849,-0.29672462,-1.826692,0.3591063,-0.7817548,0.9166033,4.1292963
406,2026-05-11 16:16:54.628548,-0.29672462,-1.826692,0.3591063,-0.7817548,0.9166033,4.1292963
407,2026-05-11 16:16:54.631349,-0.29672462,-1.826692,0.3591063,-0.7817548,0.9166033,4.1292963
408,2026-05-11 16:16:54.634375,-0.29672462,-1.826692,0.3591063,-0.7817548,0.9166033,4.1292963
409,2026-05-11 16:16:54.637027,-0.29672462,-1.826692,0.3591063,-0.7817548,0.9166033,4.1292963
410,2026-05-11 16:16:54.639764,-0.29672462,-1.826692,0.3591063,-0.7817548,0.9166033,4.1292963
411,2026-05-11 16:16:54.642373,-0.29672462,-1.826692,0.3591063,-0.7817548,0.9166033,4.1292963
412,2026-05-11 16:16:54.645169,-0.29672462,-1.826692,0.3591063,-0.7817548,0.9166033,4.1292963
413,2026-05-11 16:16:54.647776,-0.29672462,-1.826692,0.3591063,-0.7817548,0.9166033,4.1292963
414,2026-05-11 16:16:54.650806,-0.29672462,-1.826692,0.3591063,-0.7817548,0.9166033,4.1292963
415,2026-05-11 16:16:54.653512,-0.29672462,-1.826692,0.3591063,-0.7817548,0.9166033,4.1292963
416,2026-05-11 16:16:54.656062,-0.29672462,-1.826692,0.3591063,-0.7817548,0.9166033,4.1292963
417,2026-05-11 16:16:54.658630,-0.29672462,-1.826692,0.3591063,-0.7817548,0.9166033,4.1292963
418,2026-05-11 16:16:54.661360,-0.29672462,-1.826692,0.3591063,-0.7817548,0.9166033,4.1292963
419,2026-05-11 16:16:54.663918,-0.29672462,-1.826692,0.3591063,-0.7817548,0.9166033,4.1292963
420,2026-05-11 16:16:54.666941,-0.29672462,-1.826692,0.3591063,-0.7817548,0.9166033,4.1292963
421,2026-05-11 16:16:54.669606,-0.29672462,-1.826692,0.3591063,-0.7817548,0.9166033,4.1292963
422,2026-05-11 16:16:54.672194,-0.29672462,-1.826692,0.3591063,-0.7817548,0.9166033,4.1292963
423,2026-05-11 16:16:54.674926,-0.29672462,-1.826692,0.3591063,-0.7817548,0.9166033,4.1292963
424,2026-05-11 16:16:54.677492,-0.29672462,-1.826692,0.3591063,-0.7817548,0.9166033,4.1292963
425,2026-05-11 16:16:54.680056,-0.29672462,-1.826692,0.3591063,-0.7817548,0.9166033,4.1292963
426,2026-05-11 16:16:54.683070,-0.29672462,-1.826692,0.3591063,-0.7817548,0.9166033,4.1292963
427,2026-05-11 16:16:54.685805,-0.29672462,-1.826692,0.3591063,-0.7817548,0.9166033,4.1292963
428,2026-05-11 16:16:54.688503,-0.29672462,-1.826692,0.3591063,-0.7817548,0.9166033,4.1292963
429,2026-05-11 16:16:54.691136,-0.29672462,-1.826692,0.3591063,-0.7817548,0.9166033,4.1292963
430,2026-05-11 16:16:54.693682,-0.29672462,-1.826692,0.3591063,-0.7817548,0.9166033,4.1292963
431,2026-05-11 16:16:54.696247,-0.29672462,-1.826692,0.3591063,-0.7817548,0.9166033,4.1292963
432,2026-05-11 16:16:54.699331,-0.29672462,-1.826692,0.3591063,-0.7817548,0.9166033,4.1292963
433,2026-05-11 16:16:54.701992,-0.29672462,-1.826692,0.3591063,-0.7817548,0.9166033,4.1292963
434,2026-05-11 16:16:54.704539,-0.29672462,-1.826692,0.3591063,-0.7817548,0.9166033,4.1292963
435,2026-05-11 16:16:54.707131,-0.29672462,-1.826692,0.3591063,-0.7817548,0.9166033,4.1292963
436,2026-05-11 16:16:54.709665,-0.29672462,-1.826692,0.3591063,-0.7817548,0.9166033,4.1292963
437,2026-05-11 16:16:54.712394,-0.29672462,-1.826692,0.3591063,-0.7817548,0.9166033,4.1292963
438,2026-05-11 16:16:54.715178,-0.29672462,-1.826692,0.3591063,-0.7817548,0.9166033,4.1292963
439,2026-05-11 16:16:54.718309,-0.29672462,-1.826692,0.3591063,-0.7817548,0.9166033,4.1292963
440,2026-05-11 16:16:54.720919,-0.29672462,-1.826692,0.3591063,-0.7817548,0.9166033,4.1292963
441,2026-05-11 16:16:54.723623,-0.29672462,-1.826692,0.3591063,-0.7817548,0.9166033,4.1292963
442,2026-05-11 16:16:54.726199,-0.29672462,-1.826692,0.3591063,-0.7817548,0.9166033,4.1292963
443,2026-05-11 16:16:54.728999,-0.29672462,-1.826692,0.3591063,-0.7817548,0.9166033,4.1292963
444,2026-05-11 16:16:54.731927,-0.29568797,-1.8135815,0.5305188,-0.7817548,0.9166033,4.1292963
445,2026-05-11 16:16:54.734811,-0.29568797,-1.8135815,0.5305188,-0.7817548,0.9166033,4.1292963
446,2026-05-11 16:16:54.737471,-0.29568797,-1.8135815,0.5305188,-0.7817548,0.9166033,4.1292963
447,2026-05-11 16:16:54.740157,-0.29568797,-1.8135815,0.5305188,-0.7817548,0.9166033,4.1292963
448,2026-05-11 16:16:54.742758,-0.29568797,-1.8135815,0.5305188,-0.7817548,0.9166033,4.1292963
449,2026-05-11 16:16:54.745291,-0.29568797,-1.8135815,0.5305188,-0.7817548,0.9166033,4.1292963
450,2026-05-11 16:16:54.748037,-0.29568797,-1.8135815,0.5305188,-0.7817548,0.9166033,4.1292963
451,2026-05-11 16:16:54.751064,-0.29568797,-1.8135815,0.5305188,-0.7817548,0.9166033,4.1292963
452,2026-05-11 16:16:54.753774,-0.29568797,-1.8135815,0.5305188,-0.7817548,0.9166033,4.1292963
453,2026-05-11 16:16:54.756505,-0.29568797,-1.8135815,0.5305188,-0.7817548,0.9166033,4.1292963
454,2026-05-11 16:16:54.759128,-0.29568797,-1.8135815,0.5305188,-0.7817548,0.9166033,4.1292963
455,2026-05-11 16:16:54.761741,-0.29568797,-1.8135815,0.5305188,-0.7817548,0.9166033,4.1292963
456,2026-05-11 16:16:54.764275,-0.29568797,-1.8135815,0.5305188,-0.7817548,0.9166033,4.1292963
457,2026-05-11 16:16:54.767305,-0.29568797,-1.8135815,0.5305188,-0.7817548,0.9166033,4.1292963
458,2026-05-11 16:16:54.769948,-0.29568797,-1.8135815,0.5305188,-0.7817548,0.9166033,4.1292963
459,2026-05-11 16:16:54.772507,-0.29568797,-1.8135815,0.5305188,-0.7817548,0.9166033,4.1292963
460,2026-05-11 16:16:54.775245,-0.29568797,-1.8135815,0.5305188,-0.7817548,0.9166033,4.1292963
461,2026-05-11 16:16:54.777939,-0.29568797,-1.8135815,0.5305188,-0.7817548,0.9166033,4.1292963
462,2026-05-11 16:16:54.780566,-0.29568797,-1.8135815,0.5305188,-0.7817548,0.9166033,4.1292963
463,2026-05-11 16:16:54.783613,-0.29568797,-1.8135815,0.5305188,-0.7817548,0.9166033,4.1292963
464,2026-05-11 16:16:54.786339,-0.29568797,-1.8135815,0.5305188,-0.7817548,0.9166033,4.1292963
465,2026-05-11 16:16:54.788906,-0.29568797,-1.8135815,0.5305188,-0.7817548,0.9166033,4.1292963
466,2026-05-11 16:16:54.791626,-0.29568797,-1.8135815,0.5305188,-0.7817548,0.9166033,4.1292963
467,2026-05-11 16:16:54.794154,-0.29568797,-1.8135815,0.5305188,-0.7817548,0.9166033,4.1292963
468,2026-05-11 16:16:54.796701,-0.29568797,-1.8135815,0.5305188,-0.7817548,0.9166033,4.1292963
469,2026-05-11 16:16:54.799550,-0.29568797,-1.8135815,0.5305188,-0.7817548,0.9166033,4.1292963
470,2026-05-11 16:16:54.802397,-0.29568797,-1.8135815,0.5305188,-0.99372506,1.4307991,4.380362
471,2026-05-11 16:16:54.805170,-0.29568797,-1.8135815,0.5305188,-0.99372506,1.4307991,4.380362
472,2026-05-11 16:16:54.807763,-0.29568797,-1.8135815,0.5305188,-0.99372506,1.4307991,4.380362
473,2026-05-11 16:16:54.810609,-0.29568797,-1.8135815,0.5305188,-0.99372506,1.4307991,4.380362
474,2026-05-11 16:16:54.813310,-0.29568797,-1.8135815,0.5305188,-0.99372506,1.4307991,4.380362
475,2026-05-11 16:16:54.816431,-0.29568797,-1.8135815,0.5305188,-0.99372506,1.4307991,4.380362
476,2026-05-11 16:16:54.819254,-0.29568797,-1.8135815,0.5305188,-0.99372506,1.4307991,4.380362
477,2026-05-11 16:16:54.821996,-0.29568797,-1.8135815,0.5305188,-0.99372506,1.4307991,4.380362
478,2026-05-11 16:16:54.824588,-0.29568797,-1.8135815,0.5305188,-0.99372506,1.4307991,4.380362
479,2026-05-11 16:16:54.827327,-0.29568797,-1.8135815,0.5305188,-0.99372506,1.4307991,4.380362
480,2026-05-11 16:16:54.829949,-0.2968466,-1.6116184,0.5563739,-1.6557503,2.6175575,5.083468
481,2026-05-11 16:16:54.833135,-0.2968466,-1.6116184,0.5563739,-1.6557503,2.6175575,5.083468
482,2026-05-11 16:16:54.836032,-0.2968466,-1.6116184,0.5563739,-1.6557503,2.6175575,5.083468
483,2026-05-11 16:16:54.838830,-0.2968466,-1.6116184,0.5563739,-1.6557503,2.6175575,5.083468
484,2026-05-11 16:16:54.841437,-0.2968466,-1.6116184,0.5563739,-1.6557503,2.6175575,5.083468
485,2026-05-11 16:16:54.844278,-0.2968466,-1.6116184,0.5563739,-1.6557503,2.6175575,5.083468
486,2026-05-11 16:16:54.846900,-0.2968466,-1.6116184,0.5563739,-1.6557503,2.6175575,5.083468
487,2026-05-11 16:16:54.850108,-0.2968466,-1.6116184,0.5563739,-1.6557503,2.6175575,5.083468
488,2026-05-11 16:16:54.852831,-0.2968466,-1.6116184,0.5563739,-1.6557503,2.6175575,5.083468
489,2026-05-11 16:16:54.855398,-0.2968466,-1.6116184,0.5563739,-1.6557503,2.6175575,5.083468
490,2026-05-11 16:16:54.858145,-0.2968466,-1.6116184,0.5563739,-1.6557503,2.6175575,5.083468
491,2026-05-11 16:16:54.860705,-0.2968466,-1.6116184,0.5563739,-1.6557503,2.6175575,5.083468
492,2026-05-11 16:16:54.863556,-0.2968466,-1.6116184,0.5563739,-2.6621506,3.5167513,5.7160187
493,2026-05-11 16:16:54.866651,-0.2968466,-1.6116184,0.5563739,-2.6621506,3.5167513,5.7160187
494,2026-05-11 16:16:54.869439,-0.2968466,-1.6116184,0.5563739,-2.6621506,3.5167513,5.7160187
495,2026-05-11 16:16:54.872018,-0.2968466,-1.6116184,0.5563739,-2.6621506,3.5167513,5.7160187
496,2026-05-11 16:16:54.874835,-0.029026084,-1.3560548,0.52984804,-2.6621506,3.5167513,5.7160187
497,2026-05-11 16:16:54.877547,0.18153499,-1.1483598,0.60284007,-3.8496728,4.3333254,6.1075835
498,2026-05-11 16:16:54.880323,0.18153499,-1.1483598,0.60284007,-3.8496728,4.3333254,6.1075835
499,2026-05-11 16:16:54.883317,0.18153499,-1.1483598,0.60284007,-3.8496728,4.3333254,6.1075835
500,2026-05-11 16:16:54.886033,0.18153499,-1.1483598,0.60284007,-3.8496728,4.3333254,6.1075835
501,2026-05-11 16:16:54.888740,0.18153499,-1.1483598,0.60284007,-3.8496728,4.3333254,6.1075835
502,2026-05-11 16:16:54.891332,0.18153499,-1.1483598,0.60284007,-3.8496728,4.3333254,6.1075835
503,2026-05-11 16:16:54.893950,0.18153499,-1.1483598,0.60284007,-3.8496728,4.3333254,6.1075835
504,2026-05-11 16:16:54.896522,0.18153499,-1.1483598,0.60284007,-3.8496728,4.3333254,6.1075835
505,2026-05-11 16:16:54.899540,0.18153499,-1.1483598,0.60284007,-3.8496728,4.3333254,6.1075835
506,2026-05-11 16:16:54.902397,0.36898494,-0.84523225,0.70418745,-3.8496728,4.3333254,6.1075835
507,2026-05-11 16:16:54.905004,0.36898494,-0.84523225,0.70418745,-3.8496728,4.3333254,6.1075835
508,2026-05-11 16:16:54.907611,0.36898494,-0.84523225,0.70418745,-3.8496728,4.3333254,6.1075835
509,2026-05-11 16:16:54.910332,0.36898494,-0.84523225,0.70418745,-3.8496728,4.3333254,6.1075835
510,2026-05-11 16:16:54.913177,0.55253226,-0.6705269,0.8514522,-5.0651417,4.8734827,6.4024787
511,2026-05-11 16:16:54.916241,0.55253226,-0.6705269,0.8514522,-5.0651417,4.8734827,6.4024787
512,2026-05-11 16:16:54.919150,0.55253226,-0.6705269,0.8514522,-5.8314724,5.0251303,6.5154886
513,2026-05-11 16:16:54.921849,0.55253226,-0.6705269,0.8514522,-5.8314724,5.0251303,6.5154886
514,2026-05-11 16:16:54.924536,0.55253226,-0.6705269,0.8514522,-5.8314724,5.0251303,6.5154886
515,2026-05-11 16:16:54.927342,0.55253226,-0.6705269,0.8514522,-5.8314724,5.0251303,6.5154886
516,2026-05-11 16:16:54.929956,0.55253226,-0.6705269,0.8514522,-5.8314724,5.0251303,6.5154886
517,2026-05-11 16:16:54.933039,0.55253226,-0.6705269,0.8514522,-5.8314724,5.0251303,6.5154886
518,2026-05-11 16:16:54.935755,0.55253226,-0.6705269,0.8514522,-5.8314724,5.0251303,6.5154886
519,2026-05-11 16:16:54.938337,0.55253226,-0.6705269,0.8514522,-5.8314724,5.0251303,6.5154886
520,2026-05-11 16:16:54.941032,0.55253226,-0.6705269,0.8514522,-5.8314724,5.0251303,6.5154886
521,2026-05-11 16:16:54.943603,0.55253226,-0.6705269,0.8514522,-5.8314724,5.0251303,6.5154886
522,2026-05-11 16:16:54.946159,0.55253226,-0.6705269,0.8514522,-5.8314724,5.0251303,6.5154886
523,2026-05-11 16:16:54.949244,0.55253226,-0.6705269,0.8514522,-5.8314724,5.0251303,6.5154886
524,2026-05-11 16:16:54.952033,0.55253226,-0.6705269,0.8514522,-5.8314724,5.0251303,6.5154886
525,2026-05-11 16:16:54.954639,0.55253226,-0.6705269,0.8514522,-5.8314724,5.0251303,6.5154886
526,2026-05-11 16:16:54.957279,0.55253226,-0.6705269,0.8514522,-5.8314724,5.0251303,6.5154886
527,2026-05-11 16:16:54.959860,0.55253226,-0.6705269,0.8514522,-5.8314724,5.0251303,6.5154886
528,2026-05-11 16:16:54.962447,0.55253226,-0.6705269,0.8514522,-5.8314724,5.0251303,6.5154886
529,2026-05-11 16:16:54.965647,0.8495008,-0.5452757,1.3505666,-5.8314724,5.0251303,6.5154886
530,2026-05-11 16:16:54.968542,0.8495008,-0.5452757,1.3505666,-5.8314724,5.0251303,6.5154886
531,2026-05-11 16:16:54.971317,0.8495008,-0.5452757,1.3505666,-7.155981,5.020854,6.531677
532,2026-05-11 16:16:54.974055,0.8495008,-0.5452757,1.3505666,-7.155981,5.020854,6.531677
533,2026-05-11 16:16:54.976665,0.8495008,-0.5452757,1.3505666,-7.155981,5.020854,6.531677
534,2026-05-11 16:16:54.979422,0.8495008,-0.5452757,1.3505666,-7.155981,5.020854,6.531677
535,2026-05-11 16:16:54.982520,0.8495008,-0.5452757,1.3505666,-7.155981,5.020854,6.531677
536,2026-05-11 16:16:54.985315,0.8495008,-0.5452757,1.3505666,-7.155981,5.020854,6.531677
537,2026-05-11 16:16:54.987950,0.88194174,-0.5305188,1.4558775,-7.155981,5.020854,6.531677
538,2026-05-11 16:16:54.990649,0.88194174,-0.5305188,1.4558775,-7.155981,5.020854,6.531677
539,2026-05-11 16:16:54.993232,0.88194174,-0.5305188,1.4558775,-7.155981,5.020854,6.531677
540,2026-05-11 16:16:54.995853,0.88194174,-0.5305188,1.4558775,-7.155981,5.020854,6.531677
541,2026-05-11 16:16:54.999036,0.88194174,-0.5305188,1.4558775,-7.155981,5.020854,6.531677
542,2026-05-11 16:16:55.002029,0.88194174,-0.5305188,1.4558775,-7.155981,5.020854,6.531677
543,2026-05-11 16:16:55.004647,0.88194174,-0.5305188,1.4558775,-7.155981,5.020854,6.531677
544,2026-05-11 16:16:55.007227,0.88194174,-0.5305188,1.4558775,-7.155981,5.020854,6.531677
545,2026-05-11 16:16:55.009964,0.88194174,-0.5305188,1.4558775,-7.155981,5.020854,6.531677
546,2026-05-11 16:16:55.012545,0.88194174,-0.5305188,1.4558775,-7.155981,5.020854,6.531677
547,2026-05-11 16:16:55.015422,0.88194174,-0.5305188,1.4558775,-7.155981,5.020854,6.531677
548,2026-05-11 16:16:55.018334,0.88194174,-0.5305188,1.4558775,-7.155981,5.020854,6.531677
549,2026-05-11 16:16:55.020902,0.88194174,-0.5305188,1.4558775,-7.155981,5.020854,6.531677
550,2026-05-11 16:16:55.023776,0.88194174,-0.5305188,1.4558775,-7.155981,5.020854,6.531677
551,2026-05-11 16:16:55.026476,0.88194174,-0.5305188,1.4558775,-7.3180127,4.998405,6.525568
552,2026-05-11 16:16:55.029077,0.88194174,-0.5305188,1.4558775,-7.3180127,4.998405,6.525568
553,2026-05-11 16:16:55.032139,0.88194174,-0.5305188,1.4558775,-7.3180127,4.998405,6.525568
554,2026-05-11 16:16:55.034859,0.88194174,-0.5305188,1.4558775,-7.3180127,4.998405,6.525568
555,2026-05-11 16:16:55.037437,0.88194174,-0.5305188,1.4558775,-7.3180127,4.998405,6.525568
556,2026-05-11 16:16:55.040024,0.88194174,-0.5305188,1.4558775,-7.3180127,4.998405,6.525568
557,2026-05-11 16:16:55.042758,1.2319622,-0.34355664,2.2109828,-7.3180127,4.998405,6.525568
558,2026-05-11 16:16:55.045480,1.2319622,-0.34355664,2.2109828,-7.3180127,4.998405,6.525568
559,2026-05-11 16:16:55.048725,1.2319622,-0.34355664,2.2109828,-7.3180127,4.998405,6.525568
560,2026-05-11 16:16:55.051472,1.2319622,-0.34355664,2.2109828,-7.3180127,4.998405,6.525568
561,2026-05-11 16:16:55.054070,1.2319622,-0.34355664,2.2109828,-7.3180127,4.998405,6.525568
562,2026-05-11 16:16:55.056681,1.2319622,-0.34355664,2.2109828,-7.3180127,4.998405,6.525568
563,2026-05-11 16:16:55.059309,1.2319622,-0.34355664,2.2109828,-7.3180127,4.998405,6.525568
564,2026-05-11 16:16:55.062286,1.2319622,-0.34355664,2.2109828,-7.3180127,4.998405,6.525568
565,2026-05-11 16:16:55.065063,1.2319622,-0.34355664,2.2109828,-7.3180127,4.998405,6.525568
566,2026-05-11 16:16:55.068270,1.2319622,-0.34355664,2.2109828,-7.3180127,4.998405,6.525568
567,2026-05-11 16:16:55.070988,1.2319622,-0.34355664,2.2109828,-7.3180127,4.998405,6.525568
568,2026-05-11 16:16:55.073749,1.2319622,-0.34355664,2.2109828,-7.3180127,4.998405,6.525568
569,2026-05-11 16:16:55.076412,1.2319622,-0.34355664,2.2109828,-7.3180127,4.998405,6.525568
570,2026-05-11 16:16:55.079014,1.2319622,-0.34355664,2.2109828,-7.3180127,4.998405,6.525568
571,2026-05-11 16:16:55.082279,1.2319622,-0.34355664,2.2109828,-7.3180127,4.998405,6.525568
572,2026-05-11 16:16:55.085334,1.2319622,-0.34355664,2.2109828,-7.3180127,4.998405,6.525568
573,2026-05-11 16:16:55.088061,1.2319622,-0.34355664,2.2109828,-7.3180127,4.998405,6.525568
574,2026-05-11 16:16:55.090912,1.2319622,-0.34355664,2.2109828,-7.8424406,4.4183884,6.485556
575,2026-05-11 16:16:55.093556,1.2319622,-0.34355664,2.2109828,-7.8424406,4.4183884,6.485556
576,2026-05-11 16:16:55.096166,1.2319622,-0.34355664,2.2109828,-7.8424406,4.4183884,6.485556
577,2026-05-11 16:16:55.099605,1.2319622,-0.34355664,2.2109828,-7.8424406,4.4183884,6.485556
578,2026-05-11 16:16:55.102363,1.2319622,-0.34355664,2.2109828,-7.8424406,4.4183884,6.485556
579,2026-05-11 16:16:55.104985,1.2319622,-0.34355664,2.2109828,-7.8424406,4.4183884,6.485556
580,2026-05-11 16:16:55.107546,1.2319622,-0.34355664,2.2109828,-7.8424406,4.4183884,6.485556
581,2026-05-11 16:16:55.110047,1.2319622,-0.34355664,2.2109828,-7.8424406,4.4183884,6.485556
582,2026-05-11 16:16:55.112692,1.2319622,-0.34355664,2.2109828,-7.8424406,4.4183884,6.485556
583,2026-05-11 16:16:55.116111,1.2319622,-0.34355664,2.2109828,-7.8424406,4.4183884,6.485556
584,2026-05-11 16:16:55.118997,1.2319622,-0.34355664,2.2109828,-7.8424406,4.4183884,6.485556
585,2026-05-11 16:16:55.121560,1.2319622,-0.34355664,2.2109828,-7.8424406,4.4183884,6.485556
586,2026-05-11 16:16:55.124142,1.2319622,-0.34355664,2.2109828,-7.8424406,4.4183884,6.485556
587,2026-05-11 16:16:55.126854,1.2319622,-0.34355664,2.2109828,-7.8424406,4.4183884,6.485556
588,2026-05-11 16:16:55.129387,1.2319622,-0.34355664,2.2109828,-7.8424406,4.4183884,6.485556
589,2026-05-11 16:16:55.132394,1.2319622,-0.34355664,2.2109828,-7.8424406,4.4183884,6.485556
590,2026-05-11 16:16:55.135242,1.2319622,-0.34355664,2.2109828,-7.8424406,4.4183884,6.485556
591,2026-05-11 16:16:55.137857,1.2319622,-0.34355664,2.2109828,-7.8424406,4.4183884,6.485556
592,2026-05-11 16:16:55.140493,1.2319622,-0.34355664,2.2109828,-7.8424406,4.4183884,6.485556
593,2026-05-11 16:16:55.143062,1.2319622,-0.34355664,2.2109828,-7.8424406,4.4183884,6.485556
594,2026-05-11 16:16:55.145826,1.2319622,-0.34355664,2.2109828,-7.8424406,4.4183884,6.485556
595,2026-05-11 16:16:55.148876,1.2319622,-0.34355664,2.2109828,-7.8424406,4.4183884,6.485556
596,2026-05-11 16:16:55.151735,1.2319622,-0.34355664,2.2109828,-7.8424406,4.4183884,6.485556
597,2026-05-11 16:16:55.154269,1.2319622,-0.34355664,2.2109828,-7.8424406,4.4183884,6.485556
598,2026-05-11 16:16:55.156942,1.2319622,-0.34355664,2.2109828,-7.8424406,4.4183884,6.485556
599,2026-05-11 16:16:55.159527,1.2319622,-0.34355664,2.2109828,-7.8424406,4.4183884,6.485556
600,2026-05-11 16:16:55.162076,1.2319622,-0.34355664,2.2109828,-7.8424406,4.4183884,6.485556
601,2026-05-11 16:16:55.165090,1.2319622,-0.34355664,2.2109828,-7.472256,3.7546833,6.3439884
602,2026-05-11 16:16:55.167793,1.2319622,-0.34355664,2.2109828,-7.472256,3.7546833,6.3439884
603,2026-05-11 16:16:55.170418,1.2319622,-0.34355664,2.2109828,-7.472256,3.7546833,6.3439884
604,2026-05-11 16:16:55.173225,1.2319622,-0.34355664,2.2109828,-7.472256,3.7546833,6.3439884
605,2026-05-11 16:16:55.175897,1.2319622,-0.34355664,2.2109828,-7.472256,3.7546833,6.3439884
606,2026-05-11 16:16:55.178508,1.2319622,-0.34355664,2.2109828,-7.472256,3.7546833,6.3439884
607,2026-05-11 16:16:55.181334,1.2319622,-0.34355664,2.2109828,-7.472256,3.7546833,6.3439884
608,2026-05-11 16:16:55.184426,1.3698361,-0.26483253,2.493621,-7.472256,3.7546833,6.3439884
609,2026-05-11 16:16:55.187202,1.3698361,-0.26483253,2.493621,-7.472256,3.7546833,6.3439884
610,2026-05-11 16:16:55.189804,1.3698361,-0.26483253,2.493621,-7.472256,3.7546833,6.3439884
611,2026-05-11 16:16:55.192550,1.3698361,-0.26483253,2.493621,-7.472256,3.7546833,6.3439884
612,2026-05-11 16:16:55.195132,1.3698361,-0.26483253,2.493621,-7.472256,3.7546833,6.3439884
613,2026-05-11 16:16:55.197940,1.3698361,-0.26483253,2.493621,-7.472256,3.7546833,6.3439884
614,2026-05-11 16:16:55.201157,1.3698361,-0.26483253,2.493621,-7.472256,3.7546833,6.3439884
615,2026-05-11 16:16:55.203867,1.3698361,-0.26483253,2.493621,-7.472256,3.7546833,6.3439884
616,2026-05-11 16:16:55.206480,1.3698361,-0.26483253,2.493621,-7.472256,3.7546833,6.3439884
617,2026-05-11 16:16:55.209280,1.3698361,-0.26483253,2.493621,-7.472256,3.7546833,6.3439884
618,2026-05-11 16:16:55.211871,1.3698361,-0.26483253,2.493621,-7.472256,3.7546833,6.3439884
619,2026-05-11 16:16:55.214601,1.3698361,-0.26483253,2.493621,-7.472256,3.7546833,6.3439884
620,2026-05-11 16:16:55.217805,1.3698361,-0.26483253,2.493621,-6.9408035,3.236975,6.3047404
621,2026-05-11 16:16:55.220507,1.3698361,-0.26483253,2.493621,-6.9408035,3.236975,6.3047404
622,2026-05-11 16:16:55.223280,1.3944715,-0.21293926,2.5941148,-6.0364175,2.5156958,6.340934
623,2026-05-11 16:16:55.226043,1.3944715,-0.21293926,2.5941148,-6.0364175,2.5156958,6.340934
624,2026-05-11 16:16:55.228652,1.3944715,-0.21293926,2.5941148,-6.0364175,2.5156958,6.340934
625,2026-05-11 16:16:55.231220,1.3944715,-0.21293926,2.5941148,-6.0364175,2.5156958,6.340934
626,2026-05-11 16:16:55.234523,1.3944715,-0.21293926,2.5941148,-6.0364175,2.5156958,6.340934
627,2026-05-11 16:16:55.237212,1.3944715,-0.21293926,2.5941148,-6.0364175,2.5156958,6.340934
628,2026-05-11 16:16:55.239935,1.3944715,-0.21293926,2.5941148,-6.0364175,2.5156958,6.340934
629,2026-05-11 16:16:55.242540,1.3944715,-0.21293926,2.5941148,-6.0364175,2.5156958,6.340934
630,2026-05-11 16:16:55.245245,1.3944715,-0.21293926,2.5941148,-6.0364175,2.5156958,6.340934
631,2026-05-11 16:16:55.248070,1.3944715,-0.21293926,2.5941148,-6.0364175,2.5156958,6.340934
632,2026-05-11 16:16:55.251334,1.3944715,-0.21293926,2.5941148,-6.0364175,2.5156958,6.340934
633,2026-05-11 16:16:55.253962,1.3944715,-0.21293926,2.5941148,-6.0364175,2.5156958,6.340934
634,2026-05-11 16:16:55.256831,1.3944715,-0.21293926,2.5941148,-6.0364175,2.5156958,6.340934
635,2026-05-11 16:16:55.259424,1.3944715,-0.21293926,2.5941148,-6.0364175,2.5156958,6.340934
636,2026-05-11 16:16:55.262080,1.3944715,-0.21293926,2.5941148,-6.0364175,2.5156958,6.340934
637,2026-05-11 16:16:55.264756,1.3944715,-0.21293926,2.5941148,-6.0364175,2.5156958,6.340934
638,2026-05-11 16:16:55.267923,1.3944715,-0.21293926,2.5941148,-6.0364175,2.5156958,6.340934
639,2026-05-11 16:16:55.270650,1.3944715,-0.21293926,2.5941148,-6.0364175,2.5156958,6.340934
640,2026-05-11 16:16:55.273221,1.3944715,-0.21293926,2.5941148,-6.0364175,2.5156958,6.340934
641,2026-05-11 16:16:55.276058,1.5849705,0.013659334,2.6724122,-6.0364175,2.5156958,6.340934
642,2026-05-11 16:16:55.278751,1.5849705,0.013659334,2.6724122,-6.0364175,2.5156958,6.340934
643,2026-05-11 16:16:55.281392,1.5849705,0.013659334,2.6724122,-6.0364175,2.5156958,6.340934
644,2026-05-11 16:16:55.284779,1.5849705,0.013659334,2.6724122,-6.0364175,2.5156958,6.340934
645,2026-05-11 16:16:55.287463,1.7811406,0.17604686,2.6309462,-5.296507,2.1323779,6.1732516
646,2026-05-11 16:16:55.290249,1.7811406,0.17604686,2.6309462,-5.296507,2.1323779,6.1732516
647,2026-05-11 16:16:55.292887,1.7811406,0.17604686,2.6309462,-5.296507,2.1323779,6.1732516
648,2026-05-11 16:16:55.295582,1.7811406,0.17604686,2.6309462,-5.296507,2.1323779,6.1732516
649,2026-05-11 16:16:55.298498,1.9165143,0.28660208,2.5133173,-5.296507,2.1323779,6.1732516
650,2026-05-11 16:16:55.301650,1.9165143,0.28660208,2.5133173,-5.296507,2.1323779,6.1732516
651,2026-05-11 16:16:55.304568,1.9165143,0.28660208,2.5133173,-4.778646,2.1111503,5.8556013
652,2026-05-11 16:16:55.307194,1.9165143,0.28660208,2.5133173,-4.778646,2.1111503,5.8556013
653,2026-05-11 16:16:55.309977,1.9165143,0.28660208,2.5133173,-4.778646,2.1111503,5.8556013
654,2026-05-11 16:16:55.312726,1.9165143,0.28660208,2.5133173,-4.778646,2.1111503,5.8556013
655,2026-05-11 16:16:55.315679,1.9165143,0.28660208,2.5133173,-4.778646,2.1111503,5.8556013
656,2026-05-11 16:16:55.318497,1.9165143,0.28660208,2.5133173,-4.778646,2.1111503,5.8556013
657,2026-05-11 16:16:55.321088,1.9165143,0.28660208,2.5133173,-4.778646,2.1111503,5.8556013
658,2026-05-11 16:16:55.323723,1.8252894,0.38435167,2.283426,-4.778646,2.1111503,5.8556013
659,2026-05-11 16:16:55.326427,1.8252894,0.38435167,2.283426,-4.778646,2.1111503,5.8556013
660,2026-05-11 16:16:55.329118,1.8252894,0.38435167,2.283426,-4.326606,2.31915,5.4170003
661,2026-05-11 16:16:55.332042,1.8252894,0.38435167,2.283426,-4.326606,2.31915,5.4170003
662,2026-05-11 16:16:55.335331,1.8252894,0.38435167,2.283426,-4.1883974,2.5433373,5.203961
663,2026-05-11 16:16:55.338072,1.8252894,0.38435167,2.283426,-4.1883974,2.5433373,5.203961
664,2026-05-11 16:16:55.340822,1.7140025,0.4158779,2.078109,-4.1883974,2.5433373,5.203961
665,2026-05-11 16:16:55.343462,1.7140025,0.4158779,2.078109,-4.1883974,2.5433373,5.203961
666,2026-05-11 16:16:55.346019,1.7140025,0.4158779,2.078109,-4.1883974,2.5433373,5.203961
667,2026-05-11 16:16:55.348973,1.7140025,0.4158779,2.078109,-4.1883974,2.5433373,5.203961
668,2026-05-11 16:16:55.352382,1.7140025,0.4158779,2.078109,-4.1883974,2.5433373,5.203961
669,2026-05-11 16:16:55.355129,1.7140025,0.4158779,2.078109,-4.1883974,2.5433373,5.203961
670,2026-05-11 16:16:55.357854,1.7140025,0.4158779,2.078109,-4.1883974,2.5433373,5.203961
671,2026-05-11 16:16:55.360478,1.7140025,0.4158779,2.078109,-4.1883974,2.5433373,5.203961
672,2026-05-11 16:16:55.363098,1.7140025,0.4158779,2.078109,-4.1883974,2.5433373,5.203961
673,2026-05-11 16:16:55.366066,1.7140025,0.4158779,2.078109,-4.1883974,2.5433373,5.203961
674,2026-05-11 16:16:55.369325,1.7140025,0.4158779,2.078109,-4.1883974,2.5433373,5.203961
675,2026-05-11 16:16:55.372075,1.7140025,0.4158779,2.078109,-4.1883974,2.5433373,5.203961
676,2026-05-11 16:16:55.374678,1.7140025,0.4158779,2.078109,-4.1883974,2.5433373,5.203961
677,2026-05-11 16:16:55.377504,1.7140025,0.4158779,2.078109,-4.1883974,2.5433373,5.203961
678,2026-05-11 16:16:55.380224,1.7140025,0.4158779,2.078109,-4.1883974,2.5433373,5.203961
679,2026-05-11 16:16:55.382979,1.7140025,0.4158779,2.078109,-4.1883974,2.5433373,5.203961
680,2026-05-11 16:16:55.386279,1.7140025,0.4158779,2.078109,-4.1883974,2.5433373,5.203961
681,2026-05-11 16:16:55.389158,1.7140025,0.4158779,2.078109,-4.1883974,2.5433373,5.203961
682,2026-05-11 16:16:55.391852,1.7140025,0.4158779,2.078109,-4.1883974,2.5433373,5.203961
683,2026-05-11 16:16:55.394605,1.7140025,0.4158779,2.078109,-4.1883974,2.5433373,5.203961
684,2026-05-11 16:16:55.397239,1.7140025,0.4158779,2.078109,-4.1883974,2.5433373,5.203961
685,2026-05-11 16:16:55.400598,1.7140025,0.4158779,2.078109,-4.1883974,2.5433373,5.203961
686,2026-05-11 16:16:55.403527,1.7140025,0.4158779,2.078109,-4.1883974,2.5433373,5.203961
687,2026-05-11 16:16:55.406241,1.7140025,0.4158779,2.078109,-4.1883974,2.5433373,5.203961
688,2026-05-11 16:16:55.408831,1.7140025,0.4158779,2.078109,-4.1883974,2.5433373,5.203961
689,2026-05-11 16:16:55.411437,1.7140025,0.4158779,2.078109,-4.1883974,2.5433373,5.203961
690,2026-05-11 16:16:55.414010,1.7140025,0.4158779,2.078109,-4.1883974,2.5433373,5.203961
691,2026-05-11 16:16:55.417240,1.7140025,0.4158779,2.078109,-4.1883974,2.5433373,5.203961
692,2026-05-11 16:16:55.420029,1.7140025,0.4158779,2.078109,-4.1883974,2.5433373,5.203961
693,2026-05-11 16:16:55.422664,1.7140025,0.4158779,2.078109,-4.1883974,2.5433373,5.203961
694,2026-05-11 16:16:55.425469,1.7140025,0.4158779,2.078109,-4.1883974,2.5433373,5.203961
695,2026-05-11 16:16:55.428105,1.7140025,0.4158779,2.078109,-4.1883974,2.5433373,5.203961
696,2026-05-11 16:16:55.430889,1.7140025,0.4158779,2.078109,-4.1883974,2.5433373,5.203961
697,2026-05-11 16:16:55.434011,1.7140025,0.4158779,2.078109,-4.1883974,2.5433373,5.203961
698,2026-05-11 16:16:55.436790,1.7140025,0.4158779,2.078109,-4.1883974,2.5433373,5.203961
699,2026-05-11 16:16:55.439375,1.7140025,0.4158779,2.078109,-4.1883974,2.5433373,5.203961
700,2026-05-11 16:16:55.442091,1.7140025,0.4158779,2.078109,-4.1883974,2.5433373,5.203961
701,2026-05-11 16:16:55.444676,1.7140025,0.4158779,2.078109,-4.1883974,2.5433373,5.203961
702,2026-05-11 16:16:55.447251,1.7140025,0.4158779,2.078109,-4.1883974,2.5433373,5.203961
703,2026-05-11 16:16:55.450244,1.7140025,0.4158779,2.078109,-4.1883974,2.5433373,5.203961
704,2026-05-11 16:16:55.453026,1.7140025,0.4158779,2.078109,-4.1883974,2.5433373,5.203961
705,2026-05-11 16:16:55.455642,1.7140025,0.4158779,2.078109,-4.1883974,2.5433373,5.203961
706,2026-05-11 16:16:55.458440,1.7140025,0.4158779,2.078109,-4.1883974,2.5433373,5.203961
707,2026-05-11 16:16:55.461148,1.7140025,0.4158779,2.078109,-4.1883974,2.5433373,5.203961
708,2026-05-11 16:16:55.463808,1.7140025,0.4158779,2.078109,-4.1883974,2.5433373,5.203961
709,2026-05-11 16:16:55.466664,1.7140025,0.4158779,2.078109,-4.1883974,2.5433373,5.203961
710,2026-05-11 16:16:55.469616,1.7140025,0.4158779,2.078109,-4.1883974,2.5433373,5.203961
711,2026-05-11 16:16:55.472262,1.7140025,0.4158779,2.078109,-4.1883974,2.5433373,5.203961
712,2026-05-11 16:16:55.474858,1.7140025,0.4158779,2.078109,-4.1883974,2.5433373,5.203961
713,2026-05-11 16:16:55.477633,1.7140025,0.4158779,2.078109,-4.1883974,2.5433373,5.203961
714,2026-05-11 16:16:55.480383,1.7140025,0.4158779,2.078109,-4.1883974,2.5433373,5.203961
715,2026-05-11 16:16:55.483397,1.7140025,0.4158779,2.078109,-4.1883974,2.5433373,5.203961
716,2026-05-11 16:16:55.486317,1.7140025,0.4158779,2.078109,-4.1883974,2.5433373,5.203961
717,2026-05-11 16:16:55.489049,1.7140025,0.4158779,2.078109,-4.1883974,2.5433373,5.203961
718,2026-05-11 16:16:55.491610,1.7140025,0.4158779,2.078109,-4.1883974,2.5433373,5.203961
719,2026-05-11 16:16:55.494385,1.7140025,0.4158779,2.078109,-4.1883974,2.5433373,5.203961
720,2026-05-11 16:16:55.497181,1.7140025,0.4158779,2.078109,-4.1883974,2.5433373,5.203961
721,2026-05-11 16:16:55.500285,1.7140025,0.4158779,2.078109,-4.1883974,2.5433373,5.203961
722,2026-05-11 16:16:55.503006,1.7140025,0.4158779,2.078109,-4.1883974,2.5433373,5.203961
723,2026-05-11 16:16:55.505643,1.7140025,0.4158779,2.078109,-4.1883974,2.5433373,5.203961
724,2026-05-11 16:16:55.508333,1.4874039,0.44240385,1.4944775,-4.1883974,2.5433373,5.203961
725,2026-05-11 16:16:55.510991,1.4874039,0.44240385,1.4944775,-4.522999,3.2027664,4.869207
726,2026-05-11 16:16:55.513729,1.4874039,0.44240385,1.4944775,-4.522999,3.2027664,4.869207
727,2026-05-11 16:16:55.516755,1.3445907,0.4545997,0.98810637,-5.2517614,3.4648278,4.7317624
728,2026-05-11 16:16:55.519691,1.3445907,0.4545997,0.98810637,-5.2517614,3.4648278,4.7317624
729,2026-05-11 16:16:55.522372,1.3445907,0.4545997,0.98810637,-5.2517614,3.4648278,4.7317624
730,2026-05-11 16:16:55.525031,1.3445907,0.4545997,0.98810637,-5.2517614,3.4648278,4.7317624
731,2026-05-11 16:16:55.527593,1.3445907,0.4545997,0.98810637,-5.2517614,3.4648278,4.7317624
732,2026-05-11 16:16:55.530356,1.3445907,0.4545997,0.98810637,-5.2517614,3.4648278,4.7317624
733,2026-05-11 16:16:55.533256,1.3445907,0.4545997,0.98810637,-5.2517614,3.4648278,4.7317624
734,2026-05-11 16:16:55.535987,1.3445907,0.4545997,0.98810637,-5.2517614,3.4648278,4.7317624
735,2026-05-11 16:16:55.538797,1.3445907,0.4545997,0.98810637,-5.2517614,3.4648278,4.7317624
736,2026-05-11 16:16:55.541546,1.3445907,0.4545997,0.98810637,-5.2517614,3.4648278,4.7317624
737,2026-05-11 16:16:55.544305,1.3445907,0.4545997,0.98810637,-5.2517614,3.4648278,4.7317624
738,2026-05-11 16:16:55.546891,1.3445907,0.4545997,0.98810637,-5.2517614,3.4648278,4.7317624
739,2026-05-11 16:16:55.549965,1.3445907,0.4545997,0.98810637,-5.2517614,3.4648278,4.7317624
740,2026-05-11 16:16:55.552744,1.3445907,0.4545997,0.98810637,-5.2517614,3.4648278,4.7317624
741,2026-05-11 16:16:55.555351,1.3445907,0.4545997,0.98810637,-5.2517614,3.4648278,4.7317624
742,2026-05-11 16:16:55.558221,1.3445907,0.4545997,0.98810637,-5.2517614,3.4648278,4.7317624
743,2026-05-11 16:16:55.560883,1.3445907,0.4545997,0.98810637,-5.2517614,3.4648278,4.7317624
744,2026-05-11 16:16:55.563648,1.3445907,0.4545997,0.98810637,-5.2517614,3.4648278,4.7317624
745,2026-05-11 16:16:55.566683,1.2720255,0.354167,0.74510443,-5.2517614,3.4648278,4.7317624
746,2026-05-11 16:16:55.569552,1.2720255,0.354167,0.74510443,-6.493192,3.636328,4.533231
747,2026-05-11 16:16:55.572240,1.2073265,0.14641099,0.6975407,-7.708814,3.7174203,4.2875104
748,2026-05-11 16:16:55.574974,1.2073265,0.14641099,0.6975407,-7.708814,3.7174203,4.2875104
749,2026-05-11 16:16:55.577587,1.2073265,0.14641099,0.6975407,-7.708814,3.7174203,4.2875104
750,2026-05-11 16:16:55.580189,1.2073265,0.14641099,0.6975407,-7.708814,3.7174203,4.2875104
751,2026-05-11 16:16:55.583292,1.2073265,0.14641099,0.6975407,-7.708814,3.7174203,4.2875104
752,2026-05-11 16:16:55.586081,1.2073265,0.14641099,0.6975407,-7.708814,3.7174203,4.2875104
753,2026-05-11 16:16:55.588724,1.2073265,0.14641099,0.6975407,-7.708814,3.7174203,4.2875104
754,2026-05-11 16:16:55.591346,1.2073265,0.14641099,0.6975407,-7.708814,3.7174203,4.2875104
755,2026-05-11 16:16:55.593907,1.2073265,0.14641099,0.6975407,-7.708814,3.7174203,4.2875104
756,2026-05-11 16:16:55.596746,1.1511648,0.06475988,0.7501657,-7.708814,3.7174203,4.2875104
757,2026-05-11 16:16:55.599668,1.1511648,0.06475988,0.7501657,-7.708814,3.7174203,4.2875104
758,2026-05-11 16:16:55.602362,1.1511648,0.06475988,0.7501657,-7.708814,3.7174203,4.2875104
759,2026-05-11 16:16:55.605125,1.1511648,0.06475988,0.7501657,-7.708814,3.7174203,4.2875104
760,2026-05-11 16:16:55.607757,1.1511648,0.06475988,0.7501657,-7.708814,3.7174203,4.2875104
761,2026-05-11 16:16:55.610660,1.1511648,0.06475988,0.7501657,-7.708814,3.7174203,4.2875104
762,2026-05-11 16:16:55.613361,1.1511648,0.06475988,0.7501657,-7.708814,3.7174203,4.2875104
763,2026-05-11 16:16:55.616444,1.1511648,0.06475988,0.7501657,-7.708814,3.7174203,4.2875104
764,2026-05-11 16:16:55.619303,1.1511648,0.06475988,0.7501657,-7.708814,3.7174203,4.2875104
765,2026-05-11 16:16:55.622082,1.1511648,0.06475988,0.7501657,-7.708814,3.7174203,4.2875104
766,2026-05-11 16:16:55.624921,1.1511648,0.06475988,0.7501657,-7.708814,3.7174203,4.2875104
767,2026-05-11 16:16:55.627713,1.1511648,0.06475988,0.7501657,-7.708814,3.7174203,4.2875104
768,2026-05-11 16:16:55.630367,1.1511648,0.06475988,0.7501657,-7.708814,3.7174203,4.2875104
769,2026-05-11 16:16:55.633591,1.1511648,0.06475988,0.7501657,-7.708814,3.7174203,4.2875104
770,2026-05-11 16:16:55.636348,1.1051254,-0.03725827,1.0637206,-7.708814,3.7174203,4.2875104
771,2026-05-11 16:16:55.639079,1.1051254,-0.03725827,1.0637206,-9.05852,2.8620565,3.8922806
772,2026-05-11 16:16:55.641723,1.1051254,-0.03725827,1.0637206,-9.05852,2.8620565,3.8922806
773,2026-05-11 16:16:55.644352,1.1587261,-0.040795065,1.5152714,-9.048747,2.1326833,3.7995818
774,2026-05-11 16:16:55.647051,1.1587261,-0.040795065,1.5152714,-9.048747,2.1326833,3.7995818
775,2026-05-11 16:16:55.650071,1.1587261,-0.040795065,1.5152714,-9.048747,2.1326833,3.7995818
776,2026-05-11 16:16:55.653000,1.1587261,-0.040795065,1.5152714,-9.048747,2.1326833,3.7995818
777,2026-05-11 16:16:55.655645,1.1587261,-0.040795065,1.5152714,-9.048747,2.1326833,3.7995818
778,2026-05-11 16:16:55.658260,1.1587261,-0.040795065,1.5152714,-9.048747,2.1326833,3.7995818
779,2026-05-11 16:16:55.661013,1.1587261,-0.040795065,1.5152714,-9.048747,2.1326833,3.7995818
780,2026-05-11 16:16:55.663624,1.1587261,-0.040795065,1.5152714,-9.048747,2.1326833,3.7995818
781,2026-05-11 16:16:55.666704,1.1587261,-0.040795065,1.5152714,-9.048747,2.1326833,3.7995818
782,2026-05-11 16:16:55.669485,1.1587261,-0.040795065,1.5152714,-9.048747,2.1326833,3.7995818
783,2026-05-11 16:16:55.672082,1.1587261,-0.040795065,1.5152714,-9.048747,2.1326833,3.7995818
784,2026-05-11 16:16:55.674654,1.1587261,-0.040795065,1.5152714,-9.048747,2.1326833,3.7995818
785,2026-05-11 16:16:55.677440,1.1587261,-0.040795065,1.5152714,-9.048747,2.1326833,3.7995818
786,2026-05-11 16:16:55.680163,1.1587261,-0.040795065,1.5152714,-9.048747,2.1326833,3.7995818
787,2026-05-11 16:16:55.683155,1.1587261,-0.040795065,1.5152714,-8.24607,1.2838861,3.7137554
788,2026-05-11 16:16:55.685984,1.3711165,0.10445731,2.0612788,-8.24607,1.2838861,3.7137554
789,2026-05-11 16:16:55.688840,1.3711165,0.10445731,2.0612788,-8.24607,1.2838861,3.7137554
790,2026-05-11 16:16:55.691527,1.3711165,0.10445731,2.0612788,-8.24607,1.2838861,3.7137554
791,2026-05-11 16:16:55.694250,1.3711165,0.10445731,2.0612788,-8.24607,1.2838861,3.7137554
792,2026-05-11 16:16:55.697013,1.3711165,0.10445731,2.0612788,-8.24607,1.2838861,3.7137554
793,2026-05-11 16:16:55.700042,1.3711165,0.10445731,2.0612788,-8.24607,1.2838861,3.7137554
794,2026-05-11 16:16:55.702932,1.3711165,0.10445731,2.0612788,-6.9692087,0.87995136,3.5569155
795,2026-05-11 16:16:55.705582,1.3711165,0.10445731,2.0612788,-6.9692087,0.87995136,3.5569155
796,2026-05-11 16:16:55.708171,1.3711165,0.10445731,2.0612788,-6.9692087,0.87995136,3.5569155
797,2026-05-11 16:16:55.711003,1.3711165,0.10445731,2.0612788,-6.9692087,0.87995136,3.5569155
798,2026-05-11 16:16:55.713772,1.3711165,0.10445731,2.0612788,-6.9692087,0.87995136,3.5569155
799,2026-05-11 16:16:55.716657,1.3711165,0.10445731,2.0612788,-6.9692087,0.87995136,3.5569155
800,2026-05-11 16:16:55.719477,1.3711165,0.10445731,2.0612788,-6.9692087,0.87995136,3.5569155
801,2026-05-11 16:16:55.722181,1.5290526,0.6213777,2.0195081,-6.9692087,0.87995136,3.5569155
802,2026-05-11 16:16:55.724782,1.5290526,0.6213777,2.0195081,-6.9692087,0.87995136,3.5569155
803,2026-05-11 16:16:55.727550,1.5290526,0.6213777,2.0195081,-6.9692087,0.87995136,3.5569155
804,2026-05-11 16:16:55.730279,1.5290526,0.6213777,2.0195081,-4.7881145,0.6392705,3.1726813
805,2026-05-11 16:16:55.733292,1.8549253,1.0612204,1.7678471,-4.7881145,0.6392705,3.1726813
806,2026-05-11 16:16:55.735988,1.8549253,1.0612204,1.7678471,-4.7881145,0.6392705,3.1726813
807,2026-05-11 16:16:55.738600,1.8549253,1.0612204,1.7678471,-4.7881145,0.6392705,3.1726813
808,2026-05-11 16:16:55.741142,1.8549253,1.0612204,1.7678471,-4.7881145,0.6392705,3.1726813
809,2026-05-11 16:16:55.743768,1.8549253,1.0612204,1.7678471,-4.7881145,0.6392705,3.1726813
810,2026-05-11 16:16:55.746310,1.8549253,1.0612204,1.7678471,-4.7881145,0.6392705,3.1726813
811,2026-05-11 16:16:55.749321,1.8549253,1.0612204,1.7678471,-4.7881145,0.6392705,3.1726813
812,2026-05-11 16:16:55.752174,1.8549253,1.0612204,1.7678471,-4.7881145,0.6392705,3.1726813
813,2026-05-11 16:16:55.754885,1.8549253,1.0612204,1.7678471,-4.7881145,0.6392705,3.1726813
814,2026-05-11 16:16:55.757584,1.8549253,1.0612204,1.7678471,-4.7881145,0.6392705,3.1726813
815,2026-05-11 16:16:55.760185,1.8549253,1.0612204,1.7678471,-4.7881145,0.6392705,3.1726813
816,2026-05-11 16:16:55.762939,1.8549253,1.0612204,1.7678471,-4.7881145,0.6392705,3.1726813
817,2026-05-11 16:16:55.765801,2.0063975,1.314345,1.3937398,-4.7881145,0.6392705,3.1726813
818,2026-05-11 16:16:55.788004,1.8133985,1.1754954,1.1146382,-4.989089,-0.91721416,2.4750733
819,2026-05-11 16:16:55.798528,1.8133985,1.1754954,1.1146382,-4.7870455,-1.3249667,2.526844
820,2026-05-11 16:16:55.808186,1.3744705,2.219276,2.4803276,0.46593747,-0.44806966,-3.3498323
821,2026-05-11 16:16:55.811042,1.3744705,2.219276,2.4803276,0.46593747,-0.44806966,-3.3498323
822,2026-05-11 16:16:55.813692,1.3744705,2.219276,2.4803276,0.46593747,-0.44806966,-3.3498323
823,2026-05-11 16:16:55.816911,1.1637874,2.019386,2.464839,1.2457069,-0.35705075,-3.5483634
824,2026-05-11 16:16:55.819614,1.1637874,2.019386,2.464839,1.2457069,-0.35705075,-3.5483634
825,2026-05-11 16:16:55.822347,1.1637874,2.019386,2.464839,1.2457069,-0.35705075,-3.5483634
826,2026-05-11 16:16:55.825078,1.1637874,2.019386,2.464839,1.2457069,-0.35705075,-3.5483634
827,2026-05-11 16:16:55.827642,1.1637874,2.019386,2.464839,1.2457069,-0.35705075,-3.5483634
828,2026-05-11 16:16:55.830200,1.1637874,2.019386,2.464839,1.2457069,-0.35705075,-3.5483634
829,2026-05-11 16:16:55.833308,1.1637874,2.019386,2.464839,2.133447,-0.019547688,-3.6910005
830,2026-05-11 16:16:55.836149,1.1637874,2.019386,2.464839,2.133447,-0.019547688,-3.6910005
831,2026-05-11 16:16:55.838798,1.1637874,2.019386,2.464839,2.133447,-0.019547688,-3.6910005
832,2026-05-11 16:16:55.841410,1.1637874,2.019386,2.464839,2.133447,-0.019547688,-3.6910005
833,2026-05-11 16:16:55.844336,1.1637874,2.019386,2.464839,2.133447,-0.019547688,-3.6910005
834,2026-05-11 16:16:55.846948,1.1637874,2.019386,2.464839,2.133447,-0.019547688,-3.6910005
835,2026-05-11 16:16:55.850211,1.1637874,2.019386,2.464839,2.133447,-0.019547688,-3.6910005
836,2026-05-11 16:16:55.853026,1.1637874,2.019386,2.464839,2.133447,-0.019547688,-3.6910005
837,2026-05-11 16:16:55.855727,1.1637874,2.019386,2.464839,2.133447,-0.019547688,-3.6910005
838,2026-05-11 16:16:55.858362,1.1637874,2.019386,2.464839,2.133447,-0.019547688,-3.6910005
839,2026-05-11 16:16:55.860958,1.1637874,2.019386,2.464839,2.133447,-0.019547688,-3.6910005
840,2026-05-11 16:16:55.863741,1.1637874,2.019386,2.464839,3.199712,0.46303585,-3.7374263
841,2026-05-11 16:16:55.866628,1.1637874,2.019386,2.464839,3.199712,0.46303585,-3.7374263
842,2026-05-11 16:16:55.869462,1.1637874,2.019386,2.464839,3.199712,0.46303585,-3.7374263
843,2026-05-11 16:16:55.872066,1.1637874,2.019386,2.464839,3.199712,0.46303585,-3.7374263
844,2026-05-11 16:16:55.874694,1.0464635,1.7730912,2.4087381,3.199712,0.46303585,-3.7374263
845,2026-05-11 16:16:55.877537,1.053964,1.6151552,2.3698332,3.7647624,0.62598413,-3.7418551
846,2026-05-11 16:16:55.880292,1.053964,1.6151552,2.3698332,3.7647624,0.62598413,-3.7418551
847,2026-05-11 16:16:55.883346,1.053964,1.6151552,2.3698332,3.7647624,0.62598413,-3.7418551
848,2026-05-11 16:16:55.886111,1.053964,1.6151552,2.3698332,3.7647624,0.62598413,-3.7418551
849,2026-05-11 16:16:55.888766,1.053964,1.6151552,2.3698332,3.7647624,0.62598413,-3.7418551
850,2026-05-11 16:16:55.891469,1.053964,1.6151552,2.3698332,3.7647624,0.62598413,-3.7418551
851,2026-05-11 16:16:55.894129,1.053964,1.6151552,2.3698332,3.7647624,0.62598413,-3.7418551
852,2026-05-11 16:16:55.896733,1.053964,1.6151552,2.3698332,3.7647624,0.62598413,-3.7418551
853,2026-05-11 16:16:55.899873,1.053964,1.6151552,2.3698332,3.7647624,0.62598413,-3.7418551
854,2026-05-11 16:16:55.902710,1.053964,1.6151552,2.3698332,3.7647624,0.62598413,-3.7418551
855,2026-05-11 16:16:55.905302,1.053964,1.6151552,2.3698332,3.7647624,0.62598413,-3.7418551
856,2026-05-11 16:16:55.908181,1.053964,1.6151552,2.3698332,3.7647624,0.62598413,-3.7418551
857,2026-05-11 16:16:55.910874,1.1373835,1.2863555,2.224215,3.7647624,0.62598413,-3.7418551
858,2026-05-11 16:16:55.913568,1.1373835,1.2863555,2.224215,3.7647624,0.62598413,-3.7418551
859,2026-05-11 16:16:55.916711,1.1373835,1.2863555,2.224215,3.7647624,0.62598413,-3.7418551
860,2026-05-11 16:16:55.919388,1.1373835,1.2863555,2.224215,3.7647624,0.62598413,-3.7418551
861,2026-05-11 16:16:55.922098,1.1373835,1.2863555,2.224215,3.7647624,0.62598413,-3.7418551
862,2026-05-11 16:16:55.924692,1.1373835,1.2863555,2.224215,3.7647624,0.62598413,-3.7418551
863,2026-05-11 16:16:55.927433,1.1373835,1.2863555,2.224215,3.7647624,0.62598413,-3.7418551
864,2026-05-11 16:16:55.930040,1.1373835,1.2863555,2.224215,4.9307513,0.73991054,-3.8029416
865,2026-05-11 16:16:55.933117,1.1373835,1.2863555,2.224215,4.9307513,0.73991054,-3.8029416
866,2026-05-11 16:16:55.935966,1.1373835,1.2863555,2.224215,4.9307513,0.73991054,-3.8029416
867,2026-05-11 16:16:55.938632,1.1373835,1.2863555,2.224215,4.9307513,0.73991054,-3.8029416
868,2026-05-11 16:16:55.941224,1.1373835,1.2863555,2.224215,4.9307513,0.73991054,-3.8029416
869,2026-05-11 16:16:55.944067,1.1373835,1.2863555,2.224215,4.9307513,0.73991054,-3.8029416
870,2026-05-11 16:16:55.946704,1.1373835,1.2863555,2.224215,4.9307513,0.73991054,-3.8029416
871,2026-05-11 16:16:55.949787,1.1373835,1.2863555,2.224215,4.9307513,0.73991054,-3.8029416
872,2026-05-11 16:16:55.952600,1.1373835,1.2863555,2.224215,4.9307513,0.73991054,-3.8029416
873,2026-05-11 16:16:55.955351,1.1373835,1.2863555,2.224215,4.9307513,0.73991054,-3.8029416
874,2026-05-11 16:16:55.958112,1.3165402,1.030243,2.0421314,4.9307513,0.73991054,-3.8029416
875,2026-05-11 16:16:55.960868,1.3165402,1.030243,2.0421314,4.9307513,0.73991054,-3.8029416
876,2026-05-11 16:16:55.963493,1.3165402,1.030243,2.0421314,4.9307513,0.73991054,-3.8029416
877,2026-05-11 16:16:55.966546,1.3165402,1.030243,2.0421314,4.9307513,0.73991054,-3.8029416
878,2026-05-11 16:16:55.969238,1.3165402,1.030243,2.0421314,4.9307513,0.73991054,-3.8029416
879,2026-05-11 16:16:55.971838,1.3165402,1.030243,2.0421314,4.9307513,0.73991054,-3.8029416
880,2026-05-11 16:16:55.974636,1.3165402,1.030243,2.0421314,4.9307513,0.73991054,-3.8029416
881,2026-05-11 16:16:55.977376,1.3165402,1.030243,2.0421314,4.9307513,0.73991054,-3.8029416
882,2026-05-11 16:16:55.980096,1.3165402,1.030243,2.0421314,4.9307513,0.73991054,-3.8029416
883,2026-05-11 16:16:55.983042,1.3165402,1.030243,2.0421314,4.9307513,0.73991054,-3.8029416
884,2026-05-11 16:16:55.985856,1.3165402,1.030243,2.0421314,4.9307513,0.73991054,-3.8029416
885,2026-05-11 16:16:55.988635,1.3165402,1.030243,2.0421314,4.9307513,0.73991054,-3.8029416
886,2026-05-11 16:16:55.991475,1.370019,0.7568734,1.7636395,6.3244405,0.32162055,-4.2386413
887,2026-05-11 16:16:55.994244,1.370019,0.7568734,1.7636395,6.3244405,0.32162055,-4.2386413
888,2026-05-11 16:16:55.996874,1.370019,0.7568734,1.7636395,6.3244405,0.32162055,-4.2386413
889,2026-05-11 16:16:55.999988,1.370019,0.7568734,1.7636395,6.3244405,0.32162055,-4.2386413
890,2026-05-11 16:16:56.002677,1.370019,0.7568734,1.7636395,6.3244405,0.32162055,-4.2386413
891,2026-05-11 16:16:56.005324,1.370019,0.7568734,1.7636395,6.3244405,0.32162055,-4.2386413
892,2026-05-11 16:16:56.007918,1.370019,0.7568734,1.7636395,6.3244405,0.32162055,-4.2386413
893,2026-05-11 16:16:56.010766,1.370019,0.7568734,1.7636395,6.3244405,0.32162055,-4.2386413
894,2026-05-11 16:16:56.013369,1.370019,0.7568734,1.7636395,6.3244405,0.32162055,-4.2386413
895,2026-05-11 16:16:56.016426,1.370019,0.7568734,1.7636395,6.3244405,0.32162055,-4.2386413
896,2026-05-11 16:16:56.019163,1.370019,0.7568734,1.7636395,6.3244405,0.32162055,-4.2386413
897,2026-05-11 16:16:56.022008,1.370019,0.7568734,1.7636395,6.3244405,0.32162055,-4.2386413
898,2026-05-11 16:16:56.024673,1.370019,0.7568734,1.7636395,6.3244405,0.32162055,-4.2386413
899,2026-05-11 16:16:56.027267,1.370019,0.7568734,1.7636395,6.3244405,0.32162055,-4.2386413
900,2026-05-11 16:16:56.030012,1.370019,0.7568734,1.7636395,6.3244405,0.32162055,-4.2386413
901,2026-05-11 16:16:56.032980,1.370019,0.7568734,1.7636395,6.3244405,0.32162055,-4.2386413
902,2026-05-11 16:16:56.035743,1.370019,0.7568734,1.7636395,6.3244405,0.32162055,-4.2386413
903,2026-05-11 16:16:56.038418,1.370019,0.7568734,1.7636395,6.3244405,0.32162055,-4.2386413
904,2026-05-11 16:16:56.041091,1.370019,0.7568734,1.7636395,6.3244405,0.32162055,-4.2386413
905,2026-05-11 16:16:56.043872,1.370019,0.7568734,1.7636395,6.3244405,0.32162055,-4.2386413
906,2026-05-11 16:16:56.046496,1.370019,0.7568734,1.7636395,6.3244405,0.32162055,-4.2386413
907,2026-05-11 16:16:56.049663,1.370019,0.7568734,1.7636395,6.3244405,0.32162055,-4.2386413
908,2026-05-11 16:16:56.052399,1.370019,0.7568734,1.7636395,6.3244405,0.32162055,-4.2386413
909,2026-05-11 16:16:56.055014,1.370019,0.7568734,1.7636395,6.3244405,0.32162055,-4.2386413
910,2026-05-11 16:16:56.057733,1.370019,0.7568734,1.7636395,6.3244405,0.32162055,-4.2386413
911,2026-05-11 16:16:56.060406,1.3668481,0.523872,1.4908187,6.3244405,0.32162055,-4.2386413
912,2026-05-11 16:16:56.063120,1.3668481,0.523872,1.4908187,6.3244405,0.32162055,-4.2386413
913,2026-05-11 16:16:56.066011,1.3668481,0.523872,1.4908187,6.3244405,0.32162055,-4.2386413
914,2026-05-11 16:16:56.068776,1.3668481,0.523872,1.4908187,6.3244405,0.32162055,-4.2386413
915,2026-05-11 16:16:56.071548,1.3668481,0.523872,1.4908187,6.3244405,0.32162055,-4.2386413
916,2026-05-11 16:16:56.074172,1.3668481,0.523872,1.4908187,6.3244405,0.32162055,-4.2386413
917,2026-05-11 16:16:56.076966,1.3668481,0.523872,1.4908187,6.3244405,0.32162055,-4.2386413
918,2026-05-11 16:16:56.079566,1.3668481,0.523872,1.4908187,6.3244405,0.32162055,-4.2386413
919,2026-05-11 16:16:56.082631,1.3668481,0.523872,1.4908187,6.3244405,0.32162055,-4.2386413
920,2026-05-11 16:16:56.085427,1.3668481,0.523872,1.4908187,6.3244405,0.32162055,-4.2386413
921,2026-05-11 16:16:56.088239,1.3668481,0.523872,1.4908187,6.5666485,0.08200866,-4.4700065
922,2026-05-11 16:16:56.090938,1.3668481,0.523872,1.4908187,6.5666485,0.08200866,-4.4700065
923,2026-05-11 16:16:56.093604,1.3668481,0.523872,1.4908187,6.5666485,0.08200866,-4.4700065
924,2026-05-11 16:16:56.096166,1.3668481,0.523872,1.4908187,6.5666485,0.08200866,-4.4700065
925,2026-05-11 16:16:56.099330,1.3668481,0.523872,1.4908187,6.5666485,0.08200866,-4.4700065
926,2026-05-11 16:16:56.102195,1.3668481,0.523872,1.4908187,6.5666485,0.08200866,-4.4700065
927,2026-05-11 16:16:56.104970,1.425693,0.40703595,1.3997158,6.5205283,-0.018784106,-4.5904994
928,2026-05-11 16:16:56.107580,1.425693,0.40703595,1.3997158,6.5205283,-0.018784106,-4.5904994
929,2026-05-11 16:16:56.110141,1.425693,0.40703595,1.3997158,6.5205283,-0.018784106,-4.5904994
930,2026-05-11 16:16:56.112881,1.425693,0.40703595,1.3997158,6.5205283,-0.018784106,-4.5904994
931,2026-05-11 16:16:56.115866,1.425693,0.40703595,1.3997158,6.5205283,-0.018784106,-4.5904994
932,2026-05-11 16:16:56.118789,1.425693,0.40703595,1.3997158,6.5205283,-0.018784106,-4.5904994
933,2026-05-11 16:16:56.121378,1.425693,0.40703595,1.3997158,6.5205283,-0.018784106,-4.5904994
934,2026-05-11 16:16:56.123948,1.425693,0.40703595,1.3997158,6.5205283,-0.018784106,-4.5904994
935,2026-05-11 16:16:56.126591,1.425693,0.40703595,1.3997158,6.5205283,-0.018784106,-4.5904994
936,2026-05-11 16:16:56.129131,1.425693,0.40703595,1.3997158,6.5205283,-0.018784106,-4.5904994
937,2026-05-11 16:16:56.132365,1.425693,0.40703595,1.3997158,6.261216,-0.24083363,-4.9475503
938,2026-05-11 16:16:56.135286,1.6480839,0.19104773,1.4866722,6.261216,-0.24083363,-4.9475503
939,2026-05-11 16:16:56.137893,1.6480839,0.19104773,1.4866722,6.261216,-0.24083363,-4.9475503
940,2026-05-11 16:16:56.140850,1.6480839,0.19104773,1.4866722,6.261216,-0.24083363,-4.9475503
941,2026-05-11 16:16:56.143518,1.6480839,0.19104773,1.4866722,6.261216,-0.24083363,-4.9475503
942,2026-05-11 16:16:56.146261,1.6480839,0.19104773,1.4866722,6.261216,-0.24083363,-4.9475503
943,2026-05-11 16:16:56.149374,1.6480839,0.19104773,1.4866722,6.261216,-0.24083363,-4.9475503
944,2026-05-11 16:16:56.152221,1.6480839,0.19104773,1.4866722,6.261216,-0.24083363,-4.9475503
945,2026-05-11 16:16:56.154909,1.6480839,0.19104773,1.4866722,6.261216,-0.24083363,-4.9475503
946,2026-05-11 16:16:56.157554,1.6480839,0.19104773,1.4866722,6.14561,-0.36972618,-5.2001433
947,2026-05-11 16:16:56.160305,1.6480839,0.19104773,1.4866722,6.14561,-0.36972618,-5.2001433
948,2026-05-11 16:16:56.162904,1.6480839,0.19104773,1.4866722,6.14561,-0.36972618,-5.2001433
949,2026-05-11 16:16:56.165865,1.6480839,0.19104773,1.4866722,5.996253,-0.6275113,-5.7873373
950,2026-05-11 16:16:56.168723,1.6480839,0.19104773,1.4866722,5.996253,-0.6275113,-5.7873373
951,2026-05-11 16:16:56.171506,1.6480839,0.19104773,1.4866722,5.996253,-0.6275113,-5.7873373
952,2026-05-11 16:16:56.174101,1.6480839,0.19104773,1.4866722,5.996253,-0.6275113,-5.7873373
953,2026-05-11 16:16:56.176946,1.6480839,0.19104773,1.4866722,5.996253,-0.6275113,-5.7873373
954,2026-05-11 16:16:56.179601,1.6480839,0.19104773,1.4866722,5.996253,-0.6275113,-5.7873373
955,2026-05-11 16:16:56.182527,1.6480839,0.19104773,1.4866722,5.996253,-0.6275113,-5.7873373
956,2026-05-11 16:16:56.185492,1.6480839,0.19104773,1.4866722,5.996253,-0.6275113,-5.7873373
957,2026-05-11 16:16:56.188128,1.6480839,0.19104773,1.4866722,5.996253,-0.6275113,-5.7873373
958,2026-05-11 16:16:56.191032,1.6480839,0.19104773,1.4866722,5.996253,-0.6275113,-5.7873373
959,2026-05-11 16:16:56.193919,1.8604745,-0.19738956,2.1724439,5.996253,-0.6275113,-5.7873373
960,2026-05-11 16:16:56.196568,1.8604745,-0.19738956,2.1724439,5.996253,-0.6275113,-5.7873373
961,2026-05-11 16:16:56.199789,1.8604745,-0.19738956,2.1724439,6.088494,-0.8344419,-6.1388903
962,2026-05-11 16:16:56.202631,1.8604745,-0.19738956,2.1724439,6.088494,-0.8344419,-6.1388903
963,2026-05-11 16:16:56.205244,1.8604745,-0.19738956,2.1724439,6.088494,-0.8344419,-6.1388903
964,2026-05-11 16:16:56.207849,1.8604745,-0.19738956,2.1724439,6.088494,-0.8344419,-6.1388903
965,2026-05-11 16:16:56.210566,1.8604745,-0.19738956,2.1724439,6.088494,-0.8344419,-6.1388903
966,2026-05-11 16:16:56.213473,1.8604745,-0.19738956,2.1724439,6.4666195,-1.1039863,-6.5160995
967,2026-05-11 16:16:56.216611,1.8604745,-0.19738956,2.1724439,6.4666195,-1.1039863,-6.5160995
968,2026-05-11 16:16:56.219569,1.8604745,-0.19738956,2.1724439,6.4666195,-1.1039863,-6.5160995
969,2026-05-11 16:16:56.222270,1.8604745,-0.19738956,2.1724439,6.4666195,-1.1039863,-6.5160995
970,2026-05-11 16:16:56.224951,1.8604745,-0.19738956,2.1724439,6.4666195,-1.1039863,-6.5160995
971,2026-05-11 16:16:56.227729,1.8604745,-0.19738956,2.1724439,6.4666195,-1.1039863,-6.5160995
972,2026-05-11 16:16:56.230367,1.8604745,-0.19738956,2.1724439,6.4666195,-1.1039863,-6.5160995
973,2026-05-11 16:16:56.233471,1.8604745,-0.19738956,2.1724439,6.4666195,-1.1039863,-6.5160995
974,2026-05-11 16:16:56.236241,1.8604745,-0.19738956,2.1724439,6.4666195,-1.1039863,-6.5160995
975,2026-05-11 16:16:56.238859,1.8604745,-0.19738956,2.1724439,6.4666195,-1.1039863,-6.5160995
976,2026-05-11 16:16:56.241676,1.9538945,-0.50862724,2.7859552,6.4666195,-1.1039863,-6.5160995
977,2026-05-11 16:16:56.244366,1.9538945,-0.50862724,2.7859552,7.3019776,-1.527774,-6.971347
978,2026-05-11 16:16:56.246993,1.9538945,-0.50862724,2.7859552,7.3019776,-1.527774,-6.971347
979,2026-05-11 16:16:56.249958,1.9538945,-0.50862724,2.7859552,8.017148,-1.8037324,-7.4311757
980,2026-05-11 16:16:56.252755,1.9538945,-0.50862724,2.7859552,8.017148,-1.8037324,-7.4311757
981,2026-05-11 16:16:56.255490,1.9538945,-0.50862724,2.7859552,8.017148,-1.8037324,-7.4311757
982,2026-05-11 16:16:56.258143,1.9538945,-0.50862724,2.7859552,8.017148,-1.8037324,-7.4311757
983,2026-05-11 16:16:56.260740,1.9538945,-0.50862724,2.7859552,8.017148,-1.8037324,-7.4311757
984,2026-05-11 16:16:56.263573,1.9538945,-0.50862724,2.7859552,8.017148,-1.8037324,-7.4311757
985,2026-05-11 16:16:56.266647,1.9538945,-0.50862724,2.7859552,8.017148,-1.8037324,-7.4311757
986,2026-05-11 16:16:56.269405,1.9538945,-0.50862724,2.7859552,8.017148,-1.8037324,-7.4311757
987,2026-05-11 16:16:56.272017,1.9538945,-0.50862724,2.7859552,8.017148,-1.8037324,-7.4311757
988,2026-05-11 16:16:56.274604,1.9538945,-0.50862724,2.7859552,8.017148,-1.8037324,-7.4311757
989,2026-05-11 16:16:56.277171,1.9538945,-0.50862724,2.7859552,8.017148,-1.8037324,-7.4311757
990,2026-05-11 16:16:56.279889,1.9538945,-0.50862724,2.7859552,8.017148,-1.8037324,-7.4311757
991,2026-05-11 16:16:56.282908,1.9538945,-0.50862724,2.7859552,8.017148,-1.8037324,-7.4311757
992,2026-05-11 16:16:56.285822,1.9538945,-0.50862724,2.7859552,8.017148,-1.8037324,-7.4311757
993,2026-05-11 16:16:56.288467,1.9538945,-0.50862724,2.7859552,8.017148,-1.8037324,-7.4311757
994,2026-05-11 16:16:56.291056,1.9538945,-0.50862724,2.7859552,8.017148,-1.8037324,-7.4311757
995,2026-05-11 16:16:56.293744,1.9538945,-0.50862724,2.7859552,8.017148,-1.8037324,-7.4311757
996,2026-05-11 16:16:56.296423,1.9538945,-0.50862724,2.7859552,8.017148,-1.8037324,-7.4311757
997,2026-05-11 16:16:56.299564,1.9538945,-0.50862724,2.7859552,8.017148,-1.8037324,-7.4311757
998,2026-05-11 16:16:56.302279,1.9538945,-0.50862724,2.7859552,8.017148,-1.8037324,-7.4311757
999,2026-05-11 16:16:56.305002,1.9538945,-0.50862724,2.7859552,8.017148,-1.8037324,-7.4311757
1000,2026-05-11 16:16:56.307622,1.9538945,-0.50862724,2.7859552,8.017148,-1.8037324,-7.4311757
1001,2026-05-11 16:16:56.310178,1.9538945,-0.50862724,2.7859552,8.017148,-1.8037324,-7.4311757
1002,2026-05-11 16:16:56.312781,1.9538945,-0.50862724,2.7859552,8.017148,-1.8037324,-7.4311757
1003,2026-05-11 16:16:56.315806,2.087378,-0.6181458,2.9185848,8.017148,-1.8037324,-7.4311757
1004,2026-05-11 16:16:56.318687,2.087378,-0.6181458,2.9185848,8.533482,-1.8912388,-7.8300705
1005,2026-05-11 16:16:56.321296,2.087378,-0.6181458,2.9185848,8.533482,-1.8912388,-7.8300705
1006,2026-05-11 16:16:56.324009,1.9155387,-0.90236974,2.7827845,9.233075,-1.7756325,-8.206516
1007,2026-05-11 16:16:56.326637,1.9155387,-0.90236974,2.7827845,9.233075,-1.7756325,-8.206516
1008,2026-05-11 16:16:56.329211,1.9155387,-0.90236974,2.7827845,9.233075,-1.7756325,-8.206516
1009,2026-05-11 16:16:56.332269,1.9155387,-0.90236974,2.7827845,9.233075,-1.7756325,-8.206516
1010,2026-05-11 16:16:56.335002,1.9155387,-0.90236974,2.7827845,9.233075,-1.7756325,-8.206516
1011,2026-05-11 16:16:56.337651,1.9155387,-0.90236974,2.7827845,9.233075,-1.7756325,-8.206516
1012,2026-05-11 16:16:56.340458,1.8202282,-1.0265234,2.6715584,9.233075,-1.7756325,-8.206516
1013,2026-05-11 16:16:56.343188,1.7694936,-1.1488476,2.470449,9.233075,-1.7756325,-8.206516
1014,2026-05-11 16:16:56.345967,1.7694936,-1.1488476,2.470449,9.233075,-1.7756325,-8.206516
1015,2026-05-11 16:16:56.348915,1.7694936,-1.1488476,2.470449,9.233075,-1.7756325,-8.206516
1016,2026-05-11 16:16:56.352278,1.7694936,-1.1488476,2.470449,9.233075,-1.7756325,-8.206516
1017,2026-05-11 16:16:56.355013,1.7694936,-1.1488476,2.470449,9.233075,-1.7756325,-8.206516
1018,2026-05-11 16:16:56.357639,1.7694936,-1.1488476,2.470449,9.394955,-1.675298,-8.176584
1019,2026-05-11 16:16:56.360237,1.7694936,-1.1488476,2.470449,9.394955,-1.675298,-8.176584
1020,2026-05-11 16:16:56.362818,1.7694936,-1.1488476,2.470449,9.394955,-1.675298,-8.176584
1021,2026-05-11 16:16:56.365642,1.7694936,-1.1488476,2.470449,9.394955,-1.675298,-8.176584
1022,2026-05-11 16:16:56.369240,1.7694936,-1.1488476,2.470449,9.394955,-1.675298,-8.176584
1023,2026-05-11 16:16:56.372080,1.7694936,-1.1488476,2.470449,9.394955,-1.675298,-8.176584
1024,2026-05-11 16:16:56.374714,1.7694936,-1.1488476,2.470449,9.394955,-1.675298,-8.176584
1025,2026-05-11 16:16:56.377442,1.7694936,-1.1488476,2.470449,9.394955,-1.675298,-8.176584
1026,2026-05-11 16:16:56.380165,1.7694936,-1.1488476,2.470449,9.394955,-1.675298,-8.176584
1027,2026-05-11 16:16:56.383301,1.7694936,-1.1488476,2.470449,9.394955,-1.675298,-8.176584
1028,2026-05-11 16:16:56.386179,1.7694936,-1.1488476,2.470449,9.394955,-1.675298,-8.176584
1029,2026-05-11 16:16:56.389035,1.2492802,-1.3249553,1.8914518,9.436188,-1.6473509,-8.095644
1030,2026-05-11 16:16:56.391904,1.2492802,-1.3249553,1.8914518,9.400147,-1.7805195,-7.8893247
1031,2026-05-11 16:16:56.394613,1.2492802,-1.3249553,1.8914518,9.400147,-1.7805195,-7.8893247
1032,2026-05-11 16:16:56.397220,1.2492802,-1.3249553,1.8914518,9.400147,-1.7805195,-7.8893247
1033,2026-05-11 16:16:56.400355,1.2492802,-1.3249553,1.8914518,9.400147,-1.7805195,-7.8893247
1034,2026-05-11 16:16:56.403051,1.2492802,-1.3249553,1.8914518,9.400147,-1.7805195,-7.8893247
1035,2026-05-11 16:16:56.405644,1.2492802,-1.3249553,1.8914518,9.400147,-1.7805195,-7.8893247
1036,2026-05-11 16:16:56.408445,1.2492802,-1.3249553,1.8914518,9.400147,-1.7805195,-7.8893247
1037,2026-05-11 16:16:56.411313,0.7557758,-1.4188633,1.571799,9.400147,-1.7805195,-7.8893247
1038,2026-05-11 16:16:56.413982,0.7557758,-1.4188633,1.571799,9.400147,-1.7805195,-7.8893247
1039,2026-05-11 16:16:56.417157,0.7557758,-1.4188633,1.571799,9.400147,-1.7805195,-7.8893247
1040,2026-05-11 16:16:56.419967,0.7557758,-1.4188633,1.571799,9.400147,-1.7805195,-7.8893247
1041,2026-05-11 16:16:56.422820,0.7557758,-1.4188633,1.571799,9.411142,-2.0302107,-7.304421
1042,2026-05-11 16:16:56.425564,0.7557758,-1.4188633,1.571799,9.411142,-2.0302107,-7.304421
1043,2026-05-11 16:16:56.428262,0.7557758,-1.4188633,1.571799,9.411142,-2.0302107,-7.304421
1044,2026-05-11 16:16:56.431057,0.7557758,-1.4188633,1.571799,9.390373,-2.4016168,-6.6619434
1045,2026-05-11 16:16:56.434106,0.7557758,-1.4188633,1.571799,9.390373,-2.4016168,-6.6619434
1046,2026-05-11 16:16:56.436922,0.7557758,-1.4188633,1.571799,9.390373,-2.4016168,-6.6619434
1047,2026-05-11 16:16:56.439797,0.7557758,-1.4188633,1.571799,9.390373,-2.4016168,-6.6619434
1048,2026-05-11 16:16:56.442539,0.7557758,-1.4188633,1.571799,9.390373,-2.4016168,-6.6619434
1049,2026-05-11 16:16:56.445132,0.7557758,-1.4188633,1.571799,9.390373,-2.4016168,-6.6619434
1050,2026-05-11 16:16:56.447945,0.7557758,-1.4188633,1.571799,9.390373,-2.4016168,-6.6619434
1051,2026-05-11 16:16:56.451036,0.60442555,-1.5489318,1.1911061,9.390373,-2.4016168,-6.6619434
1052,2026-05-11 16:16:56.453728,0.60442555,-1.5489318,1.1911061,9.390373,-2.4016168,-6.6619434
1053,2026-05-11 16:16:56.456308,0.60442555,-1.5489318,1.1911061,9.390373,-2.4016168,-6.6619434
1054,2026-05-11 16:16:56.458917,0.60442555,-1.5489318,1.1911061,9.390373,-2.4016168,-6.6619434
1055,2026-05-11 16:16:56.461484,0.60442555,-1.5489318,1.1911061,9.390373,-2.4016168,-6.6619434
1056,2026-05-11 16:16:56.464039,0.60442555,-1.5489318,1.1911061,9.390373,-2.4016168,-6.6619434
1057,2026-05-11 16:16:56.467045,0.60442555,-1.5489318,1.1911061,9.390373,-2.4016168,-6.6619434
1058,2026-05-11 16:16:56.469731,0.60442555,-1.5489318,1.1911061,9.390373,-2.4016168,-6.6619434
1059,2026-05-11 16:16:56.472322,0.60442555,-1.5489318,1.1911061,9.390373,-2.4016168,-6.6619434
1060,2026-05-11 16:16:56.475029,0.60442555,-1.5489318,1.1911061,9.390373,-2.4016168,-6.6619434
1061,2026-05-11 16:16:56.477669,0.6325369,-1.6455837,0.6510136,9.067837,-2.7750082,-6.0286293
1062,2026-05-11 16:16:56.480302,0.52637213,-1.7527242,0.16927817,8.184678,-3.0720413,-5.658445
1063,2026-05-11 16:16:56.483505,0.52637213,-1.7527242,0.16927817,8.184678,-3.0720413,-5.658445
1064,2026-05-11 16:16:56.486300,0.52637213,-1.7527242,0.16927817,8.184678,-3.0720413,-5.658445
1065,2026-05-11 16:16:56.488925,0.52637213,-1.7527242,0.16927817,8.184678,-3.0720413,-5.658445
1066,2026-05-11 16:16:56.491601,0.52637213,-1.7527242,0.16927817,8.184678,-3.0720413,-5.658445
1067,2026-05-11 16:16:56.494178,0.52637213,-1.7527242,0.16927817,8.184678,-3.0720413,-5.658445
1068,2026-05-11 16:16:56.496780,0.52637213,-1.7527242,0.16927817,8.184678,-3.0720413,-5.658445
1069,2026-05-11 16:16:56.499787,0.52637213,-1.7527242,0.16927817,8.184678,-3.0720413,-5.658445
1070,2026-05-11 16:16:56.502556,0.52637213,-1.7527242,0.16927817,8.184678,-3.0720413,-5.658445
1071,2026-05-11 16:16:56.505271,0.52637213,-1.7527242,0.16927817,8.184678,-3.0720413,-5.658445
1072,2026-05-11 16:16:56.507842,0.52637213,-1.7527242,0.16927817,8.184678,-3.0720413,-5.658445
1073,2026-05-11 16:16:56.510519,0.3137988,-1.8423026,-0.10835998,7.0478578,-3.0109549,-5.3575935
1074,2026-05-11 16:16:56.513077,0.3137988,-1.8423026,-0.10835998,7.0478578,-3.0109549,-5.3575935
1075,2026-05-11 16:16:56.516206,0.3137988,-1.8423026,-0.10835998,7.0478578,-3.0109549,-5.3575935
1076,2026-05-11 16:16:56.518943,0.3137988,-1.8423026,-0.10835998,7.0478578,-3.0109549,-5.3575935
1077,2026-05-11 16:16:56.521767,0.3137988,-1.8423026,-0.10835998,5.1460814,-2.3200662,-4.7731485
1078,2026-05-11 16:16:56.524611,-0.00085370836,-1.923649,-0.33715382,5.1460814,-2.3200662,-4.7731485
1079,2026-05-11 16:16:56.527306,-0.307335,-2.0425582,-0.2968466,5.1460814,-2.3200662,-4.7731485
1080,2026-05-11 16:16:56.529982,-0.307335,-2.0425582,-0.2968466,5.1460814,-2.3200662,-4.7731485
1081,2026-05-11 16:16:56.533113,-0.307335,-2.0425582,-0.2968466,5.1460814,-2.3200662,-4.7731485
1082,2026-05-11 16:16:56.535880,-0.307335,-2.0425582,-0.2968466,5.1460814,-2.3200662,-4.7731485
1083,2026-05-11 16:16:56.538562,-0.307335,-2.0425582,-0.2968466,5.1460814,-2.3200662,-4.7731485
1084,2026-05-11 16:16:56.541233,-0.307335,-2.0425582,-0.2968466,5.1460814,-2.3200662,-4.7731485
1085,2026-05-11 16:16:56.543799,-0.307335,-2.0425582,-0.2968466,5.1460814,-2.3200662,-4.7731485
1086,2026-05-11 16:16:56.546500,-0.307335,-2.0425582,-0.2968466,5.1460814,-2.3200662,-4.7731485
1087,2026-05-11 16:16:56.549659,-0.307335,-2.0425582,-0.2968466,5.1460814,-2.3200662,-4.7731485
1088,2026-05-11 16:16:56.552530,-0.307335,-2.0425582,-0.2968466,5.1460814,-2.3200662,-4.7731485
1089,2026-05-11 16:16:56.555242,-0.307335,-2.0425582,-0.2968466,5.1460814,-2.3200662,-4.7731485
1090,2026-05-11 16:16:56.557905,-0.307335,-2.0425582,-0.2968466,5.1460814,-2.3200662,-4.7731485
1091,2026-05-11 16:16:56.560508,-0.307335,-2.0425582,-0.2968466,5.1460814,-2.3200662,-4.7731485
1092,2026-05-11 16:16:56.563271,-0.307335,-2.0425582,-0.2968466,3.0251575,-1.6371188,-4.2988114
1093,2026-05-11 16:16:56.566407,-0.307335,-2.0425582,-0.2968466,3.0251575,-1.6371188,-4.2988114
1094,2026-05-11 16:16:56.569159,-0.307335,-2.0425582,-0.2968466,3.0251575,-1.6371188,-4.2988114
1095,2026-05-11 16:16:56.571745,-0.307335,-2.0425582,-0.2968466,3.0251575,-1.6371188,-4.2988114
1096,2026-05-11 16:16:56.574518,-0.307335,-2.0425582,-0.2968466,3.0251575,-1.6371188,-4.2988114
1097,2026-05-11 16:16:56.577235,-0.307335,-2.0425582,-0.2968466,3.0251575,-1.6371188,-4.2988114
1098,2026-05-11 16:16:56.579960,-0.6624167,-2.2450092,0.11695804,0.032375857,-0.09850202,-3.0254629
1099,2026-05-11 16:16:56.583122,-0.6624167,-2.2450092,0.11695804,0.032375857,-0.09850202,-3.0254629
1100,2026-05-11 16:16:56.586169,-0.6624167,-2.2450092,0.11695804,0.032375857,-0.09850202,-3.0254629
1101,2026-05-11 16:16:56.588951,-0.6624167,-2.2450092,0.11695804,0.032375857,-0.09850202,-3.0254629
1102,2026-05-11 16:16:56.591676,-0.6624167,-2.2450092,0.11695804,0.032375857,-0.09850202,-3.0254629
1103,2026-05-11 16:16:56.594267,-0.6624167,-2.2450092,0.11695804,0.032375857,-0.09850202,-3.0254629
1104,2026-05-11 16:16:56.596961,-0.6624167,-2.2450092,0.11695804,0.032375857,-0.09850202,-3.0254629
1105,2026-05-11 16:16:56.599859,-0.6624167,-2.2450092,0.11695804,0.032375857,-0.09850202,-3.0254629
1106,2026-05-11 16:16:56.602545,-0.6624167,-2.2450092,0.11695804,0.032375857,-0.09850202,-3.0254629
1107,2026-05-11 16:16:56.605349,-0.6624167,-2.2450092,0.11695804,0.032375857,-0.09850202,-3.0254629
1108,2026-05-11 16:16:56.607955,-0.6624167,-2.2450092,0.11695804,0.032375857,-0.09850202,-3.0254629
1109,2026-05-11 16:16:56.610553,-0.6624167,-2.2450092,0.11695804,0.032375857,-0.09850202,-3.0254629
1110,2026-05-11 16:16:56.613278,-0.6624167,-2.2450092,0.11695804,0.032375857,-0.09850202,-3.0254629
1111,2026-05-11 16:16:56.616315,-0.6624167,-2.2450092,0.11695804,-0.86666507,0.8388707,-2.2316434
1112,2026-05-11 16:16:56.619212,-0.7648007,-2.3640404,0.52033526,-0.86666507,0.8388707,-2.2316434
1113,2026-05-11 16:16:56.621956,-0.7251033,-2.405445,0.88992995,-0.86666507,0.8388707,-2.2316434
1114,2026-05-11 16:16:56.624784,-0.7251033,-2.405445,0.88992995,-0.86666507,0.8388707,-2.2316434
1115,2026-05-11 16:16:56.627660,-0.5733261,-2.4052014,1.0935394,-0.6021604,1.6372715,-0.8503244
1116,2026-05-11 16:16:56.630400,-0.5733261,-2.4052014,1.0935394,-0.6021604,1.6372715,-0.8503244
1117,2026-05-11 16:16:56.633613,-0.5733261,-2.4052014,1.0935394,-0.6021604,1.6372715,-0.8503244
1118,2026-05-11 16:16:56.636432,-0.5733261,-2.4052014,1.0935394,-0.6021604,1.6372715,-0.8503244
1119,2026-05-11 16:16:56.639091,-0.5733261,-2.4052014,1.0935394,-0.6021604,1.6372715,-0.8503244
1120,2026-05-11 16:16:56.641839,-0.5733261,-2.4052014,1.0935394,-0.6021604,1.6372715,-0.8503244
1121,2026-05-11 16:16:56.644465,-0.5733261,-2.4052014,1.0935394,-0.6021604,1.6372715,-0.8503244
1122,2026-05-11 16:16:56.647209,-0.5733261,-2.4052014,1.0935394,-0.6021604,1.6372715,-0.8503244
1123,2026-05-11 16:16:56.650142,-0.5733261,-2.4052014,1.0935394,-0.6021604,1.6372715,-0.8503244
1124,2026-05-11 16:16:56.653005,-0.41539007,-2.4242268,0.95292145,-0.6021604,1.6372715,-0.8503244
1125,2026-05-11 16:16:56.655642,-0.41539007,-2.4242268,0.95292145,0.05467244,2.065641,-0.27351493
1126,2026-05-11 16:16:56.658313,-0.41539007,-2.4242268,0.95292145,0.05467244,2.065641,-0.27351493
1127,2026-05-11 16:16:56.660934,-0.41539007,-2.4242268,0.95292145,0.05467244,2.065641,-0.27351493
1128,2026-05-11 16:16:56.663450,-0.41539007,-2.4242268,0.95292145,0.05467244,2.065641,-0.27351493
1129,2026-05-11 16:16:56.666445,-0.41539007,-2.4242268,0.95292145,0.05467244,2.065641,-0.27351493
1130,2026-05-11 16:16:56.669169,-0.41539007,-2.4242268,0.95292145,0.05467244,2.065641,-0.27351493
1131,2026-05-11 16:16:56.671732,-0.41539007,-2.4242268,0.95292145,0.05467244,2.065641,-0.27351493
1132,2026-05-11 16:16:56.674276,-0.41539007,-2.4242268,0.95292145,0.05467244,2.065641,-0.27351493
1133,2026-05-11 16:16:56.677026,-0.41539007,-2.4242268,0.95292145,0.17379116,2.3113613,-0.11499538
1134,2026-05-11 16:16:56.679586,-0.41539007,-2.4242268,0.95292145,0.17379116,2.3113613,-0.11499538
1135,2026-05-11 16:16:56.682528,-0.41539007,-2.4242268,0.95292145,0.17379116,2.3113613,-0.11499538
1136,2026-05-11 16:16:56.685333,-0.41539007,-2.4242268,0.95292145,0.17379116,2.3113613,-0.11499538
1137,2026-05-11 16:16:56.687908,-0.41539007,-2.4242268,0.95292145,0.17379116,2.3113613,-0.11499538
1138,2026-05-11 16:16:56.690467,-0.41539007,-2.4242268,0.95292145,0.17379116,2.3113613,-0.11499538
1139,2026-05-11 16:16:56.693165,-0.41539007,-2.4242268,0.95292145,0.17379116,2.3113613,-0.11499538
1140,2026-05-11 16:16:56.695722,-0.32715324,-2.441545,0.7672399,0.17379116,2.3113613,-0.11499538
1141,2026-05-11 16:16:56.698421,-0.32715324,-2.441545,0.7672399,0.17379116,2.3113613,-0.11499538
1142,2026-05-11 16:16:56.701366,-0.32715324,-2.441545,0.7672399,0.17379116,2.3113613,-0.11499538
1143,2026-05-11 16:16:56.704021,-0.32715324,-2.441545,0.7672399,0.17379116,2.3113613,-0.11499538
1144,2026-05-11 16:16:56.706709,-0.32715324,-2.441545,0.7672399,0.17379116,2.3113613,-0.11499538
1145,2026-05-11 16:16:56.709293,-0.32715324,-2.441545,0.7672399,0.17379116,2.3113613,-0.11499538
1146,2026-05-11 16:16:56.711912,-0.32715324,-2.441545,0.7672399,0.17379116,2.3113613,-0.11499538
1147,2026-05-11 16:16:56.714513,-0.32715324,-2.441545,0.7672399,0.17379116,2.3113613,-0.11499538
1148,2026-05-11 16:16:56.717443,-0.32715324,-2.441545,0.7672399,0.17379116,2.3113613,-0.11499538
1149,2026-05-11 16:16:56.720158,-0.32715324,-2.441545,0.7672399,0.17379116,2.3113613,-0.11499538
1150,2026-05-11 16:16:56.722726,-0.32715324,-2.441545,0.7672399,0.17379116,2.3113613,-0.11499538
1151,2026-05-11 16:16:56.725428,-0.32715324,-2.441545,0.7672399,0.17928895,3.0477595,0.27687466
1152,2026-05-11 16:16:56.728144,-0.45301422,-2.2239103,-0.1372641,-0.22052236,3.4997997,0.6730208
1153,2026-05-11 16:16:56.730751,-0.45301422,-2.2239103,-0.1372641,-0.22052236,3.4997997,0.6730208
1154,2026-05-11 16:16:56.734005,-0.45301422,-2.2239103,-0.1372641,-0.22052236,3.4997997,0.6730208
1155,2026-05-11 16:16:56.736859,-0.45301422,-2.2239103,-0.1372641,-0.22052236,3.4997997,0.6730208
1156,2026-05-11 16:16:56.739499,-0.45301422,-2.2239103,-0.1372641,-0.22052236,3.4997997,0.6730208
1157,2026-05-11 16:16:56.742271,-0.45301422,-2.2239103,-0.1372641,-0.9992228,3.7186422,1.2301298
1158,2026-05-11 16:16:56.744906,-0.45301422,-2.2239103,-0.1372641,-0.9992228,3.7186422,1.2301298
1159,2026-05-11 16:16:56.747479,-0.45301422,-2.2239103,-0.1372641,-0.9992228,3.7186422,1.2301298
1160,2026-05-11 16:16:56.750802,-0.45301422,-2.2239103,-0.1372641,-0.9992228,3.7186422,1.2301298
1161,2026-05-11 16:16:56.753631,-0.45301422,-2.2239103,-0.1372641,-0.9992228,3.7186422,1.2301298
1162,2026-05-11 16:16:56.756388,-0.45301422,-2.2239103,-0.1372641,-0.9992228,3.7186422,1.2301298
1163,2026-05-11 16:16:56.759091,-0.45301422,-2.2239103,-0.1372641,-0.9992228,3.7186422,1.2301298
1164,2026-05-11 16:16:56.761867,-0.45301422,-2.2239103,-0.1372641,-0.9992228,3.7186422,1.2301298
1165,2026-05-11 16:16:56.764495,-0.45301422,-2.2239103,-0.1372641,-0.9992228,3.7186422,1.2301298
1166,2026-05-11 16:16:56.767831,-0.45301422,-2.2239103,-0.1372641,-0.9992228,3.7186422,1.2301298
1167,2026-05-11 16:16:56.770727,-0.6799787,-1.9008425,-0.6158896,-3.0204232,3.9376373,2.3721426
1168,2026-05-11 16:16:56.773358,-0.6799787,-1.9008425,-0.6158896,-3.0204232,3.9376373,2.3721426
1169,2026-05-11 16:16:56.775933,-0.6799787,-1.9008425,-0.6158896,-3.0204232,3.9376373,2.3721426
1170,2026-05-11 16:16:56.778787,-0.6799787,-1.9008425,-0.6158896,-3.0204232,3.9376373,2.3721426
1171,2026-05-11 16:16:56.781413,-0.6799787,-1.9008425,-0.6158896,-3.0204232,3.9376373,2.3721426
1172,2026-05-11 16:16:56.784821,-0.6433302,-1.7303449,-0.667356,-3.0204232,3.9376373,2.3721426
1173,2026-05-11 16:16:56.787688,-0.61509687,-1.5860682,-0.6843692,-4.321566,4.181831,2.8389962
1174,2026-05-11 16:16:56.790418,-0.61509687,-1.5860682,-0.6843692,-4.321566,4.181831,2.8389962
1175,2026-05-11 16:16:56.793134,-0.63125634,-1.5387483,-0.67656386,-5.148983,4.3527203,3.100141
1176,2026-05-11 16:16:56.795762,-0.63125634,-1.5387483,-0.67656386,-5.148983,4.3527203,3.100141
1177,2026-05-11 16:16:56.798604,-0.67363685,-1.4391693,-0.51722527,-7.1393347,4.628068,3.7994292
1178,2026-05-11 16:16:56.802281,-0.3855713,-1.3564206,-0.17604686,-8.246528,4.68946,4.245666
1179,2026-05-11 16:16:56.805153,-0.3855713,-1.3564206,-0.17604686,-8.984453,4.5909576,4.54667
1180,2026-05-11 16:16:56.807771,-0.3855713,-1.3564206,-0.17604686,-8.984453,4.5909576,4.54667
1181,2026-05-11 16:16:56.810360,-0.3855713,-1.3564206,-0.17604686,-8.984453,4.5909576,4.54667
1182,2026-05-11 16:16:56.813206,-0.3855713,-1.3564206,-0.17604686,-8.984453,4.5909576,4.54667
1183,2026-05-11 16:16:56.815930,-0.3855713,-1.3564206,-0.17604686,-8.984453,4.5909576,4.54667
1184,2026-05-11 16:16:56.819429,-0.3855713,-1.3564206,-0.17604686,-8.984453,4.5909576,4.54667
1185,2026-05-11 16:16:56.822309,-0.3855713,-1.3564206,-0.17604686,-8.984453,4.5909576,4.54667
1186,2026-05-11 16:16:56.825005,-0.3855713,-1.3564206,-0.17604686,-8.984453,4.5909576,4.54667
1187,2026-05-11 16:16:56.827666,-0.3855713,-1.3564206,-0.17604686,-8.984453,4.5909576,4.54667
1188,2026-05-11 16:16:56.830271,-0.3855713,-1.3564206,-0.17604686,-8.984453,4.5909576,4.54667
1189,2026-05-11 16:16:56.833462,-0.3855713,-1.3564206,-0.17604686,-8.984453,4.5909576,4.54667
1190,2026-05-11 16:16:56.836211,-0.3855713,-1.3564206,-0.17604686,-8.984453,4.5909576,4.54667
1191,2026-05-11 16:16:56.839016,-0.3855713,-1.3564206,-0.17604686,-8.984453,4.5909576,4.54667
1192,2026-05-11 16:16:56.841794,-0.3855713,-1.3564206,-0.17604686,-8.984453,4.5909576,4.54667
1193,2026-05-11 16:16:56.844501,-0.3855713,-1.3564206,-0.17604686,-8.984453,4.5909576,4.54667
1194,2026-05-11 16:16:56.847207,-0.3855713,-1.3564206,-0.17604686,-8.984453,4.5909576,4.54667
1195,2026-05-11 16:16:56.850267,-0.3855713,-1.3564206,-0.17604686,-8.984453,4.5909576,4.54667
1196,2026-05-11 16:16:56.852995,-0.3855713,-1.3564206,-0.17604686,-10.148457,3.7658315,4.8731775
1197,2026-05-11 16:16:56.855684,-0.3855713,-1.3564206,-0.17604686,-10.148457,3.7658315,4.8731775
1198,2026-05-11 16:16:56.858388,-0.3855713,-1.3564206,-0.17604686,-10.148457,3.7658315,4.8731775
1199,2026-05-11 16:16:56.861117,-0.3855713,-1.3564206,-0.17604686,-10.148457,3.7658315,4.8731775
1200,2026-05-11 16:16:56.863690,-0.3855713,-1.3564206,-0.17604686,-10.148457,3.7658315,4.8731775
1201,2026-05-11 16:16:56.866629,-0.3855713,-1.3564206,-0.17604686,-10.148457,3.7658315,4.8731775
1202,2026-05-11 16:16:56.869366,-0.3855713,-1.3564206,-0.17604686,-10.148457,3.7658315,4.8731775
1203,2026-05-11 16:16:56.871940,-0.3855713,-1.3564206,-0.17604686,-10.148457,3.7658315,4.8731775
1204,2026-05-11 16:16:56.874521,-0.3855713,-1.3564206,-0.17604686,-10.148457,3.7658315,4.8731775
1205,2026-05-11 16:16:56.877444,0.22952558,-1.1780565,0.3234945,-10.148457,3.7658315,4.8731775
1206,2026-05-11 16:16:56.880353,0.22952558,-1.1780565,0.3234945,-10.290483,2.982855,4.744896
1207,2026-05-11 16:16:56.883485,0.22952558,-1.1780565,0.3234945,-10.290483,2.982855,4.744896
1208,2026-05-11 16:16:56.886369,0.7458362,-0.89419854,0.86767256,-10.290483,2.982855,4.744896
1209,2026-05-11 16:16:56.889095,1.0931736,-0.6240608,1.2894655,-10.004751,1.9031507,4.3501244
1210,2026-05-11 16:16:56.891749,1.1314075,-0.5274698,1.4203877,-10.004751,1.9031507,4.3501244
1211,2026-05-11 16:16:56.894490,1.1314075,-0.5274698,1.4203877,-10.004751,1.9031507,4.3501244
1212,2026-05-11 16:16:56.897104,1.1314075,-0.5274698,1.4203877,-10.004751,1.9031507,4.3501244
1213,2026-05-11 16:16:56.900163,1.1314075,-0.5274698,1.4203877,-10.004751,1.9031507,4.3501244
1214,2026-05-11 16:16:56.902951,1.1314075,-0.5274698,1.4203877,-10.004751,1.9031507,4.3501244
1215,2026-05-11 16:16:56.905692,1.1314075,-0.5274698,1.4203877,-10.004751,1.9031507,4.3501244
1216,2026-05-11 16:16:56.908299,1.1314075,-0.5274698,1.4203877,-10.004751,1.9031507,4.3501244
1217,2026-05-11 16:16:56.911118,1.1314075,-0.5274698,1.4203877,-9.579284,1.1756102,3.8779254
1218,2026-05-11 16:16:56.913730,1.1314075,-0.5274698,1.4203877,-9.579284,1.1756102,3.8779254
1219,2026-05-11 16:16:56.916782,1.1314075,-0.5274698,1.4203877,-9.579284,1.1756102,3.8779254
1220,2026-05-11 16:16:56.919591,1.1314075,-0.5274698,1.4203877,-9.579284,1.1756102,3.8779254
1221,2026-05-11 16:16:56.922178,1.1314075,-0.5274698,1.4203877,-9.579284,1.1756102,3.8779254
1222,2026-05-11 16:16:56.924755,1.1314075,-0.5274698,1.4203877,-9.579284,1.1756102,3.8779254
1223,2026-05-11 16:16:56.927495,1.1314075,-0.5274698,1.4203877,-9.579284,1.1756102,3.8779254
1224,2026-05-11 16:16:56.930086,1.1314075,-0.5274698,1.4203877,-9.579284,1.1756102,3.8779254
1225,2026-05-11 16:16:56.933236,1.1314075,-0.5274698,1.4203877,-9.579284,1.1756102,3.8779254
1226,2026-05-11 16:16:56.936116,1.1314075,-0.5274698,1.4203877,-9.579284,1.1756102,3.8779254
1227,2026-05-11 16:16:56.938912,1.0791484,-0.50905406,1.425571,-9.469633,1.0483974,3.749491
1228,2026-05-11 16:16:56.941613,1.0791484,-0.50905406,1.425571,-9.469633,1.0483974,3.749491
1229,2026-05-11 16:16:56.944318,1.0791484,-0.50905406,1.425571,-9.469633,1.0483974,3.749491
1230,2026-05-11 16:16:56.947015,1.0791484,-0.50905406,1.425571,-9.469633,1.0483974,3.749491
1231,2026-05-11 16:16:56.950181,1.0791484,-0.50905406,1.425571,-9.469633,1.0483974,3.749491
1232,2026-05-11 16:16:56.972304,1.0791484,-0.50905406,1.425571,-9.469633,1.0483974,3.749491
1233,2026-05-11 16:16:56.978602,1.0791484,-0.50905406,1.425571,-9.469633,1.0483974,3.749491
1234,2026-05-11 16:16:56.982841,1.0791484,-0.50905406,1.425571,-9.469633,1.0483974,3.749491
1235,2026-05-11 16:16:56.992416,1.0791484,-0.50905406,1.425571,-9.320429,1.0348058,3.684281
1236,2026-05-11 16:16:56.995654,1.0791484,-0.50905406,1.425571,-9.320429,1.0348058,3.684281
1237,2026-05-11 16:16:56.999412,1.0422559,-0.4200855,1.5210644,-9.320429,1.0348058,3.684281
1238,2026-05-11 16:16:57.002465,1.0422559,-0.4200855,1.5210644,-9.320429,1.0348058,3.684281
1239,2026-05-11 16:16:57.005604,1.0422559,-0.4200855,1.5210644,-9.320429,1.0348058,3.684281
1240,2026-05-11 16:16:57.008528,1.0422559,-0.4200855,1.5210644,-9.320429,1.0348058,3.684281
1241,2026-05-11 16:16:57.011562,1.0422559,-0.4200855,1.5210644,-9.320429,1.0348058,3.684281
1242,2026-05-11 16:16:57.014653,1.0422559,-0.4200855,1.5210644,-9.320429,1.0348058,3.684281
1243,2026-05-11 16:16:57.018404,1.0422559,-0.4200855,1.5210644,-9.320429,1.0348058,3.684281
1244,2026-05-11 16:16:57.021391,1.0422559,-0.4200855,1.5210644,-9.21704,0.991587,3.6824484
1245,2026-05-11 16:16:57.024224,1.0422559,-0.4200855,1.5210644,-9.21704,0.991587,3.6824484
1246,2026-05-11 16:16:57.026946,1.0422559,-0.4200855,1.5210644,-9.21704,0.991587,3.6824484
1247,2026-05-11 16:16:57.029707,1.0422559,-0.4200855,1.5210644,-9.21704,0.991587,3.6824484
1248,2026-05-11 16:16:57.032912,1.0758555,-0.32837284,1.5443585,-9.21704,0.991587,3.6824484
1249,2026-05-11 16:16:57.035854,1.0758555,-0.32837284,1.5443585,-9.21704,0.991587,3.6824484
1250,2026-05-11 16:16:57.038570,1.0758555,-0.32837284,1.5443585,-9.21704,0.991587,3.6824484
1251,2026-05-11 16:16:57.041182,1.0758555,-0.32837284,1.5443585,-9.21704,0.991587,3.6824484
1252,2026-05-11 16:16:57.043939,1.0758555,-0.32837284,1.5443585,-9.21704,0.991587,3.6824484
1253,2026-05-11 16:16:57.046525,1.0758555,-0.32837284,1.5443585,-9.21704,0.991587,3.6824484
1254,2026-05-11 16:16:57.049694,1.0758555,-0.32837284,1.5443585,-9.21704,0.991587,3.6824484
1255,2026-05-11 16:16:57.052718,1.0758555,-0.32837284,1.5443585,-9.21704,0.991587,3.6824484
1256,2026-05-11 16:16:57.055421,1.0758555,-0.32837284,1.5443585,-9.21704,0.991587,3.6824484
1257,2026-05-11 16:16:57.058143,1.0758555,-0.32837284,1.5443585,-9.21704,0.991587,3.6824484
1258,2026-05-11 16:16:57.060807,1.0758555,-0.32837284,1.5443585,-9.21704,0.991587,3.6824484
1259,2026-05-11 16:16:57.063482,1.1121991,-0.3064203,1.4423403,-9.145569,0.6256787,3.5810447
1260,2026-05-11 16:16:57.066630,1.1121991,-0.3064203,1.4423403,-9.145569,0.6256787,3.5810447
1261,2026-05-11 16:16:57.069345,1.1121991,-0.3064203,1.4423403,-9.145569,0.6256787,3.5810447
1262,2026-05-11 16:16:57.072023,1.1121991,-0.3064203,1.4423403,-9.145569,0.6256787,3.5810447
1263,2026-05-11 16:16:57.074698,1.1121991,-0.3064203,1.4423403,-9.145569,0.6256787,3.5810447
1264,2026-05-11 16:16:57.077320,1.1121991,-0.3064203,1.4423403,-9.145569,0.6256787,3.5810447
1265,2026-05-11 16:16:57.080131,1.1121991,-0.3064203,1.4423403,-9.145569,0.6256787,3.5810447
1266,2026-05-11 16:16:57.083161,1.1425056,-0.2502585,1.393435,-9.275989,0.46792278,3.5112534
1267,2026-05-11 16:16:57.085983,0.9856673,-0.45258737,1.7588221,-9.275989,0.46792278,3.5112534
1268,2026-05-11 16:16:57.088733,1.0164617,-0.500578,2.1580527,-7.606189,-0.11453723,3.7633882
1269,2026-05-11 16:16:57.091334,1.0164617,-0.500578,2.1580527,-7.606189,-0.11453723,3.7633882
1270,2026-05-11 16:16:57.094203,1.0164617,-0.500578,2.1580527,-7.606189,-0.11453723,3.7633882
1271,2026-05-11 16:16:57.096843,1.0164617,-0.500578,2.1580527,-7.606189,-0.11453723,3.7633882
1272,2026-05-11 16:16:57.099813,1.0164617,-0.500578,2.1580527,-7.606189,-0.11453723,3.7633882
1273,2026-05-11 16:16:57.102736,1.0164617,-0.500578,2.1580527,-7.606189,-0.11453723,3.7633882
1274,2026-05-11 16:16:57.105379,1.0164617,-0.500578,2.1580527,-6.745938,-0.4503604,3.7082574
1275,2026-05-11 16:16:57.108242,1.0164617,-0.500578,2.1580527,-6.745938,-0.4503604,3.7082574
1276,2026-05-11 16:16:57.110861,1.0164617,-0.500578,2.1580527,-6.745938,-0.4503604,3.7082574
1277,2026-05-11 16:16:57.113477,1.0164617,-0.500578,2.1580527,-6.745938,-0.4503604,3.7082574
1278,2026-05-11 16:16:57.116569,1.0164617,-0.500578,2.1580527,-6.745938,-0.4503604,3.7082574
1279,2026-05-11 16:16:57.119256,1.0164617,-0.500578,2.1580527,-6.745938,-0.4503604,3.7082574
1280,2026-05-11 16:16:57.121970,1.0164617,-0.500578,2.1580527,-6.745938,-0.4503604,3.7082574
1281,2026-05-11 16:16:57.124707,1.0164617,-0.500578,2.1580527,-6.745938,-0.4503604,3.7082574
1282,2026-05-11 16:16:57.127344,1.0164617,-0.500578,2.1580527,-6.745938,-0.4503604,3.7082574
1283,2026-05-11 16:16:57.130154,1.0164617,-0.500578,2.1580527,-6.745938,-0.4503604,3.7082574
1284,2026-05-11 16:16:57.133232,1.103296,-0.41356072,2.1620774,-6.745938,-0.4503604,3.7082574
1285,2026-05-11 16:16:57.135997,1.103296,-0.41356072,2.1620774,-6.745938,-0.4503604,3.7082574
1286,2026-05-11 16:16:57.138697,1.103296,-0.41356072,2.1620774,-6.745938,-0.4503604,3.7082574
1287,2026-05-11 16:16:57.141294,1.103296,-0.41356072,2.1620774,-6.745938,-0.4503604,3.7082574
1288,2026-05-11 16:16:57.144077,1.1243949,-0.27940655,2.0782921,-5.749769,-0.85918194,3.6593883
1289,2026-05-11 16:16:57.146696,1.1243949,-0.27940655,2.0782921,-5.749769,-0.85918194,3.6593883
1290,2026-05-11 16:16:57.149604,1.1243949,-0.27940655,2.0782921,-5.749769,-0.85918194,3.6593883
1291,2026-05-11 16:16:57.152327,1.1243949,-0.27940655,2.0782921,-5.749769,-0.85918194,3.6593883
1292,2026-05-11 16:16:57.154891,1.1243949,-0.27940655,2.0782921,-5.749769,-0.85918194,3.6593883
1293,2026-05-11 16:16:57.157690,1.1243949,-0.27940655,2.0782921,-5.749769,-0.85918194,3.6593883
1294,2026-05-11 16:16:57.160474,1.1243949,-0.27940655,2.0782921,-5.749769,-0.85918194,3.6593883
1295,2026-05-11 16:16:57.163124,1.1243949,-0.27940655,2.0782921,-5.749769,-0.85918194,3.6593883
1296,2026-05-11 16:16:57.166211,1.1577505,-0.14019111,1.9717004,-5.749769,-0.85918194,3.6593883
1297,2026-05-11 16:16:57.169085,1.1577505,-0.14019111,1.9717004,-5.749769,-0.85918194,3.6593883
1298,2026-05-11 16:16:57.171932,1.1577505,-0.14019111,1.9717004,-5.749769,-0.85918194,3.6593883
1299,2026-05-11 16:16:57.174546,1.1577505,-0.14019111,1.9717004,-5.749769,-0.85918194,3.6593883
1300,2026-05-11 16:16:57.177373,1.1577505,-0.14019111,1.9717004,-5.086217,-1.1221595,3.6224308
1301,2026-05-11 16:16:57.180072,1.1577505,-0.14019111,1.9717004,-5.086217,-1.1221595,3.6224308
1302,2026-05-11 16:16:57.183074,1.1577505,-0.14019111,1.9717004,-5.086217,-1.1221595,3.6224308
1303,2026-05-11 16:16:57.185935,1.1577505,-0.14019111,1.9717004,-5.086217,-1.1221595,3.6224308
1304,2026-05-11 16:16:57.188704,1.1577505,-0.14019111,1.9717004,-5.086217,-1.1221595,3.6224308
1305,2026-05-11 16:16:57.191324,1.1577505,-0.14019111,1.9717004,-5.086217,-1.1221595,3.6224308
1306,2026-05-11 16:16:57.194125,1.1577505,-0.14019111,1.9717004,-5.086217,-1.1221595,3.6224308
1307,2026-05-11 16:16:57.196744,1.1577505,-0.14019111,1.9717004,-5.086217,-1.1221595,3.6224308
1308,2026-05-11 16:16:57.199837,1.1577505,-0.14019111,1.9717004,-5.086217,-1.1221595,3.6224308
1309,2026-05-11 16:16:57.202794,1.1577505,-0.14019111,1.9717004,-5.086217,-1.1221595,3.6224308
1310,2026-05-11 16:16:57.205460,1.1577505,-0.14019111,1.9717004,-5.086217,-1.1221595,3.6224308
1311,2026-05-11 16:16:57.208076,1.1577505,-0.14019111,1.9717004,-5.086217,-1.1221595,3.6224308
1312,2026-05-11 16:16:57.210744,1.1577505,-0.14019111,1.9717004,-5.086217,-1.1221595,3.6224308
1313,2026-05-11 16:16:57.213360,1.1577505,-0.14019111,1.9717004,-5.086217,-1.1221595,3.6224308
1314,2026-05-11 16:16:57.216502,1.1577505,-0.14019111,1.9717004,-5.086217,-1.1221595,3.6224308
1315,2026-05-11 16:16:57.219317,1.1577505,-0.14019111,1.9717004,-5.086217,-1.1221595,3.6224308
1316,2026-05-11 16:16:57.222157,1.1577505,-0.14019111,1.9717004,-5.086217,-1.1221595,3.6224308
1317,2026-05-11 16:16:57.224843,1.1577505,-0.14019111,1.9717004,-5.086217,-1.1221595,3.6224308
1318,2026-05-11 16:16:57.227453,1.1577505,-0.14019111,1.9717004,-5.086217,-1.1221595,3.6224308
1319,2026-05-11 16:16:57.230240,1.2306206,0.10177423,1.6376565,-4.536896,-1.3139712,3.4715471
1320,2026-05-11 16:16:57.233313,1.2306206,0.10177423,1.6376565,-4.536896,-1.3139712,3.4715471
1321,2026-05-11 16:16:57.236104,1.2306206,0.10177423,1.6376565,-4.536896,-1.3139712,3.4715471
1322,2026-05-11 16:16:57.238776,1.2306206,0.10177423,1.6376565,-4.536896,-1.3139712,3.4715471
1323,2026-05-11 16:16:57.241349,1.2306206,0.10177423,1.6376565,-4.536896,-1.3139712,3.4715471
1324,2026-05-11 16:16:57.244090,1.2306206,0.10177423,1.6376565,-4.536896,-1.3139712,3.4715471
1325,2026-05-11 16:16:57.246778,1.2170832,0.16013129,1.3402612,-4.6848783,-1.180497,3.392593
1326,2026-05-11 16:16:57.249793,1.2170832,0.16013129,1.3402612,-4.6848783,-1.180497,3.392593
1327,2026-05-11 16:16:57.252491,1.2170832,0.16013129,1.3402612,-4.6848783,-1.180497,3.392593
1328,2026-05-11 16:16:57.255190,1.2316571,0.13238578,1.1684217,-5.3528595,-0.6968445,3.2888985
1329,2026-05-11 16:16:57.257779,1.2316571,0.13238578,1.1684217,-5.3528595,-0.6968445,3.2888985
1330,2026-05-11 16:16:57.260539,1.2453165,0.11829959,1.1654949,-6.140112,0.009468411,3.1302261
1331,2026-05-11 16:16:57.263139,1.2453165,0.11829959,1.1654949,-6.140112,0.009468411,3.1302261
1332,2026-05-11 16:16:57.266525,1.1768979,0.10153031,1.2260472,-6.140112,0.009468411,3.1302261
1333,2026-05-11 16:16:57.269482,1.1768979,0.10153031,1.2260472,-6.140112,0.009468411,3.1302261
1334,2026-05-11 16:16:57.272291,1.1768979,0.10153031,1.2260472,-6.140112,0.009468411,3.1302261
1335,2026-05-11 16:16:57.274909,1.1768979,0.10153031,1.2260472,-6.140112,0.009468411,3.1302261
1336,2026-05-11 16:16:57.277713,1.1768979,0.10153031,1.2260472,-6.140112,0.009468411,3.1302261
1337,2026-05-11 16:16:57.280292,1.1768979,0.10153031,1.2260472,-6.140112,0.009468411,3.1302261
1338,2026-05-11 16:16:57.283342,1.1768979,0.10153031,1.2260472,-6.140112,0.009468411,3.1302261
1339,2026-05-11 16:16:57.286059,1.1768979,0.10153031,1.2260472,-6.140112,0.009468411,3.1302261
1340,2026-05-11 16:16:57.288711,1.1768979,0.10153031,1.2260472,-6.140112,0.009468411,3.1302261
1341,2026-05-11 16:16:57.291410,1.1768979,0.10153031,1.2260472,-6.140112,0.009468411,3.1302261
1342,2026-05-11 16:16:57.294093,1.1768979,0.10153031,1.2260472,-6.688516,0.5030475,2.9981265
1343,2026-05-11 16:16:57.296806,1.1768979,0.10153031,1.2260472,-6.688516,0.5030475,2.9981265
1344,2026-05-11 16:16:57.299855,1.1768979,0.10153031,1.2260472,-6.688516,0.5030475,2.9981265
1345,2026-05-11 16:16:57.302835,1.1768979,0.10153031,1.2260472,-6.688516,0.5030475,2.9981265
1346,2026-05-11 16:16:57.305492,1.1768979,0.10153031,1.2260472,-6.688516,0.5030475,2.9981265
1347,2026-05-11 16:16:57.308152,1.1768979,0.10153031,1.2260472,-6.688516,0.5030475,2.9981265
1348,2026-05-11 16:16:57.310826,1.1768979,0.10153031,1.2260472,-7.0432763,0.77931136,2.997974
1349,2026-05-11 16:16:57.313394,1.1768979,0.10153031,1.2260472,-7.0432763,0.77931136,2.997974
1350,2026-05-11 16:16:57.316533,1.1768979,0.10153031,1.2260472,-7.0432763,0.77931136,2.997974
1351,2026-05-11 16:16:57.319292,1.1768979,0.10153031,1.2260472,-7.0432763,0.77931136,2.997974
1352,2026-05-11 16:16:57.321897,1.1768979,0.10153031,1.2260472,-7.0432763,0.77931136,2.997974
1353,2026-05-11 16:16:57.324656,1.1768979,0.10153031,1.2260472,-7.0432763,0.77931136,2.997974
1354,2026-05-11 16:16:57.327388,0.9485919,0.08451713,1.4066675,-7.0432763,0.77931136,2.997974
1355,2026-05-11 16:16:57.329979,0.9485919,0.08451713,1.4066675,-7.0432763,0.77931136,2.997974
1356,2026-05-11 16:16:57.332904,0.9485919,0.08451713,1.4066675,-7.0432763,0.77931136,2.997974
1357,2026-05-11 16:16:57.335647,0.9485919,0.08451713,1.4066675,-7.0432763,0.77931136,2.997974
1358,2026-05-11 16:16:57.338451,0.9485919,0.08451713,1.4066675,-7.0432763,0.77931136,2.997974
1359,2026-05-11 16:16:57.341107,0.9485919,0.08451713,1.4066675,-7.0432763,0.77931136,2.997974
1360,2026-05-11 16:16:57.343818,0.9485919,0.08451713,1.4066675,-7.0432763,0.77931136,2.997974
1361,2026-05-11 16:16:57.346394,0.9485919,0.08451713,1.4066675,-7.0432763,0.77931136,2.997974
1362,2026-05-11 16:16:57.349478,0.9485919,0.08451713,1.4066675,-7.0432763,0.77931136,2.997974
1363,2026-05-11 16:16:57.352191,0.9485919,0.08451713,1.4066675,-7.0432763,0.77931136,2.997974
1364,2026-05-11 16:16:57.354793,0.9485919,0.08451713,1.4066675,-7.0432763,0.77931136,2.997974
1365,2026-05-11 16:16:57.357489,0.9485919,0.08451713,1.4066675,-7.0432763,0.77931136,2.997974
1366,2026-05-11 16:16:57.360095,0.9485919,0.08451713,1.4066675,-7.0432763,0.77931136,2.997974
1367,2026-05-11 16:16:57.362911,0.9390182,0.15378946,1.5246621,-7.0432763,0.77931136,2.997974
1368,2026-05-11 16:16:57.365945,1.4054478,0.47557652,1.700709,-6.394385,-0.5865834,3.485139
1369,2026-05-11 16:16:57.368709,1.4054478,0.47557652,1.700709,-6.394385,-0.5865834,3.485139
1370,2026-05-11 16:16:57.371315,1.4054478,0.47557652,1.700709,-6.394385,-0.5865834,3.485139
1371,2026-05-11 16:16:57.373905,1.4054478,0.47557652,1.700709,-6.394385,-0.5865834,3.485139
1372,2026-05-11 16:16:57.376750,1.4054478,0.47557652,1.700709,-6.394385,-0.5865834,3.485139
1373,2026-05-11 16:16:57.379488,1.4054478,0.47557652,1.700709,-6.394385,-0.5865834,3.485139
1374,2026-05-11 16:16:57.382517,1.4054478,0.47557652,1.700709,-6.394385,-0.5865834,3.485139
1375,2026-05-11 16:16:57.385186,1.4054478,0.47557652,1.700709,-6.394385,-0.5865834,3.485139
1376,2026-05-11 16:16:57.387835,1.4054478,0.47557652,1.700709,-6.394385,-0.5865834,3.485139
1377,2026-05-11 16:16:57.390599,1.4054478,0.47557652,1.700709,-6.394385,-0.5865834,3.485139
1378,2026-05-11 16:16:57.393316,1.4054478,0.47557652,1.700709,-6.394385,-0.5865834,3.485139
1379,2026-05-11 16:16:57.395951,1.4054478,0.47557652,1.700709,-6.394385,-0.5865834,3.485139
1380,2026-05-11 16:16:57.399046,1.4054478,0.47557652,1.700709,-6.394385,-0.5865834,3.485139
1381,2026-05-11 16:16:57.401791,1.4054478,0.47557652,1.700709,-6.394385,-0.5865834,3.485139
1382,2026-05-11 16:16:57.404391,1.4054478,0.47557652,1.700709,-6.394385,-0.5865834,3.485139
1383,2026-05-11 16:16:57.407262,1.4054478,0.47557652,1.700709,-6.394385,-0.5865834,3.485139
1384,2026-05-11 16:16:57.409989,1.911331,0.74479955,1.9235268,-5.8154373,-1.8527542,3.6167803
1385,2026-05-11 16:16:57.412652,1.911331,0.74479955,1.9235268,-5.8154373,-1.8527542,3.6167803
1386,2026-05-11 16:16:57.415627,1.911331,0.74479955,1.9235268,-5.8154373,-1.8527542,3.6167803
1387,2026-05-11 16:16:57.418374,1.911331,0.74479955,1.9235268,-5.8154373,-1.8527542,3.6167803
1388,2026-05-11 16:16:57.421129,1.911331,0.74479955,1.9235268,-5.8154373,-1.8527542,3.6167803
1389,2026-05-11 16:16:57.423886,1.911331,0.74479955,1.9235268,-5.8154373,-1.8527542,3.6167803
1390,2026-05-11 16:16:57.426590,2.356174,0.99292374,2.1435397,-5.394551,-2.3977988,3.6593883
1391,2026-05-11 16:16:57.429251,2.356174,0.99292374,2.1435397,-5.394551,-2.3977988,3.6593883
1392,2026-05-11 16:16:57.432280,2.356174,0.99292374,2.1435397,-5.394551,-2.3977988,3.6593883
1393,2026-05-11 16:16:57.435265,2.356174,0.99292374,2.1435397,-5.394551,-2.3977988,3.6593883
1394,2026-05-11 16:16:57.437879,2.356174,0.99292374,2.1435397,-5.394551,-2.3977988,3.6593883
1395,2026-05-11 16:16:57.440445,2.356174,0.99292374,2.1435397,-5.394551,-2.3977988,3.6593883
1396,2026-05-11 16:16:57.443209,2.356174,0.99292374,2.1435397,-5.394551,-2.3977988,3.6593883
1397,2026-05-11 16:16:57.445802,2.356174,0.99292374,2.1435397,-5.394551,-2.3977988,3.6593883
1398,2026-05-11 16:16:57.448846,2.7897968,1.384593,2.3659308,-5.394551,-2.3977988,3.6593883
1399,2026-05-11 16:16:57.451907,2.7897968,1.384593,2.3659308,-5.394551,-2.3977988,3.6593883
1400,2026-05-11 16:16:57.454617,2.7897968,1.384593,2.3659308,-5.394551,-2.3977988,3.6593883
1401,2026-05-11 16:16:57.457334,2.7897968,1.384593,2.3659308,-5.394551,-2.3977988,3.6593883
1402,2026-05-11 16:16:57.459920,2.7897968,1.384593,2.3659308,-5.394551,-2.3977988,3.6593883
1403,2026-05-11 16:16:57.462781,2.7897968,1.384593,2.3659308,-5.037042,-2.1175644,3.6259434
1404,2026-05-11 16:16:57.465858,2.7897968,1.384593,2.3659308,-5.037042,-2.1175644,3.6259434
1405,2026-05-11 16:16:57.468772,2.7897968,1.384593,2.3659308,-5.037042,-2.1175644,3.6259434
1406,2026-05-11 16:16:57.471430,2.7897968,1.384593,2.3659308,-5.037042,-2.1175644,3.6259434
1407,2026-05-11 16:16:57.474133,2.7897968,1.384593,2.3659308,-5.037042,-2.1175644,3.6259434
1408,2026-05-11 16:16:57.476738,2.7897968,1.384593,2.3659308,-5.037042,-2.1175644,3.6259434
1409,2026-05-11 16:16:57.479313,2.7897968,1.384593,2.3659308,-5.037042,-2.1175644,3.6259434
1410,2026-05-11 16:16:57.482396,2.7897968,1.384593,2.3659308,-5.037042,-2.1175644,3.6259434
1411,2026-05-11 16:16:57.485091,2.7897968,1.384593,2.3659308,-5.037042,-2.1175644,3.6259434
1412,2026-05-11 16:16:57.487710,2.7897968,1.384593,2.3659308,-5.037042,-2.1175644,3.6259434
1413,2026-05-11 16:16:57.490568,2.7897968,1.384593,2.3659308,-4.9313626,-1.6345227,3.5743253
1414,2026-05-11 16:16:57.493244,2.7897968,1.384593,2.3659308,-4.9313626,-1.6345227,3.5743253
1415,2026-05-11 16:16:57.496031,2.7897968,1.384593,2.3659308,-4.9313626,-1.6345227,3.5743253
1416,2026-05-11 16:16:57.499336,2.7897968,1.384593,2.3659308,-4.9313626,-1.6345227,3.5743253
1417,2026-05-11 16:16:57.502212,2.863155,1.6272291,2.4462402,-4.9313626,-1.6345227,3.5743253
1418,2026-05-11 16:16:57.504803,2.863155,1.6272291,2.4462402,-4.9313626,-1.6345227,3.5743253
1419,2026-05-11 16:16:57.507622,2.863155,1.6272291,2.4462402,-4.9313626,-1.6345227,3.5743253
1420,2026-05-11 16:16:57.510319,2.8180914,2.178115,2.8374827,-4.696943,-0.56321776,3.7065775
1421,2026-05-11 16:16:57.513102,2.8180914,2.178115,2.8374827,-4.696943,-0.56321776,3.7065775
1422,2026-05-11 16:16:57.516224,2.8180914,2.178115,2.8374827,-4.696943,-0.56321776,3.7065775
1423,2026-05-11 16:16:57.518961,2.8180914,2.178115,2.8374827,-4.696943,-0.56321776,3.7065775
1424,2026-05-11 16:16:57.521583,2.8180914,2.178115,2.8374827,-4.696943,-0.56321776,3.7065775
1425,2026-05-11 16:16:57.524147,2.8180914,2.178115,2.8374827,-4.696943,-0.56321776,3.7065775
1426,2026-05-11 16:16:57.526788,2.8180914,2.178115,2.8374827,-4.696943,-0.56321776,3.7065775
1427,2026-05-11 16:16:57.529359,2.8180914,2.178115,2.8374827,-4.696943,-0.56321776,3.7065775
1428,2026-05-11 16:16:57.532490,2.8180914,2.178115,2.8374827,-4.696943,-0.56321776,3.7065775
1429,2026-05-11 16:16:57.535310,2.8180914,2.178115,2.8374827,-4.696943,-0.56321776,3.7065775
1430,2026-05-11 16:16:57.537949,2.8180914,2.178115,2.8374827,-4.696943,-0.56321776,3.7065775
1431,2026-05-11 16:16:57.540692,2.8180914,2.178115,2.8374827,-4.696943,-0.56321776,3.7065775
1432,2026-05-11 16:16:57.543294,2.8180914,2.178115,2.8374827,-4.696943,-0.56321776,3.7065775
1433,2026-05-11 16:16:57.546103,2.8180914,2.178115,2.8374827,-4.696943,-0.56321776,3.7065775
1434,2026-05-11 16:16:57.549014,2.8180914,2.178115,2.8374827,-4.696943,-0.56321776,3.7065775
1435,2026-05-11 16:16:57.551858,3.3178766,2.6060667,3.3245842,-4.696943,-0.56321776,3.7065775
1436,2026-05-11 16:16:57.554472,3.3178766,2.6060667,3.3245842,-4.696943,-0.56321776,3.7065775
1437,2026-05-11 16:16:57.557053,3.3178766,2.6060667,3.3245842,-3.885561,-0.44058657,3.694971
1438,2026-05-11 16:16:57.559882,3.3178766,2.6060667,3.3245842,-3.885561,-0.44058657,3.694971
1439,2026-05-11 16:16:57.562730,3.3178766,2.6060667,3.3245842,-3.885561,-0.44058657,3.694971
1440,2026-05-11 16:16:57.565820,3.3178766,2.6060667,3.3245842,-3.885561,-0.44058657,3.694971
1441,2026-05-11 16:16:57.568638,3.3178766,2.6060667,3.3245842,-3.885561,-0.44058657,3.694971
1442,2026-05-11 16:16:57.571426,3.3178766,2.6060667,3.3245842,-3.885561,-0.44058657,3.694971
1443,2026-05-11 16:16:57.574206,3.3178766,2.6060667,3.3245842,-3.885561,-0.44058657,3.694971
1444,2026-05-11 16:16:57.576832,3.3178766,2.6060667,3.3245842,-3.885561,-0.44058657,3.694971
1445,2026-05-11 16:16:57.579399,3.3178766,2.6060667,3.3245842,-3.885561,-0.44058657,3.694971
1446,2026-05-11 16:16:57.582426,3.3178766,2.6060667,3.3245842,-3.885561,-0.44058657,3.694971
1447,2026-05-11 16:16:57.585305,3.7607074,2.914987,3.5759401,-2.7230844,-0.5917757,3.1806226
1448,2026-05-11 16:16:57.587918,3.7607074,2.914987,3.5759401,-2.7230844,-0.5917757,3.1806226
1449,2026-05-11 16:16:57.590527,3.7607074,2.914987,3.5759401,-2.7230844,-0.5917757,3.1806226
1450,2026-05-11 16:16:57.593138,3.7607074,2.914987,3.5759401,-2.7230844,-0.5917757,3.1806226
1451,2026-05-11 16:16:57.595830,3.7607074,2.914987,3.5759401,-2.7230844,-0.5917757,3.1806226
1452,2026-05-11 16:16:57.598755,3.7607074,2.914987,3.5759401,-2.7230844,-0.5917757,3.1806226
1453,2026-05-11 16:16:57.601767,3.7607074,2.914987,3.5759401,-2.7230844,-0.5917757,3.1806226
1454,2026-05-11 16:16:57.604410,3.7607074,2.914987,3.5759401,-2.7230844,-0.5917757,3.1806226
1455,2026-05-11 16:16:57.607020,3.7607074,2.914987,3.5759401,-2.7230844,-0.5917757,3.1806226
1456,2026-05-11 16:16:57.609821,3.772903,3.0163956,3.5456338,-2.7230844,-0.5917757,3.1806226
1457,2026-05-11 16:16:57.612461,3.4078817,2.982918,3.1472569,-1.3941472,-0.6637051,2.3710735
1458,2026-05-11 16:16:57.615698,3.4078817,2.982918,3.1472569,-1.3941472,-0.6637051,2.3710735
1459,2026-05-11 16:16:57.618400,3.4078817,2.982918,3.1472569,-1.3941472,-0.6637051,2.3710735
1460,2026-05-11 16:16:57.621011,3.4078817,2.982918,3.1472569,-1.3941472,-0.6637051,2.3710735
1461,2026-05-11 16:16:57.623725,3.4078817,2.982918,3.1472569,-1.3941472,-0.6637051,2.3710735
1462,2026-05-11 16:16:57.626334,3.4078817,2.982918,3.1472569,-1.3941472,-0.6637051,2.3710735
1463,2026-05-11 16:16:57.629067,3.4078817,2.982918,3.1472569,-1.3941472,-0.6637051,2.3710735
1464,2026-05-11 16:16:57.632169,3.4078817,2.982918,3.1472569,0.29993483,-0.61453044,1.4801265
1465,2026-05-11 16:16:57.635305,3.4078817,2.982918,3.1472569,0.29993483,-0.61453044,1.4801265
1466,2026-05-11 16:16:57.638008,3.4078817,2.982918,3.1472569,0.29993483,-0.61453044,1.4801265
1467,2026-05-11 16:16:57.640628,3.4078817,2.982918,3.1472569,0.29993483,-0.61453044,1.4801265
1468,2026-05-11 16:16:57.643436,3.1773195,2.9680998,2.8152254,0.29993483,-0.61453044,1.4801265
1469,2026-05-11 16:16:57.646091,3.1773195,2.9680998,2.8152254,0.29993483,-0.61453044,1.4801265
1470,2026-05-11 16:16:57.649111,3.1773195,2.9680998,2.8152254,0.29993483,-0.61453044,1.4801265
1471,2026-05-11 16:16:57.652040,3.1773195,2.9680998,2.8152254,0.29993483,-0.61453044,1.4801265
1472,2026-05-11 16:16:57.654800,3.1773195,2.9680998,2.8152254,0.29993483,-0.61453044,1.4801265
1473,2026-05-11 16:16:57.657453,3.1773195,2.9680998,2.8152254,0.29993483,-0.61453044,1.4801265
1474,2026-05-11 16:16:57.660136,3.1773195,2.9680998,2.8152254,0.29993483,-0.61453044,1.4801265
1475,2026-05-11 16:16:57.662736,3.1773195,2.9680998,2.8152254,0.29993483,-0.61453044,1.4801265
1476,2026-05-11 16:16:57.665713,3.1773195,2.9680998,2.8152254,0.29993483,-0.61453044,1.4801265
1477,2026-05-11 16:16:57.668516,3.1773195,2.9680998,2.8152254,0.29993483,-0.61453044,1.4801265
1478,2026-05-11 16:16:57.671101,3.1773195,2.9680998,2.8152254,0.29993483,-0.61453044,1.4801265
1479,2026-05-11 16:16:57.673683,3.1773195,2.9680998,2.8152254,0.29993483,-0.61453044,1.4801265
1480,2026-05-11 16:16:57.676537,3.1773195,2.9680998,2.8152254,0.29993483,-0.61453044,1.4801265
1481,2026-05-11 16:16:57.679288,3.1773195,2.9680998,2.8152254,1.3292428,-0.68966687,1.0509937
1482,2026-05-11 16:16:57.682417,3.1773195,2.9680998,2.8152254,1.3292428,-0.68966687,1.0509937
1483,2026-05-11 16:16:57.685229,3.1773195,2.9680998,2.8152254,1.3292428,-0.68966687,1.0509937
1484,2026-05-11 16:16:57.687946,2.9123042,3.0581052,2.3913589,1.3292428,-0.68966687,1.0509937
1485,2026-05-11 16:16:57.690550,2.9123042,3.0581052,2.3913589,1.3292428,-0.68966687,1.0509937
1486,2026-05-11 16:16:57.693270,2.9123042,3.0581052,2.3913589,1.8431332,-0.753655,0.84665924
1487,2026-05-11 16:16:57.695853,2.9123042,3.0581052,2.3913589,1.8431332,-0.753655,0.84665924
1488,2026-05-11 16:16:57.698986,2.9123042,3.0581052,2.3913589,1.8431332,-0.753655,0.84665924
1489,2026-05-11 16:16:57.702002,2.9123042,3.0581052,2.3913589,1.8431332,-0.753655,0.84665924
1490,2026-05-11 16:16:57.704678,2.9123042,3.0581052,2.3913589,1.8431332,-0.753655,0.84665924
1491,2026-05-11 16:16:57.707369,3.0524952,3.1257312,1.8959644,1.9578232,-0.84940815,0.5120578
1492,2026-05-11 16:16:57.710100,3.1442688,3.026091,1.4778911,1.9578232,-0.84940815,0.5120578
1493,2026-05-11 16:16:57.712875,3.1442688,3.026091,1.4778911,1.321607,-0.6429357,-0.21853705
1494,2026-05-11 16:16:57.715956,3.1442688,3.026091,1.4778911,1.321607,-0.6429357,-0.21853705
1495,2026-05-11 16:16:57.718942,3.1442688,3.026091,1.4778911,1.321607,-0.6429357,-0.21853705
1496,2026-05-11 16:16:57.721678,3.032677,2.9057791,1.4240465,0.5222898,-0.2680171,-0.9104946
1497,2026-05-11 16:16:57.724461,3.032677,2.9057791,1.4240465,0.5222898,-0.2680171,-0.9104946
1498,2026-05-11 16:16:57.727198,3.032677,2.9057791,1.4240465,0.5222898,-0.2680171,-0.9104946
1499,2026-05-11 16:16:57.729807,3.032677,2.9057791,1.4240465,0.5222898,-0.2680171,-0.9104946
1500,2026-05-11 16:16:57.732871,3.032677,2.9057791,1.4240465,0.5222898,-0.2680171,-0.9104946
1501,2026-05-11 16:16:57.735715,3.032677,2.9057791,1.4240465,0.5222898,-0.2680171,-0.9104946
1502,2026-05-11 16:16:57.738338,3.032677,2.9057791,1.4240465,0.5222898,-0.2680171,-0.9104946
1503,2026-05-11 16:16:57.741022,3.032677,2.9057791,1.4240465,0.5222898,-0.2680171,-0.9104946
1504,2026-05-11 16:16:57.743652,3.032677,2.9057791,1.4240465,0.5222898,-0.2680171,-0.9104946
1505,2026-05-11 16:16:57.746205,3.032677,2.9057791,1.4240465,0.5222898,-0.2680171,-0.9104946
1506,2026-05-11 16:16:57.749409,3.032677,2.9057791,1.4240465,0.5222898,-0.2680171,-0.9104946
1507,2026-05-11 16:16:57.752150,3.032677,2.9057791,1.4240465,0.5222898,-0.2680171,-0.9104946
1508,2026-05-11 16:16:57.754840,3.032677,2.9057791,1.4240465,0.5222898,-0.2680171,-0.9104946
1509,2026-05-11 16:16:57.757520,3.032677,2.9057791,1.4240465,0.5222898,-0.2680171,-0.9104946
1510,2026-05-11 16:16:57.760267,3.032677,2.9057791,1.4240465,0.5222898,-0.2680171,-0.9104946
1511,2026-05-11 16:16:57.762905,3.032677,2.9057791,1.4240465,0.5222898,-0.2680171,-0.9104946
1512,2026-05-11 16:16:57.766577,3.032677,2.9057791,1.4240465,0.5222898,-0.2680171,-0.9104946
1513,2026-05-11 16:16:57.769405,3.032677,2.9057791,1.4240465,0.5222898,-0.2680171,-0.9104946
1514,2026-05-11 16:16:57.772058,3.032677,2.9057791,1.4240465,0.5222898,-0.2680171,-0.9104946
1515,2026-05-11 16:16:57.774861,3.032677,2.9057791,1.4240465,0.5222898,-0.2680171,-0.9104946
1516,2026-05-11 16:16:57.777501,3.032677,2.9057791,1.4240465,0.5222898,-0.2680171,-0.9104946
1517,2026-05-11 16:16:57.780206,3.032677,2.9057791,1.4240465,0.5222898,-0.2680171,-0.9104946
1518,2026-05-11 16:16:57.783160,3.032677,2.9057791,1.4240465,0.5222898,-0.2680171,-0.9104946
1519,2026-05-11 16:16:57.785927,3.032677,2.9057791,1.4240465,0.5222898,-0.2680171,-0.9104946
1520,2026-05-11 16:16:57.788557,3.032677,2.9057791,1.4240465,-0.269697,0.09789115,-1.6551393
1521,2026-05-11 16:16:57.791132,3.032677,2.9057791,1.4240465,-0.269697,0.09789115,-1.6551393
1522,2026-05-11 16:16:57.794003,3.032677,2.9057791,1.4240465,-0.269697,0.09789115,-1.6551393
1523,2026-05-11 16:16:57.796654,3.032677,2.9057791,1.4240465,-0.269697,0.09789115,-1.6551393
1524,2026-05-11 16:16:57.799723,2.663387,2.6566184,1.6526574,-0.269697,0.09789115,-1.6551393
1525,2026-05-11 16:16:57.802494,2.663387,2.6566184,1.6526574,-0.269697,0.09789115,-1.6551393
1526,2026-05-11 16:16:57.805082,2.663387,2.6566184,1.6526574,-0.269697,0.09789115,-1.6551393
1527,2026-05-11 16:16:57.807676,2.663387,2.6566184,1.6526574,-0.269697,0.09789115,-1.6551393
1528,2026-05-11 16:16:57.810356,2.663387,2.6566184,1.6526574,-0.269697,0.09789115,-1.6551393
1529,2026-05-11 16:16:57.813026,2.663387,2.6566184,1.6526574,-0.269697,0.09789115,-1.6551393
1530,2026-05-11 16:16:57.816304,2.663387,2.6566184,1.6526574,-0.269697,0.09789115,-1.6551393
1531,2026-05-11 16:16:57.819117,2.663387,2.6566184,1.6526574,-0.269697,0.09789115,-1.6551393
1532,2026-05-11 16:16:57.821882,2.663387,2.6566184,1.6526574,-0.269697,0.09789115,-1.6551393
1533,2026-05-11 16:16:57.824572,2.663387,2.6566184,1.6526574,-0.269697,0.09789115,-1.6551393
1534,2026-05-11 16:16:57.827342,2.663387,2.6566184,1.6526574,-0.269697,0.09789115,-1.6551393
1535,2026-05-11 16:16:57.829954,2.663387,2.6566184,1.6526574,-0.269697,0.09789115,-1.6551393
1536,2026-05-11 16:16:57.833215,2.663387,2.6566184,1.6526574,-0.269697,0.09789115,-1.6551393
1537,2026-05-11 16:16:57.836058,2.663387,2.6566184,1.6526574,-0.269697,0.09789115,-1.6551393
1538,2026-05-11 16:16:57.838823,2.4595947,2.523013,1.8141302,-0.269697,0.09789115,-1.6551393
1539,2026-05-11 16:16:57.841559,2.26001,2.303427,2.0912197,-0.8950703,0.24969117,-2.8651106
1540,2026-05-11 16:16:57.844443,2.26001,2.303427,2.0912197,-0.8950703,0.24969117,-2.8651106
1541,2026-05-11 16:16:57.847092,2.26001,2.303427,2.0912197,-0.8950703,0.24969117,-2.8651106
1542,2026-05-11 16:16:57.850367,2.26001,2.303427,2.0912197,-0.8950703,0.24969117,-2.8651106
1543,2026-05-11 16:16:57.853139,2.26001,2.303427,2.0912197,-0.8950703,0.24969117,-2.8651106
1544,2026-05-11 16:16:57.856077,2.26001,2.303427,2.0912197,-0.8950703,0.24969117,-2.8651106
1545,2026-05-11 16:16:57.858822,2.26001,2.303427,2.0912197,-0.8950703,0.24969117,-2.8651106
1546,2026-05-11 16:16:57.861404,2.26001,2.303427,2.0912197,-0.8950703,0.24969117,-2.8651106
1547,2026-05-11 16:16:57.864124,2.26001,2.303427,2.0912197,-0.8950703,0.24969117,-2.8651106
1548,2026-05-11 16:16:57.867083,2.26001,2.303427,2.0912197,-0.8950703,0.24969117,-2.8651106
1549,2026-05-11 16:16:57.869860,2.26001,2.303427,2.0912197,-0.8950703,0.24969117,-2.8651106
1550,2026-05-11 16:16:57.872643,2.26001,2.303427,2.0912197,-0.8950703,0.24969117,-2.8651106
1551,2026-05-11 16:16:57.875391,2.26001,2.303427,2.0912197,-0.8950703,0.24969117,-2.8651106
1552,2026-05-11 16:16:57.878040,2.26001,2.303427,2.0912197,-0.8950703,0.24969117,-2.8651106
1553,2026-05-11 16:16:57.880757,2.26001,2.303427,2.0912197,-0.8950703,0.24969117,-2.8651106
1554,2026-05-11 16:16:57.883854,2.26001,2.303427,2.0912197,-0.8950703,0.24969117,-2.8651106
1555,2026-05-11 16:16:57.886678,2.127746,2.0923784,2.3461735,-0.8950703,0.24969117,-2.8651106
1556,2026-05-11 16:16:57.889516,2.127746,2.0923784,2.3461735,-0.8950703,0.24969117,-2.8651106
1557,2026-05-11 16:16:57.892320,2.127746,2.0923784,2.3461735,-0.8950703,0.24969117,-2.8651106
1558,2026-05-11 16:16:57.894994,2.127746,2.0923784,2.3461735,-0.8950703,0.24969117,-2.8651106
1559,2026-05-11 16:16:57.897744,1.993348,1.9508456,2.4723394,-0.8188649,0.6977608,-3.7436876
1560,2026-05-11 16:16:57.900819,1.993348,1.9508456,2.4723394,-0.8188649,0.6977608,-3.7436876
1561,2026-05-11 16:16:57.903527,1.993348,1.9508456,2.4723394,-0.8188649,0.6977608,-3.7436876
1562,2026-05-11 16:16:57.906209,1.993348,1.9508456,2.4723394,-0.8188649,0.6977608,-3.7436876
1563,2026-05-11 16:16:57.909015,1.993348,1.9508456,2.4723394,-0.8188649,0.6977608,-3.7436876
1564,2026-05-11 16:16:57.911781,1.993348,1.9508456,2.4723394,-0.4268421,1.4269812,-4.2174134
1565,2026-05-11 16:16:57.914373,1.993348,1.9508456,2.4723394,-0.4268421,1.4269812,-4.2174134
1566,2026-05-11 16:16:57.917625,1.993348,1.9508456,2.4723394,-0.4268421,1.4269812,-4.2174134
1567,2026-05-11 16:16:57.920470,1.6225946,1.6038741,2.7133899,-0.4268421,1.4269812,-4.2174134
1568,2026-05-11 16:16:57.923245,1.6225946,1.6038741,2.7133899,-0.4268421,1.4269812,-4.2174134
1569,2026-05-11 16:16:57.925851,1.6225946,1.6038741,2.7133899,-0.4268421,1.4269812,-4.2174134
1570,2026-05-11 16:16:57.928469,1.6225946,1.6038741,2.7133899,-0.4268421,1.4269812,-4.2174134
1571,2026-05-11 16:16:57.931128,1.6225946,1.6038741,2.7133899,-0.4268421,1.4269812,-4.2174134
1572,2026-05-11 16:16:57.934376,1.463439,1.4216074,2.8081517,0.09743301,1.9927951,-4.341114
1573,2026-05-11 16:16:57.937165,1.463439,1.4216074,2.8081517,0.09743301,1.9927951,-4.341114
1574,2026-05-11 16:16:57.939813,1.463439,1.4216074,2.8081517,0.09743301,1.9927951,-4.341114
1575,2026-05-11 16:16:57.942409,1.463439,1.4216074,2.8081517,0.09743301,1.9927951,-4.341114
1576,2026-05-11 16:16:57.945157,1.463439,1.4216074,2.8081517,0.09743301,1.9927951,-4.341114
1577,2026-05-11 16:16:57.947767,1.463439,1.4216074,2.8081517,0.09743301,1.9927951,-4.341114
1578,2026-05-11 16:16:57.950954,1.463439,1.4216074,2.8081517,0.09743301,1.9927951,-4.341114
1579,2026-05-11 16:16:57.953703,1.463439,1.4216074,2.8081517,0.09743301,1.9927951,-4.341114
1580,2026-05-11 16:16:57.956428,1.2707449,1.065428,2.8473003,0.09743301,1.9927951,-4.341114
1581,2026-05-11 16:16:57.959063,1.2707449,1.065428,2.8473003,0.09743301,1.9927951,-4.341114
1582,2026-05-11 16:16:57.961825,1.2707449,1.065428,2.8473003,1.349096,2.4836254,-4.37181
1583,2026-05-11 16:16:57.964453,1.2707449,1.065428,2.8473003,1.349096,2.4836254,-4.37181
1584,2026-05-11 16:16:57.967795,1.2707449,1.065428,2.8473003,1.349096,2.4836254,-4.37181
1585,2026-05-11 16:16:57.970782,1.2038507,0.6719294,2.7593684,3.7916405,2.3576343,-4.406324
1586,2026-05-11 16:16:57.973578,1.2038507,0.6719294,2.7593684,3.7916405,2.3576343,-4.406324
1587,2026-05-11 16:16:57.976343,1.2038507,0.6719294,2.7593684,3.7916405,2.3576343,-4.406324
1588,2026-05-11 16:16:57.979052,1.448987,0.053234816,2.1734805,5.129283,2.3237314,-4.372726
1589,2026-05-11 16:16:57.982151,1.448987,0.053234816,2.1734805,5.129283,2.3237314,-4.372726
1590,2026-05-11 16:16:57.985143,1.448987,0.053234816,2.1734805,5.129283,2.3237314,-4.372726
1591,2026-05-11 16:16:57.987994,1.448987,0.053234816,2.1734805,5.129283,2.3237314,-4.372726
1592,2026-05-11 16:16:57.990613,1.448987,0.053234816,2.1734805,5.129283,2.3237314,-4.372726
1593,2026-05-11 16:16:57.993171,1.448987,0.053234816,2.1734805,5.129283,2.3237314,-4.372726
1594,2026-05-11 16:16:57.995882,1.448987,0.053234816,2.1734805,5.129283,2.3237314,-4.372726
1595,2026-05-11 16:16:57.998890,1.448987,0.053234816,2.1734805,6.2856507,2.2934935,-4.424344
1596,2026-05-11 16:16:58.001773,1.448987,0.053234816,2.1734805,6.2856507,2.2934935,-4.424344
1597,2026-05-11 16:16:58.004368,1.448987,0.053234816,2.1734805,6.2856507,2.2934935,-4.424344
1598,2026-05-11 16:16:58.007048,1.448987,0.053234816,2.1734805,6.2856507,2.2934935,-4.424344
1599,2026-05-11 16:16:58.009768,1.448987,0.053234816,2.1734805,6.2856507,2.2934935,-4.424344
1600,2026-05-11 16:16:58.012346,1.448987,0.053234816,2.1734805,6.2856507,2.2934935,-4.424344
1601,2026-05-11 16:16:58.015439,1.448987,0.053234816,2.1734805,6.2856507,2.2934935,-4.424344
1602,2026-05-11 16:16:58.018168,1.448987,0.053234816,2.1734805,6.2856507,2.2934935,-4.424344
1603,2026-05-11 16:16:58.020816,1.5064293,-0.1671439,1.8634624,6.2856507,2.2934935,-4.424344
1604,2026-05-11 16:16:58.023429,1.5064293,-0.1671439,1.8634624,6.2856507,2.2934935,-4.424344
1605,2026-05-11 16:16:58.026268,1.5064293,-0.1671439,1.8634624,6.2856507,2.2934935,-4.424344
1606,2026-05-11 16:16:58.029013,1.5064293,-0.1671439,1.8634624,6.2856507,2.2934935,-4.424344
1607,2026-05-11 16:16:58.032272,1.5064293,-0.1671439,1.8634624,7.1961455,2.0647244,-4.6019535
1608,2026-05-11 16:16:58.035166,1.5064293,-0.1671439,1.8634624,7.1961455,2.0647244,-4.6019535
1609,2026-05-11 16:16:58.037768,1.5064293,-0.1671439,1.8634624,7.1961455,2.0647244,-4.6019535
1610,2026-05-11 16:16:58.040562,1.5064293,-0.1671439,1.8634624,7.1961455,2.0647244,-4.6019535
1611,2026-05-11 16:16:58.043284,1.5064293,-0.1671439,1.8634624,7.1961455,2.0647244,-4.6019535
1612,2026-05-11 16:16:58.046035,1.5064293,-0.1671439,1.8634624,7.1961455,2.0647244,-4.6019535
1613,2026-05-11 16:16:58.049392,1.5064293,-0.1671439,1.8634624,7.1961455,2.0647244,-4.6019535
1614,2026-05-11 16:16:58.052216,1.5064293,-0.1671439,1.8634624,7.1961455,2.0647244,-4.6019535
1615,2026-05-11 16:16:58.054955,1.5064293,-0.1671439,1.8634624,7.1961455,2.0647244,-4.6019535
1616,2026-05-11 16:16:58.057606,1.5064293,-0.1671439,1.8634624,7.1961455,2.0647244,-4.6019535
1617,2026-05-11 16:16:58.060186,1.5064293,-0.1671439,1.8634624,7.1961455,2.0647244,-4.6019535
1618,2026-05-11 16:16:58.062935,1.5064293,-0.1671439,1.8634624,7.1961455,2.0647244,-4.6019535
1619,2026-05-11 16:16:58.066058,1.5108808,-0.38953492,1.4466088,7.8053308,1.3541355,-4.8472157
1620,2026-05-11 16:16:58.068824,1.5108808,-0.38953492,1.4466088,7.8053308,1.3541355,-4.8472157
1621,2026-05-11 16:16:58.071461,1.5108808,-0.38953492,1.4466088,7.8053308,1.3541355,-4.8472157
1622,2026-05-11 16:16:58.074116,1.5108808,-0.38953492,1.4466088,7.8053308,1.3541355,-4.8472157
1623,2026-05-11 16:16:58.076828,1.5108808,-0.38953492,1.4466088,7.8053308,1.3541355,-4.8472157
1624,2026-05-11 16:16:58.079417,1.5108808,-0.38953492,1.4466088,7.8053308,1.3541355,-4.8472157
1625,2026-05-11 16:16:58.082375,1.5108808,-0.38953492,1.4466088,7.8053308,1.3541355,-4.8472157
1626,2026-05-11 16:16:58.085101,1.5108808,-0.38953492,1.4466088,7.8053308,1.3541355,-4.8472157
1627,2026-05-11 16:16:58.087941,1.5108808,-0.38953492,1.4466088,7.8053308,1.3541355,-4.8472157
1628,2026-05-11 16:16:58.090699,1.5108808,-0.38953492,1.4466088,7.8053308,1.3541355,-4.8472157
1629,2026-05-11 16:16:58.093304,1.5108808,-0.38953492,1.4466088,7.8053308,1.3541355,-4.8472157
1630,2026-05-11 16:16:58.096040,1.5108808,-0.38953492,1.4466088,7.8053308,1.3541355,-4.8472157
1631,2026-05-11 16:16:58.099061,1.5108808,-0.38953492,1.4466088,7.8053308,1.3541355,-4.8472157
1632,2026-05-11 16:16:58.102038,1.5288087,-0.6457084,1.1436642,7.847175,0.3801109,-5.1670036
1633,2026-05-11 16:16:58.104711,1.5288087,-0.6457084,1.1436642,7.847175,0.3801109,-5.1670036
1634,2026-05-11 16:16:58.107284,1.5288087,-0.6457084,1.1436642,7.847175,0.3801109,-5.1670036
1635,2026-05-11 16:16:58.110038,1.5288087,-0.6457084,1.1436642,7.847175,0.3801109,-5.1670036
1636,2026-05-11 16:16:58.112625,1.5288087,-0.6457084,1.1436642,7.847175,0.3801109,-5.1670036
1637,2026-05-11 16:16:58.115480,1.5288087,-0.6457084,1.1436642,7.847175,0.3801109,-5.1670036
1638,2026-05-11 16:16:58.118516,1.5288087,-0.6457084,1.1436642,7.847175,0.3801109,-5.1670036
1639,2026-05-11 16:16:58.121255,1.5288087,-0.6457084,1.1436642,7.847175,0.3801109,-5.1670036
1640,2026-05-11 16:16:58.123950,1.5288087,-0.6457084,1.1436642,7.847175,0.3801109,-5.1670036
1641,2026-05-11 16:16:58.126672,1.5288087,-0.6457084,1.1436642,7.847175,0.3801109,-5.1670036
1642,2026-05-11 16:16:58.129408,1.4859405,-0.7274814,1.10915,7.847175,0.3801109,-5.1670036
1643,2026-05-11 16:16:58.132692,1.4859405,-0.7274814,1.10915,7.847175,0.3801109,-5.1670036
1644,2026-05-11 16:16:58.135487,1.4859405,-0.7274814,1.10915,7.847175,0.3801109,-5.1670036
1645,2026-05-11 16:16:58.138361,1.4859405,-0.7274814,1.10915,7.847175,0.3801109,-5.1670036
1646,2026-05-11 16:16:58.141131,1.4859405,-0.7274814,1.10915,7.847175,0.3801109,-5.1670036
1647,2026-05-11 16:16:58.143815,1.4859405,-0.7274814,1.10915,7.847175,0.3801109,-5.1670036
1648,2026-05-11 16:16:58.146497,1.4859405,-0.7274814,1.10915,7.847175,0.3801109,-5.1670036
1649,2026-05-11 16:16:58.149551,1.4859405,-0.7274814,1.10915,7.847175,0.3801109,-5.1670036
1650,2026-05-11 16:16:58.152328,1.4859405,-0.7274814,1.10915,7.847175,0.3801109,-5.1670036
1651,2026-05-11 16:16:58.155067,1.4859405,-0.7274814,1.10915,7.847175,0.3801109,-5.1670036
1652,2026-05-11 16:16:58.157839,1.4859405,-0.7274814,1.10915,7.847175,0.3801109,-5.1670036
1653,2026-05-11 16:16:58.160544,1.4859405,-0.7274814,1.10915,7.847175,0.3801109,-5.1670036
1654,2026-05-11 16:16:58.163234,1.4859405,-0.7274814,1.10915,7.847175,0.3801109,-5.1670036
1655,2026-05-11 16:16:58.166147,1.4859405,-0.7274814,1.10915,7.847175,0.3801109,-5.1670036
1656,2026-05-11 16:16:58.168909,1.4859405,-0.7274814,1.10915,7.847175,0.3801109,-5.1670036
1657,2026-05-11 16:16:58.171655,1.4859405,-0.7274814,1.10915,7.847175,0.3801109,-5.1670036
1658,2026-05-11 16:16:58.174286,1.4859405,-0.7274814,1.10915,7.847175,0.3801109,-5.1670036
1659,2026-05-11 16:16:58.177060,1.4859405,-0.7274814,1.10915,7.847175,0.3801109,-5.1670036
1660,2026-05-11 16:16:58.179668,1.4859405,-0.7274814,1.10915,7.847175,0.3801109,-5.1670036
1661,2026-05-11 16:16:58.182731,1.4859405,-0.7274814,1.10915,7.847175,0.3801109,-5.1670036
1662,2026-05-11 16:16:58.199683,1.3662382,-0.7513853,0.9830452,4.861724,0.571159,-6.303213
1663,2026-05-11 16:16:58.202939,1.3662382,-0.7513853,0.9830452,4.861724,0.571159,-6.303213
1664,2026-05-11 16:16:58.212757,1.3662382,-0.7513853,0.9830452,4.3681445,0.49648073,-6.34689
1665,2026-05-11 16:16:58.220597,1.2429993,-0.7927902,1.1172603,4.108985,0.4457789,-6.2760296
1666,2026-05-11 16:16:58.224767,1.2429993,-0.7927902,1.1172603,4.108985,0.4457789,-6.2760296
1667,2026-05-11 16:16:58.227637,1.2429993,-0.7927902,1.1172603,4.108985,0.4457789,-6.2760296
1668,2026-05-11 16:16:58.230416,1.2429993,-0.7927902,1.1172603,4.108985,0.4457789,-6.2760296
1669,2026-05-11 16:16:58.233682,1.2429993,-0.7927902,1.1172603,4.108985,0.4457789,-6.2760296
1670,2026-05-11 16:16:58.236401,1.2429993,-0.7927902,1.1172603,4.108985,0.4457789,-6.2760296
1671,2026-05-11 16:16:58.239123,1.2429993,-0.7927902,1.1172603,4.108985,0.4457789,-6.2760296
1672,2026-05-11 16:16:58.241914,1.2429993,-0.7927902,1.1172603,4.108985,0.4457789,-6.2760296
1673,2026-05-11 16:16:58.244676,1.0775629,-0.8076691,0.9004184,3.2134566,1.2657127,-5.9082885
1674,2026-05-11 16:16:58.247433,0.75339764,-0.85755,0.75925165,1.7993035,3.0573804,-5.292842
1675,2026-05-11 16:16:58.250712,0.75339764,-0.85755,0.75925165,1.7993035,3.0573804,-5.292842
1676,2026-05-11 16:16:58.253648,0.75339764,-0.85755,0.75925165,1.7993035,3.0573804,-5.292842
1677,2026-05-11 16:16:58.256344,0.75339764,-0.85755,0.75925165,1.7993035,3.0573804,-5.292842
1678,2026-05-11 16:16:58.259063,0.75339764,-0.85755,0.75925165,1.7993035,3.0573804,-5.292842
1679,2026-05-11 16:16:58.261936,0.44270876,-0.9375548,0.9267614,1.7993035,3.0573804,-5.292842
1680,2026-05-11 16:16:58.264759,0.44270876,-0.9375548,0.9267614,1.5647314,3.4466543,-4.7829223
1681,2026-05-11 16:16:58.267905,0.44270876,-0.9375548,0.9267614,1.5647314,3.4466543,-4.7829223
1682,2026-05-11 16:16:58.270628,0.44270876,-0.9375548,0.9267614,1.5647314,3.4466543,-4.7829223
1683,2026-05-11 16:16:58.273357,0.44270876,-0.9375548,0.9267614,1.5647314,3.4466543,-4.7829223
1684,2026-05-11 16:16:58.276112,0.44270876,-0.9375548,0.9267614,1.5647314,3.4466543,-4.7829223
1685,2026-05-11 16:16:58.278715,0.44270876,-0.9375548,0.9267614,1.5647314,3.4466543,-4.7829223
1686,2026-05-11 16:16:58.281993,0.44270876,-0.9375548,0.9267614,2.0694587,3.26874,-4.0969205
1687,2026-05-11 16:16:58.284965,0.04311227,-0.9726177,1.1343955,2.0694587,3.26874,-4.0969205
1688,2026-05-11 16:16:58.287626,0.04311227,-0.9726177,1.1343955,2.0694587,3.26874,-4.0969205
1689,2026-05-11 16:16:58.290228,0.04311227,-0.9726177,1.1343955,2.0694587,3.26874,-4.0969205
1690,2026-05-11 16:16:58.292879,0.04311227,-0.9726177,1.1343955,2.0694587,3.26874,-4.0969205
1691,2026-05-11 16:16:58.295472,0.04311227,-0.9726177,1.1343955,2.0694587,3.26874,-4.0969205
1692,2026-05-11 16:16:58.298316,0.04311227,-0.9726177,1.1343955,2.0694587,3.26874,-4.0969205
1693,2026-05-11 16:16:58.301397,0.04311227,-0.9726177,1.1343955,2.0694587,3.26874,-4.0969205
1694,2026-05-11 16:16:58.304065,0.04311227,-0.9726177,1.1343955,2.0694587,3.26874,-4.0969205
1695,2026-05-11 16:16:58.307006,0.04311227,-0.9726177,1.1343955,2.0694587,3.26874,-4.0969205
1696,2026-05-11 16:16:58.309848,-0.19714566,-0.99322873,1.2239739,3.2985196,2.4793494,-3.240182
1697,2026-05-11 16:16:58.312671,-0.19714566,-0.99322873,1.2239739,3.2985196,2.4793494,-3.240182
1698,2026-05-11 16:16:58.315869,-0.19714566,-0.99322873,1.2239739,4.2998805,1.7968601,-2.7568347
1699,2026-05-11 16:16:58.318663,-0.19714566,-0.99322873,1.2239739,4.2998805,1.7968601,-2.7568347
1700,2026-05-11 16:16:58.321275,-0.19714566,-0.99322873,1.2239739,4.2998805,1.7968601,-2.7568347
1701,2026-05-11 16:16:58.324044,-0.19714566,-0.99322873,1.2239739,4.2998805,1.7968601,-2.7568347
1702,2026-05-11 16:16:58.326652,-0.19714566,-0.99322873,1.2239739,4.2998805,1.7968601,-2.7568347
1703,2026-05-11 16:16:58.329454,-0.19714566,-0.99322873,1.2239739,4.2998805,1.7968601,-2.7568347
1704,2026-05-11 16:16:58.332797,-0.076406896,-1.0221938,0.71412706,4.2998805,1.7968601,-2.7568347
1705,2026-05-11 16:16:58.335561,-0.076406896,-1.0221938,0.71412706,4.2998805,1.7968601,-2.7568347
1706,2026-05-11 16:16:58.338321,-0.076406896,-1.0221938,0.71412706,4.2998805,1.7968601,-2.7568347
1707,2026-05-11 16:16:58.340972,-0.076406896,-1.0221938,0.71412706,4.2998805,1.7968601,-2.7568347
1708,2026-05-11 16:16:58.343574,-0.076406896,-1.0221938,0.71412706,4.2998805,1.7968601,-2.7568347
1709,2026-05-11 16:16:58.346294,-0.076406896,-1.0221938,0.71412706,4.2998805,1.7968601,-2.7568347
1710,2026-05-11 16:16:58.349612,-0.076406896,-1.0221938,0.71412706,4.2998805,1.7968601,-2.7568347
1711,2026-05-11 16:16:58.352402,-0.076406896,-1.0221938,0.71412706,4.2998805,1.7968601,-2.7568347
1712,2026-05-11 16:16:58.355104,-0.076406896,-1.0221938,0.71412706,6.297715,0.44806966,-2.194228
1713,2026-05-11 16:16:58.357747,-0.076406896,-1.0221938,0.71412706,6.297715,0.44806966,-2.194228
1714,2026-05-11 16:16:58.360318,-0.076406896,-1.0221938,0.71412706,6.297715,0.44806966,-2.194228
1715,2026-05-11 16:16:58.363027,-0.076406896,-1.0221938,0.71412706,6.297715,0.44806966,-2.194228
1716,2026-05-11 16:16:58.366042,-0.076406896,-1.0221938,0.71412706,6.297715,0.44806966,-2.194228
1717,2026-05-11 16:16:58.368835,-0.076406896,-1.0221938,0.71412706,6.297715,0.44806966,-2.194228
1718,2026-05-11 16:16:58.371536,-0.076406896,-1.0221938,0.71412706,6.297715,0.44806966,-2.194228
1719,2026-05-11 16:16:58.374390,0.14055698,-1.1495184,-0.46502712,7.250207,-0.4166101,-2.1265745
1720,2026-05-11 16:16:58.377226,0.14055698,-1.1495184,-0.46502712,7.250207,-0.4166101,-2.1265745
1721,2026-05-11 16:16:58.379968,0.14055698,-1.1495184,-0.46502712,7.250207,-0.4166101,-2.1265745
1722,2026-05-11 16:16:58.382951,0.14055698,-1.1495184,-0.46502712,7.250207,-0.4166101,-2.1265745
1723,2026-05-11 16:16:58.385598,0.14055698,-1.1495184,-0.46502712,7.250207,-0.4166101,-2.1265745
1724,2026-05-11 16:16:58.388367,0.14055698,-1.1495184,-0.46502712,7.250207,-0.4166101,-2.1265745
1725,2026-05-11 16:16:58.391030,0.14055698,-1.1495184,-0.46502712,7.250207,-0.4166101,-2.1265745
1726,2026-05-11 16:16:58.393672,0.09311519,-1.2013506,-1.0612814,7.250207,-0.4166101,-2.1265745
1727,2026-05-11 16:16:58.396250,0.09311519,-1.2013506,-1.0612814,7.250207,-0.4166101,-2.1265745
1728,2026-05-11 16:16:58.399244,0.09311519,-1.2013506,-1.0612814,7.250207,-0.4166101,-2.1265745
1729,2026-05-11 16:16:58.401917,0.09311519,-1.2013506,-1.0612814,7.250207,-0.4166101,-2.1265745
1730,2026-05-11 16:16:58.404826,-0.07683375,-1.238426,-1.4125824,6.3239822,-0.3707952,-2.2145393
1731,2026-05-11 16:16:58.407607,-0.27257687,-1.2923315,-1.5800312,5.4217343,-0.20754147,-2.1731532
1732,2026-05-11 16:16:58.410391,-0.27257687,-1.2923315,-1.5800312,3.1187725,0.2677117,-1.8205311
1733,2026-05-11 16:16:58.413037,-0.27257687,-1.2923315,-1.5800312,3.1187725,0.2677117,-1.8205311
1734,2026-05-11 16:16:58.416169,-0.27257687,-1.2923315,-1.5800312,3.1187725,0.2677117,-1.8205311
1735,2026-05-11 16:16:58.418899,-0.27257687,-1.2923315,-1.5800312,3.1187725,0.2677117,-1.8205311
1736,2026-05-11 16:16:58.421622,-0.27257687,-1.2923315,-1.5800312,3.1187725,0.2677117,-1.8205311
1737,2026-05-11 16:16:58.424339,-0.5225305,-1.5742991,-1.0564641,0.0061086523,1.1213958,-0.9324858
1738,2026-05-11 16:16:58.427043,-0.5225305,-1.5742991,-1.0564641,0.0061086523,1.1213958,-0.9324858
1739,2026-05-11 16:16:58.429765,-0.5225305,-1.5742991,-1.0564641,0.0061086523,1.1213958,-0.9324858
1740,2026-05-11 16:16:58.432956,-0.5225305,-1.5742991,-1.0564641,-0.9097311,1.4202617,-0.34009922
1741,2026-05-11 16:16:58.435781,-0.5740579,-1.6990016,-0.67138064,-0.9097311,1.4202617,-0.34009922
1742,2026-05-11 16:16:58.438416,-0.5740579,-1.6990016,-0.67138064,-0.9097311,1.4202617,-0.34009922
1743,2026-05-11 16:16:58.441252,-0.5740579,-1.6990016,-0.67138064,-0.9097311,1.4202617,-0.34009922
1744,2026-05-11 16:16:58.443887,-0.5740579,-1.6990016,-0.67138064,-0.9097311,1.4202617,-0.34009922
1745,2026-05-11 16:16:58.446579,-0.5740579,-1.6990016,-0.67138064,-0.9097311,1.4202617,-0.34009922
1746,2026-05-11 16:16:58.449652,-0.5618011,-1.7643713,-0.46411243,-0.9097311,1.4202617,-0.34009922
1747,2026-05-11 16:16:58.452385,-0.5618011,-1.7643713,-0.46411243,-0.9097311,1.4202617,-0.34009922
1748,2026-05-11 16:16:58.455027,-0.5618011,-1.7643713,-0.46411243,-0.9097311,1.4202617,-0.34009922
1749,2026-05-11 16:16:58.457761,-0.5618011,-1.7643713,-0.46411243,-0.9097311,1.4202617,-0.34009922
1750,2026-05-11 16:16:58.460361,-0.5618011,-1.7643713,-0.46411243,-0.9097311,1.4202617,-0.34009922
1751,2026-05-11 16:16:58.463136,-0.5618011,-1.7643713,-0.46411243,-0.9097311,1.4202617,-0.34009922
1752,2026-05-11 16:16:58.466159,-0.5618011,-1.7643713,-0.46411243,-0.9097311,1.4202617,-0.34009922
1753,2026-05-11 16:16:58.468871,-0.5618011,-1.7643713,-0.46411243,-0.9097311,1.4202617,-0.34009922
1754,2026-05-11 16:16:58.471491,-0.5618011,-1.7643713,-0.46411243,-0.9097311,1.4202617,-0.34009922
1755,2026-05-11 16:16:58.474330,-0.52643317,-1.8400464,-0.13604453,-1.2541064,1.6018413,0.1301143
1756,2026-05-11 16:16:58.477133,-0.52643317,-1.8400464,-0.13604453,-1.2490667,2.0097466,0.80832744
1757,2026-05-11 16:16:58.479771,-0.52643317,-1.8400464,-0.13604453,-1.2490667,2.0097466,0.80832744
1758,2026-05-11 16:16:58.482814,-0.52643317,-1.8400464,-0.13604453,-1.2490667,2.0097466,0.80832744
1759,2026-05-11 16:16:58.485816,-0.52643317,-1.8400464,-0.13604453,-1.2490667,2.0097466,0.80832744
1760,2026-05-11 16:16:58.488661,-0.6191215,-1.7652858,-0.14982581,-0.2771801,2.4883597,1.6963727
1761,2026-05-11 16:16:58.491440,-0.6191215,-1.7652858,-0.14982581,-0.2771801,2.4883597,1.6963727
1762,2026-05-11 16:16:58.494220,-0.6191215,-1.7652858,-0.14982581,-0.2771801,2.4883597,1.6963727
1763,2026-05-11 16:16:58.497045,-0.6191215,-1.7652858,-0.14982581,-0.2771801,2.4883597,1.6963727
1764,2026-05-11 16:16:58.500224,-0.6191215,-1.7652858,-0.14982581,-0.2771801,2.4883597,1.6963727
1765,2026-05-11 16:16:58.502897,-0.6191215,-1.7652858,-0.14982581,-0.2771801,2.4883597,1.6963727
1766,2026-05-11 16:16:58.505725,-0.6191215,-1.7652858,-0.14982581,-0.2771801,2.4883597,1.6963727
1767,2026-05-11 16:16:58.508491,-0.6191215,-1.7652858,-0.14982581,-0.2771801,2.4883597,1.6963727
1768,2026-05-11 16:16:58.511248,-0.6191215,-1.7652858,-0.14982581,-0.2771801,2.4883597,1.6963727
1769,2026-05-11 16:16:58.513864,-0.6191215,-1.7652858,-0.14982581,-0.2771801,2.4883597,1.6963727
1770,2026-05-11 16:16:58.516996,-0.6442449,-1.7103437,-0.2851386,-0.2771801,2.4883597,1.6963727
1771,2026-05-11 16:16:58.519819,-0.6442449,-1.7103437,-0.2851386,-0.2771801,2.4883597,1.6963727
1772,2026-05-11 16:16:58.522424,-0.6442449,-1.7103437,-0.2851386,-0.2771801,2.4883597,1.6963727
1773,2026-05-11 16:16:58.525066,-0.6442449,-1.7103437,-0.2851386,0.12293663,2.3289237,2.1665864
1774,2026-05-11 16:16:58.527711,-0.6442449,-1.7103437,-0.2851386,0.12293663,2.3289237,2.1665864
1775,2026-05-11 16:16:58.530257,-0.6442449,-1.7103437,-0.2851386,0.12293663,2.3289237,2.1665864
1776,2026-05-11 16:16:58.533419,-0.6442449,-1.7103437,-0.2851386,0.12293663,2.3289237,2.1665864
1777,2026-05-11 16:16:58.536102,-0.6442449,-1.7103437,-0.2851386,0.12293663,2.3289237,2.1665864
1778,2026-05-11 16:16:58.538892,-0.6442449,-1.7103437,-0.2851386,0.12293663,2.3289237,2.1665864
1779,2026-05-11 16:16:58.541659,-0.6442449,-1.7103437,-0.2851386,0.12293663,2.3289237,2.1665864
1780,2026-05-11 16:16:58.544366,-0.6442449,-1.7103437,-0.2851386,0.12293663,2.3289237,2.1665864
1781,2026-05-11 16:16:58.547076,-0.62662196,-1.6166188,-0.3325194,0.12293663,2.3289237,2.1665864
1782,2026-05-11 16:16:58.550148,-0.62662196,-1.6166188,-0.3325194,0.12293663,2.3289237,2.1665864
1783,2026-05-11 16:16:58.552914,-0.62662196,-1.6166188,-0.3325194,0.12293663,2.3289237,2.1665864
1784,2026-05-11 16:16:58.555664,-0.62662196,-1.6166188,-0.3325194,0.5308419,1.8738291,2.5776987
1785,2026-05-11 16:16:58.558402,-0.62662196,-1.6166188,-0.3325194,0.5308419,1.8738291,2.5776987
1786,2026-05-11 16:16:58.561041,-0.62662196,-1.6166188,-0.3325194,0.5308419,1.8738291,2.5776987
1787,2026-05-11 16:16:58.563689,-0.62662196,-1.6166188,-0.3325194,0.5308419,1.8738291,2.5776987
1788,2026-05-11 16:16:58.566776,-0.62662196,-1.6166188,-0.3325194,1.2195925,0.7890852,3.0735686
1789,2026-05-11 16:16:58.569817,-0.6093648,-1.507344,-0.41978058,1.2195925,0.7890852,3.0735686
1790,2026-05-11 16:16:58.572570,-0.59948623,-1.4102652,-0.51344454,1.6052011,-0.17195857,3.428481
1791,2026-05-11 16:16:58.575409,-0.59948623,-1.4102652,-0.51344454,1.6052011,-0.17195857,3.428481
1792,2026-05-11 16:16:58.578154,-0.59948623,-1.4102652,-0.51344454,1.6052011,-0.17195857,3.428481
1793,2026-05-11 16:16:58.580834,-0.59948623,-1.4102652,-0.51344454,1.6052011,-0.17195857,3.428481
1794,2026-05-11 16:16:58.583822,-0.59948623,-1.4102652,-0.51344454,1.6052011,-0.17195857,3.428481
1795,2026-05-11 16:16:58.586608,-0.59948623,-1.4102652,-0.51344454,1.6052011,-0.17195857,3.428481
1796,2026-05-11 16:16:58.589390,-0.59948623,-1.4102652,-0.51344454,1.6980526,-0.98639464,3.7073412
1797,2026-05-11 16:16:58.592011,-0.59948623,-1.4102652,-0.51344454,1.6980526,-0.98639464,3.7073412
1798,2026-05-11 16:16:58.594717,-0.59948623,-1.4102652,-0.51344454,1.6980526,-0.98639464,3.7073412
1799,2026-05-11 16:16:58.597303,-0.59948623,-1.4102652,-0.51344454,1.6980526,-0.98639464,3.7073412
1800,2026-05-11 16:16:58.600388,-0.59948623,-1.4102652,-0.51344454,1.6980526,-0.98639464,3.7073412
1801,2026-05-11 16:16:58.603093,-0.59948623,-1.4102652,-0.51344454,1.6980526,-0.98639464,3.7073412
1802,2026-05-11 16:16:58.605706,-0.59948623,-1.4102652,-0.51344454,1.6980526,-0.98639464,3.7073412
1803,2026-05-11 16:16:58.608439,-0.59948623,-1.4102652,-0.51344454,1.6980526,-0.98639464,3.7073412
1804,2026-05-11 16:16:58.611237,-0.54082423,-1.2811112,-0.58637565,1.6980526,-0.98639464,3.7073412
1805,2026-05-11 16:16:58.613873,-0.54082423,-1.2811112,-0.58637565,1.6980526,-0.98639464,3.7073412
1806,2026-05-11 16:16:58.616919,-0.54082423,-1.2811112,-0.58637565,1.6980526,-0.98639464,3.7073412
1807,2026-05-11 16:16:58.619698,-0.54082423,-1.2811112,-0.58637565,1.6980526,-0.98639464,3.7073412
1808,2026-05-11 16:16:58.622315,-0.54082423,-1.2811112,-0.58637565,1.6980526,-0.98639464,3.7073412
1809,2026-05-11 16:16:58.624899,-0.54082423,-1.2811112,-0.58637565,1.6980526,-0.98639464,3.7073412
1810,2026-05-11 16:16:58.627484,-0.54082423,-1.2811112,-0.58637565,1.6980526,-0.98639464,3.7073412
1811,2026-05-11 16:16:58.630158,-0.54082423,-1.2811112,-0.58637565,1.6980526,-0.98639464,3.7073412
1812,2026-05-11 16:16:58.633352,-0.54082423,-1.2811112,-0.58637565,1.6980526,-0.98639464,3.7073412
1813,2026-05-11 16:16:58.636071,-0.54082423,-1.2811112,-0.58637565,1.6980526,-0.98639464,3.7073412
1814,2026-05-11 16:16:58.638679,-0.54082423,-1.2811112,-0.58637565,1.6980526,-0.98639464,3.7073412
1815,2026-05-11 16:16:58.641451,-0.54082423,-1.2811112,-0.58637565,1.6980526,-0.98639464,3.7073412
1816,2026-05-11 16:16:58.644178,-0.54082423,-1.2811112,-0.58637565,1.6980526,-0.98639464,3.7073412
1817,2026-05-11 16:16:58.646837,-0.54082423,-1.2811112,-0.58637565,1.6980526,-0.98639464,3.7073412
1818,2026-05-11 16:16:58.649790,-0.54082423,-1.2811112,-0.58637565,1.6980526,-0.98639464,3.7073412
1819,2026-05-11 16:16:58.652642,-0.54082423,-1.2811112,-0.58637565,1.6980526,-0.98639464,3.7073412
1820,2026-05-11 16:16:58.655234,-0.54082423,-1.2811112,-0.58637565,1.6980526,-0.98639464,3.7073412
1821,2026-05-11 16:16:58.657860,-0.5774118,-1.2018384,-0.81663305,1.6980526,-0.98639464,3.7073412
1822,2026-05-11 16:16:58.660646,-0.5774118,-1.2018384,-0.81663305,1.6980526,-0.98639464,3.7073412
1823,2026-05-11 16:16:58.663219,-0.5774118,-1.2018384,-0.81663305,1.6980526,-0.98639464,3.7073412
1824,2026-05-11 16:16:58.666433,-0.59351027,-1.1507988,-0.8457201,1.1904236,-1.3049608,3.9982657
1825,2026-05-11 16:16:58.669153,-0.59351027,-1.1507988,-0.8457201,1.1904236,-1.3049608,3.9982657
1826,2026-05-11 16:16:58.671790,-0.59351027,-1.1507988,-0.8457201,0.50518554,-1.280679,4.3137774
1827,2026-05-11 16:16:58.674631,-0.59351027,-1.1507988,-0.8457201,0.50518554,-1.280679,4.3137774
1828,2026-05-11 16:16:58.677495,-0.5013097,-1.0432925,-0.62308514,-1.1911873,-1.0325149,5.106375
1829,2026-05-11 16:16:58.680164,-0.5013097,-1.0432925,-0.62308514,-1.1911873,-1.0325149,5.106375
1830,2026-05-11 16:16:58.683249,-0.5013097,-1.0432925,-0.62308514,-1.1911873,-1.0325149,5.106375
1831,2026-05-11 16:16:58.686089,-0.5013097,-1.0432925,-0.62308514,-1.1911873,-1.0325149,5.106375
1832,2026-05-11 16:16:58.688803,-0.5013097,-1.0432925,-0.62308514,-1.1911873,-1.0325149,5.106375
1833,2026-05-11 16:16:58.691522,-0.5013097,-1.0432925,-0.62308514,-1.1911873,-1.0325149,5.106375
1834,2026-05-11 16:16:58.694347,-0.32233587,-1.027377,-0.36233822,-1.1911873,-1.0325149,5.106375
1835,2026-05-11 16:16:58.697042,-0.32233587,-1.027377,-0.36233822,-1.1911873,-1.0325149,5.106375
1836,2026-05-11 16:16:58.700076,-0.32233587,-1.027377,-0.36233822,-2.6007588,-0.6479753,5.8311667
1837,2026-05-11 16:16:58.702873,-0.32233587,-1.027377,-0.36233822,-2.6007588,-0.6479753,5.8311667
1838,2026-05-11 16:16:58.705491,-0.32233587,-1.027377,-0.36233822,-2.6007588,-0.6479753,5.8311667
1839,2026-05-11 16:16:58.708132,-0.32233587,-1.027377,-0.36233822,-2.6007588,-0.6479753,5.8311667
1840,2026-05-11 16:16:58.710705,-0.32233587,-1.027377,-0.36233822,-2.6007588,-0.6479753,5.8311667
1841,2026-05-11 16:16:58.713277,-0.32233587,-1.027377,-0.36233822,-2.6007588,-0.6479753,5.8311667
1842,2026-05-11 16:16:58.716494,-0.32233587,-1.027377,-0.36233822,-2.6007588,-0.6479753,5.8311667
1843,2026-05-11 16:16:58.719285,-0.32233587,-1.027377,-0.36233822,-2.6007588,-0.6479753,5.8311667
1844,2026-05-11 16:16:58.721975,-0.32233587,-1.027377,-0.36233822,-2.6007588,-0.6479753,5.8311667
1845,2026-05-11 16:16:58.724624,-0.32233587,-1.027377,-0.36233822,-2.6007588,-0.6479753,5.8311667
1846,2026-05-11 16:16:58.727243,-0.32233587,-1.027377,-0.36233822,-2.6007588,-0.6479753,5.8311667
1847,2026-05-11 16:16:58.729913,-0.32233587,-1.027377,-0.36233822,-2.6007588,-0.6479753,5.8311667
1848,2026-05-11 16:16:58.732944,-0.32233587,-1.027377,-0.36233822,-2.6007588,-0.6479753,5.8311667
1849,2026-05-11 16:16:58.735765,-0.32233587,-1.027377,-0.36233822,-2.6007588,-0.6479753,5.8311667
1850,2026-05-11 16:16:58.738468,-0.32233587,-1.027377,-0.36233822,-2.6007588,-0.6479753,5.8311667
1851,2026-05-11 16:16:58.741170,-0.32233587,-1.027377,-0.36233822,-2.6007588,-0.6479753,5.8311667
1852,2026-05-11 16:16:58.743908,-0.32233587,-1.027377,-0.36233822,-2.6007588,-0.6479753,5.8311667
1853,2026-05-11 16:16:58.746583,-0.32233587,-1.027377,-0.36233822,-2.6007588,-0.6479753,5.8311667
1854,2026-05-11 16:16:58.749649,-0.32233587,-1.027377,-0.36233822,-2.6007588,-0.6479753,5.8311667
1855,2026-05-11 16:16:58.752564,-0.32233587,-1.027377,-0.36233822,-2.6007588,-0.6479753,5.8311667
1856,2026-05-11 16:16:58.755213,-0.32233587,-1.027377,-0.36233822,-2.6007588,-0.6479753,5.8311667
1857,2026-05-11 16:16:58.757956,-0.17872995,-1.0104858,-0.21763465,-5.243973,0.22174409,7.445073
1858,2026-05-11 16:16:58.760710,-0.17872995,-1.0104858,-0.21763465,-5.243973,0.22174409,7.445073
1859,2026-05-11 16:16:58.763318,-0.17872995,-1.0104858,-0.21763465,-5.243973,0.22174409,7.445073
1860,2026-05-11 16:16:58.766624,-0.17872995,-1.0104858,-0.21763465,-5.243973,0.22174409,7.445073
1861,2026-05-11 16:16:58.769360,-0.17872995,-1.0104858,-0.21763465,-5.243973,0.22174409,7.445073
1862,2026-05-11 16:16:58.772119,-0.17872995,-1.0104858,-0.21763465,-5.243973,0.22174409,7.445073
1863,2026-05-11 16:16:58.774834,-0.17872995,-1.0104858,-0.21763465,-5.243973,0.22174409,7.445073
1864,2026-05-11 16:16:58.777455,-0.17872995,-1.0104858,-0.21763465,-5.243973,0.22174409,7.445073
1865,2026-05-11 16:16:58.780463,-0.17872995,-1.0104858,-0.21763465,-5.243973,0.22174409,7.445073
1866,2026-05-11 16:16:58.783719,0.21903718,-0.904443,-0.06433302,-6.5116706,0.52519137,8.026006
1867,2026-05-11 16:16:58.786458,0.21903718,-0.904443,-0.06433302,-6.5116706,0.52519137,8.026006
1868,2026-05-11 16:16:58.789157,0.21903718,-0.904443,-0.06433302,-6.5116706,0.52519137,8.026006
1869,2026-05-11 16:16:58.791781,0.21903718,-0.904443,-0.06433302,-6.5116706,0.52519137,8.026006
1870,2026-05-11 16:16:58.794343,0.21903718,-0.904443,-0.06433302,-6.5116706,0.52519137,8.026006
1871,2026-05-11 16:16:58.797140,0.21903718,-0.904443,-0.06433302,-6.5116706,0.52519137,8.026006
1872,2026-05-11 16:16:58.800216,0.21903718,-0.904443,-0.06433302,-6.5116706,0.52519137,8.026006
1873,2026-05-11 16:16:58.803003,0.21903718,-0.904443,-0.06433302,-6.5116706,0.52519137,8.026006
1874,2026-05-11 16:16:58.805694,0.21903718,-0.904443,-0.06433302,-6.5116706,0.52519137,8.026006
1875,2026-05-11 16:16:58.808288,0.21903718,-0.904443,-0.06433302,-6.5116706,0.52519137,8.026006
1876,2026-05-11 16:16:58.811137,0.21903718,-0.904443,-0.06433302,-6.5116706,0.52519137,8.026006
1877,2026-05-11 16:16:58.813820,0.90401614,-0.7915706,0.1797056,-6.5116706,0.52519137,8.026006
1878,2026-05-11 16:16:58.816946,0.90401614,-0.7915706,0.1797056,-6.5116706,0.52519137,8.026006
1879,2026-05-11 16:16:58.819781,0.90401614,-0.7915706,0.1797056,-6.5116706,0.52519137,8.026006
1880,2026-05-11 16:16:58.822397,0.90401614,-0.7915706,0.1797056,-6.5116706,0.52519137,8.026006
1881,2026-05-11 16:16:58.824993,0.90401614,-0.7915706,0.1797056,-6.5116706,0.52519137,8.026006
1882,2026-05-11 16:16:58.827720,0.90401614,-0.7915706,0.1797056,-6.5116706,0.52519137,8.026006
1883,2026-05-11 16:16:58.830317,0.90401614,-0.7915706,0.1797056,-6.5116706,0.52519137,8.026006
1884,2026-05-11 16:16:58.833437,0.90401614,-0.7915706,0.1797056,-6.5116706,0.52519137,8.026006
1885,2026-05-11 16:16:58.836236,0.90401614,-0.7915706,0.1797056,-6.5116706,0.52519137,8.026006
1886,2026-05-11 16:16:58.838929,0.90401614,-0.7915706,0.1797056,-8.051204,1.2678508,7.8410664
1887,2026-05-11 16:16:58.841680,0.90401614,-0.7915706,0.1797056,-8.051204,1.2678508,7.8410664
1888,2026-05-11 16:16:58.844267,0.90401614,-0.7915706,0.1797056,-8.051204,1.2678508,7.8410664
1889,2026-05-11 16:16:58.846994,0.90401614,-0.7915706,0.1797056,-8.051204,1.2678508,7.8410664
1890,2026-05-11 16:16:58.850057,1.9738955,-0.658636,0.6823569,-8.051204,1.2678508,7.8410664
1891,2026-05-11 16:16:58.852832,1.9738955,-0.658636,0.6823569,-8.051204,1.2678508,7.8410664
1892,2026-05-11 16:16:58.855582,1.9738955,-0.658636,0.6823569,-8.857393,1.9052887,6.8623075
1893,2026-05-11 16:16:58.858172,1.9738955,-0.658636,0.6823569,-8.857393,1.9052887,6.8623075
1894,2026-05-11 16:16:58.860985,2.1054885,-0.42313445,1.3417856,-9.191384,2.2748623,6.0020566
1895,2026-05-11 16:16:58.863557,2.1054885,-0.42313445,1.3417856,-9.191384,2.2748623,6.0020566
1896,2026-05-11 16:16:58.866701,2.1054885,-0.42313445,1.3417856,-9.191384,2.2748623,6.0020566
1897,2026-05-11 16:16:58.869437,1.5871048,-0.38971785,1.6329001,-9.236894,2.4576635,5.3249125
1898,2026-05-11 16:16:58.872088,1.5871048,-0.38971785,1.6329001,-9.236894,2.4576635,5.3249125
1899,2026-05-11 16:16:58.874693,1.5871048,-0.38971785,1.6329001,-9.236894,2.4576635,5.3249125
1900,2026-05-11 16:16:58.877398,1.302332,-0.41307288,1.7548585,-8.423068,1.8420641,5.103321
1901,2026-05-11 16:16:58.880155,1.2004359,-0.38648596,1.7170514,-8.423068,1.8420641,5.103321
1902,2026-05-11 16:16:58.883194,1.2004359,-0.38648596,1.7170514,-8.423068,1.8420641,5.103321
1903,2026-05-11 16:16:58.886050,1.2004359,-0.38648596,1.7170514,-8.423068,1.8420641,5.103321
1904,2026-05-11 16:16:58.888825,1.2004359,-0.38648596,1.7170514,-8.423068,1.8420641,5.103321
1905,2026-05-11 16:16:58.891393,1.2004359,-0.38648596,1.7170514,-8.423068,1.8420641,5.103321
1906,2026-05-11 16:16:58.894078,1.2004359,-0.38648596,1.7170514,-8.423068,1.8420641,5.103321
1907,2026-05-11 16:16:58.896683,1.2004359,-0.38648596,1.7170514,-8.423068,1.8420641,5.103321
1908,2026-05-11 16:16:58.899759,1.2004359,-0.38648596,1.7170514,-8.423068,1.8420641,5.103321
1909,2026-05-11 16:16:58.902650,1.2004359,-0.38648596,1.7170514,-8.423068,1.8420641,5.103321
1910,2026-05-11 16:16:58.905251,1.2004359,-0.38648596,1.7170514,-8.423068,1.8420641,5.103321
1911,2026-05-11 16:16:58.907844,1.2004359,-0.38648596,1.7170514,-8.423068,1.8420641,5.103321
1912,2026-05-11 16:16:58.910638,1.2004359,-0.38648596,1.7170514,-8.423068,1.8420641,5.103321
1913,2026-05-11 16:16:58.913301,1.2004359,-0.38648596,1.7170514,-8.423068,1.8420641,5.103321
1914,2026-05-11 16:16:58.916330,1.2004359,-0.38648596,1.7170514,-8.423068,1.8420641,5.103321
1915,2026-05-11 16:16:58.919012,1.2004359,-0.38648596,1.7170514,-8.423068,1.8420641,5.103321
1916,2026-05-11 16:16:58.921626,1.2004359,-0.38648596,1.7170514,-8.423068,1.8420641,5.103321
1917,2026-05-11 16:16:58.924200,1.2004359,-0.38648596,1.7170514,-8.423068,1.8420641,5.103321
1918,2026-05-11 16:16:58.926845,1.2004359,-0.38648596,1.7170514,-8.423068,1.8420641,5.103321
1919,2026-05-11 16:16:58.929478,1.2619029,-0.3404467,1.7110754,-8.018828,1.0797043,5.146387
1920,2026-05-11 16:16:58.932482,1.2619029,-0.3404467,1.7110754,-8.018828,1.0797043,5.146387
1921,2026-05-11 16:16:58.935261,1.2619029,-0.3404467,1.7110754,-8.018828,1.0797043,5.146387
1922,2026-05-11 16:16:58.937958,1.2619029,-0.3404467,1.7110754,-8.018828,1.0797043,5.146387
1923,2026-05-11 16:16:58.940555,1.2619029,-0.3404467,1.7110754,-8.018828,1.0797043,5.146387
1924,2026-05-11 16:16:58.943259,1.2619029,-0.3404467,1.7110754,-8.018828,1.0797043,5.146387
1925,2026-05-11 16:16:58.946089,1.2619029,-0.3404467,1.7110754,-8.018828,1.0797043,5.146387
1926,2026-05-11 16:16:58.949226,1.2619029,-0.3404467,1.7110754,-8.018828,1.0797043,5.146387
1927,2026-05-11 16:16:58.952192,1.2619029,-0.3404467,1.7110754,-8.018828,1.0797043,5.146387
1928,2026-05-11 16:16:58.954868,1.2619029,-0.3404467,1.7110754,-8.018828,1.0797043,5.146387
1929,2026-05-11 16:16:58.957540,1.2619029,-0.3404467,1.7110754,-8.018828,1.0797043,5.146387
1930,2026-05-11 16:16:58.960175,1.2619029,-0.3404467,1.7110754,-7.641008,0.5493206,5.1085134
1931,2026-05-11 16:16:58.962838,1.3338584,-0.34136137,1.8204112,-6.9192705,0.1684461,5.0287952
1932,2026-05-11 16:16:58.965847,1.3338584,-0.34136137,1.8204112,-6.9192705,0.1684461,5.0287952
1933,2026-05-11 16:16:58.968709,1.3338584,-0.34136137,1.8204112,-6.9192705,0.1684461,5.0287952
1934,2026-05-11 16:16:58.971322,1.3338584,-0.34136137,1.8204112,-6.9192705,0.1684461,5.0287952
1935,2026-05-11 16:16:58.973915,1.3338584,-0.34136137,1.8204112,-6.9192705,0.1684461,5.0287952
1936,2026-05-11 16:16:58.976856,1.3508716,-0.31312802,2.0484123,-6.2770987,-0.13041973,5.022076
1937,2026-05-11 16:16:58.979552,1.7987026,0.040246252,2.028777,-5.5315375,-0.4793765,4.8485904
1938,2026-05-11 16:16:58.982870,1.7987026,0.040246252,2.028777,-5.5315375,-0.4793765,4.8485904
1939,2026-05-11 16:16:58.985613,1.7987026,0.040246252,2.028777,-5.5315375,-0.4793765,4.8485904
1940,2026-05-11 16:16:58.988408,1.6901597,0.40288937,1.6222898,-4.8307223,-0.5306892,4.2261186
1941,2026-05-11 16:16:58.991161,1.6901597,0.40288937,1.6222898,-4.4881797,-0.30283645,3.6647334
1942,2026-05-11 16:16:58.993778,1.6901597,0.40288937,1.6222898,-4.4881797,-0.30283645,3.6647334
1943,2026-05-11 16:16:58.996658,1.6901597,0.40288937,1.6222898,-4.7763553,0.30772337,3.4234416
1944,2026-05-11 16:16:59.000160,1.6901597,0.40288937,1.6222898,-4.7763553,0.30772337,3.4234416
1945,2026-05-11 16:16:59.002946,1.6901597,0.40288937,1.6222898,-4.7763553,0.30772337,3.4234416
1946,2026-05-11 16:16:59.005619,1.6901597,0.40288937,1.6222898,-4.7763553,0.30772337,3.4234416
1947,2026-05-11 16:16:59.008411,1.4731957,0.45533144,1.3016613,-4.7763553,0.30772337,3.4234416
1948,2026-05-11 16:16:59.011221,1.4731957,0.45533144,1.3016613,-4.7763553,0.30772337,3.4234416
1949,2026-05-11 16:16:59.014023,1.4731957,0.45533144,1.3016613,-4.7763553,0.30772337,3.4234416
1950,2026-05-11 16:16:59.017124,1.4731957,0.45533144,1.3016613,-4.7763553,0.30772337,3.4234416
1951,2026-05-11 16:16:59.019912,1.4731957,0.45533144,1.3016613,-4.7763553,0.30772337,3.4234416
1952,2026-05-11 16:16:59.022780,1.4731957,0.45533144,1.3016613,-4.7763553,0.30772337,3.4234416
1953,2026-05-11 16:16:59.025477,1.4731957,0.45533144,1.3016613,-4.7763553,0.30772337,3.4234416
1954,2026-05-11 16:16:59.028069,1.4731957,0.45533144,1.3016613,-4.7763553,0.30772337,3.4234416
1955,2026-05-11 16:16:59.030868,1.4731957,0.45533144,1.3016613,-4.7763553,0.30772337,3.4234416
1956,2026-05-11 16:16:59.033976,1.4731957,0.45533144,1.3016613,-4.7763553,0.30772337,3.4234416
1957,2026-05-11 16:16:59.036767,1.4731957,0.45533144,1.3016613,-4.7763553,0.30772337,3.4234416
1958,2026-05-11 16:16:59.039370,1.4731957,0.45533144,1.3016613,-4.7763553,0.30772337,3.4234416
1959,2026-05-11 16:16:59.042030,1.2137294,0.4844185,1.0232304,-5.3592734,0.82634795,3.397938
1960,2026-05-11 16:16:59.044902,1.2137294,0.4844185,1.0232304,-5.3592734,0.82634795,3.397938
1961,2026-05-11 16:16:59.047700,1.2137294,0.4844185,1.0232304,-5.3592734,0.82634795,3.397938
1962,2026-05-11 16:16:59.050596,1.2137294,0.4844185,1.0232304,-5.3592734,0.82634795,3.397938
1963,2026-05-11 16:16:59.054161,1.130127,0.5036879,1.09793,-5.3592734,0.82634795,3.397938
1964,2026-05-11 16:16:59.056859,1.130127,0.5036879,1.09793,-5.3592734,0.82634795,3.397938
1965,2026-05-11 16:16:59.059498,1.130127,0.5036879,1.09793,-5.3592734,0.82634795,3.397938
1966,2026-05-11 16:16:59.062240,1.130127,0.5036879,1.09793,-5.3592734,0.82634795,3.397938
1967,2026-05-11 16:16:59.064883,1.130127,0.5036879,1.09793,-5.3592734,0.82634795,3.397938
1968,2026-05-11 16:16:59.068183,1.130127,0.5036879,1.09793,-6.070779,1.1168144,3.5023959
1969,2026-05-11 16:16:59.071061,1.130127,0.5036879,1.09793,-6.070779,1.1168144,3.5023959
1970,2026-05-11 16:16:59.073873,1.191289,0.52350616,1.2354989,-6.2780147,1.0940597,3.5686748
1971,2026-05-11 16:16:59.076780,1.191289,0.52350616,1.2354989,-6.2780147,1.0940597,3.5686748
1972,2026-05-11 16:16:59.079525,1.191289,0.52350616,1.2354989,-6.2780147,1.0940597,3.5686748
1973,2026-05-11 16:16:59.082618,2.2017748,1.0697576,1.7838235,-6.079331,0.72509706,3.5132387
1974,2026-05-11 16:16:59.085437,2.2017748,1.0697576,1.7838235,-6.079331,0.72509706,3.5132387
1975,2026-05-11 16:16:59.088143,2.2017748,1.0697576,1.7838235,-6.079331,0.72509706,3.5132387
1976,2026-05-11 16:16:59.090877,2.2017748,1.0697576,1.7838235,-6.079331,0.72509706,3.5132387
1977,2026-05-11 16:16:59.093639,2.2017748,1.0697576,1.7838235,-5.2430563,0.04734206,2.9723175
1978,2026-05-11 16:16:59.096250,2.2017748,1.0697576,1.7838235,-5.2430563,0.04734206,2.9723175
1979,2026-05-11 16:16:59.099328,2.2017748,1.0697576,1.7838235,-5.2430563,0.04734206,2.9723175
1980,2026-05-11 16:16:59.102031,2.2017748,1.0697576,1.7838235,-5.2430563,0.04734206,2.9723175
1981,2026-05-11 16:16:59.104764,2.2017748,1.0697576,1.7838235,-5.2430563,0.04734206,2.9723175
1982,2026-05-11 16:16:59.107383,2.2017748,1.0697576,1.7838235,-5.2430563,0.04734206,2.9723175
1983,2026-05-11 16:16:59.110239,2.4289222,1.3929472,1.8348023,-4.3235517,-0.56688297,2.4636195
1984,2026-05-11 16:16:59.112986,2.4289222,1.3929472,1.8348023,-4.3235517,-0.56688297,2.4636195
1985,2026-05-11 16:16:59.116037,2.4289222,1.3929472,1.8348023,-3.3185256,-1.2301298,1.6465873
1986,2026-05-11 16:16:59.118752,2.4289222,1.3929472,1.8348023,-3.3185256,-1.2301298,1.6465873
1987,2026-05-11 16:16:59.121342,2.4289222,1.3929472,1.8348023,-3.3185256,-1.2301298,1.6465873
1988,2026-05-11 16:16:59.124191,2.4289222,1.3929472,1.8348023,-3.3185256,-1.2301298,1.6465873
1989,2026-05-11 16:16:59.126953,2.446789,1.8013855,1.3919715,-3.3185256,-1.2301298,1.6465873
1990,2026-05-11 16:16:59.129655,2.446789,1.8013855,1.3919715,-3.21758,-1.3034338,1.3561208
1991,2026-05-11 16:16:59.132683,2.446789,1.8013855,1.3919715,-3.21758,-1.3034338,1.3561208
1992,2026-05-11 16:16:59.135478,2.446789,1.8013855,1.3919715,-3.21758,-1.3034338,1.3561208
1993,2026-05-11 16:16:59.138133,2.446789,1.8013855,1.3919715,-3.21758,-1.3034338,1.3561208
1994,2026-05-11 16:16:59.140807,2.446789,1.8013855,1.3919715,-3.21758,-1.3034338,1.3561208
1995,2026-05-11 16:16:59.143599,2.446789,1.8013855,1.3919715,-3.21758,-1.3034338,1.3561208
1996,2026-05-11 16:16:59.146465,2.446789,1.8013855,1.3919715,-3.21758,-1.3034338,1.3561208
1997,2026-05-11 16:16:59.149519,2.446789,1.8013855,1.3919715,-3.21758,-1.3034338,1.3561208
1998,2026-05-11 16:16:59.152505,2.4477646,2.0594494,1.7602247,-3.662137,-0.43295074,1.6563611
1999,2026-05-11 16:16:59.155182,2.4477646,2.0594494,1.7602247,-3.662137,-0.43295074,1.6563611
2000,2026-05-11 16:16:59.157782,2.4477646,2.0594494,1.7602247,-3.662137,-0.43295074,1.6563611
2001,2026-05-11 16:16:59.160500,2.4477646,2.0594494,1.7602247,-3.662137,-0.43295074,1.6563611
2002,2026-05-11 16:16:59.163347,2.4477646,2.0594494,1.7602247,-3.3174565,0.0038179078,2.0384574
2003,2026-05-11 16:16:59.166327,2.4477646,2.0594494,1.7602247,-3.3174565,0.0038179078,2.0384574
2004,2026-05-11 16:16:59.169205,2.6061277,2.3689797,2.230557,-3.3174565,0.0038179078,2.0384574
2005,2026-05-11 16:16:59.171935,2.6061277,2.3689797,2.230557,-3.3174565,0.0038179078,2.0384574
2006,2026-05-11 16:16:59.174538,2.6061277,2.3689797,2.230557,-3.3174565,0.0038179078,2.0384574
2007,2026-05-11 16:16:59.177212,2.6061277,2.3689797,2.230557,-3.3174565,0.0038179078,2.0384574
2008,2026-05-11 16:16:59.179799,2.6061277,2.3689797,2.230557,-3.3174565,0.0038179078,2.0384574
2009,2026-05-11 16:16:59.183004,2.6061277,2.3689797,2.230557,-3.3174565,0.0038179078,2.0384574
2010,2026-05-11 16:16:59.185976,2.7788815,2.628385,2.5731988,-2.4663684,0.27152961,2.3348796
2011,2026-05-11 16:16:59.188627,2.7788815,2.628385,2.5731988,-2.4663684,0.27152961,2.3348796
2012,2026-05-11 16:16:59.191210,2.7788815,2.628385,2.5731988,-2.4663684,0.27152961,2.3348796
2013,2026-05-11 16:16:59.193834,2.7788815,2.628385,2.5731988,-2.4663684,0.27152961,2.3348796
2014,2026-05-11 16:16:59.196414,2.7788815,2.628385,2.5731988,-2.4663684,0.27152961,2.3348796
2015,2026-05-11 16:16:59.199732,2.7788815,2.628385,2.5731988,-2.4663684,0.27152961,2.3348796
2016,2026-05-11 16:16:59.202559,2.7788815,2.628385,2.5731988,-2.4663684,0.27152961,2.3348796
2017,2026-05-11 16:16:59.205217,2.7788815,2.628385,2.5731988,-2.4663684,0.27152961,2.3348796
2018,2026-05-11 16:16:59.208021,2.7788815,2.628385,2.5731988,-2.4663684,0.27152961,2.3348796
2019,2026-05-11 16:16:59.210638,2.7788815,2.628385,2.5731988,-2.4663684,0.27152961,2.3348796
2020,2026-05-11 16:16:59.213364,2.7788815,2.628385,2.5731988,-2.4663684,0.27152961,2.3348796
2021,2026-05-11 16:16:59.216447,2.7788815,2.628385,2.5731988,0.0983493,-0.032986723,1.9650007
2022,2026-05-11 16:16:59.219262,2.7788815,2.628385,2.5731988,0.0983493,-0.032986723,1.9650007
2023,2026-05-11 16:16:59.221976,3.8134544,3.1843321,2.8553495,1.3002267,-0.20021108,1.4309518
2024,2026-05-11 16:16:59.224847,3.8134544,3.1843321,2.8553495,1.3002267,-0.20021108,1.4309518
2025,2026-05-11 16:16:59.227606,3.8134544,3.1843321,2.8553495,1.3002267,-0.20021108,1.4309518
2026,2026-05-11 16:16:59.230314,3.8134544,3.1843321,2.8553495,1.3002267,-0.20021108,1.4309518
2027,2026-05-11 16:16:59.233322,3.8134544,3.1843321,2.8553495,1.3002267,-0.20021108,1.4309518
2028,2026-05-11 16:16:59.236193,3.8134544,3.1843321,2.8553495,1.3002267,-0.20021108,1.4309518
2029,2026-05-11 16:16:59.238904,3.8134544,3.1843321,2.8553495,1.3002267,-0.20021108,1.4309518
2030,2026-05-11 16:16:59.241563,3.8134544,3.1843321,2.8553495,1.3002267,-0.20021108,1.4309518
2031,2026-05-11 16:16:59.244422,3.8134544,3.1843321,2.8553495,1.3002267,-0.20021108,1.4309518
2032,2026-05-11 16:16:59.247229,3.8134544,3.1843321,2.8553495,1.3002267,-0.20021108,1.4309518
2033,2026-05-11 16:16:59.250457,3.8134544,3.1843321,2.8553495,1.3002267,-0.20021108,1.4309518
2034,2026-05-11 16:16:59.253262,3.7813184,3.0719476,2.6426542,4.472908,-0.49373183,-0.10399981
2035,2026-05-11 16:16:59.255944,3.5847213,2.7405257,2.26562,4.472908,-0.49373183,-0.10399981
2036,2026-05-11 16:16:59.258731,3.5847213,2.7405257,2.26562,4.472908,-0.49373183,-0.10399981
2037,2026-05-11 16:16:59.261502,3.5847213,2.7405257,2.26562,4.472908,-0.49373183,-0.10399981
2038,2026-05-11 16:16:59.264096,3.5847213,2.7405257,2.26562,4.472908,-0.49373183,-0.10399981
2039,2026-05-11 16:16:59.267301,3.5847213,2.7405257,2.26562,4.472908,-0.49373183,-0.10399981
2040,2026-05-11 16:16:59.270071,3.5847213,2.7405257,2.26562,4.472908,-0.49373183,-0.10399981
2041,2026-05-11 16:16:59.272899,3.5847213,2.7405257,2.26562,5.847049,-1.1914927,-0.6791294
2042,2026-05-11 16:16:59.275501,2.9844425,2.0919514,1.3608111,5.847049,-1.1914927,-0.6791294
2043,2026-05-11 16:16:59.278221,2.65485,1.9331007,0.62826836,6.590167,-2.0807598,-0.9776898
2044,2026-05-11 16:16:59.280819,2.65485,1.9331007,0.62826836,6.6792006,-3.2774448,-1.2718215
2045,2026-05-11 16:16:59.283878,2.65485,1.9331007,0.62826836,6.6792006,-3.2774448,-1.2718215
2046,2026-05-11 16:16:59.286585,2.65485,1.9331007,0.62826836,6.6792006,-3.2774448,-1.2718215
2047,2026-05-11 16:16:59.289177,2.65485,1.9331007,0.62826836,6.6792006,-3.2774448,-1.2718215
2048,2026-05-11 16:16:59.291864,2.65485,1.9331007,0.62826836,6.6792006,-3.2774448,-1.2718215
2049,2026-05-11 16:16:59.294565,2.5050242,2.0448146,0.19513334,5.554903,-3.6960402,-1.4958563
2050,2026-05-11 16:16:59.297275,2.546917,2.1590893,0.2034265,4.137085,-3.6329684,-1.7363845
2051,2026-05-11 16:16:59.300369,2.546917,2.1590893,0.2034265,4.137085,-3.6329684,-1.7363845
2052,2026-05-11 16:16:59.303106,2.757417,2.2757425,0.5098468,4.137085,-3.6329684,-1.7363845
2053,2026-05-11 16:16:59.305716,2.757417,2.2757425,0.5098468,4.137085,-3.6329684,-1.7363845
2054,2026-05-11 16:16:59.308396,2.757417,2.2757425,0.5098468,4.137085,-3.6329684,-1.7363845
2055,2026-05-11 16:16:59.311001,2.757417,2.2757425,0.5098468,4.137085,-3.6329684,-1.7363845
2056,2026-05-11 16:16:59.313571,2.757417,2.2757425,0.5098468,4.137085,-3.6329684,-1.7363845
2057,2026-05-11 16:16:59.316631,2.757417,2.2757425,0.5098468,4.137085,-3.6329684,-1.7363845
2058,2026-05-11 16:16:59.319558,2.757417,2.2757425,0.5098468,4.137085,-3.6329684,-1.7363845
2059,2026-05-11 16:16:59.322203,2.757417,2.2757425,0.5098468,4.137085,-3.6329684,-1.7363845
2060,2026-05-11 16:16:59.324930,2.757417,2.2757425,0.5098468,2.32984,-3.1662674,-2.085952
2061,2026-05-11 16:16:59.327596,2.757417,2.2757425,0.5098468,2.32984,-3.1662674,-2.085952
2062,2026-05-11 16:16:59.330205,2.757417,2.2757425,0.5098468,2.32984,-3.1662674,-2.085952
2063,2026-05-11 16:16:59.333166,2.757417,2.2757425,0.5098468,2.32984,-3.1662674,-2.085952
2064,2026-05-11 16:16:59.336138,2.757417,2.2757425,0.5098468,2.32984,-3.1662674,-2.085952
2065,2026-05-11 16:16:59.338781,2.8845584,2.3174522,0.83273154,1.0939069,-2.6277895,-2.6288586
2066,2026-05-11 16:16:59.341590,2.8845584,2.3174522,0.83273154,1.0939069,-2.6277895,-2.6288586
2067,2026-05-11 16:16:59.350768,2.8845584,2.3174522,0.83273154,1.0939069,-2.6277895,-2.6288586
2068,2026-05-11 16:16:59.356108,2.8845584,2.3174522,0.83273154,1.0939069,-2.6277895,-2.6288586
2069,2026-05-11 16:16:59.362998,2.8845584,2.3174522,0.83273154,1.0939069,-2.6277895,-2.6288586
2070,2026-05-11 16:16:59.371957,2.8845584,2.3174522,0.83273154,1.0939069,-2.6277895,-2.6288586
2071,2026-05-11 16:16:59.376075,2.8845584,2.3174522,0.83273154,1.0939069,-2.6277895,-2.6288586
2072,2026-05-11 16:16:59.379813,2.8845584,2.3174522,0.83273154,1.0939069,-2.6277895,-2.6288586
2073,2026-05-11 16:16:59.384459,2.8845584,2.3174522,0.83273154,1.0939069,-2.6277895,-2.6288586
2074,2026-05-11 16:16:59.387441,2.8845584,2.3174522,0.83273154,1.0939069,-2.6277895,-2.6288586
2075,2026-05-11 16:16:59.390238,2.8845584,2.3174522,0.83273154,1.0939069,-2.6277895,-2.6288586
2076,2026-05-11 16:16:59.393087,2.8845584,2.3174522,0.83273154,1.0939069,-2.6277895,-2.6288586
2077,2026-05-11 16:16:59.395696,2.8845584,2.3174522,0.83273154,1.0939069,-2.6277895,-2.6288586
2078,2026-05-11 16:16:59.398465,2.8845584,2.3174522,0.83273154,1.0939069,-2.6277895,-2.6288586
2079,2026-05-11 16:16:59.401679,2.8845584,2.3174522,0.83273154,1.0939069,-2.6277895,-2.6288586
2080,2026-05-11 16:16:59.404303,2.8845584,2.3174522,0.83273154,1.0939069,-2.6277895,-2.6288586
2081,2026-05-11 16:16:59.407219,2.514781,2.0293868,1.6869277,-0.5626069,-1.2883148,-4.172973
2082,2026-05-11 16:16:59.409994,2.0264597,1.7962633,2.1264045,-0.48640144,-0.9810496,-4.6268463
2083,2026-05-11 16:16:59.412737,2.0264597,1.7962633,2.1264045,-0.48640144,-0.9810496,-4.6268463
2084,2026-05-11 16:16:59.415922,2.0264597,1.7962633,2.1264045,-0.48640144,-0.9810496,-4.6268463
2085,2026-05-11 16:16:59.418831,1.7027822,1.6241801,2.4264832,0.09208794,-1.0320568,-4.7800207
2086,2026-05-11 16:16:59.421468,1.7027822,1.6241801,2.4264832,0.09208794,-1.0320568,-4.7800207
2087,2026-05-11 16:16:59.424221,1.5200887,1.419412,2.5717964,0.09208794,-1.0320568,-4.7800207
2088,2026-05-11 16:16:59.426824,1.5200887,1.419412,2.5717964,0.09208794,-1.0320568,-4.7800207
2089,2026-05-11 16:16:59.429395,1.5200887,1.419412,2.5717964,0.9599747,-1.1189524,-4.844925
2090,2026-05-11 16:16:59.432414,1.5200887,1.419412,2.5717964,0.9599747,-1.1189524,-4.844925
2091,2026-05-11 16:16:59.435176,1.5200887,1.419412,2.5717964,0.9599747,-1.1189524,-4.844925
2092,2026-05-11 16:16:59.437792,1.5200887,1.419412,2.5717964,0.9599747,-1.1189524,-4.844925
2093,2026-05-11 16:16:59.440585,1.5200887,1.419412,2.5717964,0.9599747,-1.1189524,-4.844925
2094,2026-05-11 16:16:59.443288,1.5200887,1.419412,2.5717964,0.9599747,-1.1189524,-4.844925
2095,2026-05-11 16:16:59.445976,1.5200887,1.419412,2.5717964,0.9599747,-1.1189524,-4.844925
2096,2026-05-11 16:16:59.448825,1.5200887,1.419412,2.5717964,0.9599747,-1.1189524,-4.844925
2097,2026-05-11 16:16:59.451776,1.5200887,1.419412,2.5717964,0.9599747,-1.1189524,-4.844925
2098,2026-05-11 16:16:59.454471,1.5200887,1.419412,2.5717964,0.9599747,-1.1189524,-4.844925
2099,2026-05-11 16:16:59.457056,1.5200887,1.419412,2.5717964,0.9599747,-1.1189524,-4.844925
2100,2026-05-11 16:16:59.459702,1.5200887,1.419412,2.5717964,0.9599747,-1.1189524,-4.844925
2101,2026-05-11 16:16:59.462426,1.3270286,1.1366518,2.5439289,0.9599747,-1.1189524,-4.844925
2102,2026-05-11 16:16:59.465621,1.3270286,1.1366518,2.5439289,0.9599747,-1.1189524,-4.844925
2103,2026-05-11 16:16:59.468480,1.3270286,1.1366518,2.5439289,0.9599747,-1.1189524,-4.844925
2104,2026-05-11 16:16:59.471222,1.3270286,1.1366518,2.5439289,0.9599747,-1.1189524,-4.844925
2105,2026-05-11 16:16:59.473865,1.3270286,1.1366518,2.5439289,0.9599747,-1.1189524,-4.844925
2106,2026-05-11 16:16:59.476645,1.3270286,1.1366518,2.5439289,0.9599747,-1.1189524,-4.844925
2107,2026-05-11 16:16:59.479439,1.3270286,1.1366518,2.5439289,0.9599747,-1.1189524,-4.844925
2108,2026-05-11 16:16:59.482509,1.3270286,1.1366518,2.5439289,0.9599747,-1.1189524,-4.844925
2109,2026-05-11 16:16:59.485257,1.3270286,1.1366518,2.5439289,0.9599747,-1.1189524,-4.844925
2110,2026-05-11 16:16:59.488069,1.3270286,1.1366518,2.5439289,2.3483188,-0.9966267,-4.841871
2111,2026-05-11 16:16:59.490827,1.3270286,1.1366518,2.5439289,2.3483188,-0.9966267,-4.841871
2112,2026-05-11 16:16:59.493538,1.091771,0.58570486,2.0731697,3.8887682,-0.3052799,-4.644103
2113,2026-05-11 16:16:59.496269,1.1100647,0.42276856,1.9987751,4.62089,-0.106901415,-4.5666757
2114,2026-05-11 16:16:59.499178,1.1100647,0.42276856,1.9987751,4.62089,-0.106901415,-4.5666757
2115,2026-05-11 16:16:59.502017,1.1100647,0.42276856,1.9987751,4.62089,-0.106901415,-4.5666757
2116,2026-05-11 16:16:59.504635,1.1100647,0.42276856,1.9987751,4.62089,-0.106901415,-4.5666757
2117,2026-05-11 16:16:59.507231,1.1100647,0.42276856,1.9987751,4.62089,-0.106901415,-4.5666757
2118,2026-05-11 16:16:59.509828,1.1100647,0.42276856,1.9987751,4.62089,-0.106901415,-4.5666757
2119,2026-05-11 16:16:59.512386,1.1100647,0.42276856,1.9987751,4.62089,-0.106901415,-4.5666757
2120,2026-05-11 16:16:59.515409,1.1100647,0.42276856,1.9987751,4.62089,-0.106901415,-4.5666757
2121,2026-05-11 16:16:59.518384,1.1056743,0.18427904,1.7893116,5.797722,-0.5688683,-4.5981355
2122,2026-05-11 16:16:59.521190,1.2267789,-0.1393374,1.4505115,6.3019915,-1.1517864,-4.750241
2123,2026-05-11 16:16:59.524094,1.2664154,-0.20623155,1.3993499,6.3019915,-1.1517864,-4.750241
2124,2026-05-11 16:16:59.526830,1.2664154,-0.20623155,1.3993499,6.3019915,-1.1517864,-4.750241
2125,2026-05-11 16:16:59.529593,1.2664154,-0.20623155,1.3993499,6.3019915,-1.1517864,-4.750241
2126,2026-05-11 16:16:59.532796,1.2664154,-0.20623155,1.3993499,6.201962,-1.2458596,-4.913342
2127,2026-05-11 16:16:59.535610,1.2664154,-0.20623155,1.3993499,6.201962,-1.2458596,-4.913342
2128,2026-05-11 16:16:59.538259,1.2664154,-0.20623155,1.3993499,6.201962,-1.2458596,-4.913342
2129,2026-05-11 16:16:59.540906,1.2664154,-0.20623155,1.3993499,6.201962,-1.2458596,-4.913342
2130,2026-05-11 16:16:59.543628,1.290746,-0.20982932,1.4267296,6.201962,-1.2458596,-4.913342
2131,2026-05-11 16:16:59.546318,1.290746,-0.20982932,1.4267296,6.201962,-1.2458596,-4.913342
2132,2026-05-11 16:16:59.549486,1.290746,-0.20982932,1.4267296,6.201962,-1.2458596,-4.913342
2133,2026-05-11 16:16:59.552354,1.290746,-0.20982932,1.4267296,6.201962,-1.2458596,-4.913342
2134,2026-05-11 16:16:59.555188,1.290746,-0.20982932,1.4267296,6.201962,-1.2458596,-4.913342
2135,2026-05-11 16:16:59.558009,1.3090397,-0.21428078,1.5416753,5.6842537,-1.466382,-5.415168
2136,2026-05-11 16:16:59.560948,1.3090397,-0.21428078,1.5416753,5.6842537,-1.466382,-5.415168
2137,2026-05-11 16:16:59.563689,1.4747202,-0.34880084,1.9041965,5.504965,-1.4931073,-5.520084
2138,2026-05-11 16:16:59.566803,1.4747202,-0.34880084,1.9041965,5.504965,-1.4931073,-5.520084
2139,2026-05-11 16:16:59.569774,1.4747202,-0.34880084,1.9041965,5.5153494,-1.2970196,-5.711132
2140,2026-05-11 16:16:59.572498,1.4747202,-0.34880084,1.9041965,5.5153494,-1.2970196,-5.711132
2141,2026-05-11 16:16:59.575363,1.4747202,-0.34880084,1.9041965,5.5153494,-1.2970196,-5.711132
2142,2026-05-11 16:16:59.578099,1.4747202,-0.34880084,1.9041965,5.5153494,-1.2970196,-5.711132
2143,2026-05-11 16:16:59.580878,1.4747202,-0.34880084,1.9041965,5.5153494,-1.2970196,-5.711132
2144,2026-05-11 16:16:59.583971,1.4747202,-0.34880084,1.9041965,5.5153494,-1.2970196,-5.711132
2145,2026-05-11 16:16:59.586733,1.4747202,-0.34880084,1.9041965,5.5153494,-1.2970196,-5.711132
2146,2026-05-11 16:16:59.589398,1.4747202,-0.34880084,1.9041965,5.5153494,-1.2970196,-5.711132
2147,2026-05-11 16:16:59.592322,1.5653352,-0.4103288,1.969627,5.8334575,-0.78801614,-6.133087
2148,2026-05-11 16:16:59.595103,1.5653352,-0.4103288,1.969627,5.8334575,-0.78801614,-6.133087
2149,2026-05-11 16:16:59.597984,1.5653352,-0.4103288,1.969627,5.8334575,-0.78801614,-6.133087
2150,2026-05-11 16:16:59.601187,1.4494748,-0.44795296,1.8488274,5.8334575,-0.78801614,-6.133087
2151,2026-05-11 16:16:59.603956,1.4494748,-0.44795296,1.8488274,5.8334575,-0.78801614,-6.133087
2152,2026-05-11 16:16:59.606698,1.4494748,-0.44795296,1.8488274,5.8334575,-0.78801614,-6.133087
2153,2026-05-11 16:16:59.609424,1.2248886,-0.471186,1.6891838,5.8334575,-0.78801614,-6.133087
2154,2026-05-11 16:16:59.612093,1.2248886,-0.471186,1.6891838,5.8334575,-0.78801614,-6.133087
2155,2026-05-11 16:16:59.614769,1.2248886,-0.471186,1.6891838,5.8334575,-0.78801614,-6.133087
2156,2026-05-11 16:16:59.618106,1.2248886,-0.471186,1.6891838,5.8334575,-0.78801614,-6.133087
2157,2026-05-11 16:16:59.620942,1.2248886,-0.471186,1.6891838,5.8334575,-0.78801614,-6.133087
2158,2026-05-11 16:16:59.623689,1.2248886,-0.471186,1.6891838,5.7833667,-0.47448957,-6.2335744
2159,2026-05-11 16:16:59.626423,1.2248886,-0.471186,1.6891838,5.7833667,-0.47448957,-6.2335744
2160,2026-05-11 16:16:59.629205,1.1392738,-0.48258913,1.5875317,5.7833667,-0.47448957,-6.2335744
2161,2026-05-11 16:16:59.632199,1.1392738,-0.48258913,1.5875317,5.7833667,-0.47448957,-6.2335744
2162,2026-05-11 16:16:59.635112,1.1392738,-0.48258913,1.5875317,5.7833667,-0.47448957,-6.2335744
2163,2026-05-11 16:16:59.637798,1.1392738,-0.48258913,1.5875317,5.5767417,-0.19181168,-6.1071253
2164,2026-05-11 16:16:59.640462,1.1392738,-0.48258913,1.5875317,5.5767417,-0.19181168,-6.1071253
2165,2026-05-11 16:16:59.643279,1.1392738,-0.48258913,1.5875317,5.5767417,-0.19181168,-6.1071253
2166,2026-05-11 16:16:59.645912,1.1392738,-0.48258913,1.5875317,5.5767417,-0.19181168,-6.1071253
2167,2026-05-11 16:16:59.649025,1.1392738,-0.48258913,1.5875317,5.5767417,-0.19181168,-6.1071253
2168,2026-05-11 16:16:59.651965,1.10915,-0.44490403,1.5183812,5.2268686,-0.009315695,-5.8762183
2169,2026-05-11 16:16:59.654660,1.10915,-0.44490403,1.5183812,5.2268686,-0.009315695,-5.8762183
2170,2026-05-11 16:16:59.657392,1.10915,-0.44490403,1.5183812,5.2268686,-0.009315695,-5.8762183
2171,2026-05-11 16:16:59.659983,1.10915,-0.44490403,1.5183812,5.2268686,-0.009315695,-5.8762183
2172,2026-05-11 16:16:59.662805,0.97731316,-0.5133226,1.5619814,5.177083,-0.081855945,-5.7549615
2173,2026-05-11 16:16:59.665844,0.97731316,-0.5133226,1.5619814,5.177083,-0.081855945,-5.7549615
2174,2026-05-11 16:16:59.668706,0.97731316,-0.5133226,1.5619814,5.177083,-0.081855945,-5.7549615
2175,2026-05-11 16:16:59.671312,0.97731316,-0.5133226,1.5619814,5.177083,-0.081855945,-5.7549615
2176,2026-05-11 16:16:59.674146,0.8942595,-0.6749174,1.4306931,5.380654,-0.28710666,-5.6080484
2177,2026-05-11 16:16:59.676892,0.8942595,-0.6749174,1.4306931,5.762292,-0.67363167,-5.4002013
2178,2026-05-11 16:16:59.679606,0.8942595,-0.6749174,1.4306931,5.762292,-0.67363167,-5.4002013
2179,2026-05-11 16:16:59.682795,0.8322436,-0.8044982,1.2782453,6.0070963,-0.93966347,-5.2934527
2180,2026-05-11 16:16:59.685670,0.8322436,-0.8044982,1.2782453,6.0070963,-0.93966347,-5.2934527
2181,2026-05-11 16:16:59.688281,0.8322436,-0.8044982,1.2782453,6.0070963,-0.93966347,-5.2934527
2182,2026-05-11 16:16:59.691047,0.8322436,-0.8044982,1.2782453,6.0070963,-0.93966347,-5.2934527
2183,2026-05-11 16:16:59.693746,0.8322436,-0.8044982,1.2782453,6.0070963,-0.93966347,-5.2934527
2184,2026-05-11 16:16:59.696443,0.8322436,-0.8044982,1.2782453,6.371019,-1.4138476,-4.995961
2185,2026-05-11 16:16:59.699545,0.64845246,-1.0723187,0.83663416,6.371019,-1.4138476,-4.995961
2186,2026-05-11 16:16:59.702340,0.64845246,-1.0723187,0.83663416,6.371019,-1.4138476,-4.995961
2187,2026-05-11 16:16:59.705006,0.64845246,-1.0723187,0.83663416,6.2134156,-1.5925257,-4.86432
2188,2026-05-11 16:16:59.707783,0.64845246,-1.0723187,0.83663416,6.2134156,-1.5925257,-4.86432
2189,2026-05-11 16:16:59.710454,0.64845246,-1.0723187,0.83663416,6.2134156,-1.5925257,-4.86432
2190,2026-05-11 16:16:59.713371,0.64845246,-1.0723187,0.83663416,6.2134156,-1.5925257,-4.86432
2191,2026-05-11 16:16:59.716452,0.5184449,-1.278794,0.316116,6.2134156,-1.5925257,-4.86432
2192,2026-05-11 16:16:59.719267,0.5184449,-1.278794,0.316116,6.2134156,-1.5925257,-4.86432
2193,2026-05-11 16:16:59.721919,0.5184449,-1.278794,0.316116,6.2134156,-1.5925257,-4.86432
2194,2026-05-11 16:16:59.724517,0.5184449,-1.278794,0.316116,6.2134156,-1.5925257,-4.86432
2195,2026-05-11 16:16:59.727246,0.5184449,-1.278794,0.316116,6.2134156,-1.5925257,-4.86432
2196,2026-05-11 16:16:59.729963,0.5184449,-1.278794,0.316116,6.2134156,-1.5925257,-4.86432
2197,2026-05-11 16:16:59.733027,0.5184449,-1.278794,0.316116,5.46984,-1.7403551,-4.770094
2198,2026-05-11 16:16:59.736040,0.5184449,-1.278794,0.316116,5.46984,-1.7403551,-4.770094
2199,2026-05-11 16:16:59.738816,0.24769738,-1.3625185,-0.12970269,5.46984,-1.7403551,-4.770094
2200,2026-05-11 16:16:59.741510,0.24769738,-1.3625185,-0.12970269,5.46984,-1.7403551,-4.770094
2201,2026-05-11 16:16:59.744256,-0.041404855,-1.4504505,-0.21873227,4.3105707,-1.9260582,-4.579046
2202,2026-05-11 16:16:59.747058,-0.041404855,-1.4504505,-0.21873227,4.3105707,-1.9260582,-4.579046
2203,2026-05-11 16:16:59.750017,-0.041404855,-1.4504505,-0.21873227,4.3105707,-1.9260582,-4.579046
2204,2026-05-11 16:16:59.752781,-0.17860797,-1.5929588,-0.13836174,4.3105707,-1.9260582,-4.579046
2205,2026-05-11 16:16:59.755413,-0.17860797,-1.5929588,-0.13836174,4.3105707,-1.9260582,-4.579046
2206,2026-05-11 16:16:59.758179,-0.17860797,-1.5929588,-0.13836174,4.3105707,-1.9260582,-4.579046
2207,2026-05-11 16:16:59.761044,-0.17860797,-1.5929588,-0.13836174,3.3615913,-1.861001,-4.3284383
2208,2026-05-11 16:16:59.763782,-0.17860797,-1.5929588,-0.13836174,3.3615913,-1.861001,-4.3284383
2209,2026-05-11 16:16:59.766766,-0.17860797,-1.5929588,-0.13836174,2.3693936,-1.2825116,-3.905567
2210,2026-05-11 16:16:59.769538,-0.17860797,-1.5929588,-0.13836174,2.3693936,-1.2825116,-3.905567
2211,2026-05-11 16:16:59.772222,-0.17860797,-1.5929588,-0.13836174,2.3693936,-1.2825116,-3.905567
2212,2026-05-11 16:16:59.774948,-0.42526874,-1.9578581,0.04762473,2.3693936,-1.2825116,-3.905567
2213,2026-05-11 16:16:59.777639,-0.42526874,-1.9578581,0.04762473,2.3693936,-1.2825116,-3.905567
2214,2026-05-11 16:16:59.780225,-0.42526874,-1.9578581,0.04762473,2.3693936,-1.2825116,-3.905567
2215,2026-05-11 16:16:59.783337,-0.42526874,-1.9578581,0.04762473,2.3693936,-1.2825116,-3.905567
2216,2026-05-11 16:16:59.786044,-0.42526874,-1.9578581,0.04762473,2.3693936,-1.2825116,-3.905567
2217,2026-05-11 16:16:59.788691,-0.42526874,-1.9578581,0.04762473,2.3693936,-1.2825116,-3.905567
2218,2026-05-11 16:16:59.791252,-0.42526874,-1.9578581,0.04762473,2.3693936,-1.2825116,-3.905567
2219,2026-05-11 16:16:59.793908,-0.42526874,-1.9578581,0.04762473,2.3693936,-1.2825116,-3.905567
2220,2026-05-11 16:16:59.796504,-0.42526874,-1.9578581,0.04762473,2.3693936,-1.2825116,-3.905567
2221,2026-05-11 16:16:59.799537,-0.42526874,-1.9578581,0.04762473,2.3693936,-1.2825116,-3.905567
2222,2026-05-11 16:16:59.802539,-0.9124313,-2.3003173,0.20299964,1.7055358,-0.54534996,-3.3765576
2223,2026-05-11 16:16:59.805222,-0.9124313,-2.3003173,0.20299964,1.3924674,0.069027774,-2.7250698
2224,2026-05-11 16:16:59.807838,-0.9124313,-2.3003173,0.20299964,1.3924674,0.069027774,-2.7250698
2225,2026-05-11 16:16:59.810715,-0.9124313,-2.3003173,0.20299964,1.3924674,0.069027774,-2.7250698
2226,2026-05-11 16:16:59.813445,-0.9124313,-2.3003173,0.20299964,1.3924674,0.069027774,-2.7250698
2227,2026-05-11 16:16:59.816549,-0.9124313,-2.3003173,0.20299964,1.3924674,0.069027774,-2.7250698
2228,2026-05-11 16:16:59.819575,-0.9124313,-2.3003173,0.20299964,1.3924674,0.069027774,-2.7250698
2229,2026-05-11 16:16:59.822281,-0.9124313,-2.3003173,0.20299964,1.2649492,0.54702985,-1.751656
2230,2026-05-11 16:16:59.825201,-0.9786547,-2.4314833,-0.049332146,1.2342533,0.6637051,-1.4011722
2231,2026-05-11 16:16:59.827962,-0.9786547,-2.4314833,-0.049332146,1.2342533,0.6637051,-1.4011722
2232,2026-05-11 16:16:59.830701,-0.9786547,-2.4314833,-0.049332146,1.2342533,0.6637051,-1.4011722
2233,2026-05-11 16:16:59.833802,-0.9786547,-2.4314833,-0.049332146,1.2342533,0.6637051,-1.4011722
2234,2026-05-11 16:16:59.836486,-0.9786547,-2.4314833,-0.049332146,1.2342533,0.6637051,-1.4011722
2235,2026-05-11 16:16:59.839152,-0.9786547,-2.4314833,-0.049332146,1.2342533,0.6637051,-1.4011722
2236,2026-05-11 16:16:59.841735,-0.9786547,-2.4314833,-0.049332146,1.2342533,0.6637051,-1.4011722
2237,2026-05-11 16:16:59.844337,-0.9786547,-2.4314833,-0.049332146,1.2342533,0.6637051,-1.4011722
2238,2026-05-11 16:16:59.846991,-0.87017274,-2.43874,-0.14330104,1.0606148,1.0578659,-0.42348233
2239,2026-05-11 16:16:59.849978,-0.87017274,-2.43874,-0.14330104,1.0606148,1.0578659,-0.42348233
2240,2026-05-11 16:16:59.852604,-0.87017274,-2.43874,-0.14330104,1.0606148,1.0578659,-0.42348233
2241,2026-05-11 16:16:59.855279,-0.87017274,-2.43874,-0.14330104,0.850019,1.6194037,0.22968534
2242,2026-05-11 16:16:59.857828,-0.87017274,-2.43874,-0.14330104,0.850019,1.6194037,0.22968534
2243,2026-05-11 16:16:59.860499,-0.87017274,-2.43874,-0.14330104,0.850019,1.6194037,0.22968534
2244,2026-05-11 16:16:59.863048,-0.87017274,-2.43874,-0.14330104,0.850019,1.6194037,0.22968534
2245,2026-05-11 16:16:59.866137,-0.87017274,-2.43874,-0.14330104,0.850019,1.6194037,0.22968534
2246,2026-05-11 16:16:59.868854,-0.76882535,-2.4014206,-0.2689791,0.6776023,2.0715969,0.6595817
2247,2026-05-11 16:16:59.871472,-0.76882535,-2.4014206,-0.2689791,0.29077184,2.447279,1.266171
2248,2026-05-11 16:16:59.874103,-0.76882535,-2.4014206,-0.2689791,0.29077184,2.447279,1.266171
2249,2026-05-11 16:16:59.876702,-0.76882535,-2.4014206,-0.2689791,0.29077184,2.447279,1.266171
2250,2026-05-11 16:16:59.879318,-0.76882535,-2.4014206,-0.2689791,0.29077184,2.447279,1.266171
2251,2026-05-11 16:16:59.882259,-0.74303114,-2.2787304,-0.48423555,0.29077184,2.447279,1.266171
2252,2026-05-11 16:16:59.884930,-0.74303114,-2.2787304,-0.48423555,0.29077184,2.447279,1.266171
2253,2026-05-11 16:16:59.887597,-0.71010244,-2.1676264,-0.61576766,0.0071776668,2.4923303,1.5847372
2254,2026-05-11 16:16:59.890333,-0.6138163,-1.9740176,-0.73217684,-0.7125743,2.4433084,2.2146919
2255,2026-05-11 16:16:59.892923,-0.5084443,-1.8216916,-0.7595565,-0.7125743,2.4433084,2.2146919
2256,2026-05-11 16:16:59.895626,-0.5084443,-1.8216916,-0.7595565,-0.7125743,2.4433084,2.2146919
2257,2026-05-11 16:16:59.898245,-0.5084443,-1.8216916,-0.7595565,-0.7125743,2.4433084,2.2146919
2258,2026-05-11 16:16:59.901692,-0.5084443,-1.8216916,-0.7595565,-0.7125743,2.4433084,2.2146919
2259,2026-05-11 16:16:59.904447,-0.5084443,-1.8216916,-0.7595565,-0.7125743,2.4433084,2.2146919
2260,2026-05-11 16:16:59.907191,-0.5084443,-1.8216916,-0.7595565,-1.3220651,2.4207063,2.601675
2261,2026-05-11 16:16:59.909973,-0.5084443,-1.8216916,-0.7595565,-1.3220651,2.4207063,2.601675
2262,2026-05-11 16:16:59.912716,-0.5084443,-1.8216916,-0.7595565,-1.3220651,2.4207063,2.601675
2263,2026-05-11 16:16:59.915768,-0.5084443,-1.8216916,-0.7595565,-1.3220651,2.4207063,2.601675
2264,2026-05-11 16:16:59.918691,-0.36422858,-1.4828913,-0.71668816,-2.2342396,2.4964535,2.9633074
2265,2026-05-11 16:16:59.921456,-0.29568797,-1.3355657,-0.63619566,-4.319123,3.098614,3.4779613
2266,2026-05-11 16:16:59.924056,-0.29568797,-1.3355657,-0.63619566,-4.319123,3.098614,3.4779613
2267,2026-05-11 16:16:59.926772,-0.29568797,-1.3355657,-0.63619566,-4.319123,3.098614,3.4779613
2268,2026-05-11 16:16:59.929502,-0.29568797,-1.3355657,-0.63619566,-4.319123,3.098614,3.4779613
2269,2026-05-11 16:16:59.932557,-0.29568797,-1.3355657,-0.63619566,-4.319123,3.098614,3.4779613
2270,2026-05-11 16:16:59.935331,-0.29568797,-1.3355657,-0.63619566,-4.319123,3.098614,3.4779613
2271,2026-05-11 16:16:59.937961,-0.29568797,-1.3355657,-0.63619566,-4.319123,3.098614,3.4779613
2272,2026-05-11 16:16:59.940724,-0.29568797,-1.3355657,-0.63619566,-4.319123,3.098614,3.4779613
2273,2026-05-11 16:16:59.943407,-0.13378829,-1.1202483,-0.4441113,-6.6740084,3.1270192,3.6749654
2274,2026-05-11 16:16:59.946111,-0.13378829,-1.1202483,-0.4441113,-6.6740084,3.1270192,3.6749654
2275,2026-05-11 16:16:59.949208,-0.12683667,-1.1379932,-0.26153967,-6.6740084,3.1270192,3.6749654
2276,2026-05-11 16:16:59.952168,-0.12683667,-1.1379932,-0.26153967,-7.783645,2.764776,3.7982073
2277,2026-05-11 16:16:59.954858,-0.11921428,-1.1279317,0.034026377,-8.543867,2.2881484,4.0662246
2278,2026-05-11 16:16:59.957452,-0.11921428,-1.1279317,0.034026377,-8.543867,2.2881484,4.0662246
2279,2026-05-11 16:16:59.960101,0.06860156,-1.0583545,0.4628929,-8.543867,2.2881484,4.0662246
2280,2026-05-11 16:16:59.962785,0.06860156,-1.0583545,0.4628929,-9.082803,1.5709927,4.531704
2281,2026-05-11 16:16:59.965774,0.06860156,-1.0583545,0.4628929,-9.082803,1.5709927,4.531704
2282,2026-05-11 16:16:59.968545,0.06860156,-1.0583545,0.4628929,-9.082803,1.5709927,4.531704
2283,2026-05-11 16:16:59.971158,0.06860156,-1.0583545,0.4628929,-9.082803,1.5709927,4.531704
2284,2026-05-11 16:16:59.974099,1.2109853,-0.68284476,1.6491206,-8.283333,-0.25870144,5.082399
2285,2026-05-11 16:16:59.976794,1.2109853,-0.68284476,1.6491206,-8.283333,-0.25870144,5.082399
2286,2026-05-11 16:16:59.979427,1.5668597,-0.30349332,1.9304785,-8.283333,-0.25870144,5.082399
2287,2026-05-11 16:16:59.982439,1.5668597,-0.30349332,1.9304785,-8.283333,-0.25870144,5.082399
2288,2026-05-11 16:16:59.985273,1.5668597,-0.30349332,1.9304785,-8.283333,-0.25870144,5.082399
2289,2026-05-11 16:16:59.987963,1.5668597,-0.30349332,1.9304785,-8.283333,-0.25870144,5.082399
2290,2026-05-11 16:16:59.990747,1.5668597,-0.30349332,1.9304785,-8.283333,-0.25870144,5.082399
2291,2026-05-11 16:16:59.993391,1.5668597,-0.30349332,1.9304785,-8.283333,-0.25870144,5.082399
2292,2026-05-11 16:16:59.996120,1.5668597,-0.30349332,1.9304785,-7.8517566,-0.2507602,4.726112
2293,2026-05-11 16:16:59.999127,1.6698536,-0.10531103,1.8477298,-7.8517566,-0.2507602,4.726112
2294,2026-05-11 16:17:00.002046,1.6698536,-0.10531103,1.8477298,-7.8517566,-0.2507602,4.726112
2295,2026-05-11 16:17:00.004659,1.6698536,-0.10531103,1.8477298,-7.8517566,-0.2507602,4.726112
2296,2026-05-11 16:17:00.007232,1.6698536,-0.10531103,1.8477298,-7.8517566,-0.2507602,4.726112
2297,2026-05-11 16:17:00.009967,1.6698536,-0.10531103,1.8477298,-7.8517566,-0.2507602,4.726112
2298,2026-05-11 16:17:00.012630,1.6698536,-0.10531103,1.8477298,-7.8517566,-0.2507602,4.726112
2299,2026-05-11 16:17:00.015663,1.6698536,-0.10531103,1.8477298,-7.8517566,-0.2507602,4.726112
2300,2026-05-11 16:17:00.018497,1.6698536,-0.10531103,1.8477298,-7.8517566,-0.2507602,4.726112
2301,2026-05-11 16:17:00.021082,1.6698536,-0.10531103,1.8477298,-7.8517566,-0.2507602,4.726112
2302,2026-05-11 16:17:00.023960,1.6698536,-0.10531103,1.8477298,-7.9087195,0.020616703,4.554306
2303,2026-05-11 16:17:00.026631,1.6698536,-0.10531103,1.8477298,-7.9087195,0.020616703,4.554306
2304,2026-05-11 16:17:00.029347,1.6698536,-0.10531103,1.8477298,-7.9087195,0.020616703,4.554306
2305,2026-05-11 16:17:00.032611,1.6232654,-0.10634767,1.7438213,-8.373741,0.6928739,4.397008
2306,2026-05-11 16:17:00.035501,1.6232654,-0.10634767,1.7438213,-8.373741,0.6928739,4.397008
2307,2026-05-11 16:17:00.038155,1.6232654,-0.10634767,1.7438213,-8.373741,0.6928739,4.397008
2308,2026-05-11 16:17:00.040937,1.6232654,-0.10634767,1.7438213,-8.373741,0.6928739,4.397008
2309,2026-05-11 16:17:00.043747,1.3803245,-0.26214942,1.5511271,-8.9335985,0.88193667,4.486958
2310,2026-05-11 16:17:00.046394,1.3803245,-0.26214942,1.5511271,-8.9335985,0.88193667,4.486958
2311,2026-05-11 16:17:00.049511,1.3803245,-0.26214942,1.5511271,-8.9335985,0.88193667,4.486958
2312,2026-05-11 16:17:00.052330,1.3803245,-0.26214942,1.5511271,-8.9335985,0.88193667,4.486958
2313,2026-05-11 16:17:00.054982,1.3803245,-0.26214942,1.5511271,-9.3001175,0.6462954,4.523152
2314,2026-05-11 16:17:00.057800,1.6153991,-0.26324704,1.8076055,-9.3001175,0.6462954,4.523152
2315,2026-05-11 16:17:00.060413,1.6153991,-0.26324704,1.8076055,-9.3001175,0.6462954,4.523152
2316,2026-05-11 16:17:00.063230,1.6153991,-0.26324704,1.8076055,-9.3001175,0.6462954,4.523152
2317,2026-05-11 16:17:00.066214,1.6153991,-0.26324704,1.8076055,-9.3001175,0.6462954,4.523152
2318,2026-05-11 16:17:00.069094,1.6153991,-0.26324704,1.8076055,-9.3001175,0.6462954,4.523152
2319,2026-05-11 16:17:00.071790,1.6153991,-0.26324704,1.8076055,-9.3001175,0.6462954,4.523152
2320,2026-05-11 16:17:00.074370,1.6153991,-0.26324704,1.8076055,-9.3001175,0.6462954,4.523152
2321,2026-05-11 16:17:00.077208,1.6153991,-0.26324704,1.8076055,-9.3001175,0.6462954,4.523152
2322,2026-05-11 16:17:00.079822,1.6153991,-0.26324704,1.8076055,-9.3001175,0.6462954,4.523152
2323,2026-05-11 16:17:00.082846,1.7848603,-0.2494048,1.9738955,-9.266673,0.34483343,4.358829
2324,2026-05-11 16:17:00.085671,1.7322961,-0.23464784,1.8987083,-9.266673,0.34483343,4.358829
2325,2026-05-11 16:17:00.088344,1.6061913,-0.2063535,1.7819333,-9.240559,0.11224649,3.7653735
2326,2026-05-11 16:17:00.091024,1.6061913,-0.2063535,1.7819333,-9.240559,0.11224649,3.7653735
2327,2026-05-11 16:17:00.093773,1.6095451,-0.19373082,1.7893116,-9.318138,0.0711658,3.7163515
2328,2026-05-11 16:17:00.096511,1.6095451,-0.19373082,1.7893116,-9.240101,0.108123146,3.4503195
2329,2026-05-11 16:17:00.099581,1.6095451,-0.19373082,1.7893116,-9.240101,0.108123146,3.4503195
2330,2026-05-11 16:17:00.102355,1.6095451,-0.19373082,1.7893116,-9.240101,0.108123146,3.4503195
2331,2026-05-11 16:17:00.104974,1.6095451,-0.19373082,1.7893116,-9.240101,0.108123146,3.4503195
2332,2026-05-11 16:17:00.107744,1.6095451,-0.19373082,1.7893116,-9.240101,0.108123146,3.4503195
2333,2026-05-11 16:17:00.110438,1.2506827,-0.26599112,2.3334289,-8.717658,0.35094208,3.5614972
2334,2026-05-11 16:17:00.113174,1.2506827,-0.26599112,2.3334289,-8.717658,0.35094208,3.5614972
2335,2026-05-11 16:17:00.116338,1.2506827,-0.26599112,2.3334289,-8.717658,0.35094208,3.5614972
2336,2026-05-11 16:17:00.119074,1.2506827,-0.26599112,2.3334289,-8.717658,0.35094208,3.5614972
2337,2026-05-11 16:17:00.121694,1.2506827,-0.26599112,2.3334289,-8.717658,0.35094208,3.5614972
2338,2026-05-11 16:17:00.124287,1.1426886,-0.1387886,2.5743575,-8.717658,0.35094208,3.5614972
2339,2026-05-11 16:17:00.127167,1.1426886,-0.1387886,2.5743575,-7.9446077,0.4738787,3.8127155
2340,2026-05-11 16:17:00.129786,1.1426886,-0.1387886,2.5743575,-7.9446077,0.4738787,3.8127155
2341,2026-05-11 16:17:00.132858,1.53387,0.30532268,2.7761986,-6.486625,0.3678936,4.0796638
2342,2026-05-11 16:17:00.135681,1.53387,0.30532268,2.7761986,-5.045136,0.12797627,4.0621014
2343,2026-05-11 16:17:00.138365,1.7625419,0.6716246,2.5419776,-3.1377094,-0.23808473,3.7345247
2344,2026-05-11 16:17:00.141007,1.7625419,0.6716246,2.5419776,-1.4549283,-0.55848354,3.3162346
2345,2026-05-11 16:17:00.143869,1.7625419,0.6716246,2.5419776,-1.4549283,-0.55848354,3.3162346
2346,2026-05-11 16:17:00.146579,1.4972215,1.0643305,1.3238578,-1.4549283,-0.55848354,3.3162346
2347,2026-05-11 16:17:00.149861,1.4972215,1.0643305,1.3238578,-1.0490084,-0.5897904,3.1844406
2348,2026-05-11 16:17:00.152657,1.4972215,1.0643305,1.3238578,-1.0490084,-0.5897904,3.1844406
2349,2026-05-11 16:17:00.155673,1.4972215,1.0643305,1.3238578,-1.0490084,-0.5897904,3.1844406
2350,2026-05-11 16:17:00.158455,1.4972215,1.0643305,1.3238578,-1.0490084,-0.5897904,3.1844406
2351,2026-05-11 16:17:00.161155,1.4972215,1.0643305,1.3238578,-1.0490084,-0.5897904,3.1844406
2352,2026-05-11 16:17:00.163946,1.4972215,1.0643305,1.3238578,-1.0490084,-0.5897904,3.1844406
2353,2026-05-11 16:17:00.167038,1.4972215,1.0643305,1.3238578,-1.0490084,-0.5897904,3.1844406
2354,2026-05-11 16:17:00.169813,1.4121555,1.1908011,0.93926215,-1.0490084,-0.5897904,3.1844406
2355,2026-05-11 16:17:00.172514,1.4121555,1.1908011,0.93926215,-1.5969545,-0.28115073,3.3583844
2356,2026-05-11 16:17:00.175331,1.449109,1.2989173,0.7649227,-1.5969545,-0.28115073,3.3583844
2357,2026-05-11 16:17:00.177989,1.449109,1.2989173,0.7649227,-1.5969545,-0.28115073,3.3583844
2358,2026-05-11 16:17:00.180612,1.449109,1.2989173,0.7649227,-1.5969545,-0.28115073,3.3583844
2359,2026-05-11 16:17:00.183654,1.449109,1.2989173,0.7649227,-1.5969545,-0.28115073,3.3583844
2360,2026-05-11 16:17:00.186542,1.7000992,1.6000324,0.8241945,-1.5969545,-0.28115073,3.3583844
2361,2026-05-11 16:17:00.189186,1.7000992,1.6000324,0.8241945,-1.5969545,-0.28115073,3.3583844
2362,2026-05-11 16:17:00.191768,1.7000992,1.6000324,0.8241945,-2.856406,0.25045475,3.5763106
2363,2026-05-11 16:17:00.194576,1.7000992,1.6000324,0.8241945,-2.856406,0.25045475,3.5763106
2364,2026-05-11 16:17:00.197383,1.7000992,1.6000324,0.8241945,-2.856406,0.25045475,3.5763106
2365,2026-05-11 16:17:00.200543,1.7000992,1.6000324,0.8241945,-2.856406,0.25045475,3.5763106
2366,2026-05-11 16:17:00.203343,1.7000992,1.6000324,0.8241945,-2.856406,0.25045475,3.5763106
2367,2026-05-11 16:17:00.205929,1.7000992,1.6000324,0.8241945,-2.856406,0.25045475,3.5763106
2368,2026-05-11 16:17:00.208795,1.9349301,1.9359666,1.3586159,-2.9759827,0.32788193,3.7922513
2369,2026-05-11 16:17:00.211467,1.9349301,1.9359666,1.3586159,-2.9759827,0.32788193,3.7922513
2370,2026-05-11 16:17:00.214202,2.3373313,2.3500152,1.9713956,-2.9759827,0.32788193,3.7922513
2371,2026-05-11 16:17:00.217197,2.3373313,2.3500152,1.9713956,-2.9759827,0.32788193,3.7922513
2372,2026-05-11 16:17:00.220012,2.3373313,2.3500152,1.9713956,-2.9759827,0.32788193,3.7922513
2373,2026-05-11 16:17:00.222778,2.3373313,2.3500152,1.9713956,-2.9759827,0.32788193,3.7922513
2374,2026-05-11 16:17:00.225517,2.3373313,2.3500152,1.9713956,-2.9759827,0.32788193,3.7922513
2375,2026-05-11 16:17:00.228155,2.3373313,2.3500152,1.9713956,-2.9759827,0.32788193,3.7922513
2376,2026-05-11 16:17:00.230987,2.3373313,2.3500152,1.9713956,-2.9759827,0.32788193,3.7922513
2377,2026-05-11 16:17:00.234044,2.3373313,2.3500152,1.9713956,-2.9759827,0.32788193,3.7922513
2378,2026-05-11 16:17:00.236792,2.3373313,2.3500152,1.9713956,-2.9759827,0.32788193,3.7922513
2379,2026-05-11 16:17:00.239652,2.7168658,2.7288787,2.3628817,-2.1529946,0.1525636,3.7033706
2380,2026-05-11 16:17:00.242362,2.7168658,2.7288787,2.3628817,-2.1529946,0.1525636,3.7033706
2381,2026-05-11 16:17:00.244970,2.7168658,2.7288787,2.3628817,-2.1529946,0.1525636,3.7033706
2382,2026-05-11 16:17:00.247711,2.7168658,2.7288787,2.3628817,-1.0108292,-0.05390886,3.4486396
2383,2026-05-11 16:17:00.250669,2.7168658,2.7288787,2.3628817,-1.0108292,-0.05390886,3.4486396
2384,2026-05-11 16:17:00.253515,2.7168658,2.7288787,2.3628817,-1.0108292,-0.05390886,3.4486396
2385,2026-05-11 16:17:00.256163,2.7168658,2.7288787,2.3628817,-1.0108292,-0.05390886,3.4486396
2386,2026-05-11 16:17:00.258826,2.7168658,2.7288787,2.3628817,-1.0108292,-0.05390886,3.4486396
2387,2026-05-11 16:17:00.261561,3.5195348,3.395442,2.6502767,-1.0108292,-0.05390886,3.4486396
2388,2026-05-11 16:17:00.264246,3.5195348,3.395442,2.6502767,-1.0108292,-0.05390886,3.4486396
2389,2026-05-11 16:17:00.267730,3.5195348,3.395442,2.6502767,0.8520043,-0.22861631,2.8066204
2390,2026-05-11 16:17:00.270529,3.5195348,3.395442,2.6502767,0.8520043,-0.22861631,2.8066204
2391,2026-05-11 16:17:00.273316,3.5195348,3.395442,2.6502767,0.8520043,-0.22861631,2.8066204
2392,2026-05-11 16:17:00.276017,3.6831417,3.4553235,2.3701992,1.9462167,-0.02565634,2.1358902
2393,2026-05-11 16:17:00.278679,3.6831417,3.4553235,2.3701992,1.9462167,-0.02565634,2.1358902
2394,2026-05-11 16:17:00.281282,3.6831417,3.4553235,2.3701992,1.9462167,-0.02565634,2.1358902
2395,2026-05-11 16:17:00.284529,3.7222905,3.2938507,2.1347587,2.5092816,0.29260445,1.4821118
2396,2026-05-11 16:17:00.287161,3.7222905,3.2938507,2.1347587,2.5092816,0.29260445,1.4821118
2397,2026-05-11 16:17:00.289990,3.720156,3.1089618,2.0504854,2.937193,0.34269542,0.93447113
2398,2026-05-11 16:17:00.292698,3.720156,3.1089618,2.0504854,2.937193,0.34269542,0.93447113
2399,2026-05-11 16:17:00.295321,3.720156,3.1089618,2.0504854,2.937193,0.34269542,0.93447113
2400,2026-05-11 16:17:00.298188,3.647103,2.7974803,1.2109853,2.9657507,-0.21746802,-0.17989981
2401,2026-05-11 16:17:00.301532,3.647103,2.7974803,1.2109853,2.9657507,-0.21746802,-0.17989981
2402,2026-05-11 16:17:00.304408,3.647103,2.7974803,1.2109853,2.9657507,-0.21746802,-0.17989981
2403,2026-05-11 16:17:00.307154,3.647103,2.7974803,1.2109853,2.9657507,-0.21746802,-0.17989981
2404,2026-05-11 16:17:00.309806,3.647103,2.7974803,1.2109853,2.9657507,-0.21746802,-0.17989981
2405,2026-05-11 16:17:00.312561,3.3541589,2.822543,0.8359634,2.9657507,-0.21746802,-0.17989981
2406,2026-05-11 16:17:00.315787,3.3541589,2.822543,0.8359634,1.9133826,-0.43325618,-0.9297369
2407,2026-05-11 16:17:00.318631,3.3541589,2.822543,0.8359634,1.9133826,-0.43325618,-0.9297369
2408,2026-05-11 16:17:00.321265,3.3541589,2.822543,0.8359634,1.9133826,-0.43325618,-0.9297369
2409,2026-05-11 16:17:00.324077,3.100242,2.909255,0.8858444,1.9133826,-0.43325618,-0.9297369
2410,2026-05-11 16:17:00.326865,3.100242,2.909255,0.8858444,0.84513205,-0.47876564,-1.4115568
2411,2026-05-11 16:17:00.329517,3.100242,2.909255,0.8858444,-0.2322815,-0.45570546,-2.0648773
2412,2026-05-11 16:17:00.332710,2.9692585,2.7617466,1.6755855,-0.64950246,-0.38591412,-2.7582092
2413,2026-05-11 16:17:00.335474,2.9692585,2.7617466,1.6755855,-0.64950246,-0.38591412,-2.7582092
2414,2026-05-11 16:17:00.338205,2.9692585,2.7617466,1.6755855,-0.64950246,-0.38591412,-2.7582092
2415,2026-05-11 16:17:00.340935,2.4789863,2.3237941,2.3487346,-0.33307427,-0.038026363,-4.1331143
2416,2026-05-11 16:17:00.343536,2.4789863,2.3237941,2.3487346,-0.33307427,-0.038026363,-4.1331143
2417,2026-05-11 16:17:00.346398,2.4789863,2.3237941,2.3487346,-0.33307427,-0.038026363,-4.1331143
2418,2026-05-11 16:17:00.349774,2.4789863,2.3237941,2.3487346,-0.33307427,-0.038026363,-4.1331143
2419,2026-05-11 16:17:00.352599,2.4789863,2.3237941,2.3487346,-0.33307427,-0.038026363,-4.1331143
2420,2026-05-11 16:17:00.355206,2.4789863,2.3237941,2.3487346,-0.33307427,-0.038026363,-4.1331143
2421,2026-05-11 16:17:00.358054,2.4789863,2.3237941,2.3487346,-0.33307427,-0.038026363,-4.1331143
2422,2026-05-11 16:17:00.360661,2.4789863,2.3237941,2.3487346,-0.33307427,-0.038026363,-4.1331143
2423,2026-05-11 16:17:00.363444,1.8796829,1.9048063,2.4742296,0.5804747,0.56062156,-4.7299294
2424,2026-05-11 16:17:00.366484,1.8796829,1.9048063,2.4742296,0.5804747,0.56062156,-4.7299294
2425,2026-05-11 16:17:00.369232,1.8796829,1.9048063,2.4742296,0.5804747,0.56062156,-4.7299294
2426,2026-05-11 16:17:00.371997,1.8796829,1.9048063,2.4742296,0.5804747,0.56062156,-4.7299294
2427,2026-05-11 16:17:00.374746,1.6397907,1.6341197,2.4535577,0.5804747,0.56062156,-4.7299294
2428,2026-05-11 16:17:00.377339,1.6397907,1.6341197,2.4535577,0.5804747,0.56062156,-4.7299294
2429,2026-05-11 16:17:00.380306,1.6397907,1.6341197,2.4535577,1.3364204,0.94959,-4.8864636
2430,2026-05-11 16:17:00.383405,1.6397907,1.6341197,2.4535577,1.3364204,0.94959,-4.8864636
2431,2026-05-11 16:17:00.386341,1.6397907,1.6341197,2.4535577,1.3364204,0.94959,-4.8864636
2432,2026-05-11 16:17:00.389198,1.5227717,1.4146557,2.4509966,1.3364204,0.94959,-4.8864636
2433,2026-05-11 16:17:00.391977,1.5227717,1.4146557,2.4509966,1.3364204,0.94959,-4.8864636
2434,2026-05-11 16:17:00.394829,1.419412,1.1073208,2.5023413,2.9633074,1.3005321,-4.99871
2435,2026-05-11 16:17:00.397469,1.419412,1.1073208,2.5023413,2.9633074,1.3005321,-4.99871
2436,2026-05-11 16:17:00.400733,1.419412,1.1073208,2.5023413,2.9633074,1.3005321,-4.99871
2437,2026-05-11 16:17:00.403534,1.419412,1.1073208,2.5023413,2.9633074,1.3005321,-4.99871
2438,2026-05-11 16:17:00.406285,1.419412,1.1073208,2.5023413,2.9633074,1.3005321,-4.99871
2439,2026-05-11 16:17:00.408958,1.419412,1.1073208,2.5023413,2.9633074,1.3005321,-4.99871
2440,2026-05-11 16:17:00.411672,1.3497739,0.70607775,2.5170982,2.9633074,1.3005321,-4.99871
2441,2026-05-11 16:17:00.414563,1.3497739,0.70607775,2.5170982,2.9633074,1.3005321,-4.99871
2442,2026-05-11 16:17:00.417743,1.3773974,0.45063603,2.4084332,5.56483,1.0496192,-4.92113
2443,2026-05-11 16:17:00.420557,1.3773974,0.45063603,2.4084332,5.56483,1.0496192,-4.92113
2444,2026-05-11 16:17:00.423247,1.3773974,0.45063603,2.4084332,5.56483,1.0496192,-4.92113
2445,2026-05-11 16:17:00.425913,1.3814831,0.18427904,2.2061653,5.56483,1.0496192,-4.92113
2446,2026-05-11 16:17:00.428650,1.3814831,0.18427904,2.2061653,5.56483,1.0496192,-4.92113
2447,2026-05-11 16:17:00.431329,1.3814831,0.18427904,2.2061653,5.56483,1.0496192,-4.92113
2448,2026-05-11 16:17:00.434457,1.3326387,-0.13634941,1.890598,7.4856954,0.46303585,-4.9932127
2449,2026-05-11 16:17:00.437241,1.3326387,-0.13634941,1.890598,7.4856954,0.46303585,-4.9932127
2450,2026-05-11 16:17:00.439869,1.3326387,-0.13634941,1.890598,7.4856954,0.46303585,-4.9932127
2451,2026-05-11 16:17:00.442686,1.2743427,-0.33508053,1.6074718,8.02341,0.1328632,-4.997641
2452,2026-05-11 16:17:00.445407,1.2743427,-0.33508053,1.6074718,8.02341,0.1328632,-4.997641
2453,2026-05-11 16:17:00.448699,1.1983626,-0.4721617,1.3594695,8.15047,-0.12705997,-4.9846606
2454,2026-05-11 16:17:00.451470,1.1983626,-0.4721617,1.3594695,8.15047,-0.12705997,-4.9846606
2455,2026-05-11 16:17:00.454343,1.1983626,-0.4721617,1.3594695,8.15047,-0.12705997,-4.9846606
2456,2026-05-11 16:17:00.457087,1.1983626,-0.4721617,1.3594695,8.15047,-0.12705997,-4.9846606
2457,2026-05-11 16:17:00.459778,1.1983626,-0.4721617,1.3594695,8.15047,-0.12705997,-4.9846606
2458,2026-05-11 16:17:00.462474,1.083112,-0.6199752,1.2129976,8.122981,-0.9966267,-4.9113564
2459,2026-05-11 16:17:00.466085,1.083112,-0.6199752,1.2129976,8.122981,-0.9966267,-4.9113564
2460,2026-05-11 16:17:00.492317,1.083112,-0.6199752,1.2129976,8.122981,-0.9966267,-4.9113564
2461,2026-05-11 16:17:00.495693,1.083112,-0.6199752,1.2129976,8.122981,-0.9966267,-4.9113564
2462,2026-05-11 16:17:00.502826,1.083112,-0.6199752,1.2129976,8.122981,-0.9966267,-4.9113564
2463,2026-05-11 16:17:00.506841,1.1203703,-0.6476597,1.3616039,8.122981,-0.9966267,-4.9113564
2464,2026-05-11 16:17:00.509785,1.1203703,-0.6476597,1.3616039,8.122981,-0.9966267,-4.9113564
2465,2026-05-11 16:17:00.512648,1.1203703,-0.6476597,1.3616039,8.122981,-0.9966267,-4.9113564
2466,2026-05-11 16:17:00.515966,1.194338,-0.64436686,1.4431939,8.081442,-1.7003434,-4.8618765
2467,2026-05-11 16:17:00.518719,1.194338,-0.64436686,1.4431939,8.081442,-1.7003434,-4.8618765
2468,2026-05-11 16:17:00.521431,1.194338,-0.64436686,1.4431939,8.081442,-1.7003434,-4.8618765
2469,2026-05-11 16:17:00.524194,1.194338,-0.64436686,1.4431939,8.081442,-1.7003434,-4.8618765
2470,2026-05-11 16:17:00.527030,1.2420237,-0.6483915,1.5115516,8.081442,-1.7003434,-4.8618765
2471,2026-05-11 16:17:00.529649,1.2420237,-0.6483915,1.5115516,8.081442,-1.7003434,-4.8618765
2472,2026-05-11 16:17:00.532674,1.2420237,-0.6483915,1.5115516,8.081442,-1.7003434,-4.8618765
2473,2026-05-11 16:17:00.535560,1.2420237,-0.6483915,1.5115516,7.886423,-2.483778,-5.1673093
2474,2026-05-11 16:17:00.538422,1.2420237,-0.6483915,1.5115516,7.886423,-2.483778,-5.1673093
2475,2026-05-11 16:17:00.541163,1.2420237,-0.6483915,1.5115516,7.886423,-2.483778,-5.1673093
2476,2026-05-11 16:17:00.543844,1.2420237,-0.6483915,1.5115516,7.886423,-2.483778,-5.1673093
2477,2026-05-11 16:17:00.546537,1.2682447,-0.6662584,1.5495416,7.886423,-2.483778,-5.1673093
2478,2026-05-11 16:17:00.549678,1.2682447,-0.6662584,1.5495416,7.886423,-2.483778,-5.1673093
2479,2026-05-11 16:17:00.552480,1.2682447,-0.6662584,1.5495416,7.623598,-2.503784,-5.361106
2480,2026-05-11 16:17:00.555291,1.2682447,-0.6662584,1.5495416,7.623598,-2.503784,-5.361106
2481,2026-05-11 16:17:00.558015,1.1836057,-0.68705225,1.6738172,7.623598,-2.503784,-5.361106
2482,2026-05-11 16:17:00.560804,1.1836057,-0.68705225,1.6738172,7.18347,-2.4561365,-5.5917077
2483,2026-05-11 16:17:00.563507,1.1836057,-0.68705225,1.6738172,7.18347,-2.4561365,-5.5917077
2484,2026-05-11 16:17:00.566544,1.1836057,-0.68705225,1.6738172,7.18347,-2.4561365,-5.5917077
2485,2026-05-11 16:17:00.569365,1.1836057,-0.68705225,1.6738172,7.18347,-2.4561365,-5.5917077
2486,2026-05-11 16:17:00.572040,1.1836057,-0.68705225,1.6738172,7.18347,-2.4561365,-5.5917077
2487,2026-05-11 16:17:00.574816,1.1836057,-0.68705225,1.6738172,7.18347,-2.4561365,-5.5917077
2488,2026-05-11 16:17:00.577445,1.1836057,-0.68705225,1.6738172,7.18347,-2.4561365,-5.5917077
2489,2026-05-11 16:17:00.580244,1.1836057,-0.68705225,1.6738172,7.18347,-2.4561365,-5.5917077
2490,2026-05-11 16:17:00.583194,1.1836057,-0.68705225,1.6738172,7.18347,-2.4561365,-5.5917077
2491,2026-05-11 16:17:00.586090,1.1836057,-0.68705225,1.6738172,7.014413,-2.6331346,-5.6370645
2492,2026-05-11 16:17:00.588736,1.1836057,-0.68705225,1.6738172,7.014413,-2.6331346,-5.6370645
2493,2026-05-11 16:17:00.591308,1.0636597,-0.6857108,1.8383999,7.014413,-2.6331346,-5.6370645
2494,2026-05-11 16:17:00.594103,1.0636597,-0.6857108,1.8383999,7.014413,-2.6331346,-5.6370645
2495,2026-05-11 16:17:00.596880,1.0636597,-0.6857108,1.8383999,7.014413,-2.6331346,-5.6370645
2496,2026-05-11 16:17:00.599944,1.0636597,-0.6857108,1.8383999,7.014413,-2.6331346,-5.6370645
2497,2026-05-11 16:17:00.602794,1.0636597,-0.6857108,1.8383999,7.014413,-2.6331346,-5.6370645
2498,2026-05-11 16:17:00.605461,1.0636597,-0.6857108,1.8383999,7.014413,-2.6331346,-5.6370645
2499,2026-05-11 16:17:00.608262,1.0636597,-0.6857108,1.8383999,7.0338078,-3.015689,-5.6359954
2500,2026-05-11 16:17:00.611083,1.0245719,-0.7308963,2.0776212,7.0338078,-3.015689,-5.6359954
2501,2026-05-11 16:17:00.613894,1.0245719,-0.7308963,2.0776212,7.0338078,-3.015689,-5.6359954
2502,2026-05-11 16:17:00.616959,1.0245719,-0.7308963,2.0776212,7.0338078,-3.015689,-5.6359954
2503,2026-05-11 16:17:00.619828,1.0245719,-0.7308963,2.0776212,7.0338078,-3.015689,-5.6359954
2504,2026-05-11 16:17:00.622507,1.0245719,-0.7308963,2.0776212,7.0338078,-3.015689,-5.6359954
2505,2026-05-11 16:17:00.625252,1.0245719,-0.7308963,2.0776212,7.0338078,-3.015689,-5.6359954
2506,2026-05-11 16:17:00.627897,1.0245719,-0.7308963,2.0776212,7.022965,-3.2901201,-5.6644006
2507,2026-05-11 16:17:00.630499,1.0245719,-0.7308963,2.0776212,7.022965,-3.2901201,-5.6644006
2508,2026-05-11 16:17:00.633668,1.0245719,-0.7308963,2.0776212,7.022965,-3.2901201,-5.6644006
2509,2026-05-11 16:17:00.636602,1.0245719,-0.7308963,2.0776212,7.022965,-3.2901201,-5.6644006
2510,2026-05-11 16:17:00.639379,1.0245719,-0.7308963,2.0776212,7.022965,-3.2901201,-5.6644006
2511,2026-05-11 16:17:00.642220,1.0874416,-0.6592458,2.1024399,6.7074533,-3.155119,-5.7306795
2512,2026-05-11 16:17:00.644903,1.0874416,-0.6592458,2.1024399,6.7074533,-3.155119,-5.7306795
2513,2026-05-11 16:17:00.647527,1.0874416,-0.6592458,2.1024399,6.7074533,-3.155119,-5.7306795
2514,2026-05-11 16:17:00.650449,1.0874416,-0.6592458,2.1024399,6.7074533,-3.155119,-5.7306795
2515,2026-05-11 16:17:00.653776,1.1604946,-0.5271649,1.9297467,5.9875484,-2.3124304,-5.8491874
2516,2026-05-11 16:17:00.656535,1.1604946,-0.5271649,1.9297467,5.2065573,-1.2116512,-5.925851
2517,2026-05-11 16:17:00.659147,1.1604946,-0.5271649,1.9297467,5.2065573,-1.2116512,-5.925851
2518,2026-05-11 16:17:00.661790,1.1604946,-0.5271649,1.9297467,5.2065573,-1.2116512,-5.925851
2519,2026-05-11 16:17:00.664494,1.0922589,-0.6184507,1.9131604,5.2065573,-1.2116512,-5.925851
2520,2026-05-11 16:17:00.667905,1.0922589,-0.6184507,1.9131604,5.2065573,-1.2116512,-5.925851
2521,2026-05-11 16:17:00.670912,1.0922589,-0.6184507,1.9131604,5.2065573,-1.2116512,-5.925851
2522,2026-05-11 16:17:00.673584,1.0922589,-0.6184507,1.9131604,5.2065573,-1.2116512,-5.925851
2523,2026-05-11 16:17:00.676300,1.0922589,-0.6184507,1.9131604,5.2065573,-1.2116512,-5.925851
2524,2026-05-11 16:17:00.679211,1.0922589,-0.6184507,1.9131604,5.2065573,-1.2116512,-5.925851
2525,2026-05-11 16:17:00.682229,1.0922589,-0.6184507,1.9131604,5.2065573,-1.2116512,-5.925851
2526,2026-05-11 16:17:00.685300,1.0922589,-0.6184507,1.9131604,5.2065573,-1.2116512,-5.925851
2527,2026-05-11 16:17:00.687971,1.0922589,-0.6184507,1.9131604,5.2065573,-1.2116512,-5.925851
2528,2026-05-11 16:17:00.690655,1.0922589,-0.6184507,1.9131604,5.2065573,-1.2116512,-5.925851
2529,2026-05-11 16:17:00.693465,1.0922589,-0.6184507,1.9131604,5.2065573,-1.2116512,-5.925851
2530,2026-05-11 16:17:00.696184,1.0922589,-0.6184507,1.9131604,5.2065573,-1.2116512,-5.925851
2531,2026-05-11 16:17:00.699213,0.74321413,-0.6785152,1.7597369,4.832402,0.07819075,-5.1159964
2532,2026-05-11 16:17:00.702000,0.74321413,-0.6785152,1.7597369,4.832402,0.07819075,-5.1159964
2533,2026-05-11 16:17:00.704774,0.74321413,-0.6785152,1.7597369,4.832402,0.07819075,-5.1159964
2534,2026-05-11 16:17:00.707510,0.5783264,-0.9517019,1.589361,5.5622334,-0.032070424,-4.8072042
2535,2026-05-11 16:17:00.710318,0.5783264,-0.9517019,1.589361,5.5622334,-0.032070424,-4.8072042
2536,2026-05-11 16:17:00.712935,0.5783264,-0.9517019,1.589361,5.5622334,-0.032070424,-4.8072042
2537,2026-05-11 16:17:00.716104,0.5783264,-0.9517019,1.589361,5.5622334,-0.032070424,-4.8072042
2538,2026-05-11 16:17:00.718849,0.5783264,-0.9517019,1.589361,5.5622334,-0.032070424,-4.8072042
2539,2026-05-11 16:17:00.721451,0.5783264,-0.9517019,1.589361,5.5622334,-0.032070424,-4.8072042
2540,2026-05-11 16:17:00.724308,0.60668176,-1.1390908,1.1922036,5.5622334,-0.032070424,-4.8072042
2541,2026-05-11 16:17:00.727078,0.60448647,-1.4123385,0.51228595,6.4461555,-0.54809886,-4.5992045
2542,2026-05-11 16:17:00.729718,0.60448647,-1.4123385,0.51228595,6.4461555,-0.54809886,-4.5992045
2543,2026-05-11 16:17:00.732801,0.5518005,-1.5742382,0.09342009,6.4461555,-0.54809886,-4.5992045
2544,2026-05-11 16:17:00.735727,0.5518005,-1.5742382,0.09342009,6.4461555,-0.54809886,-4.5992045
2545,2026-05-11 16:17:00.738470,0.5518005,-1.5742382,0.09342009,6.292523,-0.7005097,-4.6517386
2546,2026-05-11 16:17:00.741177,0.5518005,-1.5742382,0.09342009,6.292523,-0.7005097,-4.6517386
2547,2026-05-11 16:17:00.743978,0.5518005,-1.5742382,0.09342009,6.292523,-0.7005097,-4.6517386
2548,2026-05-11 16:17:00.746779,0.5518005,-1.5742382,0.09342009,6.292523,-0.7005097,-4.6517386
2549,2026-05-11 16:17:00.749810,0.5518005,-1.5742382,0.09342009,6.292523,-0.7005097,-4.6517386
2550,2026-05-11 16:17:00.752637,0.5518005,-1.5742382,0.09342009,6.292523,-0.7005097,-4.6517386
2551,2026-05-11 16:17:00.755285,0.5518005,-1.5742382,0.09342009,6.292523,-0.7005097,-4.6517386
2552,2026-05-11 16:17:00.757889,0.5518005,-1.5742382,0.09342009,6.292523,-0.7005097,-4.6517386
2553,2026-05-11 16:17:00.760627,0.5518005,-1.5742382,0.09342009,6.292523,-0.7005097,-4.6517386
2554,2026-05-11 16:17:00.763361,0.31154257,-1.9286491,-0.60905993,6.292523,-0.7005097,-4.6517386
2555,2026-05-11 16:17:00.766506,0.31154257,-1.9286491,-0.60905993,4.8317914,-0.58016926,-4.8942523
2556,2026-05-11 16:17:00.769262,0.31154257,-1.9286491,-0.60905993,4.8317914,-0.58016926,-4.8942523
2557,2026-05-11 16:17:00.771895,0.31154257,-1.9286491,-0.60905993,4.8317914,-0.58016926,-4.8942523
2558,2026-05-11 16:17:00.774646,0.31154257,-1.9286491,-0.60905993,4.8317914,-0.58016926,-4.8942523
2559,2026-05-11 16:17:00.777334,0.31154257,-1.9286491,-0.60905993,4.8317914,-0.58016926,-4.8942523
2560,2026-05-11 16:17:00.780026,0.31154257,-1.9286491,-0.60905993,4.8317914,-0.58016926,-4.8942523
2561,2026-05-11 16:17:00.783027,0.31154257,-1.9286491,-0.60905993,4.8317914,-0.58016926,-4.8942523
2562,2026-05-11 16:17:00.786115,-0.15415533,-2.2629368,-0.86742866,3.655723,-0.16493362,-4.95595
2563,2026-05-11 16:17:00.788920,-0.61985326,-2.4847791,-0.9706664,0.9379836,0.6944011,-3.9086213
2564,2026-05-11 16:17:00.791643,-1.1245779,-2.6960108,-1.0628059,0.9379836,0.6944011,-3.9086213
2565,2026-05-11 16:17:00.794329,-1.1245779,-2.6960108,-1.0628059,0.9379836,0.6944011,-3.9086213
2566,2026-05-11 16:17:00.797040,-1.1245779,-2.6960108,-1.0628059,0.9379836,0.6944011,-3.9086213
2567,2026-05-11 16:17:00.800036,-1.1245779,-2.6960108,-1.0628059,0.9379836,0.6944011,-3.9086213
2568,2026-05-11 16:17:00.802913,-1.1245779,-2.6960108,-1.0628059,0.1638646,0.9428705,-3.2462907
2569,2026-05-11 16:17:00.805577,-1.1245779,-2.6960108,-1.0628059,0.1638646,0.9428705,-3.2462907
2570,2026-05-11 16:17:00.808188,-1.4412426,-2.8236403,-1.0357312,0.1638646,0.9428705,-3.2462907
2571,2026-05-11 16:17:00.810949,-1.4412426,-2.8236403,-1.0357312,0.1638646,0.9428705,-3.2462907
2572,2026-05-11 16:17:00.813637,-1.4412426,-2.8236403,-1.0357312,0.1638646,0.9428705,-3.2462907
2573,2026-05-11 16:17:00.816805,-1.4412426,-2.8236403,-1.0357312,0.1638646,0.9428705,-3.2462907
2574,2026-05-11 16:17:00.819652,-1.4373399,-2.932793,-0.7944976,-1.2904528,1.5798502,-1.3831517
2575,2026-05-11 16:17:00.822349,-1.4373399,-2.932793,-0.7944976,-1.2904528,1.5798502,-1.3831517
2576,2026-05-11 16:17:00.825172,-1.3204429,-2.9422448,-0.6448547,-1.6679676,1.9243783,-0.7060075
2577,2026-05-11 16:17:00.827955,-0.94847,-2.9113894,-0.34410545,-1.8640553,2.553875,0.3678936
2578,2026-05-11 16:17:00.830790,-0.94847,-2.9113894,-0.34410545,-1.8640553,2.553875,0.3678936
2579,2026-05-11 16:17:00.833864,-0.8245603,-2.8120544,-0.34867886,-1.8640553,2.553875,0.3678936
2580,2026-05-11 16:17:00.836777,-0.51740825,-2.3863587,-0.5508248,-1.2814425,2.2635612,2.0576997
2581,2026-05-11 16:17:00.839537,-0.51740825,-2.3863587,-0.5508248,-1.2814425,2.2635612,2.0576997
2582,2026-05-11 16:17:00.842296,-0.51740825,-2.3863587,-0.5508248,-1.2814425,2.2635612,2.0576997
2583,2026-05-11 16:17:00.844990,-0.51740825,-2.3863587,-0.5508248,-1.2814425,2.2635612,2.0576997
2584,2026-05-11 16:17:00.847833,-0.64729387,-2.0902438,-0.57338715,-1.5819882,1.6111571,3.0656273
2585,2026-05-11 16:17:00.851038,-0.64729387,-2.0902438,-0.57338715,-2.2360723,1.7837266,3.7244453
2586,2026-05-11 16:17:00.853909,-0.64729387,-2.0902438,-0.57338715,-2.2360723,1.7837266,3.7244453
2587,2026-05-11 16:17:00.856552,-0.64729387,-2.0902438,-0.57338715,-2.2360723,1.7837266,3.7244453
2588,2026-05-11 16:17:00.859309,-0.66253865,-1.9022452,-0.5695454,-2.2360723,1.7837266,3.7244453
2589,2026-05-11 16:17:00.861957,-0.66253865,-1.9022452,-0.5695454,-2.795014,1.9924897,4.1245623
2590,2026-05-11 16:17:00.864688,-0.6665023,-1.8120569,-0.54692215,-2.795014,1.9924897,4.1245623
2591,2026-05-11 16:17:00.867913,-0.6665023,-1.8120569,-0.54692215,-2.795014,1.9924897,4.1245623
2592,2026-05-11 16:17:00.870739,-0.6665023,-1.8120569,-0.54692215,-2.795014,1.9924897,4.1245623
2593,2026-05-11 16:17:00.873579,-0.5822901,-1.7035751,-0.48789433,-2.795014,1.9924897,4.1245623
2594,2026-05-11 16:17:00.876377,-0.5822901,-1.7035751,-0.48789433,-2.795014,1.9924897,4.1245623
2595,2026-05-11 16:17:00.879021,-0.5822901,-1.7035751,-0.48789433,-2.795014,1.9924897,4.1245623
2596,2026-05-11 16:17:00.882419,-0.5822901,-1.7035751,-0.48789433,-3.9774964,2.4570527,4.8375945
2597,2026-05-11 16:17:00.885336,-0.5822901,-1.7035751,-0.48789433,-3.9774964,2.4570527,4.8375945
2598,2026-05-11 16:17:00.888168,-0.5822901,-1.7035751,-0.48789433,-3.9774964,2.4570527,4.8375945
2599,2026-05-11 16:17:00.890838,-0.5822901,-1.7035751,-0.48789433,-3.9774964,2.4570527,4.8375945
2600,2026-05-11 16:17:00.893561,-0.5822901,-1.7035751,-0.48789433,-3.9774964,2.4570527,4.8375945
2601,2026-05-11 16:17:00.896396,-0.27763817,-1.536736,-0.37276566,-3.9774964,2.4570527,4.8375945
2602,2026-05-11 16:17:00.899505,-0.27763817,-1.536736,-0.37276566,-5.4122663,2.8771753,5.614157
2603,2026-05-11 16:17:00.902328,-0.27763817,-1.536736,-0.37276566,-5.4122663,2.8771753,5.614157
2604,2026-05-11 16:17:00.904980,-0.27763817,-1.536736,-0.37276566,-5.4122663,2.8771753,5.614157
2605,2026-05-11 16:17:00.907616,-0.27763817,-1.536736,-0.37276566,-5.4122663,2.8771753,5.614157
2606,2026-05-11 16:17:00.910366,0.10384752,-1.3867272,-0.16488767,-6.974401,3.0862439,5.949217
2607,2026-05-11 16:17:00.913139,0.10384752,-1.3867272,-0.16488767,-6.974401,3.0862439,5.949217
2608,2026-05-11 16:17:00.916377,0.10384752,-1.3867272,-0.16488767,-6.974401,3.0862439,5.949217
2609,2026-05-11 16:17:00.919287,0.10384752,-1.3867272,-0.16488767,-6.974401,3.0862439,5.949217
2610,2026-05-11 16:17:00.921986,0.10384752,-1.3867272,-0.16488767,-6.974401,3.0862439,5.949217
2611,2026-05-11 16:17:00.924589,0.10384752,-1.3867272,-0.16488767,-6.974401,3.0862439,5.949217
2612,2026-05-11 16:17:00.927388,0.10384752,-1.3867272,-0.16488767,-6.974401,3.0862439,5.949217
2613,2026-05-11 16:17:00.930185,0.5508248,-1.147384,0.21482961,-8.53226,3.0001118,6.2911487
2614,2026-05-11 16:17:00.933386,1.1017716,-0.81779164,0.7836433,-8.53226,3.0001118,6.2911487
2615,2026-05-11 16:17:00.936257,1.1017716,-0.81779164,0.7836433,-9.529192,2.6175575,6.4652452
2616,2026-05-11 16:17:00.938893,1.1017716,-0.81779164,0.7836433,-9.529192,2.6175575,6.4652452
2617,2026-05-11 16:17:00.941736,1.1017716,-0.81779164,0.7836433,-9.529192,2.6175575,6.4652452
2618,2026-05-11 16:17:00.944416,1.1017716,-0.81779164,0.7836433,-9.529192,2.6175575,6.4652452
2619,2026-05-11 16:17:00.947203,1.8853539,-0.4353303,1.5857632,-10.038502,1.9911152,6.20242
2620,2026-05-11 16:17:00.950396,1.8853539,-0.4353303,1.5857632,-10.038502,1.9911152,6.20242
2621,2026-05-11 16:17:00.953264,2.277023,-0.17476629,2.0412776,-10.038502,1.9911152,6.20242
2622,2026-05-11 16:17:00.955905,2.277023,-0.17476629,2.0412776,-10.038502,1.9911152,6.20242
2623,2026-05-11 16:17:00.958489,2.277023,-0.17476629,2.0412776,-10.038502,1.9911152,6.20242
2624,2026-05-11 16:17:00.961287,2.0182886,0.043417167,2.2433624,-9.471619,1.7760907,4.5150576
2625,2026-05-11 16:17:00.964066,1.5739334,0.04750277,2.171468,-9.471619,1.7760907,4.5150576
2626,2026-05-11 16:17:00.967103,1.5739334,0.04750277,2.171468,-9.471619,1.7760907,4.5150576
2627,2026-05-11 16:17:00.970146,1.0156081,0.00219525,2.2003112,-9.319207,2.2111795,4.221079
2628,2026-05-11 16:17:00.972834,1.0156081,0.00219525,2.2003112,-9.319207,2.2111795,4.221079
2629,2026-05-11 16:17:00.975516,1.0156081,0.00219525,2.2003112,-9.319207,2.2111795,4.221079
2630,2026-05-11 16:17:00.978240,1.0156081,0.00219525,2.2003112,-9.319207,2.2111795,4.221079
2631,2026-05-11 16:17:00.980900,1.0156081,0.00219525,2.2003112,-9.319207,2.2111795,4.221079
2632,2026-05-11 16:17:00.984251,1.0156081,0.00219525,2.2003112,-9.319207,2.2111795,4.221079
2633,2026-05-11 16:17:00.987007,1.0156081,0.00219525,2.2003112,-9.187413,2.426204,4.2998805
2634,2026-05-11 16:17:00.989654,1.0156081,0.00219525,2.2003112,-9.187413,2.426204,4.2998805
2635,2026-05-11 16:17:00.992315,1.0156081,0.00219525,2.2003112,-8.620225,1.954158,4.755586
2636,2026-05-11 16:17:00.994908,1.0156081,0.00219525,2.2003112,-8.620225,1.954158,4.755586
2637,2026-05-11 16:17:00.997655,0.72461545,-0.08787098,2.5051463,-8.620225,1.954158,4.755586
2638,2026-05-11 16:17:01.000512,0.72461545,-0.08787098,2.5051463,-8.620225,1.954158,4.755586
2639,2026-05-11 16:17:01.003886,0.72461545,-0.08787098,2.5051463,-8.620225,1.954158,4.755586
2640,2026-05-11 16:17:01.006732,0.72461545,-0.08787098,2.5051463,-7.9244494,1.5114334,5.0782757
2641,2026-05-11 16:17:01.009485,0.73839676,-0.1378739,2.6881447,-7.9244494,1.5114334,5.0782757
2642,2026-05-11 16:17:01.012243,0.73839676,-0.1378739,2.6881447,-7.9244494,1.5114334,5.0782757
2643,2026-05-11 16:17:01.014977,1.1098819,-0.01396423,2.8058343,-7.9244494,1.5114334,5.0782757
2644,2026-05-11 16:17:01.018186,1.1098819,-0.01396423,2.8058343,-7.9244494,1.5114334,5.0782757
2645,2026-05-11 16:17:01.021250,1.1098819,-0.01396423,2.8058343,-7.9244494,1.5114334,5.0782757
2646,2026-05-11 16:17:01.023954,1.1098819,-0.01396423,2.8058343,-6.0871196,0.5671884,5.6172113
2647,2026-05-11 16:17:01.026768,1.1098819,-0.01396423,2.8058343,-6.0871196,0.5671884,5.6172113
2648,2026-05-11 16:17:01.029384,1.1098819,-0.01396423,2.8058343,-6.0871196,0.5671884,5.6172113
2649,2026-05-11 16:17:01.032674,1.1098819,-0.01396423,2.8058343,-6.0871196,0.5671884,5.6172113
2650,2026-05-11 16:17:01.035387,1.1098819,-0.01396423,2.8058343,-6.0871196,0.5671884,5.6172113
2651,2026-05-11 16:17:01.038023,1.5587494,0.15561883,2.8027244,-6.0871196,0.5671884,5.6172113
2652,2026-05-11 16:17:01.040799,1.5587494,0.15561883,2.8027244,-6.0871196,0.5671884,5.6172113
2653,2026-05-11 16:17:01.043477,1.9893234,0.41715845,2.6688142,-3.1257975,-0.43127087,5.1407366
2654,2026-05-11 16:17:01.046112,1.9893234,0.41715845,2.6688142,-3.1257975,-0.43127087,5.1407366
2655,2026-05-11 16:17:01.049033,1.7125999,0.7382138,1.7576635,-3.1257975,-0.43127087,5.1407366
2656,2026-05-11 16:17:01.052076,1.7125999,0.7382138,1.7576635,-3.1257975,-0.43127087,5.1407366
2657,2026-05-11 16:17:01.054882,1.7125999,0.7382138,1.7576635,-3.1257975,-0.43127087,5.1407366
2658,2026-05-11 16:17:01.057529,1.7125999,0.7382138,1.7576635,-3.1257975,-0.43127087,5.1407366
2659,2026-05-11 16:17:01.060383,1.7125999,0.7382138,1.7576635,-3.1257975,-0.43127087,5.1407366
2660,2026-05-11 16:17:01.063181,1.7125999,0.7382138,1.7576635,-1.8668042,-0.19150625,4.1341834
2661,2026-05-11 16:17:01.066244,1.7125999,0.7382138,1.7576635,-1.8668042,-0.19150625,4.1341834
2662,2026-05-11 16:17:01.069166,1.7125999,0.7382138,1.7576635,-1.8668042,-0.19150625,4.1341834
2663,2026-05-11 16:17:01.071919,1.7125999,0.7382138,1.7576635,-1.8668042,-0.19150625,4.1341834
2664,2026-05-11 16:17:01.074625,1.7125999,0.7382138,1.7576635,-1.8668042,-0.19150625,4.1341834
2665,2026-05-11 16:17:01.077324,1.7125999,0.7382138,1.7576635,-1.8668042,-0.19150625,4.1341834
2666,2026-05-11 16:17:01.079987,1.7125999,0.7382138,1.7576635,-1.8668042,-0.19150625,4.1341834
2667,2026-05-11 16:17:01.083130,1.7125999,0.7382138,1.7576635,-1.8668042,-0.19150625,4.1341834
2668,2026-05-11 16:17:01.085953,1.7125999,0.7382138,1.7576635,-1.8668042,-0.19150625,4.1341834
2669,2026-05-11 16:17:01.088709,1.7125999,0.7382138,1.7576635,-2.2971587,0.3727805,3.8621955
2670,2026-05-11 16:17:01.091309,1.7125999,0.7382138,1.7576635,-2.2971587,0.3727805,3.8621955
2671,2026-05-11 16:17:01.094083,1.4773422,0.8376099,1.1104306,-2.2971587,0.3727805,3.8621955
2672,2026-05-11 16:17:01.096789,1.4773422,0.8376099,1.1104306,-2.2971587,0.3727805,3.8621955
2673,2026-05-11 16:17:01.099827,1.4773422,0.8376099,1.1104306,-2.2971587,0.3727805,3.8621955
2674,2026-05-11 16:17:01.102621,1.4773422,0.8376099,1.1104306,-2.2971587,0.3727805,3.8621955
2675,2026-05-11 16:17:01.105413,1.3626405,0.86383086,0.68497896,-5.1526484,1.9908098,3.4321463
2676,2026-05-11 16:17:01.108178,1.2474508,0.7015653,0.51563984,-5.1526484,1.9908098,3.4321463
2677,2026-05-11 16:17:01.110865,1.2474508,0.7015653,0.51563984,-5.1526484,1.9908098,3.4321463
2678,2026-05-11 16:17:01.113475,1.2474508,0.7015653,0.51563984,-5.1526484,1.9908098,3.4321463
2679,2026-05-11 16:17:01.116668,1.2474508,0.7015653,0.51563984,-5.1526484,1.9908098,3.4321463
2680,2026-05-11 16:17:01.119444,1.2474508,0.7015653,0.51563984,-5.1526484,1.9908098,3.4321463
2681,2026-05-11 16:17:01.122264,1.2474508,0.7015653,0.51563984,-5.1526484,1.9908098,3.4321463
2682,2026-05-11 16:17:01.124961,1.2474508,0.7015653,0.51563984,-5.1526484,1.9908098,3.4321463
2683,2026-05-11 16:17:01.127555,1.2474508,0.7015653,0.51563984,-5.1526484,1.9908098,3.4321463
2684,2026-05-11 16:17:01.130400,1.0809166,0.48301598,0.626378,-5.1526484,1.9908098,3.4321463
2685,2026-05-11 16:17:01.133480,1.0809166,0.48301598,0.626378,-5.1526484,1.9908098,3.4321463
2686,2026-05-11 16:17:01.136295,1.0809166,0.48301598,0.626378,-5.1526484,1.9908098,3.4321463
2687,2026-05-11 16:17:01.139093,1.0809166,0.48301598,0.626378,-5.1526484,1.9908098,3.4321463
2688,2026-05-11 16:17:01.141812,1.0809166,0.48301598,0.626378,-5.1526484,1.9908098,3.4321463
2689,2026-05-11 16:17:01.144421,1.0809166,0.48301598,0.626378,-5.1526484,1.9908098,3.4321463
2690,2026-05-11 16:17:01.147405,0.840171,0.21415883,0.989387,-7.601149,2.4191792,2.8492281
2691,2026-05-11 16:17:01.150385,0.840171,0.21415883,0.989387,-7.601149,2.4191792,2.8492281
2692,2026-05-11 16:17:01.153426,0.9721299,0.2367821,1.3132474,-7.298007,1.8947513,2.8177686
2693,2026-05-11 16:17:01.156244,1.1961673,0.41356072,1.4581949,-7.298007,1.8947513,2.8177686
2694,2026-05-11 16:17:01.159105,1.2887948,0.56637454,1.4818548,-5.6100335,0.44058657,2.3675609
2695,2026-05-11 16:17:01.161850,1.2887948,0.56637454,1.4818548,-4.956255,0.15806139,2.1972823
2696,2026-05-11 16:17:01.164893,1.185557,0.77766734,1.3306264,-3.9361103,0.6507242,2.4040601
2697,2026-05-11 16:17:01.168259,1.185557,0.77766734,1.3306264,-3.9361103,0.6507242,2.4040601
2698,2026-05-11 16:17:01.171131,1.185557,0.77766734,1.3306264,-3.9361103,0.6507242,2.4040601
2699,2026-05-11 16:17:01.173871,1.185557,0.77766734,1.3306264,-3.9361103,0.6507242,2.4040601
2700,2026-05-11 16:17:01.176504,1.185557,0.77766734,1.3306264,-3.9361103,0.6507242,2.4040601
2701,2026-05-11 16:17:01.179328,1.185557,0.77766734,1.3306264,-3.9361103,0.6507242,2.4040601
2702,2026-05-11 16:17:01.182656,1.3497739,0.91676074,1.1982406,-3.9361103,0.6507242,2.4040601
2703,2026-05-11 16:17:01.185510,1.3497739,0.91676074,1.1982406,-3.9361103,0.6507242,2.4040601
2704,2026-05-11 16:17:01.188157,1.3497739,0.91676074,1.1982406,-3.9361103,0.6507242,2.4040601
2705,2026-05-11 16:17:01.190781,1.3497739,0.91676074,1.1982406,-3.9361103,0.6507242,2.4040601
2706,2026-05-11 16:17:01.193673,1.3497739,0.91676074,1.1982406,-3.9361103,0.6507242,2.4040601
2707,2026-05-11 16:17:01.196299,1.3497739,0.91676074,1.1982406,-3.9361103,0.6507242,2.4040601
2708,2026-05-11 16:17:01.199365,1.3497739,0.91676074,1.1982406,-3.84051,0.84879726,2.5340219
2709,2026-05-11 16:17:01.202146,1.3497739,0.91676074,1.1982406,-3.84051,0.84879726,2.5340219
2710,2026-05-11 16:17:01.204809,1.3497739,0.91676074,1.1982406,-3.84051,0.84879726,2.5340219
2711,2026-05-11 16:17:01.207412,1.3497739,0.91676074,1.1982406,-3.84051,0.84879726,2.5340219
2712,2026-05-11 16:17:01.210075,1.3497739,0.91676074,1.1982406,-3.84051,0.84879726,2.5340219
2713,2026-05-11 16:17:01.212661,1.3497739,0.91676074,1.1982406,-3.84051,0.84879726,2.5340219
2714,2026-05-11 16:17:01.215726,2.1184163,1.229523,1.2810503,-3.49644,0.26939157,2.3321307
2715,2026-05-11 16:17:01.218664,2.1184163,1.229523,1.2810503,-3.49644,0.26939157,2.3321307
2716,2026-05-11 16:17:01.221294,2.1184163,1.229523,1.2810503,-3.49644,0.26939157,2.3321307
2717,2026-05-11 16:17:01.223918,2.1184163,1.229523,1.2810503,-3.49644,0.26939157,2.3321307
2718,2026-05-11 16:17:01.226817,2.095549,1.2830627,1.2470239,-3.49644,0.26939157,2.3321307
2719,2026-05-11 16:17:01.229443,2.095549,1.2830627,1.2470239,-3.49644,0.26939157,2.3321307
2720,2026-05-11 16:17:01.232676,2.095549,1.2830627,1.2470239,-3.3198998,-0.11804971,2.1386392
2721,2026-05-11 16:17:01.235430,2.095549,1.2830627,1.2470239,-3.3198998,-0.11804971,2.1386392
2722,2026-05-11 16:17:01.238081,1.9527969,1.4066064,1.3445907,-3.3198998,-0.11804971,2.1386392
2723,2026-05-11 16:17:01.240832,1.9527969,1.4066064,1.3445907,-3.3198998,-0.11804971,2.1386392
2724,2026-05-11 16:17:01.243455,1.9527969,1.4066064,1.3445907,-3.3198998,-0.11804971,2.1386392
2725,2026-05-11 16:17:01.246160,1.9527969,1.4066064,1.3445907,-3.2604933,-0.27091873,3.2582026
2726,2026-05-11 16:17:01.249061,1.9527969,1.4066064,1.3445907,-3.2604933,-0.27091873,3.2582026
2727,2026-05-11 16:17:01.252193,2.2314107,1.5890561,1.5151494,-3.2604933,-0.27091873,3.2582026
2728,2026-05-11 16:17:01.254853,2.2314107,1.5890561,1.5151494,-3.2604933,-0.27091873,3.2582026
2729,2026-05-11 16:17:01.257575,2.2314107,1.5890561,1.5151494,-3.2604933,-0.27091873,3.2582026
2730,2026-05-11 16:17:01.260366,2.649484,1.8220576,1.7297351,-3.2604933,-0.27091873,3.2582026
2731,2026-05-11 16:17:01.263206,2.649484,1.8220576,1.7297351,-3.1209106,0.060628377,3.892586
2732,2026-05-11 16:17:01.266253,3.3709896,2.1754928,2.1668336,-2.4827092,0.27107146,4.1631994
2733,2026-05-11 16:17:01.269151,3.3709896,2.1754928,2.1668336,-2.4827092,0.27107146,4.1631994
2734,2026-05-11 16:17:01.271882,3.3709896,2.1754928,2.1668336,-2.4827092,0.27107146,4.1631994
2735,2026-05-11 16:17:01.274555,3.3709896,2.1754928,2.1668336,-2.4827092,0.27107146,4.1631994
2736,2026-05-11 16:17:01.277659,3.3709896,2.1754928,2.1668336,-2.4827092,0.27107146,4.1631994
2737,2026-05-11 16:17:01.280327,3.8626642,2.4908772,2.622897,-1.6551393,0.23900102,4.04515
2738,2026-05-11 16:17:01.283443,4.188964,3.0262132,2.5584419,1.1388055,-0.15103643,3.2635477
2739,2026-05-11 16:17:01.286330,4.22671,2.9039497,1.2306206,3.130379,-1.4036156,0.5590944
2740,2026-05-11 16:17:01.289043,4.22671,2.9039497,1.2306206,3.130379,-1.4036156,0.5590944
2741,2026-05-11 16:17:01.291703,4.22671,2.9039497,1.2306206,3.130379,-1.4036156,0.5590944
2742,2026-05-11 16:17:01.294403,4.22671,2.9039497,1.2306206,3.130379,-1.4036156,0.5590944
2743,2026-05-11 16:17:01.297177,3.6903372,2.8143106,0.8713923,3.130379,-1.4036156,0.5590944
2744,2026-05-11 16:17:01.300164,3.6903372,2.8143106,0.8713923,3.130379,-1.4036156,0.5590944
2745,2026-05-11 16:17:01.303009,3.6903372,2.8143106,0.8713923,3.130379,-1.4036156,0.5590944
2746,2026-05-11 16:17:01.305804,3.6903372,2.8143106,0.8713923,2.8113546,-1.4923438,-0.17150041
2747,2026-05-11 16:17:01.308439,3.6903372,2.8143106,0.8713923,2.8113546,-1.4923438,-0.17150041
2748,2026-05-11 16:17:01.311144,3.6903372,2.8143106,0.8713923,2.8113546,-1.4923438,-0.17150041
2749,2026-05-11 16:17:01.313802,3.6903372,2.8143106,0.8713923,2.8113546,-1.4923438,-0.17150041
2750,2026-05-11 16:17:01.316927,3.6903372,2.8143106,0.8713923,2.8113546,-1.4923438,-0.17150041
2751,2026-05-11 16:17:01.319758,3.6903372,2.8143106,0.8713923,1.7650951,-1.8272507,-0.82711154
2752,2026-05-11 16:17:01.322510,3.3198278,2.8349216,0.48874804,1.7650951,-1.8272507,-0.82711154
2753,2026-05-11 16:17:01.325133,3.3198278,2.8349216,0.48874804,1.7650951,-1.8272507,-0.82711154
2754,2026-05-11 16:17:01.327797,3.3198278,2.8349216,0.48874804,1.7650951,-1.8272507,-0.82711154
2755,2026-05-11 16:17:01.330478,3.3198278,2.8349216,0.48874804,1.7650951,-1.8272507,-0.82711154
2756,2026-05-11 16:17:01.333537,3.3198278,2.8349216,0.48874804,1.7650951,-1.8272507,-0.82711154
2757,2026-05-11 16:17:01.336326,3.3198278,2.8349216,0.48874804,1.7650951,-1.8272507,-0.82711154
2758,2026-05-11 16:17:01.339032,3.3198278,2.8349216,0.48874804,1.7650951,-1.8272507,-0.82711154
2759,2026-05-11 16:17:01.341774,3.322023,2.7937605,0.61082834,1.7650951,-1.8272507,-0.82711154
2760,2026-05-11 16:17:01.344448,3.322023,2.7937605,0.61082834,0.22922719,-1.9865338,-1.5473217
2761,2026-05-11 16:17:01.347115,3.322023,2.7937605,0.61082834,0.22922719,-1.9865338,-1.5473217
2762,2026-05-11 16:17:01.350068,3.322023,2.7937605,0.61082834,0.22922719,-1.9865338,-1.5473217
2763,2026-05-11 16:17:01.352845,3.322023,2.7937605,0.61082834,0.22922719,-1.9865338,-1.5473217
2764,2026-05-11 16:17:01.355662,3.322023,2.7937605,0.61082834,0.22922719,-1.9865338,-1.5473217
2765,2026-05-11 16:17:01.358479,2.8060784,2.204397,1.6539379,-2.049911,-0.4027129,-3.4368806
2766,2026-05-11 16:17:01.361165,2.4317272,2.0410948,1.9514554,-2.1398609,-0.024740042,-3.844633
2767,2026-05-11 16:17:01.363880,2.4317272,2.0410948,1.9514554,-2.1398609,-0.024740042,-3.844633
2768,2026-05-11 16:17:01.367052,1.8369974,1.583751,2.4254465,-1.1317806,0.41126502,-4.45672
2769,2026-05-11 16:17:01.370039,1.8369974,1.583751,2.4254465,-1.1317806,0.41126502,-4.45672
2770,2026-05-11 16:17:01.372730,1.8369974,1.583751,2.4254465,-1.1317806,0.41126502,-4.45672
2771,2026-05-11 16:17:01.375385,1.4382546,1.3087958,2.7532094,0.32543847,0.35705075,-4.5995097
2772,2026-05-11 16:17:01.378110,1.4382546,1.3087958,2.7532094,0.32543847,0.35705075,-4.5995097
2773,2026-05-11 16:17:01.380713,1.4382546,1.3087958,2.7532094,0.32543847,0.35705075,-4.5995097
2774,2026-05-11 16:17:01.383785,1.4382546,1.3087958,2.7532094,0.32543847,0.35705075,-4.5995097
2775,2026-05-11 16:17:01.386573,1.4382546,1.3087958,2.7532094,0.32543847,0.35705075,-4.5995097
2776,2026-05-11 16:17:01.389153,1.4382546,1.3087958,2.7532094,0.32543847,0.35705075,-4.5995097
2777,2026-05-11 16:17:01.391822,1.4382546,1.3087958,2.7532094,0.32543847,0.35705075,-4.5995097
2778,2026-05-11 16:17:01.394415,1.4382546,1.3087958,2.7532094,0.32543847,0.35705075,-4.5995097
2779,2026-05-11 16:17:01.397113,1.4382546,1.3087958,2.7532094,1.7588338,0.29443705,-4.566523
2780,2026-05-11 16:17:01.400259,1.4382546,1.3087958,2.7532094,1.7588338,0.29443705,-4.566523
2781,2026-05-11 16:17:01.403040,1.2470239,1.0724406,2.7742472,1.7588338,0.29443705,-4.566523
2782,2026-05-11 16:17:01.405765,1.2470239,1.0724406,2.7742472,1.7588338,0.29443705,-4.566523
2783,2026-05-11 16:17:01.408388,1.2470239,1.0724406,2.7742472,1.7588338,0.29443705,-4.566523
2784,2026-05-11 16:17:01.411086,1.2470239,1.0724406,2.7742472,1.7588338,0.29443705,-4.566523
2785,2026-05-11 16:17:01.413626,1.2470239,1.0724406,2.7742472,1.7588338,0.29443705,-4.566523
2786,2026-05-11 16:17:01.416599,1.2470239,1.0724406,2.7742472,1.7588338,0.29443705,-4.566523
2787,2026-05-11 16:17:01.419341,1.2470239,1.0724406,2.7742472,1.7588338,0.29443705,-4.566523
2788,2026-05-11 16:17:01.421883,1.2470239,1.0724406,2.7742472,1.7588338,0.29443705,-4.566523
2789,2026-05-11 16:17:01.424411,1.2470239,1.0724406,2.7742472,2.8377745,0.3830125,-4.453055
2790,2026-05-11 16:17:01.427139,1.2470239,1.0724406,2.7742472,2.8377745,0.3830125,-4.453055
2791,2026-05-11 16:17:01.429698,1.2470239,1.0724406,2.7742472,2.8377745,0.3830125,-4.453055
2792,2026-05-11 16:17:01.432692,1.2657446,0.9043211,2.7266223,2.8377745,0.3830125,-4.453055
2793,2026-05-11 16:17:01.435563,1.2657446,0.9043211,2.7266223,2.8377745,0.3830125,-4.453055
2794,2026-05-11 16:17:01.438257,1.2657446,0.9043211,2.7266223,2.8377745,0.3830125,-4.453055
2795,2026-05-11 16:17:01.441079,1.2657446,0.9043211,2.7266223,2.8377745,0.3830125,-4.453055
2796,2026-05-11 16:17:01.443758,1.2657446,0.9043211,2.7266223,2.8377745,0.3830125,-4.453055
2797,2026-05-11 16:17:01.446497,1.2657446,0.9043211,2.7266223,2.8377745,0.3830125,-4.453055
2798,2026-05-11 16:17:01.449664,1.2657446,0.9043211,2.7266223,2.8377745,0.3830125,-4.453055
2799,2026-05-11 16:17:01.452492,1.2657446,0.9043211,2.7266223,2.8377745,0.3830125,-4.453055
2800,2026-05-11 16:17:01.455253,1.4078261,0.7257131,2.7261956,2.8377745,0.3830125,-4.453055
2801,2026-05-11 16:17:01.457967,1.4078261,0.7257131,2.7261956,4.3934956,0.50778174,-4.3989935
2802,2026-05-11 16:17:01.460727,1.4078261,0.7257131,2.7261956,4.3934956,0.50778174,-4.3989935
2803,2026-05-11 16:17:01.463425,1.4078261,0.7257131,2.7261956,4.3934956,0.50778174,-4.3989935
2804,2026-05-11 16:17:01.466521,1.4078261,0.7257131,2.7261956,5.724418,0.48487428,-4.5020766
2805,2026-05-11 16:17:01.469251,1.4078261,0.7257131,2.7261956,5.724418,0.48487428,-4.5020766
2806,2026-05-11 16:17:01.472089,1.4872209,0.46264893,2.6542401,5.724418,0.48487428,-4.5020766
2807,2026-05-11 16:17:01.474808,1.4872209,0.46264893,2.6542401,5.724418,0.48487428,-4.5020766
2808,2026-05-11 16:17:01.477398,1.4872209,0.46264893,2.6542401,5.724418,0.48487428,-4.5020766
2809,2026-05-11 16:17:01.480149,1.4872209,0.46264893,2.6542401,5.724418,0.48487428,-4.5020766
2810,2026-05-11 16:17:01.483078,1.4872209,0.46264893,2.6542401,5.724418,0.48487428,-4.5020766
2811,2026-05-11 16:17:01.485891,1.4872209,0.46264893,2.6542401,5.724418,0.48487428,-4.5020766
2812,2026-05-11 16:17:01.488614,1.4863672,0.23842856,2.4389226,6.66454,0.38163805,-4.602717
2813,2026-05-11 16:17:01.491355,1.4863672,0.23842856,2.4389226,6.66454,0.38163805,-4.602717
2814,2026-05-11 16:17:01.494086,1.4263637,-0.023964813,2.05823,7.319235,0.2591596,-4.6761737
2815,2026-05-11 16:17:01.496994,1.4263637,-0.023964813,2.05823,7.319235,0.2591596,-4.6761737
2816,2026-05-11 16:17:01.499950,1.4263637,-0.023964813,2.05823,7.319235,0.2591596,-4.6761737
2817,2026-05-11 16:17:01.502682,1.4263637,-0.023964813,2.05823,7.319235,0.2591596,-4.6761737
2818,2026-05-11 16:17:01.505425,1.3699579,-0.23598938,1.7857751,7.319235,0.2591596,-4.6761737
2819,2026-05-11 16:17:01.508172,1.3699579,-0.23598938,1.7857751,7.319235,0.2591596,-4.6761737
2820,2026-05-11 16:17:01.510918,1.3699579,-0.23598938,1.7857751,7.319235,0.2591596,-4.6761737
2821,2026-05-11 16:17:01.513584,1.3699579,-0.23598938,1.7857751,7.319235,0.2591596,-4.6761737
2822,2026-05-11 16:17:01.516835,1.3699579,-0.23598938,1.7857751,7.319235,0.2591596,-4.6761737
2823,2026-05-11 16:17:01.519642,1.3699579,-0.23598938,1.7857751,7.319235,0.2591596,-4.6761737
2824,2026-05-11 16:17:01.522421,1.3699579,-0.23598938,1.7857751,7.319235,0.2591596,-4.6761737
2825,2026-05-11 16:17:01.525035,1.3699579,-0.23598938,1.7857751,7.319235,0.2591596,-4.6761737
2826,2026-05-11 16:17:01.527810,1.3699579,-0.23598938,1.7857751,7.319235,0.2591596,-4.6761737
2827,2026-05-11 16:17:01.530514,1.3699579,-0.23598938,1.7857751,7.795404,0.013591751,-4.721072
2828,2026-05-11 16:17:01.533591,1.3699579,-0.23598938,1.7857751,7.795404,0.013591751,-4.721072
2829,2026-05-11 16:17:01.536313,1.3699579,-0.23598938,1.7857751,8.099768,-0.51923543,-4.7624583
2830,2026-05-11 16:17:01.538947,1.3699579,-0.23598938,1.7857751,8.099768,-0.51923543,-4.7624583
2831,2026-05-11 16:17:01.541673,1.3699579,-0.23598938,1.7857751,8.099768,-0.51923543,-4.7624583
2832,2026-05-11 16:17:01.544261,1.3699579,-0.23598938,1.7857751,8.099768,-0.51923543,-4.7624583
2833,2026-05-11 16:17:01.547012,1.3303216,-0.3530694,1.6524135,8.099768,-0.51923543,-4.7624583
2834,2026-05-11 16:17:01.549970,1.3303216,-0.3530694,1.6524135,8.099768,-0.51923543,-4.7624583
2835,2026-05-11 16:17:01.552718,1.3303216,-0.3530694,1.6524135,8.099768,-0.51923543,-4.7624583
2836,2026-05-11 16:17:01.568298,1.3303216,-0.3530694,1.6524135,8.099768,-0.51923543,-4.7624583
2837,2026-05-11 16:17:01.582891,1.3303216,-0.3530694,1.6524135,8.099768,-0.51923543,-4.7624583
2838,2026-05-11 16:17:01.592899,1.2958074,-0.42014647,1.6155821,8.255844,-0.9645562,-4.819574
2839,2026-05-11 16:17:01.595800,1.2958074,-0.42014647,1.6155821,8.255844,-0.9645562,-4.819574
2840,2026-05-11 16:17:01.599021,1.2958074,-0.42014647,1.6155821,8.255844,-0.9645562,-4.819574
2841,2026-05-11 16:17:01.601932,1.2958074,-0.42014647,1.6155821,8.255844,-0.9645562,-4.819574
2842,2026-05-11 16:17:01.604554,1.2958074,-0.42014647,1.6155821,8.255844,-0.9645562,-4.819574
2843,2026-05-11 16:17:01.607463,1.2958074,-0.42014647,1.6155821,8.255844,-0.9645562,-4.819574
2844,2026-05-11 16:17:01.610344,1.2958074,-0.42014647,1.6155821,8.467661,-1.9796616,-4.9851184
2845,2026-05-11 16:17:01.613027,1.1662875,-0.5322872,1.5178934,8.467661,-1.9796616,-4.9851184
2846,2026-05-11 16:17:01.616168,1.1662875,-0.5322872,1.5178934,8.467661,-1.9796616,-4.9851184
2847,2026-05-11 16:17:01.618924,1.1662875,-0.5322872,1.5178934,8.467661,-1.9796616,-4.9851184
2848,2026-05-11 16:17:01.621513,1.1662875,-0.5322872,1.5178934,8.467661,-1.9796616,-4.9851184
2849,2026-05-11 16:17:01.624406,1.173666,-0.5084443,1.4755739,8.328078,-2.360994,-5.0375004
2850,2026-05-11 16:17:01.627316,1.173666,-0.5084443,1.4755739,8.328078,-2.360994,-5.0375004
2851,2026-05-11 16:17:01.630087,1.173666,-0.5084443,1.4755739,8.328078,-2.360994,-5.0375004
2852,2026-05-11 16:17:01.633283,1.2581831,-0.49929744,1.6663166,7.9291835,-2.4933991,-5.2261047
2853,2026-05-11 16:17:01.636122,1.2581831,-0.49929744,1.6663166,7.9291835,-2.4933991,-5.2261047
2854,2026-05-11 16:17:01.638831,1.2581831,-0.49929744,1.6663166,7.9291835,-2.4933991,-5.2261047
2855,2026-05-11 16:17:01.641521,1.2581831,-0.49929744,1.6663166,7.4724092,-2.4032967,-5.448918
2856,2026-05-11 16:17:01.644114,1.2581831,-0.49929744,1.6663166,7.4724092,-2.4032967,-5.448918
2857,2026-05-11 16:17:01.646858,1.2581831,-0.49929744,1.6663166,7.4724092,-2.4032967,-5.448918
2858,2026-05-11 16:17:01.649829,1.2581831,-0.49929744,1.6663166,7.309308,-2.3845124,-5.5655932
2859,2026-05-11 16:17:01.652767,1.2581831,-0.49929744,1.6663166,7.309308,-2.3845124,-5.5655932
2860,2026-05-11 16:17:01.655446,1.2309254,-0.52594537,1.8545595,7.309308,-2.3845124,-5.5655932
2861,2026-05-11 16:17:01.658136,1.0723187,-0.57686293,2.2817185,7.637343,-2.7542386,-5.6639423
2862,2026-05-11 16:17:01.660903,1.0723187,-0.57686293,2.2817185,7.637343,-2.7542386,-5.6639423
2863,2026-05-11 16:17:01.663491,1.0723187,-0.57686293,2.2817185,7.637343,-2.7542386,-5.6639423
2864,2026-05-11 16:17:01.666643,1.0723187,-0.57686293,2.2817185,7.637343,-2.7542386,-5.6639423
2865,2026-05-11 16:17:01.669430,1.0723187,-0.57686293,2.2817185,7.637343,-2.7542386,-5.6639423
2866,2026-05-11 16:17:01.672254,1.0723187,-0.57686293,2.2817185,7.637343,-2.7542386,-5.6639423
2867,2026-05-11 16:17:01.674877,1.0723187,-0.57686293,2.2817185,7.637343,-2.7542386,-5.6639423
2868,2026-05-11 16:17:01.677856,0.9897529,-0.65485525,2.5772235,9.0686,-4.138001,-5.706245
2869,2026-05-11 16:17:01.680466,0.9897529,-0.65485525,2.5772235,9.818743,-4.6566257,-5.743508
2870,2026-05-11 16:17:01.683595,0.9744471,-0.696626,2.4378252,9.818743,-4.6566257,-5.743508
2871,2026-05-11 16:17:01.686398,0.9744471,-0.696626,2.4378252,9.818743,-4.6566257,-5.743508
2872,2026-05-11 16:17:01.689053,0.9744471,-0.696626,2.4378252,9.818743,-4.6566257,-5.743508
2873,2026-05-11 16:17:01.691835,0.9744471,-0.696626,2.4378252,9.818743,-4.6566257,-5.743508
2874,2026-05-11 16:17:01.694473,0.9744471,-0.696626,2.4378252,9.818743,-4.6566257,-5.743508
2875,2026-05-11 16:17:01.697302,0.9574949,-0.66296554,2.1754317,10.038654,-4.7864347,-5.762292
2876,2026-05-11 16:17:01.700405,0.9574949,-0.66296554,2.1754317,10.038654,-4.7864347,-5.762292
2877,2026-05-11 16:17:01.703367,0.9574949,-0.66296554,2.1754317,10.038654,-4.7864347,-5.762292
2878,2026-05-11 16:17:01.706118,0.8707215,-0.60198635,1.6835129,9.809732,-4.7094655,-5.842926
2879,2026-05-11 16:17:01.708756,0.8707215,-0.60198635,1.6835129,9.809732,-4.7094655,-5.842926
2880,2026-05-11 16:17:01.711547,0.8707215,-0.60198635,1.6835129,9.385487,-4.363258,-5.7690115
2881,2026-05-11 16:17:01.714163,0.8707215,-0.60198635,1.6835129,9.385487,-4.363258,-5.7690115
2882,2026-05-11 16:17:01.717439,0.72327393,-0.6249755,1.5090514,9.385487,-4.363258,-5.7690115
2883,2026-05-11 16:17:01.720232,0.72327393,-0.6249755,1.5090514,9.385487,-4.363258,-5.7690115
2884,2026-05-11 16:17:01.723099,0.72327393,-0.6249755,1.5090514,9.385487,-4.363258,-5.7690115
2885,2026-05-11 16:17:01.725841,0.72327393,-0.6249755,1.5090514,9.385487,-4.363258,-5.7690115
2886,2026-05-11 16:17:01.728577,0.72327393,-0.6249755,1.5090514,9.385487,-4.363258,-5.7690115
2887,2026-05-11 16:17:01.731291,0.72327393,-0.6249755,1.5090514,9.385487,-4.363258,-5.7690115
2888,2026-05-11 16:17:01.734623,0.72327393,-0.6249755,1.5090514,9.385487,-4.363258,-5.7690115
2889,2026-05-11 16:17:01.737344,0.72327393,-0.6249755,1.5090514,9.385487,-4.363258,-5.7690115
2890,2026-05-11 16:17:01.740144,0.72327393,-0.6249755,1.5090514,8.974833,-3.864639,-5.422498
2891,2026-05-11 16:17:01.742782,0.5493003,-0.67223436,1.4156923,8.974833,-3.864639,-5.422498
2892,2026-05-11 16:17:01.745416,0.5493003,-0.67223436,1.4156923,8.974833,-3.864639,-5.422498
2893,2026-05-11 16:17:01.748076,0.5493003,-0.67223436,1.4156923,8.974833,-3.864639,-5.422498
2894,2026-05-11 16:17:01.751303,0.5493003,-0.67223436,1.4156923,8.974833,-3.864639,-5.422498
2895,2026-05-11 16:17:01.753998,0.5493003,-0.67223436,1.4156923,8.974833,-3.864639,-5.422498
2896,2026-05-11 16:17:01.756750,0.5493003,-0.67223436,1.4156923,8.974833,-3.864639,-5.422498
2897,2026-05-11 16:17:01.759461,0.5493003,-0.67223436,1.4156923,8.974833,-3.864639,-5.422498
2898,2026-05-11 16:17:01.762285,0.5493003,-0.67223436,1.4156923,8.974833,-3.864639,-5.422498
2899,2026-05-11 16:17:01.765462,0.5493003,-0.67223436,1.4156923,8.974833,-3.864639,-5.422498
2900,2026-05-11 16:17:01.768524,0.38051,-0.7863874,1.2195224,8.725447,-3.879758,-5.1045427
2901,2026-05-11 16:17:01.771234,0.38051,-0.7863874,1.2195224,8.725447,-3.879758,-5.1045427
2902,2026-05-11 16:17:01.774040,0.24769738,-0.8548669,1.0532322,8.725447,-3.879758,-5.1045427
2903,2026-05-11 16:17:01.776772,0.24769738,-0.8548669,1.0532322,8.462774,-4.0251436,-4.721988
2904,2026-05-11 16:17:01.779369,0.24769738,-0.8548669,1.0532322,8.462774,-4.0251436,-4.721988
2905,2026-05-11 16:17:01.782396,0.24769738,-0.8548669,1.0532322,8.462774,-4.0251436,-4.721988
2906,2026-05-11 16:17:01.785081,0.24769738,-0.8548669,1.0532322,8.462774,-4.0251436,-4.721988
2907,2026-05-11 16:17:01.787698,0.24769738,-0.8548669,1.0532322,8.462774,-4.0251436,-4.721988
2908,2026-05-11 16:17:01.790347,0.24769738,-0.8548669,1.0532322,8.462774,-4.0251436,-4.721988
2909,2026-05-11 16:17:01.793155,0.24769738,-0.8548669,1.0532322,8.462774,-4.0251436,-4.721988
2910,2026-05-11 16:17:01.795914,0.18708408,-0.9616415,0.6982724,6.539923,-4.3261476,-3.8354702
2911,2026-05-11 16:17:01.799138,0.100432694,-0.98987484,0.40185273,6.539923,-4.3261476,-3.8354702
2912,2026-05-11 16:17:01.802006,0.100432694,-0.98987484,0.40185273,6.539923,-4.3261476,-3.8354702
2913,2026-05-11 16:17:01.804866,0.019696271,-1.003961,0.27928457,5.212513,-4.0204096,-3.5891387
2914,2026-05-11 16:17:01.807633,-0.031099375,-1.09482,0.32416525,5.212513,-4.0204096,-3.5891387
2915,2026-05-11 16:17:01.810346,-0.031099375,-1.09482,0.32416525,5.212513,-4.0204096,-3.5891387
2916,2026-05-11 16:17:01.813018,-0.031099375,-1.09482,0.32416525,3.2980614,-3.1485522,-3.2577443
2917,2026-05-11 16:17:01.816188,-0.031099375,-1.09482,0.32416525,3.2980614,-3.1485522,-3.2577443
2918,2026-05-11 16:17:01.819163,-0.031099375,-1.09482,0.32416525,3.2980614,-3.1485522,-3.2577443
2919,2026-05-11 16:17:01.821933,-0.031099375,-1.09482,0.32416525,3.2980614,-3.1485522,-3.2577443
2920,2026-05-11 16:17:01.824675,-0.031099375,-1.09482,0.32416525,3.2980614,-3.1485522,-3.2577443
2921,2026-05-11 16:17:01.827365,-0.031099375,-1.09482,0.32416525,3.2980614,-3.1485522,-3.2577443
2922,2026-05-11 16:17:01.830052,-0.031099375,-1.09482,0.32416525,3.2980614,-3.1485522,-3.2577443
2923,2026-05-11 16:17:01.833201,-0.09494456,-1.3920325,0.7748623,-0.5888741,0.012980887,-2.8936687
2924,2026-05-11 16:17:01.835967,-0.18592548,-1.5723479,0.930786,-0.5888741,0.012980887,-2.8936687
2925,2026-05-11 16:17:01.838576,-0.18592548,-1.5723479,0.930786,-0.5888741,0.012980887,-2.8936687
2926,2026-05-11 16:17:01.841306,-0.18592548,-1.5723479,0.930786,-0.5888741,0.012980887,-2.8936687
2927,2026-05-11 16:17:01.844051,-0.18592548,-1.5723479,0.930786,-0.5888741,0.012980887,-2.8936687
2928,2026-05-11 16:17:01.846772,-0.18592548,-1.5723479,0.930786,-0.5888741,0.012980887,-2.8936687
2929,2026-05-11 16:17:01.849811,-0.18592548,-1.5723479,0.930786,-0.5888741,0.012980887,-2.8936687
2930,2026-05-11 16:17:01.852789,-0.59222966,-2.1608577,1.4076431,-1.5100589,2.0309741,-2.2661574
2931,2026-05-11 16:17:01.855422,-0.59222966,-2.1608577,1.4076431,-1.5100589,2.0309741,-2.2661574
2932,2026-05-11 16:17:01.858126,-0.59222966,-2.1608577,1.4076431,-1.5100589,2.0309741,-2.2661574
2933,2026-05-11 16:17:01.860814,-0.59222966,-2.1608577,1.4076431,-1.5100589,2.0309741,-2.2661574
2934,2026-05-11 16:17:01.863394,-0.59222966,-2.1608577,1.4076431,-1.5100589,2.0309741,-2.2661574
2935,2026-05-11 16:17:01.866984,-0.59222966,-2.1608577,1.4076431,-1.5100589,2.0309741,-2.2661574
2936,2026-05-11 16:17:01.869750,-0.59222966,-2.1608577,1.4076431,-1.1588113,2.3189971,-1.8768835
2937,2026-05-11 16:17:01.872398,-0.6073525,-2.2769623,1.2276326,-0.46563202,2.6833782,-1.4167492
2938,2026-05-11 16:17:01.875199,-0.6073525,-2.2769623,1.2276326,-0.46563202,2.6833782,-1.4167492
2939,2026-05-11 16:17:01.877789,-0.6073525,-2.2769623,1.2276326,-0.46563202,2.6833782,-1.4167492
2940,2026-05-11 16:17:01.880507,-0.6073525,-2.2769623,1.2276326,-0.46563202,2.6833782,-1.4167492
2941,2026-05-11 16:17:01.883493,-0.6073525,-2.2769623,1.2276326,0.010231993,2.9958358,-0.8126035
2942,2026-05-11 16:17:01.886211,-0.6073525,-2.2769623,1.2276326,0.010231993,2.9958358,-0.8126035
2943,2026-05-11 16:17:01.888802,-0.6073525,-2.2769623,1.2276326,0.010231993,2.9958358,-0.8126035
2944,2026-05-11 16:17:01.891669,-0.66930735,-2.183298,0.74516547,0.010231993,2.9958358,-0.8126035
2945,2026-05-11 16:17:01.894348,-0.57668,-2.0819507,0.3553256,0.010231993,2.9958358,-0.8126035
2946,2026-05-11 16:17:01.897090,-0.57668,-2.0819507,0.3553256,0.010231993,2.9958358,-0.8126035
2947,2026-05-11 16:17:01.900151,-0.57668,-2.0819507,0.3553256,-0.06627888,3.3111951,-0.17547104
2948,2026-05-11 16:17:01.903016,-0.57668,-2.0819507,0.3553256,-0.06627888,3.3111951,-0.17547104
2949,2026-05-11 16:17:01.905774,-0.57668,-2.0819507,0.3553256,-0.06627888,3.3111951,-0.17547104
2950,2026-05-11 16:17:01.908500,-0.57668,-2.0819507,0.3553256,-0.06627888,3.3111951,-0.17547104
2951,2026-05-11 16:17:01.911334,-0.5072857,-1.8651698,-0.16964404,-1.2450961,3.9875755,0.7093673
2952,2026-05-11 16:17:01.913964,-0.5072857,-1.8651698,-0.16964404,-1.2450961,3.9875755,0.7093673
2953,2026-05-11 16:17:01.917148,-0.5072857,-1.8651698,-0.16964404,-1.2450961,3.9875755,0.7093673
2954,2026-05-11 16:17:01.920043,-0.5072857,-1.8651698,-0.16964404,-1.2450961,3.9875755,0.7093673
2955,2026-05-11 16:17:01.922739,-0.5072857,-1.8651698,-0.16964404,-1.2450961,3.9875755,0.7093673
2956,2026-05-11 16:17:01.925460,-0.5072857,-1.8651698,-0.16964404,-1.2450961,3.9875755,0.7093673
2957,2026-05-11 16:17:01.928106,-0.52643317,-1.7603467,-0.36270407,-1.2450961,3.9875755,0.7093673
2958,2026-05-11 16:17:01.930807,-0.52643317,-1.7603467,-0.36270407,-1.2450961,3.9875755,0.7093673
2959,2026-05-11 16:17:01.933799,-0.52643317,-1.7603467,-0.36270407,-1.2450961,3.9875755,0.7093673
2960,2026-05-11 16:17:01.936624,-0.52643317,-1.7603467,-0.36270407,-1.2450961,3.9875755,0.7093673
2961,2026-05-11 16:17:01.939223,-0.52643317,-1.7603467,-0.36270407,-1.2450961,3.9875755,0.7093673
2962,2026-05-11 16:17:01.941862,-0.52643317,-1.7603467,-0.36270407,-1.2450961,3.9875755,0.7093673
2963,2026-05-11 16:17:01.944540,-0.52643317,-1.7603467,-0.36270407,-1.2450961,3.9875755,0.7093673
2964,2026-05-11 16:17:01.947267,-0.52643317,-1.7603467,-0.36270407,-1.2450961,3.9875755,0.7093673
2965,2026-05-11 16:17:01.950242,-0.52643317,-1.7603467,-0.36270407,-1.2450961,3.9875755,0.7093673
2966,2026-05-11 16:17:01.952918,-0.52643317,-1.7603467,-0.36270407,-1.2450961,3.9875755,0.7093673
2967,2026-05-11 16:17:01.955862,-0.52643317,-1.7603467,-0.36270407,-1.2450961,3.9875755,0.7093673
2968,2026-05-11 16:17:01.959031,-0.5189327,-1.4640489,-0.71388316,-3.4197764,4.6492953,1.4482088
2969,2026-05-11 16:17:01.961912,-0.5189327,-1.4640489,-0.71388316,-4.9066224,4.9286137,1.7154623
2970,2026-05-11 16:17:01.965399,-0.57338715,-1.3716043,-0.8404149,-4.9066224,4.9286137,1.7154623
2971,2026-05-11 16:17:01.968509,-0.55460554,-1.3644089,-0.9318227,-6.6113944,5.111873,2.022422
2972,2026-05-11 16:17:01.971490,-0.55460554,-1.3644089,-0.9318227,-8.102364,5.286275,2.2837198
2973,2026-05-11 16:17:01.974327,-0.55460554,-1.3644089,-0.9318227,-8.102364,5.286275,2.2837198
2974,2026-05-11 16:17:01.977104,-0.53259206,-1.4585607,-0.94566494,-8.102364,5.286275,2.2837198
2975,2026-05-11 16:17:01.980014,-0.53259206,-1.4585607,-0.94566494,-8.102364,5.286275,2.2837198
2976,2026-05-11 16:17:01.983564,-0.53259206,-1.4585607,-0.94566494,-8.102364,5.286275,2.2837198
2977,2026-05-11 16:17:01.986596,-0.53259206,-1.4585607,-0.94566494,-10.585989,5.517335,2.8371637
2978,2026-05-11 16:17:01.989477,-0.53259206,-1.4585607,-0.94566494,-10.585989,5.517335,2.8371637
2979,2026-05-11 16:17:01.992304,-0.53259206,-1.4585607,-0.94566494,-10.585989,5.517335,2.8371637
2980,2026-05-11 16:17:01.994998,-0.53259206,-1.4585607,-0.94566494,-10.585989,5.517335,2.8371637
2981,2026-05-11 16:17:01.997664,-0.53259206,-1.4585607,-0.94566494,-10.585989,5.517335,2.8371637
2982,2026-05-11 16:17:02.000640,-0.53259206,-1.4585607,-0.94566494,-10.585989,5.517335,2.8371637
2983,2026-05-11 16:17:02.003433,-0.53259206,-1.4585607,-0.94566494,-10.585989,5.517335,2.8371637
2984,2026-05-11 16:17:02.005991,-0.53259206,-1.4585607,-0.94566494,-10.585989,5.517335,2.8371637
2985,2026-05-11 16:17:02.008749,-0.53259206,-1.4585607,-0.94566494,-11.830933,5.4212766,3.1600058
2986,2026-05-11 16:17:02.011425,-0.53259206,-1.4585607,-0.94566494,-11.830933,5.4212766,3.1600058
2987,2026-05-11 16:17:02.014184,-0.47466183,-1.5339919,-0.8618796,-11.830933,5.4212766,3.1600058
2988,2026-05-11 16:17:02.017655,-0.47466183,-1.5339919,-0.8618796,-11.830933,5.4212766,3.1600058
2989,2026-05-11 16:17:02.020535,0.038416874,-1.6436324,-0.28757775,-11.830933,5.4212766,3.1600058
2990,2026-05-11 16:17:02.023302,0.038416874,-1.6436324,-0.28757775,-14.251792,4.477337,3.8835757
2991,2026-05-11 16:17:02.026026,0.038416874,-1.6436324,-0.28757775,-14.251792,4.477337,3.8835757
2992,2026-05-11 16:17:02.028820,0.038416874,-1.6436324,-0.28757775,-15.132965,3.7265835,4.0063596
2993,2026-05-11 16:17:02.031555,0.038416874,-1.6436324,-0.28757775,-15.132965,3.7265835,4.0063596
2994,2026-05-11 16:17:02.034886,0.038416874,-1.6436324,-0.28757775,-15.132965,3.7265835,4.0063596
2995,2026-05-11 16:17:02.037550,0.038416874,-1.6436324,-0.28757775,-15.132965,3.7265835,4.0063596
2996,2026-05-11 16:17:02.040244,1.0482929,-1.7040019,0.89108855,-15.132965,3.7265835,4.0063596
2997,2026-05-11 16:17:02.043078,1.0482929,-1.7040019,0.89108855,-15.132965,3.7265835,4.0063596
2998,2026-05-11 16:17:02.045734,1.0482929,-1.7040019,0.89108855,-15.132965,3.7265835,4.0063596
2999,2026-05-11 16:17:02.048681,1.0482929,-1.7040019,0.89108855,-15.521017,2.9498682,3.7711766
3000,2026-05-11 16:17:02.051806,1.0482929,-1.7040019,0.89108855,-15.521017,2.9498682,3.7711766
3001,2026-05-11 16:17:02.054473,1.0482929,-1.7040019,0.89108855,-15.521017,2.9498682,3.7711766
3002,2026-05-11 16:17:02.057092,1.0482929,-1.7040019,0.89108855,-15.521017,2.9498682,3.7711766
3003,2026-05-11 16:17:02.059983,1.0482929,-1.7040019,0.89108855,-15.521017,2.9498682,3.7711766
3004,2026-05-11 16:17:02.062741,1.0482929,-1.7040019,0.89108855,-15.521017,2.9498682,3.7711766
3005,2026-05-11 16:17:02.065958,1.091893,-1.648328,1.6572309,-15.328594,1.9054414,3.4477234
3006,2026-05-11 16:17:02.068820,1.091893,-1.648328,1.6572309,-15.328594,1.9054414,3.4477234
3007,2026-05-11 16:17:02.071607,1.091893,-1.648328,1.6572309,-15.328594,1.9054414,3.4477234
3008,2026-05-11 16:17:02.074405,1.0037781,-1.4991119,2.3783095,-14.568373,1.048703,3.4634533
3009,2026-05-11 16:17:02.077098,1.0037781,-1.4991119,2.3783095,-14.568373,1.048703,3.4634533
3010,2026-05-11 16:17:02.079795,1.0037781,-1.4991119,2.3783095,-14.568373,1.048703,3.4634533
3011,2026-05-11 16:17:02.082890,1.0037781,-1.4991119,2.3783095,-14.568373,1.048703,3.4634533
3012,2026-05-11 16:17:02.085789,1.0037781,-1.4991119,2.3783095,-14.568373,1.048703,3.4634533
3013,2026-05-11 16:17:02.088553,1.0037781,-1.4991119,2.3783095,-14.568373,1.048703,3.4634533
3014,2026-05-11 16:17:02.091249,1.1851912,-1.1690316,3.2265909,-11.856589,-0.08353582,3.822642
3015,2026-05-11 16:17:02.093936,1.3539205,-0.7565685,3.1709168,-10.056216,-0.30482176,3.8337903
3016,2026-05-11 16:17:02.096644,1.3539205,-0.7565685,3.1709168,-10.056216,-0.30482176,3.8337903
3017,2026-05-11 16:17:02.099770,1.314284,-0.45197758,2.7085726,-10.056216,-0.30482176,3.8337903
3018,2026-05-11 16:17:02.102697,1.314284,-0.45197758,2.7085726,-8.817534,-0.42012256,3.7751472
3019,2026-05-11 16:17:02.105461,1.314284,-0.45197758,2.7085726,-8.817534,-0.42012256,3.7751472
3020,2026-05-11 16:17:02.108069,1.314284,-0.45197758,2.7085726,-8.817534,-0.42012256,3.7751472
3021,2026-05-11 16:17:02.110842,1.314284,-0.45197758,2.7085726,-8.817534,-0.42012256,3.7751472
3022,2026-05-11 16:17:02.113558,1.314284,-0.45197758,2.7085726,-8.817534,-0.42012256,3.7751472
3023,2026-05-11 16:17:02.116690,1.314284,-0.45197758,2.7085726,-8.817534,-0.42012256,3.7751472
3024,2026-05-11 16:17:02.119398,1.314284,-0.45197758,2.7085726,-8.817534,-0.42012256,3.7751472
3025,2026-05-11 16:17:02.122235,1.314284,-0.45197758,2.7085726,-8.817534,-0.42012256,3.7751472
3026,2026-05-11 16:17:02.124927,1.126956,-0.21367101,2.2054946,-8.817534,-0.42012256,3.7751472
3027,2026-05-11 16:17:02.127528,1.126956,-0.21367101,2.2054946,-8.817534,-0.42012256,3.7751472
3028,2026-05-11 16:17:02.130160,1.126956,-0.21367101,2.2054946,-8.053801,-0.3585779,3.4588718
3029,2026-05-11 16:17:02.133181,1.126956,-0.21367101,2.2054946,-8.053801,-0.3585779,3.4588718
3030,2026-05-11 16:17:02.136020,1.126956,-0.21367101,2.2054946,-8.053801,-0.3585779,3.4588718
3031,2026-05-11 16:17:02.138699,1.126956,-0.21367101,2.2054946,-8.053801,-0.3585779,3.4588718
3032,2026-05-11 16:17:02.141416,1.126956,-0.21367101,2.2054946,-8.053801,-0.3585779,3.4588718
3033,2026-05-11 16:17:02.144191,1.126956,-0.21367101,2.2054946,-8.053801,-0.3585779,3.4588718
3034,2026-05-11 16:17:02.146975,1.126956,-0.21367101,2.2054946,-4.818047,-1.2409728,2.9636128
3035,2026-05-11 16:17:02.150073,1.3686163,0.16348514,2.5034997,-4.818047,-1.2409728,2.9636128
3036,2026-05-11 16:17:02.152879,1.3686163,0.16348514,2.5034997,-4.818047,-1.2409728,2.9636128
3037,2026-05-11 16:17:02.155502,1.3686163,0.16348514,2.5034997,-4.818047,-1.2409728,2.9636128
3038,2026-05-11 16:17:02.158292,1.3686163,0.16348514,2.5034997,-4.818047,-1.2409728,2.9636128
3039,2026-05-11 16:17:02.160888,1.3686163,0.16348514,2.5034997,-4.818047,-1.2409728,2.9636128
3040,2026-05-11 16:17:02.163649,1.3686163,0.16348514,2.5034997,-4.818047,-1.2409728,2.9636128
3041,2026-05-11 16:17:02.166730,1.3686163,0.16348514,2.5034997,-4.818047,-1.2409728,2.9636128
3042,2026-05-11 16:17:02.169521,1.3686163,0.16348514,2.5034997,-4.818047,-1.2409728,2.9636128
3043,2026-05-11 16:17:02.172174,1.3686163,0.16348514,2.5034997,-4.1737366,-1.4133894,2.761569
3044,2026-05-11 16:17:02.174882,1.3411148,0.27708933,2.1434178,-4.1737366,-1.4133894,2.761569
3045,2026-05-11 16:17:02.177510,1.3411148,0.27708933,2.1434178,-4.1737366,-1.4133894,2.761569
3046,2026-05-11 16:17:02.180255,1.3411148,0.27708933,2.1434178,-4.1737366,-1.4133894,2.761569
3047,2026-05-11 16:17:02.183247,1.3411148,0.27708933,2.1434178,-4.1737366,-1.4133894,2.761569
3048,2026-05-11 16:17:02.186103,1.3411148,0.27708933,2.1434178,-4.1737366,-1.4133894,2.761569
3049,2026-05-11 16:17:02.188732,1.3411148,0.27708933,2.1434178,-4.1737366,-1.4133894,2.761569
3050,2026-05-11 16:17:02.191319,1.3411148,0.27708933,2.1434178,-4.1737366,-1.4133894,2.761569
3051,2026-05-11 16:17:02.193923,1.3411148,0.27708933,2.1434178,-4.1737366,-1.4133894,2.761569
3052,2026-05-11 16:17:02.196518,1.1359199,0.43685475,1.3602014,-4.1737366,-1.4133894,2.761569
3053,2026-05-11 16:17:02.199513,1.1359199,0.43685475,1.3602014,-4.1737366,-1.4133894,2.761569
3054,2026-05-11 16:17:02.202473,1.1359199,0.43685475,1.3602014,-3.8858666,-1.483639,2.5135577
3055,2026-05-11 16:17:02.205173,1.1359199,0.43685475,1.3602014,-3.8858666,-1.483639,2.5135577
3056,2026-05-11 16:17:02.207972,1.1359199,0.43685475,1.3602014,-3.8858666,-1.483639,2.5135577
3057,2026-05-11 16:17:02.210686,1.1359199,0.43685475,1.3602014,-4.5387287,-1.2554808,2.622139
3058,2026-05-11 16:17:02.213477,0.9084066,0.54234874,0.95255554,-4.5387287,-1.2554808,2.622139
3059,2026-05-11 16:17:02.216569,0.9084066,0.54234874,0.95255554,-5.653558,-0.79244494,3.0126348
3060,2026-05-11 16:17:02.219490,0.9084066,0.54234874,0.95255554,-5.653558,-0.79244494,3.0126348
3061,2026-05-11 16:17:02.222269,0.945299,0.7066266,1.0497563,-5.653558,-0.79244494,3.0126348
3062,2026-05-11 16:17:02.225180,1.264403,0.875234,1.4047161,-6.1410284,-0.3287982,3.174514
3063,2026-05-11 16:17:02.227909,1.264403,0.875234,1.4047161,-6.1410284,-0.3287982,3.174514
3064,2026-05-11 16:17:02.230701,1.4157534,0.96481246,1.5642986,-6.1410284,-0.3287982,3.174514
3065,2026-05-11 16:17:02.233946,1.4157534,0.96481246,1.5642986,-6.158896,-0.15943582,3.1603115
3066,2026-05-11 16:17:02.236758,1.8614501,1.2210468,1.8627306,-5.5746036,-0.027030786,2.7305677
3067,2026-05-11 16:17:02.239453,1.8614501,1.2210468,1.8627306,-5.5746036,-0.027030786,2.7305677
3068,2026-05-11 16:17:02.242111,1.8614501,1.2210468,1.8627306,-5.5746036,-0.027030786,2.7305677
3069,2026-05-11 16:17:02.244837,1.8614501,1.2210468,1.8627306,-5.5746036,-0.027030786,2.7305677
3070,2026-05-11 16:17:02.247445,1.8614501,1.2210468,1.8627306,-5.5746036,-0.027030786,2.7305677
3071,2026-05-11 16:17:02.250840,2.067133,1.577653,1.674183,-2.0076087,-2.235614,2.3189971
3072,2026-05-11 16:17:02.253693,2.067133,1.577653,1.674183,-2.0076087,-2.235614,2.3189971
3073,2026-05-11 16:17:02.256351,2.067133,1.577653,1.674183,-2.0076087,-2.235614,2.3189971
3074,2026-05-11 16:17:02.259226,3.2032359,3.3766606,4.200123,-0.56153786,-2.646421,2.326633
3075,2026-05-11 16:17:02.262140,4.411294,3.6146624,4.229393,1.5308284,-2.538756,1.3255776
3076,2026-05-11 16:17:02.264989,4.411294,3.6146624,4.229393,1.5308284,-2.538756,1.3255776
3077,2026-05-11 16:17:02.268098,4.411294,3.6146624,4.229393,1.5308284,-2.538756,1.3255776
3078,2026-05-11 16:17:02.270787,4.411294,3.6146624,4.229393,2.982855,-1.5114334,-0.14630222
3079,2026-05-11 16:17:02.273395,4.411294,3.6146624,4.229393,2.982855,-1.5114334,-0.14630222
3080,2026-05-11 16:17:02.276248,4.434832,3.4820933,3.7700372,2.982855,-1.5114334,-0.14630222
3081,2026-05-11 16:17:02.278896,4.434832,3.4820933,3.7700372,2.982855,-1.5114334,-0.14630222
3082,2026-05-11 16:17:02.282000,4.434832,3.4820933,3.7700372,2.982855,-1.5114334,-0.14630222
3083,2026-05-11 16:17:02.284981,4.434832,3.4820933,3.7700372,2.982855,-1.5114334,-0.14630222
3084,2026-05-11 16:17:02.287750,3.9145577,3.1721363,3.02664,2.982855,-1.5114334,-0.14630222
3085,2026-05-11 16:17:02.290438,3.9145577,3.1721363,3.02664,3.7586539,-0.5035057,-1.4350752
3086,2026-05-11 16:17:02.293209,3.9145577,3.1721363,3.02664,3.7586539,-0.5035057,-1.4350752
3087,2026-05-11 16:17:02.295913,3.9145577,3.1721363,3.02664,3.7586539,-0.5035057,-1.4350752
3088,2026-05-11 16:17:02.299089,3.9145577,3.1721363,3.02664,3.7586539,-0.5035057,-1.4350752
3089,2026-05-11 16:17:02.302060,3.9145577,3.1721363,3.02664,3.7586539,-0.5035057,-1.4350752
3090,2026-05-11 16:17:02.304806,3.9145577,3.1721363,3.02664,3.7586539,-0.5035057,-1.4350752
3091,2026-05-11 16:17:02.307657,3.9145577,3.1721363,3.02664,2.581822,-0.3494149,-2.8037188
3092,2026-05-11 16:17:02.310352,3.9145577,3.1721363,3.02664,2.581822,-0.3494149,-2.8037188
3093,2026-05-11 16:17:02.312952,3.9145577,3.1721363,3.02664,2.581822,-0.3494149,-2.8037188
3094,2026-05-11 16:17:02.316121,3.9145577,3.1721363,3.02664,2.581822,-0.3494149,-2.8037188
3095,2026-05-11 16:17:02.318910,3.9145577,3.1721363,3.02664,0.9137017,0.12522738,-4.231769
3096,2026-05-11 16:17:02.321627,3.9145577,3.1721363,3.02664,0.9137017,0.12522738,-4.231769
3097,2026-05-11 16:17:02.324319,2.3083055,1.8693774,2.1773832,0.9137017,0.12522738,-4.231769
3098,2026-05-11 16:17:02.327017,2.3083055,1.8693774,2.1773832,0.9137017,0.12522738,-4.231769
3099,2026-05-11 16:17:02.329791,2.3083055,1.8693774,2.1773832,0.9137017,0.12522738,-4.231769
3100,2026-05-11 16:17:02.332836,2.3083055,1.8693774,2.1773832,0.9137017,0.12522738,-4.231769
3101,2026-05-11 16:17:02.335771,2.3083055,1.8693774,2.1773832,0.9137017,0.12522738,-4.231769
3102,2026-05-11 16:17:02.338430,2.3083055,1.8693774,2.1773832,0.9137017,0.12522738,-4.231769
3103,2026-05-11 16:17:02.341146,1.8106543,1.4809401,2.668997,1.427592,0.5503896,-4.6865582
3104,2026-05-11 16:17:02.343848,1.8106543,1.4809401,2.668997,1.427592,0.5503896,-4.6865582
3105,2026-05-11 16:17:02.346494,1.8106543,1.4809401,2.668997,1.427592,0.5503896,-4.6865582
3106,2026-05-11 16:17:02.349739,1.586617,1.2572075,2.749307,2.1844542,0.77366084,-4.733595
3107,2026-05-11 16:17:02.352545,1.586617,1.2572075,2.749307,2.1844542,0.77366084,-4.733595
3108,2026-05-11 16:17:02.355158,1.586617,1.2572075,2.749307,2.1844542,0.77366084,-4.733595
3109,2026-05-11 16:17:02.357914,1.586617,1.2572075,2.749307,2.1844542,0.77366084,-4.733595
3110,2026-05-11 16:17:02.360723,1.5144176,1.168056,2.7638807,2.1844542,0.77366084,-4.733595
3111,2026-05-11 16:17:02.363408,1.5144176,1.168056,2.7638807,2.1844542,0.77366084,-4.733595
3112,2026-05-11 16:17:02.367410,1.5144176,1.168056,2.7638807,2.1844542,0.77366084,-4.733595
3113,2026-05-11 16:17:02.370290,1.5144176,1.168056,2.7638807,2.5196664,0.88346386,-4.724737
3114,2026-05-11 16:17:02.373103,1.5144176,1.168056,2.7638807,2.5196664,0.88346386,-4.724737
3115,2026-05-11 16:17:02.375845,1.5144176,1.168056,2.7638807,2.5196664,0.88346386,-4.724737
3116,2026-05-11 16:17:02.378478,1.3513594,0.7607761,2.675461,2.5196664,0.88346386,-4.724737
3117,2026-05-11 16:17:02.381228,1.3513594,0.7607761,2.675461,2.5196664,0.88346386,-4.724737
3118,2026-05-11 16:17:02.384185,1.3505056,0.5225305,2.4430692,4.0914226,1.3371841,-4.6001205
3119,2026-05-11 16:17:02.386832,1.3505056,0.5225305,2.4430692,4.0914226,1.3371841,-4.6001205
3120,2026-05-11 16:17:02.389533,1.3505056,0.5225305,2.4430692,5.351027,1.5528195,-4.54331
3121,2026-05-11 16:17:02.392453,1.3385537,0.33264136,2.1615896,5.351027,1.5528195,-4.54331
3122,2026-05-11 16:17:02.395213,1.3385537,0.33264136,2.1615896,5.351027,1.5528195,-4.54331
3123,2026-05-11 16:17:02.398049,1.3385537,0.33264136,2.1615896,6.578408,1.451874,-4.604244
3124,2026-05-11 16:17:02.401221,1.2282424,0.093359105,1.8133985,5.8963766,1.5326608,-4.567898
3125,2026-05-11 16:17:02.403850,1.2282424,0.093359105,1.8133985,5.8963766,1.5326608,-4.567898
3126,2026-05-11 16:17:02.406635,1.2282424,0.093359105,1.8133985,5.8963766,1.5326608,-4.567898
3127,2026-05-11 16:17:02.409291,1.2282424,0.093359105,1.8133985,5.8963766,1.5326608,-4.567898
3128,2026-05-11 16:17:02.412099,1.2282424,0.093359105,1.8133985,5.8963766,1.5326608,-4.567898
3129,2026-05-11 16:17:02.415051,1.1740929,-0.043600105,1.6122283,6.9200344,1.4164438,-4.563774
3130,2026-05-11 16:17:02.418414,1.0721967,-0.5116152,1.0589032,7.0962687,0.69134676,-4.533384
3131,2026-05-11 16:17:02.421148,1.0721967,-0.5116152,1.0589032,7.0962687,0.69134676,-4.533384
3132,2026-05-11 16:17:02.423980,1.0721967,-0.5116152,1.0589032,7.0962687,0.69134676,-4.533384
3133,2026-05-11 16:17:02.426646,1.0721967,-0.5116152,1.0589032,7.0962687,0.69134676,-4.533384
3134,2026-05-11 16:17:02.429223,1.0721967,-0.5116152,1.0589032,7.0962687,0.69134676,-4.533384
3135,2026-05-11 16:17:02.432247,1.0425608,-0.556191,1.0139006,7.0962687,0.69134676,-4.533384
3136,2026-05-11 16:17:02.435111,1.0425608,-0.556191,1.0139006,7.0962687,0.69134676,-4.533384
3137,2026-05-11 16:17:02.437923,1.0425608,-0.556191,1.0139006,7.0962687,0.69134676,-4.533384
3138,2026-05-11 16:17:02.440589,1.0425608,-0.556191,1.0139006,7.0962687,0.69134676,-4.533384
3139,2026-05-11 16:17:02.443331,1.0309747,-0.55716664,0.95834863,6.779077,0.004886922,-4.654335
3140,2026-05-11 16:17:02.446089,1.0309747,-0.55716664,0.95834863,6.779077,0.004886922,-4.654335
3141,2026-05-11 16:17:02.449267,1.0309747,-0.55716664,0.95834863,6.779077,0.004886922,-4.654335
3142,2026-05-11 16:17:02.452170,1.0792093,-0.5138105,0.9824963,6.779077,0.004886922,-4.654335
3143,2026-05-11 16:17:02.455000,1.0792093,-0.5138105,0.9824963,6.779077,0.004886922,-4.654335
3144,2026-05-11 16:17:02.457766,1.0792093,-0.5138105,0.9824963,6.779077,0.004886922,-4.654335
3145,2026-05-11 16:17:02.460456,1.0792093,-0.5138105,0.9824963,6.136752,-0.1656972,-4.764596
3146,2026-05-11 16:17:02.463261,1.0792093,-0.5138105,0.9824963,6.136752,-0.1656972,-4.764596
3147,2026-05-11 16:17:02.466188,1.0792093,-0.5138105,0.9824963,6.136752,-0.1656972,-4.764596
3148,2026-05-11 16:17:02.468997,1.1412252,-0.4846624,1.1687877,6.136752,-0.1656972,-4.764596
3149,2026-05-11 16:17:02.471662,1.1412252,-0.4846624,1.1687877,6.136752,-0.1656972,-4.764596
3150,2026-05-11 16:17:02.474364,1.1412252,-0.4846624,1.1687877,6.136752,-0.1656972,-4.764596
3151,2026-05-11 16:17:02.477112,1.1412252,-0.4846624,1.1687877,5.7775636,-0.18799378,-4.9130363
3152,2026-05-11 16:17:02.479906,1.1412252,-0.4846624,1.1687877,5.7775636,-0.18799378,-4.9130363
3153,2026-05-11 16:17:02.483029,1.1412252,-0.4846624,1.1687877,5.7775636,-0.18799378,-4.9130363
3154,2026-05-11 16:17:02.485888,1.1412252,-0.4846624,1.1687877,5.7775636,-0.18799378,-4.9130363
3155,2026-05-11 16:17:02.488543,1.1412252,-0.4846624,1.1687877,5.7775636,-0.18799378,-4.9130363
3156,2026-05-11 16:17:02.491389,1.1578114,-0.4463675,1.3671529,5.558263,-0.2507602,-5.1379876
3157,2026-05-11 16:17:02.494213,1.1475669,-0.38807142,1.5610057,5.5379515,-0.4251622,-5.297118
3158,2026-05-11 16:17:02.496997,1.1475669,-0.38807142,1.5610057,5.5379515,-0.4251622,-5.297118
3159,2026-05-11 16:17:02.500160,1.1475669,-0.38807142,1.5610057,5.5379515,-0.4251622,-5.297118
3160,2026-05-11 16:17:02.502880,1.1475669,-0.38807142,1.5610057,5.5379515,-0.4251622,-5.297118
3161,2026-05-11 16:17:02.505699,1.1475669,-0.38807142,1.5610057,5.5379515,-0.4251622,-5.297118
3162,2026-05-11 16:17:02.508428,1.1475669,-0.38807142,1.5610057,5.5379515,-0.4251622,-5.297118
3163,2026-05-11 16:17:02.511199,1.1475669,-0.38807142,1.5610057,5.677687,-0.64996064,-5.3582044
3164,2026-05-11 16:17:02.513892,1.4322177,-0.31306705,2.107135,6.2937446,-1.2359331,-5.7378573
3165,2026-05-11 16:17:02.517077,1.4322177,-0.31306705,2.107135,6.2937446,-1.2359331,-5.7378573
3166,2026-05-11 16:17:02.519979,1.4322177,-0.31306705,2.107135,6.2937446,-1.2359331,-5.7378573
3167,2026-05-11 16:17:02.522634,1.4322177,-0.31306705,2.107135,6.2937446,-1.2359331,-5.7378573
3168,2026-05-11 16:17:02.525387,1.4322177,-0.31306705,2.107135,6.2937446,-1.2359331,-5.7378573
3169,2026-05-11 16:17:02.528112,1.4322177,-0.31306705,2.107135,6.2937446,-1.2359331,-5.7378573
3170,2026-05-11 16:17:02.530751,1.4322177,-0.31306705,2.107135,6.5660377,-1.5396858,-6.1871486
3171,2026-05-11 16:17:02.533769,1.4322177,-0.31306705,2.107135,6.5660377,-1.5396858,-6.1871486
3172,2026-05-11 16:17:02.536625,1.4322177,-0.31306705,2.107135,6.5660377,-1.5396858,-6.1871486
3173,2026-05-11 16:17:02.539270,1.4791107,-0.29727346,2.093293,6.5660377,-1.5396858,-6.1871486
3174,2026-05-11 16:17:02.541900,1.4791107,-0.29727346,2.093293,6.5660377,-1.5396858,-6.1871486
3175,2026-05-11 16:17:02.544584,1.4672807,-0.2713573,2.1473205,6.446308,-1.4001031,-6.586044
3176,2026-05-11 16:17:02.547178,1.4672807,-0.2713573,2.1473205,6.446308,-1.4001031,-6.586044
3177,2026-05-11 16:17:02.550303,1.4672807,-0.2713573,2.1473205,6.3166523,-1.0228939,-6.7396765
3178,2026-05-11 16:17:02.553071,1.4672807,-0.2713573,2.1473205,6.3166523,-1.0228939,-6.7396765
3179,2026-05-11 16:17:02.555860,1.4672807,-0.2713573,2.1473205,6.3166523,-1.0228939,-6.7396765
3180,2026-05-11 16:17:02.558625,1.4672807,-0.2713573,2.1473205,6.3166523,-1.0228939,-6.7396765
3181,2026-05-11 16:17:02.561343,0.9693248,-0.42593947,2.26812,6.3166523,-1.0228939,-6.7396765
3182,2026-05-11 16:17:02.564021,0.9693248,-0.42593947,2.26812,6.3166523,-1.0228939,-6.7396765
3183,2026-05-11 16:17:02.567165,0.9693248,-0.42593947,2.26812,6.3166523,-1.0228939,-6.7396765
3184,2026-05-11 16:17:02.569977,0.9693248,-0.42593947,2.26812,6.3166523,-1.0228939,-6.7396765
3185,2026-05-11 16:17:02.572867,0.9693248,-0.42593947,2.26812,6.3166523,-1.0228939,-6.7396765
3186,2026-05-11 16:17:02.575567,0.9693248,-0.42593947,2.26812,6.4618855,0.7623598,-6.093381
3187,2026-05-11 16:17:02.578284,0.9693248,-0.42593947,2.26812,6.4618855,0.7623598,-6.093381
3188,2026-05-11 16:17:02.581101,0.9693248,-0.42593947,2.26812,6.4618855,0.7623598,-6.093381
3189,2026-05-11 16:17:02.584129,0.6544894,-0.52850646,2.338612,6.4618855,0.7623598,-6.093381
3190,2026-05-11 16:17:02.586917,0.6544894,-0.52850646,2.338612,6.4618855,0.7623598,-6.093381
3191,2026-05-11 16:17:02.589763,0.49515083,-0.6918696,2.2840357,8.319984,0.49098295,-4.8847837
3192,2026-05-11 16:17:02.592437,0.49515083,-0.6918696,2.2840357,8.319984,0.49098295,-4.8847837
3193,2026-05-11 16:17:02.595177,0.31514034,-0.9634709,2.1009762,8.319984,0.49098295,-4.8847837
3194,2026-05-11 16:17:02.597872,0.31514034,-0.9634709,2.1009762,8.319984,0.49098295,-4.8847837
3195,2026-05-11 16:17:02.601074,0.31514034,-0.9634709,2.1009762,9.987188,-0.7276932,-4.065003
3196,2026-05-11 16:17:02.603987,0.31514034,-0.9634709,2.1009762,9.987188,-0.7276932,-4.065003
3197,2026-05-11 16:17:02.606695,0.31514034,-0.9634709,2.1009762,9.987188,-0.7276932,-4.065003
3198,2026-05-11 16:17:02.609546,0.40441385,-1.899501,-0.25952733,9.987188,-0.7276932,-4.065003
3199,2026-05-11 16:17:02.612297,0.40441385,-1.899501,-0.25952733,9.987188,-0.7276932,-4.065003
3200,2026-05-11 16:17:02.615254,0.31361586,-2.0565834,-0.61625546,11.20281,-3.2386549,-3.5085046
3201,2026-05-11 16:17:02.618331,0.31361586,-2.0565834,-0.61625546,11.20281,-3.2386549,-3.5085046
3202,2026-05-11 16:17:02.621046,0.31361586,-2.0565834,-0.61625546,11.20281,-3.2386549,-3.5085046
3203,2026-05-11 16:17:02.623798,0.31361586,-2.0565834,-0.61625546,11.20281,-3.2386549,-3.5085046
3204,2026-05-11 16:17:02.626686,0.31361586,-2.0565834,-0.61625546,10.35554,-3.3617442,-3.6337318
3205,2026-05-11 16:17:02.629441,0.31361586,-2.0565834,-0.61625546,10.35554,-3.3617442,-3.6337318
3206,2026-05-11 16:17:02.632412,0.31361586,-2.0565834,-0.61625546,10.35554,-3.3617442,-3.6337318
3207,2026-05-11 16:17:02.635309,0.31361586,-2.0565834,-0.61625546,10.35554,-3.3617442,-3.6337318
3208,2026-05-11 16:17:02.638014,0.31361586,-2.0565834,-0.61625546,10.35554,-3.3617442,-3.6337318
3209,2026-05-11 16:17:02.640681,0.31361586,-2.0565834,-0.61625546,8.555473,-3.0401237,-3.6731327
3210,2026-05-11 16:17:02.643490,-0.11476279,-2.3190987,-1.0251818,8.555473,-3.0401237,-3.6731327
3211,2026-05-11 16:17:02.646067,-0.11476279,-2.3190987,-1.0251818,8.555473,-3.0401237,-3.6731327
3212,2026-05-11 16:17:02.663264,-0.38782752,-2.3607476,-1.0998813,7.2172203,-2.6821566,-3.5446982
3213,2026-05-11 16:17:02.674191,0.52917725,0.52204263,0.7766917,-4.7983465,0.6579019,2.6366472
3214,2026-05-11 16:17:02.678153,0.479967,0.7537025,0.27318668,-4.809495,0.22388211,2.7264442
3215,2026-05-11 16:17:02.685909,0.5886319,0.8556597,0.08646846,-4.809495,0.22388211,2.7264442
3216,2026-05-11 16:17:02.689401,0.5886319,0.8556597,0.08646846,-5.4313555,-0.12721269,2.8223503
3217,2026-05-11 16:17:02.692087,0.5886319,0.8556597,0.08646846,-5.4313555,-0.12721269,2.8223503
3218,2026-05-11 16:17:02.694742,0.5886319,0.8556597,0.08646846,-5.4313555,-0.12721269,2.8223503
3219,2026-05-11 16:17:02.697494,0.5886319,0.8556597,0.08646846,-6.0952134,-0.13332134,2.8735101
3220,2026-05-11 16:17:02.700794,0.5886319,0.8556597,0.08646846,-6.0952134,-0.13332134,2.8735101
3221,2026-05-11 16:17:02.703568,0.5886319,0.8556597,0.08646846,-6.0952134,-0.13332134,2.8735101
3222,2026-05-11 16:17:02.706190,0.5886319,0.8556597,0.08646846,-6.0952134,-0.13332134,2.8735101
3223,2026-05-11 16:17:02.708921,0.67979574,0.87938064,0.120007,-6.0952134,-0.13332134,2.8735101
3224,2026-05-11 16:17:02.711790,0.67979574,0.87938064,0.120007,-6.0952134,-0.13332134,2.8735101
3225,2026-05-11 16:17:02.714581,0.67979574,0.87938064,0.120007,-6.0952134,-0.13332134,2.8735101
3226,2026-05-11 16:17:02.717632,0.67979574,0.87938064,0.120007,-6.0952134,-0.13332134,2.8735101
3227,2026-05-11 16:17:02.720498,0.76937413,0.9736544,0.6221095,-6.70898,0.03390302,3.048523
3228,2026-05-11 16:17:02.723347,1.0168886,1.1026863,1.1833007,-6.70898,0.03390302,3.048523
3229,2026-05-11 16:17:02.726156,1.0168886,1.1026863,1.1833007,-6.70898,0.03390302,3.048523
3230,2026-05-11 16:17:02.728862,1.0168886,1.1026863,1.1833007,-6.70898,0.03390302,3.048523
3231,2026-05-11 16:17:02.731833,1.0168886,1.1026863,1.1833007,-6.70898,0.03390302,3.048523
3232,2026-05-11 16:17:02.734962,1.0168886,1.1026863,1.1833007,-6.6254444,0.17547104,3.3087516
3233,2026-05-11 16:17:02.737700,1.0168886,1.1026863,1.1833007,-6.6254444,0.17547104,3.3087516
3234,2026-05-11 16:17:02.740350,1.0168886,1.1026863,1.1833007,-6.6254444,0.17547104,3.3087516
3235,2026-05-11 16:17:02.743232,1.0168886,1.1026863,1.1833007,-6.6254444,0.17547104,3.3087516
3236,2026-05-11 16:17:02.745885,1.0168886,1.1026863,1.1833007,-6.6254444,0.17547104,3.3087516
3237,2026-05-11 16:17:02.748888,1.4966726,1.3548961,1.7102216,-5.3351445,0.07544186,3.5321755
3238,2026-05-11 16:17:02.751754,1.4966726,1.3548961,1.7102216,-5.3351445,0.07544186,3.5321755
3239,2026-05-11 16:17:02.754426,1.8529739,1.6052155,1.8413268,-5.3351445,0.07544186,3.5321755
3240,2026-05-11 16:17:02.757321,1.8529739,1.6052155,1.8413268,-5.3351445,0.07544186,3.5321755
3241,2026-05-11 16:17:02.759979,1.8529739,1.6052155,1.8413268,-5.3351445,0.07544186,3.5321755
3242,2026-05-11 16:17:02.762706,1.8529739,1.6052155,1.8413268,-4.068668,-0.38988474,3.6494617
3243,2026-05-11 16:17:02.765626,1.8529739,1.6052155,1.8413268,-4.068668,-0.38988474,3.6494617
3244,2026-05-11 16:17:02.768582,1.8529739,1.6052155,1.8413268,-4.068668,-0.38988474,3.6494617
3245,2026-05-11 16:17:02.771166,1.8529739,1.6052155,1.8413268,-4.068668,-0.38988474,3.6494617
3246,2026-05-11 16:17:02.773771,2.35343,1.9592607,1.6427178,-4.068668,-0.38988474,3.6494617
3247,2026-05-11 16:17:02.776622,2.35343,1.9592607,1.6427178,-4.068668,-0.38988474,3.6494617
3248,2026-05-11 16:17:02.779329,2.9173656,2.429227,1.3842881,-2.73576,-1.1304061,3.84952
3249,2026-05-11 16:17:02.782322,2.9173656,2.429227,1.3842881,-2.1600194,-1.4549283,3.9489384
3250,2026-05-11 16:17:02.785144,2.9173656,2.429227,1.3842881,-2.1600194,-1.4549283,3.9489384
3251,2026-05-11 16:17:02.787846,2.9173656,2.429227,1.3842881,-2.1600194,-1.4549283,3.9489384
3252,2026-05-11 16:17:02.790433,2.9173656,2.429227,1.3842881,-2.0477731,-1.4521794,3.8826594
3253,2026-05-11 16:17:02.793164,3.4640436,2.7912602,1.2267789,-2.0477731,-1.4521794,3.8826594
3254,2026-05-11 16:17:02.795742,3.4640436,2.7912602,1.2267789,-2.0477731,-1.4521794,3.8826594
3255,2026-05-11 16:17:02.798732,3.4640436,2.7912602,1.2267789,-2.0477731,-1.4521794,3.8826594
3256,2026-05-11 16:17:02.801669,3.4640436,2.7912602,1.2267789,-2.3893993,-0.9106474,3.2452216
3257,2026-05-11 16:17:02.804236,3.4640436,2.7912602,1.2267789,-2.3893993,-0.9106474,3.2452216
3258,2026-05-11 16:17:02.806952,3.4640436,2.7912602,1.2267789,-2.3893993,-0.9106474,3.2452216
3259,2026-05-11 16:17:02.809613,3.4640436,2.7912602,1.2267789,-2.3893993,-0.9106474,3.2452216
3260,2026-05-11 16:17:02.812203,4.0674324,3.193784,1.2463533,-2.3893993,-0.9106474,3.2452216
3261,2026-05-11 16:17:02.814945,4.0674324,3.193784,1.2463533,-2.3893993,-0.9106474,3.2452216
3262,2026-05-11 16:17:02.818007,4.0674324,3.193784,1.2463533,-2.3893993,-0.9106474,3.2452216
3263,2026-05-11 16:17:02.820882,4.0674324,3.193784,1.2463533,-2.3893993,-0.9106474,3.2452216
3264,2026-05-11 16:17:02.823658,4.325435,3.4328833,1.4705126,-2.3893993,-0.9106474,3.2452216
3265,2026-05-11 16:17:02.826531,4.325435,3.4328833,1.4705126,-2.531731,-0.45707992,2.5050056
3266,2026-05-11 16:17:02.829297,3.703021,3.3638546,2.4362397,-0.15042557,-0.14034629,0.30604348
3267,2026-05-11 16:17:02.832647,3.703021,3.3638546,2.4362397,-0.15042557,-0.14034629,0.30604348
3268,2026-05-11 16:17:02.835522,3.703021,3.3638546,2.4362397,-0.15042557,-0.14034629,0.30604348
3269,2026-05-11 16:17:02.838209,3.703021,3.3638546,2.4362397,-0.15042557,-0.14034629,0.30604348
3270,2026-05-11 16:17:02.841000,3.703021,3.3638546,2.4362397,-0.15042557,-0.14034629,0.30604348
3271,2026-05-11 16:17:02.843810,3.603564,3.249031,2.2139707,1.2896893,-0.4978552,-0.1572978
3272,2026-05-11 16:17:02.846581,3.603564,3.249031,2.2139707,1.2896893,-0.4978552,-0.1572978
3273,2026-05-11 16:17:02.849665,3.603564,3.249031,2.2139707,1.2896893,-0.4978552,-0.1572978
3274,2026-05-11 16:17:02.852603,3.603564,3.249031,2.2139707,1.2896893,-0.4978552,-0.1572978
3275,2026-05-11 16:17:02.855289,3.603564,3.249031,2.2139707,1.2896893,-0.4978552,-0.1572978
3276,2026-05-11 16:17:02.857966,3.603564,3.249031,2.2139707,1.2896893,-0.4978552,-0.1572978
3277,2026-05-11 16:17:02.860768,3.6202724,3.1969547,1.9748714,1.9004018,-0.72112644,-0.45998153
3278,2026-05-11 16:17:02.863541,3.3097055,3.03225,1.461,1.9004018,-0.72112644,-0.45998153
3279,2026-05-11 16:17:02.866760,2.8955958,2.924744,1.2020214,2.2809708,-1.187522,-1.873371
3280,2026-05-11 16:17:02.869553,2.8955958,2.924744,1.2020214,2.2809708,-1.187522,-1.873371
3281,2026-05-11 16:17:02.872393,2.8955958,2.924744,1.2020214,2.2809708,-1.187522,-1.873371
3282,2026-05-11 16:17:02.875125,2.5163662,2.7908335,1.0540859,1.5961909,-1.0835222,-2.2128594
3283,2026-05-11 16:17:02.877875,2.3142204,2.6453373,1.1283585,1.5961909,-1.0835222,-2.2128594
3284,2026-05-11 16:17:02.880654,2.3142204,2.6453373,1.1283585,0.75854194,-0.7657196,-2.5146267
3285,2026-05-11 16:17:02.883762,2.3142204,2.6453373,1.1283585,0.75854194,-0.7657196,-2.5146267
3286,2026-05-11 16:17:02.886543,2.3142204,2.6453373,1.1283585,0.75854194,-0.7657196,-2.5146267
3287,2026-05-11 16:17:02.889329,2.3142204,2.6453373,1.1283585,0.75854194,-0.7657196,-2.5146267
3288,2026-05-11 16:17:02.892137,2.3142204,2.6453373,1.1283585,0.75854194,-0.7657196,-2.5146267
3289,2026-05-11 16:17:02.894885,1.9598094,2.2967803,1.7063191,-0.08368854,0.19379699,-3.3179145
3290,2026-05-11 16:17:02.897699,1.7039409,2.154821,2.0326185,0.20647246,0.44501534,-3.629914
3291,2026-05-11 16:17:02.900740,1.3767877,1.9250513,2.3889809,0.20647246,0.44501534,-3.629914
3292,2026-05-11 16:17:02.903508,1.3767877,1.9250513,2.3889809,0.20647246,0.44501534,-3.629914
3293,2026-05-11 16:17:02.906277,1.3767877,1.9250513,2.3889809,0.20647246,0.44501534,-3.629914
3294,2026-05-11 16:17:02.908903,1.3767877,1.9250513,2.3889809,0.20647246,0.44501534,-3.629914
3295,2026-05-11 16:17:02.911594,1.2550122,1.7232714,2.543746,0.20647246,0.44501534,-3.629914
3296,2026-05-11 16:17:02.914342,1.2550122,1.7232714,2.543746,0.20647246,0.44501534,-3.629914
3297,2026-05-11 16:17:02.917386,1.2550122,1.7232714,2.543746,1.1366675,0.65286225,-3.8899899
3298,2026-05-11 16:17:02.920115,1.2550122,1.7232714,2.543746,2.530662,0.7872526,-3.9892554
3299,2026-05-11 16:17:02.922939,1.2550122,1.7232714,2.543746,2.530662,0.7872526,-3.9892554
3300,2026-05-11 16:17:02.925759,1.4465479,1.112443,2.367638,4.467105,0.77503526,-4.161367
3301,2026-05-11 16:17:02.928366,1.4465479,1.112443,2.367638,4.467105,0.77503526,-4.161367
3302,2026-05-11 16:17:02.931129,1.4465479,1.112443,2.367638,5.7403007,0.70539665,-4.3166795
3303,2026-05-11 16:17:02.934241,1.536858,0.7089438,2.0032265,5.7403007,0.70539665,-4.3166795
3304,2026-05-11 16:17:02.937045,1.536858,0.7089438,2.0032265,6.8380256,0.5172501,-4.550488
3305,2026-05-11 16:17:02.939705,1.536858,0.7089438,2.0032265,6.8380256,0.5172501,-4.550488
3306,2026-05-11 16:17:02.942474,1.536858,0.7089438,2.0032265,6.8380256,0.5172501,-4.550488
3307,2026-05-11 16:17:02.945356,1.536858,0.7089438,2.0032265,6.8380256,0.5172501,-4.550488
3308,2026-05-11 16:17:02.948253,1.536858,0.7089438,2.0032265,7.7813544,0.15974127,-4.8417177
3309,2026-05-11 16:17:02.951403,1.536858,0.7089438,2.0032265,7.7813544,0.15974127,-4.8417177
3310,2026-05-11 16:17:02.954069,1.536858,0.7089438,2.0032265,7.7813544,0.15974127,-4.8417177
3311,2026-05-11 16:17:02.956666,1.536858,0.7089438,2.0032265,7.7813544,0.15974127,-4.8417177
3312,2026-05-11 16:17:02.959425,1.536858,0.7089438,2.0032265,7.7813544,0.15974127,-4.8417177
3313,2026-05-11 16:17:02.962382,1.531004,0.056710627,1.0948809,7.7813544,0.15974127,-4.8417177
3314,2026-05-11 16:17:02.965219,1.531004,0.056710627,1.0948809,7.7813544,0.15974127,-4.8417177
3315,2026-05-11 16:17:02.968195,1.531004,0.056710627,1.0948809,8.120384,-0.22082779,-5.057506
3316,2026-05-11 16:17:02.970957,1.531004,0.056710627,1.0948809,8.120384,-0.22082779,-5.057506
3317,2026-05-11 16:17:02.973796,1.5771042,-0.003963646,0.78626543,7.334201,-1.162782,-5.4987035
3318,2026-05-11 16:17:02.976529,1.5771042,-0.003963646,0.78626543,7.334201,-1.162782,-5.4987035
3319,2026-05-11 16:17:02.979145,1.5771042,-0.003963646,0.78626543,6.465092,-1.5671748,-5.698762
3320,2026-05-11 16:17:02.982181,1.5771042,-0.003963646,0.78626543,6.465092,-1.5671748,-5.698762
3321,2026-05-11 16:17:02.985072,1.5771042,-0.003963646,0.78626543,6.465092,-1.5671748,-5.698762
3322,2026-05-11 16:17:02.987848,1.604118,0.017318083,0.9227367,5.721364,-1.9251418,-5.8068852
3323,2026-05-11 16:17:02.990462,1.604118,0.017318083,0.9227367,5.721364,-1.9251418,-5.8068852
3324,2026-05-11 16:17:02.993257,2.067133,0.13037346,2.4151409,5.721364,-1.9251418,-5.8068852
3325,2026-05-11 16:17:02.995875,2.067133,0.13037346,2.4151409,5.721364,-1.9251418,-5.8068852
3326,2026-05-11 16:17:02.998680,2.067133,0.13037346,2.4151409,5.721364,-1.9251418,-5.8068852
3327,2026-05-11 16:17:03.001729,2.067133,0.13037346,2.4151409,5.721364,-1.9251418,-5.8068852
3328,2026-05-11 16:17:03.004607,2.067133,0.13037346,2.4151409,5.721364,-1.9251418,-5.8068852
3329,2026-05-11 16:17:03.007288,2.067133,0.13037346,2.4151409,5.721364,-1.9251418,-5.8068852
3330,2026-05-11 16:17:03.009931,2.067133,0.13037346,2.4151409,5.721364,-1.9251418,-5.8068852
3331,2026-05-11 16:17:03.012689,2.067133,0.13037346,2.4151409,5.721364,-1.9251418,-5.8068852
3332,2026-05-11 16:17:03.015957,1.2978196,-1.3813611,1.8184597,7.1213145,-0.21029036,-7.2266884
3333,2026-05-11 16:17:03.018875,1.2978196,-1.3813611,1.8184597,7.1213145,-0.21029036,-7.2266884
3334,2026-05-11 16:17:03.021704,1.2978196,-1.3813611,1.8184597,7.941706,-1.3828462,-7.0970325
3335,2026-05-11 16:17:03.024464,1.2978196,-1.3813611,1.8184597,7.941706,-1.3828462,-7.0970325
3336,2026-05-11 16:17:03.027130,1.2978196,-1.3813611,1.8184597,7.941706,-1.3828462,-7.0970325
3337,2026-05-11 16:17:03.029915,0.98646,-1.4092896,1.6233875,7.941706,-1.3828462,-7.0970325
3338,2026-05-11 16:17:03.033010,0.98646,-1.4092896,1.6233875,7.9615593,-1.8851302,-6.828557
3339,2026-05-11 16:17:03.035826,0.98646,-1.4092896,1.6233875,7.9615593,-1.8851302,-6.828557
3340,2026-05-11 16:17:03.038445,0.98646,-1.4092896,1.6233875,7.9615593,-1.8851302,-6.828557
3341,2026-05-11 16:17:03.041304,0.74345803,-1.4911236,1.4089236,7.9615593,-1.8851302,-6.828557
3342,2026-05-11 16:17:03.043979,0.74345803,-1.4911236,1.4089236,7.9615593,-1.8851302,-6.828557
3343,2026-05-11 16:17:03.046611,0.74345803,-1.4911236,1.4089236,7.9615593,-1.8851302,-6.828557
3344,2026-05-11 16:17:03.049732,0.74345803,-1.4911236,1.4089236,7.9615593,-1.8851302,-6.828557
3345,2026-05-11 16:17:03.052821,0.74345803,-1.4911236,1.4089236,7.998364,-2.1154263,-6.540229
3346,2026-05-11 16:17:03.055571,0.74345803,-1.4911236,1.4089236,7.998364,-2.1154263,-6.540229
3347,2026-05-11 16:17:03.058360,0.74345803,-1.4911236,1.4089236,8.018828,-2.1878138,-6.2210517
3348,2026-05-11 16:17:03.061151,0.74345803,-1.4911236,1.4089236,8.018828,-2.1878138,-6.2210517
3349,2026-05-11 16:17:03.063858,0.74345803,-1.4911236,1.4089236,8.018828,-2.1878138,-6.2210517
3350,2026-05-11 16:17:03.066863,0.74345803,-1.4911236,1.4089236,8.018828,-2.1878138,-6.2210517
3351,2026-05-11 16:17:03.069610,0.74345803,-1.4911236,1.4089236,8.018828,-2.1878138,-6.2210517
3352,2026-05-11 16:17:03.072544,0.56186205,-1.6993674,0.6413179,7.810523,-2.0451767,-5.8783565
3353,2026-05-11 16:17:03.075266,0.56186205,-1.6993674,0.6413179,7.810523,-2.0451767,-5.8783565
3354,2026-05-11 16:17:03.078061,0.56186205,-1.6993674,0.6413179,7.810523,-2.0451767,-5.8783565
3355,2026-05-11 16:17:03.080849,0.56186205,-1.6993674,0.6413179,7.810523,-2.0451767,-5.8783565
3356,2026-05-11 16:17:03.083947,0.38453463,-1.7846164,0.10823802,7.810523,-2.0451767,-5.8783565
3357,2026-05-11 16:17:03.086833,0.38453463,-1.7846164,0.10823802,7.810523,-2.0451767,-5.8783565
3358,2026-05-11 16:17:03.089646,0.38453463,-1.7846164,0.10823802,7.1729326,-1.764637,-5.604383
3359,2026-05-11 16:17:03.092270,0.38453463,-1.7846164,0.10823802,7.1729326,-1.764637,-5.604383
3360,2026-05-11 16:17:03.094997,0.38453463,-1.7846164,0.10823802,7.1729326,-1.764637,-5.604383
3361,2026-05-11 16:17:03.097729,0.38453463,-1.7846164,0.10823802,7.1729326,-1.764637,-5.604383
3362,2026-05-11 16:17:03.101088,0.037563168,-1.841388,-0.2978832,7.1729326,-1.764637,-5.604383
3363,2026-05-11 16:17:03.103961,0.037563168,-1.841388,-0.2978832,7.1729326,-1.764637,-5.604383
3364,2026-05-11 16:17:03.106705,0.037563168,-1.841388,-0.2978832,7.1729326,-1.764637,-5.604383
3365,2026-05-11 16:17:03.109443,-0.25123417,-1.8786461,-0.538629,4.6605964,-1.4256067,-4.461302
3366,2026-05-11 16:17:03.112142,-0.3389832,-1.8915129,-0.5852781,4.6605964,-1.4256067,-4.461302
3367,2026-05-11 16:17:03.114788,-0.3389832,-1.8915129,-0.5852781,3.8837285,-1.4569136,-4.1179953
3368,2026-05-11 16:17:03.117969,-0.3389832,-1.8915129,-0.5852781,3.8837285,-1.4569136,-4.1179953
3369,2026-05-11 16:17:03.120753,-0.3389832,-1.8915129,-0.5852781,3.8837285,-1.4569136,-4.1179953
3370,2026-05-11 16:17:03.123479,-0.3389832,-1.8915129,-0.5852781,3.8837285,-1.4569136,-4.1179953
3371,2026-05-11 16:17:03.126253,-0.3389832,-1.8915129,-0.5852781,3.8837285,-1.4569136,-4.1179953
3372,2026-05-11 16:17:03.129227,-0.3389832,-1.8915129,-0.5852781,3.8837285,-1.4569136,-4.1179953
3373,2026-05-11 16:17:03.132388,-0.3389832,-1.8915129,-0.5852781,3.8837285,-1.4569136,-4.1179953
3374,2026-05-11 16:17:03.135290,-0.3389832,-1.8915129,-0.5852781,3.8837285,-1.4569136,-4.1179953
3375,2026-05-11 16:17:03.138114,-0.3389832,-1.8915129,-0.5852781,3.8837285,-1.4569136,-4.1179953
3376,2026-05-11 16:17:03.140775,-0.48112562,-1.9726151,-0.4911262,3.8837285,-1.4569136,-4.1179953
3377,2026-05-11 16:17:03.143393,-0.48112562,-1.9726151,-0.4911262,3.8837285,-1.4569136,-4.1179953
3378,2026-05-11 16:17:03.146192,-0.48112562,-1.9726151,-0.4911262,3.8837285,-1.4569136,-4.1179953
3379,2026-05-11 16:17:03.149321,-0.5395436,-2.057742,-0.3202016,1.3912456,-0.6908886,-3.0671544
3380,2026-05-11 16:17:03.152162,-0.5395436,-2.057742,-0.3202016,1.3912456,-0.6908886,-3.0671544
3381,2026-05-11 16:17:03.154825,-0.5395436,-2.057742,-0.3202016,1.3912456,-0.6908886,-3.0671544
3382,2026-05-11 16:17:03.157444,-0.5395436,-2.057742,-0.3202016,1.3912456,-0.6908886,-3.0671544
3383,2026-05-11 16:17:03.160083,-0.5395436,-2.057742,-0.3202016,1.3912456,-0.6908886,-3.0671544
3384,2026-05-11 16:17:03.162659,-0.5395436,-2.057742,-0.3202016,1.3912456,-0.6908886,-3.0671544
3385,2026-05-11 16:17:03.165546,-0.5876562,-2.1612236,-0.17659567,1.3912456,-0.6908886,-3.0671544
3386,2026-05-11 16:17:03.168615,-0.5876562,-2.1612236,-0.17659567,0.54229563,0.009773844,-2.541963
3387,2026-05-11 16:17:03.171322,-0.5876562,-2.1612236,-0.17659567,0.54229563,0.009773844,-2.541963
3388,2026-05-11 16:17:03.174021,-0.5876562,-2.1612236,-0.17659567,0.54229563,0.009773844,-2.541963
3389,2026-05-11 16:17:03.176701,-0.5876562,-2.1612236,-0.17659567,0.54229563,0.009773844,-2.541963
3390,2026-05-11 16:17:03.179334,-0.5876562,-2.1612236,-0.17659567,0.54229563,0.009773844,-2.541963
3391,2026-05-11 16:17:03.182442,-0.5876562,-2.1612236,-0.17659567,0.54229563,0.009773844,-2.541963
3392,2026-05-11 16:17:03.185262,-0.5876562,-2.1612236,-0.17659567,-0.5917757,1.5280794,-0.8880454
3393,2026-05-11 16:17:03.187989,-0.35648423,-2.4517894,-0.045978293,-0.7293731,1.8031214,-0.60048056
3394,2026-05-11 16:17:03.190729,-0.23525764,-2.4664853,-0.1355567,-1.0264063,2.5549438,-0.37018433
3395,2026-05-11 16:17:03.193517,-0.23525764,-2.4664853,-0.1355567,-1.0264063,2.5549438,-0.37018433
3396,2026-05-11 16:17:03.196447,-0.44246486,-2.3811755,-0.25105122,-1.0264063,2.5549438,-0.37018433
3397,2026-05-11 16:17:03.199499,-0.44246486,-2.3811755,-0.25105122,-1.1675162,2.9900327,-0.23991732
3398,2026-05-11 16:17:03.202451,-0.6144261,-2.2353745,-0.40374306,-1.3973542,3.242931,0.14294247
3399,2026-05-11 16:17:03.205188,-0.6144261,-2.2353745,-0.40374306,-1.3973542,3.242931,0.14294247
3400,2026-05-11 16:17:03.207912,-0.7889485,-2.1125624,-0.4985657,-1.8168659,3.240182,0.97173387
3401,2026-05-11 16:17:03.210754,-0.91328496,-2.0124955,-0.56161815,-2.4440718,3.1757357,1.8457294
3402,2026-05-11 16:17:03.213483,-1.0039,-1.8434612,-0.6812593,-2.4440718,3.1757357,1.8457294
3403,2026-05-11 16:17:03.216499,-1.0039,-1.8434612,-0.6812593,-2.4440718,3.1757357,1.8457294
3404,2026-05-11 16:17:03.219267,-1.0039,-1.8434612,-0.6812593,-2.4440718,3.1757357,1.8457294
3405,2026-05-11 16:17:03.222077,-1.0039,-1.8434612,-0.6812593,-2.4440718,3.1757357,1.8457294
3406,2026-05-11 16:17:03.224822,-1.0039,-1.8434612,-0.6812593,-2.4440718,3.1757357,1.8457294
3407,2026-05-11 16:17:03.227618,-1.0012779,-1.6965014,-0.784558,-2.4440718,3.1757357,1.8457294
3408,2026-05-11 16:17:03.230403,-1.0012779,-1.6965014,-0.784558,-4.504062,3.2592716,3.0488284
3409,2026-05-11 16:17:03.233632,-1.0012779,-1.6965014,-0.784558,-4.504062,3.2592716,3.0488284
3410,2026-05-11 16:17:03.236550,-0.8501106,-1.554237,-0.77431345,-4.504062,3.2592716,3.0488284
3411,2026-05-11 16:17:03.239175,-0.8501106,-1.554237,-0.77431345,-4.504062,3.2592716,3.0488284
3412,2026-05-11 16:17:03.241779,-0.6518673,-1.45167,-0.64375705,-4.504062,3.2592716,3.0488284
3413,2026-05-11 16:17:03.244609,-0.6518673,-1.45167,-0.64375705,-5.8513255,3.215442,3.4384077
3414,2026-05-11 16:17:03.247276,-0.6518673,-1.45167,-0.64375705,-5.8513255,3.215442,3.4384077
3415,2026-05-11 16:17:03.250500,-0.6518673,-1.45167,-0.64375705,-5.8513255,3.215442,3.4384077
3416,2026-05-11 16:17:03.253329,-0.6518673,-1.45167,-0.64375705,-5.8513255,3.215442,3.4384077
3417,2026-05-11 16:17:03.255967,-0.6518673,-1.45167,-0.64375705,-5.8513255,3.215442,3.4384077
3418,2026-05-11 16:17:03.258709,-0.6518673,-1.45167,-0.64375705,-5.8513255,3.215442,3.4384077
3419,2026-05-11 16:17:03.261335,-0.6518673,-1.45167,-0.64375705,-5.8513255,3.215442,3.4384077
3420,2026-05-11 16:17:03.264184,-0.6518673,-1.45167,-0.64375705,-5.8513255,3.215442,3.4384077
3421,2026-05-11 16:17:03.267290,-0.6518673,-1.45167,-0.64375705,-5.8513255,3.215442,3.4384077
3422,2026-05-11 16:17:03.270216,-0.5783874,-1.416668,-0.55869114,-6.689738,3.110373,3.6063957
3423,2026-05-11 16:17:03.272926,-0.5783874,-1.416668,-0.55869114,-6.689738,3.110373,3.6063957
3424,2026-05-11 16:17:03.275744,-0.5783874,-1.416668,-0.55869114,-6.689738,3.110373,3.6063957
3425,2026-05-11 16:17:03.278414,-0.5783874,-1.416668,-0.55869114,-6.689738,3.110373,3.6063957
3426,2026-05-11 16:17:03.281129,-0.5783874,-1.416668,-0.55869114,-6.689738,3.110373,3.6063957
3427,2026-05-11 16:17:03.284320,-0.5783874,-1.416668,-0.55869114,-6.689738,3.110373,3.6063957
3428,2026-05-11 16:17:03.287046,-0.5783874,-1.416668,-0.55869114,-6.689738,3.110373,3.6063957
3429,2026-05-11 16:17:03.289934,-0.55259323,-1.4070942,-0.3204455,-6.689738,3.110373,3.6063957
3430,2026-05-11 16:17:03.292752,-0.55259323,-1.4070942,-0.3204455,-8.481711,2.682004,4.0590467
3431,2026-05-11 16:17:03.295498,-0.55259323,-1.4070942,-0.3204455,-8.481711,2.682004,4.0590467
3432,2026-05-11 16:17:03.298710,-0.55259323,-1.4070942,-0.3204455,-8.481711,2.682004,4.0590467
3433,2026-05-11 16:17:03.301772,-0.468381,-1.4484991,0.0020732917,-8.481711,2.682004,4.0590467
3434,2026-05-11 16:17:03.304422,-0.468381,-1.4484991,0.0020732917,-8.481711,2.682004,4.0590467
3435,2026-05-11 16:17:03.307218,-0.468381,-1.4484991,0.0020732917,-8.481711,2.682004,4.0590467
3436,2026-05-11 16:17:03.309911,-0.468381,-1.4484991,0.0020732917,-8.481711,2.682004,4.0590467
3437,2026-05-11 16:17:03.312694,-0.468381,-1.4484991,0.0020732917,-8.481711,2.682004,4.0590467
3438,2026-05-11 16:17:03.315841,-0.468381,-1.4484991,0.0020732917,-9.630596,2.1740694,4.5352163
3439,2026-05-11 16:17:03.318801,-0.468381,-1.4484991,0.0020732917,-9.630596,2.1740694,4.5352163
3440,2026-05-11 16:17:03.321594,-0.468381,-1.4484991,0.0020732917,-9.630596,2.1740694,4.5352163
3441,2026-05-11 16:17:03.324270,-0.468381,-1.4484991,0.0020732917,-9.630596,2.1740694,4.5352163
3442,2026-05-11 16:17:03.326898,-0.468381,-1.4484991,0.0020732917,-9.630596,2.1740694,4.5352163
3443,2026-05-11 16:17:03.329575,-0.468381,-1.4484991,0.0020732917,-9.630596,2.1740694,4.5352163
3444,2026-05-11 16:17:03.332889,-0.468381,-1.4484991,0.0020732917,-10.767111,1.2356277,5.2708507
3445,2026-05-11 16:17:03.335766,-0.06238169,-1.469537,0.65211123,-10.767111,1.2356277,5.2708507
3446,2026-05-11 16:17:03.338496,1.2192174,-1.3149548,2.2428746,-11.082165,-0.18891008,5.909663
3447,2026-05-11 16:17:03.341328,1.7872993,-0.63009775,3.1213408,-9.841192,-0.25137106,5.7036486
3448,2026-05-11 16:17:03.343948,1.7872993,-0.63009775,3.1213408,-8.833722,0.15409076,5.573687
3449,2026-05-11 16:17:03.346683,1.8607793,-0.23537959,2.9143164,-7.769595,0.7805331,5.286886
3450,2026-05-11 16:17:03.349643,1.8607793,-0.23537959,2.9143164,-7.769595,0.7805331,5.286886
3451,2026-05-11 16:17:03.352607,1.8607793,-0.23537959,2.9143164,-7.769595,0.7805331,5.286886
3452,2026-05-11 16:17:03.355350,1.720893,0.018720604,2.5649056,-6.4188194,0.84956086,4.574006
3453,2026-05-11 16:17:03.358115,1.5429559,0.0866514,2.2708032,-6.4188194,0.84956086,4.574006
3454,2026-05-11 16:17:03.360790,1.5429559,0.0866514,2.2708032,-6.4188194,0.84956086,4.574006
3455,2026-05-11 16:17:03.363388,1.5429559,0.0866514,2.2708032,-6.4188194,0.84956086,4.574006
3456,2026-05-11 16:17:03.366544,1.5429559,0.0866514,2.2708032,-6.4188194,0.84956086,4.574006
3457,2026-05-11 16:17:03.369294,1.5429559,0.0866514,2.2708032,-6.4188194,0.84956086,4.574006
3458,2026-05-11 16:17:03.371928,1.5429559,0.0866514,2.2708032,-6.4188194,0.84956086,4.574006
3459,2026-05-11 16:17:03.374673,1.5429559,0.0866514,2.2708032,-6.4188194,0.84956086,4.574006
3460,2026-05-11 16:17:03.377285,1.2760501,0.1164702,2.0156662,-6.4188194,0.84956086,4.574006
3461,2026-05-11 16:17:03.380067,1.2760501,0.1164702,2.0156662,-5.820324,0.31658092,4.3586764
3462,2026-05-11 16:17:03.383138,1.2760501,0.1164702,2.0156662,-5.820324,0.31658092,4.3586764
3463,2026-05-11 16:17:03.385995,1.2760501,0.1164702,2.0156662,-5.820324,0.31658092,4.3586764
3464,2026-05-11 16:17:03.388645,1.2760501,0.1164702,2.0156662,-5.820324,0.31658092,4.3586764
3465,2026-05-11 16:17:03.391286,1.2760501,0.1164702,2.0156662,-5.820324,0.31658092,4.3586764
3466,2026-05-11 16:17:03.394043,1.2760501,0.1164702,2.0156662,-5.820324,0.31658092,4.3586764
3467,2026-05-11 16:17:03.396713,1.0690868,0.12561709,1.7868725,-4.7962084,-1.0836749,4.583322
3468,2026-05-11 16:17:03.399800,1.0931736,0.1686074,1.5257597,-4.7962084,-1.0836749,4.583322
3469,2026-05-11 16:17:03.402611,1.0931736,0.1686074,1.5257597,-4.7962084,-1.0836749,4.583322
3470,2026-05-11 16:17:03.405319,1.0931736,0.1686074,1.5257597,-4.7962084,-1.0836749,4.583322
3471,2026-05-11 16:17:03.408125,1.2825139,0.22556195,1.2983685,-4.6431866,-1.289842,4.631122
3472,2026-05-11 16:17:03.410775,1.2825139,0.22556195,1.2983685,-4.6431866,-1.289842,4.631122
3473,2026-05-11 16:17:03.413380,1.4777082,0.32605562,1.0681721,-4.6431866,-1.289842,4.631122
3474,2026-05-11 16:17:03.416548,1.4777082,0.32605562,1.0681721,-4.6431866,-1.289842,4.631122
3475,2026-05-11 16:17:03.419287,1.4777082,0.32605562,1.0681721,-4.7731485,-1.0955868,4.4719915
3476,2026-05-11 16:17:03.422017,1.4658172,0.3766683,0.7108951,-4.7731485,-1.0955868,4.4719915
3477,2026-05-11 16:17:03.424639,1.4658172,0.3766683,0.7108951,-4.7731485,-1.0955868,4.4719915
3478,2026-05-11 16:17:03.427273,1.4658172,0.3766683,0.7108951,-5.430897,-0.419359,4.0501895
3479,2026-05-11 16:17:03.430112,1.4658172,0.3766683,0.7108951,-5.430897,-0.419359,4.0501895
3480,2026-05-11 16:17:03.433287,1.4658172,0.3766683,0.7108951,-5.430897,-0.419359,4.0501895
3481,2026-05-11 16:17:03.436178,1.1480547,0.29818815,0.5453367,-6.5683284,0.513585,3.7540724
3482,2026-05-11 16:17:03.438872,1.1480547,0.29818815,0.5453367,-6.5683284,0.513585,3.7540724
3483,2026-05-11 16:17:03.441474,1.1480547,0.29818815,0.5453367,-6.5683284,0.513585,3.7540724
3484,2026-05-11 16:17:03.444200,1.1480547,0.29818815,0.5453367,-6.5683284,0.513585,3.7540724
3485,2026-05-11 16:17:03.446987,1.1480547,0.29818815,0.5453367,-7.5032578,1.0906999,3.6884043
3486,2026-05-11 16:17:03.450103,0.8266336,0.1276294,0.7315061,-7.5032578,1.0906999,3.6884043
3487,2026-05-11 16:17:03.453080,0.8266336,0.1276294,0.7315061,-7.5032578,1.0906999,3.6884043
3488,2026-05-11 16:17:03.455844,0.8266336,0.1276294,0.7315061,-7.5032578,1.0906999,3.6884043
3489,2026-05-11 16:17:03.458543,0.8266336,0.1276294,0.7315061,-7.7242384,1.0861185,3.72414
3490,2026-05-11 16:17:03.461478,0.8266336,0.1276294,0.7315061,-7.7242384,1.0861185,3.72414
3491,2026-05-11 16:17:03.464153,0.86553836,0.053234816,1.2334256,-7.7242384,1.0861185,3.72414
3492,2026-05-11 16:17:03.467326,0.86553836,0.053234816,1.2334256,-7.7242384,1.0861185,3.72414
3493,2026-05-11 16:17:03.470085,0.86553836,0.053234816,1.2334256,-7.7242384,1.0861185,3.72414
